threshold,class,pred_bout_index,gt_bout_index,tiou,pred_start,pred_end,gt_start,gt_end,start_offset_frames,end_offset_frames,split,video_id,prediction_type
0.25,investigation,0,3,0.34650735294117646,0,1087,313,689,-313,398,test_1,Mouse060_20160526_18-16-27,raw_windows
0.25,investigation,1,6,0.5625,1104,1631,1306,1602,-202,29,test_1,Mouse060_20160526_18-16-27,raw_windows
0.25,investigation,2,8,0.5493421052631579,1664,1967,1801,1967,-137,0,test_1,Mouse060_20160526_18-16-27,raw_windows
0.25,investigation,3,9,0.9594594594594594,2176,2319,2178,2323,-2,-4,test_1,Mouse060_20160526_18-16-27,raw_windows
0.25,mount,4,10,0.8921568627450981,2320,2415,2325,2421,-5,-6,test_1,Mouse060_20160526_18-16-27,raw_windows
0.25,investigation,6,11,0.8205128205128205,2560,2591,2559,2597,1,-6,test_1,Mouse060_20160526_18-16-27,raw_windows
0.25,mount,7,12,0.5616438356164384,2592,2639,2599,2664,-7,-25,test_1,Mouse060_20160526_18-16-27,raw_windows
0.25,investigation,8,13,0.3125,2640,2687,2666,2680,-26,7,test_1,Mouse060_20160526_18-16-27,raw_windows
0.25,investigation,9,14,0.8484848484848485,2816,2847,2820,2848,-4,-1,test_1,Mouse060_20160526_18-16-27,raw_windows
0.25,mount,10,15,0.9448529411764706,2848,3119,2850,3106,-2,13,test_1,Mouse060_20160526_18-16-27,raw_windows
0.25,investigation,11,16,0.4318181818181818,3120,3151,3108,3138,12,13,test_1,Mouse060_20160526_18-16-27,raw_windows
0.25,mount,12,18,0.7928571428571428,3296,3423,3313,3435,-17,-12,test_1,Mouse060_20160526_18-16-27,raw_windows
0.25,investigation,13,19,0.375,3424,3487,3437,3460,-13,27,test_1,Mouse060_20160526_18-16-27,raw_windows
0.25,investigation,14,20,0.625,3520,3567,3537,3566,-17,1,test_1,Mouse060_20160526_18-16-27,raw_windows
0.25,mount,15,21,0.7384615384615385,3568,3615,3568,3632,0,-17,test_1,Mouse060_20160526_18-16-27,raw_windows
0.25,investigation,16,27,0.2650862068965517,3616,4079,3859,3981,-243,98,test_1,Mouse060_20160526_18-16-27,raw_windows
0.25,investigation,17,29,0.7796610169491526,4288,4335,4290,4346,-2,-11,test_1,Mouse060_20160526_18-16-27,raw_windows
0.25,mount,18,30,0.891566265060241,4336,4495,4348,4501,-12,-6,test_1,Mouse060_20160526_18-16-27,raw_windows
0.25,investigation,20,31,0.7708333333333334,4592,4687,4612,4685,-20,2,test_1,Mouse060_20160526_18-16-27,raw_windows
0.25,mount,21,32,0.696969696969697,4688,4719,4687,4710,1,9,test_1,Mouse060_20160526_18-16-27,raw_windows
0.25,investigation,23,34,0.7741935483870968,4976,5023,4965,5026,11,-3,test_1,Mouse060_20160526_18-16-27,raw_windows
0.25,mount,25,35,0.3076923076923077,5120,5167,5028,5183,92,-16,test_1,Mouse060_20160526_18-16-27,raw_windows
0.25,investigation,27,36,0.5913978494623656,5904,5967,5913,5996,-9,-29,test_1,Mouse060_20160526_18-16-27,raw_windows
0.25,mount,28,37,0.5250737463126843,5984,6175,5998,6322,-14,-147,test_1,Mouse060_20160526_18-16-27,raw_windows
0.25,mount,32,39,0.5370370370370371,6928,6975,6947,6981,-19,-6,test_1,Mouse060_20160526_18-16-27,raw_windows
0.25,investigation,33,40,0.4513888888888889,6976,7119,6983,7047,-7,72,test_1,Mouse060_20160526_18-16-27,raw_windows
0.25,investigation,34,41,0.8135593220338984,7184,7231,7179,7237,5,-6,test_1,Mouse060_20160526_18-16-27,raw_windows
0.25,mount,35,42,0.757847533632287,7232,7407,7239,7454,-7,-47,test_1,Mouse060_20160526_18-16-27,raw_windows
0.25,investigation,37,46,0.6588235294117647,8256,8335,8280,8340,-24,-5,test_1,Mouse060_20160526_18-16-27,raw_windows
0.25,investigation,38,47,0.49122807017543857,9072,9103,9047,9099,25,4,test_1,Mouse060_20160526_18-16-27,raw_windows
0.25,mount,39,48,0.8995983935742972,9104,9327,9101,9349,3,-22,test_1,Mouse060_20160526_18-16-27,raw_windows
0.25,mount,41,51,0.7142857142857143,9584,9663,9573,9648,11,15,test_1,Mouse060_20160526_18-16-27,raw_windows
0.25,investigation,42,53,0.8625,10256,10335,10263,10331,-7,4,test_1,Mouse060_20160526_18-16-27,raw_windows
0.25,mount,43,54,0.6530612244897959,10336,10367,10333,10381,3,-14,test_1,Mouse060_20160526_18-16-27,raw_windows
0.25,investigation,44,55,0.9182692307692307,10368,10575,10383,10573,-15,2,test_1,Mouse060_20160526_18-16-27,raw_windows
0.25,mount,46,56,0.8770491803278688,10864,10975,10869,10985,-5,-10,test_1,Mouse060_20160526_18-16-27,raw_windows
0.25,investigation,48,57,0.39344262295081966,11840,11887,11864,11900,-24,-13,test_1,Mouse060_20160526_18-16-27,raw_windows
0.25,mount,49,58,0.8756756756756757,11888,12063,11902,12072,-14,-9,test_1,Mouse060_20160526_18-16-27,raw_windows
0.25,investigation,51,59,0.5,12160,12191,12158,12176,2,15,test_1,Mouse060_20160526_18-16-27,raw_windows
0.25,mount,52,60,0.8549618320610687,12192,12303,12178,12308,14,-5,test_1,Mouse060_20160526_18-16-27,raw_windows
0.25,investigation,54,63,0.8275862068965517,13088,13135,13085,13142,3,-7,test_1,Mouse060_20160526_18-16-27,raw_windows
0.25,mount,55,64,0.8333333333333334,13136,13183,13144,13183,-8,0,test_1,Mouse060_20160526_18-16-27,raw_windows
0.25,investigation,56,65,0.625,13184,13199,13185,13194,-1,5,test_1,Mouse060_20160526_18-16-27,raw_windows
0.25,investigation,57,66,0.5,13472,13503,13487,13502,-15,1,test_1,Mouse060_20160526_18-16-27,raw_windows
0.25,investigation,58,67,0.5,13568,13599,13580,13595,-12,4,test_1,Mouse060_20160526_18-16-27,raw_windows
0.25,mount,59,68,0.8695652173913043,13600,13711,13597,13699,3,12,test_1,Mouse060_20160526_18-16-27,raw_windows
0.25,investigation,60,70,0.8205128205128205,13872,13903,13870,13908,2,-5,test_1,Mouse060_20160526_18-16-27,raw_windows
0.25,investigation,61,72,0.7875,14544,14623,14552,14614,-8,9,test_1,Mouse060_20160526_18-16-27,raw_windows
0.25,investigation,62,73,0.9780701754385965,15120,15343,15121,15347,-1,-4,test_1,Mouse060_20160526_18-16-27,raw_windows
0.25,investigation,63,76,0.6666666666666666,16368,16383,16365,16388,3,-5,test_1,Mouse060_20160526_18-16-27,raw_windows
0.25,investigation,64,77,0.9056603773584906,16464,16511,16463,16515,1,-4,test_1,Mouse060_20160526_18-16-27,raw_windows
0.25,investigation,65,78,0.8186528497409327,16816,17007,16815,16973,1,34,test_1,Mouse060_20160526_18-16-27,raw_windows
0.25,investigation,66,79,0.8764044943820225,17088,17167,17079,17165,9,2,test_1,Mouse060_20160526_18-16-27,raw_windows
0.25,investigation,67,80,0.5161290322580645,17376,17391,17361,17391,15,0,test_1,Mouse060_20160526_18-16-27,raw_windows
0.25,investigation,68,81,0.5208333333333334,17472,17519,17487,17511,-15,8,test_1,Mouse060_20160526_18-16-27,raw_windows
0.25,investigation,70,82,0.25,18000,18015,18011,18014,-11,1,test_1,Mouse060_20160526_18-16-27,raw_windows
0.25,mount,71,84,0.851063829787234,18400,18559,18379,18566,21,-7,test_1,Mouse060_20160526_18-16-27,raw_windows
0.25,investigation,74,85,0.8,19056,19087,19049,19088,7,-1,test_1,Mouse060_20160526_18-16-27,raw_windows
0.25,mount,75,86,0.7708333333333334,19088,19183,19090,19163,-2,20,test_1,Mouse060_20160526_18-16-27,raw_windows
0.25,investigation,80,92,0.6515151515151515,20720,20783,20718,20762,2,21,test_1,Mouse060_20160526_18-16-27,raw_windows
0.25,investigation,81,95,0.5625,21104,21151,21123,21149,-19,2,test_1,Mouse060_20160526_18-16-27,raw_windows
0.25,mount,82,96,0.7441860465116279,21152,21183,21151,21193,1,-10,test_1,Mouse060_20160526_18-16-27,raw_windows
0.25,investigation,83,97,0.5,21184,21295,21195,21250,-11,45,test_1,Mouse060_20160526_18-16-27,raw_windows
0.25,investigation,84,100,0.7083333333333334,21504,21551,21515,21548,-11,3,test_1,Mouse060_20160526_18-16-27,raw_windows
0.25,investigation,85,101,0.625,22064,22095,22071,22090,-7,5,test_1,Mouse060_20160526_18-16-27,raw_windows
0.25,investigation,86,103,0.7454545454545455,22736,22783,22729,22776,7,7,test_1,Mouse060_20160526_18-16-27,raw_windows
0.25,investigation,87,104,0.8,22976,23007,22972,23011,4,-4,test_1,Mouse060_20160526_18-16-27,raw_windows
0.25,mount,88,105,0.7916666666666666,23008,23055,23013,23050,-5,5,test_1,Mouse060_20160526_18-16-27,raw_windows
0.25,investigation,89,106,0.35,23056,23071,23052,23062,4,9,test_1,Mouse060_20160526_18-16-27,raw_windows
0.25,investigation,90,107,0.6666666666666666,23456,23487,23453,23500,3,-13,test_1,Mouse060_20160526_18-16-27,raw_windows
0.25,investigation,91,108,0.4,24208,24223,24189,24228,19,-5,test_1,Mouse060_20160526_18-16-27,raw_windows
0.5,investigation,1,6,0.5625,1104,1631,1306,1602,-202,29,test_1,Mouse060_20160526_18-16-27,raw_windows
0.5,investigation,2,8,0.5493421052631579,1664,1967,1801,1967,-137,0,test_1,Mouse060_20160526_18-16-27,raw_windows
0.5,investigation,3,9,0.9594594594594594,2176,2319,2178,2323,-2,-4,test_1,Mouse060_20160526_18-16-27,raw_windows
0.5,mount,4,10,0.8921568627450981,2320,2415,2325,2421,-5,-6,test_1,Mouse060_20160526_18-16-27,raw_windows
0.5,investigation,6,11,0.8205128205128205,2560,2591,2559,2597,1,-6,test_1,Mouse060_20160526_18-16-27,raw_windows
0.5,mount,7,12,0.5616438356164384,2592,2639,2599,2664,-7,-25,test_1,Mouse060_20160526_18-16-27,raw_windows
0.5,investigation,9,14,0.8484848484848485,2816,2847,2820,2848,-4,-1,test_1,Mouse060_20160526_18-16-27,raw_windows
0.5,mount,10,15,0.9448529411764706,2848,3119,2850,3106,-2,13,test_1,Mouse060_20160526_18-16-27,raw_windows
0.5,mount,12,18,0.7928571428571428,3296,3423,3313,3435,-17,-12,test_1,Mouse060_20160526_18-16-27,raw_windows
0.5,investigation,14,20,0.625,3520,3567,3537,3566,-17,1,test_1,Mouse060_20160526_18-16-27,raw_windows
0.5,mount,15,21,0.7384615384615385,3568,3615,3568,3632,0,-17,test_1,Mouse060_20160526_18-16-27,raw_windows
0.5,investigation,17,29,0.7796610169491526,4288,4335,4290,4346,-2,-11,test_1,Mouse060_20160526_18-16-27,raw_windows
0.5,mount,18,30,0.891566265060241,4336,4495,4348,4501,-12,-6,test_1,Mouse060_20160526_18-16-27,raw_windows
0.5,investigation,20,31,0.7708333333333334,4592,4687,4612,4685,-20,2,test_1,Mouse060_20160526_18-16-27,raw_windows
0.5,mount,21,32,0.696969696969697,4688,4719,4687,4710,1,9,test_1,Mouse060_20160526_18-16-27,raw_windows
0.5,investigation,23,34,0.7741935483870968,4976,5023,4965,5026,11,-3,test_1,Mouse060_20160526_18-16-27,raw_windows
0.5,investigation,27,36,0.5913978494623656,5904,5967,5913,5996,-9,-29,test_1,Mouse060_20160526_18-16-27,raw_windows
0.5,mount,28,37,0.5250737463126843,5984,6175,5998,6322,-14,-147,test_1,Mouse060_20160526_18-16-27,raw_windows
0.5,mount,32,39,0.5370370370370371,6928,6975,6947,6981,-19,-6,test_1,Mouse060_20160526_18-16-27,raw_windows
0.5,investigation,34,41,0.8135593220338984,7184,7231,7179,7237,5,-6,test_1,Mouse060_20160526_18-16-27,raw_windows
0.5,mount,35,42,0.757847533632287,7232,7407,7239,7454,-7,-47,test_1,Mouse060_20160526_18-16-27,raw_windows
0.5,investigation,37,46,0.6588235294117647,8256,8335,8280,8340,-24,-5,test_1,Mouse060_20160526_18-16-27,raw_windows
0.5,mount,39,48,0.8995983935742972,9104,9327,9101,9349,3,-22,test_1,Mouse060_20160526_18-16-27,raw_windows
0.5,mount,41,51,0.7142857142857143,9584,9663,9573,9648,11,15,test_1,Mouse060_20160526_18-16-27,raw_windows
0.5,investigation,42,53,0.8625,10256,10335,10263,10331,-7,4,test_1,Mouse060_20160526_18-16-27,raw_windows
0.5,mount,43,54,0.6530612244897959,10336,10367,10333,10381,3,-14,test_1,Mouse060_20160526_18-16-27,raw_windows
0.5,investigation,44,55,0.9182692307692307,10368,10575,10383,10573,-15,2,test_1,Mouse060_20160526_18-16-27,raw_windows
0.5,mount,46,56,0.8770491803278688,10864,10975,10869,10985,-5,-10,test_1,Mouse060_20160526_18-16-27,raw_windows
0.5,mount,49,58,0.8756756756756757,11888,12063,11902,12072,-14,-9,test_1,Mouse060_20160526_18-16-27,raw_windows
0.5,investigation,51,59,0.5,12160,12191,12158,12176,2,15,test_1,Mouse060_20160526_18-16-27,raw_windows
0.5,mount,52,60,0.8549618320610687,12192,12303,12178,12308,14,-5,test_1,Mouse060_20160526_18-16-27,raw_windows
0.5,investigation,54,63,0.8275862068965517,13088,13135,13085,13142,3,-7,test_1,Mouse060_20160526_18-16-27,raw_windows
0.5,mount,55,64,0.8333333333333334,13136,13183,13144,13183,-8,0,test_1,Mouse060_20160526_18-16-27,raw_windows
0.5,investigation,56,65,0.625,13184,13199,13185,13194,-1,5,test_1,Mouse060_20160526_18-16-27,raw_windows
0.5,investigation,57,66,0.5,13472,13503,13487,13502,-15,1,test_1,Mouse060_20160526_18-16-27,raw_windows
0.5,investigation,58,67,0.5,13568,13599,13580,13595,-12,4,test_1,Mouse060_20160526_18-16-27,raw_windows
0.5,mount,59,68,0.8695652173913043,13600,13711,13597,13699,3,12,test_1,Mouse060_20160526_18-16-27,raw_windows
0.5,investigation,60,70,0.8205128205128205,13872,13903,13870,13908,2,-5,test_1,Mouse060_20160526_18-16-27,raw_windows
0.5,investigation,61,72,0.7875,14544,14623,14552,14614,-8,9,test_1,Mouse060_20160526_18-16-27,raw_windows
0.5,investigation,62,73,0.9780701754385965,15120,15343,15121,15347,-1,-4,test_1,Mouse060_20160526_18-16-27,raw_windows
0.5,investigation,63,76,0.6666666666666666,16368,16383,16365,16388,3,-5,test_1,Mouse060_20160526_18-16-27,raw_windows
0.5,investigation,64,77,0.9056603773584906,16464,16511,16463,16515,1,-4,test_1,Mouse060_20160526_18-16-27,raw_windows
0.5,investigation,65,78,0.8186528497409327,16816,17007,16815,16973,1,34,test_1,Mouse060_20160526_18-16-27,raw_windows
0.5,investigation,66,79,0.8764044943820225,17088,17167,17079,17165,9,2,test_1,Mouse060_20160526_18-16-27,raw_windows
0.5,investigation,67,80,0.5161290322580645,17376,17391,17361,17391,15,0,test_1,Mouse060_20160526_18-16-27,raw_windows
0.5,investigation,68,81,0.5208333333333334,17472,17519,17487,17511,-15,8,test_1,Mouse060_20160526_18-16-27,raw_windows
0.5,mount,71,84,0.851063829787234,18400,18559,18379,18566,21,-7,test_1,Mouse060_20160526_18-16-27,raw_windows
0.5,investigation,74,85,0.8,19056,19087,19049,19088,7,-1,test_1,Mouse060_20160526_18-16-27,raw_windows
0.5,mount,75,86,0.7708333333333334,19088,19183,19090,19163,-2,20,test_1,Mouse060_20160526_18-16-27,raw_windows
0.5,investigation,80,92,0.6515151515151515,20720,20783,20718,20762,2,21,test_1,Mouse060_20160526_18-16-27,raw_windows
0.5,investigation,81,95,0.5625,21104,21151,21123,21149,-19,2,test_1,Mouse060_20160526_18-16-27,raw_windows
0.5,mount,82,96,0.7441860465116279,21152,21183,21151,21193,1,-10,test_1,Mouse060_20160526_18-16-27,raw_windows
0.5,investigation,83,97,0.5,21184,21295,21195,21250,-11,45,test_1,Mouse060_20160526_18-16-27,raw_windows
0.5,investigation,84,100,0.7083333333333334,21504,21551,21515,21548,-11,3,test_1,Mouse060_20160526_18-16-27,raw_windows
0.5,investigation,85,101,0.625,22064,22095,22071,22090,-7,5,test_1,Mouse060_20160526_18-16-27,raw_windows
0.5,investigation,86,103,0.7454545454545455,22736,22783,22729,22776,7,7,test_1,Mouse060_20160526_18-16-27,raw_windows
0.5,investigation,87,104,0.8,22976,23007,22972,23011,4,-4,test_1,Mouse060_20160526_18-16-27,raw_windows
0.5,mount,88,105,0.7916666666666666,23008,23055,23013,23050,-5,5,test_1,Mouse060_20160526_18-16-27,raw_windows
0.5,investigation,90,107,0.6666666666666666,23456,23487,23453,23500,3,-13,test_1,Mouse060_20160526_18-16-27,raw_windows
0.25,investigation,1,9,0.8658536585365854,2160,2319,2178,2323,-18,-4,test_1,Mouse060_20160526_18-16-27,smoothed_frames
0.25,mount,2,10,0.8921568627450981,2320,2415,2325,2421,-5,-6,test_1,Mouse060_20160526_18-16-27,smoothed_frames
0.25,investigation,4,11,0.6111111111111112,2544,2591,2559,2597,-15,-6,test_1,Mouse060_20160526_18-16-27,smoothed_frames
0.25,mount,5,12,0.5616438356164384,2592,2639,2599,2664,-7,-25,test_1,Mouse060_20160526_18-16-27,smoothed_frames
0.25,investigation,7,14,0.8484848484848485,2816,2847,2820,2848,-4,-1,test_1,Mouse060_20160526_18-16-27,smoothed_frames
0.25,mount,8,15,0.9448529411764706,2848,3119,2850,3106,-2,13,test_1,Mouse060_20160526_18-16-27,smoothed_frames
0.25,investigation,9,16,0.31666666666666665,3120,3167,3108,3138,12,29,test_1,Mouse060_20160526_18-16-27,smoothed_frames
0.25,mount,11,18,0.7928571428571428,3296,3423,3313,3435,-17,-12,test_1,Mouse060_20160526_18-16-27,smoothed_frames
0.25,investigation,12,19,0.3,3424,3503,3437,3460,-13,43,test_1,Mouse060_20160526_18-16-27,smoothed_frames
0.25,investigation,13,20,0.625,3520,3567,3537,3566,-17,1,test_1,Mouse060_20160526_18-16-27,smoothed_frames
0.25,mount,14,21,0.7384615384615385,3568,3615,3568,3632,0,-17,test_1,Mouse060_20160526_18-16-27,smoothed_frames
0.25,investigation,15,27,0.25625,3616,4095,3859,3981,-243,114,test_1,Mouse060_20160526_18-16-27,smoothed_frames
0.25,investigation,17,29,0.7796610169491526,4288,4335,4290,4346,-2,-11,test_1,Mouse060_20160526_18-16-27,smoothed_frames
0.25,mount,18,30,0.891566265060241,4336,4495,4348,4501,-12,-6,test_1,Mouse060_20160526_18-16-27,smoothed_frames
0.25,investigation,20,31,0.7708333333333334,4592,4687,4612,4685,-20,2,test_1,Mouse060_20160526_18-16-27,smoothed_frames
0.25,mount,21,32,0.696969696969697,4688,4719,4687,4710,1,9,test_1,Mouse060_20160526_18-16-27,smoothed_frames
0.25,investigation,23,34,0.775,4960,5039,4965,5026,-5,13,test_1,Mouse060_20160526_18-16-27,smoothed_frames
0.25,mount,25,35,0.3076923076923077,5120,5167,5028,5183,92,-16,test_1,Mouse060_20160526_18-16-27,smoothed_frames
0.25,investigation,27,36,0.5913978494623656,5904,5967,5913,5996,-9,-29,test_1,Mouse060_20160526_18-16-27,smoothed_frames
0.25,mount,28,37,0.5014084507042254,5968,6175,5998,6322,-30,-147,test_1,Mouse060_20160526_18-16-27,smoothed_frames
0.25,investigation,33,38,0.29411764705882354,6912,6927,6918,6945,-6,-18,test_1,Mouse060_20160526_18-16-27,smoothed_frames
0.25,mount,34,39,0.5370370370370371,6928,6975,6947,6981,-19,-6,test_1,Mouse060_20160526_18-16-27,smoothed_frames
0.25,investigation,35,40,0.4513888888888889,6976,7119,6983,7047,-7,72,test_1,Mouse060_20160526_18-16-27,smoothed_frames
0.25,investigation,36,41,0.7571428571428571,7168,7231,7179,7237,-11,-6,test_1,Mouse060_20160526_18-16-27,smoothed_frames
0.25,mount,37,42,0.757847533632287,7232,7407,7239,7454,-7,-47,test_1,Mouse060_20160526_18-16-27,smoothed_frames
0.25,investigation,40,46,0.5446428571428571,8240,8351,8280,8340,-40,11,test_1,Mouse060_20160526_18-16-27,smoothed_frames
0.25,investigation,43,47,0.7719298245614035,9056,9103,9047,9099,9,4,test_1,Mouse060_20160526_18-16-27,smoothed_frames
0.25,mount,44,48,0.8995983935742972,9104,9327,9101,9349,3,-22,test_1,Mouse060_20160526_18-16-27,smoothed_frames
0.25,mount,46,51,0.7916666666666666,9568,9663,9573,9648,-5,15,test_1,Mouse060_20160526_18-16-27,smoothed_frames
0.25,investigation,48,53,0.8625,10256,10335,10263,10331,-7,4,test_1,Mouse060_20160526_18-16-27,smoothed_frames
0.25,mount,49,54,0.6530612244897959,10336,10367,10333,10381,3,-14,test_1,Mouse060_20160526_18-16-27,smoothed_frames
0.25,investigation,50,55,0.9182692307692307,10368,10575,10383,10573,-15,2,test_1,Mouse060_20160526_18-16-27,smoothed_frames
0.25,mount,52,56,0.8770491803278688,10864,10975,10869,10985,-5,-10,test_1,Mouse060_20160526_18-16-27,smoothed_frames
0.25,investigation,54,57,0.3116883116883117,11824,11887,11864,11900,-40,-13,test_1,Mouse060_20160526_18-16-27,smoothed_frames
0.25,mount,55,58,0.8756756756756757,11888,12063,11902,12072,-14,-9,test_1,Mouse060_20160526_18-16-27,smoothed_frames
0.25,investigation,57,59,0.3958333333333333,12144,12191,12158,12176,-14,15,test_1,Mouse060_20160526_18-16-27,smoothed_frames
0.25,mount,58,60,0.8549618320610687,12192,12303,12178,12308,14,-5,test_1,Mouse060_20160526_18-16-27,smoothed_frames
0.25,investigation,60,63,0.8275862068965517,13088,13135,13085,13142,3,-7,test_1,Mouse060_20160526_18-16-27,smoothed_frames
0.25,mount,61,64,0.8333333333333334,13136,13183,13144,13183,-8,0,test_1,Mouse060_20160526_18-16-27,smoothed_frames
0.25,investigation,62,65,0.625,13184,13199,13185,13194,-1,5,test_1,Mouse060_20160526_18-16-27,smoothed_frames
0.25,investigation,63,66,0.3333333333333333,13472,13519,13487,13502,-15,17,test_1,Mouse060_20160526_18-16-27,smoothed_frames
0.25,investigation,64,67,0.5,13568,13599,13580,13595,-12,4,test_1,Mouse060_20160526_18-16-27,smoothed_frames
0.25,mount,65,68,0.8695652173913043,13600,13711,13597,13699,3,12,test_1,Mouse060_20160526_18-16-27,smoothed_frames
0.25,investigation,66,70,0.609375,13856,13919,13870,13908,-14,11,test_1,Mouse060_20160526_18-16-27,smoothed_frames
0.25,investigation,67,71,0.32,14208,14223,14216,14232,-8,-9,test_1,Mouse060_20160526_18-16-27,smoothed_frames
0.25,investigation,68,72,0.7875,14544,14623,14552,14614,-8,9,test_1,Mouse060_20160526_18-16-27,smoothed_frames
0.25,investigation,69,73,0.9458333333333333,15120,15359,15121,15347,-1,12,test_1,Mouse060_20160526_18-16-27,smoothed_frames
0.25,investigation,71,76,0.5135135135135135,16352,16383,16365,16388,-13,-5,test_1,Mouse060_20160526_18-16-27,smoothed_frames
0.25,investigation,72,77,0.6625,16448,16527,16463,16515,-15,12,test_1,Mouse060_20160526_18-16-27,smoothed_frames
0.25,investigation,73,78,0.7644230769230769,16800,17007,16815,16973,-15,34,test_1,Mouse060_20160526_18-16-27,smoothed_frames
0.25,investigation,74,79,0.90625,17072,17167,17079,17165,-7,2,test_1,Mouse060_20160526_18-16-27,smoothed_frames
0.25,investigation,75,80,0.6458333333333334,17360,17407,17361,17391,-1,16,test_1,Mouse060_20160526_18-16-27,smoothed_frames
0.25,mount,78,84,0.851063829787234,18400,18559,18379,18566,21,-7,test_1,Mouse060_20160526_18-16-27,smoothed_frames
0.25,investigation,80,85,0.7959183673469388,19040,19087,19049,19088,-9,-1,test_1,Mouse060_20160526_18-16-27,smoothed_frames
0.25,mount,81,86,0.7708333333333334,19088,19183,19090,19163,-2,20,test_1,Mouse060_20160526_18-16-27,smoothed_frames
0.25,investigation,85,90,0.25190839694656486,20304,20351,20319,20434,-15,-83,test_1,Mouse060_20160526_18-16-27,smoothed_frames
0.25,investigation,88,92,0.6515151515151515,20720,20783,20718,20762,2,21,test_1,Mouse060_20160526_18-16-27,smoothed_frames
0.25,investigation,89,95,0.5625,21104,21151,21123,21149,-19,2,test_1,Mouse060_20160526_18-16-27,smoothed_frames
0.25,mount,90,96,0.7441860465116279,21152,21183,21151,21193,1,-10,test_1,Mouse060_20160526_18-16-27,smoothed_frames
0.25,investigation,91,97,0.4375,21184,21311,21195,21250,-11,61,test_1,Mouse060_20160526_18-16-27,smoothed_frames
0.25,investigation,92,99,0.696969696969697,21440,21471,21449,21472,-9,-1,test_1,Mouse060_20160526_18-16-27,smoothed_frames
0.25,investigation,93,100,0.7083333333333334,21504,21551,21515,21548,-11,3,test_1,Mouse060_20160526_18-16-27,smoothed_frames
0.25,investigation,94,101,0.4166666666666667,22048,22095,22071,22090,-23,5,test_1,Mouse060_20160526_18-16-27,smoothed_frames
0.25,investigation,96,103,0.6,22720,22799,22729,22776,-9,23,test_1,Mouse060_20160526_18-16-27,smoothed_frames
0.25,investigation,97,104,0.6923076923076923,22960,23007,22972,23011,-12,-4,test_1,Mouse060_20160526_18-16-27,smoothed_frames
0.25,mount,98,105,0.7916666666666666,23008,23055,23013,23050,-5,5,test_1,Mouse060_20160526_18-16-27,smoothed_frames
0.25,investigation,100,107,0.75,23440,23503,23453,23500,-13,3,test_1,Mouse060_20160526_18-16-27,smoothed_frames
0.25,investigation,101,108,0.4117647058823529,24208,24239,24189,24228,19,11,test_1,Mouse060_20160526_18-16-27,smoothed_frames
0.5,investigation,1,9,0.8658536585365854,2160,2319,2178,2323,-18,-4,test_1,Mouse060_20160526_18-16-27,smoothed_frames
0.5,mount,2,10,0.8921568627450981,2320,2415,2325,2421,-5,-6,test_1,Mouse060_20160526_18-16-27,smoothed_frames
0.5,investigation,4,11,0.6111111111111112,2544,2591,2559,2597,-15,-6,test_1,Mouse060_20160526_18-16-27,smoothed_frames
0.5,mount,5,12,0.5616438356164384,2592,2639,2599,2664,-7,-25,test_1,Mouse060_20160526_18-16-27,smoothed_frames
0.5,investigation,7,14,0.8484848484848485,2816,2847,2820,2848,-4,-1,test_1,Mouse060_20160526_18-16-27,smoothed_frames
0.5,mount,8,15,0.9448529411764706,2848,3119,2850,3106,-2,13,test_1,Mouse060_20160526_18-16-27,smoothed_frames
0.5,mount,11,18,0.7928571428571428,3296,3423,3313,3435,-17,-12,test_1,Mouse060_20160526_18-16-27,smoothed_frames
0.5,investigation,13,20,0.625,3520,3567,3537,3566,-17,1,test_1,Mouse060_20160526_18-16-27,smoothed_frames
0.5,mount,14,21,0.7384615384615385,3568,3615,3568,3632,0,-17,test_1,Mouse060_20160526_18-16-27,smoothed_frames
0.5,investigation,17,29,0.7796610169491526,4288,4335,4290,4346,-2,-11,test_1,Mouse060_20160526_18-16-27,smoothed_frames
0.5,mount,18,30,0.891566265060241,4336,4495,4348,4501,-12,-6,test_1,Mouse060_20160526_18-16-27,smoothed_frames
0.5,investigation,20,31,0.7708333333333334,4592,4687,4612,4685,-20,2,test_1,Mouse060_20160526_18-16-27,smoothed_frames
0.5,mount,21,32,0.696969696969697,4688,4719,4687,4710,1,9,test_1,Mouse060_20160526_18-16-27,smoothed_frames
0.5,investigation,23,34,0.775,4960,5039,4965,5026,-5,13,test_1,Mouse060_20160526_18-16-27,smoothed_frames
0.5,investigation,27,36,0.5913978494623656,5904,5967,5913,5996,-9,-29,test_1,Mouse060_20160526_18-16-27,smoothed_frames
0.5,mount,28,37,0.5014084507042254,5968,6175,5998,6322,-30,-147,test_1,Mouse060_20160526_18-16-27,smoothed_frames
0.5,mount,34,39,0.5370370370370371,6928,6975,6947,6981,-19,-6,test_1,Mouse060_20160526_18-16-27,smoothed_frames
0.5,investigation,36,41,0.7571428571428571,7168,7231,7179,7237,-11,-6,test_1,Mouse060_20160526_18-16-27,smoothed_frames
0.5,mount,37,42,0.757847533632287,7232,7407,7239,7454,-7,-47,test_1,Mouse060_20160526_18-16-27,smoothed_frames
0.5,investigation,40,46,0.5446428571428571,8240,8351,8280,8340,-40,11,test_1,Mouse060_20160526_18-16-27,smoothed_frames
0.5,investigation,43,47,0.7719298245614035,9056,9103,9047,9099,9,4,test_1,Mouse060_20160526_18-16-27,smoothed_frames
0.5,mount,44,48,0.8995983935742972,9104,9327,9101,9349,3,-22,test_1,Mouse060_20160526_18-16-27,smoothed_frames
0.5,mount,46,51,0.7916666666666666,9568,9663,9573,9648,-5,15,test_1,Mouse060_20160526_18-16-27,smoothed_frames
0.5,investigation,48,53,0.8625,10256,10335,10263,10331,-7,4,test_1,Mouse060_20160526_18-16-27,smoothed_frames
0.5,mount,49,54,0.6530612244897959,10336,10367,10333,10381,3,-14,test_1,Mouse060_20160526_18-16-27,smoothed_frames
0.5,investigation,50,55,0.9182692307692307,10368,10575,10383,10573,-15,2,test_1,Mouse060_20160526_18-16-27,smoothed_frames
0.5,mount,52,56,0.8770491803278688,10864,10975,10869,10985,-5,-10,test_1,Mouse060_20160526_18-16-27,smoothed_frames
0.5,mount,55,58,0.8756756756756757,11888,12063,11902,12072,-14,-9,test_1,Mouse060_20160526_18-16-27,smoothed_frames
0.5,mount,58,60,0.8549618320610687,12192,12303,12178,12308,14,-5,test_1,Mouse060_20160526_18-16-27,smoothed_frames
0.5,investigation,60,63,0.8275862068965517,13088,13135,13085,13142,3,-7,test_1,Mouse060_20160526_18-16-27,smoothed_frames
0.5,mount,61,64,0.8333333333333334,13136,13183,13144,13183,-8,0,test_1,Mouse060_20160526_18-16-27,smoothed_frames
0.5,investigation,62,65,0.625,13184,13199,13185,13194,-1,5,test_1,Mouse060_20160526_18-16-27,smoothed_frames
0.5,investigation,64,67,0.5,13568,13599,13580,13595,-12,4,test_1,Mouse060_20160526_18-16-27,smoothed_frames
0.5,mount,65,68,0.8695652173913043,13600,13711,13597,13699,3,12,test_1,Mouse060_20160526_18-16-27,smoothed_frames
0.5,investigation,66,70,0.609375,13856,13919,13870,13908,-14,11,test_1,Mouse060_20160526_18-16-27,smoothed_frames
0.5,investigation,68,72,0.7875,14544,14623,14552,14614,-8,9,test_1,Mouse060_20160526_18-16-27,smoothed_frames
0.5,investigation,69,73,0.9458333333333333,15120,15359,15121,15347,-1,12,test_1,Mouse060_20160526_18-16-27,smoothed_frames
0.5,investigation,71,76,0.5135135135135135,16352,16383,16365,16388,-13,-5,test_1,Mouse060_20160526_18-16-27,smoothed_frames
0.5,investigation,72,77,0.6625,16448,16527,16463,16515,-15,12,test_1,Mouse060_20160526_18-16-27,smoothed_frames
0.5,investigation,73,78,0.7644230769230769,16800,17007,16815,16973,-15,34,test_1,Mouse060_20160526_18-16-27,smoothed_frames
0.5,investigation,74,79,0.90625,17072,17167,17079,17165,-7,2,test_1,Mouse060_20160526_18-16-27,smoothed_frames
0.5,investigation,75,80,0.6458333333333334,17360,17407,17361,17391,-1,16,test_1,Mouse060_20160526_18-16-27,smoothed_frames
0.5,mount,78,84,0.851063829787234,18400,18559,18379,18566,21,-7,test_1,Mouse060_20160526_18-16-27,smoothed_frames
0.5,investigation,80,85,0.7959183673469388,19040,19087,19049,19088,-9,-1,test_1,Mouse060_20160526_18-16-27,smoothed_frames
0.5,mount,81,86,0.7708333333333334,19088,19183,19090,19163,-2,20,test_1,Mouse060_20160526_18-16-27,smoothed_frames
0.5,investigation,88,92,0.6515151515151515,20720,20783,20718,20762,2,21,test_1,Mouse060_20160526_18-16-27,smoothed_frames
0.5,investigation,89,95,0.5625,21104,21151,21123,21149,-19,2,test_1,Mouse060_20160526_18-16-27,smoothed_frames
0.5,mount,90,96,0.7441860465116279,21152,21183,21151,21193,1,-10,test_1,Mouse060_20160526_18-16-27,smoothed_frames
0.5,investigation,92,99,0.696969696969697,21440,21471,21449,21472,-9,-1,test_1,Mouse060_20160526_18-16-27,smoothed_frames
0.5,investigation,93,100,0.7083333333333334,21504,21551,21515,21548,-11,3,test_1,Mouse060_20160526_18-16-27,smoothed_frames
0.5,investigation,96,103,0.6,22720,22799,22729,22776,-9,23,test_1,Mouse060_20160526_18-16-27,smoothed_frames
0.5,investigation,97,104,0.6923076923076923,22960,23007,22972,23011,-12,-4,test_1,Mouse060_20160526_18-16-27,smoothed_frames
0.5,mount,98,105,0.7916666666666666,23008,23055,23013,23050,-5,5,test_1,Mouse060_20160526_18-16-27,smoothed_frames
0.5,investigation,100,107,0.75,23440,23503,23453,23500,-13,3,test_1,Mouse060_20160526_18-16-27,smoothed_frames
0.25,investigation,0,2,0.47475961538461536,0,831,321,715,-321,116,test_1,Mouse061_20160526_18-38-49,raw_windows
0.25,investigation,1,6,0.5952380952380952,928,1263,935,1134,-7,129,test_1,Mouse061_20160526_18-38-49,raw_windows
0.25,investigation,2,8,0.875,1328,1487,1331,1470,-3,17,test_1,Mouse061_20160526_18-38-49,raw_windows
0.25,investigation,3,10,0.8615384615384616,1600,1663,1608,1664,-8,-1,test_1,Mouse061_20160526_18-38-49,raw_windows
0.25,investigation,4,11,0.9134615384615384,1776,1983,1786,1975,-10,8,test_1,Mouse061_20160526_18-38-49,raw_windows
0.25,mount,5,12,0.8135593220338984,1984,2079,1977,2094,7,-15,test_1,Mouse061_20160526_18-38-49,raw_windows
0.25,investigation,6,13,0.6625,2080,2239,2129,2234,-49,5,test_1,Mouse061_20160526_18-38-49,raw_windows
0.25,investigation,7,14,0.7228915662650602,2288,2367,2285,2347,3,20,test_1,Mouse061_20160526_18-38-49,raw_windows
0.25,investigation,8,15,0.660377358490566,2384,2431,2397,2436,-13,-5,test_1,Mouse061_20160526_18-38-49,raw_windows
0.25,investigation,9,16,0.9485294117647058,2496,2767,2508,2765,-12,2,test_1,Mouse061_20160526_18-38-49,raw_windows
0.25,investigation,10,17,0.9230769230769231,2928,2975,2925,2976,3,-1,test_1,Mouse061_20160526_18-38-49,raw_windows
0.25,investigation,11,18,0.8680555555555556,3296,3439,3303,3427,-7,12,test_1,Mouse061_20160526_18-38-49,raw_windows
0.25,investigation,12,19,0.927710843373494,3616,3695,3613,3692,3,3,test_1,Mouse061_20160526_18-38-49,raw_windows
0.25,investigation,13,20,0.8888888888888888,3792,3807,3791,3808,1,-1,test_1,Mouse061_20160526_18-38-49,raw_windows
0.25,mount,14,21,0.9939675174013921,3808,5951,3810,5962,-2,-11,test_1,Mouse061_20160526_18-38-49,raw_windows
0.25,investigation,16,22,0.8947368421052632,6144,6271,6139,6262,5,9,test_1,Mouse061_20160526_18-38-49,raw_windows
0.25,investigation,17,24,0.7647058823529411,6480,6751,6491,6698,-11,53,test_1,Mouse061_20160526_18-38-49,raw_windows
0.25,investigation,18,26,0.9489795918367347,6896,6991,6894,6988,2,3,test_1,Mouse061_20160526_18-38-49,raw_windows
0.25,investigation,19,27,0.6764705882352942,7088,7119,7086,7110,2,9,test_1,Mouse061_20160526_18-38-49,raw_windows
0.25,investigation,20,28,0.8205128205128205,7168,7199,7164,7202,4,-3,test_1,Mouse061_20160526_18-38-49,raw_windows
0.25,mount,21,29,0.9759615384615384,7200,8015,7204,8031,-4,-16,test_1,Mouse061_20160526_18-38-49,raw_windows
0.25,investigation,23,30,0.9473684210526315,8208,8319,8212,8321,-4,-2,test_1,Mouse061_20160526_18-38-49,raw_windows
0.25,investigation,24,31,0.9289772727272727,8336,8687,8349,8675,-13,12,test_1,Mouse061_20160526_18-38-49,raw_windows
0.25,investigation,25,34,0.4266304347826087,8832,9199,9034,9190,-202,9,test_1,Mouse061_20160526_18-38-49,raw_windows
0.25,investigation,26,35,0.96875,9520,9551,9521,9551,-1,0,test_1,Mouse061_20160526_18-38-49,raw_windows
0.25,mount,33,36,0.2882882882882883,9920,10111,9553,10218,367,-107,test_1,Mouse061_20160526_18-38-49,raw_windows
0.25,investigation,37,37,0.7878787878787878,10528,10559,10534,10560,-6,-1,test_1,Mouse061_20160526_18-38-49,raw_windows
0.25,investigation,38,38,0.9253731343283582,10784,10847,10781,10845,3,2,test_1,Mouse061_20160526_18-38-49,raw_windows
0.25,investigation,39,40,0.3,10976,11135,11058,11105,-82,30,test_1,Mouse061_20160526_18-38-49,raw_windows
0.25,investigation,40,42,0.6896551724137931,11232,11375,11231,11331,1,44,test_1,Mouse061_20160526_18-38-49,raw_windows
0.25,mount,44,45,0.7538280329799765,11712,12351,11512,12360,200,-9,test_1,Mouse061_20160526_18-38-49,raw_windows
0.25,investigation,46,46,0.9745454545454545,13040,13311,13044,13314,-4,-3,test_1,Mouse061_20160526_18-38-49,raw_windows
0.25,mount,47,47,0.9426751592356688,13312,13759,13316,13782,-4,-23,test_1,Mouse061_20160526_18-38-49,raw_windows
0.25,investigation,49,48,0.6041666666666666,13904,14095,13978,14093,-74,2,test_1,Mouse061_20160526_18-38-49,raw_windows
0.25,investigation,50,49,0.3793103448275862,14208,14255,14234,14265,-26,-10,test_1,Mouse061_20160526_18-38-49,raw_windows
0.25,investigation,51,50,0.9380530973451328,14752,14863,14758,14864,-6,-1,test_1,Mouse061_20160526_18-38-49,raw_windows
0.25,investigation,52,51,0.676056338028169,15056,15119,15072,15126,-16,-7,test_1,Mouse061_20160526_18-38-49,raw_windows
0.25,mount,53,52,0.8,15120,15199,15128,15191,-8,8,test_1,Mouse061_20160526_18-38-49,raw_windows
0.25,investigation,55,53,0.4,15328,15359,15346,15362,-18,-3,test_1,Mouse061_20160526_18-38-49,raw_windows
0.25,investigation,58,56,0.625,16080,16111,16086,16105,-6,6,test_1,Mouse061_20160526_18-38-49,raw_windows
0.25,investigation,59,57,0.7291666666666666,16416,16463,16429,16463,-13,0,test_1,Mouse061_20160526_18-38-49,raw_windows
0.25,mount,60,58,0.8780068728522337,16464,16975,16465,17045,-1,-70,test_1,Mouse061_20160526_18-38-49,raw_windows
0.25,investigation,63,59,0.41875,17008,17167,17085,17151,-77,16,test_1,Mouse061_20160526_18-38-49,raw_windows
0.25,investigation,64,60,0.6956521739130435,17248,17263,17248,17270,0,-7,test_1,Mouse061_20160526_18-38-49,raw_windows
0.25,mount,65,61,0.9561270801815431,17264,17903,17272,17924,-8,-21,test_1,Mouse061_20160526_18-38-49,raw_windows
0.25,investigation,67,62,0.8541666666666666,18592,18639,18599,18639,-7,0,test_1,Mouse061_20160526_18-38-49,raw_windows
0.5,investigation,1,6,0.5952380952380952,928,1263,935,1134,-7,129,test_1,Mouse061_20160526_18-38-49,raw_windows
0.5,investigation,2,8,0.875,1328,1487,1331,1470,-3,17,test_1,Mouse061_20160526_18-38-49,raw_windows
0.5,investigation,3,10,0.8615384615384616,1600,1663,1608,1664,-8,-1,test_1,Mouse061_20160526_18-38-49,raw_windows
0.5,investigation,4,11,0.9134615384615384,1776,1983,1786,1975,-10,8,test_1,Mouse061_20160526_18-38-49,raw_windows
0.5,mount,5,12,0.8135593220338984,1984,2079,1977,2094,7,-15,test_1,Mouse061_20160526_18-38-49,raw_windows
0.5,investigation,6,13,0.6625,2080,2239,2129,2234,-49,5,test_1,Mouse061_20160526_18-38-49,raw_windows
0.5,investigation,7,14,0.7228915662650602,2288,2367,2285,2347,3,20,test_1,Mouse061_20160526_18-38-49,raw_windows
0.5,investigation,8,15,0.660377358490566,2384,2431,2397,2436,-13,-5,test_1,Mouse061_20160526_18-38-49,raw_windows
0.5,investigation,9,16,0.9485294117647058,2496,2767,2508,2765,-12,2,test_1,Mouse061_20160526_18-38-49,raw_windows
0.5,investigation,10,17,0.9230769230769231,2928,2975,2925,2976,3,-1,test_1,Mouse061_20160526_18-38-49,raw_windows
0.5,investigation,11,18,0.8680555555555556,3296,3439,3303,3427,-7,12,test_1,Mouse061_20160526_18-38-49,raw_windows
0.5,investigation,12,19,0.927710843373494,3616,3695,3613,3692,3,3,test_1,Mouse061_20160526_18-38-49,raw_windows
0.5,investigation,13,20,0.8888888888888888,3792,3807,3791,3808,1,-1,test_1,Mouse061_20160526_18-38-49,raw_windows
0.5,mount,14,21,0.9939675174013921,3808,5951,3810,5962,-2,-11,test_1,Mouse061_20160526_18-38-49,raw_windows
0.5,investigation,16,22,0.8947368421052632,6144,6271,6139,6262,5,9,test_1,Mouse061_20160526_18-38-49,raw_windows
0.5,investigation,17,24,0.7647058823529411,6480,6751,6491,6698,-11,53,test_1,Mouse061_20160526_18-38-49,raw_windows
0.5,investigation,18,26,0.9489795918367347,6896,6991,6894,6988,2,3,test_1,Mouse061_20160526_18-38-49,raw_windows
0.5,investigation,19,27,0.6764705882352942,7088,7119,7086,7110,2,9,test_1,Mouse061_20160526_18-38-49,raw_windows
0.5,investigation,20,28,0.8205128205128205,7168,7199,7164,7202,4,-3,test_1,Mouse061_20160526_18-38-49,raw_windows
0.5,mount,21,29,0.9759615384615384,7200,8015,7204,8031,-4,-16,test_1,Mouse061_20160526_18-38-49,raw_windows
0.5,investigation,23,30,0.9473684210526315,8208,8319,8212,8321,-4,-2,test_1,Mouse061_20160526_18-38-49,raw_windows
0.5,investigation,24,31,0.9289772727272727,8336,8687,8349,8675,-13,12,test_1,Mouse061_20160526_18-38-49,raw_windows
0.5,investigation,26,35,0.96875,9520,9551,9521,9551,-1,0,test_1,Mouse061_20160526_18-38-49,raw_windows
0.5,investigation,37,37,0.7878787878787878,10528,10559,10534,10560,-6,-1,test_1,Mouse061_20160526_18-38-49,raw_windows
0.5,investigation,38,38,0.9253731343283582,10784,10847,10781,10845,3,2,test_1,Mouse061_20160526_18-38-49,raw_windows
0.5,investigation,40,42,0.6896551724137931,11232,11375,11231,11331,1,44,test_1,Mouse061_20160526_18-38-49,raw_windows
0.5,mount,44,45,0.7538280329799765,11712,12351,11512,12360,200,-9,test_1,Mouse061_20160526_18-38-49,raw_windows
0.5,investigation,46,46,0.9745454545454545,13040,13311,13044,13314,-4,-3,test_1,Mouse061_20160526_18-38-49,raw_windows
0.5,mount,47,47,0.9426751592356688,13312,13759,13316,13782,-4,-23,test_1,Mouse061_20160526_18-38-49,raw_windows
0.5,investigation,49,48,0.6041666666666666,13904,14095,13978,14093,-74,2,test_1,Mouse061_20160526_18-38-49,raw_windows
0.5,investigation,51,50,0.9380530973451328,14752,14863,14758,14864,-6,-1,test_1,Mouse061_20160526_18-38-49,raw_windows
0.5,investigation,52,51,0.676056338028169,15056,15119,15072,15126,-16,-7,test_1,Mouse061_20160526_18-38-49,raw_windows
0.5,mount,53,52,0.8,15120,15199,15128,15191,-8,8,test_1,Mouse061_20160526_18-38-49,raw_windows
0.5,investigation,58,56,0.625,16080,16111,16086,16105,-6,6,test_1,Mouse061_20160526_18-38-49,raw_windows
0.5,investigation,59,57,0.7291666666666666,16416,16463,16429,16463,-13,0,test_1,Mouse061_20160526_18-38-49,raw_windows
0.5,mount,60,58,0.8780068728522337,16464,16975,16465,17045,-1,-70,test_1,Mouse061_20160526_18-38-49,raw_windows
0.5,investigation,64,60,0.6956521739130435,17248,17263,17248,17270,0,-7,test_1,Mouse061_20160526_18-38-49,raw_windows
0.5,mount,65,61,0.9561270801815431,17264,17903,17272,17924,-8,-21,test_1,Mouse061_20160526_18-38-49,raw_windows
0.5,investigation,67,62,0.8541666666666666,18592,18639,18599,18639,-7,0,test_1,Mouse061_20160526_18-38-49,raw_windows
0.25,investigation,0,2,0.4658018867924528,0,847,321,715,-321,132,test_1,Mouse061_20160526_18-38-49,smoothed_frames
0.25,investigation,1,6,0.5681818181818182,928,1279,935,1134,-7,145,test_1,Mouse061_20160526_18-38-49,smoothed_frames
0.25,investigation,2,8,0.7291666666666666,1312,1503,1331,1470,-19,33,test_1,Mouse061_20160526_18-38-49,smoothed_frames
0.25,investigation,3,10,0.7125,1600,1679,1608,1664,-8,15,test_1,Mouse061_20160526_18-38-49,smoothed_frames
0.25,investigation,4,11,0.9134615384615384,1776,1983,1786,1975,-10,8,test_1,Mouse061_20160526_18-38-49,smoothed_frames
0.25,mount,5,12,0.8135593220338984,1984,2079,1977,2094,7,-15,test_1,Mouse061_20160526_18-38-49,smoothed_frames
0.25,investigation,6,13,0.6022727272727273,2080,2255,2129,2234,-49,21,test_1,Mouse061_20160526_18-38-49,smoothed_frames
0.25,investigation,7,14,0.36809815950920244,2288,2447,2285,2347,3,100,test_1,Mouse061_20160526_18-38-49,smoothed_frames
0.25,investigation,8,16,0.9485294117647058,2496,2767,2508,2765,-12,2,test_1,Mouse061_20160526_18-38-49,smoothed_frames
0.25,investigation,9,17,0.65,2912,2991,2925,2976,-13,15,test_1,Mouse061_20160526_18-38-49,smoothed_frames
0.25,investigation,10,18,0.8680555555555556,3296,3439,3303,3427,-7,12,test_1,Mouse061_20160526_18-38-49,smoothed_frames
0.25,investigation,11,19,0.8333333333333334,3600,3695,3613,3692,-13,3,test_1,Mouse061_20160526_18-38-49,smoothed_frames
0.25,investigation,12,20,0.5151515151515151,3776,3807,3791,3808,-15,-1,test_1,Mouse061_20160526_18-38-49,smoothed_frames
0.25,mount,13,21,0.9939675174013921,3808,5951,3810,5962,-2,-11,test_1,Mouse061_20160526_18-38-49,smoothed_frames
0.25,investigation,15,22,0.775,6128,6287,6139,6262,-11,25,test_1,Mouse061_20160526_18-38-49,smoothed_frames
0.25,investigation,16,24,0.7647058823529411,6480,6751,6491,6698,-11,53,test_1,Mouse061_20160526_18-38-49,smoothed_frames
0.25,investigation,17,26,0.8482142857142857,6880,6991,6894,6988,-14,3,test_1,Mouse061_20160526_18-38-49,smoothed_frames
0.25,investigation,18,27,0.390625,7072,7135,7086,7110,-14,25,test_1,Mouse061_20160526_18-38-49,smoothed_frames
0.25,investigation,19,28,0.7058823529411765,7152,7199,7164,7202,-12,-3,test_1,Mouse061_20160526_18-38-49,smoothed_frames
0.25,mount,20,29,0.9759615384615384,7200,8015,7204,8031,-4,-16,test_1,Mouse061_20160526_18-38-49,smoothed_frames
0.25,investigation,22,31,0.68125,8208,8687,8349,8675,-141,12,test_1,Mouse061_20160526_18-38-49,smoothed_frames
0.25,investigation,23,34,0.4266304347826087,8832,9199,9034,9190,-202,9,test_1,Mouse061_20160526_18-38-49,smoothed_frames
0.25,investigation,24,35,0.96875,9520,9551,9521,9551,-1,0,test_1,Mouse061_20160526_18-38-49,smoothed_frames
0.25,mount,31,36,0.2882882882882883,9920,10111,9553,10218,367,-107,test_1,Mouse061_20160526_18-38-49,smoothed_frames
0.25,investigation,35,37,0.421875,10512,10575,10534,10560,-22,15,test_1,Mouse061_20160526_18-38-49,smoothed_frames
0.25,investigation,36,38,0.6770833333333334,10768,10863,10781,10845,-13,18,test_1,Mouse061_20160526_18-38-49,smoothed_frames
0.25,investigation,37,40,0.25,10960,11151,11058,11105,-98,46,test_1,Mouse061_20160526_18-38-49,smoothed_frames
0.25,investigation,38,42,0.63125,11216,11375,11231,11331,-15,44,test_1,Mouse061_20160526_18-38-49,smoothed_frames
0.25,mount,42,45,0.7538280329799765,11712,12351,11512,12360,200,-9,test_1,Mouse061_20160526_18-38-49,smoothed_frames
0.25,investigation,44,46,0.9745454545454545,13040,13311,13044,13314,-4,-3,test_1,Mouse061_20160526_18-38-49,smoothed_frames
0.25,mount,45,47,0.9426751592356688,13312,13759,13316,13782,-4,-23,test_1,Mouse061_20160526_18-38-49,smoothed_frames
0.25,investigation,47,48,0.6041666666666666,13904,14095,13978,14093,-74,2,test_1,Mouse061_20160526_18-38-49,smoothed_frames
0.25,investigation,48,49,0.5,14208,14271,14234,14265,-26,6,test_1,Mouse061_20160526_18-38-49,smoothed_frames
0.25,investigation,49,50,0.8359375,14752,14879,14758,14864,-6,15,test_1,Mouse061_20160526_18-38-49,smoothed_frames
0.25,investigation,50,51,0.676056338028169,15056,15119,15072,15126,-16,-7,test_1,Mouse061_20160526_18-38-49,smoothed_frames
0.25,mount,51,52,0.8,15120,15199,15128,15191,-8,8,test_1,Mouse061_20160526_18-38-49,smoothed_frames
0.25,investigation,53,53,0.3541666666666667,15328,15375,15346,15362,-18,13,test_1,Mouse061_20160526_18-38-49,smoothed_frames
0.25,investigation,55,56,0.625,16080,16111,16086,16105,-6,6,test_1,Mouse061_20160526_18-38-49,smoothed_frames
0.25,investigation,56,57,0.7291666666666666,16416,16463,16429,16463,-13,0,test_1,Mouse061_20160526_18-38-49,smoothed_frames
0.25,mount,57,58,0.8780068728522337,16464,16975,16465,17045,-1,-70,test_1,Mouse061_20160526_18-38-49,smoothed_frames
0.25,investigation,60,59,0.3806818181818182,17008,17183,17085,17151,-77,32,test_1,Mouse061_20160526_18-38-49,smoothed_frames
0.25,investigation,61,60,0.41025641025641024,17232,17263,17248,17270,-16,-7,test_1,Mouse061_20160526_18-38-49,smoothed_frames
0.25,mount,62,61,0.9561270801815431,17264,17903,17272,17924,-8,-21,test_1,Mouse061_20160526_18-38-49,smoothed_frames
0.25,investigation,64,62,0.8541666666666666,18592,18639,18599,18639,-7,0,test_1,Mouse061_20160526_18-38-49,smoothed_frames
0.5,investigation,1,6,0.5681818181818182,928,1279,935,1134,-7,145,test_1,Mouse061_20160526_18-38-49,smoothed_frames
0.5,investigation,2,8,0.7291666666666666,1312,1503,1331,1470,-19,33,test_1,Mouse061_20160526_18-38-49,smoothed_frames
0.5,investigation,3,10,0.7125,1600,1679,1608,1664,-8,15,test_1,Mouse061_20160526_18-38-49,smoothed_frames
0.5,investigation,4,11,0.9134615384615384,1776,1983,1786,1975,-10,8,test_1,Mouse061_20160526_18-38-49,smoothed_frames
0.5,mount,5,12,0.8135593220338984,1984,2079,1977,2094,7,-15,test_1,Mouse061_20160526_18-38-49,smoothed_frames
0.5,investigation,6,13,0.6022727272727273,2080,2255,2129,2234,-49,21,test_1,Mouse061_20160526_18-38-49,smoothed_frames
0.5,investigation,8,16,0.9485294117647058,2496,2767,2508,2765,-12,2,test_1,Mouse061_20160526_18-38-49,smoothed_frames
0.5,investigation,9,17,0.65,2912,2991,2925,2976,-13,15,test_1,Mouse061_20160526_18-38-49,smoothed_frames
0.5,investigation,10,18,0.8680555555555556,3296,3439,3303,3427,-7,12,test_1,Mouse061_20160526_18-38-49,smoothed_frames
0.5,investigation,11,19,0.8333333333333334,3600,3695,3613,3692,-13,3,test_1,Mouse061_20160526_18-38-49,smoothed_frames
0.5,investigation,12,20,0.5151515151515151,3776,3807,3791,3808,-15,-1,test_1,Mouse061_20160526_18-38-49,smoothed_frames
0.5,mount,13,21,0.9939675174013921,3808,5951,3810,5962,-2,-11,test_1,Mouse061_20160526_18-38-49,smoothed_frames
0.5,investigation,15,22,0.775,6128,6287,6139,6262,-11,25,test_1,Mouse061_20160526_18-38-49,smoothed_frames
0.5,investigation,16,24,0.7647058823529411,6480,6751,6491,6698,-11,53,test_1,Mouse061_20160526_18-38-49,smoothed_frames
0.5,investigation,17,26,0.8482142857142857,6880,6991,6894,6988,-14,3,test_1,Mouse061_20160526_18-38-49,smoothed_frames
0.5,investigation,19,28,0.7058823529411765,7152,7199,7164,7202,-12,-3,test_1,Mouse061_20160526_18-38-49,smoothed_frames
0.5,mount,20,29,0.9759615384615384,7200,8015,7204,8031,-4,-16,test_1,Mouse061_20160526_18-38-49,smoothed_frames
0.5,investigation,22,31,0.68125,8208,8687,8349,8675,-141,12,test_1,Mouse061_20160526_18-38-49,smoothed_frames
0.5,investigation,24,35,0.96875,9520,9551,9521,9551,-1,0,test_1,Mouse061_20160526_18-38-49,smoothed_frames
0.5,investigation,36,38,0.6770833333333334,10768,10863,10781,10845,-13,18,test_1,Mouse061_20160526_18-38-49,smoothed_frames
0.5,investigation,38,42,0.63125,11216,11375,11231,11331,-15,44,test_1,Mouse061_20160526_18-38-49,smoothed_frames
0.5,mount,42,45,0.7538280329799765,11712,12351,11512,12360,200,-9,test_1,Mouse061_20160526_18-38-49,smoothed_frames
0.5,investigation,44,46,0.9745454545454545,13040,13311,13044,13314,-4,-3,test_1,Mouse061_20160526_18-38-49,smoothed_frames
0.5,mount,45,47,0.9426751592356688,13312,13759,13316,13782,-4,-23,test_1,Mouse061_20160526_18-38-49,smoothed_frames
0.5,investigation,47,48,0.6041666666666666,13904,14095,13978,14093,-74,2,test_1,Mouse061_20160526_18-38-49,smoothed_frames
0.5,investigation,48,49,0.5,14208,14271,14234,14265,-26,6,test_1,Mouse061_20160526_18-38-49,smoothed_frames
0.5,investigation,49,50,0.8359375,14752,14879,14758,14864,-6,15,test_1,Mouse061_20160526_18-38-49,smoothed_frames
0.5,investigation,50,51,0.676056338028169,15056,15119,15072,15126,-16,-7,test_1,Mouse061_20160526_18-38-49,smoothed_frames
0.5,mount,51,52,0.8,15120,15199,15128,15191,-8,8,test_1,Mouse061_20160526_18-38-49,smoothed_frames
0.5,investigation,55,56,0.625,16080,16111,16086,16105,-6,6,test_1,Mouse061_20160526_18-38-49,smoothed_frames
0.5,investigation,56,57,0.7291666666666666,16416,16463,16429,16463,-13,0,test_1,Mouse061_20160526_18-38-49,smoothed_frames
0.5,mount,57,58,0.8780068728522337,16464,16975,16465,17045,-1,-70,test_1,Mouse061_20160526_18-38-49,smoothed_frames
0.5,mount,62,61,0.9561270801815431,17264,17903,17272,17924,-8,-21,test_1,Mouse061_20160526_18-38-49,smoothed_frames
0.5,investigation,64,62,0.8541666666666666,18592,18639,18599,18639,-7,0,test_1,Mouse061_20160526_18-38-49,smoothed_frames
0.25,investigation,0,4,0.5431034482758621,0,927,414,917,-414,10,test_1,Mouse062_20160526_18-56-26,raw_windows
0.25,investigation,1,5,0.88671875,992,1247,999,1225,-7,22,test_1,Mouse062_20160526_18-56-26,raw_windows
0.25,investigation,2,8,0.5244565217391305,1344,1711,1511,1703,-167,8,test_1,Mouse062_20160526_18-56-26,raw_windows
0.25,investigation,3,10,0.9086538461538461,1744,1951,1757,1945,-13,6,test_1,Mouse062_20160526_18-56-26,raw_windows
0.25,investigation,4,11,0.7536764705882353,2000,2271,2000,2204,0,67,test_1,Mouse062_20160526_18-56-26,raw_windows
0.25,investigation,6,12,0.7516778523489933,2288,2511,2217,2514,71,-3,test_1,Mouse062_20160526_18-56-26,raw_windows
0.25,investigation,7,13,0.7625,2624,2703,2625,2685,-1,18,test_1,Mouse062_20160526_18-56-26,raw_windows
0.25,investigation,9,14,0.9166666666666666,2880,3023,2888,3019,-8,4,test_1,Mouse062_20160526_18-56-26,raw_windows
0.25,investigation,10,15,0.9460227272727273,3040,3391,3051,3383,-11,8,test_1,Mouse062_20160526_18-56-26,raw_windows
0.25,investigation,11,16,0.5882352941176471,3408,3439,3420,3441,-12,-2,test_1,Mouse062_20160526_18-56-26,raw_windows
0.25,investigation,12,17,0.7916666666666666,3600,3647,3603,3640,-3,7,test_1,Mouse062_20160526_18-56-26,raw_windows
0.25,investigation,13,18,0.9579288025889967,3744,4047,3752,4052,-8,-5,test_1,Mouse062_20160526_18-56-26,raw_windows
0.25,investigation,14,19,0.61875,4320,4479,4330,4428,-10,51,test_1,Mouse062_20160526_18-56-26,raw_windows
0.25,investigation,15,21,0.8113207547169812,4624,4671,4629,4676,-5,-5,test_1,Mouse062_20160526_18-56-26,raw_windows
0.25,investigation,16,22,0.5625,4704,4735,4715,4732,-11,3,test_1,Mouse062_20160526_18-56-26,raw_windows
0.25,investigation,17,23,0.96,4800,4991,4792,4991,8,0,test_1,Mouse062_20160526_18-56-26,raw_windows
0.25,investigation,18,24,0.5416666666666666,5024,5071,5037,5062,-13,9,test_1,Mouse062_20160526_18-56-26,raw_windows
0.25,investigation,19,25,0.9027777777777778,5120,5263,5125,5254,-5,9,test_1,Mouse062_20160526_18-56-26,raw_windows
0.25,investigation,20,26,0.875,5392,5487,5393,5476,-1,11,test_1,Mouse062_20160526_18-56-26,raw_windows
0.25,investigation,21,29,0.9638157894736842,5552,5855,5554,5846,-2,9,test_1,Mouse062_20160526_18-56-26,raw_windows
0.25,investigation,22,30,0.75,5904,5951,5900,5942,4,9,test_1,Mouse062_20160526_18-56-26,raw_windows
0.25,investigation,23,31,0.8533333333333334,6096,6159,6087,6161,9,-2,test_1,Mouse062_20160526_18-56-26,raw_windows
0.25,investigation,24,34,0.5595667870036101,6368,6639,6485,6644,-117,-5,test_1,Mouse062_20160526_18-56-26,raw_windows
0.25,investigation,25,35,0.6944444444444444,6688,6719,6684,6712,4,7,test_1,Mouse062_20160526_18-56-26,raw_windows
0.25,investigation,26,36,0.6666666666666666,6800,6815,6792,6815,8,0,test_1,Mouse062_20160526_18-56-26,raw_windows
0.25,investigation,27,37,0.796875,6848,7103,6850,7053,-2,50,test_1,Mouse062_20160526_18-56-26,raw_windows
0.25,investigation,28,41,0.9876237623762376,7408,7807,7404,7806,4,1,test_1,Mouse062_20160526_18-56-26,raw_windows
0.25,investigation,29,42,0.8920454545454546,7888,8063,7902,8058,-14,5,test_1,Mouse062_20160526_18-56-26,raw_windows
0.25,investigation,30,43,0.9458128078817734,8096,8287,8095,8297,1,-10,test_1,Mouse062_20160526_18-56-26,raw_windows
0.25,investigation,31,44,0.8450704225352113,8624,8687,8628,8694,-4,-7,test_1,Mouse062_20160526_18-56-26,raw_windows
0.25,investigation,32,45,0.5555555555555556,8784,8799,8785,8810,-1,-11,test_1,Mouse062_20160526_18-56-26,raw_windows
0.25,investigation,33,46,0.4375,8864,8879,8870,8876,-6,3,test_1,Mouse062_20160526_18-56-26,raw_windows
0.25,investigation,34,48,0.6666666666666666,9280,9311,9270,9307,10,4,test_1,Mouse062_20160526_18-56-26,raw_windows
0.25,investigation,35,52,0.6536458333333334,9408,9791,9534,9784,-126,7,test_1,Mouse062_20160526_18-56-26,raw_windows
0.25,investigation,36,53,0.9017857142857143,9936,10047,9945,10045,-9,2,test_1,Mouse062_20160526_18-56-26,raw_windows
0.25,investigation,37,55,0.4791666666666667,10416,10559,10417,10485,-1,74,test_1,Mouse062_20160526_18-56-26,raw_windows
0.25,investigation,38,57,0.5,10608,10719,10615,10670,-7,49,test_1,Mouse062_20160526_18-56-26,raw_windows
0.25,investigation,39,59,0.9541984732824428,10944,11071,10941,11068,3,3,test_1,Mouse062_20160526_18-56-26,raw_windows
0.25,investigation,40,60,0.5813953488372093,11248,11279,11255,11290,-7,-11,test_1,Mouse062_20160526_18-56-26,raw_windows
0.25,mount,41,61,0.9783889980353635,11280,12287,11292,12297,-12,-10,test_1,Mouse062_20160526_18-56-26,raw_windows
0.25,investigation,43,62,0.9056603773584906,12704,12847,12702,12860,2,-13,test_1,Mouse062_20160526_18-56-26,raw_windows
0.25,investigation,44,63,0.9101796407185628,12960,13119,12968,13126,-8,-7,test_1,Mouse062_20160526_18-56-26,raw_windows
0.25,investigation,45,64,0.9479166666666666,13200,13391,13202,13383,-2,8,test_1,Mouse062_20160526_18-56-26,raw_windows
0.25,investigation,46,66,0.8205128205128205,13440,13471,13436,13474,4,-3,test_1,Mouse062_20160526_18-56-26,raw_windows
0.25,mount,47,67,0.821917808219178,13472,13535,13476,13544,-4,-9,test_1,Mouse062_20160526_18-56-26,raw_windows
0.25,investigation,48,68,0.4125,13536,13615,13581,13613,-45,2,test_1,Mouse062_20160526_18-56-26,raw_windows
0.25,investigation,49,69,0.7974683544303798,13808,13871,13793,13870,15,1,test_1,Mouse062_20160526_18-56-26,raw_windows
0.25,mount,62,72,0.43361620585819877,16240,17823,14299,17951,1941,-128,test_1,Mouse062_20160526_18-56-26,raw_windows
0.25,investigation,65,73,0.6153846153846154,18272,18287,18265,18290,7,-3,test_1,Mouse062_20160526_18-56-26,raw_windows
0.25,mount,66,74,0.825,18288,18367,18292,18357,-4,10,test_1,Mouse062_20160526_18-56-26,raw_windows
0.25,investigation,68,77,0.8888888888888888,19264,19295,19262,19297,2,-2,test_1,Mouse062_20160526_18-56-26,raw_windows
0.25,mount,69,78,0.9910714285714286,19296,19631,19299,19631,-3,0,test_1,Mouse062_20160526_18-56-26,raw_windows
0.5,investigation,0,4,0.5431034482758621,0,927,414,917,-414,10,test_1,Mouse062_20160526_18-56-26,raw_windows
0.5,investigation,1,5,0.88671875,992,1247,999,1225,-7,22,test_1,Mouse062_20160526_18-56-26,raw_windows
0.5,investigation,2,8,0.5244565217391305,1344,1711,1511,1703,-167,8,test_1,Mouse062_20160526_18-56-26,raw_windows
0.5,investigation,3,10,0.9086538461538461,1744,1951,1757,1945,-13,6,test_1,Mouse062_20160526_18-56-26,raw_windows
0.5,investigation,4,11,0.7536764705882353,2000,2271,2000,2204,0,67,test_1,Mouse062_20160526_18-56-26,raw_windows
0.5,investigation,6,12,0.7516778523489933,2288,2511,2217,2514,71,-3,test_1,Mouse062_20160526_18-56-26,raw_windows
0.5,investigation,7,13,0.7625,2624,2703,2625,2685,-1,18,test_1,Mouse062_20160526_18-56-26,raw_windows
0.5,investigation,9,14,0.9166666666666666,2880,3023,2888,3019,-8,4,test_1,Mouse062_20160526_18-56-26,raw_windows
0.5,investigation,10,15,0.9460227272727273,3040,3391,3051,3383,-11,8,test_1,Mouse062_20160526_18-56-26,raw_windows
0.5,investigation,11,16,0.5882352941176471,3408,3439,3420,3441,-12,-2,test_1,Mouse062_20160526_18-56-26,raw_windows
0.5,investigation,12,17,0.7916666666666666,3600,3647,3603,3640,-3,7,test_1,Mouse062_20160526_18-56-26,raw_windows
0.5,investigation,13,18,0.9579288025889967,3744,4047,3752,4052,-8,-5,test_1,Mouse062_20160526_18-56-26,raw_windows
0.5,investigation,14,19,0.61875,4320,4479,4330,4428,-10,51,test_1,Mouse062_20160526_18-56-26,raw_windows
0.5,investigation,15,21,0.8113207547169812,4624,4671,4629,4676,-5,-5,test_1,Mouse062_20160526_18-56-26,raw_windows
0.5,investigation,16,22,0.5625,4704,4735,4715,4732,-11,3,test_1,Mouse062_20160526_18-56-26,raw_windows
0.5,investigation,17,23,0.96,4800,4991,4792,4991,8,0,test_1,Mouse062_20160526_18-56-26,raw_windows
0.5,investigation,18,24,0.5416666666666666,5024,5071,5037,5062,-13,9,test_1,Mouse062_20160526_18-56-26,raw_windows
0.5,investigation,19,25,0.9027777777777778,5120,5263,5125,5254,-5,9,test_1,Mouse062_20160526_18-56-26,raw_windows
0.5,investigation,20,26,0.875,5392,5487,5393,5476,-1,11,test_1,Mouse062_20160526_18-56-26,raw_windows
0.5,investigation,21,29,0.9638157894736842,5552,5855,5554,5846,-2,9,test_1,Mouse062_20160526_18-56-26,raw_windows
0.5,investigation,22,30,0.75,5904,5951,5900,5942,4,9,test_1,Mouse062_20160526_18-56-26,raw_windows
0.5,investigation,23,31,0.8533333333333334,6096,6159,6087,6161,9,-2,test_1,Mouse062_20160526_18-56-26,raw_windows
0.5,investigation,24,34,0.5595667870036101,6368,6639,6485,6644,-117,-5,test_1,Mouse062_20160526_18-56-26,raw_windows
0.5,investigation,25,35,0.6944444444444444,6688,6719,6684,6712,4,7,test_1,Mouse062_20160526_18-56-26,raw_windows
0.5,investigation,26,36,0.6666666666666666,6800,6815,6792,6815,8,0,test_1,Mouse062_20160526_18-56-26,raw_windows
0.5,investigation,27,37,0.796875,6848,7103,6850,7053,-2,50,test_1,Mouse062_20160526_18-56-26,raw_windows
0.5,investigation,28,41,0.9876237623762376,7408,7807,7404,7806,4,1,test_1,Mouse062_20160526_18-56-26,raw_windows
0.5,investigation,29,42,0.8920454545454546,7888,8063,7902,8058,-14,5,test_1,Mouse062_20160526_18-56-26,raw_windows
0.5,investigation,30,43,0.9458128078817734,8096,8287,8095,8297,1,-10,test_1,Mouse062_20160526_18-56-26,raw_windows
0.5,investigation,31,44,0.8450704225352113,8624,8687,8628,8694,-4,-7,test_1,Mouse062_20160526_18-56-26,raw_windows
0.5,investigation,32,45,0.5555555555555556,8784,8799,8785,8810,-1,-11,test_1,Mouse062_20160526_18-56-26,raw_windows
0.5,investigation,34,48,0.6666666666666666,9280,9311,9270,9307,10,4,test_1,Mouse062_20160526_18-56-26,raw_windows
0.5,investigation,35,52,0.6536458333333334,9408,9791,9534,9784,-126,7,test_1,Mouse062_20160526_18-56-26,raw_windows
0.5,investigation,36,53,0.9017857142857143,9936,10047,9945,10045,-9,2,test_1,Mouse062_20160526_18-56-26,raw_windows
0.5,investigation,38,57,0.5,10608,10719,10615,10670,-7,49,test_1,Mouse062_20160526_18-56-26,raw_windows
0.5,investigation,39,59,0.9541984732824428,10944,11071,10941,11068,3,3,test_1,Mouse062_20160526_18-56-26,raw_windows
0.5,investigation,40,60,0.5813953488372093,11248,11279,11255,11290,-7,-11,test_1,Mouse062_20160526_18-56-26,raw_windows
0.5,mount,41,61,0.9783889980353635,11280,12287,11292,12297,-12,-10,test_1,Mouse062_20160526_18-56-26,raw_windows
0.5,investigation,43,62,0.9056603773584906,12704,12847,12702,12860,2,-13,test_1,Mouse062_20160526_18-56-26,raw_windows
0.5,investigation,44,63,0.9101796407185628,12960,13119,12968,13126,-8,-7,test_1,Mouse062_20160526_18-56-26,raw_windows
0.5,investigation,45,64,0.9479166666666666,13200,13391,13202,13383,-2,8,test_1,Mouse062_20160526_18-56-26,raw_windows
0.5,investigation,46,66,0.8205128205128205,13440,13471,13436,13474,4,-3,test_1,Mouse062_20160526_18-56-26,raw_windows
0.5,mount,47,67,0.821917808219178,13472,13535,13476,13544,-4,-9,test_1,Mouse062_20160526_18-56-26,raw_windows
0.5,investigation,49,69,0.7974683544303798,13808,13871,13793,13870,15,1,test_1,Mouse062_20160526_18-56-26,raw_windows
0.5,investigation,65,73,0.6153846153846154,18272,18287,18265,18290,7,-3,test_1,Mouse062_20160526_18-56-26,raw_windows
0.5,mount,66,74,0.825,18288,18367,18292,18357,-4,10,test_1,Mouse062_20160526_18-56-26,raw_windows
0.5,investigation,68,77,0.8888888888888888,19264,19295,19262,19297,2,-2,test_1,Mouse062_20160526_18-56-26,raw_windows
0.5,mount,69,78,0.9910714285714286,19296,19631,19299,19631,-3,0,test_1,Mouse062_20160526_18-56-26,raw_windows
0.25,investigation,0,4,0.5431034482758621,0,927,414,917,-414,10,test_1,Mouse062_20160526_18-56-26,smoothed_frames
0.25,investigation,1,5,0.88671875,992,1247,999,1225,-7,22,test_1,Mouse062_20160526_18-56-26,smoothed_frames
0.25,investigation,2,8,0.3015625,1328,1967,1511,1703,-183,264,test_1,Mouse062_20160526_18-56-26,smoothed_frames
0.25,investigation,3,12,0.5477941176470589,1984,2527,2217,2514,-233,13,test_1,Mouse062_20160526_18-56-26,smoothed_frames
0.25,investigation,4,13,0.5446428571428571,2608,2719,2625,2685,-17,34,test_1,Mouse062_20160526_18-56-26,smoothed_frames
0.25,investigation,6,15,0.650390625,2880,3391,3051,3383,-171,8,test_1,Mouse062_20160526_18-56-26,smoothed_frames
0.25,investigation,7,16,0.4583333333333333,3408,3455,3420,3441,-12,14,test_1,Mouse062_20160526_18-56-26,smoothed_frames
0.25,investigation,8,17,0.59375,3600,3663,3603,3640,-3,23,test_1,Mouse062_20160526_18-56-26,smoothed_frames
0.25,investigation,9,18,0.940625,3744,4063,3752,4052,-8,11,test_1,Mouse062_20160526_18-56-26,smoothed_frames
0.25,investigation,10,19,0.5625,4320,4495,4330,4428,-10,67,test_1,Mouse062_20160526_18-56-26,smoothed_frames
0.25,investigation,11,21,0.3333333333333333,4608,4751,4629,4676,-21,75,test_1,Mouse062_20160526_18-56-26,smoothed_frames
0.25,investigation,12,23,0.8928571428571429,4784,5007,4792,4991,-8,16,test_1,Mouse062_20160526_18-56-26,smoothed_frames
0.25,investigation,13,24,0.40625,5024,5087,5037,5062,-13,25,test_1,Mouse062_20160526_18-56-26,smoothed_frames
0.25,investigation,14,25,0.9027777777777778,5120,5263,5125,5254,-5,9,test_1,Mouse062_20160526_18-56-26,smoothed_frames
0.25,investigation,15,26,0.75,5376,5487,5393,5476,-17,11,test_1,Mouse062_20160526_18-56-26,smoothed_frames
0.25,investigation,16,29,0.9638157894736842,5552,5855,5554,5846,-2,9,test_1,Mouse062_20160526_18-56-26,smoothed_frames
0.25,investigation,17,30,0.671875,5888,5951,5900,5942,-12,9,test_1,Mouse062_20160526_18-56-26,smoothed_frames
0.25,investigation,18,31,0.78125,6080,6175,6087,6161,-7,14,test_1,Mouse062_20160526_18-56-26,smoothed_frames
0.25,investigation,19,34,0.5555555555555556,6368,6655,6485,6644,-117,11,test_1,Mouse062_20160526_18-56-26,smoothed_frames
0.25,investigation,20,35,0.453125,6672,6735,6684,6712,-12,23,test_1,Mouse062_20160526_18-56-26,smoothed_frames
0.25,investigation,21,37,0.6071428571428571,6784,7119,6850,7053,-66,66,test_1,Mouse062_20160526_18-56-26,smoothed_frames
0.25,investigation,22,39,0.8125,7216,7231,7218,7230,-2,1,test_1,Mouse062_20160526_18-56-26,smoothed_frames
0.25,investigation,23,41,0.9328703703703703,7392,7823,7404,7806,-12,17,test_1,Mouse062_20160526_18-56-26,smoothed_frames
0.25,investigation,24,42,0.8920454545454546,7888,8063,7902,8058,-14,5,test_1,Mouse062_20160526_18-56-26,smoothed_frames
0.25,investigation,25,43,0.9458128078817734,8096,8287,8095,8297,1,-10,test_1,Mouse062_20160526_18-56-26,smoothed_frames
0.25,investigation,26,44,0.6979166666666666,8608,8703,8628,8694,-20,9,test_1,Mouse062_20160526_18-56-26,smoothed_frames
0.25,investigation,27,45,0.8125,8784,8815,8785,8810,-1,5,test_1,Mouse062_20160526_18-56-26,smoothed_frames
0.25,investigation,29,47,0.28125,9184,9215,9195,9203,-11,12,test_1,Mouse062_20160526_18-56-26,smoothed_frames
0.25,investigation,30,48,0.59375,9264,9327,9270,9307,-6,20,test_1,Mouse062_20160526_18-56-26,smoothed_frames
0.25,investigation,31,52,0.6275,9392,9791,9534,9784,-142,7,test_1,Mouse062_20160526_18-56-26,smoothed_frames
0.25,investigation,32,53,0.7890625,9936,10063,9945,10045,-9,18,test_1,Mouse062_20160526_18-56-26,smoothed_frames
0.25,investigation,33,54,0.40625,10160,10191,10170,10182,-10,9,test_1,Mouse062_20160526_18-56-26,smoothed_frames
0.25,investigation,34,55,0.39204545454545453,10400,10575,10417,10485,-17,90,test_1,Mouse062_20160526_18-56-26,smoothed_frames
0.25,investigation,35,57,0.4375,10592,10719,10615,10670,-23,49,test_1,Mouse062_20160526_18-56-26,smoothed_frames
0.25,investigation,36,59,0.8888888888888888,10928,11071,10941,11068,-13,3,test_1,Mouse062_20160526_18-56-26,smoothed_frames
0.25,investigation,37,60,0.5813953488372093,11248,11279,11255,11290,-7,-11,test_1,Mouse062_20160526_18-56-26,smoothed_frames
0.25,mount,38,61,0.9783889980353635,11280,12287,11292,12297,-12,-10,test_1,Mouse062_20160526_18-56-26,smoothed_frames
0.25,investigation,40,62,0.9691358024691358,12704,12863,12702,12860,2,3,test_1,Mouse062_20160526_18-56-26,smoothed_frames
0.25,investigation,41,63,0.9034090909090909,12960,13135,12968,13126,-8,9,test_1,Mouse062_20160526_18-56-26,smoothed_frames
0.25,investigation,42,64,0.875,13200,13407,13202,13383,-2,24,test_1,Mouse062_20160526_18-56-26,smoothed_frames
0.25,investigation,43,66,0.7058823529411765,13424,13471,13436,13474,-12,-3,test_1,Mouse062_20160526_18-56-26,smoothed_frames
0.25,mount,44,67,0.821917808219178,13472,13535,13476,13544,-4,-9,test_1,Mouse062_20160526_18-56-26,smoothed_frames
0.25,investigation,45,68,0.4125,13536,13615,13581,13613,-45,2,test_1,Mouse062_20160526_18-56-26,smoothed_frames
0.25,investigation,46,69,0.8125,13792,13887,13793,13870,-1,17,test_1,Mouse062_20160526_18-56-26,smoothed_frames
0.25,investigation,47,70,0.8823529411764706,13968,13983,13967,13982,1,1,test_1,Mouse062_20160526_18-56-26,smoothed_frames
0.25,investigation,48,71,0.6153846153846154,14272,14287,14272,14297,0,-10,test_1,Mouse062_20160526_18-56-26,smoothed_frames
0.25,mount,61,72,0.43361620585819877,16240,17823,14299,17951,1941,-128,test_1,Mouse062_20160526_18-56-26,smoothed_frames
0.25,investigation,64,73,0.6153846153846154,18272,18287,18265,18290,7,-3,test_1,Mouse062_20160526_18-56-26,smoothed_frames
0.25,mount,65,74,0.825,18288,18367,18292,18357,-4,10,test_1,Mouse062_20160526_18-56-26,smoothed_frames
0.25,investigation,67,77,0.68,19248,19295,19262,19297,-14,-2,test_1,Mouse062_20160526_18-56-26,smoothed_frames
0.25,mount,68,78,0.9910714285714286,19296,19631,19299,19631,-3,0,test_1,Mouse062_20160526_18-56-26,smoothed_frames
0.5,investigation,0,4,0.5431034482758621,0,927,414,917,-414,10,test_1,Mouse062_20160526_18-56-26,smoothed_frames
0.5,investigation,1,5,0.88671875,992,1247,999,1225,-7,22,test_1,Mouse062_20160526_18-56-26,smoothed_frames
0.5,investigation,3,12,0.5477941176470589,1984,2527,2217,2514,-233,13,test_1,Mouse062_20160526_18-56-26,smoothed_frames
0.5,investigation,4,13,0.5446428571428571,2608,2719,2625,2685,-17,34,test_1,Mouse062_20160526_18-56-26,smoothed_frames
0.5,investigation,6,15,0.650390625,2880,3391,3051,3383,-171,8,test_1,Mouse062_20160526_18-56-26,smoothed_frames
0.5,investigation,8,17,0.59375,3600,3663,3603,3640,-3,23,test_1,Mouse062_20160526_18-56-26,smoothed_frames
0.5,investigation,9,18,0.940625,3744,4063,3752,4052,-8,11,test_1,Mouse062_20160526_18-56-26,smoothed_frames
0.5,investigation,10,19,0.5625,4320,4495,4330,4428,-10,67,test_1,Mouse062_20160526_18-56-26,smoothed_frames
0.5,investigation,12,23,0.8928571428571429,4784,5007,4792,4991,-8,16,test_1,Mouse062_20160526_18-56-26,smoothed_frames
0.5,investigation,14,25,0.9027777777777778,5120,5263,5125,5254,-5,9,test_1,Mouse062_20160526_18-56-26,smoothed_frames
0.5,investigation,15,26,0.75,5376,5487,5393,5476,-17,11,test_1,Mouse062_20160526_18-56-26,smoothed_frames
0.5,investigation,16,29,0.9638157894736842,5552,5855,5554,5846,-2,9,test_1,Mouse062_20160526_18-56-26,smoothed_frames
0.5,investigation,17,30,0.671875,5888,5951,5900,5942,-12,9,test_1,Mouse062_20160526_18-56-26,smoothed_frames
0.5,investigation,18,31,0.78125,6080,6175,6087,6161,-7,14,test_1,Mouse062_20160526_18-56-26,smoothed_frames
0.5,investigation,19,34,0.5555555555555556,6368,6655,6485,6644,-117,11,test_1,Mouse062_20160526_18-56-26,smoothed_frames
0.5,investigation,21,37,0.6071428571428571,6784,7119,6850,7053,-66,66,test_1,Mouse062_20160526_18-56-26,smoothed_frames
0.5,investigation,22,39,0.8125,7216,7231,7218,7230,-2,1,test_1,Mouse062_20160526_18-56-26,smoothed_frames
0.5,investigation,23,41,0.9328703703703703,7392,7823,7404,7806,-12,17,test_1,Mouse062_20160526_18-56-26,smoothed_frames
0.5,investigation,24,42,0.8920454545454546,7888,8063,7902,8058,-14,5,test_1,Mouse062_20160526_18-56-26,smoothed_frames
0.5,investigation,25,43,0.9458128078817734,8096,8287,8095,8297,1,-10,test_1,Mouse062_20160526_18-56-26,smoothed_frames
0.5,investigation,26,44,0.6979166666666666,8608,8703,8628,8694,-20,9,test_1,Mouse062_20160526_18-56-26,smoothed_frames
0.5,investigation,27,45,0.8125,8784,8815,8785,8810,-1,5,test_1,Mouse062_20160526_18-56-26,smoothed_frames
0.5,investigation,30,48,0.59375,9264,9327,9270,9307,-6,20,test_1,Mouse062_20160526_18-56-26,smoothed_frames
0.5,investigation,31,52,0.6275,9392,9791,9534,9784,-142,7,test_1,Mouse062_20160526_18-56-26,smoothed_frames
0.5,investigation,32,53,0.7890625,9936,10063,9945,10045,-9,18,test_1,Mouse062_20160526_18-56-26,smoothed_frames
0.5,investigation,36,59,0.8888888888888888,10928,11071,10941,11068,-13,3,test_1,Mouse062_20160526_18-56-26,smoothed_frames
0.5,investigation,37,60,0.5813953488372093,11248,11279,11255,11290,-7,-11,test_1,Mouse062_20160526_18-56-26,smoothed_frames
0.5,mount,38,61,0.9783889980353635,11280,12287,11292,12297,-12,-10,test_1,Mouse062_20160526_18-56-26,smoothed_frames
0.5,investigation,40,62,0.9691358024691358,12704,12863,12702,12860,2,3,test_1,Mouse062_20160526_18-56-26,smoothed_frames
0.5,investigation,41,63,0.9034090909090909,12960,13135,12968,13126,-8,9,test_1,Mouse062_20160526_18-56-26,smoothed_frames
0.5,investigation,42,64,0.875,13200,13407,13202,13383,-2,24,test_1,Mouse062_20160526_18-56-26,smoothed_frames
0.5,investigation,43,66,0.7058823529411765,13424,13471,13436,13474,-12,-3,test_1,Mouse062_20160526_18-56-26,smoothed_frames
0.5,mount,44,67,0.821917808219178,13472,13535,13476,13544,-4,-9,test_1,Mouse062_20160526_18-56-26,smoothed_frames
0.5,investigation,46,69,0.8125,13792,13887,13793,13870,-1,17,test_1,Mouse062_20160526_18-56-26,smoothed_frames
0.5,investigation,47,70,0.8823529411764706,13968,13983,13967,13982,1,1,test_1,Mouse062_20160526_18-56-26,smoothed_frames
0.5,investigation,48,71,0.6153846153846154,14272,14287,14272,14297,0,-10,test_1,Mouse062_20160526_18-56-26,smoothed_frames
0.5,investigation,64,73,0.6153846153846154,18272,18287,18265,18290,7,-3,test_1,Mouse062_20160526_18-56-26,smoothed_frames
0.5,mount,65,74,0.825,18288,18367,18292,18357,-4,10,test_1,Mouse062_20160526_18-56-26,smoothed_frames
0.5,investigation,67,77,0.68,19248,19295,19262,19297,-14,-2,test_1,Mouse062_20160526_18-56-26,smoothed_frames
0.5,mount,68,78,0.9910714285714286,19296,19631,19299,19631,-3,0,test_1,Mouse062_20160526_18-56-26,smoothed_frames
0.25,investigation,1,1,0.44921875,16,271,120,234,-104,37,test_1,Mouse063_20160526_19-14-46,raw_windows
0.25,investigation,2,3,0.5294117647058824,400,495,394,453,6,42,test_1,Mouse063_20160526_19-14-46,raw_windows
0.25,investigation,3,5,0.2777777777777778,528,543,526,532,2,11,test_1,Mouse063_20160526_19-14-46,raw_windows
0.25,investigation,4,6,0.5384615384615384,624,655,617,644,7,11,test_1,Mouse063_20160526_19-14-46,raw_windows
0.25,investigation,5,7,0.8541666666666666,688,831,696,818,-8,13,test_1,Mouse063_20160526_19-14-46,raw_windows
0.25,investigation,6,9,0.75,912,959,921,956,-9,3,test_1,Mouse063_20160526_19-14-46,raw_windows
0.25,investigation,7,10,0.6818181818181818,976,1327,987,1226,-11,101,test_1,Mouse063_20160526_19-14-46,raw_windows
0.25,investigation,8,12,0.48717948717948717,1568,1599,1581,1606,-13,-7,test_1,Mouse063_20160526_19-14-46,raw_windows
0.25,mount,9,13,0.6666666666666666,1600,1631,1608,1635,-8,-4,test_1,Mouse063_20160526_19-14-46,raw_windows
0.25,investigation,10,14,0.953125,1632,1823,1637,1819,-5,4,test_1,Mouse063_20160526_19-14-46,raw_windows
0.25,investigation,11,16,0.5,1952,1983,1967,1985,-15,-2,test_1,Mouse063_20160526_19-14-46,raw_windows
0.25,mount,12,17,0.41935483870967744,1984,1999,1987,2014,-3,-15,test_1,Mouse063_20160526_19-14-46,raw_windows
0.25,mount,14,19,0.5384615384615384,2144,2191,2164,2195,-20,-4,test_1,Mouse063_20160526_19-14-46,raw_windows
0.25,investigation,15,20,0.53125,2192,2223,2197,2213,-5,10,test_1,Mouse063_20160526_19-14-46,raw_windows
0.25,investigation,16,22,0.5277777777777778,2800,2943,2804,2879,-4,64,test_1,Mouse063_20160526_19-14-46,raw_windows
0.25,mount,17,26,0.37777777777777777,3056,3119,3069,3190,-13,-71,test_1,Mouse063_20160526_19-14-46,raw_windows
0.25,mount,21,29,0.7,3248,3327,3266,3321,-18,6,test_1,Mouse063_20160526_19-14-46,raw_windows
0.25,investigation,22,30,0.4375,3696,3727,3704,3717,-8,10,test_1,Mouse063_20160526_19-14-46,raw_windows
0.25,investigation,23,31,0.9519230769230769,3744,3951,3752,3949,-8,2,test_1,Mouse063_20160526_19-14-46,raw_windows
0.25,investigation,24,33,0.48148148148148145,4480,4511,4486,4533,-6,-22,test_1,Mouse063_20160526_19-14-46,raw_windows
0.25,mount,25,34,0.3125,4512,4559,4535,4549,-23,10,test_1,Mouse063_20160526_19-14-46,raw_windows
0.25,investigation,26,35,0.7111111111111111,4656,4687,4653,4697,3,-10,test_1,Mouse063_20160526_19-14-46,raw_windows
0.25,mount,27,36,0.7571428571428571,4688,4751,4699,4757,-11,-6,test_1,Mouse063_20160526_19-14-46,raw_windows
0.25,mount,29,39,0.6875,4992,5087,5002,5067,-10,20,test_1,Mouse063_20160526_19-14-46,raw_windows
0.25,mount,30,41,0.8110236220472441,5168,5279,5177,5294,-9,-15,test_1,Mouse063_20160526_19-14-46,raw_windows
0.25,investigation,31,42,0.5520833333333334,5280,5375,5296,5348,-16,27,test_1,Mouse063_20160526_19-14-46,raw_windows
0.25,investigation,33,47,0.8648648648648649,5744,5775,5742,5778,2,-3,test_1,Mouse063_20160526_19-14-46,raw_windows
0.25,mount,34,48,0.6511627906976745,5776,5807,5780,5818,-4,-11,test_1,Mouse063_20160526_19-14-46,raw_windows
0.25,investigation,35,49,0.765625,5808,5871,5820,5868,-12,3,test_1,Mouse063_20160526_19-14-46,raw_windows
0.25,investigation,36,52,0.56875,6464,6623,6486,6576,-22,47,test_1,Mouse063_20160526_19-14-46,raw_windows
0.25,investigation,38,56,0.9196428571428571,7200,7311,7207,7309,-7,2,test_1,Mouse063_20160526_19-14-46,raw_windows
0.25,investigation,39,57,0.7,7904,7919,7906,7923,-2,-4,test_1,Mouse063_20160526_19-14-46,raw_windows
0.25,investigation,41,59,0.907563025210084,7936,8047,7940,8054,-4,-7,test_1,Mouse063_20160526_19-14-46,raw_windows
0.25,mount,42,60,0.8,8048,8127,8056,8137,-8,-10,test_1,Mouse063_20160526_19-14-46,raw_windows
0.25,investigation,43,63,0.3,8128,8207,8161,8184,-33,23,test_1,Mouse063_20160526_19-14-46,raw_windows
0.25,investigation,44,65,0.8135593220338984,8720,8767,8709,8767,11,0,test_1,Mouse063_20160526_19-14-46,raw_windows
0.25,mount,45,67,0.7375,8944,9023,8960,9018,-16,5,test_1,Mouse063_20160526_19-14-46,raw_windows
0.25,investigation,46,72,0.7,9152,9311,9186,9297,-34,14,test_1,Mouse063_20160526_19-14-46,raw_windows
0.25,investigation,48,79,0.6666666666666666,10304,10319,10308,10321,-4,-2,test_1,Mouse063_20160526_19-14-46,raw_windows
0.25,mount,49,80,0.7222222222222222,10320,10335,10323,10337,-3,-2,test_1,Mouse063_20160526_19-14-46,raw_windows
0.25,investigation,50,81,0.78125,10336,10367,10339,10363,-3,4,test_1,Mouse063_20160526_19-14-46,raw_windows
0.25,mount,52,85,0.425,10720,10799,10734,10767,-14,32,test_1,Mouse063_20160526_19-14-46,raw_windows
0.25,investigation,53,89,0.58,11040,11087,11038,11068,2,19,test_1,Mouse063_20160526_19-14-46,raw_windows
0.25,investigation,55,93,0.8,11376,11487,11396,11490,-20,-3,test_1,Mouse063_20160526_19-14-46,raw_windows
0.25,investigation,56,95,0.48148148148148145,12144,12159,12147,12170,-3,-11,test_1,Mouse063_20160526_19-14-46,raw_windows
0.25,investigation,60,97,0.64,12464,12479,12461,12485,3,-6,test_1,Mouse063_20160526_19-14-46,raw_windows
0.25,investigation,63,102,0.3125,12752,12783,12772,12781,-20,2,test_1,Mouse063_20160526_19-14-46,raw_windows
0.25,mount,64,103,0.25,12784,12863,12783,13102,1,-239,test_1,Mouse063_20160526_19-14-46,raw_windows
0.25,investigation,68,106,0.8779527559055118,13488,13727,13505,13741,-17,-14,test_1,Mouse063_20160526_19-14-46,raw_windows
0.25,investigation,69,110,0.4270833333333333,14064,14159,14094,14134,-30,25,test_1,Mouse063_20160526_19-14-46,raw_windows
0.25,investigation,70,113,0.4011299435028249,14832,15007,14831,14902,1,105,test_1,Mouse063_20160526_19-14-46,raw_windows
0.25,mount,71,119,0.47058823529411764,15008,15055,14981,15082,27,-27,test_1,Mouse063_20160526_19-14-46,raw_windows
0.25,investigation,73,122,0.5517241379310345,15552,15567,15545,15573,7,-6,test_1,Mouse063_20160526_19-14-46,raw_windows
0.25,investigation,74,123,0.9504950495049505,15984,16079,15983,16083,1,-4,test_1,Mouse063_20160526_19-14-46,raw_windows
0.25,mount,75,124,0.8201754385964912,16080,16271,16085,16307,-5,-36,test_1,Mouse063_20160526_19-14-46,raw_windows
0.25,investigation,77,128,0.6666666666666666,16976,17007,16986,17008,-10,-1,test_1,Mouse063_20160526_19-14-46,raw_windows
0.25,mount,78,129,0.7076923076923077,17008,17055,17010,17072,-2,-17,test_1,Mouse063_20160526_19-14-46,raw_windows
0.25,investigation,79,130,0.4117647058823529,17056,17087,17074,17089,-18,-2,test_1,Mouse063_20160526_19-14-46,raw_windows
0.25,investigation,80,132,0.34146341463414637,17600,17631,17618,17640,-18,-9,test_1,Mouse063_20160526_19-14-46,raw_windows
0.25,mount,81,133,0.7105263157894737,17632,17695,17642,17707,-10,-12,test_1,Mouse063_20160526_19-14-46,raw_windows
0.25,investigation,83,134,0.38095238095238093,17904,17919,17899,17911,5,8,test_1,Mouse063_20160526_19-14-46,raw_windows
0.25,investigation,85,138,0.40625,17952,17983,17960,17972,-8,11,test_1,Mouse063_20160526_19-14-46,raw_windows
0.25,investigation,88,140,0.4444444444444444,18432,18447,18429,18464,3,-17,test_1,Mouse063_20160526_19-14-46,raw_windows
0.25,mount,89,141,0.9217391304347826,18448,18783,18466,18792,-18,-9,test_1,Mouse063_20160526_19-14-46,raw_windows
0.5,investigation,2,3,0.5294117647058824,400,495,394,453,6,42,test_1,Mouse063_20160526_19-14-46,raw_windows
0.5,investigation,4,6,0.5384615384615384,624,655,617,644,7,11,test_1,Mouse063_20160526_19-14-46,raw_windows
0.5,investigation,5,7,0.8541666666666666,688,831,696,818,-8,13,test_1,Mouse063_20160526_19-14-46,raw_windows
0.5,investigation,6,9,0.75,912,959,921,956,-9,3,test_1,Mouse063_20160526_19-14-46,raw_windows
0.5,investigation,7,10,0.6818181818181818,976,1327,987,1226,-11,101,test_1,Mouse063_20160526_19-14-46,raw_windows
0.5,mount,9,13,0.6666666666666666,1600,1631,1608,1635,-8,-4,test_1,Mouse063_20160526_19-14-46,raw_windows
0.5,investigation,10,14,0.953125,1632,1823,1637,1819,-5,4,test_1,Mouse063_20160526_19-14-46,raw_windows
0.5,investigation,11,16,0.5,1952,1983,1967,1985,-15,-2,test_1,Mouse063_20160526_19-14-46,raw_windows
0.5,mount,14,19,0.5384615384615384,2144,2191,2164,2195,-20,-4,test_1,Mouse063_20160526_19-14-46,raw_windows
0.5,investigation,15,20,0.53125,2192,2223,2197,2213,-5,10,test_1,Mouse063_20160526_19-14-46,raw_windows
0.5,investigation,16,22,0.5277777777777778,2800,2943,2804,2879,-4,64,test_1,Mouse063_20160526_19-14-46,raw_windows
0.5,mount,21,29,0.7,3248,3327,3266,3321,-18,6,test_1,Mouse063_20160526_19-14-46,raw_windows
0.5,investigation,23,31,0.9519230769230769,3744,3951,3752,3949,-8,2,test_1,Mouse063_20160526_19-14-46,raw_windows
0.5,investigation,26,35,0.7111111111111111,4656,4687,4653,4697,3,-10,test_1,Mouse063_20160526_19-14-46,raw_windows
0.5,mount,27,36,0.7571428571428571,4688,4751,4699,4757,-11,-6,test_1,Mouse063_20160526_19-14-46,raw_windows
0.5,mount,29,39,0.6875,4992,5087,5002,5067,-10,20,test_1,Mouse063_20160526_19-14-46,raw_windows
0.5,mount,30,41,0.8110236220472441,5168,5279,5177,5294,-9,-15,test_1,Mouse063_20160526_19-14-46,raw_windows
0.5,investigation,31,42,0.5520833333333334,5280,5375,5296,5348,-16,27,test_1,Mouse063_20160526_19-14-46,raw_windows
0.5,investigation,33,47,0.8648648648648649,5744,5775,5742,5778,2,-3,test_1,Mouse063_20160526_19-14-46,raw_windows
0.5,mount,34,48,0.6511627906976745,5776,5807,5780,5818,-4,-11,test_1,Mouse063_20160526_19-14-46,raw_windows
0.5,investigation,35,49,0.765625,5808,5871,5820,5868,-12,3,test_1,Mouse063_20160526_19-14-46,raw_windows
0.5,investigation,36,52,0.56875,6464,6623,6486,6576,-22,47,test_1,Mouse063_20160526_19-14-46,raw_windows
0.5,investigation,38,56,0.9196428571428571,7200,7311,7207,7309,-7,2,test_1,Mouse063_20160526_19-14-46,raw_windows
0.5,investigation,39,57,0.7,7904,7919,7906,7923,-2,-4,test_1,Mouse063_20160526_19-14-46,raw_windows
0.5,investigation,41,59,0.907563025210084,7936,8047,7940,8054,-4,-7,test_1,Mouse063_20160526_19-14-46,raw_windows
0.5,mount,42,60,0.8,8048,8127,8056,8137,-8,-10,test_1,Mouse063_20160526_19-14-46,raw_windows
0.5,investigation,44,65,0.8135593220338984,8720,8767,8709,8767,11,0,test_1,Mouse063_20160526_19-14-46,raw_windows
0.5,mount,45,67,0.7375,8944,9023,8960,9018,-16,5,test_1,Mouse063_20160526_19-14-46,raw_windows
0.5,investigation,46,72,0.7,9152,9311,9186,9297,-34,14,test_1,Mouse063_20160526_19-14-46,raw_windows
0.5,investigation,48,79,0.6666666666666666,10304,10319,10308,10321,-4,-2,test_1,Mouse063_20160526_19-14-46,raw_windows
0.5,mount,49,80,0.7222222222222222,10320,10335,10323,10337,-3,-2,test_1,Mouse063_20160526_19-14-46,raw_windows
0.5,investigation,50,81,0.78125,10336,10367,10339,10363,-3,4,test_1,Mouse063_20160526_19-14-46,raw_windows
0.5,investigation,53,89,0.58,11040,11087,11038,11068,2,19,test_1,Mouse063_20160526_19-14-46,raw_windows
0.5,investigation,55,93,0.8,11376,11487,11396,11490,-20,-3,test_1,Mouse063_20160526_19-14-46,raw_windows
0.5,investigation,60,97,0.64,12464,12479,12461,12485,3,-6,test_1,Mouse063_20160526_19-14-46,raw_windows
0.5,mount,66,103,0.5,12880,13039,12783,13102,97,-63,test_1,Mouse063_20160526_19-14-46,raw_windows
0.5,investigation,68,106,0.8779527559055118,13488,13727,13505,13741,-17,-14,test_1,Mouse063_20160526_19-14-46,raw_windows
0.5,investigation,73,122,0.5517241379310345,15552,15567,15545,15573,7,-6,test_1,Mouse063_20160526_19-14-46,raw_windows
0.5,investigation,74,123,0.9504950495049505,15984,16079,15983,16083,1,-4,test_1,Mouse063_20160526_19-14-46,raw_windows
0.5,mount,75,124,0.8201754385964912,16080,16271,16085,16307,-5,-36,test_1,Mouse063_20160526_19-14-46,raw_windows
0.5,investigation,77,128,0.6666666666666666,16976,17007,16986,17008,-10,-1,test_1,Mouse063_20160526_19-14-46,raw_windows
0.5,mount,78,129,0.7076923076923077,17008,17055,17010,17072,-2,-17,test_1,Mouse063_20160526_19-14-46,raw_windows
0.5,mount,81,133,0.7105263157894737,17632,17695,17642,17707,-10,-12,test_1,Mouse063_20160526_19-14-46,raw_windows
0.5,mount,89,141,0.9217391304347826,18448,18783,18466,18792,-18,-9,test_1,Mouse063_20160526_19-14-46,raw_windows
0.25,investigation,0,1,0.4227941176470588,0,271,120,234,-120,37,test_1,Mouse063_20160526_19-14-46,smoothed_frames
0.25,investigation,1,3,0.3409090909090909,384,559,394,453,-10,106,test_1,Mouse063_20160526_19-14-46,smoothed_frames
0.25,investigation,2,6,0.4375,608,671,617,644,-9,27,test_1,Mouse063_20160526_19-14-46,smoothed_frames
0.25,investigation,3,7,0.8541666666666666,688,831,696,818,-8,13,test_1,Mouse063_20160526_19-14-46,smoothed_frames
0.25,investigation,4,10,0.5357142857142857,896,1343,987,1226,-91,117,test_1,Mouse063_20160526_19-14-46,smoothed_frames
0.25,investigation,5,12,0.34545454545454546,1552,1599,1581,1606,-29,-7,test_1,Mouse063_20160526_19-14-46,smoothed_frames
0.25,mount,6,13,0.6666666666666666,1600,1631,1608,1635,-8,-4,test_1,Mouse063_20160526_19-14-46,smoothed_frames
0.25,investigation,7,14,0.8798076923076923,1632,1839,1637,1819,-5,20,test_1,Mouse063_20160526_19-14-46,smoothed_frames
0.25,investigation,8,16,0.5,1952,1983,1967,1985,-15,-2,test_1,Mouse063_20160526_19-14-46,smoothed_frames
0.25,mount,9,17,0.41935483870967744,1984,1999,1987,2014,-3,-15,test_1,Mouse063_20160526_19-14-46,smoothed_frames
0.25,mount,11,19,0.5384615384615384,2144,2191,2164,2195,-20,-4,test_1,Mouse063_20160526_19-14-46,smoothed_frames
0.25,investigation,12,20,0.53125,2192,2223,2197,2213,-5,10,test_1,Mouse063_20160526_19-14-46,smoothed_frames
0.25,investigation,13,22,0.5277777777777778,2800,2943,2804,2879,-4,64,test_1,Mouse063_20160526_19-14-46,smoothed_frames
0.25,mount,14,26,0.37777777777777777,3056,3119,3069,3190,-13,-71,test_1,Mouse063_20160526_19-14-46,smoothed_frames
0.25,mount,18,29,0.7,3248,3327,3266,3321,-18,6,test_1,Mouse063_20160526_19-14-46,smoothed_frames
0.25,investigation,19,30,0.4375,3696,3727,3704,3717,-8,10,test_1,Mouse063_20160526_19-14-46,smoothed_frames
0.25,investigation,20,31,0.8839285714285714,3744,3967,3752,3949,-8,18,test_1,Mouse063_20160526_19-14-46,smoothed_frames
0.25,investigation,21,32,0.5294117647058824,3984,3999,3991,4000,-7,-1,test_1,Mouse063_20160526_19-14-46,smoothed_frames
0.25,investigation,22,33,0.48148148148148145,4480,4511,4486,4533,-6,-22,test_1,Mouse063_20160526_19-14-46,smoothed_frames
0.25,mount,23,34,0.3125,4512,4559,4535,4549,-23,10,test_1,Mouse063_20160526_19-14-46,smoothed_frames
0.25,investigation,24,35,0.7111111111111111,4656,4687,4653,4697,3,-10,test_1,Mouse063_20160526_19-14-46,smoothed_frames
0.25,mount,25,36,0.7571428571428571,4688,4751,4699,4757,-11,-6,test_1,Mouse063_20160526_19-14-46,smoothed_frames
0.25,investigation,27,38,0.4,4976,4991,4982,5000,-6,-9,test_1,Mouse063_20160526_19-14-46,smoothed_frames
0.25,mount,28,39,0.5892857142857143,4992,5103,5002,5067,-10,36,test_1,Mouse063_20160526_19-14-46,smoothed_frames
0.25,investigation,29,40,0.2916666666666667,5152,5167,5161,5175,-9,-8,test_1,Mouse063_20160526_19-14-46,smoothed_frames
0.25,mount,30,41,0.8110236220472441,5168,5279,5177,5294,-9,-15,test_1,Mouse063_20160526_19-14-46,smoothed_frames
0.25,investigation,31,42,0.5520833333333334,5280,5375,5296,5348,-16,27,test_1,Mouse063_20160526_19-14-46,smoothed_frames
0.25,investigation,33,47,0.8648648648648649,5744,5775,5742,5778,2,-3,test_1,Mouse063_20160526_19-14-46,smoothed_frames
0.25,mount,34,48,0.6511627906976745,5776,5807,5780,5818,-4,-11,test_1,Mouse063_20160526_19-14-46,smoothed_frames
0.25,investigation,35,49,0.765625,5808,5871,5820,5868,-12,3,test_1,Mouse063_20160526_19-14-46,smoothed_frames
0.25,investigation,36,52,0.56875,6464,6623,6486,6576,-22,47,test_1,Mouse063_20160526_19-14-46,smoothed_frames
0.25,investigation,38,56,0.8046875,7200,7327,7207,7309,-7,18,test_1,Mouse063_20160526_19-14-46,smoothed_frames
0.25,investigation,39,59,0.6467065868263473,7888,8047,7940,8054,-52,-7,test_1,Mouse063_20160526_19-14-46,smoothed_frames
0.25,mount,40,60,0.8,8048,8127,8056,8137,-8,-10,test_1,Mouse063_20160526_19-14-46,smoothed_frames
0.25,investigation,41,63,0.25,8128,8223,8161,8184,-33,39,test_1,Mouse063_20160526_19-14-46,smoothed_frames
0.25,investigation,42,65,0.7375,8704,8783,8709,8767,-5,16,test_1,Mouse063_20160526_19-14-46,smoothed_frames
0.25,mount,43,67,0.7375,8944,9023,8960,9018,-16,5,test_1,Mouse063_20160526_19-14-46,smoothed_frames
0.25,investigation,44,72,0.6363636363636364,9152,9327,9186,9297,-34,30,test_1,Mouse063_20160526_19-14-46,smoothed_frames
0.25,investigation,45,74,0.5625,9648,9663,9649,9657,-1,6,test_1,Mouse063_20160526_19-14-46,smoothed_frames
0.25,investigation,46,76,0.34782608695652173,9728,9743,9736,9750,-8,-7,test_1,Mouse063_20160526_19-14-46,smoothed_frames
0.25,investigation,47,79,0.35294117647058826,10288,10319,10308,10321,-20,-2,test_1,Mouse063_20160526_19-14-46,smoothed_frames
0.25,mount,48,80,0.7222222222222222,10320,10335,10323,10337,-3,-2,test_1,Mouse063_20160526_19-14-46,smoothed_frames
0.25,investigation,49,81,0.5208333333333334,10336,10383,10339,10363,-3,20,test_1,Mouse063_20160526_19-14-46,smoothed_frames
0.25,mount,51,85,0.3541666666666667,10720,10815,10734,10767,-14,48,test_1,Mouse063_20160526_19-14-46,smoothed_frames
0.25,investigation,52,88,0.28125,10960,10991,10968,10976,-8,15,test_1,Mouse063_20160526_19-14-46,smoothed_frames
0.25,investigation,53,89,0.3875,11024,11103,11038,11068,-14,35,test_1,Mouse063_20160526_19-14-46,smoothed_frames
0.25,investigation,55,93,0.7421875,11376,11503,11396,11490,-20,13,test_1,Mouse063_20160526_19-14-46,smoothed_frames
0.25,investigation,56,94,0.6086956521739131,11664,11679,11666,11686,-2,-7,test_1,Mouse063_20160526_19-14-46,smoothed_frames
0.25,investigation,57,95,0.48148148148148145,12144,12159,12147,12170,-3,-11,test_1,Mouse063_20160526_19-14-46,smoothed_frames
0.25,investigation,60,97,0.3283582089552239,12464,12527,12461,12485,3,42,test_1,Mouse063_20160526_19-14-46,smoothed_frames
0.25,investigation,61,100,0.25,12736,12783,12745,12756,-9,27,test_1,Mouse063_20160526_19-14-46,smoothed_frames
0.25,mount,62,103,0.25,12784,12863,12783,13102,1,-239,test_1,Mouse063_20160526_19-14-46,smoothed_frames
0.25,investigation,66,106,0.8713235294117647,13472,13743,13505,13741,-33,2,test_1,Mouse063_20160526_19-14-46,smoothed_frames
0.25,investigation,68,110,0.36607142857142855,14064,14175,14094,14134,-30,41,test_1,Mouse063_20160526_19-14-46,smoothed_frames
0.25,investigation,70,113,0.375,14816,15007,14831,14902,-15,105,test_1,Mouse063_20160526_19-14-46,smoothed_frames
0.25,mount,71,119,0.47058823529411764,15008,15055,14981,15082,27,-27,test_1,Mouse063_20160526_19-14-46,smoothed_frames
0.25,investigation,73,122,0.6041666666666666,15536,15583,15545,15573,-9,10,test_1,Mouse063_20160526_19-14-46,smoothed_frames
0.25,investigation,75,123,0.9504950495049505,15984,16079,15983,16083,1,-4,test_1,Mouse063_20160526_19-14-46,smoothed_frames
0.25,mount,76,124,0.8201754385964912,16080,16271,16085,16307,-5,-36,test_1,Mouse063_20160526_19-14-46,smoothed_frames
0.25,investigation,79,128,0.6666666666666666,16976,17007,16986,17008,-10,-1,test_1,Mouse063_20160526_19-14-46,smoothed_frames
0.25,mount,80,129,0.7076923076923077,17008,17055,17010,17072,-2,-17,test_1,Mouse063_20160526_19-14-46,smoothed_frames
0.25,investigation,81,130,0.4117647058823529,17056,17087,17074,17089,-18,-2,test_1,Mouse063_20160526_19-14-46,smoothed_frames
0.25,investigation,82,132,0.34146341463414637,17600,17631,17618,17640,-18,-9,test_1,Mouse063_20160526_19-14-46,smoothed_frames
0.25,mount,83,133,0.7105263157894737,17632,17695,17642,17707,-10,-12,test_1,Mouse063_20160526_19-14-46,smoothed_frames
0.25,investigation,85,134,0.40625,17888,17919,17899,17911,-11,8,test_1,Mouse063_20160526_19-14-46,smoothed_frames
0.25,investigation,87,138,0.40625,17952,17983,17960,17972,-8,11,test_1,Mouse063_20160526_19-14-46,smoothed_frames
0.25,investigation,90,140,0.3877551020408163,18416,18447,18429,18464,-13,-17,test_1,Mouse063_20160526_19-14-46,smoothed_frames
0.25,mount,91,141,0.9217391304347826,18448,18783,18466,18792,-18,-9,test_1,Mouse063_20160526_19-14-46,smoothed_frames
0.5,investigation,3,7,0.8541666666666666,688,831,696,818,-8,13,test_1,Mouse063_20160526_19-14-46,smoothed_frames
0.5,investigation,4,10,0.5357142857142857,896,1343,987,1226,-91,117,test_1,Mouse063_20160526_19-14-46,smoothed_frames
0.5,mount,6,13,0.6666666666666666,1600,1631,1608,1635,-8,-4,test_1,Mouse063_20160526_19-14-46,smoothed_frames
0.5,investigation,7,14,0.8798076923076923,1632,1839,1637,1819,-5,20,test_1,Mouse063_20160526_19-14-46,smoothed_frames
0.5,investigation,8,16,0.5,1952,1983,1967,1985,-15,-2,test_1,Mouse063_20160526_19-14-46,smoothed_frames
0.5,mount,11,19,0.5384615384615384,2144,2191,2164,2195,-20,-4,test_1,Mouse063_20160526_19-14-46,smoothed_frames
0.5,investigation,12,20,0.53125,2192,2223,2197,2213,-5,10,test_1,Mouse063_20160526_19-14-46,smoothed_frames
0.5,investigation,13,22,0.5277777777777778,2800,2943,2804,2879,-4,64,test_1,Mouse063_20160526_19-14-46,smoothed_frames
0.5,mount,18,29,0.7,3248,3327,3266,3321,-18,6,test_1,Mouse063_20160526_19-14-46,smoothed_frames
0.5,investigation,20,31,0.8839285714285714,3744,3967,3752,3949,-8,18,test_1,Mouse063_20160526_19-14-46,smoothed_frames
0.5,investigation,21,32,0.5294117647058824,3984,3999,3991,4000,-7,-1,test_1,Mouse063_20160526_19-14-46,smoothed_frames
0.5,investigation,24,35,0.7111111111111111,4656,4687,4653,4697,3,-10,test_1,Mouse063_20160526_19-14-46,smoothed_frames
0.5,mount,25,36,0.7571428571428571,4688,4751,4699,4757,-11,-6,test_1,Mouse063_20160526_19-14-46,smoothed_frames
0.5,mount,28,39,0.5892857142857143,4992,5103,5002,5067,-10,36,test_1,Mouse063_20160526_19-14-46,smoothed_frames
0.5,mount,30,41,0.8110236220472441,5168,5279,5177,5294,-9,-15,test_1,Mouse063_20160526_19-14-46,smoothed_frames
0.5,investigation,31,42,0.5520833333333334,5280,5375,5296,5348,-16,27,test_1,Mouse063_20160526_19-14-46,smoothed_frames
0.5,investigation,33,47,0.8648648648648649,5744,5775,5742,5778,2,-3,test_1,Mouse063_20160526_19-14-46,smoothed_frames
0.5,mount,34,48,0.6511627906976745,5776,5807,5780,5818,-4,-11,test_1,Mouse063_20160526_19-14-46,smoothed_frames
0.5,investigation,35,49,0.765625,5808,5871,5820,5868,-12,3,test_1,Mouse063_20160526_19-14-46,smoothed_frames
0.5,investigation,36,52,0.56875,6464,6623,6486,6576,-22,47,test_1,Mouse063_20160526_19-14-46,smoothed_frames
0.5,investigation,38,56,0.8046875,7200,7327,7207,7309,-7,18,test_1,Mouse063_20160526_19-14-46,smoothed_frames
0.5,investigation,39,59,0.6467065868263473,7888,8047,7940,8054,-52,-7,test_1,Mouse063_20160526_19-14-46,smoothed_frames
0.5,mount,40,60,0.8,8048,8127,8056,8137,-8,-10,test_1,Mouse063_20160526_19-14-46,smoothed_frames
0.5,investigation,42,65,0.7375,8704,8783,8709,8767,-5,16,test_1,Mouse063_20160526_19-14-46,smoothed_frames
0.5,mount,43,67,0.7375,8944,9023,8960,9018,-16,5,test_1,Mouse063_20160526_19-14-46,smoothed_frames
0.5,investigation,44,72,0.6363636363636364,9152,9327,9186,9297,-34,30,test_1,Mouse063_20160526_19-14-46,smoothed_frames
0.5,investigation,45,74,0.5625,9648,9663,9649,9657,-1,6,test_1,Mouse063_20160526_19-14-46,smoothed_frames
0.5,mount,48,80,0.7222222222222222,10320,10335,10323,10337,-3,-2,test_1,Mouse063_20160526_19-14-46,smoothed_frames
0.5,investigation,49,81,0.5208333333333334,10336,10383,10339,10363,-3,20,test_1,Mouse063_20160526_19-14-46,smoothed_frames
0.5,investigation,55,93,0.7421875,11376,11503,11396,11490,-20,13,test_1,Mouse063_20160526_19-14-46,smoothed_frames
0.5,investigation,56,94,0.6086956521739131,11664,11679,11666,11686,-2,-7,test_1,Mouse063_20160526_19-14-46,smoothed_frames
0.5,mount,64,103,0.5,12880,13039,12783,13102,97,-63,test_1,Mouse063_20160526_19-14-46,smoothed_frames
0.5,investigation,66,106,0.8713235294117647,13472,13743,13505,13741,-33,2,test_1,Mouse063_20160526_19-14-46,smoothed_frames
0.5,investigation,73,122,0.6041666666666666,15536,15583,15545,15573,-9,10,test_1,Mouse063_20160526_19-14-46,smoothed_frames
0.5,investigation,75,123,0.9504950495049505,15984,16079,15983,16083,1,-4,test_1,Mouse063_20160526_19-14-46,smoothed_frames
0.5,mount,76,124,0.8201754385964912,16080,16271,16085,16307,-5,-36,test_1,Mouse063_20160526_19-14-46,smoothed_frames
0.5,investigation,79,128,0.6666666666666666,16976,17007,16986,17008,-10,-1,test_1,Mouse063_20160526_19-14-46,smoothed_frames
0.5,mount,80,129,0.7076923076923077,17008,17055,17010,17072,-2,-17,test_1,Mouse063_20160526_19-14-46,smoothed_frames
0.5,mount,83,133,0.7105263157894737,17632,17695,17642,17707,-10,-12,test_1,Mouse063_20160526_19-14-46,smoothed_frames
0.5,mount,91,141,0.9217391304347826,18448,18783,18466,18792,-18,-9,test_1,Mouse063_20160526_19-14-46,smoothed_frames
0.25,investigation,0,0,0.9791666666666666,0,239,5,239,-5,0,test_1,Mouse069_20160709_16-02-03,raw_windows
0.25,investigation,1,1,0.9903846153846154,272,479,272,477,0,2,test_1,Mouse069_20160709_16-02-03,raw_windows
0.25,investigation,2,2,0.8476190476190476,608,879,565,874,43,5,test_1,Mouse069_20160709_16-02-03,raw_windows
0.25,attack,3,4,0.6339285714285714,880,991,909,979,-29,12,test_1,Mouse069_20160709_16-02-03,raw_windows
0.25,investigation,4,5,0.4423076923076923,992,1023,1001,1043,-9,-20,test_1,Mouse069_20160709_16-02-03,raw_windows
0.25,attack,5,6,0.49375,1024,1183,1045,1123,-21,60,test_1,Mouse069_20160709_16-02-03,raw_windows
0.25,investigation,6,9,0.2608695652173913,1184,1199,1194,1206,-10,-7,test_1,Mouse069_20160709_16-02-03,raw_windows
0.25,attack,7,10,0.7058823529411765,1200,1231,1208,1233,-8,-2,test_1,Mouse069_20160709_16-02-03,raw_windows
0.25,investigation,8,11,0.78125,1232,1263,1235,1259,-3,4,test_1,Mouse069_20160709_16-02-03,raw_windows
0.25,attack,13,14,0.3448275862068966,1424,1503,1353,1584,71,-81,test_1,Mouse069_20160709_16-02-03,raw_windows
0.25,investigation,16,15,0.7560975609756098,1568,1647,1586,1649,-18,-2,test_1,Mouse069_20160709_16-02-03,raw_windows
0.25,investigation,17,17,0.8333333333333334,3120,3167,3128,3167,-8,0,test_1,Mouse069_20160709_16-02-03,raw_windows
0.25,investigation,19,18,0.5586080586080586,3424,3839,3294,3728,130,111,test_1,Mouse069_20160709_16-02-03,raw_windows
0.25,attack,20,22,0.5919003115264797,3840,4159,3970,4160,-130,-1,test_1,Mouse069_20160709_16-02-03,raw_windows
0.25,investigation,21,23,0.375,4304,4319,4313,4318,-9,1,test_1,Mouse069_20160709_16-02-03,raw_windows
0.25,attack,22,24,0.43243243243243246,4320,4351,4320,4393,0,-42,test_1,Mouse069_20160709_16-02-03,raw_windows
0.25,attack,24,26,0.44545454545454544,4464,4575,4478,4683,-14,-108,test_1,Mouse069_20160709_16-02-03,raw_windows
0.25,attack,27,27,0.30735930735930733,4640,4767,4697,4870,-57,-103,test_1,Mouse069_20160709_16-02-03,raw_windows
0.25,investigation,31,29,0.8857142857142857,7488,7519,7489,7522,-1,-3,test_1,Mouse069_20160709_16-02-03,raw_windows
0.25,investigation,32,30,0.8275862068965517,7856,7903,7849,7906,7,-3,test_1,Mouse069_20160709_16-02-03,raw_windows
0.25,investigation,33,33,0.8557692307692307,8688,8783,8695,8791,-7,-8,test_1,Mouse069_20160709_16-02-03,raw_windows
0.25,investigation,34,34,0.8912280701754386,8880,9151,8867,9133,13,18,test_1,Mouse069_20160709_16-02-03,raw_windows
0.25,investigation,35,36,0.71875,9568,9599,9572,9594,-4,5,test_1,Mouse069_20160709_16-02-03,raw_windows
0.25,investigation,37,37,0.71875,9728,9759,9736,9758,-8,1,test_1,Mouse069_20160709_16-02-03,raw_windows
0.25,investigation,40,40,0.7241379310344828,10432,10479,10438,10489,-6,-10,test_1,Mouse069_20160709_16-02-03,raw_windows
0.25,attack,41,41,0.5749128919860628,10480,10655,10491,10766,-11,-111,test_1,Mouse069_20160709_16-02-03,raw_windows
0.25,attack,44,43,0.9290322580645162,10816,10959,10812,10966,4,-7,test_1,Mouse069_20160709_16-02-03,raw_windows
0.25,attack,45,45,0.625,11024,11087,11033,11072,-9,15,test_1,Mouse069_20160709_16-02-03,raw_windows
0.25,attack,47,47,0.75,11120,11247,11136,11231,-16,16,test_1,Mouse069_20160709_16-02-03,raw_windows
0.25,investigation,48,48,0.45714285714285713,11248,11263,11233,11267,15,-4,test_1,Mouse069_20160709_16-02-03,raw_windows
0.25,investigation,49,51,0.40625,11312,11343,11326,11338,-14,5,test_1,Mouse069_20160709_16-02-03,raw_windows
0.25,investigation,50,52,0.7142857142857143,11424,11487,11418,11473,6,14,test_1,Mouse069_20160709_16-02-03,raw_windows
0.25,attack,51,55,0.625,11760,11823,11766,11805,-6,18,test_1,Mouse069_20160709_16-02-03,raw_windows
0.25,investigation,53,61,0.3404255319148936,15568,15599,15539,15632,29,-33,test_1,Mouse069_20160709_16-02-03,raw_windows
0.5,investigation,0,0,0.9791666666666666,0,239,5,239,-5,0,test_1,Mouse069_20160709_16-02-03,raw_windows
0.5,investigation,1,1,0.9903846153846154,272,479,272,477,0,2,test_1,Mouse069_20160709_16-02-03,raw_windows
0.5,investigation,2,2,0.8476190476190476,608,879,565,874,43,5,test_1,Mouse069_20160709_16-02-03,raw_windows
0.5,attack,3,4,0.6339285714285714,880,991,909,979,-29,12,test_1,Mouse069_20160709_16-02-03,raw_windows
0.5,attack,7,10,0.7058823529411765,1200,1231,1208,1233,-8,-2,test_1,Mouse069_20160709_16-02-03,raw_windows
0.5,investigation,8,11,0.78125,1232,1263,1235,1259,-3,4,test_1,Mouse069_20160709_16-02-03,raw_windows
0.5,investigation,16,15,0.7560975609756098,1568,1647,1586,1649,-18,-2,test_1,Mouse069_20160709_16-02-03,raw_windows
0.5,investigation,17,17,0.8333333333333334,3120,3167,3128,3167,-8,0,test_1,Mouse069_20160709_16-02-03,raw_windows
0.5,investigation,19,18,0.5586080586080586,3424,3839,3294,3728,130,111,test_1,Mouse069_20160709_16-02-03,raw_windows
0.5,attack,20,22,0.5919003115264797,3840,4159,3970,4160,-130,-1,test_1,Mouse069_20160709_16-02-03,raw_windows
0.5,investigation,31,29,0.8857142857142857,7488,7519,7489,7522,-1,-3,test_1,Mouse069_20160709_16-02-03,raw_windows
0.5,investigation,32,30,0.8275862068965517,7856,7903,7849,7906,7,-3,test_1,Mouse069_20160709_16-02-03,raw_windows
0.5,investigation,33,33,0.8557692307692307,8688,8783,8695,8791,-7,-8,test_1,Mouse069_20160709_16-02-03,raw_windows
0.5,investigation,34,34,0.8912280701754386,8880,9151,8867,9133,13,18,test_1,Mouse069_20160709_16-02-03,raw_windows
0.5,investigation,35,36,0.71875,9568,9599,9572,9594,-4,5,test_1,Mouse069_20160709_16-02-03,raw_windows
0.5,investigation,37,37,0.71875,9728,9759,9736,9758,-8,1,test_1,Mouse069_20160709_16-02-03,raw_windows
0.5,investigation,40,40,0.7241379310344828,10432,10479,10438,10489,-6,-10,test_1,Mouse069_20160709_16-02-03,raw_windows
0.5,attack,41,41,0.5749128919860628,10480,10655,10491,10766,-11,-111,test_1,Mouse069_20160709_16-02-03,raw_windows
0.5,attack,44,43,0.9290322580645162,10816,10959,10812,10966,4,-7,test_1,Mouse069_20160709_16-02-03,raw_windows
0.5,attack,45,45,0.625,11024,11087,11033,11072,-9,15,test_1,Mouse069_20160709_16-02-03,raw_windows
0.5,attack,47,47,0.75,11120,11247,11136,11231,-16,16,test_1,Mouse069_20160709_16-02-03,raw_windows
0.5,investigation,50,52,0.7142857142857143,11424,11487,11418,11473,6,14,test_1,Mouse069_20160709_16-02-03,raw_windows
0.5,attack,51,55,0.625,11760,11823,11766,11805,-6,18,test_1,Mouse069_20160709_16-02-03,raw_windows
0.25,investigation,0,0,0.9791666666666666,0,239,5,239,-5,0,test_1,Mouse069_20160709_16-02-03,smoothed_frames
0.25,investigation,1,1,0.9196428571428571,272,495,272,477,0,18,test_1,Mouse069_20160709_16-02-03,smoothed_frames
0.25,investigation,2,2,0.8549848942598187,592,895,565,874,27,21,test_1,Mouse069_20160709_16-02-03,smoothed_frames
0.25,attack,3,4,0.7976190476190477,896,975,909,979,-13,-4,test_1,Mouse069_20160709_16-02-03,smoothed_frames
0.25,investigation,4,5,0.5735294117647058,976,1039,1001,1043,-25,-4,test_1,Mouse069_20160709_16-02-03,smoothed_frames
0.25,attack,5,6,0.8928571428571429,1040,1119,1045,1123,-5,-4,test_1,Mouse069_20160709_16-02-03,smoothed_frames
0.25,investigation,6,7,0.75,1120,1151,1125,1148,-5,3,test_1,Mouse069_20160709_16-02-03,smoothed_frames
0.25,attack,7,8,0.37209302325581395,1152,1167,1150,1192,2,-25,test_1,Mouse069_20160709_16-02-03,smoothed_frames
0.25,investigation,8,11,0.3125,1184,1263,1235,1259,-51,4,test_1,Mouse069_20160709_16-02-03,smoothed_frames
0.25,investigation,10,13,0.4583333333333333,1280,1343,1311,1351,-31,-8,test_1,Mouse069_20160709_16-02-03,smoothed_frames
0.25,attack,13,14,0.27586206896551724,1424,1487,1353,1584,71,-97,test_1,Mouse069_20160709_16-02-03,smoothed_frames
0.25,investigation,16,15,0.7560975609756098,1568,1647,1586,1649,-18,-2,test_1,Mouse069_20160709_16-02-03,smoothed_frames
0.25,investigation,17,16,0.48484848484848486,2144,2159,2138,2170,6,-11,test_1,Mouse069_20160709_16-02-03,smoothed_frames
0.25,investigation,18,17,0.8333333333333334,3120,3167,3128,3167,-8,0,test_1,Mouse069_20160709_16-02-03,smoothed_frames
0.25,investigation,19,18,0.7552083333333334,3280,3855,3294,3728,-14,127,test_1,Mouse069_20160709_16-02-03,smoothed_frames
0.25,attack,20,20,0.48854961832061067,3856,3919,3828,3958,28,-39,test_1,Mouse069_20160709_16-02-03,smoothed_frames
0.25,investigation,22,21,0.28125,3952,3983,3960,3968,-8,15,test_1,Mouse069_20160709_16-02-03,smoothed_frames
0.25,attack,23,22,0.9214659685863874,3984,4159,3970,4160,14,-1,test_1,Mouse069_20160709_16-02-03,smoothed_frames
0.25,investigation,24,23,0.375,4304,4319,4313,4318,-9,1,test_1,Mouse069_20160709_16-02-03,smoothed_frames
0.25,attack,26,26,0.3883495145631068,4480,4559,4478,4683,2,-124,test_1,Mouse069_20160709_16-02-03,smoothed_frames
0.25,investigation,33,29,0.6078431372549019,7472,7519,7489,7522,-17,-3,test_1,Mouse069_20160709_16-02-03,smoothed_frames
0.25,investigation,34,30,0.725,7840,7919,7849,7906,-9,13,test_1,Mouse069_20160709_16-02-03,smoothed_frames
0.25,investigation,36,33,0.7578125,8672,8799,8695,8791,-23,8,test_1,Mouse069_20160709_16-02-03,smoothed_frames
0.25,investigation,37,34,0.9270833333333334,8864,9151,8867,9133,-3,18,test_1,Mouse069_20160709_16-02-03,smoothed_frames
0.25,investigation,38,35,0.6666666666666666,9360,9407,9368,9399,-8,8,test_1,Mouse069_20160709_16-02-03,smoothed_frames
0.25,investigation,39,36,0.71875,9568,9599,9572,9594,-4,5,test_1,Mouse069_20160709_16-02-03,smoothed_frames
0.25,investigation,43,40,0.7241379310344828,10432,10479,10438,10489,-6,-10,test_1,Mouse069_20160709_16-02-03,smoothed_frames
0.25,attack,44,41,0.4057971014492754,10496,10607,10491,10766,5,-159,test_1,Mouse069_20160709_16-02-03,smoothed_frames
0.25,attack,49,43,0.4129032258064516,10896,10959,10812,10966,84,-7,test_1,Mouse069_20160709_16-02-03,smoothed_frames
0.25,attack,50,45,0.8,11040,11071,11033,11072,7,-1,test_1,Mouse069_20160709_16-02-03,smoothed_frames
0.25,attack,52,47,1.0,11136,11231,11136,11231,0,0,test_1,Mouse069_20160709_16-02-03,smoothed_frames
0.25,investigation,53,48,0.2734375,11232,11359,11233,11267,-1,92,test_1,Mouse069_20160709_16-02-03,smoothed_frames
0.25,investigation,54,52,0.7,11408,11487,11418,11473,-10,14,test_1,Mouse069_20160709_16-02-03,smoothed_frames
0.25,investigation,56,54,0.6190476190476191,11744,11759,11747,11764,-3,-5,test_1,Mouse069_20160709_16-02-03,smoothed_frames
0.25,attack,57,55,0.7142857142857143,11776,11807,11766,11805,10,2,test_1,Mouse069_20160709_16-02-03,smoothed_frames
0.25,investigation,59,57,0.28125,12032,12063,12050,12058,-18,5,test_1,Mouse069_20160709_16-02-03,smoothed_frames
0.25,investigation,60,61,0.9587628865979382,15536,15631,15539,15632,-3,-1,test_1,Mouse069_20160709_16-02-03,smoothed_frames
0.25,investigation,61,62,1.0,15696,15711,15696,15711,0,0,test_1,Mouse069_20160709_16-02-03,smoothed_frames
0.5,investigation,0,0,0.9791666666666666,0,239,5,239,-5,0,test_1,Mouse069_20160709_16-02-03,smoothed_frames
0.5,investigation,1,1,0.9196428571428571,272,495,272,477,0,18,test_1,Mouse069_20160709_16-02-03,smoothed_frames
0.5,investigation,2,2,0.8549848942598187,592,895,565,874,27,21,test_1,Mouse069_20160709_16-02-03,smoothed_frames
0.5,attack,3,4,0.7976190476190477,896,975,909,979,-13,-4,test_1,Mouse069_20160709_16-02-03,smoothed_frames
0.5,investigation,4,5,0.5735294117647058,976,1039,1001,1043,-25,-4,test_1,Mouse069_20160709_16-02-03,smoothed_frames
0.5,attack,5,6,0.8928571428571429,1040,1119,1045,1123,-5,-4,test_1,Mouse069_20160709_16-02-03,smoothed_frames
0.5,investigation,6,7,0.75,1120,1151,1125,1148,-5,3,test_1,Mouse069_20160709_16-02-03,smoothed_frames
0.5,investigation,16,15,0.7560975609756098,1568,1647,1586,1649,-18,-2,test_1,Mouse069_20160709_16-02-03,smoothed_frames
0.5,investigation,18,17,0.8333333333333334,3120,3167,3128,3167,-8,0,test_1,Mouse069_20160709_16-02-03,smoothed_frames
0.5,investigation,19,18,0.7552083333333334,3280,3855,3294,3728,-14,127,test_1,Mouse069_20160709_16-02-03,smoothed_frames
0.5,attack,23,22,0.9214659685863874,3984,4159,3970,4160,14,-1,test_1,Mouse069_20160709_16-02-03,smoothed_frames
0.5,investigation,33,29,0.6078431372549019,7472,7519,7489,7522,-17,-3,test_1,Mouse069_20160709_16-02-03,smoothed_frames
0.5,investigation,34,30,0.725,7840,7919,7849,7906,-9,13,test_1,Mouse069_20160709_16-02-03,smoothed_frames
0.5,investigation,36,33,0.7578125,8672,8799,8695,8791,-23,8,test_1,Mouse069_20160709_16-02-03,smoothed_frames
0.5,investigation,37,34,0.9270833333333334,8864,9151,8867,9133,-3,18,test_1,Mouse069_20160709_16-02-03,smoothed_frames
0.5,investigation,38,35,0.6666666666666666,9360,9407,9368,9399,-8,8,test_1,Mouse069_20160709_16-02-03,smoothed_frames
0.5,investigation,39,36,0.71875,9568,9599,9572,9594,-4,5,test_1,Mouse069_20160709_16-02-03,smoothed_frames
0.5,investigation,43,40,0.7241379310344828,10432,10479,10438,10489,-6,-10,test_1,Mouse069_20160709_16-02-03,smoothed_frames
0.5,attack,50,45,0.8,11040,11071,11033,11072,7,-1,test_1,Mouse069_20160709_16-02-03,smoothed_frames
0.5,attack,52,47,1.0,11136,11231,11136,11231,0,0,test_1,Mouse069_20160709_16-02-03,smoothed_frames
0.5,investigation,54,52,0.7,11408,11487,11418,11473,-10,14,test_1,Mouse069_20160709_16-02-03,smoothed_frames
0.5,investigation,56,54,0.6190476190476191,11744,11759,11747,11764,-3,-5,test_1,Mouse069_20160709_16-02-03,smoothed_frames
0.5,attack,57,55,0.7142857142857143,11776,11807,11766,11805,10,2,test_1,Mouse069_20160709_16-02-03,smoothed_frames
0.5,investigation,60,61,0.9587628865979382,15536,15631,15539,15632,-3,-1,test_1,Mouse069_20160709_16-02-03,smoothed_frames
0.5,investigation,61,62,1.0,15696,15711,15696,15711,0,0,test_1,Mouse069_20160709_16-02-03,smoothed_frames
