split,video_id,prediction_type,predictions_csv,annot_path,n_frames,fps,annot_fps,accuracy,frame_macro_f1_present_behaviors,bout_macro_f1_iou10_present_behaviors,bout_macro_f1_iou25_present_behaviors,bout_macro_f1_iou50_present_behaviors,gt_bouts_total,pred_bouts_total,stream,head,capacity,seed,model_name,eval_dir,train_dir,backbone,model_base,family,model,dataset,feature_set,eval_root
test_1,Mouse060_20160526_18-16-27,smoothed_frames,<RUN_ROOT>\outputs\controlled_comparison_runs\run_20260528_205727\neural_eval\yolo_sppf_full_attention256_seed42\test_1\Mouse060_20160526_18-16-27\Mouse060_20160526_18-16-27.behavior.smoothed_frames.csv,<MARS_DATA_ROOT>\test_1\Mouse060_20160526_18-16-27\Mouse060_20160526_18-16-27_anno.annot,24288,30.0,30.0,0.91308465085639,0.8629368377730613,0.8370827285921625,0.7989840348330914,0.683599419448476,109,104,full,attention,256.0,42,yolo_sppf_full_attention256_seed42,<RUN_ROOT>\outputs\controlled_comparison_runs\run_20260528_205727\neural_eval\yolo_sppf_full_attention256_seed42,<RUN_ROOT>\outputs\controlled_comparison_runs\run_20260528_205727\neural_training\yolo_sppf_full_attention256_seed42,yolo_sppf,yolo_sppf_full_attention256,,,,,
test_1,Mouse061_20160526_18-38-49,smoothed_frames,<RUN_ROOT>\outputs\controlled_comparison_runs\run_20260528_205727\neural_eval\yolo_sppf_full_attention256_seed42\test_1\Mouse061_20160526_18-38-49\Mouse061_20160526_18-38-49.behavior.smoothed_frames.csv,<MARS_DATA_ROOT>\test_1\Mouse061_20160526_18-38-49\Mouse061_20160526_18-38-49_anno.annot,18640,30.0,30.0,0.9100858369098712,0.9135558117653886,0.8407738095238095,0.8303571428571428,0.7202380952380952,63,55,full,attention,256.0,42,yolo_sppf_full_attention256_seed42,<RUN_ROOT>\outputs\controlled_comparison_runs\run_20260528_205727\neural_eval\yolo_sppf_full_attention256_seed42,<RUN_ROOT>\outputs\controlled_comparison_runs\run_20260528_205727\neural_training\yolo_sppf_full_attention256_seed42,yolo_sppf,yolo_sppf_full_attention256,,,,,
test_1,Mouse062_20160526_18-56-26,smoothed_frames,<RUN_ROOT>\outputs\controlled_comparison_runs\run_20260528_205727\neural_eval\yolo_sppf_full_attention256_seed42\test_1\Mouse062_20160526_18-56-26\Mouse062_20160526_18-56-26.behavior.smoothed_frames.csv,<MARS_DATA_ROOT>\test_1\Mouse062_20160526_18-56-26\Mouse062_20160526_18-56-26_anno.annot,19632,30.0,30.0,0.9378565607171964,0.952790801023416,0.7679487179487179,0.7679487179487179,0.7262820512820511,79,54,full,attention,256.0,42,yolo_sppf_full_attention256_seed42,<RUN_ROOT>\outputs\controlled_comparison_runs\run_20260528_205727\neural_eval\yolo_sppf_full_attention256_seed42,<RUN_ROOT>\outputs\controlled_comparison_runs\run_20260528_205727\neural_training\yolo_sppf_full_attention256_seed42,yolo_sppf,yolo_sppf_full_attention256,,,,,
test_1,Mouse063_20160526_19-14-46,smoothed_frames,<RUN_ROOT>\outputs\controlled_comparison_runs\run_20260528_205727\neural_eval\yolo_sppf_full_attention256_seed42\test_1\Mouse063_20160526_19-14-46\Mouse063_20160526_19-14-46.behavior.smoothed_frames.csv,<MARS_DATA_ROOT>\test_1\Mouse063_20160526_19-14-46\Mouse063_20160526_19-14-46_anno.annot,19296,30.0,30.0,0.8720978441127695,0.7828991053031495,0.6910751349107513,0.6333748443337484,0.463428808634288,144,97,full,attention,256.0,42,yolo_sppf_full_attention256_seed42,<RUN_ROOT>\outputs\controlled_comparison_runs\run_20260528_205727\neural_eval\yolo_sppf_full_attention256_seed42,<RUN_ROOT>\outputs\controlled_comparison_runs\run_20260528_205727\neural_training\yolo_sppf_full_attention256_seed42,yolo_sppf,yolo_sppf_full_attention256,,,,,
test_1,Mouse069_20160709_16-02-03,smoothed_frames,<RUN_ROOT>\outputs\controlled_comparison_runs\run_20260528_205727\neural_eval\yolo_sppf_full_attention256_seed42\test_1\Mouse069_20160709_16-02-03\Mouse069_20160709_16-02-03.behavior.smoothed_frames.csv,<MARS_DATA_ROOT>\test_1\Mouse069_20160709_16-02-03\Mouse069_20160709_16-02-03_anno.annot,18496,30.0,30.0,0.9272815743944636,0.538638501080435,0.4841588576528335,0.4335118250780901,0.3297634984381972,66,58,full,attention,256.0,42,yolo_sppf_full_attention256_seed42,<RUN_ROOT>\outputs\controlled_comparison_runs\run_20260528_205727\neural_eval\yolo_sppf_full_attention256_seed42,<RUN_ROOT>\outputs\controlled_comparison_runs\run_20260528_205727\neural_training\yolo_sppf_full_attention256_seed42,yolo_sppf,yolo_sppf_full_attention256,,,,,
test_1,Mouse070_20160709_16-58-36,smoothed_frames,<RUN_ROOT>\outputs\controlled_comparison_runs\run_20260528_205727\neural_eval\yolo_sppf_full_attention256_seed42\test_1\Mouse070_20160709_16-58-36\Mouse070_20160709_16-58-36.behavior.smoothed_frames.csv,<MARS_DATA_ROOT>\test_1\Mouse070_20160709_16-58-36\Mouse070_20160709_16-58-36_anno.annot,20192,30.0,30.0,0.8501881933438986,0.6202869353537787,0.5284858853721128,0.4699743370402052,0.3042486455660108,193,82,full,attention,256.0,42,yolo_sppf_full_attention256_seed42,<RUN_ROOT>\outputs\controlled_comparison_runs\run_20260528_205727\neural_eval\yolo_sppf_full_attention256_seed42,<RUN_ROOT>\outputs\controlled_comparison_runs\run_20260528_205727\neural_training\yolo_sppf_full_attention256_seed42,yolo_sppf,yolo_sppf_full_attention256,,,,,
test_1,Mouse074_20160709_19-15-23,smoothed_frames,<RUN_ROOT>\outputs\controlled_comparison_runs\run_20260528_205727\neural_eval\yolo_sppf_full_attention256_seed42\test_1\Mouse074_20160709_19-15-23\Mouse074_20160709_19-15-23.behavior.smoothed_frames.csv,<MARS_DATA_ROOT>\test_1\Mouse074_20160709_19-15-23\Mouse074_20160709_19-15-23_anno.annot,19376,30.0,30.0,0.8993600330305532,0.6267300812693175,0.5909985243482537,0.5272995573044761,0.3320216428922774,119,66,full,attention,256.0,42,yolo_sppf_full_attention256_seed42,<RUN_ROOT>\outputs\controlled_comparison_runs\run_20260528_205727\neural_eval\yolo_sppf_full_attention256_seed42,<RUN_ROOT>\outputs\controlled_comparison_runs\run_20260528_205727\neural_training\yolo_sppf_full_attention256_seed42,yolo_sppf,yolo_sppf_full_attention256,,,,,
test_1,Mouse077_20160709_18-29-34,smoothed_frames,<RUN_ROOT>\outputs\controlled_comparison_runs\run_20260528_205727\neural_eval\yolo_sppf_full_attention256_seed42\test_1\Mouse077_20160709_18-29-34\Mouse077_20160709_18-29-34.behavior.smoothed_frames.csv,<MARS_DATA_ROOT>\test_1\Mouse077_20160709_18-29-34\Mouse077_20160709_18-29-34_anno.annot,19952,30.0,30.0,0.7907979149959904,0.5027018252810114,0.465133549521004,0.3910438893977276,0.2080847587692155,280,122,full,attention,256.0,42,yolo_sppf_full_attention256_seed42,<RUN_ROOT>\outputs\controlled_comparison_runs\run_20260528_205727\neural_eval\yolo_sppf_full_attention256_seed42,<RUN_ROOT>\outputs\controlled_comparison_runs\run_20260528_205727\neural_training\yolo_sppf_full_attention256_seed42,yolo_sppf,yolo_sppf_full_attention256,,,,,
test_1,Mouse162_20161017_19-58-28,smoothed_frames,<RUN_ROOT>\outputs\controlled_comparison_runs\run_20260528_205727\neural_eval\yolo_sppf_full_attention256_seed42\test_1\Mouse162_20161017_19-58-28\Mouse162_20161017_19-58-28.behavior.smoothed_frames.csv,<MARS_DATA_ROOT>\test_1\Mouse162_20161017_19-58-28\Mouse162_20161017_19-58-28_TK.annot,17920,30.0,30.0,0.87421875,0.766383794538698,0.7718260869565218,0.7718260869565218,0.577391304347826,80,70,full,attention,256.0,42,yolo_sppf_full_attention256_seed42,<RUN_ROOT>\outputs\controlled_comparison_runs\run_20260528_205727\neural_eval\yolo_sppf_full_attention256_seed42,<RUN_ROOT>\outputs\controlled_comparison_runs\run_20260528_205727\neural_training\yolo_sppf_full_attention256_seed42,yolo_sppf,yolo_sppf_full_attention256,,,,,
test_1,Mouse163_20161018_18-22-45,smoothed_frames,<RUN_ROOT>\outputs\controlled_comparison_runs\run_20260528_205727\neural_eval\yolo_sppf_full_attention256_seed42\test_1\Mouse163_20161018_18-22-45\Mouse163_20161018_18-22-45.behavior.smoothed_frames.csv,<MARS_DATA_ROOT>\test_1\Mouse163_20161018_18-22-45\Mouse163_20161018_18-22-45_TK.annot,6640,30.0,30.0,0.876355421686747,0.8471747315059597,0.8387096774193548,0.8225806451612903,0.5967741935483871,52,41,full,attention,256.0,42,yolo_sppf_full_attention256_seed42,<RUN_ROOT>\outputs\controlled_comparison_runs\run_20260528_205727\neural_eval\yolo_sppf_full_attention256_seed42,<RUN_ROOT>\outputs\controlled_comparison_runs\run_20260528_205727\neural_training\yolo_sppf_full_attention256_seed42,yolo_sppf,yolo_sppf_full_attention256,,,,,
test_2,Mouse155_20151124_20-48-31,smoothed_frames,<RUN_ROOT>\outputs\controlled_comparison_runs\run_20260528_205727\neural_eval\yolo_sppf_full_attention256_seed42\test_2\Mouse155_20151124_20-48-31\Mouse155_20151124_20-48-31.behavior.smoothed_frames.csv,<MARS_DATA_ROOT>\test_2\Mouse155_20151124_20-48-31\Mouse155_20151124_20-48-31_Front-XiaoAnn.annot,9952,30.0,30.0,0.9592041800643086,0.8496558916587735,0.7316017316017316,0.670995670995671,0.6406926406926406,25,15,full,attention,256.0,42,yolo_sppf_full_attention256_seed42,<RUN_ROOT>\outputs\controlled_comparison_runs\run_20260528_205727\neural_eval\yolo_sppf_full_attention256_seed42,<RUN_ROOT>\outputs\controlled_comparison_runs\run_20260528_205727\neural_training\yolo_sppf_full_attention256_seed42,yolo_sppf,yolo_sppf_full_attention256,,,,,
test_2,Mouse155_20151124_20-56-05,smoothed_frames,<RUN_ROOT>\outputs\controlled_comparison_runs\run_20260528_205727\neural_eval\yolo_sppf_full_attention256_seed42\test_2\Mouse155_20151124_20-56-05\Mouse155_20151124_20-56-05.behavior.smoothed_frames.csv,<MARS_DATA_ROOT>\test_2\Mouse155_20151124_20-56-05\Mouse155_20151124_20-56-05_bhvr.annot,10384,30.0,30.0,0.9024460708782742,0.6684500900763373,0.7030303030303031,0.6024242424242425,0.3763636363636363,58,33,full,attention,256.0,42,yolo_sppf_full_attention256_seed42,<RUN_ROOT>\outputs\controlled_comparison_runs\run_20260528_205727\neural_eval\yolo_sppf_full_attention256_seed42,<RUN_ROOT>\outputs\controlled_comparison_runs\run_20260528_205727\neural_training\yolo_sppf_full_attention256_seed42,yolo_sppf,yolo_sppf_full_attention256,,,,,
test_2,Mouse155_20151124_21-11-28,smoothed_frames,<RUN_ROOT>\outputs\controlled_comparison_runs\run_20260528_205727\neural_eval\yolo_sppf_full_attention256_seed42\test_2\Mouse155_20151124_21-11-28\Mouse155_20151124_21-11-28.behavior.smoothed_frames.csv,<MARS_DATA_ROOT>\test_2\Mouse155_20151124_21-11-28\Mouse155_20151124_21-11-28_bhvr.annot,6688,30.0,30.0,0.9138755980861244,0.7853043068281983,0.7640692640692641,0.6926406926406926,0.5303030303030303,32,23,full,attention,256.0,42,yolo_sppf_full_attention256_seed42,<RUN_ROOT>\outputs\controlled_comparison_runs\run_20260528_205727\neural_eval\yolo_sppf_full_attention256_seed42,<RUN_ROOT>\outputs\controlled_comparison_runs\run_20260528_205727\neural_training\yolo_sppf_full_attention256_seed42,yolo_sppf,yolo_sppf_full_attention256,,,,,
test_2,Mouse155_20151129_22-41-43,smoothed_frames,<RUN_ROOT>\outputs\controlled_comparison_runs\run_20260528_205727\neural_eval\yolo_sppf_full_attention256_seed42\test_2\Mouse155_20151129_22-41-43\Mouse155_20151129_22-41-43.behavior.smoothed_frames.csv,<MARS_DATA_ROOT>\test_2\Mouse155_20151129_22-41-43\Mouse155_20151129_22-41-43_actions.annot,4816,30.0,30.0,0.8274501661129569,0.8258157039149867,0.8985507246376812,0.8695652173913043,0.7971014492753623,33,19,full,attention,256.0,42,yolo_sppf_full_attention256_seed42,<RUN_ROOT>\outputs\controlled_comparison_runs\run_20260528_205727\neural_eval\yolo_sppf_full_attention256_seed42,<RUN_ROOT>\outputs\controlled_comparison_runs\run_20260528_205727\neural_training\yolo_sppf_full_attention256_seed42,yolo_sppf,yolo_sppf_full_attention256,,,,,
test_2,Mouse156_20151012_20-16-37,smoothed_frames,<RUN_ROOT>\outputs\controlled_comparison_runs\run_20260528_205727\neural_eval\yolo_sppf_full_attention256_seed42\test_2\Mouse156_20151012_20-16-37\Mouse156_20151012_20-16-37.behavior.smoothed_frames.csv,<MARS_DATA_ROOT>\test_2\Mouse156_20151012_20-16-37\Mouse156_20151012_20-16-37_Front-XiaoAnn.annot,10272,30.0,30.0,0.7859228971962616,0.5841914342701023,0.6259398496240602,0.4837092731829573,0.2349624060150376,123,73,full,attention,256.0,42,yolo_sppf_full_attention256_seed42,<RUN_ROOT>\outputs\controlled_comparison_runs\run_20260528_205727\neural_eval\yolo_sppf_full_attention256_seed42,<RUN_ROOT>\outputs\controlled_comparison_runs\run_20260528_205727\neural_training\yolo_sppf_full_attention256_seed42,yolo_sppf,yolo_sppf_full_attention256,,,,,
test_2,Mouse156_20151124_21-53-46,smoothed_frames,<RUN_ROOT>\outputs\controlled_comparison_runs\run_20260528_205727\neural_eval\yolo_sppf_full_attention256_seed42\test_2\Mouse156_20151124_21-53-46\Mouse156_20151124_21-53-46.behavior.smoothed_frames.csv,<MARS_DATA_ROOT>\test_2\Mouse156_20151124_21-53-46\Mouse156_20151124_21-53-46_bhvr.annot,5648,30.0,30.0,0.8955382436260623,0.5576262970338539,0.5583333333333333,0.4857142857142857,0.2178571428571428,43,21,full,attention,256.0,42,yolo_sppf_full_attention256_seed42,<RUN_ROOT>\outputs\controlled_comparison_runs\run_20260528_205727\neural_eval\yolo_sppf_full_attention256_seed42,<RUN_ROOT>\outputs\controlled_comparison_runs\run_20260528_205727\neural_training\yolo_sppf_full_attention256_seed42,yolo_sppf,yolo_sppf_full_attention256,,,,,
test_2,Mouse158_20151129_21-12-54,smoothed_frames,<RUN_ROOT>\outputs\controlled_comparison_runs\run_20260528_205727\neural_eval\yolo_sppf_full_attention256_seed42\test_2\Mouse158_20151129_21-12-54\Mouse158_20151129_21-12-54.behavior.smoothed_frames.csv,<MARS_DATA_ROOT>\test_2\Mouse158_20151129_21-12-54\Mouse158_20151129_21-12-54_bhvr.annot,10000,30.0,30.0,0.9219,0.705885827025309,0.6491228070175438,0.5789473684210525,0.3859649122807017,49,27,full,attention,256.0,42,yolo_sppf_full_attention256_seed42,<RUN_ROOT>\outputs\controlled_comparison_runs\run_20260528_205727\neural_eval\yolo_sppf_full_attention256_seed42,<RUN_ROOT>\outputs\controlled_comparison_runs\run_20260528_205727\neural_training\yolo_sppf_full_attention256_seed42,yolo_sppf,yolo_sppf_full_attention256,,,,,
test_2,Mouse159_20151129_20-48-38,smoothed_frames,<RUN_ROOT>\outputs\controlled_comparison_runs\run_20260528_205727\neural_eval\yolo_sppf_full_attention256_seed42\test_2\Mouse159_20151129_20-48-38\Mouse159_20151129_20-48-38.behavior.smoothed_frames.csv,<MARS_DATA_ROOT>\test_2\Mouse159_20151129_20-48-38\Mouse159_20151129_20-48-38_actions.annot,7408,30.0,30.0,0.8911987041036717,0.607920422101393,0.6223155929038282,0.5774976657329599,0.2633053221288515,50,26,full,attention,256.0,42,yolo_sppf_full_attention256_seed42,<RUN_ROOT>\outputs\controlled_comparison_runs\run_20260528_205727\neural_eval\yolo_sppf_full_attention256_seed42,<RUN_ROOT>\outputs\controlled_comparison_runs\run_20260528_205727\neural_training\yolo_sppf_full_attention256_seed42,yolo_sppf,yolo_sppf_full_attention256,,,,,
test_2,Mouse159_20151129_20-57-31,smoothed_frames,<RUN_ROOT>\outputs\controlled_comparison_runs\run_20260528_205727\neural_eval\yolo_sppf_full_attention256_seed42\test_2\Mouse159_20151129_20-57-31\Mouse159_20151129_20-57-31.behavior.smoothed_frames.csv,<MARS_DATA_ROOT>\test_2\Mouse159_20151129_20-57-31\Mouse159_20151129_20-57-31_Front-XiaoAnn.annot,4144,30.0,30.0,0.9594594594594594,0.8006103347067965,0.7352941176470589,0.7352941176470589,0.6764705882352942,16,7,full,attention,256.0,42,yolo_sppf_full_attention256_seed42,<RUN_ROOT>\outputs\controlled_comparison_runs\run_20260528_205727\neural_eval\yolo_sppf_full_attention256_seed42,<RUN_ROOT>\outputs\controlled_comparison_runs\run_20260528_205727\neural_training\yolo_sppf_full_attention256_seed42,yolo_sppf,yolo_sppf_full_attention256,,,,,
test_2,Mouse627_20181026_17-29-36_01994-09560,smoothed_frames,<RUN_ROOT>\outputs\controlled_comparison_runs\run_20260528_205727\neural_eval\yolo_sppf_full_attention256_seed42\test_2\Mouse627_20181026_17-29-36_01994-09560\Mouse627_20181026_17-29-36_01994-09560.behavior.smoothed_frames.csv,<MARS_DATA_ROOT>\test_2\Mouse627_20181026_17-29-36_01994-09560\Mouse627_20181026_17-29-36_01994-09560_XW_tk_final.annot,7552,30.0,30.0,0.8918167372881356,0.8819811764536898,0.8898305084745763,0.8898305084745763,0.8050847457627119,39,39,full,attention,256.0,42,yolo_sppf_full_attention256_seed42,<RUN_ROOT>\outputs\controlled_comparison_runs\run_20260528_205727\neural_eval\yolo_sppf_full_attention256_seed42,<RUN_ROOT>\outputs\controlled_comparison_runs\run_20260528_205727\neural_training\yolo_sppf_full_attention256_seed42,yolo_sppf,yolo_sppf_full_attention256,,,,,
test_2,Mouse627_20181026_17-29-36_10191-15523,smoothed_frames,<RUN_ROOT>\outputs\controlled_comparison_runs\run_20260528_205727\neural_eval\yolo_sppf_full_attention256_seed42\test_2\Mouse627_20181026_17-29-36_10191-15523\Mouse627_20181026_17-29-36_10191-15523.behavior.smoothed_frames.csv,<MARS_DATA_ROOT>\test_2\Mouse627_20181026_17-29-36_10191-15523\Mouse627_20181026_17-29-36_10191-15523_XW_tk_final.annot,5328,30.0,30.0,0.8393393393393394,0.7840776870188635,0.8181818181818181,0.7954545454545454,0.4924242424242424,32,26,full,attention,256.0,42,yolo_sppf_full_attention256_seed42,<RUN_ROOT>\outputs\controlled_comparison_runs\run_20260528_205727\neural_eval\yolo_sppf_full_attention256_seed42,<RUN_ROOT>\outputs\controlled_comparison_runs\run_20260528_205727\neural_training\yolo_sppf_full_attention256_seed42,yolo_sppf,yolo_sppf_full_attention256,,,,,
test_2,Mouse627_20181026_17-29-36_16209-22286,smoothed_frames,<RUN_ROOT>\outputs\controlled_comparison_runs\run_20260528_205727\neural_eval\yolo_sppf_full_attention256_seed42\test_2\Mouse627_20181026_17-29-36_16209-22286\Mouse627_20181026_17-29-36_16209-22286.behavior.smoothed_frames.csv,<MARS_DATA_ROOT>\test_2\Mouse627_20181026_17-29-36_16209-22286\Mouse627_20181026_17-29-36_16209-22286_XW_tk_final.annot,6064,30.0,30.0,0.8802770448548812,0.6812914522589035,0.7795454545454545,0.7295454545454545,0.7295454545454545,32,31,full,attention,256.0,42,yolo_sppf_full_attention256_seed42,<RUN_ROOT>\outputs\controlled_comparison_runs\run_20260528_205727\neural_eval\yolo_sppf_full_attention256_seed42,<RUN_ROOT>\outputs\controlled_comparison_runs\run_20260528_205727\neural_training\yolo_sppf_full_attention256_seed42,yolo_sppf,yolo_sppf_full_attention256,,,,,
test_2,Mouse630_20181025_18-44-29_01807-21458,smoothed_frames,<RUN_ROOT>\outputs\controlled_comparison_runs\run_20260528_205727\neural_eval\yolo_sppf_full_attention256_seed42\test_2\Mouse630_20181025_18-44-29_01807-21458\Mouse630_20181025_18-44-29_01807-21458.behavior.smoothed_frames.csv,<MARS_DATA_ROOT>\test_2\Mouse630_20181025_18-44-29_01807-21458\Mouse630_20181025_18-44-29_01807-21458_XW_tk_final.annot,19648,30.0,30.0,0.8786135993485342,0.8448197200812624,0.8860553445469344,0.8551275094953881,0.7932718393922952,76,79,full,attention,256.0,42,yolo_sppf_full_attention256_seed42,<RUN_ROOT>\outputs\controlled_comparison_runs\run_20260528_205727\neural_eval\yolo_sppf_full_attention256_seed42,<RUN_ROOT>\outputs\controlled_comparison_runs\run_20260528_205727\neural_training\yolo_sppf_full_attention256_seed42,yolo_sppf,yolo_sppf_full_attention256,,,,,
test_2,Mouse630_20181025_18-44-29_21460-30528,smoothed_frames,<RUN_ROOT>\outputs\controlled_comparison_runs\run_20260528_205727\neural_eval\yolo_sppf_full_attention256_seed42\test_2\Mouse630_20181025_18-44-29_21460-30528\Mouse630_20181025_18-44-29_21460-30528.behavior.smoothed_frames.csv,<MARS_DATA_ROOT>\test_2\Mouse630_20181025_18-44-29_21460-30528\Mouse630_20181025_18-44-29_21460-30528_XW_tk_final.annot,9056,30.0,30.0,0.8864840989399293,0.7937616561301478,0.8829787234042554,0.8617021276595744,0.7553191489361702,33,39,full,attention,256.0,42,yolo_sppf_full_attention256_seed42,<RUN_ROOT>\outputs\controlled_comparison_runs\run_20260528_205727\neural_eval\yolo_sppf_full_attention256_seed42,<RUN_ROOT>\outputs\controlled_comparison_runs\run_20260528_205727\neural_training\yolo_sppf_full_attention256_seed42,yolo_sppf,yolo_sppf_full_attention256,,,,,
test_2,Mouse835-female_20200325_18-28-49_10767-24391,smoothed_frames,<RUN_ROOT>\outputs\controlled_comparison_runs\run_20260528_205727\neural_eval\yolo_sppf_full_attention256_seed42\test_2\Mouse835-female_20200325_18-28-49_10767-24391\Mouse835-female_20200325_18-28-49_10767-24391.behavior.smoothed_frames.csv,<MARS_DATA_ROOT>\test_2\Mouse835-female_20200325_18-28-49_10767-24391\Mouse835-female_20200325_18-28-49_10767-24391_TK_withUSV.annot,13616,30.0,30.0,0.9095916568742656,0.9010655776855102,0.8918918918918919,0.8783783783783783,0.7702702702702703,49,43,full,attention,256.0,42,yolo_sppf_full_attention256_seed42,<RUN_ROOT>\outputs\controlled_comparison_runs\run_20260528_205727\neural_eval\yolo_sppf_full_attention256_seed42,<RUN_ROOT>\outputs\controlled_comparison_runs\run_20260528_205727\neural_training\yolo_sppf_full_attention256_seed42,yolo_sppf,yolo_sppf_full_attention256,,,,,
test_2,Mouse836-female_20200322_19-33-17_00957-13323,smoothed_frames,<RUN_ROOT>\outputs\controlled_comparison_runs\run_20260528_205727\neural_eval\yolo_sppf_full_attention256_seed42\test_2\Mouse836-female_20200322_19-33-17_00957-13323\Mouse836-female_20200322_19-33-17_00957-13323.behavior.smoothed_frames.csv,<MARS_DATA_ROOT>\test_2\Mouse836-female_20200322_19-33-17_00957-13323\Mouse836-female_20200322_19-33-17_00957-13323_TK_withUSV.annot,12368,30.0,30.0,0.9349126778783958,0.8121806095658011,0.5492063492063491,0.5174603174603174,0.4857142857142857,43,25,full,attention,256.0,42,yolo_sppf_full_attention256_seed42,<RUN_ROOT>\outputs\controlled_comparison_runs\run_20260528_205727\neural_eval\yolo_sppf_full_attention256_seed42,<RUN_ROOT>\outputs\controlled_comparison_runs\run_20260528_205727\neural_training\yolo_sppf_full_attention256_seed42,yolo_sppf,yolo_sppf_full_attention256,,,,,
test_2,Mouse836-female_20200322_19-33-17_14594-23870,smoothed_frames,<RUN_ROOT>\outputs\controlled_comparison_runs\run_20260528_205727\neural_eval\yolo_sppf_full_attention256_seed42\test_2\Mouse836-female_20200322_19-33-17_14594-23870\Mouse836-female_20200322_19-33-17_14594-23870.behavior.smoothed_frames.csv,<MARS_DATA_ROOT>\test_2\Mouse836-female_20200322_19-33-17_14594-23870\Mouse836-female_20200322_19-33-17_14594-23870_TK_withUSV.annot,9264,30.0,30.0,0.9152633851468048,0.91324349757885,0.9,0.8857142857142857,0.8428571428571429,45,35,full,attention,256.0,42,yolo_sppf_full_attention256_seed42,<RUN_ROOT>\outputs\controlled_comparison_runs\run_20260528_205727\neural_eval\yolo_sppf_full_attention256_seed42,<RUN_ROOT>\outputs\controlled_comparison_runs\run_20260528_205727\neural_training\yolo_sppf_full_attention256_seed42,yolo_sppf,yolo_sppf_full_attention256,,,,,
test_2,Mouse839-female_20200322_20-15-11_12885-24623,smoothed_frames,<RUN_ROOT>\outputs\controlled_comparison_runs\run_20260528_205727\neural_eval\yolo_sppf_full_attention256_seed42\test_2\Mouse839-female_20200322_20-15-11_12885-24623\Mouse839-female_20200322_20-15-11_12885-24623.behavior.smoothed_frames.csv,<MARS_DATA_ROOT>\test_2\Mouse839-female_20200322_20-15-11_12885-24623\Mouse839-female_20200322_20-15-11_12885-24623_TK_withUSV.annot,11728,30.0,30.0,0.8018417462482946,0.7980100785561373,0.8229813664596273,0.7795031055900621,0.6211180124223602,68,52,full,attention,256.0,42,yolo_sppf_full_attention256_seed42,<RUN_ROOT>\outputs\controlled_comparison_runs\run_20260528_205727\neural_eval\yolo_sppf_full_attention256_seed42,<RUN_ROOT>\outputs\controlled_comparison_runs\run_20260528_205727\neural_training\yolo_sppf_full_attention256_seed42,yolo_sppf,yolo_sppf_full_attention256,,,,,
test_1,Mouse060_20160526_18-16-27,smoothed_frames,<RUN_ROOT>\outputs\controlled_comparison_runs\run_20260528_205727\neural_eval\yolo_sppf_full_attention256_seed43\test_1\Mouse060_20160526_18-16-27\Mouse060_20160526_18-16-27.behavior.smoothed_frames.csv,<MARS_DATA_ROOT>\test_1\Mouse060_20160526_18-16-27\Mouse060_20160526_18-16-27_anno.annot,24288,30.0,30.0,0.9180253623188406,0.8606029123745779,0.8246250604741171,0.8118045476536042,0.6462264150943395,109,101,full,attention,256.0,43,yolo_sppf_full_attention256_seed43,<RUN_ROOT>\outputs\controlled_comparison_runs\run_20260528_205727\neural_eval\yolo_sppf_full_attention256_seed43,<RUN_ROOT>\outputs\controlled_comparison_runs\run_20260528_205727\neural_training\yolo_sppf_full_attention256_seed43,yolo_sppf,yolo_sppf_full_attention256,,,,,
test_1,Mouse061_20160526_18-38-49,smoothed_frames,<RUN_ROOT>\outputs\controlled_comparison_runs\run_20260528_205727\neural_eval\yolo_sppf_full_attention256_seed43\test_1\Mouse061_20160526_18-38-49\Mouse061_20160526_18-38-49.behavior.smoothed_frames.csv,<MARS_DATA_ROOT>\test_1\Mouse061_20160526_18-38-49\Mouse061_20160526_18-38-49_anno.annot,18640,30.0,30.0,0.9131974248927038,0.9099016967731284,0.7759197324414715,0.7663043478260869,0.6747491638795986,63,64,full,attention,256.0,43,yolo_sppf_full_attention256_seed43,<RUN_ROOT>\outputs\controlled_comparison_runs\run_20260528_205727\neural_eval\yolo_sppf_full_attention256_seed43,<RUN_ROOT>\outputs\controlled_comparison_runs\run_20260528_205727\neural_training\yolo_sppf_full_attention256_seed43,yolo_sppf,yolo_sppf_full_attention256,,,,,
test_1,Mouse062_20160526_18-56-26,smoothed_frames,<RUN_ROOT>\outputs\controlled_comparison_runs\run_20260528_205727\neural_eval\yolo_sppf_full_attention256_seed43\test_1\Mouse062_20160526_18-56-26\Mouse062_20160526_18-56-26.behavior.smoothed_frames.csv,<MARS_DATA_ROOT>\test_1\Mouse062_20160526_18-56-26\Mouse062_20160526_18-56-26_anno.annot,19632,30.0,30.0,0.94019967400163,0.9542667566299792,0.7766153846153846,0.7766153846153846,0.7126153846153847,79,60,full,attention,256.0,43,yolo_sppf_full_attention256_seed43,<RUN_ROOT>\outputs\controlled_comparison_runs\run_20260528_205727\neural_eval\yolo_sppf_full_attention256_seed43,<RUN_ROOT>\outputs\controlled_comparison_runs\run_20260528_205727\neural_training\yolo_sppf_full_attention256_seed43,yolo_sppf,yolo_sppf_full_attention256,,,,,
test_1,Mouse063_20160526_19-14-46,smoothed_frames,<RUN_ROOT>\outputs\controlled_comparison_runs\run_20260528_205727\neural_eval\yolo_sppf_full_attention256_seed43\test_1\Mouse063_20160526_19-14-46\Mouse063_20160526_19-14-46.behavior.smoothed_frames.csv,<MARS_DATA_ROOT>\test_1\Mouse063_20160526_19-14-46\Mouse063_20160526_19-14-46_anno.annot,19296,30.0,30.0,0.874948175787728,0.7712638096166683,0.6303030303030304,0.5878787878787879,0.4424242424242424,144,89,full,attention,256.0,43,yolo_sppf_full_attention256_seed43,<RUN_ROOT>\outputs\controlled_comparison_runs\run_20260528_205727\neural_eval\yolo_sppf_full_attention256_seed43,<RUN_ROOT>\outputs\controlled_comparison_runs\run_20260528_205727\neural_training\yolo_sppf_full_attention256_seed43,yolo_sppf,yolo_sppf_full_attention256,,,,,
test_1,Mouse069_20160709_16-02-03,smoothed_frames,<RUN_ROOT>\outputs\controlled_comparison_runs\run_20260528_205727\neural_eval\yolo_sppf_full_attention256_seed43\test_1\Mouse069_20160709_16-02-03\Mouse069_20160709_16-02-03.behavior.smoothed_frames.csv,<MARS_DATA_ROOT>\test_1\Mouse069_20160709_16-02-03\Mouse069_20160709_16-02-03_anno.annot,18496,30.0,30.0,0.9237132352941176,0.5189519177259938,0.4064327485380117,0.3703703703703704,0.2612085769980507,66,49,full,attention,256.0,43,yolo_sppf_full_attention256_seed43,<RUN_ROOT>\outputs\controlled_comparison_runs\run_20260528_205727\neural_eval\yolo_sppf_full_attention256_seed43,<RUN_ROOT>\outputs\controlled_comparison_runs\run_20260528_205727\neural_training\yolo_sppf_full_attention256_seed43,yolo_sppf,yolo_sppf_full_attention256,,,,,
test_1,Mouse070_20160709_16-58-36,smoothed_frames,<RUN_ROOT>\outputs\controlled_comparison_runs\run_20260528_205727\neural_eval\yolo_sppf_full_attention256_seed43\test_1\Mouse070_20160709_16-58-36\Mouse070_20160709_16-58-36.behavior.smoothed_frames.csv,<MARS_DATA_ROOT>\test_1\Mouse070_20160709_16-58-36\Mouse070_20160709_16-58-36_anno.annot,20192,30.0,30.0,0.8582606973058637,0.6219855783774967,0.5063791554357592,0.4589398023360286,0.2973944294699011,193,73,full,attention,256.0,43,yolo_sppf_full_attention256_seed43,<RUN_ROOT>\outputs\controlled_comparison_runs\run_20260528_205727\neural_eval\yolo_sppf_full_attention256_seed43,<RUN_ROOT>\outputs\controlled_comparison_runs\run_20260528_205727\neural_training\yolo_sppf_full_attention256_seed43,yolo_sppf,yolo_sppf_full_attention256,,,,,
test_1,Mouse074_20160709_19-15-23,smoothed_frames,<RUN_ROOT>\outputs\controlled_comparison_runs\run_20260528_205727\neural_eval\yolo_sppf_full_attention256_seed43\test_1\Mouse074_20160709_19-15-23\Mouse074_20160709_19-15-23.behavior.smoothed_frames.csv,<MARS_DATA_ROOT>\test_1\Mouse074_20160709_19-15-23\Mouse074_20160709_19-15-23_anno.annot,19376,30.0,30.0,0.9048307184145334,0.6504904071322457,0.6385321100917432,0.5885015290519877,0.3325993883792049,119,66,full,attention,256.0,43,yolo_sppf_full_attention256_seed43,<RUN_ROOT>\outputs\controlled_comparison_runs\run_20260528_205727\neural_eval\yolo_sppf_full_attention256_seed43,<RUN_ROOT>\outputs\controlled_comparison_runs\run_20260528_205727\neural_training\yolo_sppf_full_attention256_seed43,yolo_sppf,yolo_sppf_full_attention256,,,,,
test_1,Mouse077_20160709_18-29-34,smoothed_frames,<RUN_ROOT>\outputs\controlled_comparison_runs\run_20260528_205727\neural_eval\yolo_sppf_full_attention256_seed43\test_1\Mouse077_20160709_18-29-34\Mouse077_20160709_18-29-34.behavior.smoothed_frames.csv,<MARS_DATA_ROOT>\test_1\Mouse077_20160709_18-29-34\Mouse077_20160709_18-29-34_anno.annot,19952,30.0,30.0,0.7921010425020049,0.5183602920310606,0.5283191157034722,0.4500780968400817,0.2543794304938123,280,128,full,attention,256.0,43,yolo_sppf_full_attention256_seed43,<RUN_ROOT>\outputs\controlled_comparison_runs\run_20260528_205727\neural_eval\yolo_sppf_full_attention256_seed43,<RUN_ROOT>\outputs\controlled_comparison_runs\run_20260528_205727\neural_training\yolo_sppf_full_attention256_seed43,yolo_sppf,yolo_sppf_full_attention256,,,,,
test_1,Mouse162_20161017_19-58-28,smoothed_frames,<RUN_ROOT>\outputs\controlled_comparison_runs\run_20260528_205727\neural_eval\yolo_sppf_full_attention256_seed43\test_1\Mouse162_20161017_19-58-28\Mouse162_20161017_19-58-28.behavior.smoothed_frames.csv,<MARS_DATA_ROOT>\test_1\Mouse162_20161017_19-58-28\Mouse162_20161017_19-58-28_TK.annot,17920,30.0,30.0,0.8602678571428571,0.7549745568088182,0.7525879917184266,0.7367149758454107,0.5110420979986198,80,70,full,attention,256.0,43,yolo_sppf_full_attention256_seed43,<RUN_ROOT>\outputs\controlled_comparison_runs\run_20260528_205727\neural_eval\yolo_sppf_full_attention256_seed43,<RUN_ROOT>\outputs\controlled_comparison_runs\run_20260528_205727\neural_training\yolo_sppf_full_attention256_seed43,yolo_sppf,yolo_sppf_full_attention256,,,,,
test_1,Mouse163_20161018_18-22-45,smoothed_frames,<RUN_ROOT>\outputs\controlled_comparison_runs\run_20260528_205727\neural_eval\yolo_sppf_full_attention256_seed43\test_1\Mouse163_20161018_18-22-45\Mouse163_20161018_18-22-45.behavior.smoothed_frames.csv,<MARS_DATA_ROOT>\test_1\Mouse163_20161018_18-22-45\Mouse163_20161018_18-22-45_TK.annot,6640,30.0,30.0,0.8792168674698795,0.8421047564932211,0.7804597701149425,0.7304597701149425,0.6304597701149426,52,37,full,attention,256.0,43,yolo_sppf_full_attention256_seed43,<RUN_ROOT>\outputs\controlled_comparison_runs\run_20260528_205727\neural_eval\yolo_sppf_full_attention256_seed43,<RUN_ROOT>\outputs\controlled_comparison_runs\run_20260528_205727\neural_training\yolo_sppf_full_attention256_seed43,yolo_sppf,yolo_sppf_full_attention256,,,,,
test_2,Mouse155_20151124_20-48-31,smoothed_frames,<RUN_ROOT>\outputs\controlled_comparison_runs\run_20260528_205727\neural_eval\yolo_sppf_full_attention256_seed43\test_2\Mouse155_20151124_20-48-31\Mouse155_20151124_20-48-31.behavior.smoothed_frames.csv,<MARS_DATA_ROOT>\test_2\Mouse155_20151124_20-48-31\Mouse155_20151124_20-48-31_Front-XiaoAnn.annot,9952,30.0,30.0,0.9690514469453376,0.8691463283349108,0.7285714285714285,0.6952380952380952,0.6619047619047619,25,12,full,attention,256.0,43,yolo_sppf_full_attention256_seed43,<RUN_ROOT>\outputs\controlled_comparison_runs\run_20260528_205727\neural_eval\yolo_sppf_full_attention256_seed43,<RUN_ROOT>\outputs\controlled_comparison_runs\run_20260528_205727\neural_training\yolo_sppf_full_attention256_seed43,yolo_sppf,yolo_sppf_full_attention256,,,,,
test_2,Mouse155_20151124_20-56-05,smoothed_frames,<RUN_ROOT>\outputs\controlled_comparison_runs\run_20260528_205727\neural_eval\yolo_sppf_full_attention256_seed43\test_2\Mouse155_20151124_20-56-05\Mouse155_20151124_20-56-05.behavior.smoothed_frames.csv,<MARS_DATA_ROOT>\test_2\Mouse155_20151124_20-56-05\Mouse155_20151124_20-56-05_bhvr.annot,10384,30.0,30.0,0.9186248073959938,0.6898224519991156,0.6923076923076923,0.6461538461538461,0.3846153846153846,58,33,full,attention,256.0,43,yolo_sppf_full_attention256_seed43,<RUN_ROOT>\outputs\controlled_comparison_runs\run_20260528_205727\neural_eval\yolo_sppf_full_attention256_seed43,<RUN_ROOT>\outputs\controlled_comparison_runs\run_20260528_205727\neural_training\yolo_sppf_full_attention256_seed43,yolo_sppf,yolo_sppf_full_attention256,,,,,
test_2,Mouse155_20151124_21-11-28,smoothed_frames,<RUN_ROOT>\outputs\controlled_comparison_runs\run_20260528_205727\neural_eval\yolo_sppf_full_attention256_seed43\test_2\Mouse155_20151124_21-11-28\Mouse155_20151124_21-11-28.behavior.smoothed_frames.csv,<MARS_DATA_ROOT>\test_2\Mouse155_20151124_21-11-28\Mouse155_20151124_21-11-28_bhvr.annot,6688,30.0,30.0,0.9238935406698564,0.7936322734445824,0.710955710955711,0.6853146853146853,0.5687645687645687,32,18,full,attention,256.0,43,yolo_sppf_full_attention256_seed43,<RUN_ROOT>\outputs\controlled_comparison_runs\run_20260528_205727\neural_eval\yolo_sppf_full_attention256_seed43,<RUN_ROOT>\outputs\controlled_comparison_runs\run_20260528_205727\neural_training\yolo_sppf_full_attention256_seed43,yolo_sppf,yolo_sppf_full_attention256,,,,,
test_2,Mouse155_20151129_22-41-43,smoothed_frames,<RUN_ROOT>\outputs\controlled_comparison_runs\run_20260528_205727\neural_eval\yolo_sppf_full_attention256_seed43\test_2\Mouse155_20151129_22-41-43\Mouse155_20151129_22-41-43.behavior.smoothed_frames.csv,<MARS_DATA_ROOT>\test_2\Mouse155_20151129_22-41-43\Mouse155_20151129_22-41-43_actions.annot,4816,30.0,30.0,0.8289036544850499,0.5660979231775163,0.5646258503401361,0.5102040816326531,0.4557823129251701,33,21,full,attention,256.0,43,yolo_sppf_full_attention256_seed43,<RUN_ROOT>\outputs\controlled_comparison_runs\run_20260528_205727\neural_eval\yolo_sppf_full_attention256_seed43,<RUN_ROOT>\outputs\controlled_comparison_runs\run_20260528_205727\neural_training\yolo_sppf_full_attention256_seed43,yolo_sppf,yolo_sppf_full_attention256,,,,,
test_2,Mouse156_20151012_20-16-37,smoothed_frames,<RUN_ROOT>\outputs\controlled_comparison_runs\run_20260528_205727\neural_eval\yolo_sppf_full_attention256_seed43\test_2\Mouse156_20151012_20-16-37\Mouse156_20151012_20-16-37.behavior.smoothed_frames.csv,<MARS_DATA_ROOT>\test_2\Mouse156_20151012_20-16-37\Mouse156_20151012_20-16-37_Front-XiaoAnn.annot,10272,30.0,30.0,0.8085085669781932,0.6263336194792636,0.69904390606145,0.5506729787431541,0.2507193910702683,123,69,full,attention,256.0,43,yolo_sppf_full_attention256_seed43,<RUN_ROOT>\outputs\controlled_comparison_runs\run_20260528_205727\neural_eval\yolo_sppf_full_attention256_seed43,<RUN_ROOT>\outputs\controlled_comparison_runs\run_20260528_205727\neural_training\yolo_sppf_full_attention256_seed43,yolo_sppf,yolo_sppf_full_attention256,,,,,
test_2,Mouse156_20151124_21-53-46,smoothed_frames,<RUN_ROOT>\outputs\controlled_comparison_runs\run_20260528_205727\neural_eval\yolo_sppf_full_attention256_seed43\test_2\Mouse156_20151124_21-53-46\Mouse156_20151124_21-53-46.behavior.smoothed_frames.csv,<MARS_DATA_ROOT>\test_2\Mouse156_20151124_21-53-46\Mouse156_20151124_21-53-46_bhvr.annot,5648,30.0,30.0,0.9038597733711048,0.5490654205607477,0.4951219512195122,0.4707317073170731,0.2475609756097561,43,20,full,attention,256.0,43,yolo_sppf_full_attention256_seed43,<RUN_ROOT>\outputs\controlled_comparison_runs\run_20260528_205727\neural_eval\yolo_sppf_full_attention256_seed43,<RUN_ROOT>\outputs\controlled_comparison_runs\run_20260528_205727\neural_training\yolo_sppf_full_attention256_seed43,yolo_sppf,yolo_sppf_full_attention256,,,,,
test_2,Mouse158_20151129_21-12-54,smoothed_frames,<RUN_ROOT>\outputs\controlled_comparison_runs\run_20260528_205727\neural_eval\yolo_sppf_full_attention256_seed43\test_2\Mouse158_20151129_21-12-54\Mouse158_20151129_21-12-54.behavior.smoothed_frames.csv,<MARS_DATA_ROOT>\test_2\Mouse158_20151129_21-12-54\Mouse158_20151129_21-12-54_bhvr.annot,10000,30.0,30.0,0.9318,0.732759682771845,0.6091617933723197,0.5721247563352826,0.4269005847953216,49,24,full,attention,256.0,43,yolo_sppf_full_attention256_seed43,<RUN_ROOT>\outputs\controlled_comparison_runs\run_20260528_205727\neural_eval\yolo_sppf_full_attention256_seed43,<RUN_ROOT>\outputs\controlled_comparison_runs\run_20260528_205727\neural_training\yolo_sppf_full_attention256_seed43,yolo_sppf,yolo_sppf_full_attention256,,,,,
test_2,Mouse159_20151129_20-48-38,smoothed_frames,<RUN_ROOT>\outputs\controlled_comparison_runs\run_20260528_205727\neural_eval\yolo_sppf_full_attention256_seed43\test_2\Mouse159_20151129_20-48-38\Mouse159_20151129_20-48-38.behavior.smoothed_frames.csv,<MARS_DATA_ROOT>\test_2\Mouse159_20151129_20-48-38\Mouse159_20151129_20-48-38_actions.annot,7408,30.0,30.0,0.8948434125269978,0.6179814880381228,0.6280731846769583,0.6280731846769583,0.3127501429388222,50,29,full,attention,256.0,43,yolo_sppf_full_attention256_seed43,<RUN_ROOT>\outputs\controlled_comparison_runs\run_20260528_205727\neural_eval\yolo_sppf_full_attention256_seed43,<RUN_ROOT>\outputs\controlled_comparison_runs\run_20260528_205727\neural_training\yolo_sppf_full_attention256_seed43,yolo_sppf,yolo_sppf_full_attention256,,,,,
test_2,Mouse159_20151129_20-57-31,smoothed_frames,<RUN_ROOT>\outputs\controlled_comparison_runs\run_20260528_205727\neural_eval\yolo_sppf_full_attention256_seed43\test_2\Mouse159_20151129_20-57-31\Mouse159_20151129_20-57-31.behavior.smoothed_frames.csv,<MARS_DATA_ROOT>\test_2\Mouse159_20151129_20-57-31\Mouse159_20151129_20-57-31_Front-XiaoAnn.annot,4144,30.0,30.0,0.9633204633204632,0.7934091788910314,0.6875,0.6875,0.6875,16,6,full,attention,256.0,43,yolo_sppf_full_attention256_seed43,<RUN_ROOT>\outputs\controlled_comparison_runs\run_20260528_205727\neural_eval\yolo_sppf_full_attention256_seed43,<RUN_ROOT>\outputs\controlled_comparison_runs\run_20260528_205727\neural_training\yolo_sppf_full_attention256_seed43,yolo_sppf,yolo_sppf_full_attention256,,,,,
test_2,Mouse627_20181026_17-29-36_01994-09560,smoothed_frames,<RUN_ROOT>\outputs\controlled_comparison_runs\run_20260528_205727\neural_eval\yolo_sppf_full_attention256_seed43\test_2\Mouse627_20181026_17-29-36_01994-09560\Mouse627_20181026_17-29-36_01994-09560.behavior.smoothed_frames.csv,<MARS_DATA_ROOT>\test_2\Mouse627_20181026_17-29-36_01994-09560\Mouse627_20181026_17-29-36_01994-09560_XW_tk_final.annot,7552,30.0,30.0,0.901615466101695,0.88814823357552,0.8793103448275862,0.8793103448275862,0.7720306513409962,39,37,full,attention,256.0,43,yolo_sppf_full_attention256_seed43,<RUN_ROOT>\outputs\controlled_comparison_runs\run_20260528_205727\neural_eval\yolo_sppf_full_attention256_seed43,<RUN_ROOT>\outputs\controlled_comparison_runs\run_20260528_205727\neural_training\yolo_sppf_full_attention256_seed43,yolo_sppf,yolo_sppf_full_attention256,,,,,
test_2,Mouse627_20181026_17-29-36_10191-15523,smoothed_frames,<RUN_ROOT>\outputs\controlled_comparison_runs\run_20260528_205727\neural_eval\yolo_sppf_full_attention256_seed43\test_2\Mouse627_20181026_17-29-36_10191-15523\Mouse627_20181026_17-29-36_10191-15523.behavior.smoothed_frames.csv,<MARS_DATA_ROOT>\test_2\Mouse627_20181026_17-29-36_10191-15523\Mouse627_20181026_17-29-36_10191-15523_XW_tk_final.annot,5328,30.0,30.0,0.8551051051051051,0.7925714831560848,0.7727272727272727,0.7272727272727273,0.5681818181818181,32,24,full,attention,256.0,43,yolo_sppf_full_attention256_seed43,<RUN_ROOT>\outputs\controlled_comparison_runs\run_20260528_205727\neural_eval\yolo_sppf_full_attention256_seed43,<RUN_ROOT>\outputs\controlled_comparison_runs\run_20260528_205727\neural_training\yolo_sppf_full_attention256_seed43,yolo_sppf,yolo_sppf_full_attention256,,,,,
test_2,Mouse627_20181026_17-29-36_16209-22286,smoothed_frames,<RUN_ROOT>\outputs\controlled_comparison_runs\run_20260528_205727\neural_eval\yolo_sppf_full_attention256_seed43\test_2\Mouse627_20181026_17-29-36_16209-22286\Mouse627_20181026_17-29-36_16209-22286.behavior.smoothed_frames.csv,<MARS_DATA_ROOT>\test_2\Mouse627_20181026_17-29-36_16209-22286\Mouse627_20181026_17-29-36_16209-22286_XW_tk_final.annot,6064,30.0,30.0,0.8857189973614775,0.6871776623055915,0.8115942028985508,0.7163561076604554,0.6490683229813665,32,34,full,attention,256.0,43,yolo_sppf_full_attention256_seed43,<RUN_ROOT>\outputs\controlled_comparison_runs\run_20260528_205727\neural_eval\yolo_sppf_full_attention256_seed43,<RUN_ROOT>\outputs\controlled_comparison_runs\run_20260528_205727\neural_training\yolo_sppf_full_attention256_seed43,yolo_sppf,yolo_sppf_full_attention256,,,,,
test_2,Mouse630_20181025_18-44-29_01807-21458,smoothed_frames,<RUN_ROOT>\outputs\controlled_comparison_runs\run_20260528_205727\neural_eval\yolo_sppf_full_attention256_seed43\test_2\Mouse630_20181025_18-44-29_01807-21458\Mouse630_20181025_18-44-29_01807-21458.behavior.smoothed_frames.csv,<MARS_DATA_ROOT>\test_2\Mouse630_20181025_18-44-29_01807-21458\Mouse630_20181025_18-44-29_01807-21458_XW_tk_final.annot,19648,30.0,30.0,0.8769340390879479,0.8395470063306456,0.8971686642348446,0.8674656939378148,0.7882577731457356,76,83,full,attention,256.0,43,yolo_sppf_full_attention256_seed43,<RUN_ROOT>\outputs\controlled_comparison_runs\run_20260528_205727\neural_eval\yolo_sppf_full_attention256_seed43,<RUN_ROOT>\outputs\controlled_comparison_runs\run_20260528_205727\neural_training\yolo_sppf_full_attention256_seed43,yolo_sppf,yolo_sppf_full_attention256,,,,,
test_2,Mouse630_20181025_18-44-29_21460-30528,smoothed_frames,<RUN_ROOT>\outputs\controlled_comparison_runs\run_20260528_205727\neural_eval\yolo_sppf_full_attention256_seed43\test_2\Mouse630_20181025_18-44-29_21460-30528\Mouse630_20181025_18-44-29_21460-30528.behavior.smoothed_frames.csv,<MARS_DATA_ROOT>\test_2\Mouse630_20181025_18-44-29_21460-30528\Mouse630_20181025_18-44-29_21460-30528_XW_tk_final.annot,9056,30.0,30.0,0.889023851590106,0.7896515588194598,0.8133333333333334,0.8133333333333334,0.73,33,41,full,attention,256.0,43,yolo_sppf_full_attention256_seed43,<RUN_ROOT>\outputs\controlled_comparison_runs\run_20260528_205727\neural_eval\yolo_sppf_full_attention256_seed43,<RUN_ROOT>\outputs\controlled_comparison_runs\run_20260528_205727\neural_training\yolo_sppf_full_attention256_seed43,yolo_sppf,yolo_sppf_full_attention256,,,,,
test_2,Mouse835-female_20200325_18-28-49_10767-24391,smoothed_frames,<RUN_ROOT>\outputs\controlled_comparison_runs\run_20260528_205727\neural_eval\yolo_sppf_full_attention256_seed43\test_2\Mouse835-female_20200325_18-28-49_10767-24391\Mouse835-female_20200325_18-28-49_10767-24391.behavior.smoothed_frames.csv,<MARS_DATA_ROOT>\test_2\Mouse835-female_20200325_18-28-49_10767-24391\Mouse835-female_20200325_18-28-49_10767-24391_TK_withUSV.annot,13616,30.0,30.0,0.915246768507638,0.9031626665624556,0.8469483568075118,0.8328638497652583,0.7342723004694836,49,38,full,attention,256.0,43,yolo_sppf_full_attention256_seed43,<RUN_ROOT>\outputs\controlled_comparison_runs\run_20260528_205727\neural_eval\yolo_sppf_full_attention256_seed43,<RUN_ROOT>\outputs\controlled_comparison_runs\run_20260528_205727\neural_training\yolo_sppf_full_attention256_seed43,yolo_sppf,yolo_sppf_full_attention256,,,,,
test_2,Mouse836-female_20200322_19-33-17_00957-13323,smoothed_frames,<RUN_ROOT>\outputs\controlled_comparison_runs\run_20260528_205727\neural_eval\yolo_sppf_full_attention256_seed43\test_2\Mouse836-female_20200322_19-33-17_00957-13323\Mouse836-female_20200322_19-33-17_00957-13323.behavior.smoothed_frames.csv,<MARS_DATA_ROOT>\test_2\Mouse836-female_20200322_19-33-17_00957-13323\Mouse836-female_20200322_19-33-17_00957-13323_TK_withUSV.annot,12368,30.0,30.0,0.9391170763260026,0.8137054161278133,0.5548387096774194,0.5225806451612903,0.4903225806451613,43,24,full,attention,256.0,43,yolo_sppf_full_attention256_seed43,<RUN_ROOT>\outputs\controlled_comparison_runs\run_20260528_205727\neural_eval\yolo_sppf_full_attention256_seed43,<RUN_ROOT>\outputs\controlled_comparison_runs\run_20260528_205727\neural_training\yolo_sppf_full_attention256_seed43,yolo_sppf,yolo_sppf_full_attention256,,,,,
test_2,Mouse836-female_20200322_19-33-17_14594-23870,smoothed_frames,<RUN_ROOT>\outputs\controlled_comparison_runs\run_20260528_205727\neural_eval\yolo_sppf_full_attention256_seed43\test_2\Mouse836-female_20200322_19-33-17_14594-23870\Mouse836-female_20200322_19-33-17_14594-23870.behavior.smoothed_frames.csv,<MARS_DATA_ROOT>\test_2\Mouse836-female_20200322_19-33-17_14594-23870\Mouse836-female_20200322_19-33-17_14594-23870_TK_withUSV.annot,9264,30.0,30.0,0.922279792746114,0.9213385427777706,0.908450704225352,0.908450704225352,0.8943661971830986,45,36,full,attention,256.0,43,yolo_sppf_full_attention256_seed43,<RUN_ROOT>\outputs\controlled_comparison_runs\run_20260528_205727\neural_eval\yolo_sppf_full_attention256_seed43,<RUN_ROOT>\outputs\controlled_comparison_runs\run_20260528_205727\neural_training\yolo_sppf_full_attention256_seed43,yolo_sppf,yolo_sppf_full_attention256,,,,,
test_2,Mouse839-female_20200322_20-15-11_12885-24623,smoothed_frames,<RUN_ROOT>\outputs\controlled_comparison_runs\run_20260528_205727\neural_eval\yolo_sppf_full_attention256_seed43\test_2\Mouse839-female_20200322_20-15-11_12885-24623\Mouse839-female_20200322_20-15-11_12885-24623.behavior.smoothed_frames.csv,<MARS_DATA_ROOT>\test_2\Mouse839-female_20200322_20-15-11_12885-24623\Mouse839-female_20200322_20-15-11_12885-24623_TK_withUSV.annot,11728,30.0,30.0,0.8100272851296043,0.7750958514007396,0.7814009661835749,0.7226247987117552,0.5660225442834139,68,51,full,attention,256.0,43,yolo_sppf_full_attention256_seed43,<RUN_ROOT>\outputs\controlled_comparison_runs\run_20260528_205727\neural_eval\yolo_sppf_full_attention256_seed43,<RUN_ROOT>\outputs\controlled_comparison_runs\run_20260528_205727\neural_training\yolo_sppf_full_attention256_seed43,yolo_sppf,yolo_sppf_full_attention256,,,,,
test_1,Mouse060_20160526_18-16-27,smoothed_frames,<RUN_ROOT>\outputs\controlled_comparison_runs\run_20260528_205727\neural_eval\yolo_sppf_full_attention256_seed44\test_1\Mouse060_20160526_18-16-27\Mouse060_20160526_18-16-27.behavior.smoothed_frames.csv,<MARS_DATA_ROOT>\test_1\Mouse060_20160526_18-16-27\Mouse060_20160526_18-16-27_anno.annot,24288,30.0,30.0,0.9025856389986824,0.8551088250246496,0.7966120835686052,0.7593450028232636,0.6599661208356861,109,111,full,attention,256.0,44,yolo_sppf_full_attention256_seed44,<RUN_ROOT>\outputs\controlled_comparison_runs\run_20260528_205727\neural_eval\yolo_sppf_full_attention256_seed44,<RUN_ROOT>\outputs\controlled_comparison_runs\run_20260528_205727\neural_training\yolo_sppf_full_attention256_seed44,yolo_sppf,yolo_sppf_full_attention256,,,,,
test_1,Mouse061_20160526_18-38-49,smoothed_frames,<RUN_ROOT>\outputs\controlled_comparison_runs\run_20260528_205727\neural_eval\yolo_sppf_full_attention256_seed44\test_1\Mouse061_20160526_18-38-49\Mouse061_20160526_18-38-49.behavior.smoothed_frames.csv,<MARS_DATA_ROOT>\test_1\Mouse061_20160526_18-38-49\Mouse061_20160526_18-38-49_anno.annot,18640,30.0,30.0,0.8986051502145923,0.9060180942651116,0.846938775510204,0.846938775510204,0.7653061224489796,63,56,full,attention,256.0,44,yolo_sppf_full_attention256_seed44,<RUN_ROOT>\outputs\controlled_comparison_runs\run_20260528_205727\neural_eval\yolo_sppf_full_attention256_seed44,<RUN_ROOT>\outputs\controlled_comparison_runs\run_20260528_205727\neural_training\yolo_sppf_full_attention256_seed44,yolo_sppf,yolo_sppf_full_attention256,,,,,
test_1,Mouse062_20160526_18-56-26,smoothed_frames,<RUN_ROOT>\outputs\controlled_comparison_runs\run_20260528_205727\neural_eval\yolo_sppf_full_attention256_seed44\test_1\Mouse062_20160526_18-56-26\Mouse062_20160526_18-56-26.behavior.smoothed_frames.csv,<MARS_DATA_ROOT>\test_1\Mouse062_20160526_18-56-26\Mouse062_20160526_18-56-26_anno.annot,19632,30.0,30.0,0.9314384678076608,0.9496374906771752,0.8050964187327824,0.7968319559228649,0.7307162534435261,79,55,full,attention,256.0,44,yolo_sppf_full_attention256_seed44,<RUN_ROOT>\outputs\controlled_comparison_runs\run_20260528_205727\neural_eval\yolo_sppf_full_attention256_seed44,<RUN_ROOT>\outputs\controlled_comparison_runs\run_20260528_205727\neural_training\yolo_sppf_full_attention256_seed44,yolo_sppf,yolo_sppf_full_attention256,,,,,
test_1,Mouse063_20160526_19-14-46,smoothed_frames,<RUN_ROOT>\outputs\controlled_comparison_runs\run_20260528_205727\neural_eval\yolo_sppf_full_attention256_seed44\test_1\Mouse063_20160526_19-14-46\Mouse063_20160526_19-14-46.behavior.smoothed_frames.csv,<MARS_DATA_ROOT>\test_1\Mouse063_20160526_19-14-46\Mouse063_20160526_19-14-46_anno.annot,19296,30.0,30.0,0.8555140961857379,0.7726087846265787,0.6924721984602225,0.6183062446535501,0.4450812660393499,144,95,full,attention,256.0,44,yolo_sppf_full_attention256_seed44,<RUN_ROOT>\outputs\controlled_comparison_runs\run_20260528_205727\neural_eval\yolo_sppf_full_attention256_seed44,<RUN_ROOT>\outputs\controlled_comparison_runs\run_20260528_205727\neural_training\yolo_sppf_full_attention256_seed44,yolo_sppf,yolo_sppf_full_attention256,,,,,
test_1,Mouse069_20160709_16-02-03,smoothed_frames,<RUN_ROOT>\outputs\controlled_comparison_runs\run_20260528_205727\neural_eval\yolo_sppf_full_attention256_seed44\test_1\Mouse069_20160709_16-02-03\Mouse069_20160709_16-02-03.behavior.smoothed_frames.csv,<MARS_DATA_ROOT>\test_1\Mouse069_20160709_16-02-03\Mouse069_20160709_16-02-03_anno.annot,18496,30.0,30.0,0.9207936851211072,0.5235208943315391,0.4310575635876841,0.3884426595269969,0.2661758143685854,66,58,full,attention,256.0,44,yolo_sppf_full_attention256_seed44,<RUN_ROOT>\outputs\controlled_comparison_runs\run_20260528_205727\neural_eval\yolo_sppf_full_attention256_seed44,<RUN_ROOT>\outputs\controlled_comparison_runs\run_20260528_205727\neural_training\yolo_sppf_full_attention256_seed44,yolo_sppf,yolo_sppf_full_attention256,,,,,
test_1,Mouse070_20160709_16-58-36,smoothed_frames,<RUN_ROOT>\outputs\controlled_comparison_runs\run_20260528_205727\neural_eval\yolo_sppf_full_attention256_seed44\test_1\Mouse070_20160709_16-58-36\Mouse070_20160709_16-58-36.behavior.smoothed_frames.csv,<MARS_DATA_ROOT>\test_1\Mouse070_20160709_16-58-36\Mouse070_20160709_16-58-36_anno.annot,20192,30.0,30.0,0.8288926307448494,0.6340335242497603,0.5804312640317444,0.4983553490314832,0.3191667101759515,193,97,full,attention,256.0,44,yolo_sppf_full_attention256_seed44,<RUN_ROOT>\outputs\controlled_comparison_runs\run_20260528_205727\neural_eval\yolo_sppf_full_attention256_seed44,<RUN_ROOT>\outputs\controlled_comparison_runs\run_20260528_205727\neural_training\yolo_sppf_full_attention256_seed44,yolo_sppf,yolo_sppf_full_attention256,,,,,
test_1,Mouse074_20160709_19-15-23,smoothed_frames,<RUN_ROOT>\outputs\controlled_comparison_runs\run_20260528_205727\neural_eval\yolo_sppf_full_attention256_seed44\test_1\Mouse074_20160709_19-15-23\Mouse074_20160709_19-15-23.behavior.smoothed_frames.csv,<MARS_DATA_ROOT>\test_1\Mouse074_20160709_19-15-23\Mouse074_20160709_19-15-23_anno.annot,19376,30.0,30.0,0.886405862923204,0.6251000757329871,0.6057838660578386,0.5338953284158763,0.3422315888069313,119,73,full,attention,256.0,44,yolo_sppf_full_attention256_seed44,<RUN_ROOT>\outputs\controlled_comparison_runs\run_20260528_205727\neural_eval\yolo_sppf_full_attention256_seed44,<RUN_ROOT>\outputs\controlled_comparison_runs\run_20260528_205727\neural_training\yolo_sppf_full_attention256_seed44,yolo_sppf,yolo_sppf_full_attention256,,,,,
test_1,Mouse077_20160709_18-29-34,smoothed_frames,<RUN_ROOT>\outputs\controlled_comparison_runs\run_20260528_205727\neural_eval\yolo_sppf_full_attention256_seed44\test_1\Mouse077_20160709_18-29-34\Mouse077_20160709_18-29-34.behavior.smoothed_frames.csv,<MARS_DATA_ROOT>\test_1\Mouse077_20160709_18-29-34\Mouse077_20160709_18-29-34_anno.annot,19952,30.0,30.0,0.780723736968725,0.5312895970584861,0.5150365503840104,0.4171370408068844,0.2183307115758304,280,136,full,attention,256.0,44,yolo_sppf_full_attention256_seed44,<RUN_ROOT>\outputs\controlled_comparison_runs\run_20260528_205727\neural_eval\yolo_sppf_full_attention256_seed44,<RUN_ROOT>\outputs\controlled_comparison_runs\run_20260528_205727\neural_training\yolo_sppf_full_attention256_seed44,yolo_sppf,yolo_sppf_full_attention256,,,,,
test_1,Mouse162_20161017_19-58-28,smoothed_frames,<RUN_ROOT>\outputs\controlled_comparison_runs\run_20260528_205727\neural_eval\yolo_sppf_full_attention256_seed44\test_1\Mouse162_20161017_19-58-28\Mouse162_20161017_19-58-28.behavior.smoothed_frames.csv,<MARS_DATA_ROOT>\test_1\Mouse162_20161017_19-58-28\Mouse162_20161017_19-58-28_TK.annot,17920,30.0,30.0,0.8780691964285714,0.770557114237054,0.7494654312188169,0.7412687099073414,0.5206699928724162,80,68,full,attention,256.0,44,yolo_sppf_full_attention256_seed44,<RUN_ROOT>\outputs\controlled_comparison_runs\run_20260528_205727\neural_eval\yolo_sppf_full_attention256_seed44,<RUN_ROOT>\outputs\controlled_comparison_runs\run_20260528_205727\neural_training\yolo_sppf_full_attention256_seed44,yolo_sppf,yolo_sppf_full_attention256,,,,,
test_1,Mouse163_20161018_18-22-45,smoothed_frames,<RUN_ROOT>\outputs\controlled_comparison_runs\run_20260528_205727\neural_eval\yolo_sppf_full_attention256_seed44\test_1\Mouse163_20161018_18-22-45\Mouse163_20161018_18-22-45.behavior.smoothed_frames.csv,<MARS_DATA_ROOT>\test_1\Mouse163_20161018_18-22-45\Mouse163_20161018_18-22-45_TK.annot,6640,30.0,30.0,0.8676204819277108,0.8346553253321464,0.8122686409307245,0.7958751983077736,0.600211528291909,52,40,full,attention,256.0,44,yolo_sppf_full_attention256_seed44,<RUN_ROOT>\outputs\controlled_comparison_runs\run_20260528_205727\neural_eval\yolo_sppf_full_attention256_seed44,<RUN_ROOT>\outputs\controlled_comparison_runs\run_20260528_205727\neural_training\yolo_sppf_full_attention256_seed44,yolo_sppf,yolo_sppf_full_attention256,,,,,
test_2,Mouse155_20151124_20-48-31,smoothed_frames,<RUN_ROOT>\outputs\controlled_comparison_runs\run_20260528_205727\neural_eval\yolo_sppf_full_attention256_seed44\test_2\Mouse155_20151124_20-48-31\Mouse155_20151124_20-48-31.behavior.smoothed_frames.csv,<MARS_DATA_ROOT>\test_2\Mouse155_20151124_20-48-31\Mouse155_20151124_20-48-31_Front-XiaoAnn.annot,9952,30.0,30.0,0.9494573954983924,0.8250379975301605,0.7142857142857142,0.657142857142857,0.5714285714285714,25,17,full,attention,256.0,44,yolo_sppf_full_attention256_seed44,<RUN_ROOT>\outputs\controlled_comparison_runs\run_20260528_205727\neural_eval\yolo_sppf_full_attention256_seed44,<RUN_ROOT>\outputs\controlled_comparison_runs\run_20260528_205727\neural_training\yolo_sppf_full_attention256_seed44,yolo_sppf,yolo_sppf_full_attention256,,,,,
test_2,Mouse155_20151124_20-56-05,smoothed_frames,<RUN_ROOT>\outputs\controlled_comparison_runs\run_20260528_205727\neural_eval\yolo_sppf_full_attention256_seed44\test_2\Mouse155_20151124_20-56-05\Mouse155_20151124_20-56-05.behavior.smoothed_frames.csv,<MARS_DATA_ROOT>\test_2\Mouse155_20151124_20-56-05\Mouse155_20151124_20-56-05_bhvr.annot,10384,30.0,30.0,0.8992681047765794,0.6570020908403398,0.6491841491841492,0.5501165501165501,0.3286713286713286,58,35,full,attention,256.0,44,yolo_sppf_full_attention256_seed44,<RUN_ROOT>\outputs\controlled_comparison_runs\run_20260528_205727\neural_eval\yolo_sppf_full_attention256_seed44,<RUN_ROOT>\outputs\controlled_comparison_runs\run_20260528_205727\neural_training\yolo_sppf_full_attention256_seed44,yolo_sppf,yolo_sppf_full_attention256,,,,,
test_2,Mouse155_20151124_21-11-28,smoothed_frames,<RUN_ROOT>\outputs\controlled_comparison_runs\run_20260528_205727\neural_eval\yolo_sppf_full_attention256_seed44\test_2\Mouse155_20151124_21-11-28\Mouse155_20151124_21-11-28.behavior.smoothed_frames.csv,<MARS_DATA_ROOT>\test_2\Mouse155_20151124_21-11-28\Mouse155_20151124_21-11-28_bhvr.annot,6688,30.0,30.0,0.9061004784688996,0.775005598648181,0.7228381374722838,0.6740576496674058,0.4855875831485587,32,22,full,attention,256.0,44,yolo_sppf_full_attention256_seed44,<RUN_ROOT>\outputs\controlled_comparison_runs\run_20260528_205727\neural_eval\yolo_sppf_full_attention256_seed44,<RUN_ROOT>\outputs\controlled_comparison_runs\run_20260528_205727\neural_training\yolo_sppf_full_attention256_seed44,yolo_sppf,yolo_sppf_full_attention256,,,,,
test_2,Mouse155_20151129_22-41-43,smoothed_frames,<RUN_ROOT>\outputs\controlled_comparison_runs\run_20260528_205727\neural_eval\yolo_sppf_full_attention256_seed44\test_2\Mouse155_20151129_22-41-43\Mouse155_20151129_22-41-43.behavior.smoothed_frames.csv,<MARS_DATA_ROOT>\test_2\Mouse155_20151129_22-41-43\Mouse155_20151129_22-41-43_actions.annot,4816,30.0,30.0,0.8089700996677741,0.817440296020425,0.8592592592592593,0.8444444444444444,0.7851851851851852,33,18,full,attention,256.0,44,yolo_sppf_full_attention256_seed44,<RUN_ROOT>\outputs\controlled_comparison_runs\run_20260528_205727\neural_eval\yolo_sppf_full_attention256_seed44,<RUN_ROOT>\outputs\controlled_comparison_runs\run_20260528_205727\neural_training\yolo_sppf_full_attention256_seed44,yolo_sppf,yolo_sppf_full_attention256,,,,,
test_2,Mouse156_20151012_20-16-37,smoothed_frames,<RUN_ROOT>\outputs\controlled_comparison_runs\run_20260528_205727\neural_eval\yolo_sppf_full_attention256_seed44\test_2\Mouse156_20151012_20-16-37\Mouse156_20151012_20-16-37.behavior.smoothed_frames.csv,<MARS_DATA_ROOT>\test_2\Mouse156_20151012_20-16-37\Mouse156_20151012_20-16-37_Front-XiaoAnn.annot,10272,30.0,30.0,0.7641160436137072,0.5605263622058122,0.5727936297279362,0.4550763105507631,0.2403008184030082,123,79,full,attention,256.0,44,yolo_sppf_full_attention256_seed44,<RUN_ROOT>\outputs\controlled_comparison_runs\run_20260528_205727\neural_eval\yolo_sppf_full_attention256_seed44,<RUN_ROOT>\outputs\controlled_comparison_runs\run_20260528_205727\neural_training\yolo_sppf_full_attention256_seed44,yolo_sppf,yolo_sppf_full_attention256,,,,,
test_2,Mouse156_20151124_21-53-46,smoothed_frames,<RUN_ROOT>\outputs\controlled_comparison_runs\run_20260528_205727\neural_eval\yolo_sppf_full_attention256_seed44\test_2\Mouse156_20151124_21-53-46\Mouse156_20151124_21-53-46.behavior.smoothed_frames.csv,<MARS_DATA_ROOT>\test_2\Mouse156_20151124_21-53-46\Mouse156_20151124_21-53-46_bhvr.annot,5648,30.0,30.0,0.8673866855524079,0.4869327631266334,0.5298245614035088,0.4853801169590643,0.1719298245614035,43,25,full,attention,256.0,44,yolo_sppf_full_attention256_seed44,<RUN_ROOT>\outputs\controlled_comparison_runs\run_20260528_205727\neural_eval\yolo_sppf_full_attention256_seed44,<RUN_ROOT>\outputs\controlled_comparison_runs\run_20260528_205727\neural_training\yolo_sppf_full_attention256_seed44,yolo_sppf,yolo_sppf_full_attention256,,,,,
test_2,Mouse158_20151129_21-12-54,smoothed_frames,<RUN_ROOT>\outputs\controlled_comparison_runs\run_20260528_205727\neural_eval\yolo_sppf_full_attention256_seed44\test_2\Mouse158_20151129_21-12-54\Mouse158_20151129_21-12-54.behavior.smoothed_frames.csv,<MARS_DATA_ROOT>\test_2\Mouse158_20151129_21-12-54\Mouse158_20151129_21-12-54_bhvr.annot,10000,30.0,30.0,0.9147,0.7060906600868948,0.5964912280701754,0.5614035087719298,0.3859649122807017,49,27,full,attention,256.0,44,yolo_sppf_full_attention256_seed44,<RUN_ROOT>\outputs\controlled_comparison_runs\run_20260528_205727\neural_eval\yolo_sppf_full_attention256_seed44,<RUN_ROOT>\outputs\controlled_comparison_runs\run_20260528_205727\neural_training\yolo_sppf_full_attention256_seed44,yolo_sppf,yolo_sppf_full_attention256,,,,,
test_2,Mouse159_20151129_20-48-38,smoothed_frames,<RUN_ROOT>\outputs\controlled_comparison_runs\run_20260528_205727\neural_eval\yolo_sppf_full_attention256_seed44\test_2\Mouse159_20151129_20-48-38\Mouse159_20151129_20-48-38.behavior.smoothed_frames.csv,<MARS_DATA_ROOT>\test_2\Mouse159_20151129_20-48-38\Mouse159_20151129_20-48-38_actions.annot,7408,30.0,30.0,0.8764848812095032,0.5933459429869961,0.6709548313321898,0.6457975986277873,0.335620354488279,50,29,full,attention,256.0,44,yolo_sppf_full_attention256_seed44,<RUN_ROOT>\outputs\controlled_comparison_runs\run_20260528_205727\neural_eval\yolo_sppf_full_attention256_seed44,<RUN_ROOT>\outputs\controlled_comparison_runs\run_20260528_205727\neural_training\yolo_sppf_full_attention256_seed44,yolo_sppf,yolo_sppf_full_attention256,,,,,
test_2,Mouse159_20151129_20-57-31,smoothed_frames,<RUN_ROOT>\outputs\controlled_comparison_runs\run_20260528_205727\neural_eval\yolo_sppf_full_attention256_seed44\test_2\Mouse159_20151129_20-57-31\Mouse159_20151129_20-57-31.behavior.smoothed_frames.csv,<MARS_DATA_ROOT>\test_2\Mouse159_20151129_20-57-31\Mouse159_20151129_20-57-31_Front-XiaoAnn.annot,4144,30.0,30.0,0.9423262548262548,0.7398084083091286,0.7380952380952381,0.7380952380952381,0.5952380952380952,16,11,full,attention,256.0,44,yolo_sppf_full_attention256_seed44,<RUN_ROOT>\outputs\controlled_comparison_runs\run_20260528_205727\neural_eval\yolo_sppf_full_attention256_seed44,<RUN_ROOT>\outputs\controlled_comparison_runs\run_20260528_205727\neural_training\yolo_sppf_full_attention256_seed44,yolo_sppf,yolo_sppf_full_attention256,,,,,
test_2,Mouse627_20181026_17-29-36_01994-09560,smoothed_frames,<RUN_ROOT>\outputs\controlled_comparison_runs\run_20260528_205727\neural_eval\yolo_sppf_full_attention256_seed44\test_2\Mouse627_20181026_17-29-36_01994-09560\Mouse627_20181026_17-29-36_01994-09560.behavior.smoothed_frames.csv,<MARS_DATA_ROOT>\test_2\Mouse627_20181026_17-29-36_01994-09560\Mouse627_20181026_17-29-36_01994-09560_XW_tk_final.annot,7552,30.0,30.0,0.8763241525423728,0.868443325618595,0.8620689655172413,0.8448275862068966,0.685823754789272,39,37,full,attention,256.0,44,yolo_sppf_full_attention256_seed44,<RUN_ROOT>\outputs\controlled_comparison_runs\run_20260528_205727\neural_eval\yolo_sppf_full_attention256_seed44,<RUN_ROOT>\outputs\controlled_comparison_runs\run_20260528_205727\neural_training\yolo_sppf_full_attention256_seed44,yolo_sppf,yolo_sppf_full_attention256,,,,,
test_2,Mouse627_20181026_17-29-36_10191-15523,smoothed_frames,<RUN_ROOT>\outputs\controlled_comparison_runs\run_20260528_205727\neural_eval\yolo_sppf_full_attention256_seed44\test_2\Mouse627_20181026_17-29-36_10191-15523\Mouse627_20181026_17-29-36_10191-15523.behavior.smoothed_frames.csv,<MARS_DATA_ROOT>\test_2\Mouse627_20181026_17-29-36_10191-15523\Mouse627_20181026_17-29-36_10191-15523_XW_tk_final.annot,5328,30.0,30.0,0.8162537537537538,0.7630465981431298,0.75,0.7045454545454546,0.5,32,24,full,attention,256.0,44,yolo_sppf_full_attention256_seed44,<RUN_ROOT>\outputs\controlled_comparison_runs\run_20260528_205727\neural_eval\yolo_sppf_full_attention256_seed44,<RUN_ROOT>\outputs\controlled_comparison_runs\run_20260528_205727\neural_training\yolo_sppf_full_attention256_seed44,yolo_sppf,yolo_sppf_full_attention256,,,,,
test_2,Mouse627_20181026_17-29-36_16209-22286,smoothed_frames,<RUN_ROOT>\outputs\controlled_comparison_runs\run_20260528_205727\neural_eval\yolo_sppf_full_attention256_seed44\test_2\Mouse627_20181026_17-29-36_16209-22286\Mouse627_20181026_17-29-36_16209-22286.behavior.smoothed_frames.csv,<MARS_DATA_ROOT>\test_2\Mouse627_20181026_17-29-36_16209-22286\Mouse627_20181026_17-29-36_16209-22286_XW_tk_final.annot,6064,30.0,30.0,0.8702176781002638,0.6651195521588492,0.7640692640692641,0.7164502164502164,0.6926406926406926,32,33,full,attention,256.0,44,yolo_sppf_full_attention256_seed44,<RUN_ROOT>\outputs\controlled_comparison_runs\run_20260528_205727\neural_eval\yolo_sppf_full_attention256_seed44,<RUN_ROOT>\outputs\controlled_comparison_runs\run_20260528_205727\neural_training\yolo_sppf_full_attention256_seed44,yolo_sppf,yolo_sppf_full_attention256,,,,,
test_2,Mouse630_20181025_18-44-29_01807-21458,smoothed_frames,<RUN_ROOT>\outputs\controlled_comparison_runs\run_20260528_205727\neural_eval\yolo_sppf_full_attention256_seed44\test_2\Mouse630_20181025_18-44-29_01807-21458\Mouse630_20181025_18-44-29_01807-21458.behavior.smoothed_frames.csv,<MARS_DATA_ROOT>\test_2\Mouse630_20181025_18-44-29_01807-21458\Mouse630_20181025_18-44-29_01807-21458_XW_tk_final.annot,19648,30.0,30.0,0.8752035830618893,0.8425029396735954,0.9048232695139912,0.8738954344624448,0.7811119293078056,76,78,full,attention,256.0,44,yolo_sppf_full_attention256_seed44,<RUN_ROOT>\outputs\controlled_comparison_runs\run_20260528_205727\neural_eval\yolo_sppf_full_attention256_seed44,<RUN_ROOT>\outputs\controlled_comparison_runs\run_20260528_205727\neural_training\yolo_sppf_full_attention256_seed44,yolo_sppf,yolo_sppf_full_attention256,,,,,
test_2,Mouse630_20181025_18-44-29_21460-30528,smoothed_frames,<RUN_ROOT>\outputs\controlled_comparison_runs\run_20260528_205727\neural_eval\yolo_sppf_full_attention256_seed44\test_2\Mouse630_20181025_18-44-29_21460-30528\Mouse630_20181025_18-44-29_21460-30528.behavior.smoothed_frames.csv,<MARS_DATA_ROOT>\test_2\Mouse630_20181025_18-44-29_21460-30528\Mouse630_20181025_18-44-29_21460-30528_XW_tk_final.annot,9056,30.0,30.0,0.8810733215547704,0.7896326689104787,0.875,0.8541666666666667,0.75,33,40,full,attention,256.0,44,yolo_sppf_full_attention256_seed44,<RUN_ROOT>\outputs\controlled_comparison_runs\run_20260528_205727\neural_eval\yolo_sppf_full_attention256_seed44,<RUN_ROOT>\outputs\controlled_comparison_runs\run_20260528_205727\neural_training\yolo_sppf_full_attention256_seed44,yolo_sppf,yolo_sppf_full_attention256,,,,,
test_2,Mouse835-female_20200325_18-28-49_10767-24391,smoothed_frames,<RUN_ROOT>\outputs\controlled_comparison_runs\run_20260528_205727\neural_eval\yolo_sppf_full_attention256_seed44\test_2\Mouse835-female_20200325_18-28-49_10767-24391\Mouse835-female_20200325_18-28-49_10767-24391.behavior.smoothed_frames.csv,<MARS_DATA_ROOT>\test_2\Mouse835-female_20200325_18-28-49_10767-24391\Mouse835-female_20200325_18-28-49_10767-24391_TK_withUSV.annot,13616,30.0,30.0,0.8996034077555817,0.8946136670353233,0.9,0.8733333333333333,0.78,49,44,full,attention,256.0,44,yolo_sppf_full_attention256_seed44,<RUN_ROOT>\outputs\controlled_comparison_runs\run_20260528_205727\neural_eval\yolo_sppf_full_attention256_seed44,<RUN_ROOT>\outputs\controlled_comparison_runs\run_20260528_205727\neural_training\yolo_sppf_full_attention256_seed44,yolo_sppf,yolo_sppf_full_attention256,,,,,
test_2,Mouse836-female_20200322_19-33-17_00957-13323,smoothed_frames,<RUN_ROOT>\outputs\controlled_comparison_runs\run_20260528_205727\neural_eval\yolo_sppf_full_attention256_seed44\test_2\Mouse836-female_20200322_19-33-17_00957-13323\Mouse836-female_20200322_19-33-17_00957-13323.behavior.smoothed_frames.csv,<MARS_DATA_ROOT>\test_2\Mouse836-female_20200322_19-33-17_00957-13323\Mouse836-female_20200322_19-33-17_00957-13323_TK_withUSV.annot,12368,30.0,30.0,0.932487063389392,0.8113670428092312,0.5492063492063491,0.5174603174603174,0.4698412698412699,43,25,full,attention,256.0,44,yolo_sppf_full_attention256_seed44,<RUN_ROOT>\outputs\controlled_comparison_runs\run_20260528_205727\neural_eval\yolo_sppf_full_attention256_seed44,<RUN_ROOT>\outputs\controlled_comparison_runs\run_20260528_205727\neural_training\yolo_sppf_full_attention256_seed44,yolo_sppf,yolo_sppf_full_attention256,,,,,
test_2,Mouse836-female_20200322_19-33-17_14594-23870,smoothed_frames,<RUN_ROOT>\outputs\controlled_comparison_runs\run_20260528_205727\neural_eval\yolo_sppf_full_attention256_seed44\test_2\Mouse836-female_20200322_19-33-17_14594-23870\Mouse836-female_20200322_19-33-17_14594-23870.behavior.smoothed_frames.csv,<MARS_DATA_ROOT>\test_2\Mouse836-female_20200322_19-33-17_14594-23870\Mouse836-female_20200322_19-33-17_14594-23870_TK_withUSV.annot,9264,30.0,30.0,0.9012305699481864,0.906914443629801,0.9,0.8857142857142857,0.8142857142857143,45,35,full,attention,256.0,44,yolo_sppf_full_attention256_seed44,<RUN_ROOT>\outputs\controlled_comparison_runs\run_20260528_205727\neural_eval\yolo_sppf_full_attention256_seed44,<RUN_ROOT>\outputs\controlled_comparison_runs\run_20260528_205727\neural_training\yolo_sppf_full_attention256_seed44,yolo_sppf,yolo_sppf_full_attention256,,,,,
test_2,Mouse839-female_20200322_20-15-11_12885-24623,smoothed_frames,<RUN_ROOT>\outputs\controlled_comparison_runs\run_20260528_205727\neural_eval\yolo_sppf_full_attention256_seed44\test_2\Mouse839-female_20200322_20-15-11_12885-24623\Mouse839-female_20200322_20-15-11_12885-24623.behavior.smoothed_frames.csv,<MARS_DATA_ROOT>\test_2\Mouse839-female_20200322_20-15-11_12885-24623\Mouse839-female_20200322_20-15-11_12885-24623_TK_withUSV.annot,11728,30.0,30.0,0.7780525238744884,0.7881010680435484,0.8159340659340659,0.75,0.5906593406593406,68,51,full,attention,256.0,44,yolo_sppf_full_attention256_seed44,<RUN_ROOT>\outputs\controlled_comparison_runs\run_20260528_205727\neural_eval\yolo_sppf_full_attention256_seed44,<RUN_ROOT>\outputs\controlled_comparison_runs\run_20260528_205727\neural_training\yolo_sppf_full_attention256_seed44,yolo_sppf,yolo_sppf_full_attention256,,,,,
test_1,Mouse060_20160526_18-16-27,smoothed_frames,<RUN_ROOT>\outputs\controlled_comparison_runs\run_20260528_205727\neural_eval\yolo_sppf_full_lstm256_seed42\test_1\Mouse060_20160526_18-16-27\Mouse060_20160526_18-16-27.behavior.smoothed_frames.csv,<MARS_DATA_ROOT>\test_1\Mouse060_20160526_18-16-27\Mouse060_20160526_18-16-27_anno.annot,24288,30.0,30.0,0.9111495388669302,0.8571954179111381,0.8122780314561137,0.7800608828006088,0.6841704718417048,109,98,full,lstm,256.0,42,yolo_sppf_full_lstm256_seed42,<RUN_ROOT>\outputs\controlled_comparison_runs\run_20260528_205727\neural_eval\yolo_sppf_full_lstm256_seed42,<RUN_ROOT>\outputs\controlled_comparison_runs\run_20260528_205727\neural_training\yolo_sppf_full_lstm256_seed42,yolo_sppf,yolo_sppf_full_lstm256,,,,,
test_1,Mouse061_20160526_18-38-49,smoothed_frames,<RUN_ROOT>\outputs\controlled_comparison_runs\run_20260528_205727\neural_eval\yolo_sppf_full_lstm256_seed42\test_1\Mouse061_20160526_18-38-49\Mouse061_20160526_18-38-49.behavior.smoothed_frames.csv,<MARS_DATA_ROOT>\test_1\Mouse061_20160526_18-38-49\Mouse061_20160526_18-38-49_anno.annot,18640,30.0,30.0,0.9158261802575108,0.9190781259734644,0.8636842105263158,0.8536842105263158,0.8036842105263158,63,57,full,lstm,256.0,42,yolo_sppf_full_lstm256_seed42,<RUN_ROOT>\outputs\controlled_comparison_runs\run_20260528_205727\neural_eval\yolo_sppf_full_lstm256_seed42,<RUN_ROOT>\outputs\controlled_comparison_runs\run_20260528_205727\neural_training\yolo_sppf_full_lstm256_seed42,yolo_sppf,yolo_sppf_full_lstm256,,,,,
test_1,Mouse062_20160526_18-56-26,smoothed_frames,<RUN_ROOT>\outputs\controlled_comparison_runs\run_20260528_205727\neural_eval\yolo_sppf_full_lstm256_seed42\test_1\Mouse062_20160526_18-56-26\Mouse062_20160526_18-56-26.behavior.smoothed_frames.csv,<MARS_DATA_ROOT>\test_1\Mouse062_20160526_18-56-26\Mouse062_20160526_18-56-26_anno.annot,19632,30.0,30.0,0.9407090464547676,0.9546857658888548,0.8214285714285714,0.8134920634920635,0.7817460317460316,79,63,full,lstm,256.0,42,yolo_sppf_full_lstm256_seed42,<RUN_ROOT>\outputs\controlled_comparison_runs\run_20260528_205727\neural_eval\yolo_sppf_full_lstm256_seed42,<RUN_ROOT>\outputs\controlled_comparison_runs\run_20260528_205727\neural_training\yolo_sppf_full_lstm256_seed42,yolo_sppf,yolo_sppf_full_lstm256,,,,,
test_1,Mouse063_20160526_19-14-46,smoothed_frames,<RUN_ROOT>\outputs\controlled_comparison_runs\run_20260528_205727\neural_eval\yolo_sppf_full_lstm256_seed42\test_1\Mouse063_20160526_19-14-46\Mouse063_20160526_19-14-46.behavior.smoothed_frames.csv,<MARS_DATA_ROOT>\test_1\Mouse063_20160526_19-14-46\Mouse063_20160526_19-14-46_anno.annot,19296,30.0,30.0,0.8737043946932007,0.7805377625502756,0.6312289246908955,0.5846759085799925,0.4641251405020607,144,92,full,lstm,256.0,42,yolo_sppf_full_lstm256_seed42,<RUN_ROOT>\outputs\controlled_comparison_runs\run_20260528_205727\neural_eval\yolo_sppf_full_lstm256_seed42,<RUN_ROOT>\outputs\controlled_comparison_runs\run_20260528_205727\neural_training\yolo_sppf_full_lstm256_seed42,yolo_sppf,yolo_sppf_full_lstm256,,,,,
test_1,Mouse069_20160709_16-02-03,smoothed_frames,<RUN_ROOT>\outputs\controlled_comparison_runs\run_20260528_205727\neural_eval\yolo_sppf_full_lstm256_seed42\test_1\Mouse069_20160709_16-02-03\Mouse069_20160709_16-02-03.behavior.smoothed_frames.csv,<MARS_DATA_ROOT>\test_1\Mouse069_20160709_16-02-03\Mouse069_20160709_16-02-03_anno.annot,18496,30.0,30.0,0.9182525951557092,0.6248870127692961,0.5607655502392342,0.5256778309409887,0.394896331738437,66,54,full,lstm,256.0,42,yolo_sppf_full_lstm256_seed42,<RUN_ROOT>\outputs\controlled_comparison_runs\run_20260528_205727\neural_eval\yolo_sppf_full_lstm256_seed42,<RUN_ROOT>\outputs\controlled_comparison_runs\run_20260528_205727\neural_training\yolo_sppf_full_lstm256_seed42,yolo_sppf,yolo_sppf_full_lstm256,,,,,
test_1,Mouse070_20160709_16-58-36,smoothed_frames,<RUN_ROOT>\outputs\controlled_comparison_runs\run_20260528_205727\neural_eval\yolo_sppf_full_lstm256_seed42\test_1\Mouse070_20160709_16-58-36\Mouse070_20160709_16-58-36.behavior.smoothed_frames.csv,<MARS_DATA_ROOT>\test_1\Mouse070_20160709_16-58-36\Mouse070_20160709_16-58-36_anno.annot,20192,30.0,30.0,0.8459290808240888,0.588092996501691,0.49785431959345,0.4395256916996047,0.2716544325239977,193,80,full,lstm,256.0,42,yolo_sppf_full_lstm256_seed42,<RUN_ROOT>\outputs\controlled_comparison_runs\run_20260528_205727\neural_eval\yolo_sppf_full_lstm256_seed42,<RUN_ROOT>\outputs\controlled_comparison_runs\run_20260528_205727\neural_training\yolo_sppf_full_lstm256_seed42,yolo_sppf,yolo_sppf_full_lstm256,,,,,
test_1,Mouse074_20160709_19-15-23,smoothed_frames,<RUN_ROOT>\outputs\controlled_comparison_runs\run_20260528_205727\neural_eval\yolo_sppf_full_lstm256_seed42\test_1\Mouse074_20160709_19-15-23\Mouse074_20160709_19-15-23.behavior.smoothed_frames.csv,<MARS_DATA_ROOT>\test_1\Mouse074_20160709_19-15-23\Mouse074_20160709_19-15-23_anno.annot,19376,30.0,30.0,0.8976052848885219,0.6026395423889125,0.5331302361005331,0.5203097232800203,0.3169586189388169,119,63,full,lstm,256.0,42,yolo_sppf_full_lstm256_seed42,<RUN_ROOT>\outputs\controlled_comparison_runs\run_20260528_205727\neural_eval\yolo_sppf_full_lstm256_seed42,<RUN_ROOT>\outputs\controlled_comparison_runs\run_20260528_205727\neural_training\yolo_sppf_full_lstm256_seed42,yolo_sppf,yolo_sppf_full_lstm256,,,,,
test_1,Mouse077_20160709_18-29-34,smoothed_frames,<RUN_ROOT>\outputs\controlled_comparison_runs\run_20260528_205727\neural_eval\yolo_sppf_full_lstm256_seed42\test_1\Mouse077_20160709_18-29-34\Mouse077_20160709_18-29-34.behavior.smoothed_frames.csv,<MARS_DATA_ROOT>\test_1\Mouse077_20160709_18-29-34\Mouse077_20160709_18-29-34_anno.annot,19952,30.0,30.0,0.7914494787489976,0.4969539939851228,0.4795320197044334,0.4201970443349754,0.2272660098522167,280,123,full,lstm,256.0,42,yolo_sppf_full_lstm256_seed42,<RUN_ROOT>\outputs\controlled_comparison_runs\run_20260528_205727\neural_eval\yolo_sppf_full_lstm256_seed42,<RUN_ROOT>\outputs\controlled_comparison_runs\run_20260528_205727\neural_training\yolo_sppf_full_lstm256_seed42,yolo_sppf,yolo_sppf_full_lstm256,,,,,
test_1,Mouse162_20161017_19-58-28,smoothed_frames,<RUN_ROOT>\outputs\controlled_comparison_runs\run_20260528_205727\neural_eval\yolo_sppf_full_lstm256_seed42\test_1\Mouse162_20161017_19-58-28\Mouse162_20161017_19-58-28.behavior.smoothed_frames.csv,<MARS_DATA_ROOT>\test_1\Mouse162_20161017_19-58-28\Mouse162_20161017_19-58-28_TK.annot,17920,30.0,30.0,0.8694754464285714,0.7522566131941848,0.7671809256661992,0.7075736325385694,0.5480364656381487,80,69,full,lstm,256.0,42,yolo_sppf_full_lstm256_seed42,<RUN_ROOT>\outputs\controlled_comparison_runs\run_20260528_205727\neural_eval\yolo_sppf_full_lstm256_seed42,<RUN_ROOT>\outputs\controlled_comparison_runs\run_20260528_205727\neural_training\yolo_sppf_full_lstm256_seed42,yolo_sppf,yolo_sppf_full_lstm256,,,,,
test_1,Mouse163_20161018_18-22-45,smoothed_frames,<RUN_ROOT>\outputs\controlled_comparison_runs\run_20260528_205727\neural_eval\yolo_sppf_full_lstm256_seed42\test_1\Mouse163_20161018_18-22-45\Mouse163_20161018_18-22-45.behavior.smoothed_frames.csv,<MARS_DATA_ROOT>\test_1\Mouse163_20161018_18-22-45\Mouse163_20161018_18-22-45_TK.annot,6640,30.0,30.0,0.8772590361445783,0.8283945903309453,0.7892655367231638,0.755367231638418,0.6033898305084746,52,37,full,lstm,256.0,42,yolo_sppf_full_lstm256_seed42,<RUN_ROOT>\outputs\controlled_comparison_runs\run_20260528_205727\neural_eval\yolo_sppf_full_lstm256_seed42,<RUN_ROOT>\outputs\controlled_comparison_runs\run_20260528_205727\neural_training\yolo_sppf_full_lstm256_seed42,yolo_sppf,yolo_sppf_full_lstm256,,,,,
test_2,Mouse155_20151124_20-48-31,smoothed_frames,<RUN_ROOT>\outputs\controlled_comparison_runs\run_20260528_205727\neural_eval\yolo_sppf_full_lstm256_seed42\test_2\Mouse155_20151124_20-48-31\Mouse155_20151124_20-48-31.behavior.smoothed_frames.csv,<MARS_DATA_ROOT>\test_2\Mouse155_20151124_20-48-31\Mouse155_20151124_20-48-31_Front-XiaoAnn.annot,9952,30.0,30.0,0.9631229903536976,0.8534871169099356,0.7188940092165899,0.7188940092165899,0.6221198156682027,25,13,full,lstm,256.0,42,yolo_sppf_full_lstm256_seed42,<RUN_ROOT>\outputs\controlled_comparison_runs\run_20260528_205727\neural_eval\yolo_sppf_full_lstm256_seed42,<RUN_ROOT>\outputs\controlled_comparison_runs\run_20260528_205727\neural_training\yolo_sppf_full_lstm256_seed42,yolo_sppf,yolo_sppf_full_lstm256,,,,,
test_2,Mouse155_20151124_20-56-05,smoothed_frames,<RUN_ROOT>\outputs\controlled_comparison_runs\run_20260528_205727\neural_eval\yolo_sppf_full_lstm256_seed42\test_2\Mouse155_20151124_20-56-05\Mouse155_20151124_20-56-05.behavior.smoothed_frames.csv,<MARS_DATA_ROOT>\test_2\Mouse155_20151124_20-56-05\Mouse155_20151124_20-56-05_bhvr.annot,10384,30.0,30.0,0.9107280431432974,0.6807688315094165,0.6523076923076924,0.5815384615384616,0.3230769230769231,58,33,full,lstm,256.0,42,yolo_sppf_full_lstm256_seed42,<RUN_ROOT>\outputs\controlled_comparison_runs\run_20260528_205727\neural_eval\yolo_sppf_full_lstm256_seed42,<RUN_ROOT>\outputs\controlled_comparison_runs\run_20260528_205727\neural_training\yolo_sppf_full_lstm256_seed42,yolo_sppf,yolo_sppf_full_lstm256,,,,,
test_2,Mouse155_20151124_21-11-28,smoothed_frames,<RUN_ROOT>\outputs\controlled_comparison_runs\run_20260528_205727\neural_eval\yolo_sppf_full_lstm256_seed42\test_2\Mouse155_20151124_21-11-28\Mouse155_20151124_21-11-28.behavior.smoothed_frames.csv,<MARS_DATA_ROOT>\test_2\Mouse155_20151124_21-11-28\Mouse155_20151124_21-11-28_bhvr.annot,6688,30.0,30.0,0.9159688995215312,0.7983439988136791,0.7295454545454545,0.6795454545454546,0.6545454545454545,32,21,full,lstm,256.0,42,yolo_sppf_full_lstm256_seed42,<RUN_ROOT>\outputs\controlled_comparison_runs\run_20260528_205727\neural_eval\yolo_sppf_full_lstm256_seed42,<RUN_ROOT>\outputs\controlled_comparison_runs\run_20260528_205727\neural_training\yolo_sppf_full_lstm256_seed42,yolo_sppf,yolo_sppf_full_lstm256,,,,,
test_2,Mouse155_20151129_22-41-43,smoothed_frames,<RUN_ROOT>\outputs\controlled_comparison_runs\run_20260528_205727\neural_eval\yolo_sppf_full_lstm256_seed42\test_2\Mouse155_20151129_22-41-43\Mouse155_20151129_22-41-43.behavior.smoothed_frames.csv,<MARS_DATA_ROOT>\test_2\Mouse155_20151129_22-41-43\Mouse155_20151129_22-41-43_actions.annot,4816,30.0,30.0,0.8164451827242525,0.8184135674403552,0.8840579710144928,0.8550724637681159,0.7971014492753623,33,19,full,lstm,256.0,42,yolo_sppf_full_lstm256_seed42,<RUN_ROOT>\outputs\controlled_comparison_runs\run_20260528_205727\neural_eval\yolo_sppf_full_lstm256_seed42,<RUN_ROOT>\outputs\controlled_comparison_runs\run_20260528_205727\neural_training\yolo_sppf_full_lstm256_seed42,yolo_sppf,yolo_sppf_full_lstm256,,,,,
test_2,Mouse156_20151012_20-16-37,smoothed_frames,<RUN_ROOT>\outputs\controlled_comparison_runs\run_20260528_205727\neural_eval\yolo_sppf_full_lstm256_seed42\test_2\Mouse156_20151012_20-16-37\Mouse156_20151012_20-16-37.behavior.smoothed_frames.csv,<MARS_DATA_ROOT>\test_2\Mouse156_20151012_20-16-37\Mouse156_20151012_20-16-37_Front-XiaoAnn.annot,10272,30.0,30.0,0.7612928348909658,0.5281655458093099,0.5397376543209876,0.4182098765432098,0.2243055555555555,123,86,full,lstm,256.0,42,yolo_sppf_full_lstm256_seed42,<RUN_ROOT>\outputs\controlled_comparison_runs\run_20260528_205727\neural_eval\yolo_sppf_full_lstm256_seed42,<RUN_ROOT>\outputs\controlled_comparison_runs\run_20260528_205727\neural_training\yolo_sppf_full_lstm256_seed42,yolo_sppf,yolo_sppf_full_lstm256,,,,,
test_2,Mouse156_20151124_21-53-46,smoothed_frames,<RUN_ROOT>\outputs\controlled_comparison_runs\run_20260528_205727\neural_eval\yolo_sppf_full_lstm256_seed42\test_2\Mouse156_20151124_21-53-46\Mouse156_20151124_21-53-46.behavior.smoothed_frames.csv,<MARS_DATA_ROOT>\test_2\Mouse156_20151124_21-53-46\Mouse156_20151124_21-53-46_bhvr.annot,5648,30.0,30.0,0.8962464589235127,0.5236774032042724,0.5195121951219512,0.5195121951219512,0.2219512195121951,43,22,full,lstm,256.0,42,yolo_sppf_full_lstm256_seed42,<RUN_ROOT>\outputs\controlled_comparison_runs\run_20260528_205727\neural_eval\yolo_sppf_full_lstm256_seed42,<RUN_ROOT>\outputs\controlled_comparison_runs\run_20260528_205727\neural_training\yolo_sppf_full_lstm256_seed42,yolo_sppf,yolo_sppf_full_lstm256,,,,,
test_2,Mouse158_20151129_21-12-54,smoothed_frames,<RUN_ROOT>\outputs\controlled_comparison_runs\run_20260528_205727\neural_eval\yolo_sppf_full_lstm256_seed42\test_2\Mouse158_20151129_21-12-54\Mouse158_20151129_21-12-54.behavior.smoothed_frames.csv,<MARS_DATA_ROOT>\test_2\Mouse158_20151129_21-12-54\Mouse158_20151129_21-12-54_bhvr.annot,10000,30.0,30.0,0.9285,0.7206368666356053,0.5906432748538011,0.5350877192982455,0.3557504873294347,49,24,full,lstm,256.0,42,yolo_sppf_full_lstm256_seed42,<RUN_ROOT>\outputs\controlled_comparison_runs\run_20260528_205727\neural_eval\yolo_sppf_full_lstm256_seed42,<RUN_ROOT>\outputs\controlled_comparison_runs\run_20260528_205727\neural_training\yolo_sppf_full_lstm256_seed42,yolo_sppf,yolo_sppf_full_lstm256,,,,,
test_2,Mouse159_20151129_20-48-38,smoothed_frames,<RUN_ROOT>\outputs\controlled_comparison_runs\run_20260528_205727\neural_eval\yolo_sppf_full_lstm256_seed42\test_2\Mouse159_20151129_20-48-38\Mouse159_20151129_20-48-38.behavior.smoothed_frames.csv,<MARS_DATA_ROOT>\test_2\Mouse159_20151129_20-48-38\Mouse159_20151129_20-48-38_actions.annot,7408,30.0,30.0,0.8830993520518359,0.571527385501121,0.5616951182988918,0.5239592692422881,0.2824947589098532,50,34,full,lstm,256.0,42,yolo_sppf_full_lstm256_seed42,<RUN_ROOT>\outputs\controlled_comparison_runs\run_20260528_205727\neural_eval\yolo_sppf_full_lstm256_seed42,<RUN_ROOT>\outputs\controlled_comparison_runs\run_20260528_205727\neural_training\yolo_sppf_full_lstm256_seed42,yolo_sppf,yolo_sppf_full_lstm256,,,,,
test_2,Mouse159_20151129_20-57-31,smoothed_frames,<RUN_ROOT>\outputs\controlled_comparison_runs\run_20260528_205727\neural_eval\yolo_sppf_full_lstm256_seed42\test_2\Mouse159_20151129_20-57-31\Mouse159_20151129_20-57-31.behavior.smoothed_frames.csv,<MARS_DATA_ROOT>\test_2\Mouse159_20151129_20-57-31\Mouse159_20151129_20-57-31_Front-XiaoAnn.annot,4144,30.0,30.0,0.9688706563706564,0.8309231441667941,0.7352941176470589,0.7352941176470589,0.7352941176470589,16,7,full,lstm,256.0,42,yolo_sppf_full_lstm256_seed42,<RUN_ROOT>\outputs\controlled_comparison_runs\run_20260528_205727\neural_eval\yolo_sppf_full_lstm256_seed42,<RUN_ROOT>\outputs\controlled_comparison_runs\run_20260528_205727\neural_training\yolo_sppf_full_lstm256_seed42,yolo_sppf,yolo_sppf_full_lstm256,,,,,
test_2,Mouse627_20181026_17-29-36_01994-09560,smoothed_frames,<RUN_ROOT>\outputs\controlled_comparison_runs\run_20260528_205727\neural_eval\yolo_sppf_full_lstm256_seed42\test_2\Mouse627_20181026_17-29-36_01994-09560\Mouse627_20181026_17-29-36_01994-09560.behavior.smoothed_frames.csv,<MARS_DATA_ROOT>\test_2\Mouse627_20181026_17-29-36_01994-09560\Mouse627_20181026_17-29-36_01994-09560_XW_tk_final.annot,7552,30.0,30.0,0.8923463983050848,0.8871997757798119,0.9067796610169492,0.8898305084745763,0.8220338983050848,39,39,full,lstm,256.0,42,yolo_sppf_full_lstm256_seed42,<RUN_ROOT>\outputs\controlled_comparison_runs\run_20260528_205727\neural_eval\yolo_sppf_full_lstm256_seed42,<RUN_ROOT>\outputs\controlled_comparison_runs\run_20260528_205727\neural_training\yolo_sppf_full_lstm256_seed42,yolo_sppf,yolo_sppf_full_lstm256,,,,,
test_2,Mouse627_20181026_17-29-36_10191-15523,smoothed_frames,<RUN_ROOT>\outputs\controlled_comparison_runs\run_20260528_205727\neural_eval\yolo_sppf_full_lstm256_seed42\test_2\Mouse627_20181026_17-29-36_10191-15523\Mouse627_20181026_17-29-36_10191-15523.behavior.smoothed_frames.csv,<MARS_DATA_ROOT>\test_2\Mouse627_20181026_17-29-36_10191-15523\Mouse627_20181026_17-29-36_10191-15523_XW_tk_final.annot,5328,30.0,30.0,0.8477852852852853,0.8063455299643302,0.7726495726495726,0.7726495726495726,0.5846153846153845,32,29,full,lstm,256.0,42,yolo_sppf_full_lstm256_seed42,<RUN_ROOT>\outputs\controlled_comparison_runs\run_20260528_205727\neural_eval\yolo_sppf_full_lstm256_seed42,<RUN_ROOT>\outputs\controlled_comparison_runs\run_20260528_205727\neural_training\yolo_sppf_full_lstm256_seed42,yolo_sppf,yolo_sppf_full_lstm256,,,,,
test_2,Mouse627_20181026_17-29-36_16209-22286,smoothed_frames,<RUN_ROOT>\outputs\controlled_comparison_runs\run_20260528_205727\neural_eval\yolo_sppf_full_lstm256_seed42\test_2\Mouse627_20181026_17-29-36_16209-22286\Mouse627_20181026_17-29-36_16209-22286.behavior.smoothed_frames.csv,<MARS_DATA_ROOT>\test_2\Mouse627_20181026_17-29-36_16209-22286\Mouse627_20181026_17-29-36_16209-22286_XW_tk_final.annot,6064,30.0,30.0,0.8776385224274407,0.6442619178594413,0.6913875598086124,0.638755980861244,0.638755980861244,32,30,full,lstm,256.0,42,yolo_sppf_full_lstm256_seed42,<RUN_ROOT>\outputs\controlled_comparison_runs\run_20260528_205727\neural_eval\yolo_sppf_full_lstm256_seed42,<RUN_ROOT>\outputs\controlled_comparison_runs\run_20260528_205727\neural_training\yolo_sppf_full_lstm256_seed42,yolo_sppf,yolo_sppf_full_lstm256,,,,,
test_2,Mouse630_20181025_18-44-29_01807-21458,smoothed_frames,<RUN_ROOT>\outputs\controlled_comparison_runs\run_20260528_205727\neural_eval\yolo_sppf_full_lstm256_seed42\test_2\Mouse630_20181025_18-44-29_01807-21458\Mouse630_20181025_18-44-29_01807-21458.behavior.smoothed_frames.csv,<MARS_DATA_ROOT>\test_2\Mouse630_20181025_18-44-29_01807-21458\Mouse630_20181025_18-44-29_01807-21458_XW_tk_final.annot,19648,30.0,30.0,0.8788680781758957,0.844656125723854,0.8854489164086687,0.8462332301341591,0.7776057791537667,76,83,full,lstm,256.0,42,yolo_sppf_full_lstm256_seed42,<RUN_ROOT>\outputs\controlled_comparison_runs\run_20260528_205727\neural_eval\yolo_sppf_full_lstm256_seed42,<RUN_ROOT>\outputs\controlled_comparison_runs\run_20260528_205727\neural_training\yolo_sppf_full_lstm256_seed42,yolo_sppf,yolo_sppf_full_lstm256,,,,,
test_2,Mouse630_20181025_18-44-29_21460-30528,smoothed_frames,<RUN_ROOT>\outputs\controlled_comparison_runs\run_20260528_205727\neural_eval\yolo_sppf_full_lstm256_seed42\test_2\Mouse630_20181025_18-44-29_21460-30528\Mouse630_20181025_18-44-29_21460-30528.behavior.smoothed_frames.csv,<MARS_DATA_ROOT>\test_2\Mouse630_20181025_18-44-29_21460-30528\Mouse630_20181025_18-44-29_21460-30528_XW_tk_final.annot,9056,30.0,30.0,0.8797482332155477,0.7776389228582468,0.8436363636363636,0.820909090909091,0.7072727272727273,33,39,full,lstm,256.0,42,yolo_sppf_full_lstm256_seed42,<RUN_ROOT>\outputs\controlled_comparison_runs\run_20260528_205727\neural_eval\yolo_sppf_full_lstm256_seed42,<RUN_ROOT>\outputs\controlled_comparison_runs\run_20260528_205727\neural_training\yolo_sppf_full_lstm256_seed42,yolo_sppf,yolo_sppf_full_lstm256,,,,,
test_2,Mouse835-female_20200325_18-28-49_10767-24391,smoothed_frames,<RUN_ROOT>\outputs\controlled_comparison_runs\run_20260528_205727\neural_eval\yolo_sppf_full_lstm256_seed42\test_2\Mouse835-female_20200325_18-28-49_10767-24391\Mouse835-female_20200325_18-28-49_10767-24391.behavior.smoothed_frames.csv,<MARS_DATA_ROOT>\test_2\Mouse835-female_20200325_18-28-49_10767-24391\Mouse835-female_20200325_18-28-49_10767-24391_TK_withUSV.annot,13616,30.0,30.0,0.90180669800235,0.8919591208403692,0.8375,0.8108333333333333,0.6908333333333334,49,44,full,lstm,256.0,42,yolo_sppf_full_lstm256_seed42,<RUN_ROOT>\outputs\controlled_comparison_runs\run_20260528_205727\neural_eval\yolo_sppf_full_lstm256_seed42,<RUN_ROOT>\outputs\controlled_comparison_runs\run_20260528_205727\neural_training\yolo_sppf_full_lstm256_seed42,yolo_sppf,yolo_sppf_full_lstm256,,,,,
test_2,Mouse836-female_20200322_19-33-17_00957-13323,smoothed_frames,<RUN_ROOT>\outputs\controlled_comparison_runs\run_20260528_205727\neural_eval\yolo_sppf_full_lstm256_seed42\test_2\Mouse836-female_20200322_19-33-17_00957-13323\Mouse836-female_20200322_19-33-17_00957-13323.behavior.smoothed_frames.csv,<MARS_DATA_ROOT>\test_2\Mouse836-female_20200322_19-33-17_00957-13323\Mouse836-female_20200322_19-33-17_00957-13323_TK_withUSV.annot,12368,30.0,30.0,0.9305465717981888,0.783888261079935,0.5317460317460317,0.4841269841269841,0.4365079365079365,43,26,full,lstm,256.0,42,yolo_sppf_full_lstm256_seed42,<RUN_ROOT>\outputs\controlled_comparison_runs\run_20260528_205727\neural_eval\yolo_sppf_full_lstm256_seed42,<RUN_ROOT>\outputs\controlled_comparison_runs\run_20260528_205727\neural_training\yolo_sppf_full_lstm256_seed42,yolo_sppf,yolo_sppf_full_lstm256,,,,,
test_2,Mouse836-female_20200322_19-33-17_14594-23870,smoothed_frames,<RUN_ROOT>\outputs\controlled_comparison_runs\run_20260528_205727\neural_eval\yolo_sppf_full_lstm256_seed42\test_2\Mouse836-female_20200322_19-33-17_14594-23870\Mouse836-female_20200322_19-33-17_14594-23870.behavior.smoothed_frames.csv,<MARS_DATA_ROOT>\test_2\Mouse836-female_20200322_19-33-17_14594-23870\Mouse836-female_20200322_19-33-17_14594-23870_TK_withUSV.annot,9264,30.0,30.0,0.91396804835924,0.9054135913099894,0.8573232323232323,0.8573232323232323,0.8156565656565657,45,38,full,lstm,256.0,42,yolo_sppf_full_lstm256_seed42,<RUN_ROOT>\outputs\controlled_comparison_runs\run_20260528_205727\neural_eval\yolo_sppf_full_lstm256_seed42,<RUN_ROOT>\outputs\controlled_comparison_runs\run_20260528_205727\neural_training\yolo_sppf_full_lstm256_seed42,yolo_sppf,yolo_sppf_full_lstm256,,,,,
test_2,Mouse839-female_20200322_20-15-11_12885-24623,smoothed_frames,<RUN_ROOT>\outputs\controlled_comparison_runs\run_20260528_205727\neural_eval\yolo_sppf_full_lstm256_seed42\test_2\Mouse839-female_20200322_20-15-11_12885-24623\Mouse839-female_20200322_20-15-11_12885-24623.behavior.smoothed_frames.csv,<MARS_DATA_ROOT>\test_2\Mouse839-female_20200322_20-15-11_12885-24623\Mouse839-female_20200322_20-15-11_12885-24623_TK_withUSV.annot,11728,30.0,30.0,0.7782230559345157,0.7813520374596021,0.7779461917392951,0.6885183781735507,0.5426297840090943,68,52,full,lstm,256.0,42,yolo_sppf_full_lstm256_seed42,<RUN_ROOT>\outputs\controlled_comparison_runs\run_20260528_205727\neural_eval\yolo_sppf_full_lstm256_seed42,<RUN_ROOT>\outputs\controlled_comparison_runs\run_20260528_205727\neural_training\yolo_sppf_full_lstm256_seed42,yolo_sppf,yolo_sppf_full_lstm256,,,,,
test_1,Mouse060_20160526_18-16-27,smoothed_frames,<RUN_ROOT>\outputs\controlled_comparison_runs\run_20260528_205727\neural_eval\yolo_sppf_full_lstm256_seed43\test_1\Mouse060_20160526_18-16-27\Mouse060_20160526_18-16-27.behavior.smoothed_frames.csv,<MARS_DATA_ROOT>\test_1\Mouse060_20160526_18-16-27\Mouse060_20160526_18-16-27_anno.annot,24288,30.0,30.0,0.9171195652173914,0.8608761543721166,0.8159041394335512,0.7777777777777778,0.6928104575163399,109,98,full,lstm,256.0,43,yolo_sppf_full_lstm256_seed43,<RUN_ROOT>\outputs\controlled_comparison_runs\run_20260528_205727\neural_eval\yolo_sppf_full_lstm256_seed43,<RUN_ROOT>\outputs\controlled_comparison_runs\run_20260528_205727\neural_training\yolo_sppf_full_lstm256_seed43,yolo_sppf,yolo_sppf_full_lstm256,,,,,
test_1,Mouse061_20160526_18-38-49,smoothed_frames,<RUN_ROOT>\outputs\controlled_comparison_runs\run_20260528_205727\neural_eval\yolo_sppf_full_lstm256_seed43\test_1\Mouse061_20160526_18-38-49\Mouse061_20160526_18-38-49.behavior.smoothed_frames.csv,<MARS_DATA_ROOT>\test_1\Mouse061_20160526_18-38-49\Mouse061_20160526_18-38-49_anno.annot,18640,30.0,30.0,0.9183476394849786,0.9204661119264468,0.8536842105263158,0.8436842105263158,0.7836842105263158,63,56,full,lstm,256.0,43,yolo_sppf_full_lstm256_seed43,<RUN_ROOT>\outputs\controlled_comparison_runs\run_20260528_205727\neural_eval\yolo_sppf_full_lstm256_seed43,<RUN_ROOT>\outputs\controlled_comparison_runs\run_20260528_205727\neural_training\yolo_sppf_full_lstm256_seed43,yolo_sppf,yolo_sppf_full_lstm256,,,,,
test_1,Mouse062_20160526_18-56-26,smoothed_frames,<RUN_ROOT>\outputs\controlled_comparison_runs\run_20260528_205727\neural_eval\yolo_sppf_full_lstm256_seed43\test_1\Mouse062_20160526_18-56-26\Mouse062_20160526_18-56-26.behavior.smoothed_frames.csv,<MARS_DATA_ROOT>\test_1\Mouse062_20160526_18-56-26\Mouse062_20160526_18-56-26_anno.annot,19632,30.0,30.0,0.9439690301548492,0.9565500440970068,0.8150406504065041,0.806910569105691,0.782520325203252,79,56,full,lstm,256.0,43,yolo_sppf_full_lstm256_seed43,<RUN_ROOT>\outputs\controlled_comparison_runs\run_20260528_205727\neural_eval\yolo_sppf_full_lstm256_seed43,<RUN_ROOT>\outputs\controlled_comparison_runs\run_20260528_205727\neural_training\yolo_sppf_full_lstm256_seed43,yolo_sppf,yolo_sppf_full_lstm256,,,,,
test_1,Mouse063_20160526_19-14-46,smoothed_frames,<RUN_ROOT>\outputs\controlled_comparison_runs\run_20260528_205727\neural_eval\yolo_sppf_full_lstm256_seed43\test_1\Mouse063_20160526_19-14-46\Mouse063_20160526_19-14-46.behavior.smoothed_frames.csv,<MARS_DATA_ROOT>\test_1\Mouse063_20160526_19-14-46\Mouse063_20160526_19-14-46_anno.annot,19296,30.0,30.0,0.8763474295190713,0.7693425743325242,0.6163184641445512,0.570111048371918,0.4439111613024656,144,84,full,lstm,256.0,43,yolo_sppf_full_lstm256_seed43,<RUN_ROOT>\outputs\controlled_comparison_runs\run_20260528_205727\neural_eval\yolo_sppf_full_lstm256_seed43,<RUN_ROOT>\outputs\controlled_comparison_runs\run_20260528_205727\neural_training\yolo_sppf_full_lstm256_seed43,yolo_sppf,yolo_sppf_full_lstm256,,,,,
test_1,Mouse069_20160709_16-02-03,smoothed_frames,<RUN_ROOT>\outputs\controlled_comparison_runs\run_20260528_205727\neural_eval\yolo_sppf_full_lstm256_seed43\test_1\Mouse069_20160709_16-02-03\Mouse069_20160709_16-02-03.behavior.smoothed_frames.csv,<MARS_DATA_ROOT>\test_1\Mouse069_20160709_16-02-03\Mouse069_20160709_16-02-03_anno.annot,18496,30.0,30.0,0.9143598615916956,0.6399805495545107,0.6015002344116268,0.5661040787623066,0.4413970932958275,66,53,full,lstm,256.0,43,yolo_sppf_full_lstm256_seed43,<RUN_ROOT>\outputs\controlled_comparison_runs\run_20260528_205727\neural_eval\yolo_sppf_full_lstm256_seed43,<RUN_ROOT>\outputs\controlled_comparison_runs\run_20260528_205727\neural_training\yolo_sppf_full_lstm256_seed43,yolo_sppf,yolo_sppf_full_lstm256,,,,,
test_1,Mouse070_20160709_16-58-36,smoothed_frames,<RUN_ROOT>\outputs\controlled_comparison_runs\run_20260528_205727\neural_eval\yolo_sppf_full_lstm256_seed43\test_1\Mouse070_20160709_16-58-36\Mouse070_20160709_16-58-36.behavior.smoothed_frames.csv,<MARS_DATA_ROOT>\test_1\Mouse070_20160709_16-58-36\Mouse070_20160709_16-58-36_anno.annot,20192,30.0,30.0,0.852466323296355,0.6296681028473892,0.5455883956810993,0.482604427963791,0.3478023775766168,193,87,full,lstm,256.0,43,yolo_sppf_full_lstm256_seed43,<RUN_ROOT>\outputs\controlled_comparison_runs\run_20260528_205727\neural_eval\yolo_sppf_full_lstm256_seed43,<RUN_ROOT>\outputs\controlled_comparison_runs\run_20260528_205727\neural_training\yolo_sppf_full_lstm256_seed43,yolo_sppf,yolo_sppf_full_lstm256,,,,,
test_1,Mouse074_20160709_19-15-23,smoothed_frames,<RUN_ROOT>\outputs\controlled_comparison_runs\run_20260528_205727\neural_eval\yolo_sppf_full_lstm256_seed43\test_1\Mouse074_20160709_19-15-23\Mouse074_20160709_19-15-23.behavior.smoothed_frames.csv,<MARS_DATA_ROOT>\test_1\Mouse074_20160709_19-15-23\Mouse074_20160709_19-15-23_anno.annot,19376,30.0,30.0,0.8977085053674649,0.6271313595879154,0.6202841173730788,0.6114345598509549,0.3607359105728924,119,72,full,lstm,256.0,43,yolo_sppf_full_lstm256_seed43,<RUN_ROOT>\outputs\controlled_comparison_runs\run_20260528_205727\neural_eval\yolo_sppf_full_lstm256_seed43,<RUN_ROOT>\outputs\controlled_comparison_runs\run_20260528_205727\neural_training\yolo_sppf_full_lstm256_seed43,yolo_sppf,yolo_sppf_full_lstm256,,,,,
test_1,Mouse077_20160709_18-29-34,smoothed_frames,<RUN_ROOT>\outputs\controlled_comparison_runs\run_20260528_205727\neural_eval\yolo_sppf_full_lstm256_seed43\test_1\Mouse077_20160709_18-29-34\Mouse077_20160709_18-29-34.behavior.smoothed_frames.csv,<MARS_DATA_ROOT>\test_1\Mouse077_20160709_18-29-34\Mouse077_20160709_18-29-34_anno.annot,19952,30.0,30.0,0.7911487570168404,0.5317460818607325,0.5484749455337691,0.4528867102396514,0.2794117647058823,280,140,full,lstm,256.0,43,yolo_sppf_full_lstm256_seed43,<RUN_ROOT>\outputs\controlled_comparison_runs\run_20260528_205727\neural_eval\yolo_sppf_full_lstm256_seed43,<RUN_ROOT>\outputs\controlled_comparison_runs\run_20260528_205727\neural_training\yolo_sppf_full_lstm256_seed43,yolo_sppf,yolo_sppf_full_lstm256,,,,,
test_1,Mouse162_20161017_19-58-28,smoothed_frames,<RUN_ROOT>\outputs\controlled_comparison_runs\run_20260528_205727\neural_eval\yolo_sppf_full_lstm256_seed43\test_1\Mouse162_20161017_19-58-28\Mouse162_20161017_19-58-28.behavior.smoothed_frames.csv,<MARS_DATA_ROOT>\test_1\Mouse162_20161017_19-58-28\Mouse162_20161017_19-58-28_TK.annot,17920,30.0,30.0,0.8598772321428572,0.7223327807056827,0.7119437939110072,0.6791569086651055,0.4855581576893052,80,64,full,lstm,256.0,43,yolo_sppf_full_lstm256_seed43,<RUN_ROOT>\outputs\controlled_comparison_runs\run_20260528_205727\neural_eval\yolo_sppf_full_lstm256_seed43,<RUN_ROOT>\outputs\controlled_comparison_runs\run_20260528_205727\neural_training\yolo_sppf_full_lstm256_seed43,yolo_sppf,yolo_sppf_full_lstm256,,,,,
test_1,Mouse163_20161018_18-22-45,smoothed_frames,<RUN_ROOT>\outputs\controlled_comparison_runs\run_20260528_205727\neural_eval\yolo_sppf_full_lstm256_seed43\test_1\Mouse163_20161018_18-22-45\Mouse163_20161018_18-22-45.behavior.smoothed_frames.csv,<MARS_DATA_ROOT>\test_1\Mouse163_20161018_18-22-45\Mouse163_20161018_18-22-45_TK.annot,6640,30.0,30.0,0.873343373493976,0.8189852035939031,0.7954022988505747,0.760919540229885,0.5735632183908046,52,36,full,lstm,256.0,43,yolo_sppf_full_lstm256_seed43,<RUN_ROOT>\outputs\controlled_comparison_runs\run_20260528_205727\neural_eval\yolo_sppf_full_lstm256_seed43,<RUN_ROOT>\outputs\controlled_comparison_runs\run_20260528_205727\neural_training\yolo_sppf_full_lstm256_seed43,yolo_sppf,yolo_sppf_full_lstm256,,,,,
test_2,Mouse155_20151124_20-48-31,smoothed_frames,<RUN_ROOT>\outputs\controlled_comparison_runs\run_20260528_205727\neural_eval\yolo_sppf_full_lstm256_seed43\test_2\Mouse155_20151124_20-48-31\Mouse155_20151124_20-48-31.behavior.smoothed_frames.csv,<MARS_DATA_ROOT>\test_2\Mouse155_20151124_20-48-31\Mouse155_20151124_20-48-31_Front-XiaoAnn.annot,9952,30.0,30.0,0.9667403536977492,0.8607381507381506,0.7285714285714285,0.6952380952380952,0.6619047619047619,25,12,full,lstm,256.0,43,yolo_sppf_full_lstm256_seed43,<RUN_ROOT>\outputs\controlled_comparison_runs\run_20260528_205727\neural_eval\yolo_sppf_full_lstm256_seed43,<RUN_ROOT>\outputs\controlled_comparison_runs\run_20260528_205727\neural_training\yolo_sppf_full_lstm256_seed43,yolo_sppf,yolo_sppf_full_lstm256,,,,,
test_2,Mouse155_20151124_20-56-05,smoothed_frames,<RUN_ROOT>\outputs\controlled_comparison_runs\run_20260528_205727\neural_eval\yolo_sppf_full_lstm256_seed43\test_2\Mouse155_20151124_20-56-05\Mouse155_20151124_20-56-05.behavior.smoothed_frames.csv,<MARS_DATA_ROOT>\test_2\Mouse155_20151124_20-56-05\Mouse155_20151124_20-56-05_bhvr.annot,10384,30.0,30.0,0.9132318952234206,0.6828360915657157,0.6703296703296704,0.6001221001221002,0.3644688644688644,58,32,full,lstm,256.0,43,yolo_sppf_full_lstm256_seed43,<RUN_ROOT>\outputs\controlled_comparison_runs\run_20260528_205727\neural_eval\yolo_sppf_full_lstm256_seed43,<RUN_ROOT>\outputs\controlled_comparison_runs\run_20260528_205727\neural_training\yolo_sppf_full_lstm256_seed43,yolo_sppf,yolo_sppf_full_lstm256,,,,,
test_2,Mouse155_20151124_21-11-28,smoothed_frames,<RUN_ROOT>\outputs\controlled_comparison_runs\run_20260528_205727\neural_eval\yolo_sppf_full_lstm256_seed43\test_2\Mouse155_20151124_21-11-28\Mouse155_20151124_21-11-28.behavior.smoothed_frames.csv,<MARS_DATA_ROOT>\test_2\Mouse155_20151124_21-11-28\Mouse155_20151124_21-11-28_bhvr.annot,6688,30.0,30.0,0.9119318181818182,0.675313413516776,0.7564102564102564,0.7307692307692308,0.3794871794871795,32,18,full,lstm,256.0,43,yolo_sppf_full_lstm256_seed43,<RUN_ROOT>\outputs\controlled_comparison_runs\run_20260528_205727\neural_eval\yolo_sppf_full_lstm256_seed43,<RUN_ROOT>\outputs\controlled_comparison_runs\run_20260528_205727\neural_training\yolo_sppf_full_lstm256_seed43,yolo_sppf,yolo_sppf_full_lstm256,,,,,
test_2,Mouse155_20151129_22-41-43,smoothed_frames,<RUN_ROOT>\outputs\controlled_comparison_runs\run_20260528_205727\neural_eval\yolo_sppf_full_lstm256_seed43\test_2\Mouse155_20151129_22-41-43\Mouse155_20151129_22-41-43.behavior.smoothed_frames.csv,<MARS_DATA_ROOT>\test_2\Mouse155_20151129_22-41-43\Mouse155_20151129_22-41-43_actions.annot,4816,30.0,30.0,0.8145764119601329,0.5489546918334725,0.5510204081632654,0.5102040816326531,0.4285714285714285,33,21,full,lstm,256.0,43,yolo_sppf_full_lstm256_seed43,<RUN_ROOT>\outputs\controlled_comparison_runs\run_20260528_205727\neural_eval\yolo_sppf_full_lstm256_seed43,<RUN_ROOT>\outputs\controlled_comparison_runs\run_20260528_205727\neural_training\yolo_sppf_full_lstm256_seed43,yolo_sppf,yolo_sppf_full_lstm256,,,,,
test_2,Mouse156_20151012_20-16-37,smoothed_frames,<RUN_ROOT>\outputs\controlled_comparison_runs\run_20260528_205727\neural_eval\yolo_sppf_full_lstm256_seed43\test_2\Mouse156_20151012_20-16-37\Mouse156_20151012_20-16-37.behavior.smoothed_frames.csv,<MARS_DATA_ROOT>\test_2\Mouse156_20151012_20-16-37\Mouse156_20151012_20-16-37_Front-XiaoAnn.annot,10272,30.0,30.0,0.8014992211838006,0.583969538750108,0.6138047138047138,0.4909652076318743,0.2415263748597082,123,75,full,lstm,256.0,43,yolo_sppf_full_lstm256_seed43,<RUN_ROOT>\outputs\controlled_comparison_runs\run_20260528_205727\neural_eval\yolo_sppf_full_lstm256_seed43,<RUN_ROOT>\outputs\controlled_comparison_runs\run_20260528_205727\neural_training\yolo_sppf_full_lstm256_seed43,yolo_sppf,yolo_sppf_full_lstm256,,,,,
test_2,Mouse156_20151124_21-53-46,smoothed_frames,<RUN_ROOT>\outputs\controlled_comparison_runs\run_20260528_205727\neural_eval\yolo_sppf_full_lstm256_seed43\test_2\Mouse156_20151124_21-53-46\Mouse156_20151124_21-53-46.behavior.smoothed_frames.csv,<MARS_DATA_ROOT>\test_2\Mouse156_20151124_21-53-46\Mouse156_20151124_21-53-46_bhvr.annot,5648,30.0,30.0,0.8900495750708215,0.492370643393775,0.4904306220095693,0.4677033492822966,0.1961722488038277,43,24,full,lstm,256.0,43,yolo_sppf_full_lstm256_seed43,<RUN_ROOT>\outputs\controlled_comparison_runs\run_20260528_205727\neural_eval\yolo_sppf_full_lstm256_seed43,<RUN_ROOT>\outputs\controlled_comparison_runs\run_20260528_205727\neural_training\yolo_sppf_full_lstm256_seed43,yolo_sppf,yolo_sppf_full_lstm256,,,,,
test_2,Mouse158_20151129_21-12-54,smoothed_frames,<RUN_ROOT>\outputs\controlled_comparison_runs\run_20260528_205727\neural_eval\yolo_sppf_full_lstm256_seed43\test_2\Mouse158_20151129_21-12-54\Mouse158_20151129_21-12-54.behavior.smoothed_frames.csv,<MARS_DATA_ROOT>\test_2\Mouse158_20151129_21-12-54\Mouse158_20151129_21-12-54_bhvr.annot,10000,30.0,30.0,0.9343,0.73514839831382,0.6091617933723197,0.5536062378167641,0.4454191033138401,49,24,full,lstm,256.0,43,yolo_sppf_full_lstm256_seed43,<RUN_ROOT>\outputs\controlled_comparison_runs\run_20260528_205727\neural_eval\yolo_sppf_full_lstm256_seed43,<RUN_ROOT>\outputs\controlled_comparison_runs\run_20260528_205727\neural_training\yolo_sppf_full_lstm256_seed43,yolo_sppf,yolo_sppf_full_lstm256,,,,,
test_2,Mouse159_20151129_20-48-38,smoothed_frames,<RUN_ROOT>\outputs\controlled_comparison_runs\run_20260528_205727\neural_eval\yolo_sppf_full_lstm256_seed43\test_2\Mouse159_20151129_20-48-38\Mouse159_20151129_20-48-38.behavior.smoothed_frames.csv,<MARS_DATA_ROOT>\test_2\Mouse159_20151129_20-48-38\Mouse159_20151129_20-48-38_actions.annot,7408,30.0,30.0,0.8893088552915767,0.5805453063782902,0.6534317746786984,0.6408531583264971,0.4068908941755537,50,31,full,lstm,256.0,43,yolo_sppf_full_lstm256_seed43,<RUN_ROOT>\outputs\controlled_comparison_runs\run_20260528_205727\neural_eval\yolo_sppf_full_lstm256_seed43,<RUN_ROOT>\outputs\controlled_comparison_runs\run_20260528_205727\neural_training\yolo_sppf_full_lstm256_seed43,yolo_sppf,yolo_sppf_full_lstm256,,,,,
test_2,Mouse159_20151129_20-57-31,smoothed_frames,<RUN_ROOT>\outputs\controlled_comparison_runs\run_20260528_205727\neural_eval\yolo_sppf_full_lstm256_seed43\test_2\Mouse159_20151129_20-57-31\Mouse159_20151129_20-57-31.behavior.smoothed_frames.csv,<MARS_DATA_ROOT>\test_2\Mouse159_20151129_20-57-31\Mouse159_20151129_20-57-31_Front-XiaoAnn.annot,4144,30.0,30.0,0.9688706563706564,0.8309231441667941,0.7352941176470589,0.7352941176470589,0.7352941176470589,16,7,full,lstm,256.0,43,yolo_sppf_full_lstm256_seed43,<RUN_ROOT>\outputs\controlled_comparison_runs\run_20260528_205727\neural_eval\yolo_sppf_full_lstm256_seed43,<RUN_ROOT>\outputs\controlled_comparison_runs\run_20260528_205727\neural_training\yolo_sppf_full_lstm256_seed43,yolo_sppf,yolo_sppf_full_lstm256,,,,,
test_2,Mouse627_20181026_17-29-36_01994-09560,smoothed_frames,<RUN_ROOT>\outputs\controlled_comparison_runs\run_20260528_205727\neural_eval\yolo_sppf_full_lstm256_seed43\test_2\Mouse627_20181026_17-29-36_01994-09560\Mouse627_20181026_17-29-36_01994-09560.behavior.smoothed_frames.csv,<MARS_DATA_ROOT>\test_2\Mouse627_20181026_17-29-36_01994-09560\Mouse627_20181026_17-29-36_01994-09560_XW_tk_final.annot,7552,30.0,30.0,0.8907574152542372,0.8681120977972553,0.8666666666666667,0.85,0.7833333333333333,39,39,full,lstm,256.0,43,yolo_sppf_full_lstm256_seed43,<RUN_ROOT>\outputs\controlled_comparison_runs\run_20260528_205727\neural_eval\yolo_sppf_full_lstm256_seed43,<RUN_ROOT>\outputs\controlled_comparison_runs\run_20260528_205727\neural_training\yolo_sppf_full_lstm256_seed43,yolo_sppf,yolo_sppf_full_lstm256,,,,,
test_2,Mouse627_20181026_17-29-36_10191-15523,smoothed_frames,<RUN_ROOT>\outputs\controlled_comparison_runs\run_20260528_205727\neural_eval\yolo_sppf_full_lstm256_seed43\test_2\Mouse627_20181026_17-29-36_10191-15523\Mouse627_20181026_17-29-36_10191-15523.behavior.smoothed_frames.csv,<MARS_DATA_ROOT>\test_2\Mouse627_20181026_17-29-36_10191-15523\Mouse627_20181026_17-29-36_10191-15523_XW_tk_final.annot,5328,30.0,30.0,0.8462837837837838,0.7685277253903373,0.75,0.6818181818181819,0.5227272727272727,32,24,full,lstm,256.0,43,yolo_sppf_full_lstm256_seed43,<RUN_ROOT>\outputs\controlled_comparison_runs\run_20260528_205727\neural_eval\yolo_sppf_full_lstm256_seed43,<RUN_ROOT>\outputs\controlled_comparison_runs\run_20260528_205727\neural_training\yolo_sppf_full_lstm256_seed43,yolo_sppf,yolo_sppf_full_lstm256,,,,,
test_2,Mouse627_20181026_17-29-36_16209-22286,smoothed_frames,<RUN_ROOT>\outputs\controlled_comparison_runs\run_20260528_205727\neural_eval\yolo_sppf_full_lstm256_seed43\test_2\Mouse627_20181026_17-29-36_16209-22286\Mouse627_20181026_17-29-36_16209-22286.behavior.smoothed_frames.csv,<MARS_DATA_ROOT>\test_2\Mouse627_20181026_17-29-36_16209-22286\Mouse627_20181026_17-29-36_16209-22286_XW_tk_final.annot,6064,30.0,30.0,0.8809366754617414,0.6665207278223221,0.7346711259754739,0.7090301003344481,0.6833890746934226,32,31,full,lstm,256.0,43,yolo_sppf_full_lstm256_seed43,<RUN_ROOT>\outputs\controlled_comparison_runs\run_20260528_205727\neural_eval\yolo_sppf_full_lstm256_seed43,<RUN_ROOT>\outputs\controlled_comparison_runs\run_20260528_205727\neural_training\yolo_sppf_full_lstm256_seed43,yolo_sppf,yolo_sppf_full_lstm256,,,,,
test_2,Mouse630_20181025_18-44-29_01807-21458,smoothed_frames,<RUN_ROOT>\outputs\controlled_comparison_runs\run_20260528_205727\neural_eval\yolo_sppf_full_lstm256_seed43\test_2\Mouse630_20181025_18-44-29_01807-21458\Mouse630_20181025_18-44-29_01807-21458.behavior.smoothed_frames.csv,<MARS_DATA_ROOT>\test_2\Mouse630_20181025_18-44-29_01807-21458\Mouse630_20181025_18-44-29_01807-21458_XW_tk_final.annot,19648,30.0,30.0,0.8812092833876222,0.8451585134262599,0.912796697626419,0.893188854489164,0.7951496388028896,76,83,full,lstm,256.0,43,yolo_sppf_full_lstm256_seed43,<RUN_ROOT>\outputs\controlled_comparison_runs\run_20260528_205727\neural_eval\yolo_sppf_full_lstm256_seed43,<RUN_ROOT>\outputs\controlled_comparison_runs\run_20260528_205727\neural_training\yolo_sppf_full_lstm256_seed43,yolo_sppf,yolo_sppf_full_lstm256,,,,,
test_2,Mouse630_20181025_18-44-29_21460-30528,smoothed_frames,<RUN_ROOT>\outputs\controlled_comparison_runs\run_20260528_205727\neural_eval\yolo_sppf_full_lstm256_seed43\test_2\Mouse630_20181025_18-44-29_21460-30528\Mouse630_20181025_18-44-29_21460-30528.behavior.smoothed_frames.csv,<MARS_DATA_ROOT>\test_2\Mouse630_20181025_18-44-29_21460-30528\Mouse630_20181025_18-44-29_21460-30528_XW_tk_final.annot,9056,30.0,30.0,0.8885821554770318,0.780905980072564,0.820909090909091,0.7754545454545455,0.69,33,37,full,lstm,256.0,43,yolo_sppf_full_lstm256_seed43,<RUN_ROOT>\outputs\controlled_comparison_runs\run_20260528_205727\neural_eval\yolo_sppf_full_lstm256_seed43,<RUN_ROOT>\outputs\controlled_comparison_runs\run_20260528_205727\neural_training\yolo_sppf_full_lstm256_seed43,yolo_sppf,yolo_sppf_full_lstm256,,,,,
test_2,Mouse835-female_20200325_18-28-49_10767-24391,smoothed_frames,<RUN_ROOT>\outputs\controlled_comparison_runs\run_20260528_205727\neural_eval\yolo_sppf_full_lstm256_seed43\test_2\Mouse835-female_20200325_18-28-49_10767-24391\Mouse835-female_20200325_18-28-49_10767-24391.behavior.smoothed_frames.csv,<MARS_DATA_ROOT>\test_2\Mouse835-female_20200325_18-28-49_10767-24391\Mouse835-female_20200325_18-28-49_10767-24391_TK_withUSV.annot,13616,30.0,30.0,0.918331374853114,0.909894147685451,0.8857142857142857,0.8714285714285714,0.7089285714285715,49,38,full,lstm,256.0,43,yolo_sppf_full_lstm256_seed43,<RUN_ROOT>\outputs\controlled_comparison_runs\run_20260528_205727\neural_eval\yolo_sppf_full_lstm256_seed43,<RUN_ROOT>\outputs\controlled_comparison_runs\run_20260528_205727\neural_training\yolo_sppf_full_lstm256_seed43,yolo_sppf,yolo_sppf_full_lstm256,,,,,
test_2,Mouse836-female_20200322_19-33-17_00957-13323,smoothed_frames,<RUN_ROOT>\outputs\controlled_comparison_runs\run_20260528_205727\neural_eval\yolo_sppf_full_lstm256_seed43\test_2\Mouse836-female_20200322_19-33-17_00957-13323\Mouse836-female_20200322_19-33-17_00957-13323.behavior.smoothed_frames.csv,<MARS_DATA_ROOT>\test_2\Mouse836-female_20200322_19-33-17_00957-13323\Mouse836-female_20200322_19-33-17_00957-13323_TK_withUSV.annot,12368,30.0,30.0,0.935074385510996,0.750741629766267,0.5709677419354839,0.5387096774193548,0.4903225806451613,43,24,full,lstm,256.0,43,yolo_sppf_full_lstm256_seed43,<RUN_ROOT>\outputs\controlled_comparison_runs\run_20260528_205727\neural_eval\yolo_sppf_full_lstm256_seed43,<RUN_ROOT>\outputs\controlled_comparison_runs\run_20260528_205727\neural_training\yolo_sppf_full_lstm256_seed43,yolo_sppf,yolo_sppf_full_lstm256,,,,,
test_2,Mouse836-female_20200322_19-33-17_14594-23870,smoothed_frames,<RUN_ROOT>\outputs\controlled_comparison_runs\run_20260528_205727\neural_eval\yolo_sppf_full_lstm256_seed43\test_2\Mouse836-female_20200322_19-33-17_14594-23870\Mouse836-female_20200322_19-33-17_14594-23870.behavior.smoothed_frames.csv,<MARS_DATA_ROOT>\test_2\Mouse836-female_20200322_19-33-17_14594-23870\Mouse836-female_20200322_19-33-17_14594-23870_TK_withUSV.annot,9264,30.0,30.0,0.9165587219343696,0.8877876014881856,0.8655043586550435,0.8655043586550435,0.7970112079701122,45,39,full,lstm,256.0,43,yolo_sppf_full_lstm256_seed43,<RUN_ROOT>\outputs\controlled_comparison_runs\run_20260528_205727\neural_eval\yolo_sppf_full_lstm256_seed43,<RUN_ROOT>\outputs\controlled_comparison_runs\run_20260528_205727\neural_training\yolo_sppf_full_lstm256_seed43,yolo_sppf,yolo_sppf_full_lstm256,,,,,
test_2,Mouse839-female_20200322_20-15-11_12885-24623,smoothed_frames,<RUN_ROOT>\outputs\controlled_comparison_runs\run_20260528_205727\neural_eval\yolo_sppf_full_lstm256_seed43\test_2\Mouse839-female_20200322_20-15-11_12885-24623\Mouse839-female_20200322_20-15-11_12885-24623.behavior.smoothed_frames.csv,<MARS_DATA_ROOT>\test_2\Mouse839-female_20200322_20-15-11_12885-24623\Mouse839-female_20200322_20-15-11_12885-24623_TK_withUSV.annot,11728,30.0,30.0,0.8070429740791268,0.7811325458795984,0.7583586626139818,0.7264437689969605,0.5949848024316109,68,54,full,lstm,256.0,43,yolo_sppf_full_lstm256_seed43,<RUN_ROOT>\outputs\controlled_comparison_runs\run_20260528_205727\neural_eval\yolo_sppf_full_lstm256_seed43,<RUN_ROOT>\outputs\controlled_comparison_runs\run_20260528_205727\neural_training\yolo_sppf_full_lstm256_seed43,yolo_sppf,yolo_sppf_full_lstm256,,,,,
test_1,Mouse060_20160526_18-16-27,smoothed_frames,<RUN_ROOT>\outputs\controlled_comparison_runs\run_20260528_205727\neural_eval\yolo_sppf_full_lstm256_seed44\test_1\Mouse060_20160526_18-16-27\Mouse060_20160526_18-16-27.behavior.smoothed_frames.csv,<MARS_DATA_ROOT>\test_1\Mouse060_20160526_18-16-27\Mouse060_20160526_18-16-27_anno.annot,24288,30.0,30.0,0.9085556653491436,0.8540370903408856,0.8023715415019763,0.7593450028232636,0.6475437605872388,109,109,full,lstm,256.0,44,yolo_sppf_full_lstm256_seed44,<RUN_ROOT>\outputs\controlled_comparison_runs\run_20260528_205727\neural_eval\yolo_sppf_full_lstm256_seed44,<RUN_ROOT>\outputs\controlled_comparison_runs\run_20260528_205727\neural_training\yolo_sppf_full_lstm256_seed44,yolo_sppf,yolo_sppf_full_lstm256,,,,,
test_1,Mouse061_20160526_18-38-49,smoothed_frames,<RUN_ROOT>\outputs\controlled_comparison_runs\run_20260528_205727\neural_eval\yolo_sppf_full_lstm256_seed44\test_1\Mouse061_20160526_18-38-49\Mouse061_20160526_18-38-49.behavior.smoothed_frames.csv,<MARS_DATA_ROOT>\test_1\Mouse061_20160526_18-38-49\Mouse061_20160526_18-38-49_anno.annot,18640,30.0,30.0,0.9051502145922746,0.9067989567771596,0.81,0.8,0.75,63,57,full,lstm,256.0,44,yolo_sppf_full_lstm256_seed44,<RUN_ROOT>\outputs\controlled_comparison_runs\run_20260528_205727\neural_eval\yolo_sppf_full_lstm256_seed44,<RUN_ROOT>\outputs\controlled_comparison_runs\run_20260528_205727\neural_training\yolo_sppf_full_lstm256_seed44,yolo_sppf,yolo_sppf_full_lstm256,,,,,
test_1,Mouse062_20160526_18-56-26,smoothed_frames,<RUN_ROOT>\outputs\controlled_comparison_runs\run_20260528_205727\neural_eval\yolo_sppf_full_lstm256_seed44\test_1\Mouse062_20160526_18-56-26\Mouse062_20160526_18-56-26.behavior.smoothed_frames.csv,<MARS_DATA_ROOT>\test_1\Mouse062_20160526_18-56-26\Mouse062_20160526_18-56-26_anno.annot,19632,30.0,30.0,0.938162184189079,0.9534044892149324,0.8118279569892473,0.7956989247311828,0.7634408602150538,79,57,full,lstm,256.0,44,yolo_sppf_full_lstm256_seed44,<RUN_ROOT>\outputs\controlled_comparison_runs\run_20260528_205727\neural_eval\yolo_sppf_full_lstm256_seed44,<RUN_ROOT>\outputs\controlled_comparison_runs\run_20260528_205727\neural_training\yolo_sppf_full_lstm256_seed44,yolo_sppf,yolo_sppf_full_lstm256,,,,,
test_1,Mouse063_20160526_19-14-46,smoothed_frames,<RUN_ROOT>\outputs\controlled_comparison_runs\run_20260528_205727\neural_eval\yolo_sppf_full_lstm256_seed44\test_1\Mouse063_20160526_19-14-46\Mouse063_20160526_19-14-46.behavior.smoothed_frames.csv,<MARS_DATA_ROOT>\test_1\Mouse063_20160526_19-14-46\Mouse063_20160526_19-14-46_anno.annot,19296,30.0,30.0,0.8663971807628524,0.7607333539248996,0.6651913564175996,0.5797969278833637,0.4789551332118372,144,102,full,lstm,256.0,44,yolo_sppf_full_lstm256_seed44,<RUN_ROOT>\outputs\controlled_comparison_runs\run_20260528_205727\neural_eval\yolo_sppf_full_lstm256_seed44,<RUN_ROOT>\outputs\controlled_comparison_runs\run_20260528_205727\neural_training\yolo_sppf_full_lstm256_seed44,yolo_sppf,yolo_sppf_full_lstm256,,,,,
test_1,Mouse069_20160709_16-02-03,smoothed_frames,<RUN_ROOT>\outputs\controlled_comparison_runs\run_20260528_205727\neural_eval\yolo_sppf_full_lstm256_seed44\test_1\Mouse069_20160709_16-02-03\Mouse069_20160709_16-02-03.behavior.smoothed_frames.csv,<MARS_DATA_ROOT>\test_1\Mouse069_20160709_16-02-03\Mouse069_20160709_16-02-03_anno.annot,18496,30.0,30.0,0.9109537197231834,0.621111852312011,0.5633744855967078,0.5098765432098765,0.4131687242798354,66,56,full,lstm,256.0,44,yolo_sppf_full_lstm256_seed44,<RUN_ROOT>\outputs\controlled_comparison_runs\run_20260528_205727\neural_eval\yolo_sppf_full_lstm256_seed44,<RUN_ROOT>\outputs\controlled_comparison_runs\run_20260528_205727\neural_training\yolo_sppf_full_lstm256_seed44,yolo_sppf,yolo_sppf_full_lstm256,,,,,
test_1,Mouse070_20160709_16-58-36,smoothed_frames,<RUN_ROOT>\outputs\controlled_comparison_runs\run_20260528_205727\neural_eval\yolo_sppf_full_lstm256_seed44\test_1\Mouse070_20160709_16-58-36\Mouse070_20160709_16-58-36.behavior.smoothed_frames.csv,<MARS_DATA_ROOT>\test_1\Mouse070_20160709_16-58-36\Mouse070_20160709_16-58-36_anno.annot,20192,30.0,30.0,0.847662440570523,0.6293337564102537,0.5392282272678819,0.48081228014071,0.2941584052872827,193,92,full,lstm,256.0,44,yolo_sppf_full_lstm256_seed44,<RUN_ROOT>\outputs\controlled_comparison_runs\run_20260528_205727\neural_eval\yolo_sppf_full_lstm256_seed44,<RUN_ROOT>\outputs\controlled_comparison_runs\run_20260528_205727\neural_training\yolo_sppf_full_lstm256_seed44,yolo_sppf,yolo_sppf_full_lstm256,,,,,
test_1,Mouse074_20160709_19-15-23,smoothed_frames,<RUN_ROOT>\outputs\controlled_comparison_runs\run_20260528_205727\neural_eval\yolo_sppf_full_lstm256_seed44\test_1\Mouse074_20160709_19-15-23\Mouse074_20160709_19-15-23.behavior.smoothed_frames.csv,<MARS_DATA_ROOT>\test_1\Mouse074_20160709_19-15-23\Mouse074_20160709_19-15-23_anno.annot,19376,30.0,30.0,0.8930635838150289,0.6230707696026978,0.6241379310344828,0.5802298850574712,0.3206896551724137,119,75,full,lstm,256.0,44,yolo_sppf_full_lstm256_seed44,<RUN_ROOT>\outputs\controlled_comparison_runs\run_20260528_205727\neural_eval\yolo_sppf_full_lstm256_seed44,<RUN_ROOT>\outputs\controlled_comparison_runs\run_20260528_205727\neural_training\yolo_sppf_full_lstm256_seed44,yolo_sppf,yolo_sppf_full_lstm256,,,,,
test_1,Mouse077_20160709_18-29-34,smoothed_frames,<RUN_ROOT>\outputs\controlled_comparison_runs\run_20260528_205727\neural_eval\yolo_sppf_full_lstm256_seed44\test_1\Mouse077_20160709_18-29-34\Mouse077_20160709_18-29-34.behavior.smoothed_frames.csv,<MARS_DATA_ROOT>\test_1\Mouse077_20160709_18-29-34\Mouse077_20160709_18-29-34_anno.annot,19952,30.0,30.0,0.7813251804330393,0.5357375349296066,0.5102541590689089,0.4428536052767835,0.2528758920330474,280,142,full,lstm,256.0,44,yolo_sppf_full_lstm256_seed44,<RUN_ROOT>\outputs\controlled_comparison_runs\run_20260528_205727\neural_eval\yolo_sppf_full_lstm256_seed44,<RUN_ROOT>\outputs\controlled_comparison_runs\run_20260528_205727\neural_training\yolo_sppf_full_lstm256_seed44,yolo_sppf,yolo_sppf_full_lstm256,,,,,
test_1,Mouse162_20161017_19-58-28,smoothed_frames,<RUN_ROOT>\outputs\controlled_comparison_runs\run_20260528_205727\neural_eval\yolo_sppf_full_lstm256_seed44\test_1\Mouse162_20161017_19-58-28\Mouse162_20161017_19-58-28.behavior.smoothed_frames.csv,<MARS_DATA_ROOT>\test_1\Mouse162_20161017_19-58-28\Mouse162_20161017_19-58-28_TK.annot,17920,30.0,30.0,0.8690290178571428,0.7266583643717296,0.7283478260869565,0.6688695652173913,0.5179130434782608,80,70,full,lstm,256.0,44,yolo_sppf_full_lstm256_seed44,<RUN_ROOT>\outputs\controlled_comparison_runs\run_20260528_205727\neural_eval\yolo_sppf_full_lstm256_seed44,<RUN_ROOT>\outputs\controlled_comparison_runs\run_20260528_205727\neural_training\yolo_sppf_full_lstm256_seed44,yolo_sppf,yolo_sppf_full_lstm256,,,,,
test_1,Mouse163_20161018_18-22-45,smoothed_frames,<RUN_ROOT>\outputs\controlled_comparison_runs\run_20260528_205727\neural_eval\yolo_sppf_full_lstm256_seed44\test_1\Mouse163_20161018_18-22-45\Mouse163_20161018_18-22-45.behavior.smoothed_frames.csv,<MARS_DATA_ROOT>\test_1\Mouse163_20161018_18-22-45\Mouse163_20161018_18-22-45_TK.annot,6640,30.0,30.0,0.873343373493976,0.8286933810909634,0.8349462365591398,0.8016129032258065,0.5704301075268817,52,39,full,lstm,256.0,44,yolo_sppf_full_lstm256_seed44,<RUN_ROOT>\outputs\controlled_comparison_runs\run_20260528_205727\neural_eval\yolo_sppf_full_lstm256_seed44,<RUN_ROOT>\outputs\controlled_comparison_runs\run_20260528_205727\neural_training\yolo_sppf_full_lstm256_seed44,yolo_sppf,yolo_sppf_full_lstm256,,,,,
test_2,Mouse155_20151124_20-48-31,smoothed_frames,<RUN_ROOT>\outputs\controlled_comparison_runs\run_20260528_205727\neural_eval\yolo_sppf_full_lstm256_seed44\test_2\Mouse155_20151124_20-48-31\Mouse155_20151124_20-48-31.behavior.smoothed_frames.csv,<MARS_DATA_ROOT>\test_2\Mouse155_20151124_20-48-31\Mouse155_20151124_20-48-31_Front-XiaoAnn.annot,9952,30.0,30.0,0.9557877813504824,0.8398576207654017,0.7012987012987013,0.7012987012987013,0.6103896103896104,25,15,full,lstm,256.0,44,yolo_sppf_full_lstm256_seed44,<RUN_ROOT>\outputs\controlled_comparison_runs\run_20260528_205727\neural_eval\yolo_sppf_full_lstm256_seed44,<RUN_ROOT>\outputs\controlled_comparison_runs\run_20260528_205727\neural_training\yolo_sppf_full_lstm256_seed44,yolo_sppf,yolo_sppf_full_lstm256,,,,,
test_2,Mouse155_20151124_20-56-05,smoothed_frames,<RUN_ROOT>\outputs\controlled_comparison_runs\run_20260528_205727\neural_eval\yolo_sppf_full_lstm256_seed44\test_2\Mouse155_20151124_20-56-05\Mouse155_20151124_20-56-05.behavior.smoothed_frames.csv,<MARS_DATA_ROOT>\test_2\Mouse155_20151124_20-56-05\Mouse155_20151124_20-56-05_bhvr.annot,10384,30.0,30.0,0.9020608628659476,0.6692497876708403,0.6435820895522388,0.5438805970149254,0.3044776119402985,58,35,full,lstm,256.0,44,yolo_sppf_full_lstm256_seed44,<RUN_ROOT>\outputs\controlled_comparison_runs\run_20260528_205727\neural_eval\yolo_sppf_full_lstm256_seed44,<RUN_ROOT>\outputs\controlled_comparison_runs\run_20260528_205727\neural_training\yolo_sppf_full_lstm256_seed44,yolo_sppf,yolo_sppf_full_lstm256,,,,,
test_2,Mouse155_20151124_21-11-28,smoothed_frames,<RUN_ROOT>\outputs\controlled_comparison_runs\run_20260528_205727\neural_eval\yolo_sppf_full_lstm256_seed44\test_2\Mouse155_20151124_21-11-28\Mouse155_20151124_21-11-28.behavior.smoothed_frames.csv,<MARS_DATA_ROOT>\test_2\Mouse155_20151124_21-11-28\Mouse155_20151124_21-11-28_bhvr.annot,6688,30.0,30.0,0.905053827751196,0.7411405386124488,0.709349593495935,0.6361788617886178,0.4207317073170731,32,24,full,lstm,256.0,44,yolo_sppf_full_lstm256_seed44,<RUN_ROOT>\outputs\controlled_comparison_runs\run_20260528_205727\neural_eval\yolo_sppf_full_lstm256_seed44,<RUN_ROOT>\outputs\controlled_comparison_runs\run_20260528_205727\neural_training\yolo_sppf_full_lstm256_seed44,yolo_sppf,yolo_sppf_full_lstm256,,,,,
test_2,Mouse155_20151129_22-41-43,smoothed_frames,<RUN_ROOT>\outputs\controlled_comparison_runs\run_20260528_205727\neural_eval\yolo_sppf_full_lstm256_seed44\test_2\Mouse155_20151129_22-41-43\Mouse155_20151129_22-41-43.behavior.smoothed_frames.csv,<MARS_DATA_ROOT>\test_2\Mouse155_20151129_22-41-43\Mouse155_20151129_22-41-43_actions.annot,4816,30.0,30.0,0.8220514950166113,0.8098268177505518,0.9166666666666666,0.875,0.8055555555555557,33,21,full,lstm,256.0,44,yolo_sppf_full_lstm256_seed44,<RUN_ROOT>\outputs\controlled_comparison_runs\run_20260528_205727\neural_eval\yolo_sppf_full_lstm256_seed44,<RUN_ROOT>\outputs\controlled_comparison_runs\run_20260528_205727\neural_training\yolo_sppf_full_lstm256_seed44,yolo_sppf,yolo_sppf_full_lstm256,,,,,
test_2,Mouse156_20151012_20-16-37,smoothed_frames,<RUN_ROOT>\outputs\controlled_comparison_runs\run_20260528_205727\neural_eval\yolo_sppf_full_lstm256_seed44\test_2\Mouse156_20151012_20-16-37\Mouse156_20151012_20-16-37.behavior.smoothed_frames.csv,<MARS_DATA_ROOT>\test_2\Mouse156_20151012_20-16-37\Mouse156_20151012_20-16-37_Front-XiaoAnn.annot,10272,30.0,30.0,0.7662577881619937,0.5548058170258957,0.5992224475997295,0.45368492224476,0.2229546991210277,123,79,full,lstm,256.0,44,yolo_sppf_full_lstm256_seed44,<RUN_ROOT>\outputs\controlled_comparison_runs\run_20260528_205727\neural_eval\yolo_sppf_full_lstm256_seed44,<RUN_ROOT>\outputs\controlled_comparison_runs\run_20260528_205727\neural_training\yolo_sppf_full_lstm256_seed44,yolo_sppf,yolo_sppf_full_lstm256,,,,,
test_2,Mouse156_20151124_21-53-46,smoothed_frames,<RUN_ROOT>\outputs\controlled_comparison_runs\run_20260528_205727\neural_eval\yolo_sppf_full_lstm256_seed44\test_2\Mouse156_20151124_21-53-46\Mouse156_20151124_21-53-46.behavior.smoothed_frames.csv,<MARS_DATA_ROOT>\test_2\Mouse156_20151124_21-53-46\Mouse156_20151124_21-53-46_bhvr.annot,5648,30.0,30.0,0.8850920679886686,0.5024482312338222,0.4826700898587933,0.4338896020539152,0.2028241335044929,43,22,full,lstm,256.0,44,yolo_sppf_full_lstm256_seed44,<RUN_ROOT>\outputs\controlled_comparison_runs\run_20260528_205727\neural_eval\yolo_sppf_full_lstm256_seed44,<RUN_ROOT>\outputs\controlled_comparison_runs\run_20260528_205727\neural_training\yolo_sppf_full_lstm256_seed44,yolo_sppf,yolo_sppf_full_lstm256,,,,,
test_2,Mouse158_20151129_21-12-54,smoothed_frames,<RUN_ROOT>\outputs\controlled_comparison_runs\run_20260528_205727\neural_eval\yolo_sppf_full_lstm256_seed44\test_2\Mouse158_20151129_21-12-54\Mouse158_20151129_21-12-54.behavior.smoothed_frames.csv,<MARS_DATA_ROOT>\test_2\Mouse158_20151129_21-12-54\Mouse158_20151129_21-12-54_bhvr.annot,10000,30.0,30.0,0.9318,0.7537963051419578,0.6184210526315788,0.5648496240601504,0.4060150375939849,49,26,full,lstm,256.0,44,yolo_sppf_full_lstm256_seed44,<RUN_ROOT>\outputs\controlled_comparison_runs\run_20260528_205727\neural_eval\yolo_sppf_full_lstm256_seed44,<RUN_ROOT>\outputs\controlled_comparison_runs\run_20260528_205727\neural_training\yolo_sppf_full_lstm256_seed44,yolo_sppf,yolo_sppf_full_lstm256,,,,,
test_2,Mouse159_20151129_20-48-38,smoothed_frames,<RUN_ROOT>\outputs\controlled_comparison_runs\run_20260528_205727\neural_eval\yolo_sppf_full_lstm256_seed44\test_2\Mouse159_20151129_20-48-38\Mouse159_20151129_20-48-38.behavior.smoothed_frames.csv,<MARS_DATA_ROOT>\test_2\Mouse159_20151129_20-48-38\Mouse159_20151129_20-48-38_actions.annot,7408,30.0,30.0,0.8612311015118791,0.5179682946295681,0.6171277997364953,0.4184453227931488,0.2756258234519104,50,33,full,lstm,256.0,44,yolo_sppf_full_lstm256_seed44,<RUN_ROOT>\outputs\controlled_comparison_runs\run_20260528_205727\neural_eval\yolo_sppf_full_lstm256_seed44,<RUN_ROOT>\outputs\controlled_comparison_runs\run_20260528_205727\neural_training\yolo_sppf_full_lstm256_seed44,yolo_sppf,yolo_sppf_full_lstm256,,,,,
test_2,Mouse159_20151129_20-57-31,smoothed_frames,<RUN_ROOT>\outputs\controlled_comparison_runs\run_20260528_205727\neural_eval\yolo_sppf_full_lstm256_seed44\test_2\Mouse159_20151129_20-57-31\Mouse159_20151129_20-57-31.behavior.smoothed_frames.csv,<MARS_DATA_ROOT>\test_2\Mouse159_20151129_20-57-31\Mouse159_20151129_20-57-31_Front-XiaoAnn.annot,4144,30.0,30.0,0.9647683397683398,0.8039469316661361,0.7222222222222222,0.7222222222222222,0.7222222222222222,16,8,full,lstm,256.0,44,yolo_sppf_full_lstm256_seed44,<RUN_ROOT>\outputs\controlled_comparison_runs\run_20260528_205727\neural_eval\yolo_sppf_full_lstm256_seed44,<RUN_ROOT>\outputs\controlled_comparison_runs\run_20260528_205727\neural_training\yolo_sppf_full_lstm256_seed44,yolo_sppf,yolo_sppf_full_lstm256,,,,,
test_2,Mouse627_20181026_17-29-36_01994-09560,smoothed_frames,<RUN_ROOT>\outputs\controlled_comparison_runs\run_20260528_205727\neural_eval\yolo_sppf_full_lstm256_seed44\test_2\Mouse627_20181026_17-29-36_01994-09560\Mouse627_20181026_17-29-36_01994-09560.behavior.smoothed_frames.csv,<MARS_DATA_ROOT>\test_2\Mouse627_20181026_17-29-36_01994-09560\Mouse627_20181026_17-29-36_01994-09560_XW_tk_final.annot,7552,30.0,30.0,0.8734110169491526,0.8558623166216958,0.8809523809523809,0.8333333333333333,0.6984126984126984,39,42,full,lstm,256.0,44,yolo_sppf_full_lstm256_seed44,<RUN_ROOT>\outputs\controlled_comparison_runs\run_20260528_205727\neural_eval\yolo_sppf_full_lstm256_seed44,<RUN_ROOT>\outputs\controlled_comparison_runs\run_20260528_205727\neural_training\yolo_sppf_full_lstm256_seed44,yolo_sppf,yolo_sppf_full_lstm256,,,,,
test_2,Mouse627_20181026_17-29-36_10191-15523,smoothed_frames,<RUN_ROOT>\outputs\controlled_comparison_runs\run_20260528_205727\neural_eval\yolo_sppf_full_lstm256_seed44\test_2\Mouse627_20181026_17-29-36_10191-15523\Mouse627_20181026_17-29-36_10191-15523.behavior.smoothed_frames.csv,<MARS_DATA_ROOT>\test_2\Mouse627_20181026_17-29-36_10191-15523\Mouse627_20181026_17-29-36_10191-15523_XW_tk_final.annot,5328,30.0,30.0,0.8384009009009009,0.7820952540627283,0.8111111111111111,0.788888888888889,0.5944444444444444,32,26,full,lstm,256.0,44,yolo_sppf_full_lstm256_seed44,<RUN_ROOT>\outputs\controlled_comparison_runs\run_20260528_205727\neural_eval\yolo_sppf_full_lstm256_seed44,<RUN_ROOT>\outputs\controlled_comparison_runs\run_20260528_205727\neural_training\yolo_sppf_full_lstm256_seed44,yolo_sppf,yolo_sppf_full_lstm256,,,,,
test_2,Mouse627_20181026_17-29-36_16209-22286,smoothed_frames,<RUN_ROOT>\outputs\controlled_comparison_runs\run_20260528_205727\neural_eval\yolo_sppf_full_lstm256_seed44\test_2\Mouse627_20181026_17-29-36_16209-22286\Mouse627_20181026_17-29-36_16209-22286.behavior.smoothed_frames.csv,<MARS_DATA_ROOT>\test_2\Mouse627_20181026_17-29-36_16209-22286\Mouse627_20181026_17-29-36_16209-22286_XW_tk_final.annot,6064,30.0,30.0,0.8703825857519789,0.6575976036862833,0.7640692640692641,0.7402597402597402,0.7164502164502164,32,33,full,lstm,256.0,44,yolo_sppf_full_lstm256_seed44,<RUN_ROOT>\outputs\controlled_comparison_runs\run_20260528_205727\neural_eval\yolo_sppf_full_lstm256_seed44,<RUN_ROOT>\outputs\controlled_comparison_runs\run_20260528_205727\neural_training\yolo_sppf_full_lstm256_seed44,yolo_sppf,yolo_sppf_full_lstm256,,,,,
test_2,Mouse630_20181025_18-44-29_01807-21458,smoothed_frames,<RUN_ROOT>\outputs\controlled_comparison_runs\run_20260528_205727\neural_eval\yolo_sppf_full_lstm256_seed44\test_2\Mouse630_20181025_18-44-29_01807-21458\Mouse630_20181025_18-44-29_01807-21458.behavior.smoothed_frames.csv,<MARS_DATA_ROOT>\test_2\Mouse630_20181025_18-44-29_01807-21458\Mouse630_20181025_18-44-29_01807-21458_XW_tk_final.annot,19648,30.0,30.0,0.8780537459283387,0.8441125551207427,0.9043272481406356,0.8847194050033806,0.7792427315753888,76,84,full,lstm,256.0,44,yolo_sppf_full_lstm256_seed44,<RUN_ROOT>\outputs\controlled_comparison_runs\run_20260528_205727\neural_eval\yolo_sppf_full_lstm256_seed44,<RUN_ROOT>\outputs\controlled_comparison_runs\run_20260528_205727\neural_training\yolo_sppf_full_lstm256_seed44,yolo_sppf,yolo_sppf_full_lstm256,,,,,
test_2,Mouse630_20181025_18-44-29_21460-30528,smoothed_frames,<RUN_ROOT>\outputs\controlled_comparison_runs\run_20260528_205727\neural_eval\yolo_sppf_full_lstm256_seed44\test_2\Mouse630_20181025_18-44-29_21460-30528\Mouse630_20181025_18-44-29_21460-30528.behavior.smoothed_frames.csv,<MARS_DATA_ROOT>\test_2\Mouse630_20181025_18-44-29_21460-30528\Mouse630_20181025_18-44-29_21460-30528_XW_tk_final.annot,9056,30.0,30.0,0.8768772084805654,0.7736364774581155,0.8417021276595744,0.8417021276595744,0.7165957446808511,33,41,full,lstm,256.0,44,yolo_sppf_full_lstm256_seed44,<RUN_ROOT>\outputs\controlled_comparison_runs\run_20260528_205727\neural_eval\yolo_sppf_full_lstm256_seed44,<RUN_ROOT>\outputs\controlled_comparison_runs\run_20260528_205727\neural_training\yolo_sppf_full_lstm256_seed44,yolo_sppf,yolo_sppf_full_lstm256,,,,,
test_2,Mouse835-female_20200325_18-28-49_10767-24391,smoothed_frames,<RUN_ROOT>\outputs\controlled_comparison_runs\run_20260528_205727\neural_eval\yolo_sppf_full_lstm256_seed44\test_2\Mouse835-female_20200325_18-28-49_10767-24391\Mouse835-female_20200325_18-28-49_10767-24391.behavior.smoothed_frames.csv,<MARS_DATA_ROOT>\test_2\Mouse835-female_20200325_18-28-49_10767-24391\Mouse835-female_20200325_18-28-49_10767-24391_TK_withUSV.annot,13616,30.0,30.0,0.9077555816686252,0.9012917663192505,0.8572549019607844,0.8305882352941176,0.7239215686274509,49,45,full,lstm,256.0,44,yolo_sppf_full_lstm256_seed44,<RUN_ROOT>\outputs\controlled_comparison_runs\run_20260528_205727\neural_eval\yolo_sppf_full_lstm256_seed44,<RUN_ROOT>\outputs\controlled_comparison_runs\run_20260528_205727\neural_training\yolo_sppf_full_lstm256_seed44,yolo_sppf,yolo_sppf_full_lstm256,,,,,
test_2,Mouse836-female_20200322_19-33-17_00957-13323,smoothed_frames,<RUN_ROOT>\outputs\controlled_comparison_runs\run_20260528_205727\neural_eval\yolo_sppf_full_lstm256_seed44\test_2\Mouse836-female_20200322_19-33-17_00957-13323\Mouse836-female_20200322_19-33-17_00957-13323.behavior.smoothed_frames.csv,<MARS_DATA_ROOT>\test_2\Mouse836-female_20200322_19-33-17_00957-13323\Mouse836-female_20200322_19-33-17_00957-13323_TK_withUSV.annot,12368,30.0,30.0,0.9371765847347996,0.8129655314121333,0.5709677419354839,0.5225806451612903,0.4741935483870967,43,24,full,lstm,256.0,44,yolo_sppf_full_lstm256_seed44,<RUN_ROOT>\outputs\controlled_comparison_runs\run_20260528_205727\neural_eval\yolo_sppf_full_lstm256_seed44,<RUN_ROOT>\outputs\controlled_comparison_runs\run_20260528_205727\neural_training\yolo_sppf_full_lstm256_seed44,yolo_sppf,yolo_sppf_full_lstm256,,,,,
test_2,Mouse836-female_20200322_19-33-17_14594-23870,smoothed_frames,<RUN_ROOT>\outputs\controlled_comparison_runs\run_20260528_205727\neural_eval\yolo_sppf_full_lstm256_seed44\test_2\Mouse836-female_20200322_19-33-17_14594-23870\Mouse836-female_20200322_19-33-17_14594-23870.behavior.smoothed_frames.csv,<MARS_DATA_ROOT>\test_2\Mouse836-female_20200322_19-33-17_14594-23870\Mouse836-female_20200322_19-33-17_14594-23870_TK_withUSV.annot,9264,30.0,30.0,0.903605354058722,0.8899866522944283,0.8458498023715415,0.8313570487483531,0.7878787878787878,45,35,full,lstm,256.0,44,yolo_sppf_full_lstm256_seed44,<RUN_ROOT>\outputs\controlled_comparison_runs\run_20260528_205727\neural_eval\yolo_sppf_full_lstm256_seed44,<RUN_ROOT>\outputs\controlled_comparison_runs\run_20260528_205727\neural_training\yolo_sppf_full_lstm256_seed44,yolo_sppf,yolo_sppf_full_lstm256,,,,,
test_2,Mouse839-female_20200322_20-15-11_12885-24623,smoothed_frames,<RUN_ROOT>\outputs\controlled_comparison_runs\run_20260528_205727\neural_eval\yolo_sppf_full_lstm256_seed44\test_2\Mouse839-female_20200322_20-15-11_12885-24623\Mouse839-female_20200322_20-15-11_12885-24623.behavior.smoothed_frames.csv,<MARS_DATA_ROOT>\test_2\Mouse839-female_20200322_20-15-11_12885-24623\Mouse839-female_20200322_20-15-11_12885-24623_TK_withUSV.annot,11728,30.0,30.0,0.7907571623465212,0.7885345001775377,0.7923618835743418,0.7601038190582128,0.5813867259918428,68,54,full,lstm,256.0,44,yolo_sppf_full_lstm256_seed44,<RUN_ROOT>\outputs\controlled_comparison_runs\run_20260528_205727\neural_eval\yolo_sppf_full_lstm256_seed44,<RUN_ROOT>\outputs\controlled_comparison_runs\run_20260528_205727\neural_training\yolo_sppf_full_lstm256_seed44,yolo_sppf,yolo_sppf_full_lstm256,,,,,
test_1,Mouse060_20160526_18-16-27,smoothed_frames,<RUN_ROOT>\outputs\controlled_comparison_runs\run_20260528_205727\neural_eval\mobilenetv3_native_full_lstm256_seed42\test_1\Mouse060_20160526_18-16-27\Mouse060_20160526_18-16-27.behavior.smoothed_frames.csv,<MARS_DATA_ROOT>\test_1\Mouse060_20160526_18-16-27\Mouse060_20160526_18-16-27_anno.annot,24288,30.0,30.0,0.8992094861660079,0.8170542034009856,0.7598692810457517,0.7467973856209151,0.5822222222222222,109,94,,lstm,,42,,,,mobilenetv3_native,mobilenetv3_native_full_lstm256,lstm,mobilenetv3_native_full_lstm256_seed42,,full_sequence,<RUN_ROOT>\outputs\controlled_comparison_runs\run_20260528_205727\neural_eval\mobilenetv3_native_full_lstm256_seed42
test_1,Mouse061_20160526_18-38-49,smoothed_frames,<RUN_ROOT>\outputs\controlled_comparison_runs\run_20260528_205727\neural_eval\mobilenetv3_native_full_lstm256_seed42\test_1\Mouse061_20160526_18-38-49\Mouse061_20160526_18-38-49.behavior.smoothed_frames.csv,<MARS_DATA_ROOT>\test_1\Mouse061_20160526_18-38-49\Mouse061_20160526_18-38-49_anno.annot,18640,30.0,30.0,0.917167381974249,0.911667773062648,0.7754275427542754,0.7655265526552656,0.6507650765076507,63,60,,lstm,,42,,,,mobilenetv3_native,mobilenetv3_native_full_lstm256,lstm,mobilenetv3_native_full_lstm256_seed42,,full_sequence,<RUN_ROOT>\outputs\controlled_comparison_runs\run_20260528_205727\neural_eval\mobilenetv3_native_full_lstm256_seed42
test_1,Mouse062_20160526_18-56-26,smoothed_frames,<RUN_ROOT>\outputs\controlled_comparison_runs\run_20260528_205727\neural_eval\mobilenetv3_native_full_lstm256_seed42\test_1\Mouse062_20160526_18-56-26\Mouse062_20160526_18-56-26.behavior.smoothed_frames.csv,<MARS_DATA_ROOT>\test_1\Mouse062_20160526_18-56-26\Mouse062_20160526_18-56-26_anno.annot,19632,30.0,30.0,0.9407090464547676,0.954302631734092,0.8134920634920635,0.7976190476190477,0.7738095238095237,79,61,,lstm,,42,,,,mobilenetv3_native,mobilenetv3_native_full_lstm256,lstm,mobilenetv3_native_full_lstm256_seed42,,full_sequence,<RUN_ROOT>\outputs\controlled_comparison_runs\run_20260528_205727\neural_eval\mobilenetv3_native_full_lstm256_seed42
test_1,Mouse063_20160526_19-14-46,smoothed_frames,<RUN_ROOT>\outputs\controlled_comparison_runs\run_20260528_205727\neural_eval\mobilenetv3_native_full_lstm256_seed42\test_1\Mouse063_20160526_19-14-46\Mouse063_20160526_19-14-46.behavior.smoothed_frames.csv,<MARS_DATA_ROOT>\test_1\Mouse063_20160526_19-14-46\Mouse063_20160526_19-14-46_anno.annot,19296,30.0,30.0,0.855617744610282,0.6680928093068214,0.524941724941725,0.4671328671328671,0.296037296037296,144,90,,lstm,,42,,,,mobilenetv3_native,mobilenetv3_native_full_lstm256,lstm,mobilenetv3_native_full_lstm256_seed42,,full_sequence,<RUN_ROOT>\outputs\controlled_comparison_runs\run_20260528_205727\neural_eval\mobilenetv3_native_full_lstm256_seed42
test_1,Mouse069_20160709_16-02-03,smoothed_frames,<RUN_ROOT>\outputs\controlled_comparison_runs\run_20260528_205727\neural_eval\mobilenetv3_native_full_lstm256_seed42\test_1\Mouse069_20160709_16-02-03\Mouse069_20160709_16-02-03.behavior.smoothed_frames.csv,<MARS_DATA_ROOT>\test_1\Mouse069_20160709_16-02-03\Mouse069_20160709_16-02-03_anno.annot,18496,30.0,30.0,0.9137651384083044,0.4974220101464442,0.4358626919602529,0.4196025293586269,0.2863595302619693,66,53,,lstm,,42,,,,mobilenetv3_native,mobilenetv3_native_full_lstm256,lstm,mobilenetv3_native_full_lstm256_seed42,,full_sequence,<RUN_ROOT>\outputs\controlled_comparison_runs\run_20260528_205727\neural_eval\mobilenetv3_native_full_lstm256_seed42
test_1,Mouse070_20160709_16-58-36,smoothed_frames,<RUN_ROOT>\outputs\controlled_comparison_runs\run_20260528_205727\neural_eval\mobilenetv3_native_full_lstm256_seed42\test_1\Mouse070_20160709_16-58-36\Mouse070_20160709_16-58-36.behavior.smoothed_frames.csv,<MARS_DATA_ROOT>\test_1\Mouse070_20160709_16-58-36\Mouse070_20160709_16-58-36_anno.annot,20192,30.0,30.0,0.8151743264659271,0.6031631182183783,0.5632798573975044,0.4556659027247263,0.2718614718614718,193,100,,lstm,,42,,,,mobilenetv3_native,mobilenetv3_native_full_lstm256,lstm,mobilenetv3_native_full_lstm256_seed42,,full_sequence,<RUN_ROOT>\outputs\controlled_comparison_runs\run_20260528_205727\neural_eval\mobilenetv3_native_full_lstm256_seed42
test_1,Mouse074_20160709_19-15-23,smoothed_frames,<RUN_ROOT>\outputs\controlled_comparison_runs\run_20260528_205727\neural_eval\mobilenetv3_native_full_lstm256_seed42\test_1\Mouse074_20160709_19-15-23\Mouse074_20160709_19-15-23.behavior.smoothed_frames.csv,<MARS_DATA_ROOT>\test_1\Mouse074_20160709_19-15-23\Mouse074_20160709_19-15-23_anno.annot,19376,30.0,30.0,0.8873348472336912,0.6222580679814258,0.6078947368421053,0.5411483253588516,0.3287081339712918,119,69,,lstm,,42,,,,mobilenetv3_native,mobilenetv3_native_full_lstm256,lstm,mobilenetv3_native_full_lstm256_seed42,,full_sequence,<RUN_ROOT>\outputs\controlled_comparison_runs\run_20260528_205727\neural_eval\mobilenetv3_native_full_lstm256_seed42
test_1,Mouse077_20160709_18-29-34,smoothed_frames,<RUN_ROOT>\outputs\controlled_comparison_runs\run_20260528_205727\neural_eval\mobilenetv3_native_full_lstm256_seed42\test_1\Mouse077_20160709_18-29-34\Mouse077_20160709_18-29-34.behavior.smoothed_frames.csv,<MARS_DATA_ROOT>\test_1\Mouse077_20160709_18-29-34\Mouse077_20160709_18-29-34_anno.annot,19952,30.0,30.0,0.7742080994386528,0.5560179322550047,0.5869453044375645,0.4901960784313725,0.2670278637770897,280,152,,lstm,,42,,,,mobilenetv3_native,mobilenetv3_native_full_lstm256,lstm,mobilenetv3_native_full_lstm256_seed42,,full_sequence,<RUN_ROOT>\outputs\controlled_comparison_runs\run_20260528_205727\neural_eval\mobilenetv3_native_full_lstm256_seed42
test_1,Mouse162_20161017_19-58-28,smoothed_frames,<RUN_ROOT>\outputs\controlled_comparison_runs\run_20260528_205727\neural_eval\mobilenetv3_native_full_lstm256_seed42\test_1\Mouse162_20161017_19-58-28\Mouse162_20161017_19-58-28.behavior.smoothed_frames.csv,<MARS_DATA_ROOT>\test_1\Mouse162_20161017_19-58-28\Mouse162_20161017_19-58-28_TK.annot,17920,30.0,30.0,0.8465959821428571,0.7355879393470018,0.7479674796747968,0.7479674796747968,0.4176829268292683,80,68,,lstm,,42,,,,mobilenetv3_native,mobilenetv3_native_full_lstm256,lstm,mobilenetv3_native_full_lstm256_seed42,,full_sequence,<RUN_ROOT>\outputs\controlled_comparison_runs\run_20260528_205727\neural_eval\mobilenetv3_native_full_lstm256_seed42
test_1,Mouse163_20161018_18-22-45,smoothed_frames,<RUN_ROOT>\outputs\controlled_comparison_runs\run_20260528_205727\neural_eval\mobilenetv3_native_full_lstm256_seed42\test_1\Mouse163_20161018_18-22-45\Mouse163_20161018_18-22-45.behavior.smoothed_frames.csv,<MARS_DATA_ROOT>\test_1\Mouse163_20161018_18-22-45\Mouse163_20161018_18-22-45_TK.annot,6640,30.0,30.0,0.8319277108433735,0.6132648937239067,0.5480274442538593,0.5102915951972555,0.3250428816466552,52,23,,lstm,,42,,,,mobilenetv3_native,mobilenetv3_native_full_lstm256,lstm,mobilenetv3_native_full_lstm256_seed42,,full_sequence,<RUN_ROOT>\outputs\controlled_comparison_runs\run_20260528_205727\neural_eval\mobilenetv3_native_full_lstm256_seed42
test_2,Mouse155_20151124_20-48-31,smoothed_frames,<RUN_ROOT>\outputs\controlled_comparison_runs\run_20260528_205727\neural_eval\mobilenetv3_native_full_lstm256_seed42\test_2\Mouse155_20151124_20-48-31\Mouse155_20151124_20-48-31.behavior.smoothed_frames.csv,<MARS_DATA_ROOT>\test_2\Mouse155_20151124_20-48-31\Mouse155_20151124_20-48-31_Front-XiaoAnn.annot,9952,30.0,30.0,0.9678456591639872,0.8658756877509817,0.8,0.8,0.7333333333333333,25,14,,lstm,,42,,,,mobilenetv3_native,mobilenetv3_native_full_lstm256,lstm,mobilenetv3_native_full_lstm256_seed42,,full_sequence,<RUN_ROOT>\outputs\controlled_comparison_runs\run_20260528_205727\neural_eval\mobilenetv3_native_full_lstm256_seed42
test_2,Mouse155_20151124_20-56-05,smoothed_frames,<RUN_ROOT>\outputs\controlled_comparison_runs\run_20260528_205727\neural_eval\mobilenetv3_native_full_lstm256_seed42\test_2\Mouse155_20151124_20-56-05\Mouse155_20151124_20-56-05.behavior.smoothed_frames.csv,<MARS_DATA_ROOT>\test_2\Mouse155_20151124_20-56-05\Mouse155_20151124_20-56-05_bhvr.annot,10384,30.0,30.0,0.9166024653312788,0.7138694706848616,0.7162309368191722,0.6721132897603486,0.480392156862745,58,38,,lstm,,42,,,,mobilenetv3_native,mobilenetv3_native_full_lstm256,lstm,mobilenetv3_native_full_lstm256_seed42,,full_sequence,<RUN_ROOT>\outputs\controlled_comparison_runs\run_20260528_205727\neural_eval\mobilenetv3_native_full_lstm256_seed42
test_2,Mouse155_20151124_21-11-28,smoothed_frames,<RUN_ROOT>\outputs\controlled_comparison_runs\run_20260528_205727\neural_eval\mobilenetv3_native_full_lstm256_seed42\test_2\Mouse155_20151124_21-11-28\Mouse155_20151124_21-11-28.behavior.smoothed_frames.csv,<MARS_DATA_ROOT>\test_2\Mouse155_20151124_21-11-28\Mouse155_20151124_21-11-28_bhvr.annot,6688,30.0,30.0,0.9013157894736842,0.6547976238421265,0.5897435897435896,0.5384615384615383,0.2393162393162393,32,17,,lstm,,42,,,,mobilenetv3_native,mobilenetv3_native_full_lstm256,lstm,mobilenetv3_native_full_lstm256_seed42,,full_sequence,<RUN_ROOT>\outputs\controlled_comparison_runs\run_20260528_205727\neural_eval\mobilenetv3_native_full_lstm256_seed42
test_2,Mouse155_20151129_22-41-43,smoothed_frames,<RUN_ROOT>\outputs\controlled_comparison_runs\run_20260528_205727\neural_eval\mobilenetv3_native_full_lstm256_seed42\test_2\Mouse155_20151129_22-41-43\Mouse155_20151129_22-41-43.behavior.smoothed_frames.csv,<MARS_DATA_ROOT>\test_2\Mouse155_20151129_22-41-43\Mouse155_20151129_22-41-43_actions.annot,4816,30.0,30.0,0.8162375415282392,0.5522478091442348,0.5277777777777778,0.5138888888888888,0.4305555555555556,33,20,,lstm,,42,,,,mobilenetv3_native,mobilenetv3_native_full_lstm256,lstm,mobilenetv3_native_full_lstm256_seed42,,full_sequence,<RUN_ROOT>\outputs\controlled_comparison_runs\run_20260528_205727\neural_eval\mobilenetv3_native_full_lstm256_seed42
test_2,Mouse156_20151012_20-16-37,smoothed_frames,<RUN_ROOT>\outputs\controlled_comparison_runs\run_20260528_205727\neural_eval\mobilenetv3_native_full_lstm256_seed42\test_2\Mouse156_20151012_20-16-37\Mouse156_20151012_20-16-37.behavior.smoothed_frames.csv,<MARS_DATA_ROOT>\test_2\Mouse156_20151012_20-16-37\Mouse156_20151012_20-16-37_Front-XiaoAnn.annot,10272,30.0,30.0,0.7809579439252337,0.624217515392127,0.6409016436763385,0.5940093018339412,0.3427408699328788,123,73,,lstm,,42,,,,mobilenetv3_native,mobilenetv3_native_full_lstm256,lstm,mobilenetv3_native_full_lstm256_seed42,,full_sequence,<RUN_ROOT>\outputs\controlled_comparison_runs\run_20260528_205727\neural_eval\mobilenetv3_native_full_lstm256_seed42
test_2,Mouse156_20151124_21-53-46,smoothed_frames,<RUN_ROOT>\outputs\controlled_comparison_runs\run_20260528_205727\neural_eval\mobilenetv3_native_full_lstm256_seed42\test_2\Mouse156_20151124_21-53-46\Mouse156_20151124_21-53-46.behavior.smoothed_frames.csv,<MARS_DATA_ROOT>\test_2\Mouse156_20151124_21-53-46\Mouse156_20151124_21-53-46_bhvr.annot,5648,30.0,30.0,0.8643767705382436,0.3315574447012215,0.3522727272727272,0.3295454545454546,0.0681818181818181,43,22,,lstm,,42,,,,mobilenetv3_native,mobilenetv3_native_full_lstm256,lstm,mobilenetv3_native_full_lstm256_seed42,,full_sequence,<RUN_ROOT>\outputs\controlled_comparison_runs\run_20260528_205727\neural_eval\mobilenetv3_native_full_lstm256_seed42
test_2,Mouse158_20151129_21-12-54,smoothed_frames,<RUN_ROOT>\outputs\controlled_comparison_runs\run_20260528_205727\neural_eval\mobilenetv3_native_full_lstm256_seed42\test_2\Mouse158_20151129_21-12-54\Mouse158_20151129_21-12-54.behavior.smoothed_frames.csv,<MARS_DATA_ROOT>\test_2\Mouse158_20151129_21-12-54\Mouse158_20151129_21-12-54_bhvr.annot,10000,30.0,30.0,0.9319,0.7590532536395158,0.6615245009074409,0.5925589836660616,0.4019963702359346,49,28,,lstm,,42,,,,mobilenetv3_native,mobilenetv3_native_full_lstm256,lstm,mobilenetv3_native_full_lstm256_seed42,,full_sequence,<RUN_ROOT>\outputs\controlled_comparison_runs\run_20260528_205727\neural_eval\mobilenetv3_native_full_lstm256_seed42
test_2,Mouse159_20151129_20-48-38,smoothed_frames,<RUN_ROOT>\outputs\controlled_comparison_runs\run_20260528_205727\neural_eval\mobilenetv3_native_full_lstm256_seed42\test_2\Mouse159_20151129_20-48-38\Mouse159_20151129_20-48-38.behavior.smoothed_frames.csv,<MARS_DATA_ROOT>\test_2\Mouse159_20151129_20-48-38\Mouse159_20151129_20-48-38_actions.annot,7408,30.0,30.0,0.8806695464362851,0.5813210456455766,0.612464265294454,0.5873070325900515,0.3127501429388222,50,30,,lstm,,42,,,,mobilenetv3_native,mobilenetv3_native_full_lstm256,lstm,mobilenetv3_native_full_lstm256_seed42,,full_sequence,<RUN_ROOT>\outputs\controlled_comparison_runs\run_20260528_205727\neural_eval\mobilenetv3_native_full_lstm256_seed42
test_2,Mouse159_20151129_20-57-31,smoothed_frames,<RUN_ROOT>\outputs\controlled_comparison_runs\run_20260528_205727\neural_eval\mobilenetv3_native_full_lstm256_seed42\test_2\Mouse159_20151129_20-57-31\Mouse159_20151129_20-57-31.behavior.smoothed_frames.csv,<MARS_DATA_ROOT>\test_2\Mouse159_20151129_20-57-31\Mouse159_20151129_20-57-31_Front-XiaoAnn.annot,4144,30.0,30.0,0.9652509652509652,0.8135002085392726,0.763157894736842,0.763157894736842,0.7105263157894737,16,9,,lstm,,42,,,,mobilenetv3_native,mobilenetv3_native_full_lstm256,lstm,mobilenetv3_native_full_lstm256_seed42,,full_sequence,<RUN_ROOT>\outputs\controlled_comparison_runs\run_20260528_205727\neural_eval\mobilenetv3_native_full_lstm256_seed42
test_2,Mouse627_20181026_17-29-36_01994-09560,smoothed_frames,<RUN_ROOT>\outputs\controlled_comparison_runs\run_20260528_205727\neural_eval\mobilenetv3_native_full_lstm256_seed42\test_2\Mouse627_20181026_17-29-36_01994-09560\Mouse627_20181026_17-29-36_01994-09560.behavior.smoothed_frames.csv,<MARS_DATA_ROOT>\test_2\Mouse627_20181026_17-29-36_01994-09560\Mouse627_20181026_17-29-36_01994-09560_XW_tk_final.annot,7552,30.0,30.0,0.8841366525423728,0.8541769245924669,0.8059322033898305,0.8059322033898305,0.7381355932203391,39,40,,lstm,,42,,,,mobilenetv3_native,mobilenetv3_native_full_lstm256,lstm,mobilenetv3_native_full_lstm256_seed42,,full_sequence,<RUN_ROOT>\outputs\controlled_comparison_runs\run_20260528_205727\neural_eval\mobilenetv3_native_full_lstm256_seed42
test_2,Mouse627_20181026_17-29-36_10191-15523,smoothed_frames,<RUN_ROOT>\outputs\controlled_comparison_runs\run_20260528_205727\neural_eval\mobilenetv3_native_full_lstm256_seed42\test_2\Mouse627_20181026_17-29-36_10191-15523\Mouse627_20181026_17-29-36_10191-15523.behavior.smoothed_frames.csv,<MARS_DATA_ROOT>\test_2\Mouse627_20181026_17-29-36_10191-15523\Mouse627_20181026_17-29-36_10191-15523_XW_tk_final.annot,5328,30.0,30.0,0.8419669669669669,0.7829467053294672,0.732919254658385,0.6677018633540373,0.531055900621118,32,29,,lstm,,42,,,,mobilenetv3_native,mobilenetv3_native_full_lstm256,lstm,mobilenetv3_native_full_lstm256_seed42,,full_sequence,<RUN_ROOT>\outputs\controlled_comparison_runs\run_20260528_205727\neural_eval\mobilenetv3_native_full_lstm256_seed42
test_2,Mouse627_20181026_17-29-36_16209-22286,smoothed_frames,<RUN_ROOT>\outputs\controlled_comparison_runs\run_20260528_205727\neural_eval\mobilenetv3_native_full_lstm256_seed42\test_2\Mouse627_20181026_17-29-36_16209-22286\Mouse627_20181026_17-29-36_16209-22286.behavior.smoothed_frames.csv,<MARS_DATA_ROOT>\test_2\Mouse627_20181026_17-29-36_16209-22286\Mouse627_20181026_17-29-36_16209-22286_XW_tk_final.annot,6064,30.0,30.0,0.8827506596306068,0.6388911994200355,0.748663101604278,0.6898395721925134,0.6016042780748663,32,25,,lstm,,42,,,,mobilenetv3_native,mobilenetv3_native_full_lstm256,lstm,mobilenetv3_native_full_lstm256_seed42,,full_sequence,<RUN_ROOT>\outputs\controlled_comparison_runs\run_20260528_205727\neural_eval\mobilenetv3_native_full_lstm256_seed42
test_2,Mouse630_20181025_18-44-29_01807-21458,smoothed_frames,<RUN_ROOT>\outputs\controlled_comparison_runs\run_20260528_205727\neural_eval\mobilenetv3_native_full_lstm256_seed42\test_2\Mouse630_20181025_18-44-29_01807-21458\Mouse630_20181025_18-44-29_01807-21458.behavior.smoothed_frames.csv,<MARS_DATA_ROOT>\test_2\Mouse630_20181025_18-44-29_01807-21458\Mouse630_20181025_18-44-29_01807-21458_XW_tk_final.annot,19648,30.0,30.0,0.8739311889250815,0.8315268399875665,0.8736805066854328,0.8430682617874736,0.7512315270935961,76,80,,lstm,,42,,,,mobilenetv3_native,mobilenetv3_native_full_lstm256,lstm,mobilenetv3_native_full_lstm256_seed42,,full_sequence,<RUN_ROOT>\outputs\controlled_comparison_runs\run_20260528_205727\neural_eval\mobilenetv3_native_full_lstm256_seed42
test_2,Mouse630_20181025_18-44-29_21460-30528,smoothed_frames,<RUN_ROOT>\outputs\controlled_comparison_runs\run_20260528_205727\neural_eval\mobilenetv3_native_full_lstm256_seed42\test_2\Mouse630_20181025_18-44-29_21460-30528\Mouse630_20181025_18-44-29_21460-30528.behavior.smoothed_frames.csv,<MARS_DATA_ROOT>\test_2\Mouse630_20181025_18-44-29_21460-30528\Mouse630_20181025_18-44-29_21460-30528_XW_tk_final.annot,9056,30.0,30.0,0.8962014134275619,0.7849959220782694,0.8133333333333334,0.7895238095238095,0.6942857142857143,33,34,,lstm,,42,,,,mobilenetv3_native,mobilenetv3_native_full_lstm256,lstm,mobilenetv3_native_full_lstm256_seed42,,full_sequence,<RUN_ROOT>\outputs\controlled_comparison_runs\run_20260528_205727\neural_eval\mobilenetv3_native_full_lstm256_seed42
test_2,Mouse835-female_20200325_18-28-49_10767-24391,smoothed_frames,<RUN_ROOT>\outputs\controlled_comparison_runs\run_20260528_205727\neural_eval\mobilenetv3_native_full_lstm256_seed42\test_2\Mouse835-female_20200325_18-28-49_10767-24391\Mouse835-female_20200325_18-28-49_10767-24391.behavior.smoothed_frames.csv,<MARS_DATA_ROOT>\test_2\Mouse835-female_20200325_18-28-49_10767-24391\Mouse835-female_20200325_18-28-49_10767-24391_TK_withUSV.annot,13616,30.0,30.0,0.8988689776733255,0.884682035010909,0.887719298245614,0.8482456140350878,0.6368421052631579,49,43,,lstm,,42,,,,mobilenetv3_native,mobilenetv3_native_full_lstm256,lstm,mobilenetv3_native_full_lstm256_seed42,,full_sequence,<RUN_ROOT>\outputs\controlled_comparison_runs\run_20260528_205727\neural_eval\mobilenetv3_native_full_lstm256_seed42
test_2,Mouse836-female_20200322_19-33-17_00957-13323,smoothed_frames,<RUN_ROOT>\outputs\controlled_comparison_runs\run_20260528_205727\neural_eval\mobilenetv3_native_full_lstm256_seed42\test_2\Mouse836-female_20200322_19-33-17_00957-13323\Mouse836-female_20200322_19-33-17_00957-13323.behavior.smoothed_frames.csv,<MARS_DATA_ROOT>\test_2\Mouse836-female_20200322_19-33-17_00957-13323\Mouse836-female_20200322_19-33-17_00957-13323_TK_withUSV.annot,12368,30.0,30.0,0.9269890038809832,0.583998125662998,0.5548387096774194,0.3225806451612903,0.2580645161290323,43,24,,lstm,,42,,,,mobilenetv3_native,mobilenetv3_native_full_lstm256,lstm,mobilenetv3_native_full_lstm256_seed42,,full_sequence,<RUN_ROOT>\outputs\controlled_comparison_runs\run_20260528_205727\neural_eval\mobilenetv3_native_full_lstm256_seed42
test_2,Mouse836-female_20200322_19-33-17_14594-23870,smoothed_frames,<RUN_ROOT>\outputs\controlled_comparison_runs\run_20260528_205727\neural_eval\mobilenetv3_native_full_lstm256_seed42\test_2\Mouse836-female_20200322_19-33-17_14594-23870\Mouse836-female_20200322_19-33-17_14594-23870.behavior.smoothed_frames.csv,<MARS_DATA_ROOT>\test_2\Mouse836-female_20200322_19-33-17_14594-23870\Mouse836-female_20200322_19-33-17_14594-23870_TK_withUSV.annot,9264,30.0,30.0,0.9058721934369602,0.9115850901466804,0.8692307692307693,0.8692307692307693,0.8076923076923077,45,30,,lstm,,42,,,,mobilenetv3_native,mobilenetv3_native_full_lstm256,lstm,mobilenetv3_native_full_lstm256_seed42,,full_sequence,<RUN_ROOT>\outputs\controlled_comparison_runs\run_20260528_205727\neural_eval\mobilenetv3_native_full_lstm256_seed42
test_2,Mouse839-female_20200322_20-15-11_12885-24623,smoothed_frames,<RUN_ROOT>\outputs\controlled_comparison_runs\run_20260528_205727\neural_eval\mobilenetv3_native_full_lstm256_seed42\test_2\Mouse839-female_20200322_20-15-11_12885-24623\Mouse839-female_20200322_20-15-11_12885-24623.behavior.smoothed_frames.csv,<MARS_DATA_ROOT>\test_2\Mouse839-female_20200322_20-15-11_12885-24623\Mouse839-female_20200322_20-15-11_12885-24623_TK_withUSV.annot,11728,30.0,30.0,0.7438608458390177,0.6793999386426982,0.7080745341614907,0.5714285714285714,0.3913043478260869,68,52,,lstm,,42,,,,mobilenetv3_native,mobilenetv3_native_full_lstm256,lstm,mobilenetv3_native_full_lstm256_seed42,,full_sequence,<RUN_ROOT>\outputs\controlled_comparison_runs\run_20260528_205727\neural_eval\mobilenetv3_native_full_lstm256_seed42
test_1,Mouse060_20160526_18-16-27,smoothed_frames,<RUN_ROOT>\outputs\controlled_comparison_runs\run_20260528_205727\neural_eval\mobilenetv3_native_full_lstm256_seed43\test_1\Mouse060_20160526_18-16-27\Mouse060_20160526_18-16-27.behavior.smoothed_frames.csv,<MARS_DATA_ROOT>\test_1\Mouse060_20160526_18-16-27\Mouse060_20160526_18-16-27_anno.annot,24288,30.0,30.0,0.89649209486166,0.8099600027067082,0.7598659717051377,0.7339290146438322,0.5162571357656986,109,100,,lstm,,43,,,,mobilenetv3_native,mobilenetv3_native_full_lstm256,lstm,mobilenetv3_native_full_lstm256_seed43,,full_sequence,<RUN_ROOT>\outputs\controlled_comparison_runs\run_20260528_205727\neural_eval\mobilenetv3_native_full_lstm256_seed43
test_1,Mouse061_20160526_18-38-49,smoothed_frames,<RUN_ROOT>\outputs\controlled_comparison_runs\run_20260528_205727\neural_eval\mobilenetv3_native_full_lstm256_seed43\test_1\Mouse061_20160526_18-38-49\Mouse061_20160526_18-38-49.behavior.smoothed_frames.csv,<MARS_DATA_ROOT>\test_1\Mouse061_20160526_18-38-49\Mouse061_20160526_18-38-49_anno.annot,18640,30.0,30.0,0.9049356223175966,0.901021429132154,0.7718360071301249,0.7620320855614973,0.6381461675579322,63,61,,lstm,,43,,,,mobilenetv3_native,mobilenetv3_native_full_lstm256,lstm,mobilenetv3_native_full_lstm256_seed43,,full_sequence,<RUN_ROOT>\outputs\controlled_comparison_runs\run_20260528_205727\neural_eval\mobilenetv3_native_full_lstm256_seed43
test_1,Mouse062_20160526_18-56-26,smoothed_frames,<RUN_ROOT>\outputs\controlled_comparison_runs\run_20260528_205727\neural_eval\mobilenetv3_native_full_lstm256_seed43\test_1\Mouse062_20160526_18-56-26\Mouse062_20160526_18-56-26.behavior.smoothed_frames.csv,<MARS_DATA_ROOT>\test_1\Mouse062_20160526_18-56-26\Mouse062_20160526_18-56-26_anno.annot,19632,30.0,30.0,0.931183781581092,0.9466865659925294,0.746031746031746,0.7222222222222222,0.6825396825396826,79,62,,lstm,,43,,,,mobilenetv3_native,mobilenetv3_native_full_lstm256,lstm,mobilenetv3_native_full_lstm256_seed43,,full_sequence,<RUN_ROOT>\outputs\controlled_comparison_runs\run_20260528_205727\neural_eval\mobilenetv3_native_full_lstm256_seed43
test_1,Mouse063_20160526_19-14-46,smoothed_frames,<RUN_ROOT>\outputs\controlled_comparison_runs\run_20260528_205727\neural_eval\mobilenetv3_native_full_lstm256_seed43\test_1\Mouse063_20160526_19-14-46\Mouse063_20160526_19-14-46.behavior.smoothed_frames.csv,<MARS_DATA_ROOT>\test_1\Mouse063_20160526_19-14-46\Mouse063_20160526_19-14-46_anno.annot,19296,30.0,30.0,0.8527674129353234,0.6936089498913512,0.5434131736526946,0.4858720059880239,0.3611526946107783,144,90,,lstm,,43,,,,mobilenetv3_native,mobilenetv3_native_full_lstm256,lstm,mobilenetv3_native_full_lstm256_seed43,,full_sequence,<RUN_ROOT>\outputs\controlled_comparison_runs\run_20260528_205727\neural_eval\mobilenetv3_native_full_lstm256_seed43
test_1,Mouse069_20160709_16-02-03,smoothed_frames,<RUN_ROOT>\outputs\controlled_comparison_runs\run_20260528_205727\neural_eval\mobilenetv3_native_full_lstm256_seed43\test_1\Mouse069_20160709_16-02-03\Mouse069_20160709_16-02-03.behavior.smoothed_frames.csv,<MARS_DATA_ROOT>\test_1\Mouse069_20160709_16-02-03\Mouse069_20160709_16-02-03_anno.annot,18496,30.0,30.0,0.9085207612456748,0.4874377982075379,0.4392441221709514,0.4229839595693254,0.2759833003735443,66,55,,lstm,,43,,,,mobilenetv3_native,mobilenetv3_native_full_lstm256,lstm,mobilenetv3_native_full_lstm256_seed43,,full_sequence,<RUN_ROOT>\outputs\controlled_comparison_runs\run_20260528_205727\neural_eval\mobilenetv3_native_full_lstm256_seed43
test_1,Mouse070_20160709_16-58-36,smoothed_frames,<RUN_ROOT>\outputs\controlled_comparison_runs\run_20260528_205727\neural_eval\mobilenetv3_native_full_lstm256_seed43\test_1\Mouse070_20160709_16-58-36\Mouse070_20160709_16-58-36.behavior.smoothed_frames.csv,<MARS_DATA_ROOT>\test_1\Mouse070_20160709_16-58-36\Mouse070_20160709_16-58-36_anno.annot,20192,30.0,30.0,0.8029912836767037,0.5991945952693004,0.5617051342439943,0.448893075836081,0.2543570419218087,193,111,,lstm,,43,,,,mobilenetv3_native,mobilenetv3_native_full_lstm256,lstm,mobilenetv3_native_full_lstm256_seed43,,full_sequence,<RUN_ROOT>\outputs\controlled_comparison_runs\run_20260528_205727\neural_eval\mobilenetv3_native_full_lstm256_seed43
test_1,Mouse074_20160709_19-15-23,smoothed_frames,<RUN_ROOT>\outputs\controlled_comparison_runs\run_20260528_205727\neural_eval\mobilenetv3_native_full_lstm256_seed43\test_1\Mouse074_20160709_19-15-23\Mouse074_20160709_19-15-23.behavior.smoothed_frames.csv,<MARS_DATA_ROOT>\test_1\Mouse074_20160709_19-15-23\Mouse074_20160709_19-15-23_anno.annot,19376,30.0,30.0,0.8818125516102395,0.6051683080853837,0.5900974025974025,0.5154220779220778,0.3279220779220779,119,74,,lstm,,43,,,,mobilenetv3_native,mobilenetv3_native_full_lstm256,lstm,mobilenetv3_native_full_lstm256_seed43,,full_sequence,<RUN_ROOT>\outputs\controlled_comparison_runs\run_20260528_205727\neural_eval\mobilenetv3_native_full_lstm256_seed43
test_1,Mouse077_20160709_18-29-34,smoothed_frames,<RUN_ROOT>\outputs\controlled_comparison_runs\run_20260528_205727\neural_eval\mobilenetv3_native_full_lstm256_seed43\test_1\Mouse077_20160709_18-29-34\Mouse077_20160709_18-29-34.behavior.smoothed_frames.csv,<MARS_DATA_ROOT>\test_1\Mouse077_20160709_18-29-34\Mouse077_20160709_18-29-34_anno.annot,19952,30.0,30.0,0.768995589414595,0.5527355118094813,0.5872838450917219,0.4703136300874482,0.2461700309027549,280,149,,lstm,,43,,,,mobilenetv3_native,mobilenetv3_native_full_lstm256,lstm,mobilenetv3_native_full_lstm256_seed43,,full_sequence,<RUN_ROOT>\outputs\controlled_comparison_runs\run_20260528_205727\neural_eval\mobilenetv3_native_full_lstm256_seed43
test_1,Mouse162_20161017_19-58-28,smoothed_frames,<RUN_ROOT>\outputs\controlled_comparison_runs\run_20260528_205727\neural_eval\mobilenetv3_native_full_lstm256_seed43\test_1\Mouse162_20161017_19-58-28\Mouse162_20161017_19-58-28.behavior.smoothed_frames.csv,<MARS_DATA_ROOT>\test_1\Mouse162_20161017_19-58-28\Mouse162_20161017_19-58-28_TK.annot,17920,30.0,30.0,0.8483816964285714,0.7398977582869575,0.751187431494337,0.7427840701497991,0.4512239678480088,80,63,,lstm,,43,,,,mobilenetv3_native,mobilenetv3_native_full_lstm256,lstm,mobilenetv3_native_full_lstm256_seed43,,full_sequence,<RUN_ROOT>\outputs\controlled_comparison_runs\run_20260528_205727\neural_eval\mobilenetv3_native_full_lstm256_seed43
test_1,Mouse163_20161018_18-22-45,smoothed_frames,<RUN_ROOT>\outputs\controlled_comparison_runs\run_20260528_205727\neural_eval\mobilenetv3_native_full_lstm256_seed43\test_1\Mouse163_20161018_18-22-45\Mouse163_20161018_18-22-45.behavior.smoothed_frames.csv,<MARS_DATA_ROOT>\test_1\Mouse163_20161018_18-22-45\Mouse163_20161018_18-22-45_TK.annot,6640,30.0,30.0,0.8259036144578313,0.5967934443313817,0.5480274442538593,0.5102915951972555,0.3061749571183533,52,23,,lstm,,43,,,,mobilenetv3_native,mobilenetv3_native_full_lstm256,lstm,mobilenetv3_native_full_lstm256_seed43,,full_sequence,<RUN_ROOT>\outputs\controlled_comparison_runs\run_20260528_205727\neural_eval\mobilenetv3_native_full_lstm256_seed43
test_2,Mouse155_20151124_20-48-31,smoothed_frames,<RUN_ROOT>\outputs\controlled_comparison_runs\run_20260528_205727\neural_eval\mobilenetv3_native_full_lstm256_seed43\test_2\Mouse155_20151124_20-48-31\Mouse155_20151124_20-48-31.behavior.smoothed_frames.csv,<MARS_DATA_ROOT>\test_2\Mouse155_20151124_20-48-31\Mouse155_20151124_20-48-31_Front-XiaoAnn.annot,9952,30.0,30.0,0.9563906752411576,0.8374565246989221,0.7758620689655172,0.7413793103448276,0.6724137931034483,25,13,,lstm,,43,,,,mobilenetv3_native,mobilenetv3_native_full_lstm256,lstm,mobilenetv3_native_full_lstm256_seed43,,full_sequence,<RUN_ROOT>\outputs\controlled_comparison_runs\run_20260528_205727\neural_eval\mobilenetv3_native_full_lstm256_seed43
test_2,Mouse155_20151124_20-56-05,smoothed_frames,<RUN_ROOT>\outputs\controlled_comparison_runs\run_20260528_205727\neural_eval\mobilenetv3_native_full_lstm256_seed43\test_2\Mouse155_20151124_20-56-05\Mouse155_20151124_20-56-05.behavior.smoothed_frames.csv,<MARS_DATA_ROOT>\test_2\Mouse155_20151124_20-56-05\Mouse155_20151124_20-56-05_bhvr.annot,10384,30.0,30.0,0.9043721109399075,0.6960682695901332,0.711755233494364,0.6312399355877617,0.4637681159420289,58,39,,lstm,,43,,,,mobilenetv3_native,mobilenetv3_native_full_lstm256,lstm,mobilenetv3_native_full_lstm256_seed43,,full_sequence,<RUN_ROOT>\outputs\controlled_comparison_runs\run_20260528_205727\neural_eval\mobilenetv3_native_full_lstm256_seed43
test_2,Mouse155_20151124_21-11-28,smoothed_frames,<RUN_ROOT>\outputs\controlled_comparison_runs\run_20260528_205727\neural_eval\mobilenetv3_native_full_lstm256_seed43\test_2\Mouse155_20151124_21-11-28\Mouse155_20151124_21-11-28.behavior.smoothed_frames.csv,<MARS_DATA_ROOT>\test_2\Mouse155_20151124_21-11-28\Mouse155_20151124_21-11-28_bhvr.annot,6688,30.0,30.0,0.8923444976076556,0.6489643545279383,0.5701754385964911,0.5438596491228069,0.2163742690058479,32,15,,lstm,,43,,,,mobilenetv3_native,mobilenetv3_native_full_lstm256,lstm,mobilenetv3_native_full_lstm256_seed43,,full_sequence,<RUN_ROOT>\outputs\controlled_comparison_runs\run_20260528_205727\neural_eval\mobilenetv3_native_full_lstm256_seed43
test_2,Mouse155_20151129_22-41-43,smoothed_frames,<RUN_ROOT>\outputs\controlled_comparison_runs\run_20260528_205727\neural_eval\mobilenetv3_native_full_lstm256_seed43\test_2\Mouse155_20151129_22-41-43\Mouse155_20151129_22-41-43.behavior.smoothed_frames.csv,<MARS_DATA_ROOT>\test_2\Mouse155_20151129_22-41-43\Mouse155_20151129_22-41-43_actions.annot,4816,30.0,30.0,0.8087624584717608,0.5345112254528067,0.4027777777777777,0.3888888888888888,0.3194444444444444,33,22,,lstm,,43,,,,mobilenetv3_native,mobilenetv3_native_full_lstm256,lstm,mobilenetv3_native_full_lstm256_seed43,,full_sequence,<RUN_ROOT>\outputs\controlled_comparison_runs\run_20260528_205727\neural_eval\mobilenetv3_native_full_lstm256_seed43
test_2,Mouse156_20151012_20-16-37,smoothed_frames,<RUN_ROOT>\outputs\controlled_comparison_runs\run_20260528_205727\neural_eval\mobilenetv3_native_full_lstm256_seed43\test_2\Mouse156_20151012_20-16-37\Mouse156_20151012_20-16-37.behavior.smoothed_frames.csv,<MARS_DATA_ROOT>\test_2\Mouse156_20151012_20-16-37\Mouse156_20151012_20-16-37_Front-XiaoAnn.annot,10272,30.0,30.0,0.7727803738317757,0.603370280965945,0.6429721647112951,0.5796334636914349,0.3480561306648264,123,76,,lstm,,43,,,,mobilenetv3_native,mobilenetv3_native_full_lstm256,lstm,mobilenetv3_native_full_lstm256_seed43,,full_sequence,<RUN_ROOT>\outputs\controlled_comparison_runs\run_20260528_205727\neural_eval\mobilenetv3_native_full_lstm256_seed43
test_2,Mouse156_20151124_21-53-46,smoothed_frames,<RUN_ROOT>\outputs\controlled_comparison_runs\run_20260528_205727\neural_eval\mobilenetv3_native_full_lstm256_seed43\test_2\Mouse156_20151124_21-53-46\Mouse156_20151124_21-53-46.behavior.smoothed_frames.csv,<MARS_DATA_ROOT>\test_2\Mouse156_20151124_21-53-46\Mouse156_20151124_21-53-46_bhvr.annot,5648,30.0,30.0,0.8521600566572238,0.3581344609206055,0.3938618925831202,0.3721227621483376,0.0217391304347826,43,25,,lstm,,43,,,,mobilenetv3_native,mobilenetv3_native_full_lstm256,lstm,mobilenetv3_native_full_lstm256_seed43,,full_sequence,<RUN_ROOT>\outputs\controlled_comparison_runs\run_20260528_205727\neural_eval\mobilenetv3_native_full_lstm256_seed43
test_2,Mouse158_20151129_21-12-54,smoothed_frames,<RUN_ROOT>\outputs\controlled_comparison_runs\run_20260528_205727\neural_eval\mobilenetv3_native_full_lstm256_seed43\test_2\Mouse158_20151129_21-12-54\Mouse158_20151129_21-12-54.behavior.smoothed_frames.csv,<MARS_DATA_ROOT>\test_2\Mouse158_20151129_21-12-54\Mouse158_20151129_21-12-54_bhvr.annot,10000,30.0,30.0,0.9237,0.7406628258233633,0.6587436332767402,0.5942275042444821,0.4286926994906621,49,32,,lstm,,43,,,,mobilenetv3_native,mobilenetv3_native_full_lstm256,lstm,mobilenetv3_native_full_lstm256_seed43,,full_sequence,<RUN_ROOT>\outputs\controlled_comparison_runs\run_20260528_205727\neural_eval\mobilenetv3_native_full_lstm256_seed43
test_2,Mouse159_20151129_20-48-38,smoothed_frames,<RUN_ROOT>\outputs\controlled_comparison_runs\run_20260528_205727\neural_eval\mobilenetv3_native_full_lstm256_seed43\test_2\Mouse159_20151129_20-48-38\Mouse159_20151129_20-48-38.behavior.smoothed_frames.csv,<MARS_DATA_ROOT>\test_2\Mouse159_20151129_20-48-38\Mouse159_20151129_20-48-38_actions.annot,7408,30.0,30.0,0.8870140388768899,0.604501015114501,0.6620504562533548,0.6373590982286634,0.3306494900697799,50,32,,lstm,,43,,,,mobilenetv3_native,mobilenetv3_native_full_lstm256,lstm,mobilenetv3_native_full_lstm256_seed43,,full_sequence,<RUN_ROOT>\outputs\controlled_comparison_runs\run_20260528_205727\neural_eval\mobilenetv3_native_full_lstm256_seed43
test_2,Mouse159_20151129_20-57-31,smoothed_frames,<RUN_ROOT>\outputs\controlled_comparison_runs\run_20260528_205727\neural_eval\mobilenetv3_native_full_lstm256_seed43\test_2\Mouse159_20151129_20-57-31\Mouse159_20151129_20-57-31.behavior.smoothed_frames.csv,<MARS_DATA_ROOT>\test_2\Mouse159_20151129_20-57-31\Mouse159_20151129_20-57-31_Front-XiaoAnn.annot,4144,30.0,30.0,0.95511583011583,0.7908520392435241,0.75,0.75,0.7,16,10,,lstm,,43,,,,mobilenetv3_native,mobilenetv3_native_full_lstm256,lstm,mobilenetv3_native_full_lstm256_seed43,,full_sequence,<RUN_ROOT>\outputs\controlled_comparison_runs\run_20260528_205727\neural_eval\mobilenetv3_native_full_lstm256_seed43
test_2,Mouse627_20181026_17-29-36_01994-09560,smoothed_frames,<RUN_ROOT>\outputs\controlled_comparison_runs\run_20260528_205727\neural_eval\mobilenetv3_native_full_lstm256_seed43\test_2\Mouse627_20181026_17-29-36_01994-09560\Mouse627_20181026_17-29-36_01994-09560.behavior.smoothed_frames.csv,<MARS_DATA_ROOT>\test_2\Mouse627_20181026_17-29-36_01994-09560\Mouse627_20181026_17-29-36_01994-09560_XW_tk_final.annot,7552,30.0,30.0,0.8904925847457628,0.8622312163731125,0.8184210526315789,0.8184210526315789,0.7157894736842105,39,38,,lstm,,43,,,,mobilenetv3_native,mobilenetv3_native_full_lstm256,lstm,mobilenetv3_native_full_lstm256_seed43,,full_sequence,<RUN_ROOT>\outputs\controlled_comparison_runs\run_20260528_205727\neural_eval\mobilenetv3_native_full_lstm256_seed43
test_2,Mouse627_20181026_17-29-36_10191-15523,smoothed_frames,<RUN_ROOT>\outputs\controlled_comparison_runs\run_20260528_205727\neural_eval\mobilenetv3_native_full_lstm256_seed43\test_2\Mouse627_20181026_17-29-36_10191-15523\Mouse627_20181026_17-29-36_10191-15523.behavior.smoothed_frames.csv,<MARS_DATA_ROOT>\test_2\Mouse627_20181026_17-29-36_10191-15523\Mouse627_20181026_17-29-36_10191-15523_XW_tk_final.annot,5328,30.0,30.0,0.8445945945945946,0.788942916202539,0.7726495726495726,0.7282051282051282,0.5846153846153845,32,27,,lstm,,43,,,,mobilenetv3_native,mobilenetv3_native_full_lstm256,lstm,mobilenetv3_native_full_lstm256_seed43,,full_sequence,<RUN_ROOT>\outputs\controlled_comparison_runs\run_20260528_205727\neural_eval\mobilenetv3_native_full_lstm256_seed43
test_2,Mouse627_20181026_17-29-36_16209-22286,smoothed_frames,<RUN_ROOT>\outputs\controlled_comparison_runs\run_20260528_205727\neural_eval\mobilenetv3_native_full_lstm256_seed43\test_2\Mouse627_20181026_17-29-36_16209-22286\Mouse627_20181026_17-29-36_16209-22286.behavior.smoothed_frames.csv,<MARS_DATA_ROOT>\test_2\Mouse627_20181026_17-29-36_16209-22286\Mouse627_20181026_17-29-36_16209-22286_XW_tk_final.annot,6064,30.0,30.0,0.8820910290237467,0.623315871336441,0.660427807486631,0.6310160427807486,0.5721925133689839,32,24,,lstm,,43,,,,mobilenetv3_native,mobilenetv3_native_full_lstm256,lstm,mobilenetv3_native_full_lstm256_seed43,,full_sequence,<RUN_ROOT>\outputs\controlled_comparison_runs\run_20260528_205727\neural_eval\mobilenetv3_native_full_lstm256_seed43
test_2,Mouse630_20181025_18-44-29_01807-21458,smoothed_frames,<RUN_ROOT>\outputs\controlled_comparison_runs\run_20260528_205727\neural_eval\mobilenetv3_native_full_lstm256_seed43\test_2\Mouse630_20181025_18-44-29_01807-21458\Mouse630_20181025_18-44-29_01807-21458.behavior.smoothed_frames.csv,<MARS_DATA_ROOT>\test_2\Mouse630_20181025_18-44-29_01807-21458\Mouse630_20181025_18-44-29_01807-21458_XW_tk_final.annot,19648,30.0,30.0,0.8812601791530945,0.8476326923269866,0.8827395364925632,0.8521272915946039,0.7909028017986856,76,81,,lstm,,43,,,,mobilenetv3_native,mobilenetv3_native_full_lstm256,lstm,mobilenetv3_native_full_lstm256_seed43,,full_sequence,<RUN_ROOT>\outputs\controlled_comparison_runs\run_20260528_205727\neural_eval\mobilenetv3_native_full_lstm256_seed43
test_2,Mouse630_20181025_18-44-29_21460-30528,smoothed_frames,<RUN_ROOT>\outputs\controlled_comparison_runs\run_20260528_205727\neural_eval\mobilenetv3_native_full_lstm256_seed43\test_2\Mouse630_20181025_18-44-29_21460-30528\Mouse630_20181025_18-44-29_21460-30528.behavior.smoothed_frames.csv,<MARS_DATA_ROOT>\test_2\Mouse630_20181025_18-44-29_21460-30528\Mouse630_20181025_18-44-29_21460-30528_XW_tk_final.annot,9056,30.0,30.0,0.8982994699646644,0.7951816287875587,0.8550000000000001,0.8300000000000001,0.73,33,32,,lstm,,43,,,,mobilenetv3_native,mobilenetv3_native_full_lstm256,lstm,mobilenetv3_native_full_lstm256_seed43,,full_sequence,<RUN_ROOT>\outputs\controlled_comparison_runs\run_20260528_205727\neural_eval\mobilenetv3_native_full_lstm256_seed43
test_2,Mouse835-female_20200325_18-28-49_10767-24391,smoothed_frames,<RUN_ROOT>\outputs\controlled_comparison_runs\run_20260528_205727\neural_eval\mobilenetv3_native_full_lstm256_seed43\test_2\Mouse835-female_20200325_18-28-49_10767-24391\Mouse835-female_20200325_18-28-49_10767-24391.behavior.smoothed_frames.csv,<MARS_DATA_ROOT>\test_2\Mouse835-female_20200325_18-28-49_10767-24391\Mouse835-female_20200325_18-28-49_10767-24391_TK_withUSV.annot,13616,30.0,30.0,0.8937279670975323,0.8771202668978639,0.8530844155844156,0.8271103896103896,0.5462662337662338,49,45,,lstm,,43,,,,mobilenetv3_native,mobilenetv3_native_full_lstm256,lstm,mobilenetv3_native_full_lstm256_seed43,,full_sequence,<RUN_ROOT>\outputs\controlled_comparison_runs\run_20260528_205727\neural_eval\mobilenetv3_native_full_lstm256_seed43
test_2,Mouse836-female_20200322_19-33-17_00957-13323,smoothed_frames,<RUN_ROOT>\outputs\controlled_comparison_runs\run_20260528_205727\neural_eval\mobilenetv3_native_full_lstm256_seed43\test_2\Mouse836-female_20200322_19-33-17_00957-13323\Mouse836-female_20200322_19-33-17_00957-13323.behavior.smoothed_frames.csv,<MARS_DATA_ROOT>\test_2\Mouse836-female_20200322_19-33-17_00957-13323\Mouse836-female_20200322_19-33-17_00957-13323_TK_withUSV.annot,12368,30.0,30.0,0.9261804657179818,0.4701341184167484,0.3442622950819672,0.3114754098360656,0.2786885245901639,43,22,,lstm,,43,,,,mobilenetv3_native,mobilenetv3_native_full_lstm256,lstm,mobilenetv3_native_full_lstm256_seed43,,full_sequence,<RUN_ROOT>\outputs\controlled_comparison_runs\run_20260528_205727\neural_eval\mobilenetv3_native_full_lstm256_seed43
test_2,Mouse836-female_20200322_19-33-17_14594-23870,smoothed_frames,<RUN_ROOT>\outputs\controlled_comparison_runs\run_20260528_205727\neural_eval\mobilenetv3_native_full_lstm256_seed43\test_2\Mouse836-female_20200322_19-33-17_14594-23870\Mouse836-female_20200322_19-33-17_14594-23870.behavior.smoothed_frames.csv,<MARS_DATA_ROOT>\test_2\Mouse836-female_20200322_19-33-17_14594-23870\Mouse836-female_20200322_19-33-17_14594-23870_TK_withUSV.annot,9264,30.0,30.0,0.9006908462867013,0.8903060968709937,0.8787878787878787,0.8636363636363638,0.7030303030303031,45,31,,lstm,,43,,,,mobilenetv3_native,mobilenetv3_native_full_lstm256,lstm,mobilenetv3_native_full_lstm256_seed43,,full_sequence,<RUN_ROOT>\outputs\controlled_comparison_runs\run_20260528_205727\neural_eval\mobilenetv3_native_full_lstm256_seed43
test_2,Mouse839-female_20200322_20-15-11_12885-24623,smoothed_frames,<RUN_ROOT>\outputs\controlled_comparison_runs\run_20260528_205727\neural_eval\mobilenetv3_native_full_lstm256_seed43\test_2\Mouse839-female_20200322_20-15-11_12885-24623\Mouse839-female_20200322_20-15-11_12885-24623.behavior.smoothed_frames.csv,<MARS_DATA_ROOT>\test_2\Mouse839-female_20200322_20-15-11_12885-24623\Mouse839-female_20200322_20-15-11_12885-24623_TK_withUSV.annot,11728,30.0,30.0,0.7384890859481582,0.6629345068931766,0.747832939322301,0.6363278171788811,0.3711583924349881,68,53,,lstm,,43,,,,mobilenetv3_native,mobilenetv3_native_full_lstm256,lstm,mobilenetv3_native_full_lstm256_seed43,,full_sequence,<RUN_ROOT>\outputs\controlled_comparison_runs\run_20260528_205727\neural_eval\mobilenetv3_native_full_lstm256_seed43
test_1,Mouse060_20160526_18-16-27,smoothed_frames,<RUN_ROOT>\outputs\controlled_comparison_runs\run_20260528_205727\neural_eval\mobilenetv3_native_full_lstm256_seed44\test_1\Mouse060_20160526_18-16-27\Mouse060_20160526_18-16-27.behavior.smoothed_frames.csv,<MARS_DATA_ROOT>\test_1\Mouse060_20160526_18-16-27\Mouse060_20160526_18-16-27_anno.annot,24288,30.0,30.0,0.8879281949934124,0.8113675420359677,0.7557242409158785,0.7435291189646591,0.5359631657541064,109,104,,lstm,,44,,,,mobilenetv3_native,mobilenetv3_native_full_lstm256,lstm,mobilenetv3_native_full_lstm256_seed44,,full_sequence,<RUN_ROOT>\outputs\controlled_comparison_runs\run_20260528_205727\neural_eval\mobilenetv3_native_full_lstm256_seed44
test_1,Mouse061_20160526_18-38-49,smoothed_frames,<RUN_ROOT>\outputs\controlled_comparison_runs\run_20260528_205727\neural_eval\mobilenetv3_native_full_lstm256_seed44\test_1\Mouse061_20160526_18-38-49\Mouse061_20160526_18-38-49.behavior.smoothed_frames.csv,<MARS_DATA_ROOT>\test_1\Mouse061_20160526_18-38-49\Mouse061_20160526_18-38-49_anno.annot,18640,30.0,30.0,0.8869635193133047,0.8829977574923178,0.7877947295423025,0.7586685159500695,0.6236708275543228,63,61,,lstm,,44,,,,mobilenetv3_native,mobilenetv3_native_full_lstm256,lstm,mobilenetv3_native_full_lstm256_seed44,,full_sequence,<RUN_ROOT>\outputs\controlled_comparison_runs\run_20260528_205727\neural_eval\mobilenetv3_native_full_lstm256_seed44
test_1,Mouse062_20160526_18-56-26,smoothed_frames,<RUN_ROOT>\outputs\controlled_comparison_runs\run_20260528_205727\neural_eval\mobilenetv3_native_full_lstm256_seed44\test_1\Mouse062_20160526_18-56-26\Mouse062_20160526_18-56-26.behavior.smoothed_frames.csv,<MARS_DATA_ROOT>\test_1\Mouse062_20160526_18-56-26\Mouse062_20160526_18-56-26_anno.annot,19632,30.0,30.0,0.9304706601466992,0.9459355626857948,0.7524916943521595,0.7292358803986712,0.6827242524916943,79,64,,lstm,,44,,,,mobilenetv3_native,mobilenetv3_native_full_lstm256,lstm,mobilenetv3_native_full_lstm256_seed44,,full_sequence,<RUN_ROOT>\outputs\controlled_comparison_runs\run_20260528_205727\neural_eval\mobilenetv3_native_full_lstm256_seed44
test_1,Mouse063_20160526_19-14-46,smoothed_frames,<RUN_ROOT>\outputs\controlled_comparison_runs\run_20260528_205727\neural_eval\mobilenetv3_native_full_lstm256_seed44\test_1\Mouse063_20160526_19-14-46\Mouse063_20160526_19-14-46.behavior.smoothed_frames.csv,<MARS_DATA_ROOT>\test_1\Mouse063_20160526_19-14-46\Mouse063_20160526_19-14-46_anno.annot,19296,30.0,30.0,0.847740464344942,0.7044620369801584,0.5733225108225108,0.5108225108225108,0.3881673881673881,144,98,,lstm,,44,,,,mobilenetv3_native,mobilenetv3_native_full_lstm256,lstm,mobilenetv3_native_full_lstm256_seed44,,full_sequence,<RUN_ROOT>\outputs\controlled_comparison_runs\run_20260528_205727\neural_eval\mobilenetv3_native_full_lstm256_seed44
test_1,Mouse069_20160709_16-02-03,smoothed_frames,<RUN_ROOT>\outputs\controlled_comparison_runs\run_20260528_205727\neural_eval\mobilenetv3_native_full_lstm256_seed44\test_1\Mouse069_20160709_16-02-03\Mouse069_20160709_16-02-03.behavior.smoothed_frames.csv,<MARS_DATA_ROOT>\test_1\Mouse069_20160709_16-02-03\Mouse069_20160709_16-02-03_anno.annot,18496,30.0,30.0,0.8978157439446367,0.4571387643094884,0.4047619047619047,0.3253968253968254,0.2645502645502646,66,55,,lstm,,44,,,,mobilenetv3_native,mobilenetv3_native_full_lstm256,lstm,mobilenetv3_native_full_lstm256_seed44,,full_sequence,<RUN_ROOT>\outputs\controlled_comparison_runs\run_20260528_205727\neural_eval\mobilenetv3_native_full_lstm256_seed44
test_1,Mouse070_20160709_16-58-36,smoothed_frames,<RUN_ROOT>\outputs\controlled_comparison_runs\run_20260528_205727\neural_eval\mobilenetv3_native_full_lstm256_seed44\test_1\Mouse070_20160709_16-58-36\Mouse070_20160709_16-58-36.behavior.smoothed_frames.csv,<MARS_DATA_ROOT>\test_1\Mouse070_20160709_16-58-36\Mouse070_20160709_16-58-36_anno.annot,20192,30.0,30.0,0.7864500792393027,0.6149399992552343,0.5809149040826365,0.4765460805795287,0.2687027679649421,193,124,,lstm,,44,,,,mobilenetv3_native,mobilenetv3_native_full_lstm256,lstm,mobilenetv3_native_full_lstm256_seed44,,full_sequence,<RUN_ROOT>\outputs\controlled_comparison_runs\run_20260528_205727\neural_eval\mobilenetv3_native_full_lstm256_seed44
test_1,Mouse074_20160709_19-15-23,smoothed_frames,<RUN_ROOT>\outputs\controlled_comparison_runs\run_20260528_205727\neural_eval\mobilenetv3_native_full_lstm256_seed44\test_1\Mouse074_20160709_19-15-23\Mouse074_20160709_19-15-23.behavior.smoothed_frames.csv,<MARS_DATA_ROOT>\test_1\Mouse074_20160709_19-15-23\Mouse074_20160709_19-15-23_anno.annot,19376,30.0,30.0,0.8767031379025598,0.619160480012779,0.6096128751631144,0.5502392344497606,0.3262287951283166,119,82,,lstm,,44,,,,mobilenetv3_native,mobilenetv3_native_full_lstm256,lstm,mobilenetv3_native_full_lstm256_seed44,,full_sequence,<RUN_ROOT>\outputs\controlled_comparison_runs\run_20260528_205727\neural_eval\mobilenetv3_native_full_lstm256_seed44
test_1,Mouse077_20160709_18-29-34,smoothed_frames,<RUN_ROOT>\outputs\controlled_comparison_runs\run_20260528_205727\neural_eval\mobilenetv3_native_full_lstm256_seed44\test_1\Mouse077_20160709_18-29-34\Mouse077_20160709_18-29-34.behavior.smoothed_frames.csv,<MARS_DATA_ROOT>\test_1\Mouse077_20160709_18-29-34\Mouse077_20160709_18-29-34_anno.annot,19952,30.0,30.0,0.7491479550922213,0.5544176880624965,0.6532397142153239,0.5184774575018478,0.2694013303769401,280,164,,lstm,,44,,,,mobilenetv3_native,mobilenetv3_native_full_lstm256,lstm,mobilenetv3_native_full_lstm256_seed44,,full_sequence,<RUN_ROOT>\outputs\controlled_comparison_runs\run_20260528_205727\neural_eval\mobilenetv3_native_full_lstm256_seed44
test_1,Mouse162_20161017_19-58-28,smoothed_frames,<RUN_ROOT>\outputs\controlled_comparison_runs\run_20260528_205727\neural_eval\mobilenetv3_native_full_lstm256_seed44\test_1\Mouse162_20161017_19-58-28\Mouse162_20161017_19-58-28.behavior.smoothed_frames.csv,<MARS_DATA_ROOT>\test_1\Mouse162_20161017_19-58-28\Mouse162_20161017_19-58-28_TK.annot,17920,30.0,30.0,0.8600446428571429,0.7411580903051458,0.7294721407624634,0.7052785923753666,0.5095307917888563,80,67,,lstm,,44,,,,mobilenetv3_native,mobilenetv3_native_full_lstm256,lstm,mobilenetv3_native_full_lstm256_seed44,,full_sequence,<RUN_ROOT>\outputs\controlled_comparison_runs\run_20260528_205727\neural_eval\mobilenetv3_native_full_lstm256_seed44
test_1,Mouse163_20161018_18-22-45,smoothed_frames,<RUN_ROOT>\outputs\controlled_comparison_runs\run_20260528_205727\neural_eval\mobilenetv3_native_full_lstm256_seed44\test_1\Mouse163_20161018_18-22-45\Mouse163_20161018_18-22-45.behavior.smoothed_frames.csv,<MARS_DATA_ROOT>\test_1\Mouse163_20161018_18-22-45\Mouse163_20161018_18-22-45_TK.annot,6640,30.0,30.0,0.8313253012048193,0.6740038987047242,0.5816242821985234,0.5438884331419196,0.468416735028712,52,24,,lstm,,44,,,,mobilenetv3_native,mobilenetv3_native_full_lstm256,lstm,mobilenetv3_native_full_lstm256_seed44,,full_sequence,<RUN_ROOT>\outputs\controlled_comparison_runs\run_20260528_205727\neural_eval\mobilenetv3_native_full_lstm256_seed44
test_2,Mouse155_20151124_20-48-31,smoothed_frames,<RUN_ROOT>\outputs\controlled_comparison_runs\run_20260528_205727\neural_eval\mobilenetv3_native_full_lstm256_seed44\test_2\Mouse155_20151124_20-48-31\Mouse155_20151124_20-48-31.behavior.smoothed_frames.csv,<MARS_DATA_ROOT>\test_2\Mouse155_20151124_20-48-31\Mouse155_20151124_20-48-31_Front-XiaoAnn.annot,9952,30.0,30.0,0.9548834405144696,0.8248351499244606,0.7256944444444444,0.6944444444444444,0.4895833333333332,25,17,,lstm,,44,,,,mobilenetv3_native,mobilenetv3_native_full_lstm256,lstm,mobilenetv3_native_full_lstm256_seed44,,full_sequence,<RUN_ROOT>\outputs\controlled_comparison_runs\run_20260528_205727\neural_eval\mobilenetv3_native_full_lstm256_seed44
test_2,Mouse155_20151124_20-56-05,smoothed_frames,<RUN_ROOT>\outputs\controlled_comparison_runs\run_20260528_205727\neural_eval\mobilenetv3_native_full_lstm256_seed44\test_2\Mouse155_20151124_20-56-05\Mouse155_20151124_20-56-05.behavior.smoothed_frames.csv,<MARS_DATA_ROOT>\test_2\Mouse155_20151124_20-56-05\Mouse155_20151124_20-56-05_bhvr.annot,10384,30.0,30.0,0.8995570107858244,0.6790806704192301,0.7071428571428571,0.6,0.4,58,41,,lstm,,44,,,,mobilenetv3_native,mobilenetv3_native_full_lstm256,lstm,mobilenetv3_native_full_lstm256_seed44,,full_sequence,<RUN_ROOT>\outputs\controlled_comparison_runs\run_20260528_205727\neural_eval\mobilenetv3_native_full_lstm256_seed44
test_2,Mouse155_20151124_21-11-28,smoothed_frames,<RUN_ROOT>\outputs\controlled_comparison_runs\run_20260528_205727\neural_eval\mobilenetv3_native_full_lstm256_seed44\test_2\Mouse155_20151124_21-11-28\Mouse155_20151124_21-11-28.behavior.smoothed_frames.csv,<MARS_DATA_ROOT>\test_2\Mouse155_20151124_21-11-28\Mouse155_20151124_21-11-28_bhvr.annot,6688,30.0,30.0,0.9016148325358851,0.6692436799547943,0.5701754385964911,0.5438596491228069,0.3538011695906433,32,15,,lstm,,44,,,,mobilenetv3_native,mobilenetv3_native_full_lstm256,lstm,mobilenetv3_native_full_lstm256_seed44,,full_sequence,<RUN_ROOT>\outputs\controlled_comparison_runs\run_20260528_205727\neural_eval\mobilenetv3_native_full_lstm256_seed44
test_2,Mouse155_20151129_22-41-43,smoothed_frames,<RUN_ROOT>\outputs\controlled_comparison_runs\run_20260528_205727\neural_eval\mobilenetv3_native_full_lstm256_seed44\test_2\Mouse155_20151129_22-41-43\Mouse155_20151129_22-41-43.behavior.smoothed_frames.csv,<MARS_DATA_ROOT>\test_2\Mouse155_20151129_22-41-43\Mouse155_20151129_22-41-43_actions.annot,4816,30.0,30.0,0.8029485049833887,0.5325658444998714,0.451063829787234,0.4368794326241135,0.3801418439716312,33,20,,lstm,,44,,,,mobilenetv3_native,mobilenetv3_native_full_lstm256,lstm,mobilenetv3_native_full_lstm256_seed44,,full_sequence,<RUN_ROOT>\outputs\controlled_comparison_runs\run_20260528_205727\neural_eval\mobilenetv3_native_full_lstm256_seed44
test_2,Mouse156_20151012_20-16-37,smoothed_frames,<RUN_ROOT>\outputs\controlled_comparison_runs\run_20260528_205727\neural_eval\mobilenetv3_native_full_lstm256_seed44\test_2\Mouse156_20151012_20-16-37\Mouse156_20151012_20-16-37.behavior.smoothed_frames.csv,<MARS_DATA_ROOT>\test_2\Mouse156_20151012_20-16-37\Mouse156_20151012_20-16-37_Front-XiaoAnn.annot,10272,30.0,30.0,0.7679127725856698,0.652444709898311,0.6288399273473901,0.5916186264444971,0.3574455763510489,123,72,,lstm,,44,,,,mobilenetv3_native,mobilenetv3_native_full_lstm256,lstm,mobilenetv3_native_full_lstm256_seed44,,full_sequence,<RUN_ROOT>\outputs\controlled_comparison_runs\run_20260528_205727\neural_eval\mobilenetv3_native_full_lstm256_seed44
test_2,Mouse156_20151124_21-53-46,smoothed_frames,<RUN_ROOT>\outputs\controlled_comparison_runs\run_20260528_205727\neural_eval\mobilenetv3_native_full_lstm256_seed44\test_2\Mouse156_20151124_21-53-46\Mouse156_20151124_21-53-46.behavior.smoothed_frames.csv,<MARS_DATA_ROOT>\test_2\Mouse156_20151124_21-53-46\Mouse156_20151124_21-53-46_bhvr.annot,5648,30.0,30.0,0.8495042492917847,0.3245170286145389,0.3986928104575163,0.3176470588235294,0.0444444444444444,43,23,,lstm,,44,,,,mobilenetv3_native,mobilenetv3_native_full_lstm256,lstm,mobilenetv3_native_full_lstm256_seed44,,full_sequence,<RUN_ROOT>\outputs\controlled_comparison_runs\run_20260528_205727\neural_eval\mobilenetv3_native_full_lstm256_seed44
test_2,Mouse158_20151129_21-12-54,smoothed_frames,<RUN_ROOT>\outputs\controlled_comparison_runs\run_20260528_205727\neural_eval\mobilenetv3_native_full_lstm256_seed44\test_2\Mouse158_20151129_21-12-54\Mouse158_20151129_21-12-54.behavior.smoothed_frames.csv,<MARS_DATA_ROOT>\test_2\Mouse158_20151129_21-12-54\Mouse158_20151129_21-12-54_bhvr.annot,10000,30.0,30.0,0.9174,0.7284221895626852,0.630716134598792,0.5815358067299395,0.4305435720448662,49,31,,lstm,,44,,,,mobilenetv3_native,mobilenetv3_native_full_lstm256,lstm,mobilenetv3_native_full_lstm256_seed44,,full_sequence,<RUN_ROOT>\outputs\controlled_comparison_runs\run_20260528_205727\neural_eval\mobilenetv3_native_full_lstm256_seed44
test_2,Mouse159_20151129_20-48-38,smoothed_frames,<RUN_ROOT>\outputs\controlled_comparison_runs\run_20260528_205727\neural_eval\mobilenetv3_native_full_lstm256_seed44\test_2\Mouse159_20151129_20-48-38\Mouse159_20151129_20-48-38.behavior.smoothed_frames.csv,<MARS_DATA_ROOT>\test_2\Mouse159_20151129_20-48-38\Mouse159_20151129_20-48-38_actions.annot,7408,30.0,30.0,0.8740550755939525,0.5655279502531605,0.6303030303030303,0.4484848484848485,0.2787878787878787,50,32,,lstm,,44,,,,mobilenetv3_native,mobilenetv3_native_full_lstm256,lstm,mobilenetv3_native_full_lstm256_seed44,,full_sequence,<RUN_ROOT>\outputs\controlled_comparison_runs\run_20260528_205727\neural_eval\mobilenetv3_native_full_lstm256_seed44
test_2,Mouse159_20151129_20-57-31,smoothed_frames,<RUN_ROOT>\outputs\controlled_comparison_runs\run_20260528_205727\neural_eval\mobilenetv3_native_full_lstm256_seed44\test_2\Mouse159_20151129_20-57-31\Mouse159_20151129_20-57-31.behavior.smoothed_frames.csv,<MARS_DATA_ROOT>\test_2\Mouse159_20151129_20-57-31\Mouse159_20151129_20-57-31_Front-XiaoAnn.annot,4144,30.0,30.0,0.9488416988416988,0.7744282994770959,0.75,0.75,0.65,16,10,,lstm,,44,,,,mobilenetv3_native,mobilenetv3_native_full_lstm256,lstm,mobilenetv3_native_full_lstm256_seed44,,full_sequence,<RUN_ROOT>\outputs\controlled_comparison_runs\run_20260528_205727\neural_eval\mobilenetv3_native_full_lstm256_seed44
test_2,Mouse627_20181026_17-29-36_01994-09560,smoothed_frames,<RUN_ROOT>\outputs\controlled_comparison_runs\run_20260528_205727\neural_eval\mobilenetv3_native_full_lstm256_seed44\test_2\Mouse627_20181026_17-29-36_01994-09560\Mouse627_20181026_17-29-36_01994-09560.behavior.smoothed_frames.csv,<MARS_DATA_ROOT>\test_2\Mouse627_20181026_17-29-36_01994-09560\Mouse627_20181026_17-29-36_01994-09560_XW_tk_final.annot,7552,30.0,30.0,0.880958686440678,0.8795335993605593,0.8465655664585192,0.8296164139161464,0.744870651204282,39,39,,lstm,,44,,,,mobilenetv3_native,mobilenetv3_native_full_lstm256,lstm,mobilenetv3_native_full_lstm256_seed44,,full_sequence,<RUN_ROOT>\outputs\controlled_comparison_runs\run_20260528_205727\neural_eval\mobilenetv3_native_full_lstm256_seed44
test_2,Mouse627_20181026_17-29-36_10191-15523,smoothed_frames,<RUN_ROOT>\outputs\controlled_comparison_runs\run_20260528_205727\neural_eval\mobilenetv3_native_full_lstm256_seed44\test_2\Mouse627_20181026_17-29-36_10191-15523\Mouse627_20181026_17-29-36_10191-15523.behavior.smoothed_frames.csv,<MARS_DATA_ROOT>\test_2\Mouse627_20181026_17-29-36_10191-15523\Mouse627_20181026_17-29-36_10191-15523_XW_tk_final.annot,5328,30.0,30.0,0.8415915915915916,0.7925886349936984,0.7806873977086743,0.7381342062193126,0.5548281505728314,32,29,,lstm,,44,,,,mobilenetv3_native,mobilenetv3_native_full_lstm256,lstm,mobilenetv3_native_full_lstm256_seed44,,full_sequence,<RUN_ROOT>\outputs\controlled_comparison_runs\run_20260528_205727\neural_eval\mobilenetv3_native_full_lstm256_seed44
test_2,Mouse627_20181026_17-29-36_16209-22286,smoothed_frames,<RUN_ROOT>\outputs\controlled_comparison_runs\run_20260528_205727\neural_eval\mobilenetv3_native_full_lstm256_seed44\test_2\Mouse627_20181026_17-29-36_16209-22286\Mouse627_20181026_17-29-36_16209-22286.behavior.smoothed_frames.csv,<MARS_DATA_ROOT>\test_2\Mouse627_20181026_17-29-36_16209-22286\Mouse627_20181026_17-29-36_16209-22286_XW_tk_final.annot,6064,30.0,30.0,0.8731860158311345,0.6364429374176644,0.710955710955711,0.6596736596736597,0.6083916083916083,32,30,,lstm,,44,,,,mobilenetv3_native,mobilenetv3_native_full_lstm256,lstm,mobilenetv3_native_full_lstm256_seed44,,full_sequence,<RUN_ROOT>\outputs\controlled_comparison_runs\run_20260528_205727\neural_eval\mobilenetv3_native_full_lstm256_seed44
test_2,Mouse630_20181025_18-44-29_01807-21458,smoothed_frames,<RUN_ROOT>\outputs\controlled_comparison_runs\run_20260528_205727\neural_eval\mobilenetv3_native_full_lstm256_seed44\test_2\Mouse630_20181025_18-44-29_01807-21458\Mouse630_20181025_18-44-29_01807-21458.behavior.smoothed_frames.csv,<MARS_DATA_ROOT>\test_2\Mouse630_20181025_18-44-29_01807-21458\Mouse630_20181025_18-44-29_01807-21458_XW_tk_final.annot,19648,30.0,30.0,0.8740329804560261,0.8395172249836451,0.9045762711864408,0.8745762711864407,0.7645762711864406,76,83,,lstm,,44,,,,mobilenetv3_native,mobilenetv3_native_full_lstm256,lstm,mobilenetv3_native_full_lstm256_seed44,,full_sequence,<RUN_ROOT>\outputs\controlled_comparison_runs\run_20260528_205727\neural_eval\mobilenetv3_native_full_lstm256_seed44
test_2,Mouse630_20181025_18-44-29_21460-30528,smoothed_frames,<RUN_ROOT>\outputs\controlled_comparison_runs\run_20260528_205727\neural_eval\mobilenetv3_native_full_lstm256_seed44\test_2\Mouse630_20181025_18-44-29_21460-30528\Mouse630_20181025_18-44-29_21460-30528.behavior.smoothed_frames.csv,<MARS_DATA_ROOT>\test_2\Mouse630_20181025_18-44-29_21460-30528\Mouse630_20181025_18-44-29_21460-30528_XW_tk_final.annot,9056,30.0,30.0,0.8752208480565371,0.769906302628345,0.8084772370486657,0.7676609105180534,0.6860282574568288,33,43,,lstm,,44,,,,mobilenetv3_native,mobilenetv3_native_full_lstm256,lstm,mobilenetv3_native_full_lstm256_seed44,,full_sequence,<RUN_ROOT>\outputs\controlled_comparison_runs\run_20260528_205727\neural_eval\mobilenetv3_native_full_lstm256_seed44
test_2,Mouse835-female_20200325_18-28-49_10767-24391,smoothed_frames,<RUN_ROOT>\outputs\controlled_comparison_runs\run_20260528_205727\neural_eval\mobilenetv3_native_full_lstm256_seed44\test_2\Mouse835-female_20200325_18-28-49_10767-24391\Mouse835-female_20200325_18-28-49_10767-24391.behavior.smoothed_frames.csv,<MARS_DATA_ROOT>\test_2\Mouse835-female_20200325_18-28-49_10767-24391\Mouse835-female_20200325_18-28-49_10767-24391_TK_withUSV.annot,13616,30.0,30.0,0.8890276145710928,0.8760163093940494,0.8530844155844156,0.8271103896103896,0.6217532467532467,49,45,,lstm,,44,,,,mobilenetv3_native,mobilenetv3_native_full_lstm256,lstm,mobilenetv3_native_full_lstm256_seed44,,full_sequence,<RUN_ROOT>\outputs\controlled_comparison_runs\run_20260528_205727\neural_eval\mobilenetv3_native_full_lstm256_seed44
test_2,Mouse836-female_20200322_19-33-17_00957-13323,smoothed_frames,<RUN_ROOT>\outputs\controlled_comparison_runs\run_20260528_205727\neural_eval\mobilenetv3_native_full_lstm256_seed44\test_2\Mouse836-female_20200322_19-33-17_00957-13323\Mouse836-female_20200322_19-33-17_00957-13323.behavior.smoothed_frames.csv,<MARS_DATA_ROOT>\test_2\Mouse836-female_20200322_19-33-17_00957-13323\Mouse836-female_20200322_19-33-17_00957-13323_TK_withUSV.annot,12368,30.0,30.0,0.9121119016817594,0.5785031677817678,0.5333333333333333,0.3,0.2333333333333333,43,22,,lstm,,44,,,,mobilenetv3_native,mobilenetv3_native_full_lstm256,lstm,mobilenetv3_native_full_lstm256_seed44,,full_sequence,<RUN_ROOT>\outputs\controlled_comparison_runs\run_20260528_205727\neural_eval\mobilenetv3_native_full_lstm256_seed44
test_2,Mouse836-female_20200322_19-33-17_14594-23870,smoothed_frames,<RUN_ROOT>\outputs\controlled_comparison_runs\run_20260528_205727\neural_eval\mobilenetv3_native_full_lstm256_seed44\test_2\Mouse836-female_20200322_19-33-17_14594-23870\Mouse836-female_20200322_19-33-17_14594-23870.behavior.smoothed_frames.csv,<MARS_DATA_ROOT>\test_2\Mouse836-female_20200322_19-33-17_14594-23870\Mouse836-female_20200322_19-33-17_14594-23870_TK_withUSV.annot,9264,30.0,30.0,0.8784542314335061,0.8805224463164272,0.8484848484848485,0.8333333333333334,0.7121212121212122,45,31,,lstm,,44,,,,mobilenetv3_native,mobilenetv3_native_full_lstm256,lstm,mobilenetv3_native_full_lstm256_seed44,,full_sequence,<RUN_ROOT>\outputs\controlled_comparison_runs\run_20260528_205727\neural_eval\mobilenetv3_native_full_lstm256_seed44
test_2,Mouse839-female_20200322_20-15-11_12885-24623,smoothed_frames,<RUN_ROOT>\outputs\controlled_comparison_runs\run_20260528_205727\neural_eval\mobilenetv3_native_full_lstm256_seed44\test_2\Mouse839-female_20200322_20-15-11_12885-24623\Mouse839-female_20200322_20-15-11_12885-24623.behavior.smoothed_frames.csv,<MARS_DATA_ROOT>\test_2\Mouse839-female_20200322_20-15-11_12885-24623\Mouse839-female_20200322_20-15-11_12885-24623_TK_withUSV.annot,11728,30.0,30.0,0.732605729877217,0.6757608384039212,0.6895604395604396,0.6346153846153846,0.3818681318681318,68,51,,lstm,,44,,,,mobilenetv3_native,mobilenetv3_native_full_lstm256,lstm,mobilenetv3_native_full_lstm256_seed44,,full_sequence,<RUN_ROOT>\outputs\controlled_comparison_runs\run_20260528_205727\neural_eval\mobilenetv3_native_full_lstm256_seed44
test_1,Mouse060_20160526_18-16-27,smoothed_frames,<RUN_ROOT>\outputs\controlled_comparison_runs\run_20260528_205727\neural_eval\mobilenetv3_native_full_attention256_seed42\test_1\Mouse060_20160526_18-16-27\Mouse060_20160526_18-16-27.behavior.smoothed_frames.csv,<MARS_DATA_ROOT>\test_1\Mouse060_20160526_18-16-27\Mouse060_20160526_18-16-27_anno.annot,24288,30.0,30.0,0.8850049407114624,0.7804297146171764,0.735460191981931,0.6725014116318464,0.4904009034443817,109,93,,attention,,42,,,,mobilenetv3_native,mobilenetv3_native_full_attention256,attention,mobilenetv3_native_full_attention256_seed42,,full_sequence,<RUN_ROOT>\outputs\controlled_comparison_runs\run_20260528_205727\neural_eval\mobilenetv3_native_full_attention256_seed42
test_1,Mouse061_20160526_18-38-49,smoothed_frames,<RUN_ROOT>\outputs\controlled_comparison_runs\run_20260528_205727\neural_eval\mobilenetv3_native_full_attention256_seed42\test_1\Mouse061_20160526_18-38-49\Mouse061_20160526_18-38-49.behavior.smoothed_frames.csv,<MARS_DATA_ROOT>\test_1\Mouse061_20160526_18-38-49\Mouse061_20160526_18-38-49_anno.annot,18640,30.0,30.0,0.8226394849785408,0.7802566529561858,0.5439613526570048,0.4900966183574879,0.3927536231884058,63,89,,attention,,42,,,,mobilenetv3_native,mobilenetv3_native_full_attention256,attention,mobilenetv3_native_full_attention256_seed42,,full_sequence,<RUN_ROOT>\outputs\controlled_comparison_runs\run_20260528_205727\neural_eval\mobilenetv3_native_full_attention256_seed42
test_1,Mouse062_20160526_18-56-26,smoothed_frames,<RUN_ROOT>\outputs\controlled_comparison_runs\run_20260528_205727\neural_eval\mobilenetv3_native_full_attention256_seed42\test_1\Mouse062_20160526_18-56-26\Mouse062_20160526_18-56-26.behavior.smoothed_frames.csv,<MARS_DATA_ROOT>\test_1\Mouse062_20160526_18-56-26\Mouse062_20160526_18-56-26_anno.annot,19632,30.0,30.0,0.9269050529747352,0.94075685822774,0.7333333333333334,0.7173333333333333,0.6773333333333333,79,61,,attention,,42,,,,mobilenetv3_native,mobilenetv3_native_full_attention256,attention,mobilenetv3_native_full_attention256_seed42,,full_sequence,<RUN_ROOT>\outputs\controlled_comparison_runs\run_20260528_205727\neural_eval\mobilenetv3_native_full_attention256_seed42
test_1,Mouse063_20160526_19-14-46,smoothed_frames,<RUN_ROOT>\outputs\controlled_comparison_runs\run_20260528_205727\neural_eval\mobilenetv3_native_full_attention256_seed42\test_1\Mouse063_20160526_19-14-46\Mouse063_20160526_19-14-46.behavior.smoothed_frames.csv,<MARS_DATA_ROOT>\test_1\Mouse063_20160526_19-14-46\Mouse063_20160526_19-14-46_anno.annot,19296,30.0,30.0,0.808613184079602,0.4696696985017452,0.4542343883661249,0.3764970059880239,0.2508554319931565,144,84,,attention,,42,,,,mobilenetv3_native,mobilenetv3_native_full_attention256,attention,mobilenetv3_native_full_attention256_seed42,,full_sequence,<RUN_ROOT>\outputs\controlled_comparison_runs\run_20260528_205727\neural_eval\mobilenetv3_native_full_attention256_seed42
test_1,Mouse069_20160709_16-02-03,smoothed_frames,<RUN_ROOT>\outputs\controlled_comparison_runs\run_20260528_205727\neural_eval\mobilenetv3_native_full_attention256_seed42\test_1\Mouse069_20160709_16-02-03\Mouse069_20160709_16-02-03.behavior.smoothed_frames.csv,<MARS_DATA_ROOT>\test_1\Mouse069_20160709_16-02-03\Mouse069_20160709_16-02-03_anno.annot,18496,30.0,30.0,0.9148464532871972,0.4965932005762234,0.4476190476190475,0.4035714285714285,0.2833333333333332,66,50,,attention,,42,,,,mobilenetv3_native,mobilenetv3_native_full_attention256,attention,mobilenetv3_native_full_attention256_seed42,,full_sequence,<RUN_ROOT>\outputs\controlled_comparison_runs\run_20260528_205727\neural_eval\mobilenetv3_native_full_attention256_seed42
test_1,Mouse070_20160709_16-58-36,smoothed_frames,<RUN_ROOT>\outputs\controlled_comparison_runs\run_20260528_205727\neural_eval\mobilenetv3_native_full_attention256_seed42\test_1\Mouse070_20160709_16-58-36\Mouse070_20160709_16-58-36.behavior.smoothed_frames.csv,<MARS_DATA_ROOT>\test_1\Mouse070_20160709_16-58-36\Mouse070_20160709_16-58-36_anno.annot,20192,30.0,30.0,0.7895206022187005,0.5989032717710794,0.578125,0.4548611111111111,0.2575231481481481,193,108,,attention,,42,,,,mobilenetv3_native,mobilenetv3_native_full_attention256,attention,mobilenetv3_native_full_attention256_seed42,,full_sequence,<RUN_ROOT>\outputs\controlled_comparison_runs\run_20260528_205727\neural_eval\mobilenetv3_native_full_attention256_seed42
test_1,Mouse074_20160709_19-15-23,smoothed_frames,<RUN_ROOT>\outputs\controlled_comparison_runs\run_20260528_205727\neural_eval\mobilenetv3_native_full_attention256_seed42\test_1\Mouse074_20160709_19-15-23\Mouse074_20160709_19-15-23.behavior.smoothed_frames.csv,<MARS_DATA_ROOT>\test_1\Mouse074_20160709_19-15-23\Mouse074_20160709_19-15-23_anno.annot,19376,30.0,30.0,0.8780966143682907,0.6240809328477487,0.6172526660331539,0.5668883961566888,0.3589906028930419,119,82,,attention,,42,,,,mobilenetv3_native,mobilenetv3_native_full_attention256,attention,mobilenetv3_native_full_attention256_seed42,,full_sequence,<RUN_ROOT>\outputs\controlled_comparison_runs\run_20260528_205727\neural_eval\mobilenetv3_native_full_attention256_seed42
test_1,Mouse077_20160709_18-29-34,smoothed_frames,<RUN_ROOT>\outputs\controlled_comparison_runs\run_20260528_205727\neural_eval\mobilenetv3_native_full_attention256_seed42\test_1\Mouse077_20160709_18-29-34\Mouse077_20160709_18-29-34.behavior.smoothed_frames.csv,<MARS_DATA_ROOT>\test_1\Mouse077_20160709_18-29-34\Mouse077_20160709_18-29-34_anno.annot,19952,30.0,30.0,0.7605252606255012,0.5604892277135874,0.6032978723404255,0.4787234042553191,0.247127659574468,280,155,,attention,,42,,,,mobilenetv3_native,mobilenetv3_native_full_attention256,attention,mobilenetv3_native_full_attention256_seed42,,full_sequence,<RUN_ROOT>\outputs\controlled_comparison_runs\run_20260528_205727\neural_eval\mobilenetv3_native_full_attention256_seed42
test_1,Mouse162_20161017_19-58-28,smoothed_frames,<RUN_ROOT>\outputs\controlled_comparison_runs\run_20260528_205727\neural_eval\mobilenetv3_native_full_attention256_seed42\test_1\Mouse162_20161017_19-58-28\Mouse162_20161017_19-58-28.behavior.smoothed_frames.csv,<MARS_DATA_ROOT>\test_1\Mouse162_20161017_19-58-28\Mouse162_20161017_19-58-28_TK.annot,17920,30.0,30.0,0.8740513392857143,0.7600056667296302,0.7431818181818182,0.7181818181818183,0.5522727272727272,80,63,,attention,,42,,,,mobilenetv3_native,mobilenetv3_native_full_attention256,attention,mobilenetv3_native_full_attention256_seed42,,full_sequence,<RUN_ROOT>\outputs\controlled_comparison_runs\run_20260528_205727\neural_eval\mobilenetv3_native_full_attention256_seed42
test_1,Mouse163_20161018_18-22-45,smoothed_frames,<RUN_ROOT>\outputs\controlled_comparison_runs\run_20260528_205727\neural_eval\mobilenetv3_native_full_attention256_seed42\test_1\Mouse163_20161018_18-22-45\Mouse163_20161018_18-22-45.behavior.smoothed_frames.csv,<MARS_DATA_ROOT>\test_1\Mouse163_20161018_18-22-45\Mouse163_20161018_18-22-45_TK.annot,6640,30.0,30.0,0.7871987951807229,0.3961345529654765,0.2448979591836734,0.2040816326530612,0.1224489795918367,52,14,,attention,,42,,,,mobilenetv3_native,mobilenetv3_native_full_attention256,attention,mobilenetv3_native_full_attention256_seed42,,full_sequence,<RUN_ROOT>\outputs\controlled_comparison_runs\run_20260528_205727\neural_eval\mobilenetv3_native_full_attention256_seed42
test_2,Mouse155_20151124_20-48-31,smoothed_frames,<RUN_ROOT>\outputs\controlled_comparison_runs\run_20260528_205727\neural_eval\mobilenetv3_native_full_attention256_seed42\test_2\Mouse155_20151124_20-48-31\Mouse155_20151124_20-48-31.behavior.smoothed_frames.csv,<MARS_DATA_ROOT>\test_2\Mouse155_20151124_20-48-31\Mouse155_20151124_20-48-31_Front-XiaoAnn.annot,9952,30.0,30.0,0.9492564308681672,0.822737111373475,0.7188940092165899,0.6543778801843317,0.6221198156682027,25,13,,attention,,42,,,,mobilenetv3_native,mobilenetv3_native_full_attention256,attention,mobilenetv3_native_full_attention256_seed42,,full_sequence,<RUN_ROOT>\outputs\controlled_comparison_runs\run_20260528_205727\neural_eval\mobilenetv3_native_full_attention256_seed42
test_2,Mouse155_20151124_20-56-05,smoothed_frames,<RUN_ROOT>\outputs\controlled_comparison_runs\run_20260528_205727\neural_eval\mobilenetv3_native_full_attention256_seed42\test_2\Mouse155_20151124_20-56-05\Mouse155_20151124_20-56-05.behavior.smoothed_frames.csv,<MARS_DATA_ROOT>\test_2\Mouse155_20151124_20-56-05\Mouse155_20151124_20-56-05_bhvr.annot,10384,30.0,30.0,0.8966679506933745,0.6894439843788889,0.7516483516483516,0.6659340659340659,0.5131868131868131,58,38,,attention,,42,,,,mobilenetv3_native,mobilenetv3_native_full_attention256,attention,mobilenetv3_native_full_attention256_seed42,,full_sequence,<RUN_ROOT>\outputs\controlled_comparison_runs\run_20260528_205727\neural_eval\mobilenetv3_native_full_attention256_seed42
test_2,Mouse155_20151124_21-11-28,smoothed_frames,<RUN_ROOT>\outputs\controlled_comparison_runs\run_20260528_205727\neural_eval\mobilenetv3_native_full_attention256_seed42\test_2\Mouse155_20151124_21-11-28\Mouse155_20151124_21-11-28.behavior.smoothed_frames.csv,<MARS_DATA_ROOT>\test_2\Mouse155_20151124_21-11-28\Mouse155_20151124_21-11-28_bhvr.annot,6688,30.0,30.0,0.8971291866028708,0.7108184445612191,0.5897435897435896,0.5641025641025641,0.3247863247863248,32,16,,attention,,42,,,,mobilenetv3_native,mobilenetv3_native_full_attention256,attention,mobilenetv3_native_full_attention256_seed42,,full_sequence,<RUN_ROOT>\outputs\controlled_comparison_runs\run_20260528_205727\neural_eval\mobilenetv3_native_full_attention256_seed42
test_2,Mouse155_20151129_22-41-43,smoothed_frames,<RUN_ROOT>\outputs\controlled_comparison_runs\run_20260528_205727\neural_eval\mobilenetv3_native_full_attention256_seed42\test_2\Mouse155_20151129_22-41-43\Mouse155_20151129_22-41-43.behavior.smoothed_frames.csv,<MARS_DATA_ROOT>\test_2\Mouse155_20151129_22-41-43\Mouse155_20151129_22-41-43_actions.annot,4816,30.0,30.0,0.7983803986710963,0.5525237973951649,0.5151515151515151,0.5,0.4393939393939394,33,16,,attention,,42,,,,mobilenetv3_native,mobilenetv3_native_full_attention256,attention,mobilenetv3_native_full_attention256_seed42,,full_sequence,<RUN_ROOT>\outputs\controlled_comparison_runs\run_20260528_205727\neural_eval\mobilenetv3_native_full_attention256_seed42
test_2,Mouse156_20151012_20-16-37,smoothed_frames,<RUN_ROOT>\outputs\controlled_comparison_runs\run_20260528_205727\neural_eval\mobilenetv3_native_full_attention256_seed42\test_2\Mouse156_20151012_20-16-37\Mouse156_20151012_20-16-37.behavior.smoothed_frames.csv,<MARS_DATA_ROOT>\test_2\Mouse156_20151012_20-16-37\Mouse156_20151012_20-16-37_Front-XiaoAnn.annot,10272,30.0,30.0,0.7666471962616822,0.6188531652272754,0.6173760825502119,0.5528837295006449,0.4388243965358393,123,69,,attention,,42,,,,mobilenetv3_native,mobilenetv3_native_full_attention256,attention,mobilenetv3_native_full_attention256_seed42,,full_sequence,<RUN_ROOT>\outputs\controlled_comparison_runs\run_20260528_205727\neural_eval\mobilenetv3_native_full_attention256_seed42
test_2,Mouse156_20151124_21-53-46,smoothed_frames,<RUN_ROOT>\outputs\controlled_comparison_runs\run_20260528_205727\neural_eval\mobilenetv3_native_full_attention256_seed42\test_2\Mouse156_20151124_21-53-46\Mouse156_20151124_21-53-46.behavior.smoothed_frames.csv,<MARS_DATA_ROOT>\test_2\Mouse156_20151124_21-53-46\Mouse156_20151124_21-53-46_bhvr.annot,5648,30.0,30.0,0.859242209631728,0.444023569023569,0.5391304347826087,0.4956521739130435,0.05,43,24,,attention,,42,,,,mobilenetv3_native,mobilenetv3_native_full_attention256,attention,mobilenetv3_native_full_attention256_seed42,,full_sequence,<RUN_ROOT>\outputs\controlled_comparison_runs\run_20260528_205727\neural_eval\mobilenetv3_native_full_attention256_seed42
test_2,Mouse158_20151129_21-12-54,smoothed_frames,<RUN_ROOT>\outputs\controlled_comparison_runs\run_20260528_205727\neural_eval\mobilenetv3_native_full_attention256_seed42\test_2\Mouse158_20151129_21-12-54\Mouse158_20151129_21-12-54.behavior.smoothed_frames.csv,<MARS_DATA_ROOT>\test_2\Mouse158_20151129_21-12-54\Mouse158_20151129_21-12-54_bhvr.annot,10000,30.0,30.0,0.9117,0.7268636820253087,0.646875,0.6000000000000001,0.409375,49,35,,attention,,42,,,,mobilenetv3_native,mobilenetv3_native_full_attention256,attention,mobilenetv3_native_full_attention256_seed42,,full_sequence,<RUN_ROOT>\outputs\controlled_comparison_runs\run_20260528_205727\neural_eval\mobilenetv3_native_full_attention256_seed42
test_2,Mouse159_20151129_20-48-38,smoothed_frames,<RUN_ROOT>\outputs\controlled_comparison_runs\run_20260528_205727\neural_eval\mobilenetv3_native_full_attention256_seed42\test_2\Mouse159_20151129_20-48-38\Mouse159_20151129_20-48-38.behavior.smoothed_frames.csv,<MARS_DATA_ROOT>\test_2\Mouse159_20151129_20-48-38\Mouse159_20151129_20-48-38_actions.annot,7408,30.0,30.0,0.8884989200863931,0.6412004389679394,0.6672278338945006,0.6425364758698092,0.3411896745230078,50,30,,attention,,42,,,,mobilenetv3_native,mobilenetv3_native_full_attention256,attention,mobilenetv3_native_full_attention256_seed42,,full_sequence,<RUN_ROOT>\outputs\controlled_comparison_runs\run_20260528_205727\neural_eval\mobilenetv3_native_full_attention256_seed42
test_2,Mouse159_20151129_20-57-31,smoothed_frames,<RUN_ROOT>\outputs\controlled_comparison_runs\run_20260528_205727\neural_eval\mobilenetv3_native_full_attention256_seed42\test_2\Mouse159_20151129_20-57-31\Mouse159_20151129_20-57-31.behavior.smoothed_frames.csv,<MARS_DATA_ROOT>\test_2\Mouse159_20151129_20-57-31\Mouse159_20151129_20-57-31_Front-XiaoAnn.annot,4144,30.0,30.0,0.9418436293436292,0.7521621722520191,0.75,0.75,0.6,16,10,,attention,,42,,,,mobilenetv3_native,mobilenetv3_native_full_attention256,attention,mobilenetv3_native_full_attention256_seed42,,full_sequence,<RUN_ROOT>\outputs\controlled_comparison_runs\run_20260528_205727\neural_eval\mobilenetv3_native_full_attention256_seed42
test_2,Mouse627_20181026_17-29-36_01994-09560,smoothed_frames,<RUN_ROOT>\outputs\controlled_comparison_runs\run_20260528_205727\neural_eval\mobilenetv3_native_full_attention256_seed42\test_2\Mouse627_20181026_17-29-36_01994-09560\Mouse627_20181026_17-29-36_01994-09560.behavior.smoothed_frames.csv,<MARS_DATA_ROOT>\test_2\Mouse627_20181026_17-29-36_01994-09560\Mouse627_20181026_17-29-36_01994-09560_XW_tk_final.annot,7552,30.0,30.0,0.8873146186440678,0.871165744150844,0.852994555353902,0.852994555353902,0.7667876588021778,39,38,,attention,,42,,,,mobilenetv3_native,mobilenetv3_native_full_attention256,attention,mobilenetv3_native_full_attention256_seed42,,full_sequence,<RUN_ROOT>\outputs\controlled_comparison_runs\run_20260528_205727\neural_eval\mobilenetv3_native_full_attention256_seed42
test_2,Mouse627_20181026_17-29-36_10191-15523,smoothed_frames,<RUN_ROOT>\outputs\controlled_comparison_runs\run_20260528_205727\neural_eval\mobilenetv3_native_full_attention256_seed42\test_2\Mouse627_20181026_17-29-36_10191-15523\Mouse627_20181026_17-29-36_10191-15523.behavior.smoothed_frames.csv,<MARS_DATA_ROOT>\test_2\Mouse627_20181026_17-29-36_10191-15523\Mouse627_20181026_17-29-36_10191-15523_XW_tk_final.annot,5328,30.0,30.0,0.8322072072072072,0.7833940718304762,0.8043478260869565,0.7608695652173914,0.5688405797101449,32,28,,attention,,42,,,,mobilenetv3_native,mobilenetv3_native_full_attention256,attention,mobilenetv3_native_full_attention256_seed42,,full_sequence,<RUN_ROOT>\outputs\controlled_comparison_runs\run_20260528_205727\neural_eval\mobilenetv3_native_full_attention256_seed42
test_2,Mouse627_20181026_17-29-36_16209-22286,smoothed_frames,<RUN_ROOT>\outputs\controlled_comparison_runs\run_20260528_205727\neural_eval\mobilenetv3_native_full_attention256_seed42\test_2\Mouse627_20181026_17-29-36_16209-22286\Mouse627_20181026_17-29-36_16209-22286.behavior.smoothed_frames.csv,<MARS_DATA_ROOT>\test_2\Mouse627_20181026_17-29-36_16209-22286\Mouse627_20181026_17-29-36_16209-22286_XW_tk_final.annot,6064,30.0,30.0,0.8746701846965699,0.6755900374311032,0.770334928229665,0.7177033492822966,0.6196172248803828,32,30,,attention,,42,,,,mobilenetv3_native,mobilenetv3_native_full_attention256,attention,mobilenetv3_native_full_attention256_seed42,,full_sequence,<RUN_ROOT>\outputs\controlled_comparison_runs\run_20260528_205727\neural_eval\mobilenetv3_native_full_attention256_seed42
test_2,Mouse630_20181025_18-44-29_01807-21458,smoothed_frames,<RUN_ROOT>\outputs\controlled_comparison_runs\run_20260528_205727\neural_eval\mobilenetv3_native_full_attention256_seed42\test_2\Mouse630_20181025_18-44-29_01807-21458\Mouse630_20181025_18-44-29_01807-21458.behavior.smoothed_frames.csv,<MARS_DATA_ROOT>\test_2\Mouse630_20181025_18-44-29_01807-21458\Mouse630_20181025_18-44-29_01807-21458_XW_tk_final.annot,19648,30.0,30.0,0.8745419381107492,0.8377559979218944,0.8912598156367361,0.8516558552406964,0.7453055650392626,76,83,,attention,,42,,,,mobilenetv3_native,mobilenetv3_native_full_attention256,attention,mobilenetv3_native_full_attention256_seed42,,full_sequence,<RUN_ROOT>\outputs\controlled_comparison_runs\run_20260528_205727\neural_eval\mobilenetv3_native_full_attention256_seed42
test_2,Mouse630_20181025_18-44-29_21460-30528,smoothed_frames,<RUN_ROOT>\outputs\controlled_comparison_runs\run_20260528_205727\neural_eval\mobilenetv3_native_full_attention256_seed42\test_2\Mouse630_20181025_18-44-29_21460-30528\Mouse630_20181025_18-44-29_21460-30528.behavior.smoothed_frames.csv,<MARS_DATA_ROOT>\test_2\Mouse630_20181025_18-44-29_21460-30528\Mouse630_20181025_18-44-29_21460-30528_XW_tk_final.annot,9056,30.0,30.0,0.8820671378091873,0.787192047379001,0.8629787234042554,0.8629787234042554,0.7353191489361703,33,39,,attention,,42,,,,mobilenetv3_native,mobilenetv3_native_full_attention256,attention,mobilenetv3_native_full_attention256_seed42,,full_sequence,<RUN_ROOT>\outputs\controlled_comparison_runs\run_20260528_205727\neural_eval\mobilenetv3_native_full_attention256_seed42
test_2,Mouse835-female_20200325_18-28-49_10767-24391,smoothed_frames,<RUN_ROOT>\outputs\controlled_comparison_runs\run_20260528_205727\neural_eval\mobilenetv3_native_full_attention256_seed42\test_2\Mouse835-female_20200325_18-28-49_10767-24391\Mouse835-female_20200325_18-28-49_10767-24391.behavior.smoothed_frames.csv,<MARS_DATA_ROOT>\test_2\Mouse835-female_20200325_18-28-49_10767-24391\Mouse835-female_20200325_18-28-49_10767-24391_TK_withUSV.annot,13616,30.0,30.0,0.8534811985898942,0.8070273920304759,0.7529411764705882,0.7262745098039216,0.4219607843137255,49,44,,attention,,42,,,,mobilenetv3_native,mobilenetv3_native_full_attention256,attention,mobilenetv3_native_full_attention256_seed42,,full_sequence,<RUN_ROOT>\outputs\controlled_comparison_runs\run_20260528_205727\neural_eval\mobilenetv3_native_full_attention256_seed42
test_2,Mouse836-female_20200322_19-33-17_00957-13323,smoothed_frames,<RUN_ROOT>\outputs\controlled_comparison_runs\run_20260528_205727\neural_eval\mobilenetv3_native_full_attention256_seed42\test_2\Mouse836-female_20200322_19-33-17_00957-13323\Mouse836-female_20200322_19-33-17_00957-13323.behavior.smoothed_frames.csv,<MARS_DATA_ROOT>\test_2\Mouse836-female_20200322_19-33-17_00957-13323\Mouse836-female_20200322_19-33-17_00957-13323_TK_withUSV.annot,12368,30.0,30.0,0.9119501940491592,0.4651787427255867,0.3492063492063491,0.3015873015873015,0.2539682539682539,43,24,,attention,,42,,,,mobilenetv3_native,mobilenetv3_native_full_attention256,attention,mobilenetv3_native_full_attention256_seed42,,full_sequence,<RUN_ROOT>\outputs\controlled_comparison_runs\run_20260528_205727\neural_eval\mobilenetv3_native_full_attention256_seed42
test_2,Mouse836-female_20200322_19-33-17_14594-23870,smoothed_frames,<RUN_ROOT>\outputs\controlled_comparison_runs\run_20260528_205727\neural_eval\mobilenetv3_native_full_attention256_seed42\test_2\Mouse836-female_20200322_19-33-17_14594-23870\Mouse836-female_20200322_19-33-17_14594-23870.behavior.smoothed_frames.csv,<MARS_DATA_ROOT>\test_2\Mouse836-female_20200322_19-33-17_14594-23870\Mouse836-female_20200322_19-33-17_14594-23870_TK_withUSV.annot,9264,30.0,30.0,0.8725172711571675,0.8199108241320144,0.8136752136752137,0.7982905982905983,0.5487179487179487,45,29,,attention,,42,,,,mobilenetv3_native,mobilenetv3_native_full_attention256,attention,mobilenetv3_native_full_attention256_seed42,,full_sequence,<RUN_ROOT>\outputs\controlled_comparison_runs\run_20260528_205727\neural_eval\mobilenetv3_native_full_attention256_seed42
test_2,Mouse839-female_20200322_20-15-11_12885-24623,smoothed_frames,<RUN_ROOT>\outputs\controlled_comparison_runs\run_20260528_205727\neural_eval\mobilenetv3_native_full_attention256_seed42\test_2\Mouse839-female_20200322_20-15-11_12885-24623\Mouse839-female_20200322_20-15-11_12885-24623.behavior.smoothed_frames.csv,<MARS_DATA_ROOT>\test_2\Mouse839-female_20200322_20-15-11_12885-24623\Mouse839-female_20200322_20-15-11_12885-24623_TK_withUSV.annot,11728,30.0,30.0,0.6817019099590723,0.5367850063074429,0.5174418604651163,0.436046511627907,0.2546511627906976,68,38,,attention,,42,,,,mobilenetv3_native,mobilenetv3_native_full_attention256,attention,mobilenetv3_native_full_attention256_seed42,,full_sequence,<RUN_ROOT>\outputs\controlled_comparison_runs\run_20260528_205727\neural_eval\mobilenetv3_native_full_attention256_seed42
test_1,Mouse060_20160526_18-16-27,smoothed_frames,<RUN_ROOT>\outputs\controlled_comparison_runs\run_20260528_205727\neural_eval\mobilenetv3_native_full_attention256_seed43\test_1\Mouse060_20160526_18-16-27\Mouse060_20160526_18-16-27.behavior.smoothed_frames.csv,<MARS_DATA_ROOT>\test_1\Mouse060_20160526_18-16-27\Mouse060_20160526_18-16-27_anno.annot,24288,30.0,30.0,0.9168313570487484,0.8526948756533987,0.7847358121330724,0.75062901873078,0.6343304445065697,109,90,,attention,,43,,,,mobilenetv3_native,mobilenetv3_native_full_attention256,attention,mobilenetv3_native_full_attention256_seed43,,full_sequence,<RUN_ROOT>\outputs\controlled_comparison_runs\run_20260528_205727\neural_eval\mobilenetv3_native_full_attention256_seed43
test_1,Mouse061_20160526_18-38-49,smoothed_frames,<RUN_ROOT>\outputs\controlled_comparison_runs\run_20260528_205727\neural_eval\mobilenetv3_native_full_attention256_seed43\test_1\Mouse061_20160526_18-38-49\Mouse061_20160526_18-38-49.behavior.smoothed_frames.csv,<MARS_DATA_ROOT>\test_1\Mouse061_20160526_18-38-49\Mouse061_20160526_18-38-49_anno.annot,18640,30.0,30.0,0.9310085836909872,0.9268464963807512,0.8377551020408163,0.8275510204081633,0.7969387755102041,63,56,,attention,,43,,,,mobilenetv3_native,mobilenetv3_native_full_attention256,attention,mobilenetv3_native_full_attention256_seed43,,full_sequence,<RUN_ROOT>\outputs\controlled_comparison_runs\run_20260528_205727\neural_eval\mobilenetv3_native_full_attention256_seed43
test_1,Mouse062_20160526_18-56-26,smoothed_frames,<RUN_ROOT>\outputs\controlled_comparison_runs\run_20260528_205727\neural_eval\mobilenetv3_native_full_attention256_seed43\test_1\Mouse062_20160526_18-56-26\Mouse062_20160526_18-56-26.behavior.smoothed_frames.csv,<MARS_DATA_ROOT>\test_1\Mouse062_20160526_18-56-26\Mouse062_20160526_18-56-26_anno.annot,19632,30.0,30.0,0.9427974735126324,0.9547213511430755,0.7587176602924635,0.7587176602924635,0.7193475815523058,79,64,,attention,,43,,,,mobilenetv3_native,mobilenetv3_native_full_attention256,attention,mobilenetv3_native_full_attention256_seed43,,full_sequence,<RUN_ROOT>\outputs\controlled_comparison_runs\run_20260528_205727\neural_eval\mobilenetv3_native_full_attention256_seed43
test_1,Mouse063_20160526_19-14-46,smoothed_frames,<RUN_ROOT>\outputs\controlled_comparison_runs\run_20260528_205727\neural_eval\mobilenetv3_native_full_attention256_seed43\test_1\Mouse063_20160526_19-14-46\Mouse063_20160526_19-14-46.behavior.smoothed_frames.csv,<MARS_DATA_ROOT>\test_1\Mouse063_20160526_19-14-46\Mouse063_20160526_19-14-46_anno.annot,19296,30.0,30.0,0.876762023217247,0.7117921816613968,0.557135945815191,0.5319787131107885,0.3823899371069182,144,89,,attention,,43,,,,mobilenetv3_native,mobilenetv3_native_full_attention256,attention,mobilenetv3_native_full_attention256_seed43,,full_sequence,<RUN_ROOT>\outputs\controlled_comparison_runs\run_20260528_205727\neural_eval\mobilenetv3_native_full_attention256_seed43
test_1,Mouse069_20160709_16-02-03,smoothed_frames,<RUN_ROOT>\outputs\controlled_comparison_runs\run_20260528_205727\neural_eval\mobilenetv3_native_full_attention256_seed43\test_1\Mouse069_20160709_16-02-03\Mouse069_20160709_16-02-03.behavior.smoothed_frames.csv,<MARS_DATA_ROOT>\test_1\Mouse069_20160709_16-02-03\Mouse069_20160709_16-02-03_anno.annot,18496,30.0,30.0,0.9189554498269896,0.5101732565287777,0.443272386310361,0.4179559306141585,0.2376933895921237,66,50,,attention,,43,,,,mobilenetv3_native,mobilenetv3_native_full_attention256,attention,mobilenetv3_native_full_attention256_seed43,,full_sequence,<RUN_ROOT>\outputs\controlled_comparison_runs\run_20260528_205727\neural_eval\mobilenetv3_native_full_attention256_seed43
test_1,Mouse070_20160709_16-58-36,smoothed_frames,<RUN_ROOT>\outputs\controlled_comparison_runs\run_20260528_205727\neural_eval\mobilenetv3_native_full_attention256_seed43\test_1\Mouse070_20160709_16-58-36\Mouse070_20160709_16-58-36.behavior.smoothed_frames.csv,<MARS_DATA_ROOT>\test_1\Mouse070_20160709_16-58-36\Mouse070_20160709_16-58-36_anno.annot,20192,30.0,30.0,0.8265154516640254,0.6044696813816803,0.5419511690461412,0.4546348024001655,0.2450341402855369,193,95,,attention,,43,,,,mobilenetv3_native,mobilenetv3_native_full_attention256,attention,mobilenetv3_native_full_attention256_seed43,,full_sequence,<RUN_ROOT>\outputs\controlled_comparison_runs\run_20260528_205727\neural_eval\mobilenetv3_native_full_attention256_seed43
test_1,Mouse074_20160709_19-15-23,smoothed_frames,<RUN_ROOT>\outputs\controlled_comparison_runs\run_20260528_205727\neural_eval\mobilenetv3_native_full_attention256_seed43\test_1\Mouse074_20160709_19-15-23\Mouse074_20160709_19-15-23.behavior.smoothed_frames.csv,<MARS_DATA_ROOT>\test_1\Mouse074_20160709_19-15-23\Mouse074_20160709_19-15-23_anno.annot,19376,30.0,30.0,0.8975536746490503,0.6050810487617242,0.5712074303405572,0.5252837977296181,0.3348813209494324,119,61,,attention,,43,,,,mobilenetv3_native,mobilenetv3_native_full_attention256,attention,mobilenetv3_native_full_attention256_seed43,,full_sequence,<RUN_ROOT>\outputs\controlled_comparison_runs\run_20260528_205727\neural_eval\mobilenetv3_native_full_attention256_seed43
test_1,Mouse077_20160709_18-29-34,smoothed_frames,<RUN_ROOT>\outputs\controlled_comparison_runs\run_20260528_205727\neural_eval\mobilenetv3_native_full_attention256_seed43\test_1\Mouse077_20160709_18-29-34\Mouse077_20160709_18-29-34.behavior.smoothed_frames.csv,<MARS_DATA_ROOT>\test_1\Mouse077_20160709_18-29-34\Mouse077_20160709_18-29-34_anno.annot,19952,30.0,30.0,0.7898456295108259,0.564153745299141,0.57579185520362,0.4947209653092006,0.2643288084464555,280,146,,attention,,43,,,,mobilenetv3_native,mobilenetv3_native_full_attention256,attention,mobilenetv3_native_full_attention256_seed43,,full_sequence,<RUN_ROOT>\outputs\controlled_comparison_runs\run_20260528_205727\neural_eval\mobilenetv3_native_full_attention256_seed43
test_1,Mouse162_20161017_19-58-28,smoothed_frames,<RUN_ROOT>\outputs\controlled_comparison_runs\run_20260528_205727\neural_eval\mobilenetv3_native_full_attention256_seed43\test_1\Mouse162_20161017_19-58-28\Mouse162_20161017_19-58-28.behavior.smoothed_frames.csv,<MARS_DATA_ROOT>\test_1\Mouse162_20161017_19-58-28\Mouse162_20161017_19-58-28_TK.annot,17920,30.0,30.0,0.8149553571428572,0.6942022228052184,0.6932367149758454,0.6773636991028296,0.4082125603864734,80,72,,attention,,43,,,,mobilenetv3_native,mobilenetv3_native_full_attention256,attention,mobilenetv3_native_full_attention256_seed43,,full_sequence,<RUN_ROOT>\outputs\controlled_comparison_runs\run_20260528_205727\neural_eval\mobilenetv3_native_full_attention256_seed43
test_1,Mouse163_20161018_18-22-45,smoothed_frames,<RUN_ROOT>\outputs\controlled_comparison_runs\run_20260528_205727\neural_eval\mobilenetv3_native_full_attention256_seed43\test_1\Mouse163_20161018_18-22-45\Mouse163_20161018_18-22-45.behavior.smoothed_frames.csv,<MARS_DATA_ROOT>\test_1\Mouse163_20161018_18-22-45\Mouse163_20161018_18-22-45_TK.annot,6640,30.0,30.0,0.8335843373493976,0.6501536849381853,0.5816242821985234,0.5438884331419196,0.3625922887612797,52,24,,attention,,43,,,,mobilenetv3_native,mobilenetv3_native_full_attention256,attention,mobilenetv3_native_full_attention256_seed43,,full_sequence,<RUN_ROOT>\outputs\controlled_comparison_runs\run_20260528_205727\neural_eval\mobilenetv3_native_full_attention256_seed43
test_2,Mouse155_20151124_20-48-31,smoothed_frames,<RUN_ROOT>\outputs\controlled_comparison_runs\run_20260528_205727\neural_eval\mobilenetv3_native_full_attention256_seed43\test_2\Mouse155_20151124_20-48-31\Mouse155_20151124_20-48-31.behavior.smoothed_frames.csv,<MARS_DATA_ROOT>\test_2\Mouse155_20151124_20-48-31\Mouse155_20151124_20-48-31_Front-XiaoAnn.annot,9952,30.0,30.0,0.9677451768488746,0.857260686945329,0.8,0.8,0.7333333333333333,25,14,,attention,,43,,,,mobilenetv3_native,mobilenetv3_native_full_attention256,attention,mobilenetv3_native_full_attention256_seed43,,full_sequence,<RUN_ROOT>\outputs\controlled_comparison_runs\run_20260528_205727\neural_eval\mobilenetv3_native_full_attention256_seed43
test_2,Mouse155_20151124_20-56-05,smoothed_frames,<RUN_ROOT>\outputs\controlled_comparison_runs\run_20260528_205727\neural_eval\mobilenetv3_native_full_attention256_seed43\test_2\Mouse155_20151124_20-56-05\Mouse155_20151124_20-56-05.behavior.smoothed_frames.csv,<MARS_DATA_ROOT>\test_2\Mouse155_20151124_20-56-05\Mouse155_20151124_20-56-05_bhvr.annot,10384,30.0,30.0,0.915157935285054,0.6869533728518684,0.6889632107023411,0.6454849498327759,0.3901895206243032,58,39,,attention,,43,,,,mobilenetv3_native,mobilenetv3_native_full_attention256,attention,mobilenetv3_native_full_attention256_seed43,,full_sequence,<RUN_ROOT>\outputs\controlled_comparison_runs\run_20260528_205727\neural_eval\mobilenetv3_native_full_attention256_seed43
test_2,Mouse155_20151124_21-11-28,smoothed_frames,<RUN_ROOT>\outputs\controlled_comparison_runs\run_20260528_205727\neural_eval\mobilenetv3_native_full_attention256_seed43\test_2\Mouse155_20151124_21-11-28\Mouse155_20151124_21-11-28.behavior.smoothed_frames.csv,<MARS_DATA_ROOT>\test_2\Mouse155_20151124_21-11-28\Mouse155_20151124_21-11-28_bhvr.annot,6688,30.0,30.0,0.9144736842105264,0.7621442313565014,0.6631578947368422,0.6105263157894738,0.4578947368421052,32,18,,attention,,43,,,,mobilenetv3_native,mobilenetv3_native_full_attention256,attention,mobilenetv3_native_full_attention256_seed43,,full_sequence,<RUN_ROOT>\outputs\controlled_comparison_runs\run_20260528_205727\neural_eval\mobilenetv3_native_full_attention256_seed43
test_2,Mouse155_20151129_22-41-43,smoothed_frames,<RUN_ROOT>\outputs\controlled_comparison_runs\run_20260528_205727\neural_eval\mobilenetv3_native_full_attention256_seed43\test_2\Mouse155_20151129_22-41-43\Mouse155_20151129_22-41-43.behavior.smoothed_frames.csv,<MARS_DATA_ROOT>\test_2\Mouse155_20151129_22-41-43\Mouse155_20151129_22-41-43_actions.annot,4816,30.0,30.0,0.8071013289036545,0.7962435208031612,0.923076923076923,0.8717948717948718,0.7948717948717948,33,25,,attention,,43,,,,mobilenetv3_native,mobilenetv3_native_full_attention256,attention,mobilenetv3_native_full_attention256_seed43,,full_sequence,<RUN_ROOT>\outputs\controlled_comparison_runs\run_20260528_205727\neural_eval\mobilenetv3_native_full_attention256_seed43
test_2,Mouse156_20151012_20-16-37,smoothed_frames,<RUN_ROOT>\outputs\controlled_comparison_runs\run_20260528_205727\neural_eval\mobilenetv3_native_full_attention256_seed43\test_2\Mouse156_20151012_20-16-37\Mouse156_20151012_20-16-37.behavior.smoothed_frames.csv,<MARS_DATA_ROOT>\test_2\Mouse156_20151012_20-16-37\Mouse156_20151012_20-16-37_Front-XiaoAnn.annot,10272,30.0,30.0,0.7856308411214953,0.6153367052971084,0.6966183574879228,0.6288976723759331,0.3750548967940272,123,76,,attention,,43,,,,mobilenetv3_native,mobilenetv3_native_full_attention256,attention,mobilenetv3_native_full_attention256_seed43,,full_sequence,<RUN_ROOT>\outputs\controlled_comparison_runs\run_20260528_205727\neural_eval\mobilenetv3_native_full_attention256_seed43
test_2,Mouse156_20151124_21-53-46,smoothed_frames,<RUN_ROOT>\outputs\controlled_comparison_runs\run_20260528_205727\neural_eval\mobilenetv3_native_full_attention256_seed43\test_2\Mouse156_20151124_21-53-46\Mouse156_20151124_21-53-46.behavior.smoothed_frames.csv,<MARS_DATA_ROOT>\test_2\Mouse156_20151124_21-53-46\Mouse156_20151124_21-53-46_bhvr.annot,5648,30.0,30.0,0.8960694050991501,0.4494534444793959,0.4426450742240215,0.3373819163292847,0.1282051282051282,43,20,,attention,,43,,,,mobilenetv3_native,mobilenetv3_native_full_attention256,attention,mobilenetv3_native_full_attention256_seed43,,full_sequence,<RUN_ROOT>\outputs\controlled_comparison_runs\run_20260528_205727\neural_eval\mobilenetv3_native_full_attention256_seed43
test_2,Mouse158_20151129_21-12-54,smoothed_frames,<RUN_ROOT>\outputs\controlled_comparison_runs\run_20260528_205727\neural_eval\mobilenetv3_native_full_attention256_seed43\test_2\Mouse158_20151129_21-12-54\Mouse158_20151129_21-12-54.behavior.smoothed_frames.csv,<MARS_DATA_ROOT>\test_2\Mouse158_20151129_21-12-54\Mouse158_20151129_21-12-54_bhvr.annot,10000,30.0,30.0,0.9308,0.7503949332071489,0.6666666666666667,0.6000000000000001,0.4,49,31,,attention,,43,,,,mobilenetv3_native,mobilenetv3_native_full_attention256,attention,mobilenetv3_native_full_attention256_seed43,,full_sequence,<RUN_ROOT>\outputs\controlled_comparison_runs\run_20260528_205727\neural_eval\mobilenetv3_native_full_attention256_seed43
test_2,Mouse159_20151129_20-48-38,smoothed_frames,<RUN_ROOT>\outputs\controlled_comparison_runs\run_20260528_205727\neural_eval\mobilenetv3_native_full_attention256_seed43\test_2\Mouse159_20151129_20-48-38\Mouse159_20151129_20-48-38.behavior.smoothed_frames.csv,<MARS_DATA_ROOT>\test_2\Mouse159_20151129_20-48-38\Mouse159_20151129_20-48-38_actions.annot,7408,30.0,30.0,0.89457343412527,0.611734828653378,0.6066666666666667,0.5933333333333334,0.2133333333333333,50,24,,attention,,43,,,,mobilenetv3_native,mobilenetv3_native_full_attention256,attention,mobilenetv3_native_full_attention256_seed43,,full_sequence,<RUN_ROOT>\outputs\controlled_comparison_runs\run_20260528_205727\neural_eval\mobilenetv3_native_full_attention256_seed43
test_2,Mouse159_20151129_20-57-31,smoothed_frames,<RUN_ROOT>\outputs\controlled_comparison_runs\run_20260528_205727\neural_eval\mobilenetv3_native_full_attention256_seed43\test_2\Mouse159_20151129_20-57-31\Mouse159_20151129_20-57-31.behavior.smoothed_frames.csv,<MARS_DATA_ROOT>\test_2\Mouse159_20151129_20-57-31\Mouse159_20151129_20-57-31_Front-XiaoAnn.annot,4144,30.0,30.0,0.9657335907335908,0.8002689806370789,0.6875,0.6875,0.6875,16,6,,attention,,43,,,,mobilenetv3_native,mobilenetv3_native_full_attention256,attention,mobilenetv3_native_full_attention256_seed43,,full_sequence,<RUN_ROOT>\outputs\controlled_comparison_runs\run_20260528_205727\neural_eval\mobilenetv3_native_full_attention256_seed43
test_2,Mouse627_20181026_17-29-36_01994-09560,smoothed_frames,<RUN_ROOT>\outputs\controlled_comparison_runs\run_20260528_205727\neural_eval\mobilenetv3_native_full_attention256_seed43\test_2\Mouse627_20181026_17-29-36_01994-09560\Mouse627_20181026_17-29-36_01994-09560.behavior.smoothed_frames.csv,<MARS_DATA_ROOT>\test_2\Mouse627_20181026_17-29-36_01994-09560\Mouse627_20181026_17-29-36_01994-09560_XW_tk_final.annot,7552,30.0,30.0,0.90625,0.8831264246757287,0.8421052631578947,0.8421052631578947,0.7543859649122808,39,37,,attention,,43,,,,mobilenetv3_native,mobilenetv3_native_full_attention256,attention,mobilenetv3_native_full_attention256_seed43,,full_sequence,<RUN_ROOT>\outputs\controlled_comparison_runs\run_20260528_205727\neural_eval\mobilenetv3_native_full_attention256_seed43
test_2,Mouse627_20181026_17-29-36_10191-15523,smoothed_frames,<RUN_ROOT>\outputs\controlled_comparison_runs\run_20260528_205727\neural_eval\mobilenetv3_native_full_attention256_seed43\test_2\Mouse627_20181026_17-29-36_10191-15523\Mouse627_20181026_17-29-36_10191-15523.behavior.smoothed_frames.csv,<MARS_DATA_ROOT>\test_2\Mouse627_20181026_17-29-36_10191-15523\Mouse627_20181026_17-29-36_10191-15523_XW_tk_final.annot,5328,30.0,30.0,0.8483483483483484,0.79023481675718,0.7594108019639934,0.7168576104746318,0.6530278232405892,32,30,,attention,,43,,,,mobilenetv3_native,mobilenetv3_native_full_attention256,attention,mobilenetv3_native_full_attention256_seed43,,full_sequence,<RUN_ROOT>\outputs\controlled_comparison_runs\run_20260528_205727\neural_eval\mobilenetv3_native_full_attention256_seed43
test_2,Mouse627_20181026_17-29-36_16209-22286,smoothed_frames,<RUN_ROOT>\outputs\controlled_comparison_runs\run_20260528_205727\neural_eval\mobilenetv3_native_full_attention256_seed43\test_2\Mouse627_20181026_17-29-36_16209-22286\Mouse627_20181026_17-29-36_16209-22286.behavior.smoothed_frames.csv,<MARS_DATA_ROOT>\test_2\Mouse627_20181026_17-29-36_16209-22286\Mouse627_20181026_17-29-36_16209-22286_XW_tk_final.annot,6064,30.0,30.0,0.8867084432717678,0.6046348752224102,0.6688311688311688,0.5974025974025974,0.4805194805194805,32,19,,attention,,43,,,,mobilenetv3_native,mobilenetv3_native_full_attention256,attention,mobilenetv3_native_full_attention256_seed43,,full_sequence,<RUN_ROOT>\outputs\controlled_comparison_runs\run_20260528_205727\neural_eval\mobilenetv3_native_full_attention256_seed43
test_2,Mouse630_20181025_18-44-29_01807-21458,smoothed_frames,<RUN_ROOT>\outputs\controlled_comparison_runs\run_20260528_205727\neural_eval\mobilenetv3_native_full_attention256_seed43\test_2\Mouse630_20181025_18-44-29_01807-21458\Mouse630_20181025_18-44-29_01807-21458.behavior.smoothed_frames.csv,<MARS_DATA_ROOT>\test_2\Mouse630_20181025_18-44-29_01807-21458\Mouse630_20181025_18-44-29_01807-21458_XW_tk_final.annot,19648,30.0,30.0,0.8778501628664495,0.8281988955566905,0.8249740574195781,0.8045658941542719,0.7331373227257005,76,81,,attention,,43,,,,mobilenetv3_native,mobilenetv3_native_full_attention256,attention,mobilenetv3_native_full_attention256_seed43,,full_sequence,<RUN_ROOT>\outputs\controlled_comparison_runs\run_20260528_205727\neural_eval\mobilenetv3_native_full_attention256_seed43
test_2,Mouse630_20181025_18-44-29_21460-30528,smoothed_frames,<RUN_ROOT>\outputs\controlled_comparison_runs\run_20260528_205727\neural_eval\mobilenetv3_native_full_attention256_seed43\test_2\Mouse630_20181025_18-44-29_21460-30528\Mouse630_20181025_18-44-29_21460-30528.behavior.smoothed_frames.csv,<MARS_DATA_ROOT>\test_2\Mouse630_20181025_18-44-29_21460-30528\Mouse630_20181025_18-44-29_21460-30528_XW_tk_final.annot,9056,30.0,30.0,0.9013913427561836,0.7683417053124078,0.7772972972972974,0.7502702702702703,0.6691891891891892,33,29,,attention,,43,,,,mobilenetv3_native,mobilenetv3_native_full_attention256,attention,mobilenetv3_native_full_attention256_seed43,,full_sequence,<RUN_ROOT>\outputs\controlled_comparison_runs\run_20260528_205727\neural_eval\mobilenetv3_native_full_attention256_seed43
test_2,Mouse835-female_20200325_18-28-49_10767-24391,smoothed_frames,<RUN_ROOT>\outputs\controlled_comparison_runs\run_20260528_205727\neural_eval\mobilenetv3_native_full_attention256_seed43\test_2\Mouse835-female_20200325_18-28-49_10767-24391\Mouse835-female_20200325_18-28-49_10767-24391.behavior.smoothed_frames.csv,<MARS_DATA_ROOT>\test_2\Mouse835-female_20200325_18-28-49_10767-24391\Mouse835-female_20200325_18-28-49_10767-24391_TK_withUSV.annot,13616,30.0,30.0,0.9031286721504111,0.8885994674033548,0.8469483568075118,0.8187793427230048,0.5727699530516432,49,38,,attention,,43,,,,mobilenetv3_native,mobilenetv3_native_full_attention256,attention,mobilenetv3_native_full_attention256_seed43,,full_sequence,<RUN_ROOT>\outputs\controlled_comparison_runs\run_20260528_205727\neural_eval\mobilenetv3_native_full_attention256_seed43
test_2,Mouse836-female_20200322_19-33-17_00957-13323,smoothed_frames,<RUN_ROOT>\outputs\controlled_comparison_runs\run_20260528_205727\neural_eval\mobilenetv3_native_full_attention256_seed43\test_2\Mouse836-female_20200322_19-33-17_00957-13323\Mouse836-female_20200322_19-33-17_00957-13323.behavior.smoothed_frames.csv,<MARS_DATA_ROOT>\test_2\Mouse836-female_20200322_19-33-17_00957-13323\Mouse836-female_20200322_19-33-17_00957-13323_TK_withUSV.annot,12368,30.0,30.0,0.938793661060802,0.7522987876447729,0.580952380952381,0.5492063492063491,0.5015873015873016,43,26,,attention,,43,,,,mobilenetv3_native,mobilenetv3_native_full_attention256,attention,mobilenetv3_native_full_attention256_seed43,,full_sequence,<RUN_ROOT>\outputs\controlled_comparison_runs\run_20260528_205727\neural_eval\mobilenetv3_native_full_attention256_seed43
test_2,Mouse836-female_20200322_19-33-17_14594-23870,smoothed_frames,<RUN_ROOT>\outputs\controlled_comparison_runs\run_20260528_205727\neural_eval\mobilenetv3_native_full_attention256_seed43\test_2\Mouse836-female_20200322_19-33-17_14594-23870\Mouse836-female_20200322_19-33-17_14594-23870.behavior.smoothed_frames.csv,<MARS_DATA_ROOT>\test_2\Mouse836-female_20200322_19-33-17_14594-23870\Mouse836-female_20200322_19-33-17_14594-23870_TK_withUSV.annot,9264,30.0,30.0,0.92206390328152,0.924091183723997,0.8943661971830986,0.8943661971830986,0.8661971830985915,45,36,,attention,,43,,,,mobilenetv3_native,mobilenetv3_native_full_attention256,attention,mobilenetv3_native_full_attention256_seed43,,full_sequence,<RUN_ROOT>\outputs\controlled_comparison_runs\run_20260528_205727\neural_eval\mobilenetv3_native_full_attention256_seed43
test_2,Mouse839-female_20200322_20-15-11_12885-24623,smoothed_frames,<RUN_ROOT>\outputs\controlled_comparison_runs\run_20260528_205727\neural_eval\mobilenetv3_native_full_attention256_seed43\test_2\Mouse839-female_20200322_20-15-11_12885-24623\Mouse839-female_20200322_20-15-11_12885-24623.behavior.smoothed_frames.csv,<MARS_DATA_ROOT>\test_2\Mouse839-female_20200322_20-15-11_12885-24623\Mouse839-female_20200322_20-15-11_12885-24623_TK_withUSV.annot,11728,30.0,30.0,0.7746418826739427,0.7341004450980924,0.722014148980441,0.6995422388680815,0.5131086142322097,68,48,,attention,,43,,,,mobilenetv3_native,mobilenetv3_native_full_attention256,attention,mobilenetv3_native_full_attention256_seed43,,full_sequence,<RUN_ROOT>\outputs\controlled_comparison_runs\run_20260528_205727\neural_eval\mobilenetv3_native_full_attention256_seed43
test_1,Mouse060_20160526_18-16-27,smoothed_frames,<RUN_ROOT>\outputs\controlled_comparison_runs\run_20260528_205727\neural_eval\mobilenetv3_native_full_attention256_seed44\test_1\Mouse060_20160526_18-16-27\Mouse060_20160526_18-16-27.behavior.smoothed_frames.csv,<MARS_DATA_ROOT>\test_1\Mouse060_20160526_18-16-27\Mouse060_20160526_18-16-27_anno.annot,24288,30.0,30.0,0.9206604084321476,0.8603579527620084,0.7894658532956405,0.7754798393096265,0.6417199821455142,109,83,,attention,,44,,,,mobilenetv3_native,mobilenetv3_native_full_attention256,attention,mobilenetv3_native_full_attention256_seed44,,full_sequence,<RUN_ROOT>\outputs\controlled_comparison_runs\run_20260528_205727\neural_eval\mobilenetv3_native_full_attention256_seed44
test_1,Mouse061_20160526_18-38-49,smoothed_frames,<RUN_ROOT>\outputs\controlled_comparison_runs\run_20260528_205727\neural_eval\mobilenetv3_native_full_attention256_seed44\test_1\Mouse061_20160526_18-38-49\Mouse061_20160526_18-38-49.behavior.smoothed_frames.csv,<MARS_DATA_ROOT>\test_1\Mouse061_20160526_18-38-49\Mouse061_20160526_18-38-49_anno.annot,18640,30.0,30.0,0.92387339055794,0.9185933744786474,0.8090909090909091,0.7890909090909091,0.7490909090909091,63,60,,attention,,44,,,,mobilenetv3_native,mobilenetv3_native_full_attention256,attention,mobilenetv3_native_full_attention256_seed44,,full_sequence,<RUN_ROOT>\outputs\controlled_comparison_runs\run_20260528_205727\neural_eval\mobilenetv3_native_full_attention256_seed44
test_1,Mouse062_20160526_18-56-26,smoothed_frames,<RUN_ROOT>\outputs\controlled_comparison_runs\run_20260528_205727\neural_eval\mobilenetv3_native_full_attention256_seed44\test_1\Mouse062_20160526_18-56-26\Mouse062_20160526_18-56-26.behavior.smoothed_frames.csv,<MARS_DATA_ROOT>\test_1\Mouse062_20160526_18-56-26\Mouse062_20160526_18-56-26_anno.annot,19632,30.0,30.0,0.942440912795436,0.954221268857832,0.753968253968254,0.753968253968254,0.7063492063492063,79,63,,attention,,44,,,,mobilenetv3_native,mobilenetv3_native_full_attention256,attention,mobilenetv3_native_full_attention256_seed44,,full_sequence,<RUN_ROOT>\outputs\controlled_comparison_runs\run_20260528_205727\neural_eval\mobilenetv3_native_full_attention256_seed44
test_1,Mouse063_20160526_19-14-46,smoothed_frames,<RUN_ROOT>\outputs\controlled_comparison_runs\run_20260528_205727\neural_eval\mobilenetv3_native_full_attention256_seed44\test_1\Mouse063_20160526_19-14-46\Mouse063_20160526_19-14-46.behavior.smoothed_frames.csv,<MARS_DATA_ROOT>\test_1\Mouse063_20160526_19-14-46\Mouse063_20160526_19-14-46_anno.annot,19296,30.0,30.0,0.8648942786069652,0.672549444039373,0.5894230769230769,0.5149038461538462,0.3625,144,83,,attention,,44,,,,mobilenetv3_native,mobilenetv3_native_full_attention256,attention,mobilenetv3_native_full_attention256_seed44,,full_sequence,<RUN_ROOT>\outputs\controlled_comparison_runs\run_20260528_205727\neural_eval\mobilenetv3_native_full_attention256_seed44
test_1,Mouse069_20160709_16-02-03,smoothed_frames,<RUN_ROOT>\outputs\controlled_comparison_runs\run_20260528_205727\neural_eval\mobilenetv3_native_full_attention256_seed44\test_1\Mouse069_20160709_16-02-03\Mouse069_20160709_16-02-03.behavior.smoothed_frames.csv,<MARS_DATA_ROOT>\test_1\Mouse069_20160709_16-02-03\Mouse069_20160709_16-02-03_anno.annot,18496,30.0,30.0,0.9097102076124568,0.4888990566805257,0.4451499118165785,0.4014109347442681,0.2485596707818929,66,51,,attention,,44,,,,mobilenetv3_native,mobilenetv3_native_full_attention256,attention,mobilenetv3_native_full_attention256_seed44,,full_sequence,<RUN_ROOT>\outputs\controlled_comparison_runs\run_20260528_205727\neural_eval\mobilenetv3_native_full_attention256_seed44
test_1,Mouse070_20160709_16-58-36,smoothed_frames,<RUN_ROOT>\outputs\controlled_comparison_runs\run_20260528_205727\neural_eval\mobilenetv3_native_full_attention256_seed44\test_1\Mouse070_20160709_16-58-36\Mouse070_20160709_16-58-36.behavior.smoothed_frames.csv,<MARS_DATA_ROOT>\test_1\Mouse070_20160709_16-58-36\Mouse070_20160709_16-58-36_anno.annot,20192,30.0,30.0,0.8210677496038035,0.6236768078448207,0.568970893970894,0.4722453222453222,0.2962058212058212,193,97,,attention,,44,,,,mobilenetv3_native,mobilenetv3_native_full_attention256,attention,mobilenetv3_native_full_attention256_seed44,,full_sequence,<RUN_ROOT>\outputs\controlled_comparison_runs\run_20260528_205727\neural_eval\mobilenetv3_native_full_attention256_seed44
test_1,Mouse074_20160709_19-15-23,smoothed_frames,<RUN_ROOT>\outputs\controlled_comparison_runs\run_20260528_205727\neural_eval\mobilenetv3_native_full_attention256_seed44\test_1\Mouse074_20160709_19-15-23\Mouse074_20160709_19-15-23.behavior.smoothed_frames.csv,<MARS_DATA_ROOT>\test_1\Mouse074_20160709_19-15-23\Mouse074_20160709_19-15-23_anno.annot,19376,30.0,30.0,0.9021985962014863,0.639985025283965,0.5928500496524329,0.5382323733862958,0.3406156901688182,119,65,,attention,,44,,,,mobilenetv3_native,mobilenetv3_native_full_attention256,attention,mobilenetv3_native_full_attention256_seed44,,full_sequence,<RUN_ROOT>\outputs\controlled_comparison_runs\run_20260528_205727\neural_eval\mobilenetv3_native_full_attention256_seed44
test_1,Mouse077_20160709_18-29-34,smoothed_frames,<RUN_ROOT>\outputs\controlled_comparison_runs\run_20260528_205727\neural_eval\mobilenetv3_native_full_attention256_seed44\test_1\Mouse077_20160709_18-29-34\Mouse077_20160709_18-29-34.behavior.smoothed_frames.csv,<MARS_DATA_ROOT>\test_1\Mouse077_20160709_18-29-34\Mouse077_20160709_18-29-34_anno.annot,19952,30.0,30.0,0.7782678428227746,0.5745897322883395,0.5816450294236557,0.491711962625219,0.2622523696150218,280,143,,attention,,44,,,,mobilenetv3_native,mobilenetv3_native_full_attention256,attention,mobilenetv3_native_full_attention256_seed44,,full_sequence,<RUN_ROOT>\outputs\controlled_comparison_runs\run_20260528_205727\neural_eval\mobilenetv3_native_full_attention256_seed44
test_1,Mouse162_20161017_19-58-28,smoothed_frames,<RUN_ROOT>\outputs\controlled_comparison_runs\run_20260528_205727\neural_eval\mobilenetv3_native_full_attention256_seed44\test_1\Mouse162_20161017_19-58-28\Mouse162_20161017_19-58-28.behavior.smoothed_frames.csv,<MARS_DATA_ROOT>\test_1\Mouse162_20161017_19-58-28\Mouse162_20161017_19-58-28_TK.annot,17920,30.0,30.0,0.828125,0.7122187753722182,0.7165558019216556,0.7002956393200295,0.4745011086474501,80,67,,attention,,44,,,,mobilenetv3_native,mobilenetv3_native_full_attention256,attention,mobilenetv3_native_full_attention256_seed44,,full_sequence,<RUN_ROOT>\outputs\controlled_comparison_runs\run_20260528_205727\neural_eval\mobilenetv3_native_full_attention256_seed44
test_1,Mouse163_20161018_18-22-45,smoothed_frames,<RUN_ROOT>\outputs\controlled_comparison_runs\run_20260528_205727\neural_eval\mobilenetv3_native_full_attention256_seed44\test_1\Mouse163_20161018_18-22-45\Mouse163_20161018_18-22-45.behavior.smoothed_frames.csv,<MARS_DATA_ROOT>\test_1\Mouse163_20161018_18-22-45\Mouse163_20161018_18-22-45_TK.annot,6640,30.0,30.0,0.8463855421686747,0.6430088421426966,0.5480274442538593,0.5102915951972555,0.4159519725557461,52,23,,attention,,44,,,,mobilenetv3_native,mobilenetv3_native_full_attention256,attention,mobilenetv3_native_full_attention256_seed44,,full_sequence,<RUN_ROOT>\outputs\controlled_comparison_runs\run_20260528_205727\neural_eval\mobilenetv3_native_full_attention256_seed44
test_2,Mouse155_20151124_20-48-31,smoothed_frames,<RUN_ROOT>\outputs\controlled_comparison_runs\run_20260528_205727\neural_eval\mobilenetv3_native_full_attention256_seed44\test_2\Mouse155_20151124_20-48-31\Mouse155_20151124_20-48-31.behavior.smoothed_frames.csv,<MARS_DATA_ROOT>\test_2\Mouse155_20151124_20-48-31\Mouse155_20151124_20-48-31_Front-XiaoAnn.annot,9952,30.0,30.0,0.966539389067524,0.8535327924273157,0.6952380952380952,0.6952380952380952,0.6619047619047619,25,12,,attention,,44,,,,mobilenetv3_native,mobilenetv3_native_full_attention256,attention,mobilenetv3_native_full_attention256_seed44,,full_sequence,<RUN_ROOT>\outputs\controlled_comparison_runs\run_20260528_205727\neural_eval\mobilenetv3_native_full_attention256_seed44
test_2,Mouse155_20151124_20-56-05,smoothed_frames,<RUN_ROOT>\outputs\controlled_comparison_runs\run_20260528_205727\neural_eval\mobilenetv3_native_full_attention256_seed44\test_2\Mouse155_20151124_20-56-05\Mouse155_20151124_20-56-05.behavior.smoothed_frames.csv,<MARS_DATA_ROOT>\test_2\Mouse155_20151124_20-56-05\Mouse155_20151124_20-56-05_bhvr.annot,10384,30.0,30.0,0.911402157164869,0.6755993660694648,0.7088235294117647,0.6794117647058824,0.3976470588235294,58,36,,attention,,44,,,,mobilenetv3_native,mobilenetv3_native_full_attention256,attention,mobilenetv3_native_full_attention256_seed44,,full_sequence,<RUN_ROOT>\outputs\controlled_comparison_runs\run_20260528_205727\neural_eval\mobilenetv3_native_full_attention256_seed44
test_2,Mouse155_20151124_21-11-28,smoothed_frames,<RUN_ROOT>\outputs\controlled_comparison_runs\run_20260528_205727\neural_eval\mobilenetv3_native_full_attention256_seed44\test_2\Mouse155_20151124_21-11-28\Mouse155_20151124_21-11-28.behavior.smoothed_frames.csv,<MARS_DATA_ROOT>\test_2\Mouse155_20151124_21-11-28\Mouse155_20151124_21-11-28_bhvr.annot,6688,30.0,30.0,0.909988038277512,0.7531201284529525,0.6564102564102565,0.6051282051282052,0.4282051282051282,32,19,,attention,,44,,,,mobilenetv3_native,mobilenetv3_native_full_attention256,attention,mobilenetv3_native_full_attention256_seed44,,full_sequence,<RUN_ROOT>\outputs\controlled_comparison_runs\run_20260528_205727\neural_eval\mobilenetv3_native_full_attention256_seed44
test_2,Mouse155_20151129_22-41-43,smoothed_frames,<RUN_ROOT>\outputs\controlled_comparison_runs\run_20260528_205727\neural_eval\mobilenetv3_native_full_attention256_seed44\test_2\Mouse155_20151129_22-41-43\Mouse155_20151129_22-41-43.behavior.smoothed_frames.csv,<MARS_DATA_ROOT>\test_2\Mouse155_20151129_22-41-43\Mouse155_20151129_22-41-43_actions.annot,4816,30.0,30.0,0.8309800664451827,0.8184253965802585,0.9019607843137256,0.8888888888888888,0.7973856209150326,33,24,,attention,,44,,,,mobilenetv3_native,mobilenetv3_native_full_attention256,attention,mobilenetv3_native_full_attention256_seed44,,full_sequence,<RUN_ROOT>\outputs\controlled_comparison_runs\run_20260528_205727\neural_eval\mobilenetv3_native_full_attention256_seed44
test_2,Mouse156_20151012_20-16-37,smoothed_frames,<RUN_ROOT>\outputs\controlled_comparison_runs\run_20260528_205727\neural_eval\mobilenetv3_native_full_attention256_seed44\test_2\Mouse156_20151012_20-16-37\Mouse156_20151012_20-16-37.behavior.smoothed_frames.csv,<MARS_DATA_ROOT>\test_2\Mouse156_20151012_20-16-37\Mouse156_20151012_20-16-37_Front-XiaoAnn.annot,10272,30.0,30.0,0.7996495327102804,0.6415893657517867,0.6843033509700175,0.641882483987747,0.3591385872087627,123,70,,attention,,44,,,,mobilenetv3_native,mobilenetv3_native_full_attention256,attention,mobilenetv3_native_full_attention256_seed44,,full_sequence,<RUN_ROOT>\outputs\controlled_comparison_runs\run_20260528_205727\neural_eval\mobilenetv3_native_full_attention256_seed44
test_2,Mouse156_20151124_21-53-46,smoothed_frames,<RUN_ROOT>\outputs\controlled_comparison_runs\run_20260528_205727\neural_eval\mobilenetv3_native_full_attention256_seed44\test_2\Mouse156_20151124_21-53-46\Mouse156_20151124_21-53-46.behavior.smoothed_frames.csv,<MARS_DATA_ROOT>\test_2\Mouse156_20151124_21-53-46\Mouse156_20151124_21-53-46_bhvr.annot,5648,30.0,30.0,0.8942988668555241,0.4409994068801898,0.4105263157894736,0.3578947368421052,0.125,43,21,,attention,,44,,,,mobilenetv3_native,mobilenetv3_native_full_attention256,attention,mobilenetv3_native_full_attention256_seed44,,full_sequence,<RUN_ROOT>\outputs\controlled_comparison_runs\run_20260528_205727\neural_eval\mobilenetv3_native_full_attention256_seed44
test_2,Mouse158_20151129_21-12-54,smoothed_frames,<RUN_ROOT>\outputs\controlled_comparison_runs\run_20260528_205727\neural_eval\mobilenetv3_native_full_attention256_seed44\test_2\Mouse158_20151129_21-12-54\Mouse158_20151129_21-12-54.behavior.smoothed_frames.csv,<MARS_DATA_ROOT>\test_2\Mouse158_20151129_21-12-54\Mouse158_20151129_21-12-54_bhvr.annot,10000,30.0,30.0,0.9314,0.7380247765402024,0.6276803118908381,0.5721247563352826,0.3898635477582846,49,24,,attention,,44,,,,mobilenetv3_native,mobilenetv3_native_full_attention256,attention,mobilenetv3_native_full_attention256_seed44,,full_sequence,<RUN_ROOT>\outputs\controlled_comparison_runs\run_20260528_205727\neural_eval\mobilenetv3_native_full_attention256_seed44
test_2,Mouse159_20151129_20-48-38,smoothed_frames,<RUN_ROOT>\outputs\controlled_comparison_runs\run_20260528_205727\neural_eval\mobilenetv3_native_full_attention256_seed44\test_2\Mouse159_20151129_20-48-38\Mouse159_20151129_20-48-38.behavior.smoothed_frames.csv,<MARS_DATA_ROOT>\test_2\Mouse159_20151129_20-48-38\Mouse159_20151129_20-48-38_actions.annot,7408,30.0,30.0,0.8918736501079914,0.5989356295342991,0.5632653061224491,0.5496598639455783,0.2149659863945578,50,24,,attention,,44,,,,mobilenetv3_native,mobilenetv3_native_full_attention256,attention,mobilenetv3_native_full_attention256_seed44,,full_sequence,<RUN_ROOT>\outputs\controlled_comparison_runs\run_20260528_205727\neural_eval\mobilenetv3_native_full_attention256_seed44
test_2,Mouse159_20151129_20-57-31,smoothed_frames,<RUN_ROOT>\outputs\controlled_comparison_runs\run_20260528_205727\neural_eval\mobilenetv3_native_full_attention256_seed44\test_2\Mouse159_20151129_20-57-31\Mouse159_20151129_20-57-31.behavior.smoothed_frames.csv,<MARS_DATA_ROOT>\test_2\Mouse159_20151129_20-57-31\Mouse159_20151129_20-57-31_Front-XiaoAnn.annot,4144,30.0,30.0,0.9633204633204632,0.7565715565043917,0.6875,0.6875,0.625,16,6,,attention,,44,,,,mobilenetv3_native,mobilenetv3_native_full_attention256,attention,mobilenetv3_native_full_attention256_seed44,,full_sequence,<RUN_ROOT>\outputs\controlled_comparison_runs\run_20260528_205727\neural_eval\mobilenetv3_native_full_attention256_seed44
test_2,Mouse627_20181026_17-29-36_01994-09560,smoothed_frames,<RUN_ROOT>\outputs\controlled_comparison_runs\run_20260528_205727\neural_eval\mobilenetv3_native_full_attention256_seed44\test_2\Mouse627_20181026_17-29-36_01994-09560\Mouse627_20181026_17-29-36_01994-09560.behavior.smoothed_frames.csv,<MARS_DATA_ROOT>\test_2\Mouse627_20181026_17-29-36_01994-09560\Mouse627_20181026_17-29-36_01994-09560_XW_tk_final.annot,7552,30.0,30.0,0.8944650423728814,0.8635751003603421,0.7833333333333332,0.7833333333333332,0.7277777777777779,39,36,,attention,,44,,,,mobilenetv3_native,mobilenetv3_native_full_attention256,attention,mobilenetv3_native_full_attention256_seed44,,full_sequence,<RUN_ROOT>\outputs\controlled_comparison_runs\run_20260528_205727\neural_eval\mobilenetv3_native_full_attention256_seed44
test_2,Mouse627_20181026_17-29-36_10191-15523,smoothed_frames,<RUN_ROOT>\outputs\controlled_comparison_runs\run_20260528_205727\neural_eval\mobilenetv3_native_full_attention256_seed44\test_2\Mouse627_20181026_17-29-36_10191-15523\Mouse627_20181026_17-29-36_10191-15523.behavior.smoothed_frames.csv,<MARS_DATA_ROOT>\test_2\Mouse627_20181026_17-29-36_10191-15523\Mouse627_20181026_17-29-36_10191-15523_XW_tk_final.annot,5328,30.0,30.0,0.8489114114114115,0.793045597111872,0.7282051282051282,0.6837606837606838,0.5948717948717949,32,29,,attention,,44,,,,mobilenetv3_native,mobilenetv3_native_full_attention256,attention,mobilenetv3_native_full_attention256_seed44,,full_sequence,<RUN_ROOT>\outputs\controlled_comparison_runs\run_20260528_205727\neural_eval\mobilenetv3_native_full_attention256_seed44
test_2,Mouse627_20181026_17-29-36_16209-22286,smoothed_frames,<RUN_ROOT>\outputs\controlled_comparison_runs\run_20260528_205727\neural_eval\mobilenetv3_native_full_attention256_seed44\test_2\Mouse627_20181026_17-29-36_16209-22286\Mouse627_20181026_17-29-36_16209-22286.behavior.smoothed_frames.csv,<MARS_DATA_ROOT>\test_2\Mouse627_20181026_17-29-36_16209-22286\Mouse627_20181026_17-29-36_16209-22286_XW_tk_final.annot,6064,30.0,30.0,0.887697889182058,0.59252997538774,0.5974025974025974,0.5616883116883117,0.5162337662337663,32,19,,attention,,44,,,,mobilenetv3_native,mobilenetv3_native_full_attention256,attention,mobilenetv3_native_full_attention256_seed44,,full_sequence,<RUN_ROOT>\outputs\controlled_comparison_runs\run_20260528_205727\neural_eval\mobilenetv3_native_full_attention256_seed44
test_2,Mouse630_20181025_18-44-29_01807-21458,smoothed_frames,<RUN_ROOT>\outputs\controlled_comparison_runs\run_20260528_205727\neural_eval\mobilenetv3_native_full_attention256_seed44\test_2\Mouse630_20181025_18-44-29_01807-21458\Mouse630_20181025_18-44-29_01807-21458.behavior.smoothed_frames.csv,<MARS_DATA_ROOT>\test_2\Mouse630_20181025_18-44-29_01807-21458\Mouse630_20181025_18-44-29_01807-21458_XW_tk_final.annot,19648,30.0,30.0,0.8761706026058632,0.8247252897928854,0.8117021276595744,0.7904255319148936,0.7159574468085106,76,79,,attention,,44,,,,mobilenetv3_native,mobilenetv3_native_full_attention256,attention,mobilenetv3_native_full_attention256_seed44,,full_sequence,<RUN_ROOT>\outputs\controlled_comparison_runs\run_20260528_205727\neural_eval\mobilenetv3_native_full_attention256_seed44
test_2,Mouse630_20181025_18-44-29_21460-30528,smoothed_frames,<RUN_ROOT>\outputs\controlled_comparison_runs\run_20260528_205727\neural_eval\mobilenetv3_native_full_attention256_seed44\test_2\Mouse630_20181025_18-44-29_21460-30528\Mouse630_20181025_18-44-29_21460-30528.behavior.smoothed_frames.csv,<MARS_DATA_ROOT>\test_2\Mouse630_20181025_18-44-29_21460-30528\Mouse630_20181025_18-44-29_21460-30528_XW_tk_final.annot,9056,30.0,30.0,0.9048144876325088,0.7645847999512932,0.7657142857142858,0.7371428571428572,0.6514285714285715,33,28,,attention,,44,,,,mobilenetv3_native,mobilenetv3_native_full_attention256,attention,mobilenetv3_native_full_attention256_seed44,,full_sequence,<RUN_ROOT>\outputs\controlled_comparison_runs\run_20260528_205727\neural_eval\mobilenetv3_native_full_attention256_seed44
test_2,Mouse835-female_20200325_18-28-49_10767-24391,smoothed_frames,<RUN_ROOT>\outputs\controlled_comparison_runs\run_20260528_205727\neural_eval\mobilenetv3_native_full_attention256_seed44\test_2\Mouse835-female_20200325_18-28-49_10767-24391\Mouse835-female_20200325_18-28-49_10767-24391.behavior.smoothed_frames.csv,<MARS_DATA_ROOT>\test_2\Mouse835-female_20200325_18-28-49_10767-24391\Mouse835-female_20200325_18-28-49_10767-24391_TK_withUSV.annot,13616,30.0,30.0,0.9023942420681552,0.8851079852630039,0.8125,0.7847222222222223,0.6111111111111112,49,40,,attention,,44,,,,mobilenetv3_native,mobilenetv3_native_full_attention256,attention,mobilenetv3_native_full_attention256_seed44,,full_sequence,<RUN_ROOT>\outputs\controlled_comparison_runs\run_20260528_205727\neural_eval\mobilenetv3_native_full_attention256_seed44
test_2,Mouse836-female_20200322_19-33-17_00957-13323,smoothed_frames,<RUN_ROOT>\outputs\controlled_comparison_runs\run_20260528_205727\neural_eval\mobilenetv3_native_full_attention256_seed44\test_2\Mouse836-female_20200322_19-33-17_00957-13323\Mouse836-female_20200322_19-33-17_00957-13323.behavior.smoothed_frames.csv,<MARS_DATA_ROOT>\test_2\Mouse836-female_20200322_19-33-17_00957-13323\Mouse836-female_20200322_19-33-17_00957-13323_TK_withUSV.annot,12368,30.0,30.0,0.9294146183699872,0.7484436862821939,0.5548387096774194,0.5387096774193548,0.4741935483870967,43,25,,attention,,44,,,,mobilenetv3_native,mobilenetv3_native_full_attention256,attention,mobilenetv3_native_full_attention256_seed44,,full_sequence,<RUN_ROOT>\outputs\controlled_comparison_runs\run_20260528_205727\neural_eval\mobilenetv3_native_full_attention256_seed44
test_2,Mouse836-female_20200322_19-33-17_14594-23870,smoothed_frames,<RUN_ROOT>\outputs\controlled_comparison_runs\run_20260528_205727\neural_eval\mobilenetv3_native_full_attention256_seed44\test_2\Mouse836-female_20200322_19-33-17_14594-23870\Mouse836-female_20200322_19-33-17_14594-23870.behavior.smoothed_frames.csv,<MARS_DATA_ROOT>\test_2\Mouse836-female_20200322_19-33-17_14594-23870\Mouse836-female_20200322_19-33-17_14594-23870_TK_withUSV.annot,9264,30.0,30.0,0.9199050086355786,0.9233358659937504,0.8913043478260869,0.8913043478260869,0.8768115942028987,45,34,,attention,,44,,,,mobilenetv3_native,mobilenetv3_native_full_attention256,attention,mobilenetv3_native_full_attention256_seed44,,full_sequence,<RUN_ROOT>\outputs\controlled_comparison_runs\run_20260528_205727\neural_eval\mobilenetv3_native_full_attention256_seed44
test_2,Mouse839-female_20200322_20-15-11_12885-24623,smoothed_frames,<RUN_ROOT>\outputs\controlled_comparison_runs\run_20260528_205727\neural_eval\mobilenetv3_native_full_attention256_seed44\test_2\Mouse839-female_20200322_20-15-11_12885-24623\Mouse839-female_20200322_20-15-11_12885-24623.behavior.smoothed_frames.csv,<MARS_DATA_ROOT>\test_2\Mouse839-female_20200322_20-15-11_12885-24623\Mouse839-female_20200322_20-15-11_12885-24623_TK_withUSV.annot,11728,30.0,30.0,0.7870907230559345,0.7588850515372154,0.778892455858748,0.7431781701444622,0.5369181380417335,68,49,,attention,,44,,,,mobilenetv3_native,mobilenetv3_native_full_attention256,attention,mobilenetv3_native_full_attention256_seed44,,full_sequence,<RUN_ROOT>\outputs\controlled_comparison_runs\run_20260528_205727\neural_eval\mobilenetv3_native_full_attention256_seed44
