split,video_id,prediction_type,source,class,class_id,start_frame,end_frame,duration_frames,backbone,head,seed,model_name,track
test_1,Mouse060_20160526_18-16-27,smoothed_frames,ground_truth,investigation,1,6,22,17,yolo_sppf,attention,42,yolo_sppf_full_attention256_seed42,YOLO/SPPF Attention-256
test_1,Mouse060_20160526_18-16-27,smoothed_frames,ground_truth,investigation,1,49,123,75,yolo_sppf,attention,42,yolo_sppf_full_attention256_seed42,YOLO/SPPF Attention-256
test_1,Mouse060_20160526_18-16-27,smoothed_frames,ground_truth,investigation,1,152,293,142,yolo_sppf,attention,42,yolo_sppf_full_attention256_seed42,YOLO/SPPF Attention-256
test_1,Mouse060_20160526_18-16-27,smoothed_frames,ground_truth,investigation,1,313,689,377,yolo_sppf,attention,42,yolo_sppf_full_attention256_seed42,YOLO/SPPF Attention-256
test_1,Mouse060_20160526_18-16-27,smoothed_frames,ground_truth,investigation,1,716,1090,375,yolo_sppf,attention,42,yolo_sppf_full_attention256_seed42,YOLO/SPPF Attention-256
test_1,Mouse060_20160526_18-16-27,smoothed_frames,ground_truth,investigation,1,1117,1288,172,yolo_sppf,attention,42,yolo_sppf_full_attention256_seed42,YOLO/SPPF Attention-256
test_1,Mouse060_20160526_18-16-27,smoothed_frames,ground_truth,investigation,1,1306,1602,297,yolo_sppf,attention,42,yolo_sppf_full_attention256_seed42,YOLO/SPPF Attention-256
test_1,Mouse060_20160526_18-16-27,smoothed_frames,ground_truth,investigation,1,1653,1780,128,yolo_sppf,attention,42,yolo_sppf_full_attention256_seed42,YOLO/SPPF Attention-256
test_1,Mouse060_20160526_18-16-27,smoothed_frames,ground_truth,investigation,1,1801,1967,167,yolo_sppf,attention,42,yolo_sppf_full_attention256_seed42,YOLO/SPPF Attention-256
test_1,Mouse060_20160526_18-16-27,smoothed_frames,ground_truth,investigation,1,2178,2323,146,yolo_sppf,attention,42,yolo_sppf_full_attention256_seed42,YOLO/SPPF Attention-256
test_1,Mouse060_20160526_18-16-27,smoothed_frames,ground_truth,mount,2,2325,2421,97,yolo_sppf,attention,42,yolo_sppf_full_attention256_seed42,YOLO/SPPF Attention-256
test_1,Mouse060_20160526_18-16-27,smoothed_frames,ground_truth,investigation,1,2559,2597,39,yolo_sppf,attention,42,yolo_sppf_full_attention256_seed42,YOLO/SPPF Attention-256
test_1,Mouse060_20160526_18-16-27,smoothed_frames,ground_truth,mount,2,2599,2664,66,yolo_sppf,attention,42,yolo_sppf_full_attention256_seed42,YOLO/SPPF Attention-256
test_1,Mouse060_20160526_18-16-27,smoothed_frames,ground_truth,investigation,1,2666,2680,15,yolo_sppf,attention,42,yolo_sppf_full_attention256_seed42,YOLO/SPPF Attention-256
test_1,Mouse060_20160526_18-16-27,smoothed_frames,ground_truth,investigation,1,2820,2848,29,yolo_sppf,attention,42,yolo_sppf_full_attention256_seed42,YOLO/SPPF Attention-256
test_1,Mouse060_20160526_18-16-27,smoothed_frames,ground_truth,mount,2,2850,3106,257,yolo_sppf,attention,42,yolo_sppf_full_attention256_seed42,YOLO/SPPF Attention-256
test_1,Mouse060_20160526_18-16-27,smoothed_frames,ground_truth,investigation,1,3108,3138,31,yolo_sppf,attention,42,yolo_sppf_full_attention256_seed42,YOLO/SPPF Attention-256
test_1,Mouse060_20160526_18-16-27,smoothed_frames,ground_truth,investigation,1,3295,3311,17,yolo_sppf,attention,42,yolo_sppf_full_attention256_seed42,YOLO/SPPF Attention-256
test_1,Mouse060_20160526_18-16-27,smoothed_frames,ground_truth,mount,2,3313,3435,123,yolo_sppf,attention,42,yolo_sppf_full_attention256_seed42,YOLO/SPPF Attention-256
test_1,Mouse060_20160526_18-16-27,smoothed_frames,ground_truth,investigation,1,3437,3460,24,yolo_sppf,attention,42,yolo_sppf_full_attention256_seed42,YOLO/SPPF Attention-256
test_1,Mouse060_20160526_18-16-27,smoothed_frames,ground_truth,investigation,1,3537,3566,30,yolo_sppf,attention,42,yolo_sppf_full_attention256_seed42,YOLO/SPPF Attention-256
test_1,Mouse060_20160526_18-16-27,smoothed_frames,ground_truth,mount,2,3568,3632,65,yolo_sppf,attention,42,yolo_sppf_full_attention256_seed42,YOLO/SPPF Attention-256
test_1,Mouse060_20160526_18-16-27,smoothed_frames,ground_truth,investigation,1,3634,3689,56,yolo_sppf,attention,42,yolo_sppf_full_attention256_seed42,YOLO/SPPF Attention-256
test_1,Mouse060_20160526_18-16-27,smoothed_frames,ground_truth,mount,2,3691,3734,44,yolo_sppf,attention,42,yolo_sppf_full_attention256_seed42,YOLO/SPPF Attention-256
test_1,Mouse060_20160526_18-16-27,smoothed_frames,ground_truth,investigation,1,3736,3800,65,yolo_sppf,attention,42,yolo_sppf_full_attention256_seed42,YOLO/SPPF Attention-256
test_1,Mouse060_20160526_18-16-27,smoothed_frames,ground_truth,mount,2,3802,3816,15,yolo_sppf,attention,42,yolo_sppf_full_attention256_seed42,YOLO/SPPF Attention-256
test_1,Mouse060_20160526_18-16-27,smoothed_frames,ground_truth,investigation,1,3818,3838,21,yolo_sppf,attention,42,yolo_sppf_full_attention256_seed42,YOLO/SPPF Attention-256
test_1,Mouse060_20160526_18-16-27,smoothed_frames,ground_truth,investigation,1,3859,3981,123,yolo_sppf,attention,42,yolo_sppf_full_attention256_seed42,YOLO/SPPF Attention-256
test_1,Mouse060_20160526_18-16-27,smoothed_frames,ground_truth,investigation,1,4000,4055,56,yolo_sppf,attention,42,yolo_sppf_full_attention256_seed42,YOLO/SPPF Attention-256
test_1,Mouse060_20160526_18-16-27,smoothed_frames,ground_truth,investigation,1,4290,4346,57,yolo_sppf,attention,42,yolo_sppf_full_attention256_seed42,YOLO/SPPF Attention-256
test_1,Mouse060_20160526_18-16-27,smoothed_frames,ground_truth,mount,2,4348,4501,154,yolo_sppf,attention,42,yolo_sppf_full_attention256_seed42,YOLO/SPPF Attention-256
test_1,Mouse060_20160526_18-16-27,smoothed_frames,ground_truth,investigation,1,4612,4685,74,yolo_sppf,attention,42,yolo_sppf_full_attention256_seed42,YOLO/SPPF Attention-256
test_1,Mouse060_20160526_18-16-27,smoothed_frames,ground_truth,mount,2,4687,4710,24,yolo_sppf,attention,42,yolo_sppf_full_attention256_seed42,YOLO/SPPF Attention-256
test_1,Mouse060_20160526_18-16-27,smoothed_frames,ground_truth,investigation,1,4712,4718,7,yolo_sppf,attention,42,yolo_sppf_full_attention256_seed42,YOLO/SPPF Attention-256
test_1,Mouse060_20160526_18-16-27,smoothed_frames,ground_truth,investigation,1,4965,5026,62,yolo_sppf,attention,42,yolo_sppf_full_attention256_seed42,YOLO/SPPF Attention-256
test_1,Mouse060_20160526_18-16-27,smoothed_frames,ground_truth,mount,2,5028,5183,156,yolo_sppf,attention,42,yolo_sppf_full_attention256_seed42,YOLO/SPPF Attention-256
test_1,Mouse060_20160526_18-16-27,smoothed_frames,ground_truth,investigation,1,5913,5996,84,yolo_sppf,attention,42,yolo_sppf_full_attention256_seed42,YOLO/SPPF Attention-256
test_1,Mouse060_20160526_18-16-27,smoothed_frames,ground_truth,mount,2,5998,6322,325,yolo_sppf,attention,42,yolo_sppf_full_attention256_seed42,YOLO/SPPF Attention-256
test_1,Mouse060_20160526_18-16-27,smoothed_frames,ground_truth,investigation,1,6918,6945,28,yolo_sppf,attention,42,yolo_sppf_full_attention256_seed42,YOLO/SPPF Attention-256
test_1,Mouse060_20160526_18-16-27,smoothed_frames,ground_truth,mount,2,6947,6981,35,yolo_sppf,attention,42,yolo_sppf_full_attention256_seed42,YOLO/SPPF Attention-256
test_1,Mouse060_20160526_18-16-27,smoothed_frames,ground_truth,investigation,1,6983,7047,65,yolo_sppf,attention,42,yolo_sppf_full_attention256_seed42,YOLO/SPPF Attention-256
test_1,Mouse060_20160526_18-16-27,smoothed_frames,ground_truth,investigation,1,7179,7237,59,yolo_sppf,attention,42,yolo_sppf_full_attention256_seed42,YOLO/SPPF Attention-256
test_1,Mouse060_20160526_18-16-27,smoothed_frames,ground_truth,mount,2,7239,7454,216,yolo_sppf,attention,42,yolo_sppf_full_attention256_seed42,YOLO/SPPF Attention-256
test_1,Mouse060_20160526_18-16-27,smoothed_frames,ground_truth,investigation,1,7778,7785,8,yolo_sppf,attention,42,yolo_sppf_full_attention256_seed42,YOLO/SPPF Attention-256
test_1,Mouse060_20160526_18-16-27,smoothed_frames,ground_truth,investigation,1,8003,8013,11,yolo_sppf,attention,42,yolo_sppf_full_attention256_seed42,YOLO/SPPF Attention-256
test_1,Mouse060_20160526_18-16-27,smoothed_frames,ground_truth,investigation,1,8029,8037,9,yolo_sppf,attention,42,yolo_sppf_full_attention256_seed42,YOLO/SPPF Attention-256
test_1,Mouse060_20160526_18-16-27,smoothed_frames,ground_truth,investigation,1,8280,8340,61,yolo_sppf,attention,42,yolo_sppf_full_attention256_seed42,YOLO/SPPF Attention-256
test_1,Mouse060_20160526_18-16-27,smoothed_frames,ground_truth,investigation,1,9047,9099,53,yolo_sppf,attention,42,yolo_sppf_full_attention256_seed42,YOLO/SPPF Attention-256
test_1,Mouse060_20160526_18-16-27,smoothed_frames,ground_truth,mount,2,9101,9349,249,yolo_sppf,attention,42,yolo_sppf_full_attention256_seed42,YOLO/SPPF Attention-256
test_1,Mouse060_20160526_18-16-27,smoothed_frames,ground_truth,investigation,1,9351,9357,7,yolo_sppf,attention,42,yolo_sppf_full_attention256_seed42,YOLO/SPPF Attention-256
test_1,Mouse060_20160526_18-16-27,smoothed_frames,ground_truth,investigation,1,9549,9571,23,yolo_sppf,attention,42,yolo_sppf_full_attention256_seed42,YOLO/SPPF Attention-256
test_1,Mouse060_20160526_18-16-27,smoothed_frames,ground_truth,mount,2,9573,9648,76,yolo_sppf,attention,42,yolo_sppf_full_attention256_seed42,YOLO/SPPF Attention-256
test_1,Mouse060_20160526_18-16-27,smoothed_frames,ground_truth,investigation,1,9916,9927,12,yolo_sppf,attention,42,yolo_sppf_full_attention256_seed42,YOLO/SPPF Attention-256
test_1,Mouse060_20160526_18-16-27,smoothed_frames,ground_truth,investigation,1,10263,10331,69,yolo_sppf,attention,42,yolo_sppf_full_attention256_seed42,YOLO/SPPF Attention-256
test_1,Mouse060_20160526_18-16-27,smoothed_frames,ground_truth,mount,2,10333,10381,49,yolo_sppf,attention,42,yolo_sppf_full_attention256_seed42,YOLO/SPPF Attention-256
test_1,Mouse060_20160526_18-16-27,smoothed_frames,ground_truth,investigation,1,10383,10573,191,yolo_sppf,attention,42,yolo_sppf_full_attention256_seed42,YOLO/SPPF Attention-256
test_1,Mouse060_20160526_18-16-27,smoothed_frames,ground_truth,mount,2,10869,10985,117,yolo_sppf,attention,42,yolo_sppf_full_attention256_seed42,YOLO/SPPF Attention-256
test_1,Mouse060_20160526_18-16-27,smoothed_frames,ground_truth,investigation,1,11864,11900,37,yolo_sppf,attention,42,yolo_sppf_full_attention256_seed42,YOLO/SPPF Attention-256
test_1,Mouse060_20160526_18-16-27,smoothed_frames,ground_truth,mount,2,11902,12072,171,yolo_sppf,attention,42,yolo_sppf_full_attention256_seed42,YOLO/SPPF Attention-256
test_1,Mouse060_20160526_18-16-27,smoothed_frames,ground_truth,investigation,1,12158,12176,19,yolo_sppf,attention,42,yolo_sppf_full_attention256_seed42,YOLO/SPPF Attention-256
test_1,Mouse060_20160526_18-16-27,smoothed_frames,ground_truth,mount,2,12178,12308,131,yolo_sppf,attention,42,yolo_sppf_full_attention256_seed42,YOLO/SPPF Attention-256
test_1,Mouse060_20160526_18-16-27,smoothed_frames,ground_truth,investigation,1,12310,12315,6,yolo_sppf,attention,42,yolo_sppf_full_attention256_seed42,YOLO/SPPF Attention-256
test_1,Mouse060_20160526_18-16-27,smoothed_frames,ground_truth,investigation,1,12552,12563,12,yolo_sppf,attention,42,yolo_sppf_full_attention256_seed42,YOLO/SPPF Attention-256
test_1,Mouse060_20160526_18-16-27,smoothed_frames,ground_truth,investigation,1,13085,13142,58,yolo_sppf,attention,42,yolo_sppf_full_attention256_seed42,YOLO/SPPF Attention-256
test_1,Mouse060_20160526_18-16-27,smoothed_frames,ground_truth,mount,2,13144,13183,40,yolo_sppf,attention,42,yolo_sppf_full_attention256_seed42,YOLO/SPPF Attention-256
test_1,Mouse060_20160526_18-16-27,smoothed_frames,ground_truth,investigation,1,13185,13194,10,yolo_sppf,attention,42,yolo_sppf_full_attention256_seed42,YOLO/SPPF Attention-256
test_1,Mouse060_20160526_18-16-27,smoothed_frames,ground_truth,investigation,1,13487,13502,16,yolo_sppf,attention,42,yolo_sppf_full_attention256_seed42,YOLO/SPPF Attention-256
test_1,Mouse060_20160526_18-16-27,smoothed_frames,ground_truth,investigation,1,13580,13595,16,yolo_sppf,attention,42,yolo_sppf_full_attention256_seed42,YOLO/SPPF Attention-256
test_1,Mouse060_20160526_18-16-27,smoothed_frames,ground_truth,mount,2,13597,13699,103,yolo_sppf,attention,42,yolo_sppf_full_attention256_seed42,YOLO/SPPF Attention-256
test_1,Mouse060_20160526_18-16-27,smoothed_frames,ground_truth,investigation,1,13701,13711,11,yolo_sppf,attention,42,yolo_sppf_full_attention256_seed42,YOLO/SPPF Attention-256
test_1,Mouse060_20160526_18-16-27,smoothed_frames,ground_truth,investigation,1,13870,13908,39,yolo_sppf,attention,42,yolo_sppf_full_attention256_seed42,YOLO/SPPF Attention-256
test_1,Mouse060_20160526_18-16-27,smoothed_frames,ground_truth,investigation,1,14216,14232,17,yolo_sppf,attention,42,yolo_sppf_full_attention256_seed42,YOLO/SPPF Attention-256
test_1,Mouse060_20160526_18-16-27,smoothed_frames,ground_truth,investigation,1,14552,14614,63,yolo_sppf,attention,42,yolo_sppf_full_attention256_seed42,YOLO/SPPF Attention-256
test_1,Mouse060_20160526_18-16-27,smoothed_frames,ground_truth,investigation,1,15121,15347,227,yolo_sppf,attention,42,yolo_sppf_full_attention256_seed42,YOLO/SPPF Attention-256
test_1,Mouse060_20160526_18-16-27,smoothed_frames,ground_truth,investigation,1,15443,15450,8,yolo_sppf,attention,42,yolo_sppf_full_attention256_seed42,YOLO/SPPF Attention-256
test_1,Mouse060_20160526_18-16-27,smoothed_frames,ground_truth,investigation,1,16048,16071,24,yolo_sppf,attention,42,yolo_sppf_full_attention256_seed42,YOLO/SPPF Attention-256
test_1,Mouse060_20160526_18-16-27,smoothed_frames,ground_truth,investigation,1,16365,16388,24,yolo_sppf,attention,42,yolo_sppf_full_attention256_seed42,YOLO/SPPF Attention-256
test_1,Mouse060_20160526_18-16-27,smoothed_frames,ground_truth,investigation,1,16463,16515,53,yolo_sppf,attention,42,yolo_sppf_full_attention256_seed42,YOLO/SPPF Attention-256
test_1,Mouse060_20160526_18-16-27,smoothed_frames,ground_truth,investigation,1,16815,16973,159,yolo_sppf,attention,42,yolo_sppf_full_attention256_seed42,YOLO/SPPF Attention-256
test_1,Mouse060_20160526_18-16-27,smoothed_frames,ground_truth,investigation,1,17079,17165,87,yolo_sppf,attention,42,yolo_sppf_full_attention256_seed42,YOLO/SPPF Attention-256
test_1,Mouse060_20160526_18-16-27,smoothed_frames,ground_truth,investigation,1,17361,17391,31,yolo_sppf,attention,42,yolo_sppf_full_attention256_seed42,YOLO/SPPF Attention-256
test_1,Mouse060_20160526_18-16-27,smoothed_frames,ground_truth,investigation,1,17487,17511,25,yolo_sppf,attention,42,yolo_sppf_full_attention256_seed42,YOLO/SPPF Attention-256
test_1,Mouse060_20160526_18-16-27,smoothed_frames,ground_truth,investigation,1,18011,18014,4,yolo_sppf,attention,42,yolo_sppf_full_attention256_seed42,YOLO/SPPF Attention-256
test_1,Mouse060_20160526_18-16-27,smoothed_frames,ground_truth,investigation,1,18359,18377,19,yolo_sppf,attention,42,yolo_sppf_full_attention256_seed42,YOLO/SPPF Attention-256
test_1,Mouse060_20160526_18-16-27,smoothed_frames,ground_truth,mount,2,18379,18566,188,yolo_sppf,attention,42,yolo_sppf_full_attention256_seed42,YOLO/SPPF Attention-256
test_1,Mouse060_20160526_18-16-27,smoothed_frames,ground_truth,investigation,1,19049,19088,40,yolo_sppf,attention,42,yolo_sppf_full_attention256_seed42,YOLO/SPPF Attention-256
test_1,Mouse060_20160526_18-16-27,smoothed_frames,ground_truth,mount,2,19090,19163,74,yolo_sppf,attention,42,yolo_sppf_full_attention256_seed42,YOLO/SPPF Attention-256
test_1,Mouse060_20160526_18-16-27,smoothed_frames,ground_truth,investigation,1,19165,19187,23,yolo_sppf,attention,42,yolo_sppf_full_attention256_seed42,YOLO/SPPF Attention-256
test_1,Mouse060_20160526_18-16-27,smoothed_frames,ground_truth,investigation,1,19661,19666,6,yolo_sppf,attention,42,yolo_sppf_full_attention256_seed42,YOLO/SPPF Attention-256
test_1,Mouse060_20160526_18-16-27,smoothed_frames,ground_truth,investigation,1,20251,20255,5,yolo_sppf,attention,42,yolo_sppf_full_attention256_seed42,YOLO/SPPF Attention-256
test_1,Mouse060_20160526_18-16-27,smoothed_frames,ground_truth,investigation,1,20319,20434,116,yolo_sppf,attention,42,yolo_sppf_full_attention256_seed42,YOLO/SPPF Attention-256
test_1,Mouse060_20160526_18-16-27,smoothed_frames,ground_truth,investigation,1,20649,20660,12,yolo_sppf,attention,42,yolo_sppf_full_attention256_seed42,YOLO/SPPF Attention-256
test_1,Mouse060_20160526_18-16-27,smoothed_frames,ground_truth,investigation,1,20718,20762,45,yolo_sppf,attention,42,yolo_sppf_full_attention256_seed42,YOLO/SPPF Attention-256
test_1,Mouse060_20160526_18-16-27,smoothed_frames,ground_truth,mount,2,20764,20775,12,yolo_sppf,attention,42,yolo_sppf_full_attention256_seed42,YOLO/SPPF Attention-256
test_1,Mouse060_20160526_18-16-27,smoothed_frames,ground_truth,investigation,1,20900,20908,9,yolo_sppf,attention,42,yolo_sppf_full_attention256_seed42,YOLO/SPPF Attention-256
test_1,Mouse060_20160526_18-16-27,smoothed_frames,ground_truth,investigation,1,21123,21149,27,yolo_sppf,attention,42,yolo_sppf_full_attention256_seed42,YOLO/SPPF Attention-256
test_1,Mouse060_20160526_18-16-27,smoothed_frames,ground_truth,mount,2,21151,21193,43,yolo_sppf,attention,42,yolo_sppf_full_attention256_seed42,YOLO/SPPF Attention-256
test_1,Mouse060_20160526_18-16-27,smoothed_frames,ground_truth,investigation,1,21195,21250,56,yolo_sppf,attention,42,yolo_sppf_full_attention256_seed42,YOLO/SPPF Attention-256
test_1,Mouse060_20160526_18-16-27,smoothed_frames,ground_truth,investigation,1,21264,21290,27,yolo_sppf,attention,42,yolo_sppf_full_attention256_seed42,YOLO/SPPF Attention-256
test_1,Mouse060_20160526_18-16-27,smoothed_frames,ground_truth,investigation,1,21449,21472,24,yolo_sppf,attention,42,yolo_sppf_full_attention256_seed42,YOLO/SPPF Attention-256
test_1,Mouse060_20160526_18-16-27,smoothed_frames,ground_truth,investigation,1,21515,21548,34,yolo_sppf,attention,42,yolo_sppf_full_attention256_seed42,YOLO/SPPF Attention-256
test_1,Mouse060_20160526_18-16-27,smoothed_frames,ground_truth,investigation,1,22071,22090,20,yolo_sppf,attention,42,yolo_sppf_full_attention256_seed42,YOLO/SPPF Attention-256
test_1,Mouse060_20160526_18-16-27,smoothed_frames,ground_truth,investigation,1,22127,22135,9,yolo_sppf,attention,42,yolo_sppf_full_attention256_seed42,YOLO/SPPF Attention-256
test_1,Mouse060_20160526_18-16-27,smoothed_frames,ground_truth,investigation,1,22729,22776,48,yolo_sppf,attention,42,yolo_sppf_full_attention256_seed42,YOLO/SPPF Attention-256
test_1,Mouse060_20160526_18-16-27,smoothed_frames,ground_truth,investigation,1,22972,23011,40,yolo_sppf,attention,42,yolo_sppf_full_attention256_seed42,YOLO/SPPF Attention-256
test_1,Mouse060_20160526_18-16-27,smoothed_frames,ground_truth,mount,2,23013,23050,38,yolo_sppf,attention,42,yolo_sppf_full_attention256_seed42,YOLO/SPPF Attention-256
test_1,Mouse060_20160526_18-16-27,smoothed_frames,ground_truth,investigation,1,23052,23062,11,yolo_sppf,attention,42,yolo_sppf_full_attention256_seed42,YOLO/SPPF Attention-256
test_1,Mouse060_20160526_18-16-27,smoothed_frames,ground_truth,investigation,1,23453,23500,48,yolo_sppf,attention,42,yolo_sppf_full_attention256_seed42,YOLO/SPPF Attention-256
test_1,Mouse060_20160526_18-16-27,smoothed_frames,ground_truth,investigation,1,24189,24228,40,yolo_sppf,attention,42,yolo_sppf_full_attention256_seed42,YOLO/SPPF Attention-256
test_1,Mouse061_20160526_18-38-49,smoothed_frames,ground_truth,investigation,1,5,196,192,yolo_sppf,attention,42,yolo_sppf_full_attention256_seed42,YOLO/SPPF Attention-256
test_1,Mouse061_20160526_18-38-49,smoothed_frames,ground_truth,investigation,1,203,315,113,yolo_sppf,attention,42,yolo_sppf_full_attention256_seed42,YOLO/SPPF Attention-256
test_1,Mouse061_20160526_18-38-49,smoothed_frames,ground_truth,investigation,1,321,715,395,yolo_sppf,attention,42,yolo_sppf_full_attention256_seed42,YOLO/SPPF Attention-256
test_1,Mouse061_20160526_18-38-49,smoothed_frames,ground_truth,investigation,1,732,738,7,yolo_sppf,attention,42,yolo_sppf_full_attention256_seed42,YOLO/SPPF Attention-256
test_1,Mouse061_20160526_18-38-49,smoothed_frames,ground_truth,investigation,1,747,756,10,yolo_sppf,attention,42,yolo_sppf_full_attention256_seed42,YOLO/SPPF Attention-256
test_1,Mouse061_20160526_18-38-49,smoothed_frames,ground_truth,investigation,1,771,826,56,yolo_sppf,attention,42,yolo_sppf_full_attention256_seed42,YOLO/SPPF Attention-256
test_1,Mouse061_20160526_18-38-49,smoothed_frames,ground_truth,investigation,1,935,1134,200,yolo_sppf,attention,42,yolo_sppf_full_attention256_seed42,YOLO/SPPF Attention-256
test_1,Mouse061_20160526_18-38-49,smoothed_frames,ground_truth,investigation,1,1157,1255,99,yolo_sppf,attention,42,yolo_sppf_full_attention256_seed42,YOLO/SPPF Attention-256
test_1,Mouse061_20160526_18-38-49,smoothed_frames,ground_truth,investigation,1,1331,1470,140,yolo_sppf,attention,42,yolo_sppf_full_attention256_seed42,YOLO/SPPF Attention-256
test_1,Mouse061_20160526_18-38-49,smoothed_frames,ground_truth,investigation,1,1491,1498,8,yolo_sppf,attention,42,yolo_sppf_full_attention256_seed42,YOLO/SPPF Attention-256
test_1,Mouse061_20160526_18-38-49,smoothed_frames,ground_truth,investigation,1,1608,1664,57,yolo_sppf,attention,42,yolo_sppf_full_attention256_seed42,YOLO/SPPF Attention-256
test_1,Mouse061_20160526_18-38-49,smoothed_frames,ground_truth,investigation,1,1786,1975,190,yolo_sppf,attention,42,yolo_sppf_full_attention256_seed42,YOLO/SPPF Attention-256
test_1,Mouse061_20160526_18-38-49,smoothed_frames,ground_truth,mount,2,1977,2094,118,yolo_sppf,attention,42,yolo_sppf_full_attention256_seed42,YOLO/SPPF Attention-256
test_1,Mouse061_20160526_18-38-49,smoothed_frames,ground_truth,investigation,1,2129,2234,106,yolo_sppf,attention,42,yolo_sppf_full_attention256_seed42,YOLO/SPPF Attention-256
test_1,Mouse061_20160526_18-38-49,smoothed_frames,ground_truth,investigation,1,2285,2347,63,yolo_sppf,attention,42,yolo_sppf_full_attention256_seed42,YOLO/SPPF Attention-256
test_1,Mouse061_20160526_18-38-49,smoothed_frames,ground_truth,investigation,1,2397,2436,40,yolo_sppf,attention,42,yolo_sppf_full_attention256_seed42,YOLO/SPPF Attention-256
test_1,Mouse061_20160526_18-38-49,smoothed_frames,ground_truth,investigation,1,2508,2765,258,yolo_sppf,attention,42,yolo_sppf_full_attention256_seed42,YOLO/SPPF Attention-256
test_1,Mouse061_20160526_18-38-49,smoothed_frames,ground_truth,investigation,1,2925,2976,52,yolo_sppf,attention,42,yolo_sppf_full_attention256_seed42,YOLO/SPPF Attention-256
test_1,Mouse061_20160526_18-38-49,smoothed_frames,ground_truth,investigation,1,3303,3427,125,yolo_sppf,attention,42,yolo_sppf_full_attention256_seed42,YOLO/SPPF Attention-256
test_1,Mouse061_20160526_18-38-49,smoothed_frames,ground_truth,investigation,1,3613,3692,80,yolo_sppf,attention,42,yolo_sppf_full_attention256_seed42,YOLO/SPPF Attention-256
test_1,Mouse061_20160526_18-38-49,smoothed_frames,ground_truth,investigation,1,3791,3808,18,yolo_sppf,attention,42,yolo_sppf_full_attention256_seed42,YOLO/SPPF Attention-256
test_1,Mouse061_20160526_18-38-49,smoothed_frames,ground_truth,mount,2,3810,5962,2153,yolo_sppf,attention,42,yolo_sppf_full_attention256_seed42,YOLO/SPPF Attention-256
test_1,Mouse061_20160526_18-38-49,smoothed_frames,ground_truth,investigation,1,6139,6262,124,yolo_sppf,attention,42,yolo_sppf_full_attention256_seed42,YOLO/SPPF Attention-256
test_1,Mouse061_20160526_18-38-49,smoothed_frames,ground_truth,investigation,1,6438,6451,14,yolo_sppf,attention,42,yolo_sppf_full_attention256_seed42,YOLO/SPPF Attention-256
test_1,Mouse061_20160526_18-38-49,smoothed_frames,ground_truth,investigation,1,6491,6698,208,yolo_sppf,attention,42,yolo_sppf_full_attention256_seed42,YOLO/SPPF Attention-256
test_1,Mouse061_20160526_18-38-49,smoothed_frames,ground_truth,investigation,1,6724,6742,19,yolo_sppf,attention,42,yolo_sppf_full_attention256_seed42,YOLO/SPPF Attention-256
test_1,Mouse061_20160526_18-38-49,smoothed_frames,ground_truth,investigation,1,6894,6988,95,yolo_sppf,attention,42,yolo_sppf_full_attention256_seed42,YOLO/SPPF Attention-256
test_1,Mouse061_20160526_18-38-49,smoothed_frames,ground_truth,investigation,1,7086,7110,25,yolo_sppf,attention,42,yolo_sppf_full_attention256_seed42,YOLO/SPPF Attention-256
test_1,Mouse061_20160526_18-38-49,smoothed_frames,ground_truth,investigation,1,7164,7202,39,yolo_sppf,attention,42,yolo_sppf_full_attention256_seed42,YOLO/SPPF Attention-256
test_1,Mouse061_20160526_18-38-49,smoothed_frames,ground_truth,mount,2,7204,8031,828,yolo_sppf,attention,42,yolo_sppf_full_attention256_seed42,YOLO/SPPF Attention-256
test_1,Mouse061_20160526_18-38-49,smoothed_frames,ground_truth,investigation,1,8212,8321,110,yolo_sppf,attention,42,yolo_sppf_full_attention256_seed42,YOLO/SPPF Attention-256
test_1,Mouse061_20160526_18-38-49,smoothed_frames,ground_truth,investigation,1,8349,8675,327,yolo_sppf,attention,42,yolo_sppf_full_attention256_seed42,YOLO/SPPF Attention-256
test_1,Mouse061_20160526_18-38-49,smoothed_frames,ground_truth,investigation,1,8842,8944,103,yolo_sppf,attention,42,yolo_sppf_full_attention256_seed42,YOLO/SPPF Attention-256
test_1,Mouse061_20160526_18-38-49,smoothed_frames,ground_truth,investigation,1,8970,9003,34,yolo_sppf,attention,42,yolo_sppf_full_attention256_seed42,YOLO/SPPF Attention-256
test_1,Mouse061_20160526_18-38-49,smoothed_frames,ground_truth,investigation,1,9034,9190,157,yolo_sppf,attention,42,yolo_sppf_full_attention256_seed42,YOLO/SPPF Attention-256
test_1,Mouse061_20160526_18-38-49,smoothed_frames,ground_truth,investigation,1,9521,9551,31,yolo_sppf,attention,42,yolo_sppf_full_attention256_seed42,YOLO/SPPF Attention-256
test_1,Mouse061_20160526_18-38-49,smoothed_frames,ground_truth,mount,2,9553,10218,666,yolo_sppf,attention,42,yolo_sppf_full_attention256_seed42,YOLO/SPPF Attention-256
test_1,Mouse061_20160526_18-38-49,smoothed_frames,ground_truth,investigation,1,10534,10560,27,yolo_sppf,attention,42,yolo_sppf_full_attention256_seed42,YOLO/SPPF Attention-256
test_1,Mouse061_20160526_18-38-49,smoothed_frames,ground_truth,investigation,1,10781,10845,65,yolo_sppf,attention,42,yolo_sppf_full_attention256_seed42,YOLO/SPPF Attention-256
test_1,Mouse061_20160526_18-38-49,smoothed_frames,ground_truth,investigation,1,10976,10996,21,yolo_sppf,attention,42,yolo_sppf_full_attention256_seed42,YOLO/SPPF Attention-256
test_1,Mouse061_20160526_18-38-49,smoothed_frames,ground_truth,investigation,1,11058,11105,48,yolo_sppf,attention,42,yolo_sppf_full_attention256_seed42,YOLO/SPPF Attention-256
test_1,Mouse061_20160526_18-38-49,smoothed_frames,ground_truth,mount,2,11107,11126,20,yolo_sppf,attention,42,yolo_sppf_full_attention256_seed42,YOLO/SPPF Attention-256
test_1,Mouse061_20160526_18-38-49,smoothed_frames,ground_truth,investigation,1,11231,11331,101,yolo_sppf,attention,42,yolo_sppf_full_attention256_seed42,YOLO/SPPF Attention-256
test_1,Mouse061_20160526_18-38-49,smoothed_frames,ground_truth,investigation,1,11349,11369,21,yolo_sppf,attention,42,yolo_sppf_full_attention256_seed42,YOLO/SPPF Attention-256
test_1,Mouse061_20160526_18-38-49,smoothed_frames,ground_truth,investigation,1,11499,11510,12,yolo_sppf,attention,42,yolo_sppf_full_attention256_seed42,YOLO/SPPF Attention-256
test_1,Mouse061_20160526_18-38-49,smoothed_frames,ground_truth,mount,2,11512,12360,849,yolo_sppf,attention,42,yolo_sppf_full_attention256_seed42,YOLO/SPPF Attention-256
test_1,Mouse061_20160526_18-38-49,smoothed_frames,ground_truth,investigation,1,13044,13314,271,yolo_sppf,attention,42,yolo_sppf_full_attention256_seed42,YOLO/SPPF Attention-256
test_1,Mouse061_20160526_18-38-49,smoothed_frames,ground_truth,mount,2,13316,13782,467,yolo_sppf,attention,42,yolo_sppf_full_attention256_seed42,YOLO/SPPF Attention-256
test_1,Mouse061_20160526_18-38-49,smoothed_frames,ground_truth,investigation,1,13978,14093,116,yolo_sppf,attention,42,yolo_sppf_full_attention256_seed42,YOLO/SPPF Attention-256
test_1,Mouse061_20160526_18-38-49,smoothed_frames,ground_truth,investigation,1,14234,14265,32,yolo_sppf,attention,42,yolo_sppf_full_attention256_seed42,YOLO/SPPF Attention-256
test_1,Mouse061_20160526_18-38-49,smoothed_frames,ground_truth,investigation,1,14758,14864,107,yolo_sppf,attention,42,yolo_sppf_full_attention256_seed42,YOLO/SPPF Attention-256
test_1,Mouse061_20160526_18-38-49,smoothed_frames,ground_truth,investigation,1,15072,15126,55,yolo_sppf,attention,42,yolo_sppf_full_attention256_seed42,YOLO/SPPF Attention-256
test_1,Mouse061_20160526_18-38-49,smoothed_frames,ground_truth,mount,2,15128,15191,64,yolo_sppf,attention,42,yolo_sppf_full_attention256_seed42,YOLO/SPPF Attention-256
test_1,Mouse061_20160526_18-38-49,smoothed_frames,ground_truth,investigation,1,15346,15362,17,yolo_sppf,attention,42,yolo_sppf_full_attention256_seed42,YOLO/SPPF Attention-256
test_1,Mouse061_20160526_18-38-49,smoothed_frames,ground_truth,investigation,1,15519,15523,5,yolo_sppf,attention,42,yolo_sppf_full_attention256_seed42,YOLO/SPPF Attention-256
test_1,Mouse061_20160526_18-38-49,smoothed_frames,ground_truth,investigation,1,15624,15642,19,yolo_sppf,attention,42,yolo_sppf_full_attention256_seed42,YOLO/SPPF Attention-256
test_1,Mouse061_20160526_18-38-49,smoothed_frames,ground_truth,investigation,1,16086,16105,20,yolo_sppf,attention,42,yolo_sppf_full_attention256_seed42,YOLO/SPPF Attention-256
test_1,Mouse061_20160526_18-38-49,smoothed_frames,ground_truth,investigation,1,16429,16463,35,yolo_sppf,attention,42,yolo_sppf_full_attention256_seed42,YOLO/SPPF Attention-256
test_1,Mouse061_20160526_18-38-49,smoothed_frames,ground_truth,mount,2,16465,17045,581,yolo_sppf,attention,42,yolo_sppf_full_attention256_seed42,YOLO/SPPF Attention-256
test_1,Mouse061_20160526_18-38-49,smoothed_frames,ground_truth,investigation,1,17085,17151,67,yolo_sppf,attention,42,yolo_sppf_full_attention256_seed42,YOLO/SPPF Attention-256
test_1,Mouse061_20160526_18-38-49,smoothed_frames,ground_truth,investigation,1,17248,17270,23,yolo_sppf,attention,42,yolo_sppf_full_attention256_seed42,YOLO/SPPF Attention-256
test_1,Mouse061_20160526_18-38-49,smoothed_frames,ground_truth,mount,2,17272,17924,653,yolo_sppf,attention,42,yolo_sppf_full_attention256_seed42,YOLO/SPPF Attention-256
test_1,Mouse061_20160526_18-38-49,smoothed_frames,ground_truth,investigation,1,18599,18639,41,yolo_sppf,attention,42,yolo_sppf_full_attention256_seed42,YOLO/SPPF Attention-256
test_1,Mouse062_20160526_18-56-26,smoothed_frames,ground_truth,investigation,1,5,68,64,yolo_sppf,attention,42,yolo_sppf_full_attention256_seed42,YOLO/SPPF Attention-256
test_1,Mouse062_20160526_18-56-26,smoothed_frames,ground_truth,investigation,1,92,152,61,yolo_sppf,attention,42,yolo_sppf_full_attention256_seed42,YOLO/SPPF Attention-256
test_1,Mouse062_20160526_18-56-26,smoothed_frames,ground_truth,investigation,1,180,280,101,yolo_sppf,attention,42,yolo_sppf_full_attention256_seed42,YOLO/SPPF Attention-256
test_1,Mouse062_20160526_18-56-26,smoothed_frames,ground_truth,investigation,1,292,408,117,yolo_sppf,attention,42,yolo_sppf_full_attention256_seed42,YOLO/SPPF Attention-256
test_1,Mouse062_20160526_18-56-26,smoothed_frames,ground_truth,investigation,1,414,917,504,yolo_sppf,attention,42,yolo_sppf_full_attention256_seed42,YOLO/SPPF Attention-256
test_1,Mouse062_20160526_18-56-26,smoothed_frames,ground_truth,investigation,1,999,1225,227,yolo_sppf,attention,42,yolo_sppf_full_attention256_seed42,YOLO/SPPF Attention-256
test_1,Mouse062_20160526_18-56-26,smoothed_frames,ground_truth,investigation,1,1304,1310,7,yolo_sppf,attention,42,yolo_sppf_full_attention256_seed42,YOLO/SPPF Attention-256
test_1,Mouse062_20160526_18-56-26,smoothed_frames,ground_truth,investigation,1,1346,1488,143,yolo_sppf,attention,42,yolo_sppf_full_attention256_seed42,YOLO/SPPF Attention-256
test_1,Mouse062_20160526_18-56-26,smoothed_frames,ground_truth,investigation,1,1511,1703,193,yolo_sppf,attention,42,yolo_sppf_full_attention256_seed42,YOLO/SPPF Attention-256
test_1,Mouse062_20160526_18-56-26,smoothed_frames,ground_truth,investigation,1,1726,1734,9,yolo_sppf,attention,42,yolo_sppf_full_attention256_seed42,YOLO/SPPF Attention-256
test_1,Mouse062_20160526_18-56-26,smoothed_frames,ground_truth,investigation,1,1757,1945,189,yolo_sppf,attention,42,yolo_sppf_full_attention256_seed42,YOLO/SPPF Attention-256
test_1,Mouse062_20160526_18-56-26,smoothed_frames,ground_truth,investigation,1,2000,2204,205,yolo_sppf,attention,42,yolo_sppf_full_attention256_seed42,YOLO/SPPF Attention-256
test_1,Mouse062_20160526_18-56-26,smoothed_frames,ground_truth,investigation,1,2217,2514,298,yolo_sppf,attention,42,yolo_sppf_full_attention256_seed42,YOLO/SPPF Attention-256
test_1,Mouse062_20160526_18-56-26,smoothed_frames,ground_truth,investigation,1,2625,2685,61,yolo_sppf,attention,42,yolo_sppf_full_attention256_seed42,YOLO/SPPF Attention-256
test_1,Mouse062_20160526_18-56-26,smoothed_frames,ground_truth,investigation,1,2888,3019,132,yolo_sppf,attention,42,yolo_sppf_full_attention256_seed42,YOLO/SPPF Attention-256
test_1,Mouse062_20160526_18-56-26,smoothed_frames,ground_truth,investigation,1,3051,3383,333,yolo_sppf,attention,42,yolo_sppf_full_attention256_seed42,YOLO/SPPF Attention-256
test_1,Mouse062_20160526_18-56-26,smoothed_frames,ground_truth,investigation,1,3420,3441,22,yolo_sppf,attention,42,yolo_sppf_full_attention256_seed42,YOLO/SPPF Attention-256
test_1,Mouse062_20160526_18-56-26,smoothed_frames,ground_truth,investigation,1,3603,3640,38,yolo_sppf,attention,42,yolo_sppf_full_attention256_seed42,YOLO/SPPF Attention-256
test_1,Mouse062_20160526_18-56-26,smoothed_frames,ground_truth,investigation,1,3752,4052,301,yolo_sppf,attention,42,yolo_sppf_full_attention256_seed42,YOLO/SPPF Attention-256
test_1,Mouse062_20160526_18-56-26,smoothed_frames,ground_truth,investigation,1,4330,4428,99,yolo_sppf,attention,42,yolo_sppf_full_attention256_seed42,YOLO/SPPF Attention-256
test_1,Mouse062_20160526_18-56-26,smoothed_frames,ground_truth,investigation,1,4452,4481,30,yolo_sppf,attention,42,yolo_sppf_full_attention256_seed42,YOLO/SPPF Attention-256
test_1,Mouse062_20160526_18-56-26,smoothed_frames,ground_truth,investigation,1,4629,4676,48,yolo_sppf,attention,42,yolo_sppf_full_attention256_seed42,YOLO/SPPF Attention-256
test_1,Mouse062_20160526_18-56-26,smoothed_frames,ground_truth,investigation,1,4715,4732,18,yolo_sppf,attention,42,yolo_sppf_full_attention256_seed42,YOLO/SPPF Attention-256
test_1,Mouse062_20160526_18-56-26,smoothed_frames,ground_truth,investigation,1,4792,4991,200,yolo_sppf,attention,42,yolo_sppf_full_attention256_seed42,YOLO/SPPF Attention-256
test_1,Mouse062_20160526_18-56-26,smoothed_frames,ground_truth,investigation,1,5037,5062,26,yolo_sppf,attention,42,yolo_sppf_full_attention256_seed42,YOLO/SPPF Attention-256
test_1,Mouse062_20160526_18-56-26,smoothed_frames,ground_truth,investigation,1,5125,5254,130,yolo_sppf,attention,42,yolo_sppf_full_attention256_seed42,YOLO/SPPF Attention-256
test_1,Mouse062_20160526_18-56-26,smoothed_frames,ground_truth,investigation,1,5393,5476,84,yolo_sppf,attention,42,yolo_sppf_full_attention256_seed42,YOLO/SPPF Attention-256
test_1,Mouse062_20160526_18-56-26,smoothed_frames,ground_truth,investigation,1,5528,5538,11,yolo_sppf,attention,42,yolo_sppf_full_attention256_seed42,YOLO/SPPF Attention-256
test_1,Mouse062_20160526_18-56-26,smoothed_frames,ground_truth,mount,2,5540,5552,13,yolo_sppf,attention,42,yolo_sppf_full_attention256_seed42,YOLO/SPPF Attention-256
test_1,Mouse062_20160526_18-56-26,smoothed_frames,ground_truth,investigation,1,5554,5846,293,yolo_sppf,attention,42,yolo_sppf_full_attention256_seed42,YOLO/SPPF Attention-256
test_1,Mouse062_20160526_18-56-26,smoothed_frames,ground_truth,investigation,1,5900,5942,43,yolo_sppf,attention,42,yolo_sppf_full_attention256_seed42,YOLO/SPPF Attention-256
test_1,Mouse062_20160526_18-56-26,smoothed_frames,ground_truth,investigation,1,6087,6161,75,yolo_sppf,attention,42,yolo_sppf_full_attention256_seed42,YOLO/SPPF Attention-256
test_1,Mouse062_20160526_18-56-26,smoothed_frames,ground_truth,investigation,1,6291,6298,8,yolo_sppf,attention,42,yolo_sppf_full_attention256_seed42,YOLO/SPPF Attention-256
test_1,Mouse062_20160526_18-56-26,smoothed_frames,ground_truth,investigation,1,6377,6449,73,yolo_sppf,attention,42,yolo_sppf_full_attention256_seed42,YOLO/SPPF Attention-256
test_1,Mouse062_20160526_18-56-26,smoothed_frames,ground_truth,investigation,1,6485,6644,160,yolo_sppf,attention,42,yolo_sppf_full_attention256_seed42,YOLO/SPPF Attention-256
test_1,Mouse062_20160526_18-56-26,smoothed_frames,ground_truth,investigation,1,6684,6712,29,yolo_sppf,attention,42,yolo_sppf_full_attention256_seed42,YOLO/SPPF Attention-256
test_1,Mouse062_20160526_18-56-26,smoothed_frames,ground_truth,investigation,1,6792,6815,24,yolo_sppf,attention,42,yolo_sppf_full_attention256_seed42,YOLO/SPPF Attention-256
test_1,Mouse062_20160526_18-56-26,smoothed_frames,ground_truth,investigation,1,6850,7053,204,yolo_sppf,attention,42,yolo_sppf_full_attention256_seed42,YOLO/SPPF Attention-256
test_1,Mouse062_20160526_18-56-26,smoothed_frames,ground_truth,investigation,1,7095,7106,12,yolo_sppf,attention,42,yolo_sppf_full_attention256_seed42,YOLO/SPPF Attention-256
test_1,Mouse062_20160526_18-56-26,smoothed_frames,ground_truth,investigation,1,7218,7230,13,yolo_sppf,attention,42,yolo_sppf_full_attention256_seed42,YOLO/SPPF Attention-256
test_1,Mouse062_20160526_18-56-26,smoothed_frames,ground_truth,investigation,1,7269,7278,10,yolo_sppf,attention,42,yolo_sppf_full_attention256_seed42,YOLO/SPPF Attention-256
test_1,Mouse062_20160526_18-56-26,smoothed_frames,ground_truth,investigation,1,7404,7806,403,yolo_sppf,attention,42,yolo_sppf_full_attention256_seed42,YOLO/SPPF Attention-256
test_1,Mouse062_20160526_18-56-26,smoothed_frames,ground_truth,investigation,1,7902,8058,157,yolo_sppf,attention,42,yolo_sppf_full_attention256_seed42,YOLO/SPPF Attention-256
test_1,Mouse062_20160526_18-56-26,smoothed_frames,ground_truth,investigation,1,8095,8297,203,yolo_sppf,attention,42,yolo_sppf_full_attention256_seed42,YOLO/SPPF Attention-256
test_1,Mouse062_20160526_18-56-26,smoothed_frames,ground_truth,investigation,1,8628,8694,67,yolo_sppf,attention,42,yolo_sppf_full_attention256_seed42,YOLO/SPPF Attention-256
test_1,Mouse062_20160526_18-56-26,smoothed_frames,ground_truth,investigation,1,8785,8810,26,yolo_sppf,attention,42,yolo_sppf_full_attention256_seed42,YOLO/SPPF Attention-256
test_1,Mouse062_20160526_18-56-26,smoothed_frames,ground_truth,investigation,1,8870,8876,7,yolo_sppf,attention,42,yolo_sppf_full_attention256_seed42,YOLO/SPPF Attention-256
test_1,Mouse062_20160526_18-56-26,smoothed_frames,ground_truth,investigation,1,9195,9203,9,yolo_sppf,attention,42,yolo_sppf_full_attention256_seed42,YOLO/SPPF Attention-256
test_1,Mouse062_20160526_18-56-26,smoothed_frames,ground_truth,investigation,1,9270,9307,38,yolo_sppf,attention,42,yolo_sppf_full_attention256_seed42,YOLO/SPPF Attention-256
test_1,Mouse062_20160526_18-56-26,smoothed_frames,ground_truth,investigation,1,9405,9436,32,yolo_sppf,attention,42,yolo_sppf_full_attention256_seed42,YOLO/SPPF Attention-256
test_1,Mouse062_20160526_18-56-26,smoothed_frames,ground_truth,mount,2,9438,9493,56,yolo_sppf,attention,42,yolo_sppf_full_attention256_seed42,YOLO/SPPF Attention-256
test_1,Mouse062_20160526_18-56-26,smoothed_frames,ground_truth,investigation,1,9495,9526,32,yolo_sppf,attention,42,yolo_sppf_full_attention256_seed42,YOLO/SPPF Attention-256
test_1,Mouse062_20160526_18-56-26,smoothed_frames,ground_truth,investigation,1,9534,9784,251,yolo_sppf,attention,42,yolo_sppf_full_attention256_seed42,YOLO/SPPF Attention-256
test_1,Mouse062_20160526_18-56-26,smoothed_frames,ground_truth,investigation,1,9945,10045,101,yolo_sppf,attention,42,yolo_sppf_full_attention256_seed42,YOLO/SPPF Attention-256
test_1,Mouse062_20160526_18-56-26,smoothed_frames,ground_truth,investigation,1,10170,10182,13,yolo_sppf,attention,42,yolo_sppf_full_attention256_seed42,YOLO/SPPF Attention-256
test_1,Mouse062_20160526_18-56-26,smoothed_frames,ground_truth,investigation,1,10417,10485,69,yolo_sppf,attention,42,yolo_sppf_full_attention256_seed42,YOLO/SPPF Attention-256
test_1,Mouse062_20160526_18-56-26,smoothed_frames,ground_truth,investigation,1,10498,10528,31,yolo_sppf,attention,42,yolo_sppf_full_attention256_seed42,YOLO/SPPF Attention-256
test_1,Mouse062_20160526_18-56-26,smoothed_frames,ground_truth,investigation,1,10615,10670,56,yolo_sppf,attention,42,yolo_sppf_full_attention256_seed42,YOLO/SPPF Attention-256
test_1,Mouse062_20160526_18-56-26,smoothed_frames,ground_truth,investigation,1,10694,10711,18,yolo_sppf,attention,42,yolo_sppf_full_attention256_seed42,YOLO/SPPF Attention-256
test_1,Mouse062_20160526_18-56-26,smoothed_frames,ground_truth,investigation,1,10941,11068,128,yolo_sppf,attention,42,yolo_sppf_full_attention256_seed42,YOLO/SPPF Attention-256
test_1,Mouse062_20160526_18-56-26,smoothed_frames,ground_truth,investigation,1,11255,11290,36,yolo_sppf,attention,42,yolo_sppf_full_attention256_seed42,YOLO/SPPF Attention-256
test_1,Mouse062_20160526_18-56-26,smoothed_frames,ground_truth,mount,2,11292,12297,1006,yolo_sppf,attention,42,yolo_sppf_full_attention256_seed42,YOLO/SPPF Attention-256
test_1,Mouse062_20160526_18-56-26,smoothed_frames,ground_truth,investigation,1,12702,12860,159,yolo_sppf,attention,42,yolo_sppf_full_attention256_seed42,YOLO/SPPF Attention-256
test_1,Mouse062_20160526_18-56-26,smoothed_frames,ground_truth,investigation,1,12968,13126,159,yolo_sppf,attention,42,yolo_sppf_full_attention256_seed42,YOLO/SPPF Attention-256
test_1,Mouse062_20160526_18-56-26,smoothed_frames,ground_truth,investigation,1,13202,13383,182,yolo_sppf,attention,42,yolo_sppf_full_attention256_seed42,YOLO/SPPF Attention-256
test_1,Mouse062_20160526_18-56-26,smoothed_frames,ground_truth,investigation,1,13398,13400,3,yolo_sppf,attention,42,yolo_sppf_full_attention256_seed42,YOLO/SPPF Attention-256
test_1,Mouse062_20160526_18-56-26,smoothed_frames,ground_truth,investigation,1,13436,13474,39,yolo_sppf,attention,42,yolo_sppf_full_attention256_seed42,YOLO/SPPF Attention-256
test_1,Mouse062_20160526_18-56-26,smoothed_frames,ground_truth,mount,2,13476,13544,69,yolo_sppf,attention,42,yolo_sppf_full_attention256_seed42,YOLO/SPPF Attention-256
test_1,Mouse062_20160526_18-56-26,smoothed_frames,ground_truth,investigation,1,13581,13613,33,yolo_sppf,attention,42,yolo_sppf_full_attention256_seed42,YOLO/SPPF Attention-256
test_1,Mouse062_20160526_18-56-26,smoothed_frames,ground_truth,investigation,1,13793,13870,78,yolo_sppf,attention,42,yolo_sppf_full_attention256_seed42,YOLO/SPPF Attention-256
test_1,Mouse062_20160526_18-56-26,smoothed_frames,ground_truth,investigation,1,13967,13982,16,yolo_sppf,attention,42,yolo_sppf_full_attention256_seed42,YOLO/SPPF Attention-256
test_1,Mouse062_20160526_18-56-26,smoothed_frames,ground_truth,investigation,1,14272,14297,26,yolo_sppf,attention,42,yolo_sppf_full_attention256_seed42,YOLO/SPPF Attention-256
test_1,Mouse062_20160526_18-56-26,smoothed_frames,ground_truth,mount,2,14299,17951,3653,yolo_sppf,attention,42,yolo_sppf_full_attention256_seed42,YOLO/SPPF Attention-256
test_1,Mouse062_20160526_18-56-26,smoothed_frames,ground_truth,investigation,1,18265,18290,26,yolo_sppf,attention,42,yolo_sppf_full_attention256_seed42,YOLO/SPPF Attention-256
test_1,Mouse062_20160526_18-56-26,smoothed_frames,ground_truth,mount,2,18292,18357,66,yolo_sppf,attention,42,yolo_sppf_full_attention256_seed42,YOLO/SPPF Attention-256
test_1,Mouse062_20160526_18-56-26,smoothed_frames,ground_truth,investigation,1,18390,18409,20,yolo_sppf,attention,42,yolo_sppf_full_attention256_seed42,YOLO/SPPF Attention-256
test_1,Mouse062_20160526_18-56-26,smoothed_frames,ground_truth,investigation,1,18808,18815,8,yolo_sppf,attention,42,yolo_sppf_full_attention256_seed42,YOLO/SPPF Attention-256
test_1,Mouse062_20160526_18-56-26,smoothed_frames,ground_truth,investigation,1,19262,19297,36,yolo_sppf,attention,42,yolo_sppf_full_attention256_seed42,YOLO/SPPF Attention-256
test_1,Mouse062_20160526_18-56-26,smoothed_frames,ground_truth,mount,2,19299,19631,333,yolo_sppf,attention,42,yolo_sppf_full_attention256_seed42,YOLO/SPPF Attention-256
test_1,Mouse063_20160526_19-14-46,smoothed_frames,ground_truth,investigation,1,5,102,98,yolo_sppf,attention,42,yolo_sppf_full_attention256_seed42,YOLO/SPPF Attention-256
test_1,Mouse063_20160526_19-14-46,smoothed_frames,ground_truth,investigation,1,120,234,115,yolo_sppf,attention,42,yolo_sppf_full_attention256_seed42,YOLO/SPPF Attention-256
test_1,Mouse063_20160526_19-14-46,smoothed_frames,ground_truth,investigation,1,250,260,11,yolo_sppf,attention,42,yolo_sppf_full_attention256_seed42,YOLO/SPPF Attention-256
test_1,Mouse063_20160526_19-14-46,smoothed_frames,ground_truth,investigation,1,394,453,60,yolo_sppf,attention,42,yolo_sppf_full_attention256_seed42,YOLO/SPPF Attention-256
test_1,Mouse063_20160526_19-14-46,smoothed_frames,ground_truth,investigation,1,483,488,6,yolo_sppf,attention,42,yolo_sppf_full_attention256_seed42,YOLO/SPPF Attention-256
test_1,Mouse063_20160526_19-14-46,smoothed_frames,ground_truth,investigation,1,526,532,7,yolo_sppf,attention,42,yolo_sppf_full_attention256_seed42,YOLO/SPPF Attention-256
test_1,Mouse063_20160526_19-14-46,smoothed_frames,ground_truth,investigation,1,617,644,28,yolo_sppf,attention,42,yolo_sppf_full_attention256_seed42,YOLO/SPPF Attention-256
test_1,Mouse063_20160526_19-14-46,smoothed_frames,ground_truth,investigation,1,696,818,123,yolo_sppf,attention,42,yolo_sppf_full_attention256_seed42,YOLO/SPPF Attention-256
test_1,Mouse063_20160526_19-14-46,smoothed_frames,ground_truth,investigation,1,903,905,3,yolo_sppf,attention,42,yolo_sppf_full_attention256_seed42,YOLO/SPPF Attention-256
test_1,Mouse063_20160526_19-14-46,smoothed_frames,ground_truth,investigation,1,921,956,36,yolo_sppf,attention,42,yolo_sppf_full_attention256_seed42,YOLO/SPPF Attention-256
test_1,Mouse063_20160526_19-14-46,smoothed_frames,ground_truth,investigation,1,987,1226,240,yolo_sppf,attention,42,yolo_sppf_full_attention256_seed42,YOLO/SPPF Attention-256
test_1,Mouse063_20160526_19-14-46,smoothed_frames,ground_truth,investigation,1,1272,1337,66,yolo_sppf,attention,42,yolo_sppf_full_attention256_seed42,YOLO/SPPF Attention-256
test_1,Mouse063_20160526_19-14-46,smoothed_frames,ground_truth,investigation,1,1581,1606,26,yolo_sppf,attention,42,yolo_sppf_full_attention256_seed42,YOLO/SPPF Attention-256
test_1,Mouse063_20160526_19-14-46,smoothed_frames,ground_truth,mount,2,1608,1635,28,yolo_sppf,attention,42,yolo_sppf_full_attention256_seed42,YOLO/SPPF Attention-256
test_1,Mouse063_20160526_19-14-46,smoothed_frames,ground_truth,investigation,1,1637,1819,183,yolo_sppf,attention,42,yolo_sppf_full_attention256_seed42,YOLO/SPPF Attention-256
test_1,Mouse063_20160526_19-14-46,smoothed_frames,ground_truth,investigation,1,1853,1861,9,yolo_sppf,attention,42,yolo_sppf_full_attention256_seed42,YOLO/SPPF Attention-256
test_1,Mouse063_20160526_19-14-46,smoothed_frames,ground_truth,investigation,1,1967,1985,19,yolo_sppf,attention,42,yolo_sppf_full_attention256_seed42,YOLO/SPPF Attention-256
test_1,Mouse063_20160526_19-14-46,smoothed_frames,ground_truth,mount,2,1987,2014,28,yolo_sppf,attention,42,yolo_sppf_full_attention256_seed42,YOLO/SPPF Attention-256
test_1,Mouse063_20160526_19-14-46,smoothed_frames,ground_truth,investigation,1,2149,2162,14,yolo_sppf,attention,42,yolo_sppf_full_attention256_seed42,YOLO/SPPF Attention-256
test_1,Mouse063_20160526_19-14-46,smoothed_frames,ground_truth,mount,2,2164,2195,32,yolo_sppf,attention,42,yolo_sppf_full_attention256_seed42,YOLO/SPPF Attention-256
test_1,Mouse063_20160526_19-14-46,smoothed_frames,ground_truth,investigation,1,2197,2213,17,yolo_sppf,attention,42,yolo_sppf_full_attention256_seed42,YOLO/SPPF Attention-256
test_1,Mouse063_20160526_19-14-46,smoothed_frames,ground_truth,investigation,1,2780,2783,4,yolo_sppf,attention,42,yolo_sppf_full_attention256_seed42,YOLO/SPPF Attention-256
test_1,Mouse063_20160526_19-14-46,smoothed_frames,ground_truth,investigation,1,2804,2879,76,yolo_sppf,attention,42,yolo_sppf_full_attention256_seed42,YOLO/SPPF Attention-256
test_1,Mouse063_20160526_19-14-46,smoothed_frames,ground_truth,mount,2,2881,2906,26,yolo_sppf,attention,42,yolo_sppf_full_attention256_seed42,YOLO/SPPF Attention-256
test_1,Mouse063_20160526_19-14-46,smoothed_frames,ground_truth,investigation,1,2908,2918,11,yolo_sppf,attention,42,yolo_sppf_full_attention256_seed42,YOLO/SPPF Attention-256
test_1,Mouse063_20160526_19-14-46,smoothed_frames,ground_truth,investigation,1,3056,3067,12,yolo_sppf,attention,42,yolo_sppf_full_attention256_seed42,YOLO/SPPF Attention-256
test_1,Mouse063_20160526_19-14-46,smoothed_frames,ground_truth,mount,2,3069,3190,122,yolo_sppf,attention,42,yolo_sppf_full_attention256_seed42,YOLO/SPPF Attention-256
test_1,Mouse063_20160526_19-14-46,smoothed_frames,ground_truth,investigation,1,3192,3195,4,yolo_sppf,attention,42,yolo_sppf_full_attention256_seed42,YOLO/SPPF Attention-256
test_1,Mouse063_20160526_19-14-46,smoothed_frames,ground_truth,investigation,1,3254,3264,11,yolo_sppf,attention,42,yolo_sppf_full_attention256_seed42,YOLO/SPPF Attention-256
test_1,Mouse063_20160526_19-14-46,smoothed_frames,ground_truth,mount,2,3266,3321,56,yolo_sppf,attention,42,yolo_sppf_full_attention256_seed42,YOLO/SPPF Attention-256
test_1,Mouse063_20160526_19-14-46,smoothed_frames,ground_truth,investigation,1,3704,3717,14,yolo_sppf,attention,42,yolo_sppf_full_attention256_seed42,YOLO/SPPF Attention-256
test_1,Mouse063_20160526_19-14-46,smoothed_frames,ground_truth,investigation,1,3752,3949,198,yolo_sppf,attention,42,yolo_sppf_full_attention256_seed42,YOLO/SPPF Attention-256
test_1,Mouse063_20160526_19-14-46,smoothed_frames,ground_truth,investigation,1,3991,4000,10,yolo_sppf,attention,42,yolo_sppf_full_attention256_seed42,YOLO/SPPF Attention-256
test_1,Mouse063_20160526_19-14-46,smoothed_frames,ground_truth,investigation,1,4486,4533,48,yolo_sppf,attention,42,yolo_sppf_full_attention256_seed42,YOLO/SPPF Attention-256
test_1,Mouse063_20160526_19-14-46,smoothed_frames,ground_truth,mount,2,4535,4549,15,yolo_sppf,attention,42,yolo_sppf_full_attention256_seed42,YOLO/SPPF Attention-256
test_1,Mouse063_20160526_19-14-46,smoothed_frames,ground_truth,investigation,1,4653,4697,45,yolo_sppf,attention,42,yolo_sppf_full_attention256_seed42,YOLO/SPPF Attention-256
test_1,Mouse063_20160526_19-14-46,smoothed_frames,ground_truth,mount,2,4699,4757,59,yolo_sppf,attention,42,yolo_sppf_full_attention256_seed42,YOLO/SPPF Attention-256
test_1,Mouse063_20160526_19-14-46,smoothed_frames,ground_truth,investigation,1,4759,4762,4,yolo_sppf,attention,42,yolo_sppf_full_attention256_seed42,YOLO/SPPF Attention-256
test_1,Mouse063_20160526_19-14-46,smoothed_frames,ground_truth,investigation,1,4982,5000,19,yolo_sppf,attention,42,yolo_sppf_full_attention256_seed42,YOLO/SPPF Attention-256
test_1,Mouse063_20160526_19-14-46,smoothed_frames,ground_truth,mount,2,5002,5067,66,yolo_sppf,attention,42,yolo_sppf_full_attention256_seed42,YOLO/SPPF Attention-256
test_1,Mouse063_20160526_19-14-46,smoothed_frames,ground_truth,investigation,1,5161,5175,15,yolo_sppf,attention,42,yolo_sppf_full_attention256_seed42,YOLO/SPPF Attention-256
test_1,Mouse063_20160526_19-14-46,smoothed_frames,ground_truth,mount,2,5177,5294,118,yolo_sppf,attention,42,yolo_sppf_full_attention256_seed42,YOLO/SPPF Attention-256
test_1,Mouse063_20160526_19-14-46,smoothed_frames,ground_truth,investigation,1,5296,5348,53,yolo_sppf,attention,42,yolo_sppf_full_attention256_seed42,YOLO/SPPF Attention-256
test_1,Mouse063_20160526_19-14-46,smoothed_frames,ground_truth,investigation,1,5455,5469,15,yolo_sppf,attention,42,yolo_sppf_full_attention256_seed42,YOLO/SPPF Attention-256
test_1,Mouse063_20160526_19-14-46,smoothed_frames,ground_truth,mount,2,5471,5480,10,yolo_sppf,attention,42,yolo_sppf_full_attention256_seed42,YOLO/SPPF Attention-256
test_1,Mouse063_20160526_19-14-46,smoothed_frames,ground_truth,investigation,1,5482,5492,11,yolo_sppf,attention,42,yolo_sppf_full_attention256_seed42,YOLO/SPPF Attention-256
test_1,Mouse063_20160526_19-14-46,smoothed_frames,ground_truth,investigation,1,5523,5542,20,yolo_sppf,attention,42,yolo_sppf_full_attention256_seed42,YOLO/SPPF Attention-256
test_1,Mouse063_20160526_19-14-46,smoothed_frames,ground_truth,investigation,1,5742,5778,37,yolo_sppf,attention,42,yolo_sppf_full_attention256_seed42,YOLO/SPPF Attention-256
test_1,Mouse063_20160526_19-14-46,smoothed_frames,ground_truth,mount,2,5780,5818,39,yolo_sppf,attention,42,yolo_sppf_full_attention256_seed42,YOLO/SPPF Attention-256
test_1,Mouse063_20160526_19-14-46,smoothed_frames,ground_truth,investigation,1,5820,5868,49,yolo_sppf,attention,42,yolo_sppf_full_attention256_seed42,YOLO/SPPF Attention-256
test_1,Mouse063_20160526_19-14-46,smoothed_frames,ground_truth,investigation,1,6464,6474,11,yolo_sppf,attention,42,yolo_sppf_full_attention256_seed42,YOLO/SPPF Attention-256
test_1,Mouse063_20160526_19-14-46,smoothed_frames,ground_truth,mount,2,6476,6484,9,yolo_sppf,attention,42,yolo_sppf_full_attention256_seed42,YOLO/SPPF Attention-256
test_1,Mouse063_20160526_19-14-46,smoothed_frames,ground_truth,investigation,1,6486,6576,91,yolo_sppf,attention,42,yolo_sppf_full_attention256_seed42,YOLO/SPPF Attention-256
test_1,Mouse063_20160526_19-14-46,smoothed_frames,ground_truth,mount,2,6578,6609,32,yolo_sppf,attention,42,yolo_sppf_full_attention256_seed42,YOLO/SPPF Attention-256
test_1,Mouse063_20160526_19-14-46,smoothed_frames,ground_truth,investigation,1,6611,6838,228,yolo_sppf,attention,42,yolo_sppf_full_attention256_seed42,YOLO/SPPF Attention-256
test_1,Mouse063_20160526_19-14-46,smoothed_frames,ground_truth,investigation,1,6937,6945,9,yolo_sppf,attention,42,yolo_sppf_full_attention256_seed42,YOLO/SPPF Attention-256
test_1,Mouse063_20160526_19-14-46,smoothed_frames,ground_truth,investigation,1,7207,7309,103,yolo_sppf,attention,42,yolo_sppf_full_attention256_seed42,YOLO/SPPF Attention-256
test_1,Mouse063_20160526_19-14-46,smoothed_frames,ground_truth,investigation,1,7906,7923,18,yolo_sppf,attention,42,yolo_sppf_full_attention256_seed42,YOLO/SPPF Attention-256
test_1,Mouse063_20160526_19-14-46,smoothed_frames,ground_truth,mount,2,7925,7938,14,yolo_sppf,attention,42,yolo_sppf_full_attention256_seed42,YOLO/SPPF Attention-256
test_1,Mouse063_20160526_19-14-46,smoothed_frames,ground_truth,investigation,1,7940,8054,115,yolo_sppf,attention,42,yolo_sppf_full_attention256_seed42,YOLO/SPPF Attention-256
test_1,Mouse063_20160526_19-14-46,smoothed_frames,ground_truth,mount,2,8056,8137,82,yolo_sppf,attention,42,yolo_sppf_full_attention256_seed42,YOLO/SPPF Attention-256
test_1,Mouse063_20160526_19-14-46,smoothed_frames,ground_truth,investigation,1,8139,8147,9,yolo_sppf,attention,42,yolo_sppf_full_attention256_seed42,YOLO/SPPF Attention-256
test_1,Mouse063_20160526_19-14-46,smoothed_frames,ground_truth,mount,2,8149,8159,11,yolo_sppf,attention,42,yolo_sppf_full_attention256_seed42,YOLO/SPPF Attention-256
test_1,Mouse063_20160526_19-14-46,smoothed_frames,ground_truth,investigation,1,8161,8184,24,yolo_sppf,attention,42,yolo_sppf_full_attention256_seed42,YOLO/SPPF Attention-256
test_1,Mouse063_20160526_19-14-46,smoothed_frames,ground_truth,investigation,1,8243,8252,10,yolo_sppf,attention,42,yolo_sppf_full_attention256_seed42,YOLO/SPPF Attention-256
test_1,Mouse063_20160526_19-14-46,smoothed_frames,ground_truth,investigation,1,8709,8767,59,yolo_sppf,attention,42,yolo_sppf_full_attention256_seed42,YOLO/SPPF Attention-256
test_1,Mouse063_20160526_19-14-46,smoothed_frames,ground_truth,investigation,1,8949,8958,10,yolo_sppf,attention,42,yolo_sppf_full_attention256_seed42,YOLO/SPPF Attention-256
test_1,Mouse063_20160526_19-14-46,smoothed_frames,ground_truth,mount,2,8960,9018,59,yolo_sppf,attention,42,yolo_sppf_full_attention256_seed42,YOLO/SPPF Attention-256
test_1,Mouse063_20160526_19-14-46,smoothed_frames,ground_truth,investigation,1,9156,9162,7,yolo_sppf,attention,42,yolo_sppf_full_attention256_seed42,YOLO/SPPF Attention-256
test_1,Mouse063_20160526_19-14-46,smoothed_frames,ground_truth,mount,2,9164,9170,7,yolo_sppf,attention,42,yolo_sppf_full_attention256_seed42,YOLO/SPPF Attention-256
test_1,Mouse063_20160526_19-14-46,smoothed_frames,ground_truth,investigation,1,9172,9179,8,yolo_sppf,attention,42,yolo_sppf_full_attention256_seed42,YOLO/SPPF Attention-256
test_1,Mouse063_20160526_19-14-46,smoothed_frames,ground_truth,mount,2,9181,9184,4,yolo_sppf,attention,42,yolo_sppf_full_attention256_seed42,YOLO/SPPF Attention-256
test_1,Mouse063_20160526_19-14-46,smoothed_frames,ground_truth,investigation,1,9186,9297,112,yolo_sppf,attention,42,yolo_sppf_full_attention256_seed42,YOLO/SPPF Attention-256
test_1,Mouse063_20160526_19-14-46,smoothed_frames,ground_truth,investigation,1,9386,9389,4,yolo_sppf,attention,42,yolo_sppf_full_attention256_seed42,YOLO/SPPF Attention-256
test_1,Mouse063_20160526_19-14-46,smoothed_frames,ground_truth,investigation,1,9649,9657,9,yolo_sppf,attention,42,yolo_sppf_full_attention256_seed42,YOLO/SPPF Attention-256
test_1,Mouse063_20160526_19-14-46,smoothed_frames,ground_truth,mount,2,9659,9676,18,yolo_sppf,attention,42,yolo_sppf_full_attention256_seed42,YOLO/SPPF Attention-256
test_1,Mouse063_20160526_19-14-46,smoothed_frames,ground_truth,investigation,1,9736,9750,15,yolo_sppf,attention,42,yolo_sppf_full_attention256_seed42,YOLO/SPPF Attention-256
test_1,Mouse063_20160526_19-14-46,smoothed_frames,ground_truth,investigation,1,9801,9813,13,yolo_sppf,attention,42,yolo_sppf_full_attention256_seed42,YOLO/SPPF Attention-256
test_1,Mouse063_20160526_19-14-46,smoothed_frames,ground_truth,investigation,1,9942,9956,15,yolo_sppf,attention,42,yolo_sppf_full_attention256_seed42,YOLO/SPPF Attention-256
test_1,Mouse063_20160526_19-14-46,smoothed_frames,ground_truth,investigation,1,10308,10321,14,yolo_sppf,attention,42,yolo_sppf_full_attention256_seed42,YOLO/SPPF Attention-256
test_1,Mouse063_20160526_19-14-46,smoothed_frames,ground_truth,mount,2,10323,10337,15,yolo_sppf,attention,42,yolo_sppf_full_attention256_seed42,YOLO/SPPF Attention-256
test_1,Mouse063_20160526_19-14-46,smoothed_frames,ground_truth,investigation,1,10339,10363,25,yolo_sppf,attention,42,yolo_sppf_full_attention256_seed42,YOLO/SPPF Attention-256
test_1,Mouse063_20160526_19-14-46,smoothed_frames,ground_truth,investigation,1,10487,10495,9,yolo_sppf,attention,42,yolo_sppf_full_attention256_seed42,YOLO/SPPF Attention-256
test_1,Mouse063_20160526_19-14-46,smoothed_frames,ground_truth,investigation,1,10601,10615,15,yolo_sppf,attention,42,yolo_sppf_full_attention256_seed42,YOLO/SPPF Attention-256
test_1,Mouse063_20160526_19-14-46,smoothed_frames,ground_truth,investigation,1,10718,10732,15,yolo_sppf,attention,42,yolo_sppf_full_attention256_seed42,YOLO/SPPF Attention-256
test_1,Mouse063_20160526_19-14-46,smoothed_frames,ground_truth,mount,2,10734,10767,34,yolo_sppf,attention,42,yolo_sppf_full_attention256_seed42,YOLO/SPPF Attention-256
test_1,Mouse063_20160526_19-14-46,smoothed_frames,ground_truth,investigation,1,10769,10782,14,yolo_sppf,attention,42,yolo_sppf_full_attention256_seed42,YOLO/SPPF Attention-256
test_1,Mouse063_20160526_19-14-46,smoothed_frames,ground_truth,mount,2,10784,10800,17,yolo_sppf,attention,42,yolo_sppf_full_attention256_seed42,YOLO/SPPF Attention-256
test_1,Mouse063_20160526_19-14-46,smoothed_frames,ground_truth,investigation,1,10968,10976,9,yolo_sppf,attention,42,yolo_sppf_full_attention256_seed42,YOLO/SPPF Attention-256
test_1,Mouse063_20160526_19-14-46,smoothed_frames,ground_truth,investigation,1,11038,11068,31,yolo_sppf,attention,42,yolo_sppf_full_attention256_seed42,YOLO/SPPF Attention-256
test_1,Mouse063_20160526_19-14-46,smoothed_frames,ground_truth,mount,2,11070,11078,9,yolo_sppf,attention,42,yolo_sppf_full_attention256_seed42,YOLO/SPPF Attention-256
test_1,Mouse063_20160526_19-14-46,smoothed_frames,ground_truth,investigation,1,11376,11387,12,yolo_sppf,attention,42,yolo_sppf_full_attention256_seed42,YOLO/SPPF Attention-256
test_1,Mouse063_20160526_19-14-46,smoothed_frames,ground_truth,mount,2,11389,11394,6,yolo_sppf,attention,42,yolo_sppf_full_attention256_seed42,YOLO/SPPF Attention-256
test_1,Mouse063_20160526_19-14-46,smoothed_frames,ground_truth,investigation,1,11396,11490,95,yolo_sppf,attention,42,yolo_sppf_full_attention256_seed42,YOLO/SPPF Attention-256
test_1,Mouse063_20160526_19-14-46,smoothed_frames,ground_truth,investigation,1,11666,11686,21,yolo_sppf,attention,42,yolo_sppf_full_attention256_seed42,YOLO/SPPF Attention-256
test_1,Mouse063_20160526_19-14-46,smoothed_frames,ground_truth,investigation,1,12147,12170,24,yolo_sppf,attention,42,yolo_sppf_full_attention256_seed42,YOLO/SPPF Attention-256
test_1,Mouse063_20160526_19-14-46,smoothed_frames,ground_truth,mount,2,12172,12189,18,yolo_sppf,attention,42,yolo_sppf_full_attention256_seed42,YOLO/SPPF Attention-256
test_1,Mouse063_20160526_19-14-46,smoothed_frames,ground_truth,investigation,1,12461,12485,25,yolo_sppf,attention,42,yolo_sppf_full_attention256_seed42,YOLO/SPPF Attention-256
test_1,Mouse063_20160526_19-14-46,smoothed_frames,ground_truth,mount,2,12487,12501,15,yolo_sppf,attention,42,yolo_sppf_full_attention256_seed42,YOLO/SPPF Attention-256
test_1,Mouse063_20160526_19-14-46,smoothed_frames,ground_truth,investigation,1,12503,12512,10,yolo_sppf,attention,42,yolo_sppf_full_attention256_seed42,YOLO/SPPF Attention-256
test_1,Mouse063_20160526_19-14-46,smoothed_frames,ground_truth,investigation,1,12745,12756,12,yolo_sppf,attention,42,yolo_sppf_full_attention256_seed42,YOLO/SPPF Attention-256
test_1,Mouse063_20160526_19-14-46,smoothed_frames,ground_truth,mount,2,12758,12770,13,yolo_sppf,attention,42,yolo_sppf_full_attention256_seed42,YOLO/SPPF Attention-256
test_1,Mouse063_20160526_19-14-46,smoothed_frames,ground_truth,investigation,1,12772,12781,10,yolo_sppf,attention,42,yolo_sppf_full_attention256_seed42,YOLO/SPPF Attention-256
test_1,Mouse063_20160526_19-14-46,smoothed_frames,ground_truth,mount,2,12783,13102,320,yolo_sppf,attention,42,yolo_sppf_full_attention256_seed42,YOLO/SPPF Attention-256
test_1,Mouse063_20160526_19-14-46,smoothed_frames,ground_truth,investigation,1,13480,13487,8,yolo_sppf,attention,42,yolo_sppf_full_attention256_seed42,YOLO/SPPF Attention-256
test_1,Mouse063_20160526_19-14-46,smoothed_frames,ground_truth,mount,2,13489,13503,15,yolo_sppf,attention,42,yolo_sppf_full_attention256_seed42,YOLO/SPPF Attention-256
test_1,Mouse063_20160526_19-14-46,smoothed_frames,ground_truth,investigation,1,13505,13741,237,yolo_sppf,attention,42,yolo_sppf_full_attention256_seed42,YOLO/SPPF Attention-256
test_1,Mouse063_20160526_19-14-46,smoothed_frames,ground_truth,investigation,1,13804,13812,9,yolo_sppf,attention,42,yolo_sppf_full_attention256_seed42,YOLO/SPPF Attention-256
test_1,Mouse063_20160526_19-14-46,smoothed_frames,ground_truth,investigation,1,14064,14086,23,yolo_sppf,attention,42,yolo_sppf_full_attention256_seed42,YOLO/SPPF Attention-256
test_1,Mouse063_20160526_19-14-46,smoothed_frames,ground_truth,mount,2,14088,14092,5,yolo_sppf,attention,42,yolo_sppf_full_attention256_seed42,YOLO/SPPF Attention-256
test_1,Mouse063_20160526_19-14-46,smoothed_frames,ground_truth,investigation,1,14094,14134,41,yolo_sppf,attention,42,yolo_sppf_full_attention256_seed42,YOLO/SPPF Attention-256
test_1,Mouse063_20160526_19-14-46,smoothed_frames,ground_truth,mount,2,14136,14147,12,yolo_sppf,attention,42,yolo_sppf_full_attention256_seed42,YOLO/SPPF Attention-256
test_1,Mouse063_20160526_19-14-46,smoothed_frames,ground_truth,investigation,1,14149,14166,18,yolo_sppf,attention,42,yolo_sppf_full_attention256_seed42,YOLO/SPPF Attention-256
test_1,Mouse063_20160526_19-14-46,smoothed_frames,ground_truth,investigation,1,14831,14902,72,yolo_sppf,attention,42,yolo_sppf_full_attention256_seed42,YOLO/SPPF Attention-256
test_1,Mouse063_20160526_19-14-46,smoothed_frames,ground_truth,mount,2,14904,14921,18,yolo_sppf,attention,42,yolo_sppf_full_attention256_seed42,YOLO/SPPF Attention-256
test_1,Mouse063_20160526_19-14-46,smoothed_frames,ground_truth,investigation,1,14923,14933,11,yolo_sppf,attention,42,yolo_sppf_full_attention256_seed42,YOLO/SPPF Attention-256
test_1,Mouse063_20160526_19-14-46,smoothed_frames,ground_truth,investigation,1,14956,14962,7,yolo_sppf,attention,42,yolo_sppf_full_attention256_seed42,YOLO/SPPF Attention-256
test_1,Mouse063_20160526_19-14-46,smoothed_frames,ground_truth,mount,2,14964,14971,8,yolo_sppf,attention,42,yolo_sppf_full_attention256_seed42,YOLO/SPPF Attention-256
test_1,Mouse063_20160526_19-14-46,smoothed_frames,ground_truth,investigation,1,14973,14979,7,yolo_sppf,attention,42,yolo_sppf_full_attention256_seed42,YOLO/SPPF Attention-256
test_1,Mouse063_20160526_19-14-46,smoothed_frames,ground_truth,mount,2,14981,15082,102,yolo_sppf,attention,42,yolo_sppf_full_attention256_seed42,YOLO/SPPF Attention-256
test_1,Mouse063_20160526_19-14-46,smoothed_frames,ground_truth,investigation,1,15084,15098,15,yolo_sppf,attention,42,yolo_sppf_full_attention256_seed42,YOLO/SPPF Attention-256
test_1,Mouse063_20160526_19-14-46,smoothed_frames,ground_truth,investigation,1,15296,15308,13,yolo_sppf,attention,42,yolo_sppf_full_attention256_seed42,YOLO/SPPF Attention-256
test_1,Mouse063_20160526_19-14-46,smoothed_frames,ground_truth,investigation,1,15545,15573,29,yolo_sppf,attention,42,yolo_sppf_full_attention256_seed42,YOLO/SPPF Attention-256
test_1,Mouse063_20160526_19-14-46,smoothed_frames,ground_truth,investigation,1,15983,16083,101,yolo_sppf,attention,42,yolo_sppf_full_attention256_seed42,YOLO/SPPF Attention-256
test_1,Mouse063_20160526_19-14-46,smoothed_frames,ground_truth,mount,2,16085,16307,223,yolo_sppf,attention,42,yolo_sppf_full_attention256_seed42,YOLO/SPPF Attention-256
test_1,Mouse063_20160526_19-14-46,smoothed_frames,ground_truth,investigation,1,16309,16329,21,yolo_sppf,attention,42,yolo_sppf_full_attention256_seed42,YOLO/SPPF Attention-256
test_1,Mouse063_20160526_19-14-46,smoothed_frames,ground_truth,mount,2,16331,16348,18,yolo_sppf,attention,42,yolo_sppf_full_attention256_seed42,YOLO/SPPF Attention-256
test_1,Mouse063_20160526_19-14-46,smoothed_frames,ground_truth,investigation,1,16742,16748,7,yolo_sppf,attention,42,yolo_sppf_full_attention256_seed42,YOLO/SPPF Attention-256
test_1,Mouse063_20160526_19-14-46,smoothed_frames,ground_truth,investigation,1,16986,17008,23,yolo_sppf,attention,42,yolo_sppf_full_attention256_seed42,YOLO/SPPF Attention-256
test_1,Mouse063_20160526_19-14-46,smoothed_frames,ground_truth,mount,2,17010,17072,63,yolo_sppf,attention,42,yolo_sppf_full_attention256_seed42,YOLO/SPPF Attention-256
test_1,Mouse063_20160526_19-14-46,smoothed_frames,ground_truth,investigation,1,17074,17089,16,yolo_sppf,attention,42,yolo_sppf_full_attention256_seed42,YOLO/SPPF Attention-256
test_1,Mouse063_20160526_19-14-46,smoothed_frames,ground_truth,investigation,1,17162,17171,10,yolo_sppf,attention,42,yolo_sppf_full_attention256_seed42,YOLO/SPPF Attention-256
test_1,Mouse063_20160526_19-14-46,smoothed_frames,ground_truth,investigation,1,17618,17640,23,yolo_sppf,attention,42,yolo_sppf_full_attention256_seed42,YOLO/SPPF Attention-256
test_1,Mouse063_20160526_19-14-46,smoothed_frames,ground_truth,mount,2,17642,17707,66,yolo_sppf,attention,42,yolo_sppf_full_attention256_seed42,YOLO/SPPF Attention-256
test_1,Mouse063_20160526_19-14-46,smoothed_frames,ground_truth,investigation,1,17899,17911,13,yolo_sppf,attention,42,yolo_sppf_full_attention256_seed42,YOLO/SPPF Attention-256
test_1,Mouse063_20160526_19-14-46,smoothed_frames,ground_truth,mount,2,17913,17918,6,yolo_sppf,attention,42,yolo_sppf_full_attention256_seed42,YOLO/SPPF Attention-256
test_1,Mouse063_20160526_19-14-46,smoothed_frames,ground_truth,investigation,1,17920,17942,23,yolo_sppf,attention,42,yolo_sppf_full_attention256_seed42,YOLO/SPPF Attention-256
test_1,Mouse063_20160526_19-14-46,smoothed_frames,ground_truth,mount,2,17944,17958,15,yolo_sppf,attention,42,yolo_sppf_full_attention256_seed42,YOLO/SPPF Attention-256
test_1,Mouse063_20160526_19-14-46,smoothed_frames,ground_truth,investigation,1,17960,17972,13,yolo_sppf,attention,42,yolo_sppf_full_attention256_seed42,YOLO/SPPF Attention-256
test_1,Mouse063_20160526_19-14-46,smoothed_frames,ground_truth,investigation,1,17980,17987,8,yolo_sppf,attention,42,yolo_sppf_full_attention256_seed42,YOLO/SPPF Attention-256
test_1,Mouse063_20160526_19-14-46,smoothed_frames,ground_truth,investigation,1,18429,18464,36,yolo_sppf,attention,42,yolo_sppf_full_attention256_seed42,YOLO/SPPF Attention-256
test_1,Mouse063_20160526_19-14-46,smoothed_frames,ground_truth,mount,2,18466,18792,327,yolo_sppf,attention,42,yolo_sppf_full_attention256_seed42,YOLO/SPPF Attention-256
test_1,Mouse063_20160526_19-14-46,smoothed_frames,ground_truth,investigation,1,18914,18923,10,yolo_sppf,attention,42,yolo_sppf_full_attention256_seed42,YOLO/SPPF Attention-256
test_1,Mouse063_20160526_19-14-46,smoothed_frames,ground_truth,investigation,1,19173,19178,6,yolo_sppf,attention,42,yolo_sppf_full_attention256_seed42,YOLO/SPPF Attention-256
test_1,Mouse069_20160709_16-02-03,smoothed_frames,ground_truth,investigation,1,5,239,235,yolo_sppf,attention,42,yolo_sppf_full_attention256_seed42,YOLO/SPPF Attention-256
test_1,Mouse069_20160709_16-02-03,smoothed_frames,ground_truth,investigation,1,272,477,206,yolo_sppf,attention,42,yolo_sppf_full_attention256_seed42,YOLO/SPPF Attention-256
test_1,Mouse069_20160709_16-02-03,smoothed_frames,ground_truth,investigation,1,565,874,310,yolo_sppf,attention,42,yolo_sppf_full_attention256_seed42,YOLO/SPPF Attention-256
test_1,Mouse069_20160709_16-02-03,smoothed_frames,ground_truth,mount,2,876,907,32,yolo_sppf,attention,42,yolo_sppf_full_attention256_seed42,YOLO/SPPF Attention-256
test_1,Mouse069_20160709_16-02-03,smoothed_frames,ground_truth,attack,0,909,979,71,yolo_sppf,attention,42,yolo_sppf_full_attention256_seed42,YOLO/SPPF Attention-256
test_1,Mouse069_20160709_16-02-03,smoothed_frames,ground_truth,investigation,1,1001,1043,43,yolo_sppf,attention,42,yolo_sppf_full_attention256_seed42,YOLO/SPPF Attention-256
test_1,Mouse069_20160709_16-02-03,smoothed_frames,ground_truth,attack,0,1045,1123,79,yolo_sppf,attention,42,yolo_sppf_full_attention256_seed42,YOLO/SPPF Attention-256
test_1,Mouse069_20160709_16-02-03,smoothed_frames,ground_truth,investigation,1,1125,1148,24,yolo_sppf,attention,42,yolo_sppf_full_attention256_seed42,YOLO/SPPF Attention-256
test_1,Mouse069_20160709_16-02-03,smoothed_frames,ground_truth,attack,0,1150,1192,43,yolo_sppf,attention,42,yolo_sppf_full_attention256_seed42,YOLO/SPPF Attention-256
test_1,Mouse069_20160709_16-02-03,smoothed_frames,ground_truth,investigation,1,1194,1206,13,yolo_sppf,attention,42,yolo_sppf_full_attention256_seed42,YOLO/SPPF Attention-256
test_1,Mouse069_20160709_16-02-03,smoothed_frames,ground_truth,attack,0,1208,1233,26,yolo_sppf,attention,42,yolo_sppf_full_attention256_seed42,YOLO/SPPF Attention-256
test_1,Mouse069_20160709_16-02-03,smoothed_frames,ground_truth,investigation,1,1235,1259,25,yolo_sppf,attention,42,yolo_sppf_full_attention256_seed42,YOLO/SPPF Attention-256
test_1,Mouse069_20160709_16-02-03,smoothed_frames,ground_truth,attack,0,1261,1309,49,yolo_sppf,attention,42,yolo_sppf_full_attention256_seed42,YOLO/SPPF Attention-256
test_1,Mouse069_20160709_16-02-03,smoothed_frames,ground_truth,investigation,1,1311,1351,41,yolo_sppf,attention,42,yolo_sppf_full_attention256_seed42,YOLO/SPPF Attention-256
test_1,Mouse069_20160709_16-02-03,smoothed_frames,ground_truth,attack,0,1353,1584,232,yolo_sppf,attention,42,yolo_sppf_full_attention256_seed42,YOLO/SPPF Attention-256
test_1,Mouse069_20160709_16-02-03,smoothed_frames,ground_truth,investigation,1,1586,1649,64,yolo_sppf,attention,42,yolo_sppf_full_attention256_seed42,YOLO/SPPF Attention-256
test_1,Mouse069_20160709_16-02-03,smoothed_frames,ground_truth,investigation,1,2138,2170,33,yolo_sppf,attention,42,yolo_sppf_full_attention256_seed42,YOLO/SPPF Attention-256
test_1,Mouse069_20160709_16-02-03,smoothed_frames,ground_truth,investigation,1,3128,3167,40,yolo_sppf,attention,42,yolo_sppf_full_attention256_seed42,YOLO/SPPF Attention-256
test_1,Mouse069_20160709_16-02-03,smoothed_frames,ground_truth,investigation,1,3294,3728,435,yolo_sppf,attention,42,yolo_sppf_full_attention256_seed42,YOLO/SPPF Attention-256
test_1,Mouse069_20160709_16-02-03,smoothed_frames,ground_truth,investigation,1,3783,3826,44,yolo_sppf,attention,42,yolo_sppf_full_attention256_seed42,YOLO/SPPF Attention-256
test_1,Mouse069_20160709_16-02-03,smoothed_frames,ground_truth,attack,0,3828,3958,131,yolo_sppf,attention,42,yolo_sppf_full_attention256_seed42,YOLO/SPPF Attention-256
test_1,Mouse069_20160709_16-02-03,smoothed_frames,ground_truth,investigation,1,3960,3968,9,yolo_sppf,attention,42,yolo_sppf_full_attention256_seed42,YOLO/SPPF Attention-256
test_1,Mouse069_20160709_16-02-03,smoothed_frames,ground_truth,attack,0,3970,4160,191,yolo_sppf,attention,42,yolo_sppf_full_attention256_seed42,YOLO/SPPF Attention-256
test_1,Mouse069_20160709_16-02-03,smoothed_frames,ground_truth,investigation,1,4313,4318,6,yolo_sppf,attention,42,yolo_sppf_full_attention256_seed42,YOLO/SPPF Attention-256
test_1,Mouse069_20160709_16-02-03,smoothed_frames,ground_truth,attack,0,4320,4393,74,yolo_sppf,attention,42,yolo_sppf_full_attention256_seed42,YOLO/SPPF Attention-256
test_1,Mouse069_20160709_16-02-03,smoothed_frames,ground_truth,investigation,1,4467,4476,10,yolo_sppf,attention,42,yolo_sppf_full_attention256_seed42,YOLO/SPPF Attention-256
test_1,Mouse069_20160709_16-02-03,smoothed_frames,ground_truth,attack,0,4478,4683,206,yolo_sppf,attention,42,yolo_sppf_full_attention256_seed42,YOLO/SPPF Attention-256
test_1,Mouse069_20160709_16-02-03,smoothed_frames,ground_truth,attack,0,4697,4870,174,yolo_sppf,attention,42,yolo_sppf_full_attention256_seed42,YOLO/SPPF Attention-256
test_1,Mouse069_20160709_16-02-03,smoothed_frames,ground_truth,investigation,1,4872,4882,11,yolo_sppf,attention,42,yolo_sppf_full_attention256_seed42,YOLO/SPPF Attention-256
test_1,Mouse069_20160709_16-02-03,smoothed_frames,ground_truth,investigation,1,7489,7522,34,yolo_sppf,attention,42,yolo_sppf_full_attention256_seed42,YOLO/SPPF Attention-256
test_1,Mouse069_20160709_16-02-03,smoothed_frames,ground_truth,investigation,1,7849,7906,58,yolo_sppf,attention,42,yolo_sppf_full_attention256_seed42,YOLO/SPPF Attention-256
test_1,Mouse069_20160709_16-02-03,smoothed_frames,ground_truth,investigation,1,8245,8266,22,yolo_sppf,attention,42,yolo_sppf_full_attention256_seed42,YOLO/SPPF Attention-256
test_1,Mouse069_20160709_16-02-03,smoothed_frames,ground_truth,investigation,1,8440,8457,18,yolo_sppf,attention,42,yolo_sppf_full_attention256_seed42,YOLO/SPPF Attention-256
test_1,Mouse069_20160709_16-02-03,smoothed_frames,ground_truth,investigation,1,8695,8791,97,yolo_sppf,attention,42,yolo_sppf_full_attention256_seed42,YOLO/SPPF Attention-256
test_1,Mouse069_20160709_16-02-03,smoothed_frames,ground_truth,investigation,1,8867,9133,267,yolo_sppf,attention,42,yolo_sppf_full_attention256_seed42,YOLO/SPPF Attention-256
test_1,Mouse069_20160709_16-02-03,smoothed_frames,ground_truth,investigation,1,9368,9399,32,yolo_sppf,attention,42,yolo_sppf_full_attention256_seed42,YOLO/SPPF Attention-256
test_1,Mouse069_20160709_16-02-03,smoothed_frames,ground_truth,investigation,1,9572,9594,23,yolo_sppf,attention,42,yolo_sppf_full_attention256_seed42,YOLO/SPPF Attention-256
test_1,Mouse069_20160709_16-02-03,smoothed_frames,ground_truth,investigation,1,9736,9758,23,yolo_sppf,attention,42,yolo_sppf_full_attention256_seed42,YOLO/SPPF Attention-256
test_1,Mouse069_20160709_16-02-03,smoothed_frames,ground_truth,investigation,1,9889,9899,11,yolo_sppf,attention,42,yolo_sppf_full_attention256_seed42,YOLO/SPPF Attention-256
test_1,Mouse069_20160709_16-02-03,smoothed_frames,ground_truth,investigation,1,10035,10047,13,yolo_sppf,attention,42,yolo_sppf_full_attention256_seed42,YOLO/SPPF Attention-256
test_1,Mouse069_20160709_16-02-03,smoothed_frames,ground_truth,investigation,1,10438,10489,52,yolo_sppf,attention,42,yolo_sppf_full_attention256_seed42,YOLO/SPPF Attention-256
test_1,Mouse069_20160709_16-02-03,smoothed_frames,ground_truth,attack,0,10491,10766,276,yolo_sppf,attention,42,yolo_sppf_full_attention256_seed42,YOLO/SPPF Attention-256
test_1,Mouse069_20160709_16-02-03,smoothed_frames,ground_truth,investigation,1,10810,10810,1,yolo_sppf,attention,42,yolo_sppf_full_attention256_seed42,YOLO/SPPF Attention-256
test_1,Mouse069_20160709_16-02-03,smoothed_frames,ground_truth,attack,0,10812,10966,155,yolo_sppf,attention,42,yolo_sppf_full_attention256_seed42,YOLO/SPPF Attention-256
test_1,Mouse069_20160709_16-02-03,smoothed_frames,ground_truth,investigation,1,11030,11031,2,yolo_sppf,attention,42,yolo_sppf_full_attention256_seed42,YOLO/SPPF Attention-256
test_1,Mouse069_20160709_16-02-03,smoothed_frames,ground_truth,attack,0,11033,11072,40,yolo_sppf,attention,42,yolo_sppf_full_attention256_seed42,YOLO/SPPF Attention-256
test_1,Mouse069_20160709_16-02-03,smoothed_frames,ground_truth,investigation,1,11132,11134,3,yolo_sppf,attention,42,yolo_sppf_full_attention256_seed42,YOLO/SPPF Attention-256
test_1,Mouse069_20160709_16-02-03,smoothed_frames,ground_truth,attack,0,11136,11231,96,yolo_sppf,attention,42,yolo_sppf_full_attention256_seed42,YOLO/SPPF Attention-256
test_1,Mouse069_20160709_16-02-03,smoothed_frames,ground_truth,investigation,1,11233,11267,35,yolo_sppf,attention,42,yolo_sppf_full_attention256_seed42,YOLO/SPPF Attention-256
test_1,Mouse069_20160709_16-02-03,smoothed_frames,ground_truth,investigation,1,11309,11315,7,yolo_sppf,attention,42,yolo_sppf_full_attention256_seed42,YOLO/SPPF Attention-256
test_1,Mouse069_20160709_16-02-03,smoothed_frames,ground_truth,attack,0,11317,11324,8,yolo_sppf,attention,42,yolo_sppf_full_attention256_seed42,YOLO/SPPF Attention-256
test_1,Mouse069_20160709_16-02-03,smoothed_frames,ground_truth,investigation,1,11326,11338,13,yolo_sppf,attention,42,yolo_sppf_full_attention256_seed42,YOLO/SPPF Attention-256
test_1,Mouse069_20160709_16-02-03,smoothed_frames,ground_truth,investigation,1,11418,11473,56,yolo_sppf,attention,42,yolo_sppf_full_attention256_seed42,YOLO/SPPF Attention-256
test_1,Mouse069_20160709_16-02-03,smoothed_frames,ground_truth,attack,0,11686,11696,11,yolo_sppf,attention,42,yolo_sppf_full_attention256_seed42,YOLO/SPPF Attention-256
test_1,Mouse069_20160709_16-02-03,smoothed_frames,ground_truth,investigation,1,11747,11764,18,yolo_sppf,attention,42,yolo_sppf_full_attention256_seed42,YOLO/SPPF Attention-256
test_1,Mouse069_20160709_16-02-03,smoothed_frames,ground_truth,attack,0,11766,11805,40,yolo_sppf,attention,42,yolo_sppf_full_attention256_seed42,YOLO/SPPF Attention-256
test_1,Mouse069_20160709_16-02-03,smoothed_frames,ground_truth,investigation,1,11851,11859,9,yolo_sppf,attention,42,yolo_sppf_full_attention256_seed42,YOLO/SPPF Attention-256
test_1,Mouse069_20160709_16-02-03,smoothed_frames,ground_truth,investigation,1,12050,12058,9,yolo_sppf,attention,42,yolo_sppf_full_attention256_seed42,YOLO/SPPF Attention-256
test_1,Mouse069_20160709_16-02-03,smoothed_frames,ground_truth,investigation,1,13907,13913,7,yolo_sppf,attention,42,yolo_sppf_full_attention256_seed42,YOLO/SPPF Attention-256
test_1,Mouse069_20160709_16-02-03,smoothed_frames,ground_truth,investigation,1,14371,14384,14,yolo_sppf,attention,42,yolo_sppf_full_attention256_seed42,YOLO/SPPF Attention-256
test_1,Mouse069_20160709_16-02-03,smoothed_frames,ground_truth,investigation,1,15003,15020,18,yolo_sppf,attention,42,yolo_sppf_full_attention256_seed42,YOLO/SPPF Attention-256
test_1,Mouse069_20160709_16-02-03,smoothed_frames,ground_truth,investigation,1,15539,15632,94,yolo_sppf,attention,42,yolo_sppf_full_attention256_seed42,YOLO/SPPF Attention-256
test_1,Mouse069_20160709_16-02-03,smoothed_frames,ground_truth,investigation,1,15696,15711,16,yolo_sppf,attention,42,yolo_sppf_full_attention256_seed42,YOLO/SPPF Attention-256
test_1,Mouse069_20160709_16-02-03,smoothed_frames,ground_truth,investigation,1,16814,16825,12,yolo_sppf,attention,42,yolo_sppf_full_attention256_seed42,YOLO/SPPF Attention-256
test_1,Mouse069_20160709_16-02-03,smoothed_frames,ground_truth,investigation,1,16860,16870,11,yolo_sppf,attention,42,yolo_sppf_full_attention256_seed42,YOLO/SPPF Attention-256
test_1,Mouse069_20160709_16-02-03,smoothed_frames,ground_truth,investigation,1,17027,17044,18,yolo_sppf,attention,42,yolo_sppf_full_attention256_seed42,YOLO/SPPF Attention-256
test_1,Mouse070_20160709_16-58-36,smoothed_frames,ground_truth,attack,0,5,208,204,yolo_sppf,attention,42,yolo_sppf_full_attention256_seed42,YOLO/SPPF Attention-256
test_1,Mouse070_20160709_16-58-36,smoothed_frames,ground_truth,investigation,1,210,231,22,yolo_sppf,attention,42,yolo_sppf_full_attention256_seed42,YOLO/SPPF Attention-256
test_1,Mouse070_20160709_16-58-36,smoothed_frames,ground_truth,attack,0,233,259,27,yolo_sppf,attention,42,yolo_sppf_full_attention256_seed42,YOLO/SPPF Attention-256
test_1,Mouse070_20160709_16-58-36,smoothed_frames,ground_truth,investigation,1,261,271,11,yolo_sppf,attention,42,yolo_sppf_full_attention256_seed42,YOLO/SPPF Attention-256
test_1,Mouse070_20160709_16-58-36,smoothed_frames,ground_truth,investigation,1,297,298,2,yolo_sppf,attention,42,yolo_sppf_full_attention256_seed42,YOLO/SPPF Attention-256
test_1,Mouse070_20160709_16-58-36,smoothed_frames,ground_truth,investigation,1,344,352,9,yolo_sppf,attention,42,yolo_sppf_full_attention256_seed42,YOLO/SPPF Attention-256
test_1,Mouse070_20160709_16-58-36,smoothed_frames,ground_truth,attack,0,354,454,101,yolo_sppf,attention,42,yolo_sppf_full_attention256_seed42,YOLO/SPPF Attention-256
test_1,Mouse070_20160709_16-58-36,smoothed_frames,ground_truth,investigation,1,456,486,31,yolo_sppf,attention,42,yolo_sppf_full_attention256_seed42,YOLO/SPPF Attention-256
test_1,Mouse070_20160709_16-58-36,smoothed_frames,ground_truth,attack,0,488,524,37,yolo_sppf,attention,42,yolo_sppf_full_attention256_seed42,YOLO/SPPF Attention-256
test_1,Mouse070_20160709_16-58-36,smoothed_frames,ground_truth,investigation,1,577,586,10,yolo_sppf,attention,42,yolo_sppf_full_attention256_seed42,YOLO/SPPF Attention-256
test_1,Mouse070_20160709_16-58-36,smoothed_frames,ground_truth,attack,0,588,648,61,yolo_sppf,attention,42,yolo_sppf_full_attention256_seed42,YOLO/SPPF Attention-256
test_1,Mouse070_20160709_16-58-36,smoothed_frames,ground_truth,investigation,1,650,665,16,yolo_sppf,attention,42,yolo_sppf_full_attention256_seed42,YOLO/SPPF Attention-256
test_1,Mouse070_20160709_16-58-36,smoothed_frames,ground_truth,investigation,1,676,680,5,yolo_sppf,attention,42,yolo_sppf_full_attention256_seed42,YOLO/SPPF Attention-256
test_1,Mouse070_20160709_16-58-36,smoothed_frames,ground_truth,investigation,1,687,692,6,yolo_sppf,attention,42,yolo_sppf_full_attention256_seed42,YOLO/SPPF Attention-256
test_1,Mouse070_20160709_16-58-36,smoothed_frames,ground_truth,investigation,1,745,779,35,yolo_sppf,attention,42,yolo_sppf_full_attention256_seed42,YOLO/SPPF Attention-256
test_1,Mouse070_20160709_16-58-36,smoothed_frames,ground_truth,investigation,1,957,962,6,yolo_sppf,attention,42,yolo_sppf_full_attention256_seed42,YOLO/SPPF Attention-256
test_1,Mouse070_20160709_16-58-36,smoothed_frames,ground_truth,attack,0,964,1088,125,yolo_sppf,attention,42,yolo_sppf_full_attention256_seed42,YOLO/SPPF Attention-256
test_1,Mouse070_20160709_16-58-36,smoothed_frames,ground_truth,investigation,1,1090,1115,26,yolo_sppf,attention,42,yolo_sppf_full_attention256_seed42,YOLO/SPPF Attention-256
test_1,Mouse070_20160709_16-58-36,smoothed_frames,ground_truth,attack,0,1117,1156,40,yolo_sppf,attention,42,yolo_sppf_full_attention256_seed42,YOLO/SPPF Attention-256
test_1,Mouse070_20160709_16-58-36,smoothed_frames,ground_truth,investigation,1,1187,1235,49,yolo_sppf,attention,42,yolo_sppf_full_attention256_seed42,YOLO/SPPF Attention-256
test_1,Mouse070_20160709_16-58-36,smoothed_frames,ground_truth,investigation,1,1298,1314,17,yolo_sppf,attention,42,yolo_sppf_full_attention256_seed42,YOLO/SPPF Attention-256
test_1,Mouse070_20160709_16-58-36,smoothed_frames,ground_truth,investigation,1,1436,1462,27,yolo_sppf,attention,42,yolo_sppf_full_attention256_seed42,YOLO/SPPF Attention-256
test_1,Mouse070_20160709_16-58-36,smoothed_frames,ground_truth,attack,0,1464,1650,187,yolo_sppf,attention,42,yolo_sppf_full_attention256_seed42,YOLO/SPPF Attention-256
test_1,Mouse070_20160709_16-58-36,smoothed_frames,ground_truth,investigation,1,1803,1805,3,yolo_sppf,attention,42,yolo_sppf_full_attention256_seed42,YOLO/SPPF Attention-256
test_1,Mouse070_20160709_16-58-36,smoothed_frames,ground_truth,attack,0,1807,1873,67,yolo_sppf,attention,42,yolo_sppf_full_attention256_seed42,YOLO/SPPF Attention-256
test_1,Mouse070_20160709_16-58-36,smoothed_frames,ground_truth,investigation,1,1875,1884,10,yolo_sppf,attention,42,yolo_sppf_full_attention256_seed42,YOLO/SPPF Attention-256
test_1,Mouse070_20160709_16-58-36,smoothed_frames,ground_truth,investigation,1,1977,1995,19,yolo_sppf,attention,42,yolo_sppf_full_attention256_seed42,YOLO/SPPF Attention-256
test_1,Mouse070_20160709_16-58-36,smoothed_frames,ground_truth,attack,0,1997,2092,96,yolo_sppf,attention,42,yolo_sppf_full_attention256_seed42,YOLO/SPPF Attention-256
test_1,Mouse070_20160709_16-58-36,smoothed_frames,ground_truth,investigation,1,2094,2097,4,yolo_sppf,attention,42,yolo_sppf_full_attention256_seed42,YOLO/SPPF Attention-256
test_1,Mouse070_20160709_16-58-36,smoothed_frames,ground_truth,investigation,1,2134,2151,18,yolo_sppf,attention,42,yolo_sppf_full_attention256_seed42,YOLO/SPPF Attention-256
test_1,Mouse070_20160709_16-58-36,smoothed_frames,ground_truth,attack,0,2153,2208,56,yolo_sppf,attention,42,yolo_sppf_full_attention256_seed42,YOLO/SPPF Attention-256
test_1,Mouse070_20160709_16-58-36,smoothed_frames,ground_truth,investigation,1,2259,2276,18,yolo_sppf,attention,42,yolo_sppf_full_attention256_seed42,YOLO/SPPF Attention-256
test_1,Mouse070_20160709_16-58-36,smoothed_frames,ground_truth,attack,0,2278,2426,149,yolo_sppf,attention,42,yolo_sppf_full_attention256_seed42,YOLO/SPPF Attention-256
test_1,Mouse070_20160709_16-58-36,smoothed_frames,ground_truth,investigation,1,2475,2481,7,yolo_sppf,attention,42,yolo_sppf_full_attention256_seed42,YOLO/SPPF Attention-256
test_1,Mouse070_20160709_16-58-36,smoothed_frames,ground_truth,attack,0,2483,2652,170,yolo_sppf,attention,42,yolo_sppf_full_attention256_seed42,YOLO/SPPF Attention-256
test_1,Mouse070_20160709_16-58-36,smoothed_frames,ground_truth,investigation,1,2673,2673,1,yolo_sppf,attention,42,yolo_sppf_full_attention256_seed42,YOLO/SPPF Attention-256
test_1,Mouse070_20160709_16-58-36,smoothed_frames,ground_truth,attack,0,2675,2695,21,yolo_sppf,attention,42,yolo_sppf_full_attention256_seed42,YOLO/SPPF Attention-256
test_1,Mouse070_20160709_16-58-36,smoothed_frames,ground_truth,investigation,1,2697,2731,35,yolo_sppf,attention,42,yolo_sppf_full_attention256_seed42,YOLO/SPPF Attention-256
test_1,Mouse070_20160709_16-58-36,smoothed_frames,ground_truth,attack,0,2733,2755,23,yolo_sppf,attention,42,yolo_sppf_full_attention256_seed42,YOLO/SPPF Attention-256
test_1,Mouse070_20160709_16-58-36,smoothed_frames,ground_truth,investigation,1,2791,2809,19,yolo_sppf,attention,42,yolo_sppf_full_attention256_seed42,YOLO/SPPF Attention-256
test_1,Mouse070_20160709_16-58-36,smoothed_frames,ground_truth,attack,0,2811,2835,25,yolo_sppf,attention,42,yolo_sppf_full_attention256_seed42,YOLO/SPPF Attention-256
test_1,Mouse070_20160709_16-58-36,smoothed_frames,ground_truth,attack,0,2846,2867,22,yolo_sppf,attention,42,yolo_sppf_full_attention256_seed42,YOLO/SPPF Attention-256
test_1,Mouse070_20160709_16-58-36,smoothed_frames,ground_truth,investigation,1,2869,2884,16,yolo_sppf,attention,42,yolo_sppf_full_attention256_seed42,YOLO/SPPF Attention-256
test_1,Mouse070_20160709_16-58-36,smoothed_frames,ground_truth,attack,0,2886,2895,10,yolo_sppf,attention,42,yolo_sppf_full_attention256_seed42,YOLO/SPPF Attention-256
test_1,Mouse070_20160709_16-58-36,smoothed_frames,ground_truth,investigation,1,2897,2921,25,yolo_sppf,attention,42,yolo_sppf_full_attention256_seed42,YOLO/SPPF Attention-256
test_1,Mouse070_20160709_16-58-36,smoothed_frames,ground_truth,attack,0,2923,2932,10,yolo_sppf,attention,42,yolo_sppf_full_attention256_seed42,YOLO/SPPF Attention-256
test_1,Mouse070_20160709_16-58-36,smoothed_frames,ground_truth,investigation,1,2934,2957,24,yolo_sppf,attention,42,yolo_sppf_full_attention256_seed42,YOLO/SPPF Attention-256
test_1,Mouse070_20160709_16-58-36,smoothed_frames,ground_truth,investigation,1,3191,3196,6,yolo_sppf,attention,42,yolo_sppf_full_attention256_seed42,YOLO/SPPF Attention-256
test_1,Mouse070_20160709_16-58-36,smoothed_frames,ground_truth,attack,0,3198,3214,17,yolo_sppf,attention,42,yolo_sppf_full_attention256_seed42,YOLO/SPPF Attention-256
test_1,Mouse070_20160709_16-58-36,smoothed_frames,ground_truth,investigation,1,3216,3225,10,yolo_sppf,attention,42,yolo_sppf_full_attention256_seed42,YOLO/SPPF Attention-256
test_1,Mouse070_20160709_16-58-36,smoothed_frames,ground_truth,investigation,1,3404,3442,39,yolo_sppf,attention,42,yolo_sppf_full_attention256_seed42,YOLO/SPPF Attention-256
test_1,Mouse070_20160709_16-58-36,smoothed_frames,ground_truth,attack,0,3444,3497,54,yolo_sppf,attention,42,yolo_sppf_full_attention256_seed42,YOLO/SPPF Attention-256
test_1,Mouse070_20160709_16-58-36,smoothed_frames,ground_truth,investigation,1,3499,3508,10,yolo_sppf,attention,42,yolo_sppf_full_attention256_seed42,YOLO/SPPF Attention-256
test_1,Mouse070_20160709_16-58-36,smoothed_frames,ground_truth,attack,0,3510,3515,6,yolo_sppf,attention,42,yolo_sppf_full_attention256_seed42,YOLO/SPPF Attention-256
test_1,Mouse070_20160709_16-58-36,smoothed_frames,ground_truth,investigation,1,3517,3532,16,yolo_sppf,attention,42,yolo_sppf_full_attention256_seed42,YOLO/SPPF Attention-256
test_1,Mouse070_20160709_16-58-36,smoothed_frames,ground_truth,investigation,1,3548,3608,61,yolo_sppf,attention,42,yolo_sppf_full_attention256_seed42,YOLO/SPPF Attention-256
test_1,Mouse070_20160709_16-58-36,smoothed_frames,ground_truth,investigation,1,3731,3795,65,yolo_sppf,attention,42,yolo_sppf_full_attention256_seed42,YOLO/SPPF Attention-256
test_1,Mouse070_20160709_16-58-36,smoothed_frames,ground_truth,attack,0,3797,3810,14,yolo_sppf,attention,42,yolo_sppf_full_attention256_seed42,YOLO/SPPF Attention-256
test_1,Mouse070_20160709_16-58-36,smoothed_frames,ground_truth,investigation,1,3831,3838,8,yolo_sppf,attention,42,yolo_sppf_full_attention256_seed42,YOLO/SPPF Attention-256
test_1,Mouse070_20160709_16-58-36,smoothed_frames,ground_truth,investigation,1,3925,3935,11,yolo_sppf,attention,42,yolo_sppf_full_attention256_seed42,YOLO/SPPF Attention-256
test_1,Mouse070_20160709_16-58-36,smoothed_frames,ground_truth,attack,0,3937,3995,59,yolo_sppf,attention,42,yolo_sppf_full_attention256_seed42,YOLO/SPPF Attention-256
test_1,Mouse070_20160709_16-58-36,smoothed_frames,ground_truth,attack,0,4004,4103,100,yolo_sppf,attention,42,yolo_sppf_full_attention256_seed42,YOLO/SPPF Attention-256
test_1,Mouse070_20160709_16-58-36,smoothed_frames,ground_truth,investigation,1,4105,4110,6,yolo_sppf,attention,42,yolo_sppf_full_attention256_seed42,YOLO/SPPF Attention-256
test_1,Mouse070_20160709_16-58-36,smoothed_frames,ground_truth,investigation,1,4561,4585,25,yolo_sppf,attention,42,yolo_sppf_full_attention256_seed42,YOLO/SPPF Attention-256
test_1,Mouse070_20160709_16-58-36,smoothed_frames,ground_truth,investigation,1,4710,4735,26,yolo_sppf,attention,42,yolo_sppf_full_attention256_seed42,YOLO/SPPF Attention-256
test_1,Mouse070_20160709_16-58-36,smoothed_frames,ground_truth,investigation,1,4785,4792,8,yolo_sppf,attention,42,yolo_sppf_full_attention256_seed42,YOLO/SPPF Attention-256
test_1,Mouse070_20160709_16-58-36,smoothed_frames,ground_truth,attack,0,4794,4894,101,yolo_sppf,attention,42,yolo_sppf_full_attention256_seed42,YOLO/SPPF Attention-256
test_1,Mouse070_20160709_16-58-36,smoothed_frames,ground_truth,investigation,1,4896,4898,3,yolo_sppf,attention,42,yolo_sppf_full_attention256_seed42,YOLO/SPPF Attention-256
test_1,Mouse070_20160709_16-58-36,smoothed_frames,ground_truth,attack,0,4900,5022,123,yolo_sppf,attention,42,yolo_sppf_full_attention256_seed42,YOLO/SPPF Attention-256
test_1,Mouse070_20160709_16-58-36,smoothed_frames,ground_truth,attack,0,5030,5074,45,yolo_sppf,attention,42,yolo_sppf_full_attention256_seed42,YOLO/SPPF Attention-256
test_1,Mouse070_20160709_16-58-36,smoothed_frames,ground_truth,investigation,1,5130,5145,16,yolo_sppf,attention,42,yolo_sppf_full_attention256_seed42,YOLO/SPPF Attention-256
test_1,Mouse070_20160709_16-58-36,smoothed_frames,ground_truth,attack,0,5147,5267,121,yolo_sppf,attention,42,yolo_sppf_full_attention256_seed42,YOLO/SPPF Attention-256
test_1,Mouse070_20160709_16-58-36,smoothed_frames,ground_truth,investigation,1,5269,5321,53,yolo_sppf,attention,42,yolo_sppf_full_attention256_seed42,YOLO/SPPF Attention-256
test_1,Mouse070_20160709_16-58-36,smoothed_frames,ground_truth,attack,0,5323,5362,40,yolo_sppf,attention,42,yolo_sppf_full_attention256_seed42,YOLO/SPPF Attention-256
test_1,Mouse070_20160709_16-58-36,smoothed_frames,ground_truth,investigation,1,5364,5379,16,yolo_sppf,attention,42,yolo_sppf_full_attention256_seed42,YOLO/SPPF Attention-256
test_1,Mouse070_20160709_16-58-36,smoothed_frames,ground_truth,attack,0,5381,5390,10,yolo_sppf,attention,42,yolo_sppf_full_attention256_seed42,YOLO/SPPF Attention-256
test_1,Mouse070_20160709_16-58-36,smoothed_frames,ground_truth,investigation,1,5392,5402,11,yolo_sppf,attention,42,yolo_sppf_full_attention256_seed42,YOLO/SPPF Attention-256
test_1,Mouse070_20160709_16-58-36,smoothed_frames,ground_truth,investigation,1,5472,5494,23,yolo_sppf,attention,42,yolo_sppf_full_attention256_seed42,YOLO/SPPF Attention-256
test_1,Mouse070_20160709_16-58-36,smoothed_frames,ground_truth,attack,0,5496,5527,32,yolo_sppf,attention,42,yolo_sppf_full_attention256_seed42,YOLO/SPPF Attention-256
test_1,Mouse070_20160709_16-58-36,smoothed_frames,ground_truth,investigation,1,5529,5541,13,yolo_sppf,attention,42,yolo_sppf_full_attention256_seed42,YOLO/SPPF Attention-256
test_1,Mouse070_20160709_16-58-36,smoothed_frames,ground_truth,attack,0,5543,5564,22,yolo_sppf,attention,42,yolo_sppf_full_attention256_seed42,YOLO/SPPF Attention-256
test_1,Mouse070_20160709_16-58-36,smoothed_frames,ground_truth,investigation,1,5566,5592,27,yolo_sppf,attention,42,yolo_sppf_full_attention256_seed42,YOLO/SPPF Attention-256
test_1,Mouse070_20160709_16-58-36,smoothed_frames,ground_truth,attack,0,5594,5626,33,yolo_sppf,attention,42,yolo_sppf_full_attention256_seed42,YOLO/SPPF Attention-256
test_1,Mouse070_20160709_16-58-36,smoothed_frames,ground_truth,investigation,1,5628,5633,6,yolo_sppf,attention,42,yolo_sppf_full_attention256_seed42,YOLO/SPPF Attention-256
test_1,Mouse070_20160709_16-58-36,smoothed_frames,ground_truth,investigation,1,5665,5682,18,yolo_sppf,attention,42,yolo_sppf_full_attention256_seed42,YOLO/SPPF Attention-256
test_1,Mouse070_20160709_16-58-36,smoothed_frames,ground_truth,investigation,1,5695,5716,22,yolo_sppf,attention,42,yolo_sppf_full_attention256_seed42,YOLO/SPPF Attention-256
test_1,Mouse070_20160709_16-58-36,smoothed_frames,ground_truth,investigation,1,5750,5772,23,yolo_sppf,attention,42,yolo_sppf_full_attention256_seed42,YOLO/SPPF Attention-256
test_1,Mouse070_20160709_16-58-36,smoothed_frames,ground_truth,investigation,1,5987,6003,17,yolo_sppf,attention,42,yolo_sppf_full_attention256_seed42,YOLO/SPPF Attention-256
test_1,Mouse070_20160709_16-58-36,smoothed_frames,ground_truth,attack,0,6005,6055,51,yolo_sppf,attention,42,yolo_sppf_full_attention256_seed42,YOLO/SPPF Attention-256
test_1,Mouse070_20160709_16-58-36,smoothed_frames,ground_truth,investigation,1,6057,6071,15,yolo_sppf,attention,42,yolo_sppf_full_attention256_seed42,YOLO/SPPF Attention-256
test_1,Mouse070_20160709_16-58-36,smoothed_frames,ground_truth,attack,0,6073,6105,33,yolo_sppf,attention,42,yolo_sppf_full_attention256_seed42,YOLO/SPPF Attention-256
test_1,Mouse070_20160709_16-58-36,smoothed_frames,ground_truth,investigation,1,6107,6119,13,yolo_sppf,attention,42,yolo_sppf_full_attention256_seed42,YOLO/SPPF Attention-256
test_1,Mouse070_20160709_16-58-36,smoothed_frames,ground_truth,attack,0,6121,6136,16,yolo_sppf,attention,42,yolo_sppf_full_attention256_seed42,YOLO/SPPF Attention-256
test_1,Mouse070_20160709_16-58-36,smoothed_frames,ground_truth,investigation,1,6168,6170,3,yolo_sppf,attention,42,yolo_sppf_full_attention256_seed42,YOLO/SPPF Attention-256
test_1,Mouse070_20160709_16-58-36,smoothed_frames,ground_truth,attack,0,6172,6198,27,yolo_sppf,attention,42,yolo_sppf_full_attention256_seed42,YOLO/SPPF Attention-256
test_1,Mouse070_20160709_16-58-36,smoothed_frames,ground_truth,investigation,1,6200,6218,19,yolo_sppf,attention,42,yolo_sppf_full_attention256_seed42,YOLO/SPPF Attention-256
test_1,Mouse070_20160709_16-58-36,smoothed_frames,ground_truth,attack,0,6220,6238,19,yolo_sppf,attention,42,yolo_sppf_full_attention256_seed42,YOLO/SPPF Attention-256
test_1,Mouse070_20160709_16-58-36,smoothed_frames,ground_truth,investigation,1,6240,6304,65,yolo_sppf,attention,42,yolo_sppf_full_attention256_seed42,YOLO/SPPF Attention-256
test_1,Mouse070_20160709_16-58-36,smoothed_frames,ground_truth,attack,0,6306,6321,16,yolo_sppf,attention,42,yolo_sppf_full_attention256_seed42,YOLO/SPPF Attention-256
test_1,Mouse070_20160709_16-58-36,smoothed_frames,ground_truth,investigation,1,6323,6339,17,yolo_sppf,attention,42,yolo_sppf_full_attention256_seed42,YOLO/SPPF Attention-256
test_1,Mouse070_20160709_16-58-36,smoothed_frames,ground_truth,attack,0,6341,6391,51,yolo_sppf,attention,42,yolo_sppf_full_attention256_seed42,YOLO/SPPF Attention-256
test_1,Mouse070_20160709_16-58-36,smoothed_frames,ground_truth,investigation,1,6393,6407,15,yolo_sppf,attention,42,yolo_sppf_full_attention256_seed42,YOLO/SPPF Attention-256
test_1,Mouse070_20160709_16-58-36,smoothed_frames,ground_truth,attack,0,6409,6434,26,yolo_sppf,attention,42,yolo_sppf_full_attention256_seed42,YOLO/SPPF Attention-256
test_1,Mouse070_20160709_16-58-36,smoothed_frames,ground_truth,investigation,1,6436,6453,18,yolo_sppf,attention,42,yolo_sppf_full_attention256_seed42,YOLO/SPPF Attention-256
test_1,Mouse070_20160709_16-58-36,smoothed_frames,ground_truth,attack,0,6455,6464,10,yolo_sppf,attention,42,yolo_sppf_full_attention256_seed42,YOLO/SPPF Attention-256
test_1,Mouse070_20160709_16-58-36,smoothed_frames,ground_truth,investigation,1,6472,6518,47,yolo_sppf,attention,42,yolo_sppf_full_attention256_seed42,YOLO/SPPF Attention-256
test_1,Mouse070_20160709_16-58-36,smoothed_frames,ground_truth,attack,0,6520,6534,15,yolo_sppf,attention,42,yolo_sppf_full_attention256_seed42,YOLO/SPPF Attention-256
test_1,Mouse070_20160709_16-58-36,smoothed_frames,ground_truth,investigation,1,6536,6564,29,yolo_sppf,attention,42,yolo_sppf_full_attention256_seed42,YOLO/SPPF Attention-256
test_1,Mouse070_20160709_16-58-36,smoothed_frames,ground_truth,investigation,1,6598,6606,9,yolo_sppf,attention,42,yolo_sppf_full_attention256_seed42,YOLO/SPPF Attention-256
test_1,Mouse070_20160709_16-58-36,smoothed_frames,ground_truth,investigation,1,6699,6707,9,yolo_sppf,attention,42,yolo_sppf_full_attention256_seed42,YOLO/SPPF Attention-256
test_1,Mouse070_20160709_16-58-36,smoothed_frames,ground_truth,attack,0,6709,6723,15,yolo_sppf,attention,42,yolo_sppf_full_attention256_seed42,YOLO/SPPF Attention-256
test_1,Mouse070_20160709_16-58-36,smoothed_frames,ground_truth,investigation,1,6725,6755,31,yolo_sppf,attention,42,yolo_sppf_full_attention256_seed42,YOLO/SPPF Attention-256
test_1,Mouse070_20160709_16-58-36,smoothed_frames,ground_truth,investigation,1,6884,6914,31,yolo_sppf,attention,42,yolo_sppf_full_attention256_seed42,YOLO/SPPF Attention-256
test_1,Mouse070_20160709_16-58-36,smoothed_frames,ground_truth,investigation,1,7074,7085,12,yolo_sppf,attention,42,yolo_sppf_full_attention256_seed42,YOLO/SPPF Attention-256
test_1,Mouse070_20160709_16-58-36,smoothed_frames,ground_truth,investigation,1,7096,7101,6,yolo_sppf,attention,42,yolo_sppf_full_attention256_seed42,YOLO/SPPF Attention-256
test_1,Mouse070_20160709_16-58-36,smoothed_frames,ground_truth,investigation,1,7300,7301,2,yolo_sppf,attention,42,yolo_sppf_full_attention256_seed42,YOLO/SPPF Attention-256
test_1,Mouse070_20160709_16-58-36,smoothed_frames,ground_truth,attack,0,7303,7388,86,yolo_sppf,attention,42,yolo_sppf_full_attention256_seed42,YOLO/SPPF Attention-256
test_1,Mouse070_20160709_16-58-36,smoothed_frames,ground_truth,attack,0,7397,7435,39,yolo_sppf,attention,42,yolo_sppf_full_attention256_seed42,YOLO/SPPF Attention-256
test_1,Mouse070_20160709_16-58-36,smoothed_frames,ground_truth,investigation,1,7437,7522,86,yolo_sppf,attention,42,yolo_sppf_full_attention256_seed42,YOLO/SPPF Attention-256
test_1,Mouse070_20160709_16-58-36,smoothed_frames,ground_truth,investigation,1,7658,7728,71,yolo_sppf,attention,42,yolo_sppf_full_attention256_seed42,YOLO/SPPF Attention-256
test_1,Mouse070_20160709_16-58-36,smoothed_frames,ground_truth,investigation,1,7874,7900,27,yolo_sppf,attention,42,yolo_sppf_full_attention256_seed42,YOLO/SPPF Attention-256
test_1,Mouse070_20160709_16-58-36,smoothed_frames,ground_truth,attack,0,7902,8024,123,yolo_sppf,attention,42,yolo_sppf_full_attention256_seed42,YOLO/SPPF Attention-256
test_1,Mouse070_20160709_16-58-36,smoothed_frames,ground_truth,investigation,1,8026,8029,4,yolo_sppf,attention,42,yolo_sppf_full_attention256_seed42,YOLO/SPPF Attention-256
test_1,Mouse070_20160709_16-58-36,smoothed_frames,ground_truth,attack,0,8031,8057,27,yolo_sppf,attention,42,yolo_sppf_full_attention256_seed42,YOLO/SPPF Attention-256
test_1,Mouse070_20160709_16-58-36,smoothed_frames,ground_truth,investigation,1,8059,8100,42,yolo_sppf,attention,42,yolo_sppf_full_attention256_seed42,YOLO/SPPF Attention-256
test_1,Mouse070_20160709_16-58-36,smoothed_frames,ground_truth,attack,0,8102,8153,52,yolo_sppf,attention,42,yolo_sppf_full_attention256_seed42,YOLO/SPPF Attention-256
test_1,Mouse070_20160709_16-58-36,smoothed_frames,ground_truth,investigation,1,8155,8160,6,yolo_sppf,attention,42,yolo_sppf_full_attention256_seed42,YOLO/SPPF Attention-256
test_1,Mouse070_20160709_16-58-36,smoothed_frames,ground_truth,investigation,1,8275,8281,7,yolo_sppf,attention,42,yolo_sppf_full_attention256_seed42,YOLO/SPPF Attention-256
test_1,Mouse070_20160709_16-58-36,smoothed_frames,ground_truth,attack,0,8283,8301,19,yolo_sppf,attention,42,yolo_sppf_full_attention256_seed42,YOLO/SPPF Attention-256
test_1,Mouse070_20160709_16-58-36,smoothed_frames,ground_truth,investigation,1,8303,8308,6,yolo_sppf,attention,42,yolo_sppf_full_attention256_seed42,YOLO/SPPF Attention-256
test_1,Mouse070_20160709_16-58-36,smoothed_frames,ground_truth,attack,0,8310,8408,99,yolo_sppf,attention,42,yolo_sppf_full_attention256_seed42,YOLO/SPPF Attention-256
test_1,Mouse070_20160709_16-58-36,smoothed_frames,ground_truth,investigation,1,8410,8531,122,yolo_sppf,attention,42,yolo_sppf_full_attention256_seed42,YOLO/SPPF Attention-256
test_1,Mouse070_20160709_16-58-36,smoothed_frames,ground_truth,investigation,1,8875,8897,23,yolo_sppf,attention,42,yolo_sppf_full_attention256_seed42,YOLO/SPPF Attention-256
test_1,Mouse070_20160709_16-58-36,smoothed_frames,ground_truth,attack,0,8899,8907,9,yolo_sppf,attention,42,yolo_sppf_full_attention256_seed42,YOLO/SPPF Attention-256
test_1,Mouse070_20160709_16-58-36,smoothed_frames,ground_truth,investigation,1,8909,8936,28,yolo_sppf,attention,42,yolo_sppf_full_attention256_seed42,YOLO/SPPF Attention-256
test_1,Mouse070_20160709_16-58-36,smoothed_frames,ground_truth,investigation,1,9350,9369,20,yolo_sppf,attention,42,yolo_sppf_full_attention256_seed42,YOLO/SPPF Attention-256
test_1,Mouse070_20160709_16-58-36,smoothed_frames,ground_truth,attack,0,9371,9375,5,yolo_sppf,attention,42,yolo_sppf_full_attention256_seed42,YOLO/SPPF Attention-256
test_1,Mouse070_20160709_16-58-36,smoothed_frames,ground_truth,attack,0,9641,9697,57,yolo_sppf,attention,42,yolo_sppf_full_attention256_seed42,YOLO/SPPF Attention-256
test_1,Mouse070_20160709_16-58-36,smoothed_frames,ground_truth,investigation,1,9699,9716,18,yolo_sppf,attention,42,yolo_sppf_full_attention256_seed42,YOLO/SPPF Attention-256
test_1,Mouse070_20160709_16-58-36,smoothed_frames,ground_truth,attack,0,9718,9734,17,yolo_sppf,attention,42,yolo_sppf_full_attention256_seed42,YOLO/SPPF Attention-256
test_1,Mouse070_20160709_16-58-36,smoothed_frames,ground_truth,investigation,1,9736,9753,18,yolo_sppf,attention,42,yolo_sppf_full_attention256_seed42,YOLO/SPPF Attention-256
test_1,Mouse070_20160709_16-58-36,smoothed_frames,ground_truth,investigation,1,9788,9797,10,yolo_sppf,attention,42,yolo_sppf_full_attention256_seed42,YOLO/SPPF Attention-256
test_1,Mouse070_20160709_16-58-36,smoothed_frames,ground_truth,investigation,1,9959,9961,3,yolo_sppf,attention,42,yolo_sppf_full_attention256_seed42,YOLO/SPPF Attention-256
test_1,Mouse070_20160709_16-58-36,smoothed_frames,ground_truth,investigation,1,10029,10029,1,yolo_sppf,attention,42,yolo_sppf_full_attention256_seed42,YOLO/SPPF Attention-256
test_1,Mouse070_20160709_16-58-36,smoothed_frames,ground_truth,investigation,1,10244,10255,12,yolo_sppf,attention,42,yolo_sppf_full_attention256_seed42,YOLO/SPPF Attention-256
test_1,Mouse070_20160709_16-58-36,smoothed_frames,ground_truth,investigation,1,10422,10434,13,yolo_sppf,attention,42,yolo_sppf_full_attention256_seed42,YOLO/SPPF Attention-256
test_1,Mouse070_20160709_16-58-36,smoothed_frames,ground_truth,investigation,1,10504,10518,15,yolo_sppf,attention,42,yolo_sppf_full_attention256_seed42,YOLO/SPPF Attention-256
test_1,Mouse070_20160709_16-58-36,smoothed_frames,ground_truth,investigation,1,10751,10791,41,yolo_sppf,attention,42,yolo_sppf_full_attention256_seed42,YOLO/SPPF Attention-256
test_1,Mouse070_20160709_16-58-36,smoothed_frames,ground_truth,investigation,1,11758,11771,14,yolo_sppf,attention,42,yolo_sppf_full_attention256_seed42,YOLO/SPPF Attention-256
test_1,Mouse070_20160709_16-58-36,smoothed_frames,ground_truth,investigation,1,11988,12002,15,yolo_sppf,attention,42,yolo_sppf_full_attention256_seed42,YOLO/SPPF Attention-256
test_1,Mouse070_20160709_16-58-36,smoothed_frames,ground_truth,investigation,1,12896,12908,13,yolo_sppf,attention,42,yolo_sppf_full_attention256_seed42,YOLO/SPPF Attention-256
test_1,Mouse070_20160709_16-58-36,smoothed_frames,ground_truth,investigation,1,13936,13955,20,yolo_sppf,attention,42,yolo_sppf_full_attention256_seed42,YOLO/SPPF Attention-256
test_1,Mouse070_20160709_16-58-36,smoothed_frames,ground_truth,investigation,1,14297,14311,15,yolo_sppf,attention,42,yolo_sppf_full_attention256_seed42,YOLO/SPPF Attention-256
test_1,Mouse070_20160709_16-58-36,smoothed_frames,ground_truth,investigation,1,14600,14611,12,yolo_sppf,attention,42,yolo_sppf_full_attention256_seed42,YOLO/SPPF Attention-256
test_1,Mouse070_20160709_16-58-36,smoothed_frames,ground_truth,investigation,1,15678,15723,46,yolo_sppf,attention,42,yolo_sppf_full_attention256_seed42,YOLO/SPPF Attention-256
test_1,Mouse070_20160709_16-58-36,smoothed_frames,ground_truth,attack,0,15725,15755,31,yolo_sppf,attention,42,yolo_sppf_full_attention256_seed42,YOLO/SPPF Attention-256
test_1,Mouse070_20160709_16-58-36,smoothed_frames,ground_truth,investigation,1,15757,15766,10,yolo_sppf,attention,42,yolo_sppf_full_attention256_seed42,YOLO/SPPF Attention-256
test_1,Mouse070_20160709_16-58-36,smoothed_frames,ground_truth,investigation,1,15790,15801,12,yolo_sppf,attention,42,yolo_sppf_full_attention256_seed42,YOLO/SPPF Attention-256
test_1,Mouse070_20160709_16-58-36,smoothed_frames,ground_truth,attack,0,15803,15842,40,yolo_sppf,attention,42,yolo_sppf_full_attention256_seed42,YOLO/SPPF Attention-256
test_1,Mouse070_20160709_16-58-36,smoothed_frames,ground_truth,investigation,1,15901,15911,11,yolo_sppf,attention,42,yolo_sppf_full_attention256_seed42,YOLO/SPPF Attention-256
test_1,Mouse070_20160709_16-58-36,smoothed_frames,ground_truth,attack,0,15913,16021,109,yolo_sppf,attention,42,yolo_sppf_full_attention256_seed42,YOLO/SPPF Attention-256
test_1,Mouse070_20160709_16-58-36,smoothed_frames,ground_truth,investigation,1,16023,16063,41,yolo_sppf,attention,42,yolo_sppf_full_attention256_seed42,YOLO/SPPF Attention-256
test_1,Mouse070_20160709_16-58-36,smoothed_frames,ground_truth,investigation,1,16293,16301,9,yolo_sppf,attention,42,yolo_sppf_full_attention256_seed42,YOLO/SPPF Attention-256
test_1,Mouse070_20160709_16-58-36,smoothed_frames,ground_truth,attack,0,16303,16311,9,yolo_sppf,attention,42,yolo_sppf_full_attention256_seed42,YOLO/SPPF Attention-256
test_1,Mouse070_20160709_16-58-36,smoothed_frames,ground_truth,investigation,1,16313,16349,37,yolo_sppf,attention,42,yolo_sppf_full_attention256_seed42,YOLO/SPPF Attention-256
test_1,Mouse070_20160709_16-58-36,smoothed_frames,ground_truth,investigation,1,16497,16502,6,yolo_sppf,attention,42,yolo_sppf_full_attention256_seed42,YOLO/SPPF Attention-256
test_1,Mouse070_20160709_16-58-36,smoothed_frames,ground_truth,attack,0,16504,16547,44,yolo_sppf,attention,42,yolo_sppf_full_attention256_seed42,YOLO/SPPF Attention-256
test_1,Mouse070_20160709_16-58-36,smoothed_frames,ground_truth,investigation,1,16549,16564,16,yolo_sppf,attention,42,yolo_sppf_full_attention256_seed42,YOLO/SPPF Attention-256
test_1,Mouse070_20160709_16-58-36,smoothed_frames,ground_truth,attack,0,16566,16569,4,yolo_sppf,attention,42,yolo_sppf_full_attention256_seed42,YOLO/SPPF Attention-256
test_1,Mouse070_20160709_16-58-36,smoothed_frames,ground_truth,investigation,1,16571,16576,6,yolo_sppf,attention,42,yolo_sppf_full_attention256_seed42,YOLO/SPPF Attention-256
test_1,Mouse070_20160709_16-58-36,smoothed_frames,ground_truth,investigation,1,16624,16637,14,yolo_sppf,attention,42,yolo_sppf_full_attention256_seed42,YOLO/SPPF Attention-256
test_1,Mouse070_20160709_16-58-36,smoothed_frames,ground_truth,attack,0,16639,16655,17,yolo_sppf,attention,42,yolo_sppf_full_attention256_seed42,YOLO/SPPF Attention-256
test_1,Mouse070_20160709_16-58-36,smoothed_frames,ground_truth,investigation,1,16657,16694,38,yolo_sppf,attention,42,yolo_sppf_full_attention256_seed42,YOLO/SPPF Attention-256
test_1,Mouse070_20160709_16-58-36,smoothed_frames,ground_truth,investigation,1,17001,17046,46,yolo_sppf,attention,42,yolo_sppf_full_attention256_seed42,YOLO/SPPF Attention-256
test_1,Mouse070_20160709_16-58-36,smoothed_frames,ground_truth,investigation,1,17142,17146,5,yolo_sppf,attention,42,yolo_sppf_full_attention256_seed42,YOLO/SPPF Attention-256
test_1,Mouse070_20160709_16-58-36,smoothed_frames,ground_truth,attack,0,17148,17178,31,yolo_sppf,attention,42,yolo_sppf_full_attention256_seed42,YOLO/SPPF Attention-256
test_1,Mouse070_20160709_16-58-36,smoothed_frames,ground_truth,investigation,1,17180,17189,10,yolo_sppf,attention,42,yolo_sppf_full_attention256_seed42,YOLO/SPPF Attention-256
test_1,Mouse070_20160709_16-58-36,smoothed_frames,ground_truth,investigation,1,17573,17581,9,yolo_sppf,attention,42,yolo_sppf_full_attention256_seed42,YOLO/SPPF Attention-256
test_1,Mouse070_20160709_16-58-36,smoothed_frames,ground_truth,investigation,1,17779,17790,12,yolo_sppf,attention,42,yolo_sppf_full_attention256_seed42,YOLO/SPPF Attention-256
test_1,Mouse070_20160709_16-58-36,smoothed_frames,ground_truth,investigation,1,18238,18248,11,yolo_sppf,attention,42,yolo_sppf_full_attention256_seed42,YOLO/SPPF Attention-256
test_1,Mouse070_20160709_16-58-36,smoothed_frames,ground_truth,investigation,1,18415,18453,39,yolo_sppf,attention,42,yolo_sppf_full_attention256_seed42,YOLO/SPPF Attention-256
test_1,Mouse070_20160709_16-58-36,smoothed_frames,ground_truth,investigation,1,18855,18864,10,yolo_sppf,attention,42,yolo_sppf_full_attention256_seed42,YOLO/SPPF Attention-256
test_1,Mouse070_20160709_16-58-36,smoothed_frames,ground_truth,investigation,1,19483,19555,73,yolo_sppf,attention,42,yolo_sppf_full_attention256_seed42,YOLO/SPPF Attention-256
test_1,Mouse070_20160709_16-58-36,smoothed_frames,ground_truth,investigation,1,19739,19740,2,yolo_sppf,attention,42,yolo_sppf_full_attention256_seed42,YOLO/SPPF Attention-256
test_1,Mouse070_20160709_16-58-36,smoothed_frames,ground_truth,attack,0,19742,19838,97,yolo_sppf,attention,42,yolo_sppf_full_attention256_seed42,YOLO/SPPF Attention-256
test_1,Mouse070_20160709_16-58-36,smoothed_frames,ground_truth,investigation,1,19840,19855,16,yolo_sppf,attention,42,yolo_sppf_full_attention256_seed42,YOLO/SPPF Attention-256
test_1,Mouse070_20160709_16-58-36,smoothed_frames,ground_truth,attack,0,19857,19912,56,yolo_sppf,attention,42,yolo_sppf_full_attention256_seed42,YOLO/SPPF Attention-256
test_1,Mouse070_20160709_16-58-36,smoothed_frames,ground_truth,investigation,1,19914,19921,8,yolo_sppf,attention,42,yolo_sppf_full_attention256_seed42,YOLO/SPPF Attention-256
test_1,Mouse070_20160709_16-58-36,smoothed_frames,ground_truth,attack,0,19923,19951,29,yolo_sppf,attention,42,yolo_sppf_full_attention256_seed42,YOLO/SPPF Attention-256
test_1,Mouse070_20160709_16-58-36,smoothed_frames,ground_truth,investigation,1,19953,19959,7,yolo_sppf,attention,42,yolo_sppf_full_attention256_seed42,YOLO/SPPF Attention-256
test_1,Mouse070_20160709_16-58-36,smoothed_frames,ground_truth,investigation,1,20000,20065,66,yolo_sppf,attention,42,yolo_sppf_full_attention256_seed42,YOLO/SPPF Attention-256
test_1,Mouse070_20160709_16-58-36,smoothed_frames,ground_truth,investigation,1,20115,20126,12,yolo_sppf,attention,42,yolo_sppf_full_attention256_seed42,YOLO/SPPF Attention-256
test_1,Mouse070_20160709_16-58-36,smoothed_frames,ground_truth,investigation,1,20161,20191,31,yolo_sppf,attention,42,yolo_sppf_full_attention256_seed42,YOLO/SPPF Attention-256
test_1,Mouse074_20160709_19-15-23,smoothed_frames,ground_truth,investigation,1,99,164,66,yolo_sppf,attention,42,yolo_sppf_full_attention256_seed42,YOLO/SPPF Attention-256
test_1,Mouse074_20160709_19-15-23,smoothed_frames,ground_truth,investigation,1,178,205,28,yolo_sppf,attention,42,yolo_sppf_full_attention256_seed42,YOLO/SPPF Attention-256
test_1,Mouse074_20160709_19-15-23,smoothed_frames,ground_truth,attack,0,207,243,37,yolo_sppf,attention,42,yolo_sppf_full_attention256_seed42,YOLO/SPPF Attention-256
test_1,Mouse074_20160709_19-15-23,smoothed_frames,ground_truth,investigation,1,251,252,2,yolo_sppf,attention,42,yolo_sppf_full_attention256_seed42,YOLO/SPPF Attention-256
test_1,Mouse074_20160709_19-15-23,smoothed_frames,ground_truth,attack,0,254,301,48,yolo_sppf,attention,42,yolo_sppf_full_attention256_seed42,YOLO/SPPF Attention-256
test_1,Mouse074_20160709_19-15-23,smoothed_frames,ground_truth,investigation,1,363,370,8,yolo_sppf,attention,42,yolo_sppf_full_attention256_seed42,YOLO/SPPF Attention-256
test_1,Mouse074_20160709_19-15-23,smoothed_frames,ground_truth,attack,0,372,415,44,yolo_sppf,attention,42,yolo_sppf_full_attention256_seed42,YOLO/SPPF Attention-256
test_1,Mouse074_20160709_19-15-23,smoothed_frames,ground_truth,investigation,1,509,544,36,yolo_sppf,attention,42,yolo_sppf_full_attention256_seed42,YOLO/SPPF Attention-256
test_1,Mouse074_20160709_19-15-23,smoothed_frames,ground_truth,attack,0,546,624,79,yolo_sppf,attention,42,yolo_sppf_full_attention256_seed42,YOLO/SPPF Attention-256
test_1,Mouse074_20160709_19-15-23,smoothed_frames,ground_truth,investigation,1,649,661,13,yolo_sppf,attention,42,yolo_sppf_full_attention256_seed42,YOLO/SPPF Attention-256
test_1,Mouse074_20160709_19-15-23,smoothed_frames,ground_truth,investigation,1,675,686,12,yolo_sppf,attention,42,yolo_sppf_full_attention256_seed42,YOLO/SPPF Attention-256
test_1,Mouse074_20160709_19-15-23,smoothed_frames,ground_truth,attack,0,688,738,51,yolo_sppf,attention,42,yolo_sppf_full_attention256_seed42,YOLO/SPPF Attention-256
test_1,Mouse074_20160709_19-15-23,smoothed_frames,ground_truth,investigation,1,740,753,14,yolo_sppf,attention,42,yolo_sppf_full_attention256_seed42,YOLO/SPPF Attention-256
test_1,Mouse074_20160709_19-15-23,smoothed_frames,ground_truth,attack,0,755,767,13,yolo_sppf,attention,42,yolo_sppf_full_attention256_seed42,YOLO/SPPF Attention-256
test_1,Mouse074_20160709_19-15-23,smoothed_frames,ground_truth,investigation,1,820,825,6,yolo_sppf,attention,42,yolo_sppf_full_attention256_seed42,YOLO/SPPF Attention-256
test_1,Mouse074_20160709_19-15-23,smoothed_frames,ground_truth,attack,0,827,912,86,yolo_sppf,attention,42,yolo_sppf_full_attention256_seed42,YOLO/SPPF Attention-256
test_1,Mouse074_20160709_19-15-23,smoothed_frames,ground_truth,investigation,1,914,942,29,yolo_sppf,attention,42,yolo_sppf_full_attention256_seed42,YOLO/SPPF Attention-256
test_1,Mouse074_20160709_19-15-23,smoothed_frames,ground_truth,attack,0,944,954,11,yolo_sppf,attention,42,yolo_sppf_full_attention256_seed42,YOLO/SPPF Attention-256
test_1,Mouse074_20160709_19-15-23,smoothed_frames,ground_truth,investigation,1,956,963,8,yolo_sppf,attention,42,yolo_sppf_full_attention256_seed42,YOLO/SPPF Attention-256
test_1,Mouse074_20160709_19-15-23,smoothed_frames,ground_truth,investigation,1,1101,1124,24,yolo_sppf,attention,42,yolo_sppf_full_attention256_seed42,YOLO/SPPF Attention-256
test_1,Mouse074_20160709_19-15-23,smoothed_frames,ground_truth,attack,0,1126,1141,16,yolo_sppf,attention,42,yolo_sppf_full_attention256_seed42,YOLO/SPPF Attention-256
test_1,Mouse074_20160709_19-15-23,smoothed_frames,ground_truth,investigation,1,1154,1157,4,yolo_sppf,attention,42,yolo_sppf_full_attention256_seed42,YOLO/SPPF Attention-256
test_1,Mouse074_20160709_19-15-23,smoothed_frames,ground_truth,attack,0,1159,1340,182,yolo_sppf,attention,42,yolo_sppf_full_attention256_seed42,YOLO/SPPF Attention-256
test_1,Mouse074_20160709_19-15-23,smoothed_frames,ground_truth,investigation,1,1342,1351,10,yolo_sppf,attention,42,yolo_sppf_full_attention256_seed42,YOLO/SPPF Attention-256
test_1,Mouse074_20160709_19-15-23,smoothed_frames,ground_truth,investigation,1,1405,1456,52,yolo_sppf,attention,42,yolo_sppf_full_attention256_seed42,YOLO/SPPF Attention-256
test_1,Mouse074_20160709_19-15-23,smoothed_frames,ground_truth,attack,0,1458,1527,70,yolo_sppf,attention,42,yolo_sppf_full_attention256_seed42,YOLO/SPPF Attention-256
test_1,Mouse074_20160709_19-15-23,smoothed_frames,ground_truth,investigation,1,1566,1597,32,yolo_sppf,attention,42,yolo_sppf_full_attention256_seed42,YOLO/SPPF Attention-256
test_1,Mouse074_20160709_19-15-23,smoothed_frames,ground_truth,investigation,1,1668,1733,66,yolo_sppf,attention,42,yolo_sppf_full_attention256_seed42,YOLO/SPPF Attention-256
test_1,Mouse074_20160709_19-15-23,smoothed_frames,ground_truth,investigation,1,1911,1923,13,yolo_sppf,attention,42,yolo_sppf_full_attention256_seed42,YOLO/SPPF Attention-256
test_1,Mouse074_20160709_19-15-23,smoothed_frames,ground_truth,investigation,1,1971,2000,30,yolo_sppf,attention,42,yolo_sppf_full_attention256_seed42,YOLO/SPPF Attention-256
test_1,Mouse074_20160709_19-15-23,smoothed_frames,ground_truth,investigation,1,2356,2370,15,yolo_sppf,attention,42,yolo_sppf_full_attention256_seed42,YOLO/SPPF Attention-256
test_1,Mouse074_20160709_19-15-23,smoothed_frames,ground_truth,investigation,1,2913,3062,150,yolo_sppf,attention,42,yolo_sppf_full_attention256_seed42,YOLO/SPPF Attention-256
test_1,Mouse074_20160709_19-15-23,smoothed_frames,ground_truth,attack,0,3064,3088,25,yolo_sppf,attention,42,yolo_sppf_full_attention256_seed42,YOLO/SPPF Attention-256
test_1,Mouse074_20160709_19-15-23,smoothed_frames,ground_truth,investigation,1,3125,3159,35,yolo_sppf,attention,42,yolo_sppf_full_attention256_seed42,YOLO/SPPF Attention-256
test_1,Mouse074_20160709_19-15-23,smoothed_frames,ground_truth,attack,0,3161,3268,108,yolo_sppf,attention,42,yolo_sppf_full_attention256_seed42,YOLO/SPPF Attention-256
test_1,Mouse074_20160709_19-15-23,smoothed_frames,ground_truth,investigation,1,3331,3342,12,yolo_sppf,attention,42,yolo_sppf_full_attention256_seed42,YOLO/SPPF Attention-256
test_1,Mouse074_20160709_19-15-23,smoothed_frames,ground_truth,attack,0,3344,3453,110,yolo_sppf,attention,42,yolo_sppf_full_attention256_seed42,YOLO/SPPF Attention-256
test_1,Mouse074_20160709_19-15-23,smoothed_frames,ground_truth,investigation,1,3455,3493,39,yolo_sppf,attention,42,yolo_sppf_full_attention256_seed42,YOLO/SPPF Attention-256
test_1,Mouse074_20160709_19-15-23,smoothed_frames,ground_truth,investigation,1,3608,3619,12,yolo_sppf,attention,42,yolo_sppf_full_attention256_seed42,YOLO/SPPF Attention-256
test_1,Mouse074_20160709_19-15-23,smoothed_frames,ground_truth,investigation,1,3635,3655,21,yolo_sppf,attention,42,yolo_sppf_full_attention256_seed42,YOLO/SPPF Attention-256
test_1,Mouse074_20160709_19-15-23,smoothed_frames,ground_truth,investigation,1,3729,3741,13,yolo_sppf,attention,42,yolo_sppf_full_attention256_seed42,YOLO/SPPF Attention-256
test_1,Mouse074_20160709_19-15-23,smoothed_frames,ground_truth,attack,0,3743,3807,65,yolo_sppf,attention,42,yolo_sppf_full_attention256_seed42,YOLO/SPPF Attention-256
test_1,Mouse074_20160709_19-15-23,smoothed_frames,ground_truth,investigation,1,3899,3913,15,yolo_sppf,attention,42,yolo_sppf_full_attention256_seed42,YOLO/SPPF Attention-256
test_1,Mouse074_20160709_19-15-23,smoothed_frames,ground_truth,attack,0,3915,3983,69,yolo_sppf,attention,42,yolo_sppf_full_attention256_seed42,YOLO/SPPF Attention-256
test_1,Mouse074_20160709_19-15-23,smoothed_frames,ground_truth,investigation,1,4041,4065,25,yolo_sppf,attention,42,yolo_sppf_full_attention256_seed42,YOLO/SPPF Attention-256
test_1,Mouse074_20160709_19-15-23,smoothed_frames,ground_truth,attack,0,4067,4125,59,yolo_sppf,attention,42,yolo_sppf_full_attention256_seed42,YOLO/SPPF Attention-256
test_1,Mouse074_20160709_19-15-23,smoothed_frames,ground_truth,investigation,1,4144,4154,11,yolo_sppf,attention,42,yolo_sppf_full_attention256_seed42,YOLO/SPPF Attention-256
test_1,Mouse074_20160709_19-15-23,smoothed_frames,ground_truth,attack,0,4156,4180,25,yolo_sppf,attention,42,yolo_sppf_full_attention256_seed42,YOLO/SPPF Attention-256
test_1,Mouse074_20160709_19-15-23,smoothed_frames,ground_truth,investigation,1,4302,4309,8,yolo_sppf,attention,42,yolo_sppf_full_attention256_seed42,YOLO/SPPF Attention-256
test_1,Mouse074_20160709_19-15-23,smoothed_frames,ground_truth,attack,0,4311,4332,22,yolo_sppf,attention,42,yolo_sppf_full_attention256_seed42,YOLO/SPPF Attention-256
test_1,Mouse074_20160709_19-15-23,smoothed_frames,ground_truth,investigation,1,4334,4349,16,yolo_sppf,attention,42,yolo_sppf_full_attention256_seed42,YOLO/SPPF Attention-256
test_1,Mouse074_20160709_19-15-23,smoothed_frames,ground_truth,investigation,1,4532,4548,17,yolo_sppf,attention,42,yolo_sppf_full_attention256_seed42,YOLO/SPPF Attention-256
test_1,Mouse074_20160709_19-15-23,smoothed_frames,ground_truth,investigation,1,4610,4623,14,yolo_sppf,attention,42,yolo_sppf_full_attention256_seed42,YOLO/SPPF Attention-256
test_1,Mouse074_20160709_19-15-23,smoothed_frames,ground_truth,investigation,1,4889,4926,38,yolo_sppf,attention,42,yolo_sppf_full_attention256_seed42,YOLO/SPPF Attention-256
test_1,Mouse074_20160709_19-15-23,smoothed_frames,ground_truth,attack,0,4928,5003,76,yolo_sppf,attention,42,yolo_sppf_full_attention256_seed42,YOLO/SPPF Attention-256
test_1,Mouse074_20160709_19-15-23,smoothed_frames,ground_truth,investigation,1,5005,5018,14,yolo_sppf,attention,42,yolo_sppf_full_attention256_seed42,YOLO/SPPF Attention-256
test_1,Mouse074_20160709_19-15-23,smoothed_frames,ground_truth,investigation,1,5039,5050,12,yolo_sppf,attention,42,yolo_sppf_full_attention256_seed42,YOLO/SPPF Attention-256
test_1,Mouse074_20160709_19-15-23,smoothed_frames,ground_truth,attack,0,5052,5145,94,yolo_sppf,attention,42,yolo_sppf_full_attention256_seed42,YOLO/SPPF Attention-256
test_1,Mouse074_20160709_19-15-23,smoothed_frames,ground_truth,investigation,1,5158,5159,2,yolo_sppf,attention,42,yolo_sppf_full_attention256_seed42,YOLO/SPPF Attention-256
test_1,Mouse074_20160709_19-15-23,smoothed_frames,ground_truth,attack,0,5161,5265,105,yolo_sppf,attention,42,yolo_sppf_full_attention256_seed42,YOLO/SPPF Attention-256
test_1,Mouse074_20160709_19-15-23,smoothed_frames,ground_truth,investigation,1,5283,5302,20,yolo_sppf,attention,42,yolo_sppf_full_attention256_seed42,YOLO/SPPF Attention-256
test_1,Mouse074_20160709_19-15-23,smoothed_frames,ground_truth,investigation,1,5609,5617,9,yolo_sppf,attention,42,yolo_sppf_full_attention256_seed42,YOLO/SPPF Attention-256
test_1,Mouse074_20160709_19-15-23,smoothed_frames,ground_truth,investigation,1,6016,6121,106,yolo_sppf,attention,42,yolo_sppf_full_attention256_seed42,YOLO/SPPF Attention-256
test_1,Mouse074_20160709_19-15-23,smoothed_frames,ground_truth,investigation,1,6171,6188,18,yolo_sppf,attention,42,yolo_sppf_full_attention256_seed42,YOLO/SPPF Attention-256
test_1,Mouse074_20160709_19-15-23,smoothed_frames,ground_truth,investigation,1,7937,7951,15,yolo_sppf,attention,42,yolo_sppf_full_attention256_seed42,YOLO/SPPF Attention-256
test_1,Mouse074_20160709_19-15-23,smoothed_frames,ground_truth,investigation,1,8601,8613,13,yolo_sppf,attention,42,yolo_sppf_full_attention256_seed42,YOLO/SPPF Attention-256
test_1,Mouse074_20160709_19-15-23,smoothed_frames,ground_truth,investigation,1,9288,9304,17,yolo_sppf,attention,42,yolo_sppf_full_attention256_seed42,YOLO/SPPF Attention-256
test_1,Mouse074_20160709_19-15-23,smoothed_frames,ground_truth,investigation,1,9533,9592,60,yolo_sppf,attention,42,yolo_sppf_full_attention256_seed42,YOLO/SPPF Attention-256
test_1,Mouse074_20160709_19-15-23,smoothed_frames,ground_truth,attack,0,9594,9660,67,yolo_sppf,attention,42,yolo_sppf_full_attention256_seed42,YOLO/SPPF Attention-256
test_1,Mouse074_20160709_19-15-23,smoothed_frames,ground_truth,investigation,1,9671,9702,32,yolo_sppf,attention,42,yolo_sppf_full_attention256_seed42,YOLO/SPPF Attention-256
test_1,Mouse074_20160709_19-15-23,smoothed_frames,ground_truth,attack,0,9704,9712,9,yolo_sppf,attention,42,yolo_sppf_full_attention256_seed42,YOLO/SPPF Attention-256
test_1,Mouse074_20160709_19-15-23,smoothed_frames,ground_truth,investigation,1,9740,9750,11,yolo_sppf,attention,42,yolo_sppf_full_attention256_seed42,YOLO/SPPF Attention-256
test_1,Mouse074_20160709_19-15-23,smoothed_frames,ground_truth,investigation,1,9796,9827,32,yolo_sppf,attention,42,yolo_sppf_full_attention256_seed42,YOLO/SPPF Attention-256
test_1,Mouse074_20160709_19-15-23,smoothed_frames,ground_truth,attack,0,9829,9850,22,yolo_sppf,attention,42,yolo_sppf_full_attention256_seed42,YOLO/SPPF Attention-256
test_1,Mouse074_20160709_19-15-23,smoothed_frames,ground_truth,investigation,1,9928,9931,4,yolo_sppf,attention,42,yolo_sppf_full_attention256_seed42,YOLO/SPPF Attention-256
test_1,Mouse074_20160709_19-15-23,smoothed_frames,ground_truth,attack,0,9933,9987,55,yolo_sppf,attention,42,yolo_sppf_full_attention256_seed42,YOLO/SPPF Attention-256
test_1,Mouse074_20160709_19-15-23,smoothed_frames,ground_truth,investigation,1,10006,10021,16,yolo_sppf,attention,42,yolo_sppf_full_attention256_seed42,YOLO/SPPF Attention-256
test_1,Mouse074_20160709_19-15-23,smoothed_frames,ground_truth,investigation,1,10133,10138,6,yolo_sppf,attention,42,yolo_sppf_full_attention256_seed42,YOLO/SPPF Attention-256
test_1,Mouse074_20160709_19-15-23,smoothed_frames,ground_truth,attack,0,10140,10170,31,yolo_sppf,attention,42,yolo_sppf_full_attention256_seed42,YOLO/SPPF Attention-256
test_1,Mouse074_20160709_19-15-23,smoothed_frames,ground_truth,investigation,1,10265,10307,43,yolo_sppf,attention,42,yolo_sppf_full_attention256_seed42,YOLO/SPPF Attention-256
test_1,Mouse074_20160709_19-15-23,smoothed_frames,ground_truth,attack,0,10309,10334,26,yolo_sppf,attention,42,yolo_sppf_full_attention256_seed42,YOLO/SPPF Attention-256
test_1,Mouse074_20160709_19-15-23,smoothed_frames,ground_truth,investigation,1,10353,10356,4,yolo_sppf,attention,42,yolo_sppf_full_attention256_seed42,YOLO/SPPF Attention-256
test_1,Mouse074_20160709_19-15-23,smoothed_frames,ground_truth,attack,0,10358,10390,33,yolo_sppf,attention,42,yolo_sppf_full_attention256_seed42,YOLO/SPPF Attention-256
test_1,Mouse074_20160709_19-15-23,smoothed_frames,ground_truth,investigation,1,10423,10427,5,yolo_sppf,attention,42,yolo_sppf_full_attention256_seed42,YOLO/SPPF Attention-256
test_1,Mouse074_20160709_19-15-23,smoothed_frames,ground_truth,attack,0,10429,10445,17,yolo_sppf,attention,42,yolo_sppf_full_attention256_seed42,YOLO/SPPF Attention-256
test_1,Mouse074_20160709_19-15-23,smoothed_frames,ground_truth,investigation,1,10565,10577,13,yolo_sppf,attention,42,yolo_sppf_full_attention256_seed42,YOLO/SPPF Attention-256
test_1,Mouse074_20160709_19-15-23,smoothed_frames,ground_truth,attack,0,10579,10632,54,yolo_sppf,attention,42,yolo_sppf_full_attention256_seed42,YOLO/SPPF Attention-256
test_1,Mouse074_20160709_19-15-23,smoothed_frames,ground_truth,investigation,1,10651,10652,2,yolo_sppf,attention,42,yolo_sppf_full_attention256_seed42,YOLO/SPPF Attention-256
test_1,Mouse074_20160709_19-15-23,smoothed_frames,ground_truth,attack,0,10654,10661,8,yolo_sppf,attention,42,yolo_sppf_full_attention256_seed42,YOLO/SPPF Attention-256
test_1,Mouse074_20160709_19-15-23,smoothed_frames,ground_truth,attack,0,10670,10741,72,yolo_sppf,attention,42,yolo_sppf_full_attention256_seed42,YOLO/SPPF Attention-256
test_1,Mouse074_20160709_19-15-23,smoothed_frames,ground_truth,investigation,1,10743,10758,16,yolo_sppf,attention,42,yolo_sppf_full_attention256_seed42,YOLO/SPPF Attention-256
test_1,Mouse074_20160709_19-15-23,smoothed_frames,ground_truth,investigation,1,10785,10792,8,yolo_sppf,attention,42,yolo_sppf_full_attention256_seed42,YOLO/SPPF Attention-256
test_1,Mouse074_20160709_19-15-23,smoothed_frames,ground_truth,investigation,1,11122,11149,28,yolo_sppf,attention,42,yolo_sppf_full_attention256_seed42,YOLO/SPPF Attention-256
test_1,Mouse074_20160709_19-15-23,smoothed_frames,ground_truth,investigation,1,12146,12155,10,yolo_sppf,attention,42,yolo_sppf_full_attention256_seed42,YOLO/SPPF Attention-256
test_1,Mouse074_20160709_19-15-23,smoothed_frames,ground_truth,attack,0,12157,12242,86,yolo_sppf,attention,42,yolo_sppf_full_attention256_seed42,YOLO/SPPF Attention-256
test_1,Mouse074_20160709_19-15-23,smoothed_frames,ground_truth,attack,0,12290,12341,52,yolo_sppf,attention,42,yolo_sppf_full_attention256_seed42,YOLO/SPPF Attention-256
test_1,Mouse074_20160709_19-15-23,smoothed_frames,ground_truth,investigation,1,12631,12642,12,yolo_sppf,attention,42,yolo_sppf_full_attention256_seed42,YOLO/SPPF Attention-256
test_1,Mouse074_20160709_19-15-23,smoothed_frames,ground_truth,investigation,1,12961,12973,13,yolo_sppf,attention,42,yolo_sppf_full_attention256_seed42,YOLO/SPPF Attention-256
test_1,Mouse074_20160709_19-15-23,smoothed_frames,ground_truth,attack,0,12975,13017,43,yolo_sppf,attention,42,yolo_sppf_full_attention256_seed42,YOLO/SPPF Attention-256
test_1,Mouse074_20160709_19-15-23,smoothed_frames,ground_truth,investigation,1,13057,13066,10,yolo_sppf,attention,42,yolo_sppf_full_attention256_seed42,YOLO/SPPF Attention-256
test_1,Mouse074_20160709_19-15-23,smoothed_frames,ground_truth,attack,0,13068,13071,4,yolo_sppf,attention,42,yolo_sppf_full_attention256_seed42,YOLO/SPPF Attention-256
test_1,Mouse074_20160709_19-15-23,smoothed_frames,ground_truth,investigation,1,13181,13198,18,yolo_sppf,attention,42,yolo_sppf_full_attention256_seed42,YOLO/SPPF Attention-256
test_1,Mouse074_20160709_19-15-23,smoothed_frames,ground_truth,attack,0,13200,13308,109,yolo_sppf,attention,42,yolo_sppf_full_attention256_seed42,YOLO/SPPF Attention-256
test_1,Mouse074_20160709_19-15-23,smoothed_frames,ground_truth,investigation,1,13671,13685,15,yolo_sppf,attention,42,yolo_sppf_full_attention256_seed42,YOLO/SPPF Attention-256
test_1,Mouse074_20160709_19-15-23,smoothed_frames,ground_truth,investigation,1,13696,13712,17,yolo_sppf,attention,42,yolo_sppf_full_attention256_seed42,YOLO/SPPF Attention-256
test_1,Mouse074_20160709_19-15-23,smoothed_frames,ground_truth,attack,0,13714,13729,16,yolo_sppf,attention,42,yolo_sppf_full_attention256_seed42,YOLO/SPPF Attention-256
test_1,Mouse074_20160709_19-15-23,smoothed_frames,ground_truth,investigation,1,13741,13751,11,yolo_sppf,attention,42,yolo_sppf_full_attention256_seed42,YOLO/SPPF Attention-256
test_1,Mouse074_20160709_19-15-23,smoothed_frames,ground_truth,attack,0,13753,13754,2,yolo_sppf,attention,42,yolo_sppf_full_attention256_seed42,YOLO/SPPF Attention-256
test_1,Mouse074_20160709_19-15-23,smoothed_frames,ground_truth,investigation,1,13785,13792,8,yolo_sppf,attention,42,yolo_sppf_full_attention256_seed42,YOLO/SPPF Attention-256
test_1,Mouse074_20160709_19-15-23,smoothed_frames,ground_truth,attack,0,13794,13798,5,yolo_sppf,attention,42,yolo_sppf_full_attention256_seed42,YOLO/SPPF Attention-256
test_1,Mouse074_20160709_19-15-23,smoothed_frames,ground_truth,investigation,1,13944,13989,46,yolo_sppf,attention,42,yolo_sppf_full_attention256_seed42,YOLO/SPPF Attention-256
test_1,Mouse074_20160709_19-15-23,smoothed_frames,ground_truth,attack,0,13991,14027,37,yolo_sppf,attention,42,yolo_sppf_full_attention256_seed42,YOLO/SPPF Attention-256
test_1,Mouse074_20160709_19-15-23,smoothed_frames,ground_truth,investigation,1,15309,15312,4,yolo_sppf,attention,42,yolo_sppf_full_attention256_seed42,YOLO/SPPF Attention-256
test_1,Mouse074_20160709_19-15-23,smoothed_frames,ground_truth,investigation,1,16041,16064,24,yolo_sppf,attention,42,yolo_sppf_full_attention256_seed42,YOLO/SPPF Attention-256
test_1,Mouse074_20160709_19-15-23,smoothed_frames,ground_truth,investigation,1,16424,16434,11,yolo_sppf,attention,42,yolo_sppf_full_attention256_seed42,YOLO/SPPF Attention-256
test_1,Mouse074_20160709_19-15-23,smoothed_frames,ground_truth,investigation,1,17075,17093,19,yolo_sppf,attention,42,yolo_sppf_full_attention256_seed42,YOLO/SPPF Attention-256
test_1,Mouse074_20160709_19-15-23,smoothed_frames,ground_truth,investigation,1,17463,17478,16,yolo_sppf,attention,42,yolo_sppf_full_attention256_seed42,YOLO/SPPF Attention-256
test_1,Mouse074_20160709_19-15-23,smoothed_frames,ground_truth,investigation,1,18306,18329,24,yolo_sppf,attention,42,yolo_sppf_full_attention256_seed42,YOLO/SPPF Attention-256
test_1,Mouse074_20160709_19-15-23,smoothed_frames,ground_truth,investigation,1,18464,18476,13,yolo_sppf,attention,42,yolo_sppf_full_attention256_seed42,YOLO/SPPF Attention-256
test_1,Mouse077_20160709_18-29-34,smoothed_frames,ground_truth,investigation,1,80,159,80,yolo_sppf,attention,42,yolo_sppf_full_attention256_seed42,YOLO/SPPF Attention-256
test_1,Mouse077_20160709_18-29-34,smoothed_frames,ground_truth,attack,0,161,205,45,yolo_sppf,attention,42,yolo_sppf_full_attention256_seed42,YOLO/SPPF Attention-256
test_1,Mouse077_20160709_18-29-34,smoothed_frames,ground_truth,investigation,1,266,282,17,yolo_sppf,attention,42,yolo_sppf_full_attention256_seed42,YOLO/SPPF Attention-256
test_1,Mouse077_20160709_18-29-34,smoothed_frames,ground_truth,attack,0,284,433,150,yolo_sppf,attention,42,yolo_sppf_full_attention256_seed42,YOLO/SPPF Attention-256
test_1,Mouse077_20160709_18-29-34,smoothed_frames,ground_truth,investigation,1,474,483,10,yolo_sppf,attention,42,yolo_sppf_full_attention256_seed42,YOLO/SPPF Attention-256
test_1,Mouse077_20160709_18-29-34,smoothed_frames,ground_truth,attack,0,485,582,98,yolo_sppf,attention,42,yolo_sppf_full_attention256_seed42,YOLO/SPPF Attention-256
test_1,Mouse077_20160709_18-29-34,smoothed_frames,ground_truth,investigation,1,625,648,24,yolo_sppf,attention,42,yolo_sppf_full_attention256_seed42,YOLO/SPPF Attention-256
test_1,Mouse077_20160709_18-29-34,smoothed_frames,ground_truth,attack,0,650,712,63,yolo_sppf,attention,42,yolo_sppf_full_attention256_seed42,YOLO/SPPF Attention-256
test_1,Mouse077_20160709_18-29-34,smoothed_frames,ground_truth,investigation,1,714,744,31,yolo_sppf,attention,42,yolo_sppf_full_attention256_seed42,YOLO/SPPF Attention-256
test_1,Mouse077_20160709_18-29-34,smoothed_frames,ground_truth,attack,0,746,758,13,yolo_sppf,attention,42,yolo_sppf_full_attention256_seed42,YOLO/SPPF Attention-256
test_1,Mouse077_20160709_18-29-34,smoothed_frames,ground_truth,investigation,1,779,800,22,yolo_sppf,attention,42,yolo_sppf_full_attention256_seed42,YOLO/SPPF Attention-256
test_1,Mouse077_20160709_18-29-34,smoothed_frames,ground_truth,attack,0,802,958,157,yolo_sppf,attention,42,yolo_sppf_full_attention256_seed42,YOLO/SPPF Attention-256
test_1,Mouse077_20160709_18-29-34,smoothed_frames,ground_truth,investigation,1,960,988,29,yolo_sppf,attention,42,yolo_sppf_full_attention256_seed42,YOLO/SPPF Attention-256
test_1,Mouse077_20160709_18-29-34,smoothed_frames,ground_truth,attack,0,990,1016,27,yolo_sppf,attention,42,yolo_sppf_full_attention256_seed42,YOLO/SPPF Attention-256
test_1,Mouse077_20160709_18-29-34,smoothed_frames,ground_truth,investigation,1,1041,1065,25,yolo_sppf,attention,42,yolo_sppf_full_attention256_seed42,YOLO/SPPF Attention-256
test_1,Mouse077_20160709_18-29-34,smoothed_frames,ground_truth,attack,0,1067,1073,7,yolo_sppf,attention,42,yolo_sppf_full_attention256_seed42,YOLO/SPPF Attention-256
test_1,Mouse077_20160709_18-29-34,smoothed_frames,ground_truth,investigation,1,1078,1104,27,yolo_sppf,attention,42,yolo_sppf_full_attention256_seed42,YOLO/SPPF Attention-256
test_1,Mouse077_20160709_18-29-34,smoothed_frames,ground_truth,attack,0,1106,1248,143,yolo_sppf,attention,42,yolo_sppf_full_attention256_seed42,YOLO/SPPF Attention-256
test_1,Mouse077_20160709_18-29-34,smoothed_frames,ground_truth,investigation,1,1250,1268,19,yolo_sppf,attention,42,yolo_sppf_full_attention256_seed42,YOLO/SPPF Attention-256
test_1,Mouse077_20160709_18-29-34,smoothed_frames,ground_truth,investigation,1,1308,1374,67,yolo_sppf,attention,42,yolo_sppf_full_attention256_seed42,YOLO/SPPF Attention-256
test_1,Mouse077_20160709_18-29-34,smoothed_frames,ground_truth,investigation,1,1439,1470,32,yolo_sppf,attention,42,yolo_sppf_full_attention256_seed42,YOLO/SPPF Attention-256
test_1,Mouse077_20160709_18-29-34,smoothed_frames,ground_truth,investigation,1,1547,1562,16,yolo_sppf,attention,42,yolo_sppf_full_attention256_seed42,YOLO/SPPF Attention-256
test_1,Mouse077_20160709_18-29-34,smoothed_frames,ground_truth,investigation,1,1627,1641,15,yolo_sppf,attention,42,yolo_sppf_full_attention256_seed42,YOLO/SPPF Attention-256
test_1,Mouse077_20160709_18-29-34,smoothed_frames,ground_truth,investigation,1,1921,1948,28,yolo_sppf,attention,42,yolo_sppf_full_attention256_seed42,YOLO/SPPF Attention-256
test_1,Mouse077_20160709_18-29-34,smoothed_frames,ground_truth,investigation,1,2032,2070,39,yolo_sppf,attention,42,yolo_sppf_full_attention256_seed42,YOLO/SPPF Attention-256
test_1,Mouse077_20160709_18-29-34,smoothed_frames,ground_truth,attack,0,2072,2139,68,yolo_sppf,attention,42,yolo_sppf_full_attention256_seed42,YOLO/SPPF Attention-256
test_1,Mouse077_20160709_18-29-34,smoothed_frames,ground_truth,investigation,1,2145,2188,44,yolo_sppf,attention,42,yolo_sppf_full_attention256_seed42,YOLO/SPPF Attention-256
test_1,Mouse077_20160709_18-29-34,smoothed_frames,ground_truth,attack,0,2190,2281,92,yolo_sppf,attention,42,yolo_sppf_full_attention256_seed42,YOLO/SPPF Attention-256
test_1,Mouse077_20160709_18-29-34,smoothed_frames,ground_truth,investigation,1,2283,2322,40,yolo_sppf,attention,42,yolo_sppf_full_attention256_seed42,YOLO/SPPF Attention-256
test_1,Mouse077_20160709_18-29-34,smoothed_frames,ground_truth,attack,0,2324,2442,119,yolo_sppf,attention,42,yolo_sppf_full_attention256_seed42,YOLO/SPPF Attention-256
test_1,Mouse077_20160709_18-29-34,smoothed_frames,ground_truth,investigation,1,2475,2485,11,yolo_sppf,attention,42,yolo_sppf_full_attention256_seed42,YOLO/SPPF Attention-256
test_1,Mouse077_20160709_18-29-34,smoothed_frames,ground_truth,attack,0,2487,2588,102,yolo_sppf,attention,42,yolo_sppf_full_attention256_seed42,YOLO/SPPF Attention-256
test_1,Mouse077_20160709_18-29-34,smoothed_frames,ground_truth,investigation,1,2750,2767,18,yolo_sppf,attention,42,yolo_sppf_full_attention256_seed42,YOLO/SPPF Attention-256
test_1,Mouse077_20160709_18-29-34,smoothed_frames,ground_truth,attack,0,2769,2812,44,yolo_sppf,attention,42,yolo_sppf_full_attention256_seed42,YOLO/SPPF Attention-256
test_1,Mouse077_20160709_18-29-34,smoothed_frames,ground_truth,investigation,1,2824,2831,8,yolo_sppf,attention,42,yolo_sppf_full_attention256_seed42,YOLO/SPPF Attention-256
test_1,Mouse077_20160709_18-29-34,smoothed_frames,ground_truth,attack,0,2833,2896,64,yolo_sppf,attention,42,yolo_sppf_full_attention256_seed42,YOLO/SPPF Attention-256
test_1,Mouse077_20160709_18-29-34,smoothed_frames,ground_truth,investigation,1,2909,2920,12,yolo_sppf,attention,42,yolo_sppf_full_attention256_seed42,YOLO/SPPF Attention-256
test_1,Mouse077_20160709_18-29-34,smoothed_frames,ground_truth,attack,0,2922,2957,36,yolo_sppf,attention,42,yolo_sppf_full_attention256_seed42,YOLO/SPPF Attention-256
test_1,Mouse077_20160709_18-29-34,smoothed_frames,ground_truth,investigation,1,2997,3005,9,yolo_sppf,attention,42,yolo_sppf_full_attention256_seed42,YOLO/SPPF Attention-256
test_1,Mouse077_20160709_18-29-34,smoothed_frames,ground_truth,investigation,1,3122,3146,25,yolo_sppf,attention,42,yolo_sppf_full_attention256_seed42,YOLO/SPPF Attention-256
test_1,Mouse077_20160709_18-29-34,smoothed_frames,ground_truth,attack,0,3148,3207,60,yolo_sppf,attention,42,yolo_sppf_full_attention256_seed42,YOLO/SPPF Attention-256
test_1,Mouse077_20160709_18-29-34,smoothed_frames,ground_truth,investigation,1,3225,3235,11,yolo_sppf,attention,42,yolo_sppf_full_attention256_seed42,YOLO/SPPF Attention-256
test_1,Mouse077_20160709_18-29-34,smoothed_frames,ground_truth,attack,0,3237,3243,7,yolo_sppf,attention,42,yolo_sppf_full_attention256_seed42,YOLO/SPPF Attention-256
test_1,Mouse077_20160709_18-29-34,smoothed_frames,ground_truth,investigation,1,3259,3268,10,yolo_sppf,attention,42,yolo_sppf_full_attention256_seed42,YOLO/SPPF Attention-256
test_1,Mouse077_20160709_18-29-34,smoothed_frames,ground_truth,investigation,1,3276,3306,31,yolo_sppf,attention,42,yolo_sppf_full_attention256_seed42,YOLO/SPPF Attention-256
test_1,Mouse077_20160709_18-29-34,smoothed_frames,ground_truth,attack,0,3308,3329,22,yolo_sppf,attention,42,yolo_sppf_full_attention256_seed42,YOLO/SPPF Attention-256
test_1,Mouse077_20160709_18-29-34,smoothed_frames,ground_truth,investigation,1,3357,3388,32,yolo_sppf,attention,42,yolo_sppf_full_attention256_seed42,YOLO/SPPF Attention-256
test_1,Mouse077_20160709_18-29-34,smoothed_frames,ground_truth,attack,0,3390,3415,26,yolo_sppf,attention,42,yolo_sppf_full_attention256_seed42,YOLO/SPPF Attention-256
test_1,Mouse077_20160709_18-29-34,smoothed_frames,ground_truth,investigation,1,3869,3952,84,yolo_sppf,attention,42,yolo_sppf_full_attention256_seed42,YOLO/SPPF Attention-256
test_1,Mouse077_20160709_18-29-34,smoothed_frames,ground_truth,investigation,1,4341,4370,30,yolo_sppf,attention,42,yolo_sppf_full_attention256_seed42,YOLO/SPPF Attention-256
test_1,Mouse077_20160709_18-29-34,smoothed_frames,ground_truth,investigation,1,4800,4811,12,yolo_sppf,attention,42,yolo_sppf_full_attention256_seed42,YOLO/SPPF Attention-256
test_1,Mouse077_20160709_18-29-34,smoothed_frames,ground_truth,investigation,1,4980,4996,17,yolo_sppf,attention,42,yolo_sppf_full_attention256_seed42,YOLO/SPPF Attention-256
test_1,Mouse077_20160709_18-29-34,smoothed_frames,ground_truth,investigation,1,5527,5540,14,yolo_sppf,attention,42,yolo_sppf_full_attention256_seed42,YOLO/SPPF Attention-256
test_1,Mouse077_20160709_18-29-34,smoothed_frames,ground_truth,investigation,1,5630,5641,12,yolo_sppf,attention,42,yolo_sppf_full_attention256_seed42,YOLO/SPPF Attention-256
test_1,Mouse077_20160709_18-29-34,smoothed_frames,ground_truth,investigation,1,6097,6112,16,yolo_sppf,attention,42,yolo_sppf_full_attention256_seed42,YOLO/SPPF Attention-256
test_1,Mouse077_20160709_18-29-34,smoothed_frames,ground_truth,investigation,1,6513,6529,17,yolo_sppf,attention,42,yolo_sppf_full_attention256_seed42,YOLO/SPPF Attention-256
test_1,Mouse077_20160709_18-29-34,smoothed_frames,ground_truth,attack,0,6531,6589,59,yolo_sppf,attention,42,yolo_sppf_full_attention256_seed42,YOLO/SPPF Attention-256
test_1,Mouse077_20160709_18-29-34,smoothed_frames,ground_truth,investigation,1,6601,6612,12,yolo_sppf,attention,42,yolo_sppf_full_attention256_seed42,YOLO/SPPF Attention-256
test_1,Mouse077_20160709_18-29-34,smoothed_frames,ground_truth,attack,0,6614,6633,20,yolo_sppf,attention,42,yolo_sppf_full_attention256_seed42,YOLO/SPPF Attention-256
test_1,Mouse077_20160709_18-29-34,smoothed_frames,ground_truth,investigation,1,6691,6700,10,yolo_sppf,attention,42,yolo_sppf_full_attention256_seed42,YOLO/SPPF Attention-256
test_1,Mouse077_20160709_18-29-34,smoothed_frames,ground_truth,attack,0,6702,6723,22,yolo_sppf,attention,42,yolo_sppf_full_attention256_seed42,YOLO/SPPF Attention-256
test_1,Mouse077_20160709_18-29-34,smoothed_frames,ground_truth,investigation,1,6741,6746,6,yolo_sppf,attention,42,yolo_sppf_full_attention256_seed42,YOLO/SPPF Attention-256
test_1,Mouse077_20160709_18-29-34,smoothed_frames,ground_truth,attack,0,6748,6819,72,yolo_sppf,attention,42,yolo_sppf_full_attention256_seed42,YOLO/SPPF Attention-256
test_1,Mouse077_20160709_18-29-34,smoothed_frames,ground_truth,investigation,1,6861,6874,14,yolo_sppf,attention,42,yolo_sppf_full_attention256_seed42,YOLO/SPPF Attention-256
test_1,Mouse077_20160709_18-29-34,smoothed_frames,ground_truth,attack,0,6876,6886,11,yolo_sppf,attention,42,yolo_sppf_full_attention256_seed42,YOLO/SPPF Attention-256
test_1,Mouse077_20160709_18-29-34,smoothed_frames,ground_truth,investigation,1,6932,6952,21,yolo_sppf,attention,42,yolo_sppf_full_attention256_seed42,YOLO/SPPF Attention-256
test_1,Mouse077_20160709_18-29-34,smoothed_frames,ground_truth,attack,0,6954,7090,137,yolo_sppf,attention,42,yolo_sppf_full_attention256_seed42,YOLO/SPPF Attention-256
test_1,Mouse077_20160709_18-29-34,smoothed_frames,ground_truth,investigation,1,7092,7114,23,yolo_sppf,attention,42,yolo_sppf_full_attention256_seed42,YOLO/SPPF Attention-256
test_1,Mouse077_20160709_18-29-34,smoothed_frames,ground_truth,investigation,1,7162,7165,4,yolo_sppf,attention,42,yolo_sppf_full_attention256_seed42,YOLO/SPPF Attention-256
test_1,Mouse077_20160709_18-29-34,smoothed_frames,ground_truth,attack,0,7167,7223,57,yolo_sppf,attention,42,yolo_sppf_full_attention256_seed42,YOLO/SPPF Attention-256
test_1,Mouse077_20160709_18-29-34,smoothed_frames,ground_truth,investigation,1,7311,7338,28,yolo_sppf,attention,42,yolo_sppf_full_attention256_seed42,YOLO/SPPF Attention-256
test_1,Mouse077_20160709_18-29-34,smoothed_frames,ground_truth,attack,0,7340,7375,36,yolo_sppf,attention,42,yolo_sppf_full_attention256_seed42,YOLO/SPPF Attention-256
test_1,Mouse077_20160709_18-29-34,smoothed_frames,ground_truth,investigation,1,7377,7395,19,yolo_sppf,attention,42,yolo_sppf_full_attention256_seed42,YOLO/SPPF Attention-256
test_1,Mouse077_20160709_18-29-34,smoothed_frames,ground_truth,investigation,1,7455,7477,23,yolo_sppf,attention,42,yolo_sppf_full_attention256_seed42,YOLO/SPPF Attention-256
test_1,Mouse077_20160709_18-29-34,smoothed_frames,ground_truth,attack,0,7479,7517,39,yolo_sppf,attention,42,yolo_sppf_full_attention256_seed42,YOLO/SPPF Attention-256
test_1,Mouse077_20160709_18-29-34,smoothed_frames,ground_truth,investigation,1,7519,7527,9,yolo_sppf,attention,42,yolo_sppf_full_attention256_seed42,YOLO/SPPF Attention-256
test_1,Mouse077_20160709_18-29-34,smoothed_frames,ground_truth,investigation,1,7559,7573,15,yolo_sppf,attention,42,yolo_sppf_full_attention256_seed42,YOLO/SPPF Attention-256
test_1,Mouse077_20160709_18-29-34,smoothed_frames,ground_truth,attack,0,7575,7587,13,yolo_sppf,attention,42,yolo_sppf_full_attention256_seed42,YOLO/SPPF Attention-256
test_1,Mouse077_20160709_18-29-34,smoothed_frames,ground_truth,investigation,1,7643,7663,21,yolo_sppf,attention,42,yolo_sppf_full_attention256_seed42,YOLO/SPPF Attention-256
test_1,Mouse077_20160709_18-29-34,smoothed_frames,ground_truth,attack,0,7665,7668,4,yolo_sppf,attention,42,yolo_sppf_full_attention256_seed42,YOLO/SPPF Attention-256
test_1,Mouse077_20160709_18-29-34,smoothed_frames,ground_truth,investigation,1,7670,7682,13,yolo_sppf,attention,42,yolo_sppf_full_attention256_seed42,YOLO/SPPF Attention-256
test_1,Mouse077_20160709_18-29-34,smoothed_frames,ground_truth,investigation,1,7713,7735,23,yolo_sppf,attention,42,yolo_sppf_full_attention256_seed42,YOLO/SPPF Attention-256
test_1,Mouse077_20160709_18-29-34,smoothed_frames,ground_truth,attack,0,7737,7788,52,yolo_sppf,attention,42,yolo_sppf_full_attention256_seed42,YOLO/SPPF Attention-256
test_1,Mouse077_20160709_18-29-34,smoothed_frames,ground_truth,investigation,1,7824,7831,8,yolo_sppf,attention,42,yolo_sppf_full_attention256_seed42,YOLO/SPPF Attention-256
test_1,Mouse077_20160709_18-29-34,smoothed_frames,ground_truth,attack,0,7833,7873,41,yolo_sppf,attention,42,yolo_sppf_full_attention256_seed42,YOLO/SPPF Attention-256
test_1,Mouse077_20160709_18-29-34,smoothed_frames,ground_truth,investigation,1,7940,7952,13,yolo_sppf,attention,42,yolo_sppf_full_attention256_seed42,YOLO/SPPF Attention-256
test_1,Mouse077_20160709_18-29-34,smoothed_frames,ground_truth,attack,0,7954,7975,22,yolo_sppf,attention,42,yolo_sppf_full_attention256_seed42,YOLO/SPPF Attention-256
test_1,Mouse077_20160709_18-29-34,smoothed_frames,ground_truth,investigation,1,7987,7989,3,yolo_sppf,attention,42,yolo_sppf_full_attention256_seed42,YOLO/SPPF Attention-256
test_1,Mouse077_20160709_18-29-34,smoothed_frames,ground_truth,attack,0,7991,8006,16,yolo_sppf,attention,42,yolo_sppf_full_attention256_seed42,YOLO/SPPF Attention-256
test_1,Mouse077_20160709_18-29-34,smoothed_frames,ground_truth,investigation,1,8033,8039,7,yolo_sppf,attention,42,yolo_sppf_full_attention256_seed42,YOLO/SPPF Attention-256
test_1,Mouse077_20160709_18-29-34,smoothed_frames,ground_truth,attack,0,8041,8049,9,yolo_sppf,attention,42,yolo_sppf_full_attention256_seed42,YOLO/SPPF Attention-256
test_1,Mouse077_20160709_18-29-34,smoothed_frames,ground_truth,investigation,1,8074,8097,24,yolo_sppf,attention,42,yolo_sppf_full_attention256_seed42,YOLO/SPPF Attention-256
test_1,Mouse077_20160709_18-29-34,smoothed_frames,ground_truth,attack,0,8099,8110,12,yolo_sppf,attention,42,yolo_sppf_full_attention256_seed42,YOLO/SPPF Attention-256
test_1,Mouse077_20160709_18-29-34,smoothed_frames,ground_truth,investigation,1,8122,8130,9,yolo_sppf,attention,42,yolo_sppf_full_attention256_seed42,YOLO/SPPF Attention-256
test_1,Mouse077_20160709_18-29-34,smoothed_frames,ground_truth,investigation,1,8240,8266,27,yolo_sppf,attention,42,yolo_sppf_full_attention256_seed42,YOLO/SPPF Attention-256
test_1,Mouse077_20160709_18-29-34,smoothed_frames,ground_truth,attack,0,8268,8341,74,yolo_sppf,attention,42,yolo_sppf_full_attention256_seed42,YOLO/SPPF Attention-256
test_1,Mouse077_20160709_18-29-34,smoothed_frames,ground_truth,investigation,1,8407,8413,7,yolo_sppf,attention,42,yolo_sppf_full_attention256_seed42,YOLO/SPPF Attention-256
test_1,Mouse077_20160709_18-29-34,smoothed_frames,ground_truth,attack,0,8415,8423,9,yolo_sppf,attention,42,yolo_sppf_full_attention256_seed42,YOLO/SPPF Attention-256
test_1,Mouse077_20160709_18-29-34,smoothed_frames,ground_truth,investigation,1,8436,8438,3,yolo_sppf,attention,42,yolo_sppf_full_attention256_seed42,YOLO/SPPF Attention-256
test_1,Mouse077_20160709_18-29-34,smoothed_frames,ground_truth,attack,0,8440,8476,37,yolo_sppf,attention,42,yolo_sppf_full_attention256_seed42,YOLO/SPPF Attention-256
test_1,Mouse077_20160709_18-29-34,smoothed_frames,ground_truth,investigation,1,8478,8490,13,yolo_sppf,attention,42,yolo_sppf_full_attention256_seed42,YOLO/SPPF Attention-256
test_1,Mouse077_20160709_18-29-34,smoothed_frames,ground_truth,investigation,1,8501,8522,22,yolo_sppf,attention,42,yolo_sppf_full_attention256_seed42,YOLO/SPPF Attention-256
test_1,Mouse077_20160709_18-29-34,smoothed_frames,ground_truth,attack,0,8524,8570,47,yolo_sppf,attention,42,yolo_sppf_full_attention256_seed42,YOLO/SPPF Attention-256
test_1,Mouse077_20160709_18-29-34,smoothed_frames,ground_truth,attack,0,8580,8584,5,yolo_sppf,attention,42,yolo_sppf_full_attention256_seed42,YOLO/SPPF Attention-256
test_1,Mouse077_20160709_18-29-34,smoothed_frames,ground_truth,investigation,1,8596,8598,3,yolo_sppf,attention,42,yolo_sppf_full_attention256_seed42,YOLO/SPPF Attention-256
test_1,Mouse077_20160709_18-29-34,smoothed_frames,ground_truth,attack,0,8600,8618,19,yolo_sppf,attention,42,yolo_sppf_full_attention256_seed42,YOLO/SPPF Attention-256
test_1,Mouse077_20160709_18-29-34,smoothed_frames,ground_truth,investigation,1,8688,8694,7,yolo_sppf,attention,42,yolo_sppf_full_attention256_seed42,YOLO/SPPF Attention-256
test_1,Mouse077_20160709_18-29-34,smoothed_frames,ground_truth,attack,0,8696,8726,31,yolo_sppf,attention,42,yolo_sppf_full_attention256_seed42,YOLO/SPPF Attention-256
test_1,Mouse077_20160709_18-29-34,smoothed_frames,ground_truth,investigation,1,8748,8750,3,yolo_sppf,attention,42,yolo_sppf_full_attention256_seed42,YOLO/SPPF Attention-256
test_1,Mouse077_20160709_18-29-34,smoothed_frames,ground_truth,attack,0,8752,8755,4,yolo_sppf,attention,42,yolo_sppf_full_attention256_seed42,YOLO/SPPF Attention-256
test_1,Mouse077_20160709_18-29-34,smoothed_frames,ground_truth,investigation,1,8797,8803,7,yolo_sppf,attention,42,yolo_sppf_full_attention256_seed42,YOLO/SPPF Attention-256
test_1,Mouse077_20160709_18-29-34,smoothed_frames,ground_truth,attack,0,8805,8812,8,yolo_sppf,attention,42,yolo_sppf_full_attention256_seed42,YOLO/SPPF Attention-256
test_1,Mouse077_20160709_18-29-34,smoothed_frames,ground_truth,investigation,1,8818,8820,3,yolo_sppf,attention,42,yolo_sppf_full_attention256_seed42,YOLO/SPPF Attention-256
test_1,Mouse077_20160709_18-29-34,smoothed_frames,ground_truth,attack,0,8822,8891,70,yolo_sppf,attention,42,yolo_sppf_full_attention256_seed42,YOLO/SPPF Attention-256
test_1,Mouse077_20160709_18-29-34,smoothed_frames,ground_truth,investigation,1,8908,8911,4,yolo_sppf,attention,42,yolo_sppf_full_attention256_seed42,YOLO/SPPF Attention-256
test_1,Mouse077_20160709_18-29-34,smoothed_frames,ground_truth,investigation,1,8924,8927,4,yolo_sppf,attention,42,yolo_sppf_full_attention256_seed42,YOLO/SPPF Attention-256
test_1,Mouse077_20160709_18-29-34,smoothed_frames,ground_truth,investigation,1,8948,8950,3,yolo_sppf,attention,42,yolo_sppf_full_attention256_seed42,YOLO/SPPF Attention-256
test_1,Mouse077_20160709_18-29-34,smoothed_frames,ground_truth,investigation,1,8993,9033,41,yolo_sppf,attention,42,yolo_sppf_full_attention256_seed42,YOLO/SPPF Attention-256
test_1,Mouse077_20160709_18-29-34,smoothed_frames,ground_truth,investigation,1,9118,9136,19,yolo_sppf,attention,42,yolo_sppf_full_attention256_seed42,YOLO/SPPF Attention-256
test_1,Mouse077_20160709_18-29-34,smoothed_frames,ground_truth,attack,0,9138,9164,27,yolo_sppf,attention,42,yolo_sppf_full_attention256_seed42,YOLO/SPPF Attention-256
test_1,Mouse077_20160709_18-29-34,smoothed_frames,ground_truth,investigation,1,9210,9217,8,yolo_sppf,attention,42,yolo_sppf_full_attention256_seed42,YOLO/SPPF Attention-256
test_1,Mouse077_20160709_18-29-34,smoothed_frames,ground_truth,attack,0,9219,9238,20,yolo_sppf,attention,42,yolo_sppf_full_attention256_seed42,YOLO/SPPF Attention-256
test_1,Mouse077_20160709_18-29-34,smoothed_frames,ground_truth,investigation,1,9246,9251,6,yolo_sppf,attention,42,yolo_sppf_full_attention256_seed42,YOLO/SPPF Attention-256
test_1,Mouse077_20160709_18-29-34,smoothed_frames,ground_truth,attack,0,9253,9303,51,yolo_sppf,attention,42,yolo_sppf_full_attention256_seed42,YOLO/SPPF Attention-256
test_1,Mouse077_20160709_18-29-34,smoothed_frames,ground_truth,investigation,1,9342,9344,3,yolo_sppf,attention,42,yolo_sppf_full_attention256_seed42,YOLO/SPPF Attention-256
test_1,Mouse077_20160709_18-29-34,smoothed_frames,ground_truth,attack,0,9346,9379,34,yolo_sppf,attention,42,yolo_sppf_full_attention256_seed42,YOLO/SPPF Attention-256
test_1,Mouse077_20160709_18-29-34,smoothed_frames,ground_truth,investigation,1,9386,9394,9,yolo_sppf,attention,42,yolo_sppf_full_attention256_seed42,YOLO/SPPF Attention-256
test_1,Mouse077_20160709_18-29-34,smoothed_frames,ground_truth,attack,0,9396,9413,18,yolo_sppf,attention,42,yolo_sppf_full_attention256_seed42,YOLO/SPPF Attention-256
test_1,Mouse077_20160709_18-29-34,smoothed_frames,ground_truth,investigation,1,9423,9424,2,yolo_sppf,attention,42,yolo_sppf_full_attention256_seed42,YOLO/SPPF Attention-256
test_1,Mouse077_20160709_18-29-34,smoothed_frames,ground_truth,attack,0,9426,9429,4,yolo_sppf,attention,42,yolo_sppf_full_attention256_seed42,YOLO/SPPF Attention-256
test_1,Mouse077_20160709_18-29-34,smoothed_frames,ground_truth,investigation,1,9489,9495,7,yolo_sppf,attention,42,yolo_sppf_full_attention256_seed42,YOLO/SPPF Attention-256
test_1,Mouse077_20160709_18-29-34,smoothed_frames,ground_truth,attack,0,9497,9516,20,yolo_sppf,attention,42,yolo_sppf_full_attention256_seed42,YOLO/SPPF Attention-256
test_1,Mouse077_20160709_18-29-34,smoothed_frames,ground_truth,investigation,1,9563,9567,5,yolo_sppf,attention,42,yolo_sppf_full_attention256_seed42,YOLO/SPPF Attention-256
test_1,Mouse077_20160709_18-29-34,smoothed_frames,ground_truth,attack,0,9569,9584,16,yolo_sppf,attention,42,yolo_sppf_full_attention256_seed42,YOLO/SPPF Attention-256
test_1,Mouse077_20160709_18-29-34,smoothed_frames,ground_truth,investigation,1,9607,9640,34,yolo_sppf,attention,42,yolo_sppf_full_attention256_seed42,YOLO/SPPF Attention-256
test_1,Mouse077_20160709_18-29-34,smoothed_frames,ground_truth,attack,0,9642,9680,39,yolo_sppf,attention,42,yolo_sppf_full_attention256_seed42,YOLO/SPPF Attention-256
test_1,Mouse077_20160709_18-29-34,smoothed_frames,ground_truth,investigation,1,10008,10039,32,yolo_sppf,attention,42,yolo_sppf_full_attention256_seed42,YOLO/SPPF Attention-256
test_1,Mouse077_20160709_18-29-34,smoothed_frames,ground_truth,attack,0,10041,10081,41,yolo_sppf,attention,42,yolo_sppf_full_attention256_seed42,YOLO/SPPF Attention-256
test_1,Mouse077_20160709_18-29-34,smoothed_frames,ground_truth,investigation,1,10307,10318,12,yolo_sppf,attention,42,yolo_sppf_full_attention256_seed42,YOLO/SPPF Attention-256
test_1,Mouse077_20160709_18-29-34,smoothed_frames,ground_truth,investigation,1,10775,10869,95,yolo_sppf,attention,42,yolo_sppf_full_attention256_seed42,YOLO/SPPF Attention-256
test_1,Mouse077_20160709_18-29-34,smoothed_frames,ground_truth,attack,0,10871,10898,28,yolo_sppf,attention,42,yolo_sppf_full_attention256_seed42,YOLO/SPPF Attention-256
test_1,Mouse077_20160709_18-29-34,smoothed_frames,ground_truth,investigation,1,10956,10964,9,yolo_sppf,attention,42,yolo_sppf_full_attention256_seed42,YOLO/SPPF Attention-256
test_1,Mouse077_20160709_18-29-34,smoothed_frames,ground_truth,investigation,1,10997,11009,13,yolo_sppf,attention,42,yolo_sppf_full_attention256_seed42,YOLO/SPPF Attention-256
test_1,Mouse077_20160709_18-29-34,smoothed_frames,ground_truth,investigation,1,11056,11072,17,yolo_sppf,attention,42,yolo_sppf_full_attention256_seed42,YOLO/SPPF Attention-256
test_1,Mouse077_20160709_18-29-34,smoothed_frames,ground_truth,attack,0,11074,11082,9,yolo_sppf,attention,42,yolo_sppf_full_attention256_seed42,YOLO/SPPF Attention-256
test_1,Mouse077_20160709_18-29-34,smoothed_frames,ground_truth,investigation,1,11087,11096,10,yolo_sppf,attention,42,yolo_sppf_full_attention256_seed42,YOLO/SPPF Attention-256
test_1,Mouse077_20160709_18-29-34,smoothed_frames,ground_truth,attack,0,11098,11104,7,yolo_sppf,attention,42,yolo_sppf_full_attention256_seed42,YOLO/SPPF Attention-256
test_1,Mouse077_20160709_18-29-34,smoothed_frames,ground_truth,investigation,1,11106,11108,3,yolo_sppf,attention,42,yolo_sppf_full_attention256_seed42,YOLO/SPPF Attention-256
test_1,Mouse077_20160709_18-29-34,smoothed_frames,ground_truth,attack,0,11110,11125,16,yolo_sppf,attention,42,yolo_sppf_full_attention256_seed42,YOLO/SPPF Attention-256
test_1,Mouse077_20160709_18-29-34,smoothed_frames,ground_truth,investigation,1,11290,11300,11,yolo_sppf,attention,42,yolo_sppf_full_attention256_seed42,YOLO/SPPF Attention-256
test_1,Mouse077_20160709_18-29-34,smoothed_frames,ground_truth,attack,0,11302,11320,19,yolo_sppf,attention,42,yolo_sppf_full_attention256_seed42,YOLO/SPPF Attention-256
test_1,Mouse077_20160709_18-29-34,smoothed_frames,ground_truth,investigation,1,11342,11343,2,yolo_sppf,attention,42,yolo_sppf_full_attention256_seed42,YOLO/SPPF Attention-256
test_1,Mouse077_20160709_18-29-34,smoothed_frames,ground_truth,attack,0,11345,11393,49,yolo_sppf,attention,42,yolo_sppf_full_attention256_seed42,YOLO/SPPF Attention-256
test_1,Mouse077_20160709_18-29-34,smoothed_frames,ground_truth,attack,0,11409,11417,9,yolo_sppf,attention,42,yolo_sppf_full_attention256_seed42,YOLO/SPPF Attention-256
test_1,Mouse077_20160709_18-29-34,smoothed_frames,ground_truth,investigation,1,11422,11429,8,yolo_sppf,attention,42,yolo_sppf_full_attention256_seed42,YOLO/SPPF Attention-256
test_1,Mouse077_20160709_18-29-34,smoothed_frames,ground_truth,attack,0,11431,11440,10,yolo_sppf,attention,42,yolo_sppf_full_attention256_seed42,YOLO/SPPF Attention-256
test_1,Mouse077_20160709_18-29-34,smoothed_frames,ground_truth,investigation,1,11447,11458,12,yolo_sppf,attention,42,yolo_sppf_full_attention256_seed42,YOLO/SPPF Attention-256
test_1,Mouse077_20160709_18-29-34,smoothed_frames,ground_truth,attack,0,11460,11468,9,yolo_sppf,attention,42,yolo_sppf_full_attention256_seed42,YOLO/SPPF Attention-256
test_1,Mouse077_20160709_18-29-34,smoothed_frames,ground_truth,investigation,1,11492,11499,8,yolo_sppf,attention,42,yolo_sppf_full_attention256_seed42,YOLO/SPPF Attention-256
test_1,Mouse077_20160709_18-29-34,smoothed_frames,ground_truth,investigation,1,11559,11569,11,yolo_sppf,attention,42,yolo_sppf_full_attention256_seed42,YOLO/SPPF Attention-256
test_1,Mouse077_20160709_18-29-34,smoothed_frames,ground_truth,attack,0,11571,11579,9,yolo_sppf,attention,42,yolo_sppf_full_attention256_seed42,YOLO/SPPF Attention-256
test_1,Mouse077_20160709_18-29-34,smoothed_frames,ground_truth,investigation,1,11728,11741,14,yolo_sppf,attention,42,yolo_sppf_full_attention256_seed42,YOLO/SPPF Attention-256
test_1,Mouse077_20160709_18-29-34,smoothed_frames,ground_truth,attack,0,11743,11792,50,yolo_sppf,attention,42,yolo_sppf_full_attention256_seed42,YOLO/SPPF Attention-256
test_1,Mouse077_20160709_18-29-34,smoothed_frames,ground_truth,investigation,1,11794,11822,29,yolo_sppf,attention,42,yolo_sppf_full_attention256_seed42,YOLO/SPPF Attention-256
test_1,Mouse077_20160709_18-29-34,smoothed_frames,ground_truth,investigation,1,11836,11841,6,yolo_sppf,attention,42,yolo_sppf_full_attention256_seed42,YOLO/SPPF Attention-256
test_1,Mouse077_20160709_18-29-34,smoothed_frames,ground_truth,attack,0,11843,11852,10,yolo_sppf,attention,42,yolo_sppf_full_attention256_seed42,YOLO/SPPF Attention-256
test_1,Mouse077_20160709_18-29-34,smoothed_frames,ground_truth,investigation,1,11854,11879,26,yolo_sppf,attention,42,yolo_sppf_full_attention256_seed42,YOLO/SPPF Attention-256
test_1,Mouse077_20160709_18-29-34,smoothed_frames,ground_truth,attack,0,11881,11902,22,yolo_sppf,attention,42,yolo_sppf_full_attention256_seed42,YOLO/SPPF Attention-256
test_1,Mouse077_20160709_18-29-34,smoothed_frames,ground_truth,investigation,1,11904,11935,32,yolo_sppf,attention,42,yolo_sppf_full_attention256_seed42,YOLO/SPPF Attention-256
test_1,Mouse077_20160709_18-29-34,smoothed_frames,ground_truth,investigation,1,11974,11985,12,yolo_sppf,attention,42,yolo_sppf_full_attention256_seed42,YOLO/SPPF Attention-256
test_1,Mouse077_20160709_18-29-34,smoothed_frames,ground_truth,attack,0,11987,12065,79,yolo_sppf,attention,42,yolo_sppf_full_attention256_seed42,YOLO/SPPF Attention-256
test_1,Mouse077_20160709_18-29-34,smoothed_frames,ground_truth,investigation,1,12105,12116,12,yolo_sppf,attention,42,yolo_sppf_full_attention256_seed42,YOLO/SPPF Attention-256
test_1,Mouse077_20160709_18-29-34,smoothed_frames,ground_truth,attack,0,12118,12156,39,yolo_sppf,attention,42,yolo_sppf_full_attention256_seed42,YOLO/SPPF Attention-256
test_1,Mouse077_20160709_18-29-34,smoothed_frames,ground_truth,investigation,1,12251,12258,8,yolo_sppf,attention,42,yolo_sppf_full_attention256_seed42,YOLO/SPPF Attention-256
test_1,Mouse077_20160709_18-29-34,smoothed_frames,ground_truth,attack,0,12260,12286,27,yolo_sppf,attention,42,yolo_sppf_full_attention256_seed42,YOLO/SPPF Attention-256
test_1,Mouse077_20160709_18-29-34,smoothed_frames,ground_truth,investigation,1,12350,12382,33,yolo_sppf,attention,42,yolo_sppf_full_attention256_seed42,YOLO/SPPF Attention-256
test_1,Mouse077_20160709_18-29-34,smoothed_frames,ground_truth,attack,0,12384,12426,43,yolo_sppf,attention,42,yolo_sppf_full_attention256_seed42,YOLO/SPPF Attention-256
test_1,Mouse077_20160709_18-29-34,smoothed_frames,ground_truth,investigation,1,12466,12490,25,yolo_sppf,attention,42,yolo_sppf_full_attention256_seed42,YOLO/SPPF Attention-256
test_1,Mouse077_20160709_18-29-34,smoothed_frames,ground_truth,attack,0,12492,12582,91,yolo_sppf,attention,42,yolo_sppf_full_attention256_seed42,YOLO/SPPF Attention-256
test_1,Mouse077_20160709_18-29-34,smoothed_frames,ground_truth,investigation,1,12593,12593,1,yolo_sppf,attention,42,yolo_sppf_full_attention256_seed42,YOLO/SPPF Attention-256
test_1,Mouse077_20160709_18-29-34,smoothed_frames,ground_truth,attack,0,12595,12615,21,yolo_sppf,attention,42,yolo_sppf_full_attention256_seed42,YOLO/SPPF Attention-256
test_1,Mouse077_20160709_18-29-34,smoothed_frames,ground_truth,investigation,1,12807,12816,10,yolo_sppf,attention,42,yolo_sppf_full_attention256_seed42,YOLO/SPPF Attention-256
test_1,Mouse077_20160709_18-29-34,smoothed_frames,ground_truth,attack,0,12818,12862,45,yolo_sppf,attention,42,yolo_sppf_full_attention256_seed42,YOLO/SPPF Attention-256
test_1,Mouse077_20160709_18-29-34,smoothed_frames,ground_truth,investigation,1,13038,13057,20,yolo_sppf,attention,42,yolo_sppf_full_attention256_seed42,YOLO/SPPF Attention-256
test_1,Mouse077_20160709_18-29-34,smoothed_frames,ground_truth,attack,0,13059,13077,19,yolo_sppf,attention,42,yolo_sppf_full_attention256_seed42,YOLO/SPPF Attention-256
test_1,Mouse077_20160709_18-29-34,smoothed_frames,ground_truth,investigation,1,13096,13105,10,yolo_sppf,attention,42,yolo_sppf_full_attention256_seed42,YOLO/SPPF Attention-256
test_1,Mouse077_20160709_18-29-34,smoothed_frames,ground_truth,attack,0,13107,13109,3,yolo_sppf,attention,42,yolo_sppf_full_attention256_seed42,YOLO/SPPF Attention-256
test_1,Mouse077_20160709_18-29-34,smoothed_frames,ground_truth,investigation,1,13119,13125,7,yolo_sppf,attention,42,yolo_sppf_full_attention256_seed42,YOLO/SPPF Attention-256
test_1,Mouse077_20160709_18-29-34,smoothed_frames,ground_truth,attack,0,13127,13134,8,yolo_sppf,attention,42,yolo_sppf_full_attention256_seed42,YOLO/SPPF Attention-256
test_1,Mouse077_20160709_18-29-34,smoothed_frames,ground_truth,investigation,1,13156,13165,10,yolo_sppf,attention,42,yolo_sppf_full_attention256_seed42,YOLO/SPPF Attention-256
test_1,Mouse077_20160709_18-29-34,smoothed_frames,ground_truth,attack,0,13167,13233,67,yolo_sppf,attention,42,yolo_sppf_full_attention256_seed42,YOLO/SPPF Attention-256
test_1,Mouse077_20160709_18-29-34,smoothed_frames,ground_truth,investigation,1,13254,13263,10,yolo_sppf,attention,42,yolo_sppf_full_attention256_seed42,YOLO/SPPF Attention-256
test_1,Mouse077_20160709_18-29-34,smoothed_frames,ground_truth,attack,0,13265,13339,75,yolo_sppf,attention,42,yolo_sppf_full_attention256_seed42,YOLO/SPPF Attention-256
test_1,Mouse077_20160709_18-29-34,smoothed_frames,ground_truth,investigation,1,13341,13345,5,yolo_sppf,attention,42,yolo_sppf_full_attention256_seed42,YOLO/SPPF Attention-256
test_1,Mouse077_20160709_18-29-34,smoothed_frames,ground_truth,attack,0,13347,13356,10,yolo_sppf,attention,42,yolo_sppf_full_attention256_seed42,YOLO/SPPF Attention-256
test_1,Mouse077_20160709_18-29-34,smoothed_frames,ground_truth,investigation,1,13372,13383,12,yolo_sppf,attention,42,yolo_sppf_full_attention256_seed42,YOLO/SPPF Attention-256
test_1,Mouse077_20160709_18-29-34,smoothed_frames,ground_truth,attack,0,13385,13387,3,yolo_sppf,attention,42,yolo_sppf_full_attention256_seed42,YOLO/SPPF Attention-256
test_1,Mouse077_20160709_18-29-34,smoothed_frames,ground_truth,investigation,1,13536,13548,13,yolo_sppf,attention,42,yolo_sppf_full_attention256_seed42,YOLO/SPPF Attention-256
test_1,Mouse077_20160709_18-29-34,smoothed_frames,ground_truth,attack,0,13550,13670,121,yolo_sppf,attention,42,yolo_sppf_full_attention256_seed42,YOLO/SPPF Attention-256
test_1,Mouse077_20160709_18-29-34,smoothed_frames,ground_truth,attack,0,13685,13690,6,yolo_sppf,attention,42,yolo_sppf_full_attention256_seed42,YOLO/SPPF Attention-256
test_1,Mouse077_20160709_18-29-34,smoothed_frames,ground_truth,investigation,1,13700,13706,7,yolo_sppf,attention,42,yolo_sppf_full_attention256_seed42,YOLO/SPPF Attention-256
test_1,Mouse077_20160709_18-29-34,smoothed_frames,ground_truth,attack,0,13708,13721,14,yolo_sppf,attention,42,yolo_sppf_full_attention256_seed42,YOLO/SPPF Attention-256
test_1,Mouse077_20160709_18-29-34,smoothed_frames,ground_truth,investigation,1,13730,13746,17,yolo_sppf,attention,42,yolo_sppf_full_attention256_seed42,YOLO/SPPF Attention-256
test_1,Mouse077_20160709_18-29-34,smoothed_frames,ground_truth,attack,0,13748,13766,19,yolo_sppf,attention,42,yolo_sppf_full_attention256_seed42,YOLO/SPPF Attention-256
test_1,Mouse077_20160709_18-29-34,smoothed_frames,ground_truth,investigation,1,13768,13772,5,yolo_sppf,attention,42,yolo_sppf_full_attention256_seed42,YOLO/SPPF Attention-256
test_1,Mouse077_20160709_18-29-34,smoothed_frames,ground_truth,investigation,1,13839,13856,18,yolo_sppf,attention,42,yolo_sppf_full_attention256_seed42,YOLO/SPPF Attention-256
test_1,Mouse077_20160709_18-29-34,smoothed_frames,ground_truth,attack,0,13858,13860,3,yolo_sppf,attention,42,yolo_sppf_full_attention256_seed42,YOLO/SPPF Attention-256
test_1,Mouse077_20160709_18-29-34,smoothed_frames,ground_truth,investigation,1,13903,13914,12,yolo_sppf,attention,42,yolo_sppf_full_attention256_seed42,YOLO/SPPF Attention-256
test_1,Mouse077_20160709_18-29-34,smoothed_frames,ground_truth,attack,0,13916,13957,42,yolo_sppf,attention,42,yolo_sppf_full_attention256_seed42,YOLO/SPPF Attention-256
test_1,Mouse077_20160709_18-29-34,smoothed_frames,ground_truth,investigation,1,13984,14003,20,yolo_sppf,attention,42,yolo_sppf_full_attention256_seed42,YOLO/SPPF Attention-256
test_1,Mouse077_20160709_18-29-34,smoothed_frames,ground_truth,attack,0,14005,14072,68,yolo_sppf,attention,42,yolo_sppf_full_attention256_seed42,YOLO/SPPF Attention-256
test_1,Mouse077_20160709_18-29-34,smoothed_frames,ground_truth,investigation,1,14089,14099,11,yolo_sppf,attention,42,yolo_sppf_full_attention256_seed42,YOLO/SPPF Attention-256
test_1,Mouse077_20160709_18-29-34,smoothed_frames,ground_truth,investigation,1,14214,14232,19,yolo_sppf,attention,42,yolo_sppf_full_attention256_seed42,YOLO/SPPF Attention-256
test_1,Mouse077_20160709_18-29-34,smoothed_frames,ground_truth,attack,0,14234,14249,16,yolo_sppf,attention,42,yolo_sppf_full_attention256_seed42,YOLO/SPPF Attention-256
test_1,Mouse077_20160709_18-29-34,smoothed_frames,ground_truth,investigation,1,14258,14259,2,yolo_sppf,attention,42,yolo_sppf_full_attention256_seed42,YOLO/SPPF Attention-256
test_1,Mouse077_20160709_18-29-34,smoothed_frames,ground_truth,attack,0,14261,14316,56,yolo_sppf,attention,42,yolo_sppf_full_attention256_seed42,YOLO/SPPF Attention-256
test_1,Mouse077_20160709_18-29-34,smoothed_frames,ground_truth,investigation,1,14340,14353,14,yolo_sppf,attention,42,yolo_sppf_full_attention256_seed42,YOLO/SPPF Attention-256
test_1,Mouse077_20160709_18-29-34,smoothed_frames,ground_truth,attack,0,14355,14363,9,yolo_sppf,attention,42,yolo_sppf_full_attention256_seed42,YOLO/SPPF Attention-256
test_1,Mouse077_20160709_18-29-34,smoothed_frames,ground_truth,investigation,1,14386,14387,2,yolo_sppf,attention,42,yolo_sppf_full_attention256_seed42,YOLO/SPPF Attention-256
test_1,Mouse077_20160709_18-29-34,smoothed_frames,ground_truth,attack,0,14389,14417,29,yolo_sppf,attention,42,yolo_sppf_full_attention256_seed42,YOLO/SPPF Attention-256
test_1,Mouse077_20160709_18-29-34,smoothed_frames,ground_truth,investigation,1,14544,14565,22,yolo_sppf,attention,42,yolo_sppf_full_attention256_seed42,YOLO/SPPF Attention-256
test_1,Mouse077_20160709_18-29-34,smoothed_frames,ground_truth,attack,0,14567,14577,11,yolo_sppf,attention,42,yolo_sppf_full_attention256_seed42,YOLO/SPPF Attention-256
test_1,Mouse077_20160709_18-29-34,smoothed_frames,ground_truth,investigation,1,14728,14793,66,yolo_sppf,attention,42,yolo_sppf_full_attention256_seed42,YOLO/SPPF Attention-256
test_1,Mouse077_20160709_18-29-34,smoothed_frames,ground_truth,attack,0,14795,14892,98,yolo_sppf,attention,42,yolo_sppf_full_attention256_seed42,YOLO/SPPF Attention-256
test_1,Mouse077_20160709_18-29-34,smoothed_frames,ground_truth,investigation,1,14998,15012,15,yolo_sppf,attention,42,yolo_sppf_full_attention256_seed42,YOLO/SPPF Attention-256
test_1,Mouse077_20160709_18-29-34,smoothed_frames,ground_truth,attack,0,15014,15045,32,yolo_sppf,attention,42,yolo_sppf_full_attention256_seed42,YOLO/SPPF Attention-256
test_1,Mouse077_20160709_18-29-34,smoothed_frames,ground_truth,investigation,1,15069,15091,23,yolo_sppf,attention,42,yolo_sppf_full_attention256_seed42,YOLO/SPPF Attention-256
test_1,Mouse077_20160709_18-29-34,smoothed_frames,ground_truth,attack,0,15093,15108,16,yolo_sppf,attention,42,yolo_sppf_full_attention256_seed42,YOLO/SPPF Attention-256
test_1,Mouse077_20160709_18-29-34,smoothed_frames,ground_truth,investigation,1,15142,15162,21,yolo_sppf,attention,42,yolo_sppf_full_attention256_seed42,YOLO/SPPF Attention-256
test_1,Mouse077_20160709_18-29-34,smoothed_frames,ground_truth,attack,0,15164,15212,49,yolo_sppf,attention,42,yolo_sppf_full_attention256_seed42,YOLO/SPPF Attention-256
test_1,Mouse077_20160709_18-29-34,smoothed_frames,ground_truth,investigation,1,15227,15231,5,yolo_sppf,attention,42,yolo_sppf_full_attention256_seed42,YOLO/SPPF Attention-256
test_1,Mouse077_20160709_18-29-34,smoothed_frames,ground_truth,attack,0,15233,15258,26,yolo_sppf,attention,42,yolo_sppf_full_attention256_seed42,YOLO/SPPF Attention-256
test_1,Mouse077_20160709_18-29-34,smoothed_frames,ground_truth,investigation,1,15387,15419,33,yolo_sppf,attention,42,yolo_sppf_full_attention256_seed42,YOLO/SPPF Attention-256
test_1,Mouse077_20160709_18-29-34,smoothed_frames,ground_truth,attack,0,15421,15427,7,yolo_sppf,attention,42,yolo_sppf_full_attention256_seed42,YOLO/SPPF Attention-256
test_1,Mouse077_20160709_18-29-34,smoothed_frames,ground_truth,investigation,1,16028,16094,67,yolo_sppf,attention,42,yolo_sppf_full_attention256_seed42,YOLO/SPPF Attention-256
test_1,Mouse077_20160709_18-29-34,smoothed_frames,ground_truth,investigation,1,17061,17088,28,yolo_sppf,attention,42,yolo_sppf_full_attention256_seed42,YOLO/SPPF Attention-256
test_1,Mouse077_20160709_18-29-34,smoothed_frames,ground_truth,attack,0,17090,17094,5,yolo_sppf,attention,42,yolo_sppf_full_attention256_seed42,YOLO/SPPF Attention-256
test_1,Mouse077_20160709_18-29-34,smoothed_frames,ground_truth,attack,0,17109,17123,15,yolo_sppf,attention,42,yolo_sppf_full_attention256_seed42,YOLO/SPPF Attention-256
test_1,Mouse077_20160709_18-29-34,smoothed_frames,ground_truth,investigation,1,17133,17135,3,yolo_sppf,attention,42,yolo_sppf_full_attention256_seed42,YOLO/SPPF Attention-256
test_1,Mouse077_20160709_18-29-34,smoothed_frames,ground_truth,investigation,1,17168,17180,13,yolo_sppf,attention,42,yolo_sppf_full_attention256_seed42,YOLO/SPPF Attention-256
test_1,Mouse077_20160709_18-29-34,smoothed_frames,ground_truth,attack,0,17182,17228,47,yolo_sppf,attention,42,yolo_sppf_full_attention256_seed42,YOLO/SPPF Attention-256
test_1,Mouse077_20160709_18-29-34,smoothed_frames,ground_truth,investigation,1,17312,17316,5,yolo_sppf,attention,42,yolo_sppf_full_attention256_seed42,YOLO/SPPF Attention-256
test_1,Mouse077_20160709_18-29-34,smoothed_frames,ground_truth,attack,0,17318,17331,14,yolo_sppf,attention,42,yolo_sppf_full_attention256_seed42,YOLO/SPPF Attention-256
test_1,Mouse077_20160709_18-29-34,smoothed_frames,ground_truth,investigation,1,17348,17350,3,yolo_sppf,attention,42,yolo_sppf_full_attention256_seed42,YOLO/SPPF Attention-256
test_1,Mouse077_20160709_18-29-34,smoothed_frames,ground_truth,attack,0,17352,17440,89,yolo_sppf,attention,42,yolo_sppf_full_attention256_seed42,YOLO/SPPF Attention-256
test_1,Mouse077_20160709_18-29-34,smoothed_frames,ground_truth,investigation,1,17460,17462,3,yolo_sppf,attention,42,yolo_sppf_full_attention256_seed42,YOLO/SPPF Attention-256
test_1,Mouse077_20160709_18-29-34,smoothed_frames,ground_truth,attack,0,17464,17529,66,yolo_sppf,attention,42,yolo_sppf_full_attention256_seed42,YOLO/SPPF Attention-256
test_1,Mouse077_20160709_18-29-34,smoothed_frames,ground_truth,attack,0,17547,17571,25,yolo_sppf,attention,42,yolo_sppf_full_attention256_seed42,YOLO/SPPF Attention-256
test_1,Mouse077_20160709_18-29-34,smoothed_frames,ground_truth,investigation,1,17605,17621,17,yolo_sppf,attention,42,yolo_sppf_full_attention256_seed42,YOLO/SPPF Attention-256
test_1,Mouse077_20160709_18-29-34,smoothed_frames,ground_truth,attack,0,17623,17633,11,yolo_sppf,attention,42,yolo_sppf_full_attention256_seed42,YOLO/SPPF Attention-256
test_1,Mouse077_20160709_18-29-34,smoothed_frames,ground_truth,investigation,1,17775,17786,12,yolo_sppf,attention,42,yolo_sppf_full_attention256_seed42,YOLO/SPPF Attention-256
test_1,Mouse077_20160709_18-29-34,smoothed_frames,ground_truth,attack,0,17788,17838,51,yolo_sppf,attention,42,yolo_sppf_full_attention256_seed42,YOLO/SPPF Attention-256
test_1,Mouse077_20160709_18-29-34,smoothed_frames,ground_truth,investigation,1,17925,17931,7,yolo_sppf,attention,42,yolo_sppf_full_attention256_seed42,YOLO/SPPF Attention-256
test_1,Mouse077_20160709_18-29-34,smoothed_frames,ground_truth,attack,0,17933,17942,10,yolo_sppf,attention,42,yolo_sppf_full_attention256_seed42,YOLO/SPPF Attention-256
test_1,Mouse077_20160709_18-29-34,smoothed_frames,ground_truth,attack,0,17974,18007,34,yolo_sppf,attention,42,yolo_sppf_full_attention256_seed42,YOLO/SPPF Attention-256
test_1,Mouse077_20160709_18-29-34,smoothed_frames,ground_truth,investigation,1,18055,18073,19,yolo_sppf,attention,42,yolo_sppf_full_attention256_seed42,YOLO/SPPF Attention-256
test_1,Mouse077_20160709_18-29-34,smoothed_frames,ground_truth,investigation,1,18108,18110,3,yolo_sppf,attention,42,yolo_sppf_full_attention256_seed42,YOLO/SPPF Attention-256
test_1,Mouse077_20160709_18-29-34,smoothed_frames,ground_truth,attack,0,18112,18134,23,yolo_sppf,attention,42,yolo_sppf_full_attention256_seed42,YOLO/SPPF Attention-256
test_1,Mouse077_20160709_18-29-34,smoothed_frames,ground_truth,investigation,1,18220,18228,9,yolo_sppf,attention,42,yolo_sppf_full_attention256_seed42,YOLO/SPPF Attention-256
test_1,Mouse077_20160709_18-29-34,smoothed_frames,ground_truth,attack,0,18230,18238,9,yolo_sppf,attention,42,yolo_sppf_full_attention256_seed42,YOLO/SPPF Attention-256
test_1,Mouse077_20160709_18-29-34,smoothed_frames,ground_truth,investigation,1,18270,18276,7,yolo_sppf,attention,42,yolo_sppf_full_attention256_seed42,YOLO/SPPF Attention-256
test_1,Mouse077_20160709_18-29-34,smoothed_frames,ground_truth,attack,0,18278,18385,108,yolo_sppf,attention,42,yolo_sppf_full_attention256_seed42,YOLO/SPPF Attention-256
test_1,Mouse077_20160709_18-29-34,smoothed_frames,ground_truth,investigation,1,18423,18428,6,yolo_sppf,attention,42,yolo_sppf_full_attention256_seed42,YOLO/SPPF Attention-256
test_1,Mouse077_20160709_18-29-34,smoothed_frames,ground_truth,attack,0,18430,18510,81,yolo_sppf,attention,42,yolo_sppf_full_attention256_seed42,YOLO/SPPF Attention-256
test_1,Mouse077_20160709_18-29-34,smoothed_frames,ground_truth,investigation,1,18552,18575,24,yolo_sppf,attention,42,yolo_sppf_full_attention256_seed42,YOLO/SPPF Attention-256
test_1,Mouse077_20160709_18-29-34,smoothed_frames,ground_truth,attack,0,18577,18586,10,yolo_sppf,attention,42,yolo_sppf_full_attention256_seed42,YOLO/SPPF Attention-256
test_1,Mouse077_20160709_18-29-34,smoothed_frames,ground_truth,investigation,1,18628,18655,28,yolo_sppf,attention,42,yolo_sppf_full_attention256_seed42,YOLO/SPPF Attention-256
test_1,Mouse077_20160709_18-29-34,smoothed_frames,ground_truth,attack,0,18657,18671,15,yolo_sppf,attention,42,yolo_sppf_full_attention256_seed42,YOLO/SPPF Attention-256
test_1,Mouse077_20160709_18-29-34,smoothed_frames,ground_truth,investigation,1,18753,18773,21,yolo_sppf,attention,42,yolo_sppf_full_attention256_seed42,YOLO/SPPF Attention-256
test_1,Mouse077_20160709_18-29-34,smoothed_frames,ground_truth,attack,0,18775,18784,10,yolo_sppf,attention,42,yolo_sppf_full_attention256_seed42,YOLO/SPPF Attention-256
test_1,Mouse077_20160709_18-29-34,smoothed_frames,ground_truth,investigation,1,18883,18884,2,yolo_sppf,attention,42,yolo_sppf_full_attention256_seed42,YOLO/SPPF Attention-256
test_1,Mouse077_20160709_18-29-34,smoothed_frames,ground_truth,attack,0,18886,18896,11,yolo_sppf,attention,42,yolo_sppf_full_attention256_seed42,YOLO/SPPF Attention-256
test_1,Mouse077_20160709_18-29-34,smoothed_frames,ground_truth,investigation,1,19024,19031,8,yolo_sppf,attention,42,yolo_sppf_full_attention256_seed42,YOLO/SPPF Attention-256
test_1,Mouse077_20160709_18-29-34,smoothed_frames,ground_truth,investigation,1,19042,19048,7,yolo_sppf,attention,42,yolo_sppf_full_attention256_seed42,YOLO/SPPF Attention-256
test_1,Mouse077_20160709_18-29-34,smoothed_frames,ground_truth,investigation,1,19228,19229,2,yolo_sppf,attention,42,yolo_sppf_full_attention256_seed42,YOLO/SPPF Attention-256
test_1,Mouse077_20160709_18-29-34,smoothed_frames,ground_truth,investigation,1,19412,19489,78,yolo_sppf,attention,42,yolo_sppf_full_attention256_seed42,YOLO/SPPF Attention-256
test_1,Mouse077_20160709_18-29-34,smoothed_frames,ground_truth,investigation,1,19551,19588,38,yolo_sppf,attention,42,yolo_sppf_full_attention256_seed42,YOLO/SPPF Attention-256
test_1,Mouse077_20160709_18-29-34,smoothed_frames,ground_truth,investigation,1,19720,19737,18,yolo_sppf,attention,42,yolo_sppf_full_attention256_seed42,YOLO/SPPF Attention-256
test_1,Mouse077_20160709_18-29-34,smoothed_frames,ground_truth,investigation,1,19761,19770,10,yolo_sppf,attention,42,yolo_sppf_full_attention256_seed42,YOLO/SPPF Attention-256
test_1,Mouse077_20160709_18-29-34,smoothed_frames,ground_truth,investigation,1,19902,19921,20,yolo_sppf,attention,42,yolo_sppf_full_attention256_seed42,YOLO/SPPF Attention-256
test_1,Mouse162_20161017_19-58-28,smoothed_frames,ground_truth,investigation,1,5,43,39,yolo_sppf,attention,42,yolo_sppf_full_attention256_seed42,YOLO/SPPF Attention-256
test_1,Mouse162_20161017_19-58-28,smoothed_frames,ground_truth,investigation,1,126,183,58,yolo_sppf,attention,42,yolo_sppf_full_attention256_seed42,YOLO/SPPF Attention-256
test_1,Mouse162_20161017_19-58-28,smoothed_frames,ground_truth,investigation,1,463,681,219,yolo_sppf,attention,42,yolo_sppf_full_attention256_seed42,YOLO/SPPF Attention-256
test_1,Mouse162_20161017_19-58-28,smoothed_frames,ground_truth,investigation,1,752,810,59,yolo_sppf,attention,42,yolo_sppf_full_attention256_seed42,YOLO/SPPF Attention-256
test_1,Mouse162_20161017_19-58-28,smoothed_frames,ground_truth,investigation,1,1158,1384,227,yolo_sppf,attention,42,yolo_sppf_full_attention256_seed42,YOLO/SPPF Attention-256
test_1,Mouse162_20161017_19-58-28,smoothed_frames,ground_truth,investigation,1,1441,1479,39,yolo_sppf,attention,42,yolo_sppf_full_attention256_seed42,YOLO/SPPF Attention-256
test_1,Mouse162_20161017_19-58-28,smoothed_frames,ground_truth,attack,0,1481,1537,57,yolo_sppf,attention,42,yolo_sppf_full_attention256_seed42,YOLO/SPPF Attention-256
test_1,Mouse162_20161017_19-58-28,smoothed_frames,ground_truth,investigation,1,1539,1559,21,yolo_sppf,attention,42,yolo_sppf_full_attention256_seed42,YOLO/SPPF Attention-256
test_1,Mouse162_20161017_19-58-28,smoothed_frames,ground_truth,attack,0,1561,1603,43,yolo_sppf,attention,42,yolo_sppf_full_attention256_seed42,YOLO/SPPF Attention-256
test_1,Mouse162_20161017_19-58-28,smoothed_frames,ground_truth,investigation,1,1620,1683,64,yolo_sppf,attention,42,yolo_sppf_full_attention256_seed42,YOLO/SPPF Attention-256
test_1,Mouse162_20161017_19-58-28,smoothed_frames,ground_truth,attack,0,1685,1861,177,yolo_sppf,attention,42,yolo_sppf_full_attention256_seed42,YOLO/SPPF Attention-256
test_1,Mouse162_20161017_19-58-28,smoothed_frames,ground_truth,investigation,1,1863,1988,126,yolo_sppf,attention,42,yolo_sppf_full_attention256_seed42,YOLO/SPPF Attention-256
test_1,Mouse162_20161017_19-58-28,smoothed_frames,ground_truth,attack,0,1990,2024,35,yolo_sppf,attention,42,yolo_sppf_full_attention256_seed42,YOLO/SPPF Attention-256
test_1,Mouse162_20161017_19-58-28,smoothed_frames,ground_truth,attack,0,2084,2155,72,yolo_sppf,attention,42,yolo_sppf_full_attention256_seed42,YOLO/SPPF Attention-256
test_1,Mouse162_20161017_19-58-28,smoothed_frames,ground_truth,investigation,1,2176,2242,67,yolo_sppf,attention,42,yolo_sppf_full_attention256_seed42,YOLO/SPPF Attention-256
test_1,Mouse162_20161017_19-58-28,smoothed_frames,ground_truth,investigation,1,2332,2444,113,yolo_sppf,attention,42,yolo_sppf_full_attention256_seed42,YOLO/SPPF Attention-256
test_1,Mouse162_20161017_19-58-28,smoothed_frames,ground_truth,attack,0,2446,2458,13,yolo_sppf,attention,42,yolo_sppf_full_attention256_seed42,YOLO/SPPF Attention-256
test_1,Mouse162_20161017_19-58-28,smoothed_frames,ground_truth,investigation,1,2460,2476,17,yolo_sppf,attention,42,yolo_sppf_full_attention256_seed42,YOLO/SPPF Attention-256
test_1,Mouse162_20161017_19-58-28,smoothed_frames,ground_truth,attack,0,2478,2495,18,yolo_sppf,attention,42,yolo_sppf_full_attention256_seed42,YOLO/SPPF Attention-256
test_1,Mouse162_20161017_19-58-28,smoothed_frames,ground_truth,investigation,1,3015,3023,9,yolo_sppf,attention,42,yolo_sppf_full_attention256_seed42,YOLO/SPPF Attention-256
test_1,Mouse162_20161017_19-58-28,smoothed_frames,ground_truth,investigation,1,3349,3433,85,yolo_sppf,attention,42,yolo_sppf_full_attention256_seed42,YOLO/SPPF Attention-256
test_1,Mouse162_20161017_19-58-28,smoothed_frames,ground_truth,investigation,1,3555,3782,228,yolo_sppf,attention,42,yolo_sppf_full_attention256_seed42,YOLO/SPPF Attention-256
test_1,Mouse162_20161017_19-58-28,smoothed_frames,ground_truth,attack,0,3784,3857,74,yolo_sppf,attention,42,yolo_sppf_full_attention256_seed42,YOLO/SPPF Attention-256
test_1,Mouse162_20161017_19-58-28,smoothed_frames,ground_truth,investigation,1,3859,4042,184,yolo_sppf,attention,42,yolo_sppf_full_attention256_seed42,YOLO/SPPF Attention-256
test_1,Mouse162_20161017_19-58-28,smoothed_frames,ground_truth,investigation,1,4402,4459,58,yolo_sppf,attention,42,yolo_sppf_full_attention256_seed42,YOLO/SPPF Attention-256
test_1,Mouse162_20161017_19-58-28,smoothed_frames,ground_truth,investigation,1,4572,4749,178,yolo_sppf,attention,42,yolo_sppf_full_attention256_seed42,YOLO/SPPF Attention-256
test_1,Mouse162_20161017_19-58-28,smoothed_frames,ground_truth,investigation,1,4822,5064,243,yolo_sppf,attention,42,yolo_sppf_full_attention256_seed42,YOLO/SPPF Attention-256
test_1,Mouse162_20161017_19-58-28,smoothed_frames,ground_truth,investigation,1,5143,5265,123,yolo_sppf,attention,42,yolo_sppf_full_attention256_seed42,YOLO/SPPF Attention-256
test_1,Mouse162_20161017_19-58-28,smoothed_frames,ground_truth,attack,0,5267,5313,47,yolo_sppf,attention,42,yolo_sppf_full_attention256_seed42,YOLO/SPPF Attention-256
test_1,Mouse162_20161017_19-58-28,smoothed_frames,ground_truth,investigation,1,5321,5364,44,yolo_sppf,attention,42,yolo_sppf_full_attention256_seed42,YOLO/SPPF Attention-256
test_1,Mouse162_20161017_19-58-28,smoothed_frames,ground_truth,investigation,1,5673,5720,48,yolo_sppf,attention,42,yolo_sppf_full_attention256_seed42,YOLO/SPPF Attention-256
test_1,Mouse162_20161017_19-58-28,smoothed_frames,ground_truth,attack,0,5722,5756,35,yolo_sppf,attention,42,yolo_sppf_full_attention256_seed42,YOLO/SPPF Attention-256
test_1,Mouse162_20161017_19-58-28,smoothed_frames,ground_truth,investigation,1,5758,6208,451,yolo_sppf,attention,42,yolo_sppf_full_attention256_seed42,YOLO/SPPF Attention-256
test_1,Mouse162_20161017_19-58-28,smoothed_frames,ground_truth,investigation,1,6359,6543,185,yolo_sppf,attention,42,yolo_sppf_full_attention256_seed42,YOLO/SPPF Attention-256
test_1,Mouse162_20161017_19-58-28,smoothed_frames,ground_truth,attack,0,6545,6563,19,yolo_sppf,attention,42,yolo_sppf_full_attention256_seed42,YOLO/SPPF Attention-256
test_1,Mouse162_20161017_19-58-28,smoothed_frames,ground_truth,investigation,1,6579,6789,211,yolo_sppf,attention,42,yolo_sppf_full_attention256_seed42,YOLO/SPPF Attention-256
test_1,Mouse162_20161017_19-58-28,smoothed_frames,ground_truth,attack,0,6791,6821,31,yolo_sppf,attention,42,yolo_sppf_full_attention256_seed42,YOLO/SPPF Attention-256
test_1,Mouse162_20161017_19-58-28,smoothed_frames,ground_truth,investigation,1,6838,7074,237,yolo_sppf,attention,42,yolo_sppf_full_attention256_seed42,YOLO/SPPF Attention-256
test_1,Mouse162_20161017_19-58-28,smoothed_frames,ground_truth,investigation,1,7181,7252,72,yolo_sppf,attention,42,yolo_sppf_full_attention256_seed42,YOLO/SPPF Attention-256
test_1,Mouse162_20161017_19-58-28,smoothed_frames,ground_truth,investigation,1,7307,7394,88,yolo_sppf,attention,42,yolo_sppf_full_attention256_seed42,YOLO/SPPF Attention-256
test_1,Mouse162_20161017_19-58-28,smoothed_frames,ground_truth,investigation,1,7448,7540,93,yolo_sppf,attention,42,yolo_sppf_full_attention256_seed42,YOLO/SPPF Attention-256
test_1,Mouse162_20161017_19-58-28,smoothed_frames,ground_truth,investigation,1,7679,7810,132,yolo_sppf,attention,42,yolo_sppf_full_attention256_seed42,YOLO/SPPF Attention-256
test_1,Mouse162_20161017_19-58-28,smoothed_frames,ground_truth,investigation,1,7974,8082,109,yolo_sppf,attention,42,yolo_sppf_full_attention256_seed42,YOLO/SPPF Attention-256
test_1,Mouse162_20161017_19-58-28,smoothed_frames,ground_truth,investigation,1,8132,8143,12,yolo_sppf,attention,42,yolo_sppf_full_attention256_seed42,YOLO/SPPF Attention-256
test_1,Mouse162_20161017_19-58-28,smoothed_frames,ground_truth,investigation,1,8726,8761,36,yolo_sppf,attention,42,yolo_sppf_full_attention256_seed42,YOLO/SPPF Attention-256
test_1,Mouse162_20161017_19-58-28,smoothed_frames,ground_truth,investigation,1,8859,8882,24,yolo_sppf,attention,42,yolo_sppf_full_attention256_seed42,YOLO/SPPF Attention-256
test_1,Mouse162_20161017_19-58-28,smoothed_frames,ground_truth,investigation,1,8973,9049,77,yolo_sppf,attention,42,yolo_sppf_full_attention256_seed42,YOLO/SPPF Attention-256
test_1,Mouse162_20161017_19-58-28,smoothed_frames,ground_truth,attack,0,9051,9080,30,yolo_sppf,attention,42,yolo_sppf_full_attention256_seed42,YOLO/SPPF Attention-256
test_1,Mouse162_20161017_19-58-28,smoothed_frames,ground_truth,investigation,1,9100,9187,88,yolo_sppf,attention,42,yolo_sppf_full_attention256_seed42,YOLO/SPPF Attention-256
test_1,Mouse162_20161017_19-58-28,smoothed_frames,ground_truth,investigation,1,9259,9481,223,yolo_sppf,attention,42,yolo_sppf_full_attention256_seed42,YOLO/SPPF Attention-256
test_1,Mouse162_20161017_19-58-28,smoothed_frames,ground_truth,investigation,1,9564,9678,115,yolo_sppf,attention,42,yolo_sppf_full_attention256_seed42,YOLO/SPPF Attention-256
test_1,Mouse162_20161017_19-58-28,smoothed_frames,ground_truth,investigation,1,9870,9958,89,yolo_sppf,attention,42,yolo_sppf_full_attention256_seed42,YOLO/SPPF Attention-256
test_1,Mouse162_20161017_19-58-28,smoothed_frames,ground_truth,investigation,1,10088,10211,124,yolo_sppf,attention,42,yolo_sppf_full_attention256_seed42,YOLO/SPPF Attention-256
test_1,Mouse162_20161017_19-58-28,smoothed_frames,ground_truth,investigation,1,10424,10761,338,yolo_sppf,attention,42,yolo_sppf_full_attention256_seed42,YOLO/SPPF Attention-256
test_1,Mouse162_20161017_19-58-28,smoothed_frames,ground_truth,investigation,1,10843,11212,370,yolo_sppf,attention,42,yolo_sppf_full_attention256_seed42,YOLO/SPPF Attention-256
test_1,Mouse162_20161017_19-58-28,smoothed_frames,ground_truth,investigation,1,11245,11323,79,yolo_sppf,attention,42,yolo_sppf_full_attention256_seed42,YOLO/SPPF Attention-256
test_1,Mouse162_20161017_19-58-28,smoothed_frames,ground_truth,investigation,1,11556,11695,140,yolo_sppf,attention,42,yolo_sppf_full_attention256_seed42,YOLO/SPPF Attention-256
test_1,Mouse162_20161017_19-58-28,smoothed_frames,ground_truth,investigation,1,11899,11938,40,yolo_sppf,attention,42,yolo_sppf_full_attention256_seed42,YOLO/SPPF Attention-256
test_1,Mouse162_20161017_19-58-28,smoothed_frames,ground_truth,investigation,1,11964,12631,668,yolo_sppf,attention,42,yolo_sppf_full_attention256_seed42,YOLO/SPPF Attention-256
test_1,Mouse162_20161017_19-58-28,smoothed_frames,ground_truth,investigation,1,12820,13340,521,yolo_sppf,attention,42,yolo_sppf_full_attention256_seed42,YOLO/SPPF Attention-256
test_1,Mouse162_20161017_19-58-28,smoothed_frames,ground_truth,investigation,1,13495,13917,423,yolo_sppf,attention,42,yolo_sppf_full_attention256_seed42,YOLO/SPPF Attention-256
test_1,Mouse162_20161017_19-58-28,smoothed_frames,ground_truth,investigation,1,14129,14134,6,yolo_sppf,attention,42,yolo_sppf_full_attention256_seed42,YOLO/SPPF Attention-256
test_1,Mouse162_20161017_19-58-28,smoothed_frames,ground_truth,investigation,1,14217,14244,28,yolo_sppf,attention,42,yolo_sppf_full_attention256_seed42,YOLO/SPPF Attention-256
test_1,Mouse162_20161017_19-58-28,smoothed_frames,ground_truth,investigation,1,14609,14700,92,yolo_sppf,attention,42,yolo_sppf_full_attention256_seed42,YOLO/SPPF Attention-256
test_1,Mouse162_20161017_19-58-28,smoothed_frames,ground_truth,investigation,1,15090,15210,121,yolo_sppf,attention,42,yolo_sppf_full_attention256_seed42,YOLO/SPPF Attention-256
test_1,Mouse162_20161017_19-58-28,smoothed_frames,ground_truth,investigation,1,15270,15368,99,yolo_sppf,attention,42,yolo_sppf_full_attention256_seed42,YOLO/SPPF Attention-256
test_1,Mouse162_20161017_19-58-28,smoothed_frames,ground_truth,attack,0,15370,15373,4,yolo_sppf,attention,42,yolo_sppf_full_attention256_seed42,YOLO/SPPF Attention-256
test_1,Mouse162_20161017_19-58-28,smoothed_frames,ground_truth,investigation,1,15375,15464,90,yolo_sppf,attention,42,yolo_sppf_full_attention256_seed42,YOLO/SPPF Attention-256
test_1,Mouse162_20161017_19-58-28,smoothed_frames,ground_truth,investigation,1,15493,15531,39,yolo_sppf,attention,42,yolo_sppf_full_attention256_seed42,YOLO/SPPF Attention-256
test_1,Mouse162_20161017_19-58-28,smoothed_frames,ground_truth,investigation,1,15560,15573,14,yolo_sppf,attention,42,yolo_sppf_full_attention256_seed42,YOLO/SPPF Attention-256
test_1,Mouse162_20161017_19-58-28,smoothed_frames,ground_truth,investigation,1,15683,15731,49,yolo_sppf,attention,42,yolo_sppf_full_attention256_seed42,YOLO/SPPF Attention-256
test_1,Mouse162_20161017_19-58-28,smoothed_frames,ground_truth,investigation,1,15774,15833,60,yolo_sppf,attention,42,yolo_sppf_full_attention256_seed42,YOLO/SPPF Attention-256
test_1,Mouse162_20161017_19-58-28,smoothed_frames,ground_truth,investigation,1,15940,16113,174,yolo_sppf,attention,42,yolo_sppf_full_attention256_seed42,YOLO/SPPF Attention-256
test_1,Mouse162_20161017_19-58-28,smoothed_frames,ground_truth,investigation,1,16331,16339,9,yolo_sppf,attention,42,yolo_sppf_full_attention256_seed42,YOLO/SPPF Attention-256
test_1,Mouse162_20161017_19-58-28,smoothed_frames,ground_truth,investigation,1,16726,16788,63,yolo_sppf,attention,42,yolo_sppf_full_attention256_seed42,YOLO/SPPF Attention-256
test_1,Mouse162_20161017_19-58-28,smoothed_frames,ground_truth,attack,0,16790,16804,15,yolo_sppf,attention,42,yolo_sppf_full_attention256_seed42,YOLO/SPPF Attention-256
test_1,Mouse162_20161017_19-58-28,smoothed_frames,ground_truth,investigation,1,16806,16934,129,yolo_sppf,attention,42,yolo_sppf_full_attention256_seed42,YOLO/SPPF Attention-256
test_1,Mouse162_20161017_19-58-28,smoothed_frames,ground_truth,investigation,1,16979,17040,62,yolo_sppf,attention,42,yolo_sppf_full_attention256_seed42,YOLO/SPPF Attention-256
test_1,Mouse162_20161017_19-58-28,smoothed_frames,ground_truth,investigation,1,17340,17405,66,yolo_sppf,attention,42,yolo_sppf_full_attention256_seed42,YOLO/SPPF Attention-256
test_1,Mouse162_20161017_19-58-28,smoothed_frames,ground_truth,investigation,1,17694,17806,113,yolo_sppf,attention,42,yolo_sppf_full_attention256_seed42,YOLO/SPPF Attention-256
test_1,Mouse163_20161018_18-22-45,smoothed_frames,ground_truth,investigation,1,5,78,74,yolo_sppf,attention,42,yolo_sppf_full_attention256_seed42,YOLO/SPPF Attention-256
test_1,Mouse163_20161018_18-22-45,smoothed_frames,ground_truth,investigation,1,102,857,756,yolo_sppf,attention,42,yolo_sppf_full_attention256_seed42,YOLO/SPPF Attention-256
test_1,Mouse163_20161018_18-22-45,smoothed_frames,ground_truth,investigation,1,878,883,6,yolo_sppf,attention,42,yolo_sppf_full_attention256_seed42,YOLO/SPPF Attention-256
test_1,Mouse163_20161018_18-22-45,smoothed_frames,ground_truth,investigation,1,960,1333,374,yolo_sppf,attention,42,yolo_sppf_full_attention256_seed42,YOLO/SPPF Attention-256
test_1,Mouse163_20161018_18-22-45,smoothed_frames,ground_truth,investigation,1,1420,1528,109,yolo_sppf,attention,42,yolo_sppf_full_attention256_seed42,YOLO/SPPF Attention-256
test_1,Mouse163_20161018_18-22-45,smoothed_frames,ground_truth,mount,2,1530,1618,89,yolo_sppf,attention,42,yolo_sppf_full_attention256_seed42,YOLO/SPPF Attention-256
test_1,Mouse163_20161018_18-22-45,smoothed_frames,ground_truth,investigation,1,1620,1640,21,yolo_sppf,attention,42,yolo_sppf_full_attention256_seed42,YOLO/SPPF Attention-256
test_1,Mouse163_20161018_18-22-45,smoothed_frames,ground_truth,investigation,1,1714,2189,476,yolo_sppf,attention,42,yolo_sppf_full_attention256_seed42,YOLO/SPPF Attention-256
test_1,Mouse163_20161018_18-22-45,smoothed_frames,ground_truth,mount,2,2191,2218,28,yolo_sppf,attention,42,yolo_sppf_full_attention256_seed42,YOLO/SPPF Attention-256
test_1,Mouse163_20161018_18-22-45,smoothed_frames,ground_truth,investigation,1,2220,2250,31,yolo_sppf,attention,42,yolo_sppf_full_attention256_seed42,YOLO/SPPF Attention-256
test_1,Mouse163_20161018_18-22-45,smoothed_frames,ground_truth,investigation,1,2286,2319,34,yolo_sppf,attention,42,yolo_sppf_full_attention256_seed42,YOLO/SPPF Attention-256
test_1,Mouse163_20161018_18-22-45,smoothed_frames,ground_truth,mount,2,2321,2352,32,yolo_sppf,attention,42,yolo_sppf_full_attention256_seed42,YOLO/SPPF Attention-256
test_1,Mouse163_20161018_18-22-45,smoothed_frames,ground_truth,investigation,1,2354,2380,27,yolo_sppf,attention,42,yolo_sppf_full_attention256_seed42,YOLO/SPPF Attention-256
test_1,Mouse163_20161018_18-22-45,smoothed_frames,ground_truth,mount,2,2382,2416,35,yolo_sppf,attention,42,yolo_sppf_full_attention256_seed42,YOLO/SPPF Attention-256
test_1,Mouse163_20161018_18-22-45,smoothed_frames,ground_truth,investigation,1,2418,2462,45,yolo_sppf,attention,42,yolo_sppf_full_attention256_seed42,YOLO/SPPF Attention-256
test_1,Mouse163_20161018_18-22-45,smoothed_frames,ground_truth,mount,2,2464,2508,45,yolo_sppf,attention,42,yolo_sppf_full_attention256_seed42,YOLO/SPPF Attention-256
test_1,Mouse163_20161018_18-22-45,smoothed_frames,ground_truth,investigation,1,2510,2545,36,yolo_sppf,attention,42,yolo_sppf_full_attention256_seed42,YOLO/SPPF Attention-256
test_1,Mouse163_20161018_18-22-45,smoothed_frames,ground_truth,investigation,1,2573,2588,16,yolo_sppf,attention,42,yolo_sppf_full_attention256_seed42,YOLO/SPPF Attention-256
test_1,Mouse163_20161018_18-22-45,smoothed_frames,ground_truth,investigation,1,2748,2862,115,yolo_sppf,attention,42,yolo_sppf_full_attention256_seed42,YOLO/SPPF Attention-256
test_1,Mouse163_20161018_18-22-45,smoothed_frames,ground_truth,mount,2,2864,2899,36,yolo_sppf,attention,42,yolo_sppf_full_attention256_seed42,YOLO/SPPF Attention-256
test_1,Mouse163_20161018_18-22-45,smoothed_frames,ground_truth,investigation,1,2901,2910,10,yolo_sppf,attention,42,yolo_sppf_full_attention256_seed42,YOLO/SPPF Attention-256
test_1,Mouse163_20161018_18-22-45,smoothed_frames,ground_truth,investigation,1,2963,2984,22,yolo_sppf,attention,42,yolo_sppf_full_attention256_seed42,YOLO/SPPF Attention-256
test_1,Mouse163_20161018_18-22-45,smoothed_frames,ground_truth,mount,2,2986,3058,73,yolo_sppf,attention,42,yolo_sppf_full_attention256_seed42,YOLO/SPPF Attention-256
test_1,Mouse163_20161018_18-22-45,smoothed_frames,ground_truth,investigation,1,3060,3083,24,yolo_sppf,attention,42,yolo_sppf_full_attention256_seed42,YOLO/SPPF Attention-256
test_1,Mouse163_20161018_18-22-45,smoothed_frames,ground_truth,investigation,1,3165,3192,28,yolo_sppf,attention,42,yolo_sppf_full_attention256_seed42,YOLO/SPPF Attention-256
test_1,Mouse163_20161018_18-22-45,smoothed_frames,ground_truth,mount,2,3194,3268,75,yolo_sppf,attention,42,yolo_sppf_full_attention256_seed42,YOLO/SPPF Attention-256
test_1,Mouse163_20161018_18-22-45,smoothed_frames,ground_truth,investigation,1,3326,3351,26,yolo_sppf,attention,42,yolo_sppf_full_attention256_seed42,YOLO/SPPF Attention-256
test_1,Mouse163_20161018_18-22-45,smoothed_frames,ground_truth,mount,2,3353,3407,55,yolo_sppf,attention,42,yolo_sppf_full_attention256_seed42,YOLO/SPPF Attention-256
test_1,Mouse163_20161018_18-22-45,smoothed_frames,ground_truth,investigation,1,3409,3442,34,yolo_sppf,attention,42,yolo_sppf_full_attention256_seed42,YOLO/SPPF Attention-256
test_1,Mouse163_20161018_18-22-45,smoothed_frames,ground_truth,investigation,1,3541,3601,61,yolo_sppf,attention,42,yolo_sppf_full_attention256_seed42,YOLO/SPPF Attention-256
test_1,Mouse163_20161018_18-22-45,smoothed_frames,ground_truth,mount,2,3603,3615,13,yolo_sppf,attention,42,yolo_sppf_full_attention256_seed42,YOLO/SPPF Attention-256
test_1,Mouse163_20161018_18-22-45,smoothed_frames,ground_truth,investigation,1,3617,3646,30,yolo_sppf,attention,42,yolo_sppf_full_attention256_seed42,YOLO/SPPF Attention-256
test_1,Mouse163_20161018_18-22-45,smoothed_frames,ground_truth,mount,2,3648,3686,39,yolo_sppf,attention,42,yolo_sppf_full_attention256_seed42,YOLO/SPPF Attention-256
test_1,Mouse163_20161018_18-22-45,smoothed_frames,ground_truth,investigation,1,3688,3689,2,yolo_sppf,attention,42,yolo_sppf_full_attention256_seed42,YOLO/SPPF Attention-256
test_1,Mouse163_20161018_18-22-45,smoothed_frames,ground_truth,investigation,1,4129,4158,30,yolo_sppf,attention,42,yolo_sppf_full_attention256_seed42,YOLO/SPPF Attention-256
test_1,Mouse163_20161018_18-22-45,smoothed_frames,ground_truth,mount,2,4160,4170,11,yolo_sppf,attention,42,yolo_sppf_full_attention256_seed42,YOLO/SPPF Attention-256
test_1,Mouse163_20161018_18-22-45,smoothed_frames,ground_truth,investigation,1,4172,4319,148,yolo_sppf,attention,42,yolo_sppf_full_attention256_seed42,YOLO/SPPF Attention-256
test_1,Mouse163_20161018_18-22-45,smoothed_frames,ground_truth,investigation,1,5021,5056,36,yolo_sppf,attention,42,yolo_sppf_full_attention256_seed42,YOLO/SPPF Attention-256
test_1,Mouse163_20161018_18-22-45,smoothed_frames,ground_truth,mount,2,5058,5108,51,yolo_sppf,attention,42,yolo_sppf_full_attention256_seed42,YOLO/SPPF Attention-256
test_1,Mouse163_20161018_18-22-45,smoothed_frames,ground_truth,investigation,1,5110,5111,2,yolo_sppf,attention,42,yolo_sppf_full_attention256_seed42,YOLO/SPPF Attention-256
test_1,Mouse163_20161018_18-22-45,smoothed_frames,ground_truth,investigation,1,5191,5206,16,yolo_sppf,attention,42,yolo_sppf_full_attention256_seed42,YOLO/SPPF Attention-256
test_1,Mouse163_20161018_18-22-45,smoothed_frames,ground_truth,mount,2,5208,5278,71,yolo_sppf,attention,42,yolo_sppf_full_attention256_seed42,YOLO/SPPF Attention-256
test_1,Mouse163_20161018_18-22-45,smoothed_frames,ground_truth,investigation,1,5280,5301,22,yolo_sppf,attention,42,yolo_sppf_full_attention256_seed42,YOLO/SPPF Attention-256
test_1,Mouse163_20161018_18-22-45,smoothed_frames,ground_truth,investigation,1,5351,5373,23,yolo_sppf,attention,42,yolo_sppf_full_attention256_seed42,YOLO/SPPF Attention-256
test_1,Mouse163_20161018_18-22-45,smoothed_frames,ground_truth,mount,2,5375,5435,61,yolo_sppf,attention,42,yolo_sppf_full_attention256_seed42,YOLO/SPPF Attention-256
test_1,Mouse163_20161018_18-22-45,smoothed_frames,ground_truth,investigation,1,5437,5461,25,yolo_sppf,attention,42,yolo_sppf_full_attention256_seed42,YOLO/SPPF Attention-256
test_1,Mouse163_20161018_18-22-45,smoothed_frames,ground_truth,investigation,1,5583,5609,27,yolo_sppf,attention,42,yolo_sppf_full_attention256_seed42,YOLO/SPPF Attention-256
test_1,Mouse163_20161018_18-22-45,smoothed_frames,ground_truth,mount,2,5611,5629,19,yolo_sppf,attention,42,yolo_sppf_full_attention256_seed42,YOLO/SPPF Attention-256
test_1,Mouse163_20161018_18-22-45,smoothed_frames,ground_truth,investigation,1,5631,5633,3,yolo_sppf,attention,42,yolo_sppf_full_attention256_seed42,YOLO/SPPF Attention-256
test_1,Mouse163_20161018_18-22-45,smoothed_frames,ground_truth,investigation,1,6134,6176,43,yolo_sppf,attention,42,yolo_sppf_full_attention256_seed42,YOLO/SPPF Attention-256
test_1,Mouse163_20161018_18-22-45,smoothed_frames,ground_truth,mount,2,6178,6213,36,yolo_sppf,attention,42,yolo_sppf_full_attention256_seed42,YOLO/SPPF Attention-256
test_1,Mouse163_20161018_18-22-45,smoothed_frames,ground_truth,investigation,1,6330,6343,14,yolo_sppf,attention,42,yolo_sppf_full_attention256_seed42,YOLO/SPPF Attention-256
test_2,Mouse155_20151124_20-48-31,smoothed_frames,ground_truth,investigation,1,2,25,24,yolo_sppf,attention,42,yolo_sppf_full_attention256_seed42,YOLO/SPPF Attention-256
test_2,Mouse155_20151124_20-48-31,smoothed_frames,ground_truth,investigation,1,493,554,62,yolo_sppf,attention,42,yolo_sppf_full_attention256_seed42,YOLO/SPPF Attention-256
test_2,Mouse155_20151124_20-48-31,smoothed_frames,ground_truth,attack,0,556,753,198,yolo_sppf,attention,42,yolo_sppf_full_attention256_seed42,YOLO/SPPF Attention-256
test_2,Mouse155_20151124_20-48-31,smoothed_frames,ground_truth,investigation,1,1716,1732,17,yolo_sppf,attention,42,yolo_sppf_full_attention256_seed42,YOLO/SPPF Attention-256
test_2,Mouse155_20151124_20-48-31,smoothed_frames,ground_truth,investigation,1,2597,2608,12,yolo_sppf,attention,42,yolo_sppf_full_attention256_seed42,YOLO/SPPF Attention-256
test_2,Mouse155_20151124_20-48-31,smoothed_frames,ground_truth,investigation,1,2622,2624,3,yolo_sppf,attention,42,yolo_sppf_full_attention256_seed42,YOLO/SPPF Attention-256
test_2,Mouse155_20151124_20-48-31,smoothed_frames,ground_truth,investigation,1,2665,2674,10,yolo_sppf,attention,42,yolo_sppf_full_attention256_seed42,YOLO/SPPF Attention-256
test_2,Mouse155_20151124_20-48-31,smoothed_frames,ground_truth,investigation,1,2682,2714,33,yolo_sppf,attention,42,yolo_sppf_full_attention256_seed42,YOLO/SPPF Attention-256
test_2,Mouse155_20151124_20-48-31,smoothed_frames,ground_truth,attack,0,2716,2850,135,yolo_sppf,attention,42,yolo_sppf_full_attention256_seed42,YOLO/SPPF Attention-256
test_2,Mouse155_20151124_20-48-31,smoothed_frames,ground_truth,attack,0,2861,2941,81,yolo_sppf,attention,42,yolo_sppf_full_attention256_seed42,YOLO/SPPF Attention-256
test_2,Mouse155_20151124_20-48-31,smoothed_frames,ground_truth,investigation,1,4137,4279,143,yolo_sppf,attention,42,yolo_sppf_full_attention256_seed42,YOLO/SPPF Attention-256
test_2,Mouse155_20151124_20-48-31,smoothed_frames,ground_truth,attack,0,4281,4450,170,yolo_sppf,attention,42,yolo_sppf_full_attention256_seed42,YOLO/SPPF Attention-256
test_2,Mouse155_20151124_20-48-31,smoothed_frames,ground_truth,investigation,1,5563,5569,7,yolo_sppf,attention,42,yolo_sppf_full_attention256_seed42,YOLO/SPPF Attention-256
test_2,Mouse155_20151124_20-48-31,smoothed_frames,ground_truth,investigation,1,6258,6265,8,yolo_sppf,attention,42,yolo_sppf_full_attention256_seed42,YOLO/SPPF Attention-256
test_2,Mouse155_20151124_20-48-31,smoothed_frames,ground_truth,investigation,1,6843,6844,2,yolo_sppf,attention,42,yolo_sppf_full_attention256_seed42,YOLO/SPPF Attention-256
test_2,Mouse155_20151124_20-48-31,smoothed_frames,ground_truth,investigation,1,7099,7169,71,yolo_sppf,attention,42,yolo_sppf_full_attention256_seed42,YOLO/SPPF Attention-256
test_2,Mouse155_20151124_20-48-31,smoothed_frames,ground_truth,investigation,1,7969,7973,5,yolo_sppf,attention,42,yolo_sppf_full_attention256_seed42,YOLO/SPPF Attention-256
test_2,Mouse155_20151124_20-48-31,smoothed_frames,ground_truth,investigation,1,8028,8035,8,yolo_sppf,attention,42,yolo_sppf_full_attention256_seed42,YOLO/SPPF Attention-256
test_2,Mouse155_20151124_20-48-31,smoothed_frames,ground_truth,investigation,1,8138,8144,7,yolo_sppf,attention,42,yolo_sppf_full_attention256_seed42,YOLO/SPPF Attention-256
test_2,Mouse155_20151124_20-48-31,smoothed_frames,ground_truth,investigation,1,8353,8645,293,yolo_sppf,attention,42,yolo_sppf_full_attention256_seed42,YOLO/SPPF Attention-256
test_2,Mouse155_20151124_20-48-31,smoothed_frames,ground_truth,investigation,1,9136,9137,2,yolo_sppf,attention,42,yolo_sppf_full_attention256_seed42,YOLO/SPPF Attention-256
test_2,Mouse155_20151124_20-48-31,smoothed_frames,ground_truth,investigation,1,9422,9426,5,yolo_sppf,attention,42,yolo_sppf_full_attention256_seed42,YOLO/SPPF Attention-256
test_2,Mouse155_20151124_20-48-31,smoothed_frames,ground_truth,investigation,1,9450,9471,22,yolo_sppf,attention,42,yolo_sppf_full_attention256_seed42,YOLO/SPPF Attention-256
test_2,Mouse155_20151124_20-48-31,smoothed_frames,ground_truth,investigation,1,9738,9743,6,yolo_sppf,attention,42,yolo_sppf_full_attention256_seed42,YOLO/SPPF Attention-256
test_2,Mouse155_20151124_20-48-31,smoothed_frames,ground_truth,investigation,1,9930,9932,3,yolo_sppf,attention,42,yolo_sppf_full_attention256_seed42,YOLO/SPPF Attention-256
test_2,Mouse155_20151124_20-56-05,smoothed_frames,ground_truth,attack,0,5,28,24,yolo_sppf,attention,42,yolo_sppf_full_attention256_seed42,YOLO/SPPF Attention-256
test_2,Mouse155_20151124_20-56-05,smoothed_frames,ground_truth,investigation,1,30,50,21,yolo_sppf,attention,42,yolo_sppf_full_attention256_seed42,YOLO/SPPF Attention-256
test_2,Mouse155_20151124_20-56-05,smoothed_frames,ground_truth,attack,0,52,85,34,yolo_sppf,attention,42,yolo_sppf_full_attention256_seed42,YOLO/SPPF Attention-256
test_2,Mouse155_20151124_20-56-05,smoothed_frames,ground_truth,investigation,1,88,95,8,yolo_sppf,attention,42,yolo_sppf_full_attention256_seed42,YOLO/SPPF Attention-256
test_2,Mouse155_20151124_20-56-05,smoothed_frames,ground_truth,attack,0,97,155,59,yolo_sppf,attention,42,yolo_sppf_full_attention256_seed42,YOLO/SPPF Attention-256
test_2,Mouse155_20151124_20-56-05,smoothed_frames,ground_truth,investigation,1,548,675,128,yolo_sppf,attention,42,yolo_sppf_full_attention256_seed42,YOLO/SPPF Attention-256
test_2,Mouse155_20151124_20-56-05,smoothed_frames,ground_truth,investigation,1,913,915,3,yolo_sppf,attention,42,yolo_sppf_full_attention256_seed42,YOLO/SPPF Attention-256
test_2,Mouse155_20151124_20-56-05,smoothed_frames,ground_truth,investigation,1,928,963,36,yolo_sppf,attention,42,yolo_sppf_full_attention256_seed42,YOLO/SPPF Attention-256
test_2,Mouse155_20151124_20-56-05,smoothed_frames,ground_truth,attack,0,965,1044,80,yolo_sppf,attention,42,yolo_sppf_full_attention256_seed42,YOLO/SPPF Attention-256
test_2,Mouse155_20151124_20-56-05,smoothed_frames,ground_truth,investigation,1,1046,1062,17,yolo_sppf,attention,42,yolo_sppf_full_attention256_seed42,YOLO/SPPF Attention-256
test_2,Mouse155_20151124_20-56-05,smoothed_frames,ground_truth,attack,0,1064,1078,15,yolo_sppf,attention,42,yolo_sppf_full_attention256_seed42,YOLO/SPPF Attention-256
test_2,Mouse155_20151124_20-56-05,smoothed_frames,ground_truth,investigation,1,1080,1102,23,yolo_sppf,attention,42,yolo_sppf_full_attention256_seed42,YOLO/SPPF Attention-256
test_2,Mouse155_20151124_20-56-05,smoothed_frames,ground_truth,investigation,1,1209,1211,3,yolo_sppf,attention,42,yolo_sppf_full_attention256_seed42,YOLO/SPPF Attention-256
test_2,Mouse155_20151124_20-56-05,smoothed_frames,ground_truth,investigation,1,1451,1530,80,yolo_sppf,attention,42,yolo_sppf_full_attention256_seed42,YOLO/SPPF Attention-256
test_2,Mouse155_20151124_20-56-05,smoothed_frames,ground_truth,attack,0,1532,1605,74,yolo_sppf,attention,42,yolo_sppf_full_attention256_seed42,YOLO/SPPF Attention-256
test_2,Mouse155_20151124_20-56-05,smoothed_frames,ground_truth,investigation,1,1606,1692,87,yolo_sppf,attention,42,yolo_sppf_full_attention256_seed42,YOLO/SPPF Attention-256
test_2,Mouse155_20151124_20-56-05,smoothed_frames,ground_truth,attack,0,1693,1754,62,yolo_sppf,attention,42,yolo_sppf_full_attention256_seed42,YOLO/SPPF Attention-256
test_2,Mouse155_20151124_20-56-05,smoothed_frames,ground_truth,investigation,1,1755,1786,32,yolo_sppf,attention,42,yolo_sppf_full_attention256_seed42,YOLO/SPPF Attention-256
test_2,Mouse155_20151124_20-56-05,smoothed_frames,ground_truth,attack,0,1787,1811,25,yolo_sppf,attention,42,yolo_sppf_full_attention256_seed42,YOLO/SPPF Attention-256
test_2,Mouse155_20151124_20-56-05,smoothed_frames,ground_truth,investigation,1,1853,1873,21,yolo_sppf,attention,42,yolo_sppf_full_attention256_seed42,YOLO/SPPF Attention-256
test_2,Mouse155_20151124_20-56-05,smoothed_frames,ground_truth,investigation,1,1916,1929,14,yolo_sppf,attention,42,yolo_sppf_full_attention256_seed42,YOLO/SPPF Attention-256
test_2,Mouse155_20151124_20-56-05,smoothed_frames,ground_truth,investigation,1,2125,2130,6,yolo_sppf,attention,42,yolo_sppf_full_attention256_seed42,YOLO/SPPF Attention-256
test_2,Mouse155_20151124_20-56-05,smoothed_frames,ground_truth,investigation,1,2145,2149,5,yolo_sppf,attention,42,yolo_sppf_full_attention256_seed42,YOLO/SPPF Attention-256
test_2,Mouse155_20151124_20-56-05,smoothed_frames,ground_truth,investigation,1,2414,2431,18,yolo_sppf,attention,42,yolo_sppf_full_attention256_seed42,YOLO/SPPF Attention-256
test_2,Mouse155_20151124_20-56-05,smoothed_frames,ground_truth,investigation,1,2556,2564,9,yolo_sppf,attention,42,yolo_sppf_full_attention256_seed42,YOLO/SPPF Attention-256
test_2,Mouse155_20151124_20-56-05,smoothed_frames,ground_truth,investigation,1,3068,3098,31,yolo_sppf,attention,42,yolo_sppf_full_attention256_seed42,YOLO/SPPF Attention-256
test_2,Mouse155_20151124_20-56-05,smoothed_frames,ground_truth,investigation,1,3116,3194,79,yolo_sppf,attention,42,yolo_sppf_full_attention256_seed42,YOLO/SPPF Attention-256
test_2,Mouse155_20151124_20-56-05,smoothed_frames,ground_truth,attack,0,3195,3300,106,yolo_sppf,attention,42,yolo_sppf_full_attention256_seed42,YOLO/SPPF Attention-256
test_2,Mouse155_20151124_20-56-05,smoothed_frames,ground_truth,investigation,1,3461,3464,4,yolo_sppf,attention,42,yolo_sppf_full_attention256_seed42,YOLO/SPPF Attention-256
test_2,Mouse155_20151124_20-56-05,smoothed_frames,ground_truth,investigation,1,3766,3771,6,yolo_sppf,attention,42,yolo_sppf_full_attention256_seed42,YOLO/SPPF Attention-256
test_2,Mouse155_20151124_20-56-05,smoothed_frames,ground_truth,investigation,1,3954,3958,5,yolo_sppf,attention,42,yolo_sppf_full_attention256_seed42,YOLO/SPPF Attention-256
test_2,Mouse155_20151124_20-56-05,smoothed_frames,ground_truth,investigation,1,4296,4350,55,yolo_sppf,attention,42,yolo_sppf_full_attention256_seed42,YOLO/SPPF Attention-256
test_2,Mouse155_20151124_20-56-05,smoothed_frames,ground_truth,attack,0,4352,4399,48,yolo_sppf,attention,42,yolo_sppf_full_attention256_seed42,YOLO/SPPF Attention-256
test_2,Mouse155_20151124_20-56-05,smoothed_frames,ground_truth,investigation,1,4407,4414,8,yolo_sppf,attention,42,yolo_sppf_full_attention256_seed42,YOLO/SPPF Attention-256
test_2,Mouse155_20151124_20-56-05,smoothed_frames,ground_truth,investigation,1,4512,4519,8,yolo_sppf,attention,42,yolo_sppf_full_attention256_seed42,YOLO/SPPF Attention-256
test_2,Mouse155_20151124_20-56-05,smoothed_frames,ground_truth,investigation,1,4704,4724,21,yolo_sppf,attention,42,yolo_sppf_full_attention256_seed42,YOLO/SPPF Attention-256
test_2,Mouse155_20151124_20-56-05,smoothed_frames,ground_truth,investigation,1,4743,4749,7,yolo_sppf,attention,42,yolo_sppf_full_attention256_seed42,YOLO/SPPF Attention-256
test_2,Mouse155_20151124_20-56-05,smoothed_frames,ground_truth,attack,0,4751,4755,5,yolo_sppf,attention,42,yolo_sppf_full_attention256_seed42,YOLO/SPPF Attention-256
test_2,Mouse155_20151124_20-56-05,smoothed_frames,ground_truth,investigation,1,4775,4798,24,yolo_sppf,attention,42,yolo_sppf_full_attention256_seed42,YOLO/SPPF Attention-256
test_2,Mouse155_20151124_20-56-05,smoothed_frames,ground_truth,investigation,1,5105,5116,12,yolo_sppf,attention,42,yolo_sppf_full_attention256_seed42,YOLO/SPPF Attention-256
test_2,Mouse155_20151124_20-56-05,smoothed_frames,ground_truth,investigation,1,5165,5191,27,yolo_sppf,attention,42,yolo_sppf_full_attention256_seed42,YOLO/SPPF Attention-256
test_2,Mouse155_20151124_20-56-05,smoothed_frames,ground_truth,attack,0,5193,5270,78,yolo_sppf,attention,42,yolo_sppf_full_attention256_seed42,YOLO/SPPF Attention-256
test_2,Mouse155_20151124_20-56-05,smoothed_frames,ground_truth,investigation,1,6403,6408,6,yolo_sppf,attention,42,yolo_sppf_full_attention256_seed42,YOLO/SPPF Attention-256
test_2,Mouse155_20151124_20-56-05,smoothed_frames,ground_truth,investigation,1,6592,6598,7,yolo_sppf,attention,42,yolo_sppf_full_attention256_seed42,YOLO/SPPF Attention-256
test_2,Mouse155_20151124_20-56-05,smoothed_frames,ground_truth,investigation,1,7135,7142,8,yolo_sppf,attention,42,yolo_sppf_full_attention256_seed42,YOLO/SPPF Attention-256
test_2,Mouse155_20151124_20-56-05,smoothed_frames,ground_truth,investigation,1,7150,7176,27,yolo_sppf,attention,42,yolo_sppf_full_attention256_seed42,YOLO/SPPF Attention-256
test_2,Mouse155_20151124_20-56-05,smoothed_frames,ground_truth,investigation,1,7307,7327,21,yolo_sppf,attention,42,yolo_sppf_full_attention256_seed42,YOLO/SPPF Attention-256
test_2,Mouse155_20151124_20-56-05,smoothed_frames,ground_truth,investigation,1,7348,7365,18,yolo_sppf,attention,42,yolo_sppf_full_attention256_seed42,YOLO/SPPF Attention-256
test_2,Mouse155_20151124_20-56-05,smoothed_frames,ground_truth,investigation,1,7383,7396,14,yolo_sppf,attention,42,yolo_sppf_full_attention256_seed42,YOLO/SPPF Attention-256
test_2,Mouse155_20151124_20-56-05,smoothed_frames,ground_truth,investigation,1,7401,7417,17,yolo_sppf,attention,42,yolo_sppf_full_attention256_seed42,YOLO/SPPF Attention-256
test_2,Mouse155_20151124_20-56-05,smoothed_frames,ground_truth,attack,0,7420,7468,49,yolo_sppf,attention,42,yolo_sppf_full_attention256_seed42,YOLO/SPPF Attention-256
test_2,Mouse155_20151124_20-56-05,smoothed_frames,ground_truth,investigation,1,7470,7507,38,yolo_sppf,attention,42,yolo_sppf_full_attention256_seed42,YOLO/SPPF Attention-256
test_2,Mouse155_20151124_20-56-05,smoothed_frames,ground_truth,attack,0,7509,7618,110,yolo_sppf,attention,42,yolo_sppf_full_attention256_seed42,YOLO/SPPF Attention-256
test_2,Mouse155_20151124_20-56-05,smoothed_frames,ground_truth,investigation,1,7667,7710,44,yolo_sppf,attention,42,yolo_sppf_full_attention256_seed42,YOLO/SPPF Attention-256
test_2,Mouse155_20151124_20-56-05,smoothed_frames,ground_truth,investigation,1,7958,7962,5,yolo_sppf,attention,42,yolo_sppf_full_attention256_seed42,YOLO/SPPF Attention-256
test_2,Mouse155_20151124_20-56-05,smoothed_frames,ground_truth,investigation,1,8151,8156,6,yolo_sppf,attention,42,yolo_sppf_full_attention256_seed42,YOLO/SPPF Attention-256
test_2,Mouse155_20151124_20-56-05,smoothed_frames,ground_truth,investigation,1,8564,8574,11,yolo_sppf,attention,42,yolo_sppf_full_attention256_seed42,YOLO/SPPF Attention-256
test_2,Mouse155_20151124_20-56-05,smoothed_frames,ground_truth,investigation,1,9656,9671,16,yolo_sppf,attention,42,yolo_sppf_full_attention256_seed42,YOLO/SPPF Attention-256
test_2,Mouse155_20151124_21-11-28,smoothed_frames,ground_truth,investigation,1,18,90,73,yolo_sppf,attention,42,yolo_sppf_full_attention256_seed42,YOLO/SPPF Attention-256
test_2,Mouse155_20151124_21-11-28,smoothed_frames,ground_truth,attack,0,92,153,62,yolo_sppf,attention,42,yolo_sppf_full_attention256_seed42,YOLO/SPPF Attention-256
test_2,Mouse155_20151124_21-11-28,smoothed_frames,ground_truth,investigation,1,155,170,16,yolo_sppf,attention,42,yolo_sppf_full_attention256_seed42,YOLO/SPPF Attention-256
test_2,Mouse155_20151124_21-11-28,smoothed_frames,ground_truth,attack,0,172,198,27,yolo_sppf,attention,42,yolo_sppf_full_attention256_seed42,YOLO/SPPF Attention-256
test_2,Mouse155_20151124_21-11-28,smoothed_frames,ground_truth,investigation,1,200,360,161,yolo_sppf,attention,42,yolo_sppf_full_attention256_seed42,YOLO/SPPF Attention-256
test_2,Mouse155_20151124_21-11-28,smoothed_frames,ground_truth,investigation,1,559,638,80,yolo_sppf,attention,42,yolo_sppf_full_attention256_seed42,YOLO/SPPF Attention-256
test_2,Mouse155_20151124_21-11-28,smoothed_frames,ground_truth,investigation,1,859,867,9,yolo_sppf,attention,42,yolo_sppf_full_attention256_seed42,YOLO/SPPF Attention-256
test_2,Mouse155_20151124_21-11-28,smoothed_frames,ground_truth,investigation,1,993,998,6,yolo_sppf,attention,42,yolo_sppf_full_attention256_seed42,YOLO/SPPF Attention-256
test_2,Mouse155_20151124_21-11-28,smoothed_frames,ground_truth,investigation,1,1185,1211,27,yolo_sppf,attention,42,yolo_sppf_full_attention256_seed42,YOLO/SPPF Attention-256
test_2,Mouse155_20151124_21-11-28,smoothed_frames,ground_truth,attack,0,1213,1267,55,yolo_sppf,attention,42,yolo_sppf_full_attention256_seed42,YOLO/SPPF Attention-256
test_2,Mouse155_20151124_21-11-28,smoothed_frames,ground_truth,investigation,1,1268,1295,28,yolo_sppf,attention,42,yolo_sppf_full_attention256_seed42,YOLO/SPPF Attention-256
test_2,Mouse155_20151124_21-11-28,smoothed_frames,ground_truth,attack,0,1297,1407,111,yolo_sppf,attention,42,yolo_sppf_full_attention256_seed42,YOLO/SPPF Attention-256
test_2,Mouse155_20151124_21-11-28,smoothed_frames,ground_truth,investigation,1,1723,1782,60,yolo_sppf,attention,42,yolo_sppf_full_attention256_seed42,YOLO/SPPF Attention-256
test_2,Mouse155_20151124_21-11-28,smoothed_frames,ground_truth,attack,0,1785,1849,65,yolo_sppf,attention,42,yolo_sppf_full_attention256_seed42,YOLO/SPPF Attention-256
test_2,Mouse155_20151124_21-11-28,smoothed_frames,ground_truth,investigation,1,1851,2011,161,yolo_sppf,attention,42,yolo_sppf_full_attention256_seed42,YOLO/SPPF Attention-256
test_2,Mouse155_20151124_21-11-28,smoothed_frames,ground_truth,investigation,1,2129,2140,12,yolo_sppf,attention,42,yolo_sppf_full_attention256_seed42,YOLO/SPPF Attention-256
test_2,Mouse155_20151124_21-11-28,smoothed_frames,ground_truth,investigation,1,2172,2189,18,yolo_sppf,attention,42,yolo_sppf_full_attention256_seed42,YOLO/SPPF Attention-256
test_2,Mouse155_20151124_21-11-28,smoothed_frames,ground_truth,investigation,1,2436,2438,3,yolo_sppf,attention,42,yolo_sppf_full_attention256_seed42,YOLO/SPPF Attention-256
test_2,Mouse155_20151124_21-11-28,smoothed_frames,ground_truth,investigation,1,2767,2839,73,yolo_sppf,attention,42,yolo_sppf_full_attention256_seed42,YOLO/SPPF Attention-256
test_2,Mouse155_20151124_21-11-28,smoothed_frames,ground_truth,investigation,1,2853,2871,19,yolo_sppf,attention,42,yolo_sppf_full_attention256_seed42,YOLO/SPPF Attention-256
test_2,Mouse155_20151124_21-11-28,smoothed_frames,ground_truth,investigation,1,2877,2953,77,yolo_sppf,attention,42,yolo_sppf_full_attention256_seed42,YOLO/SPPF Attention-256
test_2,Mouse155_20151124_21-11-28,smoothed_frames,ground_truth,investigation,1,2974,3022,49,yolo_sppf,attention,42,yolo_sppf_full_attention256_seed42,YOLO/SPPF Attention-256
test_2,Mouse155_20151124_21-11-28,smoothed_frames,ground_truth,investigation,1,3079,3104,26,yolo_sppf,attention,42,yolo_sppf_full_attention256_seed42,YOLO/SPPF Attention-256
test_2,Mouse155_20151124_21-11-28,smoothed_frames,ground_truth,investigation,1,3674,3778,105,yolo_sppf,attention,42,yolo_sppf_full_attention256_seed42,YOLO/SPPF Attention-256
test_2,Mouse155_20151124_21-11-28,smoothed_frames,ground_truth,investigation,1,3846,3853,8,yolo_sppf,attention,42,yolo_sppf_full_attention256_seed42,YOLO/SPPF Attention-256
test_2,Mouse155_20151124_21-11-28,smoothed_frames,ground_truth,investigation,1,4416,4420,5,yolo_sppf,attention,42,yolo_sppf_full_attention256_seed42,YOLO/SPPF Attention-256
test_2,Mouse155_20151124_21-11-28,smoothed_frames,ground_truth,investigation,1,4905,4908,4,yolo_sppf,attention,42,yolo_sppf_full_attention256_seed42,YOLO/SPPF Attention-256
test_2,Mouse155_20151124_21-11-28,smoothed_frames,ground_truth,investigation,1,5415,5419,5,yolo_sppf,attention,42,yolo_sppf_full_attention256_seed42,YOLO/SPPF Attention-256
test_2,Mouse155_20151124_21-11-28,smoothed_frames,ground_truth,investigation,1,5761,5765,5,yolo_sppf,attention,42,yolo_sppf_full_attention256_seed42,YOLO/SPPF Attention-256
test_2,Mouse155_20151124_21-11-28,smoothed_frames,ground_truth,investigation,1,6391,6399,9,yolo_sppf,attention,42,yolo_sppf_full_attention256_seed42,YOLO/SPPF Attention-256
test_2,Mouse155_20151124_21-11-28,smoothed_frames,ground_truth,investigation,1,6485,6486,2,yolo_sppf,attention,42,yolo_sppf_full_attention256_seed42,YOLO/SPPF Attention-256
test_2,Mouse155_20151124_21-11-28,smoothed_frames,ground_truth,investigation,1,6616,6633,18,yolo_sppf,attention,42,yolo_sppf_full_attention256_seed42,YOLO/SPPF Attention-256
test_2,Mouse155_20151129_22-41-43,smoothed_frames,ground_truth,investigation,1,5,16,12,yolo_sppf,attention,42,yolo_sppf_full_attention256_seed42,YOLO/SPPF Attention-256
test_2,Mouse155_20151129_22-41-43,smoothed_frames,ground_truth,investigation,1,33,37,5,yolo_sppf,attention,42,yolo_sppf_full_attention256_seed42,YOLO/SPPF Attention-256
test_2,Mouse155_20151129_22-41-43,smoothed_frames,ground_truth,investigation,1,46,47,2,yolo_sppf,attention,42,yolo_sppf_full_attention256_seed42,YOLO/SPPF Attention-256
test_2,Mouse155_20151129_22-41-43,smoothed_frames,ground_truth,investigation,1,91,96,6,yolo_sppf,attention,42,yolo_sppf_full_attention256_seed42,YOLO/SPPF Attention-256
test_2,Mouse155_20151129_22-41-43,smoothed_frames,ground_truth,investigation,1,209,258,50,yolo_sppf,attention,42,yolo_sppf_full_attention256_seed42,YOLO/SPPF Attention-256
test_2,Mouse155_20151129_22-41-43,smoothed_frames,ground_truth,investigation,1,360,363,4,yolo_sppf,attention,42,yolo_sppf_full_attention256_seed42,YOLO/SPPF Attention-256
test_2,Mouse155_20151129_22-41-43,smoothed_frames,ground_truth,investigation,1,564,749,186,yolo_sppf,attention,42,yolo_sppf_full_attention256_seed42,YOLO/SPPF Attention-256
test_2,Mouse155_20151129_22-41-43,smoothed_frames,ground_truth,investigation,1,762,783,22,yolo_sppf,attention,42,yolo_sppf_full_attention256_seed42,YOLO/SPPF Attention-256
test_2,Mouse155_20151129_22-41-43,smoothed_frames,ground_truth,investigation,1,814,858,45,yolo_sppf,attention,42,yolo_sppf_full_attention256_seed42,YOLO/SPPF Attention-256
test_2,Mouse155_20151129_22-41-43,smoothed_frames,ground_truth,investigation,1,1115,1151,37,yolo_sppf,attention,42,yolo_sppf_full_attention256_seed42,YOLO/SPPF Attention-256
test_2,Mouse155_20151129_22-41-43,smoothed_frames,ground_truth,attack,0,1153,1307,155,yolo_sppf,attention,42,yolo_sppf_full_attention256_seed42,YOLO/SPPF Attention-256
test_2,Mouse155_20151129_22-41-43,smoothed_frames,ground_truth,investigation,1,1309,1475,167,yolo_sppf,attention,42,yolo_sppf_full_attention256_seed42,YOLO/SPPF Attention-256
test_2,Mouse155_20151129_22-41-43,smoothed_frames,ground_truth,attack,0,1477,1622,146,yolo_sppf,attention,42,yolo_sppf_full_attention256_seed42,YOLO/SPPF Attention-256
test_2,Mouse155_20151129_22-41-43,smoothed_frames,ground_truth,investigation,1,1656,1751,96,yolo_sppf,attention,42,yolo_sppf_full_attention256_seed42,YOLO/SPPF Attention-256
test_2,Mouse155_20151129_22-41-43,smoothed_frames,ground_truth,investigation,1,1779,1798,20,yolo_sppf,attention,42,yolo_sppf_full_attention256_seed42,YOLO/SPPF Attention-256
test_2,Mouse155_20151129_22-41-43,smoothed_frames,ground_truth,investigation,1,1866,2056,191,yolo_sppf,attention,42,yolo_sppf_full_attention256_seed42,YOLO/SPPF Attention-256
test_2,Mouse155_20151129_22-41-43,smoothed_frames,ground_truth,investigation,1,2095,2160,66,yolo_sppf,attention,42,yolo_sppf_full_attention256_seed42,YOLO/SPPF Attention-256
test_2,Mouse155_20151129_22-41-43,smoothed_frames,ground_truth,investigation,1,2174,2179,6,yolo_sppf,attention,42,yolo_sppf_full_attention256_seed42,YOLO/SPPF Attention-256
test_2,Mouse155_20151129_22-41-43,smoothed_frames,ground_truth,investigation,1,2269,2285,17,yolo_sppf,attention,42,yolo_sppf_full_attention256_seed42,YOLO/SPPF Attention-256
test_2,Mouse155_20151129_22-41-43,smoothed_frames,ground_truth,investigation,1,2805,2960,156,yolo_sppf,attention,42,yolo_sppf_full_attention256_seed42,YOLO/SPPF Attention-256
test_2,Mouse155_20151129_22-41-43,smoothed_frames,ground_truth,investigation,1,3197,3208,12,yolo_sppf,attention,42,yolo_sppf_full_attention256_seed42,YOLO/SPPF Attention-256
test_2,Mouse155_20151129_22-41-43,smoothed_frames,ground_truth,investigation,1,3257,3281,25,yolo_sppf,attention,42,yolo_sppf_full_attention256_seed42,YOLO/SPPF Attention-256
test_2,Mouse155_20151129_22-41-43,smoothed_frames,ground_truth,investigation,1,3512,3534,23,yolo_sppf,attention,42,yolo_sppf_full_attention256_seed42,YOLO/SPPF Attention-256
test_2,Mouse155_20151129_22-41-43,smoothed_frames,ground_truth,mount,2,3535,3560,26,yolo_sppf,attention,42,yolo_sppf_full_attention256_seed42,YOLO/SPPF Attention-256
test_2,Mouse155_20151129_22-41-43,smoothed_frames,ground_truth,investigation,1,3562,3711,150,yolo_sppf,attention,42,yolo_sppf_full_attention256_seed42,YOLO/SPPF Attention-256
test_2,Mouse155_20151129_22-41-43,smoothed_frames,ground_truth,investigation,1,3753,3761,9,yolo_sppf,attention,42,yolo_sppf_full_attention256_seed42,YOLO/SPPF Attention-256
test_2,Mouse155_20151129_22-41-43,smoothed_frames,ground_truth,investigation,1,3772,3873,102,yolo_sppf,attention,42,yolo_sppf_full_attention256_seed42,YOLO/SPPF Attention-256
test_2,Mouse155_20151129_22-41-43,smoothed_frames,ground_truth,investigation,1,3896,3989,94,yolo_sppf,attention,42,yolo_sppf_full_attention256_seed42,YOLO/SPPF Attention-256
test_2,Mouse155_20151129_22-41-43,smoothed_frames,ground_truth,investigation,1,4256,4317,62,yolo_sppf,attention,42,yolo_sppf_full_attention256_seed42,YOLO/SPPF Attention-256
test_2,Mouse155_20151129_22-41-43,smoothed_frames,ground_truth,investigation,1,4370,4522,153,yolo_sppf,attention,42,yolo_sppf_full_attention256_seed42,YOLO/SPPF Attention-256
test_2,Mouse155_20151129_22-41-43,smoothed_frames,ground_truth,investigation,1,4561,4566,6,yolo_sppf,attention,42,yolo_sppf_full_attention256_seed42,YOLO/SPPF Attention-256
test_2,Mouse155_20151129_22-41-43,smoothed_frames,ground_truth,investigation,1,4709,4727,19,yolo_sppf,attention,42,yolo_sppf_full_attention256_seed42,YOLO/SPPF Attention-256
test_2,Mouse155_20151129_22-41-43,smoothed_frames,ground_truth,investigation,1,4735,4769,35,yolo_sppf,attention,42,yolo_sppf_full_attention256_seed42,YOLO/SPPF Attention-256
test_2,Mouse156_20151012_20-16-37,smoothed_frames,ground_truth,investigation,1,30,55,26,yolo_sppf,attention,42,yolo_sppf_full_attention256_seed42,YOLO/SPPF Attention-256
test_2,Mouse156_20151012_20-16-37,smoothed_frames,ground_truth,investigation,1,102,104,3,yolo_sppf,attention,42,yolo_sppf_full_attention256_seed42,YOLO/SPPF Attention-256
test_2,Mouse156_20151012_20-16-37,smoothed_frames,ground_truth,investigation,1,136,159,24,yolo_sppf,attention,42,yolo_sppf_full_attention256_seed42,YOLO/SPPF Attention-256
test_2,Mouse156_20151012_20-16-37,smoothed_frames,ground_truth,investigation,1,293,310,18,yolo_sppf,attention,42,yolo_sppf_full_attention256_seed42,YOLO/SPPF Attention-256
test_2,Mouse156_20151012_20-16-37,smoothed_frames,ground_truth,investigation,1,406,426,21,yolo_sppf,attention,42,yolo_sppf_full_attention256_seed42,YOLO/SPPF Attention-256
test_2,Mouse156_20151012_20-16-37,smoothed_frames,ground_truth,attack,0,428,476,49,yolo_sppf,attention,42,yolo_sppf_full_attention256_seed42,YOLO/SPPF Attention-256
test_2,Mouse156_20151012_20-16-37,smoothed_frames,ground_truth,attack,0,485,647,163,yolo_sppf,attention,42,yolo_sppf_full_attention256_seed42,YOLO/SPPF Attention-256
test_2,Mouse156_20151012_20-16-37,smoothed_frames,ground_truth,mount,2,649,675,27,yolo_sppf,attention,42,yolo_sppf_full_attention256_seed42,YOLO/SPPF Attention-256
test_2,Mouse156_20151012_20-16-37,smoothed_frames,ground_truth,investigation,1,677,870,194,yolo_sppf,attention,42,yolo_sppf_full_attention256_seed42,YOLO/SPPF Attention-256
test_2,Mouse156_20151012_20-16-37,smoothed_frames,ground_truth,investigation,1,907,917,11,yolo_sppf,attention,42,yolo_sppf_full_attention256_seed42,YOLO/SPPF Attention-256
test_2,Mouse156_20151012_20-16-37,smoothed_frames,ground_truth,investigation,1,2278,2284,7,yolo_sppf,attention,42,yolo_sppf_full_attention256_seed42,YOLO/SPPF Attention-256
test_2,Mouse156_20151012_20-16-37,smoothed_frames,ground_truth,attack,0,2286,2394,109,yolo_sppf,attention,42,yolo_sppf_full_attention256_seed42,YOLO/SPPF Attention-256
test_2,Mouse156_20151012_20-16-37,smoothed_frames,ground_truth,investigation,1,2396,2423,28,yolo_sppf,attention,42,yolo_sppf_full_attention256_seed42,YOLO/SPPF Attention-256
test_2,Mouse156_20151012_20-16-37,smoothed_frames,ground_truth,investigation,1,2476,2491,16,yolo_sppf,attention,42,yolo_sppf_full_attention256_seed42,YOLO/SPPF Attention-256
test_2,Mouse156_20151012_20-16-37,smoothed_frames,ground_truth,investigation,1,2509,2529,21,yolo_sppf,attention,42,yolo_sppf_full_attention256_seed42,YOLO/SPPF Attention-256
test_2,Mouse156_20151012_20-16-37,smoothed_frames,ground_truth,mount,2,2531,2545,15,yolo_sppf,attention,42,yolo_sppf_full_attention256_seed42,YOLO/SPPF Attention-256
test_2,Mouse156_20151012_20-16-37,smoothed_frames,ground_truth,investigation,1,2547,2610,64,yolo_sppf,attention,42,yolo_sppf_full_attention256_seed42,YOLO/SPPF Attention-256
test_2,Mouse156_20151012_20-16-37,smoothed_frames,ground_truth,investigation,1,2617,2621,5,yolo_sppf,attention,42,yolo_sppf_full_attention256_seed42,YOLO/SPPF Attention-256
test_2,Mouse156_20151012_20-16-37,smoothed_frames,ground_truth,investigation,1,2748,2748,1,yolo_sppf,attention,42,yolo_sppf_full_attention256_seed42,YOLO/SPPF Attention-256
test_2,Mouse156_20151012_20-16-37,smoothed_frames,ground_truth,investigation,1,2791,2796,6,yolo_sppf,attention,42,yolo_sppf_full_attention256_seed42,YOLO/SPPF Attention-256
test_2,Mouse156_20151012_20-16-37,smoothed_frames,ground_truth,investigation,1,2952,2974,23,yolo_sppf,attention,42,yolo_sppf_full_attention256_seed42,YOLO/SPPF Attention-256
test_2,Mouse156_20151012_20-16-37,smoothed_frames,ground_truth,attack,0,2976,3019,44,yolo_sppf,attention,42,yolo_sppf_full_attention256_seed42,YOLO/SPPF Attention-256
test_2,Mouse156_20151012_20-16-37,smoothed_frames,ground_truth,investigation,1,3028,3029,2,yolo_sppf,attention,42,yolo_sppf_full_attention256_seed42,YOLO/SPPF Attention-256
test_2,Mouse156_20151012_20-16-37,smoothed_frames,ground_truth,investigation,1,3070,3078,9,yolo_sppf,attention,42,yolo_sppf_full_attention256_seed42,YOLO/SPPF Attention-256
test_2,Mouse156_20151012_20-16-37,smoothed_frames,ground_truth,attack,0,3080,3157,78,yolo_sppf,attention,42,yolo_sppf_full_attention256_seed42,YOLO/SPPF Attention-256
test_2,Mouse156_20151012_20-16-37,smoothed_frames,ground_truth,investigation,1,3159,3200,42,yolo_sppf,attention,42,yolo_sppf_full_attention256_seed42,YOLO/SPPF Attention-256
test_2,Mouse156_20151012_20-16-37,smoothed_frames,ground_truth,investigation,1,3623,3630,8,yolo_sppf,attention,42,yolo_sppf_full_attention256_seed42,YOLO/SPPF Attention-256
test_2,Mouse156_20151012_20-16-37,smoothed_frames,ground_truth,investigation,1,3641,3660,20,yolo_sppf,attention,42,yolo_sppf_full_attention256_seed42,YOLO/SPPF Attention-256
test_2,Mouse156_20151012_20-16-37,smoothed_frames,ground_truth,attack,0,3662,3668,7,yolo_sppf,attention,42,yolo_sppf_full_attention256_seed42,YOLO/SPPF Attention-256
test_2,Mouse156_20151012_20-16-37,smoothed_frames,ground_truth,attack,0,3676,3890,215,yolo_sppf,attention,42,yolo_sppf_full_attention256_seed42,YOLO/SPPF Attention-256
test_2,Mouse156_20151012_20-16-37,smoothed_frames,ground_truth,investigation,1,4064,4084,21,yolo_sppf,attention,42,yolo_sppf_full_attention256_seed42,YOLO/SPPF Attention-256
test_2,Mouse156_20151012_20-16-37,smoothed_frames,ground_truth,attack,0,4086,4257,172,yolo_sppf,attention,42,yolo_sppf_full_attention256_seed42,YOLO/SPPF Attention-256
test_2,Mouse156_20151012_20-16-37,smoothed_frames,ground_truth,investigation,1,4259,4310,52,yolo_sppf,attention,42,yolo_sppf_full_attention256_seed42,YOLO/SPPF Attention-256
test_2,Mouse156_20151012_20-16-37,smoothed_frames,ground_truth,investigation,1,4427,4449,23,yolo_sppf,attention,42,yolo_sppf_full_attention256_seed42,YOLO/SPPF Attention-256
test_2,Mouse156_20151012_20-16-37,smoothed_frames,ground_truth,investigation,1,4681,4692,12,yolo_sppf,attention,42,yolo_sppf_full_attention256_seed42,YOLO/SPPF Attention-256
test_2,Mouse156_20151012_20-16-37,smoothed_frames,ground_truth,investigation,1,4716,4724,9,yolo_sppf,attention,42,yolo_sppf_full_attention256_seed42,YOLO/SPPF Attention-256
test_2,Mouse156_20151012_20-16-37,smoothed_frames,ground_truth,attack,0,4726,4791,66,yolo_sppf,attention,42,yolo_sppf_full_attention256_seed42,YOLO/SPPF Attention-256
test_2,Mouse156_20151012_20-16-37,smoothed_frames,ground_truth,attack,0,4811,4888,78,yolo_sppf,attention,42,yolo_sppf_full_attention256_seed42,YOLO/SPPF Attention-256
test_2,Mouse156_20151012_20-16-37,smoothed_frames,ground_truth,investigation,1,4929,4944,16,yolo_sppf,attention,42,yolo_sppf_full_attention256_seed42,YOLO/SPPF Attention-256
test_2,Mouse156_20151012_20-16-37,smoothed_frames,ground_truth,attack,0,4946,4957,12,yolo_sppf,attention,42,yolo_sppf_full_attention256_seed42,YOLO/SPPF Attention-256
test_2,Mouse156_20151012_20-16-37,smoothed_frames,ground_truth,investigation,1,4991,5063,73,yolo_sppf,attention,42,yolo_sppf_full_attention256_seed42,YOLO/SPPF Attention-256
test_2,Mouse156_20151012_20-16-37,smoothed_frames,ground_truth,investigation,1,5079,5086,8,yolo_sppf,attention,42,yolo_sppf_full_attention256_seed42,YOLO/SPPF Attention-256
test_2,Mouse156_20151012_20-16-37,smoothed_frames,ground_truth,investigation,1,5181,5189,9,yolo_sppf,attention,42,yolo_sppf_full_attention256_seed42,YOLO/SPPF Attention-256
test_2,Mouse156_20151012_20-16-37,smoothed_frames,ground_truth,attack,0,5191,5250,60,yolo_sppf,attention,42,yolo_sppf_full_attention256_seed42,YOLO/SPPF Attention-256
test_2,Mouse156_20151012_20-16-37,smoothed_frames,ground_truth,investigation,1,5270,5273,4,yolo_sppf,attention,42,yolo_sppf_full_attention256_seed42,YOLO/SPPF Attention-256
test_2,Mouse156_20151012_20-16-37,smoothed_frames,ground_truth,investigation,1,5299,5320,22,yolo_sppf,attention,42,yolo_sppf_full_attention256_seed42,YOLO/SPPF Attention-256
test_2,Mouse156_20151012_20-16-37,smoothed_frames,ground_truth,investigation,1,5345,5346,2,yolo_sppf,attention,42,yolo_sppf_full_attention256_seed42,YOLO/SPPF Attention-256
test_2,Mouse156_20151012_20-16-37,smoothed_frames,ground_truth,attack,0,5348,5412,65,yolo_sppf,attention,42,yolo_sppf_full_attention256_seed42,YOLO/SPPF Attention-256
test_2,Mouse156_20151012_20-16-37,smoothed_frames,ground_truth,attack,0,5423,5516,94,yolo_sppf,attention,42,yolo_sppf_full_attention256_seed42,YOLO/SPPF Attention-256
test_2,Mouse156_20151012_20-16-37,smoothed_frames,ground_truth,investigation,1,5518,5535,18,yolo_sppf,attention,42,yolo_sppf_full_attention256_seed42,YOLO/SPPF Attention-256
test_2,Mouse156_20151012_20-16-37,smoothed_frames,ground_truth,investigation,1,5561,5573,13,yolo_sppf,attention,42,yolo_sppf_full_attention256_seed42,YOLO/SPPF Attention-256
test_2,Mouse156_20151012_20-16-37,smoothed_frames,ground_truth,investigation,1,5608,5622,15,yolo_sppf,attention,42,yolo_sppf_full_attention256_seed42,YOLO/SPPF Attention-256
test_2,Mouse156_20151012_20-16-37,smoothed_frames,ground_truth,investigation,1,5785,5794,10,yolo_sppf,attention,42,yolo_sppf_full_attention256_seed42,YOLO/SPPF Attention-256
test_2,Mouse156_20151012_20-16-37,smoothed_frames,ground_truth,investigation,1,5850,5857,8,yolo_sppf,attention,42,yolo_sppf_full_attention256_seed42,YOLO/SPPF Attention-256
test_2,Mouse156_20151012_20-16-37,smoothed_frames,ground_truth,investigation,1,5891,5894,4,yolo_sppf,attention,42,yolo_sppf_full_attention256_seed42,YOLO/SPPF Attention-256
test_2,Mouse156_20151012_20-16-37,smoothed_frames,ground_truth,investigation,1,5913,5954,42,yolo_sppf,attention,42,yolo_sppf_full_attention256_seed42,YOLO/SPPF Attention-256
test_2,Mouse156_20151012_20-16-37,smoothed_frames,ground_truth,investigation,1,6002,6003,2,yolo_sppf,attention,42,yolo_sppf_full_attention256_seed42,YOLO/SPPF Attention-256
test_2,Mouse156_20151012_20-16-37,smoothed_frames,ground_truth,investigation,1,6042,6055,14,yolo_sppf,attention,42,yolo_sppf_full_attention256_seed42,YOLO/SPPF Attention-256
test_2,Mouse156_20151012_20-16-37,smoothed_frames,ground_truth,attack,0,6057,6153,97,yolo_sppf,attention,42,yolo_sppf_full_attention256_seed42,YOLO/SPPF Attention-256
test_2,Mouse156_20151012_20-16-37,smoothed_frames,ground_truth,investigation,1,6155,6172,18,yolo_sppf,attention,42,yolo_sppf_full_attention256_seed42,YOLO/SPPF Attention-256
test_2,Mouse156_20151012_20-16-37,smoothed_frames,ground_truth,investigation,1,6186,6242,57,yolo_sppf,attention,42,yolo_sppf_full_attention256_seed42,YOLO/SPPF Attention-256
test_2,Mouse156_20151012_20-16-37,smoothed_frames,ground_truth,investigation,1,6448,6472,25,yolo_sppf,attention,42,yolo_sppf_full_attention256_seed42,YOLO/SPPF Attention-256
test_2,Mouse156_20151012_20-16-37,smoothed_frames,ground_truth,investigation,1,6505,6517,13,yolo_sppf,attention,42,yolo_sppf_full_attention256_seed42,YOLO/SPPF Attention-256
test_2,Mouse156_20151012_20-16-37,smoothed_frames,ground_truth,investigation,1,6525,6535,11,yolo_sppf,attention,42,yolo_sppf_full_attention256_seed42,YOLO/SPPF Attention-256
test_2,Mouse156_20151012_20-16-37,smoothed_frames,ground_truth,attack,0,6537,6625,89,yolo_sppf,attention,42,yolo_sppf_full_attention256_seed42,YOLO/SPPF Attention-256
test_2,Mouse156_20151012_20-16-37,smoothed_frames,ground_truth,mount,2,6627,6677,51,yolo_sppf,attention,42,yolo_sppf_full_attention256_seed42,YOLO/SPPF Attention-256
test_2,Mouse156_20151012_20-16-37,smoothed_frames,ground_truth,investigation,1,6679,6746,68,yolo_sppf,attention,42,yolo_sppf_full_attention256_seed42,YOLO/SPPF Attention-256
test_2,Mouse156_20151012_20-16-37,smoothed_frames,ground_truth,investigation,1,6768,6775,8,yolo_sppf,attention,42,yolo_sppf_full_attention256_seed42,YOLO/SPPF Attention-256
test_2,Mouse156_20151012_20-16-37,smoothed_frames,ground_truth,investigation,1,6793,6800,8,yolo_sppf,attention,42,yolo_sppf_full_attention256_seed42,YOLO/SPPF Attention-256
test_2,Mouse156_20151012_20-16-37,smoothed_frames,ground_truth,investigation,1,6856,6871,16,yolo_sppf,attention,42,yolo_sppf_full_attention256_seed42,YOLO/SPPF Attention-256
test_2,Mouse156_20151012_20-16-37,smoothed_frames,ground_truth,investigation,1,6879,6907,29,yolo_sppf,attention,42,yolo_sppf_full_attention256_seed42,YOLO/SPPF Attention-256
test_2,Mouse156_20151012_20-16-37,smoothed_frames,ground_truth,attack,0,6909,7000,92,yolo_sppf,attention,42,yolo_sppf_full_attention256_seed42,YOLO/SPPF Attention-256
test_2,Mouse156_20151012_20-16-37,smoothed_frames,ground_truth,investigation,1,7002,7113,112,yolo_sppf,attention,42,yolo_sppf_full_attention256_seed42,YOLO/SPPF Attention-256
test_2,Mouse156_20151012_20-16-37,smoothed_frames,ground_truth,investigation,1,7138,7160,23,yolo_sppf,attention,42,yolo_sppf_full_attention256_seed42,YOLO/SPPF Attention-256
test_2,Mouse156_20151012_20-16-37,smoothed_frames,ground_truth,investigation,1,7214,7218,5,yolo_sppf,attention,42,yolo_sppf_full_attention256_seed42,YOLO/SPPF Attention-256
test_2,Mouse156_20151012_20-16-37,smoothed_frames,ground_truth,investigation,1,7251,7267,17,yolo_sppf,attention,42,yolo_sppf_full_attention256_seed42,YOLO/SPPF Attention-256
test_2,Mouse156_20151012_20-16-37,smoothed_frames,ground_truth,investigation,1,7288,7296,9,yolo_sppf,attention,42,yolo_sppf_full_attention256_seed42,YOLO/SPPF Attention-256
test_2,Mouse156_20151012_20-16-37,smoothed_frames,ground_truth,attack,0,7298,7354,57,yolo_sppf,attention,42,yolo_sppf_full_attention256_seed42,YOLO/SPPF Attention-256
test_2,Mouse156_20151012_20-16-37,smoothed_frames,ground_truth,investigation,1,7356,7479,124,yolo_sppf,attention,42,yolo_sppf_full_attention256_seed42,YOLO/SPPF Attention-256
test_2,Mouse156_20151012_20-16-37,smoothed_frames,ground_truth,investigation,1,7551,7551,1,yolo_sppf,attention,42,yolo_sppf_full_attention256_seed42,YOLO/SPPF Attention-256
test_2,Mouse156_20151012_20-16-37,smoothed_frames,ground_truth,attack,0,7553,7566,14,yolo_sppf,attention,42,yolo_sppf_full_attention256_seed42,YOLO/SPPF Attention-256
test_2,Mouse156_20151012_20-16-37,smoothed_frames,ground_truth,investigation,1,7594,7596,3,yolo_sppf,attention,42,yolo_sppf_full_attention256_seed42,YOLO/SPPF Attention-256
test_2,Mouse156_20151012_20-16-37,smoothed_frames,ground_truth,attack,0,7598,7695,98,yolo_sppf,attention,42,yolo_sppf_full_attention256_seed42,YOLO/SPPF Attention-256
test_2,Mouse156_20151012_20-16-37,smoothed_frames,ground_truth,investigation,1,7735,7817,83,yolo_sppf,attention,42,yolo_sppf_full_attention256_seed42,YOLO/SPPF Attention-256
test_2,Mouse156_20151012_20-16-37,smoothed_frames,ground_truth,investigation,1,7848,7853,6,yolo_sppf,attention,42,yolo_sppf_full_attention256_seed42,YOLO/SPPF Attention-256
test_2,Mouse156_20151012_20-16-37,smoothed_frames,ground_truth,investigation,1,7897,7903,7,yolo_sppf,attention,42,yolo_sppf_full_attention256_seed42,YOLO/SPPF Attention-256
test_2,Mouse156_20151012_20-16-37,smoothed_frames,ground_truth,investigation,1,7931,7937,7,yolo_sppf,attention,42,yolo_sppf_full_attention256_seed42,YOLO/SPPF Attention-256
test_2,Mouse156_20151012_20-16-37,smoothed_frames,ground_truth,investigation,1,7979,7985,7,yolo_sppf,attention,42,yolo_sppf_full_attention256_seed42,YOLO/SPPF Attention-256
test_2,Mouse156_20151012_20-16-37,smoothed_frames,ground_truth,investigation,1,8004,8009,6,yolo_sppf,attention,42,yolo_sppf_full_attention256_seed42,YOLO/SPPF Attention-256
test_2,Mouse156_20151012_20-16-37,smoothed_frames,ground_truth,investigation,1,8027,8033,7,yolo_sppf,attention,42,yolo_sppf_full_attention256_seed42,YOLO/SPPF Attention-256
test_2,Mouse156_20151012_20-16-37,smoothed_frames,ground_truth,attack,0,8035,8053,19,yolo_sppf,attention,42,yolo_sppf_full_attention256_seed42,YOLO/SPPF Attention-256
test_2,Mouse156_20151012_20-16-37,smoothed_frames,ground_truth,investigation,1,8062,8064,3,yolo_sppf,attention,42,yolo_sppf_full_attention256_seed42,YOLO/SPPF Attention-256
test_2,Mouse156_20151012_20-16-37,smoothed_frames,ground_truth,attack,0,8066,8084,19,yolo_sppf,attention,42,yolo_sppf_full_attention256_seed42,YOLO/SPPF Attention-256
test_2,Mouse156_20151012_20-16-37,smoothed_frames,ground_truth,investigation,1,8086,8115,30,yolo_sppf,attention,42,yolo_sppf_full_attention256_seed42,YOLO/SPPF Attention-256
test_2,Mouse156_20151012_20-16-37,smoothed_frames,ground_truth,attack,0,8117,8127,11,yolo_sppf,attention,42,yolo_sppf_full_attention256_seed42,YOLO/SPPF Attention-256
test_2,Mouse156_20151012_20-16-37,smoothed_frames,ground_truth,investigation,1,8135,8386,252,yolo_sppf,attention,42,yolo_sppf_full_attention256_seed42,YOLO/SPPF Attention-256
test_2,Mouse156_20151012_20-16-37,smoothed_frames,ground_truth,attack,0,8388,8403,16,yolo_sppf,attention,42,yolo_sppf_full_attention256_seed42,YOLO/SPPF Attention-256
test_2,Mouse156_20151012_20-16-37,smoothed_frames,ground_truth,attack,0,8455,8588,134,yolo_sppf,attention,42,yolo_sppf_full_attention256_seed42,YOLO/SPPF Attention-256
test_2,Mouse156_20151012_20-16-37,smoothed_frames,ground_truth,investigation,1,8608,8643,36,yolo_sppf,attention,42,yolo_sppf_full_attention256_seed42,YOLO/SPPF Attention-256
test_2,Mouse156_20151012_20-16-37,smoothed_frames,ground_truth,attack,0,8645,8653,9,yolo_sppf,attention,42,yolo_sppf_full_attention256_seed42,YOLO/SPPF Attention-256
test_2,Mouse156_20151012_20-16-37,smoothed_frames,ground_truth,investigation,1,8655,8679,25,yolo_sppf,attention,42,yolo_sppf_full_attention256_seed42,YOLO/SPPF Attention-256
test_2,Mouse156_20151012_20-16-37,smoothed_frames,ground_truth,investigation,1,8707,8768,62,yolo_sppf,attention,42,yolo_sppf_full_attention256_seed42,YOLO/SPPF Attention-256
test_2,Mouse156_20151012_20-16-37,smoothed_frames,ground_truth,investigation,1,8886,8892,7,yolo_sppf,attention,42,yolo_sppf_full_attention256_seed42,YOLO/SPPF Attention-256
test_2,Mouse156_20151012_20-16-37,smoothed_frames,ground_truth,investigation,1,8919,8919,1,yolo_sppf,attention,42,yolo_sppf_full_attention256_seed42,YOLO/SPPF Attention-256
test_2,Mouse156_20151012_20-16-37,smoothed_frames,ground_truth,investigation,1,8927,8964,38,yolo_sppf,attention,42,yolo_sppf_full_attention256_seed42,YOLO/SPPF Attention-256
test_2,Mouse156_20151012_20-16-37,smoothed_frames,ground_truth,investigation,1,8986,8996,11,yolo_sppf,attention,42,yolo_sppf_full_attention256_seed42,YOLO/SPPF Attention-256
test_2,Mouse156_20151012_20-16-37,smoothed_frames,ground_truth,investigation,1,9003,9017,15,yolo_sppf,attention,42,yolo_sppf_full_attention256_seed42,YOLO/SPPF Attention-256
test_2,Mouse156_20151012_20-16-37,smoothed_frames,ground_truth,investigation,1,9036,9090,55,yolo_sppf,attention,42,yolo_sppf_full_attention256_seed42,YOLO/SPPF Attention-256
test_2,Mouse156_20151012_20-16-37,smoothed_frames,ground_truth,investigation,1,9165,9188,24,yolo_sppf,attention,42,yolo_sppf_full_attention256_seed42,YOLO/SPPF Attention-256
test_2,Mouse156_20151012_20-16-37,smoothed_frames,ground_truth,attack,0,9190,9213,24,yolo_sppf,attention,42,yolo_sppf_full_attention256_seed42,YOLO/SPPF Attention-256
test_2,Mouse156_20151012_20-16-37,smoothed_frames,ground_truth,attack,0,9256,9333,78,yolo_sppf,attention,42,yolo_sppf_full_attention256_seed42,YOLO/SPPF Attention-256
test_2,Mouse156_20151012_20-16-37,smoothed_frames,ground_truth,investigation,1,9335,9363,29,yolo_sppf,attention,42,yolo_sppf_full_attention256_seed42,YOLO/SPPF Attention-256
test_2,Mouse156_20151012_20-16-37,smoothed_frames,ground_truth,attack,0,9365,9439,75,yolo_sppf,attention,42,yolo_sppf_full_attention256_seed42,YOLO/SPPF Attention-256
test_2,Mouse156_20151012_20-16-37,smoothed_frames,ground_truth,investigation,1,9458,9460,3,yolo_sppf,attention,42,yolo_sppf_full_attention256_seed42,YOLO/SPPF Attention-256
test_2,Mouse156_20151012_20-16-37,smoothed_frames,ground_truth,investigation,1,9476,9476,1,yolo_sppf,attention,42,yolo_sppf_full_attention256_seed42,YOLO/SPPF Attention-256
test_2,Mouse156_20151012_20-16-37,smoothed_frames,ground_truth,attack,0,9478,9527,50,yolo_sppf,attention,42,yolo_sppf_full_attention256_seed42,YOLO/SPPF Attention-256
test_2,Mouse156_20151012_20-16-37,smoothed_frames,ground_truth,investigation,1,9529,9747,219,yolo_sppf,attention,42,yolo_sppf_full_attention256_seed42,YOLO/SPPF Attention-256
test_2,Mouse156_20151012_20-16-37,smoothed_frames,ground_truth,investigation,1,9895,9927,33,yolo_sppf,attention,42,yolo_sppf_full_attention256_seed42,YOLO/SPPF Attention-256
test_2,Mouse156_20151012_20-16-37,smoothed_frames,ground_truth,investigation,1,10002,10011,10,yolo_sppf,attention,42,yolo_sppf_full_attention256_seed42,YOLO/SPPF Attention-256
test_2,Mouse156_20151012_20-16-37,smoothed_frames,ground_truth,investigation,1,10062,10084,23,yolo_sppf,attention,42,yolo_sppf_full_attention256_seed42,YOLO/SPPF Attention-256
test_2,Mouse156_20151012_20-16-37,smoothed_frames,ground_truth,investigation,1,10098,10133,36,yolo_sppf,attention,42,yolo_sppf_full_attention256_seed42,YOLO/SPPF Attention-256
test_2,Mouse156_20151012_20-16-37,smoothed_frames,ground_truth,investigation,1,10173,10183,11,yolo_sppf,attention,42,yolo_sppf_full_attention256_seed42,YOLO/SPPF Attention-256
test_2,Mouse156_20151012_20-16-37,smoothed_frames,ground_truth,investigation,1,10207,10222,16,yolo_sppf,attention,42,yolo_sppf_full_attention256_seed42,YOLO/SPPF Attention-256
test_2,Mouse156_20151124_21-53-46,smoothed_frames,ground_truth,investigation,1,6,23,18,yolo_sppf,attention,42,yolo_sppf_full_attention256_seed42,YOLO/SPPF Attention-256
test_2,Mouse156_20151124_21-53-46,smoothed_frames,ground_truth,attack,0,25,41,17,yolo_sppf,attention,42,yolo_sppf_full_attention256_seed42,YOLO/SPPF Attention-256
test_2,Mouse156_20151124_21-53-46,smoothed_frames,ground_truth,investigation,1,44,60,17,yolo_sppf,attention,42,yolo_sppf_full_attention256_seed42,YOLO/SPPF Attention-256
test_2,Mouse156_20151124_21-53-46,smoothed_frames,ground_truth,attack,0,61,188,128,yolo_sppf,attention,42,yolo_sppf_full_attention256_seed42,YOLO/SPPF Attention-256
test_2,Mouse156_20151124_21-53-46,smoothed_frames,ground_truth,investigation,1,190,198,9,yolo_sppf,attention,42,yolo_sppf_full_attention256_seed42,YOLO/SPPF Attention-256
test_2,Mouse156_20151124_21-53-46,smoothed_frames,ground_truth,investigation,1,586,622,37,yolo_sppf,attention,42,yolo_sppf_full_attention256_seed42,YOLO/SPPF Attention-256
test_2,Mouse156_20151124_21-53-46,smoothed_frames,ground_truth,attack,0,624,652,29,yolo_sppf,attention,42,yolo_sppf_full_attention256_seed42,YOLO/SPPF Attention-256
test_2,Mouse156_20151124_21-53-46,smoothed_frames,ground_truth,investigation,1,654,661,8,yolo_sppf,attention,42,yolo_sppf_full_attention256_seed42,YOLO/SPPF Attention-256
test_2,Mouse156_20151124_21-53-46,smoothed_frames,ground_truth,attack,0,664,676,13,yolo_sppf,attention,42,yolo_sppf_full_attention256_seed42,YOLO/SPPF Attention-256
test_2,Mouse156_20151124_21-53-46,smoothed_frames,ground_truth,investigation,1,678,685,8,yolo_sppf,attention,42,yolo_sppf_full_attention256_seed42,YOLO/SPPF Attention-256
test_2,Mouse156_20151124_21-53-46,smoothed_frames,ground_truth,attack,0,687,719,33,yolo_sppf,attention,42,yolo_sppf_full_attention256_seed42,YOLO/SPPF Attention-256
test_2,Mouse156_20151124_21-53-46,smoothed_frames,ground_truth,investigation,1,721,727,7,yolo_sppf,attention,42,yolo_sppf_full_attention256_seed42,YOLO/SPPF Attention-256
test_2,Mouse156_20151124_21-53-46,smoothed_frames,ground_truth,investigation,1,893,900,8,yolo_sppf,attention,42,yolo_sppf_full_attention256_seed42,YOLO/SPPF Attention-256
test_2,Mouse156_20151124_21-53-46,smoothed_frames,ground_truth,investigation,1,1028,1053,26,yolo_sppf,attention,42,yolo_sppf_full_attention256_seed42,YOLO/SPPF Attention-256
test_2,Mouse156_20151124_21-53-46,smoothed_frames,ground_truth,investigation,1,1072,1083,12,yolo_sppf,attention,42,yolo_sppf_full_attention256_seed42,YOLO/SPPF Attention-256
test_2,Mouse156_20151124_21-53-46,smoothed_frames,ground_truth,investigation,1,1323,1327,5,yolo_sppf,attention,42,yolo_sppf_full_attention256_seed42,YOLO/SPPF Attention-256
test_2,Mouse156_20151124_21-53-46,smoothed_frames,ground_truth,investigation,1,1341,1382,42,yolo_sppf,attention,42,yolo_sppf_full_attention256_seed42,YOLO/SPPF Attention-256
test_2,Mouse156_20151124_21-53-46,smoothed_frames,ground_truth,attack,0,1383,1413,31,yolo_sppf,attention,42,yolo_sppf_full_attention256_seed42,YOLO/SPPF Attention-256
test_2,Mouse156_20151124_21-53-46,smoothed_frames,ground_truth,investigation,1,1414,1420,7,yolo_sppf,attention,42,yolo_sppf_full_attention256_seed42,YOLO/SPPF Attention-256
test_2,Mouse156_20151124_21-53-46,smoothed_frames,ground_truth,attack,0,1422,1479,58,yolo_sppf,attention,42,yolo_sppf_full_attention256_seed42,YOLO/SPPF Attention-256
test_2,Mouse156_20151124_21-53-46,smoothed_frames,ground_truth,investigation,1,1480,1504,25,yolo_sppf,attention,42,yolo_sppf_full_attention256_seed42,YOLO/SPPF Attention-256
test_2,Mouse156_20151124_21-53-46,smoothed_frames,ground_truth,attack,0,1505,1511,7,yolo_sppf,attention,42,yolo_sppf_full_attention256_seed42,YOLO/SPPF Attention-256
test_2,Mouse156_20151124_21-53-46,smoothed_frames,ground_truth,investigation,1,1512,1530,19,yolo_sppf,attention,42,yolo_sppf_full_attention256_seed42,YOLO/SPPF Attention-256
test_2,Mouse156_20151124_21-53-46,smoothed_frames,ground_truth,attack,0,1531,1545,15,yolo_sppf,attention,42,yolo_sppf_full_attention256_seed42,YOLO/SPPF Attention-256
test_2,Mouse156_20151124_21-53-46,smoothed_frames,ground_truth,investigation,1,1547,1558,12,yolo_sppf,attention,42,yolo_sppf_full_attention256_seed42,YOLO/SPPF Attention-256
test_2,Mouse156_20151124_21-53-46,smoothed_frames,ground_truth,attack,0,1559,1566,8,yolo_sppf,attention,42,yolo_sppf_full_attention256_seed42,YOLO/SPPF Attention-256
test_2,Mouse156_20151124_21-53-46,smoothed_frames,ground_truth,investigation,1,1567,1583,17,yolo_sppf,attention,42,yolo_sppf_full_attention256_seed42,YOLO/SPPF Attention-256
test_2,Mouse156_20151124_21-53-46,smoothed_frames,ground_truth,attack,0,1584,1601,18,yolo_sppf,attention,42,yolo_sppf_full_attention256_seed42,YOLO/SPPF Attention-256
test_2,Mouse156_20151124_21-53-46,smoothed_frames,ground_truth,investigation,1,1602,1611,10,yolo_sppf,attention,42,yolo_sppf_full_attention256_seed42,YOLO/SPPF Attention-256
test_2,Mouse156_20151124_21-53-46,smoothed_frames,ground_truth,attack,0,1612,1635,24,yolo_sppf,attention,42,yolo_sppf_full_attention256_seed42,YOLO/SPPF Attention-256
test_2,Mouse156_20151124_21-53-46,smoothed_frames,ground_truth,investigation,1,1636,1649,14,yolo_sppf,attention,42,yolo_sppf_full_attention256_seed42,YOLO/SPPF Attention-256
test_2,Mouse156_20151124_21-53-46,smoothed_frames,ground_truth,attack,0,1652,1656,5,yolo_sppf,attention,42,yolo_sppf_full_attention256_seed42,YOLO/SPPF Attention-256
test_2,Mouse156_20151124_21-53-46,smoothed_frames,ground_truth,investigation,1,1657,1664,8,yolo_sppf,attention,42,yolo_sppf_full_attention256_seed42,YOLO/SPPF Attention-256
test_2,Mouse156_20151124_21-53-46,smoothed_frames,ground_truth,attack,0,1666,1681,16,yolo_sppf,attention,42,yolo_sppf_full_attention256_seed42,YOLO/SPPF Attention-256
test_2,Mouse156_20151124_21-53-46,smoothed_frames,ground_truth,investigation,1,2405,2428,24,yolo_sppf,attention,42,yolo_sppf_full_attention256_seed42,YOLO/SPPF Attention-256
test_2,Mouse156_20151124_21-53-46,smoothed_frames,ground_truth,investigation,1,3281,3289,9,yolo_sppf,attention,42,yolo_sppf_full_attention256_seed42,YOLO/SPPF Attention-256
test_2,Mouse156_20151124_21-53-46,smoothed_frames,ground_truth,investigation,1,3594,3596,3,yolo_sppf,attention,42,yolo_sppf_full_attention256_seed42,YOLO/SPPF Attention-256
test_2,Mouse156_20151124_21-53-46,smoothed_frames,ground_truth,investigation,1,4044,4044,1,yolo_sppf,attention,42,yolo_sppf_full_attention256_seed42,YOLO/SPPF Attention-256
test_2,Mouse156_20151124_21-53-46,smoothed_frames,ground_truth,investigation,1,4055,4062,8,yolo_sppf,attention,42,yolo_sppf_full_attention256_seed42,YOLO/SPPF Attention-256
test_2,Mouse156_20151124_21-53-46,smoothed_frames,ground_truth,investigation,1,4129,4135,7,yolo_sppf,attention,42,yolo_sppf_full_attention256_seed42,YOLO/SPPF Attention-256
test_2,Mouse156_20151124_21-53-46,smoothed_frames,ground_truth,investigation,1,4753,4754,2,yolo_sppf,attention,42,yolo_sppf_full_attention256_seed42,YOLO/SPPF Attention-256
test_2,Mouse156_20151124_21-53-46,smoothed_frames,ground_truth,investigation,1,5089,5090,2,yolo_sppf,attention,42,yolo_sppf_full_attention256_seed42,YOLO/SPPF Attention-256
test_2,Mouse156_20151124_21-53-46,smoothed_frames,ground_truth,investigation,1,5276,5278,3,yolo_sppf,attention,42,yolo_sppf_full_attention256_seed42,YOLO/SPPF Attention-256
test_2,Mouse158_20151129_21-12-54,smoothed_frames,ground_truth,investigation,1,112,118,7,yolo_sppf,attention,42,yolo_sppf_full_attention256_seed42,YOLO/SPPF Attention-256
test_2,Mouse158_20151129_21-12-54,smoothed_frames,ground_truth,investigation,1,138,142,5,yolo_sppf,attention,42,yolo_sppf_full_attention256_seed42,YOLO/SPPF Attention-256
test_2,Mouse158_20151129_21-12-54,smoothed_frames,ground_truth,investigation,1,299,302,4,yolo_sppf,attention,42,yolo_sppf_full_attention256_seed42,YOLO/SPPF Attention-256
test_2,Mouse158_20151129_21-12-54,smoothed_frames,ground_truth,investigation,1,538,606,69,yolo_sppf,attention,42,yolo_sppf_full_attention256_seed42,YOLO/SPPF Attention-256
test_2,Mouse158_20151129_21-12-54,smoothed_frames,ground_truth,investigation,1,620,678,59,yolo_sppf,attention,42,yolo_sppf_full_attention256_seed42,YOLO/SPPF Attention-256
test_2,Mouse158_20151129_21-12-54,smoothed_frames,ground_truth,investigation,1,701,789,89,yolo_sppf,attention,42,yolo_sppf_full_attention256_seed42,YOLO/SPPF Attention-256
test_2,Mouse158_20151129_21-12-54,smoothed_frames,ground_truth,investigation,1,809,810,2,yolo_sppf,attention,42,yolo_sppf_full_attention256_seed42,YOLO/SPPF Attention-256
test_2,Mouse158_20151129_21-12-54,smoothed_frames,ground_truth,investigation,1,1237,1245,9,yolo_sppf,attention,42,yolo_sppf_full_attention256_seed42,YOLO/SPPF Attention-256
test_2,Mouse158_20151129_21-12-54,smoothed_frames,ground_truth,investigation,1,1441,1447,7,yolo_sppf,attention,42,yolo_sppf_full_attention256_seed42,YOLO/SPPF Attention-256
test_2,Mouse158_20151129_21-12-54,smoothed_frames,ground_truth,investigation,1,1718,1724,7,yolo_sppf,attention,42,yolo_sppf_full_attention256_seed42,YOLO/SPPF Attention-256
test_2,Mouse158_20151129_21-12-54,smoothed_frames,ground_truth,investigation,1,2484,2494,11,yolo_sppf,attention,42,yolo_sppf_full_attention256_seed42,YOLO/SPPF Attention-256
test_2,Mouse158_20151129_21-12-54,smoothed_frames,ground_truth,investigation,1,2537,2575,39,yolo_sppf,attention,42,yolo_sppf_full_attention256_seed42,YOLO/SPPF Attention-256
test_2,Mouse158_20151129_21-12-54,smoothed_frames,ground_truth,investigation,1,2589,2616,28,yolo_sppf,attention,42,yolo_sppf_full_attention256_seed42,YOLO/SPPF Attention-256
test_2,Mouse158_20151129_21-12-54,smoothed_frames,ground_truth,attack,0,2617,2648,32,yolo_sppf,attention,42,yolo_sppf_full_attention256_seed42,YOLO/SPPF Attention-256
test_2,Mouse158_20151129_21-12-54,smoothed_frames,ground_truth,investigation,1,2673,2729,57,yolo_sppf,attention,42,yolo_sppf_full_attention256_seed42,YOLO/SPPF Attention-256
test_2,Mouse158_20151129_21-12-54,smoothed_frames,ground_truth,attack,0,2731,2809,79,yolo_sppf,attention,42,yolo_sppf_full_attention256_seed42,YOLO/SPPF Attention-256
test_2,Mouse158_20151129_21-12-54,smoothed_frames,ground_truth,investigation,1,3298,3346,49,yolo_sppf,attention,42,yolo_sppf_full_attention256_seed42,YOLO/SPPF Attention-256
test_2,Mouse158_20151129_21-12-54,smoothed_frames,ground_truth,attack,0,3348,3361,14,yolo_sppf,attention,42,yolo_sppf_full_attention256_seed42,YOLO/SPPF Attention-256
test_2,Mouse158_20151129_21-12-54,smoothed_frames,ground_truth,investigation,1,3379,3414,36,yolo_sppf,attention,42,yolo_sppf_full_attention256_seed42,YOLO/SPPF Attention-256
test_2,Mouse158_20151129_21-12-54,smoothed_frames,ground_truth,attack,0,3416,3570,155,yolo_sppf,attention,42,yolo_sppf_full_attention256_seed42,YOLO/SPPF Attention-256
test_2,Mouse158_20151129_21-12-54,smoothed_frames,ground_truth,investigation,1,3611,3630,20,yolo_sppf,attention,42,yolo_sppf_full_attention256_seed42,YOLO/SPPF Attention-256
test_2,Mouse158_20151129_21-12-54,smoothed_frames,ground_truth,attack,0,3632,3647,16,yolo_sppf,attention,42,yolo_sppf_full_attention256_seed42,YOLO/SPPF Attention-256
test_2,Mouse158_20151129_21-12-54,smoothed_frames,ground_truth,investigation,1,3666,3681,16,yolo_sppf,attention,42,yolo_sppf_full_attention256_seed42,YOLO/SPPF Attention-256
test_2,Mouse158_20151129_21-12-54,smoothed_frames,ground_truth,investigation,1,4304,4324,21,yolo_sppf,attention,42,yolo_sppf_full_attention256_seed42,YOLO/SPPF Attention-256
test_2,Mouse158_20151129_21-12-54,smoothed_frames,ground_truth,attack,0,4326,4617,292,yolo_sppf,attention,42,yolo_sppf_full_attention256_seed42,YOLO/SPPF Attention-256
test_2,Mouse158_20151129_21-12-54,smoothed_frames,ground_truth,investigation,1,5074,5088,15,yolo_sppf,attention,42,yolo_sppf_full_attention256_seed42,YOLO/SPPF Attention-256
test_2,Mouse158_20151129_21-12-54,smoothed_frames,ground_truth,investigation,1,5462,5464,3,yolo_sppf,attention,42,yolo_sppf_full_attention256_seed42,YOLO/SPPF Attention-256
test_2,Mouse158_20151129_21-12-54,smoothed_frames,ground_truth,investigation,1,5812,5814,3,yolo_sppf,attention,42,yolo_sppf_full_attention256_seed42,YOLO/SPPF Attention-256
test_2,Mouse158_20151129_21-12-54,smoothed_frames,ground_truth,investigation,1,5819,5840,22,yolo_sppf,attention,42,yolo_sppf_full_attention256_seed42,YOLO/SPPF Attention-256
test_2,Mouse158_20151129_21-12-54,smoothed_frames,ground_truth,attack,0,5842,5980,139,yolo_sppf,attention,42,yolo_sppf_full_attention256_seed42,YOLO/SPPF Attention-256
test_2,Mouse158_20151129_21-12-54,smoothed_frames,ground_truth,investigation,1,6134,6136,3,yolo_sppf,attention,42,yolo_sppf_full_attention256_seed42,YOLO/SPPF Attention-256
test_2,Mouse158_20151129_21-12-54,smoothed_frames,ground_truth,investigation,1,6426,6430,5,yolo_sppf,attention,42,yolo_sppf_full_attention256_seed42,YOLO/SPPF Attention-256
test_2,Mouse158_20151129_21-12-54,smoothed_frames,ground_truth,investigation,1,6561,6568,8,yolo_sppf,attention,42,yolo_sppf_full_attention256_seed42,YOLO/SPPF Attention-256
test_2,Mouse158_20151129_21-12-54,smoothed_frames,ground_truth,investigation,1,6602,6606,5,yolo_sppf,attention,42,yolo_sppf_full_attention256_seed42,YOLO/SPPF Attention-256
test_2,Mouse158_20151129_21-12-54,smoothed_frames,ground_truth,investigation,1,6667,6672,6,yolo_sppf,attention,42,yolo_sppf_full_attention256_seed42,YOLO/SPPF Attention-256
test_2,Mouse158_20151129_21-12-54,smoothed_frames,ground_truth,investigation,1,6872,6880,9,yolo_sppf,attention,42,yolo_sppf_full_attention256_seed42,YOLO/SPPF Attention-256
test_2,Mouse158_20151129_21-12-54,smoothed_frames,ground_truth,investigation,1,6906,6938,33,yolo_sppf,attention,42,yolo_sppf_full_attention256_seed42,YOLO/SPPF Attention-256
test_2,Mouse158_20151129_21-12-54,smoothed_frames,ground_truth,investigation,1,7148,7153,6,yolo_sppf,attention,42,yolo_sppf_full_attention256_seed42,YOLO/SPPF Attention-256
test_2,Mouse158_20151129_21-12-54,smoothed_frames,ground_truth,investigation,1,7166,7173,8,yolo_sppf,attention,42,yolo_sppf_full_attention256_seed42,YOLO/SPPF Attention-256
test_2,Mouse158_20151129_21-12-54,smoothed_frames,ground_truth,investigation,1,7180,7193,14,yolo_sppf,attention,42,yolo_sppf_full_attention256_seed42,YOLO/SPPF Attention-256
test_2,Mouse158_20151129_21-12-54,smoothed_frames,ground_truth,investigation,1,7232,7244,13,yolo_sppf,attention,42,yolo_sppf_full_attention256_seed42,YOLO/SPPF Attention-256
test_2,Mouse158_20151129_21-12-54,smoothed_frames,ground_truth,investigation,1,7266,7273,8,yolo_sppf,attention,42,yolo_sppf_full_attention256_seed42,YOLO/SPPF Attention-256
test_2,Mouse158_20151129_21-12-54,smoothed_frames,ground_truth,investigation,1,7533,7537,5,yolo_sppf,attention,42,yolo_sppf_full_attention256_seed42,YOLO/SPPF Attention-256
test_2,Mouse158_20151129_21-12-54,smoothed_frames,ground_truth,investigation,1,7874,7878,5,yolo_sppf,attention,42,yolo_sppf_full_attention256_seed42,YOLO/SPPF Attention-256
test_2,Mouse158_20151129_21-12-54,smoothed_frames,ground_truth,investigation,1,8339,8357,19,yolo_sppf,attention,42,yolo_sppf_full_attention256_seed42,YOLO/SPPF Attention-256
test_2,Mouse158_20151129_21-12-54,smoothed_frames,ground_truth,attack,0,8510,8510,1,yolo_sppf,attention,42,yolo_sppf_full_attention256_seed42,YOLO/SPPF Attention-256
test_2,Mouse158_20151129_21-12-54,smoothed_frames,ground_truth,attack,0,8561,8564,4,yolo_sppf,attention,42,yolo_sppf_full_attention256_seed42,YOLO/SPPF Attention-256
test_2,Mouse158_20151129_21-12-54,smoothed_frames,ground_truth,investigation,1,8819,8824,6,yolo_sppf,attention,42,yolo_sppf_full_attention256_seed42,YOLO/SPPF Attention-256
test_2,Mouse158_20151129_21-12-54,smoothed_frames,ground_truth,investigation,1,9800,9827,28,yolo_sppf,attention,42,yolo_sppf_full_attention256_seed42,YOLO/SPPF Attention-256
test_2,Mouse159_20151129_20-48-38,smoothed_frames,ground_truth,attack,0,6,61,56,yolo_sppf,attention,42,yolo_sppf_full_attention256_seed42,YOLO/SPPF Attention-256
test_2,Mouse159_20151129_20-48-38,smoothed_frames,ground_truth,investigation,1,88,97,10,yolo_sppf,attention,42,yolo_sppf_full_attention256_seed42,YOLO/SPPF Attention-256
test_2,Mouse159_20151129_20-48-38,smoothed_frames,ground_truth,attack,0,99,140,42,yolo_sppf,attention,42,yolo_sppf_full_attention256_seed42,YOLO/SPPF Attention-256
test_2,Mouse159_20151129_20-48-38,smoothed_frames,ground_truth,attack,0,178,232,55,yolo_sppf,attention,42,yolo_sppf_full_attention256_seed42,YOLO/SPPF Attention-256
test_2,Mouse159_20151129_20-48-38,smoothed_frames,ground_truth,investigation,1,248,277,30,yolo_sppf,attention,42,yolo_sppf_full_attention256_seed42,YOLO/SPPF Attention-256
test_2,Mouse159_20151129_20-48-38,smoothed_frames,ground_truth,attack,0,279,322,44,yolo_sppf,attention,42,yolo_sppf_full_attention256_seed42,YOLO/SPPF Attention-256
test_2,Mouse159_20151129_20-48-38,smoothed_frames,ground_truth,investigation,1,353,379,27,yolo_sppf,attention,42,yolo_sppf_full_attention256_seed42,YOLO/SPPF Attention-256
test_2,Mouse159_20151129_20-48-38,smoothed_frames,ground_truth,attack,0,381,463,83,yolo_sppf,attention,42,yolo_sppf_full_attention256_seed42,YOLO/SPPF Attention-256
test_2,Mouse159_20151129_20-48-38,smoothed_frames,ground_truth,investigation,1,466,501,36,yolo_sppf,attention,42,yolo_sppf_full_attention256_seed42,YOLO/SPPF Attention-256
test_2,Mouse159_20151129_20-48-38,smoothed_frames,ground_truth,attack,0,502,590,89,yolo_sppf,attention,42,yolo_sppf_full_attention256_seed42,YOLO/SPPF Attention-256
test_2,Mouse159_20151129_20-48-38,smoothed_frames,ground_truth,investigation,1,591,617,27,yolo_sppf,attention,42,yolo_sppf_full_attention256_seed42,YOLO/SPPF Attention-256
test_2,Mouse159_20151129_20-48-38,smoothed_frames,ground_truth,investigation,1,1362,1369,8,yolo_sppf,attention,42,yolo_sppf_full_attention256_seed42,YOLO/SPPF Attention-256
test_2,Mouse159_20151129_20-48-38,smoothed_frames,ground_truth,investigation,1,1385,1440,56,yolo_sppf,attention,42,yolo_sppf_full_attention256_seed42,YOLO/SPPF Attention-256
test_2,Mouse159_20151129_20-48-38,smoothed_frames,ground_truth,investigation,1,1565,1567,3,yolo_sppf,attention,42,yolo_sppf_full_attention256_seed42,YOLO/SPPF Attention-256
test_2,Mouse159_20151129_20-48-38,smoothed_frames,ground_truth,investigation,1,1839,1897,59,yolo_sppf,attention,42,yolo_sppf_full_attention256_seed42,YOLO/SPPF Attention-256
test_2,Mouse159_20151129_20-48-38,smoothed_frames,ground_truth,investigation,1,1919,2044,126,yolo_sppf,attention,42,yolo_sppf_full_attention256_seed42,YOLO/SPPF Attention-256
test_2,Mouse159_20151129_20-48-38,smoothed_frames,ground_truth,attack,0,2045,2110,66,yolo_sppf,attention,42,yolo_sppf_full_attention256_seed42,YOLO/SPPF Attention-256
test_2,Mouse159_20151129_20-48-38,smoothed_frames,ground_truth,investigation,1,2111,2123,13,yolo_sppf,attention,42,yolo_sppf_full_attention256_seed42,YOLO/SPPF Attention-256
test_2,Mouse159_20151129_20-48-38,smoothed_frames,ground_truth,attack,0,2124,2154,31,yolo_sppf,attention,42,yolo_sppf_full_attention256_seed42,YOLO/SPPF Attention-256
test_2,Mouse159_20151129_20-48-38,smoothed_frames,ground_truth,investigation,1,2155,2188,34,yolo_sppf,attention,42,yolo_sppf_full_attention256_seed42,YOLO/SPPF Attention-256
test_2,Mouse159_20151129_20-48-38,smoothed_frames,ground_truth,attack,0,2189,2243,55,yolo_sppf,attention,42,yolo_sppf_full_attention256_seed42,YOLO/SPPF Attention-256
test_2,Mouse159_20151129_20-48-38,smoothed_frames,ground_truth,investigation,1,2263,2314,52,yolo_sppf,attention,42,yolo_sppf_full_attention256_seed42,YOLO/SPPF Attention-256
test_2,Mouse159_20151129_20-48-38,smoothed_frames,ground_truth,attack,0,2317,2345,29,yolo_sppf,attention,42,yolo_sppf_full_attention256_seed42,YOLO/SPPF Attention-256
test_2,Mouse159_20151129_20-48-38,smoothed_frames,ground_truth,investigation,1,2432,2548,117,yolo_sppf,attention,42,yolo_sppf_full_attention256_seed42,YOLO/SPPF Attention-256
test_2,Mouse159_20151129_20-48-38,smoothed_frames,ground_truth,investigation,1,3450,3451,2,yolo_sppf,attention,42,yolo_sppf_full_attention256_seed42,YOLO/SPPF Attention-256
test_2,Mouse159_20151129_20-48-38,smoothed_frames,ground_truth,investigation,1,3832,3910,79,yolo_sppf,attention,42,yolo_sppf_full_attention256_seed42,YOLO/SPPF Attention-256
test_2,Mouse159_20151129_20-48-38,smoothed_frames,ground_truth,mount,2,3912,3940,29,yolo_sppf,attention,42,yolo_sppf_full_attention256_seed42,YOLO/SPPF Attention-256
test_2,Mouse159_20151129_20-48-38,smoothed_frames,ground_truth,investigation,1,3949,3960,12,yolo_sppf,attention,42,yolo_sppf_full_attention256_seed42,YOLO/SPPF Attention-256
test_2,Mouse159_20151129_20-48-38,smoothed_frames,ground_truth,attack,0,3962,4099,138,yolo_sppf,attention,42,yolo_sppf_full_attention256_seed42,YOLO/SPPF Attention-256
test_2,Mouse159_20151129_20-48-38,smoothed_frames,ground_truth,investigation,1,4100,4122,23,yolo_sppf,attention,42,yolo_sppf_full_attention256_seed42,YOLO/SPPF Attention-256
test_2,Mouse159_20151129_20-48-38,smoothed_frames,ground_truth,attack,0,4124,4144,21,yolo_sppf,attention,42,yolo_sppf_full_attention256_seed42,YOLO/SPPF Attention-256
test_2,Mouse159_20151129_20-48-38,smoothed_frames,ground_truth,investigation,1,4145,4170,26,yolo_sppf,attention,42,yolo_sppf_full_attention256_seed42,YOLO/SPPF Attention-256
test_2,Mouse159_20151129_20-48-38,smoothed_frames,ground_truth,investigation,1,4189,4209,21,yolo_sppf,attention,42,yolo_sppf_full_attention256_seed42,YOLO/SPPF Attention-256
test_2,Mouse159_20151129_20-48-38,smoothed_frames,ground_truth,investigation,1,4219,4256,38,yolo_sppf,attention,42,yolo_sppf_full_attention256_seed42,YOLO/SPPF Attention-256
test_2,Mouse159_20151129_20-48-38,smoothed_frames,ground_truth,investigation,1,4315,4330,16,yolo_sppf,attention,42,yolo_sppf_full_attention256_seed42,YOLO/SPPF Attention-256
test_2,Mouse159_20151129_20-48-38,smoothed_frames,ground_truth,investigation,1,4419,4426,8,yolo_sppf,attention,42,yolo_sppf_full_attention256_seed42,YOLO/SPPF Attention-256
test_2,Mouse159_20151129_20-48-38,smoothed_frames,ground_truth,investigation,1,4882,4896,15,yolo_sppf,attention,42,yolo_sppf_full_attention256_seed42,YOLO/SPPF Attention-256
test_2,Mouse159_20151129_20-48-38,smoothed_frames,ground_truth,investigation,1,5243,5262,20,yolo_sppf,attention,42,yolo_sppf_full_attention256_seed42,YOLO/SPPF Attention-256
test_2,Mouse159_20151129_20-48-38,smoothed_frames,ground_truth,investigation,1,5401,5406,6,yolo_sppf,attention,42,yolo_sppf_full_attention256_seed42,YOLO/SPPF Attention-256
test_2,Mouse159_20151129_20-48-38,smoothed_frames,ground_truth,investigation,1,5527,5529,3,yolo_sppf,attention,42,yolo_sppf_full_attention256_seed42,YOLO/SPPF Attention-256
test_2,Mouse159_20151129_20-48-38,smoothed_frames,ground_truth,investigation,1,5796,5805,10,yolo_sppf,attention,42,yolo_sppf_full_attention256_seed42,YOLO/SPPF Attention-256
test_2,Mouse159_20151129_20-48-38,smoothed_frames,ground_truth,investigation,1,5831,5860,30,yolo_sppf,attention,42,yolo_sppf_full_attention256_seed42,YOLO/SPPF Attention-256
test_2,Mouse159_20151129_20-48-38,smoothed_frames,ground_truth,investigation,1,6012,6019,8,yolo_sppf,attention,42,yolo_sppf_full_attention256_seed42,YOLO/SPPF Attention-256
test_2,Mouse159_20151129_20-48-38,smoothed_frames,ground_truth,investigation,1,6269,6272,4,yolo_sppf,attention,42,yolo_sppf_full_attention256_seed42,YOLO/SPPF Attention-256
test_2,Mouse159_20151129_20-48-38,smoothed_frames,ground_truth,investigation,1,6676,6685,10,yolo_sppf,attention,42,yolo_sppf_full_attention256_seed42,YOLO/SPPF Attention-256
test_2,Mouse159_20151129_20-48-38,smoothed_frames,ground_truth,investigation,1,6714,6746,33,yolo_sppf,attention,42,yolo_sppf_full_attention256_seed42,YOLO/SPPF Attention-256
test_2,Mouse159_20151129_20-48-38,smoothed_frames,ground_truth,investigation,1,6818,7005,188,yolo_sppf,attention,42,yolo_sppf_full_attention256_seed42,YOLO/SPPF Attention-256
test_2,Mouse159_20151129_20-48-38,smoothed_frames,ground_truth,investigation,1,7233,7236,4,yolo_sppf,attention,42,yolo_sppf_full_attention256_seed42,YOLO/SPPF Attention-256
test_2,Mouse159_20151129_20-48-38,smoothed_frames,ground_truth,investigation,1,7319,7332,14,yolo_sppf,attention,42,yolo_sppf_full_attention256_seed42,YOLO/SPPF Attention-256
test_2,Mouse159_20151129_20-48-38,smoothed_frames,ground_truth,investigation,1,7365,7370,6,yolo_sppf,attention,42,yolo_sppf_full_attention256_seed42,YOLO/SPPF Attention-256
test_2,Mouse159_20151129_20-57-31,smoothed_frames,ground_truth,investigation,1,43,81,39,yolo_sppf,attention,42,yolo_sppf_full_attention256_seed42,YOLO/SPPF Attention-256
test_2,Mouse159_20151129_20-57-31,smoothed_frames,ground_truth,attack,0,83,216,134,yolo_sppf,attention,42,yolo_sppf_full_attention256_seed42,YOLO/SPPF Attention-256
test_2,Mouse159_20151129_20-57-31,smoothed_frames,ground_truth,investigation,1,538,538,1,yolo_sppf,attention,42,yolo_sppf_full_attention256_seed42,YOLO/SPPF Attention-256
test_2,Mouse159_20151129_20-57-31,smoothed_frames,ground_truth,investigation,1,555,616,62,yolo_sppf,attention,42,yolo_sppf_full_attention256_seed42,YOLO/SPPF Attention-256
test_2,Mouse159_20151129_20-57-31,smoothed_frames,ground_truth,investigation,1,819,827,9,yolo_sppf,attention,42,yolo_sppf_full_attention256_seed42,YOLO/SPPF Attention-256
test_2,Mouse159_20151129_20-57-31,smoothed_frames,ground_truth,investigation,1,851,851,1,yolo_sppf,attention,42,yolo_sppf_full_attention256_seed42,YOLO/SPPF Attention-256
test_2,Mouse159_20151129_20-57-31,smoothed_frames,ground_truth,investigation,1,871,895,25,yolo_sppf,attention,42,yolo_sppf_full_attention256_seed42,YOLO/SPPF Attention-256
test_2,Mouse159_20151129_20-57-31,smoothed_frames,ground_truth,attack,0,897,946,50,yolo_sppf,attention,42,yolo_sppf_full_attention256_seed42,YOLO/SPPF Attention-256
test_2,Mouse159_20151129_20-57-31,smoothed_frames,ground_truth,investigation,1,1011,1028,18,yolo_sppf,attention,42,yolo_sppf_full_attention256_seed42,YOLO/SPPF Attention-256
test_2,Mouse159_20151129_20-57-31,smoothed_frames,ground_truth,attack,0,1030,1228,199,yolo_sppf,attention,42,yolo_sppf_full_attention256_seed42,YOLO/SPPF Attention-256
test_2,Mouse159_20151129_20-57-31,smoothed_frames,ground_truth,investigation,1,1301,1307,7,yolo_sppf,attention,42,yolo_sppf_full_attention256_seed42,YOLO/SPPF Attention-256
test_2,Mouse159_20151129_20-57-31,smoothed_frames,ground_truth,investigation,1,1911,1912,2,yolo_sppf,attention,42,yolo_sppf_full_attention256_seed42,YOLO/SPPF Attention-256
test_2,Mouse159_20151129_20-57-31,smoothed_frames,ground_truth,investigation,1,1918,1919,2,yolo_sppf,attention,42,yolo_sppf_full_attention256_seed42,YOLO/SPPF Attention-256
test_2,Mouse159_20151129_20-57-31,smoothed_frames,ground_truth,investigation,1,2826,2840,15,yolo_sppf,attention,42,yolo_sppf_full_attention256_seed42,YOLO/SPPF Attention-256
test_2,Mouse159_20151129_20-57-31,smoothed_frames,ground_truth,investigation,1,3625,3631,7,yolo_sppf,attention,42,yolo_sppf_full_attention256_seed42,YOLO/SPPF Attention-256
test_2,Mouse159_20151129_20-57-31,smoothed_frames,ground_truth,investigation,1,3774,3790,17,yolo_sppf,attention,42,yolo_sppf_full_attention256_seed42,YOLO/SPPF Attention-256
test_2,Mouse627_20181026_17-29-36_01994-09560,smoothed_frames,ground_truth,investigation,1,5,479,475,yolo_sppf,attention,42,yolo_sppf_full_attention256_seed42,YOLO/SPPF Attention-256
test_2,Mouse627_20181026_17-29-36_01994-09560,smoothed_frames,ground_truth,investigation,1,607,745,139,yolo_sppf,attention,42,yolo_sppf_full_attention256_seed42,YOLO/SPPF Attention-256
test_2,Mouse627_20181026_17-29-36_01994-09560,smoothed_frames,ground_truth,investigation,1,840,860,21,yolo_sppf,attention,42,yolo_sppf_full_attention256_seed42,YOLO/SPPF Attention-256
test_2,Mouse627_20181026_17-29-36_01994-09560,smoothed_frames,ground_truth,investigation,1,905,1073,169,yolo_sppf,attention,42,yolo_sppf_full_attention256_seed42,YOLO/SPPF Attention-256
test_2,Mouse627_20181026_17-29-36_01994-09560,smoothed_frames,ground_truth,investigation,1,1100,1147,48,yolo_sppf,attention,42,yolo_sppf_full_attention256_seed42,YOLO/SPPF Attention-256
test_2,Mouse627_20181026_17-29-36_01994-09560,smoothed_frames,ground_truth,investigation,1,1199,1220,22,yolo_sppf,attention,42,yolo_sppf_full_attention256_seed42,YOLO/SPPF Attention-256
test_2,Mouse627_20181026_17-29-36_01994-09560,smoothed_frames,ground_truth,investigation,1,1349,1407,59,yolo_sppf,attention,42,yolo_sppf_full_attention256_seed42,YOLO/SPPF Attention-256
test_2,Mouse627_20181026_17-29-36_01994-09560,smoothed_frames,ground_truth,investigation,1,1495,1973,479,yolo_sppf,attention,42,yolo_sppf_full_attention256_seed42,YOLO/SPPF Attention-256
test_2,Mouse627_20181026_17-29-36_01994-09560,smoothed_frames,ground_truth,investigation,1,2074,2090,17,yolo_sppf,attention,42,yolo_sppf_full_attention256_seed42,YOLO/SPPF Attention-256
test_2,Mouse627_20181026_17-29-36_01994-09560,smoothed_frames,ground_truth,investigation,1,2316,2401,86,yolo_sppf,attention,42,yolo_sppf_full_attention256_seed42,YOLO/SPPF Attention-256
test_2,Mouse627_20181026_17-29-36_01994-09560,smoothed_frames,ground_truth,investigation,1,2492,2621,130,yolo_sppf,attention,42,yolo_sppf_full_attention256_seed42,YOLO/SPPF Attention-256
test_2,Mouse627_20181026_17-29-36_01994-09560,smoothed_frames,ground_truth,investigation,1,2689,2717,29,yolo_sppf,attention,42,yolo_sppf_full_attention256_seed42,YOLO/SPPF Attention-256
test_2,Mouse627_20181026_17-29-36_01994-09560,smoothed_frames,ground_truth,investigation,1,2861,3031,171,yolo_sppf,attention,42,yolo_sppf_full_attention256_seed42,YOLO/SPPF Attention-256
test_2,Mouse627_20181026_17-29-36_01994-09560,smoothed_frames,ground_truth,investigation,1,3073,3250,178,yolo_sppf,attention,42,yolo_sppf_full_attention256_seed42,YOLO/SPPF Attention-256
test_2,Mouse627_20181026_17-29-36_01994-09560,smoothed_frames,ground_truth,investigation,1,3363,3368,6,yolo_sppf,attention,42,yolo_sppf_full_attention256_seed42,YOLO/SPPF Attention-256
test_2,Mouse627_20181026_17-29-36_01994-09560,smoothed_frames,ground_truth,investigation,1,3460,3530,71,yolo_sppf,attention,42,yolo_sppf_full_attention256_seed42,YOLO/SPPF Attention-256
test_2,Mouse627_20181026_17-29-36_01994-09560,smoothed_frames,ground_truth,investigation,1,3700,3865,166,yolo_sppf,attention,42,yolo_sppf_full_attention256_seed42,YOLO/SPPF Attention-256
test_2,Mouse627_20181026_17-29-36_01994-09560,smoothed_frames,ground_truth,investigation,1,3901,3923,23,yolo_sppf,attention,42,yolo_sppf_full_attention256_seed42,YOLO/SPPF Attention-256
test_2,Mouse627_20181026_17-29-36_01994-09560,smoothed_frames,ground_truth,investigation,1,4119,4172,54,yolo_sppf,attention,42,yolo_sppf_full_attention256_seed42,YOLO/SPPF Attention-256
test_2,Mouse627_20181026_17-29-36_01994-09560,smoothed_frames,ground_truth,mount,2,4174,4265,92,yolo_sppf,attention,42,yolo_sppf_full_attention256_seed42,YOLO/SPPF Attention-256
test_2,Mouse627_20181026_17-29-36_01994-09560,smoothed_frames,ground_truth,investigation,1,4285,4343,59,yolo_sppf,attention,42,yolo_sppf_full_attention256_seed42,YOLO/SPPF Attention-256
test_2,Mouse627_20181026_17-29-36_01994-09560,smoothed_frames,ground_truth,investigation,1,4382,4389,8,yolo_sppf,attention,42,yolo_sppf_full_attention256_seed42,YOLO/SPPF Attention-256
test_2,Mouse627_20181026_17-29-36_01994-09560,smoothed_frames,ground_truth,mount,2,4391,4450,60,yolo_sppf,attention,42,yolo_sppf_full_attention256_seed42,YOLO/SPPF Attention-256
test_2,Mouse627_20181026_17-29-36_01994-09560,smoothed_frames,ground_truth,investigation,1,4603,4644,42,yolo_sppf,attention,42,yolo_sppf_full_attention256_seed42,YOLO/SPPF Attention-256
test_2,Mouse627_20181026_17-29-36_01994-09560,smoothed_frames,ground_truth,mount,2,4646,4690,45,yolo_sppf,attention,42,yolo_sppf_full_attention256_seed42,YOLO/SPPF Attention-256
test_2,Mouse627_20181026_17-29-36_01994-09560,smoothed_frames,ground_truth,investigation,1,4828,4843,16,yolo_sppf,attention,42,yolo_sppf_full_attention256_seed42,YOLO/SPPF Attention-256
test_2,Mouse627_20181026_17-29-36_01994-09560,smoothed_frames,ground_truth,mount,2,4845,4948,104,yolo_sppf,attention,42,yolo_sppf_full_attention256_seed42,YOLO/SPPF Attention-256
test_2,Mouse627_20181026_17-29-36_01994-09560,smoothed_frames,ground_truth,investigation,1,5219,5226,8,yolo_sppf,attention,42,yolo_sppf_full_attention256_seed42,YOLO/SPPF Attention-256
test_2,Mouse627_20181026_17-29-36_01994-09560,smoothed_frames,ground_truth,investigation,1,5538,5548,11,yolo_sppf,attention,42,yolo_sppf_full_attention256_seed42,YOLO/SPPF Attention-256
test_2,Mouse627_20181026_17-29-36_01994-09560,smoothed_frames,ground_truth,mount,2,5550,5662,113,yolo_sppf,attention,42,yolo_sppf_full_attention256_seed42,YOLO/SPPF Attention-256
test_2,Mouse627_20181026_17-29-36_01994-09560,smoothed_frames,ground_truth,investigation,1,5818,5831,14,yolo_sppf,attention,42,yolo_sppf_full_attention256_seed42,YOLO/SPPF Attention-256
test_2,Mouse627_20181026_17-29-36_01994-09560,smoothed_frames,ground_truth,investigation,1,6290,6332,43,yolo_sppf,attention,42,yolo_sppf_full_attention256_seed42,YOLO/SPPF Attention-256
test_2,Mouse627_20181026_17-29-36_01994-09560,smoothed_frames,ground_truth,mount,2,6334,6433,100,yolo_sppf,attention,42,yolo_sppf_full_attention256_seed42,YOLO/SPPF Attention-256
test_2,Mouse627_20181026_17-29-36_01994-09560,smoothed_frames,ground_truth,investigation,1,6516,6533,18,yolo_sppf,attention,42,yolo_sppf_full_attention256_seed42,YOLO/SPPF Attention-256
test_2,Mouse627_20181026_17-29-36_01994-09560,smoothed_frames,ground_truth,mount,2,6535,6620,86,yolo_sppf,attention,42,yolo_sppf_full_attention256_seed42,YOLO/SPPF Attention-256
test_2,Mouse627_20181026_17-29-36_01994-09560,smoothed_frames,ground_truth,investigation,1,7029,7044,16,yolo_sppf,attention,42,yolo_sppf_full_attention256_seed42,YOLO/SPPF Attention-256
test_2,Mouse627_20181026_17-29-36_01994-09560,smoothed_frames,ground_truth,mount,2,7046,7092,47,yolo_sppf,attention,42,yolo_sppf_full_attention256_seed42,YOLO/SPPF Attention-256
test_2,Mouse627_20181026_17-29-36_01994-09560,smoothed_frames,ground_truth,investigation,1,7363,7383,21,yolo_sppf,attention,42,yolo_sppf_full_attention256_seed42,YOLO/SPPF Attention-256
test_2,Mouse627_20181026_17-29-36_01994-09560,smoothed_frames,ground_truth,mount,2,7385,7496,112,yolo_sppf,attention,42,yolo_sppf_full_attention256_seed42,YOLO/SPPF Attention-256
test_2,Mouse627_20181026_17-29-36_10191-15523,smoothed_frames,ground_truth,investigation,1,5,20,16,yolo_sppf,attention,42,yolo_sppf_full_attention256_seed42,YOLO/SPPF Attention-256
test_2,Mouse627_20181026_17-29-36_10191-15523,smoothed_frames,ground_truth,investigation,1,104,197,94,yolo_sppf,attention,42,yolo_sppf_full_attention256_seed42,YOLO/SPPF Attention-256
test_2,Mouse627_20181026_17-29-36_10191-15523,smoothed_frames,ground_truth,investigation,1,330,801,472,yolo_sppf,attention,42,yolo_sppf_full_attention256_seed42,YOLO/SPPF Attention-256
test_2,Mouse627_20181026_17-29-36_10191-15523,smoothed_frames,ground_truth,investigation,1,988,1061,74,yolo_sppf,attention,42,yolo_sppf_full_attention256_seed42,YOLO/SPPF Attention-256
test_2,Mouse627_20181026_17-29-36_10191-15523,smoothed_frames,ground_truth,investigation,1,1073,1089,17,yolo_sppf,attention,42,yolo_sppf_full_attention256_seed42,YOLO/SPPF Attention-256
test_2,Mouse627_20181026_17-29-36_10191-15523,smoothed_frames,ground_truth,investigation,1,1216,1236,21,yolo_sppf,attention,42,yolo_sppf_full_attention256_seed42,YOLO/SPPF Attention-256
test_2,Mouse627_20181026_17-29-36_10191-15523,smoothed_frames,ground_truth,investigation,1,1307,1311,5,yolo_sppf,attention,42,yolo_sppf_full_attention256_seed42,YOLO/SPPF Attention-256
test_2,Mouse627_20181026_17-29-36_10191-15523,smoothed_frames,ground_truth,investigation,1,1347,1378,32,yolo_sppf,attention,42,yolo_sppf_full_attention256_seed42,YOLO/SPPF Attention-256
test_2,Mouse627_20181026_17-29-36_10191-15523,smoothed_frames,ground_truth,investigation,1,1582,1590,9,yolo_sppf,attention,42,yolo_sppf_full_attention256_seed42,YOLO/SPPF Attention-256
test_2,Mouse627_20181026_17-29-36_10191-15523,smoothed_frames,ground_truth,investigation,1,1624,1665,42,yolo_sppf,attention,42,yolo_sppf_full_attention256_seed42,YOLO/SPPF Attention-256
test_2,Mouse627_20181026_17-29-36_10191-15523,smoothed_frames,ground_truth,investigation,1,1804,1832,29,yolo_sppf,attention,42,yolo_sppf_full_attention256_seed42,YOLO/SPPF Attention-256
test_2,Mouse627_20181026_17-29-36_10191-15523,smoothed_frames,ground_truth,investigation,1,1930,1941,12,yolo_sppf,attention,42,yolo_sppf_full_attention256_seed42,YOLO/SPPF Attention-256
test_2,Mouse627_20181026_17-29-36_10191-15523,smoothed_frames,ground_truth,investigation,1,2020,2242,223,yolo_sppf,attention,42,yolo_sppf_full_attention256_seed42,YOLO/SPPF Attention-256
test_2,Mouse627_20181026_17-29-36_10191-15523,smoothed_frames,ground_truth,investigation,1,2265,2288,24,yolo_sppf,attention,42,yolo_sppf_full_attention256_seed42,YOLO/SPPF Attention-256
test_2,Mouse627_20181026_17-29-36_10191-15523,smoothed_frames,ground_truth,investigation,1,2391,2413,23,yolo_sppf,attention,42,yolo_sppf_full_attention256_seed42,YOLO/SPPF Attention-256
test_2,Mouse627_20181026_17-29-36_10191-15523,smoothed_frames,ground_truth,investigation,1,2550,2559,10,yolo_sppf,attention,42,yolo_sppf_full_attention256_seed42,YOLO/SPPF Attention-256
test_2,Mouse627_20181026_17-29-36_10191-15523,smoothed_frames,ground_truth,mount,2,2561,2589,29,yolo_sppf,attention,42,yolo_sppf_full_attention256_seed42,YOLO/SPPF Attention-256
test_2,Mouse627_20181026_17-29-36_10191-15523,smoothed_frames,ground_truth,investigation,1,2591,2608,18,yolo_sppf,attention,42,yolo_sppf_full_attention256_seed42,YOLO/SPPF Attention-256
test_2,Mouse627_20181026_17-29-36_10191-15523,smoothed_frames,ground_truth,investigation,1,2621,2633,13,yolo_sppf,attention,42,yolo_sppf_full_attention256_seed42,YOLO/SPPF Attention-256
test_2,Mouse627_20181026_17-29-36_10191-15523,smoothed_frames,ground_truth,mount,2,2635,2680,46,yolo_sppf,attention,42,yolo_sppf_full_attention256_seed42,YOLO/SPPF Attention-256
test_2,Mouse627_20181026_17-29-36_10191-15523,smoothed_frames,ground_truth,investigation,1,2758,2761,4,yolo_sppf,attention,42,yolo_sppf_full_attention256_seed42,YOLO/SPPF Attention-256
test_2,Mouse627_20181026_17-29-36_10191-15523,smoothed_frames,ground_truth,investigation,1,2946,2959,14,yolo_sppf,attention,42,yolo_sppf_full_attention256_seed42,YOLO/SPPF Attention-256
test_2,Mouse627_20181026_17-29-36_10191-15523,smoothed_frames,ground_truth,mount,2,2961,3184,224,yolo_sppf,attention,42,yolo_sppf_full_attention256_seed42,YOLO/SPPF Attention-256
test_2,Mouse627_20181026_17-29-36_10191-15523,smoothed_frames,ground_truth,investigation,1,3239,3258,20,yolo_sppf,attention,42,yolo_sppf_full_attention256_seed42,YOLO/SPPF Attention-256
test_2,Mouse627_20181026_17-29-36_10191-15523,smoothed_frames,ground_truth,investigation,1,3378,3401,24,yolo_sppf,attention,42,yolo_sppf_full_attention256_seed42,YOLO/SPPF Attention-256
test_2,Mouse627_20181026_17-29-36_10191-15523,smoothed_frames,ground_truth,investigation,1,3628,3647,20,yolo_sppf,attention,42,yolo_sppf_full_attention256_seed42,YOLO/SPPF Attention-256
test_2,Mouse627_20181026_17-29-36_10191-15523,smoothed_frames,ground_truth,mount,2,3649,3724,76,yolo_sppf,attention,42,yolo_sppf_full_attention256_seed42,YOLO/SPPF Attention-256
test_2,Mouse627_20181026_17-29-36_10191-15523,smoothed_frames,ground_truth,investigation,1,3854,3862,9,yolo_sppf,attention,42,yolo_sppf_full_attention256_seed42,YOLO/SPPF Attention-256
test_2,Mouse627_20181026_17-29-36_10191-15523,smoothed_frames,ground_truth,investigation,1,3988,4003,16,yolo_sppf,attention,42,yolo_sppf_full_attention256_seed42,YOLO/SPPF Attention-256
test_2,Mouse627_20181026_17-29-36_10191-15523,smoothed_frames,ground_truth,mount,2,4005,4095,91,yolo_sppf,attention,42,yolo_sppf_full_attention256_seed42,YOLO/SPPF Attention-256
test_2,Mouse627_20181026_17-29-36_10191-15523,smoothed_frames,ground_truth,investigation,1,4465,4479,15,yolo_sppf,attention,42,yolo_sppf_full_attention256_seed42,YOLO/SPPF Attention-256
test_2,Mouse627_20181026_17-29-36_10191-15523,smoothed_frames,ground_truth,mount,2,4481,4607,127,yolo_sppf,attention,42,yolo_sppf_full_attention256_seed42,YOLO/SPPF Attention-256
test_2,Mouse627_20181026_17-29-36_16209-22286,smoothed_frames,ground_truth,investigation,1,91,118,28,yolo_sppf,attention,42,yolo_sppf_full_attention256_seed42,YOLO/SPPF Attention-256
test_2,Mouse627_20181026_17-29-36_16209-22286,smoothed_frames,ground_truth,mount,2,119,217,99,yolo_sppf,attention,42,yolo_sppf_full_attention256_seed42,YOLO/SPPF Attention-256
test_2,Mouse627_20181026_17-29-36_16209-22286,smoothed_frames,ground_truth,investigation,1,295,310,16,yolo_sppf,attention,42,yolo_sppf_full_attention256_seed42,YOLO/SPPF Attention-256
test_2,Mouse627_20181026_17-29-36_16209-22286,smoothed_frames,ground_truth,investigation,1,534,584,51,yolo_sppf,attention,42,yolo_sppf_full_attention256_seed42,YOLO/SPPF Attention-256
test_2,Mouse627_20181026_17-29-36_16209-22286,smoothed_frames,ground_truth,investigation,1,617,624,8,yolo_sppf,attention,42,yolo_sppf_full_attention256_seed42,YOLO/SPPF Attention-256
test_2,Mouse627_20181026_17-29-36_16209-22286,smoothed_frames,ground_truth,investigation,1,1198,1213,16,yolo_sppf,attention,42,yolo_sppf_full_attention256_seed42,YOLO/SPPF Attention-256
test_2,Mouse627_20181026_17-29-36_16209-22286,smoothed_frames,ground_truth,mount,2,1215,1301,87,yolo_sppf,attention,42,yolo_sppf_full_attention256_seed42,YOLO/SPPF Attention-256
test_2,Mouse627_20181026_17-29-36_16209-22286,smoothed_frames,ground_truth,investigation,1,1369,1384,16,yolo_sppf,attention,42,yolo_sppf_full_attention256_seed42,YOLO/SPPF Attention-256
test_2,Mouse627_20181026_17-29-36_16209-22286,smoothed_frames,ground_truth,investigation,1,1445,1459,15,yolo_sppf,attention,42,yolo_sppf_full_attention256_seed42,YOLO/SPPF Attention-256
test_2,Mouse627_20181026_17-29-36_16209-22286,smoothed_frames,ground_truth,mount,2,1461,1659,199,yolo_sppf,attention,42,yolo_sppf_full_attention256_seed42,YOLO/SPPF Attention-256
test_2,Mouse627_20181026_17-29-36_16209-22286,smoothed_frames,ground_truth,investigation,1,1661,1667,7,yolo_sppf,attention,42,yolo_sppf_full_attention256_seed42,YOLO/SPPF Attention-256
test_2,Mouse627_20181026_17-29-36_16209-22286,smoothed_frames,ground_truth,investigation,1,1677,1685,9,yolo_sppf,attention,42,yolo_sppf_full_attention256_seed42,YOLO/SPPF Attention-256
test_2,Mouse627_20181026_17-29-36_16209-22286,smoothed_frames,ground_truth,investigation,1,1709,1726,18,yolo_sppf,attention,42,yolo_sppf_full_attention256_seed42,YOLO/SPPF Attention-256
test_2,Mouse627_20181026_17-29-36_16209-22286,smoothed_frames,ground_truth,investigation,1,2369,2389,21,yolo_sppf,attention,42,yolo_sppf_full_attention256_seed42,YOLO/SPPF Attention-256
test_2,Mouse627_20181026_17-29-36_16209-22286,smoothed_frames,ground_truth,mount,2,2391,2453,63,yolo_sppf,attention,42,yolo_sppf_full_attention256_seed42,YOLO/SPPF Attention-256
test_2,Mouse627_20181026_17-29-36_16209-22286,smoothed_frames,ground_truth,investigation,1,2455,2470,16,yolo_sppf,attention,42,yolo_sppf_full_attention256_seed42,YOLO/SPPF Attention-256
test_2,Mouse627_20181026_17-29-36_16209-22286,smoothed_frames,ground_truth,mount,2,2472,2646,175,yolo_sppf,attention,42,yolo_sppf_full_attention256_seed42,YOLO/SPPF Attention-256
test_2,Mouse627_20181026_17-29-36_16209-22286,smoothed_frames,ground_truth,investigation,1,3220,3250,31,yolo_sppf,attention,42,yolo_sppf_full_attention256_seed42,YOLO/SPPF Attention-256
test_2,Mouse627_20181026_17-29-36_16209-22286,smoothed_frames,ground_truth,mount,2,3252,3310,59,yolo_sppf,attention,42,yolo_sppf_full_attention256_seed42,YOLO/SPPF Attention-256
test_2,Mouse627_20181026_17-29-36_16209-22286,smoothed_frames,ground_truth,investigation,1,3588,3605,18,yolo_sppf,attention,42,yolo_sppf_full_attention256_seed42,YOLO/SPPF Attention-256
test_2,Mouse627_20181026_17-29-36_16209-22286,smoothed_frames,ground_truth,mount,2,3607,3674,68,yolo_sppf,attention,42,yolo_sppf_full_attention256_seed42,YOLO/SPPF Attention-256
test_2,Mouse627_20181026_17-29-36_16209-22286,smoothed_frames,ground_truth,investigation,1,3976,4005,30,yolo_sppf,attention,42,yolo_sppf_full_attention256_seed42,YOLO/SPPF Attention-256
test_2,Mouse627_20181026_17-29-36_16209-22286,smoothed_frames,ground_truth,mount,2,4007,4117,111,yolo_sppf,attention,42,yolo_sppf_full_attention256_seed42,YOLO/SPPF Attention-256
test_2,Mouse627_20181026_17-29-36_16209-22286,smoothed_frames,ground_truth,investigation,1,4119,4129,11,yolo_sppf,attention,42,yolo_sppf_full_attention256_seed42,YOLO/SPPF Attention-256
test_2,Mouse627_20181026_17-29-36_16209-22286,smoothed_frames,ground_truth,investigation,1,4479,4505,27,yolo_sppf,attention,42,yolo_sppf_full_attention256_seed42,YOLO/SPPF Attention-256
test_2,Mouse627_20181026_17-29-36_16209-22286,smoothed_frames,ground_truth,mount,2,4507,4569,63,yolo_sppf,attention,42,yolo_sppf_full_attention256_seed42,YOLO/SPPF Attention-256
test_2,Mouse627_20181026_17-29-36_16209-22286,smoothed_frames,ground_truth,investigation,1,5237,5253,17,yolo_sppf,attention,42,yolo_sppf_full_attention256_seed42,YOLO/SPPF Attention-256
test_2,Mouse627_20181026_17-29-36_16209-22286,smoothed_frames,ground_truth,mount,2,5255,5329,75,yolo_sppf,attention,42,yolo_sppf_full_attention256_seed42,YOLO/SPPF Attention-256
test_2,Mouse627_20181026_17-29-36_16209-22286,smoothed_frames,ground_truth,investigation,1,5525,5540,16,yolo_sppf,attention,42,yolo_sppf_full_attention256_seed42,YOLO/SPPF Attention-256
test_2,Mouse627_20181026_17-29-36_16209-22286,smoothed_frames,ground_truth,mount,2,5542,5605,64,yolo_sppf,attention,42,yolo_sppf_full_attention256_seed42,YOLO/SPPF Attention-256
test_2,Mouse627_20181026_17-29-36_16209-22286,smoothed_frames,ground_truth,investigation,1,5607,5648,42,yolo_sppf,attention,42,yolo_sppf_full_attention256_seed42,YOLO/SPPF Attention-256
test_2,Mouse627_20181026_17-29-36_16209-22286,smoothed_frames,ground_truth,mount,2,5650,5812,163,yolo_sppf,attention,42,yolo_sppf_full_attention256_seed42,YOLO/SPPF Attention-256
test_2,Mouse630_20181025_18-44-29_01807-21458,smoothed_frames,ground_truth,investigation,1,5,650,646,yolo_sppf,attention,42,yolo_sppf_full_attention256_seed42,YOLO/SPPF Attention-256
test_2,Mouse630_20181025_18-44-29_01807-21458,smoothed_frames,ground_truth,mount,2,652,776,125,yolo_sppf,attention,42,yolo_sppf_full_attention256_seed42,YOLO/SPPF Attention-256
test_2,Mouse630_20181025_18-44-29_01807-21458,smoothed_frames,ground_truth,investigation,1,778,1010,233,yolo_sppf,attention,42,yolo_sppf_full_attention256_seed42,YOLO/SPPF Attention-256
test_2,Mouse630_20181025_18-44-29_01807-21458,smoothed_frames,ground_truth,mount,2,1012,1336,325,yolo_sppf,attention,42,yolo_sppf_full_attention256_seed42,YOLO/SPPF Attention-256
test_2,Mouse630_20181025_18-44-29_01807-21458,smoothed_frames,ground_truth,investigation,1,1338,1544,207,yolo_sppf,attention,42,yolo_sppf_full_attention256_seed42,YOLO/SPPF Attention-256
test_2,Mouse630_20181025_18-44-29_01807-21458,smoothed_frames,ground_truth,investigation,1,1669,1762,94,yolo_sppf,attention,42,yolo_sppf_full_attention256_seed42,YOLO/SPPF Attention-256
test_2,Mouse630_20181025_18-44-29_01807-21458,smoothed_frames,ground_truth,mount,2,1764,1826,63,yolo_sppf,attention,42,yolo_sppf_full_attention256_seed42,YOLO/SPPF Attention-256
test_2,Mouse630_20181025_18-44-29_01807-21458,smoothed_frames,ground_truth,investigation,1,1828,1866,39,yolo_sppf,attention,42,yolo_sppf_full_attention256_seed42,YOLO/SPPF Attention-256
test_2,Mouse630_20181025_18-44-29_01807-21458,smoothed_frames,ground_truth,investigation,1,2007,2119,113,yolo_sppf,attention,42,yolo_sppf_full_attention256_seed42,YOLO/SPPF Attention-256
test_2,Mouse630_20181025_18-44-29_01807-21458,smoothed_frames,ground_truth,investigation,1,2507,2706,200,yolo_sppf,attention,42,yolo_sppf_full_attention256_seed42,YOLO/SPPF Attention-256
test_2,Mouse630_20181025_18-44-29_01807-21458,smoothed_frames,ground_truth,investigation,1,3047,3070,24,yolo_sppf,attention,42,yolo_sppf_full_attention256_seed42,YOLO/SPPF Attention-256
test_2,Mouse630_20181025_18-44-29_01807-21458,smoothed_frames,ground_truth,mount,2,3072,3354,283,yolo_sppf,attention,42,yolo_sppf_full_attention256_seed42,YOLO/SPPF Attention-256
test_2,Mouse630_20181025_18-44-29_01807-21458,smoothed_frames,ground_truth,investigation,1,3387,3395,9,yolo_sppf,attention,42,yolo_sppf_full_attention256_seed42,YOLO/SPPF Attention-256
test_2,Mouse630_20181025_18-44-29_01807-21458,smoothed_frames,ground_truth,investigation,1,3638,3660,23,yolo_sppf,attention,42,yolo_sppf_full_attention256_seed42,YOLO/SPPF Attention-256
test_2,Mouse630_20181025_18-44-29_01807-21458,smoothed_frames,ground_truth,mount,2,3662,3757,96,yolo_sppf,attention,42,yolo_sppf_full_attention256_seed42,YOLO/SPPF Attention-256
test_2,Mouse630_20181025_18-44-29_01807-21458,smoothed_frames,ground_truth,investigation,1,3759,3784,26,yolo_sppf,attention,42,yolo_sppf_full_attention256_seed42,YOLO/SPPF Attention-256
test_2,Mouse630_20181025_18-44-29_01807-21458,smoothed_frames,ground_truth,investigation,1,3996,4078,83,yolo_sppf,attention,42,yolo_sppf_full_attention256_seed42,YOLO/SPPF Attention-256
test_2,Mouse630_20181025_18-44-29_01807-21458,smoothed_frames,ground_truth,mount,2,4080,4207,128,yolo_sppf,attention,42,yolo_sppf_full_attention256_seed42,YOLO/SPPF Attention-256
test_2,Mouse630_20181025_18-44-29_01807-21458,smoothed_frames,ground_truth,investigation,1,4209,4255,47,yolo_sppf,attention,42,yolo_sppf_full_attention256_seed42,YOLO/SPPF Attention-256
test_2,Mouse630_20181025_18-44-29_01807-21458,smoothed_frames,ground_truth,investigation,1,4509,4536,28,yolo_sppf,attention,42,yolo_sppf_full_attention256_seed42,YOLO/SPPF Attention-256
test_2,Mouse630_20181025_18-44-29_01807-21458,smoothed_frames,ground_truth,mount,2,4538,4619,82,yolo_sppf,attention,42,yolo_sppf_full_attention256_seed42,YOLO/SPPF Attention-256
test_2,Mouse630_20181025_18-44-29_01807-21458,smoothed_frames,ground_truth,investigation,1,4621,4651,31,yolo_sppf,attention,42,yolo_sppf_full_attention256_seed42,YOLO/SPPF Attention-256
test_2,Mouse630_20181025_18-44-29_01807-21458,smoothed_frames,ground_truth,investigation,1,5183,5229,47,yolo_sppf,attention,42,yolo_sppf_full_attention256_seed42,YOLO/SPPF Attention-256
test_2,Mouse630_20181025_18-44-29_01807-21458,smoothed_frames,ground_truth,investigation,1,6051,6072,22,yolo_sppf,attention,42,yolo_sppf_full_attention256_seed42,YOLO/SPPF Attention-256
test_2,Mouse630_20181025_18-44-29_01807-21458,smoothed_frames,ground_truth,mount,2,6074,6179,106,yolo_sppf,attention,42,yolo_sppf_full_attention256_seed42,YOLO/SPPF Attention-256
test_2,Mouse630_20181025_18-44-29_01807-21458,smoothed_frames,ground_truth,investigation,1,6181,6279,99,yolo_sppf,attention,42,yolo_sppf_full_attention256_seed42,YOLO/SPPF Attention-256
test_2,Mouse630_20181025_18-44-29_01807-21458,smoothed_frames,ground_truth,mount,2,6281,6464,184,yolo_sppf,attention,42,yolo_sppf_full_attention256_seed42,YOLO/SPPF Attention-256
test_2,Mouse630_20181025_18-44-29_01807-21458,smoothed_frames,ground_truth,investigation,1,6466,6531,66,yolo_sppf,attention,42,yolo_sppf_full_attention256_seed42,YOLO/SPPF Attention-256
test_2,Mouse630_20181025_18-44-29_01807-21458,smoothed_frames,ground_truth,mount,2,6533,7020,488,yolo_sppf,attention,42,yolo_sppf_full_attention256_seed42,YOLO/SPPF Attention-256
test_2,Mouse630_20181025_18-44-29_01807-21458,smoothed_frames,ground_truth,investigation,1,7567,7583,17,yolo_sppf,attention,42,yolo_sppf_full_attention256_seed42,YOLO/SPPF Attention-256
test_2,Mouse630_20181025_18-44-29_01807-21458,smoothed_frames,ground_truth,mount,2,7585,8022,438,yolo_sppf,attention,42,yolo_sppf_full_attention256_seed42,YOLO/SPPF Attention-256
test_2,Mouse630_20181025_18-44-29_01807-21458,smoothed_frames,ground_truth,investigation,1,8115,8123,9,yolo_sppf,attention,42,yolo_sppf_full_attention256_seed42,YOLO/SPPF Attention-256
test_2,Mouse630_20181025_18-44-29_01807-21458,smoothed_frames,ground_truth,investigation,1,8479,8516,38,yolo_sppf,attention,42,yolo_sppf_full_attention256_seed42,YOLO/SPPF Attention-256
test_2,Mouse630_20181025_18-44-29_01807-21458,smoothed_frames,ground_truth,mount,2,8518,8723,206,yolo_sppf,attention,42,yolo_sppf_full_attention256_seed42,YOLO/SPPF Attention-256
test_2,Mouse630_20181025_18-44-29_01807-21458,smoothed_frames,ground_truth,investigation,1,8830,8854,25,yolo_sppf,attention,42,yolo_sppf_full_attention256_seed42,YOLO/SPPF Attention-256
test_2,Mouse630_20181025_18-44-29_01807-21458,smoothed_frames,ground_truth,mount,2,8856,9398,543,yolo_sppf,attention,42,yolo_sppf_full_attention256_seed42,YOLO/SPPF Attention-256
test_2,Mouse630_20181025_18-44-29_01807-21458,smoothed_frames,ground_truth,investigation,1,9503,9514,12,yolo_sppf,attention,42,yolo_sppf_full_attention256_seed42,YOLO/SPPF Attention-256
test_2,Mouse630_20181025_18-44-29_01807-21458,smoothed_frames,ground_truth,investigation,1,9550,9650,101,yolo_sppf,attention,42,yolo_sppf_full_attention256_seed42,YOLO/SPPF Attention-256
test_2,Mouse630_20181025_18-44-29_01807-21458,smoothed_frames,ground_truth,investigation,1,10188,10213,26,yolo_sppf,attention,42,yolo_sppf_full_attention256_seed42,YOLO/SPPF Attention-256
test_2,Mouse630_20181025_18-44-29_01807-21458,smoothed_frames,ground_truth,mount,2,10215,10658,444,yolo_sppf,attention,42,yolo_sppf_full_attention256_seed42,YOLO/SPPF Attention-256
test_2,Mouse630_20181025_18-44-29_01807-21458,smoothed_frames,ground_truth,investigation,1,10731,10745,15,yolo_sppf,attention,42,yolo_sppf_full_attention256_seed42,YOLO/SPPF Attention-256
test_2,Mouse630_20181025_18-44-29_01807-21458,smoothed_frames,ground_truth,investigation,1,10772,10789,18,yolo_sppf,attention,42,yolo_sppf_full_attention256_seed42,YOLO/SPPF Attention-256
test_2,Mouse630_20181025_18-44-29_01807-21458,smoothed_frames,ground_truth,investigation,1,11072,11096,25,yolo_sppf,attention,42,yolo_sppf_full_attention256_seed42,YOLO/SPPF Attention-256
test_2,Mouse630_20181025_18-44-29_01807-21458,smoothed_frames,ground_truth,mount,2,11098,11196,99,yolo_sppf,attention,42,yolo_sppf_full_attention256_seed42,YOLO/SPPF Attention-256
test_2,Mouse630_20181025_18-44-29_01807-21458,smoothed_frames,ground_truth,investigation,1,11265,11278,14,yolo_sppf,attention,42,yolo_sppf_full_attention256_seed42,YOLO/SPPF Attention-256
test_2,Mouse630_20181025_18-44-29_01807-21458,smoothed_frames,ground_truth,mount,2,11280,11470,191,yolo_sppf,attention,42,yolo_sppf_full_attention256_seed42,YOLO/SPPF Attention-256
test_2,Mouse630_20181025_18-44-29_01807-21458,smoothed_frames,ground_truth,investigation,1,11472,11535,64,yolo_sppf,attention,42,yolo_sppf_full_attention256_seed42,YOLO/SPPF Attention-256
test_2,Mouse630_20181025_18-44-29_01807-21458,smoothed_frames,ground_truth,mount,2,11537,11614,78,yolo_sppf,attention,42,yolo_sppf_full_attention256_seed42,YOLO/SPPF Attention-256
test_2,Mouse630_20181025_18-44-29_01807-21458,smoothed_frames,ground_truth,investigation,1,11646,11651,6,yolo_sppf,attention,42,yolo_sppf_full_attention256_seed42,YOLO/SPPF Attention-256
test_2,Mouse630_20181025_18-44-29_01807-21458,smoothed_frames,ground_truth,investigation,1,11671,11686,16,yolo_sppf,attention,42,yolo_sppf_full_attention256_seed42,YOLO/SPPF Attention-256
test_2,Mouse630_20181025_18-44-29_01807-21458,smoothed_frames,ground_truth,mount,2,11688,11757,70,yolo_sppf,attention,42,yolo_sppf_full_attention256_seed42,YOLO/SPPF Attention-256
test_2,Mouse630_20181025_18-44-29_01807-21458,smoothed_frames,ground_truth,investigation,1,11759,11841,83,yolo_sppf,attention,42,yolo_sppf_full_attention256_seed42,YOLO/SPPF Attention-256
test_2,Mouse630_20181025_18-44-29_01807-21458,smoothed_frames,ground_truth,investigation,1,12150,12161,12,yolo_sppf,attention,42,yolo_sppf_full_attention256_seed42,YOLO/SPPF Attention-256
test_2,Mouse630_20181025_18-44-29_01807-21458,smoothed_frames,ground_truth,mount,2,12163,12523,361,yolo_sppf,attention,42,yolo_sppf_full_attention256_seed42,YOLO/SPPF Attention-256
test_2,Mouse630_20181025_18-44-29_01807-21458,smoothed_frames,ground_truth,investigation,1,12608,12631,24,yolo_sppf,attention,42,yolo_sppf_full_attention256_seed42,YOLO/SPPF Attention-256
test_2,Mouse630_20181025_18-44-29_01807-21458,smoothed_frames,ground_truth,investigation,1,13258,13360,103,yolo_sppf,attention,42,yolo_sppf_full_attention256_seed42,YOLO/SPPF Attention-256
test_2,Mouse630_20181025_18-44-29_01807-21458,smoothed_frames,ground_truth,investigation,1,13914,13921,8,yolo_sppf,attention,42,yolo_sppf_full_attention256_seed42,YOLO/SPPF Attention-256
test_2,Mouse630_20181025_18-44-29_01807-21458,smoothed_frames,ground_truth,mount,2,13923,14345,423,yolo_sppf,attention,42,yolo_sppf_full_attention256_seed42,YOLO/SPPF Attention-256
test_2,Mouse630_20181025_18-44-29_01807-21458,smoothed_frames,ground_truth,investigation,1,14785,14808,24,yolo_sppf,attention,42,yolo_sppf_full_attention256_seed42,YOLO/SPPF Attention-256
test_2,Mouse630_20181025_18-44-29_01807-21458,smoothed_frames,ground_truth,mount,2,14810,15191,382,yolo_sppf,attention,42,yolo_sppf_full_attention256_seed42,YOLO/SPPF Attention-256
test_2,Mouse630_20181025_18-44-29_01807-21458,smoothed_frames,ground_truth,investigation,1,15446,15472,27,yolo_sppf,attention,42,yolo_sppf_full_attention256_seed42,YOLO/SPPF Attention-256
test_2,Mouse630_20181025_18-44-29_01807-21458,smoothed_frames,ground_truth,mount,2,15474,15546,73,yolo_sppf,attention,42,yolo_sppf_full_attention256_seed42,YOLO/SPPF Attention-256
test_2,Mouse630_20181025_18-44-29_01807-21458,smoothed_frames,ground_truth,investigation,1,15548,15638,91,yolo_sppf,attention,42,yolo_sppf_full_attention256_seed42,YOLO/SPPF Attention-256
test_2,Mouse630_20181025_18-44-29_01807-21458,smoothed_frames,ground_truth,investigation,1,15949,15962,14,yolo_sppf,attention,42,yolo_sppf_full_attention256_seed42,YOLO/SPPF Attention-256
test_2,Mouse630_20181025_18-44-29_01807-21458,smoothed_frames,ground_truth,mount,2,15964,16493,530,yolo_sppf,attention,42,yolo_sppf_full_attention256_seed42,YOLO/SPPF Attention-256
test_2,Mouse630_20181025_18-44-29_01807-21458,smoothed_frames,ground_truth,investigation,1,16727,16756,30,yolo_sppf,attention,42,yolo_sppf_full_attention256_seed42,YOLO/SPPF Attention-256
test_2,Mouse630_20181025_18-44-29_01807-21458,smoothed_frames,ground_truth,mount,2,16758,17088,331,yolo_sppf,attention,42,yolo_sppf_full_attention256_seed42,YOLO/SPPF Attention-256
test_2,Mouse630_20181025_18-44-29_01807-21458,smoothed_frames,ground_truth,investigation,1,17288,17409,122,yolo_sppf,attention,42,yolo_sppf_full_attention256_seed42,YOLO/SPPF Attention-256
test_2,Mouse630_20181025_18-44-29_01807-21458,smoothed_frames,ground_truth,investigation,1,17855,17883,29,yolo_sppf,attention,42,yolo_sppf_full_attention256_seed42,YOLO/SPPF Attention-256
test_2,Mouse630_20181025_18-44-29_01807-21458,smoothed_frames,ground_truth,mount,2,17885,18171,287,yolo_sppf,attention,42,yolo_sppf_full_attention256_seed42,YOLO/SPPF Attention-256
test_2,Mouse630_20181025_18-44-29_01807-21458,smoothed_frames,ground_truth,investigation,1,18660,18691,32,yolo_sppf,attention,42,yolo_sppf_full_attention256_seed42,YOLO/SPPF Attention-256
test_2,Mouse630_20181025_18-44-29_01807-21458,smoothed_frames,ground_truth,mount,2,18692,18797,106,yolo_sppf,attention,42,yolo_sppf_full_attention256_seed42,YOLO/SPPF Attention-256
test_2,Mouse630_20181025_18-44-29_01807-21458,smoothed_frames,ground_truth,investigation,1,18799,18830,32,yolo_sppf,attention,42,yolo_sppf_full_attention256_seed42,YOLO/SPPF Attention-256
test_2,Mouse630_20181025_18-44-29_01807-21458,smoothed_frames,ground_truth,mount,2,18832,19247,416,yolo_sppf,attention,42,yolo_sppf_full_attention256_seed42,YOLO/SPPF Attention-256
test_2,Mouse630_20181025_18-44-29_01807-21458,smoothed_frames,ground_truth,investigation,1,19562,19579,18,yolo_sppf,attention,42,yolo_sppf_full_attention256_seed42,YOLO/SPPF Attention-256
test_2,Mouse630_20181025_18-44-29_01807-21458,smoothed_frames,ground_truth,mount,2,19581,19647,67,yolo_sppf,attention,42,yolo_sppf_full_attention256_seed42,YOLO/SPPF Attention-256
test_2,Mouse630_20181025_18-44-29_21460-30528,smoothed_frames,ground_truth,investigation,1,5,44,40,yolo_sppf,attention,42,yolo_sppf_full_attention256_seed42,YOLO/SPPF Attention-256
test_2,Mouse630_20181025_18-44-29_21460-30528,smoothed_frames,ground_truth,mount,2,45,119,75,yolo_sppf,attention,42,yolo_sppf_full_attention256_seed42,YOLO/SPPF Attention-256
test_2,Mouse630_20181025_18-44-29_21460-30528,smoothed_frames,ground_truth,investigation,1,121,246,126,yolo_sppf,attention,42,yolo_sppf_full_attention256_seed42,YOLO/SPPF Attention-256
test_2,Mouse630_20181025_18-44-29_21460-30528,smoothed_frames,ground_truth,mount,2,248,403,156,yolo_sppf,attention,42,yolo_sppf_full_attention256_seed42,YOLO/SPPF Attention-256
test_2,Mouse630_20181025_18-44-29_21460-30528,smoothed_frames,ground_truth,investigation,1,531,540,10,yolo_sppf,attention,42,yolo_sppf_full_attention256_seed42,YOLO/SPPF Attention-256
test_2,Mouse630_20181025_18-44-29_21460-30528,smoothed_frames,ground_truth,investigation,1,637,652,16,yolo_sppf,attention,42,yolo_sppf_full_attention256_seed42,YOLO/SPPF Attention-256
test_2,Mouse630_20181025_18-44-29_21460-30528,smoothed_frames,ground_truth,mount,2,654,1059,406,yolo_sppf,attention,42,yolo_sppf_full_attention256_seed42,YOLO/SPPF Attention-256
test_2,Mouse630_20181025_18-44-29_21460-30528,smoothed_frames,ground_truth,investigation,1,1256,1376,121,yolo_sppf,attention,42,yolo_sppf_full_attention256_seed42,YOLO/SPPF Attention-256
test_2,Mouse630_20181025_18-44-29_21460-30528,smoothed_frames,ground_truth,mount,2,1378,1695,318,yolo_sppf,attention,42,yolo_sppf_full_attention256_seed42,YOLO/SPPF Attention-256
test_2,Mouse630_20181025_18-44-29_21460-30528,smoothed_frames,ground_truth,investigation,1,1877,1949,73,yolo_sppf,attention,42,yolo_sppf_full_attention256_seed42,YOLO/SPPF Attention-256
test_2,Mouse630_20181025_18-44-29_21460-30528,smoothed_frames,ground_truth,investigation,1,1977,1984,8,yolo_sppf,attention,42,yolo_sppf_full_attention256_seed42,YOLO/SPPF Attention-256
test_2,Mouse630_20181025_18-44-29_21460-30528,smoothed_frames,ground_truth,mount,2,1986,2112,127,yolo_sppf,attention,42,yolo_sppf_full_attention256_seed42,YOLO/SPPF Attention-256
test_2,Mouse630_20181025_18-44-29_21460-30528,smoothed_frames,ground_truth,investigation,1,2114,2141,28,yolo_sppf,attention,42,yolo_sppf_full_attention256_seed42,YOLO/SPPF Attention-256
test_2,Mouse630_20181025_18-44-29_21460-30528,smoothed_frames,ground_truth,investigation,1,2300,2315,16,yolo_sppf,attention,42,yolo_sppf_full_attention256_seed42,YOLO/SPPF Attention-256
test_2,Mouse630_20181025_18-44-29_21460-30528,smoothed_frames,ground_truth,mount,2,2317,2482,166,yolo_sppf,attention,42,yolo_sppf_full_attention256_seed42,YOLO/SPPF Attention-256
test_2,Mouse630_20181025_18-44-29_21460-30528,smoothed_frames,ground_truth,investigation,1,2484,2504,21,yolo_sppf,attention,42,yolo_sppf_full_attention256_seed42,YOLO/SPPF Attention-256
test_2,Mouse630_20181025_18-44-29_21460-30528,smoothed_frames,ground_truth,investigation,1,3455,3466,12,yolo_sppf,attention,42,yolo_sppf_full_attention256_seed42,YOLO/SPPF Attention-256
test_2,Mouse630_20181025_18-44-29_21460-30528,smoothed_frames,ground_truth,mount,2,3468,3880,413,yolo_sppf,attention,42,yolo_sppf_full_attention256_seed42,YOLO/SPPF Attention-256
test_2,Mouse630_20181025_18-44-29_21460-30528,smoothed_frames,ground_truth,investigation,1,4272,4312,41,yolo_sppf,attention,42,yolo_sppf_full_attention256_seed42,YOLO/SPPF Attention-256
test_2,Mouse630_20181025_18-44-29_21460-30528,smoothed_frames,ground_truth,mount,2,4314,4704,391,yolo_sppf,attention,42,yolo_sppf_full_attention256_seed42,YOLO/SPPF Attention-256
test_2,Mouse630_20181025_18-44-29_21460-30528,smoothed_frames,ground_truth,investigation,1,4807,4836,30,yolo_sppf,attention,42,yolo_sppf_full_attention256_seed42,YOLO/SPPF Attention-256
test_2,Mouse630_20181025_18-44-29_21460-30528,smoothed_frames,ground_truth,investigation,1,5142,5172,31,yolo_sppf,attention,42,yolo_sppf_full_attention256_seed42,YOLO/SPPF Attention-256
test_2,Mouse630_20181025_18-44-29_21460-30528,smoothed_frames,ground_truth,mount,2,5174,5549,376,yolo_sppf,attention,42,yolo_sppf_full_attention256_seed42,YOLO/SPPF Attention-256
test_2,Mouse630_20181025_18-44-29_21460-30528,smoothed_frames,ground_truth,investigation,1,5754,5803,50,yolo_sppf,attention,42,yolo_sppf_full_attention256_seed42,YOLO/SPPF Attention-256
test_2,Mouse630_20181025_18-44-29_21460-30528,smoothed_frames,ground_truth,investigation,1,6493,6501,9,yolo_sppf,attention,42,yolo_sppf_full_attention256_seed42,YOLO/SPPF Attention-256
test_2,Mouse630_20181025_18-44-29_21460-30528,smoothed_frames,ground_truth,mount,2,6503,6813,311,yolo_sppf,attention,42,yolo_sppf_full_attention256_seed42,YOLO/SPPF Attention-256
test_2,Mouse630_20181025_18-44-29_21460-30528,smoothed_frames,ground_truth,investigation,1,7031,7049,19,yolo_sppf,attention,42,yolo_sppf_full_attention256_seed42,YOLO/SPPF Attention-256
test_2,Mouse630_20181025_18-44-29_21460-30528,smoothed_frames,ground_truth,investigation,1,7357,7386,30,yolo_sppf,attention,42,yolo_sppf_full_attention256_seed42,YOLO/SPPF Attention-256
test_2,Mouse630_20181025_18-44-29_21460-30528,smoothed_frames,ground_truth,mount,2,7388,7477,90,yolo_sppf,attention,42,yolo_sppf_full_attention256_seed42,YOLO/SPPF Attention-256
test_2,Mouse630_20181025_18-44-29_21460-30528,smoothed_frames,ground_truth,investigation,1,7479,7488,10,yolo_sppf,attention,42,yolo_sppf_full_attention256_seed42,YOLO/SPPF Attention-256
test_2,Mouse630_20181025_18-44-29_21460-30528,smoothed_frames,ground_truth,investigation,1,7680,7741,62,yolo_sppf,attention,42,yolo_sppf_full_attention256_seed42,YOLO/SPPF Attention-256
test_2,Mouse630_20181025_18-44-29_21460-30528,smoothed_frames,ground_truth,mount,2,7743,8271,529,yolo_sppf,attention,42,yolo_sppf_full_attention256_seed42,YOLO/SPPF Attention-256
test_2,Mouse630_20181025_18-44-29_21460-30528,smoothed_frames,ground_truth,investigation,1,8855,8928,74,yolo_sppf,attention,42,yolo_sppf_full_attention256_seed42,YOLO/SPPF Attention-256
test_2,Mouse835-female_20200325_18-28-49_10767-24391,smoothed_frames,ground_truth,investigation,1,35,984,950,yolo_sppf,attention,42,yolo_sppf_full_attention256_seed42,YOLO/SPPF Attention-256
test_2,Mouse835-female_20200325_18-28-49_10767-24391,smoothed_frames,ground_truth,investigation,1,1180,1194,15,yolo_sppf,attention,42,yolo_sppf_full_attention256_seed42,YOLO/SPPF Attention-256
test_2,Mouse835-female_20200325_18-28-49_10767-24391,smoothed_frames,ground_truth,investigation,1,1430,1495,66,yolo_sppf,attention,42,yolo_sppf_full_attention256_seed42,YOLO/SPPF Attention-256
test_2,Mouse835-female_20200325_18-28-49_10767-24391,smoothed_frames,ground_truth,investigation,1,1519,1531,13,yolo_sppf,attention,42,yolo_sppf_full_attention256_seed42,YOLO/SPPF Attention-256
test_2,Mouse835-female_20200325_18-28-49_10767-24391,smoothed_frames,ground_truth,investigation,1,1549,1555,7,yolo_sppf,attention,42,yolo_sppf_full_attention256_seed42,YOLO/SPPF Attention-256
test_2,Mouse835-female_20200325_18-28-49_10767-24391,smoothed_frames,ground_truth,investigation,1,1863,1911,49,yolo_sppf,attention,42,yolo_sppf_full_attention256_seed42,YOLO/SPPF Attention-256
test_2,Mouse835-female_20200325_18-28-49_10767-24391,smoothed_frames,ground_truth,investigation,1,1927,1934,8,yolo_sppf,attention,42,yolo_sppf_full_attention256_seed42,YOLO/SPPF Attention-256
test_2,Mouse835-female_20200325_18-28-49_10767-24391,smoothed_frames,ground_truth,investigation,1,2050,2069,20,yolo_sppf,attention,42,yolo_sppf_full_attention256_seed42,YOLO/SPPF Attention-256
test_2,Mouse835-female_20200325_18-28-49_10767-24391,smoothed_frames,ground_truth,investigation,1,2296,2335,40,yolo_sppf,attention,42,yolo_sppf_full_attention256_seed42,YOLO/SPPF Attention-256
test_2,Mouse835-female_20200325_18-28-49_10767-24391,smoothed_frames,ground_truth,investigation,1,2472,2646,175,yolo_sppf,attention,42,yolo_sppf_full_attention256_seed42,YOLO/SPPF Attention-256
test_2,Mouse835-female_20200325_18-28-49_10767-24391,smoothed_frames,ground_truth,investigation,1,2879,2895,17,yolo_sppf,attention,42,yolo_sppf_full_attention256_seed42,YOLO/SPPF Attention-256
test_2,Mouse835-female_20200325_18-28-49_10767-24391,smoothed_frames,ground_truth,mount,2,2896,3030,135,yolo_sppf,attention,42,yolo_sppf_full_attention256_seed42,YOLO/SPPF Attention-256
test_2,Mouse835-female_20200325_18-28-49_10767-24391,smoothed_frames,ground_truth,investigation,1,3031,3105,75,yolo_sppf,attention,42,yolo_sppf_full_attention256_seed42,YOLO/SPPF Attention-256
test_2,Mouse835-female_20200325_18-28-49_10767-24391,smoothed_frames,ground_truth,investigation,1,3351,3472,122,yolo_sppf,attention,42,yolo_sppf_full_attention256_seed42,YOLO/SPPF Attention-256
test_2,Mouse835-female_20200325_18-28-49_10767-24391,smoothed_frames,ground_truth,investigation,1,3660,3680,21,yolo_sppf,attention,42,yolo_sppf_full_attention256_seed42,YOLO/SPPF Attention-256
test_2,Mouse835-female_20200325_18-28-49_10767-24391,smoothed_frames,ground_truth,investigation,1,3733,3774,42,yolo_sppf,attention,42,yolo_sppf_full_attention256_seed42,YOLO/SPPF Attention-256
test_2,Mouse835-female_20200325_18-28-49_10767-24391,smoothed_frames,ground_truth,investigation,1,3796,3803,8,yolo_sppf,attention,42,yolo_sppf_full_attention256_seed42,YOLO/SPPF Attention-256
test_2,Mouse835-female_20200325_18-28-49_10767-24391,smoothed_frames,ground_truth,investigation,1,4191,4224,34,yolo_sppf,attention,42,yolo_sppf_full_attention256_seed42,YOLO/SPPF Attention-256
test_2,Mouse835-female_20200325_18-28-49_10767-24391,smoothed_frames,ground_truth,investigation,1,4614,4667,54,yolo_sppf,attention,42,yolo_sppf_full_attention256_seed42,YOLO/SPPF Attention-256
test_2,Mouse835-female_20200325_18-28-49_10767-24391,smoothed_frames,ground_truth,mount,2,4668,4783,116,yolo_sppf,attention,42,yolo_sppf_full_attention256_seed42,YOLO/SPPF Attention-256
test_2,Mouse835-female_20200325_18-28-49_10767-24391,smoothed_frames,ground_truth,investigation,1,4889,4915,27,yolo_sppf,attention,42,yolo_sppf_full_attention256_seed42,YOLO/SPPF Attention-256
test_2,Mouse835-female_20200325_18-28-49_10767-24391,smoothed_frames,ground_truth,investigation,1,5351,5370,20,yolo_sppf,attention,42,yolo_sppf_full_attention256_seed42,YOLO/SPPF Attention-256
test_2,Mouse835-female_20200325_18-28-49_10767-24391,smoothed_frames,ground_truth,investigation,1,5392,5475,84,yolo_sppf,attention,42,yolo_sppf_full_attention256_seed42,YOLO/SPPF Attention-256
test_2,Mouse835-female_20200325_18-28-49_10767-24391,smoothed_frames,ground_truth,investigation,1,5978,6552,575,yolo_sppf,attention,42,yolo_sppf_full_attention256_seed42,YOLO/SPPF Attention-256
test_2,Mouse835-female_20200325_18-28-49_10767-24391,smoothed_frames,ground_truth,investigation,1,6619,6627,9,yolo_sppf,attention,42,yolo_sppf_full_attention256_seed42,YOLO/SPPF Attention-256
test_2,Mouse835-female_20200325_18-28-49_10767-24391,smoothed_frames,ground_truth,investigation,1,6773,6877,105,yolo_sppf,attention,42,yolo_sppf_full_attention256_seed42,YOLO/SPPF Attention-256
test_2,Mouse835-female_20200325_18-28-49_10767-24391,smoothed_frames,ground_truth,investigation,1,7161,7180,20,yolo_sppf,attention,42,yolo_sppf_full_attention256_seed42,YOLO/SPPF Attention-256
test_2,Mouse835-female_20200325_18-28-49_10767-24391,smoothed_frames,ground_truth,investigation,1,7315,7330,16,yolo_sppf,attention,42,yolo_sppf_full_attention256_seed42,YOLO/SPPF Attention-256
test_2,Mouse835-female_20200325_18-28-49_10767-24391,smoothed_frames,ground_truth,investigation,1,7347,7402,56,yolo_sppf,attention,42,yolo_sppf_full_attention256_seed42,YOLO/SPPF Attention-256
test_2,Mouse835-female_20200325_18-28-49_10767-24391,smoothed_frames,ground_truth,mount,2,7403,7558,156,yolo_sppf,attention,42,yolo_sppf_full_attention256_seed42,YOLO/SPPF Attention-256
test_2,Mouse835-female_20200325_18-28-49_10767-24391,smoothed_frames,ground_truth,investigation,1,7559,7564,6,yolo_sppf,attention,42,yolo_sppf_full_attention256_seed42,YOLO/SPPF Attention-256
test_2,Mouse835-female_20200325_18-28-49_10767-24391,smoothed_frames,ground_truth,investigation,1,7600,7642,43,yolo_sppf,attention,42,yolo_sppf_full_attention256_seed42,YOLO/SPPF Attention-256
test_2,Mouse835-female_20200325_18-28-49_10767-24391,smoothed_frames,ground_truth,mount,2,7643,7702,60,yolo_sppf,attention,42,yolo_sppf_full_attention256_seed42,YOLO/SPPF Attention-256
test_2,Mouse835-female_20200325_18-28-49_10767-24391,smoothed_frames,ground_truth,investigation,1,7703,7756,54,yolo_sppf,attention,42,yolo_sppf_full_attention256_seed42,YOLO/SPPF Attention-256
test_2,Mouse835-female_20200325_18-28-49_10767-24391,smoothed_frames,ground_truth,investigation,1,7823,7830,8,yolo_sppf,attention,42,yolo_sppf_full_attention256_seed42,YOLO/SPPF Attention-256
test_2,Mouse835-female_20200325_18-28-49_10767-24391,smoothed_frames,ground_truth,investigation,1,8034,8119,86,yolo_sppf,attention,42,yolo_sppf_full_attention256_seed42,YOLO/SPPF Attention-256
test_2,Mouse835-female_20200325_18-28-49_10767-24391,smoothed_frames,ground_truth,mount,2,8120,8789,670,yolo_sppf,attention,42,yolo_sppf_full_attention256_seed42,YOLO/SPPF Attention-256
test_2,Mouse835-female_20200325_18-28-49_10767-24391,smoothed_frames,ground_truth,investigation,1,8791,8821,31,yolo_sppf,attention,42,yolo_sppf_full_attention256_seed42,YOLO/SPPF Attention-256
test_2,Mouse835-female_20200325_18-28-49_10767-24391,smoothed_frames,ground_truth,investigation,1,9415,9424,10,yolo_sppf,attention,42,yolo_sppf_full_attention256_seed42,YOLO/SPPF Attention-256
test_2,Mouse835-female_20200325_18-28-49_10767-24391,smoothed_frames,ground_truth,investigation,1,10048,10069,22,yolo_sppf,attention,42,yolo_sppf_full_attention256_seed42,YOLO/SPPF Attention-256
test_2,Mouse835-female_20200325_18-28-49_10767-24391,smoothed_frames,ground_truth,investigation,1,10231,10359,129,yolo_sppf,attention,42,yolo_sppf_full_attention256_seed42,YOLO/SPPF Attention-256
test_2,Mouse835-female_20200325_18-28-49_10767-24391,smoothed_frames,ground_truth,investigation,1,10807,10876,70,yolo_sppf,attention,42,yolo_sppf_full_attention256_seed42,YOLO/SPPF Attention-256
test_2,Mouse835-female_20200325_18-28-49_10767-24391,smoothed_frames,ground_truth,mount,2,10877,10933,57,yolo_sppf,attention,42,yolo_sppf_full_attention256_seed42,YOLO/SPPF Attention-256
test_2,Mouse835-female_20200325_18-28-49_10767-24391,smoothed_frames,ground_truth,investigation,1,10934,11035,102,yolo_sppf,attention,42,yolo_sppf_full_attention256_seed42,YOLO/SPPF Attention-256
test_2,Mouse835-female_20200325_18-28-49_10767-24391,smoothed_frames,ground_truth,mount,2,11036,12054,1019,yolo_sppf,attention,42,yolo_sppf_full_attention256_seed42,YOLO/SPPF Attention-256
test_2,Mouse835-female_20200325_18-28-49_10767-24391,smoothed_frames,ground_truth,investigation,1,12056,12124,69,yolo_sppf,attention,42,yolo_sppf_full_attention256_seed42,YOLO/SPPF Attention-256
test_2,Mouse835-female_20200325_18-28-49_10767-24391,smoothed_frames,ground_truth,investigation,1,12429,12583,155,yolo_sppf,attention,42,yolo_sppf_full_attention256_seed42,YOLO/SPPF Attention-256
test_2,Mouse835-female_20200325_18-28-49_10767-24391,smoothed_frames,ground_truth,mount,2,12585,12957,373,yolo_sppf,attention,42,yolo_sppf_full_attention256_seed42,YOLO/SPPF Attention-256
test_2,Mouse835-female_20200325_18-28-49_10767-24391,smoothed_frames,ground_truth,investigation,1,12958,12985,28,yolo_sppf,attention,42,yolo_sppf_full_attention256_seed42,YOLO/SPPF Attention-256
test_2,Mouse836-female_20200322_19-33-17_00957-13323,smoothed_frames,ground_truth,investigation,1,90,326,237,yolo_sppf,attention,42,yolo_sppf_full_attention256_seed42,YOLO/SPPF Attention-256
test_2,Mouse836-female_20200322_19-33-17_00957-13323,smoothed_frames,ground_truth,investigation,1,373,987,615,yolo_sppf,attention,42,yolo_sppf_full_attention256_seed42,YOLO/SPPF Attention-256
test_2,Mouse836-female_20200322_19-33-17_00957-13323,smoothed_frames,ground_truth,investigation,1,990,2323,1334,yolo_sppf,attention,42,yolo_sppf_full_attention256_seed42,YOLO/SPPF Attention-256
test_2,Mouse836-female_20200322_19-33-17_00957-13323,smoothed_frames,ground_truth,investigation,1,2376,2399,24,yolo_sppf,attention,42,yolo_sppf_full_attention256_seed42,YOLO/SPPF Attention-256
test_2,Mouse836-female_20200322_19-33-17_00957-13323,smoothed_frames,ground_truth,investigation,1,2444,2454,11,yolo_sppf,attention,42,yolo_sppf_full_attention256_seed42,YOLO/SPPF Attention-256
test_2,Mouse836-female_20200322_19-33-17_00957-13323,smoothed_frames,ground_truth,investigation,1,2515,2534,20,yolo_sppf,attention,42,yolo_sppf_full_attention256_seed42,YOLO/SPPF Attention-256
test_2,Mouse836-female_20200322_19-33-17_00957-13323,smoothed_frames,ground_truth,investigation,1,2595,2754,160,yolo_sppf,attention,42,yolo_sppf_full_attention256_seed42,YOLO/SPPF Attention-256
test_2,Mouse836-female_20200322_19-33-17_00957-13323,smoothed_frames,ground_truth,investigation,1,2785,3293,509,yolo_sppf,attention,42,yolo_sppf_full_attention256_seed42,YOLO/SPPF Attention-256
test_2,Mouse836-female_20200322_19-33-17_00957-13323,smoothed_frames,ground_truth,investigation,1,3306,3626,321,yolo_sppf,attention,42,yolo_sppf_full_attention256_seed42,YOLO/SPPF Attention-256
test_2,Mouse836-female_20200322_19-33-17_00957-13323,smoothed_frames,ground_truth,investigation,1,3659,4111,453,yolo_sppf,attention,42,yolo_sppf_full_attention256_seed42,YOLO/SPPF Attention-256
test_2,Mouse836-female_20200322_19-33-17_00957-13323,smoothed_frames,ground_truth,investigation,1,4289,4898,610,yolo_sppf,attention,42,yolo_sppf_full_attention256_seed42,YOLO/SPPF Attention-256
test_2,Mouse836-female_20200322_19-33-17_00957-13323,smoothed_frames,ground_truth,investigation,1,4937,5345,409,yolo_sppf,attention,42,yolo_sppf_full_attention256_seed42,YOLO/SPPF Attention-256
test_2,Mouse836-female_20200322_19-33-17_00957-13323,smoothed_frames,ground_truth,investigation,1,5396,5438,43,yolo_sppf,attention,42,yolo_sppf_full_attention256_seed42,YOLO/SPPF Attention-256
test_2,Mouse836-female_20200322_19-33-17_00957-13323,smoothed_frames,ground_truth,investigation,1,5534,5539,6,yolo_sppf,attention,42,yolo_sppf_full_attention256_seed42,YOLO/SPPF Attention-256
test_2,Mouse836-female_20200322_19-33-17_00957-13323,smoothed_frames,ground_truth,investigation,1,5552,6005,454,yolo_sppf,attention,42,yolo_sppf_full_attention256_seed42,YOLO/SPPF Attention-256
test_2,Mouse836-female_20200322_19-33-17_00957-13323,smoothed_frames,ground_truth,investigation,1,6133,6161,29,yolo_sppf,attention,42,yolo_sppf_full_attention256_seed42,YOLO/SPPF Attention-256
test_2,Mouse836-female_20200322_19-33-17_00957-13323,smoothed_frames,ground_truth,mount,2,6163,6173,11,yolo_sppf,attention,42,yolo_sppf_full_attention256_seed42,YOLO/SPPF Attention-256
test_2,Mouse836-female_20200322_19-33-17_00957-13323,smoothed_frames,ground_truth,investigation,1,6174,6194,21,yolo_sppf,attention,42,yolo_sppf_full_attention256_seed42,YOLO/SPPF Attention-256
test_2,Mouse836-female_20200322_19-33-17_00957-13323,smoothed_frames,ground_truth,mount,2,6196,6212,17,yolo_sppf,attention,42,yolo_sppf_full_attention256_seed42,YOLO/SPPF Attention-256
test_2,Mouse836-female_20200322_19-33-17_00957-13323,smoothed_frames,ground_truth,investigation,1,6213,6229,17,yolo_sppf,attention,42,yolo_sppf_full_attention256_seed42,YOLO/SPPF Attention-256
test_2,Mouse836-female_20200322_19-33-17_00957-13323,smoothed_frames,ground_truth,investigation,1,6363,6386,24,yolo_sppf,attention,42,yolo_sppf_full_attention256_seed42,YOLO/SPPF Attention-256
test_2,Mouse836-female_20200322_19-33-17_00957-13323,smoothed_frames,ground_truth,investigation,1,6510,6545,36,yolo_sppf,attention,42,yolo_sppf_full_attention256_seed42,YOLO/SPPF Attention-256
test_2,Mouse836-female_20200322_19-33-17_00957-13323,smoothed_frames,ground_truth,mount,2,6547,6565,19,yolo_sppf,attention,42,yolo_sppf_full_attention256_seed42,YOLO/SPPF Attention-256
test_2,Mouse836-female_20200322_19-33-17_00957-13323,smoothed_frames,ground_truth,investigation,1,6566,6694,129,yolo_sppf,attention,42,yolo_sppf_full_attention256_seed42,YOLO/SPPF Attention-256
test_2,Mouse836-female_20200322_19-33-17_00957-13323,smoothed_frames,ground_truth,investigation,1,6800,7051,252,yolo_sppf,attention,42,yolo_sppf_full_attention256_seed42,YOLO/SPPF Attention-256
test_2,Mouse836-female_20200322_19-33-17_00957-13323,smoothed_frames,ground_truth,investigation,1,7122,7151,30,yolo_sppf,attention,42,yolo_sppf_full_attention256_seed42,YOLO/SPPF Attention-256
test_2,Mouse836-female_20200322_19-33-17_00957-13323,smoothed_frames,ground_truth,investigation,1,7347,7403,57,yolo_sppf,attention,42,yolo_sppf_full_attention256_seed42,YOLO/SPPF Attention-256
test_2,Mouse836-female_20200322_19-33-17_00957-13323,smoothed_frames,ground_truth,investigation,1,8229,8470,242,yolo_sppf,attention,42,yolo_sppf_full_attention256_seed42,YOLO/SPPF Attention-256
test_2,Mouse836-female_20200322_19-33-17_00957-13323,smoothed_frames,ground_truth,investigation,1,8496,8582,87,yolo_sppf,attention,42,yolo_sppf_full_attention256_seed42,YOLO/SPPF Attention-256
test_2,Mouse836-female_20200322_19-33-17_00957-13323,smoothed_frames,ground_truth,investigation,1,8903,9065,163,yolo_sppf,attention,42,yolo_sppf_full_attention256_seed42,YOLO/SPPF Attention-256
test_2,Mouse836-female_20200322_19-33-17_00957-13323,smoothed_frames,ground_truth,investigation,1,9089,9497,409,yolo_sppf,attention,42,yolo_sppf_full_attention256_seed42,YOLO/SPPF Attention-256
test_2,Mouse836-female_20200322_19-33-17_00957-13323,smoothed_frames,ground_truth,investigation,1,9707,9740,34,yolo_sppf,attention,42,yolo_sppf_full_attention256_seed42,YOLO/SPPF Attention-256
test_2,Mouse836-female_20200322_19-33-17_00957-13323,smoothed_frames,ground_truth,mount,2,9741,9818,78,yolo_sppf,attention,42,yolo_sppf_full_attention256_seed42,YOLO/SPPF Attention-256
test_2,Mouse836-female_20200322_19-33-17_00957-13323,smoothed_frames,ground_truth,investigation,1,9820,9850,31,yolo_sppf,attention,42,yolo_sppf_full_attention256_seed42,YOLO/SPPF Attention-256
test_2,Mouse836-female_20200322_19-33-17_00957-13323,smoothed_frames,ground_truth,investigation,1,9887,9916,30,yolo_sppf,attention,42,yolo_sppf_full_attention256_seed42,YOLO/SPPF Attention-256
test_2,Mouse836-female_20200322_19-33-17_00957-13323,smoothed_frames,ground_truth,investigation,1,9945,9952,8,yolo_sppf,attention,42,yolo_sppf_full_attention256_seed42,YOLO/SPPF Attention-256
test_2,Mouse836-female_20200322_19-33-17_00957-13323,smoothed_frames,ground_truth,investigation,1,10286,10342,57,yolo_sppf,attention,42,yolo_sppf_full_attention256_seed42,YOLO/SPPF Attention-256
test_2,Mouse836-female_20200322_19-33-17_00957-13323,smoothed_frames,ground_truth,investigation,1,10648,10669,22,yolo_sppf,attention,42,yolo_sppf_full_attention256_seed42,YOLO/SPPF Attention-256
test_2,Mouse836-female_20200322_19-33-17_00957-13323,smoothed_frames,ground_truth,investigation,1,10682,10705,24,yolo_sppf,attention,42,yolo_sppf_full_attention256_seed42,YOLO/SPPF Attention-256
test_2,Mouse836-female_20200322_19-33-17_00957-13323,smoothed_frames,ground_truth,investigation,1,11004,11013,10,yolo_sppf,attention,42,yolo_sppf_full_attention256_seed42,YOLO/SPPF Attention-256
test_2,Mouse836-female_20200322_19-33-17_00957-13323,smoothed_frames,ground_truth,investigation,1,11116,11127,12,yolo_sppf,attention,42,yolo_sppf_full_attention256_seed42,YOLO/SPPF Attention-256
test_2,Mouse836-female_20200322_19-33-17_00957-13323,smoothed_frames,ground_truth,investigation,1,11626,12036,411,yolo_sppf,attention,42,yolo_sppf_full_attention256_seed42,YOLO/SPPF Attention-256
test_2,Mouse836-female_20200322_19-33-17_00957-13323,smoothed_frames,ground_truth,investigation,1,12082,12089,8,yolo_sppf,attention,42,yolo_sppf_full_attention256_seed42,YOLO/SPPF Attention-256
test_2,Mouse836-female_20200322_19-33-17_14594-23870,smoothed_frames,ground_truth,investigation,1,14,319,306,yolo_sppf,attention,42,yolo_sppf_full_attention256_seed42,YOLO/SPPF Attention-256
test_2,Mouse836-female_20200322_19-33-17_14594-23870,smoothed_frames,ground_truth,investigation,1,347,508,162,yolo_sppf,attention,42,yolo_sppf_full_attention256_seed42,YOLO/SPPF Attention-256
test_2,Mouse836-female_20200322_19-33-17_14594-23870,smoothed_frames,ground_truth,investigation,1,532,579,48,yolo_sppf,attention,42,yolo_sppf_full_attention256_seed42,YOLO/SPPF Attention-256
test_2,Mouse836-female_20200322_19-33-17_14594-23870,smoothed_frames,ground_truth,investigation,1,604,736,133,yolo_sppf,attention,42,yolo_sppf_full_attention256_seed42,YOLO/SPPF Attention-256
test_2,Mouse836-female_20200322_19-33-17_14594-23870,smoothed_frames,ground_truth,investigation,1,766,822,57,yolo_sppf,attention,42,yolo_sppf_full_attention256_seed42,YOLO/SPPF Attention-256
test_2,Mouse836-female_20200322_19-33-17_14594-23870,smoothed_frames,ground_truth,investigation,1,884,916,33,yolo_sppf,attention,42,yolo_sppf_full_attention256_seed42,YOLO/SPPF Attention-256
test_2,Mouse836-female_20200322_19-33-17_14594-23870,smoothed_frames,ground_truth,investigation,1,947,1095,149,yolo_sppf,attention,42,yolo_sppf_full_attention256_seed42,YOLO/SPPF Attention-256
test_2,Mouse836-female_20200322_19-33-17_14594-23870,smoothed_frames,ground_truth,investigation,1,1156,1260,105,yolo_sppf,attention,42,yolo_sppf_full_attention256_seed42,YOLO/SPPF Attention-256
test_2,Mouse836-female_20200322_19-33-17_14594-23870,smoothed_frames,ground_truth,investigation,1,1351,1528,178,yolo_sppf,attention,42,yolo_sppf_full_attention256_seed42,YOLO/SPPF Attention-256
test_2,Mouse836-female_20200322_19-33-17_14594-23870,smoothed_frames,ground_truth,investigation,1,1561,1774,214,yolo_sppf,attention,42,yolo_sppf_full_attention256_seed42,YOLO/SPPF Attention-256
test_2,Mouse836-female_20200322_19-33-17_14594-23870,smoothed_frames,ground_truth,investigation,1,1820,1915,96,yolo_sppf,attention,42,yolo_sppf_full_attention256_seed42,YOLO/SPPF Attention-256
test_2,Mouse836-female_20200322_19-33-17_14594-23870,smoothed_frames,ground_truth,investigation,1,1952,1966,15,yolo_sppf,attention,42,yolo_sppf_full_attention256_seed42,YOLO/SPPF Attention-256
test_2,Mouse836-female_20200322_19-33-17_14594-23870,smoothed_frames,ground_truth,investigation,1,2005,2326,322,yolo_sppf,attention,42,yolo_sppf_full_attention256_seed42,YOLO/SPPF Attention-256
test_2,Mouse836-female_20200322_19-33-17_14594-23870,smoothed_frames,ground_truth,investigation,1,2428,2468,41,yolo_sppf,attention,42,yolo_sppf_full_attention256_seed42,YOLO/SPPF Attention-256
test_2,Mouse836-female_20200322_19-33-17_14594-23870,smoothed_frames,ground_truth,mount,2,2470,2542,73,yolo_sppf,attention,42,yolo_sppf_full_attention256_seed42,YOLO/SPPF Attention-256
test_2,Mouse836-female_20200322_19-33-17_14594-23870,smoothed_frames,ground_truth,investigation,1,2543,2562,20,yolo_sppf,attention,42,yolo_sppf_full_attention256_seed42,YOLO/SPPF Attention-256
test_2,Mouse836-female_20200322_19-33-17_14594-23870,smoothed_frames,ground_truth,investigation,1,2644,2728,85,yolo_sppf,attention,42,yolo_sppf_full_attention256_seed42,YOLO/SPPF Attention-256
test_2,Mouse836-female_20200322_19-33-17_14594-23870,smoothed_frames,ground_truth,investigation,1,2741,2767,27,yolo_sppf,attention,42,yolo_sppf_full_attention256_seed42,YOLO/SPPF Attention-256
test_2,Mouse836-female_20200322_19-33-17_14594-23870,smoothed_frames,ground_truth,investigation,1,3299,3374,76,yolo_sppf,attention,42,yolo_sppf_full_attention256_seed42,YOLO/SPPF Attention-256
test_2,Mouse836-female_20200322_19-33-17_14594-23870,smoothed_frames,ground_truth,investigation,1,3415,3676,262,yolo_sppf,attention,42,yolo_sppf_full_attention256_seed42,YOLO/SPPF Attention-256
test_2,Mouse836-female_20200322_19-33-17_14594-23870,smoothed_frames,ground_truth,investigation,1,3680,4137,458,yolo_sppf,attention,42,yolo_sppf_full_attention256_seed42,YOLO/SPPF Attention-256
test_2,Mouse836-female_20200322_19-33-17_14594-23870,smoothed_frames,ground_truth,investigation,1,4330,4488,159,yolo_sppf,attention,42,yolo_sppf_full_attention256_seed42,YOLO/SPPF Attention-256
test_2,Mouse836-female_20200322_19-33-17_14594-23870,smoothed_frames,ground_truth,investigation,1,4739,4747,9,yolo_sppf,attention,42,yolo_sppf_full_attention256_seed42,YOLO/SPPF Attention-256
test_2,Mouse836-female_20200322_19-33-17_14594-23870,smoothed_frames,ground_truth,investigation,1,5015,5045,31,yolo_sppf,attention,42,yolo_sppf_full_attention256_seed42,YOLO/SPPF Attention-256
test_2,Mouse836-female_20200322_19-33-17_14594-23870,smoothed_frames,ground_truth,investigation,1,5099,5285,187,yolo_sppf,attention,42,yolo_sppf_full_attention256_seed42,YOLO/SPPF Attention-256
test_2,Mouse836-female_20200322_19-33-17_14594-23870,smoothed_frames,ground_truth,investigation,1,5617,5626,10,yolo_sppf,attention,42,yolo_sppf_full_attention256_seed42,YOLO/SPPF Attention-256
test_2,Mouse836-female_20200322_19-33-17_14594-23870,smoothed_frames,ground_truth,investigation,1,5635,5697,63,yolo_sppf,attention,42,yolo_sppf_full_attention256_seed42,YOLO/SPPF Attention-256
test_2,Mouse836-female_20200322_19-33-17_14594-23870,smoothed_frames,ground_truth,investigation,1,5800,5828,29,yolo_sppf,attention,42,yolo_sppf_full_attention256_seed42,YOLO/SPPF Attention-256
test_2,Mouse836-female_20200322_19-33-17_14594-23870,smoothed_frames,ground_truth,mount,2,5830,5949,120,yolo_sppf,attention,42,yolo_sppf_full_attention256_seed42,YOLO/SPPF Attention-256
test_2,Mouse836-female_20200322_19-33-17_14594-23870,smoothed_frames,ground_truth,investigation,1,5950,5968,19,yolo_sppf,attention,42,yolo_sppf_full_attention256_seed42,YOLO/SPPF Attention-256
test_2,Mouse836-female_20200322_19-33-17_14594-23870,smoothed_frames,ground_truth,investigation,1,6073,6196,124,yolo_sppf,attention,42,yolo_sppf_full_attention256_seed42,YOLO/SPPF Attention-256
test_2,Mouse836-female_20200322_19-33-17_14594-23870,smoothed_frames,ground_truth,investigation,1,6217,6288,72,yolo_sppf,attention,42,yolo_sppf_full_attention256_seed42,YOLO/SPPF Attention-256
test_2,Mouse836-female_20200322_19-33-17_14594-23870,smoothed_frames,ground_truth,investigation,1,6590,6651,62,yolo_sppf,attention,42,yolo_sppf_full_attention256_seed42,YOLO/SPPF Attention-256
test_2,Mouse836-female_20200322_19-33-17_14594-23870,smoothed_frames,ground_truth,investigation,1,6818,6885,68,yolo_sppf,attention,42,yolo_sppf_full_attention256_seed42,YOLO/SPPF Attention-256
test_2,Mouse836-female_20200322_19-33-17_14594-23870,smoothed_frames,ground_truth,investigation,1,7186,7228,43,yolo_sppf,attention,42,yolo_sppf_full_attention256_seed42,YOLO/SPPF Attention-256
test_2,Mouse836-female_20200322_19-33-17_14594-23870,smoothed_frames,ground_truth,mount,2,7229,7365,137,yolo_sppf,attention,42,yolo_sppf_full_attention256_seed42,YOLO/SPPF Attention-256
test_2,Mouse836-female_20200322_19-33-17_14594-23870,smoothed_frames,ground_truth,investigation,1,7366,7378,13,yolo_sppf,attention,42,yolo_sppf_full_attention256_seed42,YOLO/SPPF Attention-256
test_2,Mouse836-female_20200322_19-33-17_14594-23870,smoothed_frames,ground_truth,investigation,1,7582,7598,17,yolo_sppf,attention,42,yolo_sppf_full_attention256_seed42,YOLO/SPPF Attention-256
test_2,Mouse836-female_20200322_19-33-17_14594-23870,smoothed_frames,ground_truth,investigation,1,7648,7655,8,yolo_sppf,attention,42,yolo_sppf_full_attention256_seed42,YOLO/SPPF Attention-256
test_2,Mouse836-female_20200322_19-33-17_14594-23870,smoothed_frames,ground_truth,investigation,1,8430,8533,104,yolo_sppf,attention,42,yolo_sppf_full_attention256_seed42,YOLO/SPPF Attention-256
test_2,Mouse836-female_20200322_19-33-17_14594-23870,smoothed_frames,ground_truth,mount,2,8535,8637,103,yolo_sppf,attention,42,yolo_sppf_full_attention256_seed42,YOLO/SPPF Attention-256
test_2,Mouse836-female_20200322_19-33-17_14594-23870,smoothed_frames,ground_truth,investigation,1,8638,8780,143,yolo_sppf,attention,42,yolo_sppf_full_attention256_seed42,YOLO/SPPF Attention-256
test_2,Mouse836-female_20200322_19-33-17_14594-23870,smoothed_frames,ground_truth,mount,2,8781,8846,66,yolo_sppf,attention,42,yolo_sppf_full_attention256_seed42,YOLO/SPPF Attention-256
test_2,Mouse836-female_20200322_19-33-17_14594-23870,smoothed_frames,ground_truth,investigation,1,8847,9029,183,yolo_sppf,attention,42,yolo_sppf_full_attention256_seed42,YOLO/SPPF Attention-256
test_2,Mouse836-female_20200322_19-33-17_14594-23870,smoothed_frames,ground_truth,investigation,1,9081,9129,49,yolo_sppf,attention,42,yolo_sppf_full_attention256_seed42,YOLO/SPPF Attention-256
test_2,Mouse839-female_20200322_20-15-11_12885-24623,smoothed_frames,ground_truth,investigation,1,34,69,36,yolo_sppf,attention,42,yolo_sppf_full_attention256_seed42,YOLO/SPPF Attention-256
test_2,Mouse839-female_20200322_20-15-11_12885-24623,smoothed_frames,ground_truth,investigation,1,76,90,15,yolo_sppf,attention,42,yolo_sppf_full_attention256_seed42,YOLO/SPPF Attention-256
test_2,Mouse839-female_20200322_20-15-11_12885-24623,smoothed_frames,ground_truth,investigation,1,115,176,62,yolo_sppf,attention,42,yolo_sppf_full_attention256_seed42,YOLO/SPPF Attention-256
test_2,Mouse839-female_20200322_20-15-11_12885-24623,smoothed_frames,ground_truth,investigation,1,195,225,31,yolo_sppf,attention,42,yolo_sppf_full_attention256_seed42,YOLO/SPPF Attention-256
test_2,Mouse839-female_20200322_20-15-11_12885-24623,smoothed_frames,ground_truth,investigation,1,341,430,90,yolo_sppf,attention,42,yolo_sppf_full_attention256_seed42,YOLO/SPPF Attention-256
test_2,Mouse839-female_20200322_20-15-11_12885-24623,smoothed_frames,ground_truth,investigation,1,439,754,316,yolo_sppf,attention,42,yolo_sppf_full_attention256_seed42,YOLO/SPPF Attention-256
test_2,Mouse839-female_20200322_20-15-11_12885-24623,smoothed_frames,ground_truth,mount,2,756,792,37,yolo_sppf,attention,42,yolo_sppf_full_attention256_seed42,YOLO/SPPF Attention-256
test_2,Mouse839-female_20200322_20-15-11_12885-24623,smoothed_frames,ground_truth,investigation,1,793,811,19,yolo_sppf,attention,42,yolo_sppf_full_attention256_seed42,YOLO/SPPF Attention-256
test_2,Mouse839-female_20200322_20-15-11_12885-24623,smoothed_frames,ground_truth,mount,2,813,973,161,yolo_sppf,attention,42,yolo_sppf_full_attention256_seed42,YOLO/SPPF Attention-256
test_2,Mouse839-female_20200322_20-15-11_12885-24623,smoothed_frames,ground_truth,investigation,1,974,997,24,yolo_sppf,attention,42,yolo_sppf_full_attention256_seed42,YOLO/SPPF Attention-256
test_2,Mouse839-female_20200322_20-15-11_12885-24623,smoothed_frames,ground_truth,investigation,1,1035,1125,91,yolo_sppf,attention,42,yolo_sppf_full_attention256_seed42,YOLO/SPPF Attention-256
test_2,Mouse839-female_20200322_20-15-11_12885-24623,smoothed_frames,ground_truth,mount,2,1127,1227,101,yolo_sppf,attention,42,yolo_sppf_full_attention256_seed42,YOLO/SPPF Attention-256
test_2,Mouse839-female_20200322_20-15-11_12885-24623,smoothed_frames,ground_truth,investigation,1,1229,1263,35,yolo_sppf,attention,42,yolo_sppf_full_attention256_seed42,YOLO/SPPF Attention-256
test_2,Mouse839-female_20200322_20-15-11_12885-24623,smoothed_frames,ground_truth,mount,2,1265,1330,66,yolo_sppf,attention,42,yolo_sppf_full_attention256_seed42,YOLO/SPPF Attention-256
test_2,Mouse839-female_20200322_20-15-11_12885-24623,smoothed_frames,ground_truth,investigation,1,1331,1373,43,yolo_sppf,attention,42,yolo_sppf_full_attention256_seed42,YOLO/SPPF Attention-256
test_2,Mouse839-female_20200322_20-15-11_12885-24623,smoothed_frames,ground_truth,investigation,1,1533,1768,236,yolo_sppf,attention,42,yolo_sppf_full_attention256_seed42,YOLO/SPPF Attention-256
test_2,Mouse839-female_20200322_20-15-11_12885-24623,smoothed_frames,ground_truth,investigation,1,1812,1856,45,yolo_sppf,attention,42,yolo_sppf_full_attention256_seed42,YOLO/SPPF Attention-256
test_2,Mouse839-female_20200322_20-15-11_12885-24623,smoothed_frames,ground_truth,mount,2,1858,2044,187,yolo_sppf,attention,42,yolo_sppf_full_attention256_seed42,YOLO/SPPF Attention-256
test_2,Mouse839-female_20200322_20-15-11_12885-24623,smoothed_frames,ground_truth,investigation,1,2045,2077,33,yolo_sppf,attention,42,yolo_sppf_full_attention256_seed42,YOLO/SPPF Attention-256
test_2,Mouse839-female_20200322_20-15-11_12885-24623,smoothed_frames,ground_truth,investigation,1,2172,2214,43,yolo_sppf,attention,42,yolo_sppf_full_attention256_seed42,YOLO/SPPF Attention-256
test_2,Mouse839-female_20200322_20-15-11_12885-24623,smoothed_frames,ground_truth,investigation,1,2225,2232,8,yolo_sppf,attention,42,yolo_sppf_full_attention256_seed42,YOLO/SPPF Attention-256
test_2,Mouse839-female_20200322_20-15-11_12885-24623,smoothed_frames,ground_truth,mount,2,2234,2263,30,yolo_sppf,attention,42,yolo_sppf_full_attention256_seed42,YOLO/SPPF Attention-256
test_2,Mouse839-female_20200322_20-15-11_12885-24623,smoothed_frames,ground_truth,investigation,1,2265,2279,15,yolo_sppf,attention,42,yolo_sppf_full_attention256_seed42,YOLO/SPPF Attention-256
test_2,Mouse839-female_20200322_20-15-11_12885-24623,smoothed_frames,ground_truth,mount,2,2281,2323,43,yolo_sppf,attention,42,yolo_sppf_full_attention256_seed42,YOLO/SPPF Attention-256
test_2,Mouse839-female_20200322_20-15-11_12885-24623,smoothed_frames,ground_truth,investigation,1,2325,2489,165,yolo_sppf,attention,42,yolo_sppf_full_attention256_seed42,YOLO/SPPF Attention-256
test_2,Mouse839-female_20200322_20-15-11_12885-24623,smoothed_frames,ground_truth,mount,2,2491,2542,52,yolo_sppf,attention,42,yolo_sppf_full_attention256_seed42,YOLO/SPPF Attention-256
test_2,Mouse839-female_20200322_20-15-11_12885-24623,smoothed_frames,ground_truth,investigation,1,2693,2700,8,yolo_sppf,attention,42,yolo_sppf_full_attention256_seed42,YOLO/SPPF Attention-256
test_2,Mouse839-female_20200322_20-15-11_12885-24623,smoothed_frames,ground_truth,investigation,1,2835,2872,38,yolo_sppf,attention,42,yolo_sppf_full_attention256_seed42,YOLO/SPPF Attention-256
test_2,Mouse839-female_20200322_20-15-11_12885-24623,smoothed_frames,ground_truth,investigation,1,2968,2984,17,yolo_sppf,attention,42,yolo_sppf_full_attention256_seed42,YOLO/SPPF Attention-256
test_2,Mouse839-female_20200322_20-15-11_12885-24623,smoothed_frames,ground_truth,investigation,1,3273,3276,4,yolo_sppf,attention,42,yolo_sppf_full_attention256_seed42,YOLO/SPPF Attention-256
test_2,Mouse839-female_20200322_20-15-11_12885-24623,smoothed_frames,ground_truth,investigation,1,3362,3420,59,yolo_sppf,attention,42,yolo_sppf_full_attention256_seed42,YOLO/SPPF Attention-256
test_2,Mouse839-female_20200322_20-15-11_12885-24623,smoothed_frames,ground_truth,investigation,1,3485,3549,65,yolo_sppf,attention,42,yolo_sppf_full_attention256_seed42,YOLO/SPPF Attention-256
test_2,Mouse839-female_20200322_20-15-11_12885-24623,smoothed_frames,ground_truth,investigation,1,3989,4094,106,yolo_sppf,attention,42,yolo_sppf_full_attention256_seed42,YOLO/SPPF Attention-256
test_2,Mouse839-female_20200322_20-15-11_12885-24623,smoothed_frames,ground_truth,mount,2,4095,4469,375,yolo_sppf,attention,42,yolo_sppf_full_attention256_seed42,YOLO/SPPF Attention-256
test_2,Mouse839-female_20200322_20-15-11_12885-24623,smoothed_frames,ground_truth,investigation,1,5599,5648,50,yolo_sppf,attention,42,yolo_sppf_full_attention256_seed42,YOLO/SPPF Attention-256
test_2,Mouse839-female_20200322_20-15-11_12885-24623,smoothed_frames,ground_truth,investigation,1,5720,5723,4,yolo_sppf,attention,42,yolo_sppf_full_attention256_seed42,YOLO/SPPF Attention-256
test_2,Mouse839-female_20200322_20-15-11_12885-24623,smoothed_frames,ground_truth,investigation,1,5833,5838,6,yolo_sppf,attention,42,yolo_sppf_full_attention256_seed42,YOLO/SPPF Attention-256
test_2,Mouse839-female_20200322_20-15-11_12885-24623,smoothed_frames,ground_truth,investigation,1,5855,5936,82,yolo_sppf,attention,42,yolo_sppf_full_attention256_seed42,YOLO/SPPF Attention-256
test_2,Mouse839-female_20200322_20-15-11_12885-24623,smoothed_frames,ground_truth,investigation,1,5964,5995,32,yolo_sppf,attention,42,yolo_sppf_full_attention256_seed42,YOLO/SPPF Attention-256
test_2,Mouse839-female_20200322_20-15-11_12885-24623,smoothed_frames,ground_truth,mount,2,5997,6143,147,yolo_sppf,attention,42,yolo_sppf_full_attention256_seed42,YOLO/SPPF Attention-256
test_2,Mouse839-female_20200322_20-15-11_12885-24623,smoothed_frames,ground_truth,investigation,1,6145,6194,50,yolo_sppf,attention,42,yolo_sppf_full_attention256_seed42,YOLO/SPPF Attention-256
test_2,Mouse839-female_20200322_20-15-11_12885-24623,smoothed_frames,ground_truth,investigation,1,6272,6315,44,yolo_sppf,attention,42,yolo_sppf_full_attention256_seed42,YOLO/SPPF Attention-256
test_2,Mouse839-female_20200322_20-15-11_12885-24623,smoothed_frames,ground_truth,investigation,1,6347,6397,51,yolo_sppf,attention,42,yolo_sppf_full_attention256_seed42,YOLO/SPPF Attention-256
test_2,Mouse839-female_20200322_20-15-11_12885-24623,smoothed_frames,ground_truth,mount,2,6399,6472,74,yolo_sppf,attention,42,yolo_sppf_full_attention256_seed42,YOLO/SPPF Attention-256
test_2,Mouse839-female_20200322_20-15-11_12885-24623,smoothed_frames,ground_truth,investigation,1,6474,6485,12,yolo_sppf,attention,42,yolo_sppf_full_attention256_seed42,YOLO/SPPF Attention-256
test_2,Mouse839-female_20200322_20-15-11_12885-24623,smoothed_frames,ground_truth,investigation,1,7058,7085,28,yolo_sppf,attention,42,yolo_sppf_full_attention256_seed42,YOLO/SPPF Attention-256
test_2,Mouse839-female_20200322_20-15-11_12885-24623,smoothed_frames,ground_truth,investigation,1,7304,7523,220,yolo_sppf,attention,42,yolo_sppf_full_attention256_seed42,YOLO/SPPF Attention-256
test_2,Mouse839-female_20200322_20-15-11_12885-24623,smoothed_frames,ground_truth,investigation,1,7659,7676,18,yolo_sppf,attention,42,yolo_sppf_full_attention256_seed42,YOLO/SPPF Attention-256
test_2,Mouse839-female_20200322_20-15-11_12885-24623,smoothed_frames,ground_truth,investigation,1,8468,8512,45,yolo_sppf,attention,42,yolo_sppf_full_attention256_seed42,YOLO/SPPF Attention-256
test_2,Mouse839-female_20200322_20-15-11_12885-24623,smoothed_frames,ground_truth,mount,2,8514,8570,57,yolo_sppf,attention,42,yolo_sppf_full_attention256_seed42,YOLO/SPPF Attention-256
test_2,Mouse839-female_20200322_20-15-11_12885-24623,smoothed_frames,ground_truth,investigation,1,8678,8715,38,yolo_sppf,attention,42,yolo_sppf_full_attention256_seed42,YOLO/SPPF Attention-256
test_2,Mouse839-female_20200322_20-15-11_12885-24623,smoothed_frames,ground_truth,investigation,1,8887,8898,12,yolo_sppf,attention,42,yolo_sppf_full_attention256_seed42,YOLO/SPPF Attention-256
test_2,Mouse839-female_20200322_20-15-11_12885-24623,smoothed_frames,ground_truth,investigation,1,9747,9764,18,yolo_sppf,attention,42,yolo_sppf_full_attention256_seed42,YOLO/SPPF Attention-256
test_2,Mouse839-female_20200322_20-15-11_12885-24623,smoothed_frames,ground_truth,investigation,1,9782,9877,96,yolo_sppf,attention,42,yolo_sppf_full_attention256_seed42,YOLO/SPPF Attention-256
test_2,Mouse839-female_20200322_20-15-11_12885-24623,smoothed_frames,ground_truth,mount,2,9878,9950,73,yolo_sppf,attention,42,yolo_sppf_full_attention256_seed42,YOLO/SPPF Attention-256
test_2,Mouse839-female_20200322_20-15-11_12885-24623,smoothed_frames,ground_truth,investigation,1,9952,9959,8,yolo_sppf,attention,42,yolo_sppf_full_attention256_seed42,YOLO/SPPF Attention-256
test_2,Mouse839-female_20200322_20-15-11_12885-24623,smoothed_frames,ground_truth,investigation,1,10013,10032,20,yolo_sppf,attention,42,yolo_sppf_full_attention256_seed42,YOLO/SPPF Attention-256
test_2,Mouse839-female_20200322_20-15-11_12885-24623,smoothed_frames,ground_truth,mount,2,10034,10185,152,yolo_sppf,attention,42,yolo_sppf_full_attention256_seed42,YOLO/SPPF Attention-256
test_2,Mouse839-female_20200322_20-15-11_12885-24623,smoothed_frames,ground_truth,investigation,1,10186,10254,69,yolo_sppf,attention,42,yolo_sppf_full_attention256_seed42,YOLO/SPPF Attention-256
test_2,Mouse839-female_20200322_20-15-11_12885-24623,smoothed_frames,ground_truth,investigation,1,10445,10464,20,yolo_sppf,attention,42,yolo_sppf_full_attention256_seed42,YOLO/SPPF Attention-256
test_2,Mouse839-female_20200322_20-15-11_12885-24623,smoothed_frames,ground_truth,mount,2,10466,10546,81,yolo_sppf,attention,42,yolo_sppf_full_attention256_seed42,YOLO/SPPF Attention-256
test_2,Mouse839-female_20200322_20-15-11_12885-24623,smoothed_frames,ground_truth,investigation,1,10547,10551,5,yolo_sppf,attention,42,yolo_sppf_full_attention256_seed42,YOLO/SPPF Attention-256
test_2,Mouse839-female_20200322_20-15-11_12885-24623,smoothed_frames,ground_truth,investigation,1,10652,10658,7,yolo_sppf,attention,42,yolo_sppf_full_attention256_seed42,YOLO/SPPF Attention-256
test_2,Mouse839-female_20200322_20-15-11_12885-24623,smoothed_frames,ground_truth,investigation,1,10829,10840,12,yolo_sppf,attention,42,yolo_sppf_full_attention256_seed42,YOLO/SPPF Attention-256
test_2,Mouse839-female_20200322_20-15-11_12885-24623,smoothed_frames,ground_truth,investigation,1,11159,11301,143,yolo_sppf,attention,42,yolo_sppf_full_attention256_seed42,YOLO/SPPF Attention-256
test_2,Mouse839-female_20200322_20-15-11_12885-24623,smoothed_frames,ground_truth,investigation,1,11447,11592,146,yolo_sppf,attention,42,yolo_sppf_full_attention256_seed42,YOLO/SPPF Attention-256
test_2,Mouse839-female_20200322_20-15-11_12885-24623,smoothed_frames,ground_truth,investigation,1,11614,11645,32,yolo_sppf,attention,42,yolo_sppf_full_attention256_seed42,YOLO/SPPF Attention-256
test_2,Mouse839-female_20200322_20-15-11_12885-24623,smoothed_frames,ground_truth,investigation,1,11663,11674,12,yolo_sppf,attention,42,yolo_sppf_full_attention256_seed42,YOLO/SPPF Attention-256
