pc1,pc2,label,video_id,sample_id
7.0486965,4.046751,investigation,Mouse060_20160526_18-16-27,Mouse060_20160526_18-16-27_f000144
9.908431,-6.2259235,investigation,Mouse060_20160526_18-16-27,Mouse060_20160526_18-16-27_f000160
2.1879814,-12.762685,investigation,Mouse060_20160526_18-16-27,Mouse060_20160526_18-16-27_f000176
-13.116256,3.1675425,investigation,Mouse060_20160526_18-16-27,Mouse060_20160526_18-16-27_f000384
-13.160552,-0.4367733,investigation,Mouse060_20160526_18-16-27,Mouse060_20160526_18-16-27_f000400
-0.9128341,-15.528432,investigation,Mouse060_20160526_18-16-27,Mouse060_20160526_18-16-27_f000560
-24.001474,-7.3010674,investigation,Mouse060_20160526_18-16-27,Mouse060_20160526_18-16-27_f000624
-27.357313,-8.365173,investigation,Mouse060_20160526_18-16-27,Mouse060_20160526_18-16-27_f000640
-3.756205,5.635477,investigation,Mouse060_20160526_18-16-27,Mouse060_20160526_18-16-27_f000784
11.308116,-6.365883,investigation,Mouse060_20160526_18-16-27,Mouse060_20160526_18-16-27_f001008
7.4953747,-3.9710846,investigation,Mouse060_20160526_18-16-27,Mouse060_20160526_18-16-27_f001040
-18.880869,9.22566,investigation,Mouse060_20160526_18-16-27,Mouse060_20160526_18-16-27_f001360
8.007847,7.444677,investigation,Mouse060_20160526_18-16-27,Mouse060_20160526_18-16-27_f001648
6.729256,9.298524,investigation,Mouse060_20160526_18-16-27,Mouse060_20160526_18-16-27_f001856
6.880075,-3.3730493,investigation,Mouse060_20160526_18-16-27,Mouse060_20160526_18-16-27_f002176
15.319544,33.59402,mount,Mouse060_20160526_18-16-27,Mouse060_20160526_18-16-27_f002336
14.197056,34.250237,mount,Mouse060_20160526_18-16-27,Mouse060_20160526_18-16-27_f002352
20.773787,-13.555887,other,Mouse060_20160526_18-16-27,Mouse060_20160526_18-16-27_f002704
-0.43198723,26.742832,mount,Mouse060_20160526_18-16-27,Mouse060_20160526_18-16-27_f002896
-3.093467,27.21171,mount,Mouse060_20160526_18-16-27,Mouse060_20160526_18-16-27_f002912
-0.55819553,31.145397,mount,Mouse060_20160526_18-16-27,Mouse060_20160526_18-16-27_f003008
-22.128853,12.278525,investigation,Mouse060_20160526_18-16-27,Mouse060_20160526_18-16-27_f003424
11.628434,25.161993,mount,Mouse060_20160526_18-16-27,Mouse060_20160526_18-16-27_f003584
22.219017,-1.5041832,investigation,Mouse060_20160526_18-16-27,Mouse060_20160526_18-16-27_f003648
17.294123,-16.635046,mount,Mouse060_20160526_18-16-27,Mouse060_20160526_18-16-27_f003680
-17.890097,12.726337,other,Mouse060_20160526_18-16-27,Mouse060_20160526_18-16-27_f004064
12.325991,10.925825,mount,Mouse060_20160526_18-16-27,Mouse060_20160526_18-16-27_f004352
12.053326,7.466349,mount,Mouse060_20160526_18-16-27,Mouse060_20160526_18-16-27_f004416
8.145506,-0.30289245,mount,Mouse060_20160526_18-16-27,Mouse060_20160526_18-16-27_f004480
-11.04,-0.053437646,other,Mouse060_20160526_18-16-27,Mouse060_20160526_18-16-27_f004528
-4.992826,-14.042223,investigation,Mouse060_20160526_18-16-27,Mouse060_20160526_18-16-27_f004992
-7.231815,-13.092395,mount,Mouse060_20160526_18-16-27,Mouse060_20160526_18-16-27_f005024
12.935446,7.067382,mount,Mouse060_20160526_18-16-27,Mouse060_20160526_18-16-27_f005056
-14.868555,-10.827547,mount,Mouse060_20160526_18-16-27,Mouse060_20160526_18-16-27_f005104
-18.77214,-1.7176145,mount,Mouse060_20160526_18-16-27,Mouse060_20160526_18-16-27_f005152
17.072533,-17.252518,other,Mouse060_20160526_18-16-27,Mouse060_20160526_18-16-27_f005536
-14.362514,1.6967076,investigation,Mouse060_20160526_18-16-27,Mouse060_20160526_18-16-27_f005904
-11.535707,15.239369,mount,Mouse060_20160526_18-16-27,Mouse060_20160526_18-16-27_f006096
-12.610318,2.6909337,mount,Mouse060_20160526_18-16-27,Mouse060_20160526_18-16-27_f006176
-15.941674,6.3989477,investigation,Mouse060_20160526_18-16-27,Mouse060_20160526_18-16-27_f006992
-5.498374,0.79133403,investigation,Mouse060_20160526_18-16-27,Mouse060_20160526_18-16-27_f007024
-4.258755,-6.865879,investigation,Mouse060_20160526_18-16-27,Mouse060_20160526_18-16-27_f007216
-6.3200197,-14.792826,mount,Mouse060_20160526_18-16-27,Mouse060_20160526_18-16-27_f007280
-4.813504,-17.329512,mount,Mouse060_20160526_18-16-27,Mouse060_20160526_18-16-27_f007312
-3.6458051,-7.1180897,other,Mouse060_20160526_18-16-27,Mouse060_20160526_18-16-27_f007504
25.124887,-15.996323,other,Mouse060_20160526_18-16-27,Mouse060_20160526_18-16-27_f007856
-25.558287,-8.4617605,mount,Mouse060_20160526_18-16-27,Mouse060_20160526_18-16-27_f009136
-20.910694,-2.5803368,mount,Mouse060_20160526_18-16-27,Mouse060_20160526_18-16-27_f009168
-20.352407,4.400878,mount,Mouse060_20160526_18-16-27,Mouse060_20160526_18-16-27_f009184
-2.943225,16.546478,mount,Mouse060_20160526_18-16-27,Mouse060_20160526_18-16-27_f009200
9.177867,24.120432,mount,Mouse060_20160526_18-16-27,Mouse060_20160526_18-16-27_f009600
22.928665,-14.438168,other,Mouse060_20160526_18-16-27,Mouse060_20160526_18-16-27_f010016
21.407644,-18.511436,other,Mouse060_20160526_18-16-27,Mouse060_20160526_18-16-27_f010160
11.440525,-14.146663,investigation,Mouse060_20160526_18-16-27,Mouse060_20160526_18-16-27_f010256
-11.061295,-22.802599,mount,Mouse060_20160526_18-16-27,Mouse060_20160526_18-16-27_f010336
7.822168,-3.618062,other,Mouse060_20160526_18-16-27,Mouse060_20160526_18-16-27_f010720
-1.0918703,28.53899,mount,Mouse060_20160526_18-16-27,Mouse060_20160526_18-16-27_f010896
-2.716484,29.078672,mount,Mouse060_20160526_18-16-27,Mouse060_20160526_18-16-27_f010912
-5.1450133,22.81771,mount,Mouse060_20160526_18-16-27,Mouse060_20160526_18-16-27_f010944
29.912079,-9.392432,other,Mouse060_20160526_18-16-27,Mouse060_20160526_18-16-27_f011312
4.6316,-0.6080869,mount,Mouse060_20160526_18-16-27,Mouse060_20160526_18-16-27_f011920
3.959236,16.323673,mount,Mouse060_20160526_18-16-27,Mouse060_20160526_18-16-27_f011952
-4.247328,-0.58135104,mount,Mouse060_20160526_18-16-27,Mouse060_20160526_18-16-27_f011968
-17.360939,9.2506075,mount,Mouse060_20160526_18-16-27,Mouse060_20160526_18-16-27_f012176
17.587564,-15.63591,other,Mouse060_20160526_18-16-27,Mouse060_20160526_18-16-27_f012384
18.601051,-11.202976,other,Mouse060_20160526_18-16-27,Mouse060_20160526_18-16-27_f013264
-11.626114,26.001232,mount,Mouse060_20160526_18-16-27,Mouse060_20160526_18-16-27_f013648
17.828238,-1.8656582,investigation,Mouse060_20160526_18-16-27,Mouse060_20160526_18-16-27_f013856
1.9858632,4.8926706,investigation,Mouse060_20160526_18-16-27,Mouse060_20160526_18-16-27_f013888
29.378239,-18.349285,other,Mouse060_20160526_18-16-27,Mouse060_20160526_18-16-27_f014288
1.0611625,14.18967,investigation,Mouse060_20160526_18-16-27,Mouse060_20160526_18-16-27_f014544
0.9980361,-4.848994,investigation,Mouse060_20160526_18-16-27,Mouse060_20160526_18-16-27_f015248
-1.7305908,-8.917984,investigation,Mouse060_20160526_18-16-27,Mouse060_20160526_18-16-27_f015264
-22.450796,-8.05382,investigation,Mouse060_20160526_18-16-27,Mouse060_20160526_18-16-27_f015296
-18.186094,-9.674576,investigation,Mouse060_20160526_18-16-27,Mouse060_20160526_18-16-27_f015312
28.3997,-8.188632,other,Mouse060_20160526_18-16-27,Mouse060_20160526_18-16-27_f015712
-20.85628,-15.09665,investigation,Mouse060_20160526_18-16-27,Mouse060_20160526_18-16-27_f016480
-14.475544,5.674552,investigation,Mouse060_20160526_18-16-27,Mouse060_20160526_18-16-27_f016848
-13.895177,5.3478203,other,Mouse060_20160526_18-16-27,Mouse060_20160526_18-16-27_f016960
20.211342,-16.96035,other,Mouse060_20160526_18-16-27,Mouse060_20160526_18-16-27_f017904
1.841589,-4.6594224,mount,Mouse060_20160526_18-16-27,Mouse060_20160526_18-16-27_f018432
-21.406803,-12.018174,mount,Mouse060_20160526_18-16-27,Mouse060_20160526_18-16-27_f018528
-10.443619,-13.607312,other,Mouse060_20160526_18-16-27,Mouse060_20160526_18-16-27_f018624
2.588862,-8.47131,mount,Mouse060_20160526_18-16-27,Mouse060_20160526_18-16-27_f019136
19.341642,-17.9558,other,Mouse060_20160526_18-16-27,Mouse060_20160526_18-16-27_f019360
4.6491485,-16.0905,other,Mouse060_20160526_18-16-27,Mouse060_20160526_18-16-27_f019584
-1.7815262,-14.753146,other,Mouse060_20160526_18-16-27,Mouse060_20160526_18-16-27_f019600
-26.926447,4.7748456,investigation,Mouse060_20160526_18-16-27,Mouse060_20160526_18-16-27_f020336
-20.931175,-0.58284867,investigation,Mouse060_20160526_18-16-27,Mouse060_20160526_18-16-27_f020416
-1.4382266,-10.564264,investigation,Mouse060_20160526_18-16-27,Mouse060_20160526_18-16-27_f020704
-27.623188,-15.762149,investigation,Mouse060_20160526_18-16-27,Mouse060_20160526_18-16-27_f020736
11.949527,10.936514,mount,Mouse060_20160526_18-16-27,Mouse060_20160526_18-16-27_f021168
19.183733,-26.723083,other,Mouse060_20160526_18-16-27,Mouse060_20160526_18-16-27_f021408
19.704025,-18.789635,other,Mouse060_20160526_18-16-27,Mouse060_20160526_18-16-27_f021488
14.179868,-27.482304,other,Mouse060_20160526_18-16-27,Mouse060_20160526_18-16-27_f022544
19.173975,-17.027681,other,Mouse060_20160526_18-16-27,Mouse060_20160526_18-16-27_f022896
8.023502,-16.337431,investigation,Mouse060_20160526_18-16-27,Mouse060_20160526_18-16-27_f023440
0.65733474,-15.666771,investigation,Mouse060_20160526_18-16-27,Mouse060_20160526_18-16-27_f023472
17.93667,-11.454299,other,Mouse060_20160526_18-16-27,Mouse060_20160526_18-16-27_f023952
-18.088625,3.0230658,investigation,Mouse060_20160526_18-16-27,Mouse060_20160526_18-16-27_f024176
-8.610973,-0.18345328,investigation,Mouse061_20160526_18-38-49,Mouse061_20160526_18-38-49_f000240
-20.153486,-3.9559655,investigation,Mouse061_20160526_18-38-49,Mouse061_20160526_18-38-49_f000272
7.0194874,-5.031616,investigation,Mouse061_20160526_18-38-49,Mouse061_20160526_18-38-49_f000304
-18.230337,3.7620642,investigation,Mouse061_20160526_18-38-49,Mouse061_20160526_18-38-49_f000528
-13.876224,5.8553476,investigation,Mouse061_20160526_18-38-49,Mouse061_20160526_18-38-49_f000992
19.373096,-9.432725,investigation,Mouse061_20160526_18-38-49,Mouse061_20160526_18-38-49_f001216
-0.5823189,-11.728067,investigation,Mouse061_20160526_18-38-49,Mouse061_20160526_18-38-49_f001328
-5.1222124,-3.7806008,investigation,Mouse061_20160526_18-38-49,Mouse061_20160526_18-38-49_f001424
-13.044477,-9.675929,mount,Mouse061_20160526_18-38-49,Mouse061_20160526_18-38-49_f002064
17.976206,-17.393883,other,Mouse061_20160526_18-38-49,Mouse061_20160526_18-38-49_f002864
20.233734,-3.740906,other,Mouse061_20160526_18-38-49,Mouse061_20160526_18-38-49_f003152
17.881931,-26.067389,other,Mouse061_20160526_18-38-49,Mouse061_20160526_18-38-49_f003520
15.807303,-16.899693,mount,Mouse061_20160526_18-38-49,Mouse061_20160526_18-38-49_f003840
19.921495,2.765162,mount,Mouse061_20160526_18-38-49,Mouse061_20160526_18-38-49_f003888
24.725367,19.389456,mount,Mouse061_20160526_18-38-49,Mouse061_20160526_18-38-49_f003968
17.085247,-2.3962865,mount,Mouse061_20160526_18-38-49,Mouse061_20160526_18-38-49_f004000
16.193727,-6.2808957,mount,Mouse061_20160526_18-38-49,Mouse061_20160526_18-38-49_f004080
6.204857,-15.775139,mount,Mouse061_20160526_18-38-49,Mouse061_20160526_18-38-49_f004128
8.036458,-15.9523325,mount,Mouse061_20160526_18-38-49,Mouse061_20160526_18-38-49_f004256
11.948818,-17.025312,mount,Mouse061_20160526_18-38-49,Mouse061_20160526_18-38-49_f004272
11.6499,-17.130005,mount,Mouse061_20160526_18-38-49,Mouse061_20160526_18-38-49_f004320
12.211993,-16.750292,mount,Mouse061_20160526_18-38-49,Mouse061_20160526_18-38-49_f004336
13.603247,-13.777849,mount,Mouse061_20160526_18-38-49,Mouse061_20160526_18-38-49_f004384
13.74228,-11.578439,mount,Mouse061_20160526_18-38-49,Mouse061_20160526_18-38-49_f004448
15.267026,-17.038301,mount,Mouse061_20160526_18-38-49,Mouse061_20160526_18-38-49_f004528
15.318782,-17.218037,mount,Mouse061_20160526_18-38-49,Mouse061_20160526_18-38-49_f004544
11.43031,-17.227194,mount,Mouse061_20160526_18-38-49,Mouse061_20160526_18-38-49_f004720
9.267184,-12.050729,mount,Mouse061_20160526_18-38-49,Mouse061_20160526_18-38-49_f004800
16.34598,-12.789291,mount,Mouse061_20160526_18-38-49,Mouse061_20160526_18-38-49_f004896
14.677834,-16.544561,mount,Mouse061_20160526_18-38-49,Mouse061_20160526_18-38-49_f004960
17.350359,-16.747688,mount,Mouse061_20160526_18-38-49,Mouse061_20160526_18-38-49_f004992
18.677301,-17.129267,mount,Mouse061_20160526_18-38-49,Mouse061_20160526_18-38-49_f005008
19.987677,-17.127348,mount,Mouse061_20160526_18-38-49,Mouse061_20160526_18-38-49_f005024
14.952067,-16.26919,mount,Mouse061_20160526_18-38-49,Mouse061_20160526_18-38-49_f005072
11.48501,-14.164233,mount,Mouse061_20160526_18-38-49,Mouse061_20160526_18-38-49_f005312
10.733037,-15.163415,mount,Mouse061_20160526_18-38-49,Mouse061_20160526_18-38-49_f005360
17.141102,-14.877992,mount,Mouse061_20160526_18-38-49,Mouse061_20160526_18-38-49_f005408
13.804393,-15.740586,mount,Mouse061_20160526_18-38-49,Mouse061_20160526_18-38-49_f005456
14.472876,-13.498862,mount,Mouse061_20160526_18-38-49,Mouse061_20160526_18-38-49_f005488
15.687534,-16.127195,mount,Mouse061_20160526_18-38-49,Mouse061_20160526_18-38-49_f005520
15.119851,-14.264077,mount,Mouse061_20160526_18-38-49,Mouse061_20160526_18-38-49_f005568
8.5253,-14.110454,mount,Mouse061_20160526_18-38-49,Mouse061_20160526_18-38-49_f005616
9.391967,-15.485887,mount,Mouse061_20160526_18-38-49,Mouse061_20160526_18-38-49_f005648
18.948996,-15.527047,mount,Mouse061_20160526_18-38-49,Mouse061_20160526_18-38-49_f005696
16.868683,-13.727902,mount,Mouse061_20160526_18-38-49,Mouse061_20160526_18-38-49_f005728
20.908434,-15.042461,mount,Mouse061_20160526_18-38-49,Mouse061_20160526_18-38-49_f005760
20.50966,-16.14602,mount,Mouse061_20160526_18-38-49,Mouse061_20160526_18-38-49_f005888
-16.917418,-1.9341377,investigation,Mouse061_20160526_18-38-49,Mouse061_20160526_18-38-49_f006192
-17.412626,-5.0368795,investigation,Mouse061_20160526_18-38-49,Mouse061_20160526_18-38-49_f006208
-7.6703176,10.007055,investigation,Mouse061_20160526_18-38-49,Mouse061_20160526_18-38-49_f006608
-23.556227,4.522068,investigation,Mouse061_20160526_18-38-49,Mouse061_20160526_18-38-49_f006656
-19.602793,5.5380516,investigation,Mouse061_20160526_18-38-49,Mouse061_20160526_18-38-49_f006720
-9.762958,-0.5412049,investigation,Mouse061_20160526_18-38-49,Mouse061_20160526_18-38-49_f006944
-6.934787,14.85726,mount,Mouse061_20160526_18-38-49,Mouse061_20160526_18-38-49_f007248
-3.0057712,16.531927,mount,Mouse061_20160526_18-38-49,Mouse061_20160526_18-38-49_f007392
-4.7334366,9.947038,mount,Mouse061_20160526_18-38-49,Mouse061_20160526_18-38-49_f007408
-12.870066,9.299483,mount,Mouse061_20160526_18-38-49,Mouse061_20160526_18-38-49_f007488
-15.095045,10.546805,mount,Mouse061_20160526_18-38-49,Mouse061_20160526_18-38-49_f007536
-6.117944,8.773015,mount,Mouse061_20160526_18-38-49,Mouse061_20160526_18-38-49_f007584
-7.676315,1.6685785,mount,Mouse061_20160526_18-38-49,Mouse061_20160526_18-38-49_f007648
-10.575173,3.1599095,mount,Mouse061_20160526_18-38-49,Mouse061_20160526_18-38-49_f007712
-11.150634,2.4125986,mount,Mouse061_20160526_18-38-49,Mouse061_20160526_18-38-49_f007840
-17.543287,3.78146,mount,Mouse061_20160526_18-38-49,Mouse061_20160526_18-38-49_f007872
-15.927536,5.48061,mount,Mouse061_20160526_18-38-49,Mouse061_20160526_18-38-49_f007920
-7.5381594,2.7473748,mount,Mouse061_20160526_18-38-49,Mouse061_20160526_18-38-49_f007952
1.449534,0.8754007,other,Mouse061_20160526_18-38-49,Mouse061_20160526_18-38-49_f008160
-15.033138,-3.3287585,investigation,Mouse061_20160526_18-38-49,Mouse061_20160526_18-38-49_f008208
-10.343225,-5.250626,investigation,Mouse061_20160526_18-38-49,Mouse061_20160526_18-38-49_f008224
0.010384469,3.1713896,investigation,Mouse061_20160526_18-38-49,Mouse061_20160526_18-38-49_f008480
4.0371118,3.4453843,investigation,Mouse061_20160526_18-38-49,Mouse061_20160526_18-38-49_f008544
-18.293543,14.354722,investigation,Mouse061_20160526_18-38-49,Mouse061_20160526_18-38-49_f008864
-16.72621,17.35796,investigation,Mouse061_20160526_18-38-49,Mouse061_20160526_18-38-49_f008912
-15.686468,17.645098,investigation,Mouse061_20160526_18-38-49,Mouse061_20160526_18-38-49_f008928
-6.982154,4.6076207,investigation,Mouse061_20160526_18-38-49,Mouse061_20160526_18-38-49_f009024
30.72712,-9.370737,other,Mouse061_20160526_18-38-49,Mouse061_20160526_18-38-49_f009488
13.338145,8.830716,mount,Mouse061_20160526_18-38-49,Mouse061_20160526_18-38-49_f009552
7.5681705,12.313166,mount,Mouse061_20160526_18-38-49,Mouse061_20160526_18-38-49_f009696
7.8641934,13.094679,mount,Mouse061_20160526_18-38-49,Mouse061_20160526_18-38-49_f009712
15.048507,15.192148,mount,Mouse061_20160526_18-38-49,Mouse061_20160526_18-38-49_f009872
25.73008,21.837696,mount,Mouse061_20160526_18-38-49,Mouse061_20160526_18-38-49_f010000
2.4835317,18.36694,mount,Mouse061_20160526_18-38-49,Mouse061_20160526_18-38-49_f010176
0.32742175,13.872833,mount,Mouse061_20160526_18-38-49,Mouse061_20160526_18-38-49_f010192
24.765505,-2.0022688,other,Mouse061_20160526_18-38-49,Mouse061_20160526_18-38-49_f010352
-6.768164,14.83126,investigation,Mouse061_20160526_18-38-49,Mouse061_20160526_18-38-49_f010528
-1.7564647,-3.8197694,investigation,Mouse061_20160526_18-38-49,Mouse061_20160526_18-38-49_f010800
21.99517,-19.84746,other,Mouse061_20160526_18-38-49,Mouse061_20160526_18-38-49_f010912
23.26068,-16.118198,other,Mouse061_20160526_18-38-49,Mouse061_20160526_18-38-49_f010928
6.4785385,1.1471342,mount,Mouse061_20160526_18-38-49,Mouse061_20160526_18-38-49_f011104
19.198925,9.639011,investigation,Mouse061_20160526_18-38-49,Mouse061_20160526_18-38-49_f011232
-19.471247,9.801056,mount,Mouse061_20160526_18-38-49,Mouse061_20160526_18-38-49_f011616
-19.488478,9.983952,mount,Mouse061_20160526_18-38-49,Mouse061_20160526_18-38-49_f011712
-20.281317,13.705092,mount,Mouse061_20160526_18-38-49,Mouse061_20160526_18-38-49_f011792
-18.892088,13.566698,mount,Mouse061_20160526_18-38-49,Mouse061_20160526_18-38-49_f011840
-15.478572,12.183945,mount,Mouse061_20160526_18-38-49,Mouse061_20160526_18-38-49_f011936
-16.26825,10.746955,mount,Mouse061_20160526_18-38-49,Mouse061_20160526_18-38-49_f012000
-18.328882,15.181382,mount,Mouse061_20160526_18-38-49,Mouse061_20160526_18-38-49_f012048
-16.602772,15.452091,mount,Mouse061_20160526_18-38-49,Mouse061_20160526_18-38-49_f012064
-16.59579,13.612146,mount,Mouse061_20160526_18-38-49,Mouse061_20160526_18-38-49_f012112
-16.161152,13.1446905,mount,Mouse061_20160526_18-38-49,Mouse061_20160526_18-38-49_f012128
-16.72957,12.831027,mount,Mouse061_20160526_18-38-49,Mouse061_20160526_18-38-49_f012144
-20.547333,11.941511,mount,Mouse061_20160526_18-38-49,Mouse061_20160526_18-38-49_f012192
-18.253456,12.579138,mount,Mouse061_20160526_18-38-49,Mouse061_20160526_18-38-49_f012240
-15.028592,9.296912,mount,Mouse061_20160526_18-38-49,Mouse061_20160526_18-38-49_f012272
-15.195956,8.922044,mount,Mouse061_20160526_18-38-49,Mouse061_20160526_18-38-49_f012288
-22.09438,13.533925,mount,Mouse061_20160526_18-38-49,Mouse061_20160526_18-38-49_f012336
-19.067173,14.68371,other,Mouse061_20160526_18-38-49,Mouse061_20160526_18-38-49_f012352
-21.044865,12.996328,other,Mouse061_20160526_18-38-49,Mouse061_20160526_18-38-49_f012448
1.7581522,-15.306244,other,Mouse061_20160526_18-38-49,Mouse061_20160526_18-38-49_f012672
10.823319,-14.926162,other,Mouse061_20160526_18-38-49,Mouse061_20160526_18-38-49_f012880
-11.330206,22.340508,mount,Mouse061_20160526_18-38-49,Mouse061_20160526_18-38-49_f013408
-5.956572,33.31298,mount,Mouse061_20160526_18-38-49,Mouse061_20160526_18-38-49_f013424
-8.605338,34.427807,mount,Mouse061_20160526_18-38-49,Mouse061_20160526_18-38-49_f013520
-17.374292,17.373993,mount,Mouse061_20160526_18-38-49,Mouse061_20160526_18-38-49_f013552
-16.625458,17.729664,mount,Mouse061_20160526_18-38-49,Mouse061_20160526_18-38-49_f013584
-23.902489,11.400676,mount,Mouse061_20160526_18-38-49,Mouse061_20160526_18-38-49_f013744
-15.282556,10.984678,other,Mouse061_20160526_18-38-49,Mouse061_20160526_18-38-49_f014176
10.6887045,1.7065339,other,Mouse061_20160526_18-38-49,Mouse061_20160526_18-38-49_f014384
-16.442522,4.6415815,other,Mouse061_20160526_18-38-49,Mouse061_20160526_18-38-49_f015648
28.54033,-7.780774,other,Mouse061_20160526_18-38-49,Mouse061_20160526_18-38-49_f015968
16.460228,18.899395,mount,Mouse061_20160526_18-38-49,Mouse061_20160526_18-38-49_f016480
18.852352,16.87843,mount,Mouse061_20160526_18-38-49,Mouse061_20160526_18-38-49_f016528
15.838012,16.30537,mount,Mouse061_20160526_18-38-49,Mouse061_20160526_18-38-49_f016560
11.162549,17.203339,mount,Mouse061_20160526_18-38-49,Mouse061_20160526_18-38-49_f016624
29.369602,22.630264,mount,Mouse061_20160526_18-38-49,Mouse061_20160526_18-38-49_f016752
34.44185,18.12173,mount,Mouse061_20160526_18-38-49,Mouse061_20160526_18-38-49_f016800
23.325285,20.963844,mount,Mouse061_20160526_18-38-49,Mouse061_20160526_18-38-49_f016848
26.91245,24.212048,mount,Mouse061_20160526_18-38-49,Mouse061_20160526_18-38-49_f016880
30.312143,26.545967,mount,Mouse061_20160526_18-38-49,Mouse061_20160526_18-38-49_f016896
29.767845,25.04468,mount,Mouse061_20160526_18-38-49,Mouse061_20160526_18-38-49_f016976
-3.4242785,7.5822144,mount,Mouse061_20160526_18-38-49,Mouse061_20160526_18-38-49_f017312
-7.3512087,7.4265847,mount,Mouse061_20160526_18-38-49,Mouse061_20160526_18-38-49_f017360
-9.317163,7.397992,mount,Mouse061_20160526_18-38-49,Mouse061_20160526_18-38-49_f017376
-9.458157,10.05501,mount,Mouse061_20160526_18-38-49,Mouse061_20160526_18-38-49_f017392
-7.3113832,7.408249,mount,Mouse061_20160526_18-38-49,Mouse061_20160526_18-38-49_f017424
-7.096762,5.901586,mount,Mouse061_20160526_18-38-49,Mouse061_20160526_18-38-49_f017440
-7.3435435,4.997531,mount,Mouse061_20160526_18-38-49,Mouse061_20160526_18-38-49_f017456
-7.477348,3.8355753,mount,Mouse061_20160526_18-38-49,Mouse061_20160526_18-38-49_f017568
-5.5788403,-2.5204344,mount,Mouse061_20160526_18-38-49,Mouse061_20160526_18-38-49_f017632
-10.832071,-3.1991658,mount,Mouse061_20160526_18-38-49,Mouse061_20160526_18-38-49_f017664
-13.621342,-2.0383806,mount,Mouse061_20160526_18-38-49,Mouse061_20160526_18-38-49_f017856
-12.365091,-0.73423487,mount,Mouse061_20160526_18-38-49,Mouse061_20160526_18-38-49_f017872
0.5153154,1.3635421,mount,Mouse061_20160526_18-38-49,Mouse061_20160526_18-38-49_f017904
12.1718025,-10.597047,other,Mouse061_20160526_18-38-49,Mouse061_20160526_18-38-49_f018288
16.87733,-13.960927,other,Mouse061_20160526_18-38-49,Mouse061_20160526_18-38-49_f018368
25.58669,2.9151745,other,Mouse061_20160526_18-38-49,Mouse061_20160526_18-38-49_f018512
-0.94530034,-1.8025956,investigation,Mouse061_20160526_18-38-49,Mouse061_20160526_18-38-49_f018608
12.70792,-12.990404,investigation,Mouse062_20160526_18-56-26,Mouse062_20160526_18-56-26_f000096
3.0742238,-11.10279,investigation,Mouse062_20160526_18-56-26,Mouse062_20160526_18-56-26_f000256
21.26615,-15.05653,investigation,Mouse062_20160526_18-56-26,Mouse062_20160526_18-56-26_f000304
-32.285683,-5.3968806,investigation,Mouse062_20160526_18-56-26,Mouse062_20160526_18-56-26_f000656
-33.113445,-2.8863554,investigation,Mouse062_20160526_18-56-26,Mouse062_20160526_18-56-26_f000688
-33.345074,-1.4741801,investigation,Mouse062_20160526_18-56-26,Mouse062_20160526_18-56-26_f000704
-4.0503407,4.368642,investigation,Mouse062_20160526_18-56-26,Mouse062_20160526_18-56-26_f001392
12.843679,-10.062366,investigation,Mouse062_20160526_18-56-26,Mouse062_20160526_18-56-26_f001680
-38.953384,-1.137547,investigation,Mouse062_20160526_18-56-26,Mouse062_20160526_18-56-26_f001872
-32.54038,1.0747921,investigation,Mouse062_20160526_18-56-26,Mouse062_20160526_18-56-26_f001904
-7.0184746,-15.32556,investigation,Mouse062_20160526_18-56-26,Mouse062_20160526_18-56-26_f002064
-4.259769,-3.4586794,investigation,Mouse062_20160526_18-56-26,Mouse062_20160526_18-56-26_f002272
19.531548,-17.414818,other,Mouse062_20160526_18-56-26,Mouse062_20160526_18-56-26_f002544
-27.05981,-1.6455259,investigation,Mouse062_20160526_18-56-26,Mouse062_20160526_18-56-26_f002640
20.523134,-19.82399,other,Mouse062_20160526_18-56-26,Mouse062_20160526_18-56-26_f002816
-17.006727,0.52412003,other,Mouse062_20160526_18-56-26,Mouse062_20160526_18-56-26_f003024
-14.171417,5.031112,investigation,Mouse062_20160526_18-56-26,Mouse062_20160526_18-56-26_f003136
12.65852,-6.5481567,investigation,Mouse062_20160526_18-56-26,Mouse062_20160526_18-56-26_f003312
-2.2640576,-11.260683,investigation,Mouse062_20160526_18-56-26,Mouse062_20160526_18-56-26_f003344
-13.431459,-13.532658,other,Mouse062_20160526_18-56-26,Mouse062_20160526_18-56-26_f003488
-20.823572,-1.0233305,investigation,Mouse062_20160526_18-56-26,Mouse062_20160526_18-56-26_f003904
-31.571836,7.307821,investigation,Mouse062_20160526_18-56-26,Mouse062_20160526_18-56-26_f004816
1.853136,10.269939,investigation,Mouse062_20160526_18-56-26,Mouse062_20160526_18-56-26_f005040
3.5576189,2.6418538,investigation,Mouse062_20160526_18-56-26,Mouse062_20160526_18-56-26_f005232
-7.8338165,2.597409,investigation,Mouse062_20160526_18-56-26,Mouse062_20160526_18-56-26_f005616
-26.94577,7.1073256,investigation,Mouse062_20160526_18-56-26,Mouse062_20160526_18-56-26_f005744
-33.639133,3.9416292,investigation,Mouse062_20160526_18-56-26,Mouse062_20160526_18-56-26_f005760
-0.58872396,2.4769273,other,Mouse062_20160526_18-56-26,Mouse062_20160526_18-56-26_f005840
22.890215,-13.744668,other,Mouse062_20160526_18-56-26,Mouse062_20160526_18-56-26_f005872
-34.333096,4.3376226,investigation,Mouse062_20160526_18-56-26,Mouse062_20160526_18-56-26_f006864
21.059834,-4.0505195,other,Mouse062_20160526_18-56-26,Mouse062_20160526_18-56-26_f007056
7.907998,-5.493006,investigation,Mouse062_20160526_18-56-26,Mouse062_20160526_18-56-26_f007696
9.98178,2.6509702,other,Mouse062_20160526_18-56-26,Mouse062_20160526_18-56-26_f008048
15.750137,-15.789695,other,Mouse062_20160526_18-56-26,Mouse062_20160526_18-56-26_f008368
11.25601,3.5962143,other,Mouse062_20160526_18-56-26,Mouse062_20160526_18-56-26_f008848
20.049286,-13.37652,other,Mouse062_20160526_18-56-26,Mouse062_20160526_18-56-26_f008896
-0.6401037,11.939382,mount,Mouse062_20160526_18-56-26,Mouse062_20160526_18-56-26_f009440
-34.106422,8.231937,investigation,Mouse062_20160526_18-56-26,Mouse062_20160526_18-56-26_f009600
11.751626,-4.6646357,other,Mouse062_20160526_18-56-26,Mouse062_20160526_18-56-26_f009840
17.018688,-9.446353,investigation,Mouse062_20160526_18-56-26,Mouse062_20160526_18-56-26_f010432
-6.0602603,-4.355574,investigation,Mouse062_20160526_18-56-26,Mouse062_20160526_18-56-26_f010480
-4.031313,3.23038,investigation,Mouse062_20160526_18-56-26,Mouse062_20160526_18-56-26_f010960
0.19597201,0.677133,investigation,Mouse062_20160526_18-56-26,Mouse062_20160526_18-56-26_f010992
3.6921258,4.1837525,other,Mouse062_20160526_18-56-26,Mouse062_20160526_18-56-26_f011056
15.972228,8.056647,mount,Mouse062_20160526_18-56-26,Mouse062_20160526_18-56-26_f011280
23.686861,6.9638433,mount,Mouse062_20160526_18-56-26,Mouse062_20160526_18-56-26_f011312
16.082132,9.962694,mount,Mouse062_20160526_18-56-26,Mouse062_20160526_18-56-26_f011360
23.052637,27.503271,mount,Mouse062_20160526_18-56-26,Mouse062_20160526_18-56-26_f011408
16.6983,8.195356,mount,Mouse062_20160526_18-56-26,Mouse062_20160526_18-56-26_f011472
3.0849621,0.43185332,mount,Mouse062_20160526_18-56-26,Mouse062_20160526_18-56-26_f011632
5.297225,-0.235189,mount,Mouse062_20160526_18-56-26,Mouse062_20160526_18-56-26_f011648
11.812455,0.30774373,mount,Mouse062_20160526_18-56-26,Mouse062_20160526_18-56-26_f011712
10.983249,2.2017758,mount,Mouse062_20160526_18-56-26,Mouse062_20160526_18-56-26_f011824
9.753361,-1.9898587,mount,Mouse062_20160526_18-56-26,Mouse062_20160526_18-56-26_f011872
2.7709224,-5.224197,mount,Mouse062_20160526_18-56-26,Mouse062_20160526_18-56-26_f011968
8.697068,-1.6693599,mount,Mouse062_20160526_18-56-26,Mouse062_20160526_18-56-26_f012032
6.3500257,1.8429905,mount,Mouse062_20160526_18-56-26,Mouse062_20160526_18-56-26_f012048
2.5069225,0.5601233,mount,Mouse062_20160526_18-56-26,Mouse062_20160526_18-56-26_f012096
7.63119,15.395124,mount,Mouse062_20160526_18-56-26,Mouse062_20160526_18-56-26_f012160
4.1330614,13.341972,mount,Mouse062_20160526_18-56-26,Mouse062_20160526_18-56-26_f012176
-1.6638306,-2.883286,mount,Mouse062_20160526_18-56-26,Mouse062_20160526_18-56-26_f012192
-4.167441,-4.0559483,mount,Mouse062_20160526_18-56-26,Mouse062_20160526_18-56-26_f012208
-3.0795987,8.497656,investigation,Mouse062_20160526_18-56-26,Mouse062_20160526_18-56-26_f012768
16.881718,5.338082,investigation,Mouse062_20160526_18-56-26,Mouse062_20160526_18-56-26_f013248
-38.933834,-5.4955926,investigation,Mouse062_20160526_18-56-26,Mouse062_20160526_18-56-26_f013840
-0.2116007,-12.967902,mount,Mouse062_20160526_18-56-26,Mouse062_20160526_18-56-26_f014304
3.8916633,4.200455,mount,Mouse062_20160526_18-56-26,Mouse062_20160526_18-56-26_f014320
10.253332,21.720572,mount,Mouse062_20160526_18-56-26,Mouse062_20160526_18-56-26_f014560
13.762876,23.761538,mount,Mouse062_20160526_18-56-26,Mouse062_20160526_18-56-26_f014576
11.625075,21.40137,mount,Mouse062_20160526_18-56-26,Mouse062_20160526_18-56-26_f014608
0.25684568,6.004304,mount,Mouse062_20160526_18-56-26,Mouse062_20160526_18-56-26_f014672
-12.221559,-5.7181516,mount,Mouse062_20160526_18-56-26,Mouse062_20160526_18-56-26_f014800
-11.053043,-6.391207,mount,Mouse062_20160526_18-56-26,Mouse062_20160526_18-56-26_f014816
-7.0981474,-6.8392673,mount,Mouse062_20160526_18-56-26,Mouse062_20160526_18-56-26_f014944
-12.69811,-9.169712,mount,Mouse062_20160526_18-56-26,Mouse062_20160526_18-56-26_f014960
-15.27389,-12.05058,mount,Mouse062_20160526_18-56-26,Mouse062_20160526_18-56-26_f014992
-11.639821,-9.956267,mount,Mouse062_20160526_18-56-26,Mouse062_20160526_18-56-26_f015008
-13.460535,-13.780992,mount,Mouse062_20160526_18-56-26,Mouse062_20160526_18-56-26_f015056
-11.621901,-8.884382,mount,Mouse062_20160526_18-56-26,Mouse062_20160526_18-56-26_f015200
-14.552961,-12.301202,mount,Mouse062_20160526_18-56-26,Mouse062_20160526_18-56-26_f015216
-11.418542,-13.168287,mount,Mouse062_20160526_18-56-26,Mouse062_20160526_18-56-26_f015264
-13.112783,-12.8659935,mount,Mouse062_20160526_18-56-26,Mouse062_20160526_18-56-26_f015440
-2.4931207,-13.909937,mount,Mouse062_20160526_18-56-26,Mouse062_20160526_18-56-26_f015520
12.782405,-2.7670307,mount,Mouse062_20160526_18-56-26,Mouse062_20160526_18-56-26_f015568
9.08649,26.5912,mount,Mouse062_20160526_18-56-26,Mouse062_20160526_18-56-26_f015616
5.222155,6.6087465,mount,Mouse062_20160526_18-56-26,Mouse062_20160526_18-56-26_f015696
-4.5381765,-6.578195,mount,Mouse062_20160526_18-56-26,Mouse062_20160526_18-56-26_f015712
-3.0379403,-9.628121,mount,Mouse062_20160526_18-56-26,Mouse062_20160526_18-56-26_f015808
-8.002078,-10.406791,mount,Mouse062_20160526_18-56-26,Mouse062_20160526_18-56-26_f015856
-8.714168,-10.861218,mount,Mouse062_20160526_18-56-26,Mouse062_20160526_18-56-26_f015872
-4.1408496,23.92117,mount,Mouse062_20160526_18-56-26,Mouse062_20160526_18-56-26_f015952
-8.061327,-4.398762,mount,Mouse062_20160526_18-56-26,Mouse062_20160526_18-56-26_f016192
-4.949508,-8.284011,mount,Mouse062_20160526_18-56-26,Mouse062_20160526_18-56-26_f016256
-1.9891337,-10.41825,mount,Mouse062_20160526_18-56-26,Mouse062_20160526_18-56-26_f016272
-0.5614302,-8.465548,mount,Mouse062_20160526_18-56-26,Mouse062_20160526_18-56-26_f016320
1.7103059,-8.69862,mount,Mouse062_20160526_18-56-26,Mouse062_20160526_18-56-26_f016352
5.7316127,-11.192162,mount,Mouse062_20160526_18-56-26,Mouse062_20160526_18-56-26_f016368
3.6880043,-10.159707,mount,Mouse062_20160526_18-56-26,Mouse062_20160526_18-56-26_f016416
9.600513,-12.770557,mount,Mouse062_20160526_18-56-26,Mouse062_20160526_18-56-26_f016448
17.070066,-15.29869,mount,Mouse062_20160526_18-56-26,Mouse062_20160526_18-56-26_f016464
10.03632,-5.3345623,mount,Mouse062_20160526_18-56-26,Mouse062_20160526_18-56-26_f016496
3.0967345,-9.495316,mount,Mouse062_20160526_18-56-26,Mouse062_20160526_18-56-26_f016528
-3.7735517,-2.191078,mount,Mouse062_20160526_18-56-26,Mouse062_20160526_18-56-26_f016736
-16.09345,-11.729726,mount,Mouse062_20160526_18-56-26,Mouse062_20160526_18-56-26_f016768
-15.426,-9.845709,mount,Mouse062_20160526_18-56-26,Mouse062_20160526_18-56-26_f016784
-11.348332,-11.875764,mount,Mouse062_20160526_18-56-26,Mouse062_20160526_18-56-26_f016848
-16.502962,-11.9204645,mount,Mouse062_20160526_18-56-26,Mouse062_20160526_18-56-26_f016880
-13.46079,-8.843347,mount,Mouse062_20160526_18-56-26,Mouse062_20160526_18-56-26_f016944
-21.95301,-6.7059946,mount,Mouse062_20160526_18-56-26,Mouse062_20160526_18-56-26_f016976
-16.80074,-5.7373557,mount,Mouse062_20160526_18-56-26,Mouse062_20160526_18-56-26_f016992
-15.569627,-14.041592,mount,Mouse062_20160526_18-56-26,Mouse062_20160526_18-56-26_f017040
-20.185228,-13.082381,mount,Mouse062_20160526_18-56-26,Mouse062_20160526_18-56-26_f017056
-19.966671,-12.407992,mount,Mouse062_20160526_18-56-26,Mouse062_20160526_18-56-26_f017072
-17.96195,-11.199779,mount,Mouse062_20160526_18-56-26,Mouse062_20160526_18-56-26_f017104
-17.842524,-12.593806,mount,Mouse062_20160526_18-56-26,Mouse062_20160526_18-56-26_f017264
-24.44848,-14.692685,mount,Mouse062_20160526_18-56-26,Mouse062_20160526_18-56-26_f017392
-25.138632,-13.802245,mount,Mouse062_20160526_18-56-26,Mouse062_20160526_18-56-26_f017424
-25.086693,-11.087859,mount,Mouse062_20160526_18-56-26,Mouse062_20160526_18-56-26_f017568
-25.120531,-13.022651,mount,Mouse062_20160526_18-56-26,Mouse062_20160526_18-56-26_f017648
-27.000074,-13.558021,mount,Mouse062_20160526_18-56-26,Mouse062_20160526_18-56-26_f017664
-29.045776,-14.215672,mount,Mouse062_20160526_18-56-26,Mouse062_20160526_18-56-26_f017680
-26.460537,-13.3591795,mount,Mouse062_20160526_18-56-26,Mouse062_20160526_18-56-26_f017792
-29.7874,-12.883447,mount,Mouse062_20160526_18-56-26,Mouse062_20160526_18-56-26_f017904
-30.351713,-11.661343,mount,Mouse062_20160526_18-56-26,Mouse062_20160526_18-56-26_f017920
23.142637,-10.440817,investigation,Mouse062_20160526_18-56-26,Mouse062_20160526_18-56-26_f018256
12.336003,-7.6394897,investigation,Mouse062_20160526_18-56-26,Mouse062_20160526_18-56-26_f018272
15.684869,-8.699891,other,Mouse062_20160526_18-56-26,Mouse062_20160526_18-56-26_f018880
16.043932,-6.5189853,other,Mouse062_20160526_18-56-26,Mouse062_20160526_18-56-26_f018960
-5.5444975,20.64598,mount,Mouse062_20160526_18-56-26,Mouse062_20160526_18-56-26_f019344
-27.5325,2.101448,mount,Mouse062_20160526_18-56-26,Mouse062_20160526_18-56-26_f019504
-28.416649,2.249181,mount,Mouse062_20160526_18-56-26,Mouse062_20160526_18-56-26_f019552
-28.144787,2.6720088,mount,Mouse062_20160526_18-56-26,Mouse062_20160526_18-56-26_f019568
3.5966556,-4.1096087,investigation,Mouse063_20160526_19-14-46,Mouse063_20160526_19-14-46_f000112
-6.8366356,-1.7777325,investigation,Mouse063_20160526_19-14-46,Mouse063_20160526_19-14-46_f000224
0.6364595,-2.2983384,investigation,Mouse063_20160526_19-14-46,Mouse063_20160526_19-14-46_f000608
-7.9912314,-0.9910865,investigation,Mouse063_20160526_19-14-46,Mouse063_20160526_19-14-46_f000688
1.7817403,8.12686,investigation,Mouse063_20160526_19-14-46,Mouse063_20160526_19-14-46_f000720
-3.9690163,-3.1360483,other,Mouse063_20160526_19-14-46,Mouse063_20160526_19-14-46_f001328
1.5522989,-4.4655876,investigation,Mouse063_20160526_19-14-46,Mouse063_20160526_19-14-46_f001648
2.118327,26.533627,mount,Mouse063_20160526_19-14-46,Mouse063_20160526_19-14-46_f001984
6.242493,22.379555,mount,Mouse063_20160526_19-14-46,Mouse063_20160526_19-14-46_f002160
16.99245,-20.311165,other,Mouse063_20160526_19-14-46,Mouse063_20160526_19-14-46_f002448
-15.949428,-1.5595921,other,Mouse063_20160526_19-14-46,Mouse063_20160526_19-14-46_f002608
18.463705,-17.56537,other,Mouse063_20160526_19-14-46,Mouse063_20160526_19-14-46_f002720
1.2192004,-18.272133,investigation,Mouse063_20160526_19-14-46,Mouse063_20160526_19-14-46_f002848
-19.363459,-15.180652,mount,Mouse063_20160526_19-14-46,Mouse063_20160526_19-14-46_f002880
-7.920814,-10.832917,other,Mouse063_20160526_19-14-46,Mouse063_20160526_19-14-46_f002912
8.581183,-9.629894,other,Mouse063_20160526_19-14-46,Mouse063_20160526_19-14-46_f003184
-7.126568,19.840008,mount,Mouse063_20160526_19-14-46,Mouse063_20160526_19-14-46_f003264
-9.728184,18.097902,mount,Mouse063_20160526_19-14-46,Mouse063_20160526_19-14-46_f003280
-7.0202956,-0.86069983,other,Mouse063_20160526_19-14-46,Mouse063_20160526_19-14-46_f003344
-8.158165,-4.0969157,other,Mouse063_20160526_19-14-46,Mouse063_20160526_19-14-46_f003488
-13.97363,9.582549,other,Mouse063_20160526_19-14-46,Mouse063_20160526_19-14-46_f003712
-14.154894,14.532581,investigation,Mouse063_20160526_19-14-46,Mouse063_20160526_19-14-46_f003792
-10.998752,9.555604,investigation,Mouse063_20160526_19-14-46,Mouse063_20160526_19-14-46_f004640
-21.755787,11.394698,investigation,Mouse063_20160526_19-14-46,Mouse063_20160526_19-14-46_f004656
-12.600064,3.3914547,mount,Mouse063_20160526_19-14-46,Mouse063_20160526_19-14-46_f004704
12.145496,-13.154002,other,Mouse063_20160526_19-14-46,Mouse063_20160526_19-14-46_f004848
19.817451,-16.134089,other,Mouse063_20160526_19-14-46,Mouse063_20160526_19-14-46_f004880
-9.156947,5.830086,mount,Mouse063_20160526_19-14-46,Mouse063_20160526_19-14-46_f004992
-20.484684,-2.5715709,mount,Mouse063_20160526_19-14-46,Mouse063_20160526_19-14-46_f005024
6.1366825,-24.24024,other,Mouse063_20160526_19-14-46,Mouse063_20160526_19-14-46_f005088
5.4176164,1.8697844,mount,Mouse063_20160526_19-14-46,Mouse063_20160526_19-14-46_f005232
7.6107435,-22.829533,other,Mouse063_20160526_19-14-46,Mouse063_20160526_19-14-46_f005568
7.400145,5.571752,investigation,Mouse063_20160526_19-14-46,Mouse063_20160526_19-14-46_f005728
-17.210659,11.804256,investigation,Mouse063_20160526_19-14-46,Mouse063_20160526_19-14-46_f005824
18.277845,-23.997202,other,Mouse063_20160526_19-14-46,Mouse063_20160526_19-14-46_f005936
8.517706,-5.460247,investigation,Mouse063_20160526_19-14-46,Mouse063_20160526_19-14-46_f006800
-7.0970607,-1.4496429,investigation,Mouse063_20160526_19-14-46,Mouse063_20160526_19-14-46_f006816
2.9979753,-15.48822,other,Mouse063_20160526_19-14-46,Mouse063_20160526_19-14-46_f006928
-20.897844,15.236795,investigation,Mouse063_20160526_19-14-46,Mouse063_20160526_19-14-46_f007232
28.157543,-16.077192,other,Mouse063_20160526_19-14-46,Mouse063_20160526_19-14-46_f008496
15.808528,-15.955577,other,Mouse063_20160526_19-14-46,Mouse063_20160526_19-14-46_f008640
-19.754757,-10.278215,mount,Mouse063_20160526_19-14-46,Mouse063_20160526_19-14-46_f008992
23.68314,-10.614235,other,Mouse063_20160526_19-14-46,Mouse063_20160526_19-14-46_f009056
6.29567,-21.787443,other,Mouse063_20160526_19-14-46,Mouse063_20160526_19-14-46_f009568
-15.403816,-12.233572,mount,Mouse063_20160526_19-14-46,Mouse063_20160526_19-14-46_f009648
10.542879,-9.871458,other,Mouse063_20160526_19-14-46,Mouse063_20160526_19-14-46_f009872
8.174224,-11.493658,other,Mouse063_20160526_19-14-46,Mouse063_20160526_19-14-46_f010464
12.649287,-21.608803,other,Mouse063_20160526_19-14-46,Mouse063_20160526_19-14-46_f010672
-18.355816,-0.20961688,mount,Mouse063_20160526_19-14-46,Mouse063_20160526_19-14-46_f010752
-17.614305,-15.821117,other,Mouse063_20160526_19-14-46,Mouse063_20160526_19-14-46_f010816
14.632947,-10.81463,other,Mouse063_20160526_19-14-46,Mouse063_20160526_19-14-46_f010896
-27.600994,14.333782,investigation,Mouse063_20160526_19-14-46,Mouse063_20160526_19-14-46_f011424
-0.027680501,-14.803934,other,Mouse063_20160526_19-14-46,Mouse063_20160526_19-14-46_f011904
7.949374,-8.159971,mount,Mouse063_20160526_19-14-46,Mouse063_20160526_19-14-46_f012800
-1.8579725,-8.481469,mount,Mouse063_20160526_19-14-46,Mouse063_20160526_19-14-46_f012816
-7.59166,-9.316726,mount,Mouse063_20160526_19-14-46,Mouse063_20160526_19-14-46_f013072
14.187269,-15.228176,other,Mouse063_20160526_19-14-46,Mouse063_20160526_19-14-46_f013280
-33.98384,13.65159,investigation,Mouse063_20160526_19-14-46,Mouse063_20160526_19-14-46_f013536
-35.981777,10.544306,investigation,Mouse063_20160526_19-14-46,Mouse063_20160526_19-14-46_f013648
-34.917816,10.047279,other,Mouse063_20160526_19-14-46,Mouse063_20160526_19-14-46_f013728
-16.460138,-0.76366866,investigation,Mouse063_20160526_19-14-46,Mouse063_20160526_19-14-46_f014064
24.939075,-0.9580278,other,Mouse063_20160526_19-14-46,Mouse063_20160526_19-14-46_f014784
7.0230317,-3.4767041,other,Mouse063_20160526_19-14-46,Mouse063_20160526_19-14-46_f014800
-12.258694,-8.51769,mount,Mouse063_20160526_19-14-46,Mouse063_20160526_19-14-46_f014896
-3.604869,-13.354024,mount,Mouse063_20160526_19-14-46,Mouse063_20160526_19-14-46_f014992
6.369898,-3.349071,mount,Mouse063_20160526_19-14-46,Mouse063_20160526_19-14-46_f015040
15.000582,-14.18824,other,Mouse063_20160526_19-14-46,Mouse063_20160526_19-14-46_f015168
4.166012,-6.561026,investigation,Mouse063_20160526_19-14-46,Mouse063_20160526_19-14-46_f015536
-17.324686,1.6691141,other,Mouse063_20160526_19-14-46,Mouse063_20160526_19-14-46_f015632
-6.301076,4.0577774,investigation,Mouse063_20160526_19-14-46,Mouse063_20160526_19-14-46_f015984
-0.8456595,-2.2468035,mount,Mouse063_20160526_19-14-46,Mouse063_20160526_19-14-46_f016096
2.764333,-11.204796,mount,Mouse063_20160526_19-14-46,Mouse063_20160526_19-14-46_f016112
-7.2950964,-11.366202,mount,Mouse063_20160526_19-14-46,Mouse063_20160526_19-14-46_f016144
-9.432697,-4.5610685,mount,Mouse063_20160526_19-14-46,Mouse063_20160526_19-14-46_f016160
-10.356818,-4.5569463,mount,Mouse063_20160526_19-14-46,Mouse063_20160526_19-14-46_f016176
-6.007366,-14.144784,mount,Mouse063_20160526_19-14-46,Mouse063_20160526_19-14-46_f016288
-19.000902,-10.5585375,other,Mouse063_20160526_19-14-46,Mouse063_20160526_19-14-46_f016336
20.030573,-24.159998,other,Mouse063_20160526_19-14-46,Mouse063_20160526_19-14-46_f016608
13.842269,-1.2063177,mount,Mouse063_20160526_19-14-46,Mouse063_20160526_19-14-46_f017056
10.5925865,-3.1485507,other,Mouse063_20160526_19-14-46,Mouse063_20160526_19-14-46_f017104
-9.703107,9.517306,other,Mouse063_20160526_19-14-46,Mouse063_20160526_19-14-46_f017152
29.957273,-17.25641,other,Mouse063_20160526_19-14-46,Mouse063_20160526_19-14-46_f017440
20.36338,-2.0028436,other,Mouse063_20160526_19-14-46,Mouse063_20160526_19-14-46_f017568
-10.544127,-11.160984,mount,Mouse063_20160526_19-14-46,Mouse063_20160526_19-14-46_f017680
-30.126617,12.19877,mount,Mouse063_20160526_19-14-46,Mouse063_20160526_19-14-46_f018512
-33.348587,3.2299416,mount,Mouse063_20160526_19-14-46,Mouse063_20160526_19-14-46_f018528
-15.192993,2.4015088,mount,Mouse063_20160526_19-14-46,Mouse063_20160526_19-14-46_f018704
-10.821108,0.4495133,mount,Mouse063_20160526_19-14-46,Mouse063_20160526_19-14-46_f018720
-10.507989,-0.6748546,mount,Mouse063_20160526_19-14-46,Mouse063_20160526_19-14-46_f018736
-22.194895,5.5766606,mount,Mouse063_20160526_19-14-46,Mouse063_20160526_19-14-46_f018768
22.393505,-17.63435,other,Mouse063_20160526_19-14-46,Mouse063_20160526_19-14-46_f019008
21.01594,-10.700615,other,Mouse063_20160526_19-14-46,Mouse063_20160526_19-14-46_f019152
15.05554,-18.15938,other,Mouse063_20160526_19-14-46,Mouse063_20160526_19-14-46_f019248
5.6142077,2.4039915,investigation,Mouse069_20160709_16-02-03,Mouse069_20160709_16-02-03_f000016
3.9633682,7.323926,investigation,Mouse069_20160709_16-02-03,Mouse069_20160709_16-02-03_f000288
-0.109255984,15.25212,investigation,Mouse069_20160709_16-02-03,Mouse069_20160709_16-02-03_f000592
21.279379,14.99756,investigation,Mouse069_20160709_16-02-03,Mouse069_20160709_16-02-03_f000640
-5.027141,-6.0279465,investigation,Mouse069_20160709_16-02-03,Mouse069_20160709_16-02-03_f000784
3.273821,-6.529371,investigation,Mouse069_20160709_16-02-03,Mouse069_20160709_16-02-03_f000848
-13.511663,-3.3293142,investigation,Mouse069_20160709_16-02-03,Mouse069_20160709_16-02-03_f000992
1.6723785,-10.175971,attack,Mouse069_20160709_16-02-03,Mouse069_20160709_16-02-03_f001040
1.4670452,-4.293235,attack,Mouse069_20160709_16-02-03,Mouse069_20160709_16-02-03_f001072
-13.30859,2.1505167,attack,Mouse069_20160709_16-02-03,Mouse069_20160709_16-02-03_f001104
-23.857515,-9.943142,attack,Mouse069_20160709_16-02-03,Mouse069_20160709_16-02-03_f001216
-21.474478,-12.165124,investigation,Mouse069_20160709_16-02-03,Mouse069_20160709_16-02-03_f001232
-20.05657,-15.093182,attack,Mouse069_20160709_16-02-03,Mouse069_20160709_16-02-03_f001264
0.031289052,-10.168796,attack,Mouse069_20160709_16-02-03,Mouse069_20160709_16-02-03_f001344
7.432584,-6.0253463,attack,Mouse069_20160709_16-02-03,Mouse069_20160709_16-02-03_f001360
10.1250105,-8.049114,attack,Mouse069_20160709_16-02-03,Mouse069_20160709_16-02-03_f001376
15.05586,-5.567005,attack,Mouse069_20160709_16-02-03,Mouse069_20160709_16-02-03_f001408
13.533103,19.563093,attack,Mouse069_20160709_16-02-03,Mouse069_20160709_16-02-03_f001440
9.135196,8.669574,attack,Mouse069_20160709_16-02-03,Mouse069_20160709_16-02-03_f001472
5.3702188,9.19779,attack,Mouse069_20160709_16-02-03,Mouse069_20160709_16-02-03_f001488
7.8327837,8.790653,attack,Mouse069_20160709_16-02-03,Mouse069_20160709_16-02-03_f001504
-1.1709219,5.3729672,attack,Mouse069_20160709_16-02-03,Mouse069_20160709_16-02-03_f001552
-4.1424575,2.5631275,other,Mouse069_20160709_16-02-03,Mouse069_20160709_16-02-03_f001648
18.635674,-9.961092,other,Mouse069_20160709_16-02-03,Mouse069_20160709_16-02-03_f001872
26.326244,-8.819523,other,Mouse069_20160709_16-02-03,Mouse069_20160709_16-02-03_f002032
23.798897,-7.6328797,other,Mouse069_20160709_16-02-03,Mouse069_20160709_16-02-03_f002080
2.1469283,-7.394718,other,Mouse069_20160709_16-02-03,Mouse069_20160709_16-02-03_f002176
20.06125,-15.300242,other,Mouse069_20160709_16-02-03,Mouse069_20160709_16-02-03_f002352
15.998567,-10.494361,other,Mouse069_20160709_16-02-03,Mouse069_20160709_16-02-03_f002784
17.444397,-15.691945,other,Mouse069_20160709_16-02-03,Mouse069_20160709_16-02-03_f002880
10.613129,-13.655027,other,Mouse069_20160709_16-02-03,Mouse069_20160709_16-02-03_f003024
3.2862625,2.7617261,investigation,Mouse069_20160709_16-02-03,Mouse069_20160709_16-02-03_f003376
-6.160425,5.457518,investigation,Mouse069_20160709_16-02-03,Mouse069_20160709_16-02-03_f003408
-11.362468,10.964754,investigation,Mouse069_20160709_16-02-03,Mouse069_20160709_16-02-03_f003456
3.895637,14.134156,investigation,Mouse069_20160709_16-02-03,Mouse069_20160709_16-02-03_f003616
7.537781,10.731161,investigation,Mouse069_20160709_16-02-03,Mouse069_20160709_16-02-03_f003776
-6.9072523,6.99453,attack,Mouse069_20160709_16-02-03,Mouse069_20160709_16-02-03_f003824
0.43600655,21.30883,attack,Mouse069_20160709_16-02-03,Mouse069_20160709_16-02-03_f003872
0.27189505,16.585592,attack,Mouse069_20160709_16-02-03,Mouse069_20160709_16-02-03_f003888
-16.632048,0.016892536,attack,Mouse069_20160709_16-02-03,Mouse069_20160709_16-02-03_f004016
-24.103691,0.49003714,attack,Mouse069_20160709_16-02-03,Mouse069_20160709_16-02-03_f004048
-26.917635,-0.04526023,attack,Mouse069_20160709_16-02-03,Mouse069_20160709_16-02-03_f004064
9.216191,19.894875,attack,Mouse069_20160709_16-02-03,Mouse069_20160709_16-02-03_f004336
8.9199295,18.748207,attack,Mouse069_20160709_16-02-03,Mouse069_20160709_16-02-03_f004368
-1.233898,12.3902445,attack,Mouse069_20160709_16-02-03,Mouse069_20160709_16-02-03_f004480
-3.5735023,12.537649,attack,Mouse069_20160709_16-02-03,Mouse069_20160709_16-02-03_f004496
5.3692575,13.902701,attack,Mouse069_20160709_16-02-03,Mouse069_20160709_16-02-03_f004528
-5.496366,17.268997,attack,Mouse069_20160709_16-02-03,Mouse069_20160709_16-02-03_f004544
-9.642325,15.351422,attack,Mouse069_20160709_16-02-03,Mouse069_20160709_16-02-03_f004560
19.172182,12.6890135,attack,Mouse069_20160709_16-02-03,Mouse069_20160709_16-02-03_f004640
2.5550182,-7.3069587,attack,Mouse069_20160709_16-02-03,Mouse069_20160709_16-02-03_f004656
-13.849132,2.2141366,attack,Mouse069_20160709_16-02-03,Mouse069_20160709_16-02-03_f004688
-8.6854515,4.6925716,attack,Mouse069_20160709_16-02-03,Mouse069_20160709_16-02-03_f004704
-8.22758,-0.38318387,attack,Mouse069_20160709_16-02-03,Mouse069_20160709_16-02-03_f004736
-7.057678,-1.5355898,attack,Mouse069_20160709_16-02-03,Mouse069_20160709_16-02-03_f004752
-4.2946124,0.090064615,attack,Mouse069_20160709_16-02-03,Mouse069_20160709_16-02-03_f004768
24.14469,-8.262779,other,Mouse069_20160709_16-02-03,Mouse069_20160709_16-02-03_f005392
17.281359,-13.307153,other,Mouse069_20160709_16-02-03,Mouse069_20160709_16-02-03_f006080
19.325718,-14.120079,other,Mouse069_20160709_16-02-03,Mouse069_20160709_16-02-03_f006128
15.854673,-15.467048,other,Mouse069_20160709_16-02-03,Mouse069_20160709_16-02-03_f006192
6.710223,-9.0504265,other,Mouse069_20160709_16-02-03,Mouse069_20160709_16-02-03_f006240
20.81224,-8.293916,other,Mouse069_20160709_16-02-03,Mouse069_20160709_16-02-03_f006336
19.903957,-17.365116,other,Mouse069_20160709_16-02-03,Mouse069_20160709_16-02-03_f007088
22.117306,-7.201474,other,Mouse069_20160709_16-02-03,Mouse069_20160709_16-02-03_f007584
22.985748,-8.5543375,other,Mouse069_20160709_16-02-03,Mouse069_20160709_16-02-03_f007952
15.520475,-16.78091,other,Mouse069_20160709_16-02-03,Mouse069_20160709_16-02-03_f008176
-16.882423,-4.027195,investigation,Mouse069_20160709_16-02-03,Mouse069_20160709_16-02-03_f008432
18.383244,19.08862,other,Mouse069_20160709_16-02-03,Mouse069_20160709_16-02-03_f008560
-4.583555,10.223472,investigation,Mouse069_20160709_16-02-03,Mouse069_20160709_16-02-03_f008688
-9.270712,11.400837,investigation,Mouse069_20160709_16-02-03,Mouse069_20160709_16-02-03_f008704
-8.626966,18.85764,investigation,Mouse069_20160709_16-02-03,Mouse069_20160709_16-02-03_f008752
1.4864079,14.784621,other,Mouse069_20160709_16-02-03,Mouse069_20160709_16-02-03_f008848
13.084642,-17.248108,other,Mouse069_20160709_16-02-03,Mouse069_20160709_16-02-03_f009216
15.939684,-17.095737,other,Mouse069_20160709_16-02-03,Mouse069_20160709_16-02-03_f009232
15.31494,-7.2487826,other,Mouse069_20160709_16-02-03,Mouse069_20160709_16-02-03_f009520
2.8413258,18.313501,other,Mouse069_20160709_16-02-03,Mouse069_20160709_16-02-03_f009584
-3.7765777,10.469284,other,Mouse069_20160709_16-02-03,Mouse069_20160709_16-02-03_f009856
-7.55462,18.68211,other,Mouse069_20160709_16-02-03,Mouse069_20160709_16-02-03_f009936
-2.9468389,13.0859165,investigation,Mouse069_20160709_16-02-03,Mouse069_20160709_16-02-03_f010432
5.769308,19.347519,investigation,Mouse069_20160709_16-02-03,Mouse069_20160709_16-02-03_f010464
-19.944302,-12.824326,attack,Mouse069_20160709_16-02-03,Mouse069_20160709_16-02-03_f010512
-11.603014,-6.0466723,attack,Mouse069_20160709_16-02-03,Mouse069_20160709_16-02-03_f010560
-6.398158,-6.383622,attack,Mouse069_20160709_16-02-03,Mouse069_20160709_16-02-03_f010592
-5.298766,-4.7479343,attack,Mouse069_20160709_16-02-03,Mouse069_20160709_16-02-03_f010624
-1.8836977,-2.1084304,attack,Mouse069_20160709_16-02-03,Mouse069_20160709_16-02-03_f010640
-17.770603,-3.1771662,attack,Mouse069_20160709_16-02-03,Mouse069_20160709_16-02-03_f010672
-10.816662,-1.0311385,attack,Mouse069_20160709_16-02-03,Mouse069_20160709_16-02-03_f010688
3.7148213,0.25428057,attack,Mouse069_20160709_16-02-03,Mouse069_20160709_16-02-03_f010720
-12.250645,-0.8193432,attack,Mouse069_20160709_16-02-03,Mouse069_20160709_16-02-03_f010832
-5.2165804,1.7114805,attack,Mouse069_20160709_16-02-03,Mouse069_20160709_16-02-03_f010864
1.6224276,-0.3667708,attack,Mouse069_20160709_16-02-03,Mouse069_20160709_16-02-03_f010896
9.158195,-5.081086,attack,Mouse069_20160709_16-02-03,Mouse069_20160709_16-02-03_f010912
-5.6345263,-17.45169,other,Mouse069_20160709_16-02-03,Mouse069_20160709_16-02-03_f010976
-14.112003,-5.2623167,attack,Mouse069_20160709_16-02-03,Mouse069_20160709_16-02-03_f011024
-22.025019,-8.222292,attack,Mouse069_20160709_16-02-03,Mouse069_20160709_16-02-03_f011056
-18.51806,-3.4525042,attack,Mouse069_20160709_16-02-03,Mouse069_20160709_16-02-03_f011120
-2.3354864,-7.067052,attack,Mouse069_20160709_16-02-03,Mouse069_20160709_16-02-03_f011168
-14.286332,-8.278411,attack,Mouse069_20160709_16-02-03,Mouse069_20160709_16-02-03_f011200
-15.882251,-13.201674,attack,Mouse069_20160709_16-02-03,Mouse069_20160709_16-02-03_f011216
-17.441559,-14.874704,investigation,Mouse069_20160709_16-02-03,Mouse069_20160709_16-02-03_f011232
-15.557059,-5.38829,investigation,Mouse069_20160709_16-02-03,Mouse069_20160709_16-02-03_f011440
-7.253101,-11.564249,attack,Mouse069_20160709_16-02-03,Mouse069_20160709_16-02-03_f011776
-2.8605134,-18.570238,other,Mouse069_20160709_16-02-03,Mouse069_20160709_16-02-03_f012240
18.57103,-16.394785,other,Mouse069_20160709_16-02-03,Mouse069_20160709_16-02-03_f013120
18.745779,-4.8463326,other,Mouse069_20160709_16-02-03,Mouse069_20160709_16-02-03_f013568
9.624651,-21.074413,other,Mouse069_20160709_16-02-03,Mouse069_20160709_16-02-03_f013824
13.745538,-22.405743,other,Mouse069_20160709_16-02-03,Mouse069_20160709_16-02-03_f014176
20.101768,-16.022324,other,Mouse069_20160709_16-02-03,Mouse069_20160709_16-02-03_f014544
-3.1890802,6.088523,other,Mouse069_20160709_16-02-03,Mouse069_20160709_16-02-03_f014848
3.4005573,-5.845785,investigation,Mouse069_20160709_16-02-03,Mouse069_20160709_16-02-03_f015568
22.612852,-15.910363,other,Mouse069_20160709_16-02-03,Mouse069_20160709_16-02-03_f017232
17.391275,-21.665878,other,Mouse069_20160709_16-02-03,Mouse069_20160709_16-02-03_f017664
7.736877,-16.7369,other,Mouse069_20160709_16-02-03,Mouse069_20160709_16-02-03_f017808
19.9613,-14.340025,other,Mouse069_20160709_16-02-03,Mouse069_20160709_16-02-03_f017872
18.34343,-18.854876,other,Mouse069_20160709_16-02-03,Mouse069_20160709_16-02-03_f018416
-13.306573,-13.96043,attack,Mouse070_20160709_16-58-36,Mouse070_20160709_16-58-36_f000048
-1.991579,-9.72948,attack,Mouse070_20160709_16-58-36,Mouse070_20160709_16-58-36_f000080
8.118703,-14.786672,attack,Mouse070_20160709_16-58-36,Mouse070_20160709_16-58-36_f000112
-7.5675178,-8.965349,attack,Mouse070_20160709_16-58-36,Mouse070_20160709_16-58-36_f000128
-15.142543,-14.682249,attack,Mouse070_20160709_16-58-36,Mouse070_20160709_16-58-36_f000160
-17.068235,-13.062827,attack,Mouse070_20160709_16-58-36,Mouse070_20160709_16-58-36_f000192
-13.7021265,-7.778157,attack,Mouse070_20160709_16-58-36,Mouse070_20160709_16-58-36_f000240
-5.8236227,-13.826159,other,Mouse070_20160709_16-58-36,Mouse070_20160709_16-58-36_f000288
7.6064672,-13.102817,other,Mouse070_20160709_16-58-36,Mouse070_20160709_16-58-36_f000320
-2.2098756,-3.6705012,attack,Mouse070_20160709_16-58-36,Mouse070_20160709_16-58-36_f000352
-15.9344635,4.4443536,attack,Mouse070_20160709_16-58-36,Mouse070_20160709_16-58-36_f000368
-20.432268,5.17046,attack,Mouse070_20160709_16-58-36,Mouse070_20160709_16-58-36_f000400
-14.140798,4.4680657,attack,Mouse070_20160709_16-58-36,Mouse070_20160709_16-58-36_f000416
-19.66533,4.680265,attack,Mouse070_20160709_16-58-36,Mouse070_20160709_16-58-36_f000480
-21.934671,5.660733,attack,Mouse070_20160709_16-58-36,Mouse070_20160709_16-58-36_f000496
-15.013667,7.413211,attack,Mouse070_20160709_16-58-36,Mouse070_20160709_16-58-36_f000608
-23.632494,-7.563696,attack,Mouse070_20160709_16-58-36,Mouse070_20160709_16-58-36_f001040
-30.893818,-9.890848,attack,Mouse070_20160709_16-58-36,Mouse070_20160709_16-58-36_f001056
-30.431059,-6.631171,attack,Mouse070_20160709_16-58-36,Mouse070_20160709_16-58-36_f001072
-12.091184,-10.033298,attack,Mouse070_20160709_16-58-36,Mouse070_20160709_16-58-36_f001136
-13.03505,-1.0430236,investigation,Mouse070_20160709_16-58-36,Mouse070_20160709_16-58-36_f001296
4.6093006,2.0724368,attack,Mouse070_20160709_16-58-36,Mouse070_20160709_16-58-36_f001472
-3.5648255,-8.001966,attack,Mouse070_20160709_16-58-36,Mouse070_20160709_16-58-36_f001488
-12.15948,-7.9520116,attack,Mouse070_20160709_16-58-36,Mouse070_20160709_16-58-36_f001504
-14.493937,1.8310323,attack,Mouse070_20160709_16-58-36,Mouse070_20160709_16-58-36_f001552
-14.370428,-3.1687598,attack,Mouse070_20160709_16-58-36,Mouse070_20160709_16-58-36_f001568
0.83888936,-6.370438,attack,Mouse070_20160709_16-58-36,Mouse070_20160709_16-58-36_f001584
-24.369337,1.2858107,attack,Mouse070_20160709_16-58-36,Mouse070_20160709_16-58-36_f001632
9.685806,-7.1892037,attack,Mouse070_20160709_16-58-36,Mouse070_20160709_16-58-36_f001824
14.096388,-4.4155364,attack,Mouse070_20160709_16-58-36,Mouse070_20160709_16-58-36_f001840
-19.21114,-1.6228684,attack,Mouse070_20160709_16-58-36,Mouse070_20160709_16-58-36_f002064
-16.498846,2.061744,other,Mouse070_20160709_16-58-36,Mouse070_20160709_16-58-36_f002112
-12.356499,-4.436836,attack,Mouse070_20160709_16-58-36,Mouse070_20160709_16-58-36_f002176
-0.93298453,-4.017948,attack,Mouse070_20160709_16-58-36,Mouse070_20160709_16-58-36_f002304
1.9735566,-4.261983,attack,Mouse070_20160709_16-58-36,Mouse070_20160709_16-58-36_f002336
-10.668114,5.153152,attack,Mouse070_20160709_16-58-36,Mouse070_20160709_16-58-36_f002368
-5.016368,1.858748,attack,Mouse070_20160709_16-58-36,Mouse070_20160709_16-58-36_f002400
-5.9182844,-5.7783904,attack,Mouse070_20160709_16-58-36,Mouse070_20160709_16-58-36_f002512
-15.962852,-0.110976025,attack,Mouse070_20160709_16-58-36,Mouse070_20160709_16-58-36_f002624
-12.522241,3.260912,attack,Mouse070_20160709_16-58-36,Mouse070_20160709_16-58-36_f002672
-14.713996,3.4212759,attack,Mouse070_20160709_16-58-36,Mouse070_20160709_16-58-36_f002720
6.88847,-5.37076,attack,Mouse070_20160709_16-58-36,Mouse070_20160709_16-58-36_f002816
-30.37071,-3.3756897,investigation,Mouse070_20160709_16-58-36,Mouse070_20160709_16-58-36_f002880
17.726118,-20.377377,other,Mouse070_20160709_16-58-36,Mouse070_20160709_16-58-36_f003088
-30.948719,-3.07257,investigation,Mouse070_20160709_16-58-36,Mouse070_20160709_16-58-36_f003584
-24.929138,0.540779,attack,Mouse070_20160709_16-58-36,Mouse070_20160709_16-58-36_f003936
-8.580033,-3.1676903,attack,Mouse070_20160709_16-58-36,Mouse070_20160709_16-58-36_f003968
2.5522883,4.3802366,attack,Mouse070_20160709_16-58-36,Mouse070_20160709_16-58-36_f004016
-17.145493,-7.1420693,attack,Mouse070_20160709_16-58-36,Mouse070_20160709_16-58-36_f004080
-15.293889,-9.542583,other,Mouse070_20160709_16-58-36,Mouse070_20160709_16-58-36_f004576
-28.778225,4.4940915,attack,Mouse070_20160709_16-58-36,Mouse070_20160709_16-58-36_f004816
-4.6877327,2.814351,attack,Mouse070_20160709_16-58-36,Mouse070_20160709_16-58-36_f004848
-5.13219,-4.347628,attack,Mouse070_20160709_16-58-36,Mouse070_20160709_16-58-36_f004864
-10.435259,2.161698,attack,Mouse070_20160709_16-58-36,Mouse070_20160709_16-58-36_f004896
-25.823881,0.36083543,attack,Mouse070_20160709_16-58-36,Mouse070_20160709_16-58-36_f004928
-32.249165,-3.537931,attack,Mouse070_20160709_16-58-36,Mouse070_20160709_16-58-36_f004960
-11.120904,0.118715994,attack,Mouse070_20160709_16-58-36,Mouse070_20160709_16-58-36_f005008
-4.135658,9.456657,attack,Mouse070_20160709_16-58-36,Mouse070_20160709_16-58-36_f005024
-8.347176,11.661617,attack,Mouse070_20160709_16-58-36,Mouse070_20160709_16-58-36_f005040
14.476051,11.117142,attack,Mouse070_20160709_16-58-36,Mouse070_20160709_16-58-36_f005152
4.411502,10.483003,attack,Mouse070_20160709_16-58-36,Mouse070_20160709_16-58-36_f005184
-2.5915484,9.923589,attack,Mouse070_20160709_16-58-36,Mouse070_20160709_16-58-36_f005200
-4.0047083,9.04533,investigation,Mouse070_20160709_16-58-36,Mouse070_20160709_16-58-36_f005264
5.7989016,10.475188,attack,Mouse070_20160709_16-58-36,Mouse070_20160709_16-58-36_f005328
-0.28708795,11.573683,attack,Mouse070_20160709_16-58-36,Mouse070_20160709_16-58-36_f005344
-0.614068,-5.553605,other,Mouse070_20160709_16-58-36,Mouse070_20160709_16-58-36_f005440
-6.9362183,-2.9528418,attack,Mouse070_20160709_16-58-36,Mouse070_20160709_16-58-36_f005520
-28.299694,-2.2433515,attack,Mouse070_20160709_16-58-36,Mouse070_20160709_16-58-36_f005536
-23.130354,-9.042745,attack,Mouse070_20160709_16-58-36,Mouse070_20160709_16-58-36_f005600
-7.3202553,-1.4748783,attack,Mouse070_20160709_16-58-36,Mouse070_20160709_16-58-36_f006016
3.6370034,10.0636015,attack,Mouse070_20160709_16-58-36,Mouse070_20160709_16-58-36_f006064
-14.769487,4.3206744,attack,Mouse070_20160709_16-58-36,Mouse070_20160709_16-58-36_f006160
-16.96114,8.35669,attack,Mouse070_20160709_16-58-36,Mouse070_20160709_16-58-36_f006176
-4.2456326,6.926529,attack,Mouse070_20160709_16-58-36,Mouse070_20160709_16-58-36_f006208
-7.4691834,5.6964164,investigation,Mouse070_20160709_16-58-36,Mouse070_20160709_16-58-36_f006224
-15.793661,5.40917,investigation,Mouse070_20160709_16-58-36,Mouse070_20160709_16-58-36_f006240
-14.455622,2.4066067,investigation,Mouse070_20160709_16-58-36,Mouse070_20160709_16-58-36_f006256
-16.068275,-15.3478155,investigation,Mouse070_20160709_16-58-36,Mouse070_20160709_16-58-36_f006320
10.899739,10.627309,attack,Mouse070_20160709_16-58-36,Mouse070_20160709_16-58-36_f006400
21.02794,5.4788055,attack,Mouse070_20160709_16-58-36,Mouse070_20160709_16-58-36_f006416
14.882888,1.3603573,other,Mouse070_20160709_16-58-36,Mouse070_20160709_16-58-36_f006560
-0.60541993,-3.2023473,investigation,Mouse070_20160709_16-58-36,Mouse070_20160709_16-58-36_f006720
-1.7522664,-5.7529235,attack,Mouse070_20160709_16-58-36,Mouse070_20160709_16-58-36_f007296
0.43105167,-5.822979,attack,Mouse070_20160709_16-58-36,Mouse070_20160709_16-58-36_f007312
-14.8165045,-0.41173044,attack,Mouse070_20160709_16-58-36,Mouse070_20160709_16-58-36_f007344
-7.834866,0.21607628,attack,Mouse070_20160709_16-58-36,Mouse070_20160709_16-58-36_f007360
-6.9427204,0.21478719,attack,Mouse070_20160709_16-58-36,Mouse070_20160709_16-58-36_f007376
-15.674263,0.67098254,other,Mouse070_20160709_16-58-36,Mouse070_20160709_16-58-36_f007728
10.875786,1.6393288,attack,Mouse070_20160709_16-58-36,Mouse070_20160709_16-58-36_f007936
-9.540372,1.9108989,attack,Mouse070_20160709_16-58-36,Mouse070_20160709_16-58-36_f008096
-8.131884,-0.6244675,attack,Mouse070_20160709_16-58-36,Mouse070_20160709_16-58-36_f008112
8.150301,-5.2273803,attack,Mouse070_20160709_16-58-36,Mouse070_20160709_16-58-36_f008272
-1.7239358,-4.117796,attack,Mouse070_20160709_16-58-36,Mouse070_20160709_16-58-36_f008304
3.4110003,8.363503,attack,Mouse070_20160709_16-58-36,Mouse070_20160709_16-58-36_f008336
-0.34785128,2.5371194,attack,Mouse070_20160709_16-58-36,Mouse070_20160709_16-58-36_f008368
23.056202,-11.358844,other,Mouse070_20160709_16-58-36,Mouse070_20160709_16-58-36_f008816
14.855309,-1.2109925,other,Mouse070_20160709_16-58-36,Mouse070_20160709_16-58-36_f009312
8.338109,10.839082,attack,Mouse070_20160709_16-58-36,Mouse070_20160709_16-58-36_f009632
1.4783314,1.3515408,attack,Mouse070_20160709_16-58-36,Mouse070_20160709_16-58-36_f009712
-5.529397,-12.225521,other,Mouse070_20160709_16-58-36,Mouse070_20160709_16-58-36_f010800
4.5748806,-8.472456,other,Mouse070_20160709_16-58-36,Mouse070_20160709_16-58-36_f010864
3.5240269,-17.601665,other,Mouse070_20160709_16-58-36,Mouse070_20160709_16-58-36_f011632
-8.913713,-17.097132,other,Mouse070_20160709_16-58-36,Mouse070_20160709_16-58-36_f011808
21.678028,-6.5223,other,Mouse070_20160709_16-58-36,Mouse070_20160709_16-58-36_f013440
-10.531476,-11.323303,other,Mouse070_20160709_16-58-36,Mouse070_20160709_16-58-36_f013600
-6.169345,-16.06395,other,Mouse070_20160709_16-58-36,Mouse070_20160709_16-58-36_f013712
-5.385483,-16.211683,other,Mouse070_20160709_16-58-36,Mouse070_20160709_16-58-36_f013728
-6.7584333,-19.410713,other,Mouse070_20160709_16-58-36,Mouse070_20160709_16-58-36_f013840
11.543895,-12.41723,other,Mouse070_20160709_16-58-36,Mouse070_20160709_16-58-36_f015056
18.080824,-6.6640797,other,Mouse070_20160709_16-58-36,Mouse070_20160709_16-58-36_f015216
12.657693,3.0991955,other,Mouse070_20160709_16-58-36,Mouse070_20160709_16-58-36_f015648
4.505421,23.405699,investigation,Mouse070_20160709_16-58-36,Mouse070_20160709_16-58-36_f015696
8.927645,14.285459,attack,Mouse070_20160709_16-58-36,Mouse070_20160709_16-58-36_f015712
-3.148975,12.756833,attack,Mouse070_20160709_16-58-36,Mouse070_20160709_16-58-36_f015792
-0.8667372,5.450234,attack,Mouse070_20160709_16-58-36,Mouse070_20160709_16-58-36_f015808
-17.18147,3.9528413,attack,Mouse070_20160709_16-58-36,Mouse070_20160709_16-58-36_f015936
-25.549654,2.0978518,attack,Mouse070_20160709_16-58-36,Mouse070_20160709_16-58-36_f015968
-22.118876,3.732651,attack,Mouse070_20160709_16-58-36,Mouse070_20160709_16-58-36_f015984
-19.40049,1.8126997,attack,Mouse070_20160709_16-58-36,Mouse070_20160709_16-58-36_f016000
7.9785438,-25.535023,other,Mouse070_20160709_16-58-36,Mouse070_20160709_16-58-36_f016368
-17.697746,5.3809075,attack,Mouse070_20160709_16-58-36,Mouse070_20160709_16-58-36_f016496
-13.626737,4.687205,attack,Mouse070_20160709_16-58-36,Mouse070_20160709_16-58-36_f016624
-2.2221978,-21.2532,other,Mouse070_20160709_16-58-36,Mouse070_20160709_16-58-36_f016880
-18.550482,-5.4744887,investigation,Mouse070_20160709_16-58-36,Mouse070_20160709_16-58-36_f017024
-20.978786,-9.2066345,attack,Mouse070_20160709_16-58-36,Mouse070_20160709_16-58-36_f017136
-26.969866,-9.255271,attack,Mouse070_20160709_16-58-36,Mouse070_20160709_16-58-36_f017152
9.892935,-20.435707,other,Mouse070_20160709_16-58-36,Mouse070_20160709_16-58-36_f017248
-2.0257082,-27.23259,other,Mouse070_20160709_16-58-36,Mouse070_20160709_16-58-36_f017376
4.7288456,-26.791569,other,Mouse070_20160709_16-58-36,Mouse070_20160709_16-58-36_f017392
-0.7814632,-24.227869,other,Mouse070_20160709_16-58-36,Mouse070_20160709_16-58-36_f017664
-15.096796,-7.004758,other,Mouse070_20160709_16-58-36,Mouse070_20160709_16-58-36_f018016
5.5083175,-15.305034,investigation,Mouse070_20160709_16-58-36,Mouse070_20160709_16-58-36_f018416
24.872433,-11.786827,other,Mouse070_20160709_16-58-36,Mouse070_20160709_16-58-36_f019056
4.9451275,-21.896786,other,Mouse070_20160709_16-58-36,Mouse070_20160709_16-58-36_f019200
-0.9594377,-19.062288,other,Mouse070_20160709_16-58-36,Mouse070_20160709_16-58-36_f019376
-17.009869,8.640648,attack,Mouse070_20160709_16-58-36,Mouse070_20160709_16-58-36_f019744
-17.981222,10.920404,attack,Mouse070_20160709_16-58-36,Mouse070_20160709_16-58-36_f019760
-16.67645,9.757362,attack,Mouse070_20160709_16-58-36,Mouse070_20160709_16-58-36_f019776
-19.199192,-4.7575765,attack,Mouse070_20160709_16-58-36,Mouse070_20160709_16-58-36_f019792
-18.203627,-11.082874,attack,Mouse070_20160709_16-58-36,Mouse070_20160709_16-58-36_f019808
-18.770298,-4.9207077,attack,Mouse070_20160709_16-58-36,Mouse070_20160709_16-58-36_f019888
-10.727237,-9.26858,attack,Mouse070_20160709_16-58-36,Mouse070_20160709_16-58-36_f019936
-18.6344,-20.005049,other,Mouse070_20160709_16-58-36,Mouse070_20160709_16-58-36_f020144
19.966745,-23.556616,other,Mouse074_20160709_19-15-23,Mouse074_20160709_19-15-23_f000064
20.799328,-9.593162,investigation,Mouse074_20160709_19-15-23,Mouse074_20160709_19-15-23_f000128
17.615465,-11.920442,investigation,Mouse074_20160709_19-15-23,Mouse074_20160709_19-15-23_f000160
-3.124069,4.2813225,attack,Mouse074_20160709_19-15-23,Mouse074_20160709_19-15-23_f000208
5.38195,-5.745832,attack,Mouse074_20160709_19-15-23,Mouse074_20160709_19-15-23_f000224
-2.889006,-9.119716,attack,Mouse074_20160709_19-15-23,Mouse074_20160709_19-15-23_f000272
-4.2577057,10.54378,attack,Mouse074_20160709_19-15-23,Mouse074_20160709_19-15-23_f000384
20.620337,-4.6661897,investigation,Mouse074_20160709_19-15-23,Mouse074_20160709_19-15-23_f000496
14.835983,-9.251524,attack,Mouse074_20160709_19-15-23,Mouse074_20160709_19-15-23_f000544
7.880875,-10.404988,attack,Mouse074_20160709_19-15-23,Mouse074_20160709_19-15-23_f000560
1.5865633,-9.141947,attack,Mouse074_20160709_19-15-23,Mouse074_20160709_19-15-23_f000608
-11.04249,0.4028024,attack,Mouse074_20160709_19-15-23,Mouse074_20160709_19-15-23_f000688
-24.836805,-7.090017,attack,Mouse074_20160709_19-15-23,Mouse074_20160709_19-15-23_f000720
-7.930613,1.9959794,attack,Mouse074_20160709_19-15-23,Mouse074_20160709_19-15-23_f000832
-7.550463,0.22161882,attack,Mouse074_20160709_19-15-23,Mouse074_20160709_19-15-23_f000848
-14.451013,-3.4277573,attack,Mouse074_20160709_19-15-23,Mouse074_20160709_19-15-23_f000864
-17.545055,-2.5841908,attack,Mouse074_20160709_19-15-23,Mouse074_20160709_19-15-23_f000880
-22.738598,-3.5159652,investigation,Mouse074_20160709_19-15-23,Mouse074_20160709_19-15-23_f000928
-16.220476,5.334125,attack,Mouse074_20160709_19-15-23,Mouse074_20160709_19-15-23_f001200
-15.040867,8.899478,attack,Mouse074_20160709_19-15-23,Mouse074_20160709_19-15-23_f001248
-5.075498,4.8063407,attack,Mouse074_20160709_19-15-23,Mouse074_20160709_19-15-23_f001312
23.597683,-12.218517,other,Mouse074_20160709_19-15-23,Mouse074_20160709_19-15-23_f001376
14.983017,4.2705374,other,Mouse074_20160709_19-15-23,Mouse074_20160709_19-15-23_f001616
-8.978472,16.002745,investigation,Mouse074_20160709_19-15-23,Mouse074_20160709_19-15-23_f001712
-17.267143,13.605487,investigation,Mouse074_20160709_19-15-23,Mouse074_20160709_19-15-23_f001984
-18.056725,17.58655,other,Mouse074_20160709_19-15-23,Mouse074_20160709_19-15-23_f002016
-16.204372,12.533465,other,Mouse074_20160709_19-15-23,Mouse074_20160709_19-15-23_f002352
17.482038,-9.010997,investigation,Mouse074_20160709_19-15-23,Mouse074_20160709_19-15-23_f003120
12.071852,-2.6055343,investigation,Mouse074_20160709_19-15-23,Mouse074_20160709_19-15-23_f003136
1.4558,-5.900387,attack,Mouse074_20160709_19-15-23,Mouse074_20160709_19-15-23_f003152
-8.989956,-7.772832,attack,Mouse074_20160709_19-15-23,Mouse074_20160709_19-15-23_f003168
-17.07295,-5.28547,attack,Mouse074_20160709_19-15-23,Mouse074_20160709_19-15-23_f003216
17.846886,-20.74365,other,Mouse074_20160709_19-15-23,Mouse074_20160709_19-15-23_f003296
5.997972,-9.347919,other,Mouse074_20160709_19-15-23,Mouse074_20160709_19-15-23_f003312
2.3547795,8.906536,attack,Mouse074_20160709_19-15-23,Mouse074_20160709_19-15-23_f003344
-16.517836,0.59540296,attack,Mouse074_20160709_19-15-23,Mouse074_20160709_19-15-23_f003376
-14.292914,0.375362,attack,Mouse074_20160709_19-15-23,Mouse074_20160709_19-15-23_f003392
-14.266798,4.1908445,attack,Mouse074_20160709_19-15-23,Mouse074_20160709_19-15-23_f003424
-12.9572315,-4.737597,investigation,Mouse074_20160709_19-15-23,Mouse074_20160709_19-15-23_f003632
-31.188444,-1.6234016,attack,Mouse074_20160709_19-15-23,Mouse074_20160709_19-15-23_f003760
-8.984915,2.8513541,attack,Mouse074_20160709_19-15-23,Mouse074_20160709_19-15-23_f003904
-8.676916,0.85977364,attack,Mouse074_20160709_19-15-23,Mouse074_20160709_19-15-23_f003920
-0.8185833,-10.633828,attack,Mouse074_20160709_19-15-23,Mouse074_20160709_19-15-23_f004144
-17.836979,-13.937781,other,Mouse074_20160709_19-15-23,Mouse074_20160709_19-15-23_f004560
-15.647429,-7.6613703,attack,Mouse074_20160709_19-15-23,Mouse074_20160709_19-15-23_f005088
-7.5052204,-4.6422677,attack,Mouse074_20160709_19-15-23,Mouse074_20160709_19-15-23_f005120
-9.269016,-3.755856,attack,Mouse074_20160709_19-15-23,Mouse074_20160709_19-15-23_f005152
8.197973,-1.61928,attack,Mouse074_20160709_19-15-23,Mouse074_20160709_19-15-23_f005200
7.5169168,-4.556507,attack,Mouse074_20160709_19-15-23,Mouse074_20160709_19-15-23_f005216
-1.2346865,-8.762014,attack,Mouse074_20160709_19-15-23,Mouse074_20160709_19-15-23_f005232
-10.905885,-5.751914,attack,Mouse074_20160709_19-15-23,Mouse074_20160709_19-15-23_f005248
-6.103457,-5.6240788,investigation,Mouse074_20160709_19-15-23,Mouse074_20160709_19-15-23_f005280
-15.964712,2.254168,other,Mouse074_20160709_19-15-23,Mouse074_20160709_19-15-23_f007664
-1.2573376,-15.95162,other,Mouse074_20160709_19-15-23,Mouse074_20160709_19-15-23_f008240
-15.649419,3.4223096,other,Mouse074_20160709_19-15-23,Mouse074_20160709_19-15-23_f008320
-13.604614,-11.825541,other,Mouse074_20160709_19-15-23,Mouse074_20160709_19-15-23_f008400
24.296627,-19.454208,other,Mouse074_20160709_19-15-23,Mouse074_20160709_19-15-23_f008880
24.766361,-6.6870637,other,Mouse074_20160709_19-15-23,Mouse074_20160709_19-15-23_f009408
18.567268,-8.680131,other,Mouse074_20160709_19-15-23,Mouse074_20160709_19-15-23_f009504
-13.909342,6.4184995,attack,Mouse074_20160709_19-15-23,Mouse074_20160709_19-15-23_f009920
13.127542,-3.8615499,attack,Mouse074_20160709_19-15-23,Mouse074_20160709_19-15-23_f009968
17.358585,-12.905056,other,Mouse074_20160709_19-15-23,Mouse074_20160709_19-15-23_f010192
3.7107284,-0.5817758,attack,Mouse074_20160709_19-15-23,Mouse074_20160709_19-15-23_f010352
-16.039387,0.16006115,attack,Mouse074_20160709_19-15-23,Mouse074_20160709_19-15-23_f010416
-13.400927,6.8614807,attack,Mouse074_20160709_19-15-23,Mouse074_20160709_19-15-23_f010576
-10.0249195,-2.395052,attack,Mouse074_20160709_19-15-23,Mouse074_20160709_19-15-23_f010608
13.617712,-1.724924,attack,Mouse074_20160709_19-15-23,Mouse074_20160709_19-15-23_f010656
-26.31276,-4.504022,attack,Mouse074_20160709_19-15-23,Mouse074_20160709_19-15-23_f010704
-3.312115,-27.8143,other,Mouse074_20160709_19-15-23,Mouse074_20160709_19-15-23_f011008
-17.023798,-7.4172616,other,Mouse074_20160709_19-15-23,Mouse074_20160709_19-15-23_f011152
7.3624306,-27.529896,other,Mouse074_20160709_19-15-23,Mouse074_20160709_19-15-23_f011408
13.743724,-23.901037,other,Mouse074_20160709_19-15-23,Mouse074_20160709_19-15-23_f011456
17.089888,-22.748255,other,Mouse074_20160709_19-15-23,Mouse074_20160709_19-15-23_f011472
0.093589276,-27.747358,other,Mouse074_20160709_19-15-23,Mouse074_20160709_19-15-23_f011744
18.68585,-17.46426,other,Mouse074_20160709_19-15-23,Mouse074_20160709_19-15-23_f011952
-19.609468,-3.06304,attack,Mouse074_20160709_19-15-23,Mouse074_20160709_19-15-23_f012144
-25.932959,-5.113068,attack,Mouse074_20160709_19-15-23,Mouse074_20160709_19-15-23_f012192
-25.259108,-8.9993105,attack,Mouse074_20160709_19-15-23,Mouse074_20160709_19-15-23_f012208
-2.4044597,-14.86518,attack,Mouse074_20160709_19-15-23,Mouse074_20160709_19-15-23_f012224
12.490477,-20.193447,other,Mouse074_20160709_19-15-23,Mouse074_20160709_19-15-23_f012720
2.126885,-4.333512,attack,Mouse074_20160709_19-15-23,Mouse074_20160709_19-15-23_f012976
8.538899,-5.1508703,attack,Mouse074_20160709_19-15-23,Mouse074_20160709_19-15-23_f012992
13.761129,-15.275209,other,Mouse074_20160709_19-15-23,Mouse074_20160709_19-15-23_f013088
-19.196684,-9.196387,attack,Mouse074_20160709_19-15-23,Mouse074_20160709_19-15-23_f013184
-2.5466626,-9.044085,attack,Mouse074_20160709_19-15-23,Mouse074_20160709_19-15-23_f013200
-3.3169308,-8.291978,attack,Mouse074_20160709_19-15-23,Mouse074_20160709_19-15-23_f013248
-11.645454,-8.152689,attack,Mouse074_20160709_19-15-23,Mouse074_20160709_19-15-23_f013264
9.469218,6.985435,other,Mouse074_20160709_19-15-23,Mouse074_20160709_19-15-23_f013744
0.63370836,3.3937922,other,Mouse074_20160709_19-15-23,Mouse074_20160709_19-15-23_f013776
18.63487,-0.18623906,other,Mouse074_20160709_19-15-23,Mouse074_20160709_19-15-23_f014224
17.894947,-4.8118134,other,Mouse074_20160709_19-15-23,Mouse074_20160709_19-15-23_f014592
15.955349,-15.027773,other,Mouse074_20160709_19-15-23,Mouse074_20160709_19-15-23_f014848
22.329222,-17.585722,other,Mouse074_20160709_19-15-23,Mouse074_20160709_19-15-23_f015328
23.188833,-20.11365,other,Mouse074_20160709_19-15-23,Mouse074_20160709_19-15-23_f015376
26.103764,-5.9116383,other,Mouse074_20160709_19-15-23,Mouse074_20160709_19-15-23_f015712
21.13319,-8.846137,other,Mouse074_20160709_19-15-23,Mouse074_20160709_19-15-23_f015888
27.955833,-12.233039,other,Mouse074_20160709_19-15-23,Mouse074_20160709_19-15-23_f016064
24.64393,-8.58324,other,Mouse074_20160709_19-15-23,Mouse074_20160709_19-15-23_f016192
26.787663,-10.196308,other,Mouse074_20160709_19-15-23,Mouse074_20160709_19-15-23_f016640
14.068371,-18.247417,other,Mouse074_20160709_19-15-23,Mouse074_20160709_19-15-23_f017184
31.056839,-8.8786125,other,Mouse074_20160709_19-15-23,Mouse074_20160709_19-15-23_f017552
30.483881,-9.060688,other,Mouse074_20160709_19-15-23,Mouse074_20160709_19-15-23_f017568
28.108664,-11.585291,other,Mouse074_20160709_19-15-23,Mouse074_20160709_19-15-23_f017856
24.661806,-11.377349,other,Mouse074_20160709_19-15-23,Mouse074_20160709_19-15-23_f018032
17.135504,-7.301932,other,Mouse074_20160709_19-15-23,Mouse074_20160709_19-15-23_f018576
-17.835897,-1.4342448,investigation,Mouse077_20160709_18-29-34,Mouse077_20160709_18-29-34_f000112
-18.487597,1.8329953,investigation,Mouse077_20160709_18-29-34,Mouse077_20160709_18-29-34_f000128
-7.0387154,1.5331192,attack,Mouse077_20160709_18-29-34,Mouse077_20160709_18-29-34_f000176
5.987849,-10.586829,attack,Mouse077_20160709_18-29-34,Mouse077_20160709_18-29-34_f000288
-15.896782,-12.482127,attack,Mouse077_20160709_18-29-34,Mouse077_20160709_18-29-34_f000320
-15.232527,-11.907498,attack,Mouse077_20160709_18-29-34,Mouse077_20160709_18-29-34_f000336
-16.72852,-9.771919,attack,Mouse077_20160709_18-29-34,Mouse077_20160709_18-29-34_f000352
-6.8012958,-13.158211,attack,Mouse077_20160709_18-29-34,Mouse077_20160709_18-29-34_f000512
14.095736,-2.6606739,attack,Mouse077_20160709_18-29-34,Mouse077_20160709_18-29-34_f000544
32.003494,-2.9460843,other,Mouse077_20160709_18-29-34,Mouse077_20160709_18-29-34_f000592
-1.2642382,14.524612,attack,Mouse077_20160709_18-29-34,Mouse077_20160709_18-29-34_f000640
-3.6767435,10.737479,attack,Mouse077_20160709_18-29-34,Mouse077_20160709_18-29-34_f000656
-3.2406058,12.51427,attack,Mouse077_20160709_18-29-34,Mouse077_20160709_18-29-34_f000672
-26.600327,6.7618885,attack,Mouse077_20160709_18-29-34,Mouse077_20160709_18-29-34_f000800
-13.349787,-12.336185,attack,Mouse077_20160709_18-29-34,Mouse077_20160709_18-29-34_f000848
-22.836603,-7.4345045,attack,Mouse077_20160709_18-29-34,Mouse077_20160709_18-29-34_f000912
-23.207197,-5.894875,attack,Mouse077_20160709_18-29-34,Mouse077_20160709_18-29-34_f000928
-22.036833,-8.933172,attack,Mouse077_20160709_18-29-34,Mouse077_20160709_18-29-34_f000976
-23.837612,-7.502909,attack,Mouse077_20160709_18-29-34,Mouse077_20160709_18-29-34_f001104
-22.656137,-8.643619,attack,Mouse077_20160709_18-29-34,Mouse077_20160709_18-29-34_f001120
-22.252892,-10.735054,attack,Mouse077_20160709_18-29-34,Mouse077_20160709_18-29-34_f001168
5.345902,-19.192854,investigation,Mouse077_20160709_18-29-34,Mouse077_20160709_18-29-34_f001248
-23.750246,-10.839726,investigation,Mouse077_20160709_18-29-34,Mouse077_20160709_18-29-34_f001312
-22.102686,-11.200166,other,Mouse077_20160709_18-29-34,Mouse077_20160709_18-29-34_f001520
-19.35013,-9.526311,investigation,Mouse077_20160709_18-29-34,Mouse077_20160709_18-29-34_f001920
-22.336838,-11.242394,attack,Mouse077_20160709_18-29-34,Mouse077_20160709_18-29-34_f002064
-4.566943,-6.406771,attack,Mouse077_20160709_18-29-34,Mouse077_20160709_18-29-34_f002192
-8.511486,-1.11567,attack,Mouse077_20160709_18-29-34,Mouse077_20160709_18-29-34_f002208
-9.363264,0.48533598,attack,Mouse077_20160709_18-29-34,Mouse077_20160709_18-29-34_f002224
-4.624019,1.9452072,attack,Mouse077_20160709_18-29-34,Mouse077_20160709_18-29-34_f002240
-11.083016,-3.3099675,attack,Mouse077_20160709_18-29-34,Mouse077_20160709_18-29-34_f002320
-0.30106443,-6.132282,attack,Mouse077_20160709_18-29-34,Mouse077_20160709_18-29-34_f002336
5.573572,-5.710409,attack,Mouse077_20160709_18-29-34,Mouse077_20160709_18-29-34_f002352
-0.23705316,-2.0118947,attack,Mouse077_20160709_18-29-34,Mouse077_20160709_18-29-34_f002368
5.9695196,0.9321359,attack,Mouse077_20160709_18-29-34,Mouse077_20160709_18-29-34_f002400
-16.241795,1.9165579,attack,Mouse077_20160709_18-29-34,Mouse077_20160709_18-29-34_f002496
-21.030542,6.122748,attack,Mouse077_20160709_18-29-34,Mouse077_20160709_18-29-34_f002528
-9.899001,-9.031352,attack,Mouse077_20160709_18-29-34,Mouse077_20160709_18-29-34_f002560
-24.657953,7.63339,attack,Mouse077_20160709_18-29-34,Mouse077_20160709_18-29-34_f002768
-14.014341,2.0110679,attack,Mouse077_20160709_18-29-34,Mouse077_20160709_18-29-34_f002784
16.306784,-3.0148094,attack,Mouse077_20160709_18-29-34,Mouse077_20160709_18-29-34_f002880
7.898549,-0.301362,attack,Mouse077_20160709_18-29-34,Mouse077_20160709_18-29-34_f002912
0.6326765,-2.1683996,attack,Mouse077_20160709_18-29-34,Mouse077_20160709_18-29-34_f002928
3.5963783,-3.4650543,other,Mouse077_20160709_18-29-34,Mouse077_20160709_18-29-34_f002976
15.409271,-21.524435,other,Mouse077_20160709_18-29-34,Mouse077_20160709_18-29-34_f003040
-9.646167,-13.712638,other,Mouse077_20160709_18-29-34,Mouse077_20160709_18-29-34_f003088
-25.244091,2.0293074,investigation,Mouse077_20160709_18-29-34,Mouse077_20160709_18-29-34_f003120
-16.45434,5.22551,attack,Mouse077_20160709_18-29-34,Mouse077_20160709_18-29-34_f003136
-7.6466966,5.601787,attack,Mouse077_20160709_18-29-34,Mouse077_20160709_18-29-34_f003168
-5.8744993,7.509138,attack,Mouse077_20160709_18-29-34,Mouse077_20160709_18-29-34_f003184
-4.460036,-0.9471841,attack,Mouse077_20160709_18-29-34,Mouse077_20160709_18-29-34_f003296
-3.9364402,-13.327377,attack,Mouse077_20160709_18-29-34,Mouse077_20160709_18-29-34_f003392
10.566227,-19.25153,other,Mouse077_20160709_18-29-34,Mouse077_20160709_18-29-34_f003552
14.581278,-10.915381,other,Mouse077_20160709_18-29-34,Mouse077_20160709_18-29-34_f004304
7.601073,-13.307042,other,Mouse077_20160709_18-29-34,Mouse077_20160709_18-29-34_f004528
-20.249228,-10.059998,other,Mouse077_20160709_18-29-34,Mouse077_20160709_18-29-34_f005328
24.367308,-8.930028,other,Mouse077_20160709_18-29-34,Mouse077_20160709_18-29-34_f006448
18.439766,-1.1930037,attack,Mouse077_20160709_18-29-34,Mouse077_20160709_18-29-34_f006528
-3.85321,-12.262387,attack,Mouse077_20160709_18-29-34,Mouse077_20160709_18-29-34_f006560
-4.5276165,-12.496433,attack,Mouse077_20160709_18-29-34,Mouse077_20160709_18-29-34_f006608
-6.239417,-8.307433,attack,Mouse077_20160709_18-29-34,Mouse077_20160709_18-29-34_f006752
-13.865678,-0.7064349,attack,Mouse077_20160709_18-29-34,Mouse077_20160709_18-29-34_f006944
-16.500475,-8.202607,attack,Mouse077_20160709_18-29-34,Mouse077_20160709_18-29-34_f006976
-16.71805,-12.9452305,attack,Mouse077_20160709_18-29-34,Mouse077_20160709_18-29-34_f007072
-5.4316626,-7.8058248,attack,Mouse077_20160709_18-29-34,Mouse077_20160709_18-29-34_f007200
13.499477,-2.982841,attack,Mouse077_20160709_18-29-34,Mouse077_20160709_18-29-34_f007328
-10.003696,-1.6273533,attack,Mouse077_20160709_18-29-34,Mouse077_20160709_18-29-34_f007360
-9.958686,-18.609335,other,Mouse077_20160709_18-29-34,Mouse077_20160709_18-29-34_f007424
-9.660916,-9.665188,other,Mouse077_20160709_18-29-34,Mouse077_20160709_18-29-34_f007600
-17.772404,-8.103283,attack,Mouse077_20160709_18-29-34,Mouse077_20160709_18-29-34_f007744
-6.644778,-5.369082,attack,Mouse077_20160709_18-29-34,Mouse077_20160709_18-29-34_f007760
-24.154442,0.6698373,attack,Mouse077_20160709_18-29-34,Mouse077_20160709_18-29-34_f007840
2.810309,-8.3846445,attack,Mouse077_20160709_18-29-34,Mouse077_20160709_18-29-34_f007856
-10.876413,-1.5770482,investigation,Mouse077_20160709_18-29-34,Mouse077_20160709_18-29-34_f008080
20.395964,-27.861458,other,Mouse077_20160709_18-29-34,Mouse077_20160709_18-29-34_f008192
-16.310146,4.4365377,attack,Mouse077_20160709_18-29-34,Mouse077_20160709_18-29-34_f008256
-16.615574,-2.6326602,attack,Mouse077_20160709_18-29-34,Mouse077_20160709_18-29-34_f008304
2.497771,-12.894119,attack,Mouse077_20160709_18-29-34,Mouse077_20160709_18-29-34_f008416
-14.289371,-6.8259425,attack,Mouse077_20160709_18-29-34,Mouse077_20160709_18-29-34_f008432
-1.0284405,-13.568137,investigation,Mouse077_20160709_18-29-34,Mouse077_20160709_18-29-34_f008480
13.77142,-2.4825075,attack,Mouse077_20160709_18-29-34,Mouse077_20160709_18-29-34_f008704
6.1315284,-10.220544,attack,Mouse077_20160709_18-29-34,Mouse077_20160709_18-29-34_f009136
-8.338892,1.7934344,attack,Mouse077_20160709_18-29-34,Mouse077_20160709_18-29-34_f009232
-6.384941,6.686063,attack,Mouse077_20160709_18-29-34,Mouse077_20160709_18-29-34_f009248
-8.825186,6.30617,attack,Mouse077_20160709_18-29-34,Mouse077_20160709_18-29-34_f009264
-6.5642877,-4.1941457,attack,Mouse077_20160709_18-29-34,Mouse077_20160709_18-29-34_f009280
4.582125,-14.429043,other,Mouse077_20160709_18-29-34,Mouse077_20160709_18-29-34_f009312
-4.789881,-7.383012,attack,Mouse077_20160709_18-29-34,Mouse077_20160709_18-29-34_f009376
-19.440145,3.339696,attack,Mouse077_20160709_18-29-34,Mouse077_20160709_18-29-34_f009648
16.936752,-15.126319,other,Mouse077_20160709_18-29-34,Mouse077_20160709_18-29-34_f009792
5.4242716,-12.267681,attack,Mouse077_20160709_18-29-34,Mouse077_20160709_18-29-34_f010064
16.037949,-20.597248,other,Mouse077_20160709_18-29-34,Mouse077_20160709_18-29-34_f010208
-3.0261862,-6.7400565,other,Mouse077_20160709_18-29-34,Mouse077_20160709_18-29-34_f010304
25.440653,-12.654817,other,Mouse077_20160709_18-29-34,Mouse077_20160709_18-29-34_f010640
21.866867,-13.6742115,other,Mouse077_20160709_18-29-34,Mouse077_20160709_18-29-34_f010672
23.666792,-14.431646,other,Mouse077_20160709_18-29-34,Mouse077_20160709_18-29-34_f010720
-15.732072,13.799729,attack,Mouse077_20160709_18-29-34,Mouse077_20160709_18-29-34_f010864
-11.941851,-6.390852,attack,Mouse077_20160709_18-29-34,Mouse077_20160709_18-29-34_f011088
-4.7092648,-4.862959,attack,Mouse077_20160709_18-29-34,Mouse077_20160709_18-29-34_f011296
10.934752,3.2293766,attack,Mouse077_20160709_18-29-34,Mouse077_20160709_18-29-34_f011344
11.142789,-5.449749,attack,Mouse077_20160709_18-29-34,Mouse077_20160709_18-29-34_f011360
-1.5862381,-2.7830598,attack,Mouse077_20160709_18-29-34,Mouse077_20160709_18-29-34_f011408
-16.302786,-10.215615,attack,Mouse077_20160709_18-29-34,Mouse077_20160709_18-29-34_f011744
-9.727818,-5.4752674,attack,Mouse077_20160709_18-29-34,Mouse077_20160709_18-29-34_f011776
-22.116966,-6.0186787,attack,Mouse077_20160709_18-29-34,Mouse077_20160709_18-29-34_f012000
-20.002764,-5.87237,attack,Mouse077_20160709_18-29-34,Mouse077_20160709_18-29-34_f012016
-10.713425,-6.4026217,attack,Mouse077_20160709_18-29-34,Mouse077_20160709_18-29-34_f012032
-8.305048,-8.918204,attack,Mouse077_20160709_18-29-34,Mouse077_20160709_18-29-34_f012128
-6.4148006,-6.61581,attack,Mouse077_20160709_18-29-34,Mouse077_20160709_18-29-34_f012368
9.443266,-3.2267232,attack,Mouse077_20160709_18-29-34,Mouse077_20160709_18-29-34_f012384
-16.739374,0.6730935,attack,Mouse077_20160709_18-29-34,Mouse077_20160709_18-29-34_f012480
-21.910389,3.7493024,attack,Mouse077_20160709_18-29-34,Mouse077_20160709_18-29-34_f012512
-27.508898,4.933952,attack,Mouse077_20160709_18-29-34,Mouse077_20160709_18-29-34_f012528
24.458122,1.0185506,investigation,Mouse077_20160709_18-29-34,Mouse077_20160709_18-29-34_f013024
14.89904,-8.314076,attack,Mouse077_20160709_18-29-34,Mouse077_20160709_18-29-34_f013056
3.9463499,-8.68826,attack,Mouse077_20160709_18-29-34,Mouse077_20160709_18-29-34_f013328
-24.864391,12.676252,attack,Mouse077_20160709_18-29-34,Mouse077_20160709_18-29-34_f013536
-22.834715,14.3652935,attack,Mouse077_20160709_18-29-34,Mouse077_20160709_18-29-34_f013552
-23.59383,11.9147625,attack,Mouse077_20160709_18-29-34,Mouse077_20160709_18-29-34_f013616
-28.102022,9.5708,attack,Mouse077_20160709_18-29-34,Mouse077_20160709_18-29-34_f013632
-19.334587,-6.076203,attack,Mouse077_20160709_18-29-34,Mouse077_20160709_18-29-34_f013744
-19.987965,-10.444742,other,Mouse077_20160709_18-29-34,Mouse077_20160709_18-29-34_f013856
-15.735259,11.621075,attack,Mouse077_20160709_18-29-34,Mouse077_20160709_18-29-34_f014000
-15.698156,5.5380816,attack,Mouse077_20160709_18-29-34,Mouse077_20160709_18-29-34_f014224
-26.493952,4.0993485,attack,Mouse077_20160709_18-29-34,Mouse077_20160709_18-29-34_f014256
-22.980598,4.061529,attack,Mouse077_20160709_18-29-34,Mouse077_20160709_18-29-34_f014272
-5.8134837,-5.6361594,attack,Mouse077_20160709_18-29-34,Mouse077_20160709_18-29-34_f014288
-12.964124,9.339065,attack,Mouse077_20160709_18-29-34,Mouse077_20160709_18-29-34_f014816
-17.554216,2.1011732,attack,Mouse077_20160709_18-29-34,Mouse077_20160709_18-29-34_f014864
11.490014,-8.657254,attack,Mouse077_20160709_18-29-34,Mouse077_20160709_18-29-34_f015008
12.635054,-16.539291,attack,Mouse077_20160709_18-29-34,Mouse077_20160709_18-29-34_f015024
7.898636,-8.20294,attack,Mouse077_20160709_18-29-34,Mouse077_20160709_18-29-34_f015088
-15.4300995,0.9280156,attack,Mouse077_20160709_18-29-34,Mouse077_20160709_18-29-34_f015184
-11.030822,-2.2675765,attack,Mouse077_20160709_18-29-34,Mouse077_20160709_18-29-34_f015232
25.957142,-5.8415184,investigation,Mouse077_20160709_18-29-34,Mouse077_20160709_18-29-34_f016032
15.850981,-5.8589435,investigation,Mouse077_20160709_18-29-34,Mouse077_20160709_18-29-34_f016048
22.097607,-16.496529,other,Mouse077_20160709_18-29-34,Mouse077_20160709_18-29-34_f016256
-7.0439744,5.7444205,attack,Mouse077_20160709_18-29-34,Mouse077_20160709_18-29-34_f017344
-19.81146,2.7290902,attack,Mouse077_20160709_18-29-34,Mouse077_20160709_18-29-34_f017408
-5.0653944,-9.152454,other,Mouse077_20160709_18-29-34,Mouse077_20160709_18-29-34_f017440
-5.7675195,-4.663049,attack,Mouse077_20160709_18-29-34,Mouse077_20160709_18-29-34_f017456
-2.4307132,-5.8349147,attack,Mouse077_20160709_18-29-34,Mouse077_20160709_18-29-34_f017488
6.9482746,1.2580568,attack,Mouse077_20160709_18-29-34,Mouse077_20160709_18-29-34_f017552
-13.363772,12.620359,attack,Mouse077_20160709_18-29-34,Mouse077_20160709_18-29-34_f017808
14.943748,-15.863231,other,Mouse077_20160709_18-29-34,Mouse077_20160709_18-29-34_f017904
-14.672413,9.63259,attack,Mouse077_20160709_18-29-34,Mouse077_20160709_18-29-34_f017968
8.546479,-10.7055,investigation,Mouse077_20160709_18-29-34,Mouse077_20160709_18-29-34_f018048
4.807296,0.9492786,attack,Mouse077_20160709_18-29-34,Mouse077_20160709_18-29-34_f018096
12.284231,-10.924243,other,Mouse077_20160709_18-29-34,Mouse077_20160709_18-29-34_f018128
5.316302,-8.1171665,attack,Mouse077_20160709_18-29-34,Mouse077_20160709_18-29-34_f018368
-5.0670686,13.0764265,attack,Mouse077_20160709_18-29-34,Mouse077_20160709_18-29-34_f018448
-2.8370967,9.458101,attack,Mouse077_20160709_18-29-34,Mouse077_20160709_18-29-34_f018464
0.61671454,7.216343,attack,Mouse077_20160709_18-29-34,Mouse077_20160709_18-29-34_f018480
6.2041526,-8.889439,other,Mouse077_20160709_18-29-34,Mouse077_20160709_18-29-34_f018656
-4.856987,-9.722422,investigation,Mouse077_20160709_18-29-34,Mouse077_20160709_18-29-34_f019440
-5.048961,-8.485456,investigation,Mouse155_20151124_20-48-31,Mouse155_20151124_20-48-31_f000496
9.564054,-0.529248,attack,Mouse155_20151124_20-48-31,Mouse155_20151124_20-48-31_f000576
3.809614,5.378414,attack,Mouse155_20151124_20-48-31,Mouse155_20151124_20-48-31_f000624
-15.132278,1.2742705,investigation,Mouse155_20151124_20-48-31,Mouse155_20151124_20-48-31_f001712
4.2308793,0.6282244,attack,Mouse155_20151124_20-48-31,Mouse155_20151124_20-48-31_f002768
-19.537155,6.0382123,attack,Mouse155_20151124_20-48-31,Mouse155_20151124_20-48-31_f002832
-18.787813,1.1389474,attack,Mouse155_20151124_20-48-31,Mouse155_20151124_20-48-31_f002912
0.06913891,-11.496784,other,Mouse155_20151124_20-48-31,Mouse155_20151124_20-48-31_f003056
15.525969,-11.618389,other,Mouse155_20151124_20-48-31,Mouse155_20151124_20-48-31_f003312
7.753291,-16.870457,other,Mouse155_20151124_20-48-31,Mouse155_20151124_20-48-31_f003488
11.622615,-19.9769,other,Mouse155_20151124_20-48-31,Mouse155_20151124_20-48-31_f003744
10.286612,-21.588957,other,Mouse155_20151124_20-48-31,Mouse155_20151124_20-48-31_f003760
11.826836,-21.662926,other,Mouse155_20151124_20-48-31,Mouse155_20151124_20-48-31_f003792
9.755269,-15.094449,other,Mouse155_20151124_20-48-31,Mouse155_20151124_20-48-31_f004032
-8.471576,-0.039044652,investigation,Mouse155_20151124_20-48-31,Mouse155_20151124_20-48-31_f004192
-13.768773,-0.4250368,investigation,Mouse155_20151124_20-48-31,Mouse155_20151124_20-48-31_f004240
-7.021164,0.52064663,attack,Mouse155_20151124_20-48-31,Mouse155_20151124_20-48-31_f004272
-23.241257,4.674604,attack,Mouse155_20151124_20-48-31,Mouse155_20151124_20-48-31_f004336
9.112438,-5.7541165,attack,Mouse155_20151124_20-48-31,Mouse155_20151124_20-48-31_f004384
-8.480993,-7.2567077,attack,Mouse155_20151124_20-48-31,Mouse155_20151124_20-48-31_f004432
6.512508,-22.509186,other,Mouse155_20151124_20-48-31,Mouse155_20151124_20-48-31_f005232
12.293919,-15.453006,other,Mouse155_20151124_20-48-31,Mouse155_20151124_20-48-31_f005728
15.476429,-20.194477,other,Mouse155_20151124_20-48-31,Mouse155_20151124_20-48-31_f006480
-8.716841,-5.311566,other,Mouse155_20151124_20-48-31,Mouse155_20151124_20-48-31_f006960
-8.06117,-2.8289392,investigation,Mouse155_20151124_20-48-31,Mouse155_20151124_20-48-31_f007152
13.196507,-28.214523,other,Mouse155_20151124_20-48-31,Mouse155_20151124_20-48-31_f007536
-25.43782,-4.7780137,other,Mouse155_20151124_20-48-31,Mouse155_20151124_20-48-31_f008080
-22.55212,-1.32107,other,Mouse155_20151124_20-48-31,Mouse155_20151124_20-48-31_f008112
-5.1041846,-4.6663427,investigation,Mouse155_20151124_20-48-31,Mouse155_20151124_20-48-31_f008384
-18.969032,-16.826626,other,Mouse155_20151124_20-48-31,Mouse155_20151124_20-48-31_f009088
-3.1401062,-20.482887,other,Mouse155_20151124_20-48-31,Mouse155_20151124_20-48-31_f009136
-16.071589,-14.507472,investigation,Mouse155_20151124_20-48-31,Mouse155_20151124_20-48-31_f009440
4.8969936,18.849583,attack,Mouse155_20151124_20-56-05,Mouse155_20151124_20-56-05_f000096
-12.851047,-8.687859,investigation,Mouse155_20151124_20-56-05,Mouse155_20151124_20-56-05_f000624
9.962099,0.018531593,other,Mouse155_20151124_20-56-05,Mouse155_20151124_20-56-05_f000688
20.91562,-28.012205,other,Mouse155_20151124_20-56-05,Mouse155_20151124_20-56-05_f000784
-14.200446,-5.5270295,attack,Mouse155_20151124_20-56-05,Mouse155_20151124_20-56-05_f000960
-9.126416,-2.208582,attack,Mouse155_20151124_20-56-05,Mouse155_20151124_20-56-05_f000976
17.900084,-18.60447,other,Mouse155_20151124_20-56-05,Mouse155_20151124_20-56-05_f001232
14.055632,-9.602085,investigation,Mouse155_20151124_20-56-05,Mouse155_20151124_20-56-05_f001456
-3.436578,-6.160596,investigation,Mouse155_20151124_20-56-05,Mouse155_20151124_20-56-05_f001488
-1.6979811,1.0589172,attack,Mouse155_20151124_20-56-05,Mouse155_20151124_20-56-05_f001552
-5.761532,1.5034668,attack,Mouse155_20151124_20-56-05,Mouse155_20151124_20-56-05_f001584
-7.6160483,10.946179,investigation,Mouse155_20151124_20-56-05,Mouse155_20151124_20-56-05_f001616
-1.315128,8.195831,attack,Mouse155_20151124_20-56-05,Mouse155_20151124_20-56-05_f001680
-19.737392,13.339623,attack,Mouse155_20151124_20-56-05,Mouse155_20151124_20-56-05_f001776
-11.473435,3.0792549,attack,Mouse155_20151124_20-56-05,Mouse155_20151124_20-56-05_f001792
-7.2469206,3.8533735,other,Mouse155_20151124_20-56-05,Mouse155_20151124_20-56-05_f001808
-11.577005,8.021022,investigation,Mouse155_20151124_20-56-05,Mouse155_20151124_20-56-05_f001840
2.8503659,-15.59332,other,Mouse155_20151124_20-56-05,Mouse155_20151124_20-56-05_f002368
-14.137406,5.344361,investigation,Mouse155_20151124_20-56-05,Mouse155_20151124_20-56-05_f003168
-10.422598,3.8815694,attack,Mouse155_20151124_20-56-05,Mouse155_20151124_20-56-05_f003184
-4.1943355,16.098627,attack,Mouse155_20151124_20-56-05,Mouse155_20151124_20-56-05_f003216
-12.109142,21.952745,attack,Mouse155_20151124_20-56-05,Mouse155_20151124_20-56-05_f003232
-9.827692,18.537468,attack,Mouse155_20151124_20-56-05,Mouse155_20151124_20-56-05_f003248
-25.68546,3.0823436,attack,Mouse155_20151124_20-56-05,Mouse155_20151124_20-56-05_f003280
16.88509,-26.998857,other,Mouse155_20151124_20-56-05,Mouse155_20151124_20-56-05_f003584
-14.644657,-4.5734615,other,Mouse155_20151124_20-56-05,Mouse155_20151124_20-56-05_f003760
-4.0192366,-4.4703693,other,Mouse155_20151124_20-56-05,Mouse155_20151124_20-56-05_f004032
21.195608,-16.230238,other,Mouse155_20151124_20-56-05,Mouse155_20151124_20-56-05_f004064
-0.07648708,-9.689488,other,Mouse155_20151124_20-56-05,Mouse155_20151124_20-56-05_f004800
-9.107054,-11.013109,attack,Mouse155_20151124_20-56-05,Mouse155_20151124_20-56-05_f005184
-3.1114511,-2.7852771,attack,Mouse155_20151124_20-56-05,Mouse155_20151124_20-56-05_f005200
2.75111,3.0418158,attack,Mouse155_20151124_20-56-05,Mouse155_20151124_20-56-05_f005216
2.3954005,-2.9820094,other,Mouse155_20151124_20-56-05,Mouse155_20151124_20-56-05_f005584
2.035045,8.956968,other,Mouse155_20151124_20-56-05,Mouse155_20151124_20-56-05_f005696
0.98362756,2.5776005,other,Mouse155_20151124_20-56-05,Mouse155_20151124_20-56-05_f005744
-10.036667,-16.363281,other,Mouse155_20151124_20-56-05,Mouse155_20151124_20-56-05_f006544
-3.9952793,-10.196237,investigation,Mouse155_20151124_20-56-05,Mouse155_20151124_20-56-05_f007152
16.515728,-11.117437,investigation,Mouse155_20151124_20-56-05,Mouse155_20151124_20-56-05_f007344
-8.370123,-10.791701,attack,Mouse155_20151124_20-56-05,Mouse155_20151124_20-56-05_f007408
-11.395782,-8.508748,attack,Mouse155_20151124_20-56-05,Mouse155_20151124_20-56-05_f007424
-15.873058,-6.566782,attack,Mouse155_20151124_20-56-05,Mouse155_20151124_20-56-05_f007440
-9.942976,-6.6742077,attack,Mouse155_20151124_20-56-05,Mouse155_20151124_20-56-05_f007552
-13.620356,-24.990921,other,Mouse155_20151124_20-56-05,Mouse155_20151124_20-56-05_f007792
-4.329734,-6.356301,other,Mouse155_20151124_20-56-05,Mouse155_20151124_20-56-05_f009520
21.21266,-19.03302,other,Mouse155_20151124_20-56-05,Mouse155_20151124_20-56-05_f009552
-7.7818785,-7.9856834,other,Mouse155_20151124_21-11-28,Mouse155_20151124_21-11-28_f000000
-9.359327,-3.6354883,attack,Mouse155_20151124_21-11-28,Mouse155_20151124_21-11-28_f000112
0.4501822,1.5448843,attack,Mouse155_20151124_21-11-28,Mouse155_20151124_21-11-28_f000160
6.7343087,-12.242774,other,Mouse155_20151124_21-11-28,Mouse155_20151124_21-11-28_f000432
-4.9890876,-11.119727,other,Mouse155_20151124_21-11-28,Mouse155_20151124_21-11-28_f000480
-11.187494,-11.669248,attack,Mouse155_20151124_21-11-28,Mouse155_20151124_21-11-28_f001200
-21.726679,-12.535701,attack,Mouse155_20151124_21-11-28,Mouse155_20151124_21-11-28_f001216
-7.990736,2.7881794,attack,Mouse155_20151124_21-11-28,Mouse155_20151124_21-11-28_f001296
-27.290274,-4.565765,attack,Mouse155_20151124_21-11-28,Mouse155_20151124_21-11-28_f001328
-26.583256,-7.306702,attack,Mouse155_20151124_21-11-28,Mouse155_20151124_21-11-28_f001344
-27.36358,-7.102529,attack,Mouse155_20151124_21-11-28,Mouse155_20151124_21-11-28_f001376
-20.885078,-0.9601551,attack,Mouse155_20151124_21-11-28,Mouse155_20151124_21-11-28_f001792
5.442858,17.023727,investigation,Mouse155_20151124_21-11-28,Mouse155_20151124_21-11-28_f001840
13.542518,5.844563,investigation,Mouse155_20151124_21-11-28,Mouse155_20151124_21-11-28_f002160
2.4583013,-7.495526,other,Mouse155_20151124_21-11-28,Mouse155_20151124_21-11-28_f002688
-1.02556,-12.621319,other,Mouse155_20151124_21-11-28,Mouse155_20151124_21-11-28_f002704
-12.894252,11.720501,investigation,Mouse155_20151124_21-11-28,Mouse155_20151124_21-11-28_f002800
-4.4286385,6.178508,investigation,Mouse155_20151124_21-11-28,Mouse155_20151124_21-11-28_f002832
-13.205597,6.327175,investigation,Mouse155_20151124_21-11-28,Mouse155_20151124_21-11-28_f002880
14.287987,-7.877828,other,Mouse155_20151124_21-11-28,Mouse155_20151124_21-11-28_f003120
8.132818,-23.68416,other,Mouse155_20151124_21-11-28,Mouse155_20151124_21-11-28_f003408
-4.908305,2.9608154,investigation,Mouse155_20151124_21-11-28,Mouse155_20151124_21-11-28_f003744
16.183344,-24.980995,other,Mouse155_20151124_21-11-28,Mouse155_20151124_21-11-28_f004016
18.406906,-10.451863,other,Mouse155_20151124_21-11-28,Mouse155_20151124_21-11-28_f004672
0.6110623,-4.0534387,other,Mouse155_20151124_21-11-28,Mouse155_20151124_21-11-28_f005728
21.976473,-11.914564,other,Mouse155_20151124_21-11-28,Mouse155_20151124_21-11-28_f006112
13.084967,-14.271935,other,Mouse155_20151124_21-11-28,Mouse155_20151124_21-11-28_f006176
15.109481,-10.873346,other,Mouse155_20151124_21-11-28,Mouse155_20151124_21-11-28_f006192
22.396278,1.7307748,other,Mouse155_20151124_21-11-28,Mouse155_20151124_21-11-28_f006400
-1.4471135,0.18794745,investigation,Mouse155_20151124_21-11-28,Mouse155_20151124_21-11-28_f006608
10.231337,-14.055519,other,Mouse155_20151129_22-41-43,Mouse155_20151129_22-41-43_f000384
-3.101671,-8.067873,investigation,Mouse155_20151129_22-41-43,Mouse155_20151129_22-41-43_f000608
-7.1263204,-6.3234954,investigation,Mouse155_20151129_22-41-43,Mouse155_20151129_22-41-43_f000752
6.504238,-18.627666,other,Mouse155_20151129_22-41-43,Mouse155_20151129_22-41-43_f001024
-24.345228,-5.27091,attack,Mouse155_20151129_22-41-43,Mouse155_20151129_22-41-43_f001168
-20.637838,-0.78309405,attack,Mouse155_20151129_22-41-43,Mouse155_20151129_22-41-43_f001200
-22.455263,-5.4863772,attack,Mouse155_20151129_22-41-43,Mouse155_20151129_22-41-43_f001232
-26.728483,-8.716271,attack,Mouse155_20151129_22-41-43,Mouse155_20151129_22-41-43_f001264
-28.89515,-11.155412,attack,Mouse155_20151129_22-41-43,Mouse155_20151129_22-41-43_f001504
-22.426544,-9.31319,attack,Mouse155_20151129_22-41-43,Mouse155_20151129_22-41-43_f001520
-20.185167,-6.634265,attack,Mouse155_20151129_22-41-43,Mouse155_20151129_22-41-43_f001600
-25.558043,-4.8217545,investigation,Mouse155_20151129_22-41-43,Mouse155_20151129_22-41-43_f001680
-30.55705,-5.5402336,investigation,Mouse155_20151129_22-41-43,Mouse155_20151129_22-41-43_f001888
-30.034023,-3.7010226,investigation,Mouse155_20151129_22-41-43,Mouse155_20151129_22-41-43_f001936
-7.454252,-1.9640031,investigation,Mouse155_20151129_22-41-43,Mouse155_20151129_22-41-43_f002896
-11.329051,-1.519882,investigation,Mouse155_20151129_22-41-43,Mouse155_20151129_22-41-43_f002928
-8.1732435,-11.911599,other,Mouse155_20151129_22-41-43,Mouse155_20151129_22-41-43_f002992
9.817278,-21.833433,other,Mouse155_20151129_22-41-43,Mouse155_20151129_22-41-43_f003088
4.3690686,-19.44576,other,Mouse155_20151129_22-41-43,Mouse155_20151129_22-41-43_f003104
-9.659487,-2.1710489,mount,Mouse155_20151129_22-41-43,Mouse155_20151129_22-41-43_f003536
-13.847125,-3.0555031,investigation,Mouse155_20151129_22-41-43,Mouse155_20151129_22-41-43_f003648
-16.478184,-3.9015837,investigation,Mouse155_20151129_22-41-43,Mouse155_20151129_22-41-43_f003680
-18.410488,-0.5303027,investigation,Mouse155_20151129_22-41-43,Mouse155_20151129_22-41-43_f003776
-18.74897,-9.048694,investigation,Mouse155_20151129_22-41-43,Mouse155_20151129_22-41-43_f003904
4.441051,3.014082,investigation,Mouse155_20151129_22-41-43,Mouse155_20151129_22-41-43_f004736
15.056526,-1.7674241,investigation,Mouse155_20151129_22-41-43,Mouse155_20151129_22-41-43_f004752
14.52797,-18.646435,other,Mouse156_20151012_20-16-37,Mouse156_20151012_20-16-37_f000208
-21.84623,-7.706206,attack,Mouse156_20151012_20-16-37,Mouse156_20151012_20-16-37_f000416
-17.39631,-12.942329,attack,Mouse156_20151012_20-16-37,Mouse156_20151012_20-16-37_f000432
-17.636745,4.1157737,attack,Mouse156_20151012_20-16-37,Mouse156_20151012_20-16-37_f000480
-24.97435,5.6602235,attack,Mouse156_20151012_20-16-37,Mouse156_20151012_20-16-37_f000496
-25.889906,1.0818452,attack,Mouse156_20151012_20-16-37,Mouse156_20151012_20-16-37_f000528
-27.848738,-0.1427561,attack,Mouse156_20151012_20-16-37,Mouse156_20151012_20-16-37_f000544
-25.427935,6.2525077,attack,Mouse156_20151012_20-16-37,Mouse156_20151012_20-16-37_f000576
-15.181905,-1.1043793,attack,Mouse156_20151012_20-16-37,Mouse156_20151012_20-16-37_f000592
-0.24654524,-7.956854,attack,Mouse156_20151012_20-16-37,Mouse156_20151012_20-16-37_f000608
13.93469,-7.385111,mount,Mouse156_20151012_20-16-37,Mouse156_20151012_20-16-37_f000640
14.208659,-11.198064,investigation,Mouse156_20151012_20-16-37,Mouse156_20151012_20-16-37_f000704
2.816389,-0.3212341,investigation,Mouse156_20151012_20-16-37,Mouse156_20151012_20-16-37_f000768
3.5806162,-4.28142,other,Mouse156_20151012_20-16-37,Mouse156_20151012_20-16-37_f000992
13.337123,-9.391643,other,Mouse156_20151012_20-16-37,Mouse156_20151012_20-16-37_f001296
2.7552476,-13.73074,other,Mouse156_20151012_20-16-37,Mouse156_20151012_20-16-37_f001456
16.990028,-10.247789,other,Mouse156_20151012_20-16-37,Mouse156_20151012_20-16-37_f001792
12.023528,-4.317228,other,Mouse156_20151012_20-16-37,Mouse156_20151012_20-16-37_f002240
-8.513269,-5.5954633,attack,Mouse156_20151012_20-16-37,Mouse156_20151012_20-16-37_f002288
-27.207933,-5.6435337,attack,Mouse156_20151012_20-16-37,Mouse156_20151012_20-16-37_f002320
-26.065142,-6.1549454,attack,Mouse156_20151012_20-16-37,Mouse156_20151012_20-16-37_f002336
1.9213855,-14.451145,investigation,Mouse156_20151012_20-16-37,Mouse156_20151012_20-16-37_f002400
-5.4416995,-9.768033,other,Mouse156_20151012_20-16-37,Mouse156_20151012_20-16-37_f002480
-26.66886,-5.0039124,attack,Mouse156_20151012_20-16-37,Mouse156_20151012_20-16-37_f002976
-24.674576,-5.673863,attack,Mouse156_20151012_20-16-37,Mouse156_20151012_20-16-37_f002992
-28.325512,-6.9488635,attack,Mouse156_20151012_20-16-37,Mouse156_20151012_20-16-37_f003072
-33.19131,-5.3667197,attack,Mouse156_20151012_20-16-37,Mouse156_20151012_20-16-37_f003120
2.6451907,-18.223047,other,Mouse156_20151012_20-16-37,Mouse156_20151012_20-16-37_f003248
-13.512973,4.233565,attack,Mouse156_20151012_20-16-37,Mouse156_20151012_20-16-37_f003744
-26.04905,2.3933177,attack,Mouse156_20151012_20-16-37,Mouse156_20151012_20-16-37_f003776
-8.157803,7.2772994,attack,Mouse156_20151012_20-16-37,Mouse156_20151012_20-16-37_f003840
-8.103833,-6.0449305,attack,Mouse156_20151012_20-16-37,Mouse156_20151012_20-16-37_f003872
5.6523423,-11.504493,attack,Mouse156_20151012_20-16-37,Mouse156_20151012_20-16-37_f004080
-9.370087,-9.658726,attack,Mouse156_20151012_20-16-37,Mouse156_20151012_20-16-37_f004096
-17.305681,-10.442517,attack,Mouse156_20151012_20-16-37,Mouse156_20151012_20-16-37_f004128
-16.141912,-8.348502,attack,Mouse156_20151012_20-16-37,Mouse156_20151012_20-16-37_f004144
-15.030697,-9.330945,attack,Mouse156_20151012_20-16-37,Mouse156_20151012_20-16-37_f004160
-10.659933,-13.030939,attack,Mouse156_20151012_20-16-37,Mouse156_20151012_20-16-37_f004176
-16.216877,-12.520402,attack,Mouse156_20151012_20-16-37,Mouse156_20151012_20-16-37_f004208
-22.945004,-14.986056,attack,Mouse156_20151012_20-16-37,Mouse156_20151012_20-16-37_f004240
-30.972359,-15.547571,investigation,Mouse156_20151012_20-16-37,Mouse156_20151012_20-16-37_f004288
-24.448292,-9.1698265,attack,Mouse156_20151012_20-16-37,Mouse156_20151012_20-16-37_f004720
-25.160149,-9.803882,attack,Mouse156_20151012_20-16-37,Mouse156_20151012_20-16-37_f004736
-24.09375,-0.57135713,attack,Mouse156_20151012_20-16-37,Mouse156_20151012_20-16-37_f004752
-20.330952,3.3253539,attack,Mouse156_20151012_20-16-37,Mouse156_20151012_20-16-37_f004848
-30.063738,-2.008832,investigation,Mouse156_20151012_20-16-37,Mouse156_20151012_20-16-37_f004992
-7.5250196,2.6785247,investigation,Mouse156_20151012_20-16-37,Mouse156_20151012_20-16-37_f005040
-15.161034,-6.1291027,attack,Mouse156_20151012_20-16-37,Mouse156_20151012_20-16-37_f005184
-23.94398,-8.665356,attack,Mouse156_20151012_20-16-37,Mouse156_20151012_20-16-37_f005200
-22.763689,-8.311804,attack,Mouse156_20151012_20-16-37,Mouse156_20151012_20-16-37_f005216
-12.82345,-9.303845,attack,Mouse156_20151012_20-16-37,Mouse156_20151012_20-16-37_f005232
-24.170599,-3.6258895,attack,Mouse156_20151012_20-16-37,Mouse156_20151012_20-16-37_f005360
-20.196043,-3.1707547,attack,Mouse156_20151012_20-16-37,Mouse156_20151012_20-16-37_f005376
-19.319052,-6.7737694,attack,Mouse156_20151012_20-16-37,Mouse156_20151012_20-16-37_f005392
-24.409126,4.080265,attack,Mouse156_20151012_20-16-37,Mouse156_20151012_20-16-37_f005456
-18.650219,1.23941,attack,Mouse156_20151012_20-16-37,Mouse156_20151012_20-16-37_f005472
-30.521486,-5.1641603,other,Mouse156_20151012_20-16-37,Mouse156_20151012_20-16-37_f005568
-31.689613,-6.6384096,other,Mouse156_20151012_20-16-37,Mouse156_20151012_20-16-37_f005584
-24.487486,-5.002493,attack,Mouse156_20151012_20-16-37,Mouse156_20151012_20-16-37_f006112
-2.733529,-7.7455664,investigation,Mouse156_20151012_20-16-37,Mouse156_20151012_20-16-37_f006192
-25.858778,-7.541386,investigation,Mouse156_20151012_20-16-37,Mouse156_20151012_20-16-37_f006208
-24.59819,-2.4992154,attack,Mouse156_20151012_20-16-37,Mouse156_20151012_20-16-37_f006544
-17.280859,-4.7211046,attack,Mouse156_20151012_20-16-37,Mouse156_20151012_20-16-37_f006560
-32.388485,-1.6815486,investigation,Mouse156_20151012_20-16-37,Mouse156_20151012_20-16-37_f006864
-24.054401,-1.7256899,attack,Mouse156_20151012_20-16-37,Mouse156_20151012_20-16-37_f006912
-18.908293,-2.7347302,attack,Mouse156_20151012_20-16-37,Mouse156_20151012_20-16-37_f006928
-15.3654585,-4.061465,attack,Mouse156_20151012_20-16-37,Mouse156_20151012_20-16-37_f006976
-20.965122,-3.3193407,investigation,Mouse156_20151012_20-16-37,Mouse156_20151012_20-16-37_f007040
-18.67486,-3.7531767,investigation,Mouse156_20151012_20-16-37,Mouse156_20151012_20-16-37_f007056
-25.222073,-3.6290898,attack,Mouse156_20151012_20-16-37,Mouse156_20151012_20-16-37_f007616
-11.313381,-3.3974762,attack,Mouse156_20151012_20-16-37,Mouse156_20151012_20-16-37_f007648
-10.029959,-7.68255,other,Mouse156_20151012_20-16-37,Mouse156_20151012_20-16-37_f007920
-7.6415696,-7.0635257,attack,Mouse156_20151012_20-16-37,Mouse156_20151012_20-16-37_f008064
-9.180944,-7.664812,investigation,Mouse156_20151012_20-16-37,Mouse156_20151012_20-16-37_f008080
8.716047,-7.4467206,investigation,Mouse156_20151012_20-16-37,Mouse156_20151012_20-16-37_f008192
5.484466,-2.3818393,investigation,Mouse156_20151012_20-16-37,Mouse156_20151012_20-16-37_f008224
-9.53249,-11.074554,attack,Mouse156_20151012_20-16-37,Mouse156_20151012_20-16-37_f008448
-26.83408,-3.7988408,attack,Mouse156_20151012_20-16-37,Mouse156_20151012_20-16-37_f008512
7.346035,-1.3675755,attack,Mouse156_20151012_20-16-37,Mouse156_20151012_20-16-37_f008544
3.5226831,12.734536,investigation,Mouse156_20151012_20-16-37,Mouse156_20151012_20-16-37_f008752
-1.0847261,9.586522,investigation,Mouse156_20151012_20-16-37,Mouse156_20151012_20-16-37_f008912
-9.727791,10.360481,investigation,Mouse156_20151012_20-16-37,Mouse156_20151012_20-16-37_f009040
-8.889857,2.6881871,investigation,Mouse156_20151012_20-16-37,Mouse156_20151012_20-16-37_f009152
-13.330942,8.25434,investigation,Mouse156_20151012_20-16-37,Mouse156_20151012_20-16-37_f009168
-6.603519,-2.6529286,attack,Mouse156_20151012_20-16-37,Mouse156_20151012_20-16-37_f009280
-5.434608,-10.839289,attack,Mouse156_20151012_20-16-37,Mouse156_20151012_20-16-37_f009376
-14.124149,-7.022734,investigation,Mouse156_20151012_20-16-37,Mouse156_20151012_20-16-37_f009632
-8.186358,-7.5708685,investigation,Mouse156_20151012_20-16-37,Mouse156_20151012_20-16-37_f009712
8.0619955,-3.3970814,investigation,Mouse156_20151012_20-16-37,Mouse156_20151012_20-16-37_f009904
1.3071809,-4.7550077,other,Mouse156_20151012_20-16-37,Mouse156_20151012_20-16-37_f009984
-5.404241,-2.4639666,other,Mouse156_20151012_20-16-37,Mouse156_20151012_20-16-37_f010160
-4.8625197,-9.237516,attack,Mouse156_20151124_21-53-46,Mouse156_20151124_21-53-46_f000016
-10.856835,-2.478124,attack,Mouse156_20151124_21-53-46,Mouse156_20151124_21-53-46_f000048
-6.354768,1.7661923,attack,Mouse156_20151124_21-53-46,Mouse156_20151124_21-53-46_f000064
-11.0254135,2.4406335,attack,Mouse156_20151124_21-53-46,Mouse156_20151124_21-53-46_f000080
-6.1087823,1.8599654,attack,Mouse156_20151124_21-53-46,Mouse156_20151124_21-53-46_f000096
6.8003864,-0.7337524,attack,Mouse156_20151124_21-53-46,Mouse156_20151124_21-53-46_f000144
6.0931234,-2.4038296,attack,Mouse156_20151124_21-53-46,Mouse156_20151124_21-53-46_f000160
-18.678465,-8.096595,attack,Mouse156_20151124_21-53-46,Mouse156_20151124_21-53-46_f000608
-15.508931,-3.3158941,attack,Mouse156_20151124_21-53-46,Mouse156_20151124_21-53-46_f000624
4.1311235,-3.7855048,other,Mouse156_20151124_21-53-46,Mouse156_20151124_21-53-46_f000960
-11.053033,-8.786382,attack,Mouse156_20151124_21-53-46,Mouse156_20151124_21-53-46_f001392
-4.307212,7.3715696,attack,Mouse156_20151124_21-53-46,Mouse156_20151124_21-53-46_f001408
-2.8034544,14.643563,attack,Mouse156_20151124_21-53-46,Mouse156_20151124_21-53-46_f001424
-22.29698,2.1173518,attack,Mouse156_20151124_21-53-46,Mouse156_20151124_21-53-46_f001456
0.15257968,-8.747292,attack,Mouse156_20151124_21-53-46,Mouse156_20151124_21-53-46_f001536
2.7209625,-10.973857,attack,Mouse156_20151124_21-53-46,Mouse156_20151124_21-53-46_f001584
0.97280276,-7.7177773,attack,Mouse156_20151124_21-53-46,Mouse156_20151124_21-53-46_f001616
-15.898876,-6.0751476,attack,Mouse156_20151124_21-53-46,Mouse156_20151124_21-53-46_f001648
15.797665,-27.890076,other,Mouse156_20151124_21-53-46,Mouse156_20151124_21-53-46_f002560
8.725022,-23.673119,other,Mouse156_20151124_21-53-46,Mouse156_20151124_21-53-46_f002944
4.042589,-8.890922,other,Mouse156_20151124_21-53-46,Mouse156_20151124_21-53-46_f002976
-1.2995665,-13.72318,other,Mouse156_20151124_21-53-46,Mouse156_20151124_21-53-46_f003280
-8.937613,-10.466095,other,Mouse156_20151124_21-53-46,Mouse156_20151124_21-53-46_f003360
5.4072537,-12.112031,other,Mouse156_20151124_21-53-46,Mouse156_20151124_21-53-46_f003600
12.990605,-15.89472,other,Mouse156_20151124_21-53-46,Mouse156_20151124_21-53-46_f003872
0.5566712,-12.54536,investigation,Mouse158_20151129_21-12-54,Mouse158_20151129_21-12-54_f000752
-3.990108,-14.0672035,investigation,Mouse158_20151129_21-12-54,Mouse158_20151129_21-12-54_f000768
21.637367,-16.349257,other,Mouse158_20151129_21-12-54,Mouse158_20151129_21-12-54_f000960
-12.70885,-6.87361,other,Mouse158_20151129_21-12-54,Mouse158_20151129_21-12-54_f001376
3.2380886,-14.466126,other,Mouse158_20151129_21-12-54,Mouse158_20151129_21-12-54_f001504
11.841357,-9.986485,other,Mouse158_20151129_21-12-54,Mouse158_20151129_21-12-54_f001696
6.124688,-18.028095,other,Mouse158_20151129_21-12-54,Mouse158_20151129_21-12-54_f001728
19.06908,-18.409735,other,Mouse158_20151129_21-12-54,Mouse158_20151129_21-12-54_f001776
18.50744,-15.67604,other,Mouse158_20151129_21-12-54,Mouse158_20151129_21-12-54_f002256
21.015512,-13.328249,other,Mouse158_20151129_21-12-54,Mouse158_20151129_21-12-54_f002336
20.226498,-12.8560915,other,Mouse158_20151129_21-12-54,Mouse158_20151129_21-12-54_f002352
-11.931543,-7.7891636,attack,Mouse158_20151129_21-12-54,Mouse158_20151129_21-12-54_f002624
12.407583,-2.6196036,attack,Mouse158_20151129_21-12-54,Mouse158_20151129_21-12-54_f002752
0.40573454,-9.3718815,attack,Mouse158_20151129_21-12-54,Mouse158_20151129_21-12-54_f002768
-19.46992,-11.193392,attack,Mouse158_20151129_21-12-54,Mouse158_20151129_21-12-54_f002784
-28.107979,-2.3580768,attack,Mouse158_20151129_21-12-54,Mouse158_20151129_21-12-54_f003424
-29.184523,-2.9673297,attack,Mouse158_20151129_21-12-54,Mouse158_20151129_21-12-54_f003440
-6.7102942,-4.156681,attack,Mouse158_20151129_21-12-54,Mouse158_20151129_21-12-54_f003520
-18.083012,-4.563881,attack,Mouse158_20151129_21-12-54,Mouse158_20151129_21-12-54_f003536
4.398102,-3.5862377,investigation,Mouse158_20151129_21-12-54,Mouse158_20151129_21-12-54_f003600
7.4696283,-12.782752,other,Mouse158_20151129_21-12-54,Mouse158_20151129_21-12-54_f004192
-4.7204328,2.5000923,attack,Mouse158_20151129_21-12-54,Mouse158_20151129_21-12-54_f004336
-19.569641,-10.560967,attack,Mouse158_20151129_21-12-54,Mouse158_20151129_21-12-54_f004400
1.1429473,1.3021922,attack,Mouse158_20151129_21-12-54,Mouse158_20151129_21-12-54_f004448
-0.8844275,-6.779029,attack,Mouse158_20151129_21-12-54,Mouse158_20151129_21-12-54_f004464
-7.6700854,-5.5359297,attack,Mouse158_20151129_21-12-54,Mouse158_20151129_21-12-54_f004496
2.581783,0.11517876,attack,Mouse158_20151129_21-12-54,Mouse158_20151129_21-12-54_f004528
3.1023855,2.9123638,attack,Mouse158_20151129_21-12-54,Mouse158_20151129_21-12-54_f004544
-0.5790986,-3.9203992,attack,Mouse158_20151129_21-12-54,Mouse158_20151129_21-12-54_f004560
17.897018,-12.778929,other,Mouse158_20151129_21-12-54,Mouse158_20151129_21-12-54_f005200
8.161055,-12.344613,other,Mouse158_20151129_21-12-54,Mouse158_20151129_21-12-54_f005280
-30.639795,-1.6984919,investigation,Mouse158_20151129_21-12-54,Mouse158_20151129_21-12-54_f005808
-33.310555,-5.531276,attack,Mouse158_20151129_21-12-54,Mouse158_20151129_21-12-54_f005840
-17.114061,-3.020043,attack,Mouse158_20151129_21-12-54,Mouse158_20151129_21-12-54_f005920
-2.5823934,2.0651445,investigation,Mouse158_20151129_21-12-54,Mouse158_20151129_21-12-54_f006912
19.656044,-3.9709759,other,Mouse158_20151129_21-12-54,Mouse158_20151129_21-12-54_f007280
8.537411,-19.679766,other,Mouse158_20151129_21-12-54,Mouse158_20151129_21-12-54_f007536
-16.321735,1.6864393,other,Mouse158_20151129_21-12-54,Mouse158_20151129_21-12-54_f008736
16.507824,-10.762271,other,Mouse158_20151129_21-12-54,Mouse158_20151129_21-12-54_f009072
2.690448,1.4613142,attack,Mouse159_20151129_20-48-38,Mouse159_20151129_20-48-38_f000016
-18.968182,9.206487,attack,Mouse159_20151129_20-48-38,Mouse159_20151129_20-48-38_f000096
-0.8894835,0.28840357,attack,Mouse159_20151129_20-48-38,Mouse159_20151129_20-48-38_f000176
8.345,-0.1263392,attack,Mouse159_20151129_20-48-38,Mouse159_20151129_20-48-38_f000192
9.260714,-3.783318,attack,Mouse159_20151129_20-48-38,Mouse159_20151129_20-48-38_f000208
-16.952711,15.288366,investigation,Mouse159_20151129_20-48-38,Mouse159_20151129_20-48-38_f000256
7.535975,-1.2420433,attack,Mouse159_20151129_20-48-38,Mouse159_20151129_20-48-38_f000304
4.2580233,7.984951,attack,Mouse159_20151129_20-48-38,Mouse159_20151129_20-48-38_f000416
-3.264316,-5.263676,attack,Mouse159_20151129_20-48-38,Mouse159_20151129_20-48-38_f000448
4.47572,3.1928432,investigation,Mouse159_20151129_20-48-38,Mouse159_20151129_20-48-38_f000480
9.825352,15.449046,attack,Mouse159_20151129_20-48-38,Mouse159_20151129_20-48-38_f000496
2.5527644,3.8440676,attack,Mouse159_20151129_20-48-38,Mouse159_20151129_20-48-38_f000528
10.498561,-4.012612,attack,Mouse159_20151129_20-48-38,Mouse159_20151129_20-48-38_f000544
11.034419,-6.02908,attack,Mouse159_20151129_20-48-38,Mouse159_20151129_20-48-38_f000560
17.695572,-11.291875,other,Mouse159_20151129_20-48-38,Mouse159_20151129_20-48-38_f001136
18.527647,-16.972996,other,Mouse159_20151129_20-48-38,Mouse159_20151129_20-48-38_f001280
-3.0938022,-3.9753475,other,Mouse159_20151129_20-48-38,Mouse159_20151129_20-48-38_f001536
-19.036137,6.519453,attack,Mouse159_20151129_20-48-38,Mouse159_20151129_20-48-38_f002032
-1.5651581,8.494336,attack,Mouse159_20151129_20-48-38,Mouse159_20151129_20-48-38_f002048
-11.227058,4.772557,attack,Mouse159_20151129_20-48-38,Mouse159_20151129_20-48-38_f002128
11.400851,7.3606625,attack,Mouse159_20151129_20-48-38,Mouse159_20151129_20-48-38_f002192
14.974338,8.264632,attack,Mouse159_20151129_20-48-38,Mouse159_20151129_20-48-38_f002208
14.06498,5.5971136,attack,Mouse159_20151129_20-48-38,Mouse159_20151129_20-48-38_f002224
-8.906509,26.838219,attack,Mouse159_20151129_20-48-38,Mouse159_20151129_20-48-38_f002304
-4.4907975,7.9659824,investigation,Mouse159_20151129_20-48-38,Mouse159_20151129_20-48-38_f002496
0.3868009,-9.083415,other,Mouse159_20151129_20-48-38,Mouse159_20151129_20-48-38_f002816
23.430342,-21.279346,other,Mouse159_20151129_20-48-38,Mouse159_20151129_20-48-38_f002992
25.996937,-18.330652,other,Mouse159_20151129_20-48-38,Mouse159_20151129_20-48-38_f003040
-2.6892335,-4.437279,other,Mouse159_20151129_20-48-38,Mouse159_20151129_20-48-38_f003344
24.913134,-17.919552,other,Mouse159_20151129_20-48-38,Mouse159_20151129_20-48-38_f003600
-2.4528778,9.913002,investigation,Mouse159_20151129_20-48-38,Mouse159_20151129_20-48-38_f003824
18.503843,36.157642,mount,Mouse159_20151129_20-48-38,Mouse159_20151129_20-48-38_f003904
25.899261,36.923523,attack,Mouse159_20151129_20-48-38,Mouse159_20151129_20-48-38_f003952
15.4886675,25.426853,attack,Mouse159_20151129_20-48-38,Mouse159_20151129_20-48-38_f003968
5.5746384,3.6137452,attack,Mouse159_20151129_20-48-38,Mouse159_20151129_20-48-38_f004032
4.9635606,1.0476983,attack,Mouse159_20151129_20-48-38,Mouse159_20151129_20-48-38_f004048
-10.493044,1.7217021,investigation,Mouse159_20151129_20-48-38,Mouse159_20151129_20-48-38_f004096
-8.510045,6.599005,investigation,Mouse159_20151129_20-48-38,Mouse159_20151129_20-48-38_f004144
-7.8537416,6.685891,investigation,Mouse159_20151129_20-48-38,Mouse159_20151129_20-48-38_f004192
19.681585,-12.113531,other,Mouse159_20151129_20-48-38,Mouse159_20151129_20-48-38_f005024
19.568752,-18.923903,other,Mouse159_20151129_20-48-38,Mouse159_20151129_20-48-38_f005088
-7.746175,2.2544324,other,Mouse159_20151129_20-48-38,Mouse159_20151129_20-48-38_f005280
-3.366367,2.2803187,other,Mouse159_20151129_20-48-38,Mouse159_20151129_20-48-38_f005712
-11.375606,6.987401,investigation,Mouse159_20151129_20-48-38,Mouse159_20151129_20-48-38_f005824
13.650212,-16.704979,other,Mouse159_20151129_20-48-38,Mouse159_20151129_20-48-38_f006128
-10.24533,-4.7008924,other,Mouse159_20151129_20-48-38,Mouse159_20151129_20-48-38_f006240
-13.595161,-0.6656167,other,Mouse159_20151129_20-48-38,Mouse159_20151129_20-48-38_f006272
-21.00391,8.731722,other,Mouse159_20151129_20-48-38,Mouse159_20151129_20-48-38_f006672
-17.126862,15.905186,investigation,Mouse159_20151129_20-48-38,Mouse159_20151129_20-48-38_f006704
-3.237728,-8.980713,other,Mouse159_20151129_20-48-38,Mouse159_20151129_20-48-38_f007152
-6.446227,-4.3433933,other,Mouse159_20151129_20-48-38,Mouse159_20151129_20-48-38_f007312
0.77896845,-11.279917,attack,Mouse159_20151129_20-57-31,Mouse159_20151129_20-57-31_f000096
-19.48421,-5.916045,attack,Mouse159_20151129_20-57-31,Mouse159_20151129_20-57-31_f000144
-20.193956,4.420875,attack,Mouse159_20151129_20-57-31,Mouse159_20151129_20-57-31_f000176
21.761421,-5.240341,other,Mouse159_20151129_20-57-31,Mouse159_20151129_20-57-31_f000416
-16.74266,-1.6428883,investigation,Mouse159_20151129_20-57-31,Mouse159_20151129_20-57-31_f000880
-23.42017,-1.0195682,attack,Mouse159_20151129_20-57-31,Mouse159_20151129_20-57-31_f000912
-9.007872,-11.375183,attack,Mouse159_20151129_20-57-31,Mouse159_20151129_20-57-31_f001104
6.0606494,-10.907342,attack,Mouse159_20151129_20-57-31,Mouse159_20151129_20-57-31_f001120
-4.1966867,-11.527196,attack,Mouse159_20151129_20-57-31,Mouse159_20151129_20-57-31_f001168
2.884709,-13.889663,attack,Mouse159_20151129_20-57-31,Mouse159_20151129_20-57-31_f001200
18.893438,-25.446096,other,Mouse159_20151129_20-57-31,Mouse159_20151129_20-57-31_f001488
16.003695,-20.084429,other,Mouse159_20151129_20-57-31,Mouse159_20151129_20-57-31_f002000
6.792186,-19.078411,other,Mouse159_20151129_20-57-31,Mouse159_20151129_20-57-31_f002096
4.878933,-20.870907,other,Mouse159_20151129_20-57-31,Mouse159_20151129_20-57-31_f002128
-30.974155,1.7050714,other,Mouse159_20151129_20-57-31,Mouse159_20151129_20-57-31_f002224
17.461374,-18.398848,other,Mouse159_20151129_20-57-31,Mouse159_20151129_20-57-31_f002560
20.868849,-27.752647,other,Mouse159_20151129_20-57-31,Mouse159_20151129_20-57-31_f003168
19.795399,-26.862396,other,Mouse159_20151129_20-57-31,Mouse159_20151129_20-57-31_f003264
17.52783,-5.621095,investigation,Mouse159_20151129_20-57-31,Mouse159_20151129_20-57-31_f003760
17.793545,-13.253016,other,Mouse162_20161017_19-58-28,Mouse162_20161017_19-58-28_f000208
16.545208,-8.411334,other,Mouse162_20161017_19-58-28,Mouse162_20161017_19-58-28_f000224
6.40268,-13.331207,other,Mouse162_20161017_19-58-28,Mouse162_20161017_19-58-28_f000896
17.345984,-18.41022,other,Mouse162_20161017_19-58-28,Mouse162_20161017_19-58-28_f001104
-14.645986,-7.433887,investigation,Mouse162_20161017_19-58-28,Mouse162_20161017_19-58-28_f001152
12.197853,-16.071749,investigation,Mouse162_20161017_19-58-28,Mouse162_20161017_19-58-28_f001344
-25.55595,-1.5875175,attack,Mouse162_20161017_19-58-28,Mouse162_20161017_19-58-28_f001488
-19.85647,-8.415078,attack,Mouse162_20161017_19-58-28,Mouse162_20161017_19-58-28_f001504
13.163317,-3.7464812,attack,Mouse162_20161017_19-58-28,Mouse162_20161017_19-58-28_f001584
-8.9009285,-6.249907,investigation,Mouse162_20161017_19-58-28,Mouse162_20161017_19-58-28_f001616
-25.18543,1.662412,investigation,Mouse162_20161017_19-58-28,Mouse162_20161017_19-58-28_f001648
-28.510733,-0.6083039,attack,Mouse162_20161017_19-58-28,Mouse162_20161017_19-58-28_f001712
-18.43241,6.981917,attack,Mouse162_20161017_19-58-28,Mouse162_20161017_19-58-28_f001760
-20.02046,6.3611975,attack,Mouse162_20161017_19-58-28,Mouse162_20161017_19-58-28_f001776
-29.493359,4.263067,attack,Mouse162_20161017_19-58-28,Mouse162_20161017_19-58-28_f001808
-27.789886,4.909522,attack,Mouse162_20161017_19-58-28,Mouse162_20161017_19-58-28_f001824
-24.350378,5.451941,investigation,Mouse162_20161017_19-58-28,Mouse162_20161017_19-58-28_f001856
-30.250673,1.8320959,attack,Mouse162_20161017_19-58-28,Mouse162_20161017_19-58-28_f001984
-33.871635,16.951647,investigation,Mouse162_20161017_19-58-28,Mouse162_20161017_19-58-28_f002400
16.704126,1.2143675,attack,Mouse162_20161017_19-58-28,Mouse162_20161017_19-58-28_f002464
-3.0053582,-11.528174,other,Mouse162_20161017_19-58-28,Mouse162_20161017_19-58-28_f003232
16.679316,-17.020998,other,Mouse162_20161017_19-58-28,Mouse162_20161017_19-58-28_f003328
15.940706,-12.456922,investigation,Mouse162_20161017_19-58-28,Mouse162_20161017_19-58-28_f003344
-14.360386,33.729626,investigation,Mouse162_20161017_19-58-28,Mouse162_20161017_19-58-28_f003664
-10.611838,24.844185,investigation,Mouse162_20161017_19-58-28,Mouse162_20161017_19-58-28_f003744
-7.162821,5.9278116,attack,Mouse162_20161017_19-58-28,Mouse162_20161017_19-58-28_f003808
8.242915,0.8378661,attack,Mouse162_20161017_19-58-28,Mouse162_20161017_19-58-28_f003824
3.1259708,13.066133,investigation,Mouse162_20161017_19-58-28,Mouse162_20161017_19-58-28_f003936
17.589375,0.6057956,other,Mouse162_20161017_19-58-28,Mouse162_20161017_19-58-28_f004032
10.043453,-0.7122477,investigation,Mouse162_20161017_19-58-28,Mouse162_20161017_19-58-28_f004576
4.8796177,14.794478,investigation,Mouse162_20161017_19-58-28,Mouse162_20161017_19-58-28_f005216
-15.874339,3.7525246,attack,Mouse162_20161017_19-58-28,Mouse162_20161017_19-58-28_f005280
-1.4753556,-6.254235,investigation,Mouse162_20161017_19-58-28,Mouse162_20161017_19-58-28_f005328
-8.174554,38.165455,investigation,Mouse162_20161017_19-58-28,Mouse162_20161017_19-58-28_f005744
-2.756661,39.44785,investigation,Mouse162_20161017_19-58-28,Mouse162_20161017_19-58-28_f005776
26.80171,30.04588,other,Mouse162_20161017_19-58-28,Mouse162_20161017_19-58-28_f006288
-16.442955,5.562326,investigation,Mouse162_20161017_19-58-28,Mouse162_20161017_19-58-28_f006592
-7.547411,15.377007,investigation,Mouse162_20161017_19-58-28,Mouse162_20161017_19-58-28_f006688
-11.817478,12.8380995,investigation,Mouse162_20161017_19-58-28,Mouse162_20161017_19-58-28_f006752
8.289166,14.390859,attack,Mouse162_20161017_19-58-28,Mouse162_20161017_19-58-28_f006784
14.604654,5.9585295,attack,Mouse162_20161017_19-58-28,Mouse162_20161017_19-58-28_f006800
29.242609,21.766275,investigation,Mouse162_20161017_19-58-28,Mouse162_20161017_19-58-28_f006928
6.659115,12.402707,investigation,Mouse162_20161017_19-58-28,Mouse162_20161017_19-58-28_f007040
-11.681273,-1.1692942,investigation,Mouse162_20161017_19-58-28,Mouse162_20161017_19-58-28_f007520
-16.921585,3.7736228,other,Mouse162_20161017_19-58-28,Mouse162_20161017_19-58-28_f008336
2.0599837,27.89303,other,Mouse162_20161017_19-58-28,Mouse162_20161017_19-58-28_f008672
-10.979942,24.715729,other,Mouse162_20161017_19-58-28,Mouse162_20161017_19-58-28_f008704
14.5788765,2.5287585,investigation,Mouse162_20161017_19-58-28,Mouse162_20161017_19-58-28_f008848
13.099146,-8.357733,other,Mouse162_20161017_19-58-28,Mouse162_20161017_19-58-28_f008928
-5.35882,-6.6696124,other,Mouse162_20161017_19-58-28,Mouse162_20161017_19-58-28_f009072
-7.471088,22.145077,investigation,Mouse162_20161017_19-58-28,Mouse162_20161017_19-58-28_f009280
-3.2627215,26.703482,investigation,Mouse162_20161017_19-58-28,Mouse162_20161017_19-58-28_f009360
-24.63806,3.347733,investigation,Mouse162_20161017_19-58-28,Mouse162_20161017_19-58-28_f009600
2.6964371,10.4319515,investigation,Mouse162_20161017_19-58-28,Mouse162_20161017_19-58-28_f010640
2.2480001,12.164772,investigation,Mouse162_20161017_19-58-28,Mouse162_20161017_19-58-28_f010688
22.928984,16.010033,investigation,Mouse162_20161017_19-58-28,Mouse162_20161017_19-58-28_f010864
24.084486,15.65726,investigation,Mouse162_20161017_19-58-28,Mouse162_20161017_19-58-28_f010880
5.1320624,31.35379,investigation,Mouse162_20161017_19-58-28,Mouse162_20161017_19-58-28_f011904
-2.1212447,14.721712,investigation,Mouse162_20161017_19-58-28,Mouse162_20161017_19-58-28_f012016
3.3724532,21.050003,investigation,Mouse162_20161017_19-58-28,Mouse162_20161017_19-58-28_f012144
9.765489,17.314856,investigation,Mouse162_20161017_19-58-28,Mouse162_20161017_19-58-28_f012192
4.574072,20.78291,investigation,Mouse162_20161017_19-58-28,Mouse162_20161017_19-58-28_f012272
3.4840105,20.519176,investigation,Mouse162_20161017_19-58-28,Mouse162_20161017_19-58-28_f012288
-7.7979093,11.899281,investigation,Mouse162_20161017_19-58-28,Mouse162_20161017_19-58-28_f012336
11.313302,32.581123,investigation,Mouse162_20161017_19-58-28,Mouse162_20161017_19-58-28_f012592
9.783692,41.116005,investigation,Mouse162_20161017_19-58-28,Mouse162_20161017_19-58-28_f012608
-2.054921,15.848717,investigation,Mouse162_20161017_19-58-28,Mouse162_20161017_19-58-28_f012848
3.866823,10.404539,investigation,Mouse162_20161017_19-58-28,Mouse162_20161017_19-58-28_f012912
0.43013528,25.5938,other,Mouse162_20161017_19-58-28,Mouse162_20161017_19-58-28_f013328
3.5866387,19.610369,investigation,Mouse162_20161017_19-58-28,Mouse162_20161017_19-58-28_f013520
3.93806,15.000343,investigation,Mouse162_20161017_19-58-28,Mouse162_20161017_19-58-28_f013552
6.007095,9.550678,investigation,Mouse162_20161017_19-58-28,Mouse162_20161017_19-58-28_f013648
-6.9933853,26.765896,investigation,Mouse162_20161017_19-58-28,Mouse162_20161017_19-58-28_f013872
0.36797023,39.550694,other,Mouse162_20161017_19-58-28,Mouse162_20161017_19-58-28_f014240
21.774887,19.598118,other,Mouse162_20161017_19-58-28,Mouse162_20161017_19-58-28_f014272
16.467731,-2.3807242,other,Mouse162_20161017_19-58-28,Mouse162_20161017_19-58-28_f014368
9.070674,-0.29893786,other,Mouse162_20161017_19-58-28,Mouse162_20161017_19-58-28_f014512
11.4948225,4.1397734,other,Mouse162_20161017_19-58-28,Mouse162_20161017_19-58-28_f015024
10.757435,-2.606981,investigation,Mouse162_20161017_19-58-28,Mouse162_20161017_19-58-28_f015264
-4.9731464,10.293766,investigation,Mouse162_20161017_19-58-28,Mouse162_20161017_19-58-28_f015424
14.051518,10.636231,other,Mouse162_20161017_19-58-28,Mouse162_20161017_19-58-28_f015520
13.836445,4.911075,other,Mouse162_20161017_19-58-28,Mouse162_20161017_19-58-28_f015744
4.4838524,9.769866,investigation,Mouse162_20161017_19-58-28,Mouse162_20161017_19-58-28_f016048
12.083093,-0.67688525,other,Mouse162_20161017_19-58-28,Mouse162_20161017_19-58-28_f016240
-26.741188,17.43454,investigation,Mouse162_20161017_19-58-28,Mouse162_20161017_19-58-28_f016864
-28.91568,15.661666,investigation,Mouse162_20161017_19-58-28,Mouse162_20161017_19-58-28_f016992
19.99935,-1.8601755,other,Mouse162_20161017_19-58-28,Mouse162_20161017_19-58-28_f017136
3.9093337,4.646157,other,Mouse162_20161017_19-58-28,Mouse162_20161017_19-58-28_f017296
-3.1844935,10.40631,other,Mouse162_20161017_19-58-28,Mouse162_20161017_19-58-28_f017312
8.068611,19.145723,investigation,Mouse162_20161017_19-58-28,Mouse162_20161017_19-58-28_f017376
-11.57326,-8.308886,investigation,Mouse163_20161018_18-22-45,Mouse163_20161018_18-22-45_f000144
0.25114277,-6.1867595,investigation,Mouse163_20161018_18-22-45,Mouse163_20161018_18-22-45_f000176
-5.13791,-1.9000919,investigation,Mouse163_20161018_18-22-45,Mouse163_20161018_18-22-45_f000208
-22.908672,-10.270239,investigation,Mouse163_20161018_18-22-45,Mouse163_20161018_18-22-45_f000256
-22.53669,-12.825954,investigation,Mouse163_20161018_18-22-45,Mouse163_20161018_18-22-45_f000288
-29.091682,-7.576651,investigation,Mouse163_20161018_18-22-45,Mouse163_20161018_18-22-45_f000640
-9.793522,3.4246097,investigation,Mouse163_20161018_18-22-45,Mouse163_20161018_18-22-45_f000800
-10.521349,-17.158123,investigation,Mouse163_20161018_18-22-45,Mouse163_20161018_18-22-45_f001008
-11.431905,-1.0571713,investigation,Mouse163_20161018_18-22-45,Mouse163_20161018_18-22-45_f001712
-7.2570586,1.3132763,investigation,Mouse163_20161018_18-22-45,Mouse163_20161018_18-22-45_f001984
-10.213522,-13.130978,investigation,Mouse163_20161018_18-22-45,Mouse163_20161018_18-22-45_f002064
-15.70254,-7.424903,investigation,Mouse163_20161018_18-22-45,Mouse163_20161018_18-22-45_f002224
-0.4023297,-11.357487,investigation,Mouse163_20161018_18-22-45,Mouse163_20161018_18-22-45_f002288
17.770796,-7.0725665,investigation,Mouse163_20161018_18-22-45,Mouse163_20161018_18-22-45_f002432
-10.686772,-4.4326506,other,Mouse163_20161018_18-22-45,Mouse163_20161018_18-22-45_f002592
-7.6540427,-19.067173,mount,Mouse163_20161018_18-22-45,Mouse163_20161018_18-22-45_f002880
-15.134094,-11.319388,mount,Mouse163_20161018_18-22-45,Mouse163_20161018_18-22-45_f002992
-7.1950526,-5.3604994,investigation,Mouse163_20161018_18-22-45,Mouse163_20161018_18-22-45_f003152
-19.41566,-2.9825368,investigation,Mouse163_20161018_18-22-45,Mouse163_20161018_18-22-45_f003328
-14.587175,-4.03361,mount,Mouse163_20161018_18-22-45,Mouse163_20161018_18-22-45_f003392
11.000434,-9.074648,investigation,Mouse163_20161018_18-22-45,Mouse163_20161018_18-22-45_f003424
5.035308,17.489859,investigation,Mouse163_20161018_18-22-45,Mouse163_20161018_18-22-45_f003600
25.421156,-17.222425,other,Mouse163_20161018_18-22-45,Mouse163_20161018_18-22-45_f004000
-0.28618836,-1.5158901,investigation,Mouse163_20161018_18-22-45,Mouse163_20161018_18-22-45_f004176
-13.729067,-18.079681,other,Mouse163_20161018_18-22-45,Mouse163_20161018_18-22-45_f004608
-6.1643744,-14.805661,investigation,Mouse163_20161018_18-22-45,Mouse163_20161018_18-22-45_f005024
6.1529965,-13.747213,mount,Mouse163_20161018_18-22-45,Mouse163_20161018_18-22-45_f005056
-10.561685,-3.5866678,mount,Mouse163_20161018_18-22-45,Mouse163_20161018_18-22-45_f005088
-27.93246,-0.9694441,mount,Mouse163_20161018_18-22-45,Mouse163_20161018_18-22-45_f005248
6.5520334,13.622185,other,Mouse163_20161018_18-22-45,Mouse163_20161018_18-22-45_f005504
5.399122,-7.6371346,other,Mouse163_20161018_18-22-45,Mouse163_20161018_18-22-45_f005840
5.9659915,1.1937913,other,Mouse163_20161018_18-22-45,Mouse163_20161018_18-22-45_f005856
3.953693,-12.38681,other,Mouse163_20161018_18-22-45,Mouse163_20161018_18-22-45_f006080
-25.971449,-5.0040274,investigation,Mouse163_20161018_18-22-45,Mouse163_20161018_18-22-45_f006160
14.114985,-10.253386,other,Mouse163_20161018_18-22-45,Mouse163_20161018_18-22-45_f006432
14.309857,9.129513,investigation,Mouse627_20181026_17-29-36_01994-09560,Mouse627_20181026_17-29-36_01994-09560_f000256
8.754684,-6.4625907,investigation,Mouse627_20181026_17-29-36_01994-09560,Mouse627_20181026_17-29-36_01994-09560_f000288
9.516902,-9.749121,investigation,Mouse627_20181026_17-29-36_01994-09560,Mouse627_20181026_17-29-36_01994-09560_f000400
13.895338,-8.412704,investigation,Mouse627_20181026_17-29-36_01994-09560,Mouse627_20181026_17-29-36_01994-09560_f000416
31.468922,13.055918,other,Mouse627_20181026_17-29-36_01994-09560,Mouse627_20181026_17-29-36_01994-09560_f000752
18.811466,-4.2770514,investigation,Mouse627_20181026_17-29-36_01994-09560,Mouse627_20181026_17-29-36_01994-09560_f001056
6.8221927,-16.981592,investigation,Mouse627_20181026_17-29-36_01994-09560,Mouse627_20181026_17-29-36_01994-09560_f001376
18.717966,1.5497787,investigation,Mouse627_20181026_17-29-36_01994-09560,Mouse627_20181026_17-29-36_01994-09560_f001536
1.2878134,6.6429906,investigation,Mouse627_20181026_17-29-36_01994-09560,Mouse627_20181026_17-29-36_01994-09560_f001712
0.2525092,-16.573973,investigation,Mouse627_20181026_17-29-36_01994-09560,Mouse627_20181026_17-29-36_01994-09560_f001776
3.5982838,-10.420203,investigation,Mouse627_20181026_17-29-36_01994-09560,Mouse627_20181026_17-29-36_01994-09560_f001792
-0.20138489,3.7891612,investigation,Mouse627_20181026_17-29-36_01994-09560,Mouse627_20181026_17-29-36_01994-09560_f002064
21.900715,-6.23304,other,Mouse627_20181026_17-29-36_01994-09560,Mouse627_20181026_17-29-36_01994-09560_f002256
6.8642383,-10.438077,investigation,Mouse627_20181026_17-29-36_01994-09560,Mouse627_20181026_17-29-36_01994-09560_f002944
25.63299,6.077761,investigation,Mouse627_20181026_17-29-36_01994-09560,Mouse627_20181026_17-29-36_01994-09560_f003232
18.555458,-0.5366149,other,Mouse627_20181026_17-29-36_01994-09560,Mouse627_20181026_17-29-36_01994-09560_f003280
5.290306,-10.549878,investigation,Mouse627_20181026_17-29-36_01994-09560,Mouse627_20181026_17-29-36_01994-09560_f003472
13.188621,-15.562532,other,Mouse627_20181026_17-29-36_01994-09560,Mouse627_20181026_17-29-36_01994-09560_f003520
25.16924,-3.3563983,investigation,Mouse627_20181026_17-29-36_01994-09560,Mouse627_20181026_17-29-36_01994-09560_f003888
25.602776,-1.9826778,investigation,Mouse627_20181026_17-29-36_01994-09560,Mouse627_20181026_17-29-36_01994-09560_f003904
24.990126,6.9467554,mount,Mouse627_20181026_17-29-36_01994-09560,Mouse627_20181026_17-29-36_01994-09560_f004384
22.403769,32.11532,mount,Mouse627_20181026_17-29-36_01994-09560,Mouse627_20181026_17-29-36_01994-09560_f004848
20.577654,30.643929,mount,Mouse627_20181026_17-29-36_01994-09560,Mouse627_20181026_17-29-36_01994-09560_f004864
15.0154295,-4.354559,mount,Mouse627_20181026_17-29-36_01994-09560,Mouse627_20181026_17-29-36_01994-09560_f004912
23.35877,2.0953,mount,Mouse627_20181026_17-29-36_01994-09560,Mouse627_20181026_17-29-36_01994-09560_f005536
21.487013,18.199608,mount,Mouse627_20181026_17-29-36_01994-09560,Mouse627_20181026_17-29-36_01994-09560_f005552
8.674099,18.083471,mount,Mouse627_20181026_17-29-36_01994-09560,Mouse627_20181026_17-29-36_01994-09560_f005584
20.793818,-5.423641,other,Mouse627_20181026_17-29-36_01994-09560,Mouse627_20181026_17-29-36_01994-09560_f005680
12.101368,-17.552795,other,Mouse627_20181026_17-29-36_01994-09560,Mouse627_20181026_17-29-36_01994-09560_f005968
7.9035654,-14.923433,other,Mouse627_20181026_17-29-36_01994-09560,Mouse627_20181026_17-29-36_01994-09560_f006096
10.530844,-3.0130785,mount,Mouse627_20181026_17-29-36_01994-09560,Mouse627_20181026_17-29-36_01994-09560_f006352
-18.120531,-11.590526,mount,Mouse627_20181026_17-29-36_01994-09560,Mouse627_20181026_17-29-36_01994-09560_f006416
-15.273079,-7.513276,other,Mouse627_20181026_17-29-36_01994-09560,Mouse627_20181026_17-29-36_01994-09560_f006464
-17.4641,-3.5740392,mount,Mouse627_20181026_17-29-36_01994-09560,Mouse627_20181026_17-29-36_01994-09560_f006528
27.251003,-13.901176,other,Mouse627_20181026_17-29-36_01994-09560,Mouse627_20181026_17-29-36_01994-09560_f006992
13.680334,-0.2525926,investigation,Mouse627_20181026_17-29-36_01994-09560,Mouse627_20181026_17-29-36_01994-09560_f007024
-12.98536,-14.335572,mount,Mouse627_20181026_17-29-36_01994-09560,Mouse627_20181026_17-29-36_01994-09560_f007072
23.068861,18.002901,mount,Mouse627_20181026_17-29-36_01994-09560,Mouse627_20181026_17-29-36_01994-09560_f007392
25.09143,22.939064,mount,Mouse627_20181026_17-29-36_01994-09560,Mouse627_20181026_17-29-36_01994-09560_f007408
20.150015,6.868556,mount,Mouse627_20181026_17-29-36_01994-09560,Mouse627_20181026_17-29-36_01994-09560_f007456
22.275667,5.5726476,investigation,Mouse627_20181026_17-29-36_10191-15523,Mouse627_20181026_17-29-36_10191-15523_f000128
17.16642,-11.123022,investigation,Mouse627_20181026_17-29-36_10191-15523,Mouse627_20181026_17-29-36_10191-15523_f000368
21.795626,0.16404624,investigation,Mouse627_20181026_17-29-36_10191-15523,Mouse627_20181026_17-29-36_10191-15523_f000480
21.220901,-3.6162732,investigation,Mouse627_20181026_17-29-36_10191-15523,Mouse627_20181026_17-29-36_10191-15523_f000624
6.7103567,-7.361152,investigation,Mouse627_20181026_17-29-36_10191-15523,Mouse627_20181026_17-29-36_10191-15523_f000672
5.2964177,0.95167947,investigation,Mouse627_20181026_17-29-36_10191-15523,Mouse627_20181026_17-29-36_10191-15523_f001056
18.805685,5.0245156,other,Mouse627_20181026_17-29-36_10191-15523,Mouse627_20181026_17-29-36_10191-15523_f001312
-3.5789402,-5.7642994,investigation,Mouse627_20181026_17-29-36_10191-15523,Mouse627_20181026_17-29-36_10191-15523_f001808
2.91879,-4.2436166,investigation,Mouse627_20181026_17-29-36_10191-15523,Mouse627_20181026_17-29-36_10191-15523_f002064
-2.5929108,-21.20854,mount,Mouse627_20181026_17-29-36_10191-15523,Mouse627_20181026_17-29-36_10191-15523_f002560
13.299755,16.331223,mount,Mouse627_20181026_17-29-36_10191-15523,Mouse627_20181026_17-29-36_10191-15523_f002624
6.1099105,7.735022,mount,Mouse627_20181026_17-29-36_10191-15523,Mouse627_20181026_17-29-36_10191-15523_f002640
21.781296,8.639574,mount,Mouse627_20181026_17-29-36_10191-15523,Mouse627_20181026_17-29-36_10191-15523_f002976
29.958654,39.938137,mount,Mouse627_20181026_17-29-36_10191-15523,Mouse627_20181026_17-29-36_10191-15523_f003040
30.990135,39.37402,mount,Mouse627_20181026_17-29-36_10191-15523,Mouse627_20181026_17-29-36_10191-15523_f003104
16.056553,19.217878,mount,Mouse627_20181026_17-29-36_10191-15523,Mouse627_20181026_17-29-36_10191-15523_f003152
-5.1946096,45.052322,mount,Mouse627_20181026_17-29-36_10191-15523,Mouse627_20181026_17-29-36_10191-15523_f003648
17.267904,-10.293243,other,Mouse627_20181026_17-29-36_10191-15523,Mouse627_20181026_17-29-36_10191-15523_f004320
11.322867,-13.827257,other,Mouse627_20181026_17-29-36_10191-15523,Mouse627_20181026_17-29-36_10191-15523_f004368
13.036967,-13.332087,other,Mouse627_20181026_17-29-36_10191-15523,Mouse627_20181026_17-29-36_10191-15523_f004400
-1.1161757,37.208065,mount,Mouse627_20181026_17-29-36_10191-15523,Mouse627_20181026_17-29-36_10191-15523_f004512
-10.079463,-7.326131,mount,Mouse627_20181026_17-29-36_10191-15523,Mouse627_20181026_17-29-36_10191-15523_f004576
-2.1916595,0.05321048,other,Mouse627_20181026_17-29-36_10191-15523,Mouse627_20181026_17-29-36_10191-15523_f004720
14.974605,-1.6695992,other,Mouse627_20181026_17-29-36_10191-15523,Mouse627_20181026_17-29-36_10191-15523_f005040
5.2294774,-3.7545362,investigation,Mouse627_20181026_17-29-36_16209-22286,Mouse627_20181026_17-29-36_16209-22286_f000080
-12.132555,-3.9634213,mount,Mouse627_20181026_17-29-36_16209-22286,Mouse627_20181026_17-29-36_16209-22286_f000128
-14.118748,4.128711,other,Mouse627_20181026_17-29-36_16209-22286,Mouse627_20181026_17-29-36_16209-22286_f000208
14.061581,-14.437634,other,Mouse627_20181026_17-29-36_16209-22286,Mouse627_20181026_17-29-36_16209-22286_f000320
-21.176859,-8.382063,other,Mouse627_20181026_17-29-36_16209-22286,Mouse627_20181026_17-29-36_16209-22286_f000640
21.74443,-13.801129,other,Mouse627_20181026_17-29-36_16209-22286,Mouse627_20181026_17-29-36_16209-22286_f000784
13.023215,-24.50792,other,Mouse627_20181026_17-29-36_16209-22286,Mouse627_20181026_17-29-36_16209-22286_f000944
-6.103902,43.104515,mount,Mouse627_20181026_17-29-36_16209-22286,Mouse627_20181026_17-29-36_16209-22286_f001248
29.308878,25.367977,mount,Mouse627_20181026_17-29-36_16209-22286,Mouse627_20181026_17-29-36_16209-22286_f001504
29.499592,26.137285,mount,Mouse627_20181026_17-29-36_16209-22286,Mouse627_20181026_17-29-36_16209-22286_f001520
32.480812,34.624874,mount,Mouse627_20181026_17-29-36_16209-22286,Mouse627_20181026_17-29-36_16209-22286_f001552
32.67905,32.102165,mount,Mouse627_20181026_17-29-36_16209-22286,Mouse627_20181026_17-29-36_16209-22286_f001568
28.84056,10.771759,other,Mouse627_20181026_17-29-36_16209-22286,Mouse627_20181026_17-29-36_16209-22286_f001840
-3.1857164,11.733711,mount,Mouse627_20181026_17-29-36_16209-22286,Mouse627_20181026_17-29-36_16209-22286_f002416
-9.798058,-5.4927983,mount,Mouse627_20181026_17-29-36_16209-22286,Mouse627_20181026_17-29-36_16209-22286_f002432
11.688074,14.046681,mount,Mouse627_20181026_17-29-36_16209-22286,Mouse627_20181026_17-29-36_16209-22286_f002496
14.900308,16.24908,mount,Mouse627_20181026_17-29-36_16209-22286,Mouse627_20181026_17-29-36_16209-22286_f003248
-11.9964485,-3.07488,investigation,Mouse627_20181026_17-29-36_16209-22286,Mouse627_20181026_17-29-36_16209-22286_f003584
1.14478,-0.10404505,other,Mouse627_20181026_17-29-36_16209-22286,Mouse627_20181026_17-29-36_16209-22286_f003728
33.844574,11.469758,investigation,Mouse627_20181026_17-29-36_16209-22286,Mouse627_20181026_17-29-36_16209-22286_f003984
30.463638,24.55577,mount,Mouse627_20181026_17-29-36_16209-22286,Mouse627_20181026_17-29-36_16209-22286_f004000
22.833057,-0.96330214,other,Mouse627_20181026_17-29-36_16209-22286,Mouse627_20181026_17-29-36_16209-22286_f004160
17.76842,7.9861946,other,Mouse627_20181026_17-29-36_16209-22286,Mouse627_20181026_17-29-36_16209-22286_f004560
-6.038995,28.16787,mount,Mouse627_20181026_17-29-36_16209-22286,Mouse627_20181026_17-29-36_16209-22286_f005296
20.197859,24.597408,mount,Mouse627_20181026_17-29-36_16209-22286,Mouse627_20181026_17-29-36_16209-22286_f005712
19.98831,22.34507,mount,Mouse627_20181026_17-29-36_16209-22286,Mouse627_20181026_17-29-36_16209-22286_f005728
-29.400705,-2.013969,investigation,Mouse630_20181025_18-44-29_01807-21458,Mouse630_20181025_18-44-29_01807-21458_f000000
20.350801,-1.5082252,investigation,Mouse630_20181025_18-44-29_01807-21458,Mouse630_20181025_18-44-29_01807-21458_f000208
0.15585458,-7.9588532,investigation,Mouse630_20181025_18-44-29_01807-21458,Mouse630_20181025_18-44-29_01807-21458_f000304
-1.8484232,-6.064058,investigation,Mouse630_20181025_18-44-29_01807-21458,Mouse630_20181025_18-44-29_01807-21458_f000416
-0.26693484,-3.1740181,investigation,Mouse630_20181025_18-44-29_01807-21458,Mouse630_20181025_18-44-29_01807-21458_f000560
5.3730526,37.08721,mount,Mouse630_20181025_18-44-29_01807-21458,Mouse630_20181025_18-44-29_01807-21458_f000656
15.229847,12.853155,mount,Mouse630_20181025_18-44-29_01807-21458,Mouse630_20181025_18-44-29_01807-21458_f000736
-16.20988,10.754515,mount,Mouse630_20181025_18-44-29_01807-21458,Mouse630_20181025_18-44-29_01807-21458_f001136
-17.108881,10.601152,mount,Mouse630_20181025_18-44-29_01807-21458,Mouse630_20181025_18-44-29_01807-21458_f001152
-18.17209,11.865224,mount,Mouse630_20181025_18-44-29_01807-21458,Mouse630_20181025_18-44-29_01807-21458_f001200
-18.920914,10.214476,mount,Mouse630_20181025_18-44-29_01807-21458,Mouse630_20181025_18-44-29_01807-21458_f001264
-21.235498,8.779955,mount,Mouse630_20181025_18-44-29_01807-21458,Mouse630_20181025_18-44-29_01807-21458_f001296
-6.047449,6.601861,investigation,Mouse630_20181025_18-44-29_01807-21458,Mouse630_20181025_18-44-29_01807-21458_f001408
4.23408,26.621593,mount,Mouse630_20181025_18-44-29_01807-21458,Mouse630_20181025_18-44-29_01807-21458_f001760
18.756481,-13.158271,other,Mouse630_20181025_18-44-29_01807-21458,Mouse630_20181025_18-44-29_01807-21458_f002176
13.607138,-15.879018,other,Mouse630_20181025_18-44-29_01807-21458,Mouse630_20181025_18-44-29_01807-21458_f002368
-10.527365,1.9951665,investigation,Mouse630_20181025_18-44-29_01807-21458,Mouse630_20181025_18-44-29_01807-21458_f002528
-10.635115,1.3642969,investigation,Mouse630_20181025_18-44-29_01807-21458,Mouse630_20181025_18-44-29_01807-21458_f002544
-10.35642,1.2286214,investigation,Mouse630_20181025_18-44-29_01807-21458,Mouse630_20181025_18-44-29_01807-21458_f002640
19.698309,-15.882794,other,Mouse630_20181025_18-44-29_01807-21458,Mouse630_20181025_18-44-29_01807-21458_f002768
7.888896,-0.19162035,mount,Mouse630_20181025_18-44-29_01807-21458,Mouse630_20181025_18-44-29_01807-21458_f003056
2.6688535,-0.7200526,mount,Mouse630_20181025_18-44-29_01807-21458,Mouse630_20181025_18-44-29_01807-21458_f003120
0.9057599,-4.0857825,mount,Mouse630_20181025_18-44-29_01807-21458,Mouse630_20181025_18-44-29_01807-21458_f003152
1.3664519,4.4064555,mount,Mouse630_20181025_18-44-29_01807-21458,Mouse630_20181025_18-44-29_01807-21458_f003184
1.0014628,19.834908,mount,Mouse630_20181025_18-44-29_01807-21458,Mouse630_20181025_18-44-29_01807-21458_f003264
-14.403411,2.0804296,mount,Mouse630_20181025_18-44-29_01807-21458,Mouse630_20181025_18-44-29_01807-21458_f003312
-2.914614,28.611416,mount,Mouse630_20181025_18-44-29_01807-21458,Mouse630_20181025_18-44-29_01807-21458_f003712
-22.638887,-6.172663,investigation,Mouse630_20181025_18-44-29_01807-21458,Mouse630_20181025_18-44-29_01807-21458_f004016
-0.1904127,9.267439,mount,Mouse630_20181025_18-44-29_01807-21458,Mouse630_20181025_18-44-29_01807-21458_f004080
5.778066,-2.2933743,mount,Mouse630_20181025_18-44-29_01807-21458,Mouse630_20181025_18-44-29_01807-21458_f004112
3.5166545,-4.319984,mount,Mouse630_20181025_18-44-29_01807-21458,Mouse630_20181025_18-44-29_01807-21458_f004128
-2.189548,-9.455752,mount,Mouse630_20181025_18-44-29_01807-21458,Mouse630_20181025_18-44-29_01807-21458_f004160
-11.120122,-4.2430353,mount,Mouse630_20181025_18-44-29_01807-21458,Mouse630_20181025_18-44-29_01807-21458_f004192
21.643192,27.774931,mount,Mouse630_20181025_18-44-29_01807-21458,Mouse630_20181025_18-44-29_01807-21458_f004576
12.026284,17.185982,investigation,Mouse630_20181025_18-44-29_01807-21458,Mouse630_20181025_18-44-29_01807-21458_f004608
-0.33147603,19.160591,investigation,Mouse630_20181025_18-44-29_01807-21458,Mouse630_20181025_18-44-29_01807-21458_f005200
17.247887,19.756817,other,Mouse630_20181025_18-44-29_01807-21458,Mouse630_20181025_18-44-29_01807-21458_f005296
26.31181,-23.42916,other,Mouse630_20181025_18-44-29_01807-21458,Mouse630_20181025_18-44-29_01807-21458_f005456
6.9256096,2.716437,investigation,Mouse630_20181025_18-44-29_01807-21458,Mouse630_20181025_18-44-29_01807-21458_f006208
-8.674266,6.108607,investigation,Mouse630_20181025_18-44-29_01807-21458,Mouse630_20181025_18-44-29_01807-21458_f006240
32.987812,32.42865,mount,Mouse630_20181025_18-44-29_01807-21458,Mouse630_20181025_18-44-29_01807-21458_f006304
26.756737,0.44589543,mount,Mouse630_20181025_18-44-29_01807-21458,Mouse630_20181025_18-44-29_01807-21458_f006400
28.440136,2.6012285,mount,Mouse630_20181025_18-44-29_01807-21458,Mouse630_20181025_18-44-29_01807-21458_f006448
25.344864,14.935902,investigation,Mouse630_20181025_18-44-29_01807-21458,Mouse630_20181025_18-44-29_01807-21458_f006496
29.848381,10.2327795,mount,Mouse630_20181025_18-44-29_01807-21458,Mouse630_20181025_18-44-29_01807-21458_f006544
26.484598,5.6951632,mount,Mouse630_20181025_18-44-29_01807-21458,Mouse630_20181025_18-44-29_01807-21458_f006576
26.123993,3.3159418,mount,Mouse630_20181025_18-44-29_01807-21458,Mouse630_20181025_18-44-29_01807-21458_f006592
25.076298,-0.18368553,mount,Mouse630_20181025_18-44-29_01807-21458,Mouse630_20181025_18-44-29_01807-21458_f006672
25.992306,4.862791,mount,Mouse630_20181025_18-44-29_01807-21458,Mouse630_20181025_18-44-29_01807-21458_f006704
23.891773,2.986954,mount,Mouse630_20181025_18-44-29_01807-21458,Mouse630_20181025_18-44-29_01807-21458_f006816
21.889832,2.7372584,mount,Mouse630_20181025_18-44-29_01807-21458,Mouse630_20181025_18-44-29_01807-21458_f006944
20.114779,-3.848358,other,Mouse630_20181025_18-44-29_01807-21458,Mouse630_20181025_18-44-29_01807-21458_f007024
-3.5991092,30.72153,mount,Mouse630_20181025_18-44-29_01807-21458,Mouse630_20181025_18-44-29_01807-21458_f007648
2.1114726,33.8985,mount,Mouse630_20181025_18-44-29_01807-21458,Mouse630_20181025_18-44-29_01807-21458_f007760
3.357562,33.839787,mount,Mouse630_20181025_18-44-29_01807-21458,Mouse630_20181025_18-44-29_01807-21458_f007776
1.426342,38.068344,mount,Mouse630_20181025_18-44-29_01807-21458,Mouse630_20181025_18-44-29_01807-21458_f007856
5.986903,36.59321,mount,Mouse630_20181025_18-44-29_01807-21458,Mouse630_20181025_18-44-29_01807-21458_f007936
11.860427,35.547215,mount,Mouse630_20181025_18-44-29_01807-21458,Mouse630_20181025_18-44-29_01807-21458_f007984
1.2494245,14.990554,other,Mouse630_20181025_18-44-29_01807-21458,Mouse630_20181025_18-44-29_01807-21458_f008176
-1.7674668,9.784985,other,Mouse630_20181025_18-44-29_01807-21458,Mouse630_20181025_18-44-29_01807-21458_f008240
7.6339726,-6.8444586,other,Mouse630_20181025_18-44-29_01807-21458,Mouse630_20181025_18-44-29_01807-21458_f008400
-12.079795,26.170092,mount,Mouse630_20181025_18-44-29_01807-21458,Mouse630_20181025_18-44-29_01807-21458_f008528
-24.678034,13.384061,mount,Mouse630_20181025_18-44-29_01807-21458,Mouse630_20181025_18-44-29_01807-21458_f009008
-15.349034,22.934746,mount,Mouse630_20181025_18-44-29_01807-21458,Mouse630_20181025_18-44-29_01807-21458_f009072
-20.175848,17.70222,mount,Mouse630_20181025_18-44-29_01807-21458,Mouse630_20181025_18-44-29_01807-21458_f009136
-14.392279,26.764946,mount,Mouse630_20181025_18-44-29_01807-21458,Mouse630_20181025_18-44-29_01807-21458_f009168
-17.836721,23.200706,mount,Mouse630_20181025_18-44-29_01807-21458,Mouse630_20181025_18-44-29_01807-21458_f009184
-25.563978,17.489084,mount,Mouse630_20181025_18-44-29_01807-21458,Mouse630_20181025_18-44-29_01807-21458_f009328
-12.311078,5.160014,investigation,Mouse630_20181025_18-44-29_01807-21458,Mouse630_20181025_18-44-29_01807-21458_f009584
0.07398396,12.932543,mount,Mouse630_20181025_18-44-29_01807-21458,Mouse630_20181025_18-44-29_01807-21458_f010224
-0.11080509,15.374462,mount,Mouse630_20181025_18-44-29_01807-21458,Mouse630_20181025_18-44-29_01807-21458_f010288
5.2574086,35.991158,mount,Mouse630_20181025_18-44-29_01807-21458,Mouse630_20181025_18-44-29_01807-21458_f010544
-12.2056675,15.475871,mount,Mouse630_20181025_18-44-29_01807-21458,Mouse630_20181025_18-44-29_01807-21458_f010624
-2.383974,21.89328,mount,Mouse630_20181025_18-44-29_01807-21458,Mouse630_20181025_18-44-29_01807-21458_f011088
-11.621903,21.042364,mount,Mouse630_20181025_18-44-29_01807-21458,Mouse630_20181025_18-44-29_01807-21458_f011264
-15.919656,30.021324,mount,Mouse630_20181025_18-44-29_01807-21458,Mouse630_20181025_18-44-29_01807-21458_f011536
-26.291695,12.576152,mount,Mouse630_20181025_18-44-29_01807-21458,Mouse630_20181025_18-44-29_01807-21458_f011552
-6.89515,27.626348,mount,Mouse630_20181025_18-44-29_01807-21458,Mouse630_20181025_18-44-29_01807-21458_f011712
23.249935,-1.0936203,other,Mouse630_20181025_18-44-29_01807-21458,Mouse630_20181025_18-44-29_01807-21458_f012128
30.849028,22.927324,mount,Mouse630_20181025_18-44-29_01807-21458,Mouse630_20181025_18-44-29_01807-21458_f012240
36.79725,30.203207,mount,Mouse630_20181025_18-44-29_01807-21458,Mouse630_20181025_18-44-29_01807-21458_f012288
38.353508,35.46416,mount,Mouse630_20181025_18-44-29_01807-21458,Mouse630_20181025_18-44-29_01807-21458_f012320
37.677643,39.955864,mount,Mouse630_20181025_18-44-29_01807-21458,Mouse630_20181025_18-44-29_01807-21458_f012336
35.753986,39.76666,mount,Mouse630_20181025_18-44-29_01807-21458,Mouse630_20181025_18-44-29_01807-21458_f012352
35.765007,38.419666,mount,Mouse630_20181025_18-44-29_01807-21458,Mouse630_20181025_18-44-29_01807-21458_f012464
23.99854,-17.290464,other,Mouse630_20181025_18-44-29_01807-21458,Mouse630_20181025_18-44-29_01807-21458_f012960
31.565235,-0.24239813,other,Mouse630_20181025_18-44-29_01807-21458,Mouse630_20181025_18-44-29_01807-21458_f013632
9.07411,44.17043,mount,Mouse630_20181025_18-44-29_01807-21458,Mouse630_20181025_18-44-29_01807-21458_f014048
-11.2775955,14.153739,mount,Mouse630_20181025_18-44-29_01807-21458,Mouse630_20181025_18-44-29_01807-21458_f014192
-11.28855,11.864503,mount,Mouse630_20181025_18-44-29_01807-21458,Mouse630_20181025_18-44-29_01807-21458_f014208
-14.523512,10.890297,mount,Mouse630_20181025_18-44-29_01807-21458,Mouse630_20181025_18-44-29_01807-21458_f014256
-11.052061,31.498783,mount,Mouse630_20181025_18-44-29_01807-21458,Mouse630_20181025_18-44-29_01807-21458_f014304
21.730782,5.6765924,other,Mouse630_20181025_18-44-29_01807-21458,Mouse630_20181025_18-44-29_01807-21458_f014368
-1.3200343,-9.974557,other,Mouse630_20181025_18-44-29_01807-21458,Mouse630_20181025_18-44-29_01807-21458_f014656
-7.5943284,13.156257,mount,Mouse630_20181025_18-44-29_01807-21458,Mouse630_20181025_18-44-29_01807-21458_f014816
-7.6947274,6.5906916,mount,Mouse630_20181025_18-44-29_01807-21458,Mouse630_20181025_18-44-29_01807-21458_f014880
-2.5041714,6.3526974,mount,Mouse630_20181025_18-44-29_01807-21458,Mouse630_20181025_18-44-29_01807-21458_f014960
-5.188215,19.937353,mount,Mouse630_20181025_18-44-29_01807-21458,Mouse630_20181025_18-44-29_01807-21458_f015024
-3.4476645,43.25876,mount,Mouse630_20181025_18-44-29_01807-21458,Mouse630_20181025_18-44-29_01807-21458_f015056
-3.6370857,32.959316,mount,Mouse630_20181025_18-44-29_01807-21458,Mouse630_20181025_18-44-29_01807-21458_f015072
-1.6586535,8.013482,mount,Mouse630_20181025_18-44-29_01807-21458,Mouse630_20181025_18-44-29_01807-21458_f015120
2.4728172,-0.39275858,mount,Mouse630_20181025_18-44-29_01807-21458,Mouse630_20181025_18-44-29_01807-21458_f015168
3.3230958,-1.2018086,mount,Mouse630_20181025_18-44-29_01807-21458,Mouse630_20181025_18-44-29_01807-21458_f015488
5.447765,-0.90704066,mount,Mouse630_20181025_18-44-29_01807-21458,Mouse630_20181025_18-44-29_01807-21458_f015504
3.914182,6.411346,investigation,Mouse630_20181025_18-44-29_01807-21458,Mouse630_20181025_18-44-29_01807-21458_f015568
22.206087,-9.59565,other,Mouse630_20181025_18-44-29_01807-21458,Mouse630_20181025_18-44-29_01807-21458_f015760
-3.223802,45.171963,mount,Mouse630_20181025_18-44-29_01807-21458,Mouse630_20181025_18-44-29_01807-21458_f015984
-2.1707757,32.826256,mount,Mouse630_20181025_18-44-29_01807-21458,Mouse630_20181025_18-44-29_01807-21458_f016112
-8.090797,30.126966,mount,Mouse630_20181025_18-44-29_01807-21458,Mouse630_20181025_18-44-29_01807-21458_f016128
-10.3720255,14.302048,mount,Mouse630_20181025_18-44-29_01807-21458,Mouse630_20181025_18-44-29_01807-21458_f016320
-9.833924,13.394601,mount,Mouse630_20181025_18-44-29_01807-21458,Mouse630_20181025_18-44-29_01807-21458_f016336
-9.646739,13.697468,mount,Mouse630_20181025_18-44-29_01807-21458,Mouse630_20181025_18-44-29_01807-21458_f016352
-6.737353,12.538348,mount,Mouse630_20181025_18-44-29_01807-21458,Mouse630_20181025_18-44-29_01807-21458_f016432
-4.1578827,10.342892,mount,Mouse630_20181025_18-44-29_01807-21458,Mouse630_20181025_18-44-29_01807-21458_f016464
-4.3569083,9.0096655,other,Mouse630_20181025_18-44-29_01807-21458,Mouse630_20181025_18-44-29_01807-21458_f016480
5.623844,10.066603,mount,Mouse630_20181025_18-44-29_01807-21458,Mouse630_20181025_18-44-29_01807-21458_f016768
9.298781,22.13318,mount,Mouse630_20181025_18-44-29_01807-21458,Mouse630_20181025_18-44-29_01807-21458_f016912
22.13718,31.454231,mount,Mouse630_20181025_18-44-29_01807-21458,Mouse630_20181025_18-44-29_01807-21458_f017888
25.522148,35.072414,mount,Mouse630_20181025_18-44-29_01807-21458,Mouse630_20181025_18-44-29_01807-21458_f017904
15.998583,39.9444,mount,Mouse630_20181025_18-44-29_01807-21458,Mouse630_20181025_18-44-29_01807-21458_f018016
21.202946,39.668705,mount,Mouse630_20181025_18-44-29_01807-21458,Mouse630_20181025_18-44-29_01807-21458_f018064
15.715112,-11.411684,other,Mouse630_20181025_18-44-29_01807-21458,Mouse630_20181025_18-44-29_01807-21458_f018368
15.132267,42.482204,mount,Mouse630_20181025_18-44-29_01807-21458,Mouse630_20181025_18-44-29_01807-21458_f018704
19.410427,33.01257,mount,Mouse630_20181025_18-44-29_01807-21458,Mouse630_20181025_18-44-29_01807-21458_f018736
7.4976497,32.28494,mount,Mouse630_20181025_18-44-29_01807-21458,Mouse630_20181025_18-44-29_01807-21458_f018832
-3.3592665,20.007257,mount,Mouse630_20181025_18-44-29_01807-21458,Mouse630_20181025_18-44-29_01807-21458_f018896
-6.7676487,15.424374,mount,Mouse630_20181025_18-44-29_01807-21458,Mouse630_20181025_18-44-29_01807-21458_f018912
-6.620812,22.807747,mount,Mouse630_20181025_18-44-29_01807-21458,Mouse630_20181025_18-44-29_01807-21458_f019008
-13.87985,21.219141,mount,Mouse630_20181025_18-44-29_01807-21458,Mouse630_20181025_18-44-29_01807-21458_f019040
-6.6393366,37.1202,mount,Mouse630_20181025_18-44-29_01807-21458,Mouse630_20181025_18-44-29_01807-21458_f019104
-10.028088,30.807602,mount,Mouse630_20181025_18-44-29_01807-21458,Mouse630_20181025_18-44-29_01807-21458_f019120
3.3202462,-0.87981445,investigation,Mouse630_20181025_18-44-29_01807-21458,Mouse630_20181025_18-44-29_01807-21458_f019552
27.194105,18.738363,investigation,Mouse630_20181025_18-44-29_21460-30528,Mouse630_20181025_18-44-29_21460-30528_f000000
31.100784,26.513258,investigation,Mouse630_20181025_18-44-29_21460-30528,Mouse630_20181025_18-44-29_21460-30528_f000016
31.268396,38.997967,mount,Mouse630_20181025_18-44-29_21460-30528,Mouse630_20181025_18-44-29_21460-30528_f000064
-1.817898,27.508074,investigation,Mouse630_20181025_18-44-29_21460-30528,Mouse630_20181025_18-44-29_21460-30528_f000208
34.817013,34.416744,mount,Mouse630_20181025_18-44-29_21460-30528,Mouse630_20181025_18-44-29_21460-30528_f000240
27.108603,32.09037,mount,Mouse630_20181025_18-44-29_21460-30528,Mouse630_20181025_18-44-29_21460-30528_f000352
0.57867014,29.308434,mount,Mouse630_20181025_18-44-29_21460-30528,Mouse630_20181025_18-44-29_21460-30528_f000640
5.5144362,18.59521,mount,Mouse630_20181025_18-44-29_21460-30528,Mouse630_20181025_18-44-29_21460-30528_f000720
-7.589035,7.5119886,mount,Mouse630_20181025_18-44-29_21460-30528,Mouse630_20181025_18-44-29_21460-30528_f000784
6.0277514,5.25893,mount,Mouse630_20181025_18-44-29_21460-30528,Mouse630_20181025_18-44-29_21460-30528_f000896
5.3618746,7.6990213,mount,Mouse630_20181025_18-44-29_21460-30528,Mouse630_20181025_18-44-29_21460-30528_f000912
-2.0554938,5.358571,mount,Mouse630_20181025_18-44-29_21460-30528,Mouse630_20181025_18-44-29_21460-30528_f000992
-3.3690367,-1.8530169,investigation,Mouse630_20181025_18-44-29_21460-30528,Mouse630_20181025_18-44-29_21460-30528_f001280
27.236855,33.576355,mount,Mouse630_20181025_18-44-29_21460-30528,Mouse630_20181025_18-44-29_21460-30528_f001408
31.876675,31.306835,mount,Mouse630_20181025_18-44-29_21460-30528,Mouse630_20181025_18-44-29_21460-30528_f001424
23.575104,18.594893,mount,Mouse630_20181025_18-44-29_21460-30528,Mouse630_20181025_18-44-29_21460-30528_f001504
16.692696,18.801954,mount,Mouse630_20181025_18-44-29_21460-30528,Mouse630_20181025_18-44-29_21460-30528_f001648
29.37252,-15.451199,other,Mouse630_20181025_18-44-29_21460-30528,Mouse630_20181025_18-44-29_21460-30528_f001760
32.76567,35.36285,mount,Mouse630_20181025_18-44-29_21460-30528,Mouse630_20181025_18-44-29_21460-30528_f001984
29.844795,32.694008,mount,Mouse630_20181025_18-44-29_21460-30528,Mouse630_20181025_18-44-29_21460-30528_f002032
29.702505,33.494976,mount,Mouse630_20181025_18-44-29_21460-30528,Mouse630_20181025_18-44-29_21460-30528_f002336
33.03518,27.89325,mount,Mouse630_20181025_18-44-29_21460-30528,Mouse630_20181025_18-44-29_21460-30528_f002416
31.093546,22.395195,mount,Mouse630_20181025_18-44-29_21460-30528,Mouse630_20181025_18-44-29_21460-30528_f002432
29.973839,-5.6485753,other,Mouse630_20181025_18-44-29_21460-30528,Mouse630_20181025_18-44-29_21460-30528_f002976
-3.0898275,14.901886,mount,Mouse630_20181025_18-44-29_21460-30528,Mouse630_20181025_18-44-29_21460-30528_f003584
-4.354118,13.550815,mount,Mouse630_20181025_18-44-29_21460-30528,Mouse630_20181025_18-44-29_21460-30528_f003600
-0.4865725,10.9634905,mount,Mouse630_20181025_18-44-29_21460-30528,Mouse630_20181025_18-44-29_21460-30528_f003632
-0.45705846,19.744484,mount,Mouse630_20181025_18-44-29_21460-30528,Mouse630_20181025_18-44-29_21460-30528_f003680
-1.8583969,2.2343252,mount,Mouse630_20181025_18-44-29_21460-30528,Mouse630_20181025_18-44-29_21460-30528_f003792
-2.6044953,3.3864264,mount,Mouse630_20181025_18-44-29_21460-30528,Mouse630_20181025_18-44-29_21460-30528_f003808
0.82261884,27.624489,mount,Mouse630_20181025_18-44-29_21460-30528,Mouse630_20181025_18-44-29_21460-30528_f003840
1.1362082,38.201878,mount,Mouse630_20181025_18-44-29_21460-30528,Mouse630_20181025_18-44-29_21460-30528_f003856
9.701732,-0.23293103,investigation,Mouse630_20181025_18-44-29_21460-30528,Mouse630_20181025_18-44-29_21460-30528_f004272
20.625954,29.565525,mount,Mouse630_20181025_18-44-29_21460-30528,Mouse630_20181025_18-44-29_21460-30528_f004416
21.296553,27.818426,mount,Mouse630_20181025_18-44-29_21460-30528,Mouse630_20181025_18-44-29_21460-30528_f004448
19.792568,32.31194,mount,Mouse630_20181025_18-44-29_21460-30528,Mouse630_20181025_18-44-29_21460-30528_f004544
22.554796,36.761414,mount,Mouse630_20181025_18-44-29_21460-30528,Mouse630_20181025_18-44-29_21460-30528_f004560
22.82433,41.08282,mount,Mouse630_20181025_18-44-29_21460-30528,Mouse630_20181025_18-44-29_21460-30528_f004656
6.165128,27.03082,other,Mouse630_20181025_18-44-29_21460-30528,Mouse630_20181025_18-44-29_21460-30528_f004784
26.018986,6.831507,other,Mouse630_20181025_18-44-29_21460-30528,Mouse630_20181025_18-44-29_21460-30528_f004960
-1.1623223,8.28347,mount,Mouse630_20181025_18-44-29_21460-30528,Mouse630_20181025_18-44-29_21460-30528_f005168
10.021962,6.669116,mount,Mouse630_20181025_18-44-29_21460-30528,Mouse630_20181025_18-44-29_21460-30528_f005280
12.106459,5.6704516,mount,Mouse630_20181025_18-44-29_21460-30528,Mouse630_20181025_18-44-29_21460-30528_f005296
11.627574,4.439442,mount,Mouse630_20181025_18-44-29_21460-30528,Mouse630_20181025_18-44-29_21460-30528_f005328
10.406693,4.031785,mount,Mouse630_20181025_18-44-29_21460-30528,Mouse630_20181025_18-44-29_21460-30528_f005360
13.508359,3.616533,mount,Mouse630_20181025_18-44-29_21460-30528,Mouse630_20181025_18-44-29_21460-30528_f005488
-2.39,11.803098,mount,Mouse630_20181025_18-44-29_21460-30528,Mouse630_20181025_18-44-29_21460-30528_f006496
-0.7815752,21.287369,mount,Mouse630_20181025_18-44-29_21460-30528,Mouse630_20181025_18-44-29_21460-30528_f006528
7.089609,22.785448,mount,Mouse630_20181025_18-44-29_21460-30528,Mouse630_20181025_18-44-29_21460-30528_f006640
0.46523052,20.969112,mount,Mouse630_20181025_18-44-29_21460-30528,Mouse630_20181025_18-44-29_21460-30528_f006720
-15.7351265,-3.3506866,mount,Mouse630_20181025_18-44-29_21460-30528,Mouse630_20181025_18-44-29_21460-30528_f006768
0.49191698,-1.0622476,other,Mouse630_20181025_18-44-29_21460-30528,Mouse630_20181025_18-44-29_21460-30528_f007040
22.88157,-12.04422,other,Mouse630_20181025_18-44-29_21460-30528,Mouse630_20181025_18-44-29_21460-30528_f007120
-16.89153,5.0091295,mount,Mouse630_20181025_18-44-29_21460-30528,Mouse630_20181025_18-44-29_21460-30528_f007440
11.359502,25.2947,mount,Mouse630_20181025_18-44-29_21460-30528,Mouse630_20181025_18-44-29_21460-30528_f007744
11.893418,10.308175,mount,Mouse630_20181025_18-44-29_21460-30528,Mouse630_20181025_18-44-29_21460-30528_f007936
9.1038,7.038239,mount,Mouse630_20181025_18-44-29_21460-30528,Mouse630_20181025_18-44-29_21460-30528_f008048
9.228458,7.6953664,mount,Mouse630_20181025_18-44-29_21460-30528,Mouse630_20181025_18-44-29_21460-30528_f008176
9.305599,2.0196416,mount,Mouse630_20181025_18-44-29_21460-30528,Mouse630_20181025_18-44-29_21460-30528_f008208
-6.421882,2.726049,investigation,Mouse630_20181025_18-44-29_21460-30528,Mouse630_20181025_18-44-29_21460-30528_f008912
17.132864,11.083897,investigation,Mouse835-female_20200325_18-28-49_10767-24391,Mouse835-female_20200325_18-28-49_10767-24391_f000096
24.960993,10.562513,investigation,Mouse835-female_20200325_18-28-49_10767-24391,Mouse835-female_20200325_18-28-49_10767-24391_f000112
18.68808,-2.5423691,investigation,Mouse835-female_20200325_18-28-49_10767-24391,Mouse835-female_20200325_18-28-49_10767-24391_f000160
-19.49555,7.163578,investigation,Mouse835-female_20200325_18-28-49_10767-24391,Mouse835-female_20200325_18-28-49_10767-24391_f000272
16.00185,-0.5143646,investigation,Mouse835-female_20200325_18-28-49_10767-24391,Mouse835-female_20200325_18-28-49_10767-24391_f000352
10.730725,-2.945166,investigation,Mouse835-female_20200325_18-28-49_10767-24391,Mouse835-female_20200325_18-28-49_10767-24391_f000384
19.695026,9.091183,investigation,Mouse835-female_20200325_18-28-49_10767-24391,Mouse835-female_20200325_18-28-49_10767-24391_f000704
13.087722,5.1511908,investigation,Mouse835-female_20200325_18-28-49_10767-24391,Mouse835-female_20200325_18-28-49_10767-24391_f000864
2.9480035,8.600688,investigation,Mouse835-female_20200325_18-28-49_10767-24391,Mouse835-female_20200325_18-28-49_10767-24391_f000912
12.750684,6.9949827,other,Mouse835-female_20200325_18-28-49_10767-24391,Mouse835-female_20200325_18-28-49_10767-24391_f001008
1.0967801,9.378511,other,Mouse835-female_20200325_18-28-49_10767-24391,Mouse835-female_20200325_18-28-49_10767-24391_f001040
-5.044778,-16.384235,investigation,Mouse835-female_20200325_18-28-49_10767-24391,Mouse835-female_20200325_18-28-49_10767-24391_f001424
23.848988,-12.795982,other,Mouse835-female_20200325_18-28-49_10767-24391,Mouse835-female_20200325_18-28-49_10767-24391_f001616
23.861134,-17.669157,other,Mouse835-female_20200325_18-28-49_10767-24391,Mouse835-female_20200325_18-28-49_10767-24391_f001696
-12.39402,1.3877021,investigation,Mouse835-female_20200325_18-28-49_10767-24391,Mouse835-female_20200325_18-28-49_10767-24391_f001888
20.95025,-16.013758,other,Mouse835-female_20200325_18-28-49_10767-24391,Mouse835-female_20200325_18-28-49_10767-24391_f002208
-20.926163,8.5528,investigation,Mouse835-female_20200325_18-28-49_10767-24391,Mouse835-female_20200325_18-28-49_10767-24391_f002288
-8.873874,3.914395,investigation,Mouse835-female_20200325_18-28-49_10767-24391,Mouse835-female_20200325_18-28-49_10767-24391_f002528
14.399368,21.949009,investigation,Mouse835-female_20200325_18-28-49_10767-24391,Mouse835-female_20200325_18-28-49_10767-24391_f002864
-0.7966992,-7.0478716,investigation,Mouse835-female_20200325_18-28-49_10767-24391,Mouse835-female_20200325_18-28-49_10767-24391_f003344
-6.3712077,-4.39979,investigation,Mouse835-female_20200325_18-28-49_10767-24391,Mouse835-female_20200325_18-28-49_10767-24391_f003360
-33.41455,-10.379797,investigation,Mouse835-female_20200325_18-28-49_10767-24391,Mouse835-female_20200325_18-28-49_10767-24391_f003424
-29.823843,-6.18954,investigation,Mouse835-female_20200325_18-28-49_10767-24391,Mouse835-female_20200325_18-28-49_10767-24391_f003440
24.810253,-1.665597,other,Mouse835-female_20200325_18-28-49_10767-24391,Mouse835-female_20200325_18-28-49_10767-24391_f004096
17.8651,-10.766405,other,Mouse835-female_20200325_18-28-49_10767-24391,Mouse835-female_20200325_18-28-49_10767-24391_f004128
17.021109,-1.9360478,investigation,Mouse835-female_20200325_18-28-49_10767-24391,Mouse835-female_20200325_18-28-49_10767-24391_f004192
23.424665,-13.300426,other,Mouse835-female_20200325_18-28-49_10767-24391,Mouse835-female_20200325_18-28-49_10767-24391_f004336
14.821174,-9.702492,other,Mouse835-female_20200325_18-28-49_10767-24391,Mouse835-female_20200325_18-28-49_10767-24391_f004416
-18.318607,1.7810477,other,Mouse835-female_20200325_18-28-49_10767-24391,Mouse835-female_20200325_18-28-49_10767-24391_f004576
-17.480473,-5.7561836,investigation,Mouse835-female_20200325_18-28-49_10767-24391,Mouse835-female_20200325_18-28-49_10767-24391_f004608
22.35984,2.4798517,other,Mouse835-female_20200325_18-28-49_10767-24391,Mouse835-female_20200325_18-28-49_10767-24391_f005808
-15.49914,-5.770681,other,Mouse835-female_20200325_18-28-49_10767-24391,Mouse835-female_20200325_18-28-49_10767-24391_f005952
-7.8744907,2.7471838,investigation,Mouse835-female_20200325_18-28-49_10767-24391,Mouse835-female_20200325_18-28-49_10767-24391_f006032
-13.815481,1.8596288,investigation,Mouse835-female_20200325_18-28-49_10767-24391,Mouse835-female_20200325_18-28-49_10767-24391_f006048
-4.8776298,1.2075053,investigation,Mouse835-female_20200325_18-28-49_10767-24391,Mouse835-female_20200325_18-28-49_10767-24391_f006128
-6.127755,0.5482596,investigation,Mouse835-female_20200325_18-28-49_10767-24391,Mouse835-female_20200325_18-28-49_10767-24391_f006224
-4.087838,-0.20706454,investigation,Mouse835-female_20200325_18-28-49_10767-24391,Mouse835-female_20200325_18-28-49_10767-24391_f006448
20.550268,-6.5989013,mount,Mouse835-female_20200325_18-28-49_10767-24391,Mouse835-female_20200325_18-28-49_10767-24391_f007392
17.609081,-2.2693043,mount,Mouse835-female_20200325_18-28-49_10767-24391,Mouse835-female_20200325_18-28-49_10767-24391_f007408
11.674181,-2.367324,mount,Mouse835-female_20200325_18-28-49_10767-24391,Mouse835-female_20200325_18-28-49_10767-24391_f007424
15.044307,-6.555635,mount,Mouse835-female_20200325_18-28-49_10767-24391,Mouse835-female_20200325_18-28-49_10767-24391_f007456
18.562412,-5.1605754,mount,Mouse835-female_20200325_18-28-49_10767-24391,Mouse835-female_20200325_18-28-49_10767-24391_f007504
15.034131,-11.063923,mount,Mouse835-female_20200325_18-28-49_10767-24391,Mouse835-female_20200325_18-28-49_10767-24391_f007648
4.37924,47.424908,mount,Mouse835-female_20200325_18-28-49_10767-24391,Mouse835-female_20200325_18-28-49_10767-24391_f008160
-0.15715775,51.67522,mount,Mouse835-female_20200325_18-28-49_10767-24391,Mouse835-female_20200325_18-28-49_10767-24391_f008288
2.725755,49.02985,mount,Mouse835-female_20200325_18-28-49_10767-24391,Mouse835-female_20200325_18-28-49_10767-24391_f008304
11.800824,39.593594,mount,Mouse835-female_20200325_18-28-49_10767-24391,Mouse835-female_20200325_18-28-49_10767-24391_f008384
-15.556693,20.095545,mount,Mouse835-female_20200325_18-28-49_10767-24391,Mouse835-female_20200325_18-28-49_10767-24391_f008544
-10.440692,19.958551,mount,Mouse835-female_20200325_18-28-49_10767-24391,Mouse835-female_20200325_18-28-49_10767-24391_f008640
-16.218824,8.333367,mount,Mouse835-female_20200325_18-28-49_10767-24391,Mouse835-female_20200325_18-28-49_10767-24391_f008736
-7.4949408,10.157504,mount,Mouse835-female_20200325_18-28-49_10767-24391,Mouse835-female_20200325_18-28-49_10767-24391_f008768
21.922976,-10.930713,other,Mouse835-female_20200325_18-28-49_10767-24391,Mouse835-female_20200325_18-28-49_10767-24391_f009120
21.768301,-22.843542,other,Mouse835-female_20200325_18-28-49_10767-24391,Mouse835-female_20200325_18-28-49_10767-24391_f009744
21.642292,-24.166513,other,Mouse835-female_20200325_18-28-49_10767-24391,Mouse835-female_20200325_18-28-49_10767-24391_f009760
14.62635,-14.189371,other,Mouse835-female_20200325_18-28-49_10767-24391,Mouse835-female_20200325_18-28-49_10767-24391_f010368
28.074694,-16.0813,other,Mouse835-female_20200325_18-28-49_10767-24391,Mouse835-female_20200325_18-28-49_10767-24391_f010624
21.176003,-11.364393,other,Mouse835-female_20200325_18-28-49_10767-24391,Mouse835-female_20200325_18-28-49_10767-24391_f010720
-5.0084057,13.148768,mount,Mouse835-female_20200325_18-28-49_10767-24391,Mouse835-female_20200325_18-28-49_10767-24391_f010912
-1.6185946,48.327927,mount,Mouse835-female_20200325_18-28-49_10767-24391,Mouse835-female_20200325_18-28-49_10767-24391_f011200
3.9714642,49.543575,mount,Mouse835-female_20200325_18-28-49_10767-24391,Mouse835-female_20200325_18-28-49_10767-24391_f011216
18.54282,45.13097,mount,Mouse835-female_20200325_18-28-49_10767-24391,Mouse835-female_20200325_18-28-49_10767-24391_f011280
23.158993,44.500877,mount,Mouse835-female_20200325_18-28-49_10767-24391,Mouse835-female_20200325_18-28-49_10767-24391_f011408
21.623554,43.838776,mount,Mouse835-female_20200325_18-28-49_10767-24391,Mouse835-female_20200325_18-28-49_10767-24391_f011424
19.320608,38.78456,mount,Mouse835-female_20200325_18-28-49_10767-24391,Mouse835-female_20200325_18-28-49_10767-24391_f011760
22.427301,40.37717,mount,Mouse835-female_20200325_18-28-49_10767-24391,Mouse835-female_20200325_18-28-49_10767-24391_f011792
17.914234,47.22417,mount,Mouse835-female_20200325_18-28-49_10767-24391,Mouse835-female_20200325_18-28-49_10767-24391_f011952
-11.979823,11.83181,investigation,Mouse835-female_20200325_18-28-49_10767-24391,Mouse835-female_20200325_18-28-49_10767-24391_f012480
-8.7572365,1.3877853,mount,Mouse835-female_20200325_18-28-49_10767-24391,Mouse835-female_20200325_18-28-49_10767-24391_f012576
-19.150408,-3.7359548,mount,Mouse835-female_20200325_18-28-49_10767-24391,Mouse835-female_20200325_18-28-49_10767-24391_f012592
-19.476286,-3.7661295,mount,Mouse835-female_20200325_18-28-49_10767-24391,Mouse835-female_20200325_18-28-49_10767-24391_f012816
-17.67651,-4.610624,mount,Mouse835-female_20200325_18-28-49_10767-24391,Mouse835-female_20200325_18-28-49_10767-24391_f012832
-14.689756,-4.778071,mount,Mouse835-female_20200325_18-28-49_10767-24391,Mouse835-female_20200325_18-28-49_10767-24391_f012880
-16.35703,-4.8779593,mount,Mouse835-female_20200325_18-28-49_10767-24391,Mouse835-female_20200325_18-28-49_10767-24391_f012896
-16.83643,-5.8372083,mount,Mouse835-female_20200325_18-28-49_10767-24391,Mouse835-female_20200325_18-28-49_10767-24391_f012912
18.565975,-15.05061,other,Mouse835-female_20200325_18-28-49_10767-24391,Mouse835-female_20200325_18-28-49_10767-24391_f012976
22.895515,-15.294422,other,Mouse835-female_20200325_18-28-49_10767-24391,Mouse835-female_20200325_18-28-49_10767-24391_f013440
24.176416,-26.575903,other,Mouse835-female_20200325_18-28-49_10767-24391,Mouse835-female_20200325_18-28-49_10767-24391_f013520
25.469618,-12.907842,other,Mouse836-female_20200322_19-33-17_00957-13323,Mouse836-female_20200322_19-33-17_00957-13323_f000032
13.532118,-10.363832,investigation,Mouse836-female_20200322_19-33-17_00957-13323,Mouse836-female_20200322_19-33-17_00957-13323_f000656
-0.24168144,-7.0110908,investigation,Mouse836-female_20200322_19-33-17_00957-13323,Mouse836-female_20200322_19-33-17_00957-13323_f000720
-8.318626,-14.190785,investigation,Mouse836-female_20200322_19-33-17_00957-13323,Mouse836-female_20200322_19-33-17_00957-13323_f000752
-10.463999,-16.445133,investigation,Mouse836-female_20200322_19-33-17_00957-13323,Mouse836-female_20200322_19-33-17_00957-13323_f000768
-7.0978107,-0.32649788,investigation,Mouse836-female_20200322_19-33-17_00957-13323,Mouse836-female_20200322_19-33-17_00957-13323_f001136
-1.6184375,-5.345901,investigation,Mouse836-female_20200322_19-33-17_00957-13323,Mouse836-female_20200322_19-33-17_00957-13323_f001232
1.4674106,-11.494155,investigation,Mouse836-female_20200322_19-33-17_00957-13323,Mouse836-female_20200322_19-33-17_00957-13323_f001264
4.3255315,-8.111562,investigation,Mouse836-female_20200322_19-33-17_00957-13323,Mouse836-female_20200322_19-33-17_00957-13323_f001392
-7.3153543,0.28912747,investigation,Mouse836-female_20200322_19-33-17_00957-13323,Mouse836-female_20200322_19-33-17_00957-13323_f001424
3.577343,-6.4585185,investigation,Mouse836-female_20200322_19-33-17_00957-13323,Mouse836-female_20200322_19-33-17_00957-13323_f001600
31.282038,10.895843,investigation,Mouse836-female_20200322_19-33-17_00957-13323,Mouse836-female_20200322_19-33-17_00957-13323_f001760
2.13918,-7.9084272,investigation,Mouse836-female_20200322_19-33-17_00957-13323,Mouse836-female_20200322_19-33-17_00957-13323_f001840
-28.3103,-0.37127888,investigation,Mouse836-female_20200322_19-33-17_00957-13323,Mouse836-female_20200322_19-33-17_00957-13323_f001968
-8.860267,1.9397627,investigation,Mouse836-female_20200322_19-33-17_00957-13323,Mouse836-female_20200322_19-33-17_00957-13323_f002288
-2.7296064,-17.972256,other,Mouse836-female_20200322_19-33-17_00957-13323,Mouse836-female_20200322_19-33-17_00957-13323_f002544
7.3407145,-10.430192,investigation,Mouse836-female_20200322_19-33-17_00957-13323,Mouse836-female_20200322_19-33-17_00957-13323_f002688
14.917393,1.4205002,investigation,Mouse836-female_20200322_19-33-17_00957-13323,Mouse836-female_20200322_19-33-17_00957-13323_f002784
13.551979,-4.3147182,investigation,Mouse836-female_20200322_19-33-17_00957-13323,Mouse836-female_20200322_19-33-17_00957-13323_f002864
-17.426853,1.55168,investigation,Mouse836-female_20200322_19-33-17_00957-13323,Mouse836-female_20200322_19-33-17_00957-13323_f002960
4.435505,11.35355,investigation,Mouse836-female_20200322_19-33-17_00957-13323,Mouse836-female_20200322_19-33-17_00957-13323_f003072
22.340475,7.2580996,investigation,Mouse836-female_20200322_19-33-17_00957-13323,Mouse836-female_20200322_19-33-17_00957-13323_f003408
18.409512,-4.4112463,investigation,Mouse836-female_20200322_19-33-17_00957-13323,Mouse836-female_20200322_19-33-17_00957-13323_f003456
17.295658,-3.390058,investigation,Mouse836-female_20200322_19-33-17_00957-13323,Mouse836-female_20200322_19-33-17_00957-13323_f003472
23.548054,-0.9280548,investigation,Mouse836-female_20200322_19-33-17_00957-13323,Mouse836-female_20200322_19-33-17_00957-13323_f003856
0.9293462,10.794025,investigation,Mouse836-female_20200322_19-33-17_00957-13323,Mouse836-female_20200322_19-33-17_00957-13323_f003984
-3.891095,1.5271002,investigation,Mouse836-female_20200322_19-33-17_00957-13323,Mouse836-female_20200322_19-33-17_00957-13323_f004432
-5.4034953,0.88465095,investigation,Mouse836-female_20200322_19-33-17_00957-13323,Mouse836-female_20200322_19-33-17_00957-13323_f004496
-11.848905,1.7675279,investigation,Mouse836-female_20200322_19-33-17_00957-13323,Mouse836-female_20200322_19-33-17_00957-13323_f004512
17.924519,4.849677,investigation,Mouse836-female_20200322_19-33-17_00957-13323,Mouse836-female_20200322_19-33-17_00957-13323_f004592
20.850168,3.403443,investigation,Mouse836-female_20200322_19-33-17_00957-13323,Mouse836-female_20200322_19-33-17_00957-13323_f004704
2.2125885,-1.1539043,investigation,Mouse836-female_20200322_19-33-17_00957-13323,Mouse836-female_20200322_19-33-17_00957-13323_f004752
11.570936,14.762699,investigation,Mouse836-female_20200322_19-33-17_00957-13323,Mouse836-female_20200322_19-33-17_00957-13323_f004944
16.527954,16.63273,investigation,Mouse836-female_20200322_19-33-17_00957-13323,Mouse836-female_20200322_19-33-17_00957-13323_f004992
17.221607,5.7391276,investigation,Mouse836-female_20200322_19-33-17_00957-13323,Mouse836-female_20200322_19-33-17_00957-13323_f005072
13.634909,13.490457,investigation,Mouse836-female_20200322_19-33-17_00957-13323,Mouse836-female_20200322_19-33-17_00957-13323_f005152
9.266428,4.1208935,investigation,Mouse836-female_20200322_19-33-17_00957-13323,Mouse836-female_20200322_19-33-17_00957-13323_f005184
-15.625838,1.1575469,investigation,Mouse836-female_20200322_19-33-17_00957-13323,Mouse836-female_20200322_19-33-17_00957-13323_f005584
18.621191,7.0420957,investigation,Mouse836-female_20200322_19-33-17_00957-13323,Mouse836-female_20200322_19-33-17_00957-13323_f005648
14.268309,5.47798,investigation,Mouse836-female_20200322_19-33-17_00957-13323,Mouse836-female_20200322_19-33-17_00957-13323_f005952
12.235338,1.2548628,mount,Mouse836-female_20200322_19-33-17_00957-13323,Mouse836-female_20200322_19-33-17_00957-13323_f006192
8.59661,5.3468757,investigation,Mouse836-female_20200322_19-33-17_00957-13323,Mouse836-female_20200322_19-33-17_00957-13323_f006368
16.728638,5.010455,other,Mouse836-female_20200322_19-33-17_00957-13323,Mouse836-female_20200322_19-33-17_00957-13323_f006736
24.671871,-6.7010093,other,Mouse836-female_20200322_19-33-17_00957-13323,Mouse836-female_20200322_19-33-17_00957-13323_f007056
22.390844,1.7814167,other,Mouse836-female_20200322_19-33-17_00957-13323,Mouse836-female_20200322_19-33-17_00957-13323_f007584
25.991083,-7.8133326,other,Mouse836-female_20200322_19-33-17_00957-13323,Mouse836-female_20200322_19-33-17_00957-13323_f007776
24.729559,-10.892838,other,Mouse836-female_20200322_19-33-17_00957-13323,Mouse836-female_20200322_19-33-17_00957-13323_f008016
4.5967746,8.830303,other,Mouse836-female_20200322_19-33-17_00957-13323,Mouse836-female_20200322_19-33-17_00957-13323_f008208
7.829213,7.5995784,investigation,Mouse836-female_20200322_19-33-17_00957-13323,Mouse836-female_20200322_19-33-17_00957-13323_f008368
2.23357,13.563286,investigation,Mouse836-female_20200322_19-33-17_00957-13323,Mouse836-female_20200322_19-33-17_00957-13323_f008432
9.745704,4.5623207,investigation,Mouse836-female_20200322_19-33-17_00957-13323,Mouse836-female_20200322_19-33-17_00957-13323_f008560
23.741035,-16.65402,other,Mouse836-female_20200322_19-33-17_00957-13323,Mouse836-female_20200322_19-33-17_00957-13323_f008624
22.727377,-12.283252,other,Mouse836-female_20200322_19-33-17_00957-13323,Mouse836-female_20200322_19-33-17_00957-13323_f008768
3.3415382,-7.481495,other,Mouse836-female_20200322_19-33-17_00957-13323,Mouse836-female_20200322_19-33-17_00957-13323_f008864
21.449108,-4.9467726,investigation,Mouse836-female_20200322_19-33-17_00957-13323,Mouse836-female_20200322_19-33-17_00957-13323_f008960
22.809425,14.779079,investigation,Mouse836-female_20200322_19-33-17_00957-13323,Mouse836-female_20200322_19-33-17_00957-13323_f009280
24.657856,-15.674465,other,Mouse836-female_20200322_19-33-17_00957-13323,Mouse836-female_20200322_19-33-17_00957-13323_f010432
-10.879787,1.6649067,investigation,Mouse836-female_20200322_19-33-17_00957-13323,Mouse836-female_20200322_19-33-17_00957-13323_f010688
20.16991,5.7883916,other,Mouse836-female_20200322_19-33-17_00957-13323,Mouse836-female_20200322_19-33-17_00957-13323_f010864
3.5878315,-6.6704664,other,Mouse836-female_20200322_19-33-17_00957-13323,Mouse836-female_20200322_19-33-17_00957-13323_f011440
11.141726,-0.5137708,investigation,Mouse836-female_20200322_19-33-17_00957-13323,Mouse836-female_20200322_19-33-17_00957-13323_f011776
13.969079,0.3508744,investigation,Mouse836-female_20200322_19-33-17_00957-13323,Mouse836-female_20200322_19-33-17_00957-13323_f011872
-11.912334,6.419064,investigation,Mouse836-female_20200322_19-33-17_00957-13323,Mouse836-female_20200322_19-33-17_00957-13323_f011952
-11.663637,-8.104777,investigation,Mouse836-female_20200322_19-33-17_14594-23870,Mouse836-female_20200322_19-33-17_14594-23870_f000048
25.432882,3.512635,investigation,Mouse836-female_20200322_19-33-17_14594-23870,Mouse836-female_20200322_19-33-17_14594-23870_f000272
-0.26667213,-3.4604034,investigation,Mouse836-female_20200322_19-33-17_14594-23870,Mouse836-female_20200322_19-33-17_14594-23870_f000384
2.0018234,-5.776541,investigation,Mouse836-female_20200322_19-33-17_14594-23870,Mouse836-female_20200322_19-33-17_14594-23870_f000608
-7.152267,0.8568693,investigation,Mouse836-female_20200322_19-33-17_14594-23870,Mouse836-female_20200322_19-33-17_14594-23870_f000624
32.62189,5.1737046,investigation,Mouse836-female_20200322_19-33-17_14594-23870,Mouse836-female_20200322_19-33-17_14594-23870_f000768
-8.884964,-13.459205,other,Mouse836-female_20200322_19-33-17_14594-23870,Mouse836-female_20200322_19-33-17_14594-23870_f000832
19.068857,-7.299987,investigation,Mouse836-female_20200322_19-33-17_14594-23870,Mouse836-female_20200322_19-33-17_14594-23870_f001168
29.048273,-6.3878756,other,Mouse836-female_20200322_19-33-17_14594-23870,Mouse836-female_20200322_19-33-17_14594-23870_f001536
28.418276,6.6796513,investigation,Mouse836-female_20200322_19-33-17_14594-23870,Mouse836-female_20200322_19-33-17_14594-23870_f001568
-5.4693727,-4.7275677,investigation,Mouse836-female_20200322_19-33-17_14594-23870,Mouse836-female_20200322_19-33-17_14594-23870_f001808
-11.146415,2.2267764,investigation,Mouse836-female_20200322_19-33-17_14594-23870,Mouse836-female_20200322_19-33-17_14594-23870_f001872
-14.126002,7.3717966,investigation,Mouse836-female_20200322_19-33-17_14594-23870,Mouse836-female_20200322_19-33-17_14594-23870_f001888
6.665448,-9.990523,investigation,Mouse836-female_20200322_19-33-17_14594-23870,Mouse836-female_20200322_19-33-17_14594-23870_f002016
10.852436,-15.952616,investigation,Mouse836-female_20200322_19-33-17_14594-23870,Mouse836-female_20200322_19-33-17_14594-23870_f002080
16.925959,-8.82992,investigation,Mouse836-female_20200322_19-33-17_14594-23870,Mouse836-female_20200322_19-33-17_14594-23870_f002096
12.486178,-2.01241,investigation,Mouse836-female_20200322_19-33-17_14594-23870,Mouse836-female_20200322_19-33-17_14594-23870_f002208
15.340547,-0.7632273,investigation,Mouse836-female_20200322_19-33-17_14594-23870,Mouse836-female_20200322_19-33-17_14594-23870_f002240
15.346522,-1.3652401,investigation,Mouse836-female_20200322_19-33-17_14594-23870,Mouse836-female_20200322_19-33-17_14594-23870_f002432
-13.173075,38.16252,mount,Mouse836-female_20200322_19-33-17_14594-23870,Mouse836-female_20200322_19-33-17_14594-23870_f002480
8.287112,5.84181,investigation,Mouse836-female_20200322_19-33-17_14594-23870,Mouse836-female_20200322_19-33-17_14594-23870_f002688
22.369362,2.6921146,investigation,Mouse836-female_20200322_19-33-17_14594-23870,Mouse836-female_20200322_19-33-17_14594-23870_f003424
21.482723,-2.7146187,investigation,Mouse836-female_20200322_19-33-17_14594-23870,Mouse836-female_20200322_19-33-17_14594-23870_f003472
27.289518,10.119419,investigation,Mouse836-female_20200322_19-33-17_14594-23870,Mouse836-female_20200322_19-33-17_14594-23870_f003504
24.850523,-0.4001483,investigation,Mouse836-female_20200322_19-33-17_14594-23870,Mouse836-female_20200322_19-33-17_14594-23870_f003632
0.19498968,4.4149356,investigation,Mouse836-female_20200322_19-33-17_14594-23870,Mouse836-female_20200322_19-33-17_14594-23870_f003712
-2.3490677,2.1757486,investigation,Mouse836-female_20200322_19-33-17_14594-23870,Mouse836-female_20200322_19-33-17_14594-23870_f003760
-12.711017,6.6415873,investigation,Mouse836-female_20200322_19-33-17_14594-23870,Mouse836-female_20200322_19-33-17_14594-23870_f003888
22.257051,-8.752338,other,Mouse836-female_20200322_19-33-17_14594-23870,Mouse836-female_20200322_19-33-17_14594-23870_f004240
26.08409,-8.583576,other,Mouse836-female_20200322_19-33-17_14594-23870,Mouse836-female_20200322_19-33-17_14594-23870_f004256
26.08014,-3.3472934,other,Mouse836-female_20200322_19-33-17_14594-23870,Mouse836-female_20200322_19-33-17_14594-23870_f004288
9.073892,-8.3904085,investigation,Mouse836-female_20200322_19-33-17_14594-23870,Mouse836-female_20200322_19-33-17_14594-23870_f004368
22.870193,-2.7012577,other,Mouse836-female_20200322_19-33-17_14594-23870,Mouse836-female_20200322_19-33-17_14594-23870_f005568
23.862236,1.8774458,investigation,Mouse836-female_20200322_19-33-17_14594-23870,Mouse836-female_20200322_19-33-17_14594-23870_f005808
22.153664,-8.682322,other,Mouse836-female_20200322_19-33-17_14594-23870,Mouse836-female_20200322_19-33-17_14594-23870_f005968
-4.161396,12.735517,investigation,Mouse836-female_20200322_19-33-17_14594-23870,Mouse836-female_20200322_19-33-17_14594-23870_f006176
12.22547,-25.06249,other,Mouse836-female_20200322_19-33-17_14594-23870,Mouse836-female_20200322_19-33-17_14594-23870_f006448
22.93952,-9.45728,other,Mouse836-female_20200322_19-33-17_14594-23870,Mouse836-female_20200322_19-33-17_14594-23870_f006736
19.910841,2.9684155,investigation,Mouse836-female_20200322_19-33-17_14594-23870,Mouse836-female_20200322_19-33-17_14594-23870_f006864
23.802322,31.38298,mount,Mouse836-female_20200322_19-33-17_14594-23870,Mouse836-female_20200322_19-33-17_14594-23870_f007232
16.342613,26.933937,mount,Mouse836-female_20200322_19-33-17_14594-23870,Mouse836-female_20200322_19-33-17_14594-23870_f007296
25.81126,-10.436912,other,Mouse836-female_20200322_19-33-17_14594-23870,Mouse836-female_20200322_19-33-17_14594-23870_f007472
22.306646,-14.350958,other,Mouse836-female_20200322_19-33-17_14594-23870,Mouse836-female_20200322_19-33-17_14594-23870_f007744
25.24499,-19.720154,other,Mouse836-female_20200322_19-33-17_14594-23870,Mouse836-female_20200322_19-33-17_14594-23870_f008080
23.057308,-11.7263565,other,Mouse836-female_20200322_19-33-17_14594-23870,Mouse836-female_20200322_19-33-17_14594-23870_f008112
17.972761,-12.239966,other,Mouse836-female_20200322_19-33-17_14594-23870,Mouse836-female_20200322_19-33-17_14594-23870_f008208
13.916294,-17.7029,investigation,Mouse836-female_20200322_19-33-17_14594-23870,Mouse836-female_20200322_19-33-17_14594-23870_f008416
13.907518,-16.202824,investigation,Mouse836-female_20200322_19-33-17_14594-23870,Mouse836-female_20200322_19-33-17_14594-23870_f008432
14.499549,20.863323,investigation,Mouse836-female_20200322_19-33-17_14594-23870,Mouse836-female_20200322_19-33-17_14594-23870_f009072
19.288843,-2.745506,investigation,Mouse839-female_20200322_20-15-11_12885-24623,Mouse839-female_20200322_20-15-11_12885-24623_f000144
3.6459177,0.15975466,other,Mouse839-female_20200322_20-15-11_12885-24623,Mouse839-female_20200322_20-15-11_12885-24623_f000176
14.527846,-12.170457,other,Mouse839-female_20200322_20-15-11_12885-24623,Mouse839-female_20200322_20-15-11_12885-24623_f000272
9.707421,-16.000307,investigation,Mouse839-female_20200322_20-15-11_12885-24623,Mouse839-female_20200322_20-15-11_12885-24623_f000352
1.2684187,8.116824,investigation,Mouse839-female_20200322_20-15-11_12885-24623,Mouse839-female_20200322_20-15-11_12885-24623_f000496
-8.815236,3.567579,investigation,Mouse839-female_20200322_20-15-11_12885-24623,Mouse839-female_20200322_20-15-11_12885-24623_f000704
3.6802642,-1.5983344,mount,Mouse839-female_20200322_20-15-11_12885-24623,Mouse839-female_20200322_20-15-11_12885-24623_f000752
13.86658,0.3045589,mount,Mouse839-female_20200322_20-15-11_12885-24623,Mouse839-female_20200322_20-15-11_12885-24623_f000848
5.621218,-3.2692983,mount,Mouse839-female_20200322_20-15-11_12885-24623,Mouse839-female_20200322_20-15-11_12885-24623_f000912
5.462685,40.227047,mount,Mouse839-female_20200322_20-15-11_12885-24623,Mouse839-female_20200322_20-15-11_12885-24623_f001136
13.475545,43.23994,mount,Mouse839-female_20200322_20-15-11_12885-24623,Mouse839-female_20200322_20-15-11_12885-24623_f001168
13.106766,18.07428,investigation,Mouse839-female_20200322_20-15-11_12885-24623,Mouse839-female_20200322_20-15-11_12885-24623_f001248
16.283262,6.985631,mount,Mouse839-female_20200322_20-15-11_12885-24623,Mouse839-female_20200322_20-15-11_12885-24623_f001296
-3.5846004,9.155519,investigation,Mouse839-female_20200322_20-15-11_12885-24623,Mouse839-female_20200322_20-15-11_12885-24623_f001328
14.68626,-16.856674,other,Mouse839-female_20200322_20-15-11_12885-24623,Mouse839-female_20200322_20-15-11_12885-24623_f001456
-6.3839846,7.0407405,investigation,Mouse839-female_20200322_20-15-11_12885-24623,Mouse839-female_20200322_20-15-11_12885-24623_f001728
1.6733605,-12.983586,mount,Mouse839-female_20200322_20-15-11_12885-24623,Mouse839-female_20200322_20-15-11_12885-24623_f001904
2.5615542,-12.549242,mount,Mouse839-female_20200322_20-15-11_12885-24623,Mouse839-female_20200322_20-15-11_12885-24623_f001936
1.3111482,-12.950048,mount,Mouse839-female_20200322_20-15-11_12885-24623,Mouse839-female_20200322_20-15-11_12885-24623_f001952
0.03393513,-13.194121,mount,Mouse839-female_20200322_20-15-11_12885-24623,Mouse839-female_20200322_20-15-11_12885-24623_f001968
3.3876848,-8.512628,mount,Mouse839-female_20200322_20-15-11_12885-24623,Mouse839-female_20200322_20-15-11_12885-24623_f002016
8.692618,0.23854217,mount,Mouse839-female_20200322_20-15-11_12885-24623,Mouse839-female_20200322_20-15-11_12885-24623_f002288
-16.822699,-4.8551626,investigation,Mouse839-female_20200322_20-15-11_12885-24623,Mouse839-female_20200322_20-15-11_12885-24623_f002336
4.9070086,-11.713974,other,Mouse839-female_20200322_20-15-11_12885-24623,Mouse839-female_20200322_20-15-11_12885-24623_f002544
-22.900715,-13.497109,other,Mouse839-female_20200322_20-15-11_12885-24623,Mouse839-female_20200322_20-15-11_12885-24623_f003136
-2.2264302,-15.848004,other,Mouse839-female_20200322_20-15-11_12885-24623,Mouse839-female_20200322_20-15-11_12885-24623_f003872
-0.89574975,34.27575,mount,Mouse839-female_20200322_20-15-11_12885-24623,Mouse839-female_20200322_20-15-11_12885-24623_f004128
1.1164584,44.51359,mount,Mouse839-female_20200322_20-15-11_12885-24623,Mouse839-female_20200322_20-15-11_12885-24623_f004256
8.965397,46.08688,mount,Mouse839-female_20200322_20-15-11_12885-24623,Mouse839-female_20200322_20-15-11_12885-24623_f004320
12.292429,44.132103,mount,Mouse839-female_20200322_20-15-11_12885-24623,Mouse839-female_20200322_20-15-11_12885-24623_f004352
7.3978705,40.156353,mount,Mouse839-female_20200322_20-15-11_12885-24623,Mouse839-female_20200322_20-15-11_12885-24623_f004368
-16.901346,7.077802,mount,Mouse839-female_20200322_20-15-11_12885-24623,Mouse839-female_20200322_20-15-11_12885-24623_f004432
-19.123844,5.1455398,mount,Mouse839-female_20200322_20-15-11_12885-24623,Mouse839-female_20200322_20-15-11_12885-24623_f004448
21.240454,-4.507141,other,Mouse839-female_20200322_20-15-11_12885-24623,Mouse839-female_20200322_20-15-11_12885-24623_f004640
-24.445793,3.9803665,investigation,Mouse839-female_20200322_20-15-11_12885-24623,Mouse839-female_20200322_20-15-11_12885-24623_f005600
-9.740928,-1.2986592,investigation,Mouse839-female_20200322_20-15-11_12885-24623,Mouse839-female_20200322_20-15-11_12885-24623_f006160
11.55286,-1.186471,investigation,Mouse839-female_20200322_20-15-11_12885-24623,Mouse839-female_20200322_20-15-11_12885-24623_f006272
9.69797,-10.450426,investigation,Mouse839-female_20200322_20-15-11_12885-24623,Mouse839-female_20200322_20-15-11_12885-24623_f006336
7.8849216,10.674243,investigation,Mouse839-female_20200322_20-15-11_12885-24623,Mouse839-female_20200322_20-15-11_12885-24623_f007408
22.803858,-19.46449,other,Mouse839-female_20200322_20-15-11_12885-24623,Mouse839-female_20200322_20-15-11_12885-24623_f008160
-19.94374,11.826226,investigation,Mouse839-female_20200322_20-15-11_12885-24623,Mouse839-female_20200322_20-15-11_12885-24623_f008464
-9.920918,13.792006,other,Mouse839-female_20200322_20-15-11_12885-24623,Mouse839-female_20200322_20-15-11_12885-24623_f008736
28.066833,7.48806,other,Mouse839-female_20200322_20-15-11_12885-24623,Mouse839-female_20200322_20-15-11_12885-24623_f008912
24.388485,22.85742,other,Mouse839-female_20200322_20-15-11_12885-24623,Mouse839-female_20200322_20-15-11_12885-24623_f009024
18.635214,-16.8819,other,Mouse839-female_20200322_20-15-11_12885-24623,Mouse839-female_20200322_20-15-11_12885-24623_f009424
10.756015,-11.39264,mount,Mouse839-female_20200322_20-15-11_12885-24623,Mouse839-female_20200322_20-15-11_12885-24623_f009920
26.063234,19.247515,mount,Mouse839-female_20200322_20-15-11_12885-24623,Mouse839-female_20200322_20-15-11_12885-24623_f010064
23.113409,15.324152,mount,Mouse839-female_20200322_20-15-11_12885-24623,Mouse839-female_20200322_20-15-11_12885-24623_f010128
10.4851055,1.2967092,investigation,Mouse839-female_20200322_20-15-11_12885-24623,Mouse839-female_20200322_20-15-11_12885-24623_f010192
-0.13311212,9.959208,investigation,Mouse839-female_20200322_20-15-11_12885-24623,Mouse839-female_20200322_20-15-11_12885-24623_f010432
21.662256,30.879658,mount,Mouse839-female_20200322_20-15-11_12885-24623,Mouse839-female_20200322_20-15-11_12885-24623_f010496
28.330654,26.637356,other,Mouse839-female_20200322_20-15-11_12885-24623,Mouse839-female_20200322_20-15-11_12885-24623_f011008
8.97903,19.033306,investigation,Mouse839-female_20200322_20-15-11_12885-24623,Mouse839-female_20200322_20-15-11_12885-24623_f011440
2.3752682,17.428753,investigation,Mouse839-female_20200322_20-15-11_12885-24623,Mouse839-female_20200322_20-15-11_12885-24623_f011456
-20.08882,4.4058294,investigation,Mouse839-female_20200322_20-15-11_12885-24623,Mouse839-female_20200322_20-15-11_12885-24623_f011552
-12.0195875,-0.0010225166,investigation,Mouse839-female_20200322_20-15-11_12885-24623,Mouse839-female_20200322_20-15-11_12885-24623_f011568
-19.600243,10.529845,other,Mouse839-female_20200322_20-15-11_12885-24623,Mouse839-female_20200322_20-15-11_12885-24623_f011664
