pc1,pc2,label,video_id,sample_id
-34.81882,19.330572,investigation,Mouse060_20160526_18-16-27,Mouse060_20160526_18-16-27_f000144
-24.967978,16.58013,investigation,Mouse060_20160526_18-16-27,Mouse060_20160526_18-16-27_f000160
-20.715254,16.878548,investigation,Mouse060_20160526_18-16-27,Mouse060_20160526_18-16-27_f000176
-16.018913,12.888809,investigation,Mouse060_20160526_18-16-27,Mouse060_20160526_18-16-27_f000384
-0.008634443,10.456345,investigation,Mouse060_20160526_18-16-27,Mouse060_20160526_18-16-27_f000400
-13.5220375,14.95613,investigation,Mouse060_20160526_18-16-27,Mouse060_20160526_18-16-27_f000560
20.932533,5.5804977,investigation,Mouse060_20160526_18-16-27,Mouse060_20160526_18-16-27_f000624
16.221312,8.804438,investigation,Mouse060_20160526_18-16-27,Mouse060_20160526_18-16-27_f000640
-21.781954,11.994746,investigation,Mouse060_20160526_18-16-27,Mouse060_20160526_18-16-27_f000784
-34.36945,18.533611,investigation,Mouse060_20160526_18-16-27,Mouse060_20160526_18-16-27_f001008
-46.90896,22.03412,investigation,Mouse060_20160526_18-16-27,Mouse060_20160526_18-16-27_f001040
-13.435593,8.692722,investigation,Mouse060_20160526_18-16-27,Mouse060_20160526_18-16-27_f001360
-33.864944,16.763735,investigation,Mouse060_20160526_18-16-27,Mouse060_20160526_18-16-27_f001648
-6.6800356,9.182888,investigation,Mouse060_20160526_18-16-27,Mouse060_20160526_18-16-27_f001856
-3.6919458,8.879832,investigation,Mouse060_20160526_18-16-27,Mouse060_20160526_18-16-27_f002176
-11.646171,8.803889,mount,Mouse060_20160526_18-16-27,Mouse060_20160526_18-16-27_f002336
-13.985813,9.703638,mount,Mouse060_20160526_18-16-27,Mouse060_20160526_18-16-27_f002352
-14.500385,13.334237,other,Mouse060_20160526_18-16-27,Mouse060_20160526_18-16-27_f002704
34.224922,-2.4244199,mount,Mouse060_20160526_18-16-27,Mouse060_20160526_18-16-27_f002896
36.369446,-2.681176,mount,Mouse060_20160526_18-16-27,Mouse060_20160526_18-16-27_f002912
41.933323,-5.509842,mount,Mouse060_20160526_18-16-27,Mouse060_20160526_18-16-27_f003008
28.534775,-2.154222,investigation,Mouse060_20160526_18-16-27,Mouse060_20160526_18-16-27_f003424
20.909767,3.6922355,mount,Mouse060_20160526_18-16-27,Mouse060_20160526_18-16-27_f003584
31.958082,0.41501576,investigation,Mouse060_20160526_18-16-27,Mouse060_20160526_18-16-27_f003648
42.014362,2.3887937,mount,Mouse060_20160526_18-16-27,Mouse060_20160526_18-16-27_f003680
-4.721643,6.907974,other,Mouse060_20160526_18-16-27,Mouse060_20160526_18-16-27_f004064
10.960018,11.239115,mount,Mouse060_20160526_18-16-27,Mouse060_20160526_18-16-27_f004352
36.262497,14.121139,mount,Mouse060_20160526_18-16-27,Mouse060_20160526_18-16-27_f004416
26.532877,16.53595,mount,Mouse060_20160526_18-16-27,Mouse060_20160526_18-16-27_f004480
-8.617891,10.688112,other,Mouse060_20160526_18-16-27,Mouse060_20160526_18-16-27_f004528
59.047318,1.4798348,investigation,Mouse060_20160526_18-16-27,Mouse060_20160526_18-16-27_f004992
78.88576,-4.473336,mount,Mouse060_20160526_18-16-27,Mouse060_20160526_18-16-27_f005024
73.35416,4.444109,mount,Mouse060_20160526_18-16-27,Mouse060_20160526_18-16-27_f005056
31.369667,6.822286,mount,Mouse060_20160526_18-16-27,Mouse060_20160526_18-16-27_f005104
66.76842,6.676643,mount,Mouse060_20160526_18-16-27,Mouse060_20160526_18-16-27_f005152
21.753454,-0.9598878,other,Mouse060_20160526_18-16-27,Mouse060_20160526_18-16-27_f005536
-6.162929,5.1988697,investigation,Mouse060_20160526_18-16-27,Mouse060_20160526_18-16-27_f005904
25.246115,-4.591119,mount,Mouse060_20160526_18-16-27,Mouse060_20160526_18-16-27_f006096
32.91807,-4.4789057,mount,Mouse060_20160526_18-16-27,Mouse060_20160526_18-16-27_f006176
-12.818715,11.739471,investigation,Mouse060_20160526_18-16-27,Mouse060_20160526_18-16-27_f006992
-6.932657,9.255187,investigation,Mouse060_20160526_18-16-27,Mouse060_20160526_18-16-27_f007024
25.363249,5.9632273,investigation,Mouse060_20160526_18-16-27,Mouse060_20160526_18-16-27_f007216
57.36945,6.16366,mount,Mouse060_20160526_18-16-27,Mouse060_20160526_18-16-27_f007280
75.13545,5.954434,mount,Mouse060_20160526_18-16-27,Mouse060_20160526_18-16-27_f007312
12.33257,7.214644,other,Mouse060_20160526_18-16-27,Mouse060_20160526_18-16-27_f007504
-8.987423,8.472915,other,Mouse060_20160526_18-16-27,Mouse060_20160526_18-16-27_f007856
97.70518,5.4596887,mount,Mouse060_20160526_18-16-27,Mouse060_20160526_18-16-27_f009136
89.88773,6.6575623,mount,Mouse060_20160526_18-16-27,Mouse060_20160526_18-16-27_f009168
81.842415,9.336351,mount,Mouse060_20160526_18-16-27,Mouse060_20160526_18-16-27_f009184
43.866653,12.964477,mount,Mouse060_20160526_18-16-27,Mouse060_20160526_18-16-27_f009200
3.1539183,7.620355,mount,Mouse060_20160526_18-16-27,Mouse060_20160526_18-16-27_f009600
29.918165,7.0178304,other,Mouse060_20160526_18-16-27,Mouse060_20160526_18-16-27_f010016
20.19274,-0.7175832,other,Mouse060_20160526_18-16-27,Mouse060_20160526_18-16-27_f010160
2.9300935,11.39392,investigation,Mouse060_20160526_18-16-27,Mouse060_20160526_18-16-27_f010256
20.203007,16.283619,mount,Mouse060_20160526_18-16-27,Mouse060_20160526_18-16-27_f010336
-12.152845,9.310711,other,Mouse060_20160526_18-16-27,Mouse060_20160526_18-16-27_f010720
-11.521295,7.469908,mount,Mouse060_20160526_18-16-27,Mouse060_20160526_18-16-27_f010896
4.3612194,2.8017538,mount,Mouse060_20160526_18-16-27,Mouse060_20160526_18-16-27_f010912
2.9348488,3.2853942,mount,Mouse060_20160526_18-16-27,Mouse060_20160526_18-16-27_f010944
-23.228992,9.756788,other,Mouse060_20160526_18-16-27,Mouse060_20160526_18-16-27_f011312
12.915562,14.72227,mount,Mouse060_20160526_18-16-27,Mouse060_20160526_18-16-27_f011920
34.610973,16.044895,mount,Mouse060_20160526_18-16-27,Mouse060_20160526_18-16-27_f011952
43.996006,15.830284,mount,Mouse060_20160526_18-16-27,Mouse060_20160526_18-16-27_f011968
-1.624526,7.108385,mount,Mouse060_20160526_18-16-27,Mouse060_20160526_18-16-27_f012176
15.223996,-0.462291,other,Mouse060_20160526_18-16-27,Mouse060_20160526_18-16-27_f012384
12.490648,5.831194,other,Mouse060_20160526_18-16-27,Mouse060_20160526_18-16-27_f013264
14.142084,-0.7932561,mount,Mouse060_20160526_18-16-27,Mouse060_20160526_18-16-27_f013648
-9.620593,8.353408,investigation,Mouse060_20160526_18-16-27,Mouse060_20160526_18-16-27_f013856
20.878778,6.9158373,investigation,Mouse060_20160526_18-16-27,Mouse060_20160526_18-16-27_f013888
34.15977,2.7483487,other,Mouse060_20160526_18-16-27,Mouse060_20160526_18-16-27_f014288
-23.331997,13.754739,investigation,Mouse060_20160526_18-16-27,Mouse060_20160526_18-16-27_f014544
42.39976,15.860698,investigation,Mouse060_20160526_18-16-27,Mouse060_20160526_18-16-27_f015248
59.333195,14.719477,investigation,Mouse060_20160526_18-16-27,Mouse060_20160526_18-16-27_f015264
56.584347,15.190643,investigation,Mouse060_20160526_18-16-27,Mouse060_20160526_18-16-27_f015296
41.80645,13.38779,investigation,Mouse060_20160526_18-16-27,Mouse060_20160526_18-16-27_f015312
-20.311806,14.730642,other,Mouse060_20160526_18-16-27,Mouse060_20160526_18-16-27_f015712
20.480116,14.942602,investigation,Mouse060_20160526_18-16-27,Mouse060_20160526_18-16-27_f016480
13.033936,4.5009885,investigation,Mouse060_20160526_18-16-27,Mouse060_20160526_18-16-27_f016848
24.389486,6.007769,other,Mouse060_20160526_18-16-27,Mouse060_20160526_18-16-27_f016960
13.178528,5.9554453,other,Mouse060_20160526_18-16-27,Mouse060_20160526_18-16-27_f017904
43.30915,6.257449,mount,Mouse060_20160526_18-16-27,Mouse060_20160526_18-16-27_f018432
44.589684,10.8672695,mount,Mouse060_20160526_18-16-27,Mouse060_20160526_18-16-27_f018528
44.762608,10.0950575,other,Mouse060_20160526_18-16-27,Mouse060_20160526_18-16-27_f018624
65.19516,1.9235111,mount,Mouse060_20160526_18-16-27,Mouse060_20160526_18-16-27_f019136
-2.7327864,11.200138,other,Mouse060_20160526_18-16-27,Mouse060_20160526_18-16-27_f019360
36.656128,1.1645889,other,Mouse060_20160526_18-16-27,Mouse060_20160526_18-16-27_f019584
31.337784,3.2993577,other,Mouse060_20160526_18-16-27,Mouse060_20160526_18-16-27_f019600
50.172813,-2.0347915,investigation,Mouse060_20160526_18-16-27,Mouse060_20160526_18-16-27_f020336
26.818981,2.8665874,investigation,Mouse060_20160526_18-16-27,Mouse060_20160526_18-16-27_f020416
29.49412,7.1680303,investigation,Mouse060_20160526_18-16-27,Mouse060_20160526_18-16-27_f020704
42.00527,8.989978,investigation,Mouse060_20160526_18-16-27,Mouse060_20160526_18-16-27_f020736
4.6190357,5.1857696,mount,Mouse060_20160526_18-16-27,Mouse060_20160526_18-16-27_f021168
8.321248,13.435967,other,Mouse060_20160526_18-16-27,Mouse060_20160526_18-16-27_f021408
-5.7852187,14.308752,other,Mouse060_20160526_18-16-27,Mouse060_20160526_18-16-27_f021488
62.588978,-1.3907773,other,Mouse060_20160526_18-16-27,Mouse060_20160526_18-16-27_f022544
-3.846511,8.057042,other,Mouse060_20160526_18-16-27,Mouse060_20160526_18-16-27_f022896
9.042823,10.017333,investigation,Mouse060_20160526_18-16-27,Mouse060_20160526_18-16-27_f023440
10.324609,10.783212,investigation,Mouse060_20160526_18-16-27,Mouse060_20160526_18-16-27_f023472
38.728413,-2.3659525,other,Mouse060_20160526_18-16-27,Mouse060_20160526_18-16-27_f023952
43.046627,-9.719619,investigation,Mouse060_20160526_18-16-27,Mouse060_20160526_18-16-27_f024176
-34.555286,19.342344,investigation,Mouse061_20160526_18-38-49,Mouse061_20160526_18-38-49_f000240
-30.032587,16.81838,investigation,Mouse061_20160526_18-38-49,Mouse061_20160526_18-38-49_f000272
-46.948643,23.993324,investigation,Mouse061_20160526_18-38-49,Mouse061_20160526_18-38-49_f000304
-38.43552,22.043932,investigation,Mouse061_20160526_18-38-49,Mouse061_20160526_18-38-49_f000528
-28.48889,16.382622,investigation,Mouse061_20160526_18-38-49,Mouse061_20160526_18-38-49_f000992
-13.773923,13.477649,investigation,Mouse061_20160526_18-38-49,Mouse061_20160526_18-38-49_f001216
-28.107096,22.477343,investigation,Mouse061_20160526_18-38-49,Mouse061_20160526_18-38-49_f001328
-31.757805,19.774683,investigation,Mouse061_20160526_18-38-49,Mouse061_20160526_18-38-49_f001424
-30.15695,18.222855,mount,Mouse061_20160526_18-38-49,Mouse061_20160526_18-38-49_f002064
-24.27186,16.693941,other,Mouse061_20160526_18-38-49,Mouse061_20160526_18-38-49_f002864
38.342335,-0.082147814,other,Mouse061_20160526_18-38-49,Mouse061_20160526_18-38-49_f003152
5.116791,14.075976,other,Mouse061_20160526_18-38-49,Mouse061_20160526_18-38-49_f003520
18.704699,9.747791,mount,Mouse061_20160526_18-38-49,Mouse061_20160526_18-38-49_f003840
26.23199,8.995767,mount,Mouse061_20160526_18-38-49,Mouse061_20160526_18-38-49_f003888
26.068214,6.777673,mount,Mouse061_20160526_18-38-49,Mouse061_20160526_18-38-49_f003968
23.320509,7.118058,mount,Mouse061_20160526_18-38-49,Mouse061_20160526_18-38-49_f004000
26.441427,7.6355233,mount,Mouse061_20160526_18-38-49,Mouse061_20160526_18-38-49_f004080
25.561739,7.561503,mount,Mouse061_20160526_18-38-49,Mouse061_20160526_18-38-49_f004128
26.566807,7.336612,mount,Mouse061_20160526_18-38-49,Mouse061_20160526_18-38-49_f004256
26.191193,6.999965,mount,Mouse061_20160526_18-38-49,Mouse061_20160526_18-38-49_f004272
30.717712,6.9721227,mount,Mouse061_20160526_18-38-49,Mouse061_20160526_18-38-49_f004320
33.170036,6.761412,mount,Mouse061_20160526_18-38-49,Mouse061_20160526_18-38-49_f004336
30.269615,5.6371727,mount,Mouse061_20160526_18-38-49,Mouse061_20160526_18-38-49_f004384
24.061125,5.789023,mount,Mouse061_20160526_18-38-49,Mouse061_20160526_18-38-49_f004448
24.737024,6.6384296,mount,Mouse061_20160526_18-38-49,Mouse061_20160526_18-38-49_f004528
23.518566,7.0192437,mount,Mouse061_20160526_18-38-49,Mouse061_20160526_18-38-49_f004544
16.143524,6.3525853,mount,Mouse061_20160526_18-38-49,Mouse061_20160526_18-38-49_f004720
9.659315,7.5471873,mount,Mouse061_20160526_18-38-49,Mouse061_20160526_18-38-49_f004800
3.0650806,9.6344,mount,Mouse061_20160526_18-38-49,Mouse061_20160526_18-38-49_f004896
2.2618523,11.266234,mount,Mouse061_20160526_18-38-49,Mouse061_20160526_18-38-49_f004960
4.746368,11.038395,mount,Mouse061_20160526_18-38-49,Mouse061_20160526_18-38-49_f004992
7.418219,10.792152,mount,Mouse061_20160526_18-38-49,Mouse061_20160526_18-38-49_f005008
6.951884,10.901919,mount,Mouse061_20160526_18-38-49,Mouse061_20160526_18-38-49_f005024
6.3205357,9.376609,mount,Mouse061_20160526_18-38-49,Mouse061_20160526_18-38-49_f005072
-3.3008003,8.517708,mount,Mouse061_20160526_18-38-49,Mouse061_20160526_18-38-49_f005312
-1.532384,8.616822,mount,Mouse061_20160526_18-38-49,Mouse061_20160526_18-38-49_f005360
-3.7467425,9.552135,mount,Mouse061_20160526_18-38-49,Mouse061_20160526_18-38-49_f005408
-2.6007318,8.493753,mount,Mouse061_20160526_18-38-49,Mouse061_20160526_18-38-49_f005456
-3.0222168,8.736395,mount,Mouse061_20160526_18-38-49,Mouse061_20160526_18-38-49_f005488
1.5030208,7.9552007,mount,Mouse061_20160526_18-38-49,Mouse061_20160526_18-38-49_f005520
-4.2229943,7.7067103,mount,Mouse061_20160526_18-38-49,Mouse061_20160526_18-38-49_f005568
-2.1327069,6.8946958,mount,Mouse061_20160526_18-38-49,Mouse061_20160526_18-38-49_f005616
-1.2926278,7.5742264,mount,Mouse061_20160526_18-38-49,Mouse061_20160526_18-38-49_f005648
1.2443546,8.994413,mount,Mouse061_20160526_18-38-49,Mouse061_20160526_18-38-49_f005696
1.7867161,9.292888,mount,Mouse061_20160526_18-38-49,Mouse061_20160526_18-38-49_f005728
-4.7215223,9.198848,mount,Mouse061_20160526_18-38-49,Mouse061_20160526_18-38-49_f005760
-3.9781837,9.458484,mount,Mouse061_20160526_18-38-49,Mouse061_20160526_18-38-49_f005888
-18.58259,18.240211,investigation,Mouse061_20160526_18-38-49,Mouse061_20160526_18-38-49_f006192
1.3906574,16.197851,investigation,Mouse061_20160526_18-38-49,Mouse061_20160526_18-38-49_f006208
-27.581472,14.909494,investigation,Mouse061_20160526_18-38-49,Mouse061_20160526_18-38-49_f006608
-15.844952,12.811711,investigation,Mouse061_20160526_18-38-49,Mouse061_20160526_18-38-49_f006656
-6.2585397,7.018012,investigation,Mouse061_20160526_18-38-49,Mouse061_20160526_18-38-49_f006720
-1.7142254,16.312645,investigation,Mouse061_20160526_18-38-49,Mouse061_20160526_18-38-49_f006944
-20.24243,11.587257,mount,Mouse061_20160526_18-38-49,Mouse061_20160526_18-38-49_f007248
-17.531616,8.93143,mount,Mouse061_20160526_18-38-49,Mouse061_20160526_18-38-49_f007392
-16.723934,8.722361,mount,Mouse061_20160526_18-38-49,Mouse061_20160526_18-38-49_f007408
-8.927582,8.082048,mount,Mouse061_20160526_18-38-49,Mouse061_20160526_18-38-49_f007488
-8.483075,8.242382,mount,Mouse061_20160526_18-38-49,Mouse061_20160526_18-38-49_f007536
-10.569538,8.067548,mount,Mouse061_20160526_18-38-49,Mouse061_20160526_18-38-49_f007584
-11.435618,7.5437255,mount,Mouse061_20160526_18-38-49,Mouse061_20160526_18-38-49_f007648
-13.674311,8.40625,mount,Mouse061_20160526_18-38-49,Mouse061_20160526_18-38-49_f007712
-7.9405427,8.2546215,mount,Mouse061_20160526_18-38-49,Mouse061_20160526_18-38-49_f007840
-5.572329,7.7307496,mount,Mouse061_20160526_18-38-49,Mouse061_20160526_18-38-49_f007872
-8.138695,8.532265,mount,Mouse061_20160526_18-38-49,Mouse061_20160526_18-38-49_f007920
-16.650131,9.388724,mount,Mouse061_20160526_18-38-49,Mouse061_20160526_18-38-49_f007952
-1.2623639,11.615241,other,Mouse061_20160526_18-38-49,Mouse061_20160526_18-38-49_f008160
-5.5056186,12.867836,investigation,Mouse061_20160526_18-38-49,Mouse061_20160526_18-38-49_f008208
-6.227434,12.336311,investigation,Mouse061_20160526_18-38-49,Mouse061_20160526_18-38-49_f008224
-37.370003,21.02388,investigation,Mouse061_20160526_18-38-49,Mouse061_20160526_18-38-49_f008480
-37.35568,22.29558,investigation,Mouse061_20160526_18-38-49,Mouse061_20160526_18-38-49_f008544
-35.15357,19.437927,investigation,Mouse061_20160526_18-38-49,Mouse061_20160526_18-38-49_f008864
-38.02262,17.394697,investigation,Mouse061_20160526_18-38-49,Mouse061_20160526_18-38-49_f008912
-37.836308,17.99125,investigation,Mouse061_20160526_18-38-49,Mouse061_20160526_18-38-49_f008928
-21.407698,12.091582,investigation,Mouse061_20160526_18-38-49,Mouse061_20160526_18-38-49_f009024
-12.944631,17.005291,other,Mouse061_20160526_18-38-49,Mouse061_20160526_18-38-49_f009488
-30.59988,16.755682,mount,Mouse061_20160526_18-38-49,Mouse061_20160526_18-38-49_f009552
-15.879995,10.790207,mount,Mouse061_20160526_18-38-49,Mouse061_20160526_18-38-49_f009696
-17.289867,11.332375,mount,Mouse061_20160526_18-38-49,Mouse061_20160526_18-38-49_f009712
-13.637558,9.677323,mount,Mouse061_20160526_18-38-49,Mouse061_20160526_18-38-49_f009872
-16.057148,10.419946,mount,Mouse061_20160526_18-38-49,Mouse061_20160526_18-38-49_f010000
-1.6921719,7.1733923,mount,Mouse061_20160526_18-38-49,Mouse061_20160526_18-38-49_f010176
9.250762,5.085464,mount,Mouse061_20160526_18-38-49,Mouse061_20160526_18-38-49_f010192
-31.791403,15.967371,other,Mouse061_20160526_18-38-49,Mouse061_20160526_18-38-49_f010352
-20.658304,14.823813,investigation,Mouse061_20160526_18-38-49,Mouse061_20160526_18-38-49_f010528
-25.063454,20.171635,investigation,Mouse061_20160526_18-38-49,Mouse061_20160526_18-38-49_f010800
-29.422224,20.989784,other,Mouse061_20160526_18-38-49,Mouse061_20160526_18-38-49_f010912
-28.010086,19.862299,other,Mouse061_20160526_18-38-49,Mouse061_20160526_18-38-49_f010928
-20.830626,16.93811,mount,Mouse061_20160526_18-38-49,Mouse061_20160526_18-38-49_f011104
-13.029047,10.342612,investigation,Mouse061_20160526_18-38-49,Mouse061_20160526_18-38-49_f011232
-39.413013,18.150772,mount,Mouse061_20160526_18-38-49,Mouse061_20160526_18-38-49_f011616
-24.522364,16.255144,mount,Mouse061_20160526_18-38-49,Mouse061_20160526_18-38-49_f011712
-35.631138,19.077095,mount,Mouse061_20160526_18-38-49,Mouse061_20160526_18-38-49_f011792
-32.25768,19.664413,mount,Mouse061_20160526_18-38-49,Mouse061_20160526_18-38-49_f011840
-37.9562,19.081308,mount,Mouse061_20160526_18-38-49,Mouse061_20160526_18-38-49_f011936
-37.727283,18.558935,mount,Mouse061_20160526_18-38-49,Mouse061_20160526_18-38-49_f012000
-36.899685,17.380747,mount,Mouse061_20160526_18-38-49,Mouse061_20160526_18-38-49_f012048
-35.021156,17.5275,mount,Mouse061_20160526_18-38-49,Mouse061_20160526_18-38-49_f012064
-33.36991,18.357489,mount,Mouse061_20160526_18-38-49,Mouse061_20160526_18-38-49_f012112
-37.902103,19.654078,mount,Mouse061_20160526_18-38-49,Mouse061_20160526_18-38-49_f012128
-41.522278,19.946756,mount,Mouse061_20160526_18-38-49,Mouse061_20160526_18-38-49_f012144
-41.62173,20.714567,mount,Mouse061_20160526_18-38-49,Mouse061_20160526_18-38-49_f012192
-42.880997,20.929369,mount,Mouse061_20160526_18-38-49,Mouse061_20160526_18-38-49_f012240
-44.18957,21.172937,mount,Mouse061_20160526_18-38-49,Mouse061_20160526_18-38-49_f012272
-45.474915,21.51219,mount,Mouse061_20160526_18-38-49,Mouse061_20160526_18-38-49_f012288
-26.284883,16.601944,mount,Mouse061_20160526_18-38-49,Mouse061_20160526_18-38-49_f012336
-3.5569966,12.492198,other,Mouse061_20160526_18-38-49,Mouse061_20160526_18-38-49_f012352
-8.622437,8.507025,other,Mouse061_20160526_18-38-49,Mouse061_20160526_18-38-49_f012448
24.350925,10.092165,other,Mouse061_20160526_18-38-49,Mouse061_20160526_18-38-49_f012672
-40.939503,22.754763,other,Mouse061_20160526_18-38-49,Mouse061_20160526_18-38-49_f012880
-47.62584,22.928486,mount,Mouse061_20160526_18-38-49,Mouse061_20160526_18-38-49_f013408
-48.294117,23.394737,mount,Mouse061_20160526_18-38-49,Mouse061_20160526_18-38-49_f013424
-48.51777,22.870714,mount,Mouse061_20160526_18-38-49,Mouse061_20160526_18-38-49_f013520
-45.812637,22.105953,mount,Mouse061_20160526_18-38-49,Mouse061_20160526_18-38-49_f013552
-47.886463,22.715412,mount,Mouse061_20160526_18-38-49,Mouse061_20160526_18-38-49_f013584
-10.602485,10.472128,mount,Mouse061_20160526_18-38-49,Mouse061_20160526_18-38-49_f013744
-17.69672,15.614793,other,Mouse061_20160526_18-38-49,Mouse061_20160526_18-38-49_f014176
-18.80283,13.062538,other,Mouse061_20160526_18-38-49,Mouse061_20160526_18-38-49_f014384
-9.717614,10.793389,other,Mouse061_20160526_18-38-49,Mouse061_20160526_18-38-49_f015648
42.704456,-8.111655,other,Mouse061_20160526_18-38-49,Mouse061_20160526_18-38-49_f015968
-33.87298,17.300707,mount,Mouse061_20160526_18-38-49,Mouse061_20160526_18-38-49_f016480
-29.378344,15.666733,mount,Mouse061_20160526_18-38-49,Mouse061_20160526_18-38-49_f016528
-27.330212,14.212937,mount,Mouse061_20160526_18-38-49,Mouse061_20160526_18-38-49_f016560
-26.658838,15.491095,mount,Mouse061_20160526_18-38-49,Mouse061_20160526_18-38-49_f016624
-22.047405,13.385421,mount,Mouse061_20160526_18-38-49,Mouse061_20160526_18-38-49_f016752
-26.57363,15.144496,mount,Mouse061_20160526_18-38-49,Mouse061_20160526_18-38-49_f016800
-27.022844,14.364254,mount,Mouse061_20160526_18-38-49,Mouse061_20160526_18-38-49_f016848
-23.357222,13.370988,mount,Mouse061_20160526_18-38-49,Mouse061_20160526_18-38-49_f016880
-24.383303,13.592643,mount,Mouse061_20160526_18-38-49,Mouse061_20160526_18-38-49_f016896
-20.62638,12.679464,mount,Mouse061_20160526_18-38-49,Mouse061_20160526_18-38-49_f016976
-36.65369,19.525738,mount,Mouse061_20160526_18-38-49,Mouse061_20160526_18-38-49_f017312
-37.63425,20.308474,mount,Mouse061_20160526_18-38-49,Mouse061_20160526_18-38-49_f017360
-38.911793,20.832588,mount,Mouse061_20160526_18-38-49,Mouse061_20160526_18-38-49_f017376
-42.72827,21.89733,mount,Mouse061_20160526_18-38-49,Mouse061_20160526_18-38-49_f017392
-43.27674,22.201883,mount,Mouse061_20160526_18-38-49,Mouse061_20160526_18-38-49_f017424
-43.238083,22.749094,mount,Mouse061_20160526_18-38-49,Mouse061_20160526_18-38-49_f017440
-43.30504,22.665607,mount,Mouse061_20160526_18-38-49,Mouse061_20160526_18-38-49_f017456
-43.233727,22.290852,mount,Mouse061_20160526_18-38-49,Mouse061_20160526_18-38-49_f017568
-46.15437,24.000778,mount,Mouse061_20160526_18-38-49,Mouse061_20160526_18-38-49_f017632
-45.72277,22.998276,mount,Mouse061_20160526_18-38-49,Mouse061_20160526_18-38-49_f017664
-37.059326,21.800465,mount,Mouse061_20160526_18-38-49,Mouse061_20160526_18-38-49_f017856
-38.71871,22.42906,mount,Mouse061_20160526_18-38-49,Mouse061_20160526_18-38-49_f017872
-42.353462,23.6344,mount,Mouse061_20160526_18-38-49,Mouse061_20160526_18-38-49_f017904
-14.036857,12.718964,other,Mouse061_20160526_18-38-49,Mouse061_20160526_18-38-49_f018288
-19.894585,12.54582,other,Mouse061_20160526_18-38-49,Mouse061_20160526_18-38-49_f018368
-23.0386,12.224203,other,Mouse061_20160526_18-38-49,Mouse061_20160526_18-38-49_f018512
-19.917051,20.825893,investigation,Mouse061_20160526_18-38-49,Mouse061_20160526_18-38-49_f018608
-36.72201,17.735067,investigation,Mouse062_20160526_18-56-26,Mouse062_20160526_18-56-26_f000096
-33.930603,19.633615,investigation,Mouse062_20160526_18-56-26,Mouse062_20160526_18-56-26_f000256
-25.25375,17.336807,investigation,Mouse062_20160526_18-56-26,Mouse062_20160526_18-56-26_f000304
4.087391,3.645969,investigation,Mouse062_20160526_18-56-26,Mouse062_20160526_18-56-26_f000656
-2.510674,4.9547977,investigation,Mouse062_20160526_18-56-26,Mouse062_20160526_18-56-26_f000688
-6.641956,6.579146,investigation,Mouse062_20160526_18-56-26,Mouse062_20160526_18-56-26_f000704
-30.583027,16.877716,investigation,Mouse062_20160526_18-56-26,Mouse062_20160526_18-56-26_f001392
-27.172821,14.145627,investigation,Mouse062_20160526_18-56-26,Mouse062_20160526_18-56-26_f001680
-5.0554314,5.5563774,investigation,Mouse062_20160526_18-56-26,Mouse062_20160526_18-56-26_f001872
0.9707569,6.294043,investigation,Mouse062_20160526_18-56-26,Mouse062_20160526_18-56-26_f001904
-31.348528,15.43137,investigation,Mouse062_20160526_18-56-26,Mouse062_20160526_18-56-26_f002064
-38.382782,20.69508,investigation,Mouse062_20160526_18-56-26,Mouse062_20160526_18-56-26_f002272
-7.197909,5.4069624,other,Mouse062_20160526_18-56-26,Mouse062_20160526_18-56-26_f002544
-1.3945173,4.1843467,investigation,Mouse062_20160526_18-56-26,Mouse062_20160526_18-56-26_f002640
4.7019253,4.8230376,other,Mouse062_20160526_18-56-26,Mouse062_20160526_18-56-26_f002816
-19.98512,12.475837,other,Mouse062_20160526_18-56-26,Mouse062_20160526_18-56-26_f003024
-30.861885,14.599795,investigation,Mouse062_20160526_18-56-26,Mouse062_20160526_18-56-26_f003136
-32.80145,18.012428,investigation,Mouse062_20160526_18-56-26,Mouse062_20160526_18-56-26_f003312
17.022425,6.8399734,investigation,Mouse062_20160526_18-56-26,Mouse062_20160526_18-56-26_f003344
2.1467621,13.235939,other,Mouse062_20160526_18-56-26,Mouse062_20160526_18-56-26_f003488
0.69146407,5.6925545,investigation,Mouse062_20160526_18-56-26,Mouse062_20160526_18-56-26_f003904
-27.671904,15.35338,investigation,Mouse062_20160526_18-56-26,Mouse062_20160526_18-56-26_f004816
-9.564204,12.132883,investigation,Mouse062_20160526_18-56-26,Mouse062_20160526_18-56-26_f005040
-12.826683,11.271535,investigation,Mouse062_20160526_18-56-26,Mouse062_20160526_18-56-26_f005232
-22.919363,14.038471,investigation,Mouse062_20160526_18-56-26,Mouse062_20160526_18-56-26_f005616
2.1420994,6.532367,investigation,Mouse062_20160526_18-56-26,Mouse062_20160526_18-56-26_f005744
-16.699886,10.524176,investigation,Mouse062_20160526_18-56-26,Mouse062_20160526_18-56-26_f005760
-29.767244,17.900532,other,Mouse062_20160526_18-56-26,Mouse062_20160526_18-56-26_f005840
-28.181803,17.991787,other,Mouse062_20160526_18-56-26,Mouse062_20160526_18-56-26_f005872
-5.076108,6.7975636,investigation,Mouse062_20160526_18-56-26,Mouse062_20160526_18-56-26_f006864
-42.59885,20.674034,other,Mouse062_20160526_18-56-26,Mouse062_20160526_18-56-26_f007056
-41.975357,23.153341,investigation,Mouse062_20160526_18-56-26,Mouse062_20160526_18-56-26_f007696
-0.4877468,12.794,other,Mouse062_20160526_18-56-26,Mouse062_20160526_18-56-26_f008048
36.375595,3.861545,other,Mouse062_20160526_18-56-26,Mouse062_20160526_18-56-26_f008368
9.475555,5.971261,other,Mouse062_20160526_18-56-26,Mouse062_20160526_18-56-26_f008848
5.705137,5.48176,other,Mouse062_20160526_18-56-26,Mouse062_20160526_18-56-26_f008896
66.48632,7.940417,mount,Mouse062_20160526_18-56-26,Mouse062_20160526_18-56-26_f009440
-5.3033843,7.6053586,investigation,Mouse062_20160526_18-56-26,Mouse062_20160526_18-56-26_f009600
-11.398275,13.884504,other,Mouse062_20160526_18-56-26,Mouse062_20160526_18-56-26_f009840
21.481262,14.785916,investigation,Mouse062_20160526_18-56-26,Mouse062_20160526_18-56-26_f010432
12.731705,17.491146,investigation,Mouse062_20160526_18-56-26,Mouse062_20160526_18-56-26_f010480
-6.5022388,11.3232765,investigation,Mouse062_20160526_18-56-26,Mouse062_20160526_18-56-26_f010960
-3.6894784,7.958855,investigation,Mouse062_20160526_18-56-26,Mouse062_20160526_18-56-26_f010992
-14.169078,15.183195,other,Mouse062_20160526_18-56-26,Mouse062_20160526_18-56-26_f011056
-1.3035951,8.3248,mount,Mouse062_20160526_18-56-26,Mouse062_20160526_18-56-26_f011280
13.95612,3.5283608,mount,Mouse062_20160526_18-56-26,Mouse062_20160526_18-56-26_f011312
6.5450783,3.951548,mount,Mouse062_20160526_18-56-26,Mouse062_20160526_18-56-26_f011360
-10.401078,9.469742,mount,Mouse062_20160526_18-56-26,Mouse062_20160526_18-56-26_f011408
-6.9438148,10.220712,mount,Mouse062_20160526_18-56-26,Mouse062_20160526_18-56-26_f011472
-2.177111,6.5095663,mount,Mouse062_20160526_18-56-26,Mouse062_20160526_18-56-26_f011632
-2.3464956,6.9474244,mount,Mouse062_20160526_18-56-26,Mouse062_20160526_18-56-26_f011648
1.0004288,5.601483,mount,Mouse062_20160526_18-56-26,Mouse062_20160526_18-56-26_f011712
2.48045,5.86365,mount,Mouse062_20160526_18-56-26,Mouse062_20160526_18-56-26_f011824
1.6716012,7.0553827,mount,Mouse062_20160526_18-56-26,Mouse062_20160526_18-56-26_f011872
4.7835097,7.1128464,mount,Mouse062_20160526_18-56-26,Mouse062_20160526_18-56-26_f011968
3.001835,7.6174664,mount,Mouse062_20160526_18-56-26,Mouse062_20160526_18-56-26_f012032
3.8135197,7.471288,mount,Mouse062_20160526_18-56-26,Mouse062_20160526_18-56-26_f012048
9.430206,4.8406205,mount,Mouse062_20160526_18-56-26,Mouse062_20160526_18-56-26_f012096
-1.097986,8.403325,mount,Mouse062_20160526_18-56-26,Mouse062_20160526_18-56-26_f012160
-3.1251903,8.341469,mount,Mouse062_20160526_18-56-26,Mouse062_20160526_18-56-26_f012176
-0.5759686,8.004758,mount,Mouse062_20160526_18-56-26,Mouse062_20160526_18-56-26_f012192
9.242072,6.6382055,mount,Mouse062_20160526_18-56-26,Mouse062_20160526_18-56-26_f012208
-1.3825763,12.057521,investigation,Mouse062_20160526_18-56-26,Mouse062_20160526_18-56-26_f012768
-21.19657,13.140748,investigation,Mouse062_20160526_18-56-26,Mouse062_20160526_18-56-26_f013248
-0.979142,8.075629,investigation,Mouse062_20160526_18-56-26,Mouse062_20160526_18-56-26_f013840
86.29365,15.619263,mount,Mouse062_20160526_18-56-26,Mouse062_20160526_18-56-26_f014304
71.70882,16.076088,mount,Mouse062_20160526_18-56-26,Mouse062_20160526_18-56-26_f014320
61.503723,17.575449,mount,Mouse062_20160526_18-56-26,Mouse062_20160526_18-56-26_f014560
63.86122,16.995813,mount,Mouse062_20160526_18-56-26,Mouse062_20160526_18-56-26_f014576
66.68926,16.56321,mount,Mouse062_20160526_18-56-26,Mouse062_20160526_18-56-26_f014608
66.59099,17.601263,mount,Mouse062_20160526_18-56-26,Mouse062_20160526_18-56-26_f014672
60.81508,18.265137,mount,Mouse062_20160526_18-56-26,Mouse062_20160526_18-56-26_f014800
60.64936,18.707384,mount,Mouse062_20160526_18-56-26,Mouse062_20160526_18-56-26_f014816
64.34242,18.474955,mount,Mouse062_20160526_18-56-26,Mouse062_20160526_18-56-26_f014944
59.606426,17.135303,mount,Mouse062_20160526_18-56-26,Mouse062_20160526_18-56-26_f014960
53.08469,16.845179,mount,Mouse062_20160526_18-56-26,Mouse062_20160526_18-56-26_f014992
59.080612,15.876491,mount,Mouse062_20160526_18-56-26,Mouse062_20160526_18-56-26_f015008
75.89896,16.145132,mount,Mouse062_20160526_18-56-26,Mouse062_20160526_18-56-26_f015056
65.25389,18.21355,mount,Mouse062_20160526_18-56-26,Mouse062_20160526_18-56-26_f015200
64.371086,17.277613,mount,Mouse062_20160526_18-56-26,Mouse062_20160526_18-56-26_f015216
59.312805,18.997446,mount,Mouse062_20160526_18-56-26,Mouse062_20160526_18-56-26_f015264
59.660988,18.528502,mount,Mouse062_20160526_18-56-26,Mouse062_20160526_18-56-26_f015440
57.871902,17.333172,mount,Mouse062_20160526_18-56-26,Mouse062_20160526_18-56-26_f015520
51.800694,17.993782,mount,Mouse062_20160526_18-56-26,Mouse062_20160526_18-56-26_f015568
55.366375,19.00107,mount,Mouse062_20160526_18-56-26,Mouse062_20160526_18-56-26_f015616
48.86347,16.844116,mount,Mouse062_20160526_18-56-26,Mouse062_20160526_18-56-26_f015696
48.128872,16.601412,mount,Mouse062_20160526_18-56-26,Mouse062_20160526_18-56-26_f015712
41.776386,15.846522,mount,Mouse062_20160526_18-56-26,Mouse062_20160526_18-56-26_f015808
45.81825,19.000338,mount,Mouse062_20160526_18-56-26,Mouse062_20160526_18-56-26_f015856
53.910606,18.730526,mount,Mouse062_20160526_18-56-26,Mouse062_20160526_18-56-26_f015872
34.94446,17.529541,mount,Mouse062_20160526_18-56-26,Mouse062_20160526_18-56-26_f015952
39.688725,16.029188,mount,Mouse062_20160526_18-56-26,Mouse062_20160526_18-56-26_f016192
3.3018064,16.154541,mount,Mouse062_20160526_18-56-26,Mouse062_20160526_18-56-26_f016256
-0.37564206,16.711014,mount,Mouse062_20160526_18-56-26,Mouse062_20160526_18-56-26_f016272
8.0418625,15.400375,mount,Mouse062_20160526_18-56-26,Mouse062_20160526_18-56-26_f016320
13.659105,15.671102,mount,Mouse062_20160526_18-56-26,Mouse062_20160526_18-56-26_f016352
6.6076784,16.865572,mount,Mouse062_20160526_18-56-26,Mouse062_20160526_18-56-26_f016368
-0.656862,14.250927,mount,Mouse062_20160526_18-56-26,Mouse062_20160526_18-56-26_f016416
-3.4416885,15.87646,mount,Mouse062_20160526_18-56-26,Mouse062_20160526_18-56-26_f016448
-12.947229,18.346794,mount,Mouse062_20160526_18-56-26,Mouse062_20160526_18-56-26_f016464
-14.893758,17.376175,mount,Mouse062_20160526_18-56-26,Mouse062_20160526_18-56-26_f016496
-3.540705,15.712098,mount,Mouse062_20160526_18-56-26,Mouse062_20160526_18-56-26_f016528
5.84978,17.920465,mount,Mouse062_20160526_18-56-26,Mouse062_20160526_18-56-26_f016736
24.995703,16.173065,mount,Mouse062_20160526_18-56-26,Mouse062_20160526_18-56-26_f016768
27.4471,15.87625,mount,Mouse062_20160526_18-56-26,Mouse062_20160526_18-56-26_f016784
8.887697,16.780464,mount,Mouse062_20160526_18-56-26,Mouse062_20160526_18-56-26_f016848
34.83119,16.12827,mount,Mouse062_20160526_18-56-26,Mouse062_20160526_18-56-26_f016880
32.380085,14.843076,mount,Mouse062_20160526_18-56-26,Mouse062_20160526_18-56-26_f016944
42.23147,16.668896,mount,Mouse062_20160526_18-56-26,Mouse062_20160526_18-56-26_f016976
23.316847,16.19921,mount,Mouse062_20160526_18-56-26,Mouse062_20160526_18-56-26_f016992
19.952785,16.104652,mount,Mouse062_20160526_18-56-26,Mouse062_20160526_18-56-26_f017040
33.444378,16.372326,mount,Mouse062_20160526_18-56-26,Mouse062_20160526_18-56-26_f017056
35.310825,16.547264,mount,Mouse062_20160526_18-56-26,Mouse062_20160526_18-56-26_f017072
36.792267,17.338776,mount,Mouse062_20160526_18-56-26,Mouse062_20160526_18-56-26_f017104
12.990194,17.260078,mount,Mouse062_20160526_18-56-26,Mouse062_20160526_18-56-26_f017264
47.510777,16.904228,mount,Mouse062_20160526_18-56-26,Mouse062_20160526_18-56-26_f017392
54.60636,15.852798,mount,Mouse062_20160526_18-56-26,Mouse062_20160526_18-56-26_f017424
32.081234,18.16106,mount,Mouse062_20160526_18-56-26,Mouse062_20160526_18-56-26_f017568
36.695286,17.98445,mount,Mouse062_20160526_18-56-26,Mouse062_20160526_18-56-26_f017648
52.869305,18.442368,mount,Mouse062_20160526_18-56-26,Mouse062_20160526_18-56-26_f017664
62.192654,19.869862,mount,Mouse062_20160526_18-56-26,Mouse062_20160526_18-56-26_f017680
49.418076,16.945482,mount,Mouse062_20160526_18-56-26,Mouse062_20160526_18-56-26_f017792
51.568607,17.879522,mount,Mouse062_20160526_18-56-26,Mouse062_20160526_18-56-26_f017904
58.14483,17.453247,mount,Mouse062_20160526_18-56-26,Mouse062_20160526_18-56-26_f017920
-23.881935,15.849511,investigation,Mouse062_20160526_18-56-26,Mouse062_20160526_18-56-26_f018256
-6.273539,13.949726,investigation,Mouse062_20160526_18-56-26,Mouse062_20160526_18-56-26_f018272
20.527672,-0.61912036,other,Mouse062_20160526_18-56-26,Mouse062_20160526_18-56-26_f018880
29.92555,-3.4247148,other,Mouse062_20160526_18-56-26,Mouse062_20160526_18-56-26_f018960
-37.719025,18.113026,mount,Mouse062_20160526_18-56-26,Mouse062_20160526_18-56-26_f019344
36.722633,4.420003,mount,Mouse062_20160526_18-56-26,Mouse062_20160526_18-56-26_f019504
38.14735,6.2064013,mount,Mouse062_20160526_18-56-26,Mouse062_20160526_18-56-26_f019552
45.464176,6.431344,mount,Mouse062_20160526_18-56-26,Mouse062_20160526_18-56-26_f019568
-28.860828,19.181293,investigation,Mouse063_20160526_19-14-46,Mouse063_20160526_19-14-46_f000112
-18.529768,14.24948,investigation,Mouse063_20160526_19-14-46,Mouse063_20160526_19-14-46_f000224
-37.858036,22.783087,investigation,Mouse063_20160526_19-14-46,Mouse063_20160526_19-14-46_f000608
-19.104557,18.823656,investigation,Mouse063_20160526_19-14-46,Mouse063_20160526_19-14-46_f000688
-38.29197,21.994278,investigation,Mouse063_20160526_19-14-46,Mouse063_20160526_19-14-46_f000720
-13.732483,13.174203,other,Mouse063_20160526_19-14-46,Mouse063_20160526_19-14-46_f001328
-6.384233,11.377631,investigation,Mouse063_20160526_19-14-46,Mouse063_20160526_19-14-46_f001648
-4.1828284,8.682814,mount,Mouse063_20160526_19-14-46,Mouse063_20160526_19-14-46_f001984
5.293506,3.8893266,mount,Mouse063_20160526_19-14-46,Mouse063_20160526_19-14-46_f002160
-7.7715044,11.318679,other,Mouse063_20160526_19-14-46,Mouse063_20160526_19-14-46_f002448
25.056318,6.132802,other,Mouse063_20160526_19-14-46,Mouse063_20160526_19-14-46_f002608
-3.3407836,12.580135,other,Mouse063_20160526_19-14-46,Mouse063_20160526_19-14-46_f002720
-0.20373654,14.784604,investigation,Mouse063_20160526_19-14-46,Mouse063_20160526_19-14-46_f002848
50.878174,17.296934,mount,Mouse063_20160526_19-14-46,Mouse063_20160526_19-14-46_f002880
2.6577544,16.255594,other,Mouse063_20160526_19-14-46,Mouse063_20160526_19-14-46_f002912
35.025654,7.487975,other,Mouse063_20160526_19-14-46,Mouse063_20160526_19-14-46_f003184
-22.523092,13.726332,mount,Mouse063_20160526_19-14-46,Mouse063_20160526_19-14-46_f003264
-17.783253,13.207191,mount,Mouse063_20160526_19-14-46,Mouse063_20160526_19-14-46_f003280
-11.610827,10.822819,other,Mouse063_20160526_19-14-46,Mouse063_20160526_19-14-46_f003344
1.6690726,4.9479384,other,Mouse063_20160526_19-14-46,Mouse063_20160526_19-14-46_f003488
8.319371,9.292427,other,Mouse063_20160526_19-14-46,Mouse063_20160526_19-14-46_f003712
-18.024685,10.210067,investigation,Mouse063_20160526_19-14-46,Mouse063_20160526_19-14-46_f003792
-28.298073,17.025978,investigation,Mouse063_20160526_19-14-46,Mouse063_20160526_19-14-46_f004640
-18.111227,10.556649,investigation,Mouse063_20160526_19-14-46,Mouse063_20160526_19-14-46_f004656
9.095418,1.7611624,mount,Mouse063_20160526_19-14-46,Mouse063_20160526_19-14-46_f004704
-8.972415,12.004833,other,Mouse063_20160526_19-14-46,Mouse063_20160526_19-14-46_f004848
-23.139477,16.359642,other,Mouse063_20160526_19-14-46,Mouse063_20160526_19-14-46_f004880
-6.9832625,15.466141,mount,Mouse063_20160526_19-14-46,Mouse063_20160526_19-14-46_f004992
20.318579,11.710724,mount,Mouse063_20160526_19-14-46,Mouse063_20160526_19-14-46_f005024
2.9619024,15.846079,other,Mouse063_20160526_19-14-46,Mouse063_20160526_19-14-46_f005088
5.2266994,17.171207,mount,Mouse063_20160526_19-14-46,Mouse063_20160526_19-14-46_f005232
1.7383304,10.250253,other,Mouse063_20160526_19-14-46,Mouse063_20160526_19-14-46_f005568
-23.476612,13.500328,investigation,Mouse063_20160526_19-14-46,Mouse063_20160526_19-14-46_f005728
15.017469,-0.5336364,investigation,Mouse063_20160526_19-14-46,Mouse063_20160526_19-14-46_f005824
17.26939,1.6078405,other,Mouse063_20160526_19-14-46,Mouse063_20160526_19-14-46_f005936
-6.8701425,20.196613,investigation,Mouse063_20160526_19-14-46,Mouse063_20160526_19-14-46_f006800
17.175777,17.203089,investigation,Mouse063_20160526_19-14-46,Mouse063_20160526_19-14-46_f006816
-22.54018,19.987091,other,Mouse063_20160526_19-14-46,Mouse063_20160526_19-14-46_f006928
-17.328442,12.298281,investigation,Mouse063_20160526_19-14-46,Mouse063_20160526_19-14-46_f007232
37.468716,11.086792,other,Mouse063_20160526_19-14-46,Mouse063_20160526_19-14-46_f008496
55.33064,5.851122,other,Mouse063_20160526_19-14-46,Mouse063_20160526_19-14-46_f008640
30.751467,16.129696,mount,Mouse063_20160526_19-14-46,Mouse063_20160526_19-14-46_f008992
8.077406,10.237936,other,Mouse063_20160526_19-14-46,Mouse063_20160526_19-14-46_f009056
-12.2919445,14.225216,other,Mouse063_20160526_19-14-46,Mouse063_20160526_19-14-46_f009568
-2.2542224,18.502714,mount,Mouse063_20160526_19-14-46,Mouse063_20160526_19-14-46_f009648
17.338749,4.157496,other,Mouse063_20160526_19-14-46,Mouse063_20160526_19-14-46_f009872
-29.634933,21.39346,other,Mouse063_20160526_19-14-46,Mouse063_20160526_19-14-46_f010464
-10.983836,10.973785,other,Mouse063_20160526_19-14-46,Mouse063_20160526_19-14-46_f010672
13.263077,9.553918,mount,Mouse063_20160526_19-14-46,Mouse063_20160526_19-14-46_f010752
9.2363615,16.933702,other,Mouse063_20160526_19-14-46,Mouse063_20160526_19-14-46_f010816
16.116014,15.651269,other,Mouse063_20160526_19-14-46,Mouse063_20160526_19-14-46_f010896
10.520989,5.592629,investigation,Mouse063_20160526_19-14-46,Mouse063_20160526_19-14-46_f011424
3.9712403,11.724669,other,Mouse063_20160526_19-14-46,Mouse063_20160526_19-14-46_f011904
53.275932,9.319116,mount,Mouse063_20160526_19-14-46,Mouse063_20160526_19-14-46_f012800
79.6015,7.5113263,mount,Mouse063_20160526_19-14-46,Mouse063_20160526_19-14-46_f012816
105.791176,5.428138,mount,Mouse063_20160526_19-14-46,Mouse063_20160526_19-14-46_f013072
-12.194453,14.987737,other,Mouse063_20160526_19-14-46,Mouse063_20160526_19-14-46_f013280
-14.68109,10.532219,investigation,Mouse063_20160526_19-14-46,Mouse063_20160526_19-14-46_f013536
6.4124165,4.9564238,investigation,Mouse063_20160526_19-14-46,Mouse063_20160526_19-14-46_f013648
-0.5694401,7.1233735,other,Mouse063_20160526_19-14-46,Mouse063_20160526_19-14-46_f013728
25.194548,16.126137,investigation,Mouse063_20160526_19-14-46,Mouse063_20160526_19-14-46_f014064
-7.013459,15.894131,other,Mouse063_20160526_19-14-46,Mouse063_20160526_19-14-46_f014784
-14.77446,18.594156,other,Mouse063_20160526_19-14-46,Mouse063_20160526_19-14-46_f014800
-17.74149,16.381735,mount,Mouse063_20160526_19-14-46,Mouse063_20160526_19-14-46_f014896
56.950348,5.5348883,mount,Mouse063_20160526_19-14-46,Mouse063_20160526_19-14-46_f014992
65.04638,4.705103,mount,Mouse063_20160526_19-14-46,Mouse063_20160526_19-14-46_f015040
11.165703,4.6442747,other,Mouse063_20160526_19-14-46,Mouse063_20160526_19-14-46_f015168
-24.597397,20.521578,investigation,Mouse063_20160526_19-14-46,Mouse063_20160526_19-14-46_f015536
-6.4856486,8.276267,other,Mouse063_20160526_19-14-46,Mouse063_20160526_19-14-46_f015632
-12.839632,12.601572,investigation,Mouse063_20160526_19-14-46,Mouse063_20160526_19-14-46_f015984
-21.139372,16.648462,mount,Mouse063_20160526_19-14-46,Mouse063_20160526_19-14-46_f016096
-28.368458,19.12539,mount,Mouse063_20160526_19-14-46,Mouse063_20160526_19-14-46_f016112
35.23672,10.571642,mount,Mouse063_20160526_19-14-46,Mouse063_20160526_19-14-46_f016144
22.634352,11.669344,mount,Mouse063_20160526_19-14-46,Mouse063_20160526_19-14-46_f016160
-11.875817,15.638096,mount,Mouse063_20160526_19-14-46,Mouse063_20160526_19-14-46_f016176
43.746395,8.961026,mount,Mouse063_20160526_19-14-46,Mouse063_20160526_19-14-46_f016288
73.18643,8.183659,other,Mouse063_20160526_19-14-46,Mouse063_20160526_19-14-46_f016336
2.287044,5.427736,other,Mouse063_20160526_19-14-46,Mouse063_20160526_19-14-46_f016608
57.41956,-0.4516301,mount,Mouse063_20160526_19-14-46,Mouse063_20160526_19-14-46_f017056
-36.189083,18.126286,other,Mouse063_20160526_19-14-46,Mouse063_20160526_19-14-46_f017104
-21.372221,13.400328,other,Mouse063_20160526_19-14-46,Mouse063_20160526_19-14-46_f017152
1.2946115,9.512562,other,Mouse063_20160526_19-14-46,Mouse063_20160526_19-14-46_f017440
4.802682,9.93127,other,Mouse063_20160526_19-14-46,Mouse063_20160526_19-14-46_f017568
5.7195764,12.924492,mount,Mouse063_20160526_19-14-46,Mouse063_20160526_19-14-46_f017680
-26.488197,15.616929,mount,Mouse063_20160526_19-14-46,Mouse063_20160526_19-14-46_f018512
-18.287542,14.592426,mount,Mouse063_20160526_19-14-46,Mouse063_20160526_19-14-46_f018528
-0.9282247,8.055221,mount,Mouse063_20160526_19-14-46,Mouse063_20160526_19-14-46_f018704
-8.343321,8.859905,mount,Mouse063_20160526_19-14-46,Mouse063_20160526_19-14-46_f018720
-5.3973966,8.164975,mount,Mouse063_20160526_19-14-46,Mouse063_20160526_19-14-46_f018736
-0.97898924,9.216536,mount,Mouse063_20160526_19-14-46,Mouse063_20160526_19-14-46_f018768
21.268372,1.7418901,other,Mouse063_20160526_19-14-46,Mouse063_20160526_19-14-46_f019008
-15.834592,13.464375,other,Mouse063_20160526_19-14-46,Mouse063_20160526_19-14-46_f019152
-13.017759,10.705158,other,Mouse063_20160526_19-14-46,Mouse063_20160526_19-14-46_f019248
-1.5115653,10.440398,investigation,Mouse069_20160709_16-02-03,Mouse069_20160709_16-02-03_f000016
-28.370115,17.0366,investigation,Mouse069_20160709_16-02-03,Mouse069_20160709_16-02-03_f000288
-17.682383,14.726632,investigation,Mouse069_20160709_16-02-03,Mouse069_20160709_16-02-03_f000592
-36.067326,18.947544,investigation,Mouse069_20160709_16-02-03,Mouse069_20160709_16-02-03_f000640
-20.442678,13.189667,investigation,Mouse069_20160709_16-02-03,Mouse069_20160709_16-02-03_f000784
-28.688072,15.316693,investigation,Mouse069_20160709_16-02-03,Mouse069_20160709_16-02-03_f000848
30.141663,9.603523,investigation,Mouse069_20160709_16-02-03,Mouse069_20160709_16-02-03_f000992
0.5621357,14.606641,attack,Mouse069_20160709_16-02-03,Mouse069_20160709_16-02-03_f001040
-14.916826,21.594025,attack,Mouse069_20160709_16-02-03,Mouse069_20160709_16-02-03_f001072
-17.697838,16.960958,attack,Mouse069_20160709_16-02-03,Mouse069_20160709_16-02-03_f001104
4.8757606,17.119175,attack,Mouse069_20160709_16-02-03,Mouse069_20160709_16-02-03_f001216
4.152602,17.364054,investigation,Mouse069_20160709_16-02-03,Mouse069_20160709_16-02-03_f001232
-9.488013,18.502134,attack,Mouse069_20160709_16-02-03,Mouse069_20160709_16-02-03_f001264
2.4288158,18.523546,attack,Mouse069_20160709_16-02-03,Mouse069_20160709_16-02-03_f001344
-22.232098,20.913622,attack,Mouse069_20160709_16-02-03,Mouse069_20160709_16-02-03_f001360
-29.008787,20.535732,attack,Mouse069_20160709_16-02-03,Mouse069_20160709_16-02-03_f001376
-27.407705,21.35184,attack,Mouse069_20160709_16-02-03,Mouse069_20160709_16-02-03_f001408
-18.368483,13.487534,attack,Mouse069_20160709_16-02-03,Mouse069_20160709_16-02-03_f001440
-19.105198,13.65163,attack,Mouse069_20160709_16-02-03,Mouse069_20160709_16-02-03_f001472
-8.86312,11.023507,attack,Mouse069_20160709_16-02-03,Mouse069_20160709_16-02-03_f001488
-11.016918,12.616962,attack,Mouse069_20160709_16-02-03,Mouse069_20160709_16-02-03_f001504
15.190156,8.8821,attack,Mouse069_20160709_16-02-03,Mouse069_20160709_16-02-03_f001552
27.38926,13.727737,other,Mouse069_20160709_16-02-03,Mouse069_20160709_16-02-03_f001648
-3.0024142,11.30644,other,Mouse069_20160709_16-02-03,Mouse069_20160709_16-02-03_f001872
-21.871525,20.156721,other,Mouse069_20160709_16-02-03,Mouse069_20160709_16-02-03_f002032
3.4556558,9.801486,other,Mouse069_20160709_16-02-03,Mouse069_20160709_16-02-03_f002080
16.604322,13.499051,other,Mouse069_20160709_16-02-03,Mouse069_20160709_16-02-03_f002176
-4.109011,9.8174925,other,Mouse069_20160709_16-02-03,Mouse069_20160709_16-02-03_f002352
-1.638879,15.8308525,other,Mouse069_20160709_16-02-03,Mouse069_20160709_16-02-03_f002784
-7.860617,12.944184,other,Mouse069_20160709_16-02-03,Mouse069_20160709_16-02-03_f002880
10.532002,10.021741,other,Mouse069_20160709_16-02-03,Mouse069_20160709_16-02-03_f003024
21.887909,11.404595,investigation,Mouse069_20160709_16-02-03,Mouse069_20160709_16-02-03_f003376
38.44571,10.206379,investigation,Mouse069_20160709_16-02-03,Mouse069_20160709_16-02-03_f003408
19.199598,11.20517,investigation,Mouse069_20160709_16-02-03,Mouse069_20160709_16-02-03_f003456
-14.530262,15.979106,investigation,Mouse069_20160709_16-02-03,Mouse069_20160709_16-02-03_f003616
-13.920933,15.666644,investigation,Mouse069_20160709_16-02-03,Mouse069_20160709_16-02-03_f003776
-5.273281,12.439803,attack,Mouse069_20160709_16-02-03,Mouse069_20160709_16-02-03_f003824
6.524333,10.773197,attack,Mouse069_20160709_16-02-03,Mouse069_20160709_16-02-03_f003872
5.2741528,11.618719,attack,Mouse069_20160709_16-02-03,Mouse069_20160709_16-02-03_f003888
-17.571648,12.862255,attack,Mouse069_20160709_16-02-03,Mouse069_20160709_16-02-03_f004016
40.11465,5.6035347,attack,Mouse069_20160709_16-02-03,Mouse069_20160709_16-02-03_f004048
23.147009,8.759324,attack,Mouse069_20160709_16-02-03,Mouse069_20160709_16-02-03_f004064
-15.898908,14.756215,attack,Mouse069_20160709_16-02-03,Mouse069_20160709_16-02-03_f004336
27.214788,3.1482117,attack,Mouse069_20160709_16-02-03,Mouse069_20160709_16-02-03_f004368
-6.040082,11.496177,attack,Mouse069_20160709_16-02-03,Mouse069_20160709_16-02-03_f004480
0.06704142,9.317618,attack,Mouse069_20160709_16-02-03,Mouse069_20160709_16-02-03_f004496
19.235662,7.8860064,attack,Mouse069_20160709_16-02-03,Mouse069_20160709_16-02-03_f004528
24.61433,6.0055046,attack,Mouse069_20160709_16-02-03,Mouse069_20160709_16-02-03_f004544
45.157917,2.0378835,attack,Mouse069_20160709_16-02-03,Mouse069_20160709_16-02-03_f004560
-27.66406,17.113104,attack,Mouse069_20160709_16-02-03,Mouse069_20160709_16-02-03_f004640
8.578738,15.9782915,attack,Mouse069_20160709_16-02-03,Mouse069_20160709_16-02-03_f004656
-4.7919793,10.375538,attack,Mouse069_20160709_16-02-03,Mouse069_20160709_16-02-03_f004688
-6.6748624,11.9572,attack,Mouse069_20160709_16-02-03,Mouse069_20160709_16-02-03_f004704
3.521573,17.478195,attack,Mouse069_20160709_16-02-03,Mouse069_20160709_16-02-03_f004736
25.604345,14.236122,attack,Mouse069_20160709_16-02-03,Mouse069_20160709_16-02-03_f004752
35.95635,14.376263,attack,Mouse069_20160709_16-02-03,Mouse069_20160709_16-02-03_f004768
-12.081237,16.11081,other,Mouse069_20160709_16-02-03,Mouse069_20160709_16-02-03_f005392
-4.376776,8.990749,other,Mouse069_20160709_16-02-03,Mouse069_20160709_16-02-03_f006080
-13.015827,11.7487135,other,Mouse069_20160709_16-02-03,Mouse069_20160709_16-02-03_f006128
-2.1395354,15.385364,other,Mouse069_20160709_16-02-03,Mouse069_20160709_16-02-03_f006192
23.108475,9.586837,other,Mouse069_20160709_16-02-03,Mouse069_20160709_16-02-03_f006240
16.804092,6.5714154,other,Mouse069_20160709_16-02-03,Mouse069_20160709_16-02-03_f006336
35.012733,1.2556509,other,Mouse069_20160709_16-02-03,Mouse069_20160709_16-02-03_f007088
-5.211244,10.958617,other,Mouse069_20160709_16-02-03,Mouse069_20160709_16-02-03_f007584
6.216886,8.014344,other,Mouse069_20160709_16-02-03,Mouse069_20160709_16-02-03_f007952
-7.710951,9.862669,other,Mouse069_20160709_16-02-03,Mouse069_20160709_16-02-03_f008176
-4.616883,15.256856,investigation,Mouse069_20160709_16-02-03,Mouse069_20160709_16-02-03_f008432
-18.665491,10.286484,other,Mouse069_20160709_16-02-03,Mouse069_20160709_16-02-03_f008560
24.359333,3.9960077,investigation,Mouse069_20160709_16-02-03,Mouse069_20160709_16-02-03_f008688
22.540688,4.116936,investigation,Mouse069_20160709_16-02-03,Mouse069_20160709_16-02-03_f008704
34.33149,4.3528166,investigation,Mouse069_20160709_16-02-03,Mouse069_20160709_16-02-03_f008752
-6.838612,14.341355,other,Mouse069_20160709_16-02-03,Mouse069_20160709_16-02-03_f008848
47.69421,-1.7439743,other,Mouse069_20160709_16-02-03,Mouse069_20160709_16-02-03_f009216
54.215687,-2.0651393,other,Mouse069_20160709_16-02-03,Mouse069_20160709_16-02-03_f009232
40.08923,11.833507,other,Mouse069_20160709_16-02-03,Mouse069_20160709_16-02-03_f009520
6.621584,12.741332,other,Mouse069_20160709_16-02-03,Mouse069_20160709_16-02-03_f009584
-6.2086935,15.853919,other,Mouse069_20160709_16-02-03,Mouse069_20160709_16-02-03_f009856
34.215023,6.4575653,other,Mouse069_20160709_16-02-03,Mouse069_20160709_16-02-03_f009936
-8.716505,15.102686,investigation,Mouse069_20160709_16-02-03,Mouse069_20160709_16-02-03_f010432
-2.9700382,12.105409,investigation,Mouse069_20160709_16-02-03,Mouse069_20160709_16-02-03_f010464
18.429472,16.29857,attack,Mouse069_20160709_16-02-03,Mouse069_20160709_16-02-03_f010512
-0.2288209,16.00873,attack,Mouse069_20160709_16-02-03,Mouse069_20160709_16-02-03_f010560
1.2614293,17.309666,attack,Mouse069_20160709_16-02-03,Mouse069_20160709_16-02-03_f010592
-1.0772346,17.885086,attack,Mouse069_20160709_16-02-03,Mouse069_20160709_16-02-03_f010624
-25.544594,21.483177,attack,Mouse069_20160709_16-02-03,Mouse069_20160709_16-02-03_f010640
-0.13183771,15.91702,attack,Mouse069_20160709_16-02-03,Mouse069_20160709_16-02-03_f010672
-7.4576035,16.303318,attack,Mouse069_20160709_16-02-03,Mouse069_20160709_16-02-03_f010688
14.717749,7.8363347,attack,Mouse069_20160709_16-02-03,Mouse069_20160709_16-02-03_f010720
-7.489692,12.267498,attack,Mouse069_20160709_16-02-03,Mouse069_20160709_16-02-03_f010832
21.63305,8.900937,attack,Mouse069_20160709_16-02-03,Mouse069_20160709_16-02-03_f010864
35.482258,11.091383,attack,Mouse069_20160709_16-02-03,Mouse069_20160709_16-02-03_f010896
34.20096,11.048299,attack,Mouse069_20160709_16-02-03,Mouse069_20160709_16-02-03_f010912
-10.10801,16.452166,other,Mouse069_20160709_16-02-03,Mouse069_20160709_16-02-03_f010976
-15.832505,19.24896,attack,Mouse069_20160709_16-02-03,Mouse069_20160709_16-02-03_f011024
19.60479,13.862486,attack,Mouse069_20160709_16-02-03,Mouse069_20160709_16-02-03_f011056
18.78321,8.092971,attack,Mouse069_20160709_16-02-03,Mouse069_20160709_16-02-03_f011120
-0.8728666,17.878645,attack,Mouse069_20160709_16-02-03,Mouse069_20160709_16-02-03_f011168
43.77947,15.610361,attack,Mouse069_20160709_16-02-03,Mouse069_20160709_16-02-03_f011200
40.8499,16.002216,attack,Mouse069_20160709_16-02-03,Mouse069_20160709_16-02-03_f011216
44.78464,15.369411,investigation,Mouse069_20160709_16-02-03,Mouse069_20160709_16-02-03_f011232
40.695534,15.02084,investigation,Mouse069_20160709_16-02-03,Mouse069_20160709_16-02-03_f011440
20.345947,17.109884,attack,Mouse069_20160709_16-02-03,Mouse069_20160709_16-02-03_f011776
18.993334,13.112355,other,Mouse069_20160709_16-02-03,Mouse069_20160709_16-02-03_f012240
32.85564,-1.7975467,other,Mouse069_20160709_16-02-03,Mouse069_20160709_16-02-03_f013120
-1.5872167,9.127528,other,Mouse069_20160709_16-02-03,Mouse069_20160709_16-02-03_f013568
1.1935221,15.998114,other,Mouse069_20160709_16-02-03,Mouse069_20160709_16-02-03_f013824
70.38982,-4.561287,other,Mouse069_20160709_16-02-03,Mouse069_20160709_16-02-03_f014176
9.054242,7.1574354,other,Mouse069_20160709_16-02-03,Mouse069_20160709_16-02-03_f014544
-1.5269428,10.180513,other,Mouse069_20160709_16-02-03,Mouse069_20160709_16-02-03_f014848
-25.901379,19.040976,investigation,Mouse069_20160709_16-02-03,Mouse069_20160709_16-02-03_f015568
16.634495,4.882656,other,Mouse069_20160709_16-02-03,Mouse069_20160709_16-02-03_f017232
36.88349,9.199324,other,Mouse069_20160709_16-02-03,Mouse069_20160709_16-02-03_f017664
26.28367,8.227455,other,Mouse069_20160709_16-02-03,Mouse069_20160709_16-02-03_f017808
2.7587452,8.999996,other,Mouse069_20160709_16-02-03,Mouse069_20160709_16-02-03_f017872
-33.459515,21.342775,other,Mouse069_20160709_16-02-03,Mouse069_20160709_16-02-03_f018416
89.88438,7.738736,attack,Mouse070_20160709_16-58-36,Mouse070_20160709_16-58-36_f000048
35.36512,10.296214,attack,Mouse070_20160709_16-58-36,Mouse070_20160709_16-58-36_f000080
-1.6056898,19.114698,attack,Mouse070_20160709_16-58-36,Mouse070_20160709_16-58-36_f000112
30.081295,15.205993,attack,Mouse070_20160709_16-58-36,Mouse070_20160709_16-58-36_f000128
21.584087,14.578717,attack,Mouse070_20160709_16-58-36,Mouse070_20160709_16-58-36_f000160
28.181707,18.069105,attack,Mouse070_20160709_16-58-36,Mouse070_20160709_16-58-36_f000192
59.06767,15.05189,attack,Mouse070_20160709_16-58-36,Mouse070_20160709_16-58-36_f000240
29.805387,16.365915,other,Mouse070_20160709_16-58-36,Mouse070_20160709_16-58-36_f000288
41.660923,12.558513,other,Mouse070_20160709_16-58-36,Mouse070_20160709_16-58-36_f000320
-20.020876,14.871024,attack,Mouse070_20160709_16-58-36,Mouse070_20160709_16-58-36_f000352
13.300338,3.1624062,attack,Mouse070_20160709_16-58-36,Mouse070_20160709_16-58-36_f000368
10.865883,2.3769455,attack,Mouse070_20160709_16-58-36,Mouse070_20160709_16-58-36_f000400
8.073976,5.7439685,attack,Mouse070_20160709_16-58-36,Mouse070_20160709_16-58-36_f000416
63.746822,2.44286,attack,Mouse070_20160709_16-58-36,Mouse070_20160709_16-58-36_f000480
48.220833,6.4482527,attack,Mouse070_20160709_16-58-36,Mouse070_20160709_16-58-36_f000496
36.15877,6.423419,attack,Mouse070_20160709_16-58-36,Mouse070_20160709_16-58-36_f000608
17.479033,14.391236,attack,Mouse070_20160709_16-58-36,Mouse070_20160709_16-58-36_f001040
19.099644,18.018303,attack,Mouse070_20160709_16-58-36,Mouse070_20160709_16-58-36_f001056
38.147938,19.342463,attack,Mouse070_20160709_16-58-36,Mouse070_20160709_16-58-36_f001072
25.065598,16.3014,attack,Mouse070_20160709_16-58-36,Mouse070_20160709_16-58-36_f001136
48.770477,13.196399,investigation,Mouse070_20160709_16-58-36,Mouse070_20160709_16-58-36_f001296
-12.838273,11.836075,attack,Mouse070_20160709_16-58-36,Mouse070_20160709_16-58-36_f001472
-6.6672,12.301709,attack,Mouse070_20160709_16-58-36,Mouse070_20160709_16-58-36_f001488
11.7911625,9.248318,attack,Mouse070_20160709_16-58-36,Mouse070_20160709_16-58-36_f001504
4.4199815,8.395246,attack,Mouse070_20160709_16-58-36,Mouse070_20160709_16-58-36_f001552
18.328062,7.229822,attack,Mouse070_20160709_16-58-36,Mouse070_20160709_16-58-36_f001568
8.8149605,9.593891,attack,Mouse070_20160709_16-58-36,Mouse070_20160709_16-58-36_f001584
37.271385,7.8165755,attack,Mouse070_20160709_16-58-36,Mouse070_20160709_16-58-36_f001632
16.554613,6.764931,attack,Mouse070_20160709_16-58-36,Mouse070_20160709_16-58-36_f001824
22.392353,6.4621663,attack,Mouse070_20160709_16-58-36,Mouse070_20160709_16-58-36_f001840
54.407787,6.9942603,attack,Mouse070_20160709_16-58-36,Mouse070_20160709_16-58-36_f002064
27.592842,7.4814887,other,Mouse070_20160709_16-58-36,Mouse070_20160709_16-58-36_f002112
30.470509,9.835798,attack,Mouse070_20160709_16-58-36,Mouse070_20160709_16-58-36_f002176
28.141304,7.72413,attack,Mouse070_20160709_16-58-36,Mouse070_20160709_16-58-36_f002304
36.67652,5.0551114,attack,Mouse070_20160709_16-58-36,Mouse070_20160709_16-58-36_f002336
53.005676,3.6132584,attack,Mouse070_20160709_16-58-36,Mouse070_20160709_16-58-36_f002368
1.1861234,10.470063,attack,Mouse070_20160709_16-58-36,Mouse070_20160709_16-58-36_f002400
8.982928,10.057812,attack,Mouse070_20160709_16-58-36,Mouse070_20160709_16-58-36_f002512
2.3367598,7.293175,attack,Mouse070_20160709_16-58-36,Mouse070_20160709_16-58-36_f002624
45.613716,6.3851433,attack,Mouse070_20160709_16-58-36,Mouse070_20160709_16-58-36_f002672
17.726831,6.1303267,attack,Mouse070_20160709_16-58-36,Mouse070_20160709_16-58-36_f002720
-13.83848,15.198359,attack,Mouse070_20160709_16-58-36,Mouse070_20160709_16-58-36_f002816
43.415115,7.807312,investigation,Mouse070_20160709_16-58-36,Mouse070_20160709_16-58-36_f002880
10.866713,6.0549903,other,Mouse070_20160709_16-58-36,Mouse070_20160709_16-58-36_f003088
62.612404,6.5605288,investigation,Mouse070_20160709_16-58-36,Mouse070_20160709_16-58-36_f003584
13.752108,8.350413,attack,Mouse070_20160709_16-58-36,Mouse070_20160709_16-58-36_f003936
2.7000015,12.990351,attack,Mouse070_20160709_16-58-36,Mouse070_20160709_16-58-36_f003968
-2.6769562,9.1983795,attack,Mouse070_20160709_16-58-36,Mouse070_20160709_16-58-36_f004016
41.662537,14.735988,attack,Mouse070_20160709_16-58-36,Mouse070_20160709_16-58-36_f004080
11.465659,13.90843,other,Mouse070_20160709_16-58-36,Mouse070_20160709_16-58-36_f004576
13.891258,2.0013056,attack,Mouse070_20160709_16-58-36,Mouse070_20160709_16-58-36_f004816
-3.4371219,10.838284,attack,Mouse070_20160709_16-58-36,Mouse070_20160709_16-58-36_f004848
1.3083998,12.22875,attack,Mouse070_20160709_16-58-36,Mouse070_20160709_16-58-36_f004864
12.063001,7.3676004,attack,Mouse070_20160709_16-58-36,Mouse070_20160709_16-58-36_f004896
57.253304,13.866555,attack,Mouse070_20160709_16-58-36,Mouse070_20160709_16-58-36_f004928
69.22848,13.771658,attack,Mouse070_20160709_16-58-36,Mouse070_20160709_16-58-36_f004960
13.496861,13.669976,attack,Mouse070_20160709_16-58-36,Mouse070_20160709_16-58-36_f005008
18.253796,6.192881,attack,Mouse070_20160709_16-58-36,Mouse070_20160709_16-58-36_f005024
21.760029,4.3580837,attack,Mouse070_20160709_16-58-36,Mouse070_20160709_16-58-36_f005040
-36.19556,15.385567,attack,Mouse070_20160709_16-58-36,Mouse070_20160709_16-58-36_f005152
-31.33594,12.766492,attack,Mouse070_20160709_16-58-36,Mouse070_20160709_16-58-36_f005184
-16.85542,8.857722,attack,Mouse070_20160709_16-58-36,Mouse070_20160709_16-58-36_f005200
29.96374,4.925486,investigation,Mouse070_20160709_16-58-36,Mouse070_20160709_16-58-36_f005264
21.12173,7.431073,attack,Mouse070_20160709_16-58-36,Mouse070_20160709_16-58-36_f005328
15.158357,7.3245754,attack,Mouse070_20160709_16-58-36,Mouse070_20160709_16-58-36_f005344
-1.3237131,14.499287,other,Mouse070_20160709_16-58-36,Mouse070_20160709_16-58-36_f005440
6.8096247,12.402254,attack,Mouse070_20160709_16-58-36,Mouse070_20160709_16-58-36_f005520
27.504795,7.5222254,attack,Mouse070_20160709_16-58-36,Mouse070_20160709_16-58-36_f005536
21.787048,19.826675,attack,Mouse070_20160709_16-58-36,Mouse070_20160709_16-58-36_f005600
-0.58444047,14.32854,attack,Mouse070_20160709_16-58-36,Mouse070_20160709_16-58-36_f006016
-3.9664104,10.591175,attack,Mouse070_20160709_16-58-36,Mouse070_20160709_16-58-36_f006064
5.3020096,7.462344,attack,Mouse070_20160709_16-58-36,Mouse070_20160709_16-58-36_f006160
26.442574,5.4411817,attack,Mouse070_20160709_16-58-36,Mouse070_20160709_16-58-36_f006176
19.298658,11.156275,attack,Mouse070_20160709_16-58-36,Mouse070_20160709_16-58-36_f006208
-7.7507186,16.109644,investigation,Mouse070_20160709_16-58-36,Mouse070_20160709_16-58-36_f006224
-11.939801,12.487538,investigation,Mouse070_20160709_16-58-36,Mouse070_20160709_16-58-36_f006240
-2.3187413,9.926652,investigation,Mouse070_20160709_16-58-36,Mouse070_20160709_16-58-36_f006256
17.164543,19.76351,investigation,Mouse070_20160709_16-58-36,Mouse070_20160709_16-58-36_f006320
-0.88104796,11.022785,attack,Mouse070_20160709_16-58-36,Mouse070_20160709_16-58-36_f006400
16.051943,10.479927,attack,Mouse070_20160709_16-58-36,Mouse070_20160709_16-58-36_f006416
11.592403,9.550918,other,Mouse070_20160709_16-58-36,Mouse070_20160709_16-58-36_f006560
40.406223,16.692053,investigation,Mouse070_20160709_16-58-36,Mouse070_20160709_16-58-36_f006720
42.7574,16.189568,attack,Mouse070_20160709_16-58-36,Mouse070_20160709_16-58-36_f007296
27.152653,17.507868,attack,Mouse070_20160709_16-58-36,Mouse070_20160709_16-58-36_f007312
13.853793,9.886343,attack,Mouse070_20160709_16-58-36,Mouse070_20160709_16-58-36_f007344
-3.5828955,14.443239,attack,Mouse070_20160709_16-58-36,Mouse070_20160709_16-58-36_f007360
5.957542,16.073145,attack,Mouse070_20160709_16-58-36,Mouse070_20160709_16-58-36_f007376
65.52776,6.5834613,other,Mouse070_20160709_16-58-36,Mouse070_20160709_16-58-36_f007728
18.264053,14.282926,attack,Mouse070_20160709_16-58-36,Mouse070_20160709_16-58-36_f007936
4.0261827,8.877756,attack,Mouse070_20160709_16-58-36,Mouse070_20160709_16-58-36_f008096
-12.209003,11.3403225,attack,Mouse070_20160709_16-58-36,Mouse070_20160709_16-58-36_f008112
51.065247,15.203187,attack,Mouse070_20160709_16-58-36,Mouse070_20160709_16-58-36_f008272
6.581084,16.84997,attack,Mouse070_20160709_16-58-36,Mouse070_20160709_16-58-36_f008304
19.013323,7.604784,attack,Mouse070_20160709_16-58-36,Mouse070_20160709_16-58-36_f008336
15.97749,8.739404,attack,Mouse070_20160709_16-58-36,Mouse070_20160709_16-58-36_f008368
-14.756738,10.800985,other,Mouse070_20160709_16-58-36,Mouse070_20160709_16-58-36_f008816
8.912235,6.5918856,other,Mouse070_20160709_16-58-36,Mouse070_20160709_16-58-36_f009312
14.497845,9.798298,attack,Mouse070_20160709_16-58-36,Mouse070_20160709_16-58-36_f009632
34.15779,11.987599,attack,Mouse070_20160709_16-58-36,Mouse070_20160709_16-58-36_f009712
40.574875,8.444353,other,Mouse070_20160709_16-58-36,Mouse070_20160709_16-58-36_f010800
56.45295,9.392456,other,Mouse070_20160709_16-58-36,Mouse070_20160709_16-58-36_f010864
21.412746,10.792,other,Mouse070_20160709_16-58-36,Mouse070_20160709_16-58-36_f011632
5.805995,11.935527,other,Mouse070_20160709_16-58-36,Mouse070_20160709_16-58-36_f011808
45.142574,9.012952,other,Mouse070_20160709_16-58-36,Mouse070_20160709_16-58-36_f013440
74.20686,10.388105,other,Mouse070_20160709_16-58-36,Mouse070_20160709_16-58-36_f013600
15.425138,11.268591,other,Mouse070_20160709_16-58-36,Mouse070_20160709_16-58-36_f013712
52.676384,5.1001596,other,Mouse070_20160709_16-58-36,Mouse070_20160709_16-58-36_f013728
52.198986,6.0674443,other,Mouse070_20160709_16-58-36,Mouse070_20160709_16-58-36_f013840
-22.67956,15.271394,other,Mouse070_20160709_16-58-36,Mouse070_20160709_16-58-36_f015056
-5.994274,6.7395315,other,Mouse070_20160709_16-58-36,Mouse070_20160709_16-58-36_f015216
-7.6058426,8.8487215,other,Mouse070_20160709_16-58-36,Mouse070_20160709_16-58-36_f015648
2.0097685,8.062852,investigation,Mouse070_20160709_16-58-36,Mouse070_20160709_16-58-36_f015696
-8.210566,11.600919,attack,Mouse070_20160709_16-58-36,Mouse070_20160709_16-58-36_f015712
23.840666,11.251168,attack,Mouse070_20160709_16-58-36,Mouse070_20160709_16-58-36_f015792
13.858198,11.09357,attack,Mouse070_20160709_16-58-36,Mouse070_20160709_16-58-36_f015808
17.105871,12.698022,attack,Mouse070_20160709_16-58-36,Mouse070_20160709_16-58-36_f015936
47.518837,5.1857805,attack,Mouse070_20160709_16-58-36,Mouse070_20160709_16-58-36_f015968
10.15625,9.222092,attack,Mouse070_20160709_16-58-36,Mouse070_20160709_16-58-36_f015984
-17.437496,12.909587,attack,Mouse070_20160709_16-58-36,Mouse070_20160709_16-58-36_f016000
25.210564,4.2150846,other,Mouse070_20160709_16-58-36,Mouse070_20160709_16-58-36_f016368
5.2979083,7.345992,attack,Mouse070_20160709_16-58-36,Mouse070_20160709_16-58-36_f016496
21.525993,9.13718,attack,Mouse070_20160709_16-58-36,Mouse070_20160709_16-58-36_f016624
52.543095,9.649686,other,Mouse070_20160709_16-58-36,Mouse070_20160709_16-58-36_f016880
6.0934534,14.0821495,investigation,Mouse070_20160709_16-58-36,Mouse070_20160709_16-58-36_f017024
36.715652,15.736747,attack,Mouse070_20160709_16-58-36,Mouse070_20160709_16-58-36_f017136
58.039204,14.795875,attack,Mouse070_20160709_16-58-36,Mouse070_20160709_16-58-36_f017152
61.817295,14.434485,other,Mouse070_20160709_16-58-36,Mouse070_20160709_16-58-36_f017248
46.14749,10.896594,other,Mouse070_20160709_16-58-36,Mouse070_20160709_16-58-36_f017376
48.423286,6.7064066,other,Mouse070_20160709_16-58-36,Mouse070_20160709_16-58-36_f017392
50.023293,10.545993,other,Mouse070_20160709_16-58-36,Mouse070_20160709_16-58-36_f017664
-11.222334,14.7548275,other,Mouse070_20160709_16-58-36,Mouse070_20160709_16-58-36_f018016
-20.82212,18.99368,investigation,Mouse070_20160709_16-58-36,Mouse070_20160709_16-58-36_f018416
24.370068,9.732814,other,Mouse070_20160709_16-58-36,Mouse070_20160709_16-58-36_f019056
19.312063,11.915618,other,Mouse070_20160709_16-58-36,Mouse070_20160709_16-58-36_f019200
32.659626,13.208613,other,Mouse070_20160709_16-58-36,Mouse070_20160709_16-58-36_f019376
8.7827635,3.0081644,attack,Mouse070_20160709_16-58-36,Mouse070_20160709_16-58-36_f019744
9.270707,3.4365783,attack,Mouse070_20160709_16-58-36,Mouse070_20160709_16-58-36_f019760
14.83268,3.5598512,attack,Mouse070_20160709_16-58-36,Mouse070_20160709_16-58-36_f019776
23.99357,11.173486,attack,Mouse070_20160709_16-58-36,Mouse070_20160709_16-58-36_f019792
39.00515,18.848576,attack,Mouse070_20160709_16-58-36,Mouse070_20160709_16-58-36_f019808
45.56755,14.053437,attack,Mouse070_20160709_16-58-36,Mouse070_20160709_16-58-36_f019888
33.552788,17.826122,attack,Mouse070_20160709_16-58-36,Mouse070_20160709_16-58-36_f019936
103.76119,12.139634,other,Mouse070_20160709_16-58-36,Mouse070_20160709_16-58-36_f020144
-28.616276,18.52215,other,Mouse074_20160709_19-15-23,Mouse074_20160709_19-15-23_f000064
-23.29989,16.49538,investigation,Mouse074_20160709_19-15-23,Mouse074_20160709_19-15-23_f000128
-38.79858,23.562885,investigation,Mouse074_20160709_19-15-23,Mouse074_20160709_19-15-23_f000160
-29.042835,15.852356,attack,Mouse074_20160709_19-15-23,Mouse074_20160709_19-15-23_f000208
-24.496048,18.214352,attack,Mouse074_20160709_19-15-23,Mouse074_20160709_19-15-23_f000224
24.148106,17.400345,attack,Mouse074_20160709_19-15-23,Mouse074_20160709_19-15-23_f000272
-19.280165,13.283863,attack,Mouse074_20160709_19-15-23,Mouse074_20160709_19-15-23_f000384
-26.199106,16.27327,investigation,Mouse074_20160709_19-15-23,Mouse074_20160709_19-15-23_f000496
-35.151466,19.520744,attack,Mouse074_20160709_19-15-23,Mouse074_20160709_19-15-23_f000544
-24.353346,18.357317,attack,Mouse074_20160709_19-15-23,Mouse074_20160709_19-15-23_f000560
-11.2906065,16.81098,attack,Mouse074_20160709_19-15-23,Mouse074_20160709_19-15-23_f000608
15.76973,14.660144,attack,Mouse074_20160709_19-15-23,Mouse074_20160709_19-15-23_f000688
63.72163,14.253617,attack,Mouse074_20160709_19-15-23,Mouse074_20160709_19-15-23_f000720
-12.441454,12.854952,attack,Mouse074_20160709_19-15-23,Mouse074_20160709_19-15-23_f000832
8.65196,18.409887,attack,Mouse074_20160709_19-15-23,Mouse074_20160709_19-15-23_f000848
24.53866,18.619843,attack,Mouse074_20160709_19-15-23,Mouse074_20160709_19-15-23_f000864
35.339046,16.45732,attack,Mouse074_20160709_19-15-23,Mouse074_20160709_19-15-23_f000880
53.88397,16.137094,investigation,Mouse074_20160709_19-15-23,Mouse074_20160709_19-15-23_f000928
-10.354846,14.430014,attack,Mouse074_20160709_19-15-23,Mouse074_20160709_19-15-23_f001200
-23.186573,17.316206,attack,Mouse074_20160709_19-15-23,Mouse074_20160709_19-15-23_f001248
-15.117916,16.36126,attack,Mouse074_20160709_19-15-23,Mouse074_20160709_19-15-23_f001312
-17.899914,20.493267,other,Mouse074_20160709_19-15-23,Mouse074_20160709_19-15-23_f001376
42.45329,5.3784037,other,Mouse074_20160709_19-15-23,Mouse074_20160709_19-15-23_f001616
58.981987,-0.33885518,investigation,Mouse074_20160709_19-15-23,Mouse074_20160709_19-15-23_f001712
45.43406,3.8664057,investigation,Mouse074_20160709_19-15-23,Mouse074_20160709_19-15-23_f001984
41.716953,4.4585466,other,Mouse074_20160709_19-15-23,Mouse074_20160709_19-15-23_f002016
34.19276,10.220599,other,Mouse074_20160709_19-15-23,Mouse074_20160709_19-15-23_f002352
-0.56637746,12.018893,investigation,Mouse074_20160709_19-15-23,Mouse074_20160709_19-15-23_f003120
2.803909,9.487843,investigation,Mouse074_20160709_19-15-23,Mouse074_20160709_19-15-23_f003136
-3.9355972,16.16696,attack,Mouse074_20160709_19-15-23,Mouse074_20160709_19-15-23_f003152
21.103197,18.906475,attack,Mouse074_20160709_19-15-23,Mouse074_20160709_19-15-23_f003168
33.544453,14.4003935,attack,Mouse074_20160709_19-15-23,Mouse074_20160709_19-15-23_f003216
-14.062083,19.930054,other,Mouse074_20160709_19-15-23,Mouse074_20160709_19-15-23_f003296
11.25075,16.738266,other,Mouse074_20160709_19-15-23,Mouse074_20160709_19-15-23_f003312
0.81510836,14.187962,attack,Mouse074_20160709_19-15-23,Mouse074_20160709_19-15-23_f003344
36.449043,16.377924,attack,Mouse074_20160709_19-15-23,Mouse074_20160709_19-15-23_f003376
66.96154,15.608854,attack,Mouse074_20160709_19-15-23,Mouse074_20160709_19-15-23_f003392
56.38559,13.621299,attack,Mouse074_20160709_19-15-23,Mouse074_20160709_19-15-23_f003424
-2.7254522,14.035462,investigation,Mouse074_20160709_19-15-23,Mouse074_20160709_19-15-23_f003632
21.580063,8.659319,attack,Mouse074_20160709_19-15-23,Mouse074_20160709_19-15-23_f003760
24.473232,10.465706,attack,Mouse074_20160709_19-15-23,Mouse074_20160709_19-15-23_f003904
29.385303,10.504946,attack,Mouse074_20160709_19-15-23,Mouse074_20160709_19-15-23_f003920
26.737595,14.341463,attack,Mouse074_20160709_19-15-23,Mouse074_20160709_19-15-23_f004144
53.91287,10.876781,other,Mouse074_20160709_19-15-23,Mouse074_20160709_19-15-23_f004560
55.801773,17.378664,attack,Mouse074_20160709_19-15-23,Mouse074_20160709_19-15-23_f005088
-23.273853,20.526419,attack,Mouse074_20160709_19-15-23,Mouse074_20160709_19-15-23_f005120
9.508125,15.941916,attack,Mouse074_20160709_19-15-23,Mouse074_20160709_19-15-23_f005152
5.772365,12.246425,attack,Mouse074_20160709_19-15-23,Mouse074_20160709_19-15-23_f005200
15.25702,13.015694,attack,Mouse074_20160709_19-15-23,Mouse074_20160709_19-15-23_f005216
8.436483,17.104445,attack,Mouse074_20160709_19-15-23,Mouse074_20160709_19-15-23_f005232
-4.191665,17.294167,attack,Mouse074_20160709_19-15-23,Mouse074_20160709_19-15-23_f005248
31.859234,16.82635,investigation,Mouse074_20160709_19-15-23,Mouse074_20160709_19-15-23_f005280
9.903135,12.837634,other,Mouse074_20160709_19-15-23,Mouse074_20160709_19-15-23_f007664
44.520004,7.132067,other,Mouse074_20160709_19-15-23,Mouse074_20160709_19-15-23_f008240
10.098485,11.999551,other,Mouse074_20160709_19-15-23,Mouse074_20160709_19-15-23_f008320
-3.918251,14.605243,other,Mouse074_20160709_19-15-23,Mouse074_20160709_19-15-23_f008400
-17.35505,13.468318,other,Mouse074_20160709_19-15-23,Mouse074_20160709_19-15-23_f008880
-12.383144,11.9723215,other,Mouse074_20160709_19-15-23,Mouse074_20160709_19-15-23_f009408
-9.698437,9.085619,other,Mouse074_20160709_19-15-23,Mouse074_20160709_19-15-23_f009504
-18.94646,12.146745,attack,Mouse074_20160709_19-15-23,Mouse074_20160709_19-15-23_f009920
-37.486507,23.350937,attack,Mouse074_20160709_19-15-23,Mouse074_20160709_19-15-23_f009968
-48.018143,26.178495,other,Mouse074_20160709_19-15-23,Mouse074_20160709_19-15-23_f010192
11.869558,7.0449667,attack,Mouse074_20160709_19-15-23,Mouse074_20160709_19-15-23_f010352
-16.076735,12.391802,attack,Mouse074_20160709_19-15-23,Mouse074_20160709_19-15-23_f010416
-8.808146,11.374896,attack,Mouse074_20160709_19-15-23,Mouse074_20160709_19-15-23_f010576
-22.767136,16.5127,attack,Mouse074_20160709_19-15-23,Mouse074_20160709_19-15-23_f010608
-8.090473,16.892502,attack,Mouse074_20160709_19-15-23,Mouse074_20160709_19-15-23_f010656
11.402935,11.05681,attack,Mouse074_20160709_19-15-23,Mouse074_20160709_19-15-23_f010704
66.83765,7.04234,other,Mouse074_20160709_19-15-23,Mouse074_20160709_19-15-23_f011008
25.587683,9.623891,other,Mouse074_20160709_19-15-23,Mouse074_20160709_19-15-23_f011152
9.249032,8.019784,other,Mouse074_20160709_19-15-23,Mouse074_20160709_19-15-23_f011408
13.698494,5.5267596,other,Mouse074_20160709_19-15-23,Mouse074_20160709_19-15-23_f011456
4.200169,8.335887,other,Mouse074_20160709_19-15-23,Mouse074_20160709_19-15-23_f011472
30.22686,9.492248,other,Mouse074_20160709_19-15-23,Mouse074_20160709_19-15-23_f011744
4.2926917,9.280931,other,Mouse074_20160709_19-15-23,Mouse074_20160709_19-15-23_f011952
12.235389,11.465506,attack,Mouse074_20160709_19-15-23,Mouse074_20160709_19-15-23_f012144
34.13304,18.909311,attack,Mouse074_20160709_19-15-23,Mouse074_20160709_19-15-23_f012192
47.169292,18.534342,attack,Mouse074_20160709_19-15-23,Mouse074_20160709_19-15-23_f012208
-6.3543797,20.446712,attack,Mouse074_20160709_19-15-23,Mouse074_20160709_19-15-23_f012224
-3.2826846,16.717758,other,Mouse074_20160709_19-15-23,Mouse074_20160709_19-15-23_f012720
54.724056,13.276959,attack,Mouse074_20160709_19-15-23,Mouse074_20160709_19-15-23_f012976
22.010593,17.122072,attack,Mouse074_20160709_19-15-23,Mouse074_20160709_19-15-23_f012992
-7.4185877,12.928721,other,Mouse074_20160709_19-15-23,Mouse074_20160709_19-15-23_f013088
51.97857,10.898558,attack,Mouse074_20160709_19-15-23,Mouse074_20160709_19-15-23_f013184
4.4958444,14.583686,attack,Mouse074_20160709_19-15-23,Mouse074_20160709_19-15-23_f013200
-5.316162,15.96026,attack,Mouse074_20160709_19-15-23,Mouse074_20160709_19-15-23_f013248
14.382938,16.635897,attack,Mouse074_20160709_19-15-23,Mouse074_20160709_19-15-23_f013264
-18.774775,17.076666,other,Mouse074_20160709_19-15-23,Mouse074_20160709_19-15-23_f013744
-1.2319757,12.19095,other,Mouse074_20160709_19-15-23,Mouse074_20160709_19-15-23_f013776
13.035982,6.219134,other,Mouse074_20160709_19-15-23,Mouse074_20160709_19-15-23_f014224
15.401452,4.6835713,other,Mouse074_20160709_19-15-23,Mouse074_20160709_19-15-23_f014592
-29.061571,13.608982,other,Mouse074_20160709_19-15-23,Mouse074_20160709_19-15-23_f014848
28.967937,3.650119,other,Mouse074_20160709_19-15-23,Mouse074_20160709_19-15-23_f015328
70.72428,-5.284718,other,Mouse074_20160709_19-15-23,Mouse074_20160709_19-15-23_f015376
-14.680786,12.159778,other,Mouse074_20160709_19-15-23,Mouse074_20160709_19-15-23_f015712
17.851084,8.297727,other,Mouse074_20160709_19-15-23,Mouse074_20160709_19-15-23_f015888
-9.665401,13.582426,other,Mouse074_20160709_19-15-23,Mouse074_20160709_19-15-23_f016064
12.644186,10.956296,other,Mouse074_20160709_19-15-23,Mouse074_20160709_19-15-23_f016192
1.2026623,8.388633,other,Mouse074_20160709_19-15-23,Mouse074_20160709_19-15-23_f016640
68.53492,-6.7485495,other,Mouse074_20160709_19-15-23,Mouse074_20160709_19-15-23_f017184
-16.293856,13.178293,other,Mouse074_20160709_19-15-23,Mouse074_20160709_19-15-23_f017552
-21.527967,14.740727,other,Mouse074_20160709_19-15-23,Mouse074_20160709_19-15-23_f017568
35.488174,6.565531,other,Mouse074_20160709_19-15-23,Mouse074_20160709_19-15-23_f017856
19.731056,3.322206,other,Mouse074_20160709_19-15-23,Mouse074_20160709_19-15-23_f018032
31.266954,0.82129306,other,Mouse074_20160709_19-15-23,Mouse074_20160709_19-15-23_f018576
-1.7039068,9.6071205,investigation,Mouse077_20160709_18-29-34,Mouse077_20160709_18-29-34_f000112
-2.0124943,8.57704,investigation,Mouse077_20160709_18-29-34,Mouse077_20160709_18-29-34_f000128
2.1828415,11.96084,attack,Mouse077_20160709_18-29-34,Mouse077_20160709_18-29-34_f000176
15.953532,10.931756,attack,Mouse077_20160709_18-29-34,Mouse077_20160709_18-29-34_f000288
46.56117,15.741699,attack,Mouse077_20160709_18-29-34,Mouse077_20160709_18-29-34_f000320
68.921326,15.052426,attack,Mouse077_20160709_18-29-34,Mouse077_20160709_18-29-34_f000336
71.11171,16.212904,attack,Mouse077_20160709_18-29-34,Mouse077_20160709_18-29-34_f000352
11.059085,16.082941,attack,Mouse077_20160709_18-29-34,Mouse077_20160709_18-29-34_f000512
-4.319778,12.300833,attack,Mouse077_20160709_18-29-34,Mouse077_20160709_18-29-34_f000544
-15.9068775,14.941158,other,Mouse077_20160709_18-29-34,Mouse077_20160709_18-29-34_f000592
-12.1199,11.991577,attack,Mouse077_20160709_18-29-34,Mouse077_20160709_18-29-34_f000640
-2.4853573,9.343743,attack,Mouse077_20160709_18-29-34,Mouse077_20160709_18-29-34_f000656
20.745718,4.216722,attack,Mouse077_20160709_18-29-34,Mouse077_20160709_18-29-34_f000672
-14.295756,11.131683,attack,Mouse077_20160709_18-29-34,Mouse077_20160709_18-29-34_f000800
65.35995,15.458322,attack,Mouse077_20160709_18-29-34,Mouse077_20160709_18-29-34_f000848
69.72144,14.076282,attack,Mouse077_20160709_18-29-34,Mouse077_20160709_18-29-34_f000912
57.26995,14.931873,attack,Mouse077_20160709_18-29-34,Mouse077_20160709_18-29-34_f000928
67.622665,16.48205,attack,Mouse077_20160709_18-29-34,Mouse077_20160709_18-29-34_f000976
50.80837,18.292171,attack,Mouse077_20160709_18-29-34,Mouse077_20160709_18-29-34_f001104
45.554863,17.938856,attack,Mouse077_20160709_18-29-34,Mouse077_20160709_18-29-34_f001120
64.076904,18.040098,attack,Mouse077_20160709_18-29-34,Mouse077_20160709_18-29-34_f001168
47.0029,14.593236,investigation,Mouse077_20160709_18-29-34,Mouse077_20160709_18-29-34_f001248
44.51045,18.715572,investigation,Mouse077_20160709_18-29-34,Mouse077_20160709_18-29-34_f001312
40.08279,13.625216,other,Mouse077_20160709_18-29-34,Mouse077_20160709_18-29-34_f001520
87.82668,17.86493,investigation,Mouse077_20160709_18-29-34,Mouse077_20160709_18-29-34_f001920
69.0331,17.091549,attack,Mouse077_20160709_18-29-34,Mouse077_20160709_18-29-34_f002064
16.757029,14.322951,attack,Mouse077_20160709_18-29-34,Mouse077_20160709_18-29-34_f002192
33.930714,8.227832,attack,Mouse077_20160709_18-29-34,Mouse077_20160709_18-29-34_f002208
41.46163,5.9744964,attack,Mouse077_20160709_18-29-34,Mouse077_20160709_18-29-34_f002224
33.96249,6.911929,attack,Mouse077_20160709_18-29-34,Mouse077_20160709_18-29-34_f002240
48.806664,7.3286576,attack,Mouse077_20160709_18-29-34,Mouse077_20160709_18-29-34_f002320
9.940418,10.120332,attack,Mouse077_20160709_18-29-34,Mouse077_20160709_18-29-34_f002336
17.763502,7.5055265,attack,Mouse077_20160709_18-29-34,Mouse077_20160709_18-29-34_f002352
48.88561,4.6160665,attack,Mouse077_20160709_18-29-34,Mouse077_20160709_18-29-34_f002368
-0.45525464,10.20864,attack,Mouse077_20160709_18-29-34,Mouse077_20160709_18-29-34_f002400
-10.7736025,10.030078,attack,Mouse077_20160709_18-29-34,Mouse077_20160709_18-29-34_f002496
-14.446788,12.22759,attack,Mouse077_20160709_18-29-34,Mouse077_20160709_18-29-34_f002528
2.5205808,18.857965,attack,Mouse077_20160709_18-29-34,Mouse077_20160709_18-29-34_f002560
-17.152021,9.29451,attack,Mouse077_20160709_18-29-34,Mouse077_20160709_18-29-34_f002768
-17.059437,12.93364,attack,Mouse077_20160709_18-29-34,Mouse077_20160709_18-29-34_f002784
-16.994146,17.631533,attack,Mouse077_20160709_18-29-34,Mouse077_20160709_18-29-34_f002880
7.121473,9.304816,attack,Mouse077_20160709_18-29-34,Mouse077_20160709_18-29-34_f002912
-15.209726,15.118254,attack,Mouse077_20160709_18-29-34,Mouse077_20160709_18-29-34_f002928
-20.804985,16.106321,other,Mouse077_20160709_18-29-34,Mouse077_20160709_18-29-34_f002976
13.828157,6.275267,other,Mouse077_20160709_18-29-34,Mouse077_20160709_18-29-34_f003040
-10.39987,14.684482,other,Mouse077_20160709_18-29-34,Mouse077_20160709_18-29-34_f003088
12.827716,4.697103,investigation,Mouse077_20160709_18-29-34,Mouse077_20160709_18-29-34_f003120
-2.739037,6.5813622,attack,Mouse077_20160709_18-29-34,Mouse077_20160709_18-29-34_f003136
23.602814,3.1043856,attack,Mouse077_20160709_18-29-34,Mouse077_20160709_18-29-34_f003168
-16.114128,10.961454,attack,Mouse077_20160709_18-29-34,Mouse077_20160709_18-29-34_f003184
20.181955,8.500584,attack,Mouse077_20160709_18-29-34,Mouse077_20160709_18-29-34_f003296
29.821054,16.454252,attack,Mouse077_20160709_18-29-34,Mouse077_20160709_18-29-34_f003392
32.081833,5.22936,other,Mouse077_20160709_18-29-34,Mouse077_20160709_18-29-34_f003552
88.95105,6.829925,other,Mouse077_20160709_18-29-34,Mouse077_20160709_18-29-34_f004304
10.825153,10.8250265,other,Mouse077_20160709_18-29-34,Mouse077_20160709_18-29-34_f004528
38.840275,11.020172,other,Mouse077_20160709_18-29-34,Mouse077_20160709_18-29-34_f005328
0.64563274,4.8876185,other,Mouse077_20160709_18-29-34,Mouse077_20160709_18-29-34_f006448
-8.866559,12.928248,attack,Mouse077_20160709_18-29-34,Mouse077_20160709_18-29-34_f006528
10.066331,15.164942,attack,Mouse077_20160709_18-29-34,Mouse077_20160709_18-29-34_f006560
4.3270397,17.420528,attack,Mouse077_20160709_18-29-34,Mouse077_20160709_18-29-34_f006608
35.595367,7.9314227,attack,Mouse077_20160709_18-29-34,Mouse077_20160709_18-29-34_f006752
-14.084802,11.463784,attack,Mouse077_20160709_18-29-34,Mouse077_20160709_18-29-34_f006944
44.41247,14.322883,attack,Mouse077_20160709_18-29-34,Mouse077_20160709_18-29-34_f006976
31.52656,14.972307,attack,Mouse077_20160709_18-29-34,Mouse077_20160709_18-29-34_f007072
12.235938,19.569748,attack,Mouse077_20160709_18-29-34,Mouse077_20160709_18-29-34_f007200
43.668716,10.367418,attack,Mouse077_20160709_18-29-34,Mouse077_20160709_18-29-34_f007328
74.1588,14.825414,attack,Mouse077_20160709_18-29-34,Mouse077_20160709_18-29-34_f007360
58.134933,13.103578,other,Mouse077_20160709_18-29-34,Mouse077_20160709_18-29-34_f007424
42.773003,6.6347685,other,Mouse077_20160709_18-29-34,Mouse077_20160709_18-29-34_f007600
57.620865,17.220774,attack,Mouse077_20160709_18-29-34,Mouse077_20160709_18-29-34_f007744
18.66265,16.357664,attack,Mouse077_20160709_18-29-34,Mouse077_20160709_18-29-34_f007760
-10.752714,9.585792,attack,Mouse077_20160709_18-29-34,Mouse077_20160709_18-29-34_f007840
-23.112598,15.440037,attack,Mouse077_20160709_18-29-34,Mouse077_20160709_18-29-34_f007856
-18.75587,10.684276,investigation,Mouse077_20160709_18-29-34,Mouse077_20160709_18-29-34_f008080
9.291541,4.114007,other,Mouse077_20160709_18-29-34,Mouse077_20160709_18-29-34_f008192
-14.274059,9.78729,attack,Mouse077_20160709_18-29-34,Mouse077_20160709_18-29-34_f008256
49.296906,7.1775694,attack,Mouse077_20160709_18-29-34,Mouse077_20160709_18-29-34_f008304
-8.39413,16.51338,attack,Mouse077_20160709_18-29-34,Mouse077_20160709_18-29-34_f008416
5.7612276,14.504698,attack,Mouse077_20160709_18-29-34,Mouse077_20160709_18-29-34_f008432
50.174488,16.28928,investigation,Mouse077_20160709_18-29-34,Mouse077_20160709_18-29-34_f008480
-15.720833,12.529276,attack,Mouse077_20160709_18-29-34,Mouse077_20160709_18-29-34_f008704
-9.089207,16.487223,attack,Mouse077_20160709_18-29-34,Mouse077_20160709_18-29-34_f009136
-12.097906,16.112638,attack,Mouse077_20160709_18-29-34,Mouse077_20160709_18-29-34_f009232
-3.8134196,12.405091,attack,Mouse077_20160709_18-29-34,Mouse077_20160709_18-29-34_f009248
-15.944434,12.16135,attack,Mouse077_20160709_18-29-34,Mouse077_20160709_18-29-34_f009264
-19.714722,13.603815,attack,Mouse077_20160709_18-29-34,Mouse077_20160709_18-29-34_f009280
-20.211498,17.523989,other,Mouse077_20160709_18-29-34,Mouse077_20160709_18-29-34_f009312
-27.063227,18.544645,attack,Mouse077_20160709_18-29-34,Mouse077_20160709_18-29-34_f009376
-1.515866,10.4315195,attack,Mouse077_20160709_18-29-34,Mouse077_20160709_18-29-34_f009648
-31.967817,20.873053,other,Mouse077_20160709_18-29-34,Mouse077_20160709_18-29-34_f009792
-14.251561,15.387832,attack,Mouse077_20160709_18-29-34,Mouse077_20160709_18-29-34_f010064
-12.432343,10.735504,other,Mouse077_20160709_18-29-34,Mouse077_20160709_18-29-34_f010208
-15.971958,13.897998,other,Mouse077_20160709_18-29-34,Mouse077_20160709_18-29-34_f010304
-33.913555,16.962538,other,Mouse077_20160709_18-29-34,Mouse077_20160709_18-29-34_f010640
-21.541792,12.440285,other,Mouse077_20160709_18-29-34,Mouse077_20160709_18-29-34_f010672
-28.099407,15.367395,other,Mouse077_20160709_18-29-34,Mouse077_20160709_18-29-34_f010720
-10.31674,8.093642,attack,Mouse077_20160709_18-29-34,Mouse077_20160709_18-29-34_f010864
3.8110945,14.943647,attack,Mouse077_20160709_18-29-34,Mouse077_20160709_18-29-34_f011088
-10.178328,14.385538,attack,Mouse077_20160709_18-29-34,Mouse077_20160709_18-29-34_f011296
-11.377233,12.269405,attack,Mouse077_20160709_18-29-34,Mouse077_20160709_18-29-34_f011344
8.700707,11.072571,attack,Mouse077_20160709_18-29-34,Mouse077_20160709_18-29-34_f011360
-3.967228,11.652495,attack,Mouse077_20160709_18-29-34,Mouse077_20160709_18-29-34_f011408
36.08691,17.726229,attack,Mouse077_20160709_18-29-34,Mouse077_20160709_18-29-34_f011744
45.286083,18.499268,attack,Mouse077_20160709_18-29-34,Mouse077_20160709_18-29-34_f011776
23.69042,14.381558,attack,Mouse077_20160709_18-29-34,Mouse077_20160709_18-29-34_f012000
28.31827,13.4323,attack,Mouse077_20160709_18-29-34,Mouse077_20160709_18-29-34_f012016
35.50362,15.900136,attack,Mouse077_20160709_18-29-34,Mouse077_20160709_18-29-34_f012032
42.84067,20.56139,attack,Mouse077_20160709_18-29-34,Mouse077_20160709_18-29-34_f012128
9.492943,8.75688,attack,Mouse077_20160709_18-29-34,Mouse077_20160709_18-29-34_f012368
-12.89226,8.851928,attack,Mouse077_20160709_18-29-34,Mouse077_20160709_18-29-34_f012384
4.1161957,10.319737,attack,Mouse077_20160709_18-29-34,Mouse077_20160709_18-29-34_f012480
-17.908081,9.842323,attack,Mouse077_20160709_18-29-34,Mouse077_20160709_18-29-34_f012512
-9.795229,8.231638,attack,Mouse077_20160709_18-29-34,Mouse077_20160709_18-29-34_f012528
-40.64342,18.13518,investigation,Mouse077_20160709_18-29-34,Mouse077_20160709_18-29-34_f013024
-20.459244,15.647163,attack,Mouse077_20160709_18-29-34,Mouse077_20160709_18-29-34_f013056
-7.9988046,17.653938,attack,Mouse077_20160709_18-29-34,Mouse077_20160709_18-29-34_f013328
1.6708513,7.3426213,attack,Mouse077_20160709_18-29-34,Mouse077_20160709_18-29-34_f013536
2.4278314,7.0184436,attack,Mouse077_20160709_18-29-34,Mouse077_20160709_18-29-34_f013552
-9.644578,7.885338,attack,Mouse077_20160709_18-29-34,Mouse077_20160709_18-29-34_f013616
-12.851508,8.226153,attack,Mouse077_20160709_18-29-34,Mouse077_20160709_18-29-34_f013632
39.810944,17.608269,attack,Mouse077_20160709_18-29-34,Mouse077_20160709_18-29-34_f013744
25.730112,15.539088,other,Mouse077_20160709_18-29-34,Mouse077_20160709_18-29-34_f013856
-1.8461995,5.184756,attack,Mouse077_20160709_18-29-34,Mouse077_20160709_18-29-34_f014000
-17.313555,10.844639,attack,Mouse077_20160709_18-29-34,Mouse077_20160709_18-29-34_f014224
-5.0612907,8.199212,attack,Mouse077_20160709_18-29-34,Mouse077_20160709_18-29-34_f014256
13.069752,6.6918235,attack,Mouse077_20160709_18-29-34,Mouse077_20160709_18-29-34_f014272
3.6183589,10.324878,attack,Mouse077_20160709_18-29-34,Mouse077_20160709_18-29-34_f014288
3.6477594,5.5495887,attack,Mouse077_20160709_18-29-34,Mouse077_20160709_18-29-34_f014816
-21.739292,12.659185,attack,Mouse077_20160709_18-29-34,Mouse077_20160709_18-29-34_f014864
25.542046,7.899784,attack,Mouse077_20160709_18-29-34,Mouse077_20160709_18-29-34_f015008
30.101852,11.19606,attack,Mouse077_20160709_18-29-34,Mouse077_20160709_18-29-34_f015024
2.2145398,12.193003,attack,Mouse077_20160709_18-29-34,Mouse077_20160709_18-29-34_f015088
-0.6659339,7.7547684,attack,Mouse077_20160709_18-29-34,Mouse077_20160709_18-29-34_f015184
11.951546,18.782656,attack,Mouse077_20160709_18-29-34,Mouse077_20160709_18-29-34_f015232
-3.2730365,10.794804,investigation,Mouse077_20160709_18-29-34,Mouse077_20160709_18-29-34_f016032
8.844519,7.5991044,investigation,Mouse077_20160709_18-29-34,Mouse077_20160709_18-29-34_f016048
3.7694092,4.7245116,other,Mouse077_20160709_18-29-34,Mouse077_20160709_18-29-34_f016256
-10.486974,10.103148,attack,Mouse077_20160709_18-29-34,Mouse077_20160709_18-29-34_f017344
-17.496958,12.32624,attack,Mouse077_20160709_18-29-34,Mouse077_20160709_18-29-34_f017408
-7.9450183,14.953134,other,Mouse077_20160709_18-29-34,Mouse077_20160709_18-29-34_f017440
-5.7813873,12.697218,attack,Mouse077_20160709_18-29-34,Mouse077_20160709_18-29-34_f017456
36.752872,5.80136,attack,Mouse077_20160709_18-29-34,Mouse077_20160709_18-29-34_f017488
-2.5304856,13.971657,attack,Mouse077_20160709_18-29-34,Mouse077_20160709_18-29-34_f017552
-4.0749807,8.290073,attack,Mouse077_20160709_18-29-34,Mouse077_20160709_18-29-34_f017808
-6.6435075,10.485384,other,Mouse077_20160709_18-29-34,Mouse077_20160709_18-29-34_f017904
5.1618304,5.0083604,attack,Mouse077_20160709_18-29-34,Mouse077_20160709_18-29-34_f017968
-8.017765,11.500367,investigation,Mouse077_20160709_18-29-34,Mouse077_20160709_18-29-34_f018048
-1.913229,13.945837,attack,Mouse077_20160709_18-29-34,Mouse077_20160709_18-29-34_f018096
-30.461409,21.796299,other,Mouse077_20160709_18-29-34,Mouse077_20160709_18-29-34_f018128
5.135553,14.428562,attack,Mouse077_20160709_18-29-34,Mouse077_20160709_18-29-34_f018368
-8.338762,8.407406,attack,Mouse077_20160709_18-29-34,Mouse077_20160709_18-29-34_f018448
3.660169,7.2774396,attack,Mouse077_20160709_18-29-34,Mouse077_20160709_18-29-34_f018464
-4.8551564,10.9182625,attack,Mouse077_20160709_18-29-34,Mouse077_20160709_18-29-34_f018480
-26.982168,19.27718,other,Mouse077_20160709_18-29-34,Mouse077_20160709_18-29-34_f018656
68.625565,13.108816,investigation,Mouse077_20160709_18-29-34,Mouse077_20160709_18-29-34_f019440
-21.953754,-3.6792202,investigation,Mouse155_20151124_20-48-31,Mouse155_20151124_20-48-31_f000496
-37.722813,5.3181844,attack,Mouse155_20151124_20-48-31,Mouse155_20151124_20-48-31_f000576
-26.852028,1.8685611,attack,Mouse155_20151124_20-48-31,Mouse155_20151124_20-48-31_f000624
-20.463661,3.1190166,investigation,Mouse155_20151124_20-48-31,Mouse155_20151124_20-48-31_f001712
-16.87372,0.98638815,attack,Mouse155_20151124_20-48-31,Mouse155_20151124_20-48-31_f002768
-14.9279,-1.2683942,attack,Mouse155_20151124_20-48-31,Mouse155_20151124_20-48-31_f002832
-3.585598,-9.646741,attack,Mouse155_20151124_20-48-31,Mouse155_20151124_20-48-31_f002912
22.52642,-4.6351657,other,Mouse155_20151124_20-48-31,Mouse155_20151124_20-48-31_f003056
22.702267,-13.823836,other,Mouse155_20151124_20-48-31,Mouse155_20151124_20-48-31_f003312
3.5820909,-7.9889193,other,Mouse155_20151124_20-48-31,Mouse155_20151124_20-48-31_f003488
-7.5677886,-6.7408934,other,Mouse155_20151124_20-48-31,Mouse155_20151124_20-48-31_f003744
-3.4541502,-9.445808,other,Mouse155_20151124_20-48-31,Mouse155_20151124_20-48-31_f003760
-7.6041603,-9.372298,other,Mouse155_20151124_20-48-31,Mouse155_20151124_20-48-31_f003792
30.990393,-10.786493,other,Mouse155_20151124_20-48-31,Mouse155_20151124_20-48-31_f004032
-6.3875747,-0.6799195,investigation,Mouse155_20151124_20-48-31,Mouse155_20151124_20-48-31_f004192
-13.025449,2.236073,investigation,Mouse155_20151124_20-48-31,Mouse155_20151124_20-48-31_f004240
18.44296,-0.81571186,attack,Mouse155_20151124_20-48-31,Mouse155_20151124_20-48-31_f004272
-6.290839,-4.4098334,attack,Mouse155_20151124_20-48-31,Mouse155_20151124_20-48-31_f004336
-25.397814,-0.050399438,attack,Mouse155_20151124_20-48-31,Mouse155_20151124_20-48-31_f004384
-19.658892,-0.56647074,attack,Mouse155_20151124_20-48-31,Mouse155_20151124_20-48-31_f004432
-10.65875,-5.2537484,other,Mouse155_20151124_20-48-31,Mouse155_20151124_20-48-31_f005232
12.530112,-7.431031,other,Mouse155_20151124_20-48-31,Mouse155_20151124_20-48-31_f005728
-8.650424,-7.378695,other,Mouse155_20151124_20-48-31,Mouse155_20151124_20-48-31_f006480
-36.990673,4.238114,other,Mouse155_20151124_20-48-31,Mouse155_20151124_20-48-31_f006960
-10.915331,-3.3322127,investigation,Mouse155_20151124_20-48-31,Mouse155_20151124_20-48-31_f007152
-20.691092,-5.3749895,other,Mouse155_20151124_20-48-31,Mouse155_20151124_20-48-31_f007536
-17.338604,-1.6705066,other,Mouse155_20151124_20-48-31,Mouse155_20151124_20-48-31_f008080
-15.522965,-3.2972302,other,Mouse155_20151124_20-48-31,Mouse155_20151124_20-48-31_f008112
-12.92313,-5.343369,investigation,Mouse155_20151124_20-48-31,Mouse155_20151124_20-48-31_f008384
-26.893404,4.6897135,other,Mouse155_20151124_20-48-31,Mouse155_20151124_20-48-31_f009088
-18.161781,1.4195546,other,Mouse155_20151124_20-48-31,Mouse155_20151124_20-48-31_f009136
-39.404522,9.563097,investigation,Mouse155_20151124_20-48-31,Mouse155_20151124_20-48-31_f009440
-8.5400095,-4.88946,attack,Mouse155_20151124_20-56-05,Mouse155_20151124_20-56-05_f000096
9.091921,-10.911722,investigation,Mouse155_20151124_20-56-05,Mouse155_20151124_20-56-05_f000624
1.7116998,-9.284964,other,Mouse155_20151124_20-56-05,Mouse155_20151124_20-56-05_f000688
2.5074768,-10.117773,other,Mouse155_20151124_20-56-05,Mouse155_20151124_20-56-05_f000784
-5.6694183,-4.881963,attack,Mouse155_20151124_20-56-05,Mouse155_20151124_20-56-05_f000960
-10.950885,-1.0873152,attack,Mouse155_20151124_20-56-05,Mouse155_20151124_20-56-05_f000976
15.134048,-14.506049,other,Mouse155_20151124_20-56-05,Mouse155_20151124_20-56-05_f001232
-42.478333,12.61318,investigation,Mouse155_20151124_20-56-05,Mouse155_20151124_20-56-05_f001456
-39.28104,9.044737,investigation,Mouse155_20151124_20-56-05,Mouse155_20151124_20-56-05_f001488
-24.401173,-1.3626224,attack,Mouse155_20151124_20-56-05,Mouse155_20151124_20-56-05_f001552
-17.979038,-4.911021,attack,Mouse155_20151124_20-56-05,Mouse155_20151124_20-56-05_f001584
10.527652,-11.383636,investigation,Mouse155_20151124_20-56-05,Mouse155_20151124_20-56-05_f001616
-12.948451,-0.41929182,attack,Mouse155_20151124_20-56-05,Mouse155_20151124_20-56-05_f001680
2.2167475,-8.542546,attack,Mouse155_20151124_20-56-05,Mouse155_20151124_20-56-05_f001776
-18.981903,-0.64358765,attack,Mouse155_20151124_20-56-05,Mouse155_20151124_20-56-05_f001792
-26.221796,3.9269004,other,Mouse155_20151124_20-56-05,Mouse155_20151124_20-56-05_f001808
-23.41799,6.181766,investigation,Mouse155_20151124_20-56-05,Mouse155_20151124_20-56-05_f001840
-25.784002,2.8541715,other,Mouse155_20151124_20-56-05,Mouse155_20151124_20-56-05_f002368
-17.05142,-4.994656,investigation,Mouse155_20151124_20-56-05,Mouse155_20151124_20-56-05_f003168
-10.119845,-6.1829224,attack,Mouse155_20151124_20-56-05,Mouse155_20151124_20-56-05_f003184
-4.0739083,-3.7405689,attack,Mouse155_20151124_20-56-05,Mouse155_20151124_20-56-05_f003216
2.7918782,-8.219599,attack,Mouse155_20151124_20-56-05,Mouse155_20151124_20-56-05_f003232
-26.166939,-1.658886,attack,Mouse155_20151124_20-56-05,Mouse155_20151124_20-56-05_f003248
-10.17926,-3.5536578,attack,Mouse155_20151124_20-56-05,Mouse155_20151124_20-56-05_f003280
-16.23184,-7.376005,other,Mouse155_20151124_20-56-05,Mouse155_20151124_20-56-05_f003584
4.466025,-1.7863141,other,Mouse155_20151124_20-56-05,Mouse155_20151124_20-56-05_f003760
16.031923,-7.662729,other,Mouse155_20151124_20-56-05,Mouse155_20151124_20-56-05_f004032
1.8562206,-11.063128,other,Mouse155_20151124_20-56-05,Mouse155_20151124_20-56-05_f004064
6.70975,-7.9791827,other,Mouse155_20151124_20-56-05,Mouse155_20151124_20-56-05_f004800
-0.51707476,-8.810168,attack,Mouse155_20151124_20-56-05,Mouse155_20151124_20-56-05_f005184
10.481578,-10.650726,attack,Mouse155_20151124_20-56-05,Mouse155_20151124_20-56-05_f005200
27.82307,-12.627699,attack,Mouse155_20151124_20-56-05,Mouse155_20151124_20-56-05_f005216
5.029913,-3.4156382,other,Mouse155_20151124_20-56-05,Mouse155_20151124_20-56-05_f005584
18.621332,-13.915555,other,Mouse155_20151124_20-56-05,Mouse155_20151124_20-56-05_f005696
9.484168,-10.836639,other,Mouse155_20151124_20-56-05,Mouse155_20151124_20-56-05_f005744
-4.325042,0.7784005,other,Mouse155_20151124_20-56-05,Mouse155_20151124_20-56-05_f006544
-8.040918,3.278508,investigation,Mouse155_20151124_20-56-05,Mouse155_20151124_20-56-05_f007152
-29.192019,4.487515,investigation,Mouse155_20151124_20-56-05,Mouse155_20151124_20-56-05_f007344
-2.002032,-5.7892523,attack,Mouse155_20151124_20-56-05,Mouse155_20151124_20-56-05_f007408
11.597979,-6.4056454,attack,Mouse155_20151124_20-56-05,Mouse155_20151124_20-56-05_f007424
15.304328,-7.7764425,attack,Mouse155_20151124_20-56-05,Mouse155_20151124_20-56-05_f007440
30.178568,1.2705667,attack,Mouse155_20151124_20-56-05,Mouse155_20151124_20-56-05_f007552
14.328022,-8.9523535,other,Mouse155_20151124_20-56-05,Mouse155_20151124_20-56-05_f007792
-34.730553,5.2607307,other,Mouse155_20151124_20-56-05,Mouse155_20151124_20-56-05_f009520
-35.91632,4.118305,other,Mouse155_20151124_20-56-05,Mouse155_20151124_20-56-05_f009552
-20.17066,1.8077154,other,Mouse155_20151124_21-11-28,Mouse155_20151124_21-11-28_f000000
-15.984247,-3.622229,attack,Mouse155_20151124_21-11-28,Mouse155_20151124_21-11-28_f000112
-9.941888,-4.8201513,attack,Mouse155_20151124_21-11-28,Mouse155_20151124_21-11-28_f000160
-41.13401,10.337416,other,Mouse155_20151124_21-11-28,Mouse155_20151124_21-11-28_f000432
-29.225872,6.45534,other,Mouse155_20151124_21-11-28,Mouse155_20151124_21-11-28_f000480
3.8144214,0.71470714,attack,Mouse155_20151124_21-11-28,Mouse155_20151124_21-11-28_f001200
10.044408,1.8651713,attack,Mouse155_20151124_21-11-28,Mouse155_20151124_21-11-28_f001216
-33.8674,2.5416853,attack,Mouse155_20151124_21-11-28,Mouse155_20151124_21-11-28_f001296
-26.463825,-1.9692146,attack,Mouse155_20151124_21-11-28,Mouse155_20151124_21-11-28_f001328
-17.648052,-2.7505546,attack,Mouse155_20151124_21-11-28,Mouse155_20151124_21-11-28_f001344
19.449394,-1.179118,attack,Mouse155_20151124_21-11-28,Mouse155_20151124_21-11-28_f001376
18.00769,-4.634114,attack,Mouse155_20151124_21-11-28,Mouse155_20151124_21-11-28_f001792
-22.904701,-2.8592732,investigation,Mouse155_20151124_21-11-28,Mouse155_20151124_21-11-28_f001840
-3.812687,-8.981318,investigation,Mouse155_20151124_21-11-28,Mouse155_20151124_21-11-28_f002160
-6.0121827,-2.118442,other,Mouse155_20151124_21-11-28,Mouse155_20151124_21-11-28_f002688
-13.569609,1.9370974,other,Mouse155_20151124_21-11-28,Mouse155_20151124_21-11-28_f002704
8.963294,-11.8835125,investigation,Mouse155_20151124_21-11-28,Mouse155_20151124_21-11-28_f002800
16.098541,-11.324033,investigation,Mouse155_20151124_21-11-28,Mouse155_20151124_21-11-28_f002832
35.60143,-12.048814,investigation,Mouse155_20151124_21-11-28,Mouse155_20151124_21-11-28_f002880
11.546876,-9.483067,other,Mouse155_20151124_21-11-28,Mouse155_20151124_21-11-28_f003120
2.2504778,-10.285784,other,Mouse155_20151124_21-11-28,Mouse155_20151124_21-11-28_f003408
-14.413474,-5.315754,investigation,Mouse155_20151124_21-11-28,Mouse155_20151124_21-11-28_f003744
2.976264,-10.906237,other,Mouse155_20151124_21-11-28,Mouse155_20151124_21-11-28_f004016
-13.623115,-6.5562625,other,Mouse155_20151124_21-11-28,Mouse155_20151124_21-11-28_f004672
-0.5614482,-4.1486444,other,Mouse155_20151124_21-11-28,Mouse155_20151124_21-11-28_f005728
-22.93224,-4.335034,other,Mouse155_20151124_21-11-28,Mouse155_20151124_21-11-28_f006112
17.615536,-12.244447,other,Mouse155_20151124_21-11-28,Mouse155_20151124_21-11-28_f006176
-1.0326462,-8.17306,other,Mouse155_20151124_21-11-28,Mouse155_20151124_21-11-28_f006192
-43.784313,9.744561,other,Mouse155_20151124_21-11-28,Mouse155_20151124_21-11-28_f006400
0.13252279,-7.7413683,investigation,Mouse155_20151124_21-11-28,Mouse155_20151124_21-11-28_f006608
-39.948414,3.5058692,other,Mouse155_20151129_22-41-43,Mouse155_20151129_22-41-43_f000384
-35.838486,2.8962455,investigation,Mouse155_20151129_22-41-43,Mouse155_20151129_22-41-43_f000608
-7.1270075,-9.780793,investigation,Mouse155_20151129_22-41-43,Mouse155_20151129_22-41-43_f000752
-34.69944,4.3285904,other,Mouse155_20151129_22-41-43,Mouse155_20151129_22-41-43_f001024
-0.9731337,-2.2693121,attack,Mouse155_20151129_22-41-43,Mouse155_20151129_22-41-43_f001168
-30.423174,-2.980916,attack,Mouse155_20151129_22-41-43,Mouse155_20151129_22-41-43_f001200
-22.670908,-3.7869275,attack,Mouse155_20151129_22-41-43,Mouse155_20151129_22-41-43_f001232
2.5305455,-9.356699,attack,Mouse155_20151129_22-41-43,Mouse155_20151129_22-41-43_f001264
13.622789,-6.129466,attack,Mouse155_20151129_22-41-43,Mouse155_20151129_22-41-43_f001504
21.47224,-4.9864383,attack,Mouse155_20151129_22-41-43,Mouse155_20151129_22-41-43_f001520
-15.76428,-5.391941,attack,Mouse155_20151129_22-41-43,Mouse155_20151129_22-41-43_f001600
-0.2338067,-9.187878,investigation,Mouse155_20151129_22-41-43,Mouse155_20151129_22-41-43_f001680
-3.2829494,-7.052929,investigation,Mouse155_20151129_22-41-43,Mouse155_20151129_22-41-43_f001888
1.0897359,-8.929131,investigation,Mouse155_20151129_22-41-43,Mouse155_20151129_22-41-43_f001936
3.2697625,-10.715452,investigation,Mouse155_20151129_22-41-43,Mouse155_20151129_22-41-43_f002896
-2.8202064,-10.252167,investigation,Mouse155_20151129_22-41-43,Mouse155_20151129_22-41-43_f002928
-13.618368,-7.0089593,other,Mouse155_20151129_22-41-43,Mouse155_20151129_22-41-43_f002992
-5.3528843,-13.961955,other,Mouse155_20151129_22-41-43,Mouse155_20151129_22-41-43_f003088
-12.5135,-12.080347,other,Mouse155_20151129_22-41-43,Mouse155_20151129_22-41-43_f003104
-17.744164,-10.650643,mount,Mouse155_20151129_22-41-43,Mouse155_20151129_22-41-43_f003536
13.115574,-12.515974,investigation,Mouse155_20151129_22-41-43,Mouse155_20151129_22-41-43_f003648
15.33555,-12.089161,investigation,Mouse155_20151129_22-41-43,Mouse155_20151129_22-41-43_f003680
-0.9864593,-11.444046,investigation,Mouse155_20151129_22-41-43,Mouse155_20151129_22-41-43_f003776
24.548836,-11.7502575,investigation,Mouse155_20151129_22-41-43,Mouse155_20151129_22-41-43_f003904
-9.682375,-9.874288,investigation,Mouse155_20151129_22-41-43,Mouse155_20151129_22-41-43_f004736
-18.6372,-7.601593,investigation,Mouse155_20151129_22-41-43,Mouse155_20151129_22-41-43_f004752
-26.815893,5.5663595,other,Mouse156_20151012_20-16-37,Mouse156_20151012_20-16-37_f000208
-20.092236,2.013236,attack,Mouse156_20151012_20-16-37,Mouse156_20151012_20-16-37_f000416
0.11563229,-2.2727757,attack,Mouse156_20151012_20-16-37,Mouse156_20151012_20-16-37_f000432
-24.895681,-4.0898385,attack,Mouse156_20151012_20-16-37,Mouse156_20151012_20-16-37_f000480
-18.226076,-4.608012,attack,Mouse156_20151012_20-16-37,Mouse156_20151012_20-16-37_f000496
-26.73776,-0.7094756,attack,Mouse156_20151012_20-16-37,Mouse156_20151012_20-16-37_f000528
-21.235718,-4.2414613,attack,Mouse156_20151012_20-16-37,Mouse156_20151012_20-16-37_f000544
-18.685015,-2.9501579,attack,Mouse156_20151012_20-16-37,Mouse156_20151012_20-16-37_f000576
-24.951866,0.5410406,attack,Mouse156_20151012_20-16-37,Mouse156_20151012_20-16-37_f000592
-34.303005,1.2793101,attack,Mouse156_20151012_20-16-37,Mouse156_20151012_20-16-37_f000608
-19.071257,-8.039568,mount,Mouse156_20151012_20-16-37,Mouse156_20151012_20-16-37_f000640
-6.1909666,-9.14089,investigation,Mouse156_20151012_20-16-37,Mouse156_20151012_20-16-37_f000704
57.82564,-21.701977,investigation,Mouse156_20151012_20-16-37,Mouse156_20151012_20-16-37_f000768
-33.80102,2.612088,other,Mouse156_20151012_20-16-37,Mouse156_20151012_20-16-37_f000992
-30.357729,0.51697624,other,Mouse156_20151012_20-16-37,Mouse156_20151012_20-16-37_f001296
8.497012,-6.7055326,other,Mouse156_20151012_20-16-37,Mouse156_20151012_20-16-37_f001456
-17.644032,-2.7486591,other,Mouse156_20151012_20-16-37,Mouse156_20151012_20-16-37_f001792
-40.03855,8.2085,other,Mouse156_20151012_20-16-37,Mouse156_20151012_20-16-37_f002240
13.286333,-3.0515842,attack,Mouse156_20151012_20-16-37,Mouse156_20151012_20-16-37_f002288
73.961075,-8.337841,attack,Mouse156_20151012_20-16-37,Mouse156_20151012_20-16-37_f002320
65.56802,-8.838097,attack,Mouse156_20151012_20-16-37,Mouse156_20151012_20-16-37_f002336
38.961018,-5.7599697,investigation,Mouse156_20151012_20-16-37,Mouse156_20151012_20-16-37_f002400
16.981773,-2.3953812,other,Mouse156_20151012_20-16-37,Mouse156_20151012_20-16-37_f002480
58.267944,-9.274981,attack,Mouse156_20151012_20-16-37,Mouse156_20151012_20-16-37_f002976
29.709454,-6.96238,attack,Mouse156_20151012_20-16-37,Mouse156_20151012_20-16-37_f002992
61.140644,-6.3316755,attack,Mouse156_20151012_20-16-37,Mouse156_20151012_20-16-37_f003072
83.16392,-8.047412,attack,Mouse156_20151012_20-16-37,Mouse156_20151012_20-16-37_f003120
67.8754,-14.562919,other,Mouse156_20151012_20-16-37,Mouse156_20151012_20-16-37_f003248
-6.300258,-7.7562356,attack,Mouse156_20151012_20-16-37,Mouse156_20151012_20-16-37_f003744
25.05709,-10.508777,attack,Mouse156_20151012_20-16-37,Mouse156_20151012_20-16-37_f003776
16.431906,-10.327997,attack,Mouse156_20151012_20-16-37,Mouse156_20151012_20-16-37_f003840
19.711126,-7.7440643,attack,Mouse156_20151012_20-16-37,Mouse156_20151012_20-16-37_f003872
-3.0565696,-0.42733422,attack,Mouse156_20151012_20-16-37,Mouse156_20151012_20-16-37_f004080
21.6087,-1.2095128,attack,Mouse156_20151012_20-16-37,Mouse156_20151012_20-16-37_f004096
5.62821,-4.776636,attack,Mouse156_20151012_20-16-37,Mouse156_20151012_20-16-37_f004128
13.792322,-8.503157,attack,Mouse156_20151012_20-16-37,Mouse156_20151012_20-16-37_f004144
11.818267,-7.923966,attack,Mouse156_20151012_20-16-37,Mouse156_20151012_20-16-37_f004160
26.16913,-6.2612314,attack,Mouse156_20151012_20-16-37,Mouse156_20151012_20-16-37_f004176
44.226284,-6.7302012,attack,Mouse156_20151012_20-16-37,Mouse156_20151012_20-16-37_f004208
77.669014,-3.5058277,attack,Mouse156_20151012_20-16-37,Mouse156_20151012_20-16-37_f004240
87.91001,-6.623292,investigation,Mouse156_20151012_20-16-37,Mouse156_20151012_20-16-37_f004288
73.34611,-4.84357,attack,Mouse156_20151012_20-16-37,Mouse156_20151012_20-16-37_f004720
46.23475,-2.3439376,attack,Mouse156_20151012_20-16-37,Mouse156_20151012_20-16-37_f004736
31.81608,-3.131737,attack,Mouse156_20151012_20-16-37,Mouse156_20151012_20-16-37_f004752
65.472855,-4.5089564,attack,Mouse156_20151012_20-16-37,Mouse156_20151012_20-16-37_f004848
45.330074,-5.9573812,investigation,Mouse156_20151012_20-16-37,Mouse156_20151012_20-16-37_f004992
42.31236,-10.569894,investigation,Mouse156_20151012_20-16-37,Mouse156_20151012_20-16-37_f005040
28.795456,-7.0317593,attack,Mouse156_20151012_20-16-37,Mouse156_20151012_20-16-37_f005184
64.75201,-11.559197,attack,Mouse156_20151012_20-16-37,Mouse156_20151012_20-16-37_f005200
50.05965,-11.427607,attack,Mouse156_20151012_20-16-37,Mouse156_20151012_20-16-37_f005216
-8.169815,0.17155397,attack,Mouse156_20151012_20-16-37,Mouse156_20151012_20-16-37_f005232
46.621822,0.36559746,attack,Mouse156_20151012_20-16-37,Mouse156_20151012_20-16-37_f005360
46.160973,-0.47817495,attack,Mouse156_20151012_20-16-37,Mouse156_20151012_20-16-37_f005376
27.676517,0.9707207,attack,Mouse156_20151012_20-16-37,Mouse156_20151012_20-16-37_f005392
20.265385,-12.32767,attack,Mouse156_20151012_20-16-37,Mouse156_20151012_20-16-37_f005456
23.75767,-12.2853,attack,Mouse156_20151012_20-16-37,Mouse156_20151012_20-16-37_f005472
57.17169,-2.5522428,other,Mouse156_20151012_20-16-37,Mouse156_20151012_20-16-37_f005568
61.000095,-8.466297,other,Mouse156_20151012_20-16-37,Mouse156_20151012_20-16-37_f005584
13.964099,0.264866,attack,Mouse156_20151012_20-16-37,Mouse156_20151012_20-16-37_f006112
42.711514,-13.356718,investigation,Mouse156_20151012_20-16-37,Mouse156_20151012_20-16-37_f006192
71.00372,-11.925317,investigation,Mouse156_20151012_20-16-37,Mouse156_20151012_20-16-37_f006208
-1.3747312,-4.201886,attack,Mouse156_20151012_20-16-37,Mouse156_20151012_20-16-37_f006544
-14.626976,0.20129639,attack,Mouse156_20151012_20-16-37,Mouse156_20151012_20-16-37_f006560
69.789246,-10.121476,investigation,Mouse156_20151012_20-16-37,Mouse156_20151012_20-16-37_f006864
24.013378,-6.9242826,attack,Mouse156_20151012_20-16-37,Mouse156_20151012_20-16-37_f006912
38.179737,-5.3351617,attack,Mouse156_20151012_20-16-37,Mouse156_20151012_20-16-37_f006928
5.5373597,-1.1739824,attack,Mouse156_20151012_20-16-37,Mouse156_20151012_20-16-37_f006976
28.409626,-8.68893,investigation,Mouse156_20151012_20-16-37,Mouse156_20151012_20-16-37_f007040
14.204298,-6.843354,investigation,Mouse156_20151012_20-16-37,Mouse156_20151012_20-16-37_f007056
-1.9481618,-1.2093593,attack,Mouse156_20151012_20-16-37,Mouse156_20151012_20-16-37_f007616
42.847927,2.6793478,attack,Mouse156_20151012_20-16-37,Mouse156_20151012_20-16-37_f007648
40.38613,-3.21099,other,Mouse156_20151012_20-16-37,Mouse156_20151012_20-16-37_f007920
0.6863064,-2.230471,attack,Mouse156_20151012_20-16-37,Mouse156_20151012_20-16-37_f008064
1.1532964,-3.2001088,investigation,Mouse156_20151012_20-16-37,Mouse156_20151012_20-16-37_f008080
-25.356724,2.6696367,investigation,Mouse156_20151012_20-16-37,Mouse156_20151012_20-16-37_f008192
-26.139643,3.3516123,investigation,Mouse156_20151012_20-16-37,Mouse156_20151012_20-16-37_f008224
42.00162,-3.8813686,attack,Mouse156_20151012_20-16-37,Mouse156_20151012_20-16-37_f008448
39.72203,-2.3582175,attack,Mouse156_20151012_20-16-37,Mouse156_20151012_20-16-37_f008512
-38.66719,8.300585,attack,Mouse156_20151012_20-16-37,Mouse156_20151012_20-16-37_f008544
24.090528,-14.599978,investigation,Mouse156_20151012_20-16-37,Mouse156_20151012_20-16-37_f008752
-0.96020776,-8.597212,investigation,Mouse156_20151012_20-16-37,Mouse156_20151012_20-16-37_f008912
55.31226,-22.456257,investigation,Mouse156_20151012_20-16-37,Mouse156_20151012_20-16-37_f009040
4.4559393,-8.856909,investigation,Mouse156_20151012_20-16-37,Mouse156_20151012_20-16-37_f009152
23.907476,-13.234285,investigation,Mouse156_20151012_20-16-37,Mouse156_20151012_20-16-37_f009168
11.811357,-1.3623296,attack,Mouse156_20151012_20-16-37,Mouse156_20151012_20-16-37_f009280
-10.641726,-1.018514,attack,Mouse156_20151012_20-16-37,Mouse156_20151012_20-16-37_f009376
-19.69362,-3.0378761,investigation,Mouse156_20151012_20-16-37,Mouse156_20151012_20-16-37_f009632
-10.514986,-2.9466748,investigation,Mouse156_20151012_20-16-37,Mouse156_20151012_20-16-37_f009712
-0.9174915,-7.5499,investigation,Mouse156_20151012_20-16-37,Mouse156_20151012_20-16-37_f009904
24.704556,-12.861943,other,Mouse156_20151012_20-16-37,Mouse156_20151012_20-16-37_f009984
57.208557,-16.506338,other,Mouse156_20151012_20-16-37,Mouse156_20151012_20-16-37_f010160
-19.27857,-7.3346424,attack,Mouse156_20151124_21-53-46,Mouse156_20151124_21-53-46_f000016
-18.64324,-8.675957,attack,Mouse156_20151124_21-53-46,Mouse156_20151124_21-53-46_f000048
-13.508071,-10.500928,attack,Mouse156_20151124_21-53-46,Mouse156_20151124_21-53-46_f000064
-13.265062,-11.774794,attack,Mouse156_20151124_21-53-46,Mouse156_20151124_21-53-46_f000080
-0.21109152,-14.101606,attack,Mouse156_20151124_21-53-46,Mouse156_20151124_21-53-46_f000096
27.668243,-18.24007,attack,Mouse156_20151124_21-53-46,Mouse156_20151124_21-53-46_f000144
14.672453,-16.386324,attack,Mouse156_20151124_21-53-46,Mouse156_20151124_21-53-46_f000160
-13.7373495,-8.011368,attack,Mouse156_20151124_21-53-46,Mouse156_20151124_21-53-46_f000608
-31.082712,-4.97343,attack,Mouse156_20151124_21-53-46,Mouse156_20151124_21-53-46_f000624
5.626742,-13.178497,other,Mouse156_20151124_21-53-46,Mouse156_20151124_21-53-46_f000960
-29.0963,-5.904683,attack,Mouse156_20151124_21-53-46,Mouse156_20151124_21-53-46_f001392
-29.823261,-4.5317407,attack,Mouse156_20151124_21-53-46,Mouse156_20151124_21-53-46_f001408
-24.78453,-4.4266524,attack,Mouse156_20151124_21-53-46,Mouse156_20151124_21-53-46_f001424
-14.074326,-6.374185,attack,Mouse156_20151124_21-53-46,Mouse156_20151124_21-53-46_f001456
-10.293937,-11.1945915,attack,Mouse156_20151124_21-53-46,Mouse156_20151124_21-53-46_f001536
18.299288,-13.09836,attack,Mouse156_20151124_21-53-46,Mouse156_20151124_21-53-46_f001584
16.793045,-12.544809,attack,Mouse156_20151124_21-53-46,Mouse156_20151124_21-53-46_f001616
40.906467,-12.632665,attack,Mouse156_20151124_21-53-46,Mouse156_20151124_21-53-46_f001648
-19.789957,-8.604357,other,Mouse156_20151124_21-53-46,Mouse156_20151124_21-53-46_f002560
-16.817514,-9.062152,other,Mouse156_20151124_21-53-46,Mouse156_20151124_21-53-46_f002944
-28.25668,1.4250015,other,Mouse156_20151124_21-53-46,Mouse156_20151124_21-53-46_f002976
-42.558155,8.31032,other,Mouse156_20151124_21-53-46,Mouse156_20151124_21-53-46_f003280
-37.97685,4.046761,other,Mouse156_20151124_21-53-46,Mouse156_20151124_21-53-46_f003360
-29.730947,-1.98727,other,Mouse156_20151124_21-53-46,Mouse156_20151124_21-53-46_f003600
-39.525417,4.1402764,other,Mouse156_20151124_21-53-46,Mouse156_20151124_21-53-46_f003872
-6.6073623,-13.639528,investigation,Mouse158_20151129_21-12-54,Mouse158_20151129_21-12-54_f000752
-8.371902,-9.17189,investigation,Mouse158_20151129_21-12-54,Mouse158_20151129_21-12-54_f000768
-15.959613,-16.32697,other,Mouse158_20151129_21-12-54,Mouse158_20151129_21-12-54_f000960
-19.624056,-11.267667,other,Mouse158_20151129_21-12-54,Mouse158_20151129_21-12-54_f001376
-29.152935,0.31101996,other,Mouse158_20151129_21-12-54,Mouse158_20151129_21-12-54_f001504
-17.525106,-7.291126,other,Mouse158_20151129_21-12-54,Mouse158_20151129_21-12-54_f001696
-30.80133,-1.7092295,other,Mouse158_20151129_21-12-54,Mouse158_20151129_21-12-54_f001728
4.6867313,-20.594646,other,Mouse158_20151129_21-12-54,Mouse158_20151129_21-12-54_f001776
-14.978152,-14.297029,other,Mouse158_20151129_21-12-54,Mouse158_20151129_21-12-54_f002256
-11.101978,-16.040194,other,Mouse158_20151129_21-12-54,Mouse158_20151129_21-12-54_f002336
-32.247723,-9.2712,other,Mouse158_20151129_21-12-54,Mouse158_20151129_21-12-54_f002352
-28.627756,-3.2158473,attack,Mouse158_20151129_21-12-54,Mouse158_20151129_21-12-54_f002624
15.792196,-16.309557,attack,Mouse158_20151129_21-12-54,Mouse158_20151129_21-12-54_f002752
16.661098,-11.910508,attack,Mouse158_20151129_21-12-54,Mouse158_20151129_21-12-54_f002768
20.583395,-9.188945,attack,Mouse158_20151129_21-12-54,Mouse158_20151129_21-12-54_f002784
7.1144423,-13.926013,attack,Mouse158_20151129_21-12-54,Mouse158_20151129_21-12-54_f003424
10.497597,-15.769011,attack,Mouse158_20151129_21-12-54,Mouse158_20151129_21-12-54_f003440
2.7474263,-4.0203958,attack,Mouse158_20151129_21-12-54,Mouse158_20151129_21-12-54_f003520
8.335612,-4.2368174,attack,Mouse158_20151129_21-12-54,Mouse158_20151129_21-12-54_f003536
-16.336304,-13.046045,investigation,Mouse158_20151129_21-12-54,Mouse158_20151129_21-12-54_f003600
-30.934856,-5.8868136,other,Mouse158_20151129_21-12-54,Mouse158_20151129_21-12-54_f004192
-29.06398,-7.35737,attack,Mouse158_20151129_21-12-54,Mouse158_20151129_21-12-54_f004336
24.472029,-10.353106,attack,Mouse158_20151129_21-12-54,Mouse158_20151129_21-12-54_f004400
-26.984283,-5.0534024,attack,Mouse158_20151129_21-12-54,Mouse158_20151129_21-12-54_f004448
-19.003996,-9.258148,attack,Mouse158_20151129_21-12-54,Mouse158_20151129_21-12-54_f004464
-1.7684724,-11.08476,attack,Mouse158_20151129_21-12-54,Mouse158_20151129_21-12-54_f004496
-28.688911,-6.3235707,attack,Mouse158_20151129_21-12-54,Mouse158_20151129_21-12-54_f004528
-18.070457,-12.711341,attack,Mouse158_20151129_21-12-54,Mouse158_20151129_21-12-54_f004544
-9.211514,-15.491113,attack,Mouse158_20151129_21-12-54,Mouse158_20151129_21-12-54_f004560
-0.7565458,-18.348825,other,Mouse158_20151129_21-12-54,Mouse158_20151129_21-12-54_f005200
3.5720978,-20.69663,other,Mouse158_20151129_21-12-54,Mouse158_20151129_21-12-54_f005280
15.596924,-20.826311,investigation,Mouse158_20151129_21-12-54,Mouse158_20151129_21-12-54_f005808
40.56908,-21.065615,attack,Mouse158_20151129_21-12-54,Mouse158_20151129_21-12-54_f005840
3.6360908,-9.5040655,attack,Mouse158_20151129_21-12-54,Mouse158_20151129_21-12-54_f005920
-36.414463,-0.05328243,investigation,Mouse158_20151129_21-12-54,Mouse158_20151129_21-12-54_f006912
-32.89955,-3.057346,other,Mouse158_20151129_21-12-54,Mouse158_20151129_21-12-54_f007280
-21.944395,-6.0358105,other,Mouse158_20151129_21-12-54,Mouse158_20151129_21-12-54_f007536
-25.549,-8.688595,other,Mouse158_20151129_21-12-54,Mouse158_20151129_21-12-54_f008736
-27.8426,-3.5785036,other,Mouse158_20151129_21-12-54,Mouse158_20151129_21-12-54_f009072
-0.029320639,-13.031813,attack,Mouse159_20151129_20-48-38,Mouse159_20151129_20-48-38_f000016
-8.825666,-9.100519,attack,Mouse159_20151129_20-48-38,Mouse159_20151129_20-48-38_f000096
-15.28046,-12.987229,attack,Mouse159_20151129_20-48-38,Mouse159_20151129_20-48-38_f000176
-9.163874,-10.13607,attack,Mouse159_20151129_20-48-38,Mouse159_20151129_20-48-38_f000192
-12.372678,-3.9421155,attack,Mouse159_20151129_20-48-38,Mouse159_20151129_20-48-38_f000208
-3.7876747,-13.614779,investigation,Mouse159_20151129_20-48-38,Mouse159_20151129_20-48-38_f000256
-37.343086,2.7377787,attack,Mouse159_20151129_20-48-38,Mouse159_20151129_20-48-38_f000304
-18.473488,-9.616509,attack,Mouse159_20151129_20-48-38,Mouse159_20151129_20-48-38_f000416
12.166155,-16.763474,attack,Mouse159_20151129_20-48-38,Mouse159_20151129_20-48-38_f000448
8.048949,-17.333286,investigation,Mouse159_20151129_20-48-38,Mouse159_20151129_20-48-38_f000480
-11.933517,-14.891731,attack,Mouse159_20151129_20-48-38,Mouse159_20151129_20-48-38_f000496
-13.354746,-13.7548065,attack,Mouse159_20151129_20-48-38,Mouse159_20151129_20-48-38_f000528
-0.0072395178,-14.228374,attack,Mouse159_20151129_20-48-38,Mouse159_20151129_20-48-38_f000544
31.185307,-17.873407,attack,Mouse159_20151129_20-48-38,Mouse159_20151129_20-48-38_f000560
-19.31905,-8.909773,other,Mouse159_20151129_20-48-38,Mouse159_20151129_20-48-38_f001136
-30.683767,-2.7493398,other,Mouse159_20151129_20-48-38,Mouse159_20151129_20-48-38_f001280
-29.457516,-0.6480935,other,Mouse159_20151129_20-48-38,Mouse159_20151129_20-48-38_f001536
7.256768,-18.316496,attack,Mouse159_20151129_20-48-38,Mouse159_20151129_20-48-38_f002032
-18.101645,-4.824309,attack,Mouse159_20151129_20-48-38,Mouse159_20151129_20-48-38_f002048
-14.138189,-9.354071,attack,Mouse159_20151129_20-48-38,Mouse159_20151129_20-48-38_f002128
-2.0810149,-15.024831,attack,Mouse159_20151129_20-48-38,Mouse159_20151129_20-48-38_f002192
-0.47900653,-12.819019,attack,Mouse159_20151129_20-48-38,Mouse159_20151129_20-48-38_f002208
-26.86612,0.2993394,attack,Mouse159_20151129_20-48-38,Mouse159_20151129_20-48-38_f002224
-14.822166,-10.61811,attack,Mouse159_20151129_20-48-38,Mouse159_20151129_20-48-38_f002304
-23.175623,-5.819031,investigation,Mouse159_20151129_20-48-38,Mouse159_20151129_20-48-38_f002496
-22.241661,0.010830007,other,Mouse159_20151129_20-48-38,Mouse159_20151129_20-48-38_f002816
-36.261166,-2.2033658,other,Mouse159_20151129_20-48-38,Mouse159_20151129_20-48-38_f002992
-18.631536,-9.002068,other,Mouse159_20151129_20-48-38,Mouse159_20151129_20-48-38_f003040
12.8201885,-12.987716,other,Mouse159_20151129_20-48-38,Mouse159_20151129_20-48-38_f003344
-43.926796,10.089077,other,Mouse159_20151129_20-48-38,Mouse159_20151129_20-48-38_f003600
-21.727356,-4.8976717,investigation,Mouse159_20151129_20-48-38,Mouse159_20151129_20-48-38_f003824
-17.866533,-9.397815,mount,Mouse159_20151129_20-48-38,Mouse159_20151129_20-48-38_f003904
-21.428858,-9.040805,attack,Mouse159_20151129_20-48-38,Mouse159_20151129_20-48-38_f003952
-23.11858,-7.461172,attack,Mouse159_20151129_20-48-38,Mouse159_20151129_20-48-38_f003968
-26.665522,-5.966365,attack,Mouse159_20151129_20-48-38,Mouse159_20151129_20-48-38_f004032
-23.624342,-7.316196,attack,Mouse159_20151129_20-48-38,Mouse159_20151129_20-48-38_f004048
-13.947772,-9.282022,investigation,Mouse159_20151129_20-48-38,Mouse159_20151129_20-48-38_f004096
1.6494142,-13.226851,investigation,Mouse159_20151129_20-48-38,Mouse159_20151129_20-48-38_f004144
-4.187615,-13.487757,investigation,Mouse159_20151129_20-48-38,Mouse159_20151129_20-48-38_f004192
26.899704,-21.130678,other,Mouse159_20151129_20-48-38,Mouse159_20151129_20-48-38_f005024
-1.4815676,-10.906231,other,Mouse159_20151129_20-48-38,Mouse159_20151129_20-48-38_f005088
-16.804626,-8.827716,other,Mouse159_20151129_20-48-38,Mouse159_20151129_20-48-38_f005280
-16.42342,-5.826402,other,Mouse159_20151129_20-48-38,Mouse159_20151129_20-48-38_f005712
1.107135,-14.162383,investigation,Mouse159_20151129_20-48-38,Mouse159_20151129_20-48-38_f005824
-22.181486,-3.5420225,other,Mouse159_20151129_20-48-38,Mouse159_20151129_20-48-38_f006128
-2.155132,-9.474938,other,Mouse159_20151129_20-48-38,Mouse159_20151129_20-48-38_f006240
-2.0090523,-11.319381,other,Mouse159_20151129_20-48-38,Mouse159_20151129_20-48-38_f006272
-22.130882,-7.5445123,other,Mouse159_20151129_20-48-38,Mouse159_20151129_20-48-38_f006672
0.74917316,-13.249207,investigation,Mouse159_20151129_20-48-38,Mouse159_20151129_20-48-38_f006704
-23.173573,-5.776681,other,Mouse159_20151129_20-48-38,Mouse159_20151129_20-48-38_f007152
-13.375551,-10.20735,other,Mouse159_20151129_20-48-38,Mouse159_20151129_20-48-38_f007312
-30.341337,-2.198538,attack,Mouse159_20151129_20-57-31,Mouse159_20151129_20-57-31_f000096
-23.254166,-2.640141,attack,Mouse159_20151129_20-57-31,Mouse159_20151129_20-57-31_f000144
42.82013,-18.143314,attack,Mouse159_20151129_20-57-31,Mouse159_20151129_20-57-31_f000176
-13.111919,-7.186493,other,Mouse159_20151129_20-57-31,Mouse159_20151129_20-57-31_f000416
-22.67682,-6.634563,investigation,Mouse159_20151129_20-57-31,Mouse159_20151129_20-57-31_f000880
0.6014226,-11.727743,attack,Mouse159_20151129_20-57-31,Mouse159_20151129_20-57-31_f000912
-19.216013,-2.5822113,attack,Mouse159_20151129_20-57-31,Mouse159_20151129_20-57-31_f001104
-20.812145,-4.8860555,attack,Mouse159_20151129_20-57-31,Mouse159_20151129_20-57-31_f001120
-3.7931976,-4.278136,attack,Mouse159_20151129_20-57-31,Mouse159_20151129_20-57-31_f001168
-2.6328993,-7.830754,attack,Mouse159_20151129_20-57-31,Mouse159_20151129_20-57-31_f001200
-31.846706,-4.9990253,other,Mouse159_20151129_20-57-31,Mouse159_20151129_20-57-31_f001488
-3.3019478,-14.969672,other,Mouse159_20151129_20-57-31,Mouse159_20151129_20-57-31_f002000
-4.2471437,-9.524503,other,Mouse159_20151129_20-57-31,Mouse159_20151129_20-57-31_f002096
0.045544527,-7.8359737,other,Mouse159_20151129_20-57-31,Mouse159_20151129_20-57-31_f002128
-24.171244,-9.086443,other,Mouse159_20151129_20-57-31,Mouse159_20151129_20-57-31_f002224
-39.56017,-0.45424497,other,Mouse159_20151129_20-57-31,Mouse159_20151129_20-57-31_f002560
-21.573338,-9.226487,other,Mouse159_20151129_20-57-31,Mouse159_20151129_20-57-31_f003168
-27.89542,-5.674552,other,Mouse159_20151129_20-57-31,Mouse159_20151129_20-57-31_f003264
-21.225533,-5.630436,investigation,Mouse159_20151129_20-57-31,Mouse159_20151129_20-57-31_f003760
-7.020228,-40.62398,other,Mouse162_20161017_19-58-28,Mouse162_20161017_19-58-28_f000208
0.01966243,-41.088486,other,Mouse162_20161017_19-58-28,Mouse162_20161017_19-58-28_f000224
10.364859,-34.480698,other,Mouse162_20161017_19-58-28,Mouse162_20161017_19-58-28_f000896
2.9263759,-31.277037,other,Mouse162_20161017_19-58-28,Mouse162_20161017_19-58-28_f001104
46.014656,-38.935658,investigation,Mouse162_20161017_19-58-28,Mouse162_20161017_19-58-28_f001152
-5.5428734,-38.35144,investigation,Mouse162_20161017_19-58-28,Mouse162_20161017_19-58-28_f001344
53.948086,-30.53232,attack,Mouse162_20161017_19-58-28,Mouse162_20161017_19-58-28_f001488
49.716145,-30.532576,attack,Mouse162_20161017_19-58-28,Mouse162_20161017_19-58-28_f001504
-34.368717,-20.871607,attack,Mouse162_20161017_19-58-28,Mouse162_20161017_19-58-28_f001584
1.5931734,-31.14885,investigation,Mouse162_20161017_19-58-28,Mouse162_20161017_19-58-28_f001616
-1.8918796,-41.305355,investigation,Mouse162_20161017_19-58-28,Mouse162_20161017_19-58-28_f001648
84.170555,-37.4499,attack,Mouse162_20161017_19-58-28,Mouse162_20161017_19-58-28_f001712
16.085478,-38.80516,attack,Mouse162_20161017_19-58-28,Mouse162_20161017_19-58-28_f001760
5.04412,-40.27174,attack,Mouse162_20161017_19-58-28,Mouse162_20161017_19-58-28_f001776
-13.994742,-40.174114,attack,Mouse162_20161017_19-58-28,Mouse162_20161017_19-58-28_f001808
-18.984236,-36.054688,attack,Mouse162_20161017_19-58-28,Mouse162_20161017_19-58-28_f001824
-2.469655,-41.640507,investigation,Mouse162_20161017_19-58-28,Mouse162_20161017_19-58-28_f001856
42.59386,-49.197174,attack,Mouse162_20161017_19-58-28,Mouse162_20161017_19-58-28_f001984
19.068378,-48.307537,investigation,Mouse162_20161017_19-58-28,Mouse162_20161017_19-58-28_f002400
-31.336357,-27.030716,attack,Mouse162_20161017_19-58-28,Mouse162_20161017_19-58-28_f002464
-33.37445,-19.504246,other,Mouse162_20161017_19-58-28,Mouse162_20161017_19-58-28_f003232
-39.98748,-15.779126,other,Mouse162_20161017_19-58-28,Mouse162_20161017_19-58-28_f003328
-43.254986,-14.448754,investigation,Mouse162_20161017_19-58-28,Mouse162_20161017_19-58-28_f003344
11.591666,-54.73009,investigation,Mouse162_20161017_19-58-28,Mouse162_20161017_19-58-28_f003664
4.228926,-48.73526,investigation,Mouse162_20161017_19-58-28,Mouse162_20161017_19-58-28_f003744
-21.068241,-30.146265,attack,Mouse162_20161017_19-58-28,Mouse162_20161017_19-58-28_f003808
-35.86977,-19.733925,attack,Mouse162_20161017_19-58-28,Mouse162_20161017_19-58-28_f003824
-22.24902,-29.998154,investigation,Mouse162_20161017_19-58-28,Mouse162_20161017_19-58-28_f003936
-31.066187,-25.201433,other,Mouse162_20161017_19-58-28,Mouse162_20161017_19-58-28_f004032
-39.587334,-19.035772,investigation,Mouse162_20161017_19-58-28,Mouse162_20161017_19-58-28_f004576
2.6771188,-42.39793,investigation,Mouse162_20161017_19-58-28,Mouse162_20161017_19-58-28_f005216
12.55764,-35.766357,attack,Mouse162_20161017_19-58-28,Mouse162_20161017_19-58-28_f005280
-27.16917,-28.20685,investigation,Mouse162_20161017_19-58-28,Mouse162_20161017_19-58-28_f005328
32.90225,-55.303318,investigation,Mouse162_20161017_19-58-28,Mouse162_20161017_19-58-28_f005744
25.239113,-54.563457,investigation,Mouse162_20161017_19-58-28,Mouse162_20161017_19-58-28_f005776
28.729893,-47.19954,other,Mouse162_20161017_19-58-28,Mouse162_20161017_19-58-28_f006288
-8.288364,-36.874485,investigation,Mouse162_20161017_19-58-28,Mouse162_20161017_19-58-28_f006592
5.931108,-47.448975,investigation,Mouse162_20161017_19-58-28,Mouse162_20161017_19-58-28_f006688
30.999794,-48.69363,investigation,Mouse162_20161017_19-58-28,Mouse162_20161017_19-58-28_f006752
-26.384945,-29.213017,attack,Mouse162_20161017_19-58-28,Mouse162_20161017_19-58-28_f006784
-33.273857,-24.067368,attack,Mouse162_20161017_19-58-28,Mouse162_20161017_19-58-28_f006800
-30.04306,-27.765406,investigation,Mouse162_20161017_19-58-28,Mouse162_20161017_19-58-28_f006928
-10.219692,-34.786213,investigation,Mouse162_20161017_19-58-28,Mouse162_20161017_19-58-28_f007040
-26.525085,-24.324026,investigation,Mouse162_20161017_19-58-28,Mouse162_20161017_19-58-28_f007520
7.8445597,-47.219162,other,Mouse162_20161017_19-58-28,Mouse162_20161017_19-58-28_f008336
17.958534,-45.217773,other,Mouse162_20161017_19-58-28,Mouse162_20161017_19-58-28_f008672
44.57144,-51.60095,other,Mouse162_20161017_19-58-28,Mouse162_20161017_19-58-28_f008704
-34.43904,-20.131231,investigation,Mouse162_20161017_19-58-28,Mouse162_20161017_19-58-28_f008848
11.64582,-40.85916,other,Mouse162_20161017_19-58-28,Mouse162_20161017_19-58-28_f008928
-26.98585,-22.054697,other,Mouse162_20161017_19-58-28,Mouse162_20161017_19-58-28_f009072
23.319931,-46.9736,investigation,Mouse162_20161017_19-58-28,Mouse162_20161017_19-58-28_f009280
12.601396,-44.657658,investigation,Mouse162_20161017_19-58-28,Mouse162_20161017_19-58-28_f009360
-17.953962,-34.85044,investigation,Mouse162_20161017_19-58-28,Mouse162_20161017_19-58-28_f009600
-3.367113,-41.234013,investigation,Mouse162_20161017_19-58-28,Mouse162_20161017_19-58-28_f010640
-12.670774,-36.197483,investigation,Mouse162_20161017_19-58-28,Mouse162_20161017_19-58-28_f010688
-25.327848,-28.563576,investigation,Mouse162_20161017_19-58-28,Mouse162_20161017_19-58-28_f010864
-24.89856,-28.337078,investigation,Mouse162_20161017_19-58-28,Mouse162_20161017_19-58-28_f010880
0.66643876,-41.563812,investigation,Mouse162_20161017_19-58-28,Mouse162_20161017_19-58-28_f011904
21.459692,-48.545616,investigation,Mouse162_20161017_19-58-28,Mouse162_20161017_19-58-28_f012016
11.183569,-44.25713,investigation,Mouse162_20161017_19-58-28,Mouse162_20161017_19-58-28_f012144
2.8710952,-41.04458,investigation,Mouse162_20161017_19-58-28,Mouse162_20161017_19-58-28_f012192
1.3122891,-41.59222,investigation,Mouse162_20161017_19-58-28,Mouse162_20161017_19-58-28_f012272
1.8001907,-41.56819,investigation,Mouse162_20161017_19-58-28,Mouse162_20161017_19-58-28_f012288
19.971628,-44.771973,investigation,Mouse162_20161017_19-58-28,Mouse162_20161017_19-58-28_f012336
23.019701,-43.014965,investigation,Mouse162_20161017_19-58-28,Mouse162_20161017_19-58-28_f012592
5.0620465,-38.12968,investigation,Mouse162_20161017_19-58-28,Mouse162_20161017_19-58-28_f012608
3.6866426,-43.453102,investigation,Mouse162_20161017_19-58-28,Mouse162_20161017_19-58-28_f012848
16.43434,-43.74506,investigation,Mouse162_20161017_19-58-28,Mouse162_20161017_19-58-28_f012912
15.205383,-44.868862,other,Mouse162_20161017_19-58-28,Mouse162_20161017_19-58-28_f013328
9.182364,-42.600025,investigation,Mouse162_20161017_19-58-28,Mouse162_20161017_19-58-28_f013520
47.688217,-57.971294,investigation,Mouse162_20161017_19-58-28,Mouse162_20161017_19-58-28_f013552
20.074186,-47.34293,investigation,Mouse162_20161017_19-58-28,Mouse162_20161017_19-58-28_f013648
25.77207,-45.837757,investigation,Mouse162_20161017_19-58-28,Mouse162_20161017_19-58-28_f013872
9.184438,-39.343163,other,Mouse162_20161017_19-58-28,Mouse162_20161017_19-58-28_f014240
-4.389131,-39.30093,other,Mouse162_20161017_19-58-28,Mouse162_20161017_19-58-28_f014272
-18.148182,-30.020363,other,Mouse162_20161017_19-58-28,Mouse162_20161017_19-58-28_f014368
-31.020681,-24.015705,other,Mouse162_20161017_19-58-28,Mouse162_20161017_19-58-28_f014512
2.0820866,-37.592022,other,Mouse162_20161017_19-58-28,Mouse162_20161017_19-58-28_f015024
-6.1959434,-39.224297,investigation,Mouse162_20161017_19-58-28,Mouse162_20161017_19-58-28_f015264
39.4841,-49.14794,investigation,Mouse162_20161017_19-58-28,Mouse162_20161017_19-58-28_f015424
58.2756,-57.5341,other,Mouse162_20161017_19-58-28,Mouse162_20161017_19-58-28_f015520
-22.728596,-29.464088,other,Mouse162_20161017_19-58-28,Mouse162_20161017_19-58-28_f015744
-19.57773,-35.36562,investigation,Mouse162_20161017_19-58-28,Mouse162_20161017_19-58-28_f016048
-17.460445,-34.395554,other,Mouse162_20161017_19-58-28,Mouse162_20161017_19-58-28_f016240
49.111744,-52.752098,investigation,Mouse162_20161017_19-58-28,Mouse162_20161017_19-58-28_f016864
21.252905,-55.83,investigation,Mouse162_20161017_19-58-28,Mouse162_20161017_19-58-28_f016992
-6.365971,-41.44535,other,Mouse162_20161017_19-58-28,Mouse162_20161017_19-58-28_f017136
-16.199282,-30.956007,other,Mouse162_20161017_19-58-28,Mouse162_20161017_19-58-28_f017296
18.357899,-42.09496,other,Mouse162_20161017_19-58-28,Mouse162_20161017_19-58-28_f017312
17.772312,-46.708534,investigation,Mouse162_20161017_19-58-28,Mouse162_20161017_19-58-28_f017376
-18.475462,-21.651844,investigation,Mouse163_20161018_18-22-45,Mouse163_20161018_18-22-45_f000144
-23.33536,-27.058865,investigation,Mouse163_20161018_18-22-45,Mouse163_20161018_18-22-45_f000176
-21.157917,-28.121685,investigation,Mouse163_20161018_18-22-45,Mouse163_20161018_18-22-45_f000208
20.621397,-36.675026,investigation,Mouse163_20161018_18-22-45,Mouse163_20161018_18-22-45_f000256
6.659842,-34.732323,investigation,Mouse163_20161018_18-22-45,Mouse163_20161018_18-22-45_f000288
-1.2348124,-27.64003,investigation,Mouse163_20161018_18-22-45,Mouse163_20161018_18-22-45_f000640
-8.117933,-37.863724,investigation,Mouse163_20161018_18-22-45,Mouse163_20161018_18-22-45_f000800
-3.1470618,-34.49786,investigation,Mouse163_20161018_18-22-45,Mouse163_20161018_18-22-45_f001008
-38.02124,-19.444332,investigation,Mouse163_20161018_18-22-45,Mouse163_20161018_18-22-45_f001712
-32.661587,-27.398998,investigation,Mouse163_20161018_18-22-45,Mouse163_20161018_18-22-45_f001984
-32.98749,-24.019861,investigation,Mouse163_20161018_18-22-45,Mouse163_20161018_18-22-45_f002064
40.685223,-40.824417,investigation,Mouse163_20161018_18-22-45,Mouse163_20161018_18-22-45_f002224
-24.46908,-32.463898,investigation,Mouse163_20161018_18-22-45,Mouse163_20161018_18-22-45_f002288
5.1990232,-43.671974,investigation,Mouse163_20161018_18-22-45,Mouse163_20161018_18-22-45_f002432
-20.647116,-31.585075,other,Mouse163_20161018_18-22-45,Mouse163_20161018_18-22-45_f002592
10.59557,-31.276932,mount,Mouse163_20161018_18-22-45,Mouse163_20161018_18-22-45_f002880
-3.003608,-36.78074,mount,Mouse163_20161018_18-22-45,Mouse163_20161018_18-22-45_f002992
-28.127403,-28.451414,investigation,Mouse163_20161018_18-22-45,Mouse163_20161018_18-22-45_f003152
-9.581741,-43.91009,investigation,Mouse163_20161018_18-22-45,Mouse163_20161018_18-22-45_f003328
-0.040821943,-43.888054,mount,Mouse163_20161018_18-22-45,Mouse163_20161018_18-22-45_f003392
-38.875824,-15.343316,investigation,Mouse163_20161018_18-22-45,Mouse163_20161018_18-22-45_f003424
12.104027,-48.3217,investigation,Mouse163_20161018_18-22-45,Mouse163_20161018_18-22-45_f003600
19.551641,-50.500057,other,Mouse163_20161018_18-22-45,Mouse163_20161018_18-22-45_f004000
-4.869392,-39.635727,investigation,Mouse163_20161018_18-22-45,Mouse163_20161018_18-22-45_f004176
-4.2889,-38.10119,other,Mouse163_20161018_18-22-45,Mouse163_20161018_18-22-45_f004608
-5.1408925,-29.40118,investigation,Mouse163_20161018_18-22-45,Mouse163_20161018_18-22-45_f005024
15.6154375,-36.271347,mount,Mouse163_20161018_18-22-45,Mouse163_20161018_18-22-45_f005056
31.597054,-35.193104,mount,Mouse163_20161018_18-22-45,Mouse163_20161018_18-22-45_f005088
-19.743551,-35.62191,mount,Mouse163_20161018_18-22-45,Mouse163_20161018_18-22-45_f005248
-17.422316,-38.465603,other,Mouse163_20161018_18-22-45,Mouse163_20161018_18-22-45_f005504
-10.638591,-37.3782,other,Mouse163_20161018_18-22-45,Mouse163_20161018_18-22-45_f005840
-20.038805,-30.149462,other,Mouse163_20161018_18-22-45,Mouse163_20161018_18-22-45_f005856
-23.201818,-26.091017,other,Mouse163_20161018_18-22-45,Mouse163_20161018_18-22-45_f006080
41.286453,-29.285501,investigation,Mouse163_20161018_18-22-45,Mouse163_20161018_18-22-45_f006160
-12.695669,-32.672993,other,Mouse163_20161018_18-22-45,Mouse163_20161018_18-22-45_f006432
-46.725567,16.451561,investigation,Mouse627_20181026_17-29-36_01994-09560,Mouse627_20181026_17-29-36_01994-09560_f000256
-44.282394,15.23436,investigation,Mouse627_20181026_17-29-36_01994-09560,Mouse627_20181026_17-29-36_01994-09560_f000288
-23.599852,8.9140625,investigation,Mouse627_20181026_17-29-36_01994-09560,Mouse627_20181026_17-29-36_01994-09560_f000400
-27.84304,11.657307,investigation,Mouse627_20181026_17-29-36_01994-09560,Mouse627_20181026_17-29-36_01994-09560_f000416
-49.18387,15.252901,other,Mouse627_20181026_17-29-36_01994-09560,Mouse627_20181026_17-29-36_01994-09560_f000752
-28.671911,6.4376135,investigation,Mouse627_20181026_17-29-36_01994-09560,Mouse627_20181026_17-29-36_01994-09560_f001056
-50.416985,16.28144,investigation,Mouse627_20181026_17-29-36_01994-09560,Mouse627_20181026_17-29-36_01994-09560_f001376
-44.431156,14.204098,investigation,Mouse627_20181026_17-29-36_01994-09560,Mouse627_20181026_17-29-36_01994-09560_f001536
-41.331345,12.06872,investigation,Mouse627_20181026_17-29-36_01994-09560,Mouse627_20181026_17-29-36_01994-09560_f001712
-34.430943,12.869307,investigation,Mouse627_20181026_17-29-36_01994-09560,Mouse627_20181026_17-29-36_01994-09560_f001776
-20.501812,10.4294,investigation,Mouse627_20181026_17-29-36_01994-09560,Mouse627_20181026_17-29-36_01994-09560_f001792
-40.76669,13.169256,investigation,Mouse627_20181026_17-29-36_01994-09560,Mouse627_20181026_17-29-36_01994-09560_f002064
-29.153746,8.8161545,other,Mouse627_20181026_17-29-36_01994-09560,Mouse627_20181026_17-29-36_01994-09560_f002256
-46.462437,17.75255,investigation,Mouse627_20181026_17-29-36_01994-09560,Mouse627_20181026_17-29-36_01994-09560_f002944
-37.632866,9.290805,investigation,Mouse627_20181026_17-29-36_01994-09560,Mouse627_20181026_17-29-36_01994-09560_f003232
18.326782,-1.4631228,other,Mouse627_20181026_17-29-36_01994-09560,Mouse627_20181026_17-29-36_01994-09560_f003280
-42.201237,14.60641,investigation,Mouse627_20181026_17-29-36_01994-09560,Mouse627_20181026_17-29-36_01994-09560_f003472
-42.419933,13.443071,other,Mouse627_20181026_17-29-36_01994-09560,Mouse627_20181026_17-29-36_01994-09560_f003520
-28.183302,7.1456923,investigation,Mouse627_20181026_17-29-36_01994-09560,Mouse627_20181026_17-29-36_01994-09560_f003888
-29.010677,8.775637,investigation,Mouse627_20181026_17-29-36_01994-09560,Mouse627_20181026_17-29-36_01994-09560_f003904
-21.064554,6.297052,mount,Mouse627_20181026_17-29-36_01994-09560,Mouse627_20181026_17-29-36_01994-09560_f004384
65.59088,1.8155065,mount,Mouse627_20181026_17-29-36_01994-09560,Mouse627_20181026_17-29-36_01994-09560_f004848
78.5601,0.5247417,mount,Mouse627_20181026_17-29-36_01994-09560,Mouse627_20181026_17-29-36_01994-09560_f004864
37.604084,2.237054,mount,Mouse627_20181026_17-29-36_01994-09560,Mouse627_20181026_17-29-36_01994-09560_f004912
18.695353,1.7379762,mount,Mouse627_20181026_17-29-36_01994-09560,Mouse627_20181026_17-29-36_01994-09560_f005536
69.71843,-5.0773854,mount,Mouse627_20181026_17-29-36_01994-09560,Mouse627_20181026_17-29-36_01994-09560_f005552
93.43326,-5.1409335,mount,Mouse627_20181026_17-29-36_01994-09560,Mouse627_20181026_17-29-36_01994-09560_f005584
30.863997,-2.9688456,other,Mouse627_20181026_17-29-36_01994-09560,Mouse627_20181026_17-29-36_01994-09560_f005680
-11.296775,6.6864185,other,Mouse627_20181026_17-29-36_01994-09560,Mouse627_20181026_17-29-36_01994-09560_f005968
-15.600338,6.6640234,other,Mouse627_20181026_17-29-36_01994-09560,Mouse627_20181026_17-29-36_01994-09560_f006096
-9.7084,10.682144,mount,Mouse627_20181026_17-29-36_01994-09560,Mouse627_20181026_17-29-36_01994-09560_f006352
-15.977504,11.004083,mount,Mouse627_20181026_17-29-36_01994-09560,Mouse627_20181026_17-29-36_01994-09560_f006416
5.9392486,8.568242,other,Mouse627_20181026_17-29-36_01994-09560,Mouse627_20181026_17-29-36_01994-09560_f006464
30.449793,9.33876,mount,Mouse627_20181026_17-29-36_01994-09560,Mouse627_20181026_17-29-36_01994-09560_f006528
-18.502705,6.6200733,other,Mouse627_20181026_17-29-36_01994-09560,Mouse627_20181026_17-29-36_01994-09560_f006992
7.833571,9.616409,investigation,Mouse627_20181026_17-29-36_01994-09560,Mouse627_20181026_17-29-36_01994-09560_f007024
25.184284,7.086293,mount,Mouse627_20181026_17-29-36_01994-09560,Mouse627_20181026_17-29-36_01994-09560_f007072
105.8334,-2.2142763,mount,Mouse627_20181026_17-29-36_01994-09560,Mouse627_20181026_17-29-36_01994-09560_f007392
101.9021,-1.4345111,mount,Mouse627_20181026_17-29-36_01994-09560,Mouse627_20181026_17-29-36_01994-09560_f007408
79.40892,1.4784029,mount,Mouse627_20181026_17-29-36_01994-09560,Mouse627_20181026_17-29-36_01994-09560_f007456
-46.954067,19.091629,investigation,Mouse627_20181026_17-29-36_10191-15523,Mouse627_20181026_17-29-36_10191-15523_f000128
-36.837704,15.44824,investigation,Mouse627_20181026_17-29-36_10191-15523,Mouse627_20181026_17-29-36_10191-15523_f000368
-44.031097,18.661772,investigation,Mouse627_20181026_17-29-36_10191-15523,Mouse627_20181026_17-29-36_10191-15523_f000480
-43.950966,15.870753,investigation,Mouse627_20181026_17-29-36_10191-15523,Mouse627_20181026_17-29-36_10191-15523_f000624
-35.478832,14.100207,investigation,Mouse627_20181026_17-29-36_10191-15523,Mouse627_20181026_17-29-36_10191-15523_f000672
-19.833448,8.589611,investigation,Mouse627_20181026_17-29-36_10191-15523,Mouse627_20181026_17-29-36_10191-15523_f001056
-22.509132,3.0606108,other,Mouse627_20181026_17-29-36_10191-15523,Mouse627_20181026_17-29-36_10191-15523_f001312
-18.029783,5.4829407,investigation,Mouse627_20181026_17-29-36_10191-15523,Mouse627_20181026_17-29-36_10191-15523_f001808
9.769895,-3.4774003,investigation,Mouse627_20181026_17-29-36_10191-15523,Mouse627_20181026_17-29-36_10191-15523_f002064
-31.732395,12.094462,mount,Mouse627_20181026_17-29-36_10191-15523,Mouse627_20181026_17-29-36_10191-15523_f002560
-16.830317,7.865886,mount,Mouse627_20181026_17-29-36_10191-15523,Mouse627_20181026_17-29-36_10191-15523_f002624
8.579695,3.2638137,mount,Mouse627_20181026_17-29-36_10191-15523,Mouse627_20181026_17-29-36_10191-15523_f002640
-28.347876,5.218126,mount,Mouse627_20181026_17-29-36_10191-15523,Mouse627_20181026_17-29-36_10191-15523_f002976
-23.52528,3.249134,mount,Mouse627_20181026_17-29-36_10191-15523,Mouse627_20181026_17-29-36_10191-15523_f003040
-21.750578,3.3349414,mount,Mouse627_20181026_17-29-36_10191-15523,Mouse627_20181026_17-29-36_10191-15523_f003104
-14.003729,1.1975039,mount,Mouse627_20181026_17-29-36_10191-15523,Mouse627_20181026_17-29-36_10191-15523_f003152
-21.57747,4.3494825,mount,Mouse627_20181026_17-29-36_10191-15523,Mouse627_20181026_17-29-36_10191-15523_f003648
15.521064,0.16784333,other,Mouse627_20181026_17-29-36_10191-15523,Mouse627_20181026_17-29-36_10191-15523_f004320
23.914145,3.610267,other,Mouse627_20181026_17-29-36_10191-15523,Mouse627_20181026_17-29-36_10191-15523_f004368
29.840929,-0.28373215,other,Mouse627_20181026_17-29-36_10191-15523,Mouse627_20181026_17-29-36_10191-15523_f004400
54.51981,-0.47546703,mount,Mouse627_20181026_17-29-36_10191-15523,Mouse627_20181026_17-29-36_10191-15523_f004512
10.420834,1.0044632,mount,Mouse627_20181026_17-29-36_10191-15523,Mouse627_20181026_17-29-36_10191-15523_f004576
-9.034622,2.5944383,other,Mouse627_20181026_17-29-36_10191-15523,Mouse627_20181026_17-29-36_10191-15523_f004720
-34.041035,14.051663,other,Mouse627_20181026_17-29-36_10191-15523,Mouse627_20181026_17-29-36_10191-15523_f005040
-33.366425,9.60008,investigation,Mouse627_20181026_17-29-36_16209-22286,Mouse627_20181026_17-29-36_16209-22286_f000080
-30.094748,8.702669,mount,Mouse627_20181026_17-29-36_16209-22286,Mouse627_20181026_17-29-36_16209-22286_f000128
1.1972346,2.4056778,other,Mouse627_20181026_17-29-36_16209-22286,Mouse627_20181026_17-29-36_16209-22286_f000208
-37.304108,13.220631,other,Mouse627_20181026_17-29-36_16209-22286,Mouse627_20181026_17-29-36_16209-22286_f000320
0.8788921,4.41407,other,Mouse627_20181026_17-29-36_16209-22286,Mouse627_20181026_17-29-36_16209-22286_f000640
-27.561218,9.102542,other,Mouse627_20181026_17-29-36_16209-22286,Mouse627_20181026_17-29-36_16209-22286_f000784
-13.448885,6.4262624,other,Mouse627_20181026_17-29-36_16209-22286,Mouse627_20181026_17-29-36_16209-22286_f000944
-29.505688,8.076676,mount,Mouse627_20181026_17-29-36_16209-22286,Mouse627_20181026_17-29-36_16209-22286_f001248
-44.198875,13.776894,mount,Mouse627_20181026_17-29-36_16209-22286,Mouse627_20181026_17-29-36_16209-22286_f001504
-45.723324,14.897025,mount,Mouse627_20181026_17-29-36_16209-22286,Mouse627_20181026_17-29-36_16209-22286_f001520
-40.151917,12.015033,mount,Mouse627_20181026_17-29-36_16209-22286,Mouse627_20181026_17-29-36_16209-22286_f001552
-39.70329,12.477727,mount,Mouse627_20181026_17-29-36_16209-22286,Mouse627_20181026_17-29-36_16209-22286_f001568
-8.994742,5.217236,other,Mouse627_20181026_17-29-36_16209-22286,Mouse627_20181026_17-29-36_16209-22286_f001840
-23.4091,11.126329,mount,Mouse627_20181026_17-29-36_16209-22286,Mouse627_20181026_17-29-36_16209-22286_f002416
-13.614665,9.512521,mount,Mouse627_20181026_17-29-36_16209-22286,Mouse627_20181026_17-29-36_16209-22286_f002432
-38.505424,11.644476,mount,Mouse627_20181026_17-29-36_16209-22286,Mouse627_20181026_17-29-36_16209-22286_f002496
26.136902,1.0407373,mount,Mouse627_20181026_17-29-36_16209-22286,Mouse627_20181026_17-29-36_16209-22286_f003248
-12.746972,10.794825,investigation,Mouse627_20181026_17-29-36_16209-22286,Mouse627_20181026_17-29-36_16209-22286_f003584
-21.273958,7.685645,other,Mouse627_20181026_17-29-36_16209-22286,Mouse627_20181026_17-29-36_16209-22286_f003728
-30.728455,11.470952,investigation,Mouse627_20181026_17-29-36_16209-22286,Mouse627_20181026_17-29-36_16209-22286_f003984
-25.13966,7.308213,mount,Mouse627_20181026_17-29-36_16209-22286,Mouse627_20181026_17-29-36_16209-22286_f004000
6.3990393,0.076000914,other,Mouse627_20181026_17-29-36_16209-22286,Mouse627_20181026_17-29-36_16209-22286_f004160
18.583162,5.22121,other,Mouse627_20181026_17-29-36_16209-22286,Mouse627_20181026_17-29-36_16209-22286_f004560
-20.335384,6.381386,mount,Mouse627_20181026_17-29-36_16209-22286,Mouse627_20181026_17-29-36_16209-22286_f005296
-33.26765,12.318862,mount,Mouse627_20181026_17-29-36_16209-22286,Mouse627_20181026_17-29-36_16209-22286_f005712
-30.620985,11.712024,mount,Mouse627_20181026_17-29-36_16209-22286,Mouse627_20181026_17-29-36_16209-22286_f005728
21.726732,-1.7247484,investigation,Mouse630_20181025_18-44-29_01807-21458,Mouse630_20181025_18-44-29_01807-21458_f000000
-39.637302,14.249036,investigation,Mouse630_20181025_18-44-29_01807-21458,Mouse630_20181025_18-44-29_01807-21458_f000208
-40.137547,13.80242,investigation,Mouse630_20181025_18-44-29_01807-21458,Mouse630_20181025_18-44-29_01807-21458_f000304
-15.960242,5.0390224,investigation,Mouse630_20181025_18-44-29_01807-21458,Mouse630_20181025_18-44-29_01807-21458_f000416
-19.810514,4.19787,investigation,Mouse630_20181025_18-44-29_01807-21458,Mouse630_20181025_18-44-29_01807-21458_f000560
-33.070484,7.255492,mount,Mouse630_20181025_18-44-29_01807-21458,Mouse630_20181025_18-44-29_01807-21458_f000656
-13.914357,1.923196,mount,Mouse630_20181025_18-44-29_01807-21458,Mouse630_20181025_18-44-29_01807-21458_f000736
-4.592462,0.4724918,mount,Mouse630_20181025_18-44-29_01807-21458,Mouse630_20181025_18-44-29_01807-21458_f001136
-2.796252,-0.123329125,mount,Mouse630_20181025_18-44-29_01807-21458,Mouse630_20181025_18-44-29_01807-21458_f001152
-2.261433,-0.5840533,mount,Mouse630_20181025_18-44-29_01807-21458,Mouse630_20181025_18-44-29_01807-21458_f001200
8.690118,-4.4122167,mount,Mouse630_20181025_18-44-29_01807-21458,Mouse630_20181025_18-44-29_01807-21458_f001264
12.088885,-4.390838,mount,Mouse630_20181025_18-44-29_01807-21458,Mouse630_20181025_18-44-29_01807-21458_f001296
-18.291098,2.7244568,investigation,Mouse630_20181025_18-44-29_01807-21458,Mouse630_20181025_18-44-29_01807-21458_f001408
-15.504718,3.4148562,mount,Mouse630_20181025_18-44-29_01807-21458,Mouse630_20181025_18-44-29_01807-21458_f001760
-28.975286,7.765653,other,Mouse630_20181025_18-44-29_01807-21458,Mouse630_20181025_18-44-29_01807-21458_f002176
0.08181164,0.6889668,other,Mouse630_20181025_18-44-29_01807-21458,Mouse630_20181025_18-44-29_01807-21458_f002368
-10.473362,5.089241,investigation,Mouse630_20181025_18-44-29_01807-21458,Mouse630_20181025_18-44-29_01807-21458_f002528
-9.947564,4.7438936,investigation,Mouse630_20181025_18-44-29_01807-21458,Mouse630_20181025_18-44-29_01807-21458_f002544
2.299804,1.5079104,investigation,Mouse630_20181025_18-44-29_01807-21458,Mouse630_20181025_18-44-29_01807-21458_f002640
-14.404194,2.0521836,other,Mouse630_20181025_18-44-29_01807-21458,Mouse630_20181025_18-44-29_01807-21458_f002768
-24.503532,7.219394,mount,Mouse630_20181025_18-44-29_01807-21458,Mouse630_20181025_18-44-29_01807-21458_f003056
-22.357159,6.330588,mount,Mouse630_20181025_18-44-29_01807-21458,Mouse630_20181025_18-44-29_01807-21458_f003120
-11.55202,4.4351363,mount,Mouse630_20181025_18-44-29_01807-21458,Mouse630_20181025_18-44-29_01807-21458_f003152
-11.746186,5.060895,mount,Mouse630_20181025_18-44-29_01807-21458,Mouse630_20181025_18-44-29_01807-21458_f003184
-20.129637,4.4224234,mount,Mouse630_20181025_18-44-29_01807-21458,Mouse630_20181025_18-44-29_01807-21458_f003264
22.347313,0.013803804,mount,Mouse630_20181025_18-44-29_01807-21458,Mouse630_20181025_18-44-29_01807-21458_f003312
-0.889505,1.2662171,mount,Mouse630_20181025_18-44-29_01807-21458,Mouse630_20181025_18-44-29_01807-21458_f003712
-21.185495,11.844626,investigation,Mouse630_20181025_18-44-29_01807-21458,Mouse630_20181025_18-44-29_01807-21458_f004016
-17.936308,6.172074,mount,Mouse630_20181025_18-44-29_01807-21458,Mouse630_20181025_18-44-29_01807-21458_f004080
-30.844683,7.887155,mount,Mouse630_20181025_18-44-29_01807-21458,Mouse630_20181025_18-44-29_01807-21458_f004112
-30.842676,7.372575,mount,Mouse630_20181025_18-44-29_01807-21458,Mouse630_20181025_18-44-29_01807-21458_f004128
-24.008213,5.2879558,mount,Mouse630_20181025_18-44-29_01807-21458,Mouse630_20181025_18-44-29_01807-21458_f004160
-3.7275035,0.37497488,mount,Mouse630_20181025_18-44-29_01807-21458,Mouse630_20181025_18-44-29_01807-21458_f004192
7.478743,-5.1035576,mount,Mouse630_20181025_18-44-29_01807-21458,Mouse630_20181025_18-44-29_01807-21458_f004576
23.745064,-9.246702,investigation,Mouse630_20181025_18-44-29_01807-21458,Mouse630_20181025_18-44-29_01807-21458_f004608
-4.2517986,0.91668683,investigation,Mouse630_20181025_18-44-29_01807-21458,Mouse630_20181025_18-44-29_01807-21458_f005200
1.5423106,4.759336,other,Mouse630_20181025_18-44-29_01807-21458,Mouse630_20181025_18-44-29_01807-21458_f005296
-6.7771406,-0.8913938,other,Mouse630_20181025_18-44-29_01807-21458,Mouse630_20181025_18-44-29_01807-21458_f005456
-30.034435,7.90971,investigation,Mouse630_20181025_18-44-29_01807-21458,Mouse630_20181025_18-44-29_01807-21458_f006208
-19.37034,3.536826,investigation,Mouse630_20181025_18-44-29_01807-21458,Mouse630_20181025_18-44-29_01807-21458_f006240
-9.752021,-2.9831817,mount,Mouse630_20181025_18-44-29_01807-21458,Mouse630_20181025_18-44-29_01807-21458_f006304
4.907223,-5.8605604,mount,Mouse630_20181025_18-44-29_01807-21458,Mouse630_20181025_18-44-29_01807-21458_f006400
-22.236536,4.3981214,mount,Mouse630_20181025_18-44-29_01807-21458,Mouse630_20181025_18-44-29_01807-21458_f006448
-36.351963,10.336409,investigation,Mouse630_20181025_18-44-29_01807-21458,Mouse630_20181025_18-44-29_01807-21458_f006496
-27.830965,7.105768,mount,Mouse630_20181025_18-44-29_01807-21458,Mouse630_20181025_18-44-29_01807-21458_f006544
-24.641092,5.412733,mount,Mouse630_20181025_18-44-29_01807-21458,Mouse630_20181025_18-44-29_01807-21458_f006576
-23.733734,4.509176,mount,Mouse630_20181025_18-44-29_01807-21458,Mouse630_20181025_18-44-29_01807-21458_f006592
-22.983608,6.0033584,mount,Mouse630_20181025_18-44-29_01807-21458,Mouse630_20181025_18-44-29_01807-21458_f006672
-22.697718,8.158898,mount,Mouse630_20181025_18-44-29_01807-21458,Mouse630_20181025_18-44-29_01807-21458_f006704
-20.208471,5.9416256,mount,Mouse630_20181025_18-44-29_01807-21458,Mouse630_20181025_18-44-29_01807-21458_f006816
-18.997349,5.748286,mount,Mouse630_20181025_18-44-29_01807-21458,Mouse630_20181025_18-44-29_01807-21458_f006944
-8.907548,6.2116528,other,Mouse630_20181025_18-44-29_01807-21458,Mouse630_20181025_18-44-29_01807-21458_f007024
-34.13878,11.900175,mount,Mouse630_20181025_18-44-29_01807-21458,Mouse630_20181025_18-44-29_01807-21458_f007648
-40.058456,13.380504,mount,Mouse630_20181025_18-44-29_01807-21458,Mouse630_20181025_18-44-29_01807-21458_f007760
-40.11655,13.681738,mount,Mouse630_20181025_18-44-29_01807-21458,Mouse630_20181025_18-44-29_01807-21458_f007776
-39.420544,14.552153,mount,Mouse630_20181025_18-44-29_01807-21458,Mouse630_20181025_18-44-29_01807-21458_f007856
-44.37673,15.472928,mount,Mouse630_20181025_18-44-29_01807-21458,Mouse630_20181025_18-44-29_01807-21458_f007936
-45.78109,16.667322,mount,Mouse630_20181025_18-44-29_01807-21458,Mouse630_20181025_18-44-29_01807-21458_f007984
-36.818077,14.151999,other,Mouse630_20181025_18-44-29_01807-21458,Mouse630_20181025_18-44-29_01807-21458_f008176
-9.793636,1.0640788,other,Mouse630_20181025_18-44-29_01807-21458,Mouse630_20181025_18-44-29_01807-21458_f008240
-14.47485,5.369066,other,Mouse630_20181025_18-44-29_01807-21458,Mouse630_20181025_18-44-29_01807-21458_f008400
-17.78245,4.330003,mount,Mouse630_20181025_18-44-29_01807-21458,Mouse630_20181025_18-44-29_01807-21458_f008528
-22.126905,5.097784,mount,Mouse630_20181025_18-44-29_01807-21458,Mouse630_20181025_18-44-29_01807-21458_f009008
-10.476396,0.98711485,mount,Mouse630_20181025_18-44-29_01807-21458,Mouse630_20181025_18-44-29_01807-21458_f009072
-22.351023,4.754613,mount,Mouse630_20181025_18-44-29_01807-21458,Mouse630_20181025_18-44-29_01807-21458_f009136
-16.586792,3.1530921,mount,Mouse630_20181025_18-44-29_01807-21458,Mouse630_20181025_18-44-29_01807-21458_f009168
-14.854852,2.9502904,mount,Mouse630_20181025_18-44-29_01807-21458,Mouse630_20181025_18-44-29_01807-21458_f009184
-4.38128,0.111139104,mount,Mouse630_20181025_18-44-29_01807-21458,Mouse630_20181025_18-44-29_01807-21458_f009328
-17.898151,4.4210243,investigation,Mouse630_20181025_18-44-29_01807-21458,Mouse630_20181025_18-44-29_01807-21458_f009584
-29.133762,11.504259,mount,Mouse630_20181025_18-44-29_01807-21458,Mouse630_20181025_18-44-29_01807-21458_f010224
-30.574152,10.862255,mount,Mouse630_20181025_18-44-29_01807-21458,Mouse630_20181025_18-44-29_01807-21458_f010288
-32.610863,7.431871,mount,Mouse630_20181025_18-44-29_01807-21458,Mouse630_20181025_18-44-29_01807-21458_f010544
-28.584599,5.991812,mount,Mouse630_20181025_18-44-29_01807-21458,Mouse630_20181025_18-44-29_01807-21458_f010624
-0.7896974,-2.3036287,mount,Mouse630_20181025_18-44-29_01807-21458,Mouse630_20181025_18-44-29_01807-21458_f011088
3.155383,-1.1024247,mount,Mouse630_20181025_18-44-29_01807-21458,Mouse630_20181025_18-44-29_01807-21458_f011264
-18.944607,2.7563267,mount,Mouse630_20181025_18-44-29_01807-21458,Mouse630_20181025_18-44-29_01807-21458_f011536
-19.483679,2.503155,mount,Mouse630_20181025_18-44-29_01807-21458,Mouse630_20181025_18-44-29_01807-21458_f011552
-26.90776,7.429303,mount,Mouse630_20181025_18-44-29_01807-21458,Mouse630_20181025_18-44-29_01807-21458_f011712
-35.23534,11.068821,other,Mouse630_20181025_18-44-29_01807-21458,Mouse630_20181025_18-44-29_01807-21458_f012128
-41.721302,10.808988,mount,Mouse630_20181025_18-44-29_01807-21458,Mouse630_20181025_18-44-29_01807-21458_f012240
-40.979877,10.908584,mount,Mouse630_20181025_18-44-29_01807-21458,Mouse630_20181025_18-44-29_01807-21458_f012288
-38.22524,10.469403,mount,Mouse630_20181025_18-44-29_01807-21458,Mouse630_20181025_18-44-29_01807-21458_f012320
-34.173695,9.068565,mount,Mouse630_20181025_18-44-29_01807-21458,Mouse630_20181025_18-44-29_01807-21458_f012336
-32.902477,8.757809,mount,Mouse630_20181025_18-44-29_01807-21458,Mouse630_20181025_18-44-29_01807-21458_f012352
-35.702946,9.538952,mount,Mouse630_20181025_18-44-29_01807-21458,Mouse630_20181025_18-44-29_01807-21458_f012464
14.667235,-6.8363433,other,Mouse630_20181025_18-44-29_01807-21458,Mouse630_20181025_18-44-29_01807-21458_f012960
-43.23034,16.248451,other,Mouse630_20181025_18-44-29_01807-21458,Mouse630_20181025_18-44-29_01807-21458_f013632
-21.43131,3.4559653,mount,Mouse630_20181025_18-44-29_01807-21458,Mouse630_20181025_18-44-29_01807-21458_f014048
7.6145453,-5.845131,mount,Mouse630_20181025_18-44-29_01807-21458,Mouse630_20181025_18-44-29_01807-21458_f014192
12.430232,-6.739815,mount,Mouse630_20181025_18-44-29_01807-21458,Mouse630_20181025_18-44-29_01807-21458_f014208
7.420726,-3.8639588,mount,Mouse630_20181025_18-44-29_01807-21458,Mouse630_20181025_18-44-29_01807-21458_f014256
13.393548,-5.5373344,mount,Mouse630_20181025_18-44-29_01807-21458,Mouse630_20181025_18-44-29_01807-21458_f014304
-16.37239,6.511342,other,Mouse630_20181025_18-44-29_01807-21458,Mouse630_20181025_18-44-29_01807-21458_f014368
-29.059412,13.330903,other,Mouse630_20181025_18-44-29_01807-21458,Mouse630_20181025_18-44-29_01807-21458_f014656
-15.881684,3.1117153,mount,Mouse630_20181025_18-44-29_01807-21458,Mouse630_20181025_18-44-29_01807-21458_f014816
-17.214796,0.712862,mount,Mouse630_20181025_18-44-29_01807-21458,Mouse630_20181025_18-44-29_01807-21458_f014880
-24.186678,5.77461,mount,Mouse630_20181025_18-44-29_01807-21458,Mouse630_20181025_18-44-29_01807-21458_f014960
-19.402882,4.277391,mount,Mouse630_20181025_18-44-29_01807-21458,Mouse630_20181025_18-44-29_01807-21458_f015024
-14.753863,2.7686143,mount,Mouse630_20181025_18-44-29_01807-21458,Mouse630_20181025_18-44-29_01807-21458_f015056
-19.236359,4.3218765,mount,Mouse630_20181025_18-44-29_01807-21458,Mouse630_20181025_18-44-29_01807-21458_f015072
-21.73604,4.3015594,mount,Mouse630_20181025_18-44-29_01807-21458,Mouse630_20181025_18-44-29_01807-21458_f015120
-21.421154,3.8993452,mount,Mouse630_20181025_18-44-29_01807-21458,Mouse630_20181025_18-44-29_01807-21458_f015168
3.137478,8.307626,mount,Mouse630_20181025_18-44-29_01807-21458,Mouse630_20181025_18-44-29_01807-21458_f015488
9.848089,7.925078,mount,Mouse630_20181025_18-44-29_01807-21458,Mouse630_20181025_18-44-29_01807-21458_f015504
26.021881,6.3520765,investigation,Mouse630_20181025_18-44-29_01807-21458,Mouse630_20181025_18-44-29_01807-21458_f015568
2.7037323,0.95939577,other,Mouse630_20181025_18-44-29_01807-21458,Mouse630_20181025_18-44-29_01807-21458_f015760
21.611036,-9.900359,mount,Mouse630_20181025_18-44-29_01807-21458,Mouse630_20181025_18-44-29_01807-21458_f015984
1.0324049,-3.9855304,mount,Mouse630_20181025_18-44-29_01807-21458,Mouse630_20181025_18-44-29_01807-21458_f016112
0.3725484,-3.4631224,mount,Mouse630_20181025_18-44-29_01807-21458,Mouse630_20181025_18-44-29_01807-21458_f016128
-12.007006,1.4123996,mount,Mouse630_20181025_18-44-29_01807-21458,Mouse630_20181025_18-44-29_01807-21458_f016320
-11.022564,0.93413615,mount,Mouse630_20181025_18-44-29_01807-21458,Mouse630_20181025_18-44-29_01807-21458_f016336
-11.643363,1.1869333,mount,Mouse630_20181025_18-44-29_01807-21458,Mouse630_20181025_18-44-29_01807-21458_f016352
-12.3842945,2.38871,mount,Mouse630_20181025_18-44-29_01807-21458,Mouse630_20181025_18-44-29_01807-21458_f016432
-14.867543,3.0036068,mount,Mouse630_20181025_18-44-29_01807-21458,Mouse630_20181025_18-44-29_01807-21458_f016464
-16.592096,3.6872947,other,Mouse630_20181025_18-44-29_01807-21458,Mouse630_20181025_18-44-29_01807-21458_f016480
-28.095516,10.67054,mount,Mouse630_20181025_18-44-29_01807-21458,Mouse630_20181025_18-44-29_01807-21458_f016768
-34.786133,12.248066,mount,Mouse630_20181025_18-44-29_01807-21458,Mouse630_20181025_18-44-29_01807-21458_f016912
-36.10245,13.419029,mount,Mouse630_20181025_18-44-29_01807-21458,Mouse630_20181025_18-44-29_01807-21458_f017888
-36.50981,12.860035,mount,Mouse630_20181025_18-44-29_01807-21458,Mouse630_20181025_18-44-29_01807-21458_f017904
-43.17548,13.2128,mount,Mouse630_20181025_18-44-29_01807-21458,Mouse630_20181025_18-44-29_01807-21458_f018016
-44.13353,13.41926,mount,Mouse630_20181025_18-44-29_01807-21458,Mouse630_20181025_18-44-29_01807-21458_f018064
-32.71292,8.724213,other,Mouse630_20181025_18-44-29_01807-21458,Mouse630_20181025_18-44-29_01807-21458_f018368
65.0655,3.8438163,mount,Mouse630_20181025_18-44-29_01807-21458,Mouse630_20181025_18-44-29_01807-21458_f018704
74.185814,-0.9155059,mount,Mouse630_20181025_18-44-29_01807-21458,Mouse630_20181025_18-44-29_01807-21458_f018736
-44.16132,11.579328,mount,Mouse630_20181025_18-44-29_01807-21458,Mouse630_20181025_18-44-29_01807-21458_f018832
-39.858036,11.624052,mount,Mouse630_20181025_18-44-29_01807-21458,Mouse630_20181025_18-44-29_01807-21458_f018896
-36.917458,10.140333,mount,Mouse630_20181025_18-44-29_01807-21458,Mouse630_20181025_18-44-29_01807-21458_f018912
-27.315939,6.720513,mount,Mouse630_20181025_18-44-29_01807-21458,Mouse630_20181025_18-44-29_01807-21458_f019008
-24.408543,4.902447,mount,Mouse630_20181025_18-44-29_01807-21458,Mouse630_20181025_18-44-29_01807-21458_f019040
-26.046501,6.5415244,mount,Mouse630_20181025_18-44-29_01807-21458,Mouse630_20181025_18-44-29_01807-21458_f019104
-22.162607,5.1995454,mount,Mouse630_20181025_18-44-29_01807-21458,Mouse630_20181025_18-44-29_01807-21458_f019120
-21.943457,13.523762,investigation,Mouse630_20181025_18-44-29_01807-21458,Mouse630_20181025_18-44-29_01807-21458_f019552
-45.21859,18.305351,investigation,Mouse630_20181025_18-44-29_21460-30528,Mouse630_20181025_18-44-29_21460-30528_f000000
-29.82597,11.98661,investigation,Mouse630_20181025_18-44-29_21460-30528,Mouse630_20181025_18-44-29_21460-30528_f000016
-20.790188,4.7816052,mount,Mouse630_20181025_18-44-29_21460-30528,Mouse630_20181025_18-44-29_21460-30528_f000064
7.0985785,-0.3708343,investigation,Mouse630_20181025_18-44-29_21460-30528,Mouse630_20181025_18-44-29_21460-30528_f000208
-21.426493,5.0188985,mount,Mouse630_20181025_18-44-29_21460-30528,Mouse630_20181025_18-44-29_21460-30528_f000240
-8.249696,2.3380568,mount,Mouse630_20181025_18-44-29_21460-30528,Mouse630_20181025_18-44-29_21460-30528_f000352
16.362822,-4.6227407,mount,Mouse630_20181025_18-44-29_21460-30528,Mouse630_20181025_18-44-29_21460-30528_f000640
21.286299,-5.6748214,mount,Mouse630_20181025_18-44-29_21460-30528,Mouse630_20181025_18-44-29_21460-30528_f000720
15.276624,-5.752836,mount,Mouse630_20181025_18-44-29_21460-30528,Mouse630_20181025_18-44-29_21460-30528_f000784
-23.527397,6.9142933,mount,Mouse630_20181025_18-44-29_21460-30528,Mouse630_20181025_18-44-29_21460-30528_f000896
-18.040579,5.064472,mount,Mouse630_20181025_18-44-29_21460-30528,Mouse630_20181025_18-44-29_21460-30528_f000912
-16.804424,3.607451,mount,Mouse630_20181025_18-44-29_21460-30528,Mouse630_20181025_18-44-29_21460-30528_f000992
3.6072423,7.765866,investigation,Mouse630_20181025_18-44-29_21460-30528,Mouse630_20181025_18-44-29_21460-30528_f001280
12.164186,-1.7684538,mount,Mouse630_20181025_18-44-29_21460-30528,Mouse630_20181025_18-44-29_21460-30528_f001408
-3.954123,1.9130833,mount,Mouse630_20181025_18-44-29_21460-30528,Mouse630_20181025_18-44-29_21460-30528_f001424
-2.8663123,0.62588626,mount,Mouse630_20181025_18-44-29_21460-30528,Mouse630_20181025_18-44-29_21460-30528_f001504
26.346733,-4.370096,mount,Mouse630_20181025_18-44-29_21460-30528,Mouse630_20181025_18-44-29_21460-30528_f001648
-4.630405,3.105626,other,Mouse630_20181025_18-44-29_21460-30528,Mouse630_20181025_18-44-29_21460-30528_f001760
-18.532671,4.4835596,mount,Mouse630_20181025_18-44-29_21460-30528,Mouse630_20181025_18-44-29_21460-30528_f001984
-12.665382,1.788744,mount,Mouse630_20181025_18-44-29_21460-30528,Mouse630_20181025_18-44-29_21460-30528_f002032
11.460721,-3.9636657,mount,Mouse630_20181025_18-44-29_21460-30528,Mouse630_20181025_18-44-29_21460-30528_f002336
12.845297,-2.7751517,mount,Mouse630_20181025_18-44-29_21460-30528,Mouse630_20181025_18-44-29_21460-30528_f002416
9.221975,-3.6298943,mount,Mouse630_20181025_18-44-29_21460-30528,Mouse630_20181025_18-44-29_21460-30528_f002432
-17.754362,7.0544434,other,Mouse630_20181025_18-44-29_21460-30528,Mouse630_20181025_18-44-29_21460-30528_f002976
-12.946247,2.546436,mount,Mouse630_20181025_18-44-29_21460-30528,Mouse630_20181025_18-44-29_21460-30528_f003584
-14.084363,2.6742349,mount,Mouse630_20181025_18-44-29_21460-30528,Mouse630_20181025_18-44-29_21460-30528_f003600
-14.5956545,2.9506626,mount,Mouse630_20181025_18-44-29_21460-30528,Mouse630_20181025_18-44-29_21460-30528_f003632
-8.415582,3.4604774,mount,Mouse630_20181025_18-44-29_21460-30528,Mouse630_20181025_18-44-29_21460-30528_f003680
3.8428986,0.87967443,mount,Mouse630_20181025_18-44-29_21460-30528,Mouse630_20181025_18-44-29_21460-30528_f003792
1.1322802,0.63852423,mount,Mouse630_20181025_18-44-29_21460-30528,Mouse630_20181025_18-44-29_21460-30528_f003808
11.09615,-0.24459538,mount,Mouse630_20181025_18-44-29_21460-30528,Mouse630_20181025_18-44-29_21460-30528_f003840
4.502313,1.7227392,mount,Mouse630_20181025_18-44-29_21460-30528,Mouse630_20181025_18-44-29_21460-30528_f003856
-47.828075,19.645905,investigation,Mouse630_20181025_18-44-29_21460-30528,Mouse630_20181025_18-44-29_21460-30528_f004272
-35.09749,12.193339,mount,Mouse630_20181025_18-44-29_21460-30528,Mouse630_20181025_18-44-29_21460-30528_f004416
-34.81246,11.998531,mount,Mouse630_20181025_18-44-29_21460-30528,Mouse630_20181025_18-44-29_21460-30528_f004448
-30.35814,11.817912,mount,Mouse630_20181025_18-44-29_21460-30528,Mouse630_20181025_18-44-29_21460-30528_f004544
-36.262238,13.313865,mount,Mouse630_20181025_18-44-29_21460-30528,Mouse630_20181025_18-44-29_21460-30528_f004560
-44.314205,15.997966,mount,Mouse630_20181025_18-44-29_21460-30528,Mouse630_20181025_18-44-29_21460-30528_f004656
-14.533475,7.294584,other,Mouse630_20181025_18-44-29_21460-30528,Mouse630_20181025_18-44-29_21460-30528_f004784
-35.966602,14.731406,other,Mouse630_20181025_18-44-29_21460-30528,Mouse630_20181025_18-44-29_21460-30528_f004960
-20.079329,5.0500054,mount,Mouse630_20181025_18-44-29_21460-30528,Mouse630_20181025_18-44-29_21460-30528_f005168
-19.607685,7.3379045,mount,Mouse630_20181025_18-44-29_21460-30528,Mouse630_20181025_18-44-29_21460-30528_f005280
-20.090899,6.9303994,mount,Mouse630_20181025_18-44-29_21460-30528,Mouse630_20181025_18-44-29_21460-30528_f005296
-18.63551,9.0433445,mount,Mouse630_20181025_18-44-29_21460-30528,Mouse630_20181025_18-44-29_21460-30528_f005328
-17.226406,7.8912015,mount,Mouse630_20181025_18-44-29_21460-30528,Mouse630_20181025_18-44-29_21460-30528_f005360
-19.302528,10.518241,mount,Mouse630_20181025_18-44-29_21460-30528,Mouse630_20181025_18-44-29_21460-30528_f005488
-23.579916,10.452571,mount,Mouse630_20181025_18-44-29_21460-30528,Mouse630_20181025_18-44-29_21460-30528_f006496
-38.82027,13.2229805,mount,Mouse630_20181025_18-44-29_21460-30528,Mouse630_20181025_18-44-29_21460-30528_f006528
-37.1231,13.286247,mount,Mouse630_20181025_18-44-29_21460-30528,Mouse630_20181025_18-44-29_21460-30528_f006640
-25.639044,10.160863,mount,Mouse630_20181025_18-44-29_21460-30528,Mouse630_20181025_18-44-29_21460-30528_f006720
-10.300136,6.623897,mount,Mouse630_20181025_18-44-29_21460-30528,Mouse630_20181025_18-44-29_21460-30528_f006768
-44.151478,14.988223,other,Mouse630_20181025_18-44-29_21460-30528,Mouse630_20181025_18-44-29_21460-30528_f007040
-25.895588,4.6409783,other,Mouse630_20181025_18-44-29_21460-30528,Mouse630_20181025_18-44-29_21460-30528_f007120
19.710773,-7.268831,mount,Mouse630_20181025_18-44-29_21460-30528,Mouse630_20181025_18-44-29_21460-30528_f007440
-29.892012,9.040534,mount,Mouse630_20181025_18-44-29_21460-30528,Mouse630_20181025_18-44-29_21460-30528_f007744
-14.785666,8.375298,mount,Mouse630_20181025_18-44-29_21460-30528,Mouse630_20181025_18-44-29_21460-30528_f007936
-15.31934,8.759613,mount,Mouse630_20181025_18-44-29_21460-30528,Mouse630_20181025_18-44-29_21460-30528_f008048
-12.02099,9.376844,mount,Mouse630_20181025_18-44-29_21460-30528,Mouse630_20181025_18-44-29_21460-30528_f008176
-6.910555,8.178088,mount,Mouse630_20181025_18-44-29_21460-30528,Mouse630_20181025_18-44-29_21460-30528_f008208
-16.551651,4.5301123,investigation,Mouse630_20181025_18-44-29_21460-30528,Mouse630_20181025_18-44-29_21460-30528_f008912
-17.199661,-30.395575,investigation,Mouse835-female_20200325_18-28-49_10767-24391,Mouse835-female_20200325_18-28-49_10767-24391_f000096
-19.523836,-28.615585,investigation,Mouse835-female_20200325_18-28-49_10767-24391,Mouse835-female_20200325_18-28-49_10767-24391_f000112
-44.53481,-5.894544,investigation,Mouse835-female_20200325_18-28-49_10767-24391,Mouse835-female_20200325_18-28-49_10767-24391_f000160
-20.476954,-26.573168,investigation,Mouse835-female_20200325_18-28-49_10767-24391,Mouse835-female_20200325_18-28-49_10767-24391_f000272
-42.116592,-10.643958,investigation,Mouse835-female_20200325_18-28-49_10767-24391,Mouse835-female_20200325_18-28-49_10767-24391_f000352
-29.74346,-21.790377,investigation,Mouse835-female_20200325_18-28-49_10767-24391,Mouse835-female_20200325_18-28-49_10767-24391_f000384
-50.184998,-0.7759174,investigation,Mouse835-female_20200325_18-28-49_10767-24391,Mouse835-female_20200325_18-28-49_10767-24391_f000704
-27.912586,-19.896078,investigation,Mouse835-female_20200325_18-28-49_10767-24391,Mouse835-female_20200325_18-28-49_10767-24391_f000864
-18.358654,-26.144373,investigation,Mouse835-female_20200325_18-28-49_10767-24391,Mouse835-female_20200325_18-28-49_10767-24391_f000912
-22.895344,-24.497152,other,Mouse835-female_20200325_18-28-49_10767-24391,Mouse835-female_20200325_18-28-49_10767-24391_f001008
-16.82645,-31.765951,other,Mouse835-female_20200325_18-28-49_10767-24391,Mouse835-female_20200325_18-28-49_10767-24391_f001040
-19.054314,-24.792986,investigation,Mouse835-female_20200325_18-28-49_10767-24391,Mouse835-female_20200325_18-28-49_10767-24391_f001424
-26.128557,-25.116096,other,Mouse835-female_20200325_18-28-49_10767-24391,Mouse835-female_20200325_18-28-49_10767-24391_f001616
0.86527216,-39.498783,other,Mouse835-female_20200325_18-28-49_10767-24391,Mouse835-female_20200325_18-28-49_10767-24391_f001696
-32.618183,-20.031427,investigation,Mouse835-female_20200325_18-28-49_10767-24391,Mouse835-female_20200325_18-28-49_10767-24391_f001888
-22.751558,-29.489391,other,Mouse835-female_20200325_18-28-49_10767-24391,Mouse835-female_20200325_18-28-49_10767-24391_f002208
-38.839252,-14.457213,investigation,Mouse835-female_20200325_18-28-49_10767-24391,Mouse835-female_20200325_18-28-49_10767-24391_f002288
-21.689203,-28.972332,investigation,Mouse835-female_20200325_18-28-49_10767-24391,Mouse835-female_20200325_18-28-49_10767-24391_f002528
-25.065868,-18.285484,investigation,Mouse835-female_20200325_18-28-49_10767-24391,Mouse835-female_20200325_18-28-49_10767-24391_f002864
-29.451359,-22.330894,investigation,Mouse835-female_20200325_18-28-49_10767-24391,Mouse835-female_20200325_18-28-49_10767-24391_f003344
-29.92739,-21.53221,investigation,Mouse835-female_20200325_18-28-49_10767-24391,Mouse835-female_20200325_18-28-49_10767-24391_f003360
71.64322,-29.09357,investigation,Mouse835-female_20200325_18-28-49_10767-24391,Mouse835-female_20200325_18-28-49_10767-24391_f003424
54.35297,-30.408272,investigation,Mouse835-female_20200325_18-28-49_10767-24391,Mouse835-female_20200325_18-28-49_10767-24391_f003440
-45.109737,-7.193214,other,Mouse835-female_20200325_18-28-49_10767-24391,Mouse835-female_20200325_18-28-49_10767-24391_f004096
-6.2407346,-28.54727,other,Mouse835-female_20200325_18-28-49_10767-24391,Mouse835-female_20200325_18-28-49_10767-24391_f004128
-12.670579,-30.819315,investigation,Mouse835-female_20200325_18-28-49_10767-24391,Mouse835-female_20200325_18-28-49_10767-24391_f004192
-23.147978,-26.665993,other,Mouse835-female_20200325_18-28-49_10767-24391,Mouse835-female_20200325_18-28-49_10767-24391_f004336
13.638027,-43.182587,other,Mouse835-female_20200325_18-28-49_10767-24391,Mouse835-female_20200325_18-28-49_10767-24391_f004416
-10.637828,-31.246181,other,Mouse835-female_20200325_18-28-49_10767-24391,Mouse835-female_20200325_18-28-49_10767-24391_f004576
-18.78231,-27.898935,investigation,Mouse835-female_20200325_18-28-49_10767-24391,Mouse835-female_20200325_18-28-49_10767-24391_f004608
-20.76526,-24.438948,other,Mouse835-female_20200325_18-28-49_10767-24391,Mouse835-female_20200325_18-28-49_10767-24391_f005808
-20.320868,-20.70806,other,Mouse835-female_20200325_18-28-49_10767-24391,Mouse835-female_20200325_18-28-49_10767-24391_f005952
-17.49519,-24.123173,investigation,Mouse835-female_20200325_18-28-49_10767-24391,Mouse835-female_20200325_18-28-49_10767-24391_f006032
-5.840159,-29.164362,investigation,Mouse835-female_20200325_18-28-49_10767-24391,Mouse835-female_20200325_18-28-49_10767-24391_f006048
-30.970814,-20.22953,investigation,Mouse835-female_20200325_18-28-49_10767-24391,Mouse835-female_20200325_18-28-49_10767-24391_f006128
-24.515703,-22.791828,investigation,Mouse835-female_20200325_18-28-49_10767-24391,Mouse835-female_20200325_18-28-49_10767-24391_f006224
-5.3791466,-33.792423,investigation,Mouse835-female_20200325_18-28-49_10767-24391,Mouse835-female_20200325_18-28-49_10767-24391_f006448
-23.973152,-25.37427,mount,Mouse835-female_20200325_18-28-49_10767-24391,Mouse835-female_20200325_18-28-49_10767-24391_f007392
-19.492264,-27.483479,mount,Mouse835-female_20200325_18-28-49_10767-24391,Mouse835-female_20200325_18-28-49_10767-24391_f007408
-16.728418,-29.378138,mount,Mouse835-female_20200325_18-28-49_10767-24391,Mouse835-female_20200325_18-28-49_10767-24391_f007424
-21.910938,-26.139263,mount,Mouse835-female_20200325_18-28-49_10767-24391,Mouse835-female_20200325_18-28-49_10767-24391_f007456
-23.236473,-26.00532,mount,Mouse835-female_20200325_18-28-49_10767-24391,Mouse835-female_20200325_18-28-49_10767-24391_f007504
-11.528431,-33.55947,mount,Mouse835-female_20200325_18-28-49_10767-24391,Mouse835-female_20200325_18-28-49_10767-24391_f007648
-2.498535,-37.54614,mount,Mouse835-female_20200325_18-28-49_10767-24391,Mouse835-female_20200325_18-28-49_10767-24391_f008160
0.10893133,-40.40876,mount,Mouse835-female_20200325_18-28-49_10767-24391,Mouse835-female_20200325_18-28-49_10767-24391_f008288
0.31848353,-40.06646,mount,Mouse835-female_20200325_18-28-49_10767-24391,Mouse835-female_20200325_18-28-49_10767-24391_f008304
-1.308931,-39.355724,mount,Mouse835-female_20200325_18-28-49_10767-24391,Mouse835-female_20200325_18-28-49_10767-24391_f008384
-10.520157,-34.528908,mount,Mouse835-female_20200325_18-28-49_10767-24391,Mouse835-female_20200325_18-28-49_10767-24391_f008544
-11.216857,-33.56457,mount,Mouse835-female_20200325_18-28-49_10767-24391,Mouse835-female_20200325_18-28-49_10767-24391_f008640
-12.669721,-33.05494,mount,Mouse835-female_20200325_18-28-49_10767-24391,Mouse835-female_20200325_18-28-49_10767-24391_f008736
-13.221805,-33.461044,mount,Mouse835-female_20200325_18-28-49_10767-24391,Mouse835-female_20200325_18-28-49_10767-24391_f008768
0.40655938,-39.478245,other,Mouse835-female_20200325_18-28-49_10767-24391,Mouse835-female_20200325_18-28-49_10767-24391_f009120
-0.21658719,-39.85586,other,Mouse835-female_20200325_18-28-49_10767-24391,Mouse835-female_20200325_18-28-49_10767-24391_f009744
3.9806616,-41.521404,other,Mouse835-female_20200325_18-28-49_10767-24391,Mouse835-female_20200325_18-28-49_10767-24391_f009760
-31.715279,-15.994858,other,Mouse835-female_20200325_18-28-49_10767-24391,Mouse835-female_20200325_18-28-49_10767-24391_f010368
-2.2900403,-38.736618,other,Mouse835-female_20200325_18-28-49_10767-24391,Mouse835-female_20200325_18-28-49_10767-24391_f010624
-30.156593,-26.023531,other,Mouse835-female_20200325_18-28-49_10767-24391,Mouse835-female_20200325_18-28-49_10767-24391_f010720
30.390059,-46.07581,mount,Mouse835-female_20200325_18-28-49_10767-24391,Mouse835-female_20200325_18-28-49_10767-24391_f010912
-33.67242,-26.906912,mount,Mouse835-female_20200325_18-28-49_10767-24391,Mouse835-female_20200325_18-28-49_10767-24391_f011200
-35.520718,-23.164858,mount,Mouse835-female_20200325_18-28-49_10767-24391,Mouse835-female_20200325_18-28-49_10767-24391_f011216
-38.415512,-19.125322,mount,Mouse835-female_20200325_18-28-49_10767-24391,Mouse835-female_20200325_18-28-49_10767-24391_f011280
-38.54791,-17.764885,mount,Mouse835-female_20200325_18-28-49_10767-24391,Mouse835-female_20200325_18-28-49_10767-24391_f011408
-40.7044,-14.978799,mount,Mouse835-female_20200325_18-28-49_10767-24391,Mouse835-female_20200325_18-28-49_10767-24391_f011424
-34.10427,-20.953035,mount,Mouse835-female_20200325_18-28-49_10767-24391,Mouse835-female_20200325_18-28-49_10767-24391_f011760
-32.554844,-23.402737,mount,Mouse835-female_20200325_18-28-49_10767-24391,Mouse835-female_20200325_18-28-49_10767-24391_f011792
-39.964615,-17.520262,mount,Mouse835-female_20200325_18-28-49_10767-24391,Mouse835-female_20200325_18-28-49_10767-24391_f011952
-23.367016,-24.7136,investigation,Mouse835-female_20200325_18-28-49_10767-24391,Mouse835-female_20200325_18-28-49_10767-24391_f012480
-26.81244,-25.826765,mount,Mouse835-female_20200325_18-28-49_10767-24391,Mouse835-female_20200325_18-28-49_10767-24391_f012576
-22.111324,-28.924047,mount,Mouse835-female_20200325_18-28-49_10767-24391,Mouse835-female_20200325_18-28-49_10767-24391_f012592
-27.492905,-25.039925,mount,Mouse835-female_20200325_18-28-49_10767-24391,Mouse835-female_20200325_18-28-49_10767-24391_f012816
-27.510159,-25.351374,mount,Mouse835-female_20200325_18-28-49_10767-24391,Mouse835-female_20200325_18-28-49_10767-24391_f012832
-26.304457,-25.369904,mount,Mouse835-female_20200325_18-28-49_10767-24391,Mouse835-female_20200325_18-28-49_10767-24391_f012880
-27.4087,-25.30229,mount,Mouse835-female_20200325_18-28-49_10767-24391,Mouse835-female_20200325_18-28-49_10767-24391_f012896
-27.52261,-25.707323,mount,Mouse835-female_20200325_18-28-49_10767-24391,Mouse835-female_20200325_18-28-49_10767-24391_f012912
-33.464207,-19.08613,other,Mouse835-female_20200325_18-28-49_10767-24391,Mouse835-female_20200325_18-28-49_10767-24391_f012976
-5.8746505,-36.177948,other,Mouse835-female_20200325_18-28-49_10767-24391,Mouse835-female_20200325_18-28-49_10767-24391_f013440
6.2834177,-40.8172,other,Mouse835-female_20200325_18-28-49_10767-24391,Mouse835-female_20200325_18-28-49_10767-24391_f013520
-30.933558,-25.764875,other,Mouse836-female_20200322_19-33-17_00957-13323,Mouse836-female_20200322_19-33-17_00957-13323_f000032
-33.391323,-17.256979,investigation,Mouse836-female_20200322_19-33-17_00957-13323,Mouse836-female_20200322_19-33-17_00957-13323_f000656
-30.09423,-20.664202,investigation,Mouse836-female_20200322_19-33-17_00957-13323,Mouse836-female_20200322_19-33-17_00957-13323_f000720
-14.771314,-20.586643,investigation,Mouse836-female_20200322_19-33-17_00957-13323,Mouse836-female_20200322_19-33-17_00957-13323_f000752
-9.001294,-22.97992,investigation,Mouse836-female_20200322_19-33-17_00957-13323,Mouse836-female_20200322_19-33-17_00957-13323_f000768
-40.396416,-12.334972,investigation,Mouse836-female_20200322_19-33-17_00957-13323,Mouse836-female_20200322_19-33-17_00957-13323_f001136
-31.77208,-19.65125,investigation,Mouse836-female_20200322_19-33-17_00957-13323,Mouse836-female_20200322_19-33-17_00957-13323_f001232
-30.145386,-19.333183,investigation,Mouse836-female_20200322_19-33-17_00957-13323,Mouse836-female_20200322_19-33-17_00957-13323_f001264
-14.489097,-21.93267,investigation,Mouse836-female_20200322_19-33-17_00957-13323,Mouse836-female_20200322_19-33-17_00957-13323_f001392
-28.65968,-19.444277,investigation,Mouse836-female_20200322_19-33-17_00957-13323,Mouse836-female_20200322_19-33-17_00957-13323_f001424
-31.568827,-16.728554,investigation,Mouse836-female_20200322_19-33-17_00957-13323,Mouse836-female_20200322_19-33-17_00957-13323_f001600
-40.46994,-10.570062,investigation,Mouse836-female_20200322_19-33-17_00957-13323,Mouse836-female_20200322_19-33-17_00957-13323_f001760
-25.585823,-24.734383,investigation,Mouse836-female_20200322_19-33-17_00957-13323,Mouse836-female_20200322_19-33-17_00957-13323_f001840
-2.7685783,-39.734467,investigation,Mouse836-female_20200322_19-33-17_00957-13323,Mouse836-female_20200322_19-33-17_00957-13323_f001968
4.7145305,-22.657372,investigation,Mouse836-female_20200322_19-33-17_00957-13323,Mouse836-female_20200322_19-33-17_00957-13323_f002288
-8.581131,-23.619394,other,Mouse836-female_20200322_19-33-17_00957-13323,Mouse836-female_20200322_19-33-17_00957-13323_f002544
-28.189299,-23.127178,investigation,Mouse836-female_20200322_19-33-17_00957-13323,Mouse836-female_20200322_19-33-17_00957-13323_f002688
-28.785534,-25.038795,investigation,Mouse836-female_20200322_19-33-17_00957-13323,Mouse836-female_20200322_19-33-17_00957-13323_f002784
-35.550495,-14.094304,investigation,Mouse836-female_20200322_19-33-17_00957-13323,Mouse836-female_20200322_19-33-17_00957-13323_f002864
-13.710001,-33.642555,investigation,Mouse836-female_20200322_19-33-17_00957-13323,Mouse836-female_20200322_19-33-17_00957-13323_f002960
-13.601454,-31.012712,investigation,Mouse836-female_20200322_19-33-17_00957-13323,Mouse836-female_20200322_19-33-17_00957-13323_f003072
-30.070883,-23.662718,investigation,Mouse836-female_20200322_19-33-17_00957-13323,Mouse836-female_20200322_19-33-17_00957-13323_f003408
-12.837156,-28.992233,investigation,Mouse836-female_20200322_19-33-17_00957-13323,Mouse836-female_20200322_19-33-17_00957-13323_f003456
-27.274805,-20.213625,investigation,Mouse836-female_20200322_19-33-17_00957-13323,Mouse836-female_20200322_19-33-17_00957-13323_f003472
6.166079,-37.97291,investigation,Mouse836-female_20200322_19-33-17_00957-13323,Mouse836-female_20200322_19-33-17_00957-13323_f003856
7.489341,-40.950516,investigation,Mouse836-female_20200322_19-33-17_00957-13323,Mouse836-female_20200322_19-33-17_00957-13323_f003984
-31.452805,-15.921029,investigation,Mouse836-female_20200322_19-33-17_00957-13323,Mouse836-female_20200322_19-33-17_00957-13323_f004432
1.8172956,-29.42164,investigation,Mouse836-female_20200322_19-33-17_00957-13323,Mouse836-female_20200322_19-33-17_00957-13323_f004496
1.4353765,-30.237751,investigation,Mouse836-female_20200322_19-33-17_00957-13323,Mouse836-female_20200322_19-33-17_00957-13323_f004512
-29.34698,-21.358402,investigation,Mouse836-female_20200322_19-33-17_00957-13323,Mouse836-female_20200322_19-33-17_00957-13323_f004592
-27.45048,-22.795765,investigation,Mouse836-female_20200322_19-33-17_00957-13323,Mouse836-female_20200322_19-33-17_00957-13323_f004704
-23.94727,-22.478683,investigation,Mouse836-female_20200322_19-33-17_00957-13323,Mouse836-female_20200322_19-33-17_00957-13323_f004752
-26.853542,-24.939495,investigation,Mouse836-female_20200322_19-33-17_00957-13323,Mouse836-female_20200322_19-33-17_00957-13323_f004944
-34.287876,-20.040066,investigation,Mouse836-female_20200322_19-33-17_00957-13323,Mouse836-female_20200322_19-33-17_00957-13323_f004992
-45.914017,-7.8538256,investigation,Mouse836-female_20200322_19-33-17_00957-13323,Mouse836-female_20200322_19-33-17_00957-13323_f005072
-30.014545,-23.034868,investigation,Mouse836-female_20200322_19-33-17_00957-13323,Mouse836-female_20200322_19-33-17_00957-13323_f005152
-44.534554,-10.02905,investigation,Mouse836-female_20200322_19-33-17_00957-13323,Mouse836-female_20200322_19-33-17_00957-13323_f005184
-10.03417,-26.938795,investigation,Mouse836-female_20200322_19-33-17_00957-13323,Mouse836-female_20200322_19-33-17_00957-13323_f005584
-40.24857,-9.014538,investigation,Mouse836-female_20200322_19-33-17_00957-13323,Mouse836-female_20200322_19-33-17_00957-13323_f005648
-32.453705,-22.32786,investigation,Mouse836-female_20200322_19-33-17_00957-13323,Mouse836-female_20200322_19-33-17_00957-13323_f005952
-8.864033,-24.07582,mount,Mouse836-female_20200322_19-33-17_00957-13323,Mouse836-female_20200322_19-33-17_00957-13323_f006192
-26.257898,-18.167257,investigation,Mouse836-female_20200322_19-33-17_00957-13323,Mouse836-female_20200322_19-33-17_00957-13323_f006368
-8.717226,-27.271889,other,Mouse836-female_20200322_19-33-17_00957-13323,Mouse836-female_20200322_19-33-17_00957-13323_f006736
-24.24234,-24.6636,other,Mouse836-female_20200322_19-33-17_00957-13323,Mouse836-female_20200322_19-33-17_00957-13323_f007056
21.34855,-42.83483,other,Mouse836-female_20200322_19-33-17_00957-13323,Mouse836-female_20200322_19-33-17_00957-13323_f007584
67.06711,-62.958065,other,Mouse836-female_20200322_19-33-17_00957-13323,Mouse836-female_20200322_19-33-17_00957-13323_f007776
24.562868,-45.039234,other,Mouse836-female_20200322_19-33-17_00957-13323,Mouse836-female_20200322_19-33-17_00957-13323_f008016
1.3930246,-32.97287,other,Mouse836-female_20200322_19-33-17_00957-13323,Mouse836-female_20200322_19-33-17_00957-13323_f008208
-11.047223,-29.096752,investigation,Mouse836-female_20200322_19-33-17_00957-13323,Mouse836-female_20200322_19-33-17_00957-13323_f008368
-15.904219,-29.366623,investigation,Mouse836-female_20200322_19-33-17_00957-13323,Mouse836-female_20200322_19-33-17_00957-13323_f008432
-19.170597,-27.432701,investigation,Mouse836-female_20200322_19-33-17_00957-13323,Mouse836-female_20200322_19-33-17_00957-13323_f008560
-19.93306,-33.05732,other,Mouse836-female_20200322_19-33-17_00957-13323,Mouse836-female_20200322_19-33-17_00957-13323_f008624
-14.523036,-38.68021,other,Mouse836-female_20200322_19-33-17_00957-13323,Mouse836-female_20200322_19-33-17_00957-13323_f008768
-28.604456,-18.782963,other,Mouse836-female_20200322_19-33-17_00957-13323,Mouse836-female_20200322_19-33-17_00957-13323_f008864
-13.8833275,-35.507435,investigation,Mouse836-female_20200322_19-33-17_00957-13323,Mouse836-female_20200322_19-33-17_00957-13323_f008960
-4.465149,-34.905083,investigation,Mouse836-female_20200322_19-33-17_00957-13323,Mouse836-female_20200322_19-33-17_00957-13323_f009280
-10.064537,-34.87363,other,Mouse836-female_20200322_19-33-17_00957-13323,Mouse836-female_20200322_19-33-17_00957-13323_f010432
9.85911,-29.49481,investigation,Mouse836-female_20200322_19-33-17_00957-13323,Mouse836-female_20200322_19-33-17_00957-13323_f010688
-21.8326,-22.231806,other,Mouse836-female_20200322_19-33-17_00957-13323,Mouse836-female_20200322_19-33-17_00957-13323_f010864
-2.8234913,-26.03072,other,Mouse836-female_20200322_19-33-17_00957-13323,Mouse836-female_20200322_19-33-17_00957-13323_f011440
-9.476871,-22.052286,investigation,Mouse836-female_20200322_19-33-17_00957-13323,Mouse836-female_20200322_19-33-17_00957-13323_f011776
-9.58416,-22.702246,investigation,Mouse836-female_20200322_19-33-17_00957-13323,Mouse836-female_20200322_19-33-17_00957-13323_f011872
-7.609211,-22.533367,investigation,Mouse836-female_20200322_19-33-17_00957-13323,Mouse836-female_20200322_19-33-17_00957-13323_f011952
-35.819984,-13.762855,investigation,Mouse836-female_20200322_19-33-17_14594-23870,Mouse836-female_20200322_19-33-17_14594-23870_f000048
-40.95567,-12.371164,investigation,Mouse836-female_20200322_19-33-17_14594-23870,Mouse836-female_20200322_19-33-17_14594-23870_f000272
-32.632107,-11.257147,investigation,Mouse836-female_20200322_19-33-17_14594-23870,Mouse836-female_20200322_19-33-17_14594-23870_f000384
-37.089222,-11.390823,investigation,Mouse836-female_20200322_19-33-17_14594-23870,Mouse836-female_20200322_19-33-17_14594-23870_f000608
-36.99033,-14.749808,investigation,Mouse836-female_20200322_19-33-17_14594-23870,Mouse836-female_20200322_19-33-17_14594-23870_f000624
-40.66917,-12.209031,investigation,Mouse836-female_20200322_19-33-17_14594-23870,Mouse836-female_20200322_19-33-17_14594-23870_f000768
-9.498849,-35.102417,other,Mouse836-female_20200322_19-33-17_14594-23870,Mouse836-female_20200322_19-33-17_14594-23870_f000832
-14.413224,-27.85764,investigation,Mouse836-female_20200322_19-33-17_14594-23870,Mouse836-female_20200322_19-33-17_14594-23870_f001168
-41.069332,-10.74523,other,Mouse836-female_20200322_19-33-17_14594-23870,Mouse836-female_20200322_19-33-17_14594-23870_f001536
-36.896477,-16.118238,investigation,Mouse836-female_20200322_19-33-17_14594-23870,Mouse836-female_20200322_19-33-17_14594-23870_f001568
-10.8026495,-33.80489,investigation,Mouse836-female_20200322_19-33-17_14594-23870,Mouse836-female_20200322_19-33-17_14594-23870_f001808
-23.557322,-27.849247,investigation,Mouse836-female_20200322_19-33-17_14594-23870,Mouse836-female_20200322_19-33-17_14594-23870_f001872
-16.673122,-30.598942,investigation,Mouse836-female_20200322_19-33-17_14594-23870,Mouse836-female_20200322_19-33-17_14594-23870_f001888
-39.367283,-12.401607,investigation,Mouse836-female_20200322_19-33-17_14594-23870,Mouse836-female_20200322_19-33-17_14594-23870_f002016
-35.29227,-13.490201,investigation,Mouse836-female_20200322_19-33-17_14594-23870,Mouse836-female_20200322_19-33-17_14594-23870_f002080
-45.240265,-9.171656,investigation,Mouse836-female_20200322_19-33-17_14594-23870,Mouse836-female_20200322_19-33-17_14594-23870_f002096
11.449458,-37.61561,investigation,Mouse836-female_20200322_19-33-17_14594-23870,Mouse836-female_20200322_19-33-17_14594-23870_f002208
-6.797375,-32.486427,investigation,Mouse836-female_20200322_19-33-17_14594-23870,Mouse836-female_20200322_19-33-17_14594-23870_f002240
-34.883682,-15.308809,investigation,Mouse836-female_20200322_19-33-17_14594-23870,Mouse836-female_20200322_19-33-17_14594-23870_f002432
-19.33245,-29.003345,mount,Mouse836-female_20200322_19-33-17_14594-23870,Mouse836-female_20200322_19-33-17_14594-23870_f002480
-38.875805,-16.740425,investigation,Mouse836-female_20200322_19-33-17_14594-23870,Mouse836-female_20200322_19-33-17_14594-23870_f002688
-25.969044,-19.604042,investigation,Mouse836-female_20200322_19-33-17_14594-23870,Mouse836-female_20200322_19-33-17_14594-23870_f003424
-28.344706,-21.964043,investigation,Mouse836-female_20200322_19-33-17_14594-23870,Mouse836-female_20200322_19-33-17_14594-23870_f003472
-27.971825,-20.447367,investigation,Mouse836-female_20200322_19-33-17_14594-23870,Mouse836-female_20200322_19-33-17_14594-23870_f003504
-31.674816,-15.475551,investigation,Mouse836-female_20200322_19-33-17_14594-23870,Mouse836-female_20200322_19-33-17_14594-23870_f003632
-28.970428,-20.553982,investigation,Mouse836-female_20200322_19-33-17_14594-23870,Mouse836-female_20200322_19-33-17_14594-23870_f003712
-26.623861,-22.719427,investigation,Mouse836-female_20200322_19-33-17_14594-23870,Mouse836-female_20200322_19-33-17_14594-23870_f003760
2.4922652,-35.463406,investigation,Mouse836-female_20200322_19-33-17_14594-23870,Mouse836-female_20200322_19-33-17_14594-23870_f003888
-17.565561,-23.734344,other,Mouse836-female_20200322_19-33-17_14594-23870,Mouse836-female_20200322_19-33-17_14594-23870_f004240
-29.680708,-17.794563,other,Mouse836-female_20200322_19-33-17_14594-23870,Mouse836-female_20200322_19-33-17_14594-23870_f004256
-20.260101,-30.863218,other,Mouse836-female_20200322_19-33-17_14594-23870,Mouse836-female_20200322_19-33-17_14594-23870_f004288
-34.661243,-15.202127,investigation,Mouse836-female_20200322_19-33-17_14594-23870,Mouse836-female_20200322_19-33-17_14594-23870_f004368
-29.835867,-16.713964,other,Mouse836-female_20200322_19-33-17_14594-23870,Mouse836-female_20200322_19-33-17_14594-23870_f005568
20.789165,-36.338585,investigation,Mouse836-female_20200322_19-33-17_14594-23870,Mouse836-female_20200322_19-33-17_14594-23870_f005808
-23.817413,-18.744705,other,Mouse836-female_20200322_19-33-17_14594-23870,Mouse836-female_20200322_19-33-17_14594-23870_f005968
13.715304,-45.308147,investigation,Mouse836-female_20200322_19-33-17_14594-23870,Mouse836-female_20200322_19-33-17_14594-23870_f006176
-19.758047,-28.171278,other,Mouse836-female_20200322_19-33-17_14594-23870,Mouse836-female_20200322_19-33-17_14594-23870_f006448
-14.497302,-23.801676,other,Mouse836-female_20200322_19-33-17_14594-23870,Mouse836-female_20200322_19-33-17_14594-23870_f006736
-15.339884,-35.460487,investigation,Mouse836-female_20200322_19-33-17_14594-23870,Mouse836-female_20200322_19-33-17_14594-23870_f006864
0.3888331,-37.668655,mount,Mouse836-female_20200322_19-33-17_14594-23870,Mouse836-female_20200322_19-33-17_14594-23870_f007232
5.306151,-37.72453,mount,Mouse836-female_20200322_19-33-17_14594-23870,Mouse836-female_20200322_19-33-17_14594-23870_f007296
-41.513237,-11.749131,other,Mouse836-female_20200322_19-33-17_14594-23870,Mouse836-female_20200322_19-33-17_14594-23870_f007472
6.947337,-40.653046,other,Mouse836-female_20200322_19-33-17_14594-23870,Mouse836-female_20200322_19-33-17_14594-23870_f007744
-14.54963,-21.77116,other,Mouse836-female_20200322_19-33-17_14594-23870,Mouse836-female_20200322_19-33-17_14594-23870_f008080
28.792967,-31.40139,other,Mouse836-female_20200322_19-33-17_14594-23870,Mouse836-female_20200322_19-33-17_14594-23870_f008112
-33.469273,-13.380245,other,Mouse836-female_20200322_19-33-17_14594-23870,Mouse836-female_20200322_19-33-17_14594-23870_f008208
-43.901875,-6.7400575,investigation,Mouse836-female_20200322_19-33-17_14594-23870,Mouse836-female_20200322_19-33-17_14594-23870_f008416
-40.669243,-9.373217,investigation,Mouse836-female_20200322_19-33-17_14594-23870,Mouse836-female_20200322_19-33-17_14594-23870_f008432
-20.96237,-28.924854,investigation,Mouse836-female_20200322_19-33-17_14594-23870,Mouse836-female_20200322_19-33-17_14594-23870_f009072
-49.107075,0.6528967,investigation,Mouse839-female_20200322_20-15-11_12885-24623,Mouse839-female_20200322_20-15-11_12885-24623_f000144
-33.44225,-18.73013,other,Mouse839-female_20200322_20-15-11_12885-24623,Mouse839-female_20200322_20-15-11_12885-24623_f000176
-25.649553,-27.571802,other,Mouse839-female_20200322_20-15-11_12885-24623,Mouse839-female_20200322_20-15-11_12885-24623_f000272
-30.04213,-19.476912,investigation,Mouse839-female_20200322_20-15-11_12885-24623,Mouse839-female_20200322_20-15-11_12885-24623_f000352
-27.478216,-21.460068,investigation,Mouse839-female_20200322_20-15-11_12885-24623,Mouse839-female_20200322_20-15-11_12885-24623_f000496
-31.486795,-21.578478,investigation,Mouse839-female_20200322_20-15-11_12885-24623,Mouse839-female_20200322_20-15-11_12885-24623_f000704
-21.548895,-23.861942,mount,Mouse839-female_20200322_20-15-11_12885-24623,Mouse839-female_20200322_20-15-11_12885-24623_f000752
-22.388721,-23.584707,mount,Mouse839-female_20200322_20-15-11_12885-24623,Mouse839-female_20200322_20-15-11_12885-24623_f000848
21.715096,-41.89234,mount,Mouse839-female_20200322_20-15-11_12885-24623,Mouse839-female_20200322_20-15-11_12885-24623_f000912
-2.5103865,-38.642223,mount,Mouse839-female_20200322_20-15-11_12885-24623,Mouse839-female_20200322_20-15-11_12885-24623_f001136
-12.7079735,-34.066246,mount,Mouse839-female_20200322_20-15-11_12885-24623,Mouse839-female_20200322_20-15-11_12885-24623_f001168
7.477468,-40.117573,investigation,Mouse839-female_20200322_20-15-11_12885-24623,Mouse839-female_20200322_20-15-11_12885-24623_f001248
10.438197,-40.180855,mount,Mouse839-female_20200322_20-15-11_12885-24623,Mouse839-female_20200322_20-15-11_12885-24623_f001296
-5.189296,-33.34775,investigation,Mouse839-female_20200322_20-15-11_12885-24623,Mouse839-female_20200322_20-15-11_12885-24623_f001328
4.31779,-35.248577,other,Mouse839-female_20200322_20-15-11_12885-24623,Mouse839-female_20200322_20-15-11_12885-24623_f001456
-20.796001,-30.112005,investigation,Mouse839-female_20200322_20-15-11_12885-24623,Mouse839-female_20200322_20-15-11_12885-24623_f001728
22.591526,-39.33314,mount,Mouse839-female_20200322_20-15-11_12885-24623,Mouse839-female_20200322_20-15-11_12885-24623_f001904
20.068583,-40.887848,mount,Mouse839-female_20200322_20-15-11_12885-24623,Mouse839-female_20200322_20-15-11_12885-24623_f001936
26.690567,-40.544735,mount,Mouse839-female_20200322_20-15-11_12885-24623,Mouse839-female_20200322_20-15-11_12885-24623_f001952
35.793255,-41.802982,mount,Mouse839-female_20200322_20-15-11_12885-24623,Mouse839-female_20200322_20-15-11_12885-24623_f001968
64.62955,-45.100212,mount,Mouse839-female_20200322_20-15-11_12885-24623,Mouse839-female_20200322_20-15-11_12885-24623_f002016
33.41784,-40.087337,mount,Mouse839-female_20200322_20-15-11_12885-24623,Mouse839-female_20200322_20-15-11_12885-24623_f002288
46.028214,-38.347294,investigation,Mouse839-female_20200322_20-15-11_12885-24623,Mouse839-female_20200322_20-15-11_12885-24623_f002336
9.465325,-35.510452,other,Mouse839-female_20200322_20-15-11_12885-24623,Mouse839-female_20200322_20-15-11_12885-24623_f002544
-17.444544,-22.956192,other,Mouse839-female_20200322_20-15-11_12885-24623,Mouse839-female_20200322_20-15-11_12885-24623_f003136
-10.647239,-28.554873,other,Mouse839-female_20200322_20-15-11_12885-24623,Mouse839-female_20200322_20-15-11_12885-24623_f003872
3.596495,-47.25647,mount,Mouse839-female_20200322_20-15-11_12885-24623,Mouse839-female_20200322_20-15-11_12885-24623_f004128
5.2884893,-49.037064,mount,Mouse839-female_20200322_20-15-11_12885-24623,Mouse839-female_20200322_20-15-11_12885-24623_f004256
5.150865,-48.244503,mount,Mouse839-female_20200322_20-15-11_12885-24623,Mouse839-female_20200322_20-15-11_12885-24623_f004320
7.61977,-48.08511,mount,Mouse839-female_20200322_20-15-11_12885-24623,Mouse839-female_20200322_20-15-11_12885-24623_f004352
6.303682,-47.67855,mount,Mouse839-female_20200322_20-15-11_12885-24623,Mouse839-female_20200322_20-15-11_12885-24623_f004368
15.062368,-45.83807,mount,Mouse839-female_20200322_20-15-11_12885-24623,Mouse839-female_20200322_20-15-11_12885-24623_f004432
-8.807093,-33.842342,mount,Mouse839-female_20200322_20-15-11_12885-24623,Mouse839-female_20200322_20-15-11_12885-24623_f004448
-7.1001706,-34.55977,other,Mouse839-female_20200322_20-15-11_12885-24623,Mouse839-female_20200322_20-15-11_12885-24623_f004640
-10.88068,-29.266462,investigation,Mouse839-female_20200322_20-15-11_12885-24623,Mouse839-female_20200322_20-15-11_12885-24623_f005600
1.3052667,-31.763638,investigation,Mouse839-female_20200322_20-15-11_12885-24623,Mouse839-female_20200322_20-15-11_12885-24623_f006160
-16.384235,-27.280855,investigation,Mouse839-female_20200322_20-15-11_12885-24623,Mouse839-female_20200322_20-15-11_12885-24623_f006272
18.621912,-41.93737,investigation,Mouse839-female_20200322_20-15-11_12885-24623,Mouse839-female_20200322_20-15-11_12885-24623_f006336
-30.59954,-20.522211,investigation,Mouse839-female_20200322_20-15-11_12885-24623,Mouse839-female_20200322_20-15-11_12885-24623_f007408
7.4578295,-31.54004,other,Mouse839-female_20200322_20-15-11_12885-24623,Mouse839-female_20200322_20-15-11_12885-24623_f008160
-16.329096,-33.22382,investigation,Mouse839-female_20200322_20-15-11_12885-24623,Mouse839-female_20200322_20-15-11_12885-24623_f008464
-11.627284,-27.661951,other,Mouse839-female_20200322_20-15-11_12885-24623,Mouse839-female_20200322_20-15-11_12885-24623_f008736
-44.34999,-4.529391,other,Mouse839-female_20200322_20-15-11_12885-24623,Mouse839-female_20200322_20-15-11_12885-24623_f008912
-30.067017,-17.42795,other,Mouse839-female_20200322_20-15-11_12885-24623,Mouse839-female_20200322_20-15-11_12885-24623_f009024
34.217644,-46.349545,other,Mouse839-female_20200322_20-15-11_12885-24623,Mouse839-female_20200322_20-15-11_12885-24623_f009424
16.989412,-40.10556,mount,Mouse839-female_20200322_20-15-11_12885-24623,Mouse839-female_20200322_20-15-11_12885-24623_f009920
-8.67288,-34.816948,mount,Mouse839-female_20200322_20-15-11_12885-24623,Mouse839-female_20200322_20-15-11_12885-24623_f010064
7.597293,-38.231903,mount,Mouse839-female_20200322_20-15-11_12885-24623,Mouse839-female_20200322_20-15-11_12885-24623_f010128
-4.7036943,-37.386726,investigation,Mouse839-female_20200322_20-15-11_12885-24623,Mouse839-female_20200322_20-15-11_12885-24623_f010192
-24.816908,-22.225899,investigation,Mouse839-female_20200322_20-15-11_12885-24623,Mouse839-female_20200322_20-15-11_12885-24623_f010432
-7.0243626,-32.57244,mount,Mouse839-female_20200322_20-15-11_12885-24623,Mouse839-female_20200322_20-15-11_12885-24623_f010496
-25.80046,-26.774355,other,Mouse839-female_20200322_20-15-11_12885-24623,Mouse839-female_20200322_20-15-11_12885-24623_f011008
-27.005152,-20.997147,investigation,Mouse839-female_20200322_20-15-11_12885-24623,Mouse839-female_20200322_20-15-11_12885-24623_f011440
-22.394407,-26.101385,investigation,Mouse839-female_20200322_20-15-11_12885-24623,Mouse839-female_20200322_20-15-11_12885-24623_f011456
-4.4615903,-40.384857,investigation,Mouse839-female_20200322_20-15-11_12885-24623,Mouse839-female_20200322_20-15-11_12885-24623_f011552
-16.814701,-36.644783,investigation,Mouse839-female_20200322_20-15-11_12885-24623,Mouse839-female_20200322_20-15-11_12885-24623_f011568
-27.052626,-23.491644,other,Mouse839-female_20200322_20-15-11_12885-24623,Mouse839-female_20200322_20-15-11_12885-24623_f011664
