pc1,pc2,label,video_id,sample_id
8.000994,9.26271,investigation,Mouse060_20160526_18-16-27,Mouse060_20160526_18-16-27_f000144
3.4942863,7.436375,investigation,Mouse060_20160526_18-16-27,Mouse060_20160526_18-16-27_f000160
3.2884157,7.803349,investigation,Mouse060_20160526_18-16-27,Mouse060_20160526_18-16-27_f000176
-0.28672674,10.811706,investigation,Mouse060_20160526_18-16-27,Mouse060_20160526_18-16-27_f000384
-5.488369,6.534567,investigation,Mouse060_20160526_18-16-27,Mouse060_20160526_18-16-27_f000400
-0.69344467,6.3709936,investigation,Mouse060_20160526_18-16-27,Mouse060_20160526_18-16-27_f000560
-4.61756,4.933022,investigation,Mouse060_20160526_18-16-27,Mouse060_20160526_18-16-27_f000624
-6.289588,8.163003,investigation,Mouse060_20160526_18-16-27,Mouse060_20160526_18-16-27_f000640
3.8263159,17.209702,investigation,Mouse060_20160526_18-16-27,Mouse060_20160526_18-16-27_f000784
9.098307,7.6383467,investigation,Mouse060_20160526_18-16-27,Mouse060_20160526_18-16-27_f001008
18.495022,12.109774,investigation,Mouse060_20160526_18-16-27,Mouse060_20160526_18-16-27_f001040
2.587937,23.733646,investigation,Mouse060_20160526_18-16-27,Mouse060_20160526_18-16-27_f001360
10.214569,23.739084,investigation,Mouse060_20160526_18-16-27,Mouse060_20160526_18-16-27_f001648
-1.1296318,5.0537395,investigation,Mouse060_20160526_18-16-27,Mouse060_20160526_18-16-27_f001856
-4.6408052,12.564617,investigation,Mouse060_20160526_18-16-27,Mouse060_20160526_18-16-27_f002176
1.4490532,4.6235538,mount,Mouse060_20160526_18-16-27,Mouse060_20160526_18-16-27_f002336
1.3278785,6.2465696,mount,Mouse060_20160526_18-16-27,Mouse060_20160526_18-16-27_f002352
5.917644,12.112125,other,Mouse060_20160526_18-16-27,Mouse060_20160526_18-16-27_f002704
-15.007224,9.502821,mount,Mouse060_20160526_18-16-27,Mouse060_20160526_18-16-27_f002896
-15.1019335,9.642932,mount,Mouse060_20160526_18-16-27,Mouse060_20160526_18-16-27_f002912
-16.865543,9.592874,mount,Mouse060_20160526_18-16-27,Mouse060_20160526_18-16-27_f003008
-11.78584,12.422679,investigation,Mouse060_20160526_18-16-27,Mouse060_20160526_18-16-27_f003424
-8.202896,9.674473,mount,Mouse060_20160526_18-16-27,Mouse060_20160526_18-16-27_f003584
-9.8902235,3.8259037,investigation,Mouse060_20160526_18-16-27,Mouse060_20160526_18-16-27_f003648
-15.215385,2.1828916,mount,Mouse060_20160526_18-16-27,Mouse060_20160526_18-16-27_f003680
2.271571,17.281986,other,Mouse060_20160526_18-16-27,Mouse060_20160526_18-16-27_f004064
-4.0615997,-1.4485494,mount,Mouse060_20160526_18-16-27,Mouse060_20160526_18-16-27_f004352
-13.011041,-0.7725674,mount,Mouse060_20160526_18-16-27,Mouse060_20160526_18-16-27_f004416
-10.50878,-1.2749742,mount,Mouse060_20160526_18-16-27,Mouse060_20160526_18-16-27_f004480
4.4684653,8.600535,other,Mouse060_20160526_18-16-27,Mouse060_20160526_18-16-27_f004528
-15.9871,1.4358778,investigation,Mouse060_20160526_18-16-27,Mouse060_20160526_18-16-27_f004992
-24.23382,-2.840258,mount,Mouse060_20160526_18-16-27,Mouse060_20160526_18-16-27_f005024
-26.222336,-2.8017113,mount,Mouse060_20160526_18-16-27,Mouse060_20160526_18-16-27_f005056
-14.135265,1.6869475,mount,Mouse060_20160526_18-16-27,Mouse060_20160526_18-16-27_f005104
-24.908958,-2.046142,mount,Mouse060_20160526_18-16-27,Mouse060_20160526_18-16-27_f005152
-0.8083324,8.697939,other,Mouse060_20160526_18-16-27,Mouse060_20160526_18-16-27_f005536
1.2605987,16.711782,investigation,Mouse060_20160526_18-16-27,Mouse060_20160526_18-16-27_f005904
-12.40102,11.414962,mount,Mouse060_20160526_18-16-27,Mouse060_20160526_18-16-27_f006096
-13.452497,10.175445,mount,Mouse060_20160526_18-16-27,Mouse060_20160526_18-16-27_f006176
-3.5861406,5.701139,investigation,Mouse060_20160526_18-16-27,Mouse060_20160526_18-16-27_f006992
-2.4012861,5.3679047,investigation,Mouse060_20160526_18-16-27,Mouse060_20160526_18-16-27_f007024
-9.985892,11.548758,investigation,Mouse060_20160526_18-16-27,Mouse060_20160526_18-16-27_f007216
-21.15674,8.301217,mount,Mouse060_20160526_18-16-27,Mouse060_20160526_18-16-27_f007280
-25.437391,5.7188168,mount,Mouse060_20160526_18-16-27,Mouse060_20160526_18-16-27_f007312
-1.1305759,12.369995,other,Mouse060_20160526_18-16-27,Mouse060_20160526_18-16-27_f007504
4.900347,12.514084,other,Mouse060_20160526_18-16-27,Mouse060_20160526_18-16-27_f007856
-33.59931,-4.667771,mount,Mouse060_20160526_18-16-27,Mouse060_20160526_18-16-27_f009136
-30.002419,-0.99374396,mount,Mouse060_20160526_18-16-27,Mouse060_20160526_18-16-27_f009168
-26.456354,1.6174425,mount,Mouse060_20160526_18-16-27,Mouse060_20160526_18-16-27_f009184
-14.206103,7.300568,mount,Mouse060_20160526_18-16-27,Mouse060_20160526_18-16-27_f009200
-3.6104007,5.965271,mount,Mouse060_20160526_18-16-27,Mouse060_20160526_18-16-27_f009600
-8.8441515,5.211144,other,Mouse060_20160526_18-16-27,Mouse060_20160526_18-16-27_f010016
-3.5042033,4.3738136,other,Mouse060_20160526_18-16-27,Mouse060_20160526_18-16-27_f010160
-0.98101395,7.6348534,investigation,Mouse060_20160526_18-16-27,Mouse060_20160526_18-16-27_f010256
-9.28999,6.2563267,mount,Mouse060_20160526_18-16-27,Mouse060_20160526_18-16-27_f010336
6.610652,11.772173,other,Mouse060_20160526_18-16-27,Mouse060_20160526_18-16-27_f010720
3.0198188,9.43574,mount,Mouse060_20160526_18-16-27,Mouse060_20160526_18-16-27_f010896
-1.4277985,9.1496525,mount,Mouse060_20160526_18-16-27,Mouse060_20160526_18-16-27_f010912
-1.8310312,9.318956,mount,Mouse060_20160526_18-16-27,Mouse060_20160526_18-16-27_f010944
2.993635,16.581028,other,Mouse060_20160526_18-16-27,Mouse060_20160526_18-16-27_f011312
-4.67125,9.185322,mount,Mouse060_20160526_18-16-27,Mouse060_20160526_18-16-27_f011920
-10.069169,6.89875,mount,Mouse060_20160526_18-16-27,Mouse060_20160526_18-16-27_f011952
-12.8693695,5.9922543,mount,Mouse060_20160526_18-16-27,Mouse060_20160526_18-16-27_f011968
0.9803984,15.601898,mount,Mouse060_20160526_18-16-27,Mouse060_20160526_18-16-27_f012176
-1.5726149,8.860586,other,Mouse060_20160526_18-16-27,Mouse060_20160526_18-16-27_f012384
-1.0320292,4.0939865,other,Mouse060_20160526_18-16-27,Mouse060_20160526_18-16-27_f013264
-7.7602606,11.582089,mount,Mouse060_20160526_18-16-27,Mouse060_20160526_18-16-27_f013648
-1.7364305,7.671085,investigation,Mouse060_20160526_18-16-27,Mouse060_20160526_18-16-27_f013856
-10.554137,-1.7958665,investigation,Mouse060_20160526_18-16-27,Mouse060_20160526_18-16-27_f013888
-6.1119556,3.6484616,other,Mouse060_20160526_18-16-27,Mouse060_20160526_18-16-27_f014288
8.378929,9.823577,investigation,Mouse060_20160526_18-16-27,Mouse060_20160526_18-16-27_f014544
-15.649755,2.9452958,investigation,Mouse060_20160526_18-16-27,Mouse060_20160526_18-16-27_f015248
-20.105751,2.2534473,investigation,Mouse060_20160526_18-16-27,Mouse060_20160526_18-16-27_f015264
-24.856485,-0.5706121,investigation,Mouse060_20160526_18-16-27,Mouse060_20160526_18-16-27_f015296
-20.447287,-0.24254091,investigation,Mouse060_20160526_18-16-27,Mouse060_20160526_18-16-27_f015312
6.8950434,11.042358,other,Mouse060_20160526_18-16-27,Mouse060_20160526_18-16-27_f015712
-4.8546185,6.8299212,investigation,Mouse060_20160526_18-16-27,Mouse060_20160526_18-16-27_f016480
-9.164408,6.821294,investigation,Mouse060_20160526_18-16-27,Mouse060_20160526_18-16-27_f016848
-10.114451,5.655635,other,Mouse060_20160526_18-16-27,Mouse060_20160526_18-16-27_f016960
-3.890708,7.9077835,other,Mouse060_20160526_18-16-27,Mouse060_20160526_18-16-27_f017904
-17.217009,0.5357833,mount,Mouse060_20160526_18-16-27,Mouse060_20160526_18-16-27_f018432
-19.689732,1.2692382,mount,Mouse060_20160526_18-16-27,Mouse060_20160526_18-16-27_f018528
-17.343416,1.3292859,other,Mouse060_20160526_18-16-27,Mouse060_20160526_18-16-27_f018624
-27.417639,-7.684585,mount,Mouse060_20160526_18-16-27,Mouse060_20160526_18-16-27_f019136
-1.6850873,7.566411,other,Mouse060_20160526_18-16-27,Mouse060_20160526_18-16-27_f019360
-9.0872965,6.9248033,other,Mouse060_20160526_18-16-27,Mouse060_20160526_18-16-27_f019584
-7.057793,7.097068,other,Mouse060_20160526_18-16-27,Mouse060_20160526_18-16-27_f019600
-11.9972515,-1.5748855,investigation,Mouse060_20160526_18-16-27,Mouse060_20160526_18-16-27_f020336
-8.498374,7.1303906,investigation,Mouse060_20160526_18-16-27,Mouse060_20160526_18-16-27_f020416
-8.49825,-3.1862152,investigation,Mouse060_20160526_18-16-27,Mouse060_20160526_18-16-27_f020704
-15.986306,-1.5843039,investigation,Mouse060_20160526_18-16-27,Mouse060_20160526_18-16-27_f020736
-5.723875,2.2767262,mount,Mouse060_20160526_18-16-27,Mouse060_20160526_18-16-27_f021168
-1.651144,11.120748,other,Mouse060_20160526_18-16-27,Mouse060_20160526_18-16-27_f021408
1.9332386,10.399792,other,Mouse060_20160526_18-16-27,Mouse060_20160526_18-16-27_f021488
-14.442145,-0.43754372,other,Mouse060_20160526_18-16-27,Mouse060_20160526_18-16-27_f022544
4.200166,9.257142,other,Mouse060_20160526_18-16-27,Mouse060_20160526_18-16-27_f022896
-3.5717306,4.2659225,investigation,Mouse060_20160526_18-16-27,Mouse060_20160526_18-16-27_f023440
-4.8494654,8.586668,investigation,Mouse060_20160526_18-16-27,Mouse060_20160526_18-16-27_f023472
-6.5316424,5.0059,other,Mouse060_20160526_18-16-27,Mouse060_20160526_18-16-27_f023952
-9.8652,2.0197425,investigation,Mouse060_20160526_18-16-27,Mouse060_20160526_18-16-27_f024176
12.344054,19.80649,investigation,Mouse061_20160526_18-38-49,Mouse061_20160526_18-38-49_f000240
7.4846487,16.543552,investigation,Mouse061_20160526_18-38-49,Mouse061_20160526_18-38-49_f000272
20.821045,15.212041,investigation,Mouse061_20160526_18-38-49,Mouse061_20160526_18-38-49_f000304
14.606919,15.478583,investigation,Mouse061_20160526_18-38-49,Mouse061_20160526_18-38-49_f000528
9.360029,15.547906,investigation,Mouse061_20160526_18-38-49,Mouse061_20160526_18-38-49_f000992
-0.20653033,8.369766,investigation,Mouse061_20160526_18-38-49,Mouse061_20160526_18-38-49_f001216
9.429883,8.636919,investigation,Mouse061_20160526_18-38-49,Mouse061_20160526_18-38-49_f001328
6.964828,23.515799,investigation,Mouse061_20160526_18-38-49,Mouse061_20160526_18-38-49_f001424
5.0423226,19.509039,mount,Mouse061_20160526_18-38-49,Mouse061_20160526_18-38-49_f002064
5.595172,11.179713,other,Mouse061_20160526_18-38-49,Mouse061_20160526_18-38-49_f002864
-12.303309,1.1493508,other,Mouse061_20160526_18-38-49,Mouse061_20160526_18-38-49_f003152
-1.3825336,7.518546,other,Mouse061_20160526_18-38-49,Mouse061_20160526_18-38-49_f003520
-13.585069,5.8749247,mount,Mouse061_20160526_18-38-49,Mouse061_20160526_18-38-49_f003840
-14.460614,4.9836326,mount,Mouse061_20160526_18-38-49,Mouse061_20160526_18-38-49_f003888
-14.079973,5.761006,mount,Mouse061_20160526_18-38-49,Mouse061_20160526_18-38-49_f003968
-13.691628,4.6328897,mount,Mouse061_20160526_18-38-49,Mouse061_20160526_18-38-49_f004000
-15.191639,6.4429793,mount,Mouse061_20160526_18-38-49,Mouse061_20160526_18-38-49_f004080
-14.46049,7.5884347,mount,Mouse061_20160526_18-38-49,Mouse061_20160526_18-38-49_f004128
-16.112753,8.512633,mount,Mouse061_20160526_18-38-49,Mouse061_20160526_18-38-49_f004256
-16.114641,9.27849,mount,Mouse061_20160526_18-38-49,Mouse061_20160526_18-38-49_f004272
-16.922789,8.318789,mount,Mouse061_20160526_18-38-49,Mouse061_20160526_18-38-49_f004320
-17.306461,8.384585,mount,Mouse061_20160526_18-38-49,Mouse061_20160526_18-38-49_f004336
-16.484241,7.409684,mount,Mouse061_20160526_18-38-49,Mouse061_20160526_18-38-49_f004384
-15.628009,5.4054737,mount,Mouse061_20160526_18-38-49,Mouse061_20160526_18-38-49_f004448
-15.729563,8.046048,mount,Mouse061_20160526_18-38-49,Mouse061_20160526_18-38-49_f004528
-15.877242,6.868347,mount,Mouse061_20160526_18-38-49,Mouse061_20160526_18-38-49_f004544
-14.303512,7.3755975,mount,Mouse061_20160526_18-38-49,Mouse061_20160526_18-38-49_f004720
-14.183348,4.091878,mount,Mouse061_20160526_18-38-49,Mouse061_20160526_18-38-49_f004800
-12.530159,2.8418164,mount,Mouse061_20160526_18-38-49,Mouse061_20160526_18-38-49_f004896
-12.254892,4.3947053,mount,Mouse061_20160526_18-38-49,Mouse061_20160526_18-38-49_f004960
-12.74881,2.8743258,mount,Mouse061_20160526_18-38-49,Mouse061_20160526_18-38-49_f004992
-12.935394,1.7681241,mount,Mouse061_20160526_18-38-49,Mouse061_20160526_18-38-49_f005008
-12.913594,2.318449,mount,Mouse061_20160526_18-38-49,Mouse061_20160526_18-38-49_f005024
-13.616154,5.2218213,mount,Mouse061_20160526_18-38-49,Mouse061_20160526_18-38-49_f005072
-10.125512,4.503271,mount,Mouse061_20160526_18-38-49,Mouse061_20160526_18-38-49_f005312
-10.602857,2.0031822,mount,Mouse061_20160526_18-38-49,Mouse061_20160526_18-38-49_f005360
-9.783342,6.577706,mount,Mouse061_20160526_18-38-49,Mouse061_20160526_18-38-49_f005408
-10.711506,5.198688,mount,Mouse061_20160526_18-38-49,Mouse061_20160526_18-38-49_f005456
-9.86706,4.8768272,mount,Mouse061_20160526_18-38-49,Mouse061_20160526_18-38-49_f005488
-10.958245,1.8952582,mount,Mouse061_20160526_18-38-49,Mouse061_20160526_18-38-49_f005520
-9.603996,4.795061,mount,Mouse061_20160526_18-38-49,Mouse061_20160526_18-38-49_f005568
-10.805562,1.6145947,mount,Mouse061_20160526_18-38-49,Mouse061_20160526_18-38-49_f005616
-11.402673,1.5441139,mount,Mouse061_20160526_18-38-49,Mouse061_20160526_18-38-49_f005648
-11.815916,4.8897867,mount,Mouse061_20160526_18-38-49,Mouse061_20160526_18-38-49_f005696
-11.633213,5.993469,mount,Mouse061_20160526_18-38-49,Mouse061_20160526_18-38-49_f005728
-9.783571,6.4638867,mount,Mouse061_20160526_18-38-49,Mouse061_20160526_18-38-49_f005760
-9.148115,4.916975,mount,Mouse061_20160526_18-38-49,Mouse061_20160526_18-38-49_f005888
1.4514104,5.348058,investigation,Mouse061_20160526_18-38-49,Mouse061_20160526_18-38-49_f006192
-4.7416553,4.913204,investigation,Mouse061_20160526_18-38-49,Mouse061_20160526_18-38-49_f006208
7.707228,14.753793,investigation,Mouse061_20160526_18-38-49,Mouse061_20160526_18-38-49_f006608
2.940945,19.061764,investigation,Mouse061_20160526_18-38-49,Mouse061_20160526_18-38-49_f006656
0.028426036,19.144213,investigation,Mouse061_20160526_18-38-49,Mouse061_20160526_18-38-49_f006720
-2.4925673,9.723243,investigation,Mouse061_20160526_18-38-49,Mouse061_20160526_18-38-49_f006944
5.9066515,19.695398,mount,Mouse061_20160526_18-38-49,Mouse061_20160526_18-38-49_f007248
2.5297532,17.099525,mount,Mouse061_20160526_18-38-49,Mouse061_20160526_18-38-49_f007392
2.4470744,15.121637,mount,Mouse061_20160526_18-38-49,Mouse061_20160526_18-38-49_f007408
-1.4572479,13.055479,mount,Mouse061_20160526_18-38-49,Mouse061_20160526_18-38-49_f007488
-2.0796287,13.648732,mount,Mouse061_20160526_18-38-49,Mouse061_20160526_18-38-49_f007536
-2.4641242,14.037442,mount,Mouse061_20160526_18-38-49,Mouse061_20160526_18-38-49_f007584
-0.7859303,15.497998,mount,Mouse061_20160526_18-38-49,Mouse061_20160526_18-38-49_f007648
0.035649918,14.3326845,mount,Mouse061_20160526_18-38-49,Mouse061_20160526_18-38-49_f007712
-2.8143866,13.230176,mount,Mouse061_20160526_18-38-49,Mouse061_20160526_18-38-49_f007840
-3.7195237,13.343546,mount,Mouse061_20160526_18-38-49,Mouse061_20160526_18-38-49_f007872
-2.8149834,12.537918,mount,Mouse061_20160526_18-38-49,Mouse061_20160526_18-38-49_f007920
0.8539401,13.422737,mount,Mouse061_20160526_18-38-49,Mouse061_20160526_18-38-49_f007952
-0.35566622,19.233925,other,Mouse061_20160526_18-38-49,Mouse061_20160526_18-38-49_f008160
-1.931476,18.337673,investigation,Mouse061_20160526_18-38-49,Mouse061_20160526_18-38-49_f008208
-3.3080387,13.854973,investigation,Mouse061_20160526_18-38-49,Mouse061_20160526_18-38-49_f008224
9.097878,12.21647,investigation,Mouse061_20160526_18-38-49,Mouse061_20160526_18-38-49_f008480
8.936587,11.375214,investigation,Mouse061_20160526_18-38-49,Mouse061_20160526_18-38-49_f008544
10.646797,14.898623,investigation,Mouse061_20160526_18-38-49,Mouse061_20160526_18-38-49_f008864
13.034432,16.204042,investigation,Mouse061_20160526_18-38-49,Mouse061_20160526_18-38-49_f008912
12.52943,16.765383,investigation,Mouse061_20160526_18-38-49,Mouse061_20160526_18-38-49_f008928
6.9441547,17.074066,investigation,Mouse061_20160526_18-38-49,Mouse061_20160526_18-38-49_f009024
2.873398,7.2938137,other,Mouse061_20160526_18-38-49,Mouse061_20160526_18-38-49_f009488
7.1728187,7.6599607,mount,Mouse061_20160526_18-38-49,Mouse061_20160526_18-38-49_f009552
3.1886237,6.8873386,mount,Mouse061_20160526_18-38-49,Mouse061_20160526_18-38-49_f009696
3.623985,7.0973372,mount,Mouse061_20160526_18-38-49,Mouse061_20160526_18-38-49_f009712
2.1397643,8.241661,mount,Mouse061_20160526_18-38-49,Mouse061_20160526_18-38-49_f009872
3.6605587,6.2327075,mount,Mouse061_20160526_18-38-49,Mouse061_20160526_18-38-49_f010000
-2.8079858,3.9265177,mount,Mouse061_20160526_18-38-49,Mouse061_20160526_18-38-49_f010176
-5.9715533,3.0183132,mount,Mouse061_20160526_18-38-49,Mouse061_20160526_18-38-49_f010192
9.000529,14.624761,other,Mouse061_20160526_18-38-49,Mouse061_20160526_18-38-49_f010352
6.4776354,12.286935,investigation,Mouse061_20160526_18-38-49,Mouse061_20160526_18-38-49_f010528
5.1477866,9.879804,investigation,Mouse061_20160526_18-38-49,Mouse061_20160526_18-38-49_f010800
9.370293,11.923956,other,Mouse061_20160526_18-38-49,Mouse061_20160526_18-38-49_f010912
9.007792,10.499512,other,Mouse061_20160526_18-38-49,Mouse061_20160526_18-38-49_f010928
5.0703287,7.1550994,mount,Mouse061_20160526_18-38-49,Mouse061_20160526_18-38-49_f011104
-2.191666,14.071912,investigation,Mouse061_20160526_18-38-49,Mouse061_20160526_18-38-49_f011232
17.28663,15.268519,mount,Mouse061_20160526_18-38-49,Mouse061_20160526_18-38-49_f011616
2.4258163,11.087344,mount,Mouse061_20160526_18-38-49,Mouse061_20160526_18-38-49_f011712
11.323122,12.607142,mount,Mouse061_20160526_18-38-49,Mouse061_20160526_18-38-49_f011792
9.813627,14.005084,mount,Mouse061_20160526_18-38-49,Mouse061_20160526_18-38-49_f011840
11.895266,15.840508,mount,Mouse061_20160526_18-38-49,Mouse061_20160526_18-38-49_f011936
12.132187,15.405639,mount,Mouse061_20160526_18-38-49,Mouse061_20160526_18-38-49_f012000
12.7456455,14.795479,mount,Mouse061_20160526_18-38-49,Mouse061_20160526_18-38-49_f012048
11.885642,15.04245,mount,Mouse061_20160526_18-38-49,Mouse061_20160526_18-38-49_f012064
11.304966,14.627896,mount,Mouse061_20160526_18-38-49,Mouse061_20160526_18-38-49_f012112
14.16183,16.882565,mount,Mouse061_20160526_18-38-49,Mouse061_20160526_18-38-49_f012128
16.012775,18.340317,mount,Mouse061_20160526_18-38-49,Mouse061_20160526_18-38-49_f012144
16.461807,18.279127,mount,Mouse061_20160526_18-38-49,Mouse061_20160526_18-38-49_f012192
19.04385,19.78045,mount,Mouse061_20160526_18-38-49,Mouse061_20160526_18-38-49_f012240
21.498665,22.154448,mount,Mouse061_20160526_18-38-49,Mouse061_20160526_18-38-49_f012272
21.25252,21.596827,mount,Mouse061_20160526_18-38-49,Mouse061_20160526_18-38-49_f012288
9.375663,14.226936,mount,Mouse061_20160526_18-38-49,Mouse061_20160526_18-38-49_f012336
1.8368485,7.136436,other,Mouse061_20160526_18-38-49,Mouse061_20160526_18-38-49_f012352
2.7838824,8.831437,other,Mouse061_20160526_18-38-49,Mouse061_20160526_18-38-49_f012448
-10.759787,2.405087,other,Mouse061_20160526_18-38-49,Mouse061_20160526_18-38-49_f012672
16.248447,21.034927,other,Mouse061_20160526_18-38-49,Mouse061_20160526_18-38-49_f012880
21.834944,22.22595,mount,Mouse061_20160526_18-38-49,Mouse061_20160526_18-38-49_f013408
21.719044,21.430475,mount,Mouse061_20160526_18-38-49,Mouse061_20160526_18-38-49_f013424
17.934462,21.439608,mount,Mouse061_20160526_18-38-49,Mouse061_20160526_18-38-49_f013520
17.91427,20.2873,mount,Mouse061_20160526_18-38-49,Mouse061_20160526_18-38-49_f013552
20.929108,20.43709,mount,Mouse061_20160526_18-38-49,Mouse061_20160526_18-38-49_f013584
-1.0550098,13.362135,mount,Mouse061_20160526_18-38-49,Mouse061_20160526_18-38-49_f013744
7.345452,18.372301,other,Mouse061_20160526_18-38-49,Mouse061_20160526_18-38-49_f014176
5.4062304,13.648287,other,Mouse061_20160526_18-38-49,Mouse061_20160526_18-38-49_f014384
2.6307535,10.186946,other,Mouse061_20160526_18-38-49,Mouse061_20160526_18-38-49_f015648
-12.466217,1.4194866,other,Mouse061_20160526_18-38-49,Mouse061_20160526_18-38-49_f015968
8.984451,8.263308,mount,Mouse061_20160526_18-38-49,Mouse061_20160526_18-38-49_f016480
7.0603647,7.372422,mount,Mouse061_20160526_18-38-49,Mouse061_20160526_18-38-49_f016528
5.653417,5.5406218,mount,Mouse061_20160526_18-38-49,Mouse061_20160526_18-38-49_f016560
5.4465494,5.2732725,mount,Mouse061_20160526_18-38-49,Mouse061_20160526_18-38-49_f016624
4.077905,5.312671,mount,Mouse061_20160526_18-38-49,Mouse061_20160526_18-38-49_f016752
5.156981,3.3468895,mount,Mouse061_20160526_18-38-49,Mouse061_20160526_18-38-49_f016800
5.1456537,4.798485,mount,Mouse061_20160526_18-38-49,Mouse061_20160526_18-38-49_f016848
4.6358037,3.7560446,mount,Mouse061_20160526_18-38-49,Mouse061_20160526_18-38-49_f016880
5.372119,4.155585,mount,Mouse061_20160526_18-38-49,Mouse061_20160526_18-38-49_f016896
4.52545,6.0837207,mount,Mouse061_20160526_18-38-49,Mouse061_20160526_18-38-49_f016976
12.86821,6.675407,mount,Mouse061_20160526_18-38-49,Mouse061_20160526_18-38-49_f017312
15.180415,8.161538,mount,Mouse061_20160526_18-38-49,Mouse061_20160526_18-38-49_f017360
16.992764,8.404608,mount,Mouse061_20160526_18-38-49,Mouse061_20160526_18-38-49_f017376
18.180876,8.8400135,mount,Mouse061_20160526_18-38-49,Mouse061_20160526_18-38-49_f017392
18.468246,10.28574,mount,Mouse061_20160526_18-38-49,Mouse061_20160526_18-38-49_f017424
17.614622,10.000324,mount,Mouse061_20160526_18-38-49,Mouse061_20160526_18-38-49_f017440
17.7936,10.456166,mount,Mouse061_20160526_18-38-49,Mouse061_20160526_18-38-49_f017456
16.2413,10.5621805,mount,Mouse061_20160526_18-38-49,Mouse061_20160526_18-38-49_f017568
19.077888,8.985872,mount,Mouse061_20160526_18-38-49,Mouse061_20160526_18-38-49_f017632
19.582329,13.198093,mount,Mouse061_20160526_18-38-49,Mouse061_20160526_18-38-49_f017664
11.595289,14.569588,mount,Mouse061_20160526_18-38-49,Mouse061_20160526_18-38-49_f017856
12.673398,15.590377,mount,Mouse061_20160526_18-38-49,Mouse061_20160526_18-38-49_f017872
17.201824,17.027958,mount,Mouse061_20160526_18-38-49,Mouse061_20160526_18-38-49_f017904
3.14977,16.091787,other,Mouse061_20160526_18-38-49,Mouse061_20160526_18-38-49_f018288
5.4318004,15.164947,other,Mouse061_20160526_18-38-49,Mouse061_20160526_18-38-49_f018368
4.424988,15.547546,other,Mouse061_20160526_18-38-49,Mouse061_20160526_18-38-49_f018512
7.009435,8.728653,investigation,Mouse061_20160526_18-38-49,Mouse061_20160526_18-38-49_f018608
12.03639,11.773649,investigation,Mouse062_20160526_18-56-26,Mouse062_20160526_18-56-26_f000096
13.670874,15.830153,investigation,Mouse062_20160526_18-56-26,Mouse062_20160526_18-56-26_f000256
5.272974,10.915573,investigation,Mouse062_20160526_18-56-26,Mouse062_20160526_18-56-26_f000304
-5.4027257,10.900403,investigation,Mouse062_20160526_18-56-26,Mouse062_20160526_18-56-26_f000656
-1.3461998,13.64989,investigation,Mouse062_20160526_18-56-26,Mouse062_20160526_18-56-26_f000688
0.6406328,15.620619,investigation,Mouse062_20160526_18-56-26,Mouse062_20160526_18-56-26_f000704
11.718341,8.875239,investigation,Mouse062_20160526_18-56-26,Mouse062_20160526_18-56-26_f001392
6.7122407,10.823039,investigation,Mouse062_20160526_18-56-26,Mouse062_20160526_18-56-26_f001680
2.4079247,17.324625,investigation,Mouse062_20160526_18-56-26,Mouse062_20160526_18-56-26_f001872
-0.2475196,14.918953,investigation,Mouse062_20160526_18-56-26,Mouse062_20160526_18-56-26_f001904
5.7112384,12.576383,investigation,Mouse062_20160526_18-56-26,Mouse062_20160526_18-56-26_f002064
15.949114,14.122016,investigation,Mouse062_20160526_18-56-26,Mouse062_20160526_18-56-26_f002272
2.4651663,7.952735,other,Mouse062_20160526_18-56-26,Mouse062_20160526_18-56-26_f002544
-2.5490425,13.266368,investigation,Mouse062_20160526_18-56-26,Mouse062_20160526_18-56-26_f002640
1.5142025,5.305415,other,Mouse062_20160526_18-56-26,Mouse062_20160526_18-56-26_f002816
5.753226,12.494647,other,Mouse062_20160526_18-56-26,Mouse062_20160526_18-56-26_f003024
5.683468,17.532803,investigation,Mouse062_20160526_18-56-26,Mouse062_20160526_18-56-26_f003136
8.526072,5.5580926,investigation,Mouse062_20160526_18-56-26,Mouse062_20160526_18-56-26_f003312
-11.139558,-1.9799546,investigation,Mouse062_20160526_18-56-26,Mouse062_20160526_18-56-26_f003344
0.3790355,4.3316283,other,Mouse062_20160526_18-56-26,Mouse062_20160526_18-56-26_f003488
-3.977934,7.805965,investigation,Mouse062_20160526_18-56-26,Mouse062_20160526_18-56-26_f003904
5.9983654,18.78722,investigation,Mouse062_20160526_18-56-26,Mouse062_20160526_18-56-26_f004816
-2.5899239,6.629022,investigation,Mouse062_20160526_18-56-26,Mouse062_20160526_18-56-26_f005040
-2.7344131,8.351487,investigation,Mouse062_20160526_18-56-26,Mouse062_20160526_18-56-26_f005232
3.7525868,19.224436,investigation,Mouse062_20160526_18-56-26,Mouse062_20160526_18-56-26_f005616
-3.08081,12.356892,investigation,Mouse062_20160526_18-56-26,Mouse062_20160526_18-56-26_f005744
1.9679887,12.059928,investigation,Mouse062_20160526_18-56-26,Mouse062_20160526_18-56-26_f005760
10.9312,16.35028,other,Mouse062_20160526_18-56-26,Mouse062_20160526_18-56-26_f005840
10.957545,13.797629,other,Mouse062_20160526_18-56-26,Mouse062_20160526_18-56-26_f005872
-0.5860046,15.075303,investigation,Mouse062_20160526_18-56-26,Mouse062_20160526_18-56-26_f006864
16.08399,15.105716,other,Mouse062_20160526_18-56-26,Mouse062_20160526_18-56-26_f007056
11.850178,9.2569895,investigation,Mouse062_20160526_18-56-26,Mouse062_20160526_18-56-26_f007696
-1.9863955,2.5580828,other,Mouse062_20160526_18-56-26,Mouse062_20160526_18-56-26_f008048
-12.455735,7.045253,other,Mouse062_20160526_18-56-26,Mouse062_20160526_18-56-26_f008368
-4.398242,4.5520806,other,Mouse062_20160526_18-56-26,Mouse062_20160526_18-56-26_f008848
-1.9464159,12.405949,other,Mouse062_20160526_18-56-26,Mouse062_20160526_18-56-26_f008896
-26.74594,-9.646236,mount,Mouse062_20160526_18-56-26,Mouse062_20160526_18-56-26_f009440
-1.2932397,16.760303,investigation,Mouse062_20160526_18-56-26,Mouse062_20160526_18-56-26_f009600
9.54421,1.6534094,other,Mouse062_20160526_18-56-26,Mouse062_20160526_18-56-26_f009840
-13.557864,-0.5947639,investigation,Mouse062_20160526_18-56-26,Mouse062_20160526_18-56-26_f010432
-8.011691,0.36260897,investigation,Mouse062_20160526_18-56-26,Mouse062_20160526_18-56-26_f010480
-3.0801601,8.756168,investigation,Mouse062_20160526_18-56-26,Mouse062_20160526_18-56-26_f010960
-3.7399342,4.4824295,investigation,Mouse062_20160526_18-56-26,Mouse062_20160526_18-56-26_f010992
0.94155926,4.534991,other,Mouse062_20160526_18-56-26,Mouse062_20160526_18-56-26_f011056
-3.9046075,4.21425,mount,Mouse062_20160526_18-56-26,Mouse062_20160526_18-56-26_f011280
-9.3075075,0.24758205,mount,Mouse062_20160526_18-56-26,Mouse062_20160526_18-56-26_f011312
-10.409592,2.3557873,mount,Mouse062_20160526_18-56-26,Mouse062_20160526_18-56-26_f011360
-7.157865,7.858096,mount,Mouse062_20160526_18-56-26,Mouse062_20160526_18-56-26_f011408
-7.7963257,5.5450287,mount,Mouse062_20160526_18-56-26,Mouse062_20160526_18-56-26_f011472
-9.217993,5.8620768,mount,Mouse062_20160526_18-56-26,Mouse062_20160526_18-56-26_f011632
-9.313037,6.415746,mount,Mouse062_20160526_18-56-26,Mouse062_20160526_18-56-26_f011648
-10.5458,5.0865364,mount,Mouse062_20160526_18-56-26,Mouse062_20160526_18-56-26_f011712
-10.922022,1.9714688,mount,Mouse062_20160526_18-56-26,Mouse062_20160526_18-56-26_f011824
-9.6467285,4.288558,mount,Mouse062_20160526_18-56-26,Mouse062_20160526_18-56-26_f011872
-11.583393,3.8989706,mount,Mouse062_20160526_18-56-26,Mouse062_20160526_18-56-26_f011968
-10.932243,3.6335418,mount,Mouse062_20160526_18-56-26,Mouse062_20160526_18-56-26_f012032
-10.994525,2.856812,mount,Mouse062_20160526_18-56-26,Mouse062_20160526_18-56-26_f012048
-12.56875,0.3520682,mount,Mouse062_20160526_18-56-26,Mouse062_20160526_18-56-26_f012096
-8.739292,3.5314798,mount,Mouse062_20160526_18-56-26,Mouse062_20160526_18-56-26_f012160
-7.8926935,2.4850223,mount,Mouse062_20160526_18-56-26,Mouse062_20160526_18-56-26_f012176
-8.76687,1.1670313,mount,Mouse062_20160526_18-56-26,Mouse062_20160526_18-56-26_f012192
-13.026038,0.5241258,mount,Mouse062_20160526_18-56-26,Mouse062_20160526_18-56-26_f012208
1.1610826,11.878516,investigation,Mouse062_20160526_18-56-26,Mouse062_20160526_18-56-26_f012768
6.0726957,12.759547,investigation,Mouse062_20160526_18-56-26,Mouse062_20160526_18-56-26_f013248
-5.572927,10.799071,investigation,Mouse062_20160526_18-56-26,Mouse062_20160526_18-56-26_f013840
-31.490593,-0.2069266,mount,Mouse062_20160526_18-56-26,Mouse062_20160526_18-56-26_f014304
-27.268663,0.46128437,mount,Mouse062_20160526_18-56-26,Mouse062_20160526_18-56-26_f014320
-26.556906,0.5195298,mount,Mouse062_20160526_18-56-26,Mouse062_20160526_18-56-26_f014560
-27.629686,-0.7785218,mount,Mouse062_20160526_18-56-26,Mouse062_20160526_18-56-26_f014576
-28.129705,-1.8582535,mount,Mouse062_20160526_18-56-26,Mouse062_20160526_18-56-26_f014608
-29.241695,-2.8001513,mount,Mouse062_20160526_18-56-26,Mouse062_20160526_18-56-26_f014672
-25.197565,-0.8450428,mount,Mouse062_20160526_18-56-26,Mouse062_20160526_18-56-26_f014800
-25.639153,-0.23804988,mount,Mouse062_20160526_18-56-26,Mouse062_20160526_18-56-26_f014816
-27.98478,-3.1677055,mount,Mouse062_20160526_18-56-26,Mouse062_20160526_18-56-26_f014944
-25.781176,-3.5049136,mount,Mouse062_20160526_18-56-26,Mouse062_20160526_18-56-26_f014960
-22.53447,-2.3622823,mount,Mouse062_20160526_18-56-26,Mouse062_20160526_18-56-26_f014992
-25.595495,-3.3676481,mount,Mouse062_20160526_18-56-26,Mouse062_20160526_18-56-26_f015008
-32.77372,-6.315688,mount,Mouse062_20160526_18-56-26,Mouse062_20160526_18-56-26_f015056
-28.667286,-3.1694844,mount,Mouse062_20160526_18-56-26,Mouse062_20160526_18-56-26_f015200
-27.935617,-2.8887277,mount,Mouse062_20160526_18-56-26,Mouse062_20160526_18-56-26_f015216
-26.444214,-2.801371,mount,Mouse062_20160526_18-56-26,Mouse062_20160526_18-56-26_f015264
-27.462492,-3.8112783,mount,Mouse062_20160526_18-56-26,Mouse062_20160526_18-56-26_f015440
-25.070229,-6.263574,mount,Mouse062_20160526_18-56-26,Mouse062_20160526_18-56-26_f015520
-23.18937,-3.0864136,mount,Mouse062_20160526_18-56-26,Mouse062_20160526_18-56-26_f015568
-21.668432,-2.1258419,mount,Mouse062_20160526_18-56-26,Mouse062_20160526_18-56-26_f015616
-20.649773,-1.3653448,mount,Mouse062_20160526_18-56-26,Mouse062_20160526_18-56-26_f015696
-20.540667,-1.2031443,mount,Mouse062_20160526_18-56-26,Mouse062_20160526_18-56-26_f015712
-19.603092,-2.9483318,mount,Mouse062_20160526_18-56-26,Mouse062_20160526_18-56-26_f015808
-19.049969,-5.1466656,mount,Mouse062_20160526_18-56-26,Mouse062_20160526_18-56-26_f015856
-20.890785,-4.280365,mount,Mouse062_20160526_18-56-26,Mouse062_20160526_18-56-26_f015872
-14.562804,-0.1992734,mount,Mouse062_20160526_18-56-26,Mouse062_20160526_18-56-26_f015952
-16.348028,-2.1105733,mount,Mouse062_20160526_18-56-26,Mouse062_20160526_18-56-26_f016192
-5.024601,3.3819509,mount,Mouse062_20160526_18-56-26,Mouse062_20160526_18-56-26_f016256
-3.1389868,3.6302078,mount,Mouse062_20160526_18-56-26,Mouse062_20160526_18-56-26_f016272
-6.984399,2.624023,mount,Mouse062_20160526_18-56-26,Mouse062_20160526_18-56-26_f016320
-8.98418,3.923785,mount,Mouse062_20160526_18-56-26,Mouse062_20160526_18-56-26_f016352
-6.3291745,4.478109,mount,Mouse062_20160526_18-56-26,Mouse062_20160526_18-56-26_f016368
-3.019518,1.3175064,mount,Mouse062_20160526_18-56-26,Mouse062_20160526_18-56-26_f016416
-2.7251687,4.0517006,mount,Mouse062_20160526_18-56-26,Mouse062_20160526_18-56-26_f016448
1.8939428,5.5690827,mount,Mouse062_20160526_18-56-26,Mouse062_20160526_18-56-26_f016464
1.9731798,4.3579307,mount,Mouse062_20160526_18-56-26,Mouse062_20160526_18-56-26_f016496
-2.9266846,2.8023622,mount,Mouse062_20160526_18-56-26,Mouse062_20160526_18-56-26_f016528
-6.581183,2.508957,mount,Mouse062_20160526_18-56-26,Mouse062_20160526_18-56-26_f016736
-11.924725,-1.0178279,mount,Mouse062_20160526_18-56-26,Mouse062_20160526_18-56-26_f016768
-13.662046,-1.3431138,mount,Mouse062_20160526_18-56-26,Mouse062_20160526_18-56-26_f016784
-6.220325,1.5135188,mount,Mouse062_20160526_18-56-26,Mouse062_20160526_18-56-26_f016848
-15.048557,-0.9787842,mount,Mouse062_20160526_18-56-26,Mouse062_20160526_18-56-26_f016880
-14.779967,-0.49661705,mount,Mouse062_20160526_18-56-26,Mouse062_20160526_18-56-26_f016944
-16.57682,-0.483354,mount,Mouse062_20160526_18-56-26,Mouse062_20160526_18-56-26_f016976
-11.622805,0.23929484,mount,Mouse062_20160526_18-56-26,Mouse062_20160526_18-56-26_f016992
-8.435123,-2.218554,mount,Mouse062_20160526_18-56-26,Mouse062_20160526_18-56-26_f017040
-12.870847,-1.9015223,mount,Mouse062_20160526_18-56-26,Mouse062_20160526_18-56-26_f017056
-14.194648,-0.9433716,mount,Mouse062_20160526_18-56-26,Mouse062_20160526_18-56-26_f017072
-15.076176,0.8424794,mount,Mouse062_20160526_18-56-26,Mouse062_20160526_18-56-26_f017104
-7.603924,1.5717248,mount,Mouse062_20160526_18-56-26,Mouse062_20160526_18-56-26_f017264
-18.455725,-2.2354214,mount,Mouse062_20160526_18-56-26,Mouse062_20160526_18-56-26_f017392
-21.325493,-3.0254207,mount,Mouse062_20160526_18-56-26,Mouse062_20160526_18-56-26_f017424
-12.794527,1.8884535,mount,Mouse062_20160526_18-56-26,Mouse062_20160526_18-56-26_f017568
-14.995964,0.78049624,mount,Mouse062_20160526_18-56-26,Mouse062_20160526_18-56-26_f017648
-20.288216,-1.0724963,mount,Mouse062_20160526_18-56-26,Mouse062_20160526_18-56-26_f017664
-22.410849,-2.3393378,mount,Mouse062_20160526_18-56-26,Mouse062_20160526_18-56-26_f017680
-18.201841,-1.9516135,mount,Mouse062_20160526_18-56-26,Mouse062_20160526_18-56-26_f017792
-20.139463,-0.44988868,mount,Mouse062_20160526_18-56-26,Mouse062_20160526_18-56-26_f017904
-21.289175,-2.2161229,mount,Mouse062_20160526_18-56-26,Mouse062_20160526_18-56-26_f017920
2.4384565,5.224878,investigation,Mouse062_20160526_18-56-26,Mouse062_20160526_18-56-26_f018256
-4.897329,-0.8543626,investigation,Mouse062_20160526_18-56-26,Mouse062_20160526_18-56-26_f018272
-5.8136635,6.7117834,other,Mouse062_20160526_18-56-26,Mouse062_20160526_18-56-26_f018880
-6.6960616,5.981958,other,Mouse062_20160526_18-56-26,Mouse062_20160526_18-56-26_f018960
11.182264,14.541925,mount,Mouse062_20160526_18-56-26,Mouse062_20160526_18-56-26_f019344
-17.366283,2.403908,mount,Mouse062_20160526_18-56-26,Mouse062_20160526_18-56-26_f019504
-17.40069,2.501367,mount,Mouse062_20160526_18-56-26,Mouse062_20160526_18-56-26_f019552
-19.591423,2.5652533,mount,Mouse062_20160526_18-56-26,Mouse062_20160526_18-56-26_f019568
8.522709,18.03294,investigation,Mouse063_20160526_19-14-46,Mouse063_20160526_19-14-46_f000112
5.40574,16.791273,investigation,Mouse063_20160526_19-14-46,Mouse063_20160526_19-14-46_f000224
15.464762,15.241761,investigation,Mouse063_20160526_19-14-46,Mouse063_20160526_19-14-46_f000608
6.336538,9.127423,investigation,Mouse063_20160526_19-14-46,Mouse063_20160526_19-14-46_f000688
16.428225,7.346182,investigation,Mouse063_20160526_19-14-46,Mouse063_20160526_19-14-46_f000720
5.310053,15.557574,other,Mouse063_20160526_19-14-46,Mouse063_20160526_19-14-46_f001328
-1.8414922,5.699264,investigation,Mouse063_20160526_19-14-46,Mouse063_20160526_19-14-46_f001648
-1.6173344,3.257389,mount,Mouse063_20160526_19-14-46,Mouse063_20160526_19-14-46_f001984
-3.1660082,9.103269,mount,Mouse063_20160526_19-14-46,Mouse063_20160526_19-14-46_f002160
2.2741392,8.916803,other,Mouse063_20160526_19-14-46,Mouse063_20160526_19-14-46_f002448
-5.4673333,10.593707,other,Mouse063_20160526_19-14-46,Mouse063_20160526_19-14-46_f002608
-0.31837955,10.859867,other,Mouse063_20160526_19-14-46,Mouse063_20160526_19-14-46_f002720
-5.605856,7.4612374,investigation,Mouse063_20160526_19-14-46,Mouse063_20160526_19-14-46_f002848
-18.87037,5.885591,mount,Mouse063_20160526_19-14-46,Mouse063_20160526_19-14-46_f002880
-5.9571385,6.3978243,other,Mouse063_20160526_19-14-46,Mouse063_20160526_19-14-46_f002912
-15.6590185,-1.8400489,other,Mouse063_20160526_19-14-46,Mouse063_20160526_19-14-46_f003184
6.2949357,10.154014,mount,Mouse063_20160526_19-14-46,Mouse063_20160526_19-14-46_f003264
4.47816,9.195564,mount,Mouse063_20160526_19-14-46,Mouse063_20160526_19-14-46_f003280
4.812373,19.520653,other,Mouse063_20160526_19-14-46,Mouse063_20160526_19-14-46_f003344
2.4314637,17.990875,other,Mouse063_20160526_19-14-46,Mouse063_20160526_19-14-46_f003488
-2.0343459,9.558416,other,Mouse063_20160526_19-14-46,Mouse063_20160526_19-14-46_f003712
5.627394,12.58053,investigation,Mouse063_20160526_19-14-46,Mouse063_20160526_19-14-46_f003792
9.916587,14.55491,investigation,Mouse063_20160526_19-14-46,Mouse063_20160526_19-14-46_f004640
3.3830628,16.439123,investigation,Mouse063_20160526_19-14-46,Mouse063_20160526_19-14-46_f004656
-8.454558,10.661054,mount,Mouse063_20160526_19-14-46,Mouse063_20160526_19-14-46_f004704
4.599392,4.023032,other,Mouse063_20160526_19-14-46,Mouse063_20160526_19-14-46_f004848
5.707115,8.143402,other,Mouse063_20160526_19-14-46,Mouse063_20160526_19-14-46_f004880
-1.4473373,15.047364,mount,Mouse063_20160526_19-14-46,Mouse063_20160526_19-14-46_f004992
-9.254604,13.44333,mount,Mouse063_20160526_19-14-46,Mouse063_20160526_19-14-46_f005024
-4.0719085,9.490519,other,Mouse063_20160526_19-14-46,Mouse063_20160526_19-14-46_f005088
-5.410675,1.068489,mount,Mouse063_20160526_19-14-46,Mouse063_20160526_19-14-46_f005232
-4.360702,8.962281,other,Mouse063_20160526_19-14-46,Mouse063_20160526_19-14-46_f005568
6.618551,19.446507,investigation,Mouse063_20160526_19-14-46,Mouse063_20160526_19-14-46_f005728
-6.470051,8.717179,investigation,Mouse063_20160526_19-14-46,Mouse063_20160526_19-14-46_f005824
-4.7708297,6.4220285,other,Mouse063_20160526_19-14-46,Mouse063_20160526_19-14-46_f005936
1.8106954,7.166369,investigation,Mouse063_20160526_19-14-46,Mouse063_20160526_19-14-46_f006800
-7.1681833,6.4496717,investigation,Mouse063_20160526_19-14-46,Mouse063_20160526_19-14-46_f006816
8.226271,15.760223,other,Mouse063_20160526_19-14-46,Mouse063_20160526_19-14-46_f006928
3.9178271,9.465564,investigation,Mouse063_20160526_19-14-46,Mouse063_20160526_19-14-46_f007232
-9.347488,0.7615677,other,Mouse063_20160526_19-14-46,Mouse063_20160526_19-14-46_f008496
-16.11959,-6.3590517,other,Mouse063_20160526_19-14-46,Mouse063_20160526_19-14-46_f008640
-13.58624,1.0018815,mount,Mouse063_20160526_19-14-46,Mouse063_20160526_19-14-46_f008992
-4.2774954,4.4005437,other,Mouse063_20160526_19-14-46,Mouse063_20160526_19-14-46_f009056
4.353661,13.349664,other,Mouse063_20160526_19-14-46,Mouse063_20160526_19-14-46_f009568
-2.0721676,4.655209,mount,Mouse063_20160526_19-14-46,Mouse063_20160526_19-14-46_f009648
-3.2800515,5.026461,other,Mouse063_20160526_19-14-46,Mouse063_20160526_19-14-46_f009872
7.123354,16.669233,other,Mouse063_20160526_19-14-46,Mouse063_20160526_19-14-46_f010464
1.7702806,7.343166,other,Mouse063_20160526_19-14-46,Mouse063_20160526_19-14-46_f010672
-9.593538,11.69431,mount,Mouse063_20160526_19-14-46,Mouse063_20160526_19-14-46_f010752
-5.1794915,7.4003534,other,Mouse063_20160526_19-14-46,Mouse063_20160526_19-14-46_f010816
-6.778637,-1.8193736,other,Mouse063_20160526_19-14-46,Mouse063_20160526_19-14-46_f010896
-2.0522208,10.768212,investigation,Mouse063_20160526_19-14-46,Mouse063_20160526_19-14-46_f011424
-1.908185,12.107759,other,Mouse063_20160526_19-14-46,Mouse063_20160526_19-14-46_f011904
-26.289265,-3.6597917,mount,Mouse063_20160526_19-14-46,Mouse063_20160526_19-14-46_f012800
-33.795338,-6.5562463,mount,Mouse063_20160526_19-14-46,Mouse063_20160526_19-14-46_f012816
-38.17973,-8.8866825,mount,Mouse063_20160526_19-14-46,Mouse063_20160526_19-14-46_f013072
4.5949826,12.433212,other,Mouse063_20160526_19-14-46,Mouse063_20160526_19-14-46_f013280
3.485733,14.078429,investigation,Mouse063_20160526_19-14-46,Mouse063_20160526_19-14-46_f013536
-5.087511,16.763151,investigation,Mouse063_20160526_19-14-46,Mouse063_20160526_19-14-46_f013648
-1.765027,13.277453,other,Mouse063_20160526_19-14-46,Mouse063_20160526_19-14-46_f013728
-10.621884,5.27263,investigation,Mouse063_20160526_19-14-46,Mouse063_20160526_19-14-46_f014064
3.8911688,4.6447363,other,Mouse063_20160526_19-14-46,Mouse063_20160526_19-14-46_f014784
3.9734144,5.2193203,other,Mouse063_20160526_19-14-46,Mouse063_20160526_19-14-46_f014800
0.020724166,7.974,mount,Mouse063_20160526_19-14-46,Mouse063_20160526_19-14-46_f014896
-18.687439,0.06368002,mount,Mouse063_20160526_19-14-46,Mouse063_20160526_19-14-46_f014992
-20.356878,-0.30347496,mount,Mouse063_20160526_19-14-46,Mouse063_20160526_19-14-46_f015040
-0.112482145,-1.9913472,other,Mouse063_20160526_19-14-46,Mouse063_20160526_19-14-46_f015168
9.341858,15.697233,investigation,Mouse063_20160526_19-14-46,Mouse063_20160526_19-14-46_f015536
4.4530087,14.669538,other,Mouse063_20160526_19-14-46,Mouse063_20160526_19-14-46_f015632
-1.6004891,5.9220686,investigation,Mouse063_20160526_19-14-46,Mouse063_20160526_19-14-46_f015984
1.1542419,6.864597,mount,Mouse063_20160526_19-14-46,Mouse063_20160526_19-14-46_f016096
5.0603127,7.458115,mount,Mouse063_20160526_19-14-46,Mouse063_20160526_19-14-46_f016112
-18.134714,-0.121174596,mount,Mouse063_20160526_19-14-46,Mouse063_20160526_19-14-46_f016144
-14.357423,0.7529868,mount,Mouse063_20160526_19-14-46,Mouse063_20160526_19-14-46_f016160
-3.2857423,2.5542922,mount,Mouse063_20160526_19-14-46,Mouse063_20160526_19-14-46_f016176
-19.882801,-1.8738344,mount,Mouse063_20160526_19-14-46,Mouse063_20160526_19-14-46_f016288
-27.212614,-3.4414208,other,Mouse063_20160526_19-14-46,Mouse063_20160526_19-14-46_f016336
-1.1370683,6.996518,other,Mouse063_20160526_19-14-46,Mouse063_20160526_19-14-46_f016608
-18.114618,-4.11472,mount,Mouse063_20160526_19-14-46,Mouse063_20160526_19-14-46_f017056
12.993056,11.389308,other,Mouse063_20160526_19-14-46,Mouse063_20160526_19-14-46_f017104
4.755329,16.192932,other,Mouse063_20160526_19-14-46,Mouse063_20160526_19-14-46_f017152
-1.1609395,3.594816,other,Mouse063_20160526_19-14-46,Mouse063_20160526_19-14-46_f017440
-2.039735,-1.2679877,other,Mouse063_20160526_19-14-46,Mouse063_20160526_19-14-46_f017568
-6.9179196,4.7756042,mount,Mouse063_20160526_19-14-46,Mouse063_20160526_19-14-46_f017680
5.4676976,17.463287,mount,Mouse063_20160526_19-14-46,Mouse063_20160526_19-14-46_f018512
2.6547725,16.527304,mount,Mouse063_20160526_19-14-46,Mouse063_20160526_19-14-46_f018528
-5.46511,7.9201064,mount,Mouse063_20160526_19-14-46,Mouse063_20160526_19-14-46_f018704
-1.967973,10.212282,mount,Mouse063_20160526_19-14-46,Mouse063_20160526_19-14-46_f018720
-1.5425804,11.352576,mount,Mouse063_20160526_19-14-46,Mouse063_20160526_19-14-46_f018736
-2.9122603,8.529388,mount,Mouse063_20160526_19-14-46,Mouse063_20160526_19-14-46_f018768
-4.71545,-0.6885448,other,Mouse063_20160526_19-14-46,Mouse063_20160526_19-14-46_f019008
1.4842681,5.8179765,other,Mouse063_20160526_19-14-46,Mouse063_20160526_19-14-46_f019152
6.0811677,13.687036,other,Mouse063_20160526_19-14-46,Mouse063_20160526_19-14-46_f019248
-6.7515707,6.0792274,investigation,Mouse069_20160709_16-02-03,Mouse069_20160709_16-02-03_f000016
6.9922805,13.563641,investigation,Mouse069_20160709_16-02-03,Mouse069_20160709_16-02-03_f000288
4.001511,8.90666,investigation,Mouse069_20160709_16-02-03,Mouse069_20160709_16-02-03_f000592
11.9745245,10.666874,investigation,Mouse069_20160709_16-02-03,Mouse069_20160709_16-02-03_f000640
-0.27593935,14.590725,investigation,Mouse069_20160709_16-02-03,Mouse069_20160709_16-02-03_f000784
5.194421,16.204597,investigation,Mouse069_20160709_16-02-03,Mouse069_20160709_16-02-03_f000848
-15.100209,1.0319345,investigation,Mouse069_20160709_16-02-03,Mouse069_20160709_16-02-03_f000992
-4.7267413,11.349146,attack,Mouse069_20160709_16-02-03,Mouse069_20160709_16-02-03_f001040
5.9291096,11.55219,attack,Mouse069_20160709_16-02-03,Mouse069_20160709_16-02-03_f001072
2.0846853,14.83859,attack,Mouse069_20160709_16-02-03,Mouse069_20160709_16-02-03_f001104
-4.7222934,11.416362,attack,Mouse069_20160709_16-02-03,Mouse069_20160709_16-02-03_f001216
-4.3034225,8.47809,investigation,Mouse069_20160709_16-02-03,Mouse069_20160709_16-02-03_f001232
0.2961727,9.859905,attack,Mouse069_20160709_16-02-03,Mouse069_20160709_16-02-03_f001264
-2.423759,8.067962,attack,Mouse069_20160709_16-02-03,Mouse069_20160709_16-02-03_f001344
6.217333,7.542815,attack,Mouse069_20160709_16-02-03,Mouse069_20160709_16-02-03_f001360
9.081832,9.376662,attack,Mouse069_20160709_16-02-03,Mouse069_20160709_16-02-03_f001376
9.136703,8.456324,attack,Mouse069_20160709_16-02-03,Mouse069_20160709_16-02-03_f001408
2.0499144,5.4052286,attack,Mouse069_20160709_16-02-03,Mouse069_20160709_16-02-03_f001440
2.1439948,5.447531,attack,Mouse069_20160709_16-02-03,Mouse069_20160709_16-02-03_f001472
-1.0090212,2.7862031,attack,Mouse069_20160709_16-02-03,Mouse069_20160709_16-02-03_f001488
-0.21587712,3.682307,attack,Mouse069_20160709_16-02-03,Mouse069_20160709_16-02-03_f001504
-10.368489,0.805353,attack,Mouse069_20160709_16-02-03,Mouse069_20160709_16-02-03_f001552
-11.507266,2.7325141,other,Mouse069_20160709_16-02-03,Mouse069_20160709_16-02-03_f001648
2.1236033,6.7400913,other,Mouse069_20160709_16-02-03,Mouse069_20160709_16-02-03_f001872
5.409289,9.172373,other,Mouse069_20160709_16-02-03,Mouse069_20160709_16-02-03_f002032
-3.7525191,10.613694,other,Mouse069_20160709_16-02-03,Mouse069_20160709_16-02-03_f002080
-6.440786,4.494595,other,Mouse069_20160709_16-02-03,Mouse069_20160709_16-02-03_f002176
-0.5271893,12.863832,other,Mouse069_20160709_16-02-03,Mouse069_20160709_16-02-03_f002352
-0.5490348,6.3752275,other,Mouse069_20160709_16-02-03,Mouse069_20160709_16-02-03_f002784
0.3490787,11.474866,other,Mouse069_20160709_16-02-03,Mouse069_20160709_16-02-03_f002880
-4.059146,5.572102,other,Mouse069_20160709_16-02-03,Mouse069_20160709_16-02-03_f003024
-9.756813,-1.1816646,investigation,Mouse069_20160709_16-02-03,Mouse069_20160709_16-02-03_f003376
-13.616571,-0.94051677,investigation,Mouse069_20160709_16-02-03,Mouse069_20160709_16-02-03_f003408
-10.114111,2.2589223,investigation,Mouse069_20160709_16-02-03,Mouse069_20160709_16-02-03_f003456
3.8090122,4.975337,investigation,Mouse069_20160709_16-02-03,Mouse069_20160709_16-02-03_f003616
1.546184,6.5227666,investigation,Mouse069_20160709_16-02-03,Mouse069_20160709_16-02-03_f003776
-2.1763442,4.816592,attack,Mouse069_20160709_16-02-03,Mouse069_20160709_16-02-03_f003824
-7.8236017,3.651666,attack,Mouse069_20160709_16-02-03,Mouse069_20160709_16-02-03_f003872
-8.564924,6.216756,attack,Mouse069_20160709_16-02-03,Mouse069_20160709_16-02-03_f003888
-0.43530914,16.537569,attack,Mouse069_20160709_16-02-03,Mouse069_20160709_16-02-03_f004016
-16.773525,9.124549,attack,Mouse069_20160709_16-02-03,Mouse069_20160709_16-02-03_f004048
-12.21153,9.910033,attack,Mouse069_20160709_16-02-03,Mouse069_20160709_16-02-03_f004064
2.7983892,5.528653,attack,Mouse069_20160709_16-02-03,Mouse069_20160709_16-02-03_f004336
-10.6074295,-2.7730234,attack,Mouse069_20160709_16-02-03,Mouse069_20160709_16-02-03_f004368
-4.9388194,6.918901,attack,Mouse069_20160709_16-02-03,Mouse069_20160709_16-02-03_f004480
-5.3314366,5.846937,attack,Mouse069_20160709_16-02-03,Mouse069_20160709_16-02-03_f004496
-10.460465,0.33529282,attack,Mouse069_20160709_16-02-03,Mouse069_20160709_16-02-03_f004528
-11.325029,-1.8911657,attack,Mouse069_20160709_16-02-03,Mouse069_20160709_16-02-03_f004544
-17.09233,-5.5119915,attack,Mouse069_20160709_16-02-03,Mouse069_20160709_16-02-03_f004560
5.757286,9.526785,attack,Mouse069_20160709_16-02-03,Mouse069_20160709_16-02-03_f004640
-6.350297,5.755259,attack,Mouse069_20160709_16-02-03,Mouse069_20160709_16-02-03_f004656
-2.7548127,12.067071,attack,Mouse069_20160709_16-02-03,Mouse069_20160709_16-02-03_f004688
-0.77608573,10.00146,attack,Mouse069_20160709_16-02-03,Mouse069_20160709_16-02-03_f004704
-6.268654,-2.5179834,attack,Mouse069_20160709_16-02-03,Mouse069_20160709_16-02-03_f004736
-12.362636,-5.416594,attack,Mouse069_20160709_16-02-03,Mouse069_20160709_16-02-03_f004752
-14.167305,-6.042213,attack,Mouse069_20160709_16-02-03,Mouse069_20160709_16-02-03_f004768
2.2233777,5.4769497,other,Mouse069_20160709_16-02-03,Mouse069_20160709_16-02-03_f005392
-0.3065538,11.175413,other,Mouse069_20160709_16-02-03,Mouse069_20160709_16-02-03_f006080
2.3244793,11.571483,other,Mouse069_20160709_16-02-03,Mouse069_20160709_16-02-03_f006128
1.1295503,2.3913662,other,Mouse069_20160709_16-02-03,Mouse069_20160709_16-02-03_f006192
-10.561748,3.169628,other,Mouse069_20160709_16-02-03,Mouse069_20160709_16-02-03_f006240
-6.1035614,2.1521542,other,Mouse069_20160709_16-02-03,Mouse069_20160709_16-02-03_f006336
-9.489251,2.9222147,other,Mouse069_20160709_16-02-03,Mouse069_20160709_16-02-03_f007088
-1.2036523,11.984663,other,Mouse069_20160709_16-02-03,Mouse069_20160709_16-02-03_f007584
-3.2248576,7.860166,other,Mouse069_20160709_16-02-03,Mouse069_20160709_16-02-03_f007952
0.26790524,11.812043,other,Mouse069_20160709_16-02-03,Mouse069_20160709_16-02-03_f008176
-1.5012863,6.7504663,investigation,Mouse069_20160709_16-02-03,Mouse069_20160709_16-02-03_f008432
3.6024933,6.818006,other,Mouse069_20160709_16-02-03,Mouse069_20160709_16-02-03_f008560
-11.131368,0.3219592,investigation,Mouse069_20160709_16-02-03,Mouse069_20160709_16-02-03_f008688
-12.01234,-0.4038316,investigation,Mouse069_20160709_16-02-03,Mouse069_20160709_16-02-03_f008704
-14.474936,-3.7328098,investigation,Mouse069_20160709_16-02-03,Mouse069_20160709_16-02-03_f008752
2.3388536,2.301919,other,Mouse069_20160709_16-02-03,Mouse069_20160709_16-02-03_f008848
-13.833134,2.9249501,other,Mouse069_20160709_16-02-03,Mouse069_20160709_16-02-03_f009216
-15.204877,4.5240355,other,Mouse069_20160709_16-02-03,Mouse069_20160709_16-02-03_f009232
-13.188594,-3.5561552,other,Mouse069_20160709_16-02-03,Mouse069_20160709_16-02-03_f009520
-2.9317837,4.027684,other,Mouse069_20160709_16-02-03,Mouse069_20160709_16-02-03_f009584
-0.7951656,-0.001317475,other,Mouse069_20160709_16-02-03,Mouse069_20160709_16-02-03_f009856
-12.698463,-1.1921654,other,Mouse069_20160709_16-02-03,Mouse069_20160709_16-02-03_f009936
-1.8365785,4.009819,investigation,Mouse069_20160709_16-02-03,Mouse069_20160709_16-02-03_f010432
-2.2212143,2.295855,investigation,Mouse069_20160709_16-02-03,Mouse069_20160709_16-02-03_f010464
-9.6618395,10.90411,attack,Mouse069_20160709_16-02-03,Mouse069_20160709_16-02-03_f010512
-5.689385,12.95358,attack,Mouse069_20160709_16-02-03,Mouse069_20160709_16-02-03_f010560
-3.5641313,12.177587,attack,Mouse069_20160709_16-02-03,Mouse069_20160709_16-02-03_f010592
-1.5768676,9.004995,attack,Mouse069_20160709_16-02-03,Mouse069_20160709_16-02-03_f010624
7.509327,7.422412,attack,Mouse069_20160709_16-02-03,Mouse069_20160709_16-02-03_f010640
-5.8722377,3.4072564,attack,Mouse069_20160709_16-02-03,Mouse069_20160709_16-02-03_f010672
-2.4833536,4.62687,attack,Mouse069_20160709_16-02-03,Mouse069_20160709_16-02-03_f010688
-11.9478035,2.5677588,attack,Mouse069_20160709_16-02-03,Mouse069_20160709_16-02-03_f010720
-3.0430284,15.764353,attack,Mouse069_20160709_16-02-03,Mouse069_20160709_16-02-03_f010832
-13.616334,3.7230165,attack,Mouse069_20160709_16-02-03,Mouse069_20160709_16-02-03_f010864
-21.07569,-0.2259113,attack,Mouse069_20160709_16-02-03,Mouse069_20160709_16-02-03_f010896
-20.256767,-0.91755646,attack,Mouse069_20160709_16-02-03,Mouse069_20160709_16-02-03_f010912
2.1390276,7.3555646,other,Mouse069_20160709_16-02-03,Mouse069_20160709_16-02-03_f010976
3.9715226,10.11721,attack,Mouse069_20160709_16-02-03,Mouse069_20160709_16-02-03_f011024
-9.959713,8.468712,attack,Mouse069_20160709_16-02-03,Mouse069_20160709_16-02-03_f011056
-10.906889,9.476985,attack,Mouse069_20160709_16-02-03,Mouse069_20160709_16-02-03_f011120
-4.5135317,5.705805,attack,Mouse069_20160709_16-02-03,Mouse069_20160709_16-02-03_f011168
-21.581228,-1.1775957,attack,Mouse069_20160709_16-02-03,Mouse069_20160709_16-02-03_f011200
-18.910748,0.18081711,attack,Mouse069_20160709_16-02-03,Mouse069_20160709_16-02-03_f011216
-18.408468,1.0444354,investigation,Mouse069_20160709_16-02-03,Mouse069_20160709_16-02-03_f011232
-19.163137,-5.0392184,investigation,Mouse069_20160709_16-02-03,Mouse069_20160709_16-02-03_f011440
-13.26845,-0.3147861,attack,Mouse069_20160709_16-02-03,Mouse069_20160709_16-02-03_f011776
-8.139848,8.079343,other,Mouse069_20160709_16-02-03,Mouse069_20160709_16-02-03_f012240
-13.157124,3.9683185,other,Mouse069_20160709_16-02-03,Mouse069_20160709_16-02-03_f013120
-1.4181474,6.534163,other,Mouse069_20160709_16-02-03,Mouse069_20160709_16-02-03_f013568
-1.7627869,8.598876,other,Mouse069_20160709_16-02-03,Mouse069_20160709_16-02-03_f013824
-25.787813,-3.4372509,other,Mouse069_20160709_16-02-03,Mouse069_20160709_16-02-03_f014176
-4.403153,6.374779,other,Mouse069_20160709_16-02-03,Mouse069_20160709_16-02-03_f014544
-5.0494437,2.9880738,other,Mouse069_20160709_16-02-03,Mouse069_20160709_16-02-03_f014848
5.8315387,5.3570876,investigation,Mouse069_20160709_16-02-03,Mouse069_20160709_16-02-03_f015568
-4.9342475,0.3296999,other,Mouse069_20160709_16-02-03,Mouse069_20160709_16-02-03_f017232
-12.136223,5.985194,other,Mouse069_20160709_16-02-03,Mouse069_20160709_16-02-03_f017664
-9.64195,0.9374337,other,Mouse069_20160709_16-02-03,Mouse069_20160709_16-02-03_f017808
-2.387957,5.1538124,other,Mouse069_20160709_16-02-03,Mouse069_20160709_16-02-03_f017872
8.8793,16.189995,other,Mouse069_20160709_16-02-03,Mouse069_20160709_16-02-03_f018416
-28.648874,-3.614978,attack,Mouse070_20160709_16-58-36,Mouse070_20160709_16-58-36_f000048
-13.693407,7.932384,attack,Mouse070_20160709_16-58-36,Mouse070_20160709_16-58-36_f000080
0.039220534,13.462998,attack,Mouse070_20160709_16-58-36,Mouse070_20160709_16-58-36_f000112
-12.349641,9.979376,attack,Mouse070_20160709_16-58-36,Mouse070_20160709_16-58-36_f000128
-10.776917,12.234748,attack,Mouse070_20160709_16-58-36,Mouse070_20160709_16-58-36_f000160
-11.218533,4.543404,attack,Mouse070_20160709_16-58-36,Mouse070_20160709_16-58-36_f000192
-21.315493,2.647498,attack,Mouse070_20160709_16-58-36,Mouse070_20160709_16-58-36_f000240
-12.4116745,-0.5967959,other,Mouse070_20160709_16-58-36,Mouse070_20160709_16-58-36_f000288
-15.702233,-2.517667,other,Mouse070_20160709_16-58-36,Mouse070_20160709_16-58-36_f000320
5.4240875,15.088215,attack,Mouse070_20160709_16-58-36,Mouse070_20160709_16-58-36_f000352
-8.08642,13.697682,attack,Mouse070_20160709_16-58-36,Mouse070_20160709_16-58-36_f000368
-9.384987,15.389829,attack,Mouse070_20160709_16-58-36,Mouse070_20160709_16-58-36_f000400
-7.0602,13.782294,attack,Mouse070_20160709_16-58-36,Mouse070_20160709_16-58-36_f000416
-23.445377,6.5760117,attack,Mouse070_20160709_16-58-36,Mouse070_20160709_16-58-36_f000480
-19.469568,7.1644483,attack,Mouse070_20160709_16-58-36,Mouse070_20160709_16-58-36_f000496
-16.882057,6.4405894,attack,Mouse070_20160709_16-58-36,Mouse070_20160709_16-58-36_f000608
-8.922001,10.841395,attack,Mouse070_20160709_16-58-36,Mouse070_20160709_16-58-36_f001040
-8.870137,6.3910494,attack,Mouse070_20160709_16-58-36,Mouse070_20160709_16-58-36_f001056
-13.517182,1.5797937,attack,Mouse070_20160709_16-58-36,Mouse070_20160709_16-58-36_f001072
-10.509036,8.98293,attack,Mouse070_20160709_16-58-36,Mouse070_20160709_16-58-36_f001136
-17.90407,-0.27607286,investigation,Mouse070_20160709_16-58-36,Mouse070_20160709_16-58-36_f001296
-2.7189198,5.3797364,attack,Mouse070_20160709_16-58-36,Mouse070_20160709_16-58-36_f001472
-3.8151135,5.5505157,attack,Mouse070_20160709_16-58-36,Mouse070_20160709_16-58-36_f001488
-8.5026455,4.5974565,attack,Mouse070_20160709_16-58-36,Mouse070_20160709_16-58-36_f001504
-10.044915,0.8038355,attack,Mouse070_20160709_16-58-36,Mouse070_20160709_16-58-36_f001552
-12.652156,-0.31103158,attack,Mouse070_20160709_16-58-36,Mouse070_20160709_16-58-36_f001568
-7.1106534,3.6521988,attack,Mouse070_20160709_16-58-36,Mouse070_20160709_16-58-36_f001584
-13.4725685,-0.8055437,attack,Mouse070_20160709_16-58-36,Mouse070_20160709_16-58-36_f001632
-12.531861,4.041423,attack,Mouse070_20160709_16-58-36,Mouse070_20160709_16-58-36_f001824
-13.456323,0.5581263,attack,Mouse070_20160709_16-58-36,Mouse070_20160709_16-58-36_f001840
-21.97751,-1.1276429,attack,Mouse070_20160709_16-58-36,Mouse070_20160709_16-58-36_f002064
-14.362445,-2.529015,other,Mouse070_20160709_16-58-36,Mouse070_20160709_16-58-36_f002112
-14.012955,3.7442431,attack,Mouse070_20160709_16-58-36,Mouse070_20160709_16-58-36_f002176
-14.750401,2.0585852,attack,Mouse070_20160709_16-58-36,Mouse070_20160709_16-58-36_f002304
-16.553076,1.0124933,attack,Mouse070_20160709_16-58-36,Mouse070_20160709_16-58-36_f002336
-22.749962,-3.4356754,attack,Mouse070_20160709_16-58-36,Mouse070_20160709_16-58-36_f002368
-7.970069,5.090477,attack,Mouse070_20160709_16-58-36,Mouse070_20160709_16-58-36_f002400
-7.460937,9.955572,attack,Mouse070_20160709_16-58-36,Mouse070_20160709_16-58-36_f002512
-3.9522324,11.81013,attack,Mouse070_20160709_16-58-36,Mouse070_20160709_16-58-36_f002624
-17.174706,-0.7355903,attack,Mouse070_20160709_16-58-36,Mouse070_20160709_16-58-36_f002672
-10.476748,1.7041255,attack,Mouse070_20160709_16-58-36,Mouse070_20160709_16-58-36_f002720
1.3808475,8.300378,attack,Mouse070_20160709_16-58-36,Mouse070_20160709_16-58-36_f002816
-14.6675005,8.04114,investigation,Mouse070_20160709_16-58-36,Mouse070_20160709_16-58-36_f002880
-3.3588493,6.4971895,other,Mouse070_20160709_16-58-36,Mouse070_20160709_16-58-36_f003088
-20.305605,0.62139565,investigation,Mouse070_20160709_16-58-36,Mouse070_20160709_16-58-36_f003584
-10.629136,8.68166,attack,Mouse070_20160709_16-58-36,Mouse070_20160709_16-58-36_f003936
-3.5252888,9.836457,attack,Mouse070_20160709_16-58-36,Mouse070_20160709_16-58-36_f003968
-4.8142,5.754125,attack,Mouse070_20160709_16-58-36,Mouse070_20160709_16-58-36_f004016
-15.126765,7.8734074,attack,Mouse070_20160709_16-58-36,Mouse070_20160709_16-58-36_f004080
-6.967485,8.481327,other,Mouse070_20160709_16-58-36,Mouse070_20160709_16-58-36_f004576
-8.474348,9.578364,attack,Mouse070_20160709_16-58-36,Mouse070_20160709_16-58-36_f004816
-2.012656,13.435695,attack,Mouse070_20160709_16-58-36,Mouse070_20160709_16-58-36_f004848
-4.193388,12.778792,attack,Mouse070_20160709_16-58-36,Mouse070_20160709_16-58-36_f004864
-7.548805,9.619003,attack,Mouse070_20160709_16-58-36,Mouse070_20160709_16-58-36_f004896
-22.17597,4.525462,attack,Mouse070_20160709_16-58-36,Mouse070_20160709_16-58-36_f004928
-25.080664,2.6932368,attack,Mouse070_20160709_16-58-36,Mouse070_20160709_16-58-36_f004960
-7.8930836,4.0906634,attack,Mouse070_20160709_16-58-36,Mouse070_20160709_16-58-36_f005008
-10.991342,0.7002194,attack,Mouse070_20160709_16-58-36,Mouse070_20160709_16-58-36_f005024
-12.7952795,0.29144564,attack,Mouse070_20160709_16-58-36,Mouse070_20160709_16-58-36_f005040
9.979562,15.1842985,attack,Mouse070_20160709_16-58-36,Mouse070_20160709_16-58-36_f005152
8.162247,16.94362,attack,Mouse070_20160709_16-58-36,Mouse070_20160709_16-58-36_f005184
-1.4755492,11.127664,attack,Mouse070_20160709_16-58-36,Mouse070_20160709_16-58-36_f005200
-13.745568,-0.284378,investigation,Mouse070_20160709_16-58-36,Mouse070_20160709_16-58-36_f005264
-10.368718,2.2291822,attack,Mouse070_20160709_16-58-36,Mouse070_20160709_16-58-36_f005328
-9.839318,2.2535648,attack,Mouse070_20160709_16-58-36,Mouse070_20160709_16-58-36_f005344
-1.3603703,2.697925,other,Mouse070_20160709_16-58-36,Mouse070_20160709_16-58-36_f005440
-5.871467,2.5462768,attack,Mouse070_20160709_16-58-36,Mouse070_20160709_16-58-36_f005520
-13.729352,6.1948724,attack,Mouse070_20160709_16-58-36,Mouse070_20160709_16-58-36_f005536
-8.473338,3.019308,attack,Mouse070_20160709_16-58-36,Mouse070_20160709_16-58-36_f005600
-4.5605593,4.113243,attack,Mouse070_20160709_16-58-36,Mouse070_20160709_16-58-36_f006016
-2.5644853,3.2106395,attack,Mouse070_20160709_16-58-36,Mouse070_20160709_16-58-36_f006064
-6.1267285,11.697322,attack,Mouse070_20160709_16-58-36,Mouse070_20160709_16-58-36_f006160
-13.332152,7.9659777,attack,Mouse070_20160709_16-58-36,Mouse070_20160709_16-58-36_f006176
-9.29162,7.8935804,attack,Mouse070_20160709_16-58-36,Mouse070_20160709_16-58-36_f006208
0.07099004,12.741665,investigation,Mouse070_20160709_16-58-36,Mouse070_20160709_16-58-36_f006224
1.787787,11.02635,investigation,Mouse070_20160709_16-58-36,Mouse070_20160709_16-58-36_f006240
-0.60774595,6.016892,investigation,Mouse070_20160709_16-58-36,Mouse070_20160709_16-58-36_f006256
-6.8679204,4.205192,investigation,Mouse070_20160709_16-58-36,Mouse070_20160709_16-58-36_f006320
-2.2780938,3.3820064,attack,Mouse070_20160709_16-58-36,Mouse070_20160709_16-58-36_f006400
-7.909321,1.796238,attack,Mouse070_20160709_16-58-36,Mouse070_20160709_16-58-36_f006416
-6.4470053,-1.7472749,other,Mouse070_20160709_16-58-36,Mouse070_20160709_16-58-36_f006560
-14.068908,-6.3177104,investigation,Mouse070_20160709_16-58-36,Mouse070_20160709_16-58-36_f006720
-21.914093,-2.5045848,attack,Mouse070_20160709_16-58-36,Mouse070_20160709_16-58-36_f007296
-14.7148905,0.2539188,attack,Mouse070_20160709_16-58-36,Mouse070_20160709_16-58-36_f007312
-10.848856,8.886575,attack,Mouse070_20160709_16-58-36,Mouse070_20160709_16-58-36_f007344
-2.203492,8.0982065,attack,Mouse070_20160709_16-58-36,Mouse070_20160709_16-58-36_f007360
-4.4322186,3.344001,attack,Mouse070_20160709_16-58-36,Mouse070_20160709_16-58-36_f007376
-18.608696,-3.5958235,other,Mouse070_20160709_16-58-36,Mouse070_20160709_16-58-36_f007728
-9.245462,-2.2069232,attack,Mouse070_20160709_16-58-36,Mouse070_20160709_16-58-36_f007936
-4.9643536,11.280182,attack,Mouse070_20160709_16-58-36,Mouse070_20160709_16-58-36_f008096
1.5040462,12.671883,attack,Mouse070_20160709_16-58-36,Mouse070_20160709_16-58-36_f008112
-21.259398,-3.5162144,attack,Mouse070_20160709_16-58-36,Mouse070_20160709_16-58-36_f008272
-8.393592,2.5437472,attack,Mouse070_20160709_16-58-36,Mouse070_20160709_16-58-36_f008304
-10.836493,2.666441,attack,Mouse070_20160709_16-58-36,Mouse070_20160709_16-58-36_f008336
-12.489129,2.6398983,attack,Mouse070_20160709_16-58-36,Mouse070_20160709_16-58-36_f008368
4.469056,10.904713,other,Mouse070_20160709_16-58-36,Mouse070_20160709_16-58-36_f008816
-3.3141866,7.4360647,other,Mouse070_20160709_16-58-36,Mouse070_20160709_16-58-36_f009312
-10.091249,0.635766,attack,Mouse070_20160709_16-58-36,Mouse070_20160709_16-58-36_f009632
-17.166677,-2.0778122,attack,Mouse070_20160709_16-58-36,Mouse070_20160709_16-58-36_f009712
-15.588554,-2.0119822,other,Mouse070_20160709_16-58-36,Mouse070_20160709_16-58-36_f010800
-17.102472,-8.4729805,other,Mouse070_20160709_16-58-36,Mouse070_20160709_16-58-36_f010864
-9.453283,4.103075,other,Mouse070_20160709_16-58-36,Mouse070_20160709_16-58-36_f011632
-7.252445,5.733577,other,Mouse070_20160709_16-58-36,Mouse070_20160709_16-58-36_f011808
-12.96102,-3.6615841,other,Mouse070_20160709_16-58-36,Mouse070_20160709_16-58-36_f013440
-23.272156,-2.834377,other,Mouse070_20160709_16-58-36,Mouse070_20160709_16-58-36_f013600
-5.5754614,7.7739573,other,Mouse070_20160709_16-58-36,Mouse070_20160709_16-58-36_f013712
-15.889505,4.2391505,other,Mouse070_20160709_16-58-36,Mouse070_20160709_16-58-36_f013728
-14.104726,5.197953,other,Mouse070_20160709_16-58-36,Mouse070_20160709_16-58-36_f013840
4.3969564,14.915109,other,Mouse070_20160709_16-58-36,Mouse070_20160709_16-58-36_f015056
2.2033434,13.699325,other,Mouse070_20160709_16-58-36,Mouse070_20160709_16-58-36_f015216
-0.5736667,12.164628,other,Mouse070_20160709_16-58-36,Mouse070_20160709_16-58-36_f015648
-2.2377129,3.1899824,investigation,Mouse070_20160709_16-58-36,Mouse070_20160709_16-58-36_f015696
-0.47183725,6.294708,attack,Mouse070_20160709_16-58-36,Mouse070_20160709_16-58-36_f015712
-14.393553,-3.2418377,attack,Mouse070_20160709_16-58-36,Mouse070_20160709_16-58-36_f015792
-10.478002,0.91212386,attack,Mouse070_20160709_16-58-36,Mouse070_20160709_16-58-36_f015808
-9.722045,6.181109,attack,Mouse070_20160709_16-58-36,Mouse070_20160709_16-58-36_f015936
-18.87322,5.3918285,attack,Mouse070_20160709_16-58-36,Mouse070_20160709_16-58-36_f015968
-7.3680344,10.499701,attack,Mouse070_20160709_16-58-36,Mouse070_20160709_16-58-36_f015984
0.115929075,12.503717,attack,Mouse070_20160709_16-58-36,Mouse070_20160709_16-58-36_f016000
-6.8766947,1.2558714,other,Mouse070_20160709_16-58-36,Mouse070_20160709_16-58-36_f016368
-5.255604,13.289477,attack,Mouse070_20160709_16-58-36,Mouse070_20160709_16-58-36_f016496
-11.782866,8.342423,attack,Mouse070_20160709_16-58-36,Mouse070_20160709_16-58-36_f016624
-16.40686,0.20962895,other,Mouse070_20160709_16-58-36,Mouse070_20160709_16-58-36_f016880
-6.024959,11.253194,investigation,Mouse070_20160709_16-58-36,Mouse070_20160709_16-58-36_f017024
-14.978559,4.6273565,attack,Mouse070_20160709_16-58-36,Mouse070_20160709_16-58-36_f017136
-21.587225,2.803807,attack,Mouse070_20160709_16-58-36,Mouse070_20160709_16-58-36_f017152
-20.121016,-4.02968,other,Mouse070_20160709_16-58-36,Mouse070_20160709_16-58-36_f017248
-15.920246,-1.378031,other,Mouse070_20160709_16-58-36,Mouse070_20160709_16-58-36_f017376
-17.17645,-3.7356243,other,Mouse070_20160709_16-58-36,Mouse070_20160709_16-58-36_f017392
-15.835329,-3.0717149,other,Mouse070_20160709_16-58-36,Mouse070_20160709_16-58-36_f017664
6.031758,8.334141,other,Mouse070_20160709_16-58-36,Mouse070_20160709_16-58-36_f018016
4.7471333,11.499094,investigation,Mouse070_20160709_16-58-36,Mouse070_20160709_16-58-36_f018416
-8.809395,-1.3615446,other,Mouse070_20160709_16-58-36,Mouse070_20160709_16-58-36_f019056
-7.8574286,2.438808,other,Mouse070_20160709_16-58-36,Mouse070_20160709_16-58-36_f019200
-10.2044325,-0.016902735,other,Mouse070_20160709_16-58-36,Mouse070_20160709_16-58-36_f019376
-8.740922,13.417218,attack,Mouse070_20160709_16-58-36,Mouse070_20160709_16-58-36_f019744
-8.756131,13.599142,attack,Mouse070_20160709_16-58-36,Mouse070_20160709_16-58-36_f019760
-10.35049,11.777397,attack,Mouse070_20160709_16-58-36,Mouse070_20160709_16-58-36_f019776
-11.266731,9.425068,attack,Mouse070_20160709_16-58-36,Mouse070_20160709_16-58-36_f019792
-13.169597,5.0367274,attack,Mouse070_20160709_16-58-36,Mouse070_20160709_16-58-36_f019808
-17.19715,6.7616177,attack,Mouse070_20160709_16-58-36,Mouse070_20160709_16-58-36_f019888
-15.617306,0.35037047,attack,Mouse070_20160709_16-58-36,Mouse070_20160709_16-58-36_f019936
-33.970375,-5.787345,other,Mouse070_20160709_16-58-36,Mouse070_20160709_16-58-36_f020144
9.928535,16.767899,other,Mouse074_20160709_19-15-23,Mouse074_20160709_19-15-23_f000064
4.392779,14.061124,investigation,Mouse074_20160709_19-15-23,Mouse074_20160709_19-15-23_f000128
14.441365,19.520882,investigation,Mouse074_20160709_19-15-23,Mouse074_20160709_19-15-23_f000160
6.842537,21.046747,attack,Mouse074_20160709_19-15-23,Mouse074_20160709_19-15-23_f000208
8.102542,20.236504,attack,Mouse074_20160709_19-15-23,Mouse074_20160709_19-15-23_f000224
-6.2645826,7.505006,attack,Mouse074_20160709_19-15-23,Mouse074_20160709_19-15-23_f000272
6.5895934,12.353183,attack,Mouse074_20160709_19-15-23,Mouse074_20160709_19-15-23_f000384
6.1202335,12.245526,investigation,Mouse074_20160709_19-15-23,Mouse074_20160709_19-15-23_f000496
8.895532,15.058669,attack,Mouse074_20160709_19-15-23,Mouse074_20160709_19-15-23_f000544
6.035803,14.781524,attack,Mouse074_20160709_19-15-23,Mouse074_20160709_19-15-23_f000560
1.5021566,10.688778,attack,Mouse074_20160709_19-15-23,Mouse074_20160709_19-15-23_f000608
-9.070187,9.80012,attack,Mouse074_20160709_19-15-23,Mouse074_20160709_19-15-23_f000688
-23.709366,1.9017016,attack,Mouse074_20160709_19-15-23,Mouse074_20160709_19-15-23_f000720
1.9012733,13.185964,attack,Mouse074_20160709_19-15-23,Mouse074_20160709_19-15-23_f000832
-4.442838,9.174618,attack,Mouse074_20160709_19-15-23,Mouse074_20160709_19-15-23_f000848
-10.70481,7.2250643,attack,Mouse074_20160709_19-15-23,Mouse074_20160709_19-15-23_f000864
-13.111819,6.4377346,attack,Mouse074_20160709_19-15-23,Mouse074_20160709_19-15-23_f000880
-19.275877,6.2123837,investigation,Mouse074_20160709_19-15-23,Mouse074_20160709_19-15-23_f000928
-0.9804068,11.4302,attack,Mouse074_20160709_19-15-23,Mouse074_20160709_19-15-23_f001200
5.1252704,15.038206,attack,Mouse074_20160709_19-15-23,Mouse074_20160709_19-15-23_f001248
2.5690813,10.470192,attack,Mouse074_20160709_19-15-23,Mouse074_20160709_19-15-23_f001312
4.0540476,2.7047045,other,Mouse074_20160709_19-15-23,Mouse074_20160709_19-15-23_f001376
-15.633276,-5.3503466,other,Mouse074_20160709_19-15-23,Mouse074_20160709_19-15-23_f001616
-18.95445,0.64554304,investigation,Mouse074_20160709_19-15-23,Mouse074_20160709_19-15-23_f001712
-14.27934,0.5593048,investigation,Mouse074_20160709_19-15-23,Mouse074_20160709_19-15-23_f001984
-14.556791,3.462792,other,Mouse074_20160709_19-15-23,Mouse074_20160709_19-15-23_f002016
-11.399695,4.8594656,other,Mouse074_20160709_19-15-23,Mouse074_20160709_19-15-23_f002352
-4.4595356,2.8853326,investigation,Mouse074_20160709_19-15-23,Mouse074_20160709_19-15-23_f003120
-6.517292,0.69579864,investigation,Mouse074_20160709_19-15-23,Mouse074_20160709_19-15-23_f003136
-2.0216866,5.7439923,attack,Mouse074_20160709_19-15-23,Mouse074_20160709_19-15-23_f003152
-8.44992,8.519972,attack,Mouse074_20160709_19-15-23,Mouse074_20160709_19-15-23_f003168
-13.8724165,6.2754426,attack,Mouse074_20160709_19-15-23,Mouse074_20160709_19-15-23_f003216
3.1020477,6.258145,other,Mouse074_20160709_19-15-23,Mouse074_20160709_19-15-23_f003296
-6.3715186,2.942079,other,Mouse074_20160709_19-15-23,Mouse074_20160709_19-15-23_f003312
-4.735729,8.540338,attack,Mouse074_20160709_19-15-23,Mouse074_20160709_19-15-23_f003344
-16.928436,6.035758,attack,Mouse074_20160709_19-15-23,Mouse074_20160709_19-15-23_f003376
-27.06083,-0.5230678,attack,Mouse074_20160709_19-15-23,Mouse074_20160709_19-15-23_f003392
-20.60542,0.3865228,attack,Mouse074_20160709_19-15-23,Mouse074_20160709_19-15-23_f003424
-3.2963037,7.462169,investigation,Mouse074_20160709_19-15-23,Mouse074_20160709_19-15-23_f003632
-11.711685,7.0407133,attack,Mouse074_20160709_19-15-23,Mouse074_20160709_19-15-23_f003760
-11.011295,7.185561,attack,Mouse074_20160709_19-15-23,Mouse074_20160709_19-15-23_f003904
-12.582546,5.400706,attack,Mouse074_20160709_19-15-23,Mouse074_20160709_19-15-23_f003920
-16.247635,-0.72586507,attack,Mouse074_20160709_19-15-23,Mouse074_20160709_19-15-23_f004144
-14.724453,0.7820865,other,Mouse074_20160709_19-15-23,Mouse074_20160709_19-15-23_f004560
-23.989208,1.1982336,attack,Mouse074_20160709_19-15-23,Mouse074_20160709_19-15-23_f005088
8.109688,8.777967,attack,Mouse074_20160709_19-15-23,Mouse074_20160709_19-15-23_f005120
-6.3269343,5.0346646,attack,Mouse074_20160709_19-15-23,Mouse074_20160709_19-15-23_f005152
-9.64235,-0.67508423,attack,Mouse074_20160709_19-15-23,Mouse074_20160709_19-15-23_f005200
-11.322154,1.3785967,attack,Mouse074_20160709_19-15-23,Mouse074_20160709_19-15-23_f005216
-7.7266393,5.481062,attack,Mouse074_20160709_19-15-23,Mouse074_20160709_19-15-23_f005232
-1.784116,9.484635,attack,Mouse074_20160709_19-15-23,Mouse074_20160709_19-15-23_f005248
-11.62948,3.6985705,investigation,Mouse074_20160709_19-15-23,Mouse074_20160709_19-15-23_f005280
-4.7043304,6.601499,other,Mouse074_20160709_19-15-23,Mouse074_20160709_19-15-23_f007664
-14.660328,0.91567296,other,Mouse074_20160709_19-15-23,Mouse074_20160709_19-15-23_f008240
-4.033611,3.8313217,other,Mouse074_20160709_19-15-23,Mouse074_20160709_19-15-23_f008320
-1.6998284,11.244481,other,Mouse074_20160709_19-15-23,Mouse074_20160709_19-15-23_f008400
4.525754,9.571314,other,Mouse074_20160709_19-15-23,Mouse074_20160709_19-15-23_f008880
3.8904002,7.7507157,other,Mouse074_20160709_19-15-23,Mouse074_20160709_19-15-23_f009408
1.1270124,8.987267,other,Mouse074_20160709_19-15-23,Mouse074_20160709_19-15-23_f009504
3.7821712,10.243307,attack,Mouse074_20160709_19-15-23,Mouse074_20160709_19-15-23_f009920
14.146079,8.929607,attack,Mouse074_20160709_19-15-23,Mouse074_20160709_19-15-23_f009968
18.56648,5.7628374,other,Mouse074_20160709_19-15-23,Mouse074_20160709_19-15-23_f010192
-10.751341,1.1386119,attack,Mouse074_20160709_19-15-23,Mouse074_20160709_19-15-23_f010352
3.8975163,10.117883,attack,Mouse074_20160709_19-15-23,Mouse074_20160709_19-15-23_f010416
-0.9725336,13.917054,attack,Mouse074_20160709_19-15-23,Mouse074_20160709_19-15-23_f010576
4.977133,15.315072,attack,Mouse074_20160709_19-15-23,Mouse074_20160709_19-15-23_f010608
-2.682037,2.9731438,attack,Mouse074_20160709_19-15-23,Mouse074_20160709_19-15-23_f010656
-6.7874756,6.54087,attack,Mouse074_20160709_19-15-23,Mouse074_20160709_19-15-23_f010704
-14.986319,-0.94260854,other,Mouse074_20160709_19-15-23,Mouse074_20160709_19-15-23_f011008
-10.13241,2.5797806,other,Mouse074_20160709_19-15-23,Mouse074_20160709_19-15-23_f011152
-5.054395,5.0487227,other,Mouse074_20160709_19-15-23,Mouse074_20160709_19-15-23_f011408
-5.824735,1.0427895,other,Mouse074_20160709_19-15-23,Mouse074_20160709_19-15-23_f011456
-3.8377285,3.703003,other,Mouse074_20160709_19-15-23,Mouse074_20160709_19-15-23_f011472
-6.5728564,3.5665982,other,Mouse074_20160709_19-15-23,Mouse074_20160709_19-15-23_f011744
-3.346944,2.3694284,other,Mouse074_20160709_19-15-23,Mouse074_20160709_19-15-23_f011952
-4.909631,6.857562,attack,Mouse074_20160709_19-15-23,Mouse074_20160709_19-15-23_f012144
-16.299076,-0.7810303,attack,Mouse074_20160709_19-15-23,Mouse074_20160709_19-15-23_f012192
-18.489288,-1.2104915,attack,Mouse074_20160709_19-15-23,Mouse074_20160709_19-15-23_f012208
0.21825656,7.417382,attack,Mouse074_20160709_19-15-23,Mouse074_20160709_19-15-23_f012224
-2.377944,-0.38553566,other,Mouse074_20160709_19-15-23,Mouse074_20160709_19-15-23_f012720
-21.051483,-2.1808693,attack,Mouse074_20160709_19-15-23,Mouse074_20160709_19-15-23_f012976
-7.4827404,0.681125,attack,Mouse074_20160709_19-15-23,Mouse074_20160709_19-15-23_f012992
-1.9226565,-1.8741543,other,Mouse074_20160709_19-15-23,Mouse074_20160709_19-15-23_f013088
-20.26799,-1.6396581,attack,Mouse074_20160709_19-15-23,Mouse074_20160709_19-15-23_f013184
-6.1014075,4.575186,attack,Mouse074_20160709_19-15-23,Mouse074_20160709_19-15-23_f013200
-3.859414,2.5334225,attack,Mouse074_20160709_19-15-23,Mouse074_20160709_19-15-23_f013248
-8.48172,2.2740028,attack,Mouse074_20160709_19-15-23,Mouse074_20160709_19-15-23_f013264
1.5668236,2.0434446,other,Mouse074_20160709_19-15-23,Mouse074_20160709_19-15-23_f013744
-4.076254,1.4139742,other,Mouse074_20160709_19-15-23,Mouse074_20160709_19-15-23_f013776
-3.3180964,1.5631043,other,Mouse074_20160709_19-15-23,Mouse074_20160709_19-15-23_f014224
-5.730579,0.15113269,other,Mouse074_20160709_19-15-23,Mouse074_20160709_19-15-23_f014592
8.32556,10.860748,other,Mouse074_20160709_19-15-23,Mouse074_20160709_19-15-23_f014848
-6.332361,1.7951244,other,Mouse074_20160709_19-15-23,Mouse074_20160709_19-15-23_f015328
-17.495176,-3.5245197,other,Mouse074_20160709_19-15-23,Mouse074_20160709_19-15-23_f015376
5.838242,5.1689224,other,Mouse074_20160709_19-15-23,Mouse074_20160709_19-15-23_f015712
-2.700606,0.77684,other,Mouse074_20160709_19-15-23,Mouse074_20160709_19-15-23_f015888
0.50594395,6.079674,other,Mouse074_20160709_19-15-23,Mouse074_20160709_19-15-23_f016064
-7.8493567,4.2966824,other,Mouse074_20160709_19-15-23,Mouse074_20160709_19-15-23_f016192
0.8143179,1.8796296,other,Mouse074_20160709_19-15-23,Mouse074_20160709_19-15-23_f016640
-16.477108,-6.0280414,other,Mouse074_20160709_19-15-23,Mouse074_20160709_19-15-23_f017184
5.3005695,4.014521,other,Mouse074_20160709_19-15-23,Mouse074_20160709_19-15-23_f017552
7.1557283,5.0643454,other,Mouse074_20160709_19-15-23,Mouse074_20160709_19-15-23_f017568
-8.004212,-2.1603346,other,Mouse074_20160709_19-15-23,Mouse074_20160709_19-15-23_f017856
-3.3341687,-1.0211011,other,Mouse074_20160709_19-15-23,Mouse074_20160709_19-15-23_f018032
-9.708857,1.3783873,other,Mouse074_20160709_19-15-23,Mouse074_20160709_19-15-23_f018576
1.5752743,11.809909,investigation,Mouse077_20160709_18-29-34,Mouse077_20160709_18-29-34_f000112
0.9214262,12.894285,investigation,Mouse077_20160709_18-29-34,Mouse077_20160709_18-29-34_f000128
-1.2762694,8.603332,attack,Mouse077_20160709_18-29-34,Mouse077_20160709_18-29-34_f000176
-8.393828,6.630463,attack,Mouse077_20160709_18-29-34,Mouse077_20160709_18-29-34_f000288
-13.347842,2.7202528,attack,Mouse077_20160709_18-29-34,Mouse077_20160709_18-29-34_f000320
-19.632204,1.5331511,attack,Mouse077_20160709_18-29-34,Mouse077_20160709_18-29-34_f000336
-20.731823,0.76062405,attack,Mouse077_20160709_18-29-34,Mouse077_20160709_18-29-34_f000352
-8.16197,5.9483485,attack,Mouse077_20160709_18-29-34,Mouse077_20160709_18-29-34_f000512
-4.4626446,7.7025533,attack,Mouse077_20160709_18-29-34,Mouse077_20160709_18-29-34_f000544
4.4891315,5.4048533,other,Mouse077_20160709_18-29-34,Mouse077_20160709_18-29-34_f000592
-2.4766176,6.22525,attack,Mouse077_20160709_18-29-34,Mouse077_20160709_18-29-34_f000640
-5.6509657,1.9525728,attack,Mouse077_20160709_18-29-34,Mouse077_20160709_18-29-34_f000656
-11.735659,-1.3888172,attack,Mouse077_20160709_18-29-34,Mouse077_20160709_18-29-34_f000672
5.0583363,9.745664,attack,Mouse077_20160709_18-29-34,Mouse077_20160709_18-29-34_f000800
-18.178402,3.3595972,attack,Mouse077_20160709_18-29-34,Mouse077_20160709_18-29-34_f000848
-22.545252,-0.55134296,attack,Mouse077_20160709_18-29-34,Mouse077_20160709_18-29-34_f000912
-19.017021,0.82561517,attack,Mouse077_20160709_18-29-34,Mouse077_20160709_18-29-34_f000928
-21.292004,-2.989632,attack,Mouse077_20160709_18-29-34,Mouse077_20160709_18-29-34_f000976
-12.941654,1.7993695,attack,Mouse077_20160709_18-29-34,Mouse077_20160709_18-29-34_f001104
-10.720113,1.9005345,attack,Mouse077_20160709_18-29-34,Mouse077_20160709_18-29-34_f001120
-16.975903,-2.7910104,attack,Mouse077_20160709_18-29-34,Mouse077_20160709_18-29-34_f001168
-14.320783,-3.1047337,investigation,Mouse077_20160709_18-29-34,Mouse077_20160709_18-29-34_f001248
-12.202535,1.0063509,investigation,Mouse077_20160709_18-29-34,Mouse077_20160709_18-29-34_f001312
-10.166523,1.8450364,other,Mouse077_20160709_18-29-34,Mouse077_20160709_18-29-34_f001520
-24.261059,-3.3821478,investigation,Mouse077_20160709_18-29-34,Mouse077_20160709_18-29-34_f001920
-22.315172,-1.6960794,attack,Mouse077_20160709_18-29-34,Mouse077_20160709_18-29-34_f002064
-9.412281,0.9681204,attack,Mouse077_20160709_18-29-34,Mouse077_20160709_18-29-34_f002192
-16.013805,-3.5510361,attack,Mouse077_20160709_18-29-34,Mouse077_20160709_18-29-34_f002208
-18.266155,-5.9663663,attack,Mouse077_20160709_18-29-34,Mouse077_20160709_18-29-34_f002224
-16.132092,-3.9477084,attack,Mouse077_20160709_18-29-34,Mouse077_20160709_18-29-34_f002240
-20.48628,-3.5446703,attack,Mouse077_20160709_18-29-34,Mouse077_20160709_18-29-34_f002320
-8.683231,1.6816429,attack,Mouse077_20160709_18-29-34,Mouse077_20160709_18-29-34_f002336
-6.9504337,1.8287159,attack,Mouse077_20160709_18-29-34,Mouse077_20160709_18-29-34_f002352
-16.717102,-1.7673936,attack,Mouse077_20160709_18-29-34,Mouse077_20160709_18-29-34_f002368
-6.195687,3.9918444,attack,Mouse077_20160709_18-29-34,Mouse077_20160709_18-29-34_f002400
3.9659326,16.933142,attack,Mouse077_20160709_18-29-34,Mouse077_20160709_18-29-34_f002496
5.139366,15.210168,attack,Mouse077_20160709_18-29-34,Mouse077_20160709_18-29-34_f002528
-0.4085106,7.8868446,attack,Mouse077_20160709_18-29-34,Mouse077_20160709_18-29-34_f002560
4.7229533,11.558943,attack,Mouse077_20160709_18-29-34,Mouse077_20160709_18-29-34_f002768
5.3525124,12.937442,attack,Mouse077_20160709_18-29-34,Mouse077_20160709_18-29-34_f002784
6.455259,5.4756017,attack,Mouse077_20160709_18-29-34,Mouse077_20160709_18-29-34_f002880
-7.31647,0.51513284,attack,Mouse077_20160709_18-29-34,Mouse077_20160709_18-29-34_f002912
-0.2800287,3.0695903,attack,Mouse077_20160709_18-29-34,Mouse077_20160709_18-29-34_f002928
5.215862,5.8788004,other,Mouse077_20160709_18-29-34,Mouse077_20160709_18-29-34_f002976
-0.66021025,-1.0432038,other,Mouse077_20160709_18-29-34,Mouse077_20160709_18-29-34_f003040
5.2673697,0.08855748,other,Mouse077_20160709_18-29-34,Mouse077_20160709_18-29-34_f003088
-3.8674,10.205181,investigation,Mouse077_20160709_18-29-34,Mouse077_20160709_18-29-34_f003120
0.8680091,13.266962,attack,Mouse077_20160709_18-29-34,Mouse077_20160709_18-29-34_f003136
-6.741822,9.456109,attack,Mouse077_20160709_18-29-34,Mouse077_20160709_18-29-34_f003168
4.359206,14.307865,attack,Mouse077_20160709_18-29-34,Mouse077_20160709_18-29-34_f003184
-10.139208,-0.10064731,attack,Mouse077_20160709_18-29-34,Mouse077_20160709_18-29-34_f003296
-13.728525,-0.09431702,attack,Mouse077_20160709_18-29-34,Mouse077_20160709_18-29-34_f003392
-5.1705804,5.8321724,other,Mouse077_20160709_18-29-34,Mouse077_20160709_18-29-34_f003552
-27.92116,-10.607539,other,Mouse077_20160709_18-29-34,Mouse077_20160709_18-29-34_f004304
1.8729057,-0.79307353,other,Mouse077_20160709_18-29-34,Mouse077_20160709_18-29-34_f004528
-12.625283,4.3634186,other,Mouse077_20160709_18-29-34,Mouse077_20160709_18-29-34_f005328
4.1475277,4.2461724,other,Mouse077_20160709_18-29-34,Mouse077_20160709_18-29-34_f006448
-1.5717351,3.9834144,attack,Mouse077_20160709_18-29-34,Mouse077_20160709_18-29-34_f006528
-5.440502,4.5325766,attack,Mouse077_20160709_18-29-34,Mouse077_20160709_18-29-34_f006560
-0.73253214,8.080075,attack,Mouse077_20160709_18-29-34,Mouse077_20160709_18-29-34_f006608
-11.162796,2.599386,attack,Mouse077_20160709_18-29-34,Mouse077_20160709_18-29-34_f006752
2.6474771,12.299068,attack,Mouse077_20160709_18-29-34,Mouse077_20160709_18-29-34_f006944
-12.90907,4.519626,attack,Mouse077_20160709_18-29-34,Mouse077_20160709_18-29-34_f006976
-10.55168,2.8472857,attack,Mouse077_20160709_18-29-34,Mouse077_20160709_18-29-34_f007072
-3.0204768,1.3593626,attack,Mouse077_20160709_18-29-34,Mouse077_20160709_18-29-34_f007200
-17.887194,-5.9604383,attack,Mouse077_20160709_18-29-34,Mouse077_20160709_18-29-34_f007328
-24.776558,-8.546507,attack,Mouse077_20160709_18-29-34,Mouse077_20160709_18-29-34_f007360
-18.173483,-3.293237,other,Mouse077_20160709_18-29-34,Mouse077_20160709_18-29-34_f007424
-13.486389,-2.3725567,other,Mouse077_20160709_18-29-34,Mouse077_20160709_18-29-34_f007600
-22.573427,-3.2896798,attack,Mouse077_20160709_18-29-34,Mouse077_20160709_18-29-34_f007744
-10.241731,0.6073242,attack,Mouse077_20160709_18-29-34,Mouse077_20160709_18-29-34_f007760
4.1861897,14.313553,attack,Mouse077_20160709_18-29-34,Mouse077_20160709_18-29-34_f007840
11.007555,10.585922,attack,Mouse077_20160709_18-29-34,Mouse077_20160709_18-29-34_f007856
7.127737,12.07046,investigation,Mouse077_20160709_18-29-34,Mouse077_20160709_18-29-34_f008080
-2.0185049,0.95303404,other,Mouse077_20160709_18-29-34,Mouse077_20160709_18-29-34_f008192
5.8473396,13.818973,attack,Mouse077_20160709_18-29-34,Mouse077_20160709_18-29-34_f008256
-11.512313,3.8193042,attack,Mouse077_20160709_18-29-34,Mouse077_20160709_18-29-34_f008304
1.2957258,9.671443,attack,Mouse077_20160709_18-29-34,Mouse077_20160709_18-29-34_f008416
-3.1180983,11.023784,attack,Mouse077_20160709_18-29-34,Mouse077_20160709_18-29-34_f008432
-13.656336,4.3485756,investigation,Mouse077_20160709_18-29-34,Mouse077_20160709_18-29-34_f008480
3.0750961,5.9833055,attack,Mouse077_20160709_18-29-34,Mouse077_20160709_18-29-34_f008704
1.6220047,4.4146066,attack,Mouse077_20160709_18-29-34,Mouse077_20160709_18-29-34_f009136
4.747086,9.90519,attack,Mouse077_20160709_18-29-34,Mouse077_20160709_18-29-34_f009232
0.70960194,12.781306,attack,Mouse077_20160709_18-29-34,Mouse077_20160709_18-29-34_f009248
4.2367077,13.699715,attack,Mouse077_20160709_18-29-34,Mouse077_20160709_18-29-34_f009264
6.0607715,9.809684,attack,Mouse077_20160709_18-29-34,Mouse077_20160709_18-29-34_f009280
4.619436,6.5240755,other,Mouse077_20160709_18-29-34,Mouse077_20160709_18-29-34_f009312
9.597691,6.096315,attack,Mouse077_20160709_18-29-34,Mouse077_20160709_18-29-34_f009376
0.25776353,10.303716,attack,Mouse077_20160709_18-29-34,Mouse077_20160709_18-29-34_f009648
8.790005,6.568785,other,Mouse077_20160709_18-29-34,Mouse077_20160709_18-29-34_f009792
6.0501676,8.867221,attack,Mouse077_20160709_18-29-34,Mouse077_20160709_18-29-34_f010064
3.603052,1.4887369,other,Mouse077_20160709_18-29-34,Mouse077_20160709_18-29-34_f010208
7.7006035,7.0727067,other,Mouse077_20160709_18-29-34,Mouse077_20160709_18-29-34_f010304
12.91875,8.500131,other,Mouse077_20160709_18-29-34,Mouse077_20160709_18-29-34_f010640
8.471346,6.1125035,other,Mouse077_20160709_18-29-34,Mouse077_20160709_18-29-34_f010672
9.003071,5.59964,other,Mouse077_20160709_18-29-34,Mouse077_20160709_18-29-34_f010720
0.5273141,11.569495,attack,Mouse077_20160709_18-29-34,Mouse077_20160709_18-29-34_f010864
-4.465858,5.3380027,attack,Mouse077_20160709_18-29-34,Mouse077_20160709_18-29-34_f011088
2.350563,9.104251,attack,Mouse077_20160709_18-29-34,Mouse077_20160709_18-29-34_f011296
-1.5508734,4.096099,attack,Mouse077_20160709_18-29-34,Mouse077_20160709_18-29-34_f011344
-6.4847665,0.37409186,attack,Mouse077_20160709_18-29-34,Mouse077_20160709_18-29-34_f011360
1.2184263,6.792977,attack,Mouse077_20160709_18-29-34,Mouse077_20160709_18-29-34_f011408
-10.523771,2.8326426,attack,Mouse077_20160709_18-29-34,Mouse077_20160709_18-29-34_f011744
-15.390979,-2.4084985,attack,Mouse077_20160709_18-29-34,Mouse077_20160709_18-29-34_f011776
-10.191392,5.8771734,attack,Mouse077_20160709_18-29-34,Mouse077_20160709_18-29-34_f012000
-8.816264,7.89571,attack,Mouse077_20160709_18-29-34,Mouse077_20160709_18-29-34_f012016
-9.370798,6.0045424,attack,Mouse077_20160709_18-29-34,Mouse077_20160709_18-29-34_f012032
-13.534651,1.7129366,attack,Mouse077_20160709_18-29-34,Mouse077_20160709_18-29-34_f012128
-6.6156034,8.645524,attack,Mouse077_20160709_18-29-34,Mouse077_20160709_18-29-34_f012368
-1.2987139,8.064114,attack,Mouse077_20160709_18-29-34,Mouse077_20160709_18-29-34_f012384
-2.2113795,10.484223,attack,Mouse077_20160709_18-29-34,Mouse077_20160709_18-29-34_f012480
4.7030544,16.493225,attack,Mouse077_20160709_18-29-34,Mouse077_20160709_18-29-34_f012512
1.8429767,14.988277,attack,Mouse077_20160709_18-29-34,Mouse077_20160709_18-29-34_f012528
14.118685,13.888456,investigation,Mouse077_20160709_18-29-34,Mouse077_20160709_18-29-34_f013024
5.106231,3.0709999,attack,Mouse077_20160709_18-29-34,Mouse077_20160709_18-29-34_f013056
0.5886814,7.199544,attack,Mouse077_20160709_18-29-34,Mouse077_20160709_18-29-34_f013328
-1.5308964,9.276837,attack,Mouse077_20160709_18-29-34,Mouse077_20160709_18-29-34_f013536
-2.4326572,10.538237,attack,Mouse077_20160709_18-29-34,Mouse077_20160709_18-29-34_f013552
3.3594198,9.70272,attack,Mouse077_20160709_18-29-34,Mouse077_20160709_18-29-34_f013616
3.1802187,10.70492,attack,Mouse077_20160709_18-29-34,Mouse077_20160709_18-29-34_f013632
-15.203237,0.6421985,attack,Mouse077_20160709_18-29-34,Mouse077_20160709_18-29-34_f013744
-6.2264414,1.4947661,other,Mouse077_20160709_18-29-34,Mouse077_20160709_18-29-34_f013856
-2.3245642,7.639619,attack,Mouse077_20160709_18-29-34,Mouse077_20160709_18-29-34_f014000
4.259938,14.042163,attack,Mouse077_20160709_18-29-34,Mouse077_20160709_18-29-34_f014224
0.17600809,13.146427,attack,Mouse077_20160709_18-29-34,Mouse077_20160709_18-29-34_f014256
-3.6737537,11.090104,attack,Mouse077_20160709_18-29-34,Mouse077_20160709_18-29-34_f014272
-0.3551608,9.177468,attack,Mouse077_20160709_18-29-34,Mouse077_20160709_18-29-34_f014288
-2.2850578,9.309277,attack,Mouse077_20160709_18-29-34,Mouse077_20160709_18-29-34_f014816
6.8290925,14.436404,attack,Mouse077_20160709_18-29-34,Mouse077_20160709_18-29-34_f014864
-11.22819,1.7175735,attack,Mouse077_20160709_18-29-34,Mouse077_20160709_18-29-34_f015008
-10.344106,4.5456514,attack,Mouse077_20160709_18-29-34,Mouse077_20160709_18-29-34_f015024
-2.6960301,5.231982,attack,Mouse077_20160709_18-29-34,Mouse077_20160709_18-29-34_f015088
0.1924928,10.797193,attack,Mouse077_20160709_18-29-34,Mouse077_20160709_18-29-34_f015184
-1.8572851,3.5451884,attack,Mouse077_20160709_18-29-34,Mouse077_20160709_18-29-34_f015232
-1.7037368,-2.43655,investigation,Mouse077_20160709_18-29-34,Mouse077_20160709_18-29-34_f016032
-4.920761,-2.2909365,investigation,Mouse077_20160709_18-29-34,Mouse077_20160709_18-29-34_f016048
-1.6942562,1.1815175,other,Mouse077_20160709_18-29-34,Mouse077_20160709_18-29-34_f016256
1.2572801,15.1873455,attack,Mouse077_20160709_18-29-34,Mouse077_20160709_18-29-34_f017344
4.5273237,11.041394,attack,Mouse077_20160709_18-29-34,Mouse077_20160709_18-29-34_f017408
0.6661622,2.6054032,other,Mouse077_20160709_18-29-34,Mouse077_20160709_18-29-34_f017440
-2.5041647,3.296007,attack,Mouse077_20160709_18-29-34,Mouse077_20160709_18-29-34_f017456
-11.732803,0.49680665,attack,Mouse077_20160709_18-29-34,Mouse077_20160709_18-29-34_f017488
0.011524006,5.7788253,attack,Mouse077_20160709_18-29-34,Mouse077_20160709_18-29-34_f017552
-1.2577827,11.8057165,attack,Mouse077_20160709_18-29-34,Mouse077_20160709_18-29-34_f017808
1.0227947,8.480682,other,Mouse077_20160709_18-29-34,Mouse077_20160709_18-29-34_f017904
-5.370999,9.050991,attack,Mouse077_20160709_18-29-34,Mouse077_20160709_18-29-34_f017968
-0.17628661,1.3739525,investigation,Mouse077_20160709_18-29-34,Mouse077_20160709_18-29-34_f018048
-2.3724563,-1.8210014,attack,Mouse077_20160709_18-29-34,Mouse077_20160709_18-29-34_f018096
10.446893,4.177887,other,Mouse077_20160709_18-29-34,Mouse077_20160709_18-29-34_f018128
-1.8259898,-2.1380274,attack,Mouse077_20160709_18-29-34,Mouse077_20160709_18-29-34_f018368
2.0316043,9.862794,attack,Mouse077_20160709_18-29-34,Mouse077_20160709_18-29-34_f018448
-2.9279246,6.3029075,attack,Mouse077_20160709_18-29-34,Mouse077_20160709_18-29-34_f018464
1.9968659,7.32459,attack,Mouse077_20160709_18-29-34,Mouse077_20160709_18-29-34_f018480
10.722624,5.179315,other,Mouse077_20160709_18-29-34,Mouse077_20160709_18-29-34_f018656
-23.303543,-9.377153,investigation,Mouse077_20160709_18-29-34,Mouse077_20160709_18-29-34_f019440
0.98705673,-3.7354639,investigation,Mouse155_20151124_20-48-31,Mouse155_20151124_20-48-31_f000496
9.781542,6.1245193,attack,Mouse155_20151124_20-48-31,Mouse155_20151124_20-48-31_f000576
8.164957,1.8489574,attack,Mouse155_20151124_20-48-31,Mouse155_20151124_20-48-31_f000624
6.316684,-3.885526,investigation,Mouse155_20151124_20-48-31,Mouse155_20151124_20-48-31_f001712
1.9642682,-4.0796804,attack,Mouse155_20151124_20-48-31,Mouse155_20151124_20-48-31_f002768
3.4390757,0.34043384,attack,Mouse155_20151124_20-48-31,Mouse155_20151124_20-48-31_f002832
-1.5390004,1.9847636,attack,Mouse155_20151124_20-48-31,Mouse155_20151124_20-48-31_f002912
-8.010038,-2.8788912,other,Mouse155_20151124_20-48-31,Mouse155_20151124_20-48-31_f003056
-4.963976,-8.933096,other,Mouse155_20151124_20-48-31,Mouse155_20151124_20-48-31_f003312
-1.0773202,-3.7493312,other,Mouse155_20151124_20-48-31,Mouse155_20151124_20-48-31_f003488
-0.47597167,-2.530373,other,Mouse155_20151124_20-48-31,Mouse155_20151124_20-48-31_f003744
-1.9373149,-4.2822657,other,Mouse155_20151124_20-48-31,Mouse155_20151124_20-48-31_f003760
1.277194,-4.478452,other,Mouse155_20151124_20-48-31,Mouse155_20151124_20-48-31_f003792
-9.427325,-6.6105494,other,Mouse155_20151124_20-48-31,Mouse155_20151124_20-48-31_f004032
2.6351018,-4.1410346,investigation,Mouse155_20151124_20-48-31,Mouse155_20151124_20-48-31_f004192
3.8850925,-2.3131075,investigation,Mouse155_20151124_20-48-31,Mouse155_20151124_20-48-31_f004240
-5.7789907,-8.069538,attack,Mouse155_20151124_20-48-31,Mouse155_20151124_20-48-31_f004272
-1.824477,2.4311037,attack,Mouse155_20151124_20-48-31,Mouse155_20151124_20-48-31_f004336
4.5276985,0.7383388,attack,Mouse155_20151124_20-48-31,Mouse155_20151124_20-48-31_f004384
4.1297913,10.202599,attack,Mouse155_20151124_20-48-31,Mouse155_20151124_20-48-31_f004432
0.6351376,1.3801054,other,Mouse155_20151124_20-48-31,Mouse155_20151124_20-48-31_f005232
-5.023102,-4.6439743,other,Mouse155_20151124_20-48-31,Mouse155_20151124_20-48-31_f005728
2.7429361,3.7645166,other,Mouse155_20151124_20-48-31,Mouse155_20151124_20-48-31_f006480
13.994655,6.0695252,other,Mouse155_20151124_20-48-31,Mouse155_20151124_20-48-31_f006960
4.374958,2.8855724,investigation,Mouse155_20151124_20-48-31,Mouse155_20151124_20-48-31_f007152
5.0760717,3.9188545,other,Mouse155_20151124_20-48-31,Mouse155_20151124_20-48-31_f007536
6.067054,8.248122,other,Mouse155_20151124_20-48-31,Mouse155_20151124_20-48-31_f008080
5.045674,7.265334,other,Mouse155_20151124_20-48-31,Mouse155_20151124_20-48-31_f008112
1.1603907,-7.356133,investigation,Mouse155_20151124_20-48-31,Mouse155_20151124_20-48-31_f008384
8.379513,-5.5475407,other,Mouse155_20151124_20-48-31,Mouse155_20151124_20-48-31_f009088
3.8006232,-3.7358222,other,Mouse155_20151124_20-48-31,Mouse155_20151124_20-48-31_f009136
12.25779,-1.7167323,investigation,Mouse155_20151124_20-48-31,Mouse155_20151124_20-48-31_f009440
0.5247982,-6.2046037,attack,Mouse155_20151124_20-56-05,Mouse155_20151124_20-56-05_f000096
-4.8685083,-6.2640057,investigation,Mouse155_20151124_20-56-05,Mouse155_20151124_20-56-05_f000624
-1.6150829,-10.265391,other,Mouse155_20151124_20-56-05,Mouse155_20151124_20-56-05_f000688
0.718467,-3.9340894,other,Mouse155_20151124_20-56-05,Mouse155_20151124_20-56-05_f000784
-3.706806,3.8990943,attack,Mouse155_20151124_20-56-05,Mouse155_20151124_20-56-05_f000960
0.571776,-0.4667759,attack,Mouse155_20151124_20-56-05,Mouse155_20151124_20-56-05_f000976
-5.1709375,-7.944484,other,Mouse155_20151124_20-56-05,Mouse155_20151124_20-56-05_f001232
15.480742,-0.4546568,investigation,Mouse155_20151124_20-56-05,Mouse155_20151124_20-56-05_f001456
16.485697,7.952716,investigation,Mouse155_20151124_20-56-05,Mouse155_20151124_20-56-05_f001488
3.4684482,-2.059867,attack,Mouse155_20151124_20-56-05,Mouse155_20151124_20-56-05_f001552
-0.81091464,-7.947708,attack,Mouse155_20151124_20-56-05,Mouse155_20151124_20-56-05_f001584
-7.374509,-12.792602,investigation,Mouse155_20151124_20-56-05,Mouse155_20151124_20-56-05_f001616
2.3494651,-7.6301355,attack,Mouse155_20151124_20-56-05,Mouse155_20151124_20-56-05_f001680
-4.771525,-4.277354,attack,Mouse155_20151124_20-56-05,Mouse155_20151124_20-56-05_f001776
4.811154,-0.22090988,attack,Mouse155_20151124_20-56-05,Mouse155_20151124_20-56-05_f001792
9.323228,0.23666963,other,Mouse155_20151124_20-56-05,Mouse155_20151124_20-56-05_f001808
9.850592,0.11855663,investigation,Mouse155_20151124_20-56-05,Mouse155_20151124_20-56-05_f001840
9.055153,4.7068973,other,Mouse155_20151124_20-56-05,Mouse155_20151124_20-56-05_f002368
-1.0946654,-1.7082758,investigation,Mouse155_20151124_20-56-05,Mouse155_20151124_20-56-05_f003168
-3.4105484,-2.159418,attack,Mouse155_20151124_20-56-05,Mouse155_20151124_20-56-05_f003184
0.45583236,-7.1998734,attack,Mouse155_20151124_20-56-05,Mouse155_20151124_20-56-05_f003216
-2.2472055,-6.915273,attack,Mouse155_20151124_20-56-05,Mouse155_20151124_20-56-05_f003232
6.6997633,-1.8268865,attack,Mouse155_20151124_20-56-05,Mouse155_20151124_20-56-05_f003248
1.1205887,-1.6012831,attack,Mouse155_20151124_20-56-05,Mouse155_20151124_20-56-05_f003280
6.0136285,2.690901,other,Mouse155_20151124_20-56-05,Mouse155_20151124_20-56-05_f003584
-2.421986,-1.5029651,other,Mouse155_20151124_20-56-05,Mouse155_20151124_20-56-05_f003760
-3.4516268,-11.58433,other,Mouse155_20151124_20-56-05,Mouse155_20151124_20-56-05_f004032
-1.703217,-2.9483867,other,Mouse155_20151124_20-56-05,Mouse155_20151124_20-56-05_f004064
-3.9950771,-5.0329604,other,Mouse155_20151124_20-56-05,Mouse155_20151124_20-56-05_f004800
-4.4848194,-2.1730301,attack,Mouse155_20151124_20-56-05,Mouse155_20151124_20-56-05_f005184
-7.5083385,-6.4702535,attack,Mouse155_20151124_20-56-05,Mouse155_20151124_20-56-05_f005200
-10.804615,-10.784203,attack,Mouse155_20151124_20-56-05,Mouse155_20151124_20-56-05_f005216
3.6050842,-3.7000875,other,Mouse155_20151124_20-56-05,Mouse155_20151124_20-56-05_f005584
2.2722225,-1.9978441,other,Mouse155_20151124_20-56-05,Mouse155_20151124_20-56-05_f005696
4.293204,-0.8610956,other,Mouse155_20151124_20-56-05,Mouse155_20151124_20-56-05_f005744
2.9720266,-0.57593614,other,Mouse155_20151124_20-56-05,Mouse155_20151124_20-56-05_f006544
1.4248346,-5.4640064,investigation,Mouse155_20151124_20-56-05,Mouse155_20151124_20-56-05_f007152
6.2046986,-3.2734122,investigation,Mouse155_20151124_20-56-05,Mouse155_20151124_20-56-05_f007344
-3.7235162,-0.40926734,attack,Mouse155_20151124_20-56-05,Mouse155_20151124_20-56-05_f007408
-6.8177085,-3.6438086,attack,Mouse155_20151124_20-56-05,Mouse155_20151124_20-56-05_f007424
-8.559952,-4.78725,attack,Mouse155_20151124_20-56-05,Mouse155_20151124_20-56-05_f007440
-13.784701,-4.065473,attack,Mouse155_20151124_20-56-05,Mouse155_20151124_20-56-05_f007552
-4.54186,-7.1033974,other,Mouse155_20151124_20-56-05,Mouse155_20151124_20-56-05_f007792
13.3333435,0.004691115,other,Mouse155_20151124_20-56-05,Mouse155_20151124_20-56-05_f009520
11.294924,5.034129,other,Mouse155_20151124_20-56-05,Mouse155_20151124_20-56-05_f009552
3.7453907,0.329144,other,Mouse155_20151124_21-11-28,Mouse155_20151124_21-11-28_f000000
-2.5657668,0.19916327,attack,Mouse155_20151124_21-11-28,Mouse155_20151124_21-11-28_f000112
-2.6523378,-3.7786744,attack,Mouse155_20151124_21-11-28,Mouse155_20151124_21-11-28_f000160
15.009471,1.7434781,other,Mouse155_20151124_21-11-28,Mouse155_20151124_21-11-28_f000432
9.53277,-1.2519665,other,Mouse155_20151124_21-11-28,Mouse155_20151124_21-11-28_f000480
-2.1383436,0.4197157,attack,Mouse155_20151124_21-11-28,Mouse155_20151124_21-11-28_f001200
-2.8216696,-2.4588642,attack,Mouse155_20151124_21-11-28,Mouse155_20151124_21-11-28_f001216
6.969681,-0.50933266,attack,Mouse155_20151124_21-11-28,Mouse155_20151124_21-11-28_f001296
4.026202,-4.287213,attack,Mouse155_20151124_21-11-28,Mouse155_20151124_21-11-28_f001328
0.85294485,-3.1972487,attack,Mouse155_20151124_21-11-28,Mouse155_20151124_21-11-28_f001344
-8.468487,-7.544594,attack,Mouse155_20151124_21-11-28,Mouse155_20151124_21-11-28_f001376
-6.6602707,-0.9517005,attack,Mouse155_20151124_21-11-28,Mouse155_20151124_21-11-28_f001792
7.3020477,-8.187379,investigation,Mouse155_20151124_21-11-28,Mouse155_20151124_21-11-28_f001840
-2.6009905,-4.397436,investigation,Mouse155_20151124_21-11-28,Mouse155_20151124_21-11-28_f002160
-1.09132,-0.17078377,other,Mouse155_20151124_21-11-28,Mouse155_20151124_21-11-28_f002688
2.57127,-0.9581776,other,Mouse155_20151124_21-11-28,Mouse155_20151124_21-11-28_f002704
-7.0778117,-8.085766,investigation,Mouse155_20151124_21-11-28,Mouse155_20151124_21-11-28_f002800
-7.77881,-11.224269,investigation,Mouse155_20151124_21-11-28,Mouse155_20151124_21-11-28_f002832
-14.729689,-12.866415,investigation,Mouse155_20151124_21-11-28,Mouse155_20151124_21-11-28_f002880
-4.075976,-8.452257,other,Mouse155_20151124_21-11-28,Mouse155_20151124_21-11-28_f003120
-0.82658887,-2.0228848,other,Mouse155_20151124_21-11-28,Mouse155_20151124_21-11-28_f003408
-0.37831837,-5.6009836,investigation,Mouse155_20151124_21-11-28,Mouse155_20151124_21-11-28_f003744
-1.441142,-0.99838346,other,Mouse155_20151124_21-11-28,Mouse155_20151124_21-11-28_f004016
1.7837886,-4.8932056,other,Mouse155_20151124_21-11-28,Mouse155_20151124_21-11-28_f004672
1.1153003,-4.2579694,other,Mouse155_20151124_21-11-28,Mouse155_20151124_21-11-28_f005728
6.5947285,-0.37945727,other,Mouse155_20151124_21-11-28,Mouse155_20151124_21-11-28_f006112
-3.0001442,-10.812416,other,Mouse155_20151124_21-11-28,Mouse155_20151124_21-11-28_f006176
1.0865363,-5.959079,other,Mouse155_20151124_21-11-28,Mouse155_20151124_21-11-28_f006192
17.853374,4.715046,other,Mouse155_20151124_21-11-28,Mouse155_20151124_21-11-28_f006400
-2.034294,-4.4709992,investigation,Mouse155_20151124_21-11-28,Mouse155_20151124_21-11-28_f006608
18.065235,8.79696,other,Mouse155_20151129_22-41-43,Mouse155_20151129_22-41-43_f000384
9.904169,-2.9616737,investigation,Mouse155_20151129_22-41-43,Mouse155_20151129_22-41-43_f000608
-1.8229892,-3.6301627,investigation,Mouse155_20151129_22-41-43,Mouse155_20151129_22-41-43_f000752
12.7000475,-0.52079785,other,Mouse155_20151129_22-41-43,Mouse155_20151129_22-41-43_f001024
-2.6817706,-3.3615081,attack,Mouse155_20151129_22-41-43,Mouse155_20151129_22-41-43_f001168
5.003201,-4.79056,attack,Mouse155_20151129_22-41-43,Mouse155_20151129_22-41-43_f001200
3.8730373,-4.1843605,attack,Mouse155_20151129_22-41-43,Mouse155_20151129_22-41-43_f001232
-5.1837816,-7.194507,attack,Mouse155_20151129_22-41-43,Mouse155_20151129_22-41-43_f001264
-7.33695,-8.433439,attack,Mouse155_20151129_22-41-43,Mouse155_20151129_22-41-43_f001504
-7.860051,-8.652058,attack,Mouse155_20151129_22-41-43,Mouse155_20151129_22-41-43_f001520
2.9233654,-6.099905,attack,Mouse155_20151129_22-41-43,Mouse155_20151129_22-41-43_f001600
-4.436298,-8.169332,investigation,Mouse155_20151129_22-41-43,Mouse155_20151129_22-41-43_f001680
-2.0436966,-7.8184743,investigation,Mouse155_20151129_22-41-43,Mouse155_20151129_22-41-43_f001888
-5.36621,-6.253026,investigation,Mouse155_20151129_22-41-43,Mouse155_20151129_22-41-43_f001936
-4.0948687,-7.999437,investigation,Mouse155_20151129_22-41-43,Mouse155_20151129_22-41-43_f002896
-2.0847888,-7.8507676,investigation,Mouse155_20151129_22-41-43,Mouse155_20151129_22-41-43_f002928
0.5923314,-3.7851965,other,Mouse155_20151129_22-41-43,Mouse155_20151129_22-41-43_f002992
2.4983745,-2.8242245,other,Mouse155_20151129_22-41-43,Mouse155_20151129_22-41-43_f003088
3.364532,0.8223484,other,Mouse155_20151129_22-41-43,Mouse155_20151129_22-41-43_f003104
-1.6557558,-1.899592,mount,Mouse155_20151129_22-41-43,Mouse155_20151129_22-41-43_f003536
-10.436876,-9.810013,investigation,Mouse155_20151129_22-41-43,Mouse155_20151129_22-41-43_f003648
-10.603746,-12.399559,investigation,Mouse155_20151129_22-41-43,Mouse155_20151129_22-41-43_f003680
-2.3562217,-1.7191596,investigation,Mouse155_20151129_22-41-43,Mouse155_20151129_22-41-43_f003776
-11.101319,-9.247051,investigation,Mouse155_20151129_22-41-43,Mouse155_20151129_22-41-43_f003904
-2.0242217,-7.2229686,investigation,Mouse155_20151129_22-41-43,Mouse155_20151129_22-41-43_f004736
1.0978497,-4.7906117,investigation,Mouse155_20151129_22-41-43,Mouse155_20151129_22-41-43_f004752
10.895493,3.9423747,other,Mouse156_20151012_20-16-37,Mouse156_20151012_20-16-37_f000208
2.848743,-0.92000633,attack,Mouse156_20151012_20-16-37,Mouse156_20151012_20-16-37_f000416
-5.007169,-2.6884289,attack,Mouse156_20151012_20-16-37,Mouse156_20151012_20-16-37_f000432
5.7582154,12.396389,attack,Mouse156_20151012_20-16-37,Mouse156_20151012_20-16-37_f000480
2.8886857,8.860948,attack,Mouse156_20151012_20-16-37,Mouse156_20151012_20-16-37_f000496
6.6907005,6.19068,attack,Mouse156_20151012_20-16-37,Mouse156_20151012_20-16-37_f000528
3.3353734,5.1836514,attack,Mouse156_20151012_20-16-37,Mouse156_20151012_20-16-37_f000544
3.1753879,3.9734137,attack,Mouse156_20151012_20-16-37,Mouse156_20151012_20-16-37_f000576
4.717017,2.8628182,attack,Mouse156_20151012_20-16-37,Mouse156_20151012_20-16-37_f000592
7.9754367,3.1807778,attack,Mouse156_20151012_20-16-37,Mouse156_20151012_20-16-37_f000608
1.6730043,-0.3260276,mount,Mouse156_20151012_20-16-37,Mouse156_20151012_20-16-37_f000640
-1.7090772,-0.90671337,investigation,Mouse156_20151012_20-16-37,Mouse156_20151012_20-16-37_f000704
-15.245357,-7.3951945,investigation,Mouse156_20151012_20-16-37,Mouse156_20151012_20-16-37_f000768
9.52827,-2.933275,other,Mouse156_20151012_20-16-37,Mouse156_20151012_20-16-37_f000992
13.352931,6.8838863,other,Mouse156_20151012_20-16-37,Mouse156_20151012_20-16-37_f001296
0.6294223,-0.12770736,other,Mouse156_20151012_20-16-37,Mouse156_20151012_20-16-37_f001456
8.405829,-0.5982389,other,Mouse156_20151012_20-16-37,Mouse156_20151012_20-16-37_f001792
15.6456,-1.8455054,other,Mouse156_20151012_20-16-37,Mouse156_20151012_20-16-37_f002240
-6.8774624,0.8407527,attack,Mouse156_20151012_20-16-37,Mouse156_20151012_20-16-37_f002288
-23.65513,-8.175205,attack,Mouse156_20151012_20-16-37,Mouse156_20151012_20-16-37_f002320
-21.083061,-7.6926117,attack,Mouse156_20151012_20-16-37,Mouse156_20151012_20-16-37_f002336
-11.485586,-4.4020634,investigation,Mouse156_20151012_20-16-37,Mouse156_20151012_20-16-37_f002400
-5.959377,-2.3632786,other,Mouse156_20151012_20-16-37,Mouse156_20151012_20-16-37_f002480
-21.687592,-8.463726,attack,Mouse156_20151012_20-16-37,Mouse156_20151012_20-16-37_f002976
-15.98147,-6.103265,attack,Mouse156_20151012_20-16-37,Mouse156_20151012_20-16-37_f002992
-22.735462,-14.806088,attack,Mouse156_20151012_20-16-37,Mouse156_20151012_20-16-37_f003072
-28.935825,-14.585408,attack,Mouse156_20151012_20-16-37,Mouse156_20151012_20-16-37_f003120
-18.131533,-18.847109,other,Mouse156_20151012_20-16-37,Mouse156_20151012_20-16-37_f003248
-0.37820876,2.6050293,attack,Mouse156_20151012_20-16-37,Mouse156_20151012_20-16-37_f003744
-12.0683155,-5.4149275,attack,Mouse156_20151012_20-16-37,Mouse156_20151012_20-16-37_f003776
-4.6549845,-4.830836,attack,Mouse156_20151012_20-16-37,Mouse156_20151012_20-16-37_f003840
-7.0166574,-3.3953607,attack,Mouse156_20151012_20-16-37,Mouse156_20151012_20-16-37_f003872
-1.1129729,1.6994582,attack,Mouse156_20151012_20-16-37,Mouse156_20151012_20-16-37_f004080
-9.626007,-2.2536917,attack,Mouse156_20151012_20-16-37,Mouse156_20151012_20-16-37_f004096
-5.5081906,-2.0796423,attack,Mouse156_20151012_20-16-37,Mouse156_20151012_20-16-37_f004128
-8.865608,-3.9834359,attack,Mouse156_20151012_20-16-37,Mouse156_20151012_20-16-37_f004144
-9.771449,-4.2850995,attack,Mouse156_20151012_20-16-37,Mouse156_20151012_20-16-37_f004160
-14.655848,-7.650545,attack,Mouse156_20151012_20-16-37,Mouse156_20151012_20-16-37_f004176
-18.836798,-10.254865,attack,Mouse156_20151012_20-16-37,Mouse156_20151012_20-16-37_f004208
-26.889029,-14.196481,attack,Mouse156_20151012_20-16-37,Mouse156_20151012_20-16-37_f004240
-27.00116,-15.518177,investigation,Mouse156_20151012_20-16-37,Mouse156_20151012_20-16-37_f004288
-24.652655,-13.053819,attack,Mouse156_20151012_20-16-37,Mouse156_20151012_20-16-37_f004720
-18.115942,-9.898556,attack,Mouse156_20151012_20-16-37,Mouse156_20151012_20-16-37_f004736
-12.178062,-1.7332596,attack,Mouse156_20151012_20-16-37,Mouse156_20151012_20-16-37_f004752
-25.068415,-17.077856,attack,Mouse156_20151012_20-16-37,Mouse156_20151012_20-16-37_f004848
-19.064297,-14.012231,investigation,Mouse156_20151012_20-16-37,Mouse156_20151012_20-16-37_f004992
-16.502808,-14.401505,investigation,Mouse156_20151012_20-16-37,Mouse156_20151012_20-16-37_f005040
-13.1138315,-8.155563,attack,Mouse156_20151012_20-16-37,Mouse156_20151012_20-16-37_f005184
-20.679922,-10.197882,attack,Mouse156_20151012_20-16-37,Mouse156_20151012_20-16-37_f005200
-19.206455,-9.929348,attack,Mouse156_20151012_20-16-37,Mouse156_20151012_20-16-37_f005216
-1.1101799,0.3993659,attack,Mouse156_20151012_20-16-37,Mouse156_20151012_20-16-37_f005232
-15.976337,-2.9403167,attack,Mouse156_20151012_20-16-37,Mouse156_20151012_20-16-37_f005360
-16.677984,-4.3435755,attack,Mouse156_20151012_20-16-37,Mouse156_20151012_20-16-37_f005376
-10.242217,-2.033823,attack,Mouse156_20151012_20-16-37,Mouse156_20151012_20-16-37_f005392
-6.5834184,2.6479144,attack,Mouse156_20151012_20-16-37,Mouse156_20151012_20-16-37_f005456
-9.076307,0.97675437,attack,Mouse156_20151012_20-16-37,Mouse156_20151012_20-16-37_f005472
-19.732079,-4.6050024,other,Mouse156_20151012_20-16-37,Mouse156_20151012_20-16-37_f005568
-20.006277,-7.087445,other,Mouse156_20151012_20-16-37,Mouse156_20151012_20-16-37_f005584
-9.773854,-5.5698686,attack,Mouse156_20151012_20-16-37,Mouse156_20151012_20-16-37_f006112
-12.048716,-10.675839,investigation,Mouse156_20151012_20-16-37,Mouse156_20151012_20-16-37_f006192
-19.215899,-15.203005,investigation,Mouse156_20151012_20-16-37,Mouse156_20151012_20-16-37_f006208
-6.2974353,-6.0040207,attack,Mouse156_20151012_20-16-37,Mouse156_20151012_20-16-37_f006544
0.2086021,-2.1738591,attack,Mouse156_20151012_20-16-37,Mouse156_20151012_20-16-37_f006560
-23.23629,-7.3321095,investigation,Mouse156_20151012_20-16-37,Mouse156_20151012_20-16-37_f006864
-12.388045,-1.3228439,attack,Mouse156_20151012_20-16-37,Mouse156_20151012_20-16-37_f006912
-16.365194,-2.679892,attack,Mouse156_20151012_20-16-37,Mouse156_20151012_20-16-37_f006928
-6.368941,-0.14020339,attack,Mouse156_20151012_20-16-37,Mouse156_20151012_20-16-37_f006976
-11.915603,-2.741415,investigation,Mouse156_20151012_20-16-37,Mouse156_20151012_20-16-37_f007040
-8.839871,-1.3886318,investigation,Mouse156_20151012_20-16-37,Mouse156_20151012_20-16-37_f007056
-4.4227304,-0.79309833,attack,Mouse156_20151012_20-16-37,Mouse156_20151012_20-16-37_f007616
-15.812703,-6.108028,attack,Mouse156_20151012_20-16-37,Mouse156_20151012_20-16-37_f007648
-13.985387,-11.633036,other,Mouse156_20151012_20-16-37,Mouse156_20151012_20-16-37_f007920
-3.8646457,-2.7982142,attack,Mouse156_20151012_20-16-37,Mouse156_20151012_20-16-37_f008064
-3.3898237,-2.8119676,investigation,Mouse156_20151012_20-16-37,Mouse156_20151012_20-16-37_f008080
4.36214,-0.8166857,investigation,Mouse156_20151012_20-16-37,Mouse156_20151012_20-16-37_f008192
4.595436,-0.90478885,investigation,Mouse156_20151012_20-16-37,Mouse156_20151012_20-16-37_f008224
-15.344511,-0.8707191,attack,Mouse156_20151012_20-16-37,Mouse156_20151012_20-16-37_f008448
-16.244297,-4.841045,attack,Mouse156_20151012_20-16-37,Mouse156_20151012_20-16-37_f008512
13.471844,3.5119493,attack,Mouse156_20151012_20-16-37,Mouse156_20151012_20-16-37_f008544
-3.862905,-3.9526157,investigation,Mouse156_20151012_20-16-37,Mouse156_20151012_20-16-37_f008752
3.106299,1.5062373,investigation,Mouse156_20151012_20-16-37,Mouse156_20151012_20-16-37_f008912
-14.649728,-5.2367635,investigation,Mouse156_20151012_20-16-37,Mouse156_20151012_20-16-37_f009040
-0.42989075,1.6112317,investigation,Mouse156_20151012_20-16-37,Mouse156_20151012_20-16-37_f009152
-8.209806,-1.9695114,investigation,Mouse156_20151012_20-16-37,Mouse156_20151012_20-16-37_f009168
-8.812626,-5.4357705,attack,Mouse156_20151012_20-16-37,Mouse156_20151012_20-16-37_f009280
-1.7311897,-0.797734,attack,Mouse156_20151012_20-16-37,Mouse156_20151012_20-16-37_f009376
3.0258856,0.34329605,investigation,Mouse156_20151012_20-16-37,Mouse156_20151012_20-16-37_f009632
-0.16017205,-1.2120935,investigation,Mouse156_20151012_20-16-37,Mouse156_20151012_20-16-37_f009712
-3.4721568,-4.965048,investigation,Mouse156_20151012_20-16-37,Mouse156_20151012_20-16-37_f009904
-10.968456,-12.491884,other,Mouse156_20151012_20-16-37,Mouse156_20151012_20-16-37_f009984
-16.7782,-16.058674,other,Mouse156_20151012_20-16-37,Mouse156_20151012_20-16-37_f010160
0.528785,-3.106273,attack,Mouse156_20151124_21-53-46,Mouse156_20151124_21-53-46_f000016
-0.373769,-2.6481657,attack,Mouse156_20151124_21-53-46,Mouse156_20151124_21-53-46_f000048
-2.7357624,-3.9356859,attack,Mouse156_20151124_21-53-46,Mouse156_20151124_21-53-46_f000064
-4.1399612,-4.297527,attack,Mouse156_20151124_21-53-46,Mouse156_20151124_21-53-46_f000080
-8.807342,-6.3316007,attack,Mouse156_20151124_21-53-46,Mouse156_20151124_21-53-46_f000096
-14.032523,-13.325758,attack,Mouse156_20151124_21-53-46,Mouse156_20151124_21-53-46_f000144
-11.717736,-10.502024,attack,Mouse156_20151124_21-53-46,Mouse156_20151124_21-53-46_f000160
-1.3617566,-8.552372,attack,Mouse156_20151124_21-53-46,Mouse156_20151124_21-53-46_f000608
5.108007,-3.757184,attack,Mouse156_20151124_21-53-46,Mouse156_20151124_21-53-46_f000624
-0.8322258,-8.708882,other,Mouse156_20151124_21-53-46,Mouse156_20151124_21-53-46_f000960
4.4399,-3.4503717,attack,Mouse156_20151124_21-53-46,Mouse156_20151124_21-53-46_f001392
4.5110245,-2.313063,attack,Mouse156_20151124_21-53-46,Mouse156_20151124_21-53-46_f001408
2.4429135,-2.2280362,attack,Mouse156_20151124_21-53-46,Mouse156_20151124_21-53-46_f001424
-1.9918323,-4.127796,attack,Mouse156_20151124_21-53-46,Mouse156_20151124_21-53-46_f001456
-3.407203,-5.6325736,attack,Mouse156_20151124_21-53-46,Mouse156_20151124_21-53-46_f001536
-11.524097,-8.347879,attack,Mouse156_20151124_21-53-46,Mouse156_20151124_21-53-46_f001584
-10.667716,-6.153772,attack,Mouse156_20151124_21-53-46,Mouse156_20151124_21-53-46_f001616
-16.408203,-9.901374,attack,Mouse156_20151124_21-53-46,Mouse156_20151124_21-53-46_f001648
5.821529,4.25291,other,Mouse156_20151124_21-53-46,Mouse156_20151124_21-53-46_f002560
5.224021,0.58423376,other,Mouse156_20151124_21-53-46,Mouse156_20151124_21-53-46_f002944
12.160147,-4.4592805,other,Mouse156_20151124_21-53-46,Mouse156_20151124_21-53-46_f002976
18.727465,11.881459,other,Mouse156_20151124_21-53-46,Mouse156_20151124_21-53-46_f003280
17.238943,4.825386,other,Mouse156_20151124_21-53-46,Mouse156_20151124_21-53-46_f003360
11.484239,3.9562068,other,Mouse156_20151124_21-53-46,Mouse156_20151124_21-53-46_f003600
12.669624,2.2757967,other,Mouse156_20151124_21-53-46,Mouse156_20151124_21-53-46_f003872
-3.0281234,-6.4523053,investigation,Mouse158_20151129_21-12-54,Mouse158_20151129_21-12-54_f000752
1.412434,-5.304452,investigation,Mouse158_20151129_21-12-54,Mouse158_20151129_21-12-54_f000768
3.510748,-3.0009403,other,Mouse158_20151129_21-12-54,Mouse158_20151129_21-12-54_f000960
8.270597,-0.46828675,other,Mouse158_20151129_21-12-54,Mouse158_20151129_21-12-54_f001376
11.254297,-5.3370647,other,Mouse158_20151129_21-12-54,Mouse158_20151129_21-12-54_f001504
4.112758,-7.9607387,other,Mouse158_20151129_21-12-54,Mouse158_20151129_21-12-54_f001696
8.942241,-3.7523162,other,Mouse158_20151129_21-12-54,Mouse158_20151129_21-12-54_f001728
-1.1998576,-6.6072006,other,Mouse158_20151129_21-12-54,Mouse158_20151129_21-12-54_f001776
5.606999,-2.8100317,other,Mouse158_20151129_21-12-54,Mouse158_20151129_21-12-54_f002256
4.5064178,-5.527722,other,Mouse158_20151129_21-12-54,Mouse158_20151129_21-12-54_f002336
10.67047,-0.47523567,other,Mouse158_20151129_21-12-54,Mouse158_20151129_21-12-54_f002352
9.02397,0.1902448,attack,Mouse158_20151129_21-12-54,Mouse158_20151129_21-12-54_f002624
-10.393703,-12.730434,attack,Mouse158_20151129_21-12-54,Mouse158_20151129_21-12-54_f002752
-10.902436,-12.577235,attack,Mouse158_20151129_21-12-54,Mouse158_20151129_21-12-54_f002768
-10.431655,-11.564976,attack,Mouse158_20151129_21-12-54,Mouse158_20151129_21-12-54_f002784
-5.161773,-5.3785396,attack,Mouse158_20151129_21-12-54,Mouse158_20151129_21-12-54_f003424
-5.719945,-5.7648916,attack,Mouse158_20151129_21-12-54,Mouse158_20151129_21-12-54_f003440
-3.9759395,-10.87546,attack,Mouse158_20151129_21-12-54,Mouse158_20151129_21-12-54_f003520
-4.4272466,-8.679976,attack,Mouse158_20151129_21-12-54,Mouse158_20151129_21-12-54_f003536
3.5438797,-8.396959,investigation,Mouse158_20151129_21-12-54,Mouse158_20151129_21-12-54_f003600
10.911136,-6.2265577,other,Mouse158_20151129_21-12-54,Mouse158_20151129_21-12-54_f004192
10.123631,-1.8244132,attack,Mouse158_20151129_21-12-54,Mouse158_20151129_21-12-54_f004336
-9.567827,-5.7887325,attack,Mouse158_20151129_21-12-54,Mouse158_20151129_21-12-54_f004400
7.0657344,-6.48538,attack,Mouse158_20151129_21-12-54,Mouse158_20151129_21-12-54_f004448
1.2544128,-4.6859818,attack,Mouse158_20151129_21-12-54,Mouse158_20151129_21-12-54_f004464
-1.0380981,-0.927072,attack,Mouse158_20151129_21-12-54,Mouse158_20151129_21-12-54_f004496
7.667003,-6.9263773,attack,Mouse158_20151129_21-12-54,Mouse158_20151129_21-12-54_f004528
1.0913835,-10.7006445,attack,Mouse158_20151129_21-12-54,Mouse158_20151129_21-12-54_f004544
-2.3582792,-8.644581,attack,Mouse158_20151129_21-12-54,Mouse158_20151129_21-12-54_f004560
0.91117716,-7.2867775,other,Mouse158_20151129_21-12-54,Mouse158_20151129_21-12-54_f005200
2.0062852,-10.50613,other,Mouse158_20151129_21-12-54,Mouse158_20151129_21-12-54_f005280
-1.0516357,-1.3515861,investigation,Mouse158_20151129_21-12-54,Mouse158_20151129_21-12-54_f005808
-9.01374,-5.3602033,attack,Mouse158_20151129_21-12-54,Mouse158_20151129_21-12-54_f005840
-4.4703126,-2.4846795,attack,Mouse158_20151129_21-12-54,Mouse158_20151129_21-12-54_f005920
15.327625,0.59538835,investigation,Mouse158_20151129_21-12-54,Mouse158_20151129_21-12-54_f006912
12.911757,-2.264733,other,Mouse158_20151129_21-12-54,Mouse158_20151129_21-12-54_f007280
8.029222,-0.34394568,other,Mouse158_20151129_21-12-54,Mouse158_20151129_21-12-54_f007536
11.770111,-4.6452446,other,Mouse158_20151129_21-12-54,Mouse158_20151129_21-12-54_f008736
12.237071,-2.5439193,other,Mouse158_20151129_21-12-54,Mouse158_20151129_21-12-54_f009072
-4.4577546,-4.8858533,attack,Mouse159_20151129_20-48-38,Mouse159_20151129_20-48-38_f000016
3.6276913,-0.61384994,attack,Mouse159_20151129_20-48-38,Mouse159_20151129_20-48-38_f000096
-0.009359279,-4.5792923,attack,Mouse159_20151129_20-48-38,Mouse159_20151129_20-48-38_f000176
-2.0961032,-8.040317,attack,Mouse159_20151129_20-48-38,Mouse159_20151129_20-48-38_f000192
2.4295726,-8.9661455,attack,Mouse159_20151129_20-48-38,Mouse159_20151129_20-48-38_f000208
0.19678827,-1.8909552,investigation,Mouse159_20151129_20-48-38,Mouse159_20151129_20-48-38_f000256
15.712688,3.6455767,attack,Mouse159_20151129_20-48-38,Mouse159_20151129_20-48-38_f000304
0.9742977,-8.43166,attack,Mouse159_20151129_20-48-38,Mouse159_20151129_20-48-38_f000416
-6.3544126,-12.215225,attack,Mouse159_20151129_20-48-38,Mouse159_20151129_20-48-38_f000448
-4.894661,-11.360048,investigation,Mouse159_20151129_20-48-38,Mouse159_20151129_20-48-38_f000480
-0.86501646,-8.3478565,attack,Mouse159_20151129_20-48-38,Mouse159_20151129_20-48-38_f000496
-1.8446904,-6.8873234,attack,Mouse159_20151129_20-48-38,Mouse159_20151129_20-48-38_f000528
-4.2516065,-8.917556,attack,Mouse159_20151129_20-48-38,Mouse159_20151129_20-48-38_f000544
-11.83397,-14.234786,attack,Mouse159_20151129_20-48-38,Mouse159_20151129_20-48-38_f000560
5.6397357,-1.7339634,other,Mouse159_20151129_20-48-38,Mouse159_20151129_20-48-38_f001136
11.870165,3.316733,other,Mouse159_20151129_20-48-38,Mouse159_20151129_20-48-38_f001280
11.554424,2.1564848,other,Mouse159_20151129_20-48-38,Mouse159_20151129_20-48-38_f001536
-3.659993,-1.4772848,attack,Mouse159_20151129_20-48-38,Mouse159_20151129_20-48-38_f002032
8.353763,-0.4765225,attack,Mouse159_20151129_20-48-38,Mouse159_20151129_20-48-38_f002048
-1.4963224,-8.879676,attack,Mouse159_20151129_20-48-38,Mouse159_20151129_20-48-38_f002128
-5.7867093,-9.189272,attack,Mouse159_20151129_20-48-38,Mouse159_20151129_20-48-38_f002192
-3.8272614,-10.515493,attack,Mouse159_20151129_20-48-38,Mouse159_20151129_20-48-38_f002208
10.871068,-5.366471,attack,Mouse159_20151129_20-48-38,Mouse159_20151129_20-48-38_f002224
4.8831697,-2.5205243,attack,Mouse159_20151129_20-48-38,Mouse159_20151129_20-48-38_f002304
7.7212806,-4.912171,investigation,Mouse159_20151129_20-48-38,Mouse159_20151129_20-48-38_f002496
9.228784,2.19937,other,Mouse159_20151129_20-48-38,Mouse159_20151129_20-48-38_f002816
12.077128,-2.6061425,other,Mouse159_20151129_20-48-38,Mouse159_20151129_20-48-38_f002992
4.6983657,-5.4161077,other,Mouse159_20151129_20-48-38,Mouse159_20151129_20-48-38_f003040
-3.1591194,-6.109171,other,Mouse159_20151129_20-48-38,Mouse159_20151129_20-48-38_f003344
17.571907,0.08363917,other,Mouse159_20151129_20-48-38,Mouse159_20151129_20-48-38_f003600
4.6815314,-8.951054,investigation,Mouse159_20151129_20-48-38,Mouse159_20151129_20-48-38_f003824
6.2319245,-11.375579,mount,Mouse159_20151129_20-48-38,Mouse159_20151129_20-48-38_f003904
5.532352,-8.451838,attack,Mouse159_20151129_20-48-38,Mouse159_20151129_20-48-38_f003952
7.1383657,-8.423211,attack,Mouse159_20151129_20-48-38,Mouse159_20151129_20-48-38_f003968
5.302394,-7.1329503,attack,Mouse159_20151129_20-48-38,Mouse159_20151129_20-48-38_f004032
5.577757,-9.178876,attack,Mouse159_20151129_20-48-38,Mouse159_20151129_20-48-38_f004048
-1.8403904,-11.204948,investigation,Mouse159_20151129_20-48-38,Mouse159_20151129_20-48-38_f004096
-3.0747037,-12.346526,investigation,Mouse159_20151129_20-48-38,Mouse159_20151129_20-48-38_f004144
-2.045739,-13.564976,investigation,Mouse159_20151129_20-48-38,Mouse159_20151129_20-48-38_f004192
-6.1882586,-10.193402,other,Mouse159_20151129_20-48-38,Mouse159_20151129_20-48-38_f005024
5.6200666,-6.403781,other,Mouse159_20151129_20-48-38,Mouse159_20151129_20-48-38_f005088
8.571915,1.357808,other,Mouse159_20151129_20-48-38,Mouse159_20151129_20-48-38_f005280
7.208122,0.67743975,other,Mouse159_20151129_20-48-38,Mouse159_20151129_20-48-38_f005712
1.5868073,-3.2156472,investigation,Mouse159_20151129_20-48-38,Mouse159_20151129_20-48-38_f005824
5.6821795,-1.4281423,other,Mouse159_20151129_20-48-38,Mouse159_20151129_20-48-38_f006128
0.29477498,-2.3262231,other,Mouse159_20151129_20-48-38,Mouse159_20151129_20-48-38_f006240
4.37628,-0.61313087,other,Mouse159_20151129_20-48-38,Mouse159_20151129_20-48-38_f006272
7.443056,-2.2310233,other,Mouse159_20151129_20-48-38,Mouse159_20151129_20-48-38_f006672
0.8523434,-3.4482512,investigation,Mouse159_20151129_20-48-38,Mouse159_20151129_20-48-38_f006704
9.102325,-2.982517,other,Mouse159_20151129_20-48-38,Mouse159_20151129_20-48-38_f007152
7.757453,2.2271953,other,Mouse159_20151129_20-48-38,Mouse159_20151129_20-48-38_f007312
5.9674916,-3.0123036,attack,Mouse159_20151129_20-57-31,Mouse159_20151129_20-57-31_f000096
7.717617,0.6045507,attack,Mouse159_20151129_20-57-31,Mouse159_20151129_20-57-31_f000144
-10.933029,-9.105024,attack,Mouse159_20151129_20-57-31,Mouse159_20151129_20-57-31_f000176
4.175839,-9.05429,other,Mouse159_20151129_20-57-31,Mouse159_20151129_20-57-31_f000416
7.1135173,3.2307918,investigation,Mouse159_20151129_20-57-31,Mouse159_20151129_20-57-31_f000880
-2.0303793,-1.7078669,attack,Mouse159_20151129_20-57-31,Mouse159_20151129_20-57-31_f000912
5.3289585,-1.208142,attack,Mouse159_20151129_20-57-31,Mouse159_20151129_20-57-31_f001104
2.8375926,-3.9416902,attack,Mouse159_20151129_20-57-31,Mouse159_20151129_20-57-31_f001120
0.022067273,-8.787307,attack,Mouse159_20151129_20-57-31,Mouse159_20151129_20-57-31_f001168
-2.1146126,-8.57708,attack,Mouse159_20151129_20-57-31,Mouse159_20151129_20-57-31_f001200
13.384806,0.9456099,other,Mouse159_20151129_20-57-31,Mouse159_20151129_20-57-31_f001488
5.8982086,-2.8417697,other,Mouse159_20151129_20-57-31,Mouse159_20151129_20-57-31_f002000
7.5788774,-2.903433,other,Mouse159_20151129_20-57-31,Mouse159_20151129_20-57-31_f002096
4.327063,-1.255376,other,Mouse159_20151129_20-57-31,Mouse159_20151129_20-57-31_f002128
13.178112,-0.47122872,other,Mouse159_20151129_20-57-31,Mouse159_20151129_20-57-31_f002224
16.025774,-0.06564466,other,Mouse159_20151129_20-57-31,Mouse159_20151129_20-57-31_f002560
12.21141,0.025290696,other,Mouse159_20151129_20-57-31,Mouse159_20151129_20-57-31_f003168
12.667818,1.1999851,other,Mouse159_20151129_20-57-31,Mouse159_20151129_20-57-31_f003264
7.067699,-7.746053,investigation,Mouse159_20151129_20-57-31,Mouse159_20151129_20-57-31_f003760
3.7834039,-19.632408,other,Mouse162_20161017_19-58-28,Mouse162_20161017_19-58-28_f000208
1.2370644,-19.351542,other,Mouse162_20161017_19-58-28,Mouse162_20161017_19-58-28_f000224
3.204144,-15.299524,other,Mouse162_20161017_19-58-28,Mouse162_20161017_19-58-28_f000896
3.4465606,-19.45582,other,Mouse162_20161017_19-58-28,Mouse162_20161017_19-58-28_f001104
-11.6028595,-23.469536,investigation,Mouse162_20161017_19-58-28,Mouse162_20161017_19-58-28_f001152
0.63814294,-18.679499,investigation,Mouse162_20161017_19-58-28,Mouse162_20161017_19-58-28_f001344
-9.419669,-21.857986,attack,Mouse162_20161017_19-58-28,Mouse162_20161017_19-58-28_f001488
-10.297589,-19.642517,attack,Mouse162_20161017_19-58-28,Mouse162_20161017_19-58-28_f001504
14.101432,-11.575948,attack,Mouse162_20161017_19-58-28,Mouse162_20161017_19-58-28_f001584
4.941026,-17.0842,investigation,Mouse162_20161017_19-58-28,Mouse162_20161017_19-58-28_f001616
0.15823652,-13.6151905,investigation,Mouse162_20161017_19-58-28,Mouse162_20161017_19-58-28_f001648
-18.673182,-23.125946,attack,Mouse162_20161017_19-58-28,Mouse162_20161017_19-58-28_f001712
-1.2291421,-9.21055,attack,Mouse162_20161017_19-58-28,Mouse162_20161017_19-58-28_f001760
3.0764546,-8.340243,attack,Mouse162_20161017_19-58-28,Mouse162_20161017_19-58-28_f001776
7.6316166,-6.332609,attack,Mouse162_20161017_19-58-28,Mouse162_20161017_19-58-28_f001808
9.037576,-4.011155,attack,Mouse162_20161017_19-58-28,Mouse162_20161017_19-58-28_f001824
4.5405226,-6.0330224,investigation,Mouse162_20161017_19-58-28,Mouse162_20161017_19-58-28_f001856
-7.791233,-12.573126,attack,Mouse162_20161017_19-58-28,Mouse162_20161017_19-58-28_f001984
-2.125196,-10.258755,investigation,Mouse162_20161017_19-58-28,Mouse162_20161017_19-58-28_f002400
13.165189,-11.480922,attack,Mouse162_20161017_19-58-28,Mouse162_20161017_19-58-28_f002464
15.636971,-6.4594874,other,Mouse162_20161017_19-58-28,Mouse162_20161017_19-58-28_f003232
18.871765,-5.978945,other,Mouse162_20161017_19-58-28,Mouse162_20161017_19-58-28_f003328
20.05942,-4.753142,investigation,Mouse162_20161017_19-58-28,Mouse162_20161017_19-58-28_f003344
1.9775999,-10.099603,investigation,Mouse162_20161017_19-58-28,Mouse162_20161017_19-58-28_f003664
3.2805736,-10.287387,investigation,Mouse162_20161017_19-58-28,Mouse162_20161017_19-58-28_f003744
10.078015,-4.0686545,attack,Mouse162_20161017_19-58-28,Mouse162_20161017_19-58-28_f003808
14.8716955,-3.3526344,attack,Mouse162_20161017_19-58-28,Mouse162_20161017_19-58-28_f003824
6.945085,-9.481823,investigation,Mouse162_20161017_19-58-28,Mouse162_20161017_19-58-28_f003936
11.475218,-10.926181,other,Mouse162_20161017_19-58-28,Mouse162_20161017_19-58-28_f004032
17.424103,-0.6195501,investigation,Mouse162_20161017_19-58-28,Mouse162_20161017_19-58-28_f004576
1.3501735,-21.550974,investigation,Mouse162_20161017_19-58-28,Mouse162_20161017_19-58-28_f005216
-4.493519,-17.651953,attack,Mouse162_20161017_19-58-28,Mouse162_20161017_19-58-28_f005280
8.559498,-10.888381,investigation,Mouse162_20161017_19-58-28,Mouse162_20161017_19-58-28_f005328
-3.4658127,-11.068958,investigation,Mouse162_20161017_19-58-28,Mouse162_20161017_19-58-28_f005744
-2.5774336,-10.973638,investigation,Mouse162_20161017_19-58-28,Mouse162_20161017_19-58-28_f005776
-3.0392046,-20.374447,other,Mouse162_20161017_19-58-28,Mouse162_20161017_19-58-28_f006288
2.1965535,-17.124289,investigation,Mouse162_20161017_19-58-28,Mouse162_20161017_19-58-28_f006592
3.088836,-24.864767,investigation,Mouse162_20161017_19-58-28,Mouse162_20161017_19-58-28_f006688
-4.399193,-23.407919,investigation,Mouse162_20161017_19-58-28,Mouse162_20161017_19-58-28_f006752
9.011086,-9.092832,attack,Mouse162_20161017_19-58-28,Mouse162_20161017_19-58-28_f006784
12.191392,-9.415665,attack,Mouse162_20161017_19-58-28,Mouse162_20161017_19-58-28_f006800
12.697893,-14.527491,investigation,Mouse162_20161017_19-58-28,Mouse162_20161017_19-58-28_f006928
3.7438793,-17.033712,investigation,Mouse162_20161017_19-58-28,Mouse162_20161017_19-58-28_f007040
13.254084,-5.746163,investigation,Mouse162_20161017_19-58-28,Mouse162_20161017_19-58-28_f007520
4.093624,-11.858138,other,Mouse162_20161017_19-58-28,Mouse162_20161017_19-58-28_f008336
-2.460427,-14.86575,other,Mouse162_20161017_19-58-28,Mouse162_20161017_19-58-28_f008672
-8.356931,-17.324968,other,Mouse162_20161017_19-58-28,Mouse162_20161017_19-58-28_f008704
15.433864,-15.446199,investigation,Mouse162_20161017_19-58-28,Mouse162_20161017_19-58-28_f008848
0.35586187,-20.040218,other,Mouse162_20161017_19-58-28,Mouse162_20161017_19-58-28_f008928
13.89081,-7.770719,other,Mouse162_20161017_19-58-28,Mouse162_20161017_19-58-28_f009072
-1.3594494,-23.244696,investigation,Mouse162_20161017_19-58-28,Mouse162_20161017_19-58-28_f009280
2.219965,-22.919691,investigation,Mouse162_20161017_19-58-28,Mouse162_20161017_19-58-28_f009360
10.050202,-4.1352468,investigation,Mouse162_20161017_19-58-28,Mouse162_20161017_19-58-28_f009600
1.5633419,-16.493284,investigation,Mouse162_20161017_19-58-28,Mouse162_20161017_19-58-28_f010640
5.035218,-15.477666,investigation,Mouse162_20161017_19-58-28,Mouse162_20161017_19-58-28_f010688
11.360844,-12.088922,investigation,Mouse162_20161017_19-58-28,Mouse162_20161017_19-58-28_f010864
11.479332,-12.709008,investigation,Mouse162_20161017_19-58-28,Mouse162_20161017_19-58-28_f010880
4.6452303,-19.18763,investigation,Mouse162_20161017_19-58-28,Mouse162_20161017_19-58-28_f011904
-1.9259343,-21.723148,investigation,Mouse162_20161017_19-58-28,Mouse162_20161017_19-58-28_f012016
0.9591303,-22.878233,investigation,Mouse162_20161017_19-58-28,Mouse162_20161017_19-58-28_f012144
3.199852,-22.243532,investigation,Mouse162_20161017_19-58-28,Mouse162_20161017_19-58-28_f012192
4.597544,-23.53606,investigation,Mouse162_20161017_19-58-28,Mouse162_20161017_19-58-28_f012272
4.1703534,-23.28756,investigation,Mouse162_20161017_19-58-28,Mouse162_20161017_19-58-28_f012288
-4.5682945,-19.715963,investigation,Mouse162_20161017_19-58-28,Mouse162_20161017_19-58-28_f012336
-2.798495,-23.67219,investigation,Mouse162_20161017_19-58-28,Mouse162_20161017_19-58-28_f012592
1.0229869,-21.835968,investigation,Mouse162_20161017_19-58-28,Mouse162_20161017_19-58-28_f012608
0.86014223,-19.518917,investigation,Mouse162_20161017_19-58-28,Mouse162_20161017_19-58-28_f012848
0.55116296,-22.414106,investigation,Mouse162_20161017_19-58-28,Mouse162_20161017_19-58-28_f012912
-3.5970736,-21.775375,other,Mouse162_20161017_19-58-28,Mouse162_20161017_19-58-28_f013328
0.42599452,-22.236105,investigation,Mouse162_20161017_19-58-28,Mouse162_20161017_19-58-28_f013520
-6.614498,-26.45222,investigation,Mouse162_20161017_19-58-28,Mouse162_20161017_19-58-28_f013552
2.003259,-22.408924,investigation,Mouse162_20161017_19-58-28,Mouse162_20161017_19-58-28_f013648
-0.3836775,-22.395634,investigation,Mouse162_20161017_19-58-28,Mouse162_20161017_19-58-28_f013872
-0.5813208,-18.42641,other,Mouse162_20161017_19-58-28,Mouse162_20161017_19-58-28_f014240
4.4542356,-13.847163,other,Mouse162_20161017_19-58-28,Mouse162_20161017_19-58-28_f014272
8.215352,-9.498314,other,Mouse162_20161017_19-58-28,Mouse162_20161017_19-58-28_f014368
13.196115,-15.175761,other,Mouse162_20161017_19-58-28,Mouse162_20161017_19-58-28_f014512
2.858522,-17.735582,other,Mouse162_20161017_19-58-28,Mouse162_20161017_19-58-28_f015024
1.3426194,-18.952295,investigation,Mouse162_20161017_19-58-28,Mouse162_20161017_19-58-28_f015264
-9.147444,-25.17015,investigation,Mouse162_20161017_19-58-28,Mouse162_20161017_19-58-28_f015424
-12.174819,-26.027607,other,Mouse162_20161017_19-58-28,Mouse162_20161017_19-58-28_f015520
8.823037,-14.578021,other,Mouse162_20161017_19-58-28,Mouse162_20161017_19-58-28_f015744
9.509409,-18.171747,investigation,Mouse162_20161017_19-58-28,Mouse162_20161017_19-58-28_f016048
9.893067,-10.831024,other,Mouse162_20161017_19-58-28,Mouse162_20161017_19-58-28_f016240
-9.027975,-11.487479,investigation,Mouse162_20161017_19-58-28,Mouse162_20161017_19-58-28_f016864
-4.314813,-14.644912,investigation,Mouse162_20161017_19-58-28,Mouse162_20161017_19-58-28_f016992
5.760847,-14.236646,other,Mouse162_20161017_19-58-28,Mouse162_20161017_19-58-28_f017136
6.677253,-13.573583,other,Mouse162_20161017_19-58-28,Mouse162_20161017_19-58-28_f017296
-4.030589,-17.300165,other,Mouse162_20161017_19-58-28,Mouse162_20161017_19-58-28_f017312
-4.829346,-20.718649,investigation,Mouse162_20161017_19-58-28,Mouse162_20161017_19-58-28_f017376
10.876286,-8.953343,investigation,Mouse163_20161018_18-22-45,Mouse163_20161018_18-22-45_f000144
10.979239,-5.6514854,investigation,Mouse163_20161018_18-22-45,Mouse163_20161018_18-22-45_f000176
11.862845,-13.322415,investigation,Mouse163_20161018_18-22-45,Mouse163_20161018_18-22-45_f000208
-4.041385,-23.71541,investigation,Mouse163_20161018_18-22-45,Mouse163_20161018_18-22-45_f000256
1.5933493,-21.281181,investigation,Mouse163_20161018_18-22-45,Mouse163_20161018_18-22-45_f000288
4.2791677,-12.624338,investigation,Mouse163_20161018_18-22-45,Mouse163_20161018_18-22-45_f000640
7.658971,-10.3931875,investigation,Mouse163_20161018_18-22-45,Mouse163_20161018_18-22-45_f000800
4.536654,-12.112105,investigation,Mouse163_20161018_18-22-45,Mouse163_20161018_18-22-45_f001008
15.811725,-2.4401958,investigation,Mouse163_20161018_18-22-45,Mouse163_20161018_18-22-45_f001712
12.118604,-5.901326,investigation,Mouse163_20161018_18-22-45,Mouse163_20161018_18-22-45_f001984
15.93703,-9.595335,investigation,Mouse163_20161018_18-22-45,Mouse163_20161018_18-22-45_f002064
-7.4966955,-24.525837,investigation,Mouse163_20161018_18-22-45,Mouse163_20161018_18-22-45_f002224
6.8762884,-12.418282,investigation,Mouse163_20161018_18-22-45,Mouse163_20161018_18-22-45_f002288
2.117703,-18.027952,investigation,Mouse163_20161018_18-22-45,Mouse163_20161018_18-22-45_f002432
8.049134,-17.828194,other,Mouse163_20161018_18-22-45,Mouse163_20161018_18-22-45_f002592
-1.1767946,-16.071985,mount,Mouse163_20161018_18-22-45,Mouse163_20161018_18-22-45_f002880
3.2785504,-10.309673,mount,Mouse163_20161018_18-22-45,Mouse163_20161018_18-22-45_f002992
13.120752,-6.562965,investigation,Mouse163_20161018_18-22-45,Mouse163_20161018_18-22-45_f003152
7.0308447,-8.834011,investigation,Mouse163_20161018_18-22-45,Mouse163_20161018_18-22-45_f003328
4.347325,-11.0763,mount,Mouse163_20161018_18-22-45,Mouse163_20161018_18-22-45_f003392
18.025076,-5.4846787,investigation,Mouse163_20161018_18-22-45,Mouse163_20161018_18-22-45_f003424
-0.5950235,-20.995453,investigation,Mouse163_20161018_18-22-45,Mouse163_20161018_18-22-45_f003600
1.9985943,-16.711166,other,Mouse163_20161018_18-22-45,Mouse163_20161018_18-22-45_f004000
0.8132223,-17.417841,investigation,Mouse163_20161018_18-22-45,Mouse163_20161018_18-22-45_f004176
3.8348014,-15.933255,other,Mouse163_20161018_18-22-45,Mouse163_20161018_18-22-45_f004608
6.132964,-14.502937,investigation,Mouse163_20161018_18-22-45,Mouse163_20161018_18-22-45_f005024
-0.52496785,-18.593952,mount,Mouse163_20161018_18-22-45,Mouse163_20161018_18-22-45_f005056
-2.275801,-19.889849,mount,Mouse163_20161018_18-22-45,Mouse163_20161018_18-22-45_f005088
7.633638,-8.049203,mount,Mouse163_20161018_18-22-45,Mouse163_20161018_18-22-45_f005248
8.089616,-16.72249,other,Mouse163_20161018_18-22-45,Mouse163_20161018_18-22-45_f005504
4.091985,-13.077615,other,Mouse163_20161018_18-22-45,Mouse163_20161018_18-22-45_f005840
8.798594,-12.115794,other,Mouse163_20161018_18-22-45,Mouse163_20161018_18-22-45_f005856
15.2422,-11.494153,other,Mouse163_20161018_18-22-45,Mouse163_20161018_18-22-45_f006080
-6.2443924,-17.094326,investigation,Mouse163_20161018_18-22-45,Mouse163_20161018_18-22-45_f006160
7.7766876,-17.167856,other,Mouse163_20161018_18-22-45,Mouse163_20161018_18-22-45_f006432
22.070845,11.088854,investigation,Mouse627_20181026_17-29-36_01994-09560,Mouse627_20181026_17-29-36_01994-09560_f000256
22.044851,3.4954457,investigation,Mouse627_20181026_17-29-36_01994-09560,Mouse627_20181026_17-29-36_01994-09560_f000288
7.727283,-0.00744416,investigation,Mouse627_20181026_17-29-36_01994-09560,Mouse627_20181026_17-29-36_01994-09560_f000400
11.66226,0.8064769,investigation,Mouse627_20181026_17-29-36_01994-09560,Mouse627_20181026_17-29-36_01994-09560_f000416
21.921204,8.721649,other,Mouse627_20181026_17-29-36_01994-09560,Mouse627_20181026_17-29-36_01994-09560_f000752
9.134121,1.1818861,investigation,Mouse627_20181026_17-29-36_01994-09560,Mouse627_20181026_17-29-36_01994-09560_f001056
21.036272,7.537877,investigation,Mouse627_20181026_17-29-36_01994-09560,Mouse627_20181026_17-29-36_01994-09560_f001376
16.248894,3.0347078,investigation,Mouse627_20181026_17-29-36_01994-09560,Mouse627_20181026_17-29-36_01994-09560_f001536
19.267277,10.254338,investigation,Mouse627_20181026_17-29-36_01994-09560,Mouse627_20181026_17-29-36_01994-09560_f001712
14.648338,9.364107,investigation,Mouse627_20181026_17-29-36_01994-09560,Mouse627_20181026_17-29-36_01994-09560_f001776
7.835006,4.6556754,investigation,Mouse627_20181026_17-29-36_01994-09560,Mouse627_20181026_17-29-36_01994-09560_f001792
12.848137,-0.24764977,investigation,Mouse627_20181026_17-29-36_01994-09560,Mouse627_20181026_17-29-36_01994-09560_f002064
12.262275,6.971667,other,Mouse627_20181026_17-29-36_01994-09560,Mouse627_20181026_17-29-36_01994-09560_f002256
16.89133,1.8581117,investigation,Mouse627_20181026_17-29-36_01994-09560,Mouse627_20181026_17-29-36_01994-09560_f002944
13.416824,4.61467,investigation,Mouse627_20181026_17-29-36_01994-09560,Mouse627_20181026_17-29-36_01994-09560_f003232
1.7693329,-6.602171,other,Mouse627_20181026_17-29-36_01994-09560,Mouse627_20181026_17-29-36_01994-09560_f003280
17.377016,10.005596,investigation,Mouse627_20181026_17-29-36_01994-09560,Mouse627_20181026_17-29-36_01994-09560_f003472
16.75619,9.659757,other,Mouse627_20181026_17-29-36_01994-09560,Mouse627_20181026_17-29-36_01994-09560_f003520
8.689688,1.0579423,investigation,Mouse627_20181026_17-29-36_01994-09560,Mouse627_20181026_17-29-36_01994-09560_f003888
9.097908,0.11538365,investigation,Mouse627_20181026_17-29-36_01994-09560,Mouse627_20181026_17-29-36_01994-09560_f003904
6.844562,-1.8162522,mount,Mouse627_20181026_17-29-36_01994-09560,Mouse627_20181026_17-29-36_01994-09560_f004384
-12.914996,-9.496962,mount,Mouse627_20181026_17-29-36_01994-09560,Mouse627_20181026_17-29-36_01994-09560_f004848
-15.311136,-9.85977,mount,Mouse627_20181026_17-29-36_01994-09560,Mouse627_20181026_17-29-36_01994-09560_f004864
-8.261937,-6.2066207,mount,Mouse627_20181026_17-29-36_01994-09560,Mouse627_20181026_17-29-36_01994-09560_f004912
-1.8921963,-0.15476607,mount,Mouse627_20181026_17-29-36_01994-09560,Mouse627_20181026_17-29-36_01994-09560_f005536
-11.205534,-5.754639,mount,Mouse627_20181026_17-29-36_01994-09560,Mouse627_20181026_17-29-36_01994-09560_f005552
-14.814934,-6.3440313,mount,Mouse627_20181026_17-29-36_01994-09560,Mouse627_20181026_17-29-36_01994-09560_f005584
-5.278566,-6.3760858,other,Mouse627_20181026_17-29-36_01994-09560,Mouse627_20181026_17-29-36_01994-09560_f005680
5.117007,8.404989,other,Mouse627_20181026_17-29-36_01994-09560,Mouse627_20181026_17-29-36_01994-09560_f005968
6.842224,3.9571419,other,Mouse627_20181026_17-29-36_01994-09560,Mouse627_20181026_17-29-36_01994-09560_f006096
9.507883,7.667621,mount,Mouse627_20181026_17-29-36_01994-09560,Mouse627_20181026_17-29-36_01994-09560_f006352
8.355533,5.452993,mount,Mouse627_20181026_17-29-36_01994-09560,Mouse627_20181026_17-29-36_01994-09560_f006416
4.4576454,5.685057,other,Mouse627_20181026_17-29-36_01994-09560,Mouse627_20181026_17-29-36_01994-09560_f006464
-3.1962383,-0.19061294,mount,Mouse627_20181026_17-29-36_01994-09560,Mouse627_20181026_17-29-36_01994-09560_f006528
10.223378,4.853198,other,Mouse627_20181026_17-29-36_01994-09560,Mouse627_20181026_17-29-36_01994-09560_f006992
1.4687665,1.245429,investigation,Mouse627_20181026_17-29-36_01994-09560,Mouse627_20181026_17-29-36_01994-09560_f007024
-6.4990954,1.7487111,mount,Mouse627_20181026_17-29-36_01994-09560,Mouse627_20181026_17-29-36_01994-09560_f007072
-30.774149,-14.201469,mount,Mouse627_20181026_17-29-36_01994-09560,Mouse627_20181026_17-29-36_01994-09560_f007392
-27.318638,-13.8967085,mount,Mouse627_20181026_17-29-36_01994-09560,Mouse627_20181026_17-29-36_01994-09560_f007408
-23.286987,-11.557986,mount,Mouse627_20181026_17-29-36_01994-09560,Mouse627_20181026_17-29-36_01994-09560_f007456
22.583536,-0.64451337,investigation,Mouse627_20181026_17-29-36_10191-15523,Mouse627_20181026_17-29-36_10191-15523_f000128
17.82775,7.7246456,investigation,Mouse627_20181026_17-29-36_10191-15523,Mouse627_20181026_17-29-36_10191-15523_f000368
21.870066,0.89137316,investigation,Mouse627_20181026_17-29-36_10191-15523,Mouse627_20181026_17-29-36_10191-15523_f000480
20.393675,7.6584897,investigation,Mouse627_20181026_17-29-36_10191-15523,Mouse627_20181026_17-29-36_10191-15523_f000624
14.501909,6.7662973,investigation,Mouse627_20181026_17-29-36_10191-15523,Mouse627_20181026_17-29-36_10191-15523_f000672
9.292994,-0.61007786,investigation,Mouse627_20181026_17-29-36_10191-15523,Mouse627_20181026_17-29-36_10191-15523_f001056
7.245728,-0.8183045,other,Mouse627_20181026_17-29-36_10191-15523,Mouse627_20181026_17-29-36_10191-15523_f001312
5.9830036,9.757326,investigation,Mouse627_20181026_17-29-36_10191-15523,Mouse627_20181026_17-29-36_10191-15523_f001808
-3.1280506,-5.8740807,investigation,Mouse627_20181026_17-29-36_10191-15523,Mouse627_20181026_17-29-36_10191-15523_f002064
11.676812,5.3703513,mount,Mouse627_20181026_17-29-36_10191-15523,Mouse627_20181026_17-29-36_10191-15523_f002560
7.721266,3.9900079,mount,Mouse627_20181026_17-29-36_10191-15523,Mouse627_20181026_17-29-36_10191-15523_f002624
1.1951518,-0.4362193,mount,Mouse627_20181026_17-29-36_10191-15523,Mouse627_20181026_17-29-36_10191-15523_f002640
6.7142205,1.7911772,mount,Mouse627_20181026_17-29-36_10191-15523,Mouse627_20181026_17-29-36_10191-15523_f002976
7.5014873,-0.048445784,mount,Mouse627_20181026_17-29-36_10191-15523,Mouse627_20181026_17-29-36_10191-15523_f003040
7.0043035,-1.7380362,mount,Mouse627_20181026_17-29-36_10191-15523,Mouse627_20181026_17-29-36_10191-15523_f003104
0.98635304,1.3919908,mount,Mouse627_20181026_17-29-36_10191-15523,Mouse627_20181026_17-29-36_10191-15523_f003152
10.404713,8.537644,mount,Mouse627_20181026_17-29-36_10191-15523,Mouse627_20181026_17-29-36_10191-15523_f003648
2.2462962,1.1057597,other,Mouse627_20181026_17-29-36_10191-15523,Mouse627_20181026_17-29-36_10191-15523_f004320
0.31166005,-1.8021326,other,Mouse627_20181026_17-29-36_10191-15523,Mouse627_20181026_17-29-36_10191-15523_f004368
-0.91064507,-1.8363383,other,Mouse627_20181026_17-29-36_10191-15523,Mouse627_20181026_17-29-36_10191-15523_f004400
-7.4527044,3.546728,mount,Mouse627_20181026_17-29-36_10191-15523,Mouse627_20181026_17-29-36_10191-15523_f004512
-2.3092644,2.4399123,mount,Mouse627_20181026_17-29-36_10191-15523,Mouse627_20181026_17-29-36_10191-15523_f004576
8.460672,6.329108,other,Mouse627_20181026_17-29-36_10191-15523,Mouse627_20181026_17-29-36_10191-15523_f004720
17.977161,0.6167474,other,Mouse627_20181026_17-29-36_10191-15523,Mouse627_20181026_17-29-36_10191-15523_f005040
13.494819,12.294504,investigation,Mouse627_20181026_17-29-36_16209-22286,Mouse627_20181026_17-29-36_16209-22286_f000080
14.825898,8.572469,mount,Mouse627_20181026_17-29-36_16209-22286,Mouse627_20181026_17-29-36_16209-22286_f000128
0.45756465,6.053215,other,Mouse627_20181026_17-29-36_16209-22286,Mouse627_20181026_17-29-36_16209-22286_f000208
14.245852,4.73797,other,Mouse627_20181026_17-29-36_16209-22286,Mouse627_20181026_17-29-36_16209-22286_f000320
0.49115717,-1.7403928,other,Mouse627_20181026_17-29-36_16209-22286,Mouse627_20181026_17-29-36_16209-22286_f000640
13.864048,7.2957664,other,Mouse627_20181026_17-29-36_16209-22286,Mouse627_20181026_17-29-36_16209-22286_f000784
9.248404,6.652768,other,Mouse627_20181026_17-29-36_16209-22286,Mouse627_20181026_17-29-36_16209-22286_f000944
14.457583,7.3739676,mount,Mouse627_20181026_17-29-36_16209-22286,Mouse627_20181026_17-29-36_16209-22286_f001248
16.600946,-0.028545992,mount,Mouse627_20181026_17-29-36_16209-22286,Mouse627_20181026_17-29-36_16209-22286_f001504
17.645012,0.5647056,mount,Mouse627_20181026_17-29-36_16209-22286,Mouse627_20181026_17-29-36_16209-22286_f001520
15.240101,-2.804202,mount,Mouse627_20181026_17-29-36_16209-22286,Mouse627_20181026_17-29-36_16209-22286_f001552
15.916515,-3.2343829,mount,Mouse627_20181026_17-29-36_16209-22286,Mouse627_20181026_17-29-36_16209-22286_f001568
5.6941094,-2.2048376,other,Mouse627_20181026_17-29-36_16209-22286,Mouse627_20181026_17-29-36_16209-22286_f001840
14.007083,6.783187,mount,Mouse627_20181026_17-29-36_16209-22286,Mouse627_20181026_17-29-36_16209-22286_f002416
8.309581,4.3716884,mount,Mouse627_20181026_17-29-36_16209-22286,Mouse627_20181026_17-29-36_16209-22286_f002432
18.153082,6.5275917,mount,Mouse627_20181026_17-29-36_16209-22286,Mouse627_20181026_17-29-36_16209-22286_f002496
-4.4330487,-4.1457624,mount,Mouse627_20181026_17-29-36_16209-22286,Mouse627_20181026_17-29-36_16209-22286_f003248
6.734822,8.600818,investigation,Mouse627_20181026_17-29-36_16209-22286,Mouse627_20181026_17-29-36_16209-22286_f003584
12.506961,9.770612,other,Mouse627_20181026_17-29-36_16209-22286,Mouse627_20181026_17-29-36_16209-22286_f003728
13.302534,0.4135211,investigation,Mouse627_20181026_17-29-36_16209-22286,Mouse627_20181026_17-29-36_16209-22286_f003984
11.629859,-1.4145374,mount,Mouse627_20181026_17-29-36_16209-22286,Mouse627_20181026_17-29-36_16209-22286_f004000
1.0944817,-3.215297,other,Mouse627_20181026_17-29-36_16209-22286,Mouse627_20181026_17-29-36_16209-22286_f004160
-3.045539,-5.4484735,other,Mouse627_20181026_17-29-36_16209-22286,Mouse627_20181026_17-29-36_16209-22286_f004560
9.355072,7.0707035,mount,Mouse627_20181026_17-29-36_16209-22286,Mouse627_20181026_17-29-36_16209-22286_f005296
16.698132,5.388397,mount,Mouse627_20181026_17-29-36_16209-22286,Mouse627_20181026_17-29-36_16209-22286_f005712
15.898992,3.5704544,mount,Mouse627_20181026_17-29-36_16209-22286,Mouse627_20181026_17-29-36_16209-22286_f005728
-1.5554415,7.1074743,investigation,Mouse630_20181025_18-44-29_01807-21458,Mouse630_20181025_18-44-29_01807-21458_f000000
14.246317,0.21146317,investigation,Mouse630_20181025_18-44-29_01807-21458,Mouse630_20181025_18-44-29_01807-21458_f000208
17.530563,12.189875,investigation,Mouse630_20181025_18-44-29_01807-21458,Mouse630_20181025_18-44-29_01807-21458_f000304
3.4283273,2.0902724,investigation,Mouse630_20181025_18-44-29_01807-21458,Mouse630_20181025_18-44-29_01807-21458_f000416
2.187886,-0.5981683,investigation,Mouse630_20181025_18-44-29_01807-21458,Mouse630_20181025_18-44-29_01807-21458_f000560
15.286847,4.320951,mount,Mouse630_20181025_18-44-29_01807-21458,Mouse630_20181025_18-44-29_01807-21458_f000656
5.194382,0.48848718,mount,Mouse630_20181025_18-44-29_01807-21458,Mouse630_20181025_18-44-29_01807-21458_f000736
2.4669847,9.318384,mount,Mouse630_20181025_18-44-29_01807-21458,Mouse630_20181025_18-44-29_01807-21458_f001136
2.08455,9.577459,mount,Mouse630_20181025_18-44-29_01807-21458,Mouse630_20181025_18-44-29_01807-21458_f001152
1.5505389,9.121585,mount,Mouse630_20181025_18-44-29_01807-21458,Mouse630_20181025_18-44-29_01807-21458_f001200
-0.35169503,8.7720375,mount,Mouse630_20181025_18-44-29_01807-21458,Mouse630_20181025_18-44-29_01807-21458_f001264
-0.21620464,7.6898613,mount,Mouse630_20181025_18-44-29_01807-21458,Mouse630_20181025_18-44-29_01807-21458_f001296
8.694558,7.614633,investigation,Mouse630_20181025_18-44-29_01807-21458,Mouse630_20181025_18-44-29_01807-21458_f001408
7.9254456,-2.8065364,mount,Mouse630_20181025_18-44-29_01807-21458,Mouse630_20181025_18-44-29_01807-21458_f001760
8.663254,8.489268,other,Mouse630_20181025_18-44-29_01807-21458,Mouse630_20181025_18-44-29_01807-21458_f002176
2.642884,2.7991984,other,Mouse630_20181025_18-44-29_01807-21458,Mouse630_20181025_18-44-29_01807-21458_f002368
4.3595195,7.4370856,investigation,Mouse630_20181025_18-44-29_01807-21458,Mouse630_20181025_18-44-29_01807-21458_f002528
4.559435,7.341955,investigation,Mouse630_20181025_18-44-29_01807-21458,Mouse630_20181025_18-44-29_01807-21458_f002544
-0.04563286,5.054299,investigation,Mouse630_20181025_18-44-29_01807-21458,Mouse630_20181025_18-44-29_01807-21458_f002640
7.301321,1.9875695,other,Mouse630_20181025_18-44-29_01807-21458,Mouse630_20181025_18-44-29_01807-21458_f002768
4.2914004,-2.178322,mount,Mouse630_20181025_18-44-29_01807-21458,Mouse630_20181025_18-44-29_01807-21458_f003056
4.4113383,-7.3811245,mount,Mouse630_20181025_18-44-29_01807-21458,Mouse630_20181025_18-44-29_01807-21458_f003120
1.336869,-9.057663,mount,Mouse630_20181025_18-44-29_01807-21458,Mouse630_20181025_18-44-29_01807-21458_f003152
1.5490413,-8.355798,mount,Mouse630_20181025_18-44-29_01807-21458,Mouse630_20181025_18-44-29_01807-21458_f003184
3.3693693,-5.9641857,mount,Mouse630_20181025_18-44-29_01807-21458,Mouse630_20181025_18-44-29_01807-21458_f003264
-10.3513565,-9.754376,mount,Mouse630_20181025_18-44-29_01807-21458,Mouse630_20181025_18-44-29_01807-21458_f003312
4.334784,4.596771,mount,Mouse630_20181025_18-44-29_01807-21458,Mouse630_20181025_18-44-29_01807-21458_f003712
8.901532,9.490523,investigation,Mouse630_20181025_18-44-29_01807-21458,Mouse630_20181025_18-44-29_01807-21458_f004016
7.5409145,10.289528,mount,Mouse630_20181025_18-44-29_01807-21458,Mouse630_20181025_18-44-29_01807-21458_f004080
13.8138685,10.458444,mount,Mouse630_20181025_18-44-29_01807-21458,Mouse630_20181025_18-44-29_01807-21458_f004112
12.413592,10.894228,mount,Mouse630_20181025_18-44-29_01807-21458,Mouse630_20181025_18-44-29_01807-21458_f004128
6.13102,11.297575,mount,Mouse630_20181025_18-44-29_01807-21458,Mouse630_20181025_18-44-29_01807-21458_f004160
3.0443828,4.083085,mount,Mouse630_20181025_18-44-29_01807-21458,Mouse630_20181025_18-44-29_01807-21458_f004192
0.080518775,2.7978706,mount,Mouse630_20181025_18-44-29_01807-21458,Mouse630_20181025_18-44-29_01807-21458_f004576
-3.2929432,3.037567,investigation,Mouse630_20181025_18-44-29_01807-21458,Mouse630_20181025_18-44-29_01807-21458_f004608
0.84420985,-0.7746014,investigation,Mouse630_20181025_18-44-29_01807-21458,Mouse630_20181025_18-44-29_01807-21458_f005200
4.2002378,-5.095131,other,Mouse630_20181025_18-44-29_01807-21458,Mouse630_20181025_18-44-29_01807-21458_f005296
6.926666,1.0757902,other,Mouse630_20181025_18-44-29_01807-21458,Mouse630_20181025_18-44-29_01807-21458_f005456
10.021734,6.3913665,investigation,Mouse630_20181025_18-44-29_01807-21458,Mouse630_20181025_18-44-29_01807-21458_f006208
3.9323606,8.532832,investigation,Mouse630_20181025_18-44-29_01807-21458,Mouse630_20181025_18-44-29_01807-21458_f006240
6.9296694,-1.5102142,mount,Mouse630_20181025_18-44-29_01807-21458,Mouse630_20181025_18-44-29_01807-21458_f006304
-1.9246423,-3.9800973,mount,Mouse630_20181025_18-44-29_01807-21458,Mouse630_20181025_18-44-29_01807-21458_f006400
6.920911,3.8808775,mount,Mouse630_20181025_18-44-29_01807-21458,Mouse630_20181025_18-44-29_01807-21458_f006448
11.864002,2.5220573,investigation,Mouse630_20181025_18-44-29_01807-21458,Mouse630_20181025_18-44-29_01807-21458_f006496
8.667684,-0.4776116,mount,Mouse630_20181025_18-44-29_01807-21458,Mouse630_20181025_18-44-29_01807-21458_f006544
6.1481657,-1.3873274,mount,Mouse630_20181025_18-44-29_01807-21458,Mouse630_20181025_18-44-29_01807-21458_f006576
6.515961,-1.0367423,mount,Mouse630_20181025_18-44-29_01807-21458,Mouse630_20181025_18-44-29_01807-21458_f006592
6.978558,-2.462793,mount,Mouse630_20181025_18-44-29_01807-21458,Mouse630_20181025_18-44-29_01807-21458_f006672
7.605812,-1.8909492,mount,Mouse630_20181025_18-44-29_01807-21458,Mouse630_20181025_18-44-29_01807-21458_f006704
5.5803676,-4.27033,mount,Mouse630_20181025_18-44-29_01807-21458,Mouse630_20181025_18-44-29_01807-21458_f006816
4.71423,-4.3695154,mount,Mouse630_20181025_18-44-29_01807-21458,Mouse630_20181025_18-44-29_01807-21458_f006944
-0.31434065,-4.793031,other,Mouse630_20181025_18-44-29_01807-21458,Mouse630_20181025_18-44-29_01807-21458_f007024
13.312424,9.501052,mount,Mouse630_20181025_18-44-29_01807-21458,Mouse630_20181025_18-44-29_01807-21458_f007648
14.874999,11.174404,mount,Mouse630_20181025_18-44-29_01807-21458,Mouse630_20181025_18-44-29_01807-21458_f007760
15.238756,11.945065,mount,Mouse630_20181025_18-44-29_01807-21458,Mouse630_20181025_18-44-29_01807-21458_f007776
14.991483,12.514074,mount,Mouse630_20181025_18-44-29_01807-21458,Mouse630_20181025_18-44-29_01807-21458_f007856
16.157686,12.86367,mount,Mouse630_20181025_18-44-29_01807-21458,Mouse630_20181025_18-44-29_01807-21458_f007936
16.397131,15.828352,mount,Mouse630_20181025_18-44-29_01807-21458,Mouse630_20181025_18-44-29_01807-21458_f007984
15.741004,14.662249,other,Mouse630_20181025_18-44-29_01807-21458,Mouse630_20181025_18-44-29_01807-21458_f008176
8.163414,10.007247,other,Mouse630_20181025_18-44-29_01807-21458,Mouse630_20181025_18-44-29_01807-21458_f008240
9.355989,8.659529,other,Mouse630_20181025_18-44-29_01807-21458,Mouse630_20181025_18-44-29_01807-21458_f008400
9.968844,7.452147,mount,Mouse630_20181025_18-44-29_01807-21458,Mouse630_20181025_18-44-29_01807-21458_f008528
8.072229,11.005187,mount,Mouse630_20181025_18-44-29_01807-21458,Mouse630_20181025_18-44-29_01807-21458_f009008
4.145654,10.443281,mount,Mouse630_20181025_18-44-29_01807-21458,Mouse630_20181025_18-44-29_01807-21458_f009072
7.3856206,9.76413,mount,Mouse630_20181025_18-44-29_01807-21458,Mouse630_20181025_18-44-29_01807-21458_f009136
5.4319263,10.067326,mount,Mouse630_20181025_18-44-29_01807-21458,Mouse630_20181025_18-44-29_01807-21458_f009168
5.0756655,10.129296,mount,Mouse630_20181025_18-44-29_01807-21458,Mouse630_20181025_18-44-29_01807-21458_f009184
2.0116012,9.141107,mount,Mouse630_20181025_18-44-29_01807-21458,Mouse630_20181025_18-44-29_01807-21458_f009328
8.372071,9.997977,investigation,Mouse630_20181025_18-44-29_01807-21458,Mouse630_20181025_18-44-29_01807-21458_f009584
11.3574295,6.5490127,mount,Mouse630_20181025_18-44-29_01807-21458,Mouse630_20181025_18-44-29_01807-21458_f010224
11.420155,6.310172,mount,Mouse630_20181025_18-44-29_01807-21458,Mouse630_20181025_18-44-29_01807-21458_f010288
13.639002,6.0962353,mount,Mouse630_20181025_18-44-29_01807-21458,Mouse630_20181025_18-44-29_01807-21458_f010544
11.769257,4.2758164,mount,Mouse630_20181025_18-44-29_01807-21458,Mouse630_20181025_18-44-29_01807-21458_f010624
2.4542346,5.8899875,mount,Mouse630_20181025_18-44-29_01807-21458,Mouse630_20181025_18-44-29_01807-21458_f011088
-0.16611966,2.694375,mount,Mouse630_20181025_18-44-29_01807-21458,Mouse630_20181025_18-44-29_01807-21458_f011264
7.7586927,6.962928,mount,Mouse630_20181025_18-44-29_01807-21458,Mouse630_20181025_18-44-29_01807-21458_f011536
6.2933416,7.9528036,mount,Mouse630_20181025_18-44-29_01807-21458,Mouse630_20181025_18-44-29_01807-21458_f011552
12.1997595,11.552613,mount,Mouse630_20181025_18-44-29_01807-21458,Mouse630_20181025_18-44-29_01807-21458_f011712
10.016065,4.2617645,other,Mouse630_20181025_18-44-29_01807-21458,Mouse630_20181025_18-44-29_01807-21458_f012128
16.347132,0.37968427,mount,Mouse630_20181025_18-44-29_01807-21458,Mouse630_20181025_18-44-29_01807-21458_f012240
17.660412,-0.6353443,mount,Mouse630_20181025_18-44-29_01807-21458,Mouse630_20181025_18-44-29_01807-21458_f012288
16.322603,-2.04732,mount,Mouse630_20181025_18-44-29_01807-21458,Mouse630_20181025_18-44-29_01807-21458_f012320
14.125201,-2.4805615,mount,Mouse630_20181025_18-44-29_01807-21458,Mouse630_20181025_18-44-29_01807-21458_f012336
13.459804,-2.8185515,mount,Mouse630_20181025_18-44-29_01807-21458,Mouse630_20181025_18-44-29_01807-21458_f012352
15.313659,-0.6227748,mount,Mouse630_20181025_18-44-29_01807-21458,Mouse630_20181025_18-44-29_01807-21458_f012464
1.3822701,-0.115209445,other,Mouse630_20181025_18-44-29_01807-21458,Mouse630_20181025_18-44-29_01807-21458_f012960
21.47869,6.5142813,other,Mouse630_20181025_18-44-29_01807-21458,Mouse630_20181025_18-44-29_01807-21458_f013632
7.6751423,6.6121254,mount,Mouse630_20181025_18-44-29_01807-21458,Mouse630_20181025_18-44-29_01807-21458_f014048
0.42335573,4.432203,mount,Mouse630_20181025_18-44-29_01807-21458,Mouse630_20181025_18-44-29_01807-21458_f014192
-1.5469457,3.5923297,mount,Mouse630_20181025_18-44-29_01807-21458,Mouse630_20181025_18-44-29_01807-21458_f014208
0.6083007,4.0074773,mount,Mouse630_20181025_18-44-29_01807-21458,Mouse630_20181025_18-44-29_01807-21458_f014256
0.8660944,3.7723212,mount,Mouse630_20181025_18-44-29_01807-21458,Mouse630_20181025_18-44-29_01807-21458_f014304
10.306744,5.153768,other,Mouse630_20181025_18-44-29_01807-21458,Mouse630_20181025_18-44-29_01807-21458_f014368
12.752656,-3.903144,other,Mouse630_20181025_18-44-29_01807-21458,Mouse630_20181025_18-44-29_01807-21458_f014656
8.330531,7.086183,mount,Mouse630_20181025_18-44-29_01807-21458,Mouse630_20181025_18-44-29_01807-21458_f014816
9.424422,7.561885,mount,Mouse630_20181025_18-44-29_01807-21458,Mouse630_20181025_18-44-29_01807-21458_f014880
11.417351,7.1085353,mount,Mouse630_20181025_18-44-29_01807-21458,Mouse630_20181025_18-44-29_01807-21458_f014960
10.104108,6.9257436,mount,Mouse630_20181025_18-44-29_01807-21458,Mouse630_20181025_18-44-29_01807-21458_f015024
8.853802,4.9569144,mount,Mouse630_20181025_18-44-29_01807-21458,Mouse630_20181025_18-44-29_01807-21458_f015056
10.089434,4.9293656,mount,Mouse630_20181025_18-44-29_01807-21458,Mouse630_20181025_18-44-29_01807-21458_f015072
10.80059,5.757875,mount,Mouse630_20181025_18-44-29_01807-21458,Mouse630_20181025_18-44-29_01807-21458_f015120
7.56965,5.4937286,mount,Mouse630_20181025_18-44-29_01807-21458,Mouse630_20181025_18-44-29_01807-21458_f015168
2.3816805,-1.0675757,mount,Mouse630_20181025_18-44-29_01807-21458,Mouse630_20181025_18-44-29_01807-21458_f015488
0.51101595,-1.3184662,mount,Mouse630_20181025_18-44-29_01807-21458,Mouse630_20181025_18-44-29_01807-21458_f015504
-2.5525935,-0.6484794,investigation,Mouse630_20181025_18-44-29_01807-21458,Mouse630_20181025_18-44-29_01807-21458_f015568
5.211751,-0.42038968,other,Mouse630_20181025_18-44-29_01807-21458,Mouse630_20181025_18-44-29_01807-21458_f015760
-4.1662254,5.670412,mount,Mouse630_20181025_18-44-29_01807-21458,Mouse630_20181025_18-44-29_01807-21458_f015984
2.1174102,3.0848644,mount,Mouse630_20181025_18-44-29_01807-21458,Mouse630_20181025_18-44-29_01807-21458_f016112
2.1831782,4.3377595,mount,Mouse630_20181025_18-44-29_01807-21458,Mouse630_20181025_18-44-29_01807-21458_f016128
5.52442,6.3144407,mount,Mouse630_20181025_18-44-29_01807-21458,Mouse630_20181025_18-44-29_01807-21458_f016320
5.186456,5.930415,mount,Mouse630_20181025_18-44-29_01807-21458,Mouse630_20181025_18-44-29_01807-21458_f016336
5.2293468,6.3728104,mount,Mouse630_20181025_18-44-29_01807-21458,Mouse630_20181025_18-44-29_01807-21458_f016352
4.6617465,8.034521,mount,Mouse630_20181025_18-44-29_01807-21458,Mouse630_20181025_18-44-29_01807-21458_f016432
6.202666,8.519715,mount,Mouse630_20181025_18-44-29_01807-21458,Mouse630_20181025_18-44-29_01807-21458_f016464
7.320043,9.246866,other,Mouse630_20181025_18-44-29_01807-21458,Mouse630_20181025_18-44-29_01807-21458_f016480
13.174628,0.70685494,mount,Mouse630_20181025_18-44-29_01807-21458,Mouse630_20181025_18-44-29_01807-21458_f016768
16.414131,1.7770071,mount,Mouse630_20181025_18-44-29_01807-21458,Mouse630_20181025_18-44-29_01807-21458_f016912
17.512571,2.1068733,mount,Mouse630_20181025_18-44-29_01807-21458,Mouse630_20181025_18-44-29_01807-21458_f017888
17.546417,3.8379352,mount,Mouse630_20181025_18-44-29_01807-21458,Mouse630_20181025_18-44-29_01807-21458_f017904
17.596577,7.446184,mount,Mouse630_20181025_18-44-29_01807-21458,Mouse630_20181025_18-44-29_01807-21458_f018016
18.552902,7.909922,mount,Mouse630_20181025_18-44-29_01807-21458,Mouse630_20181025_18-44-29_01807-21458_f018064
11.892043,5.7275276,other,Mouse630_20181025_18-44-29_01807-21458,Mouse630_20181025_18-44-29_01807-21458_f018368
-14.485291,-6.940684,mount,Mouse630_20181025_18-44-29_01807-21458,Mouse630_20181025_18-44-29_01807-21458_f018704
-22.583408,-7.5068398,mount,Mouse630_20181025_18-44-29_01807-21458,Mouse630_20181025_18-44-29_01807-21458_f018736
17.944048,8.382473,mount,Mouse630_20181025_18-44-29_01807-21458,Mouse630_20181025_18-44-29_01807-21458_f018832
17.493433,8.42696,mount,Mouse630_20181025_18-44-29_01807-21458,Mouse630_20181025_18-44-29_01807-21458_f018896
15.790959,7.860118,mount,Mouse630_20181025_18-44-29_01807-21458,Mouse630_20181025_18-44-29_01807-21458_f018912
13.065605,7.183593,mount,Mouse630_20181025_18-44-29_01807-21458,Mouse630_20181025_18-44-29_01807-21458_f019008
13.278855,7.883215,mount,Mouse630_20181025_18-44-29_01807-21458,Mouse630_20181025_18-44-29_01807-21458_f019040
13.353029,6.349034,mount,Mouse630_20181025_18-44-29_01807-21458,Mouse630_20181025_18-44-29_01807-21458_f019104
12.14961,6.594172,mount,Mouse630_20181025_18-44-29_01807-21458,Mouse630_20181025_18-44-29_01807-21458_f019120
12.606121,7.7193108,investigation,Mouse630_20181025_18-44-29_01807-21458,Mouse630_20181025_18-44-29_01807-21458_f019552
20.601551,2.8331897,investigation,Mouse630_20181025_18-44-29_21460-30528,Mouse630_20181025_18-44-29_21460-30528_f000000
14.145086,0.7017361,investigation,Mouse630_20181025_18-44-29_21460-30528,Mouse630_20181025_18-44-29_21460-30528_f000016
9.874872,-1.8724879,mount,Mouse630_20181025_18-44-29_21460-30528,Mouse630_20181025_18-44-29_21460-30528_f000064
-0.9724313,-4.775167,investigation,Mouse630_20181025_18-44-29_21460-30528,Mouse630_20181025_18-44-29_21460-30528_f000208
10.305229,-1.6307987,mount,Mouse630_20181025_18-44-29_21460-30528,Mouse630_20181025_18-44-29_21460-30528_f000240
6.1799464,-2.033704,mount,Mouse630_20181025_18-44-29_21460-30528,Mouse630_20181025_18-44-29_21460-30528_f000352
-0.7250184,5.02617,mount,Mouse630_20181025_18-44-29_21460-30528,Mouse630_20181025_18-44-29_21460-30528_f000640
-3.0587678,6.098673,mount,Mouse630_20181025_18-44-29_21460-30528,Mouse630_20181025_18-44-29_21460-30528_f000720
-1.7438446,5.2913523,mount,Mouse630_20181025_18-44-29_21460-30528,Mouse630_20181025_18-44-29_21460-30528_f000784
10.928057,6.1621814,mount,Mouse630_20181025_18-44-29_21460-30528,Mouse630_20181025_18-44-29_21460-30528_f000896
9.439463,6.0296702,mount,Mouse630_20181025_18-44-29_21460-30528,Mouse630_20181025_18-44-29_21460-30528_f000912
9.499811,7.4229684,mount,Mouse630_20181025_18-44-29_21460-30528,Mouse630_20181025_18-44-29_21460-30528_f000992
-1.0326508,-4.8811574,investigation,Mouse630_20181025_18-44-29_21460-30528,Mouse630_20181025_18-44-29_21460-30528_f001280
-1.948551,-5.224137,mount,Mouse630_20181025_18-44-29_21460-30528,Mouse630_20181025_18-44-29_21460-30528_f001408
2.169313,-1.5626242,mount,Mouse630_20181025_18-44-29_21460-30528,Mouse630_20181025_18-44-29_21460-30528_f001424
-0.5251553,-5.433231,mount,Mouse630_20181025_18-44-29_21460-30528,Mouse630_20181025_18-44-29_21460-30528_f001504
-8.050619,-7.360894,mount,Mouse630_20181025_18-44-29_21460-30528,Mouse630_20181025_18-44-29_21460-30528_f001648
5.422618,-1.261589,other,Mouse630_20181025_18-44-29_21460-30528,Mouse630_20181025_18-44-29_21460-30528_f001760
8.637241,-2.7223926,mount,Mouse630_20181025_18-44-29_21460-30528,Mouse630_20181025_18-44-29_21460-30528_f001984
7.232669,-4.8326306,mount,Mouse630_20181025_18-44-29_21460-30528,Mouse630_20181025_18-44-29_21460-30528_f002032
1.210405,-8.111843,mount,Mouse630_20181025_18-44-29_21460-30528,Mouse630_20181025_18-44-29_21460-30528_f002336
-2.4076965,-7.463287,mount,Mouse630_20181025_18-44-29_21460-30528,Mouse630_20181025_18-44-29_21460-30528_f002416
-1.1947076,-6.752489,mount,Mouse630_20181025_18-44-29_21460-30528,Mouse630_20181025_18-44-29_21460-30528_f002432
8.135203,3.542152,other,Mouse630_20181025_18-44-29_21460-30528,Mouse630_20181025_18-44-29_21460-30528_f002976
7.4137526,3.4499679,mount,Mouse630_20181025_18-44-29_21460-30528,Mouse630_20181025_18-44-29_21460-30528_f003584
7.33067,3.174525,mount,Mouse630_20181025_18-44-29_21460-30528,Mouse630_20181025_18-44-29_21460-30528_f003600
6.735262,3.0371273,mount,Mouse630_20181025_18-44-29_21460-30528,Mouse630_20181025_18-44-29_21460-30528_f003632
5.242072,0.6376112,mount,Mouse630_20181025_18-44-29_21460-30528,Mouse630_20181025_18-44-29_21460-30528_f003680
0.13483803,-1.4093925,mount,Mouse630_20181025_18-44-29_21460-30528,Mouse630_20181025_18-44-29_21460-30528_f003792
1.085051,-0.9288303,mount,Mouse630_20181025_18-44-29_21460-30528,Mouse630_20181025_18-44-29_21460-30528_f003808
-0.8972132,-2.4556463,mount,Mouse630_20181025_18-44-29_21460-30528,Mouse630_20181025_18-44-29_21460-30528_f003840
-0.6371862,-0.9377939,mount,Mouse630_20181025_18-44-29_21460-30528,Mouse630_20181025_18-44-29_21460-30528_f003856
20.918407,3.095869,investigation,Mouse630_20181025_18-44-29_21460-30528,Mouse630_20181025_18-44-29_21460-30528_f004272
15.796306,-2.9460673,mount,Mouse630_20181025_18-44-29_21460-30528,Mouse630_20181025_18-44-29_21460-30528_f004416
16.923105,-2.5279548,mount,Mouse630_20181025_18-44-29_21460-30528,Mouse630_20181025_18-44-29_21460-30528_f004448
14.490544,-0.91157264,mount,Mouse630_20181025_18-44-29_21460-30528,Mouse630_20181025_18-44-29_21460-30528_f004544
16.983751,-1.0364662,mount,Mouse630_20181025_18-44-29_21460-30528,Mouse630_20181025_18-44-29_21460-30528_f004560
21.291864,2.9293506,mount,Mouse630_20181025_18-44-29_21460-30528,Mouse630_20181025_18-44-29_21460-30528_f004656
8.069515,-2.6474926,other,Mouse630_20181025_18-44-29_21460-30528,Mouse630_20181025_18-44-29_21460-30528_f004784
14.174498,5.7791214,other,Mouse630_20181025_18-44-29_21460-30528,Mouse630_20181025_18-44-29_21460-30528_f004960
7.484293,3.4016235,mount,Mouse630_20181025_18-44-29_21460-30528,Mouse630_20181025_18-44-29_21460-30528_f005168
8.408359,0.068057075,mount,Mouse630_20181025_18-44-29_21460-30528,Mouse630_20181025_18-44-29_21460-30528_f005280
9.616917,2.230338,mount,Mouse630_20181025_18-44-29_21460-30528,Mouse630_20181025_18-44-29_21460-30528_f005296
8.4136715,0.8405469,mount,Mouse630_20181025_18-44-29_21460-30528,Mouse630_20181025_18-44-29_21460-30528_f005328
7.9598436,0.47522375,mount,Mouse630_20181025_18-44-29_21460-30528,Mouse630_20181025_18-44-29_21460-30528_f005360
9.272115,-5.753496,mount,Mouse630_20181025_18-44-29_21460-30528,Mouse630_20181025_18-44-29_21460-30528_f005488
10.309315,7.633481,mount,Mouse630_20181025_18-44-29_21460-30528,Mouse630_20181025_18-44-29_21460-30528_f006496
16.061306,10.762112,mount,Mouse630_20181025_18-44-29_21460-30528,Mouse630_20181025_18-44-29_21460-30528_f006528
13.800736,10.104231,mount,Mouse630_20181025_18-44-29_21460-30528,Mouse630_20181025_18-44-29_21460-30528_f006640
10.197086,11.186455,mount,Mouse630_20181025_18-44-29_21460-30528,Mouse630_20181025_18-44-29_21460-30528_f006720
4.0141735,9.084739,mount,Mouse630_20181025_18-44-29_21460-30528,Mouse630_20181025_18-44-29_21460-30528_f006768
18.89592,11.635226,other,Mouse630_20181025_18-44-29_21460-30528,Mouse630_20181025_18-44-29_21460-30528_f007040
9.237621,7.7746434,other,Mouse630_20181025_18-44-29_21460-30528,Mouse630_20181025_18-44-29_21460-30528_f007120
-0.91082025,5.0012307,mount,Mouse630_20181025_18-44-29_21460-30528,Mouse630_20181025_18-44-29_21460-30528_f007440
12.788534,2.5933743,mount,Mouse630_20181025_18-44-29_21460-30528,Mouse630_20181025_18-44-29_21460-30528_f007744
11.209116,-1.353941,mount,Mouse630_20181025_18-44-29_21460-30528,Mouse630_20181025_18-44-29_21460-30528_f007936
11.663439,-1.2018481,mount,Mouse630_20181025_18-44-29_21460-30528,Mouse630_20181025_18-44-29_21460-30528_f008048
10.778681,-1.8141245,mount,Mouse630_20181025_18-44-29_21460-30528,Mouse630_20181025_18-44-29_21460-30528_f008176
8.25027,-4.9284735,mount,Mouse630_20181025_18-44-29_21460-30528,Mouse630_20181025_18-44-29_21460-30528_f008208
9.00534,11.1078205,investigation,Mouse630_20181025_18-44-29_21460-30528,Mouse630_20181025_18-44-29_21460-30528_f008912
5.590959,-18.327454,investigation,Mouse835-female_20200325_18-28-49_10767-24391,Mouse835-female_20200325_18-28-49_10767-24391_f000096
7.8628993,-17.40355,investigation,Mouse835-female_20200325_18-28-49_10767-24391,Mouse835-female_20200325_18-28-49_10767-24391_f000112
24.19598,-13.687374,investigation,Mouse835-female_20200325_18-28-49_10767-24391,Mouse835-female_20200325_18-28-49_10767-24391_f000160
15.98575,-13.6639385,investigation,Mouse835-female_20200325_18-28-49_10767-24391,Mouse835-female_20200325_18-28-49_10767-24391_f000272
18.297718,-8.650813,investigation,Mouse835-female_20200325_18-28-49_10767-24391,Mouse835-female_20200325_18-28-49_10767-24391_f000352
11.725388,-15.541205,investigation,Mouse835-female_20200325_18-28-49_10767-24391,Mouse835-female_20200325_18-28-49_10767-24391_f000384
28.69969,-11.747661,investigation,Mouse835-female_20200325_18-28-49_10767-24391,Mouse835-female_20200325_18-28-49_10767-24391_f000704
10.834795,-11.210759,investigation,Mouse835-female_20200325_18-28-49_10767-24391,Mouse835-female_20200325_18-28-49_10767-24391_f000864
9.863709,-13.698624,investigation,Mouse835-female_20200325_18-28-49_10767-24391,Mouse835-female_20200325_18-28-49_10767-24391_f000912
11.215757,-15.200842,other,Mouse835-female_20200325_18-28-49_10767-24391,Mouse835-female_20200325_18-28-49_10767-24391_f001008
8.331596,-17.644423,other,Mouse835-female_20200325_18-28-49_10767-24391,Mouse835-female_20200325_18-28-49_10767-24391_f001040
8.627525,-19.125505,investigation,Mouse835-female_20200325_18-28-49_10767-24391,Mouse835-female_20200325_18-28-49_10767-24391_f001424
14.484637,-15.238786,other,Mouse835-female_20200325_18-28-49_10767-24391,Mouse835-female_20200325_18-28-49_10767-24391_f001616
6.728127,-19.566042,other,Mouse835-female_20200325_18-28-49_10767-24391,Mouse835-female_20200325_18-28-49_10767-24391_f001696
16.024393,-8.056662,investigation,Mouse835-female_20200325_18-28-49_10767-24391,Mouse835-female_20200325_18-28-49_10767-24391_f001888
11.403481,-14.389881,other,Mouse835-female_20200325_18-28-49_10767-24391,Mouse835-female_20200325_18-28-49_10767-24391_f002208
21.244762,-9.535012,investigation,Mouse835-female_20200325_18-28-49_10767-24391,Mouse835-female_20200325_18-28-49_10767-24391_f002288
6.8054414,-13.475322,investigation,Mouse835-female_20200325_18-28-49_10767-24391,Mouse835-female_20200325_18-28-49_10767-24391_f002528
13.509398,-17.765654,investigation,Mouse835-female_20200325_18-28-49_10767-24391,Mouse835-female_20200325_18-28-49_10767-24391_f002864
17.198145,-6.714774,investigation,Mouse835-female_20200325_18-28-49_10767-24391,Mouse835-female_20200325_18-28-49_10767-24391_f003344
17.757116,-7.6673965,investigation,Mouse835-female_20200325_18-28-49_10767-24391,Mouse835-female_20200325_18-28-49_10767-24391_f003360
-4.124645,-18.365774,investigation,Mouse835-female_20200325_18-28-49_10767-24391,Mouse835-female_20200325_18-28-49_10767-24391_f003424
-2.2106588,-19.04543,investigation,Mouse835-female_20200325_18-28-49_10767-24391,Mouse835-female_20200325_18-28-49_10767-24391_f003440
20.403845,-14.450589,other,Mouse835-female_20200325_18-28-49_10767-24391,Mouse835-female_20200325_18-28-49_10767-24391_f004096
8.134537,-20.606365,other,Mouse835-female_20200325_18-28-49_10767-24391,Mouse835-female_20200325_18-28-49_10767-24391_f004128
6.0868297,-20.602245,investigation,Mouse835-female_20200325_18-28-49_10767-24391,Mouse835-female_20200325_18-28-49_10767-24391_f004192
18.143215,-18.285862,other,Mouse835-female_20200325_18-28-49_10767-24391,Mouse835-female_20200325_18-28-49_10767-24391_f004336
6.380773,-23.389393,other,Mouse835-female_20200325_18-28-49_10767-24391,Mouse835-female_20200325_18-28-49_10767-24391_f004416
14.009418,-10.941756,other,Mouse835-female_20200325_18-28-49_10767-24391,Mouse835-female_20200325_18-28-49_10767-24391_f004576
16.398764,-6.0180492,investigation,Mouse835-female_20200325_18-28-49_10767-24391,Mouse835-female_20200325_18-28-49_10767-24391_f004608
11.986775,-17.70418,other,Mouse835-female_20200325_18-28-49_10767-24391,Mouse835-female_20200325_18-28-49_10767-24391_f005808
11.588231,-12.427689,other,Mouse835-female_20200325_18-28-49_10767-24391,Mouse835-female_20200325_18-28-49_10767-24391_f005952
9.891174,-14.842535,investigation,Mouse835-female_20200325_18-28-49_10767-24391,Mouse835-female_20200325_18-28-49_10767-24391_f006032
6.7144127,-16.313274,investigation,Mouse835-female_20200325_18-28-49_10767-24391,Mouse835-female_20200325_18-28-49_10767-24391_f006048
12.305674,-10.786839,investigation,Mouse835-female_20200325_18-28-49_10767-24391,Mouse835-female_20200325_18-28-49_10767-24391_f006128
10.159474,-12.998046,investigation,Mouse835-female_20200325_18-28-49_10767-24391,Mouse835-female_20200325_18-28-49_10767-24391_f006224
5.1648393,-15.125892,investigation,Mouse835-female_20200325_18-28-49_10767-24391,Mouse835-female_20200325_18-28-49_10767-24391_f006448
7.76055,-14.348953,mount,Mouse835-female_20200325_18-28-49_10767-24391,Mouse835-female_20200325_18-28-49_10767-24391_f007392
5.8421917,-14.9342985,mount,Mouse835-female_20200325_18-28-49_10767-24391,Mouse835-female_20200325_18-28-49_10767-24391_f007408
5.137734,-16.436085,mount,Mouse835-female_20200325_18-28-49_10767-24391,Mouse835-female_20200325_18-28-49_10767-24391_f007424
4.9650817,-14.215003,mount,Mouse835-female_20200325_18-28-49_10767-24391,Mouse835-female_20200325_18-28-49_10767-24391_f007456
6.0656495,-14.779379,mount,Mouse835-female_20200325_18-28-49_10767-24391,Mouse835-female_20200325_18-28-49_10767-24391_f007504
4.043829,-18.728956,mount,Mouse835-female_20200325_18-28-49_10767-24391,Mouse835-female_20200325_18-28-49_10767-24391_f007648
15.066272,-14.329077,mount,Mouse835-female_20200325_18-28-49_10767-24391,Mouse835-female_20200325_18-28-49_10767-24391_f008160
14.199723,-15.56817,mount,Mouse835-female_20200325_18-28-49_10767-24391,Mouse835-female_20200325_18-28-49_10767-24391_f008288
14.416579,-15.232317,mount,Mouse835-female_20200325_18-28-49_10767-24391,Mouse835-female_20200325_18-28-49_10767-24391_f008304
14.625482,-13.712237,mount,Mouse835-female_20200325_18-28-49_10767-24391,Mouse835-female_20200325_18-28-49_10767-24391_f008384
14.373011,-13.3158,mount,Mouse835-female_20200325_18-28-49_10767-24391,Mouse835-female_20200325_18-28-49_10767-24391_f008544
15.31241,-13.931603,mount,Mouse835-female_20200325_18-28-49_10767-24391,Mouse835-female_20200325_18-28-49_10767-24391_f008640
12.922149,-13.636184,mount,Mouse835-female_20200325_18-28-49_10767-24391,Mouse835-female_20200325_18-28-49_10767-24391_f008736
15.094785,-15.484788,mount,Mouse835-female_20200325_18-28-49_10767-24391,Mouse835-female_20200325_18-28-49_10767-24391_f008768
4.018556,-18.682882,other,Mouse835-female_20200325_18-28-49_10767-24391,Mouse835-female_20200325_18-28-49_10767-24391_f009120
8.14353,-20.345068,other,Mouse835-female_20200325_18-28-49_10767-24391,Mouse835-female_20200325_18-28-49_10767-24391_f009744
7.102777,-20.026081,other,Mouse835-female_20200325_18-28-49_10767-24391,Mouse835-female_20200325_18-28-49_10767-24391_f009760
16.9066,-8.95373,other,Mouse835-female_20200325_18-28-49_10767-24391,Mouse835-female_20200325_18-28-49_10767-24391_f010368
10.569087,-20.296225,other,Mouse835-female_20200325_18-28-49_10767-24391,Mouse835-female_20200325_18-28-49_10767-24391_f010624
14.591121,-12.182713,other,Mouse835-female_20200325_18-28-49_10767-24391,Mouse835-female_20200325_18-28-49_10767-24391_f010720
-1.2526194,-23.58819,mount,Mouse835-female_20200325_18-28-49_10767-24391,Mouse835-female_20200325_18-28-49_10767-24391_f010912
20.331245,-12.331454,mount,Mouse835-female_20200325_18-28-49_10767-24391,Mouse835-female_20200325_18-28-49_10767-24391_f011200
21.705578,-10.8160715,mount,Mouse835-female_20200325_18-28-49_10767-24391,Mouse835-female_20200325_18-28-49_10767-24391_f011216
23.512005,-9.504468,mount,Mouse835-female_20200325_18-28-49_10767-24391,Mouse835-female_20200325_18-28-49_10767-24391_f011280
23.483025,-9.269301,mount,Mouse835-female_20200325_18-28-49_10767-24391,Mouse835-female_20200325_18-28-49_10767-24391_f011408
24.233522,-8.474407,mount,Mouse835-female_20200325_18-28-49_10767-24391,Mouse835-female_20200325_18-28-49_10767-24391_f011424
22.362186,-12.813457,mount,Mouse835-female_20200325_18-28-49_10767-24391,Mouse835-female_20200325_18-28-49_10767-24391_f011760
22.085886,-12.561757,mount,Mouse835-female_20200325_18-28-49_10767-24391,Mouse835-female_20200325_18-28-49_10767-24391_f011792
23.138931,-11.269937,mount,Mouse835-female_20200325_18-28-49_10767-24391,Mouse835-female_20200325_18-28-49_10767-24391_f011952
16.873493,-9.220098,investigation,Mouse835-female_20200325_18-28-49_10767-24391,Mouse835-female_20200325_18-28-49_10767-24391_f012480
16.314398,-5.174165,mount,Mouse835-female_20200325_18-28-49_10767-24391,Mouse835-female_20200325_18-28-49_10767-24391_f012576
14.818624,-7.425584,mount,Mouse835-female_20200325_18-28-49_10767-24391,Mouse835-female_20200325_18-28-49_10767-24391_f012592
17.350754,-7.548698,mount,Mouse835-female_20200325_18-28-49_10767-24391,Mouse835-female_20200325_18-28-49_10767-24391_f012816
17.003414,-8.389372,mount,Mouse835-female_20200325_18-28-49_10767-24391,Mouse835-female_20200325_18-28-49_10767-24391_f012832
16.903406,-9.467321,mount,Mouse835-female_20200325_18-28-49_10767-24391,Mouse835-female_20200325_18-28-49_10767-24391_f012880
16.84628,-8.848326,mount,Mouse835-female_20200325_18-28-49_10767-24391,Mouse835-female_20200325_18-28-49_10767-24391_f012896
17.22169,-8.654914,mount,Mouse835-female_20200325_18-28-49_10767-24391,Mouse835-female_20200325_18-28-49_10767-24391_f012912
18.448093,-8.242545,other,Mouse835-female_20200325_18-28-49_10767-24391,Mouse835-female_20200325_18-28-49_10767-24391_f012976
7.754583,-19.672745,other,Mouse835-female_20200325_18-28-49_10767-24391,Mouse835-female_20200325_18-28-49_10767-24391_f013440
8.453621,-20.153355,other,Mouse835-female_20200325_18-28-49_10767-24391,Mouse835-female_20200325_18-28-49_10767-24391_f013520
18.096838,-15.489748,other,Mouse836-female_20200322_19-33-17_00957-13323,Mouse836-female_20200322_19-33-17_00957-13323_f000032
14.447684,-15.03342,investigation,Mouse836-female_20200322_19-33-17_00957-13323,Mouse836-female_20200322_19-33-17_00957-13323_f000656
16.114687,-13.21673,investigation,Mouse836-female_20200322_19-33-17_00957-13323,Mouse836-female_20200322_19-33-17_00957-13323_f000720
12.458887,-15.740088,investigation,Mouse836-female_20200322_19-33-17_00957-13323,Mouse836-female_20200322_19-33-17_00957-13323_f000752
9.662699,-16.506237,investigation,Mouse836-female_20200322_19-33-17_00957-13323,Mouse836-female_20200322_19-33-17_00957-13323_f000768
24.105387,-11.4665365,investigation,Mouse836-female_20200322_19-33-17_00957-13323,Mouse836-female_20200322_19-33-17_00957-13323_f001136
18.179083,-8.60024,investigation,Mouse836-female_20200322_19-33-17_00957-13323,Mouse836-female_20200322_19-33-17_00957-13323_f001232
18.209826,-6.9655814,investigation,Mouse836-female_20200322_19-33-17_00957-13323,Mouse836-female_20200322_19-33-17_00957-13323_f001264
9.171817,-18.732994,investigation,Mouse836-female_20200322_19-33-17_00957-13323,Mouse836-female_20200322_19-33-17_00957-13323_f001392
14.200787,-16.72993,investigation,Mouse836-female_20200322_19-33-17_00957-13323,Mouse836-female_20200322_19-33-17_00957-13323_f001424
18.14314,-5.0671463,investigation,Mouse836-female_20200322_19-33-17_00957-13323,Mouse836-female_20200322_19-33-17_00957-13323_f001600
18.098835,-12.046718,investigation,Mouse836-female_20200322_19-33-17_00957-13323,Mouse836-female_20200322_19-33-17_00957-13323_f001760
9.546631,-20.4228,investigation,Mouse836-female_20200322_19-33-17_00957-13323,Mouse836-female_20200322_19-33-17_00957-13323_f001840
4.8889403,-12.925038,investigation,Mouse836-female_20200322_19-33-17_00957-13323,Mouse836-female_20200322_19-33-17_00957-13323_f001968
5.8339267,-21.117495,investigation,Mouse836-female_20200322_19-33-17_00957-13323,Mouse836-female_20200322_19-33-17_00957-13323_f002288
9.409262,-18.111044,other,Mouse836-female_20200322_19-33-17_00957-13323,Mouse836-female_20200322_19-33-17_00957-13323_f002544
10.657698,-16.67938,investigation,Mouse836-female_20200322_19-33-17_00957-13323,Mouse836-female_20200322_19-33-17_00957-13323_f002688
12.268841,-16.79505,investigation,Mouse836-female_20200322_19-33-17_00957-13323,Mouse836-female_20200322_19-33-17_00957-13323_f002784
17.417759,-18.062857,investigation,Mouse836-female_20200322_19-33-17_00957-13323,Mouse836-female_20200322_19-33-17_00957-13323_f002864
10.193248,-13.986558,investigation,Mouse836-female_20200322_19-33-17_00957-13323,Mouse836-female_20200322_19-33-17_00957-13323_f002960
8.216068,-19.463223,investigation,Mouse836-female_20200322_19-33-17_00957-13323,Mouse836-female_20200322_19-33-17_00957-13323_f003072
10.865549,-17.463488,investigation,Mouse836-female_20200322_19-33-17_00957-13323,Mouse836-female_20200322_19-33-17_00957-13323_f003408
6.4069743,-22.969332,investigation,Mouse836-female_20200322_19-33-17_00957-13323,Mouse836-female_20200322_19-33-17_00957-13323_f003456
13.580317,-19.11236,investigation,Mouse836-female_20200322_19-33-17_00957-13323,Mouse836-female_20200322_19-33-17_00957-13323_f003472
4.016929,-20.925655,investigation,Mouse836-female_20200322_19-33-17_00957-13323,Mouse836-female_20200322_19-33-17_00957-13323_f003856
2.188006,-23.96668,investigation,Mouse836-female_20200322_19-33-17_00957-13323,Mouse836-female_20200322_19-33-17_00957-13323_f003984
19.23398,-6.368541,investigation,Mouse836-female_20200322_19-33-17_00957-13323,Mouse836-female_20200322_19-33-17_00957-13323_f004432
6.4422584,-18.072721,investigation,Mouse836-female_20200322_19-33-17_00957-13323,Mouse836-female_20200322_19-33-17_00957-13323_f004496
5.9067326,-18.2905,investigation,Mouse836-female_20200322_19-33-17_00957-13323,Mouse836-female_20200322_19-33-17_00957-13323_f004512
13.184019,-14.556601,investigation,Mouse836-female_20200322_19-33-17_00957-13323,Mouse836-female_20200322_19-33-17_00957-13323_f004592
11.712642,-19.864801,investigation,Mouse836-female_20200322_19-33-17_00957-13323,Mouse836-female_20200322_19-33-17_00957-13323_f004704
13.136022,-16.32272,investigation,Mouse836-female_20200322_19-33-17_00957-13323,Mouse836-female_20200322_19-33-17_00957-13323_f004752
11.691418,-15.115774,investigation,Mouse836-female_20200322_19-33-17_00957-13323,Mouse836-female_20200322_19-33-17_00957-13323_f004944
13.252905,-10.766392,investigation,Mouse836-female_20200322_19-33-17_00957-13323,Mouse836-female_20200322_19-33-17_00957-13323_f004992
19.175053,-12.841291,investigation,Mouse836-female_20200322_19-33-17_00957-13323,Mouse836-female_20200322_19-33-17_00957-13323_f005072
12.220022,-16.25748,investigation,Mouse836-female_20200322_19-33-17_00957-13323,Mouse836-female_20200322_19-33-17_00957-13323_f005152
17.071705,-14.024391,investigation,Mouse836-female_20200322_19-33-17_00957-13323,Mouse836-female_20200322_19-33-17_00957-13323_f005184
9.255847,-9.853327,investigation,Mouse836-female_20200322_19-33-17_00957-13323,Mouse836-female_20200322_19-33-17_00957-13323_f005584
23.963924,-13.674112,investigation,Mouse836-female_20200322_19-33-17_00957-13323,Mouse836-female_20200322_19-33-17_00957-13323_f005648
13.174931,-16.216646,investigation,Mouse836-female_20200322_19-33-17_00957-13323,Mouse836-female_20200322_19-33-17_00957-13323_f005952
8.3529215,-21.407803,mount,Mouse836-female_20200322_19-33-17_00957-13323,Mouse836-female_20200322_19-33-17_00957-13323_f006192
12.478807,-18.100567,investigation,Mouse836-female_20200322_19-33-17_00957-13323,Mouse836-female_20200322_19-33-17_00957-13323_f006368
10.255824,-16.64139,other,Mouse836-female_20200322_19-33-17_00957-13323,Mouse836-female_20200322_19-33-17_00957-13323_f006736
9.608001,-17.643394,other,Mouse836-female_20200322_19-33-17_00957-13323,Mouse836-female_20200322_19-33-17_00957-13323_f007056
2.2302582,-24.581469,other,Mouse836-female_20200322_19-33-17_00957-13323,Mouse836-female_20200322_19-33-17_00957-13323_f007584
-4.7477775,-23.454578,other,Mouse836-female_20200322_19-33-17_00957-13323,Mouse836-female_20200322_19-33-17_00957-13323_f007776
4.794252,-22.941427,other,Mouse836-female_20200322_19-33-17_00957-13323,Mouse836-female_20200322_19-33-17_00957-13323_f008016
2.2261915,-19.482958,other,Mouse836-female_20200322_19-33-17_00957-13323,Mouse836-female_20200322_19-33-17_00957-13323_f008208
8.431295,-19.098589,investigation,Mouse836-female_20200322_19-33-17_00957-13323,Mouse836-female_20200322_19-33-17_00957-13323_f008368
6.730742,-19.591642,investigation,Mouse836-female_20200322_19-33-17_00957-13323,Mouse836-female_20200322_19-33-17_00957-13323_f008432
8.644933,-19.115417,investigation,Mouse836-female_20200322_19-33-17_00957-13323,Mouse836-female_20200322_19-33-17_00957-13323_f008560
8.785046,-13.570511,other,Mouse836-female_20200322_19-33-17_00957-13323,Mouse836-female_20200322_19-33-17_00957-13323_f008624
7.057742,-19.492466,other,Mouse836-female_20200322_19-33-17_00957-13323,Mouse836-female_20200322_19-33-17_00957-13323_f008768
15.141241,-18.654945,other,Mouse836-female_20200322_19-33-17_00957-13323,Mouse836-female_20200322_19-33-17_00957-13323_f008864
7.121832,-18.214893,investigation,Mouse836-female_20200322_19-33-17_00957-13323,Mouse836-female_20200322_19-33-17_00957-13323_f008960
6.6465936,-17.640013,investigation,Mouse836-female_20200322_19-33-17_00957-13323,Mouse836-female_20200322_19-33-17_00957-13323_f009280
12.375638,-18.357403,other,Mouse836-female_20200322_19-33-17_00957-13323,Mouse836-female_20200322_19-33-17_00957-13323_f010432
8.028895,-18.18156,investigation,Mouse836-female_20200322_19-33-17_00957-13323,Mouse836-female_20200322_19-33-17_00957-13323_f010688
14.107261,-15.525673,other,Mouse836-female_20200322_19-33-17_00957-13323,Mouse836-female_20200322_19-33-17_00957-13323_f010864
12.355357,-15.458925,other,Mouse836-female_20200322_19-33-17_00957-13323,Mouse836-female_20200322_19-33-17_00957-13323_f011440
8.575793,-18.622194,investigation,Mouse836-female_20200322_19-33-17_00957-13323,Mouse836-female_20200322_19-33-17_00957-13323_f011776
9.3540945,-18.373075,investigation,Mouse836-female_20200322_19-33-17_00957-13323,Mouse836-female_20200322_19-33-17_00957-13323_f011872
7.873439,-19.126133,investigation,Mouse836-female_20200322_19-33-17_00957-13323,Mouse836-female_20200322_19-33-17_00957-13323_f011952
18.668913,-6.411117,investigation,Mouse836-female_20200322_19-33-17_14594-23870,Mouse836-female_20200322_19-33-17_14594-23870_f000048
17.07048,-12.460252,investigation,Mouse836-female_20200322_19-33-17_14594-23870,Mouse836-female_20200322_19-33-17_14594-23870_f000272
20.198069,-9.751426,investigation,Mouse836-female_20200322_19-33-17_14594-23870,Mouse836-female_20200322_19-33-17_14594-23870_f000384
24.459328,-2.2885513,investigation,Mouse836-female_20200322_19-33-17_14594-23870,Mouse836-female_20200322_19-33-17_14594-23870_f000608
21.837595,-4.961696,investigation,Mouse836-female_20200322_19-33-17_14594-23870,Mouse836-female_20200322_19-33-17_14594-23870_f000624
18.313074,-13.255965,investigation,Mouse836-female_20200322_19-33-17_14594-23870,Mouse836-female_20200322_19-33-17_14594-23870_f000768
4.41743,-22.101908,other,Mouse836-female_20200322_19-33-17_14594-23870,Mouse836-female_20200322_19-33-17_14594-23870_f000832
10.04507,-15.749851,investigation,Mouse836-female_20200322_19-33-17_14594-23870,Mouse836-female_20200322_19-33-17_14594-23870_f001168
19.660166,-14.687643,other,Mouse836-female_20200322_19-33-17_14594-23870,Mouse836-female_20200322_19-33-17_14594-23870_f001536
14.328829,-13.742036,investigation,Mouse836-female_20200322_19-33-17_14594-23870,Mouse836-female_20200322_19-33-17_14594-23870_f001568
11.398927,-10.208726,investigation,Mouse836-female_20200322_19-33-17_14594-23870,Mouse836-female_20200322_19-33-17_14594-23870_f001808
12.423541,-12.031097,investigation,Mouse836-female_20200322_19-33-17_14594-23870,Mouse836-female_20200322_19-33-17_14594-23870_f001872
11.6213255,-12.881126,investigation,Mouse836-female_20200322_19-33-17_14594-23870,Mouse836-female_20200322_19-33-17_14594-23870_f001888
22.113523,-6.507399,investigation,Mouse836-female_20200322_19-33-17_14594-23870,Mouse836-female_20200322_19-33-17_14594-23870_f002016
17.990677,-9.412148,investigation,Mouse836-female_20200322_19-33-17_14594-23870,Mouse836-female_20200322_19-33-17_14594-23870_f002080
20.462595,-6.797167,investigation,Mouse836-female_20200322_19-33-17_14594-23870,Mouse836-female_20200322_19-33-17_14594-23870_f002096
3.0473802,-18.488651,investigation,Mouse836-female_20200322_19-33-17_14594-23870,Mouse836-female_20200322_19-33-17_14594-23870_f002208
6.061321,-16.426472,investigation,Mouse836-female_20200322_19-33-17_14594-23870,Mouse836-female_20200322_19-33-17_14594-23870_f002240
17.728834,-14.831339,investigation,Mouse836-female_20200322_19-33-17_14594-23870,Mouse836-female_20200322_19-33-17_14594-23870_f002432
15.061934,-14.407739,mount,Mouse836-female_20200322_19-33-17_14594-23870,Mouse836-female_20200322_19-33-17_14594-23870_f002480
20.919884,-9.605046,investigation,Mouse836-female_20200322_19-33-17_14594-23870,Mouse836-female_20200322_19-33-17_14594-23870_f002688
16.411793,-11.622822,investigation,Mouse836-female_20200322_19-33-17_14594-23870,Mouse836-female_20200322_19-33-17_14594-23870_f003424
13.943705,-11.539403,investigation,Mouse836-female_20200322_19-33-17_14594-23870,Mouse836-female_20200322_19-33-17_14594-23870_f003472
12.330706,-11.78859,investigation,Mouse836-female_20200322_19-33-17_14594-23870,Mouse836-female_20200322_19-33-17_14594-23870_f003504
16.001537,-17.744848,investigation,Mouse836-female_20200322_19-33-17_14594-23870,Mouse836-female_20200322_19-33-17_14594-23870_f003632
17.61584,-13.477942,investigation,Mouse836-female_20200322_19-33-17_14594-23870,Mouse836-female_20200322_19-33-17_14594-23870_f003712
18.734846,-8.910246,investigation,Mouse836-female_20200322_19-33-17_14594-23870,Mouse836-female_20200322_19-33-17_14594-23870_f003760
11.153272,-11.144729,investigation,Mouse836-female_20200322_19-33-17_14594-23870,Mouse836-female_20200322_19-33-17_14594-23870_f003888
11.536962,-17.054083,other,Mouse836-female_20200322_19-33-17_14594-23870,Mouse836-female_20200322_19-33-17_14594-23870_f004240
13.886962,-16.833096,other,Mouse836-female_20200322_19-33-17_14594-23870,Mouse836-female_20200322_19-33-17_14594-23870_f004256
10.868085,-22.403297,other,Mouse836-female_20200322_19-33-17_14594-23870,Mouse836-female_20200322_19-33-17_14594-23870_f004288
17.624016,-6.2816954,investigation,Mouse836-female_20200322_19-33-17_14594-23870,Mouse836-female_20200322_19-33-17_14594-23870_f004368
17.467775,-16.95511,other,Mouse836-female_20200322_19-33-17_14594-23870,Mouse836-female_20200322_19-33-17_14594-23870_f005568
-3.9240437,-23.089354,investigation,Mouse836-female_20200322_19-33-17_14594-23870,Mouse836-female_20200322_19-33-17_14594-23870_f005808
11.748367,-16.445034,other,Mouse836-female_20200322_19-33-17_14594-23870,Mouse836-female_20200322_19-33-17_14594-23870_f005968
3.1843133,-15.231308,investigation,Mouse836-female_20200322_19-33-17_14594-23870,Mouse836-female_20200322_19-33-17_14594-23870_f006176
18.87713,-11.153906,other,Mouse836-female_20200322_19-33-17_14594-23870,Mouse836-female_20200322_19-33-17_14594-23870_f006448
17.625729,-16.315197,other,Mouse836-female_20200322_19-33-17_14594-23870,Mouse836-female_20200322_19-33-17_14594-23870_f006736
5.9296155,-19.766804,investigation,Mouse836-female_20200322_19-33-17_14594-23870,Mouse836-female_20200322_19-33-17_14594-23870_f006864
3.546675,-20.626547,mount,Mouse836-female_20200322_19-33-17_14594-23870,Mouse836-female_20200322_19-33-17_14594-23870_f007232
1.142642,-22.155195,mount,Mouse836-female_20200322_19-33-17_14594-23870,Mouse836-female_20200322_19-33-17_14594-23870_f007296
18.154217,-10.220465,other,Mouse836-female_20200322_19-33-17_14594-23870,Mouse836-female_20200322_19-33-17_14594-23870_f007472
5.3443136,-20.578375,other,Mouse836-female_20200322_19-33-17_14594-23870,Mouse836-female_20200322_19-33-17_14594-23870_f007744
10.720138,-14.771378,other,Mouse836-female_20200322_19-33-17_14594-23870,Mouse836-female_20200322_19-33-17_14594-23870_f008080
0.6302565,-23.799604,other,Mouse836-female_20200322_19-33-17_14594-23870,Mouse836-female_20200322_19-33-17_14594-23870_f008112
17.127682,-15.123588,other,Mouse836-female_20200322_19-33-17_14594-23870,Mouse836-female_20200322_19-33-17_14594-23870_f008208
24.332666,-3.6099515,investigation,Mouse836-female_20200322_19-33-17_14594-23870,Mouse836-female_20200322_19-33-17_14594-23870_f008416
22.297153,-5.55312,investigation,Mouse836-female_20200322_19-33-17_14594-23870,Mouse836-female_20200322_19-33-17_14594-23870_f008432
10.502894,-18.33024,investigation,Mouse836-female_20200322_19-33-17_14594-23870,Mouse836-female_20200322_19-33-17_14594-23870_f009072
27.119528,0.1471512,investigation,Mouse839-female_20200322_20-15-11_12885-24623,Mouse839-female_20200322_20-15-11_12885-24623_f000144
18.858082,-7.1149626,other,Mouse839-female_20200322_20-15-11_12885-24623,Mouse839-female_20200322_20-15-11_12885-24623_f000176
14.970195,-14.221049,other,Mouse839-female_20200322_20-15-11_12885-24623,Mouse839-female_20200322_20-15-11_12885-24623_f000272
15.797881,-5.1078863,investigation,Mouse839-female_20200322_20-15-11_12885-24623,Mouse839-female_20200322_20-15-11_12885-24623_f000352
11.946074,-8.279662,investigation,Mouse839-female_20200322_20-15-11_12885-24623,Mouse839-female_20200322_20-15-11_12885-24623_f000496
18.628513,-6.221694,investigation,Mouse839-female_20200322_20-15-11_12885-24623,Mouse839-female_20200322_20-15-11_12885-24623_f000704
13.917387,-8.018901,mount,Mouse839-female_20200322_20-15-11_12885-24623,Mouse839-female_20200322_20-15-11_12885-24623_f000752
13.31191,-12.822314,mount,Mouse839-female_20200322_20-15-11_12885-24623,Mouse839-female_20200322_20-15-11_12885-24623_f000848
1.301676,-21.4876,mount,Mouse839-female_20200322_20-15-11_12885-24623,Mouse839-female_20200322_20-15-11_12885-24623_f000912
3.182952,-21.35267,mount,Mouse839-female_20200322_20-15-11_12885-24623,Mouse839-female_20200322_20-15-11_12885-24623_f001136
5.7303786,-20.094429,mount,Mouse839-female_20200322_20-15-11_12885-24623,Mouse839-female_20200322_20-15-11_12885-24623_f001168
1.4321029,-20.436485,investigation,Mouse839-female_20200322_20-15-11_12885-24623,Mouse839-female_20200322_20-15-11_12885-24623_f001248
0.5740723,-20.51299,mount,Mouse839-female_20200322_20-15-11_12885-24623,Mouse839-female_20200322_20-15-11_12885-24623_f001296
1.3484017,-17.957773,investigation,Mouse839-female_20200322_20-15-11_12885-24623,Mouse839-female_20200322_20-15-11_12885-24623_f001328
8.511506,-17.78786,other,Mouse839-female_20200322_20-15-11_12885-24623,Mouse839-female_20200322_20-15-11_12885-24623_f001456
11.58208,-10.457371,investigation,Mouse839-female_20200322_20-15-11_12885-24623,Mouse839-female_20200322_20-15-11_12885-24623_f001728
0.6752978,-20.358065,mount,Mouse839-female_20200322_20-15-11_12885-24623,Mouse839-female_20200322_20-15-11_12885-24623_f001904
0.736399,-21.890654,mount,Mouse839-female_20200322_20-15-11_12885-24623,Mouse839-female_20200322_20-15-11_12885-24623_f001936
-0.81526077,-20.651394,mount,Mouse839-female_20200322_20-15-11_12885-24623,Mouse839-female_20200322_20-15-11_12885-24623_f001952
-3.4646363,-22.115944,mount,Mouse839-female_20200322_20-15-11_12885-24623,Mouse839-female_20200322_20-15-11_12885-24623_f001968
-9.966236,-27.073868,mount,Mouse839-female_20200322_20-15-11_12885-24623,Mouse839-female_20200322_20-15-11_12885-24623_f002016
-0.9001642,-21.755428,mount,Mouse839-female_20200322_20-15-11_12885-24623,Mouse839-female_20200322_20-15-11_12885-24623_f002288
-5.2466726,-22.604666,investigation,Mouse839-female_20200322_20-15-11_12885-24623,Mouse839-female_20200322_20-15-11_12885-24623_f002336
-2.272731,-18.033934,other,Mouse839-female_20200322_20-15-11_12885-24623,Mouse839-female_20200322_20-15-11_12885-24623_f002544
10.1167755,-10.438194,other,Mouse839-female_20200322_20-15-11_12885-24623,Mouse839-female_20200322_20-15-11_12885-24623_f003136
5.8607755,-22.677477,other,Mouse839-female_20200322_20-15-11_12885-24623,Mouse839-female_20200322_20-15-11_12885-24623_f003872
3.672013,-16.36443,mount,Mouse839-female_20200322_20-15-11_12885-24623,Mouse839-female_20200322_20-15-11_12885-24623_f004128
3.6450994,-15.982142,mount,Mouse839-female_20200322_20-15-11_12885-24623,Mouse839-female_20200322_20-15-11_12885-24623_f004256
4.554319,-15.712795,mount,Mouse839-female_20200322_20-15-11_12885-24623,Mouse839-female_20200322_20-15-11_12885-24623_f004320
3.5360909,-15.552955,mount,Mouse839-female_20200322_20-15-11_12885-24623,Mouse839-female_20200322_20-15-11_12885-24623_f004352
3.6086657,-15.583797,mount,Mouse839-female_20200322_20-15-11_12885-24623,Mouse839-female_20200322_20-15-11_12885-24623_f004368
-0.025260491,-17.831717,mount,Mouse839-female_20200322_20-15-11_12885-24623,Mouse839-female_20200322_20-15-11_12885-24623_f004432
5.8693476,-15.657701,mount,Mouse839-female_20200322_20-15-11_12885-24623,Mouse839-female_20200322_20-15-11_12885-24623_f004448
6.8489523,-19.107,other,Mouse839-female_20200322_20-15-11_12885-24623,Mouse839-female_20200322_20-15-11_12885-24623_f004640
8.106092,-12.286045,investigation,Mouse839-female_20200322_20-15-11_12885-24623,Mouse839-female_20200322_20-15-11_12885-24623_f005600
1.9020755,-16.31232,investigation,Mouse839-female_20200322_20-15-11_12885-24623,Mouse839-female_20200322_20-15-11_12885-24623_f006160
6.9028583,-16.630339,investigation,Mouse839-female_20200322_20-15-11_12885-24623,Mouse839-female_20200322_20-15-11_12885-24623_f006272
-0.89336395,-18.80162,investigation,Mouse839-female_20200322_20-15-11_12885-24623,Mouse839-female_20200322_20-15-11_12885-24623_f006336
13.070513,-16.373577,investigation,Mouse839-female_20200322_20-15-11_12885-24623,Mouse839-female_20200322_20-15-11_12885-24623_f007408
2.492434,-17.29122,other,Mouse839-female_20200322_20-15-11_12885-24623,Mouse839-female_20200322_20-15-11_12885-24623_f008160
11.40774,-11.538155,investigation,Mouse839-female_20200322_20-15-11_12885-24623,Mouse839-female_20200322_20-15-11_12885-24623_f008464
14.5653515,-11.378439,other,Mouse839-female_20200322_20-15-11_12885-24623,Mouse839-female_20200322_20-15-11_12885-24623_f008736
23.657486,-14.381206,other,Mouse839-female_20200322_20-15-11_12885-24623,Mouse839-female_20200322_20-15-11_12885-24623_f008912
14.994438,-13.661967,other,Mouse839-female_20200322_20-15-11_12885-24623,Mouse839-female_20200322_20-15-11_12885-24623_f009024
5.196617,-21.92633,other,Mouse839-female_20200322_20-15-11_12885-24623,Mouse839-female_20200322_20-15-11_12885-24623_f009424
-0.8219124,-22.405912,mount,Mouse839-female_20200322_20-15-11_12885-24623,Mouse839-female_20200322_20-15-11_12885-24623_f009920
3.538275,-20.004347,mount,Mouse839-female_20200322_20-15-11_12885-24623,Mouse839-female_20200322_20-15-11_12885-24623_f010064
-0.0014622061,-22.51894,mount,Mouse839-female_20200322_20-15-11_12885-24623,Mouse839-female_20200322_20-15-11_12885-24623_f010128
1.4603899,-19.318495,investigation,Mouse839-female_20200322_20-15-11_12885-24623,Mouse839-female_20200322_20-15-11_12885-24623_f010192
12.934095,-17.221481,investigation,Mouse839-female_20200322_20-15-11_12885-24623,Mouse839-female_20200322_20-15-11_12885-24623_f010432
7.56552,-19.8185,mount,Mouse839-female_20200322_20-15-11_12885-24623,Mouse839-female_20200322_20-15-11_12885-24623_f010496
10.924473,-18.88218,other,Mouse839-female_20200322_20-15-11_12885-24623,Mouse839-female_20200322_20-15-11_12885-24623_f011008
17.280287,-7.8608193,investigation,Mouse839-female_20200322_20-15-11_12885-24623,Mouse839-female_20200322_20-15-11_12885-24623_f011440
14.376051,-7.994329,investigation,Mouse839-female_20200322_20-15-11_12885-24623,Mouse839-female_20200322_20-15-11_12885-24623_f011456
7.3546176,-13.740093,investigation,Mouse839-female_20200322_20-15-11_12885-24623,Mouse839-female_20200322_20-15-11_12885-24623_f011552
9.974146,-13.259437,investigation,Mouse839-female_20200322_20-15-11_12885-24623,Mouse839-female_20200322_20-15-11_12885-24623_f011568
13.09479,-11.715366,other,Mouse839-female_20200322_20-15-11_12885-24623,Mouse839-female_20200322_20-15-11_12885-24623_f011664
