threshold,class,pred_bout_index,gt_bout_index,tiou,pred_start,pred_end,gt_start,gt_end,start_offset_frames,end_offset_frames,split,video_id,prediction_type
0.25,investigation,0,0,0.53125,0,31,6,22,-6,9,test_1,Mouse060_20160526_18-16-27,raw_windows
0.25,investigation,1,1,0.8289473684210527,48,111,49,123,-1,-12,test_1,Mouse060_20160526_18-16-27,raw_windows
0.25,investigation,2,2,0.8,144,271,152,293,-8,-22,test_1,Mouse060_20160526_18-16-27,raw_windows
0.25,investigation,3,3,0.9761273209549072,320,687,313,689,7,-2,test_1,Mouse060_20160526_18-16-27,raw_windows
0.25,investigation,4,4,0.9198966408268734,704,1071,716,1090,-12,-19,test_1,Mouse060_20160526_18-16-27,raw_windows
0.25,investigation,5,6,0.5625,1104,1631,1306,1602,-202,29,test_1,Mouse060_20160526_18-16-27,raw_windows
0.25,investigation,6,8,0.5493421052631579,1664,1967,1801,1967,-137,0,test_1,Mouse060_20160526_18-16-27,raw_windows
0.25,investigation,7,9,0.9594594594594594,2176,2319,2178,2323,-2,-4,test_1,Mouse060_20160526_18-16-27,raw_windows
0.25,mount,8,10,0.8921568627450981,2320,2415,2325,2421,-5,-6,test_1,Mouse060_20160526_18-16-27,raw_windows
0.25,investigation,10,11,0.8205128205128205,2560,2591,2559,2597,1,-6,test_1,Mouse060_20160526_18-16-27,raw_windows
0.25,mount,11,12,0.7808219178082192,2592,2655,2599,2664,-7,-9,test_1,Mouse060_20160526_18-16-27,raw_windows
0.25,investigation,12,13,0.46875,2656,2687,2666,2680,-10,7,test_1,Mouse060_20160526_18-16-27,raw_windows
0.25,investigation,13,14,0.8484848484848485,2816,2847,2820,2848,-4,-1,test_1,Mouse060_20160526_18-16-27,raw_windows
0.25,mount,14,15,0.9806949806949807,2848,3103,2850,3106,-2,-3,test_1,Mouse060_20160526_18-16-27,raw_windows
0.25,investigation,15,16,0.6458333333333334,3104,3151,3108,3138,-4,13,test_1,Mouse060_20160526_18-16-27,raw_windows
0.25,investigation,16,17,0.9411764705882353,3296,3311,3295,3311,1,0,test_1,Mouse060_20160526_18-16-27,raw_windows
0.25,mount,17,18,0.8951612903225806,3312,3423,3313,3435,-1,-12,test_1,Mouse060_20160526_18-16-27,raw_windows
0.25,investigation,18,19,0.375,3424,3487,3437,3460,-13,27,test_1,Mouse060_20160526_18-16-27,raw_windows
0.25,investigation,19,20,0.625,3520,3567,3537,3566,-17,1,test_1,Mouse060_20160526_18-16-27,raw_windows
0.25,mount,20,21,0.9846153846153847,3568,3631,3568,3632,0,-1,test_1,Mouse060_20160526_18-16-27,raw_windows
0.25,investigation,21,22,0.875,3632,3695,3634,3689,-2,6,test_1,Mouse060_20160526_18-16-27,raw_windows
0.25,mount,22,23,0.7272727272727273,3696,3727,3691,3734,5,-7,test_1,Mouse060_20160526_18-16-27,raw_windows
0.25,investigation,23,24,0.7671232876712328,3728,3791,3736,3800,-8,-9,test_1,Mouse060_20160526_18-16-27,raw_windows
0.25,investigation,25,26,0.65625,3808,3839,3818,3838,-10,1,test_1,Mouse060_20160526_18-16-27,raw_windows
0.25,investigation,26,27,0.5491071428571429,3856,4079,3859,3981,-3,98,test_1,Mouse060_20160526_18-16-27,raw_windows
0.25,investigation,27,29,0.7796610169491526,4288,4335,4290,4346,-2,-11,test_1,Mouse060_20160526_18-16-27,raw_windows
0.25,mount,28,30,0.891566265060241,4336,4495,4348,4501,-12,-6,test_1,Mouse060_20160526_18-16-27,raw_windows
0.25,investigation,30,31,0.7708333333333334,4592,4687,4612,4685,-20,2,test_1,Mouse060_20160526_18-16-27,raw_windows
0.25,mount,31,32,0.6666666666666666,4688,4703,4687,4710,1,-7,test_1,Mouse060_20160526_18-16-27,raw_windows
0.25,mount,34,35,0.41025641025641024,5104,5167,5028,5183,76,-16,test_1,Mouse060_20160526_18-16-27,raw_windows
0.25,investigation,36,36,0.41935483870967744,5904,5951,5913,5996,-9,-45,test_1,Mouse060_20160526_18-16-27,raw_windows
0.25,mount,37,37,0.7876923076923077,6000,6255,5998,6322,2,-67,test_1,Mouse060_20160526_18-16-27,raw_windows
0.25,mount,39,39,0.5370370370370371,6928,6975,6947,6981,-19,-6,test_1,Mouse060_20160526_18-16-27,raw_windows
0.25,investigation,40,40,0.7916666666666666,6976,7039,6983,7047,-7,-8,test_1,Mouse060_20160526_18-16-27,raw_windows
0.25,investigation,42,41,0.8135593220338984,7184,7231,7179,7237,5,-6,test_1,Mouse060_20160526_18-16-27,raw_windows
0.25,mount,43,42,0.9013452914798207,7232,7439,7239,7454,-7,-15,test_1,Mouse060_20160526_18-16-27,raw_windows
0.25,investigation,45,46,0.6588235294117647,8256,8335,8280,8340,-24,-5,test_1,Mouse060_20160526_18-16-27,raw_windows
0.25,investigation,46,47,0.49122807017543857,9072,9103,9047,9099,25,4,test_1,Mouse060_20160526_18-16-27,raw_windows
0.25,mount,47,48,0.8995983935742972,9104,9327,9101,9349,3,-22,test_1,Mouse060_20160526_18-16-27,raw_windows
0.25,mount,49,51,0.631578947368421,9600,9647,9573,9648,27,-1,test_1,Mouse060_20160526_18-16-27,raw_windows
0.25,investigation,50,53,0.821917808219178,10272,10335,10263,10331,9,4,test_1,Mouse060_20160526_18-16-27,raw_windows
0.25,mount,51,54,0.9019607843137255,10336,10383,10333,10381,3,2,test_1,Mouse060_20160526_18-16-27,raw_windows
0.25,investigation,52,55,0.9844559585492227,10384,10575,10383,10573,1,2,test_1,Mouse060_20160526_18-16-27,raw_windows
0.25,mount,54,56,0.8770491803278688,10864,10975,10869,10985,-5,-10,test_1,Mouse060_20160526_18-16-27,raw_windows
0.25,investigation,56,57,0.39344262295081966,11840,11887,11864,11900,-24,-13,test_1,Mouse060_20160526_18-16-27,raw_windows
0.25,mount,57,58,0.8756756756756757,11888,12063,11902,12072,-14,-9,test_1,Mouse060_20160526_18-16-27,raw_windows
0.25,investigation,59,59,0.8421052631578947,12160,12175,12158,12176,2,-1,test_1,Mouse060_20160526_18-16-27,raw_windows
0.25,mount,61,60,0.8549618320610687,12192,12303,12178,12308,14,-5,test_1,Mouse060_20160526_18-16-27,raw_windows
0.25,investigation,63,63,0.5517241379310345,13104,13135,13085,13142,19,-7,test_1,Mouse060_20160526_18-16-27,raw_windows
0.25,mount,64,64,0.8333333333333334,13136,13183,13144,13183,-8,0,test_1,Mouse060_20160526_18-16-27,raw_windows
0.25,investigation,65,65,0.625,13184,13199,13185,13194,-1,5,test_1,Mouse060_20160526_18-16-27,raw_windows
0.25,investigation,66,66,0.5,13472,13503,13487,13502,-15,1,test_1,Mouse060_20160526_18-16-27,raw_windows
0.25,investigation,67,67,0.6,13584,13599,13580,13595,4,4,test_1,Mouse060_20160526_18-16-27,raw_windows
0.25,mount,68,68,0.9320388349514563,13600,13695,13597,13699,3,-4,test_1,Mouse060_20160526_18-16-27,raw_windows
0.25,investigation,69,69,0.6875,13696,13711,13701,13711,-5,0,test_1,Mouse060_20160526_18-16-27,raw_windows
0.25,investigation,70,70,0.8205128205128205,13872,13903,13870,13908,2,-5,test_1,Mouse060_20160526_18-16-27,raw_windows
0.25,investigation,71,72,0.7887323943661971,14544,14607,14552,14614,-8,-7,test_1,Mouse060_20160526_18-16-27,raw_windows
0.25,investigation,72,73,0.9162995594713657,15136,15343,15121,15347,15,-4,test_1,Mouse060_20160526_18-16-27,raw_windows
0.25,investigation,73,76,0.6666666666666666,16368,16383,16365,16388,3,-5,test_1,Mouse060_20160526_18-16-27,raw_windows
0.25,investigation,74,77,0.9056603773584906,16464,16511,16463,16515,1,-4,test_1,Mouse060_20160526_18-16-27,raw_windows
0.25,investigation,75,78,0.8186528497409327,16816,17007,16815,16973,1,34,test_1,Mouse060_20160526_18-16-27,raw_windows
0.25,investigation,76,79,0.8764044943820225,17088,17167,17079,17165,9,2,test_1,Mouse060_20160526_18-16-27,raw_windows
0.25,investigation,77,81,0.425,17472,17503,17487,17511,-15,-8,test_1,Mouse060_20160526_18-16-27,raw_windows
0.25,mount,79,84,0.5106382978723404,18464,18559,18379,18566,85,-7,test_1,Mouse060_20160526_18-16-27,raw_windows
0.25,investigation,80,85,0.4,19056,19071,19049,19088,7,-17,test_1,Mouse060_20160526_18-16-27,raw_windows
0.25,mount,82,86,0.7708333333333334,19088,19183,19090,19163,-2,20,test_1,Mouse060_20160526_18-16-27,raw_windows
0.25,investigation,85,92,0.54,20736,20767,20718,20762,18,5,test_1,Mouse060_20160526_18-16-27,raw_windows
0.25,investigation,86,97,0.3181818181818182,21120,21295,21195,21250,-75,45,test_1,Mouse060_20160526_18-16-27,raw_windows
0.25,investigation,87,100,0.47058823529411764,21520,21535,21515,21548,5,-13,test_1,Mouse060_20160526_18-16-27,raw_windows
0.25,investigation,88,101,0.625,22064,22095,22071,22090,-7,5,test_1,Mouse060_20160526_18-16-27,raw_windows
0.25,investigation,89,103,0.6666666666666666,22736,22767,22729,22776,7,-9,test_1,Mouse060_20160526_18-16-27,raw_windows
0.25,investigation,90,104,0.8,22976,23007,22972,23011,4,-4,test_1,Mouse060_20160526_18-16-27,raw_windows
0.25,mount,91,105,0.7916666666666666,23008,23055,23013,23050,-5,5,test_1,Mouse060_20160526_18-16-27,raw_windows
0.25,investigation,92,106,0.35,23056,23071,23052,23062,4,9,test_1,Mouse060_20160526_18-16-27,raw_windows
0.25,investigation,93,107,0.3333333333333333,23456,23471,23453,23500,3,-29,test_1,Mouse060_20160526_18-16-27,raw_windows
0.5,investigation,0,0,0.53125,0,31,6,22,-6,9,test_1,Mouse060_20160526_18-16-27,raw_windows
0.5,investigation,1,1,0.8289473684210527,48,111,49,123,-1,-12,test_1,Mouse060_20160526_18-16-27,raw_windows
0.5,investigation,2,2,0.8,144,271,152,293,-8,-22,test_1,Mouse060_20160526_18-16-27,raw_windows
0.5,investigation,3,3,0.9761273209549072,320,687,313,689,7,-2,test_1,Mouse060_20160526_18-16-27,raw_windows
0.5,investigation,4,4,0.9198966408268734,704,1071,716,1090,-12,-19,test_1,Mouse060_20160526_18-16-27,raw_windows
0.5,investigation,5,6,0.5625,1104,1631,1306,1602,-202,29,test_1,Mouse060_20160526_18-16-27,raw_windows
0.5,investigation,6,8,0.5493421052631579,1664,1967,1801,1967,-137,0,test_1,Mouse060_20160526_18-16-27,raw_windows
0.5,investigation,7,9,0.9594594594594594,2176,2319,2178,2323,-2,-4,test_1,Mouse060_20160526_18-16-27,raw_windows
0.5,mount,8,10,0.8921568627450981,2320,2415,2325,2421,-5,-6,test_1,Mouse060_20160526_18-16-27,raw_windows
0.5,investigation,10,11,0.8205128205128205,2560,2591,2559,2597,1,-6,test_1,Mouse060_20160526_18-16-27,raw_windows
0.5,mount,11,12,0.7808219178082192,2592,2655,2599,2664,-7,-9,test_1,Mouse060_20160526_18-16-27,raw_windows
0.5,investigation,13,14,0.8484848484848485,2816,2847,2820,2848,-4,-1,test_1,Mouse060_20160526_18-16-27,raw_windows
0.5,mount,14,15,0.9806949806949807,2848,3103,2850,3106,-2,-3,test_1,Mouse060_20160526_18-16-27,raw_windows
0.5,investigation,15,16,0.6458333333333334,3104,3151,3108,3138,-4,13,test_1,Mouse060_20160526_18-16-27,raw_windows
0.5,investigation,16,17,0.9411764705882353,3296,3311,3295,3311,1,0,test_1,Mouse060_20160526_18-16-27,raw_windows
0.5,mount,17,18,0.8951612903225806,3312,3423,3313,3435,-1,-12,test_1,Mouse060_20160526_18-16-27,raw_windows
0.5,investigation,19,20,0.625,3520,3567,3537,3566,-17,1,test_1,Mouse060_20160526_18-16-27,raw_windows
0.5,mount,20,21,0.9846153846153847,3568,3631,3568,3632,0,-1,test_1,Mouse060_20160526_18-16-27,raw_windows
0.5,investigation,21,22,0.875,3632,3695,3634,3689,-2,6,test_1,Mouse060_20160526_18-16-27,raw_windows
0.5,mount,22,23,0.7272727272727273,3696,3727,3691,3734,5,-7,test_1,Mouse060_20160526_18-16-27,raw_windows
0.5,investigation,23,24,0.7671232876712328,3728,3791,3736,3800,-8,-9,test_1,Mouse060_20160526_18-16-27,raw_windows
0.5,investigation,25,26,0.65625,3808,3839,3818,3838,-10,1,test_1,Mouse060_20160526_18-16-27,raw_windows
0.5,investigation,26,27,0.5491071428571429,3856,4079,3859,3981,-3,98,test_1,Mouse060_20160526_18-16-27,raw_windows
0.5,investigation,27,29,0.7796610169491526,4288,4335,4290,4346,-2,-11,test_1,Mouse060_20160526_18-16-27,raw_windows
0.5,mount,28,30,0.891566265060241,4336,4495,4348,4501,-12,-6,test_1,Mouse060_20160526_18-16-27,raw_windows
0.5,investigation,30,31,0.7708333333333334,4592,4687,4612,4685,-20,2,test_1,Mouse060_20160526_18-16-27,raw_windows
0.5,mount,31,32,0.6666666666666666,4688,4703,4687,4710,1,-7,test_1,Mouse060_20160526_18-16-27,raw_windows
0.5,mount,37,37,0.7876923076923077,6000,6255,5998,6322,2,-67,test_1,Mouse060_20160526_18-16-27,raw_windows
0.5,mount,39,39,0.5370370370370371,6928,6975,6947,6981,-19,-6,test_1,Mouse060_20160526_18-16-27,raw_windows
0.5,investigation,40,40,0.7916666666666666,6976,7039,6983,7047,-7,-8,test_1,Mouse060_20160526_18-16-27,raw_windows
0.5,investigation,42,41,0.8135593220338984,7184,7231,7179,7237,5,-6,test_1,Mouse060_20160526_18-16-27,raw_windows
0.5,mount,43,42,0.9013452914798207,7232,7439,7239,7454,-7,-15,test_1,Mouse060_20160526_18-16-27,raw_windows
0.5,investigation,45,46,0.6588235294117647,8256,8335,8280,8340,-24,-5,test_1,Mouse060_20160526_18-16-27,raw_windows
0.5,mount,47,48,0.8995983935742972,9104,9327,9101,9349,3,-22,test_1,Mouse060_20160526_18-16-27,raw_windows
0.5,mount,49,51,0.631578947368421,9600,9647,9573,9648,27,-1,test_1,Mouse060_20160526_18-16-27,raw_windows
0.5,investigation,50,53,0.821917808219178,10272,10335,10263,10331,9,4,test_1,Mouse060_20160526_18-16-27,raw_windows
0.5,mount,51,54,0.9019607843137255,10336,10383,10333,10381,3,2,test_1,Mouse060_20160526_18-16-27,raw_windows
0.5,investigation,52,55,0.9844559585492227,10384,10575,10383,10573,1,2,test_1,Mouse060_20160526_18-16-27,raw_windows
0.5,mount,54,56,0.8770491803278688,10864,10975,10869,10985,-5,-10,test_1,Mouse060_20160526_18-16-27,raw_windows
0.5,mount,57,58,0.8756756756756757,11888,12063,11902,12072,-14,-9,test_1,Mouse060_20160526_18-16-27,raw_windows
0.5,investigation,59,59,0.8421052631578947,12160,12175,12158,12176,2,-1,test_1,Mouse060_20160526_18-16-27,raw_windows
0.5,mount,61,60,0.8549618320610687,12192,12303,12178,12308,14,-5,test_1,Mouse060_20160526_18-16-27,raw_windows
0.5,investigation,63,63,0.5517241379310345,13104,13135,13085,13142,19,-7,test_1,Mouse060_20160526_18-16-27,raw_windows
0.5,mount,64,64,0.8333333333333334,13136,13183,13144,13183,-8,0,test_1,Mouse060_20160526_18-16-27,raw_windows
0.5,investigation,65,65,0.625,13184,13199,13185,13194,-1,5,test_1,Mouse060_20160526_18-16-27,raw_windows
0.5,investigation,66,66,0.5,13472,13503,13487,13502,-15,1,test_1,Mouse060_20160526_18-16-27,raw_windows
0.5,investigation,67,67,0.6,13584,13599,13580,13595,4,4,test_1,Mouse060_20160526_18-16-27,raw_windows
0.5,mount,68,68,0.9320388349514563,13600,13695,13597,13699,3,-4,test_1,Mouse060_20160526_18-16-27,raw_windows
0.5,investigation,69,69,0.6875,13696,13711,13701,13711,-5,0,test_1,Mouse060_20160526_18-16-27,raw_windows
0.5,investigation,70,70,0.8205128205128205,13872,13903,13870,13908,2,-5,test_1,Mouse060_20160526_18-16-27,raw_windows
0.5,investigation,71,72,0.7887323943661971,14544,14607,14552,14614,-8,-7,test_1,Mouse060_20160526_18-16-27,raw_windows
0.5,investigation,72,73,0.9162995594713657,15136,15343,15121,15347,15,-4,test_1,Mouse060_20160526_18-16-27,raw_windows
0.5,investigation,73,76,0.6666666666666666,16368,16383,16365,16388,3,-5,test_1,Mouse060_20160526_18-16-27,raw_windows
0.5,investigation,74,77,0.9056603773584906,16464,16511,16463,16515,1,-4,test_1,Mouse060_20160526_18-16-27,raw_windows
0.5,investigation,75,78,0.8186528497409327,16816,17007,16815,16973,1,34,test_1,Mouse060_20160526_18-16-27,raw_windows
0.5,investigation,76,79,0.8764044943820225,17088,17167,17079,17165,9,2,test_1,Mouse060_20160526_18-16-27,raw_windows
0.5,mount,79,84,0.5106382978723404,18464,18559,18379,18566,85,-7,test_1,Mouse060_20160526_18-16-27,raw_windows
0.5,mount,82,86,0.7708333333333334,19088,19183,19090,19163,-2,20,test_1,Mouse060_20160526_18-16-27,raw_windows
0.5,investigation,85,92,0.54,20736,20767,20718,20762,18,5,test_1,Mouse060_20160526_18-16-27,raw_windows
0.5,investigation,88,101,0.625,22064,22095,22071,22090,-7,5,test_1,Mouse060_20160526_18-16-27,raw_windows
0.5,investigation,89,103,0.6666666666666666,22736,22767,22729,22776,7,-9,test_1,Mouse060_20160526_18-16-27,raw_windows
0.5,investigation,90,104,0.8,22976,23007,22972,23011,4,-4,test_1,Mouse060_20160526_18-16-27,raw_windows
0.5,mount,91,105,0.7916666666666666,23008,23055,23013,23050,-5,5,test_1,Mouse060_20160526_18-16-27,raw_windows
0.25,investigation,0,1,0.5859375,0,127,49,123,-49,4,test_1,Mouse060_20160526_18-16-27,smoothed_frames
0.25,investigation,1,2,0.9066666666666666,144,287,152,293,-8,-6,test_1,Mouse060_20160526_18-16-27,smoothed_frames
0.25,investigation,2,3,0.9715025906735751,304,687,313,689,-9,-2,test_1,Mouse060_20160526_18-16-27,smoothed_frames
0.25,investigation,3,4,0.9612403100775194,704,1087,716,1090,-12,-3,test_1,Mouse060_20160526_18-16-27,smoothed_frames
0.25,investigation,4,6,0.3375,1104,1983,1306,1602,-202,381,test_1,Mouse060_20160526_18-16-27,smoothed_frames
0.25,investigation,5,9,0.9594594594594594,2176,2319,2178,2323,-2,-4,test_1,Mouse060_20160526_18-16-27,smoothed_frames
0.25,mount,6,10,0.8921568627450981,2320,2415,2325,2421,-5,-6,test_1,Mouse060_20160526_18-16-27,smoothed_frames
0.25,investigation,8,11,0.6111111111111112,2544,2591,2559,2597,-15,-6,test_1,Mouse060_20160526_18-16-27,smoothed_frames
0.25,mount,9,12,0.7808219178082192,2592,2655,2599,2664,-7,-9,test_1,Mouse060_20160526_18-16-27,smoothed_frames
0.25,investigation,10,13,0.46875,2656,2687,2666,2680,-10,7,test_1,Mouse060_20160526_18-16-27,smoothed_frames
0.25,investigation,11,14,0.8484848484848485,2816,2847,2820,2848,-4,-1,test_1,Mouse060_20160526_18-16-27,smoothed_frames
0.25,mount,12,15,0.9806949806949807,2848,3103,2850,3106,-2,-3,test_1,Mouse060_20160526_18-16-27,smoothed_frames
0.25,investigation,13,16,0.484375,3104,3167,3108,3138,-4,29,test_1,Mouse060_20160526_18-16-27,smoothed_frames
0.25,investigation,14,17,0.53125,3280,3311,3295,3311,-15,0,test_1,Mouse060_20160526_18-16-27,smoothed_frames
0.25,mount,15,18,0.8951612903225806,3312,3423,3313,3435,-1,-12,test_1,Mouse060_20160526_18-16-27,smoothed_frames
0.25,investigation,16,19,0.3,3424,3503,3437,3460,-13,43,test_1,Mouse060_20160526_18-16-27,smoothed_frames
0.25,investigation,17,20,0.625,3520,3567,3537,3566,-17,1,test_1,Mouse060_20160526_18-16-27,smoothed_frames
0.25,mount,18,21,0.9846153846153847,3568,3631,3568,3632,0,-1,test_1,Mouse060_20160526_18-16-27,smoothed_frames
0.25,investigation,19,22,0.875,3632,3695,3634,3689,-2,6,test_1,Mouse060_20160526_18-16-27,smoothed_frames
0.25,mount,20,23,0.7272727272727273,3696,3727,3691,3734,5,-7,test_1,Mouse060_20160526_18-16-27,smoothed_frames
0.25,investigation,21,24,0.7671232876712328,3728,3791,3736,3800,-8,-9,test_1,Mouse060_20160526_18-16-27,smoothed_frames
0.25,investigation,23,26,0.65625,3808,3839,3818,3838,-10,1,test_1,Mouse060_20160526_18-16-27,smoothed_frames
0.25,investigation,24,27,0.5491071428571429,3856,4079,3859,3981,-3,98,test_1,Mouse060_20160526_18-16-27,smoothed_frames
0.25,investigation,25,29,0.6133333333333333,4272,4335,4290,4346,-18,-11,test_1,Mouse060_20160526_18-16-27,smoothed_frames
0.25,mount,26,30,0.891566265060241,4336,4495,4348,4501,-12,-6,test_1,Mouse060_20160526_18-16-27,smoothed_frames
0.25,investigation,28,31,0.7708333333333334,4592,4687,4612,4685,-20,2,test_1,Mouse060_20160526_18-16-27,smoothed_frames
0.25,mount,29,32,0.6666666666666666,4688,4703,4687,4710,1,-7,test_1,Mouse060_20160526_18-16-27,smoothed_frames
0.25,investigation,31,34,0.6417910447761194,4960,5007,4965,5026,-5,-19,test_1,Mouse060_20160526_18-16-27,smoothed_frames
0.25,mount,33,35,0.41025641025641024,5104,5167,5028,5183,76,-16,test_1,Mouse060_20160526_18-16-27,smoothed_frames
0.25,investigation,35,36,0.41935483870967744,5904,5951,5913,5996,-9,-45,test_1,Mouse060_20160526_18-16-27,smoothed_frames
0.25,mount,36,37,0.9846153846153847,6000,6319,5998,6322,2,-3,test_1,Mouse060_20160526_18-16-27,smoothed_frames
0.25,investigation,38,38,0.29411764705882354,6912,6927,6918,6945,-6,-18,test_1,Mouse060_20160526_18-16-27,smoothed_frames
0.25,mount,39,39,0.5370370370370371,6928,6975,6947,6981,-19,-6,test_1,Mouse060_20160526_18-16-27,smoothed_frames
0.25,investigation,40,40,0.4513888888888889,6976,7119,6983,7047,-7,72,test_1,Mouse060_20160526_18-16-27,smoothed_frames
0.25,investigation,41,41,0.8135593220338984,7184,7231,7179,7237,5,-6,test_1,Mouse060_20160526_18-16-27,smoothed_frames
0.25,mount,42,42,0.9013452914798207,7232,7439,7239,7454,-7,-15,test_1,Mouse060_20160526_18-16-27,smoothed_frames
0.25,investigation,44,46,0.5544554455445545,8240,8335,8280,8340,-40,-5,test_1,Mouse060_20160526_18-16-27,smoothed_frames
0.25,investigation,46,47,0.7719298245614035,9056,9103,9047,9099,9,4,test_1,Mouse060_20160526_18-16-27,smoothed_frames
0.25,mount,47,48,0.8995983935742972,9104,9327,9101,9349,3,-22,test_1,Mouse060_20160526_18-16-27,smoothed_frames
0.25,mount,49,51,0.631578947368421,9600,9647,9573,9648,27,-1,test_1,Mouse060_20160526_18-16-27,smoothed_frames
0.25,investigation,50,53,0.821917808219178,10272,10335,10263,10331,9,4,test_1,Mouse060_20160526_18-16-27,smoothed_frames
0.25,mount,51,54,0.9019607843137255,10336,10383,10333,10381,3,2,test_1,Mouse060_20160526_18-16-27,smoothed_frames
0.25,investigation,52,55,0.9844559585492227,10384,10575,10383,10573,1,2,test_1,Mouse060_20160526_18-16-27,smoothed_frames
0.25,mount,54,56,0.8770491803278688,10864,10975,10869,10985,-5,-10,test_1,Mouse060_20160526_18-16-27,smoothed_frames
0.25,investigation,56,57,0.3116883116883117,11824,11887,11864,11900,-40,-13,test_1,Mouse060_20160526_18-16-27,smoothed_frames
0.25,mount,57,58,0.8756756756756757,11888,12063,11902,12072,-14,-9,test_1,Mouse060_20160526_18-16-27,smoothed_frames
0.25,investigation,59,59,0.3958333333333333,12144,12191,12158,12176,-14,15,test_1,Mouse060_20160526_18-16-27,smoothed_frames
0.25,mount,60,60,0.8549618320610687,12192,12303,12178,12308,14,-5,test_1,Mouse060_20160526_18-16-27,smoothed_frames
0.25,investigation,62,63,0.8275862068965517,13088,13135,13085,13142,3,-7,test_1,Mouse060_20160526_18-16-27,smoothed_frames
0.25,mount,63,64,0.8333333333333334,13136,13183,13144,13183,-8,0,test_1,Mouse060_20160526_18-16-27,smoothed_frames
0.25,investigation,64,65,0.625,13184,13199,13185,13194,-1,5,test_1,Mouse060_20160526_18-16-27,smoothed_frames
0.25,investigation,65,66,0.5,13472,13503,13487,13502,-15,1,test_1,Mouse060_20160526_18-16-27,smoothed_frames
0.25,investigation,66,67,0.5,13568,13599,13580,13595,-12,4,test_1,Mouse060_20160526_18-16-27,smoothed_frames
0.25,mount,67,68,0.9320388349514563,13600,13695,13597,13699,3,-4,test_1,Mouse060_20160526_18-16-27,smoothed_frames
0.25,investigation,68,69,0.6875,13696,13711,13701,13711,-5,0,test_1,Mouse060_20160526_18-16-27,smoothed_frames
0.25,investigation,69,70,0.609375,13856,13919,13870,13908,-14,11,test_1,Mouse060_20160526_18-16-27,smoothed_frames
0.25,investigation,70,72,0.7875,14544,14623,14552,14614,-8,9,test_1,Mouse060_20160526_18-16-27,smoothed_frames
0.25,investigation,71,73,0.9458333333333333,15120,15359,15121,15347,-1,12,test_1,Mouse060_20160526_18-16-27,smoothed_frames
0.25,investigation,72,76,0.5135135135135135,16352,16383,16365,16388,-13,-5,test_1,Mouse060_20160526_18-16-27,smoothed_frames
0.25,investigation,73,77,0.7205882352941176,16448,16511,16463,16515,-15,-4,test_1,Mouse060_20160526_18-16-27,smoothed_frames
0.25,investigation,74,78,0.7098214285714286,16800,17023,16815,16973,-15,50,test_1,Mouse060_20160526_18-16-27,smoothed_frames
0.25,investigation,75,79,0.8764044943820225,17088,17167,17079,17165,9,2,test_1,Mouse060_20160526_18-16-27,smoothed_frames
0.25,investigation,76,80,0.5161290322580645,17376,17391,17361,17391,15,0,test_1,Mouse060_20160526_18-16-27,smoothed_frames
0.25,investigation,77,81,0.390625,17456,17519,17487,17511,-31,8,test_1,Mouse060_20160526_18-16-27,smoothed_frames
0.25,investigation,79,82,0.25,18000,18015,18011,18014,-11,1,test_1,Mouse060_20160526_18-16-27,smoothed_frames
0.25,mount,81,84,0.5106382978723404,18464,18559,18379,18566,85,-7,test_1,Mouse060_20160526_18-16-27,smoothed_frames
0.25,investigation,84,85,0.46938775510204084,19040,19071,19049,19088,-9,-17,test_1,Mouse060_20160526_18-16-27,smoothed_frames
0.25,mount,85,86,0.7708333333333334,19088,19183,19090,19163,-2,20,test_1,Mouse060_20160526_18-16-27,smoothed_frames
0.25,investigation,90,92,0.54,20736,20767,20718,20762,18,5,test_1,Mouse060_20160526_18-16-27,smoothed_frames
0.25,investigation,91,97,0.2916666666666667,21104,21295,21195,21250,-91,45,test_1,Mouse060_20160526_18-16-27,smoothed_frames
0.25,investigation,92,100,0.7083333333333334,21504,21551,21515,21548,-11,3,test_1,Mouse060_20160526_18-16-27,smoothed_frames
0.25,investigation,93,101,0.4166666666666667,22048,22095,22071,22090,-23,5,test_1,Mouse060_20160526_18-16-27,smoothed_frames
0.25,investigation,94,103,0.7454545454545455,22736,22783,22729,22776,7,7,test_1,Mouse060_20160526_18-16-27,smoothed_frames
0.25,investigation,95,104,0.8,22976,23007,22972,23011,4,-4,test_1,Mouse060_20160526_18-16-27,smoothed_frames
0.25,mount,96,105,0.7916666666666666,23008,23055,23013,23050,-5,5,test_1,Mouse060_20160526_18-16-27,smoothed_frames
0.25,investigation,97,106,0.35,23056,23071,23052,23062,4,9,test_1,Mouse060_20160526_18-16-27,smoothed_frames
0.25,investigation,98,107,0.6666666666666666,23456,23487,23453,23500,3,-13,test_1,Mouse060_20160526_18-16-27,smoothed_frames
0.5,investigation,0,1,0.5859375,0,127,49,123,-49,4,test_1,Mouse060_20160526_18-16-27,smoothed_frames
0.5,investigation,1,2,0.9066666666666666,144,287,152,293,-8,-6,test_1,Mouse060_20160526_18-16-27,smoothed_frames
0.5,investigation,2,3,0.9715025906735751,304,687,313,689,-9,-2,test_1,Mouse060_20160526_18-16-27,smoothed_frames
0.5,investigation,3,4,0.9612403100775194,704,1087,716,1090,-12,-3,test_1,Mouse060_20160526_18-16-27,smoothed_frames
0.5,investigation,5,9,0.9594594594594594,2176,2319,2178,2323,-2,-4,test_1,Mouse060_20160526_18-16-27,smoothed_frames
0.5,mount,6,10,0.8921568627450981,2320,2415,2325,2421,-5,-6,test_1,Mouse060_20160526_18-16-27,smoothed_frames
0.5,investigation,8,11,0.6111111111111112,2544,2591,2559,2597,-15,-6,test_1,Mouse060_20160526_18-16-27,smoothed_frames
0.5,mount,9,12,0.7808219178082192,2592,2655,2599,2664,-7,-9,test_1,Mouse060_20160526_18-16-27,smoothed_frames
0.5,investigation,11,14,0.8484848484848485,2816,2847,2820,2848,-4,-1,test_1,Mouse060_20160526_18-16-27,smoothed_frames
0.5,mount,12,15,0.9806949806949807,2848,3103,2850,3106,-2,-3,test_1,Mouse060_20160526_18-16-27,smoothed_frames
0.5,investigation,14,17,0.53125,3280,3311,3295,3311,-15,0,test_1,Mouse060_20160526_18-16-27,smoothed_frames
0.5,mount,15,18,0.8951612903225806,3312,3423,3313,3435,-1,-12,test_1,Mouse060_20160526_18-16-27,smoothed_frames
0.5,investigation,17,20,0.625,3520,3567,3537,3566,-17,1,test_1,Mouse060_20160526_18-16-27,smoothed_frames
0.5,mount,18,21,0.9846153846153847,3568,3631,3568,3632,0,-1,test_1,Mouse060_20160526_18-16-27,smoothed_frames
0.5,investigation,19,22,0.875,3632,3695,3634,3689,-2,6,test_1,Mouse060_20160526_18-16-27,smoothed_frames
0.5,mount,20,23,0.7272727272727273,3696,3727,3691,3734,5,-7,test_1,Mouse060_20160526_18-16-27,smoothed_frames
0.5,investigation,21,24,0.7671232876712328,3728,3791,3736,3800,-8,-9,test_1,Mouse060_20160526_18-16-27,smoothed_frames
0.5,investigation,23,26,0.65625,3808,3839,3818,3838,-10,1,test_1,Mouse060_20160526_18-16-27,smoothed_frames
0.5,investigation,24,27,0.5491071428571429,3856,4079,3859,3981,-3,98,test_1,Mouse060_20160526_18-16-27,smoothed_frames
0.5,investigation,25,29,0.6133333333333333,4272,4335,4290,4346,-18,-11,test_1,Mouse060_20160526_18-16-27,smoothed_frames
0.5,mount,26,30,0.891566265060241,4336,4495,4348,4501,-12,-6,test_1,Mouse060_20160526_18-16-27,smoothed_frames
0.5,investigation,28,31,0.7708333333333334,4592,4687,4612,4685,-20,2,test_1,Mouse060_20160526_18-16-27,smoothed_frames
0.5,mount,29,32,0.6666666666666666,4688,4703,4687,4710,1,-7,test_1,Mouse060_20160526_18-16-27,smoothed_frames
0.5,investigation,31,34,0.6417910447761194,4960,5007,4965,5026,-5,-19,test_1,Mouse060_20160526_18-16-27,smoothed_frames
0.5,mount,36,37,0.9846153846153847,6000,6319,5998,6322,2,-3,test_1,Mouse060_20160526_18-16-27,smoothed_frames
0.5,mount,39,39,0.5370370370370371,6928,6975,6947,6981,-19,-6,test_1,Mouse060_20160526_18-16-27,smoothed_frames
0.5,investigation,41,41,0.8135593220338984,7184,7231,7179,7237,5,-6,test_1,Mouse060_20160526_18-16-27,smoothed_frames
0.5,mount,42,42,0.9013452914798207,7232,7439,7239,7454,-7,-15,test_1,Mouse060_20160526_18-16-27,smoothed_frames
0.5,investigation,44,46,0.5544554455445545,8240,8335,8280,8340,-40,-5,test_1,Mouse060_20160526_18-16-27,smoothed_frames
0.5,investigation,46,47,0.7719298245614035,9056,9103,9047,9099,9,4,test_1,Mouse060_20160526_18-16-27,smoothed_frames
0.5,mount,47,48,0.8995983935742972,9104,9327,9101,9349,3,-22,test_1,Mouse060_20160526_18-16-27,smoothed_frames
0.5,mount,49,51,0.631578947368421,9600,9647,9573,9648,27,-1,test_1,Mouse060_20160526_18-16-27,smoothed_frames
0.5,investigation,50,53,0.821917808219178,10272,10335,10263,10331,9,4,test_1,Mouse060_20160526_18-16-27,smoothed_frames
0.5,mount,51,54,0.9019607843137255,10336,10383,10333,10381,3,2,test_1,Mouse060_20160526_18-16-27,smoothed_frames
0.5,investigation,52,55,0.9844559585492227,10384,10575,10383,10573,1,2,test_1,Mouse060_20160526_18-16-27,smoothed_frames
0.5,mount,54,56,0.8770491803278688,10864,10975,10869,10985,-5,-10,test_1,Mouse060_20160526_18-16-27,smoothed_frames
0.5,mount,57,58,0.8756756756756757,11888,12063,11902,12072,-14,-9,test_1,Mouse060_20160526_18-16-27,smoothed_frames
0.5,mount,60,60,0.8549618320610687,12192,12303,12178,12308,14,-5,test_1,Mouse060_20160526_18-16-27,smoothed_frames
0.5,investigation,62,63,0.8275862068965517,13088,13135,13085,13142,3,-7,test_1,Mouse060_20160526_18-16-27,smoothed_frames
0.5,mount,63,64,0.8333333333333334,13136,13183,13144,13183,-8,0,test_1,Mouse060_20160526_18-16-27,smoothed_frames
0.5,investigation,64,65,0.625,13184,13199,13185,13194,-1,5,test_1,Mouse060_20160526_18-16-27,smoothed_frames
0.5,investigation,65,66,0.5,13472,13503,13487,13502,-15,1,test_1,Mouse060_20160526_18-16-27,smoothed_frames
0.5,investigation,66,67,0.5,13568,13599,13580,13595,-12,4,test_1,Mouse060_20160526_18-16-27,smoothed_frames
0.5,mount,67,68,0.9320388349514563,13600,13695,13597,13699,3,-4,test_1,Mouse060_20160526_18-16-27,smoothed_frames
0.5,investigation,68,69,0.6875,13696,13711,13701,13711,-5,0,test_1,Mouse060_20160526_18-16-27,smoothed_frames
0.5,investigation,69,70,0.609375,13856,13919,13870,13908,-14,11,test_1,Mouse060_20160526_18-16-27,smoothed_frames
0.5,investigation,70,72,0.7875,14544,14623,14552,14614,-8,9,test_1,Mouse060_20160526_18-16-27,smoothed_frames
0.5,investigation,71,73,0.9458333333333333,15120,15359,15121,15347,-1,12,test_1,Mouse060_20160526_18-16-27,smoothed_frames
0.5,investigation,72,76,0.5135135135135135,16352,16383,16365,16388,-13,-5,test_1,Mouse060_20160526_18-16-27,smoothed_frames
0.5,investigation,73,77,0.7205882352941176,16448,16511,16463,16515,-15,-4,test_1,Mouse060_20160526_18-16-27,smoothed_frames
0.5,investigation,74,78,0.7098214285714286,16800,17023,16815,16973,-15,50,test_1,Mouse060_20160526_18-16-27,smoothed_frames
0.5,investigation,75,79,0.8764044943820225,17088,17167,17079,17165,9,2,test_1,Mouse060_20160526_18-16-27,smoothed_frames
0.5,investigation,76,80,0.5161290322580645,17376,17391,17361,17391,15,0,test_1,Mouse060_20160526_18-16-27,smoothed_frames
0.5,mount,81,84,0.5106382978723404,18464,18559,18379,18566,85,-7,test_1,Mouse060_20160526_18-16-27,smoothed_frames
0.5,mount,85,86,0.7708333333333334,19088,19183,19090,19163,-2,20,test_1,Mouse060_20160526_18-16-27,smoothed_frames
0.5,investigation,90,92,0.54,20736,20767,20718,20762,18,5,test_1,Mouse060_20160526_18-16-27,smoothed_frames
0.5,investigation,92,100,0.7083333333333334,21504,21551,21515,21548,-11,3,test_1,Mouse060_20160526_18-16-27,smoothed_frames
0.5,investigation,94,103,0.7454545454545455,22736,22783,22729,22776,7,7,test_1,Mouse060_20160526_18-16-27,smoothed_frames
0.5,investigation,95,104,0.8,22976,23007,22972,23011,4,-4,test_1,Mouse060_20160526_18-16-27,smoothed_frames
0.5,mount,96,105,0.7916666666666666,23008,23055,23013,23050,-5,5,test_1,Mouse060_20160526_18-16-27,smoothed_frames
0.5,investigation,98,107,0.6666666666666666,23456,23487,23453,23500,3,-13,test_1,Mouse060_20160526_18-16-27,smoothed_frames
0.25,investigation,0,2,0.47475961538461536,0,831,321,715,-321,116,test_1,Mouse061_20160526_18-38-49,raw_windows
0.25,investigation,1,6,0.5952380952380952,928,1263,935,1134,-7,129,test_1,Mouse061_20160526_18-38-49,raw_windows
0.25,investigation,2,8,0.875,1328,1487,1331,1470,-3,17,test_1,Mouse061_20160526_18-38-49,raw_windows
0.25,investigation,3,10,0.8421052631578947,1616,1663,1608,1664,8,-1,test_1,Mouse061_20160526_18-38-49,raw_windows
0.25,investigation,4,11,0.9134615384615384,1776,1983,1786,1975,-10,8,test_1,Mouse061_20160526_18-38-49,raw_windows
0.25,mount,5,12,0.8135593220338984,1984,2079,1977,2094,7,-15,test_1,Mouse061_20160526_18-38-49,raw_windows
0.25,investigation,6,13,0.6625,2080,2239,2129,2234,-49,5,test_1,Mouse061_20160526_18-38-49,raw_windows
0.25,investigation,7,14,0.7228915662650602,2288,2367,2285,2347,3,20,test_1,Mouse061_20160526_18-38-49,raw_windows
0.25,investigation,8,15,0.660377358490566,2384,2431,2397,2436,-13,-5,test_1,Mouse061_20160526_18-38-49,raw_windows
0.25,investigation,9,16,0.9769230769230769,2512,2767,2508,2765,4,2,test_1,Mouse061_20160526_18-38-49,raw_windows
0.25,investigation,10,17,0.9230769230769231,2928,2975,2925,2976,3,-1,test_1,Mouse061_20160526_18-38-49,raw_windows
0.25,investigation,11,18,0.8680555555555556,3296,3439,3303,3427,-7,12,test_1,Mouse061_20160526_18-38-49,raw_windows
0.25,investigation,12,19,0.927710843373494,3616,3695,3613,3692,3,3,test_1,Mouse061_20160526_18-38-49,raw_windows
0.25,investigation,13,20,0.5151515151515151,3792,3823,3791,3808,1,15,test_1,Mouse061_20160526_18-38-49,raw_windows
0.25,mount,14,21,0.9911955514365153,3824,5967,3810,5962,14,5,test_1,Mouse061_20160526_18-38-49,raw_windows
0.25,investigation,15,22,0.8947368421052632,6144,6271,6139,6262,5,9,test_1,Mouse061_20160526_18-38-49,raw_windows
0.25,investigation,16,24,0.8125,6480,6735,6491,6698,-11,37,test_1,Mouse061_20160526_18-38-49,raw_windows
0.25,investigation,17,26,0.9489795918367347,6896,6991,6894,6988,2,3,test_1,Mouse061_20160526_18-38-49,raw_windows
0.25,investigation,18,27,0.6764705882352942,7088,7119,7086,7110,2,9,test_1,Mouse061_20160526_18-38-49,raw_windows
0.25,investigation,19,28,0.8205128205128205,7168,7199,7164,7202,4,-3,test_1,Mouse061_20160526_18-38-49,raw_windows
0.25,mount,20,29,0.9951923076923077,7200,8031,7204,8031,-4,0,test_1,Mouse061_20160526_18-38-49,raw_windows
0.25,investigation,22,30,0.8070175438596491,8208,8303,8212,8321,-4,-18,test_1,Mouse061_20160526_18-38-49,raw_windows
0.25,investigation,23,31,0.9289772727272727,8336,8687,8349,8675,-13,12,test_1,Mouse061_20160526_18-38-49,raw_windows
0.25,investigation,24,34,0.4266304347826087,8832,9199,9034,9190,-202,9,test_1,Mouse061_20160526_18-38-49,raw_windows
0.25,investigation,25,35,0.96875,9520,9551,9521,9551,-1,0,test_1,Mouse061_20160526_18-38-49,raw_windows
0.25,mount,26,36,0.9820089955022488,9552,10207,9553,10218,-1,-11,test_1,Mouse061_20160526_18-38-49,raw_windows
0.25,investigation,28,37,0.7878787878787878,10528,10559,10534,10560,-6,-1,test_1,Mouse061_20160526_18-38-49,raw_windows
0.25,investigation,29,38,0.9253731343283582,10784,10847,10781,10845,3,2,test_1,Mouse061_20160526_18-38-49,raw_windows
0.25,investigation,30,40,0.3333333333333333,10976,11119,11058,11105,-82,14,test_1,Mouse061_20160526_18-38-49,raw_windows
0.25,investigation,31,42,0.7751937984496124,11232,11359,11231,11331,1,28,test_1,Mouse061_20160526_18-38-49,raw_windows
0.25,investigation,32,44,0.3333333333333333,11504,11519,11499,11510,5,9,test_1,Mouse061_20160526_18-38-49,raw_windows
0.25,mount,33,45,0.9799764428739693,11520,12351,11512,12360,8,-9,test_1,Mouse061_20160526_18-38-49,raw_windows
0.25,investigation,35,46,0.9446494464944649,13056,13311,13044,13314,12,-3,test_1,Mouse061_20160526_18-38-49,raw_windows
0.25,mount,36,47,0.9766454352441614,13312,13775,13316,13782,-4,-7,test_1,Mouse061_20160526_18-38-49,raw_windows
0.25,investigation,38,48,0.6041666666666666,13904,14095,13978,14093,-74,2,test_1,Mouse061_20160526_18-38-49,raw_windows
0.25,investigation,39,49,0.3793103448275862,14208,14255,14234,14265,-26,-10,test_1,Mouse061_20160526_18-38-49,raw_windows
0.25,investigation,40,50,0.9380530973451328,14752,14863,14758,14864,-6,-1,test_1,Mouse061_20160526_18-38-49,raw_windows
0.25,investigation,41,51,0.8727272727272727,15072,15119,15072,15126,0,-7,test_1,Mouse061_20160526_18-38-49,raw_windows
0.25,mount,42,52,0.7777777777777778,15120,15183,15128,15191,-8,-8,test_1,Mouse061_20160526_18-38-49,raw_windows
0.25,investigation,46,56,0.625,16080,16111,16086,16105,-6,6,test_1,Mouse061_20160526_18-38-49,raw_windows
0.25,investigation,47,57,0.7291666666666666,16416,16463,16429,16463,-13,0,test_1,Mouse061_20160526_18-38-49,raw_windows
0.25,mount,48,58,0.9879725085910653,16464,17039,16465,17045,-1,-6,test_1,Mouse061_20160526_18-38-49,raw_windows
0.25,investigation,52,60,0.6956521739130435,17248,17263,17248,17270,0,-7,test_1,Mouse061_20160526_18-38-49,raw_windows
0.25,mount,53,61,0.9803328290468987,17264,17919,17272,17924,-8,-5,test_1,Mouse061_20160526_18-38-49,raw_windows
0.25,investigation,55,62,0.8541666666666666,18592,18639,18599,18639,-7,0,test_1,Mouse061_20160526_18-38-49,raw_windows
0.5,investigation,1,6,0.5952380952380952,928,1263,935,1134,-7,129,test_1,Mouse061_20160526_18-38-49,raw_windows
0.5,investigation,2,8,0.875,1328,1487,1331,1470,-3,17,test_1,Mouse061_20160526_18-38-49,raw_windows
0.5,investigation,3,10,0.8421052631578947,1616,1663,1608,1664,8,-1,test_1,Mouse061_20160526_18-38-49,raw_windows
0.5,investigation,4,11,0.9134615384615384,1776,1983,1786,1975,-10,8,test_1,Mouse061_20160526_18-38-49,raw_windows
0.5,mount,5,12,0.8135593220338984,1984,2079,1977,2094,7,-15,test_1,Mouse061_20160526_18-38-49,raw_windows
0.5,investigation,6,13,0.6625,2080,2239,2129,2234,-49,5,test_1,Mouse061_20160526_18-38-49,raw_windows
0.5,investigation,7,14,0.7228915662650602,2288,2367,2285,2347,3,20,test_1,Mouse061_20160526_18-38-49,raw_windows
0.5,investigation,8,15,0.660377358490566,2384,2431,2397,2436,-13,-5,test_1,Mouse061_20160526_18-38-49,raw_windows
0.5,investigation,9,16,0.9769230769230769,2512,2767,2508,2765,4,2,test_1,Mouse061_20160526_18-38-49,raw_windows
0.5,investigation,10,17,0.9230769230769231,2928,2975,2925,2976,3,-1,test_1,Mouse061_20160526_18-38-49,raw_windows
0.5,investigation,11,18,0.8680555555555556,3296,3439,3303,3427,-7,12,test_1,Mouse061_20160526_18-38-49,raw_windows
0.5,investigation,12,19,0.927710843373494,3616,3695,3613,3692,3,3,test_1,Mouse061_20160526_18-38-49,raw_windows
0.5,investigation,13,20,0.5151515151515151,3792,3823,3791,3808,1,15,test_1,Mouse061_20160526_18-38-49,raw_windows
0.5,mount,14,21,0.9911955514365153,3824,5967,3810,5962,14,5,test_1,Mouse061_20160526_18-38-49,raw_windows
0.5,investigation,15,22,0.8947368421052632,6144,6271,6139,6262,5,9,test_1,Mouse061_20160526_18-38-49,raw_windows
0.5,investigation,16,24,0.8125,6480,6735,6491,6698,-11,37,test_1,Mouse061_20160526_18-38-49,raw_windows
0.5,investigation,17,26,0.9489795918367347,6896,6991,6894,6988,2,3,test_1,Mouse061_20160526_18-38-49,raw_windows
0.5,investigation,18,27,0.6764705882352942,7088,7119,7086,7110,2,9,test_1,Mouse061_20160526_18-38-49,raw_windows
0.5,investigation,19,28,0.8205128205128205,7168,7199,7164,7202,4,-3,test_1,Mouse061_20160526_18-38-49,raw_windows
0.5,mount,20,29,0.9951923076923077,7200,8031,7204,8031,-4,0,test_1,Mouse061_20160526_18-38-49,raw_windows
0.5,investigation,22,30,0.8070175438596491,8208,8303,8212,8321,-4,-18,test_1,Mouse061_20160526_18-38-49,raw_windows
0.5,investigation,23,31,0.9289772727272727,8336,8687,8349,8675,-13,12,test_1,Mouse061_20160526_18-38-49,raw_windows
0.5,investigation,25,35,0.96875,9520,9551,9521,9551,-1,0,test_1,Mouse061_20160526_18-38-49,raw_windows
0.5,mount,26,36,0.9820089955022488,9552,10207,9553,10218,-1,-11,test_1,Mouse061_20160526_18-38-49,raw_windows
0.5,investigation,28,37,0.7878787878787878,10528,10559,10534,10560,-6,-1,test_1,Mouse061_20160526_18-38-49,raw_windows
0.5,investigation,29,38,0.9253731343283582,10784,10847,10781,10845,3,2,test_1,Mouse061_20160526_18-38-49,raw_windows
0.5,investigation,31,42,0.7751937984496124,11232,11359,11231,11331,1,28,test_1,Mouse061_20160526_18-38-49,raw_windows
0.5,mount,33,45,0.9799764428739693,11520,12351,11512,12360,8,-9,test_1,Mouse061_20160526_18-38-49,raw_windows
0.5,investigation,35,46,0.9446494464944649,13056,13311,13044,13314,12,-3,test_1,Mouse061_20160526_18-38-49,raw_windows
0.5,mount,36,47,0.9766454352441614,13312,13775,13316,13782,-4,-7,test_1,Mouse061_20160526_18-38-49,raw_windows
0.5,investigation,38,48,0.6041666666666666,13904,14095,13978,14093,-74,2,test_1,Mouse061_20160526_18-38-49,raw_windows
0.5,investigation,40,50,0.9380530973451328,14752,14863,14758,14864,-6,-1,test_1,Mouse061_20160526_18-38-49,raw_windows
0.5,investigation,41,51,0.8727272727272727,15072,15119,15072,15126,0,-7,test_1,Mouse061_20160526_18-38-49,raw_windows
0.5,mount,42,52,0.7777777777777778,15120,15183,15128,15191,-8,-8,test_1,Mouse061_20160526_18-38-49,raw_windows
0.5,investigation,46,56,0.625,16080,16111,16086,16105,-6,6,test_1,Mouse061_20160526_18-38-49,raw_windows
0.5,investigation,47,57,0.7291666666666666,16416,16463,16429,16463,-13,0,test_1,Mouse061_20160526_18-38-49,raw_windows
0.5,mount,48,58,0.9879725085910653,16464,17039,16465,17045,-1,-6,test_1,Mouse061_20160526_18-38-49,raw_windows
0.5,investigation,52,60,0.6956521739130435,17248,17263,17248,17270,0,-7,test_1,Mouse061_20160526_18-38-49,raw_windows
0.5,mount,53,61,0.9803328290468987,17264,17919,17272,17924,-8,-5,test_1,Mouse061_20160526_18-38-49,raw_windows
0.5,investigation,55,62,0.8541666666666666,18592,18639,18599,18639,-7,0,test_1,Mouse061_20160526_18-38-49,raw_windows
0.25,investigation,0,2,0.4658018867924528,0,847,321,715,-321,132,test_1,Mouse061_20160526_18-38-49,smoothed_frames
0.25,investigation,1,6,0.5681818181818182,928,1279,935,1134,-7,145,test_1,Mouse061_20160526_18-38-49,smoothed_frames
0.25,investigation,2,8,0.7954545454545454,1328,1503,1331,1470,-3,33,test_1,Mouse061_20160526_18-38-49,smoothed_frames
0.25,investigation,3,10,0.7125,1600,1679,1608,1664,-8,15,test_1,Mouse061_20160526_18-38-49,smoothed_frames
0.25,investigation,4,11,0.9134615384615384,1776,1983,1786,1975,-10,8,test_1,Mouse061_20160526_18-38-49,smoothed_frames
0.25,mount,5,12,0.8135593220338984,1984,2079,1977,2094,7,-15,test_1,Mouse061_20160526_18-38-49,smoothed_frames
0.25,investigation,6,13,0.6022727272727273,2080,2255,2129,2234,-49,21,test_1,Mouse061_20160526_18-38-49,smoothed_frames
0.25,investigation,7,14,0.35795454545454547,2272,2447,2285,2347,-13,100,test_1,Mouse061_20160526_18-38-49,smoothed_frames
0.25,investigation,8,16,0.9485294117647058,2496,2767,2508,2765,-12,2,test_1,Mouse061_20160526_18-38-49,smoothed_frames
0.25,investigation,9,17,0.65,2912,2991,2925,2976,-13,15,test_1,Mouse061_20160526_18-38-49,smoothed_frames
0.25,investigation,10,18,0.8680555555555556,3296,3439,3303,3427,-7,12,test_1,Mouse061_20160526_18-38-49,smoothed_frames
0.25,investigation,11,19,0.8333333333333334,3600,3695,3613,3692,-13,3,test_1,Mouse061_20160526_18-38-49,smoothed_frames
0.25,investigation,12,20,0.375,3776,3823,3791,3808,-15,15,test_1,Mouse061_20160526_18-38-49,smoothed_frames
0.25,mount,13,21,0.9911955514365153,3824,5967,3810,5962,14,5,test_1,Mouse061_20160526_18-38-49,smoothed_frames
0.25,investigation,14,22,0.8611111111111112,6128,6271,6139,6262,-11,9,test_1,Mouse061_20160526_18-38-49,smoothed_frames
0.25,investigation,15,24,0.7647058823529411,6480,6751,6491,6698,-11,53,test_1,Mouse061_20160526_18-38-49,smoothed_frames
0.25,investigation,16,26,0.8482142857142857,6880,6991,6894,6988,-14,3,test_1,Mouse061_20160526_18-38-49,smoothed_frames
0.25,investigation,17,27,0.46,7088,7135,7086,7110,2,25,test_1,Mouse061_20160526_18-38-49,smoothed_frames
0.25,investigation,18,28,0.8205128205128205,7168,7199,7164,7202,4,-3,test_1,Mouse061_20160526_18-38-49,smoothed_frames
0.25,mount,19,29,0.9951923076923077,7200,8031,7204,8031,-4,0,test_1,Mouse061_20160526_18-38-49,smoothed_frames
0.25,investigation,21,30,0.9473684210526315,8208,8319,8212,8321,-4,-2,test_1,Mouse061_20160526_18-38-49,smoothed_frames
0.25,investigation,22,31,0.9289772727272727,8336,8687,8349,8675,-13,12,test_1,Mouse061_20160526_18-38-49,smoothed_frames
0.25,investigation,23,34,0.4266304347826087,8832,9199,9034,9190,-202,9,test_1,Mouse061_20160526_18-38-49,smoothed_frames
0.25,investigation,24,35,0.6458333333333334,9504,9551,9521,9551,-17,0,test_1,Mouse061_20160526_18-38-49,smoothed_frames
0.25,mount,25,36,0.9820089955022488,9552,10207,9553,10218,-1,-11,test_1,Mouse061_20160526_18-38-49,smoothed_frames
0.25,investigation,27,37,0.421875,10512,10575,10534,10560,-22,15,test_1,Mouse061_20160526_18-38-49,smoothed_frames
0.25,investigation,28,38,0.8125,10768,10847,10781,10845,-13,2,test_1,Mouse061_20160526_18-38-49,smoothed_frames
0.25,investigation,29,40,0.2727272727272727,10960,11135,11058,11105,-98,30,test_1,Mouse061_20160526_18-38-49,smoothed_frames
0.25,investigation,30,42,0.63125,11216,11375,11231,11331,-15,44,test_1,Mouse061_20160526_18-38-49,smoothed_frames
0.25,investigation,31,44,0.375,11488,11519,11499,11510,-11,9,test_1,Mouse061_20160526_18-38-49,smoothed_frames
0.25,mount,32,45,0.9799764428739693,11520,12351,11512,12360,8,-9,test_1,Mouse061_20160526_18-38-49,smoothed_frames
0.25,investigation,34,46,0.9745454545454545,13040,13311,13044,13314,-4,-3,test_1,Mouse061_20160526_18-38-49,smoothed_frames
0.25,mount,35,47,0.9766454352441614,13312,13775,13316,13782,-4,-7,test_1,Mouse061_20160526_18-38-49,smoothed_frames
0.25,investigation,37,48,0.6041666666666666,13904,14095,13978,14093,-74,2,test_1,Mouse061_20160526_18-38-49,smoothed_frames
0.25,investigation,38,49,0.5,14208,14271,14234,14265,-26,6,test_1,Mouse061_20160526_18-38-49,smoothed_frames
0.25,investigation,39,50,0.8359375,14752,14879,14758,14864,-6,15,test_1,Mouse061_20160526_18-38-49,smoothed_frames
0.25,investigation,40,51,0.676056338028169,15056,15119,15072,15126,-16,-7,test_1,Mouse061_20160526_18-38-49,smoothed_frames
0.25,mount,41,52,0.7777777777777778,15120,15183,15128,15191,-8,-8,test_1,Mouse061_20160526_18-38-49,smoothed_frames
0.25,investigation,43,53,0.4,15328,15359,15346,15362,-18,-3,test_1,Mouse061_20160526_18-38-49,smoothed_frames
0.25,investigation,45,56,0.625,16080,16111,16086,16105,-6,6,test_1,Mouse061_20160526_18-38-49,smoothed_frames
0.25,investigation,46,57,0.7291666666666666,16416,16463,16429,16463,-13,0,test_1,Mouse061_20160526_18-38-49,smoothed_frames
0.25,mount,47,58,0.9879725085910653,16464,17039,16465,17045,-1,-6,test_1,Mouse061_20160526_18-38-49,smoothed_frames
0.25,investigation,51,60,0.41025641025641024,17232,17263,17248,17270,-16,-7,test_1,Mouse061_20160526_18-38-49,smoothed_frames
0.25,mount,52,61,0.9803328290468987,17264,17919,17272,17924,-8,-5,test_1,Mouse061_20160526_18-38-49,smoothed_frames
0.25,investigation,55,62,0.8541666666666666,18592,18639,18599,18639,-7,0,test_1,Mouse061_20160526_18-38-49,smoothed_frames
0.5,investigation,1,6,0.5681818181818182,928,1279,935,1134,-7,145,test_1,Mouse061_20160526_18-38-49,smoothed_frames
0.5,investigation,2,8,0.7954545454545454,1328,1503,1331,1470,-3,33,test_1,Mouse061_20160526_18-38-49,smoothed_frames
0.5,investigation,3,10,0.7125,1600,1679,1608,1664,-8,15,test_1,Mouse061_20160526_18-38-49,smoothed_frames
0.5,investigation,4,11,0.9134615384615384,1776,1983,1786,1975,-10,8,test_1,Mouse061_20160526_18-38-49,smoothed_frames
0.5,mount,5,12,0.8135593220338984,1984,2079,1977,2094,7,-15,test_1,Mouse061_20160526_18-38-49,smoothed_frames
0.5,investigation,6,13,0.6022727272727273,2080,2255,2129,2234,-49,21,test_1,Mouse061_20160526_18-38-49,smoothed_frames
0.5,investigation,8,16,0.9485294117647058,2496,2767,2508,2765,-12,2,test_1,Mouse061_20160526_18-38-49,smoothed_frames
0.5,investigation,9,17,0.65,2912,2991,2925,2976,-13,15,test_1,Mouse061_20160526_18-38-49,smoothed_frames
0.5,investigation,10,18,0.8680555555555556,3296,3439,3303,3427,-7,12,test_1,Mouse061_20160526_18-38-49,smoothed_frames
0.5,investigation,11,19,0.8333333333333334,3600,3695,3613,3692,-13,3,test_1,Mouse061_20160526_18-38-49,smoothed_frames
0.5,mount,13,21,0.9911955514365153,3824,5967,3810,5962,14,5,test_1,Mouse061_20160526_18-38-49,smoothed_frames
0.5,investigation,14,22,0.8611111111111112,6128,6271,6139,6262,-11,9,test_1,Mouse061_20160526_18-38-49,smoothed_frames
0.5,investigation,15,24,0.7647058823529411,6480,6751,6491,6698,-11,53,test_1,Mouse061_20160526_18-38-49,smoothed_frames
0.5,investigation,16,26,0.8482142857142857,6880,6991,6894,6988,-14,3,test_1,Mouse061_20160526_18-38-49,smoothed_frames
0.5,investigation,18,28,0.8205128205128205,7168,7199,7164,7202,4,-3,test_1,Mouse061_20160526_18-38-49,smoothed_frames
0.5,mount,19,29,0.9951923076923077,7200,8031,7204,8031,-4,0,test_1,Mouse061_20160526_18-38-49,smoothed_frames
0.5,investigation,21,30,0.9473684210526315,8208,8319,8212,8321,-4,-2,test_1,Mouse061_20160526_18-38-49,smoothed_frames
0.5,investigation,22,31,0.9289772727272727,8336,8687,8349,8675,-13,12,test_1,Mouse061_20160526_18-38-49,smoothed_frames
0.5,investigation,24,35,0.6458333333333334,9504,9551,9521,9551,-17,0,test_1,Mouse061_20160526_18-38-49,smoothed_frames
0.5,mount,25,36,0.9820089955022488,9552,10207,9553,10218,-1,-11,test_1,Mouse061_20160526_18-38-49,smoothed_frames
0.5,investigation,28,38,0.8125,10768,10847,10781,10845,-13,2,test_1,Mouse061_20160526_18-38-49,smoothed_frames
0.5,investigation,30,42,0.63125,11216,11375,11231,11331,-15,44,test_1,Mouse061_20160526_18-38-49,smoothed_frames
0.5,mount,32,45,0.9799764428739693,11520,12351,11512,12360,8,-9,test_1,Mouse061_20160526_18-38-49,smoothed_frames
0.5,investigation,34,46,0.9745454545454545,13040,13311,13044,13314,-4,-3,test_1,Mouse061_20160526_18-38-49,smoothed_frames
0.5,mount,35,47,0.9766454352441614,13312,13775,13316,13782,-4,-7,test_1,Mouse061_20160526_18-38-49,smoothed_frames
0.5,investigation,37,48,0.6041666666666666,13904,14095,13978,14093,-74,2,test_1,Mouse061_20160526_18-38-49,smoothed_frames
0.5,investigation,38,49,0.5,14208,14271,14234,14265,-26,6,test_1,Mouse061_20160526_18-38-49,smoothed_frames
0.5,investigation,39,50,0.8359375,14752,14879,14758,14864,-6,15,test_1,Mouse061_20160526_18-38-49,smoothed_frames
0.5,investigation,40,51,0.676056338028169,15056,15119,15072,15126,-16,-7,test_1,Mouse061_20160526_18-38-49,smoothed_frames
0.5,mount,41,52,0.7777777777777778,15120,15183,15128,15191,-8,-8,test_1,Mouse061_20160526_18-38-49,smoothed_frames
0.5,investigation,45,56,0.625,16080,16111,16086,16105,-6,6,test_1,Mouse061_20160526_18-38-49,smoothed_frames
0.5,investigation,46,57,0.7291666666666666,16416,16463,16429,16463,-13,0,test_1,Mouse061_20160526_18-38-49,smoothed_frames
0.5,mount,47,58,0.9879725085910653,16464,17039,16465,17045,-1,-6,test_1,Mouse061_20160526_18-38-49,smoothed_frames
0.5,mount,52,61,0.9803328290468987,17264,17919,17272,17924,-8,-5,test_1,Mouse061_20160526_18-38-49,smoothed_frames
0.5,investigation,55,62,0.8541666666666666,18592,18639,18599,18639,-7,0,test_1,Mouse061_20160526_18-38-49,smoothed_frames
0.25,investigation,0,0,0.4444444444444444,0,143,5,68,-5,75,test_1,Mouse062_20160526_18-56-26,raw_windows
0.25,investigation,1,2,0.4855769230769231,176,383,180,280,-4,103,test_1,Mouse062_20160526_18-56-26,raw_windows
0.25,investigation,2,4,0.9613899613899614,400,911,414,917,-14,-6,test_1,Mouse062_20160526_18-56-26,raw_windows
0.25,investigation,3,5,0.88671875,992,1247,999,1225,-7,22,test_1,Mouse062_20160526_18-56-26,raw_windows
0.25,investigation,4,7,0.9793103448275862,1344,1487,1346,1488,-2,-1,test_1,Mouse062_20160526_18-56-26,raw_windows
0.25,investigation,5,8,0.9119170984455959,1520,1695,1511,1703,9,-8,test_1,Mouse062_20160526_18-56-26,raw_windows
0.25,investigation,6,10,0.9086538461538461,1744,1951,1757,1945,-13,6,test_1,Mouse062_20160526_18-56-26,raw_windows
0.25,investigation,7,11,0.9365853658536586,2000,2191,2000,2204,0,-13,test_1,Mouse062_20160526_18-56-26,raw_windows
0.25,investigation,8,12,0.9664429530201343,2224,2511,2217,2514,7,-3,test_1,Mouse062_20160526_18-56-26,raw_windows
0.25,investigation,9,13,0.7625,2624,2703,2625,2685,-1,18,test_1,Mouse062_20160526_18-56-26,raw_windows
0.25,investigation,10,14,0.9166666666666666,2880,3023,2888,3019,-8,4,test_1,Mouse062_20160526_18-56-26,raw_windows
0.25,investigation,11,15,0.9447674418604651,3040,3375,3051,3383,-11,-8,test_1,Mouse062_20160526_18-56-26,raw_windows
0.25,investigation,12,16,0.5882352941176471,3408,3439,3420,3441,-12,-2,test_1,Mouse062_20160526_18-56-26,raw_windows
0.25,investigation,13,17,0.7916666666666666,3600,3647,3603,3640,-3,7,test_1,Mouse062_20160526_18-56-26,raw_windows
0.25,investigation,14,18,0.9568106312292359,3760,4047,3752,4052,8,-5,test_1,Mouse062_20160526_18-56-26,raw_windows
0.25,investigation,15,19,0.61875,4320,4479,4330,4428,-10,51,test_1,Mouse062_20160526_18-56-26,raw_windows
0.25,investigation,16,21,0.8113207547169812,4624,4671,4629,4676,-5,-5,test_1,Mouse062_20160526_18-56-26,raw_windows
0.25,investigation,17,22,0.5625,4704,4735,4715,4732,-11,3,test_1,Mouse062_20160526_18-56-26,raw_windows
0.25,investigation,18,23,0.96,4800,4991,4792,4991,8,0,test_1,Mouse062_20160526_18-56-26,raw_windows
0.25,investigation,19,24,0.6571428571428571,5040,5071,5037,5062,3,9,test_1,Mouse062_20160526_18-56-26,raw_windows
0.25,investigation,20,25,0.9027777777777778,5120,5263,5125,5254,-5,9,test_1,Mouse062_20160526_18-56-26,raw_windows
0.25,investigation,21,26,0.875,5392,5487,5393,5476,-1,11,test_1,Mouse062_20160526_18-56-26,raw_windows
0.25,investigation,22,29,0.9638157894736842,5552,5855,5554,5846,-2,9,test_1,Mouse062_20160526_18-56-26,raw_windows
0.25,investigation,23,30,0.7441860465116279,5904,5935,5900,5942,4,-7,test_1,Mouse062_20160526_18-56-26,raw_windows
0.25,investigation,24,31,0.8533333333333334,6096,6159,6087,6161,9,-2,test_1,Mouse062_20160526_18-56-26,raw_windows
0.25,investigation,25,34,0.5595667870036101,6368,6639,6485,6644,-117,-5,test_1,Mouse062_20160526_18-56-26,raw_windows
0.25,investigation,26,35,0.6944444444444444,6688,6719,6684,6712,4,7,test_1,Mouse062_20160526_18-56-26,raw_windows
0.25,investigation,27,37,0.9107142857142857,6848,7071,6850,7053,-2,18,test_1,Mouse062_20160526_18-56-26,raw_windows
0.25,investigation,28,41,0.9876237623762376,7408,7807,7404,7806,4,1,test_1,Mouse062_20160526_18-56-26,raw_windows
0.25,investigation,29,42,0.8920454545454546,7888,8063,7902,8058,-14,5,test_1,Mouse062_20160526_18-56-26,raw_windows
0.25,investigation,30,43,0.39408866995073893,8096,8175,8095,8297,1,-122,test_1,Mouse062_20160526_18-56-26,raw_windows
0.25,investigation,32,44,0.8450704225352113,8624,8687,8628,8694,-4,-7,test_1,Mouse062_20160526_18-56-26,raw_windows
0.25,investigation,33,45,0.5555555555555556,8784,8799,8785,8810,-1,-11,test_1,Mouse062_20160526_18-56-26,raw_windows
0.25,investigation,34,48,0.6666666666666666,9280,9311,9270,9307,10,4,test_1,Mouse062_20160526_18-56-26,raw_windows
0.25,investigation,35,52,0.6536458333333334,9408,9791,9534,9784,-126,7,test_1,Mouse062_20160526_18-56-26,raw_windows
0.25,investigation,36,53,0.9017857142857143,9936,10047,9945,10045,-9,2,test_1,Mouse062_20160526_18-56-26,raw_windows
0.25,investigation,37,55,0.5390625,10416,10543,10417,10485,-1,58,test_1,Mouse062_20160526_18-56-26,raw_windows
0.25,investigation,38,57,0.875,10608,10671,10615,10670,-7,1,test_1,Mouse062_20160526_18-56-26,raw_windows
0.25,investigation,39,59,0.9541984732824428,10944,11071,10941,11068,3,3,test_1,Mouse062_20160526_18-56-26,raw_windows
0.25,investigation,40,60,0.5813953488372093,11248,11279,11255,11290,-7,-11,test_1,Mouse062_20160526_18-56-26,raw_windows
0.25,mount,41,61,0.9783889980353635,11280,12287,11292,12297,-12,-10,test_1,Mouse062_20160526_18-56-26,raw_windows
0.25,investigation,42,62,0.9056603773584906,12704,12847,12702,12860,2,-13,test_1,Mouse062_20160526_18-56-26,raw_windows
0.25,investigation,43,63,0.9101796407185628,12960,13119,12968,13126,-8,-7,test_1,Mouse062_20160526_18-56-26,raw_windows
0.25,investigation,44,64,0.9456521739130435,13200,13375,13202,13383,-2,-8,test_1,Mouse062_20160526_18-56-26,raw_windows
0.25,investigation,45,66,0.8205128205128205,13440,13471,13436,13474,4,-3,test_1,Mouse062_20160526_18-56-26,raw_windows
0.25,mount,46,67,0.821917808219178,13472,13535,13476,13544,-4,-9,test_1,Mouse062_20160526_18-56-26,raw_windows
0.25,investigation,48,69,0.975,13792,13871,13793,13870,-1,1,test_1,Mouse062_20160526_18-56-26,raw_windows
0.25,investigation,49,71,0.8125,14272,14303,14272,14297,0,6,test_1,Mouse062_20160526_18-56-26,raw_windows
0.25,mount,50,72,0.9986312619764577,14304,17951,14299,17951,5,0,test_1,Mouse062_20160526_18-56-26,raw_windows
0.25,investigation,51,73,0.6153846153846154,18272,18287,18265,18290,7,-3,test_1,Mouse062_20160526_18-56-26,raw_windows
0.25,mount,52,74,0.825,18288,18367,18292,18357,-4,10,test_1,Mouse062_20160526_18-56-26,raw_windows
0.25,investigation,53,77,0.8888888888888888,19264,19295,19262,19297,2,-2,test_1,Mouse062_20160526_18-56-26,raw_windows
0.25,mount,54,78,0.9910714285714286,19296,19631,19299,19631,-3,0,test_1,Mouse062_20160526_18-56-26,raw_windows
0.5,investigation,2,4,0.9613899613899614,400,911,414,917,-14,-6,test_1,Mouse062_20160526_18-56-26,raw_windows
0.5,investigation,3,5,0.88671875,992,1247,999,1225,-7,22,test_1,Mouse062_20160526_18-56-26,raw_windows
0.5,investigation,4,7,0.9793103448275862,1344,1487,1346,1488,-2,-1,test_1,Mouse062_20160526_18-56-26,raw_windows
0.5,investigation,5,8,0.9119170984455959,1520,1695,1511,1703,9,-8,test_1,Mouse062_20160526_18-56-26,raw_windows
0.5,investigation,6,10,0.9086538461538461,1744,1951,1757,1945,-13,6,test_1,Mouse062_20160526_18-56-26,raw_windows
0.5,investigation,7,11,0.9365853658536586,2000,2191,2000,2204,0,-13,test_1,Mouse062_20160526_18-56-26,raw_windows
0.5,investigation,8,12,0.9664429530201343,2224,2511,2217,2514,7,-3,test_1,Mouse062_20160526_18-56-26,raw_windows
0.5,investigation,9,13,0.7625,2624,2703,2625,2685,-1,18,test_1,Mouse062_20160526_18-56-26,raw_windows
0.5,investigation,10,14,0.9166666666666666,2880,3023,2888,3019,-8,4,test_1,Mouse062_20160526_18-56-26,raw_windows
0.5,investigation,11,15,0.9447674418604651,3040,3375,3051,3383,-11,-8,test_1,Mouse062_20160526_18-56-26,raw_windows
0.5,investigation,12,16,0.5882352941176471,3408,3439,3420,3441,-12,-2,test_1,Mouse062_20160526_18-56-26,raw_windows
0.5,investigation,13,17,0.7916666666666666,3600,3647,3603,3640,-3,7,test_1,Mouse062_20160526_18-56-26,raw_windows
0.5,investigation,14,18,0.9568106312292359,3760,4047,3752,4052,8,-5,test_1,Mouse062_20160526_18-56-26,raw_windows
0.5,investigation,15,19,0.61875,4320,4479,4330,4428,-10,51,test_1,Mouse062_20160526_18-56-26,raw_windows
0.5,investigation,16,21,0.8113207547169812,4624,4671,4629,4676,-5,-5,test_1,Mouse062_20160526_18-56-26,raw_windows
0.5,investigation,17,22,0.5625,4704,4735,4715,4732,-11,3,test_1,Mouse062_20160526_18-56-26,raw_windows
0.5,investigation,18,23,0.96,4800,4991,4792,4991,8,0,test_1,Mouse062_20160526_18-56-26,raw_windows
0.5,investigation,19,24,0.6571428571428571,5040,5071,5037,5062,3,9,test_1,Mouse062_20160526_18-56-26,raw_windows
0.5,investigation,20,25,0.9027777777777778,5120,5263,5125,5254,-5,9,test_1,Mouse062_20160526_18-56-26,raw_windows
0.5,investigation,21,26,0.875,5392,5487,5393,5476,-1,11,test_1,Mouse062_20160526_18-56-26,raw_windows
0.5,investigation,22,29,0.9638157894736842,5552,5855,5554,5846,-2,9,test_1,Mouse062_20160526_18-56-26,raw_windows
0.5,investigation,23,30,0.7441860465116279,5904,5935,5900,5942,4,-7,test_1,Mouse062_20160526_18-56-26,raw_windows
0.5,investigation,24,31,0.8533333333333334,6096,6159,6087,6161,9,-2,test_1,Mouse062_20160526_18-56-26,raw_windows
0.5,investigation,25,34,0.5595667870036101,6368,6639,6485,6644,-117,-5,test_1,Mouse062_20160526_18-56-26,raw_windows
0.5,investigation,26,35,0.6944444444444444,6688,6719,6684,6712,4,7,test_1,Mouse062_20160526_18-56-26,raw_windows
0.5,investigation,27,37,0.9107142857142857,6848,7071,6850,7053,-2,18,test_1,Mouse062_20160526_18-56-26,raw_windows
0.5,investigation,28,41,0.9876237623762376,7408,7807,7404,7806,4,1,test_1,Mouse062_20160526_18-56-26,raw_windows
0.5,investigation,29,42,0.8920454545454546,7888,8063,7902,8058,-14,5,test_1,Mouse062_20160526_18-56-26,raw_windows
0.5,investigation,32,44,0.8450704225352113,8624,8687,8628,8694,-4,-7,test_1,Mouse062_20160526_18-56-26,raw_windows
0.5,investigation,33,45,0.5555555555555556,8784,8799,8785,8810,-1,-11,test_1,Mouse062_20160526_18-56-26,raw_windows
0.5,investigation,34,48,0.6666666666666666,9280,9311,9270,9307,10,4,test_1,Mouse062_20160526_18-56-26,raw_windows
0.5,investigation,35,52,0.6536458333333334,9408,9791,9534,9784,-126,7,test_1,Mouse062_20160526_18-56-26,raw_windows
0.5,investigation,36,53,0.9017857142857143,9936,10047,9945,10045,-9,2,test_1,Mouse062_20160526_18-56-26,raw_windows
0.5,investigation,37,55,0.5390625,10416,10543,10417,10485,-1,58,test_1,Mouse062_20160526_18-56-26,raw_windows
0.5,investigation,38,57,0.875,10608,10671,10615,10670,-7,1,test_1,Mouse062_20160526_18-56-26,raw_windows
0.5,investigation,39,59,0.9541984732824428,10944,11071,10941,11068,3,3,test_1,Mouse062_20160526_18-56-26,raw_windows
0.5,investigation,40,60,0.5813953488372093,11248,11279,11255,11290,-7,-11,test_1,Mouse062_20160526_18-56-26,raw_windows
0.5,mount,41,61,0.9783889980353635,11280,12287,11292,12297,-12,-10,test_1,Mouse062_20160526_18-56-26,raw_windows
0.5,investigation,42,62,0.9056603773584906,12704,12847,12702,12860,2,-13,test_1,Mouse062_20160526_18-56-26,raw_windows
0.5,investigation,43,63,0.9101796407185628,12960,13119,12968,13126,-8,-7,test_1,Mouse062_20160526_18-56-26,raw_windows
0.5,investigation,44,64,0.9456521739130435,13200,13375,13202,13383,-2,-8,test_1,Mouse062_20160526_18-56-26,raw_windows
0.5,investigation,45,66,0.8205128205128205,13440,13471,13436,13474,4,-3,test_1,Mouse062_20160526_18-56-26,raw_windows
0.5,mount,46,67,0.821917808219178,13472,13535,13476,13544,-4,-9,test_1,Mouse062_20160526_18-56-26,raw_windows
0.5,investigation,48,69,0.975,13792,13871,13793,13870,-1,1,test_1,Mouse062_20160526_18-56-26,raw_windows
0.5,investigation,49,71,0.8125,14272,14303,14272,14297,0,6,test_1,Mouse062_20160526_18-56-26,raw_windows
0.5,mount,50,72,0.9986312619764577,14304,17951,14299,17951,5,0,test_1,Mouse062_20160526_18-56-26,raw_windows
0.5,investigation,51,73,0.6153846153846154,18272,18287,18265,18290,7,-3,test_1,Mouse062_20160526_18-56-26,raw_windows
0.5,mount,52,74,0.825,18288,18367,18292,18357,-4,10,test_1,Mouse062_20160526_18-56-26,raw_windows
0.5,investigation,53,77,0.8888888888888888,19264,19295,19262,19297,2,-2,test_1,Mouse062_20160526_18-56-26,raw_windows
0.5,mount,54,78,0.9910714285714286,19296,19631,19299,19631,-3,0,test_1,Mouse062_20160526_18-56-26,raw_windows
0.25,investigation,0,0,0.4444444444444444,0,143,5,68,-5,75,test_1,Mouse062_20160526_18-56-26,smoothed_frames
0.25,investigation,1,4,0.6702127659574468,176,927,414,917,-238,10,test_1,Mouse062_20160526_18-56-26,smoothed_frames
0.25,investigation,2,5,0.88671875,992,1247,999,1225,-7,22,test_1,Mouse062_20160526_18-56-26,smoothed_frames
0.25,investigation,3,7,0.8819875776397516,1328,1487,1346,1488,-18,-1,test_1,Mouse062_20160526_18-56-26,smoothed_frames
0.25,investigation,4,8,0.9154228855721394,1520,1711,1511,1703,9,8,test_1,Mouse062_20160526_18-56-26,smoothed_frames
0.25,investigation,5,10,0.84375,1744,1967,1757,1945,-13,22,test_1,Mouse062_20160526_18-56-26,smoothed_frames
0.25,investigation,6,12,0.5477941176470589,1984,2527,2217,2514,-233,13,test_1,Mouse062_20160526_18-56-26,smoothed_frames
0.25,investigation,7,13,0.6354166666666666,2608,2703,2625,2685,-17,18,test_1,Mouse062_20160526_18-56-26,smoothed_frames
0.25,investigation,9,14,0.9166666666666666,2880,3023,2888,3019,-8,4,test_1,Mouse062_20160526_18-56-26,smoothed_frames
0.25,investigation,10,15,0.9460227272727273,3040,3391,3051,3383,-11,8,test_1,Mouse062_20160526_18-56-26,smoothed_frames
0.25,investigation,11,16,0.4583333333333333,3408,3455,3420,3441,-12,14,test_1,Mouse062_20160526_18-56-26,smoothed_frames
0.25,investigation,12,17,0.7916666666666666,3600,3647,3603,3640,-3,7,test_1,Mouse062_20160526_18-56-26,smoothed_frames
0.25,investigation,13,18,0.9579288025889967,3744,4047,3752,4052,-8,-5,test_1,Mouse062_20160526_18-56-26,smoothed_frames
0.25,investigation,14,19,0.61875,4320,4479,4330,4428,-10,51,test_1,Mouse062_20160526_18-56-26,smoothed_frames
0.25,investigation,15,21,0.6231884057971014,4608,4671,4629,4676,-21,-5,test_1,Mouse062_20160526_18-56-26,smoothed_frames
0.25,investigation,16,22,0.5625,4704,4735,4715,4732,-11,3,test_1,Mouse062_20160526_18-56-26,smoothed_frames
0.25,investigation,17,23,0.9615384615384616,4784,4991,4792,4991,-8,0,test_1,Mouse062_20160526_18-56-26,smoothed_frames
0.25,investigation,18,24,0.5416666666666666,5024,5071,5037,5062,-13,9,test_1,Mouse062_20160526_18-56-26,smoothed_frames
0.25,investigation,19,25,0.9027777777777778,5120,5263,5125,5254,-5,9,test_1,Mouse062_20160526_18-56-26,smoothed_frames
0.25,investigation,20,26,0.75,5376,5487,5393,5476,-17,11,test_1,Mouse062_20160526_18-56-26,smoothed_frames
0.25,investigation,21,29,0.9638157894736842,5552,5855,5554,5846,-2,9,test_1,Mouse062_20160526_18-56-26,smoothed_frames
0.25,investigation,22,30,0.671875,5888,5951,5900,5942,-12,9,test_1,Mouse062_20160526_18-56-26,smoothed_frames
0.25,investigation,23,31,0.78125,6080,6175,6087,6161,-7,14,test_1,Mouse062_20160526_18-56-26,smoothed_frames
0.25,investigation,24,34,0.5595667870036101,6368,6639,6485,6644,-117,-5,test_1,Mouse062_20160526_18-56-26,smoothed_frames
0.25,investigation,25,35,0.6041666666666666,6672,6719,6684,6712,-12,7,test_1,Mouse062_20160526_18-56-26,smoothed_frames
0.25,investigation,26,36,0.75,6784,6815,6792,6815,-8,0,test_1,Mouse062_20160526_18-56-26,smoothed_frames
0.25,investigation,27,37,0.75,6832,7103,6850,7053,-18,50,test_1,Mouse062_20160526_18-56-26,smoothed_frames
0.25,investigation,28,41,0.9876237623762376,7408,7807,7404,7806,4,1,test_1,Mouse062_20160526_18-56-26,smoothed_frames
0.25,investigation,29,42,0.8920454545454546,7888,8063,7902,8058,-14,5,test_1,Mouse062_20160526_18-56-26,smoothed_frames
0.25,investigation,30,43,0.9458128078817734,8096,8287,8095,8297,1,-10,test_1,Mouse062_20160526_18-56-26,smoothed_frames
0.25,investigation,31,44,0.8375,8624,8703,8628,8694,-4,9,test_1,Mouse062_20160526_18-56-26,smoothed_frames
0.25,investigation,32,45,0.5416666666666666,8768,8815,8785,8810,-17,5,test_1,Mouse062_20160526_18-56-26,smoothed_frames
0.25,investigation,34,48,0.7916666666666666,9264,9311,9270,9307,-6,4,test_1,Mouse062_20160526_18-56-26,smoothed_frames
0.25,investigation,35,52,0.6275,9392,9791,9534,9784,-142,7,test_1,Mouse062_20160526_18-56-26,smoothed_frames
0.25,investigation,36,53,0.9017857142857143,9936,10047,9945,10045,-9,2,test_1,Mouse062_20160526_18-56-26,smoothed_frames
0.25,investigation,37,54,0.40625,10160,10191,10170,10182,-10,9,test_1,Mouse062_20160526_18-56-26,smoothed_frames
0.25,investigation,38,55,0.43125,10400,10559,10417,10485,-17,74,test_1,Mouse062_20160526_18-56-26,smoothed_frames
0.25,investigation,39,57,0.7,10608,10687,10615,10670,-7,17,test_1,Mouse062_20160526_18-56-26,smoothed_frames
0.25,investigation,40,59,0.9541984732824428,10944,11071,10941,11068,3,3,test_1,Mouse062_20160526_18-56-26,smoothed_frames
0.25,investigation,41,60,0.5813953488372093,11248,11279,11255,11290,-7,-11,test_1,Mouse062_20160526_18-56-26,smoothed_frames
0.25,mount,42,61,0.982421875,11280,12303,11292,12297,-12,6,test_1,Mouse062_20160526_18-56-26,smoothed_frames
0.25,investigation,43,62,0.8439306358381503,12688,12847,12702,12860,-14,-13,test_1,Mouse062_20160526_18-56-26,smoothed_frames
0.25,investigation,44,63,0.9101796407185628,12960,13119,12968,13126,-8,-7,test_1,Mouse062_20160526_18-56-26,smoothed_frames
0.25,investigation,45,64,0.9456521739130435,13200,13375,13202,13383,-2,-8,test_1,Mouse062_20160526_18-56-26,smoothed_frames
0.25,investigation,46,66,0.7058823529411765,13424,13471,13436,13474,-12,-3,test_1,Mouse062_20160526_18-56-26,smoothed_frames
0.25,mount,47,67,0.821917808219178,13472,13535,13476,13544,-4,-9,test_1,Mouse062_20160526_18-56-26,smoothed_frames
0.25,investigation,48,68,0.4125,13536,13615,13581,13613,-45,2,test_1,Mouse062_20160526_18-56-26,smoothed_frames
0.25,investigation,49,69,0.975,13792,13871,13793,13870,-1,1,test_1,Mouse062_20160526_18-56-26,smoothed_frames
0.25,investigation,50,71,0.8125,14272,14303,14272,14297,0,6,test_1,Mouse062_20160526_18-56-26,smoothed_frames
0.25,mount,51,72,0.9942763695829926,14304,17967,14299,17951,5,16,test_1,Mouse062_20160526_18-56-26,smoothed_frames
0.25,investigation,52,73,0.6571428571428571,18256,18287,18265,18290,-9,-3,test_1,Mouse062_20160526_18-56-26,smoothed_frames
0.25,mount,53,74,0.825,18288,18367,18292,18357,-4,10,test_1,Mouse062_20160526_18-56-26,smoothed_frames
0.25,investigation,55,77,0.68,19248,19295,19262,19297,-14,-2,test_1,Mouse062_20160526_18-56-26,smoothed_frames
0.25,mount,56,78,0.9910714285714286,19296,19631,19299,19631,-3,0,test_1,Mouse062_20160526_18-56-26,smoothed_frames
0.5,investigation,1,4,0.6702127659574468,176,927,414,917,-238,10,test_1,Mouse062_20160526_18-56-26,smoothed_frames
0.5,investigation,2,5,0.88671875,992,1247,999,1225,-7,22,test_1,Mouse062_20160526_18-56-26,smoothed_frames
0.5,investigation,3,7,0.8819875776397516,1328,1487,1346,1488,-18,-1,test_1,Mouse062_20160526_18-56-26,smoothed_frames
0.5,investigation,4,8,0.9154228855721394,1520,1711,1511,1703,9,8,test_1,Mouse062_20160526_18-56-26,smoothed_frames
0.5,investigation,5,10,0.84375,1744,1967,1757,1945,-13,22,test_1,Mouse062_20160526_18-56-26,smoothed_frames
0.5,investigation,6,12,0.5477941176470589,1984,2527,2217,2514,-233,13,test_1,Mouse062_20160526_18-56-26,smoothed_frames
0.5,investigation,7,13,0.6354166666666666,2608,2703,2625,2685,-17,18,test_1,Mouse062_20160526_18-56-26,smoothed_frames
0.5,investigation,9,14,0.9166666666666666,2880,3023,2888,3019,-8,4,test_1,Mouse062_20160526_18-56-26,smoothed_frames
0.5,investigation,10,15,0.9460227272727273,3040,3391,3051,3383,-11,8,test_1,Mouse062_20160526_18-56-26,smoothed_frames
0.5,investigation,12,17,0.7916666666666666,3600,3647,3603,3640,-3,7,test_1,Mouse062_20160526_18-56-26,smoothed_frames
0.5,investigation,13,18,0.9579288025889967,3744,4047,3752,4052,-8,-5,test_1,Mouse062_20160526_18-56-26,smoothed_frames
0.5,investigation,14,19,0.61875,4320,4479,4330,4428,-10,51,test_1,Mouse062_20160526_18-56-26,smoothed_frames
0.5,investigation,15,21,0.6231884057971014,4608,4671,4629,4676,-21,-5,test_1,Mouse062_20160526_18-56-26,smoothed_frames
0.5,investigation,16,22,0.5625,4704,4735,4715,4732,-11,3,test_1,Mouse062_20160526_18-56-26,smoothed_frames
0.5,investigation,17,23,0.9615384615384616,4784,4991,4792,4991,-8,0,test_1,Mouse062_20160526_18-56-26,smoothed_frames
0.5,investigation,18,24,0.5416666666666666,5024,5071,5037,5062,-13,9,test_1,Mouse062_20160526_18-56-26,smoothed_frames
0.5,investigation,19,25,0.9027777777777778,5120,5263,5125,5254,-5,9,test_1,Mouse062_20160526_18-56-26,smoothed_frames
0.5,investigation,20,26,0.75,5376,5487,5393,5476,-17,11,test_1,Mouse062_20160526_18-56-26,smoothed_frames
0.5,investigation,21,29,0.9638157894736842,5552,5855,5554,5846,-2,9,test_1,Mouse062_20160526_18-56-26,smoothed_frames
0.5,investigation,22,30,0.671875,5888,5951,5900,5942,-12,9,test_1,Mouse062_20160526_18-56-26,smoothed_frames
0.5,investigation,23,31,0.78125,6080,6175,6087,6161,-7,14,test_1,Mouse062_20160526_18-56-26,smoothed_frames
0.5,investigation,24,34,0.5595667870036101,6368,6639,6485,6644,-117,-5,test_1,Mouse062_20160526_18-56-26,smoothed_frames
0.5,investigation,25,35,0.6041666666666666,6672,6719,6684,6712,-12,7,test_1,Mouse062_20160526_18-56-26,smoothed_frames
0.5,investigation,26,36,0.75,6784,6815,6792,6815,-8,0,test_1,Mouse062_20160526_18-56-26,smoothed_frames
0.5,investigation,27,37,0.75,6832,7103,6850,7053,-18,50,test_1,Mouse062_20160526_18-56-26,smoothed_frames
0.5,investigation,28,41,0.9876237623762376,7408,7807,7404,7806,4,1,test_1,Mouse062_20160526_18-56-26,smoothed_frames
0.5,investigation,29,42,0.8920454545454546,7888,8063,7902,8058,-14,5,test_1,Mouse062_20160526_18-56-26,smoothed_frames
0.5,investigation,30,43,0.9458128078817734,8096,8287,8095,8297,1,-10,test_1,Mouse062_20160526_18-56-26,smoothed_frames
0.5,investigation,31,44,0.8375,8624,8703,8628,8694,-4,9,test_1,Mouse062_20160526_18-56-26,smoothed_frames
0.5,investigation,32,45,0.5416666666666666,8768,8815,8785,8810,-17,5,test_1,Mouse062_20160526_18-56-26,smoothed_frames
0.5,investigation,34,48,0.7916666666666666,9264,9311,9270,9307,-6,4,test_1,Mouse062_20160526_18-56-26,smoothed_frames
0.5,investigation,35,52,0.6275,9392,9791,9534,9784,-142,7,test_1,Mouse062_20160526_18-56-26,smoothed_frames
0.5,investigation,36,53,0.9017857142857143,9936,10047,9945,10045,-9,2,test_1,Mouse062_20160526_18-56-26,smoothed_frames
0.5,investigation,39,57,0.7,10608,10687,10615,10670,-7,17,test_1,Mouse062_20160526_18-56-26,smoothed_frames
0.5,investigation,40,59,0.9541984732824428,10944,11071,10941,11068,3,3,test_1,Mouse062_20160526_18-56-26,smoothed_frames
0.5,investigation,41,60,0.5813953488372093,11248,11279,11255,11290,-7,-11,test_1,Mouse062_20160526_18-56-26,smoothed_frames
0.5,mount,42,61,0.982421875,11280,12303,11292,12297,-12,6,test_1,Mouse062_20160526_18-56-26,smoothed_frames
0.5,investigation,43,62,0.8439306358381503,12688,12847,12702,12860,-14,-13,test_1,Mouse062_20160526_18-56-26,smoothed_frames
0.5,investigation,44,63,0.9101796407185628,12960,13119,12968,13126,-8,-7,test_1,Mouse062_20160526_18-56-26,smoothed_frames
0.5,investigation,45,64,0.9456521739130435,13200,13375,13202,13383,-2,-8,test_1,Mouse062_20160526_18-56-26,smoothed_frames
0.5,investigation,46,66,0.7058823529411765,13424,13471,13436,13474,-12,-3,test_1,Mouse062_20160526_18-56-26,smoothed_frames
0.5,mount,47,67,0.821917808219178,13472,13535,13476,13544,-4,-9,test_1,Mouse062_20160526_18-56-26,smoothed_frames
0.5,investigation,49,69,0.975,13792,13871,13793,13870,-1,1,test_1,Mouse062_20160526_18-56-26,smoothed_frames
0.5,investigation,50,71,0.8125,14272,14303,14272,14297,0,6,test_1,Mouse062_20160526_18-56-26,smoothed_frames
0.5,mount,51,72,0.9942763695829926,14304,17967,14299,17951,5,16,test_1,Mouse062_20160526_18-56-26,smoothed_frames
0.5,investigation,52,73,0.6571428571428571,18256,18287,18265,18290,-9,-3,test_1,Mouse062_20160526_18-56-26,smoothed_frames
0.5,mount,53,74,0.825,18288,18367,18292,18357,-4,10,test_1,Mouse062_20160526_18-56-26,smoothed_frames
0.5,investigation,55,77,0.68,19248,19295,19262,19297,-14,-2,test_1,Mouse062_20160526_18-56-26,smoothed_frames
0.5,mount,56,78,0.9910714285714286,19296,19631,19299,19631,-3,0,test_1,Mouse062_20160526_18-56-26,smoothed_frames
0.25,investigation,0,0,0.7281553398058253,0,79,5,102,-5,-23,test_1,Mouse063_20160526_19-14-46,raw_windows
0.25,investigation,2,1,0.8984375,112,239,120,234,-8,5,test_1,Mouse063_20160526_19-14-46,raw_windows
0.25,investigation,3,3,0.627906976744186,400,479,394,453,6,26,test_1,Mouse063_20160526_19-14-46,raw_windows
0.25,investigation,4,6,0.5384615384615384,624,655,617,644,7,11,test_1,Mouse063_20160526_19-14-46,raw_windows
0.25,investigation,5,7,0.8541666666666666,688,831,696,818,-8,13,test_1,Mouse063_20160526_19-14-46,raw_windows
0.25,investigation,6,9,0.5111111111111111,912,943,921,956,-9,-13,test_1,Mouse063_20160526_19-14-46,raw_windows
0.25,investigation,7,10,0.6891495601173021,992,1327,987,1226,5,101,test_1,Mouse063_20160526_19-14-46,raw_windows
0.25,investigation,8,12,0.48717948717948717,1568,1599,1581,1606,-13,-7,test_1,Mouse063_20160526_19-14-46,raw_windows
0.25,mount,9,13,0.6666666666666666,1600,1631,1608,1635,-8,-4,test_1,Mouse063_20160526_19-14-46,raw_windows
0.25,investigation,10,14,0.953125,1632,1823,1637,1819,-5,4,test_1,Mouse063_20160526_19-14-46,raw_windows
0.25,investigation,11,16,0.5,1952,1983,1967,1985,-15,-2,test_1,Mouse063_20160526_19-14-46,raw_windows
0.25,mount,12,17,0.875,1984,2015,1987,2014,-3,1,test_1,Mouse063_20160526_19-14-46,raw_windows
0.25,mount,13,19,0.7777777777777778,2160,2191,2164,2195,-4,-4,test_1,Mouse063_20160526_19-14-46,raw_windows
0.25,investigation,14,20,0.53125,2192,2223,2197,2213,-5,10,test_1,Mouse063_20160526_19-14-46,raw_windows
0.25,investigation,15,22,0.5277777777777778,2800,2943,2804,2879,-4,64,test_1,Mouse063_20160526_19-14-46,raw_windows
0.25,mount,16,26,0.7333333333333333,3056,3167,3069,3190,-13,-23,test_1,Mouse063_20160526_19-14-46,raw_windows
0.25,mount,18,29,0.6216216216216216,3248,3311,3266,3321,-18,-10,test_1,Mouse063_20160526_19-14-46,raw_windows
0.25,investigation,20,31,0.8839285714285714,3744,3967,3752,3949,-8,18,test_1,Mouse063_20160526_19-14-46,raw_windows
0.25,investigation,21,33,0.48148148148148145,4480,4511,4486,4533,-6,-22,test_1,Mouse063_20160526_19-14-46,raw_windows
0.25,investigation,23,35,0.7111111111111111,4656,4687,4653,4697,3,-10,test_1,Mouse063_20160526_19-14-46,raw_windows
0.25,mount,24,36,0.7571428571428571,4688,4751,4699,4757,-11,-6,test_1,Mouse063_20160526_19-14-46,raw_windows
0.25,investigation,26,38,0.4,4976,4991,4982,5000,-6,-9,test_1,Mouse063_20160526_19-14-46,raw_windows
0.25,mount,27,39,0.825,4992,5071,5002,5067,-10,4,test_1,Mouse063_20160526_19-14-46,raw_windows
0.25,investigation,28,40,0.2916666666666667,5152,5167,5161,5175,-9,-8,test_1,Mouse063_20160526_19-14-46,raw_windows
0.25,mount,29,41,0.8110236220472441,5168,5279,5177,5294,-9,-15,test_1,Mouse063_20160526_19-14-46,raw_windows
0.25,investigation,30,42,0.6625,5280,5359,5296,5348,-16,11,test_1,Mouse063_20160526_19-14-46,raw_windows
0.25,investigation,32,47,0.8648648648648649,5744,5775,5742,5778,2,-3,test_1,Mouse063_20160526_19-14-46,raw_windows
0.25,mount,33,48,0.6511627906976745,5776,5807,5780,5818,-4,-11,test_1,Mouse063_20160526_19-14-46,raw_windows
0.25,investigation,34,49,0.5901639344262295,5808,5855,5820,5868,-12,-13,test_1,Mouse063_20160526_19-14-46,raw_windows
0.25,investigation,35,52,0.56875,6464,6623,6486,6576,-22,47,test_1,Mouse063_20160526_19-14-46,raw_windows
0.25,investigation,37,56,0.9196428571428571,7200,7311,7207,7309,-7,2,test_1,Mouse063_20160526_19-14-46,raw_windows
0.25,investigation,38,59,0.71875,7904,8063,7940,8054,-36,9,test_1,Mouse063_20160526_19-14-46,raw_windows
0.25,mount,39,60,0.7804878048780488,8064,8127,8056,8137,8,-10,test_1,Mouse063_20160526_19-14-46,raw_windows
0.25,investigation,40,63,0.3,8128,8207,8161,8184,-33,23,test_1,Mouse063_20160526_19-14-46,raw_windows
0.25,investigation,41,65,0.8135593220338984,8720,8767,8709,8767,11,0,test_1,Mouse063_20160526_19-14-46,raw_windows
0.25,investigation,42,66,0.625,8944,8959,8949,8958,-5,1,test_1,Mouse063_20160526_19-14-46,raw_windows
0.25,mount,43,67,0.8135593220338984,8960,9007,8960,9018,0,-11,test_1,Mouse063_20160526_19-14-46,raw_windows
0.25,investigation,44,72,0.6363636363636364,9152,9327,9186,9297,-34,30,test_1,Mouse063_20160526_19-14-46,raw_windows
0.25,investigation,46,81,0.390625,10304,10367,10339,10363,-35,4,test_1,Mouse063_20160526_19-14-46,raw_windows
0.25,mount,48,85,0.425,10720,10799,10734,10767,-14,32,test_1,Mouse063_20160526_19-14-46,raw_windows
0.25,investigation,49,89,0.8529411764705882,11040,11071,11038,11068,2,3,test_1,Mouse063_20160526_19-14-46,raw_windows
0.25,investigation,52,93,0.8,11376,11487,11396,11490,-20,-3,test_1,Mouse063_20160526_19-14-46,raw_windows
0.25,investigation,53,95,0.48148148148148145,12144,12159,12147,12170,-3,-11,test_1,Mouse063_20160526_19-14-46,raw_windows
0.25,investigation,57,97,0.43137254901960786,12464,12511,12461,12485,3,26,test_1,Mouse063_20160526_19-14-46,raw_windows
0.25,mount,60,103,0.75,12800,13039,12783,13102,17,-63,test_1,Mouse063_20160526_19-14-46,raw_windows
0.25,investigation,62,106,0.825925925925926,13472,13727,13505,13741,-33,-14,test_1,Mouse063_20160526_19-14-46,raw_windows
0.25,investigation,63,110,0.4270833333333333,14064,14159,14094,14134,-30,25,test_1,Mouse063_20160526_19-14-46,raw_windows
0.25,investigation,64,113,0.36787564766839376,14832,15023,14831,14902,1,121,test_1,Mouse063_20160526_19-14-46,raw_windows
0.25,investigation,67,122,0.5517241379310345,15552,15567,15545,15573,7,-6,test_1,Mouse063_20160526_19-14-46,raw_windows
0.25,investigation,69,123,0.9504950495049505,15984,16079,15983,16083,1,-4,test_1,Mouse063_20160526_19-14-46,raw_windows
0.25,mount,70,124,0.8201754385964912,16080,16271,16085,16307,-5,-36,test_1,Mouse063_20160526_19-14-46,raw_windows
0.25,investigation,72,128,0.6956521739130435,16992,17007,16986,17008,6,-1,test_1,Mouse063_20160526_19-14-46,raw_windows
0.25,mount,73,129,0.7076923076923077,17008,17055,17010,17072,-2,-17,test_1,Mouse063_20160526_19-14-46,raw_windows
0.25,investigation,74,130,0.4117647058823529,17056,17087,17074,17089,-18,-2,test_1,Mouse063_20160526_19-14-46,raw_windows
0.25,investigation,75,132,0.56,17616,17631,17618,17640,-2,-9,test_1,Mouse063_20160526_19-14-46,raw_windows
0.25,mount,76,133,0.825,17632,17711,17642,17707,-10,4,test_1,Mouse063_20160526_19-14-46,raw_windows
0.25,investigation,78,136,0.2875,17904,17983,17920,17942,-16,41,test_1,Mouse063_20160526_19-14-46,raw_windows
0.25,investigation,81,140,0.8888888888888888,18432,18463,18429,18464,3,-1,test_1,Mouse063_20160526_19-14-46,raw_windows
0.25,mount,82,141,0.9665653495440729,18464,18783,18466,18792,-2,-9,test_1,Mouse063_20160526_19-14-46,raw_windows
0.5,investigation,0,0,0.7281553398058253,0,79,5,102,-5,-23,test_1,Mouse063_20160526_19-14-46,raw_windows
0.5,investigation,2,1,0.8984375,112,239,120,234,-8,5,test_1,Mouse063_20160526_19-14-46,raw_windows
0.5,investigation,3,3,0.627906976744186,400,479,394,453,6,26,test_1,Mouse063_20160526_19-14-46,raw_windows
0.5,investigation,4,6,0.5384615384615384,624,655,617,644,7,11,test_1,Mouse063_20160526_19-14-46,raw_windows
0.5,investigation,5,7,0.8541666666666666,688,831,696,818,-8,13,test_1,Mouse063_20160526_19-14-46,raw_windows
0.5,investigation,6,9,0.5111111111111111,912,943,921,956,-9,-13,test_1,Mouse063_20160526_19-14-46,raw_windows
0.5,investigation,7,10,0.6891495601173021,992,1327,987,1226,5,101,test_1,Mouse063_20160526_19-14-46,raw_windows
0.5,mount,9,13,0.6666666666666666,1600,1631,1608,1635,-8,-4,test_1,Mouse063_20160526_19-14-46,raw_windows
0.5,investigation,10,14,0.953125,1632,1823,1637,1819,-5,4,test_1,Mouse063_20160526_19-14-46,raw_windows
0.5,investigation,11,16,0.5,1952,1983,1967,1985,-15,-2,test_1,Mouse063_20160526_19-14-46,raw_windows
0.5,mount,12,17,0.875,1984,2015,1987,2014,-3,1,test_1,Mouse063_20160526_19-14-46,raw_windows
0.5,mount,13,19,0.7777777777777778,2160,2191,2164,2195,-4,-4,test_1,Mouse063_20160526_19-14-46,raw_windows
0.5,investigation,14,20,0.53125,2192,2223,2197,2213,-5,10,test_1,Mouse063_20160526_19-14-46,raw_windows
0.5,investigation,15,22,0.5277777777777778,2800,2943,2804,2879,-4,64,test_1,Mouse063_20160526_19-14-46,raw_windows
0.5,mount,16,26,0.7333333333333333,3056,3167,3069,3190,-13,-23,test_1,Mouse063_20160526_19-14-46,raw_windows
0.5,mount,18,29,0.6216216216216216,3248,3311,3266,3321,-18,-10,test_1,Mouse063_20160526_19-14-46,raw_windows
0.5,investigation,20,31,0.8839285714285714,3744,3967,3752,3949,-8,18,test_1,Mouse063_20160526_19-14-46,raw_windows
0.5,investigation,23,35,0.7111111111111111,4656,4687,4653,4697,3,-10,test_1,Mouse063_20160526_19-14-46,raw_windows
0.5,mount,24,36,0.7571428571428571,4688,4751,4699,4757,-11,-6,test_1,Mouse063_20160526_19-14-46,raw_windows
0.5,mount,27,39,0.825,4992,5071,5002,5067,-10,4,test_1,Mouse063_20160526_19-14-46,raw_windows
0.5,mount,29,41,0.8110236220472441,5168,5279,5177,5294,-9,-15,test_1,Mouse063_20160526_19-14-46,raw_windows
0.5,investigation,30,42,0.6625,5280,5359,5296,5348,-16,11,test_1,Mouse063_20160526_19-14-46,raw_windows
0.5,investigation,32,47,0.8648648648648649,5744,5775,5742,5778,2,-3,test_1,Mouse063_20160526_19-14-46,raw_windows
0.5,mount,33,48,0.6511627906976745,5776,5807,5780,5818,-4,-11,test_1,Mouse063_20160526_19-14-46,raw_windows
0.5,investigation,34,49,0.5901639344262295,5808,5855,5820,5868,-12,-13,test_1,Mouse063_20160526_19-14-46,raw_windows
0.5,investigation,35,52,0.56875,6464,6623,6486,6576,-22,47,test_1,Mouse063_20160526_19-14-46,raw_windows
0.5,investigation,37,56,0.9196428571428571,7200,7311,7207,7309,-7,2,test_1,Mouse063_20160526_19-14-46,raw_windows
0.5,investigation,38,59,0.71875,7904,8063,7940,8054,-36,9,test_1,Mouse063_20160526_19-14-46,raw_windows
0.5,mount,39,60,0.7804878048780488,8064,8127,8056,8137,8,-10,test_1,Mouse063_20160526_19-14-46,raw_windows
0.5,investigation,41,65,0.8135593220338984,8720,8767,8709,8767,11,0,test_1,Mouse063_20160526_19-14-46,raw_windows
0.5,investigation,42,66,0.625,8944,8959,8949,8958,-5,1,test_1,Mouse063_20160526_19-14-46,raw_windows
0.5,mount,43,67,0.8135593220338984,8960,9007,8960,9018,0,-11,test_1,Mouse063_20160526_19-14-46,raw_windows
0.5,investigation,44,72,0.6363636363636364,9152,9327,9186,9297,-34,30,test_1,Mouse063_20160526_19-14-46,raw_windows
0.5,investigation,49,89,0.8529411764705882,11040,11071,11038,11068,2,3,test_1,Mouse063_20160526_19-14-46,raw_windows
0.5,investigation,52,93,0.8,11376,11487,11396,11490,-20,-3,test_1,Mouse063_20160526_19-14-46,raw_windows
0.5,mount,60,103,0.75,12800,13039,12783,13102,17,-63,test_1,Mouse063_20160526_19-14-46,raw_windows
0.5,investigation,62,106,0.825925925925926,13472,13727,13505,13741,-33,-14,test_1,Mouse063_20160526_19-14-46,raw_windows
0.5,investigation,67,122,0.5517241379310345,15552,15567,15545,15573,7,-6,test_1,Mouse063_20160526_19-14-46,raw_windows
0.5,investigation,69,123,0.9504950495049505,15984,16079,15983,16083,1,-4,test_1,Mouse063_20160526_19-14-46,raw_windows
0.5,mount,70,124,0.8201754385964912,16080,16271,16085,16307,-5,-36,test_1,Mouse063_20160526_19-14-46,raw_windows
0.5,investigation,72,128,0.6956521739130435,16992,17007,16986,17008,6,-1,test_1,Mouse063_20160526_19-14-46,raw_windows
0.5,mount,73,129,0.7076923076923077,17008,17055,17010,17072,-2,-17,test_1,Mouse063_20160526_19-14-46,raw_windows
0.5,investigation,75,132,0.56,17616,17631,17618,17640,-2,-9,test_1,Mouse063_20160526_19-14-46,raw_windows
0.5,mount,76,133,0.825,17632,17711,17642,17707,-10,4,test_1,Mouse063_20160526_19-14-46,raw_windows
0.5,investigation,81,140,0.8888888888888888,18432,18463,18429,18464,3,-1,test_1,Mouse063_20160526_19-14-46,raw_windows
0.5,mount,82,141,0.9665653495440729,18464,18783,18466,18792,-2,-9,test_1,Mouse063_20160526_19-14-46,raw_windows
0.25,investigation,0,0,0.883495145631068,0,95,5,102,-5,-7,test_1,Mouse063_20160526_19-14-46,smoothed_frames
0.25,investigation,1,1,0.7986111111111112,112,255,120,234,-8,21,test_1,Mouse063_20160526_19-14-46,smoothed_frames
0.25,investigation,2,3,0.5357142857142857,384,495,394,453,-10,42,test_1,Mouse063_20160526_19-14-46,smoothed_frames
0.25,investigation,3,5,0.2777777777777778,528,543,526,532,2,11,test_1,Mouse063_20160526_19-14-46,smoothed_frames
0.25,investigation,4,6,0.5833333333333334,608,655,617,644,-9,11,test_1,Mouse063_20160526_19-14-46,smoothed_frames
0.25,investigation,5,7,0.8541666666666666,688,831,696,818,-8,13,test_1,Mouse063_20160526_19-14-46,smoothed_frames
0.25,investigation,6,9,0.75,912,959,921,956,-9,3,test_1,Mouse063_20160526_19-14-46,smoothed_frames
0.25,investigation,7,10,0.6521739130434783,976,1343,987,1226,-11,117,test_1,Mouse063_20160526_19-14-46,smoothed_frames
0.25,investigation,8,12,0.34545454545454546,1552,1599,1581,1606,-29,-7,test_1,Mouse063_20160526_19-14-46,smoothed_frames
0.25,mount,9,13,0.6666666666666666,1600,1631,1608,1635,-8,-4,test_1,Mouse063_20160526_19-14-46,smoothed_frames
0.25,investigation,10,14,0.953125,1632,1823,1637,1819,-5,4,test_1,Mouse063_20160526_19-14-46,smoothed_frames
0.25,investigation,11,16,0.5,1952,1983,1967,1985,-15,-2,test_1,Mouse063_20160526_19-14-46,smoothed_frames
0.25,mount,12,17,0.875,1984,2015,1987,2014,-3,1,test_1,Mouse063_20160526_19-14-46,smoothed_frames
0.25,investigation,14,18,0.5789473684210527,2144,2159,2149,2162,-5,-3,test_1,Mouse063_20160526_19-14-46,smoothed_frames
0.25,mount,15,19,0.7777777777777778,2160,2191,2164,2195,-4,-4,test_1,Mouse063_20160526_19-14-46,smoothed_frames
0.25,investigation,16,20,0.53125,2192,2223,2197,2213,-5,10,test_1,Mouse063_20160526_19-14-46,smoothed_frames
0.25,investigation,17,22,0.5277777777777778,2800,2943,2804,2879,-4,64,test_1,Mouse063_20160526_19-14-46,smoothed_frames
0.25,mount,18,26,0.7333333333333333,3056,3167,3069,3190,-13,-23,test_1,Mouse063_20160526_19-14-46,smoothed_frames
0.25,mount,20,29,0.6216216216216216,3248,3311,3266,3321,-18,-10,test_1,Mouse063_20160526_19-14-46,smoothed_frames
0.25,investigation,21,31,0.7279411764705882,3696,3967,3752,3949,-56,18,test_1,Mouse063_20160526_19-14-46,smoothed_frames
0.25,investigation,22,33,0.48148148148148145,4480,4511,4486,4533,-6,-22,test_1,Mouse063_20160526_19-14-46,smoothed_frames
0.25,investigation,24,35,0.7111111111111111,4656,4687,4653,4697,3,-10,test_1,Mouse063_20160526_19-14-46,smoothed_frames
0.25,mount,25,36,0.7571428571428571,4688,4751,4699,4757,-11,-6,test_1,Mouse063_20160526_19-14-46,smoothed_frames
0.25,investigation,27,38,0.4,4976,4991,4982,5000,-6,-9,test_1,Mouse063_20160526_19-14-46,smoothed_frames
0.25,mount,28,39,0.825,4992,5071,5002,5067,-10,4,test_1,Mouse063_20160526_19-14-46,smoothed_frames
0.25,investigation,29,40,0.2916666666666667,5152,5167,5161,5175,-9,-8,test_1,Mouse063_20160526_19-14-46,smoothed_frames
0.25,mount,30,41,0.8110236220472441,5168,5279,5177,5294,-9,-15,test_1,Mouse063_20160526_19-14-46,smoothed_frames
0.25,investigation,31,42,0.5520833333333334,5280,5375,5296,5348,-16,27,test_1,Mouse063_20160526_19-14-46,smoothed_frames
0.25,investigation,33,47,0.8648648648648649,5744,5775,5742,5778,2,-3,test_1,Mouse063_20160526_19-14-46,smoothed_frames
0.25,mount,34,48,0.6511627906976745,5776,5807,5780,5818,-4,-11,test_1,Mouse063_20160526_19-14-46,smoothed_frames
0.25,investigation,35,49,0.765625,5808,5871,5820,5868,-12,3,test_1,Mouse063_20160526_19-14-46,smoothed_frames
0.25,investigation,36,52,0.4739583333333333,6448,6639,6486,6576,-38,63,test_1,Mouse063_20160526_19-14-46,smoothed_frames
0.25,investigation,38,56,0.9196428571428571,7200,7311,7207,7309,-7,2,test_1,Mouse063_20160526_19-14-46,smoothed_frames
0.25,investigation,39,59,0.6534090909090909,7888,8063,7940,8054,-52,9,test_1,Mouse063_20160526_19-14-46,smoothed_frames
0.25,mount,40,60,0.7804878048780488,8064,8127,8056,8137,8,-10,test_1,Mouse063_20160526_19-14-46,smoothed_frames
0.25,investigation,41,63,0.25,8128,8223,8161,8184,-33,39,test_1,Mouse063_20160526_19-14-46,smoothed_frames
0.25,investigation,42,65,0.921875,8704,8767,8709,8767,-5,0,test_1,Mouse063_20160526_19-14-46,smoothed_frames
0.25,investigation,43,66,0.625,8944,8959,8949,8958,-5,1,test_1,Mouse063_20160526_19-14-46,smoothed_frames
0.25,mount,44,67,0.921875,8960,9023,8960,9018,0,5,test_1,Mouse063_20160526_19-14-46,smoothed_frames
0.25,investigation,45,72,0.5833333333333334,9136,9327,9186,9297,-50,30,test_1,Mouse063_20160526_19-14-46,smoothed_frames
0.25,investigation,46,74,0.28125,9632,9663,9649,9657,-17,6,test_1,Mouse063_20160526_19-14-46,smoothed_frames
0.25,investigation,47,76,0.46875,9728,9759,9736,9750,-8,9,test_1,Mouse063_20160526_19-14-46,smoothed_frames
0.25,investigation,48,81,0.2604166666666667,10288,10383,10339,10363,-51,20,test_1,Mouse063_20160526_19-14-46,smoothed_frames
0.25,mount,51,85,0.425,10720,10799,10734,10767,-14,32,test_1,Mouse063_20160526_19-14-46,smoothed_frames
0.25,investigation,52,89,0.6458333333333334,11024,11071,11038,11068,-14,3,test_1,Mouse063_20160526_19-14-46,smoothed_frames
0.25,investigation,54,93,0.7421875,11376,11503,11396,11490,-20,13,test_1,Mouse063_20160526_19-14-46,smoothed_frames
0.25,investigation,55,94,0.6086956521739131,11664,11679,11666,11686,-2,-7,test_1,Mouse063_20160526_19-14-46,smoothed_frames
0.25,investigation,56,95,0.75,12144,12175,12147,12170,-3,5,test_1,Mouse063_20160526_19-14-46,smoothed_frames
0.25,investigation,60,97,0.3125,12448,12527,12461,12485,-13,42,test_1,Mouse063_20160526_19-14-46,smoothed_frames
0.25,investigation,61,100,0.25,12736,12783,12745,12756,-9,27,test_1,Mouse063_20160526_19-14-46,smoothed_frames
0.25,mount,62,103,0.8,12800,13055,12783,13102,17,-47,test_1,Mouse063_20160526_19-14-46,smoothed_frames
0.25,investigation,63,106,0.8713235294117647,13472,13743,13505,13741,-33,2,test_1,Mouse063_20160526_19-14-46,smoothed_frames
0.25,investigation,65,110,0.36607142857142855,14048,14159,14094,14134,-46,25,test_1,Mouse063_20160526_19-14-46,smoothed_frames
0.25,investigation,66,113,0.34615384615384615,14816,15023,14831,14902,-15,121,test_1,Mouse063_20160526_19-14-46,smoothed_frames
0.25,investigation,69,122,0.6041666666666666,15536,15583,15545,15573,-9,10,test_1,Mouse063_20160526_19-14-46,smoothed_frames
0.25,investigation,71,123,0.8362068965517241,15968,16079,15983,16083,-15,-4,test_1,Mouse063_20160526_19-14-46,smoothed_frames
0.25,mount,72,124,0.8201754385964912,16080,16271,16085,16307,-5,-36,test_1,Mouse063_20160526_19-14-46,smoothed_frames
0.25,investigation,74,128,0.6666666666666666,16976,17007,16986,17008,-10,-1,test_1,Mouse063_20160526_19-14-46,smoothed_frames
0.25,mount,75,129,0.7076923076923077,17008,17055,17010,17072,-2,-17,test_1,Mouse063_20160526_19-14-46,smoothed_frames
0.25,investigation,76,130,0.4117647058823529,17056,17087,17074,17089,-18,-2,test_1,Mouse063_20160526_19-14-46,smoothed_frames
0.25,investigation,77,132,0.34146341463414637,17600,17631,17618,17640,-18,-9,test_1,Mouse063_20160526_19-14-46,smoothed_frames
0.25,mount,78,133,0.825,17632,17711,17642,17707,-10,4,test_1,Mouse063_20160526_19-14-46,smoothed_frames
0.25,investigation,83,140,0.7142857142857143,18416,18463,18429,18464,-13,-1,test_1,Mouse063_20160526_19-14-46,smoothed_frames
0.25,mount,84,141,0.9665653495440729,18464,18783,18466,18792,-2,-9,test_1,Mouse063_20160526_19-14-46,smoothed_frames
0.5,investigation,0,0,0.883495145631068,0,95,5,102,-5,-7,test_1,Mouse063_20160526_19-14-46,smoothed_frames
0.5,investigation,1,1,0.7986111111111112,112,255,120,234,-8,21,test_1,Mouse063_20160526_19-14-46,smoothed_frames
0.5,investigation,2,3,0.5357142857142857,384,495,394,453,-10,42,test_1,Mouse063_20160526_19-14-46,smoothed_frames
0.5,investigation,4,6,0.5833333333333334,608,655,617,644,-9,11,test_1,Mouse063_20160526_19-14-46,smoothed_frames
0.5,investigation,5,7,0.8541666666666666,688,831,696,818,-8,13,test_1,Mouse063_20160526_19-14-46,smoothed_frames
0.5,investigation,6,9,0.75,912,959,921,956,-9,3,test_1,Mouse063_20160526_19-14-46,smoothed_frames
0.5,investigation,7,10,0.6521739130434783,976,1343,987,1226,-11,117,test_1,Mouse063_20160526_19-14-46,smoothed_frames
0.5,mount,9,13,0.6666666666666666,1600,1631,1608,1635,-8,-4,test_1,Mouse063_20160526_19-14-46,smoothed_frames
0.5,investigation,10,14,0.953125,1632,1823,1637,1819,-5,4,test_1,Mouse063_20160526_19-14-46,smoothed_frames
0.5,investigation,11,16,0.5,1952,1983,1967,1985,-15,-2,test_1,Mouse063_20160526_19-14-46,smoothed_frames
0.5,mount,12,17,0.875,1984,2015,1987,2014,-3,1,test_1,Mouse063_20160526_19-14-46,smoothed_frames
0.5,investigation,14,18,0.5789473684210527,2144,2159,2149,2162,-5,-3,test_1,Mouse063_20160526_19-14-46,smoothed_frames
0.5,mount,15,19,0.7777777777777778,2160,2191,2164,2195,-4,-4,test_1,Mouse063_20160526_19-14-46,smoothed_frames
0.5,investigation,16,20,0.53125,2192,2223,2197,2213,-5,10,test_1,Mouse063_20160526_19-14-46,smoothed_frames
0.5,investigation,17,22,0.5277777777777778,2800,2943,2804,2879,-4,64,test_1,Mouse063_20160526_19-14-46,smoothed_frames
0.5,mount,18,26,0.7333333333333333,3056,3167,3069,3190,-13,-23,test_1,Mouse063_20160526_19-14-46,smoothed_frames
0.5,mount,20,29,0.6216216216216216,3248,3311,3266,3321,-18,-10,test_1,Mouse063_20160526_19-14-46,smoothed_frames
0.5,investigation,21,31,0.7279411764705882,3696,3967,3752,3949,-56,18,test_1,Mouse063_20160526_19-14-46,smoothed_frames
0.5,investigation,24,35,0.7111111111111111,4656,4687,4653,4697,3,-10,test_1,Mouse063_20160526_19-14-46,smoothed_frames
0.5,mount,25,36,0.7571428571428571,4688,4751,4699,4757,-11,-6,test_1,Mouse063_20160526_19-14-46,smoothed_frames
0.5,mount,28,39,0.825,4992,5071,5002,5067,-10,4,test_1,Mouse063_20160526_19-14-46,smoothed_frames
0.5,mount,30,41,0.8110236220472441,5168,5279,5177,5294,-9,-15,test_1,Mouse063_20160526_19-14-46,smoothed_frames
0.5,investigation,31,42,0.5520833333333334,5280,5375,5296,5348,-16,27,test_1,Mouse063_20160526_19-14-46,smoothed_frames
0.5,investigation,33,47,0.8648648648648649,5744,5775,5742,5778,2,-3,test_1,Mouse063_20160526_19-14-46,smoothed_frames
0.5,mount,34,48,0.6511627906976745,5776,5807,5780,5818,-4,-11,test_1,Mouse063_20160526_19-14-46,smoothed_frames
0.5,investigation,35,49,0.765625,5808,5871,5820,5868,-12,3,test_1,Mouse063_20160526_19-14-46,smoothed_frames
0.5,investigation,38,56,0.9196428571428571,7200,7311,7207,7309,-7,2,test_1,Mouse063_20160526_19-14-46,smoothed_frames
0.5,investigation,39,59,0.6534090909090909,7888,8063,7940,8054,-52,9,test_1,Mouse063_20160526_19-14-46,smoothed_frames
0.5,mount,40,60,0.7804878048780488,8064,8127,8056,8137,8,-10,test_1,Mouse063_20160526_19-14-46,smoothed_frames
0.5,investigation,42,65,0.921875,8704,8767,8709,8767,-5,0,test_1,Mouse063_20160526_19-14-46,smoothed_frames
0.5,investigation,43,66,0.625,8944,8959,8949,8958,-5,1,test_1,Mouse063_20160526_19-14-46,smoothed_frames
0.5,mount,44,67,0.921875,8960,9023,8960,9018,0,5,test_1,Mouse063_20160526_19-14-46,smoothed_frames
0.5,investigation,45,72,0.5833333333333334,9136,9327,9186,9297,-50,30,test_1,Mouse063_20160526_19-14-46,smoothed_frames
0.5,investigation,52,89,0.6458333333333334,11024,11071,11038,11068,-14,3,test_1,Mouse063_20160526_19-14-46,smoothed_frames
0.5,investigation,54,93,0.7421875,11376,11503,11396,11490,-20,13,test_1,Mouse063_20160526_19-14-46,smoothed_frames
0.5,investigation,55,94,0.6086956521739131,11664,11679,11666,11686,-2,-7,test_1,Mouse063_20160526_19-14-46,smoothed_frames
0.5,investigation,56,95,0.75,12144,12175,12147,12170,-3,5,test_1,Mouse063_20160526_19-14-46,smoothed_frames
0.5,mount,62,103,0.8,12800,13055,12783,13102,17,-47,test_1,Mouse063_20160526_19-14-46,smoothed_frames
0.5,investigation,63,106,0.8713235294117647,13472,13743,13505,13741,-33,2,test_1,Mouse063_20160526_19-14-46,smoothed_frames
0.5,investigation,69,122,0.6041666666666666,15536,15583,15545,15573,-9,10,test_1,Mouse063_20160526_19-14-46,smoothed_frames
0.5,investigation,71,123,0.8362068965517241,15968,16079,15983,16083,-15,-4,test_1,Mouse063_20160526_19-14-46,smoothed_frames
0.5,mount,72,124,0.8201754385964912,16080,16271,16085,16307,-5,-36,test_1,Mouse063_20160526_19-14-46,smoothed_frames
0.5,investigation,74,128,0.6666666666666666,16976,17007,16986,17008,-10,-1,test_1,Mouse063_20160526_19-14-46,smoothed_frames
0.5,mount,75,129,0.7076923076923077,17008,17055,17010,17072,-2,-17,test_1,Mouse063_20160526_19-14-46,smoothed_frames
0.5,mount,78,133,0.825,17632,17711,17642,17707,-10,4,test_1,Mouse063_20160526_19-14-46,smoothed_frames
0.5,investigation,83,140,0.7142857142857143,18416,18463,18429,18464,-13,-1,test_1,Mouse063_20160526_19-14-46,smoothed_frames
0.5,mount,84,141,0.9665653495440729,18464,18783,18466,18792,-2,-9,test_1,Mouse063_20160526_19-14-46,smoothed_frames
0.25,investigation,0,0,0.9791666666666666,0,239,5,239,-5,0,test_1,Mouse069_20160709_16-02-03,raw_windows
0.25,investigation,1,1,0.8365384615384616,304,479,272,477,32,2,test_1,Mouse069_20160709_16-02-03,raw_windows
0.25,investigation,2,2,0.8066465256797583,608,895,565,874,43,21,test_1,Mouse069_20160709_16-02-03,raw_windows
0.25,attack,3,4,0.7976190476190477,896,975,909,979,-13,-4,test_1,Mouse069_20160709_16-02-03,raw_windows
0.25,investigation,4,5,0.5735294117647058,976,1039,1001,1043,-25,-4,test_1,Mouse069_20160709_16-02-03,raw_windows
0.25,attack,5,6,0.5486111111111112,1040,1183,1045,1123,-5,60,test_1,Mouse069_20160709_16-02-03,raw_windows
0.25,investigation,6,11,0.3125,1184,1263,1235,1259,-51,4,test_1,Mouse069_20160709_16-02-03,raw_windows
0.25,investigation,8,13,0.4583333333333333,1280,1343,1311,1351,-31,-8,test_1,Mouse069_20160709_16-02-03,raw_windows
0.25,attack,11,14,0.3448275862068966,1424,1503,1353,1584,71,-81,test_1,Mouse069_20160709_16-02-03,raw_windows
0.25,investigation,14,15,0.7560975609756098,1568,1647,1586,1649,-18,-2,test_1,Mouse069_20160709_16-02-03,raw_windows
0.25,investigation,15,17,0.8333333333333334,3120,3167,3128,3167,-8,0,test_1,Mouse069_20160709_16-02-03,raw_windows
0.25,investigation,17,18,0.4413793103448276,3440,3631,3294,3728,146,-97,test_1,Mouse069_20160709_16-02-03,raw_windows
0.25,investigation,18,19,0.25,3664,3839,3783,3826,-119,13,test_1,Mouse069_20160709_16-02-03,raw_windows
0.25,attack,19,20,0.732824427480916,3840,3935,3828,3958,12,-23,test_1,Mouse069_20160709_16-02-03,raw_windows
0.25,attack,21,22,0.9214659685863874,3984,4159,3970,4160,14,-1,test_1,Mouse069_20160709_16-02-03,raw_windows
0.25,attack,23,26,0.44545454545454544,4464,4575,4478,4683,-14,-108,test_1,Mouse069_20160709_16-02-03,raw_windows
0.25,investigation,30,29,0.42857142857142855,7488,7503,7489,7522,-1,-19,test_1,Mouse069_20160709_16-02-03,raw_windows
0.25,investigation,31,30,0.8275862068965517,7856,7903,7849,7906,7,-3,test_1,Mouse069_20160709_16-02-03,raw_windows
0.25,investigation,32,33,0.7416666666666667,8672,8783,8695,8791,-23,-8,test_1,Mouse069_20160709_16-02-03,raw_windows
0.25,investigation,33,34,0.9442379182156134,8880,9135,8867,9133,13,2,test_1,Mouse069_20160709_16-02-03,raw_windows
0.25,investigation,34,36,0.4444444444444444,9568,9583,9572,9594,-4,-11,test_1,Mouse069_20160709_16-02-03,raw_windows
0.25,investigation,35,38,0.34375,9888,9919,9889,9899,-1,20,test_1,Mouse069_20160709_16-02-03,raw_windows
0.25,investigation,37,40,0.7241379310344828,10432,10479,10438,10489,-6,-10,test_1,Mouse069_20160709_16-02-03,raw_windows
0.25,attack,38,41,0.4076655052264808,10480,10607,10491,10766,-11,-159,test_1,Mouse069_20160709_16-02-03,raw_windows
0.25,attack,41,43,0.9290322580645162,10816,10959,10812,10966,4,-7,test_1,Mouse069_20160709_16-02-03,raw_windows
0.25,attack,42,45,0.5,11024,11103,11033,11072,-9,31,test_1,Mouse069_20160709_16-02-03,raw_windows
0.25,attack,44,47,1.0,11136,11231,11136,11231,0,0,test_1,Mouse069_20160709_16-02-03,raw_windows
0.25,investigation,45,48,0.8611111111111112,11232,11263,11233,11267,-1,-4,test_1,Mouse069_20160709_16-02-03,raw_windows
0.25,investigation,46,51,0.40625,11312,11343,11326,11338,-14,5,test_1,Mouse069_20160709_16-02-03,raw_windows
0.25,investigation,47,52,0.5714285714285714,11440,11471,11418,11473,22,-2,test_1,Mouse069_20160709_16-02-03,raw_windows
0.25,investigation,48,54,0.6190476190476191,11744,11759,11747,11764,-3,-5,test_1,Mouse069_20160709_16-02-03,raw_windows
0.25,attack,49,55,0.8333333333333334,11760,11807,11766,11805,-6,2,test_1,Mouse069_20160709_16-02-03,raw_windows
0.25,investigation,51,61,0.5106382978723404,15568,15615,15539,15632,29,-17,test_1,Mouse069_20160709_16-02-03,raw_windows
0.5,investigation,0,0,0.9791666666666666,0,239,5,239,-5,0,test_1,Mouse069_20160709_16-02-03,raw_windows
0.5,investigation,1,1,0.8365384615384616,304,479,272,477,32,2,test_1,Mouse069_20160709_16-02-03,raw_windows
0.5,investigation,2,2,0.8066465256797583,608,895,565,874,43,21,test_1,Mouse069_20160709_16-02-03,raw_windows
0.5,attack,3,4,0.7976190476190477,896,975,909,979,-13,-4,test_1,Mouse069_20160709_16-02-03,raw_windows
0.5,investigation,4,5,0.5735294117647058,976,1039,1001,1043,-25,-4,test_1,Mouse069_20160709_16-02-03,raw_windows
0.5,attack,5,6,0.5486111111111112,1040,1183,1045,1123,-5,60,test_1,Mouse069_20160709_16-02-03,raw_windows
0.5,investigation,14,15,0.7560975609756098,1568,1647,1586,1649,-18,-2,test_1,Mouse069_20160709_16-02-03,raw_windows
0.5,investigation,15,17,0.8333333333333334,3120,3167,3128,3167,-8,0,test_1,Mouse069_20160709_16-02-03,raw_windows
0.5,attack,19,20,0.732824427480916,3840,3935,3828,3958,12,-23,test_1,Mouse069_20160709_16-02-03,raw_windows
0.5,attack,21,22,0.9214659685863874,3984,4159,3970,4160,14,-1,test_1,Mouse069_20160709_16-02-03,raw_windows
0.5,investigation,31,30,0.8275862068965517,7856,7903,7849,7906,7,-3,test_1,Mouse069_20160709_16-02-03,raw_windows
0.5,investigation,32,33,0.7416666666666667,8672,8783,8695,8791,-23,-8,test_1,Mouse069_20160709_16-02-03,raw_windows
0.5,investigation,33,34,0.9442379182156134,8880,9135,8867,9133,13,2,test_1,Mouse069_20160709_16-02-03,raw_windows
0.5,investigation,37,40,0.7241379310344828,10432,10479,10438,10489,-6,-10,test_1,Mouse069_20160709_16-02-03,raw_windows
0.5,attack,41,43,0.9290322580645162,10816,10959,10812,10966,4,-7,test_1,Mouse069_20160709_16-02-03,raw_windows
0.5,attack,42,45,0.5,11024,11103,11033,11072,-9,31,test_1,Mouse069_20160709_16-02-03,raw_windows
0.5,attack,44,47,1.0,11136,11231,11136,11231,0,0,test_1,Mouse069_20160709_16-02-03,raw_windows
0.5,investigation,45,48,0.8611111111111112,11232,11263,11233,11267,-1,-4,test_1,Mouse069_20160709_16-02-03,raw_windows
0.5,investigation,47,52,0.5714285714285714,11440,11471,11418,11473,22,-2,test_1,Mouse069_20160709_16-02-03,raw_windows
0.5,investigation,48,54,0.6190476190476191,11744,11759,11747,11764,-3,-5,test_1,Mouse069_20160709_16-02-03,raw_windows
0.5,attack,49,55,0.8333333333333334,11760,11807,11766,11805,-6,2,test_1,Mouse069_20160709_16-02-03,raw_windows
0.5,investigation,51,61,0.5106382978723404,15568,15615,15539,15632,29,-17,test_1,Mouse069_20160709_16-02-03,raw_windows
0.25,investigation,0,0,0.9791666666666666,0,239,5,239,-5,0,test_1,Mouse069_20160709_16-02-03,smoothed_frames
0.25,investigation,1,1,0.8482142857142857,288,495,272,477,16,18,test_1,Mouse069_20160709_16-02-03,smoothed_frames
0.25,investigation,2,2,0.8549848942598187,592,895,565,874,27,21,test_1,Mouse069_20160709_16-02-03,smoothed_frames
0.25,attack,3,4,0.9014084507042254,912,975,909,979,3,-4,test_1,Mouse069_20160709_16-02-03,smoothed_frames
0.25,investigation,4,5,0.5735294117647058,976,1039,1001,1043,-25,-4,test_1,Mouse069_20160709_16-02-03,smoothed_frames
0.25,attack,5,6,0.6075949367088608,1056,1103,1045,1123,11,-20,test_1,Mouse069_20160709_16-02-03,smoothed_frames
0.25,investigation,6,7,0.75,1120,1151,1125,1148,-5,3,test_1,Mouse069_20160709_16-02-03,smoothed_frames
0.25,attack,7,8,0.37209302325581395,1152,1167,1150,1192,2,-25,test_1,Mouse069_20160709_16-02-03,smoothed_frames
0.25,investigation,8,11,0.2604166666666667,1168,1263,1235,1259,-67,4,test_1,Mouse069_20160709_16-02-03,smoothed_frames
0.25,investigation,10,13,0.5125,1280,1359,1311,1351,-31,8,test_1,Mouse069_20160709_16-02-03,smoothed_frames
0.25,investigation,16,15,0.7560975609756098,1568,1647,1586,1649,-18,-2,test_1,Mouse069_20160709_16-02-03,smoothed_frames
0.25,investigation,17,17,0.8333333333333334,3120,3167,3128,3167,-8,0,test_1,Mouse069_20160709_16-02-03,smoothed_frames
0.25,investigation,18,18,0.2574712643678161,3296,3407,3294,3728,2,-321,test_1,Mouse069_20160709_16-02-03,smoothed_frames
0.25,attack,20,20,0.48854961832061067,3856,3919,3828,3958,28,-39,test_1,Mouse069_20160709_16-02-03,smoothed_frames
0.25,attack,22,22,0.7539267015706806,4000,4143,3970,4160,30,-17,test_1,Mouse069_20160709_16-02-03,smoothed_frames
0.25,investigation,24,25,0.3125,4448,4479,4467,4476,-19,3,test_1,Mouse069_20160709_16-02-03,smoothed_frames
0.25,attack,29,27,0.2558139534883721,4656,4751,4697,4870,-41,-119,test_1,Mouse069_20160709_16-02-03,smoothed_frames
0.25,investigation,32,29,0.6078431372549019,7472,7519,7489,7522,-17,-3,test_1,Mouse069_20160709_16-02-03,smoothed_frames
0.25,investigation,33,30,0.8208955223880597,7840,7903,7849,7906,-9,-3,test_1,Mouse069_20160709_16-02-03,smoothed_frames
0.25,investigation,34,33,0.6544117647058824,8656,8783,8695,8791,-39,-8,test_1,Mouse069_20160709_16-02-03,smoothed_frames
0.25,investigation,35,34,0.9270833333333334,8864,9151,8867,9133,-3,18,test_1,Mouse069_20160709_16-02-03,smoothed_frames
0.25,investigation,36,35,0.5,9376,9391,9368,9399,8,-8,test_1,Mouse069_20160709_16-02-03,smoothed_frames
0.25,investigation,37,36,0.71875,9568,9599,9572,9594,-4,5,test_1,Mouse069_20160709_16-02-03,smoothed_frames
0.25,investigation,39,37,0.71875,9728,9759,9736,9758,-8,1,test_1,Mouse069_20160709_16-02-03,smoothed_frames
0.25,investigation,42,40,0.8125,10432,10495,10438,10489,-6,6,test_1,Mouse069_20160709_16-02-03,smoothed_frames
0.25,attack,43,41,0.34782608695652173,10496,10591,10491,10766,5,-175,test_1,Mouse069_20160709_16-02-03,smoothed_frames
0.25,attack,49,43,0.4129032258064516,10896,10959,10812,10966,84,-7,test_1,Mouse069_20160709_16-02-03,smoothed_frames
0.25,attack,50,45,0.6,11040,11087,11033,11072,7,15,test_1,Mouse069_20160709_16-02-03,smoothed_frames
0.25,attack,52,47,0.6666666666666666,11152,11215,11136,11231,16,-16,test_1,Mouse069_20160709_16-02-03,smoothed_frames
0.25,investigation,53,48,0.7291666666666666,11232,11279,11233,11267,-1,12,test_1,Mouse069_20160709_16-02-03,smoothed_frames
0.25,investigation,54,51,0.2708333333333333,11296,11343,11326,11338,-30,5,test_1,Mouse069_20160709_16-02-03,smoothed_frames
0.25,investigation,55,52,0.8181818181818182,11408,11471,11418,11473,-10,-2,test_1,Mouse069_20160709_16-02-03,smoothed_frames
0.25,investigation,56,54,0.6190476190476191,11744,11759,11747,11764,-3,-5,test_1,Mouse069_20160709_16-02-03,smoothed_frames
0.25,attack,57,55,0.4,11776,11791,11766,11805,10,-14,test_1,Mouse069_20160709_16-02-03,smoothed_frames
0.25,investigation,59,61,0.851063829787234,15552,15631,15539,15632,13,-1,test_1,Mouse069_20160709_16-02-03,smoothed_frames
0.5,investigation,0,0,0.9791666666666666,0,239,5,239,-5,0,test_1,Mouse069_20160709_16-02-03,smoothed_frames
0.5,investigation,1,1,0.8482142857142857,288,495,272,477,16,18,test_1,Mouse069_20160709_16-02-03,smoothed_frames
0.5,investigation,2,2,0.8549848942598187,592,895,565,874,27,21,test_1,Mouse069_20160709_16-02-03,smoothed_frames
0.5,attack,3,4,0.9014084507042254,912,975,909,979,3,-4,test_1,Mouse069_20160709_16-02-03,smoothed_frames
0.5,investigation,4,5,0.5735294117647058,976,1039,1001,1043,-25,-4,test_1,Mouse069_20160709_16-02-03,smoothed_frames
0.5,attack,5,6,0.6075949367088608,1056,1103,1045,1123,11,-20,test_1,Mouse069_20160709_16-02-03,smoothed_frames
0.5,investigation,6,7,0.75,1120,1151,1125,1148,-5,3,test_1,Mouse069_20160709_16-02-03,smoothed_frames
0.5,investigation,10,13,0.5125,1280,1359,1311,1351,-31,8,test_1,Mouse069_20160709_16-02-03,smoothed_frames
0.5,investigation,16,15,0.7560975609756098,1568,1647,1586,1649,-18,-2,test_1,Mouse069_20160709_16-02-03,smoothed_frames
0.5,investigation,17,17,0.8333333333333334,3120,3167,3128,3167,-8,0,test_1,Mouse069_20160709_16-02-03,smoothed_frames
0.5,investigation,19,18,0.5427046263345195,3424,3855,3294,3728,130,127,test_1,Mouse069_20160709_16-02-03,smoothed_frames
0.5,attack,22,22,0.7539267015706806,4000,4143,3970,4160,30,-17,test_1,Mouse069_20160709_16-02-03,smoothed_frames
0.5,investigation,32,29,0.6078431372549019,7472,7519,7489,7522,-17,-3,test_1,Mouse069_20160709_16-02-03,smoothed_frames
0.5,investigation,33,30,0.8208955223880597,7840,7903,7849,7906,-9,-3,test_1,Mouse069_20160709_16-02-03,smoothed_frames
0.5,investigation,34,33,0.6544117647058824,8656,8783,8695,8791,-39,-8,test_1,Mouse069_20160709_16-02-03,smoothed_frames
0.5,investigation,35,34,0.9270833333333334,8864,9151,8867,9133,-3,18,test_1,Mouse069_20160709_16-02-03,smoothed_frames
0.5,investigation,36,35,0.5,9376,9391,9368,9399,8,-8,test_1,Mouse069_20160709_16-02-03,smoothed_frames
0.5,investigation,37,36,0.71875,9568,9599,9572,9594,-4,5,test_1,Mouse069_20160709_16-02-03,smoothed_frames
0.5,investigation,39,37,0.71875,9728,9759,9736,9758,-8,1,test_1,Mouse069_20160709_16-02-03,smoothed_frames
0.5,investigation,42,40,0.8125,10432,10495,10438,10489,-6,6,test_1,Mouse069_20160709_16-02-03,smoothed_frames
0.5,attack,50,45,0.6,11040,11087,11033,11072,7,15,test_1,Mouse069_20160709_16-02-03,smoothed_frames
0.5,attack,52,47,0.6666666666666666,11152,11215,11136,11231,16,-16,test_1,Mouse069_20160709_16-02-03,smoothed_frames
0.5,investigation,53,48,0.7291666666666666,11232,11279,11233,11267,-1,12,test_1,Mouse069_20160709_16-02-03,smoothed_frames
0.5,investigation,55,52,0.8181818181818182,11408,11471,11418,11473,-10,-2,test_1,Mouse069_20160709_16-02-03,smoothed_frames
0.5,investigation,56,54,0.6190476190476191,11744,11759,11747,11764,-3,-5,test_1,Mouse069_20160709_16-02-03,smoothed_frames
0.5,investigation,59,61,0.851063829787234,15552,15631,15539,15632,13,-1,test_1,Mouse069_20160709_16-02-03,smoothed_frames
