model_name,head,capacity,seed,track,source,frequency_bin,motif_recall
yolo_sppf_full_attention256_seed42,attention,256,42,Attention-256,model,Rare,0.8571428571428571
yolo_sppf_full_attention256_seed42,attention,256,42,Attention-256,model,Intermediate,0.6323529411764706
yolo_sppf_full_attention256_seed42,attention,256,42,Attention-256,model,Common,0.5730958230958231
yolo_sppf_full_attention256_seed43,attention,256,43,Attention-256,model,Rare,0.8571428571428571
yolo_sppf_full_attention256_seed43,attention,256,43,Attention-256,model,Intermediate,0.5676470588235294
yolo_sppf_full_attention256_seed43,attention,256,43,Attention-256,model,Common,0.5884520884520884
yolo_sppf_full_attention256_seed44,attention,256,44,Attention-256,model,Rare,1.0
yolo_sppf_full_attention256_seed44,attention,256,44,Attention-256,model,Intermediate,0.6705882352941176
yolo_sppf_full_attention256_seed44,attention,256,44,Attention-256,model,Common,0.6167076167076168
yolo_sppf_full_attention512_seed42,attention,512,42,Attention-512,model,Rare,0.8571428571428571
yolo_sppf_full_attention512_seed42,attention,512,42,Attention-512,model,Intermediate,0.7323529411764705
yolo_sppf_full_attention512_seed42,attention,512,42,Attention-512,model,Common,0.5331695331695332
yolo_sppf_full_attention512_seed43,attention,512,43,Attention-512,model,Rare,0.8571428571428571
yolo_sppf_full_attention512_seed43,attention,512,43,Attention-512,model,Intermediate,0.6558823529411765
yolo_sppf_full_attention512_seed43,attention,512,43,Attention-512,model,Common,0.60995085995086
yolo_sppf_full_attention512_seed44,attention,512,44,Attention-512,model,Rare,0.8571428571428571
yolo_sppf_full_attention512_seed44,attention,512,44,Attention-512,model,Intermediate,0.6705882352941176
yolo_sppf_full_attention512_seed44,attention,512,44,Attention-512,model,Common,0.5700245700245701
yolo_sppf_full_attention896_seed42,attention,896,42,Attention-896,model,Rare,0.8571428571428571
yolo_sppf_full_attention896_seed42,attention,896,42,Attention-896,model,Intermediate,0.6735294117647059
yolo_sppf_full_attention896_seed42,attention,896,42,Attention-896,model,Common,0.5399262899262899
yolo_sppf_full_attention896_seed43,attention,896,43,Attention-896,model,Rare,0.8571428571428571
yolo_sppf_full_attention896_seed43,attention,896,43,Attention-896,model,Intermediate,0.6705882352941176
yolo_sppf_full_attention896_seed43,attention,896,43,Attention-896,model,Common,0.6406633906633906
yolo_sppf_full_attention896_seed44,attention,896,44,Attention-896,model,Rare,0.8571428571428571
yolo_sppf_full_attention896_seed44,attention,896,44,Attention-896,model,Intermediate,0.6970588235294117
yolo_sppf_full_attention896_seed44,attention,896,44,Attention-896,model,Common,0.605036855036855
yolo_sppf_full_lstm256_seed42,lstm,256,42,LSTM-256,model,Rare,1.0
yolo_sppf_full_lstm256_seed42,lstm,256,42,LSTM-256,model,Intermediate,0.6588235294117647
yolo_sppf_full_lstm256_seed42,lstm,256,42,LSTM-256,model,Common,0.547911547911548
yolo_sppf_full_lstm256_seed43,lstm,256,43,LSTM-256,model,Rare,0.8571428571428571
yolo_sppf_full_lstm256_seed43,lstm,256,43,LSTM-256,model,Intermediate,0.6235294117647059
yolo_sppf_full_lstm256_seed43,lstm,256,43,LSTM-256,model,Common,0.5952088452088452
yolo_sppf_full_lstm256_seed44,lstm,256,44,LSTM-256,model,Rare,0.8571428571428571
yolo_sppf_full_lstm256_seed44,lstm,256,44,LSTM-256,model,Intermediate,0.6617647058823529
yolo_sppf_full_lstm256_seed44,lstm,256,44,LSTM-256,model,Common,0.6326781326781327
yolo_sppf_full_lstm512_seed42,lstm,512,42,LSTM-512,model,Rare,0.8571428571428571
yolo_sppf_full_lstm512_seed42,lstm,512,42,LSTM-512,model,Intermediate,0.6911764705882353
yolo_sppf_full_lstm512_seed42,lstm,512,42,LSTM-512,model,Common,0.6081081081081081
yolo_sppf_full_lstm512_seed43,lstm,512,43,LSTM-512,model,Rare,0.8571428571428571
yolo_sppf_full_lstm512_seed43,lstm,512,43,LSTM-512,model,Intermediate,0.6529411764705882
yolo_sppf_full_lstm512_seed43,lstm,512,43,LSTM-512,model,Common,0.5988943488943489
yolo_sppf_full_lstm512_seed44,lstm,512,44,LSTM-512,model,Rare,0.8571428571428571
yolo_sppf_full_lstm512_seed44,lstm,512,44,LSTM-512,model,Intermediate,0.6617647058823529
yolo_sppf_full_lstm512_seed44,lstm,512,44,LSTM-512,model,Common,0.648034398034398
yolo_sppf_full_lstm896_seed42,lstm,896,42,LSTM-896,model,Rare,0.8571428571428571
yolo_sppf_full_lstm896_seed42,lstm,896,42,LSTM-896,model,Intermediate,0.7176470588235294
yolo_sppf_full_lstm896_seed42,lstm,896,42,LSTM-896,model,Common,0.585995085995086
yolo_sppf_full_lstm896_seed43,lstm,896,43,LSTM-896,model,Rare,0.7142857142857143
yolo_sppf_full_lstm896_seed43,lstm,896,43,LSTM-896,model,Intermediate,0.6676470588235294
yolo_sppf_full_lstm896_seed43,lstm,896,43,LSTM-896,model,Common,0.6486486486486487
yolo_sppf_full_lstm896_seed44,lstm,896,44,LSTM-896,model,Rare,0.8571428571428571
yolo_sppf_full_lstm896_seed44,lstm,896,44,LSTM-896,model,Intermediate,0.7352941176470589
yolo_sppf_full_lstm896_seed44,lstm,896,44,LSTM-896,model,Common,0.6535626535626535
Composition shuffle,null,0,0,Composition shuffle,null,Rare,0.7142857142857143
Composition shuffle,null,0,0,Composition shuffle,null,Intermediate,0.9176470588235294
Composition shuffle,null,0,0,Composition shuffle,null,Common,0.7536855036855037
Markov baseline,null,0,0,Markov baseline,null,Rare,0.7142857142857143
Markov baseline,null,0,0,Markov baseline,null,Intermediate,0.8676470588235294
Markov baseline,null,0,0,Markov baseline,null,Common,0.8458230958230958
Composition shuffle,null,0,1,Composition shuffle,null,Rare,0.7142857142857143
Composition shuffle,null,0,1,Composition shuffle,null,Intermediate,0.9382352941176471
Composition shuffle,null,0,1,Composition shuffle,null,Common,0.7358722358722358
Markov baseline,null,0,1,Markov baseline,null,Rare,0.5714285714285714
Markov baseline,null,0,1,Markov baseline,null,Intermediate,0.9176470588235294
Markov baseline,null,0,1,Markov baseline,null,Common,0.8083538083538083
Composition shuffle,null,0,2,Composition shuffle,null,Rare,0.5714285714285714
Composition shuffle,null,0,2,Composition shuffle,null,Intermediate,0.9147058823529411
Composition shuffle,null,0,2,Composition shuffle,null,Common,0.7487714987714987
Markov baseline,null,0,2,Markov baseline,null,Rare,0.7142857142857143
Markov baseline,null,0,2,Markov baseline,null,Intermediate,0.8588235294117647
Markov baseline,null,0,2,Markov baseline,null,Common,0.8495085995085995
Composition shuffle,null,0,3,Composition shuffle,null,Rare,0.2857142857142857
Composition shuffle,null,0,3,Composition shuffle,null,Intermediate,0.9294117647058824
Composition shuffle,null,0,3,Composition shuffle,null,Common,0.7321867321867321
Markov baseline,null,0,3,Markov baseline,null,Rare,0.8571428571428571
Markov baseline,null,0,3,Markov baseline,null,Intermediate,0.8470588235294118
Markov baseline,null,0,3,Markov baseline,null,Common,0.8667076167076168
Composition shuffle,null,0,4,Composition shuffle,null,Rare,0.0
Composition shuffle,null,0,4,Composition shuffle,null,Intermediate,0.9205882352941176
Composition shuffle,null,0,4,Composition shuffle,null,Common,0.75
Markov baseline,null,0,4,Markov baseline,null,Rare,1.0
Markov baseline,null,0,4,Markov baseline,null,Intermediate,0.8911764705882353
Markov baseline,null,0,4,Markov baseline,null,Common,0.8366093366093366
Composition shuffle,null,0,5,Composition shuffle,null,Rare,0.8571428571428571
Composition shuffle,null,0,5,Composition shuffle,null,Intermediate,0.8794117647058823
Composition shuffle,null,0,5,Composition shuffle,null,Common,0.7567567567567568
Markov baseline,null,0,5,Markov baseline,null,Rare,0.42857142857142855
Markov baseline,null,0,5,Markov baseline,null,Intermediate,0.8794117647058823
Markov baseline,null,0,5,Markov baseline,null,Common,0.8482800982800983
Composition shuffle,null,0,6,Composition shuffle,null,Rare,0.42857142857142855
Composition shuffle,null,0,6,Composition shuffle,null,Intermediate,0.9
Composition shuffle,null,0,6,Composition shuffle,null,Common,0.7788697788697788
Markov baseline,null,0,6,Markov baseline,null,Rare,0.8571428571428571
Markov baseline,null,0,6,Markov baseline,null,Intermediate,0.8794117647058823
Markov baseline,null,0,6,Markov baseline,null,Common,0.8323095823095823
Composition shuffle,null,0,7,Composition shuffle,null,Rare,0.7142857142857143
Composition shuffle,null,0,7,Composition shuffle,null,Intermediate,0.8970588235294118
Composition shuffle,null,0,7,Composition shuffle,null,Common,0.7285012285012284
Markov baseline,null,0,7,Markov baseline,null,Rare,0.42857142857142855
Markov baseline,null,0,7,Markov baseline,null,Intermediate,0.8323529411764706
Markov baseline,null,0,7,Markov baseline,null,Common,0.8286240786240786
Composition shuffle,null,0,8,Composition shuffle,null,Rare,0.0
Composition shuffle,null,0,8,Composition shuffle,null,Intermediate,0.9029411764705882
Composition shuffle,null,0,8,Composition shuffle,null,Common,0.7506142506142506
Markov baseline,null,0,8,Markov baseline,null,Rare,0.5714285714285714
Markov baseline,null,0,8,Markov baseline,null,Intermediate,0.8676470588235294
Markov baseline,null,0,8,Markov baseline,null,Common,0.8212530712530712
Composition shuffle,null,0,9,Composition shuffle,null,Rare,0.42857142857142855
Composition shuffle,null,0,9,Composition shuffle,null,Intermediate,0.9088235294117647
Composition shuffle,null,0,9,Composition shuffle,null,Common,0.769041769041769
Markov baseline,null,0,9,Markov baseline,null,Rare,0.8571428571428571
Markov baseline,null,0,9,Markov baseline,null,Intermediate,0.8647058823529412
Markov baseline,null,0,9,Markov baseline,null,Common,0.835995085995086
Composition shuffle,null,0,10,Composition shuffle,null,Rare,0.42857142857142855
Composition shuffle,null,0,10,Composition shuffle,null,Intermediate,0.8823529411764706
Composition shuffle,null,0,10,Composition shuffle,null,Common,0.7604422604422605
Markov baseline,null,0,10,Markov baseline,null,Rare,0.8571428571428571
Markov baseline,null,0,10,Markov baseline,null,Intermediate,0.8470588235294118
Markov baseline,null,0,10,Markov baseline,null,Common,0.85995085995086
Composition shuffle,null,0,11,Composition shuffle,null,Rare,0.7142857142857143
Composition shuffle,null,0,11,Composition shuffle,null,Intermediate,0.9117647058823529
Composition shuffle,null,0,11,Composition shuffle,null,Common,0.7395577395577395
Markov baseline,null,0,11,Markov baseline,null,Rare,0.14285714285714285
Markov baseline,null,0,11,Markov baseline,null,Intermediate,0.8852941176470588
Markov baseline,null,0,11,Markov baseline,null,Common,0.8660933660933661
Composition shuffle,null,0,12,Composition shuffle,null,Rare,0.7142857142857143
Composition shuffle,null,0,12,Composition shuffle,null,Intermediate,0.8852941176470588
Composition shuffle,null,0,12,Composition shuffle,null,Common,0.75
Markov baseline,null,0,12,Markov baseline,null,Rare,0.5714285714285714
Markov baseline,null,0,12,Markov baseline,null,Intermediate,0.8647058823529412
Markov baseline,null,0,12,Markov baseline,null,Common,0.8347665847665847
Composition shuffle,null,0,13,Composition shuffle,null,Rare,0.5714285714285714
Composition shuffle,null,0,13,Composition shuffle,null,Intermediate,0.9088235294117647
Composition shuffle,null,0,13,Composition shuffle,null,Common,0.75
Markov baseline,null,0,13,Markov baseline,null,Rare,0.2857142857142857
Markov baseline,null,0,13,Markov baseline,null,Intermediate,0.8352941176470589
Markov baseline,null,0,13,Markov baseline,null,Common,0.8660933660933661
Composition shuffle,null,0,14,Composition shuffle,null,Rare,0.2857142857142857
Composition shuffle,null,0,14,Composition shuffle,null,Intermediate,0.9176470588235294
Composition shuffle,null,0,14,Composition shuffle,null,Common,0.75
Markov baseline,null,0,14,Markov baseline,null,Rare,0.7142857142857143
Markov baseline,null,0,14,Markov baseline,null,Intermediate,0.8911764705882353
Markov baseline,null,0,14,Markov baseline,null,Common,0.855036855036855
Composition shuffle,null,0,15,Composition shuffle,null,Rare,0.5714285714285714
Composition shuffle,null,0,15,Composition shuffle,null,Intermediate,0.8529411764705882
Composition shuffle,null,0,15,Composition shuffle,null,Common,0.7242014742014742
Markov baseline,null,0,15,Markov baseline,null,Rare,0.8571428571428571
Markov baseline,null,0,15,Markov baseline,null,Intermediate,0.8382352941176471
Markov baseline,null,0,15,Markov baseline,null,Common,0.8421375921375921
Composition shuffle,null,0,16,Composition shuffle,null,Rare,0.5714285714285714
Composition shuffle,null,0,16,Composition shuffle,null,Intermediate,0.9264705882352942
Composition shuffle,null,0,16,Composition shuffle,null,Common,0.7555282555282555
Markov baseline,null,0,16,Markov baseline,null,Rare,0.7142857142857143
Markov baseline,null,0,16,Markov baseline,null,Intermediate,0.9088235294117647
Markov baseline,null,0,16,Markov baseline,null,Common,0.8439803439803439
Composition shuffle,null,0,17,Composition shuffle,null,Rare,0.42857142857142855
Composition shuffle,null,0,17,Composition shuffle,null,Intermediate,0.8911764705882353
Composition shuffle,null,0,17,Composition shuffle,null,Common,0.7352579852579852
Markov baseline,null,0,17,Markov baseline,null,Rare,0.42857142857142855
Markov baseline,null,0,17,Markov baseline,null,Intermediate,0.8794117647058823
Markov baseline,null,0,17,Markov baseline,null,Common,0.8415233415233415
Composition shuffle,null,0,18,Composition shuffle,null,Rare,0.7142857142857143
Composition shuffle,null,0,18,Composition shuffle,null,Intermediate,0.8941176470588236
Composition shuffle,null,0,18,Composition shuffle,null,Common,0.7475429975429976
Markov baseline,null,0,18,Markov baseline,null,Rare,0.7142857142857143
Markov baseline,null,0,18,Markov baseline,null,Intermediate,0.8735294117647059
Markov baseline,null,0,18,Markov baseline,null,Common,0.8372235872235873
Composition shuffle,null,0,19,Composition shuffle,null,Rare,0.8571428571428571
Composition shuffle,null,0,19,Composition shuffle,null,Intermediate,0.9176470588235294
Composition shuffle,null,0,19,Composition shuffle,null,Common,0.7303439803439803
Markov baseline,null,0,19,Markov baseline,null,Rare,0.8571428571428571
Markov baseline,null,0,19,Markov baseline,null,Intermediate,0.861764705882353
Markov baseline,null,0,19,Markov baseline,null,Common,0.85995085995086
Composition shuffle,null,0,20,Composition shuffle,null,Rare,0.2857142857142857
Composition shuffle,null,0,20,Composition shuffle,null,Intermediate,0.9029411764705882
Composition shuffle,null,0,20,Composition shuffle,null,Common,0.7647420147420148
Markov baseline,null,0,20,Markov baseline,null,Rare,0.42857142857142855
Markov baseline,null,0,20,Markov baseline,null,Intermediate,0.8294117647058824
Markov baseline,null,0,20,Markov baseline,null,Common,0.8679361179361179
Composition shuffle,null,0,21,Composition shuffle,null,Rare,0.8571428571428571
Composition shuffle,null,0,21,Composition shuffle,null,Intermediate,0.8911764705882353
Composition shuffle,null,0,21,Composition shuffle,null,Common,0.7438574938574939
Markov baseline,null,0,21,Markov baseline,null,Rare,1.0
Markov baseline,null,0,21,Markov baseline,null,Intermediate,0.8911764705882353
Markov baseline,null,0,21,Markov baseline,null,Common,0.8175675675675675
Composition shuffle,null,0,22,Composition shuffle,null,Rare,0.42857142857142855
Composition shuffle,null,0,22,Composition shuffle,null,Intermediate,0.8852941176470588
Composition shuffle,null,0,22,Composition shuffle,null,Common,0.7414004914004914
Markov baseline,null,0,22,Markov baseline,null,Rare,0.5714285714285714
Markov baseline,null,0,22,Markov baseline,null,Intermediate,0.8558823529411764
Markov baseline,null,0,22,Markov baseline,null,Common,0.8697788697788698
Composition shuffle,null,0,23,Composition shuffle,null,Rare,0.2857142857142857
Composition shuffle,null,0,23,Composition shuffle,null,Intermediate,0.9117647058823529
Composition shuffle,null,0,23,Composition shuffle,null,Common,0.7518427518427518
Markov baseline,null,0,23,Markov baseline,null,Rare,0.42857142857142855
Markov baseline,null,0,23,Markov baseline,null,Intermediate,0.8176470588235294
Markov baseline,null,0,23,Markov baseline,null,Common,0.8255528255528255
Composition shuffle,null,0,24,Composition shuffle,null,Rare,0.2857142857142857
Composition shuffle,null,0,24,Composition shuffle,null,Intermediate,0.9088235294117647
Composition shuffle,null,0,24,Composition shuffle,null,Common,0.7371007371007371
Markov baseline,null,0,24,Markov baseline,null,Rare,0.42857142857142855
Markov baseline,null,0,24,Markov baseline,null,Intermediate,0.8441176470588235
Markov baseline,null,0,24,Markov baseline,null,Common,0.8243243243243243
Composition shuffle,null,0,25,Composition shuffle,null,Rare,0.7142857142857143
Composition shuffle,null,0,25,Composition shuffle,null,Intermediate,0.9
Composition shuffle,null,0,25,Composition shuffle,null,Common,0.734029484029484
Markov baseline,null,0,25,Markov baseline,null,Rare,0.42857142857142855
Markov baseline,null,0,25,Markov baseline,null,Intermediate,0.8705882352941177
Markov baseline,null,0,25,Markov baseline,null,Common,0.8390663390663391
Composition shuffle,null,0,26,Composition shuffle,null,Rare,0.2857142857142857
Composition shuffle,null,0,26,Composition shuffle,null,Intermediate,0.8823529411764706
Composition shuffle,null,0,26,Composition shuffle,null,Common,0.7180589680589681
Markov baseline,null,0,26,Markov baseline,null,Rare,0.7142857142857143
Markov baseline,null,0,26,Markov baseline,null,Intermediate,0.8264705882352941
Markov baseline,null,0,26,Markov baseline,null,Common,0.851965601965602
Composition shuffle,null,0,27,Composition shuffle,null,Rare,0.7142857142857143
Composition shuffle,null,0,27,Composition shuffle,null,Intermediate,0.8970588235294118
Composition shuffle,null,0,27,Composition shuffle,null,Common,0.7610565110565111
Markov baseline,null,0,27,Markov baseline,null,Rare,0.7142857142857143
Markov baseline,null,0,27,Markov baseline,null,Intermediate,0.8470588235294118
Markov baseline,null,0,27,Markov baseline,null,Common,0.8212530712530712
Composition shuffle,null,0,28,Composition shuffle,null,Rare,0.2857142857142857
Composition shuffle,null,0,28,Composition shuffle,null,Intermediate,0.9
Composition shuffle,null,0,28,Composition shuffle,null,Common,0.7401719901719902
Markov baseline,null,0,28,Markov baseline,null,Rare,0.7142857142857143
Markov baseline,null,0,28,Markov baseline,null,Intermediate,0.8088235294117647
Markov baseline,null,0,28,Markov baseline,null,Common,0.831081081081081
Composition shuffle,null,0,29,Composition shuffle,null,Rare,0.42857142857142855
Composition shuffle,null,0,29,Composition shuffle,null,Intermediate,0.8852941176470588
Composition shuffle,null,0,29,Composition shuffle,null,Common,0.7573710073710074
Markov baseline,null,0,29,Markov baseline,null,Rare,0.42857142857142855
Markov baseline,null,0,29,Markov baseline,null,Intermediate,0.8852941176470588
Markov baseline,null,0,29,Markov baseline,null,Common,0.8402948402948403
Composition shuffle,null,0,30,Composition shuffle,null,Rare,0.5714285714285714
Composition shuffle,null,0,30,Composition shuffle,null,Intermediate,0.888235294117647
Composition shuffle,null,0,30,Composition shuffle,null,Common,0.7647420147420148
Markov baseline,null,0,30,Markov baseline,null,Rare,0.7142857142857143
Markov baseline,null,0,30,Markov baseline,null,Intermediate,0.8794117647058823
Markov baseline,null,0,30,Markov baseline,null,Common,0.8513513513513513
Composition shuffle,null,0,31,Composition shuffle,null,Rare,0.42857142857142855
Composition shuffle,null,0,31,Composition shuffle,null,Intermediate,0.888235294117647
Composition shuffle,null,0,31,Composition shuffle,null,Common,0.7493857493857494
Markov baseline,null,0,31,Markov baseline,null,Rare,0.5714285714285714
Markov baseline,null,0,31,Markov baseline,null,Intermediate,0.9147058823529411
Markov baseline,null,0,31,Markov baseline,null,Common,0.8396805896805897
Composition shuffle,null,0,32,Composition shuffle,null,Rare,0.7142857142857143
Composition shuffle,null,0,32,Composition shuffle,null,Intermediate,0.8941176470588236
Composition shuffle,null,0,32,Composition shuffle,null,Common,0.7414004914004914
Markov baseline,null,0,32,Markov baseline,null,Rare,0.8571428571428571
Markov baseline,null,0,32,Markov baseline,null,Intermediate,0.8176470588235294
Markov baseline,null,0,32,Markov baseline,null,Common,0.835995085995086
Composition shuffle,null,0,33,Composition shuffle,null,Rare,0.42857142857142855
Composition shuffle,null,0,33,Composition shuffle,null,Intermediate,0.9235294117647059
Composition shuffle,null,0,33,Composition shuffle,null,Common,0.7297297297297297
Markov baseline,null,0,33,Markov baseline,null,Rare,0.5714285714285714
Markov baseline,null,0,33,Markov baseline,null,Intermediate,0.8
Markov baseline,null,0,33,Markov baseline,null,Common,0.851965601965602
Composition shuffle,null,0,34,Composition shuffle,null,Rare,0.5714285714285714
Composition shuffle,null,0,34,Composition shuffle,null,Intermediate,0.8941176470588236
Composition shuffle,null,0,34,Composition shuffle,null,Common,0.730958230958231
Markov baseline,null,0,34,Markov baseline,null,Rare,0.8571428571428571
Markov baseline,null,0,34,Markov baseline,null,Intermediate,0.8941176470588236
Markov baseline,null,0,34,Markov baseline,null,Common,0.8237100737100738
Composition shuffle,null,0,35,Composition shuffle,null,Rare,0.42857142857142855
Composition shuffle,null,0,35,Composition shuffle,null,Intermediate,0.8970588235294118
Composition shuffle,null,0,35,Composition shuffle,null,Common,0.7616707616707616
Markov baseline,null,0,35,Markov baseline,null,Rare,0.5714285714285714
Markov baseline,null,0,35,Markov baseline,null,Intermediate,0.8676470588235294
Markov baseline,null,0,35,Markov baseline,null,Common,0.8679361179361179
Composition shuffle,null,0,36,Composition shuffle,null,Rare,0.7142857142857143
Composition shuffle,null,0,36,Composition shuffle,null,Intermediate,0.9029411764705882
Composition shuffle,null,0,36,Composition shuffle,null,Common,0.7481572481572482
Markov baseline,null,0,36,Markov baseline,null,Rare,0.7142857142857143
Markov baseline,null,0,36,Markov baseline,null,Intermediate,0.8764705882352941
Markov baseline,null,0,36,Markov baseline,null,Common,0.8611793611793612
Composition shuffle,null,0,37,Composition shuffle,null,Rare,0.7142857142857143
Composition shuffle,null,0,37,Composition shuffle,null,Intermediate,0.9117647058823529
Composition shuffle,null,0,37,Composition shuffle,null,Common,0.7364864864864865
Markov baseline,null,0,37,Markov baseline,null,Rare,0.42857142857142855
Markov baseline,null,0,37,Markov baseline,null,Intermediate,0.85
Markov baseline,null,0,37,Markov baseline,null,Common,0.8605651105651105
Composition shuffle,null,0,38,Composition shuffle,null,Rare,0.7142857142857143
Composition shuffle,null,0,38,Composition shuffle,null,Intermediate,0.8823529411764706
Composition shuffle,null,0,38,Composition shuffle,null,Common,0.7352579852579852
Markov baseline,null,0,38,Markov baseline,null,Rare,0.7142857142857143
Markov baseline,null,0,38,Markov baseline,null,Intermediate,0.861764705882353
Markov baseline,null,0,38,Markov baseline,null,Common,0.8495085995085995
Composition shuffle,null,0,39,Composition shuffle,null,Rare,0.5714285714285714
Composition shuffle,null,0,39,Composition shuffle,null,Intermediate,0.9029411764705882
Composition shuffle,null,0,39,Composition shuffle,null,Common,0.7598280098280098
Markov baseline,null,0,39,Markov baseline,null,Rare,0.42857142857142855
Markov baseline,null,0,39,Markov baseline,null,Intermediate,0.8735294117647059
Markov baseline,null,0,39,Markov baseline,null,Common,0.8531941031941032
Composition shuffle,null,0,40,Composition shuffle,null,Rare,0.42857142857142855
Composition shuffle,null,0,40,Composition shuffle,null,Intermediate,0.9205882352941176
Composition shuffle,null,0,40,Composition shuffle,null,Common,0.7733415233415234
Markov baseline,null,0,40,Markov baseline,null,Rare,0.5714285714285714
Markov baseline,null,0,40,Markov baseline,null,Intermediate,0.8529411764705882
Markov baseline,null,0,40,Markov baseline,null,Common,0.8409090909090909
Composition shuffle,null,0,41,Composition shuffle,null,Rare,0.2857142857142857
Composition shuffle,null,0,41,Composition shuffle,null,Intermediate,0.9117647058823529
Composition shuffle,null,0,41,Composition shuffle,null,Common,0.75
Markov baseline,null,0,41,Markov baseline,null,Rare,0.7142857142857143
Markov baseline,null,0,41,Markov baseline,null,Intermediate,0.8735294117647059
Markov baseline,null,0,41,Markov baseline,null,Common,0.8482800982800983
Composition shuffle,null,0,42,Composition shuffle,null,Rare,0.42857142857142855
Composition shuffle,null,0,42,Composition shuffle,null,Intermediate,0.8941176470588236
Composition shuffle,null,0,42,Composition shuffle,null,Common,0.7235872235872236
Markov baseline,null,0,42,Markov baseline,null,Rare,0.8571428571428571
Markov baseline,null,0,42,Markov baseline,null,Intermediate,0.8470588235294118
Markov baseline,null,0,42,Markov baseline,null,Common,0.8427518427518428
Composition shuffle,null,0,43,Composition shuffle,null,Rare,0.42857142857142855
Composition shuffle,null,0,43,Composition shuffle,null,Intermediate,0.8941176470588236
Composition shuffle,null,0,43,Composition shuffle,null,Common,0.742014742014742
Markov baseline,null,0,43,Markov baseline,null,Rare,0.8571428571428571
Markov baseline,null,0,43,Markov baseline,null,Intermediate,0.8735294117647059
Markov baseline,null,0,43,Markov baseline,null,Common,0.8513513513513513
Composition shuffle,null,0,44,Composition shuffle,null,Rare,0.14285714285714285
Composition shuffle,null,0,44,Composition shuffle,null,Intermediate,0.888235294117647
Composition shuffle,null,0,44,Composition shuffle,null,Common,0.7463144963144963
Markov baseline,null,0,44,Markov baseline,null,Rare,0.7142857142857143
Markov baseline,null,0,44,Markov baseline,null,Intermediate,0.8205882352941176
Markov baseline,null,0,44,Markov baseline,null,Common,0.8501228501228502
Composition shuffle,null,0,45,Composition shuffle,null,Rare,0.14285714285714285
Composition shuffle,null,0,45,Composition shuffle,null,Intermediate,0.9
Composition shuffle,null,0,45,Composition shuffle,null,Common,0.7573710073710074
Markov baseline,null,0,45,Markov baseline,null,Rare,0.7142857142857143
Markov baseline,null,0,45,Markov baseline,null,Intermediate,0.8470588235294118
Markov baseline,null,0,45,Markov baseline,null,Common,0.8488943488943489
Composition shuffle,null,0,46,Composition shuffle,null,Rare,0.42857142857142855
Composition shuffle,null,0,46,Composition shuffle,null,Intermediate,0.9
Composition shuffle,null,0,46,Composition shuffle,null,Common,0.7432432432432432
Markov baseline,null,0,46,Markov baseline,null,Rare,0.8571428571428571
Markov baseline,null,0,46,Markov baseline,null,Intermediate,0.9029411764705882
Markov baseline,null,0,46,Markov baseline,null,Common,0.8298525798525799
Composition shuffle,null,0,47,Composition shuffle,null,Rare,0.5714285714285714
Composition shuffle,null,0,47,Composition shuffle,null,Intermediate,0.8941176470588236
Composition shuffle,null,0,47,Composition shuffle,null,Common,0.7469287469287469
Markov baseline,null,0,47,Markov baseline,null,Rare,0.8571428571428571
Markov baseline,null,0,47,Markov baseline,null,Intermediate,0.85
Markov baseline,null,0,47,Markov baseline,null,Common,0.85995085995086
Composition shuffle,null,0,48,Composition shuffle,null,Rare,0.42857142857142855
Composition shuffle,null,0,48,Composition shuffle,null,Intermediate,0.8941176470588236
Composition shuffle,null,0,48,Composition shuffle,null,Common,0.7407862407862408
Markov baseline,null,0,48,Markov baseline,null,Rare,1.0
Markov baseline,null,0,48,Markov baseline,null,Intermediate,0.888235294117647
Markov baseline,null,0,48,Markov baseline,null,Common,0.8464373464373465
Composition shuffle,null,0,49,Composition shuffle,null,Rare,0.5714285714285714
Composition shuffle,null,0,49,Composition shuffle,null,Intermediate,0.9029411764705882
Composition shuffle,null,0,49,Composition shuffle,null,Common,0.7328009828009828
Markov baseline,null,0,49,Markov baseline,null,Rare,0.7142857142857143
Markov baseline,null,0,49,Markov baseline,null,Intermediate,0.8735294117647059
Markov baseline,null,0,49,Markov baseline,null,Common,0.8390663390663391
Composition shuffle,null,0,50,Composition shuffle,null,Rare,0.42857142857142855
Composition shuffle,null,0,50,Composition shuffle,null,Intermediate,0.8647058823529412
Composition shuffle,null,0,50,Composition shuffle,null,Common,0.7610565110565111
Markov baseline,null,0,50,Markov baseline,null,Rare,0.7142857142857143
Markov baseline,null,0,50,Markov baseline,null,Intermediate,0.8647058823529412
Markov baseline,null,0,50,Markov baseline,null,Common,0.8488943488943489
Composition shuffle,null,0,51,Composition shuffle,null,Rare,0.5714285714285714
Composition shuffle,null,0,51,Composition shuffle,null,Intermediate,0.9264705882352942
Composition shuffle,null,0,51,Composition shuffle,null,Common,0.7321867321867321
Markov baseline,null,0,51,Markov baseline,null,Rare,0.14285714285714285
Markov baseline,null,0,51,Markov baseline,null,Intermediate,0.8058823529411765
Markov baseline,null,0,51,Markov baseline,null,Common,0.8845208845208845
Composition shuffle,null,0,52,Composition shuffle,null,Rare,0.42857142857142855
Composition shuffle,null,0,52,Composition shuffle,null,Intermediate,0.9029411764705882
Composition shuffle,null,0,52,Composition shuffle,null,Common,0.7414004914004914
Markov baseline,null,0,52,Markov baseline,null,Rare,0.14285714285714285
Markov baseline,null,0,52,Markov baseline,null,Intermediate,0.8235294117647058
Markov baseline,null,0,52,Markov baseline,null,Common,0.8722358722358723
Composition shuffle,null,0,53,Composition shuffle,null,Rare,0.5714285714285714
Composition shuffle,null,0,53,Composition shuffle,null,Intermediate,0.8823529411764706
Composition shuffle,null,0,53,Composition shuffle,null,Common,0.7285012285012284
Markov baseline,null,0,53,Markov baseline,null,Rare,0.7142857142857143
Markov baseline,null,0,53,Markov baseline,null,Intermediate,0.8676470588235294
Markov baseline,null,0,53,Markov baseline,null,Common,0.8501228501228502
Composition shuffle,null,0,54,Composition shuffle,null,Rare,0.5714285714285714
Composition shuffle,null,0,54,Composition shuffle,null,Intermediate,0.9235294117647059
Composition shuffle,null,0,54,Composition shuffle,null,Common,0.7444717444717445
Markov baseline,null,0,54,Markov baseline,null,Rare,0.5714285714285714
Markov baseline,null,0,54,Markov baseline,null,Intermediate,0.8382352941176471
Markov baseline,null,0,54,Markov baseline,null,Common,0.8667076167076168
Composition shuffle,null,0,55,Composition shuffle,null,Rare,0.5714285714285714
Composition shuffle,null,0,55,Composition shuffle,null,Intermediate,0.8794117647058823
Composition shuffle,null,0,55,Composition shuffle,null,Common,0.7647420147420148
Markov baseline,null,0,55,Markov baseline,null,Rare,0.8571428571428571
Markov baseline,null,0,55,Markov baseline,null,Intermediate,0.8911764705882353
Markov baseline,null,0,55,Markov baseline,null,Common,0.8452088452088452
Composition shuffle,null,0,56,Composition shuffle,null,Rare,0.7142857142857143
Composition shuffle,null,0,56,Composition shuffle,null,Intermediate,0.9235294117647059
Composition shuffle,null,0,56,Composition shuffle,null,Common,0.7125307125307125
Markov baseline,null,0,56,Markov baseline,null,Rare,0.7142857142857143
Markov baseline,null,0,56,Markov baseline,null,Intermediate,0.8058823529411765
Markov baseline,null,0,56,Markov baseline,null,Common,0.8366093366093366
Composition shuffle,null,0,57,Composition shuffle,null,Rare,0.2857142857142857
Composition shuffle,null,0,57,Composition shuffle,null,Intermediate,0.9
Composition shuffle,null,0,57,Composition shuffle,null,Common,0.7702702702702703
Markov baseline,null,0,57,Markov baseline,null,Rare,0.7142857142857143
Markov baseline,null,0,57,Markov baseline,null,Intermediate,0.8676470588235294
Markov baseline,null,0,57,Markov baseline,null,Common,0.8341523341523341
Composition shuffle,null,0,58,Composition shuffle,null,Rare,0.5714285714285714
Composition shuffle,null,0,58,Composition shuffle,null,Intermediate,0.8970588235294118
Composition shuffle,null,0,58,Composition shuffle,null,Common,0.7444717444717445
Markov baseline,null,0,58,Markov baseline,null,Rare,0.8571428571428571
Markov baseline,null,0,58,Markov baseline,null,Intermediate,0.8441176470588235
Markov baseline,null,0,58,Markov baseline,null,Common,0.8495085995085995
Composition shuffle,null,0,59,Composition shuffle,null,Rare,0.2857142857142857
Composition shuffle,null,0,59,Composition shuffle,null,Intermediate,0.9147058823529411
Composition shuffle,null,0,59,Composition shuffle,null,Common,0.7463144963144963
Markov baseline,null,0,59,Markov baseline,null,Rare,0.5714285714285714
Markov baseline,null,0,59,Markov baseline,null,Intermediate,0.8911764705882353
Markov baseline,null,0,59,Markov baseline,null,Common,0.8587223587223587
Composition shuffle,null,0,60,Composition shuffle,null,Rare,0.8571428571428571
Composition shuffle,null,0,60,Composition shuffle,null,Intermediate,0.9058823529411765
Composition shuffle,null,0,60,Composition shuffle,null,Common,0.7585995085995086
Markov baseline,null,0,60,Markov baseline,null,Rare,0.14285714285714285
Markov baseline,null,0,60,Markov baseline,null,Intermediate,0.861764705882353
Markov baseline,null,0,60,Markov baseline,null,Common,0.8175675675675675
Composition shuffle,null,0,61,Composition shuffle,null,Rare,0.42857142857142855
Composition shuffle,null,0,61,Composition shuffle,null,Intermediate,0.9058823529411765
Composition shuffle,null,0,61,Composition shuffle,null,Common,0.7542997542997543
Markov baseline,null,0,61,Markov baseline,null,Rare,0.42857142857142855
Markov baseline,null,0,61,Markov baseline,null,Intermediate,0.85
Markov baseline,null,0,61,Markov baseline,null,Common,0.8574938574938575
Composition shuffle,null,0,62,Composition shuffle,null,Rare,0.42857142857142855
Composition shuffle,null,0,62,Composition shuffle,null,Intermediate,0.8911764705882353
Composition shuffle,null,0,62,Composition shuffle,null,Common,0.7321867321867321
Markov baseline,null,0,62,Markov baseline,null,Rare,0.7142857142857143
Markov baseline,null,0,62,Markov baseline,null,Intermediate,0.8529411764705882
Markov baseline,null,0,62,Markov baseline,null,Common,0.8654791154791155
Composition shuffle,null,0,63,Composition shuffle,null,Rare,0.2857142857142857
Composition shuffle,null,0,63,Composition shuffle,null,Intermediate,0.8970588235294118
Composition shuffle,null,0,63,Composition shuffle,null,Common,0.7604422604422605
Markov baseline,null,0,63,Markov baseline,null,Rare,0.7142857142857143
Markov baseline,null,0,63,Markov baseline,null,Intermediate,0.8147058823529412
Markov baseline,null,0,63,Markov baseline,null,Common,0.8445945945945946
Composition shuffle,null,0,64,Composition shuffle,null,Rare,0.42857142857142855
Composition shuffle,null,0,64,Composition shuffle,null,Intermediate,0.8735294117647059
Composition shuffle,null,0,64,Composition shuffle,null,Common,0.7524570024570024
Markov baseline,null,0,64,Markov baseline,null,Rare,0.8571428571428571
Markov baseline,null,0,64,Markov baseline,null,Intermediate,0.85
Markov baseline,null,0,64,Markov baseline,null,Common,0.8495085995085995
Composition shuffle,null,0,65,Composition shuffle,null,Rare,0.2857142857142857
Composition shuffle,null,0,65,Composition shuffle,null,Intermediate,0.9
Composition shuffle,null,0,65,Composition shuffle,null,Common,0.742014742014742
Markov baseline,null,0,65,Markov baseline,null,Rare,0.42857142857142855
Markov baseline,null,0,65,Markov baseline,null,Intermediate,0.9147058823529411
Markov baseline,null,0,65,Markov baseline,null,Common,0.8372235872235873
Composition shuffle,null,0,66,Composition shuffle,null,Rare,1.0
Composition shuffle,null,0,66,Composition shuffle,null,Intermediate,0.8852941176470588
Composition shuffle,null,0,66,Composition shuffle,null,Common,0.7678132678132679
Markov baseline,null,0,66,Markov baseline,null,Rare,0.7142857142857143
Markov baseline,null,0,66,Markov baseline,null,Intermediate,0.8558823529411764
Markov baseline,null,0,66,Markov baseline,null,Common,0.8581081081081081
Composition shuffle,null,0,67,Composition shuffle,null,Rare,0.5714285714285714
Composition shuffle,null,0,67,Composition shuffle,null,Intermediate,0.9088235294117647
Composition shuffle,null,0,67,Composition shuffle,null,Common,0.7475429975429976
Markov baseline,null,0,67,Markov baseline,null,Rare,0.7142857142857143
Markov baseline,null,0,67,Markov baseline,null,Intermediate,0.8588235294117647
Markov baseline,null,0,67,Markov baseline,null,Common,0.8237100737100738
Composition shuffle,null,0,68,Composition shuffle,null,Rare,0.8571428571428571
Composition shuffle,null,0,68,Composition shuffle,null,Intermediate,0.8911764705882353
Composition shuffle,null,0,68,Composition shuffle,null,Common,0.7444717444717445
Markov baseline,null,0,68,Markov baseline,null,Rare,0.5714285714285714
Markov baseline,null,0,68,Markov baseline,null,Intermediate,0.8705882352941177
Markov baseline,null,0,68,Markov baseline,null,Common,0.847051597051597
Composition shuffle,null,0,69,Composition shuffle,null,Rare,0.5714285714285714
Composition shuffle,null,0,69,Composition shuffle,null,Intermediate,0.8941176470588236
Composition shuffle,null,0,69,Composition shuffle,null,Common,0.7493857493857494
Markov baseline,null,0,69,Markov baseline,null,Rare,0.8571428571428571
Markov baseline,null,0,69,Markov baseline,null,Intermediate,0.8676470588235294
Markov baseline,null,0,69,Markov baseline,null,Common,0.8673218673218673
Composition shuffle,null,0,70,Composition shuffle,null,Rare,0.42857142857142855
Composition shuffle,null,0,70,Composition shuffle,null,Intermediate,0.9117647058823529
Composition shuffle,null,0,70,Composition shuffle,null,Common,0.7444717444717445
Markov baseline,null,0,70,Markov baseline,null,Rare,1.0
Markov baseline,null,0,70,Markov baseline,null,Intermediate,0.8647058823529412
Markov baseline,null,0,70,Markov baseline,null,Common,0.8452088452088452
Composition shuffle,null,0,71,Composition shuffle,null,Rare,0.14285714285714285
Composition shuffle,null,0,71,Composition shuffle,null,Intermediate,0.9117647058823529
Composition shuffle,null,0,71,Composition shuffle,null,Common,0.7610565110565111
Markov baseline,null,0,71,Markov baseline,null,Rare,0.8571428571428571
Markov baseline,null,0,71,Markov baseline,null,Intermediate,0.8529411764705882
Markov baseline,null,0,71,Markov baseline,null,Common,0.8587223587223587
Composition shuffle,null,0,72,Composition shuffle,null,Rare,0.7142857142857143
Composition shuffle,null,0,72,Composition shuffle,null,Intermediate,0.9088235294117647
Composition shuffle,null,0,72,Composition shuffle,null,Common,0.745085995085995
Markov baseline,null,0,72,Markov baseline,null,Rare,0.5714285714285714
Markov baseline,null,0,72,Markov baseline,null,Intermediate,0.8352941176470589
Markov baseline,null,0,72,Markov baseline,null,Common,0.85995085995086
Composition shuffle,null,0,73,Composition shuffle,null,Rare,0.2857142857142857
Composition shuffle,null,0,73,Composition shuffle,null,Intermediate,0.8970588235294118
Composition shuffle,null,0,73,Composition shuffle,null,Common,0.7592137592137592
Markov baseline,null,0,73,Markov baseline,null,Rare,0.5714285714285714
Markov baseline,null,0,73,Markov baseline,null,Intermediate,0.8764705882352941
Markov baseline,null,0,73,Markov baseline,null,Common,0.8427518427518428
Composition shuffle,null,0,74,Composition shuffle,null,Rare,0.42857142857142855
Composition shuffle,null,0,74,Composition shuffle,null,Intermediate,0.9058823529411765
Composition shuffle,null,0,74,Composition shuffle,null,Common,0.7291154791154791
Markov baseline,null,0,74,Markov baseline,null,Rare,0.42857142857142855
Markov baseline,null,0,74,Markov baseline,null,Intermediate,0.8705882352941177
Markov baseline,null,0,74,Markov baseline,null,Common,0.8574938574938575
Composition shuffle,null,0,75,Composition shuffle,null,Rare,0.5714285714285714
Composition shuffle,null,0,75,Composition shuffle,null,Intermediate,0.8794117647058823
Composition shuffle,null,0,75,Composition shuffle,null,Common,0.7616707616707616
Markov baseline,null,0,75,Markov baseline,null,Rare,0.7142857142857143
Markov baseline,null,0,75,Markov baseline,null,Intermediate,0.8647058823529412
Markov baseline,null,0,75,Markov baseline,null,Common,0.8194103194103194
Composition shuffle,null,0,76,Composition shuffle,null,Rare,0.7142857142857143
Composition shuffle,null,0,76,Composition shuffle,null,Intermediate,0.9176470588235294
Composition shuffle,null,0,76,Composition shuffle,null,Common,0.7377149877149877
Markov baseline,null,0,76,Markov baseline,null,Rare,0.7142857142857143
Markov baseline,null,0,76,Markov baseline,null,Intermediate,0.8058823529411765
Markov baseline,null,0,76,Markov baseline,null,Common,0.8851351351351351
Composition shuffle,null,0,77,Composition shuffle,null,Rare,0.5714285714285714
Composition shuffle,null,0,77,Composition shuffle,null,Intermediate,0.9088235294117647
Composition shuffle,null,0,77,Composition shuffle,null,Common,0.7493857493857494
Markov baseline,null,0,77,Markov baseline,null,Rare,0.7142857142857143
Markov baseline,null,0,77,Markov baseline,null,Intermediate,0.8558823529411764
Markov baseline,null,0,77,Markov baseline,null,Common,0.8525798525798526
Composition shuffle,null,0,78,Composition shuffle,null,Rare,0.5714285714285714
Composition shuffle,null,0,78,Composition shuffle,null,Intermediate,0.8764705882352941
Composition shuffle,null,0,78,Composition shuffle,null,Common,0.7708845208845209
Markov baseline,null,0,78,Markov baseline,null,Rare,0.5714285714285714
Markov baseline,null,0,78,Markov baseline,null,Intermediate,0.8529411764705882
Markov baseline,null,0,78,Markov baseline,null,Common,0.8304668304668305
Composition shuffle,null,0,79,Composition shuffle,null,Rare,0.5714285714285714
Composition shuffle,null,0,79,Composition shuffle,null,Intermediate,0.9029411764705882
Composition shuffle,null,0,79,Composition shuffle,null,Common,0.7383292383292384
Markov baseline,null,0,79,Markov baseline,null,Rare,1.0
Markov baseline,null,0,79,Markov baseline,null,Intermediate,0.8676470588235294
Markov baseline,null,0,79,Markov baseline,null,Common,0.8323095823095823
Composition shuffle,null,0,80,Composition shuffle,null,Rare,0.42857142857142855
Composition shuffle,null,0,80,Composition shuffle,null,Intermediate,0.8941176470588236
Composition shuffle,null,0,80,Composition shuffle,null,Common,0.7352579852579852
Markov baseline,null,0,80,Markov baseline,null,Rare,0.7142857142857143
Markov baseline,null,0,80,Markov baseline,null,Intermediate,0.8235294117647058
Markov baseline,null,0,80,Markov baseline,null,Common,0.871007371007371
Composition shuffle,null,0,81,Composition shuffle,null,Rare,0.2857142857142857
Composition shuffle,null,0,81,Composition shuffle,null,Intermediate,0.9147058823529411
Composition shuffle,null,0,81,Composition shuffle,null,Common,0.754914004914005
Markov baseline,null,0,81,Markov baseline,null,Rare,0.14285714285714285
Markov baseline,null,0,81,Markov baseline,null,Intermediate,0.8794117647058823
Markov baseline,null,0,81,Markov baseline,null,Common,0.8267813267813268
Composition shuffle,null,0,82,Composition shuffle,null,Rare,1.0
Composition shuffle,null,0,82,Composition shuffle,null,Intermediate,0.9
Composition shuffle,null,0,82,Composition shuffle,null,Common,0.7143734643734644
Markov baseline,null,0,82,Markov baseline,null,Rare,0.14285714285714285
Markov baseline,null,0,82,Markov baseline,null,Intermediate,0.8794117647058823
Markov baseline,null,0,82,Markov baseline,null,Common,0.8593366093366094
Composition shuffle,null,0,83,Composition shuffle,null,Rare,0.5714285714285714
Composition shuffle,null,0,83,Composition shuffle,null,Intermediate,0.8676470588235294
Composition shuffle,null,0,83,Composition shuffle,null,Common,0.7457002457002457
Markov baseline,null,0,83,Markov baseline,null,Rare,0.5714285714285714
Markov baseline,null,0,83,Markov baseline,null,Intermediate,0.8529411764705882
Markov baseline,null,0,83,Markov baseline,null,Common,0.8273955773955773
Composition shuffle,null,0,84,Composition shuffle,null,Rare,0.14285714285714285
Composition shuffle,null,0,84,Composition shuffle,null,Intermediate,0.9029411764705882
Composition shuffle,null,0,84,Composition shuffle,null,Common,0.7469287469287469
Markov baseline,null,0,84,Markov baseline,null,Rare,0.5714285714285714
Markov baseline,null,0,84,Markov baseline,null,Intermediate,0.8911764705882353
Markov baseline,null,0,84,Markov baseline,null,Common,0.8421375921375921
Composition shuffle,null,0,85,Composition shuffle,null,Rare,0.42857142857142855
Composition shuffle,null,0,85,Composition shuffle,null,Intermediate,0.9058823529411765
Composition shuffle,null,0,85,Composition shuffle,null,Common,0.7536855036855037
Markov baseline,null,0,85,Markov baseline,null,Rare,0.42857142857142855
Markov baseline,null,0,85,Markov baseline,null,Intermediate,0.8705882352941177
Markov baseline,null,0,85,Markov baseline,null,Common,0.8316953316953317
Composition shuffle,null,0,86,Composition shuffle,null,Rare,0.42857142857142855
Composition shuffle,null,0,86,Composition shuffle,null,Intermediate,0.9
Composition shuffle,null,0,86,Composition shuffle,null,Common,0.7457002457002457
Markov baseline,null,0,86,Markov baseline,null,Rare,0.8571428571428571
Markov baseline,null,0,86,Markov baseline,null,Intermediate,0.9
Markov baseline,null,0,86,Markov baseline,null,Common,0.8476658476658476
Composition shuffle,null,0,87,Composition shuffle,null,Rare,0.42857142857142855
Composition shuffle,null,0,87,Composition shuffle,null,Intermediate,0.9117647058823529
Composition shuffle,null,0,87,Composition shuffle,null,Common,0.7487714987714987
Markov baseline,null,0,87,Markov baseline,null,Rare,0.7142857142857143
Markov baseline,null,0,87,Markov baseline,null,Intermediate,0.8647058823529412
Markov baseline,null,0,87,Markov baseline,null,Common,0.8501228501228502
Composition shuffle,null,0,88,Composition shuffle,null,Rare,0.2857142857142857
Composition shuffle,null,0,88,Composition shuffle,null,Intermediate,0.8794117647058823
Composition shuffle,null,0,88,Composition shuffle,null,Common,0.7598280098280098
Markov baseline,null,0,88,Markov baseline,null,Rare,1.0
Markov baseline,null,0,88,Markov baseline,null,Intermediate,0.8911764705882353
Markov baseline,null,0,88,Markov baseline,null,Common,0.8464373464373465
Composition shuffle,null,0,89,Composition shuffle,null,Rare,0.5714285714285714
Composition shuffle,null,0,89,Composition shuffle,null,Intermediate,0.8794117647058823
Composition shuffle,null,0,89,Composition shuffle,null,Common,0.7524570024570024
Markov baseline,null,0,89,Markov baseline,null,Rare,0.8571428571428571
Markov baseline,null,0,89,Markov baseline,null,Intermediate,0.8823529411764706
Markov baseline,null,0,89,Markov baseline,null,Common,0.8464373464373465
Composition shuffle,null,0,90,Composition shuffle,null,Rare,0.42857142857142855
Composition shuffle,null,0,90,Composition shuffle,null,Intermediate,0.8970588235294118
Composition shuffle,null,0,90,Composition shuffle,null,Common,0.7481572481572482
Markov baseline,null,0,90,Markov baseline,null,Rare,0.5714285714285714
Markov baseline,null,0,90,Markov baseline,null,Intermediate,0.8323529411764706
Markov baseline,null,0,90,Markov baseline,null,Common,0.8464373464373465
Composition shuffle,null,0,91,Composition shuffle,null,Rare,0.7142857142857143
Composition shuffle,null,0,91,Composition shuffle,null,Intermediate,0.8911764705882353
Composition shuffle,null,0,91,Composition shuffle,null,Common,0.745085995085995
Markov baseline,null,0,91,Markov baseline,null,Rare,0.7142857142857143
Markov baseline,null,0,91,Markov baseline,null,Intermediate,0.8411764705882353
Markov baseline,null,0,91,Markov baseline,null,Common,0.8630221130221131
Composition shuffle,null,0,92,Composition shuffle,null,Rare,0.8571428571428571
Composition shuffle,null,0,92,Composition shuffle,null,Intermediate,0.9176470588235294
Composition shuffle,null,0,92,Composition shuffle,null,Common,0.7383292383292384
Markov baseline,null,0,92,Markov baseline,null,Rare,0.5714285714285714
Markov baseline,null,0,92,Markov baseline,null,Intermediate,0.8970588235294118
Markov baseline,null,0,92,Markov baseline,null,Common,0.8402948402948403
Composition shuffle,null,0,93,Composition shuffle,null,Rare,0.42857142857142855
Composition shuffle,null,0,93,Composition shuffle,null,Intermediate,0.9058823529411765
Composition shuffle,null,0,93,Composition shuffle,null,Common,0.7647420147420148
Markov baseline,null,0,93,Markov baseline,null,Rare,0.14285714285714285
Markov baseline,null,0,93,Markov baseline,null,Intermediate,0.8558823529411764
Markov baseline,null,0,93,Markov baseline,null,Common,0.8605651105651105
Composition shuffle,null,0,94,Composition shuffle,null,Rare,0.42857142857142855
Composition shuffle,null,0,94,Composition shuffle,null,Intermediate,0.8794117647058823
Composition shuffle,null,0,94,Composition shuffle,null,Common,0.7598280098280098
Markov baseline,null,0,94,Markov baseline,null,Rare,0.42857142857142855
Markov baseline,null,0,94,Markov baseline,null,Intermediate,0.8852941176470588
Markov baseline,null,0,94,Markov baseline,null,Common,0.8439803439803439
Composition shuffle,null,0,95,Composition shuffle,null,Rare,0.8571428571428571
Composition shuffle,null,0,95,Composition shuffle,null,Intermediate,0.8794117647058823
Composition shuffle,null,0,95,Composition shuffle,null,Common,0.765970515970516
Markov baseline,null,0,95,Markov baseline,null,Rare,0.8571428571428571
Markov baseline,null,0,95,Markov baseline,null,Intermediate,0.8352941176470589
Markov baseline,null,0,95,Markov baseline,null,Common,0.8673218673218673
Composition shuffle,null,0,96,Composition shuffle,null,Rare,0.5714285714285714
Composition shuffle,null,0,96,Composition shuffle,null,Intermediate,0.9176470588235294
Composition shuffle,null,0,96,Composition shuffle,null,Common,0.7561425061425061
Markov baseline,null,0,96,Markov baseline,null,Rare,0.8571428571428571
Markov baseline,null,0,96,Markov baseline,null,Intermediate,0.8382352941176471
Markov baseline,null,0,96,Markov baseline,null,Common,0.8525798525798526
Composition shuffle,null,0,97,Composition shuffle,null,Rare,0.7142857142857143
Composition shuffle,null,0,97,Composition shuffle,null,Intermediate,0.8911764705882353
Composition shuffle,null,0,97,Composition shuffle,null,Common,0.7733415233415234
Markov baseline,null,0,97,Markov baseline,null,Rare,0.42857142857142855
Markov baseline,null,0,97,Markov baseline,null,Intermediate,0.861764705882353
Markov baseline,null,0,97,Markov baseline,null,Common,0.8556511056511057
Composition shuffle,null,0,98,Composition shuffle,null,Rare,0.5714285714285714
Composition shuffle,null,0,98,Composition shuffle,null,Intermediate,0.8970588235294118
Composition shuffle,null,0,98,Composition shuffle,null,Common,0.7530712530712531
Markov baseline,null,0,98,Markov baseline,null,Rare,0.42857142857142855
Markov baseline,null,0,98,Markov baseline,null,Intermediate,0.85
Markov baseline,null,0,98,Markov baseline,null,Common,0.8544226044226044
Composition shuffle,null,0,99,Composition shuffle,null,Rare,0.42857142857142855
Composition shuffle,null,0,99,Composition shuffle,null,Intermediate,0.9176470588235294
Composition shuffle,null,0,99,Composition shuffle,null,Common,0.7585995085995086
Markov baseline,null,0,99,Markov baseline,null,Rare,0.8571428571428571
Markov baseline,null,0,99,Markov baseline,null,Intermediate,0.8529411764705882
Markov baseline,null,0,99,Markov baseline,null,Common,0.8390663390663391
Composition shuffle,null,0,100,Composition shuffle,null,Rare,0.42857142857142855
Composition shuffle,null,0,100,Composition shuffle,null,Intermediate,0.8970588235294118
Composition shuffle,null,0,100,Composition shuffle,null,Common,0.7684275184275184
Markov baseline,null,0,100,Markov baseline,null,Rare,1.0
Markov baseline,null,0,100,Markov baseline,null,Intermediate,0.8382352941176471
Markov baseline,null,0,100,Markov baseline,null,Common,0.8452088452088452
Composition shuffle,null,0,101,Composition shuffle,null,Rare,1.0
Composition shuffle,null,0,101,Composition shuffle,null,Intermediate,0.9264705882352942
Composition shuffle,null,0,101,Composition shuffle,null,Common,0.7192874692874693
Markov baseline,null,0,101,Markov baseline,null,Rare,0.8571428571428571
Markov baseline,null,0,101,Markov baseline,null,Intermediate,0.8529411764705882
Markov baseline,null,0,101,Markov baseline,null,Common,0.8335380835380836
Composition shuffle,null,0,102,Composition shuffle,null,Rare,0.2857142857142857
Composition shuffle,null,0,102,Composition shuffle,null,Intermediate,0.8911764705882353
Composition shuffle,null,0,102,Composition shuffle,null,Common,0.7469287469287469
Markov baseline,null,0,102,Markov baseline,null,Rare,0.7142857142857143
Markov baseline,null,0,102,Markov baseline,null,Intermediate,0.8941176470588236
Markov baseline,null,0,102,Markov baseline,null,Common,0.8409090909090909
Composition shuffle,null,0,103,Composition shuffle,null,Rare,0.7142857142857143
Composition shuffle,null,0,103,Composition shuffle,null,Intermediate,0.8941176470588236
Composition shuffle,null,0,103,Composition shuffle,null,Common,0.7278869778869779
Markov baseline,null,0,103,Markov baseline,null,Rare,0.8571428571428571
Markov baseline,null,0,103,Markov baseline,null,Intermediate,0.8823529411764706
Markov baseline,null,0,103,Markov baseline,null,Common,0.85995085995086
Composition shuffle,null,0,104,Composition shuffle,null,Rare,0.2857142857142857
Composition shuffle,null,0,104,Composition shuffle,null,Intermediate,0.9
Composition shuffle,null,0,104,Composition shuffle,null,Common,0.7530712530712531
Markov baseline,null,0,104,Markov baseline,null,Rare,0.5714285714285714
Markov baseline,null,0,104,Markov baseline,null,Intermediate,0.8764705882352941
Markov baseline,null,0,104,Markov baseline,null,Common,0.8464373464373465
Composition shuffle,null,0,105,Composition shuffle,null,Rare,0.42857142857142855
Composition shuffle,null,0,105,Composition shuffle,null,Intermediate,0.8911764705882353
Composition shuffle,null,0,105,Composition shuffle,null,Common,0.7788697788697788
Markov baseline,null,0,105,Markov baseline,null,Rare,0.7142857142857143
Markov baseline,null,0,105,Markov baseline,null,Intermediate,0.8411764705882353
Markov baseline,null,0,105,Markov baseline,null,Common,0.8488943488943489
Composition shuffle,null,0,106,Composition shuffle,null,Rare,0.42857142857142855
Composition shuffle,null,0,106,Composition shuffle,null,Intermediate,0.9117647058823529
Composition shuffle,null,0,106,Composition shuffle,null,Common,0.745085995085995
Markov baseline,null,0,106,Markov baseline,null,Rare,0.7142857142857143
Markov baseline,null,0,106,Markov baseline,null,Intermediate,0.8764705882352941
Markov baseline,null,0,106,Markov baseline,null,Common,0.8396805896805897
Composition shuffle,null,0,107,Composition shuffle,null,Rare,0.8571428571428571
Composition shuffle,null,0,107,Composition shuffle,null,Intermediate,0.8970588235294118
Composition shuffle,null,0,107,Composition shuffle,null,Common,0.7457002457002457
Markov baseline,null,0,107,Markov baseline,null,Rare,0.7142857142857143
Markov baseline,null,0,107,Markov baseline,null,Intermediate,0.8529411764705882
Markov baseline,null,0,107,Markov baseline,null,Common,0.85995085995086
Composition shuffle,null,0,108,Composition shuffle,null,Rare,0.5714285714285714
Composition shuffle,null,0,108,Composition shuffle,null,Intermediate,0.9117647058823529
Composition shuffle,null,0,108,Composition shuffle,null,Common,0.7469287469287469
Markov baseline,null,0,108,Markov baseline,null,Rare,0.7142857142857143
Markov baseline,null,0,108,Markov baseline,null,Intermediate,0.85
Markov baseline,null,0,108,Markov baseline,null,Common,0.8642506142506142
Composition shuffle,null,0,109,Composition shuffle,null,Rare,0.5714285714285714
Composition shuffle,null,0,109,Composition shuffle,null,Intermediate,0.9029411764705882
Composition shuffle,null,0,109,Composition shuffle,null,Common,0.742014742014742
Markov baseline,null,0,109,Markov baseline,null,Rare,0.8571428571428571
Markov baseline,null,0,109,Markov baseline,null,Intermediate,0.8529411764705882
Markov baseline,null,0,109,Markov baseline,null,Common,0.8611793611793612
Composition shuffle,null,0,110,Composition shuffle,null,Rare,0.7142857142857143
Composition shuffle,null,0,110,Composition shuffle,null,Intermediate,0.9
Composition shuffle,null,0,110,Composition shuffle,null,Common,0.7371007371007371
Markov baseline,null,0,110,Markov baseline,null,Rare,0.7142857142857143
Markov baseline,null,0,110,Markov baseline,null,Intermediate,0.8176470588235294
Markov baseline,null,0,110,Markov baseline,null,Common,0.8697788697788698
Composition shuffle,null,0,111,Composition shuffle,null,Rare,0.7142857142857143
Composition shuffle,null,0,111,Composition shuffle,null,Intermediate,0.9029411764705882
Composition shuffle,null,0,111,Composition shuffle,null,Common,0.7291154791154791
Markov baseline,null,0,111,Markov baseline,null,Rare,0.7142857142857143
Markov baseline,null,0,111,Markov baseline,null,Intermediate,0.8558823529411764
Markov baseline,null,0,111,Markov baseline,null,Common,0.8409090909090909
Composition shuffle,null,0,112,Composition shuffle,null,Rare,0.14285714285714285
Composition shuffle,null,0,112,Composition shuffle,null,Intermediate,0.9029411764705882
Composition shuffle,null,0,112,Composition shuffle,null,Common,0.7463144963144963
Markov baseline,null,0,112,Markov baseline,null,Rare,0.7142857142857143
Markov baseline,null,0,112,Markov baseline,null,Intermediate,0.85
Markov baseline,null,0,112,Markov baseline,null,Common,0.8452088452088452
Composition shuffle,null,0,113,Composition shuffle,null,Rare,0.42857142857142855
Composition shuffle,null,0,113,Composition shuffle,null,Intermediate,0.8970588235294118
Composition shuffle,null,0,113,Composition shuffle,null,Common,0.7328009828009828
Markov baseline,null,0,113,Markov baseline,null,Rare,0.42857142857142855
Markov baseline,null,0,113,Markov baseline,null,Intermediate,0.888235294117647
Markov baseline,null,0,113,Markov baseline,null,Common,0.8366093366093366
Composition shuffle,null,0,114,Composition shuffle,null,Rare,0.5714285714285714
Composition shuffle,null,0,114,Composition shuffle,null,Intermediate,0.8852941176470588
Composition shuffle,null,0,114,Composition shuffle,null,Common,0.7389434889434889
Markov baseline,null,0,114,Markov baseline,null,Rare,0.8571428571428571
Markov baseline,null,0,114,Markov baseline,null,Intermediate,0.8735294117647059
Markov baseline,null,0,114,Markov baseline,null,Common,0.8452088452088452
Composition shuffle,null,0,115,Composition shuffle,null,Rare,0.8571428571428571
Composition shuffle,null,0,115,Composition shuffle,null,Intermediate,0.9235294117647059
Composition shuffle,null,0,115,Composition shuffle,null,Common,0.7414004914004914
Markov baseline,null,0,115,Markov baseline,null,Rare,0.5714285714285714
Markov baseline,null,0,115,Markov baseline,null,Intermediate,0.8441176470588235
Markov baseline,null,0,115,Markov baseline,null,Common,0.8452088452088452
Composition shuffle,null,0,116,Composition shuffle,null,Rare,1.0
Composition shuffle,null,0,116,Composition shuffle,null,Intermediate,0.9058823529411765
Composition shuffle,null,0,116,Composition shuffle,null,Common,0.7334152334152334
Markov baseline,null,0,116,Markov baseline,null,Rare,0.42857142857142855
Markov baseline,null,0,116,Markov baseline,null,Intermediate,0.8647058823529412
Markov baseline,null,0,116,Markov baseline,null,Common,0.8488943488943489
Composition shuffle,null,0,117,Composition shuffle,null,Rare,0.2857142857142857
Composition shuffle,null,0,117,Composition shuffle,null,Intermediate,0.9
Composition shuffle,null,0,117,Composition shuffle,null,Common,0.7622850122850123
Markov baseline,null,0,117,Markov baseline,null,Rare,0.5714285714285714
Markov baseline,null,0,117,Markov baseline,null,Intermediate,0.8970588235294118
Markov baseline,null,0,117,Markov baseline,null,Common,0.8273955773955773
Composition shuffle,null,0,118,Composition shuffle,null,Rare,0.42857142857142855
Composition shuffle,null,0,118,Composition shuffle,null,Intermediate,0.9147058823529411
Composition shuffle,null,0,118,Composition shuffle,null,Common,0.7561425061425061
Markov baseline,null,0,118,Markov baseline,null,Rare,0.7142857142857143
Markov baseline,null,0,118,Markov baseline,null,Intermediate,0.8735294117647059
Markov baseline,null,0,118,Markov baseline,null,Common,0.8347665847665847
Composition shuffle,null,0,119,Composition shuffle,null,Rare,0.7142857142857143
Composition shuffle,null,0,119,Composition shuffle,null,Intermediate,0.8647058823529412
Composition shuffle,null,0,119,Composition shuffle,null,Common,0.7303439803439803
Markov baseline,null,0,119,Markov baseline,null,Rare,0.42857142857142855
Markov baseline,null,0,119,Markov baseline,null,Intermediate,0.8411764705882353
Markov baseline,null,0,119,Markov baseline,null,Common,0.8513513513513513
Composition shuffle,null,0,120,Composition shuffle,null,Rare,0.5714285714285714
Composition shuffle,null,0,120,Composition shuffle,null,Intermediate,0.888235294117647
Composition shuffle,null,0,120,Composition shuffle,null,Common,0.7438574938574939
Markov baseline,null,0,120,Markov baseline,null,Rare,0.8571428571428571
Markov baseline,null,0,120,Markov baseline,null,Intermediate,0.8470588235294118
Markov baseline,null,0,120,Markov baseline,null,Common,0.8556511056511057
Composition shuffle,null,0,121,Composition shuffle,null,Rare,0.8571428571428571
Composition shuffle,null,0,121,Composition shuffle,null,Intermediate,0.8911764705882353
Composition shuffle,null,0,121,Composition shuffle,null,Common,0.7481572481572482
Markov baseline,null,0,121,Markov baseline,null,Rare,0.7142857142857143
Markov baseline,null,0,121,Markov baseline,null,Intermediate,0.8529411764705882
Markov baseline,null,0,121,Markov baseline,null,Common,0.8556511056511057
Composition shuffle,null,0,122,Composition shuffle,null,Rare,1.0
Composition shuffle,null,0,122,Composition shuffle,null,Intermediate,0.9147058823529411
Composition shuffle,null,0,122,Composition shuffle,null,Common,0.7291154791154791
Markov baseline,null,0,122,Markov baseline,null,Rare,0.5714285714285714
Markov baseline,null,0,122,Markov baseline,null,Intermediate,0.8794117647058823
Markov baseline,null,0,122,Markov baseline,null,Common,0.8353808353808354
Composition shuffle,null,0,123,Composition shuffle,null,Rare,0.7142857142857143
Composition shuffle,null,0,123,Composition shuffle,null,Intermediate,0.9235294117647059
Composition shuffle,null,0,123,Composition shuffle,null,Common,0.7555282555282555
Markov baseline,null,0,123,Markov baseline,null,Rare,0.14285714285714285
Markov baseline,null,0,123,Markov baseline,null,Intermediate,0.8735294117647059
Markov baseline,null,0,123,Markov baseline,null,Common,0.8593366093366094
Composition shuffle,null,0,124,Composition shuffle,null,Rare,0.5714285714285714
Composition shuffle,null,0,124,Composition shuffle,null,Intermediate,0.9088235294117647
Composition shuffle,null,0,124,Composition shuffle,null,Common,0.7536855036855037
Markov baseline,null,0,124,Markov baseline,null,Rare,0.42857142857142855
Markov baseline,null,0,124,Markov baseline,null,Intermediate,0.8470588235294118
Markov baseline,null,0,124,Markov baseline,null,Common,0.8445945945945946
Composition shuffle,null,0,125,Composition shuffle,null,Rare,0.42857142857142855
Composition shuffle,null,0,125,Composition shuffle,null,Intermediate,0.8911764705882353
Composition shuffle,null,0,125,Composition shuffle,null,Common,0.7512285012285013
Markov baseline,null,0,125,Markov baseline,null,Rare,0.8571428571428571
Markov baseline,null,0,125,Markov baseline,null,Intermediate,0.8352941176470589
Markov baseline,null,0,125,Markov baseline,null,Common,0.8648648648648649
Composition shuffle,null,0,126,Composition shuffle,null,Rare,0.7142857142857143
Composition shuffle,null,0,126,Composition shuffle,null,Intermediate,0.9029411764705882
Composition shuffle,null,0,126,Composition shuffle,null,Common,0.7598280098280098
Markov baseline,null,0,126,Markov baseline,null,Rare,0.42857142857142855
Markov baseline,null,0,126,Markov baseline,null,Intermediate,0.8705882352941177
Markov baseline,null,0,126,Markov baseline,null,Common,0.828009828009828
Composition shuffle,null,0,127,Composition shuffle,null,Rare,0.5714285714285714
Composition shuffle,null,0,127,Composition shuffle,null,Intermediate,0.9147058823529411
Composition shuffle,null,0,127,Composition shuffle,null,Common,0.726044226044226
Markov baseline,null,0,127,Markov baseline,null,Rare,0.8571428571428571
Markov baseline,null,0,127,Markov baseline,null,Intermediate,0.8852941176470588
Markov baseline,null,0,127,Markov baseline,null,Common,0.8525798525798526
Composition shuffle,null,0,128,Composition shuffle,null,Rare,0.8571428571428571
Composition shuffle,null,0,128,Composition shuffle,null,Intermediate,0.9058823529411765
Composition shuffle,null,0,128,Composition shuffle,null,Common,0.730958230958231
Markov baseline,null,0,128,Markov baseline,null,Rare,0.7142857142857143
Markov baseline,null,0,128,Markov baseline,null,Intermediate,0.8588235294117647
Markov baseline,null,0,128,Markov baseline,null,Common,0.8501228501228502
Composition shuffle,null,0,129,Composition shuffle,null,Rare,0.42857142857142855
Composition shuffle,null,0,129,Composition shuffle,null,Intermediate,0.888235294117647
Composition shuffle,null,0,129,Composition shuffle,null,Common,0.745085995085995
Markov baseline,null,0,129,Markov baseline,null,Rare,0.7142857142857143
Markov baseline,null,0,129,Markov baseline,null,Intermediate,0.8323529411764706
Markov baseline,null,0,129,Markov baseline,null,Common,0.8445945945945946
Composition shuffle,null,0,130,Composition shuffle,null,Rare,0.42857142857142855
Composition shuffle,null,0,130,Composition shuffle,null,Intermediate,0.9117647058823529
Composition shuffle,null,0,130,Composition shuffle,null,Common,0.7414004914004914
Markov baseline,null,0,130,Markov baseline,null,Rare,0.42857142857142855
Markov baseline,null,0,130,Markov baseline,null,Intermediate,0.8441176470588235
Markov baseline,null,0,130,Markov baseline,null,Common,0.8341523341523341
Composition shuffle,null,0,131,Composition shuffle,null,Rare,0.14285714285714285
Composition shuffle,null,0,131,Composition shuffle,null,Intermediate,0.9235294117647059
Composition shuffle,null,0,131,Composition shuffle,null,Common,0.734029484029484
Markov baseline,null,0,131,Markov baseline,null,Rare,0.5714285714285714
Markov baseline,null,0,131,Markov baseline,null,Intermediate,0.8558823529411764
Markov baseline,null,0,131,Markov baseline,null,Common,0.8605651105651105
Composition shuffle,null,0,132,Composition shuffle,null,Rare,0.7142857142857143
Composition shuffle,null,0,132,Composition shuffle,null,Intermediate,0.9088235294117647
Composition shuffle,null,0,132,Composition shuffle,null,Common,0.7487714987714987
Markov baseline,null,0,132,Markov baseline,null,Rare,0.8571428571428571
Markov baseline,null,0,132,Markov baseline,null,Intermediate,0.8382352941176471
Markov baseline,null,0,132,Markov baseline,null,Common,0.8611793611793612
Composition shuffle,null,0,133,Composition shuffle,null,Rare,0.5714285714285714
Composition shuffle,null,0,133,Composition shuffle,null,Intermediate,0.8941176470588236
Composition shuffle,null,0,133,Composition shuffle,null,Common,0.7377149877149877
Markov baseline,null,0,133,Markov baseline,null,Rare,0.5714285714285714
Markov baseline,null,0,133,Markov baseline,null,Intermediate,0.8941176470588236
Markov baseline,null,0,133,Markov baseline,null,Common,0.8568796068796068
Composition shuffle,null,0,134,Composition shuffle,null,Rare,0.7142857142857143
Composition shuffle,null,0,134,Composition shuffle,null,Intermediate,0.8970588235294118
Composition shuffle,null,0,134,Composition shuffle,null,Common,0.7291154791154791
Markov baseline,null,0,134,Markov baseline,null,Rare,0.42857142857142855
Markov baseline,null,0,134,Markov baseline,null,Intermediate,0.8735294117647059
Markov baseline,null,0,134,Markov baseline,null,Common,0.8390663390663391
Composition shuffle,null,0,135,Composition shuffle,null,Rare,0.42857142857142855
Composition shuffle,null,0,135,Composition shuffle,null,Intermediate,0.8970588235294118
Composition shuffle,null,0,135,Composition shuffle,null,Common,0.7684275184275184
Markov baseline,null,0,135,Markov baseline,null,Rare,0.8571428571428571
Markov baseline,null,0,135,Markov baseline,null,Intermediate,0.8235294117647058
Markov baseline,null,0,135,Markov baseline,null,Common,0.8538083538083538
Composition shuffle,null,0,136,Composition shuffle,null,Rare,0.5714285714285714
Composition shuffle,null,0,136,Composition shuffle,null,Intermediate,0.9117647058823529
Composition shuffle,null,0,136,Composition shuffle,null,Common,0.7481572481572482
Markov baseline,null,0,136,Markov baseline,null,Rare,0.8571428571428571
Markov baseline,null,0,136,Markov baseline,null,Intermediate,0.8705882352941177
Markov baseline,null,0,136,Markov baseline,null,Common,0.8630221130221131
Composition shuffle,null,0,137,Composition shuffle,null,Rare,0.7142857142857143
Composition shuffle,null,0,137,Composition shuffle,null,Intermediate,0.9029411764705882
Composition shuffle,null,0,137,Composition shuffle,null,Common,0.7506142506142506
Markov baseline,null,0,137,Markov baseline,null,Rare,0.8571428571428571
Markov baseline,null,0,137,Markov baseline,null,Intermediate,0.85
Markov baseline,null,0,137,Markov baseline,null,Common,0.8452088452088452
Composition shuffle,null,0,138,Composition shuffle,null,Rare,0.2857142857142857
Composition shuffle,null,0,138,Composition shuffle,null,Intermediate,0.9029411764705882
Composition shuffle,null,0,138,Composition shuffle,null,Common,0.7647420147420148
Markov baseline,null,0,138,Markov baseline,null,Rare,0.5714285714285714
Markov baseline,null,0,138,Markov baseline,null,Intermediate,0.8382352941176471
Markov baseline,null,0,138,Markov baseline,null,Common,0.8335380835380836
Composition shuffle,null,0,139,Composition shuffle,null,Rare,0.7142857142857143
Composition shuffle,null,0,139,Composition shuffle,null,Intermediate,0.8970588235294118
Composition shuffle,null,0,139,Composition shuffle,null,Common,0.7585995085995086
Markov baseline,null,0,139,Markov baseline,null,Rare,0.42857142857142855
Markov baseline,null,0,139,Markov baseline,null,Intermediate,0.8647058823529412
Markov baseline,null,0,139,Markov baseline,null,Common,0.8409090909090909
Composition shuffle,null,0,140,Composition shuffle,null,Rare,0.42857142857142855
Composition shuffle,null,0,140,Composition shuffle,null,Intermediate,0.9029411764705882
Composition shuffle,null,0,140,Composition shuffle,null,Common,0.7487714987714987
Markov baseline,null,0,140,Markov baseline,null,Rare,0.14285714285714285
Markov baseline,null,0,140,Markov baseline,null,Intermediate,0.8676470588235294
Markov baseline,null,0,140,Markov baseline,null,Common,0.8464373464373465
Composition shuffle,null,0,141,Composition shuffle,null,Rare,0.7142857142857143
Composition shuffle,null,0,141,Composition shuffle,null,Intermediate,0.9323529411764706
Composition shuffle,null,0,141,Composition shuffle,null,Common,0.75
Markov baseline,null,0,141,Markov baseline,null,Rare,0.7142857142857143
Markov baseline,null,0,141,Markov baseline,null,Intermediate,0.85
Markov baseline,null,0,141,Markov baseline,null,Common,0.8660933660933661
Composition shuffle,null,0,142,Composition shuffle,null,Rare,0.7142857142857143
Composition shuffle,null,0,142,Composition shuffle,null,Intermediate,0.9
Composition shuffle,null,0,142,Composition shuffle,null,Common,0.7444717444717445
Markov baseline,null,0,142,Markov baseline,null,Rare,0.5714285714285714
Markov baseline,null,0,142,Markov baseline,null,Intermediate,0.861764705882353
Markov baseline,null,0,142,Markov baseline,null,Common,0.8654791154791155
Composition shuffle,null,0,143,Composition shuffle,null,Rare,0.7142857142857143
Composition shuffle,null,0,143,Composition shuffle,null,Intermediate,0.8735294117647059
Composition shuffle,null,0,143,Composition shuffle,null,Common,0.7714987714987716
Markov baseline,null,0,143,Markov baseline,null,Rare,0.42857142857142855
Markov baseline,null,0,143,Markov baseline,null,Intermediate,0.8735294117647059
Markov baseline,null,0,143,Markov baseline,null,Common,0.855036855036855
Composition shuffle,null,0,144,Composition shuffle,null,Rare,0.42857142857142855
Composition shuffle,null,0,144,Composition shuffle,null,Intermediate,0.9
Composition shuffle,null,0,144,Composition shuffle,null,Common,0.7610565110565111
Markov baseline,null,0,144,Markov baseline,null,Rare,1.0
Markov baseline,null,0,144,Markov baseline,null,Intermediate,0.8588235294117647
Markov baseline,null,0,144,Markov baseline,null,Common,0.8255528255528255
Composition shuffle,null,0,145,Composition shuffle,null,Rare,0.8571428571428571
Composition shuffle,null,0,145,Composition shuffle,null,Intermediate,0.9294117647058824
Composition shuffle,null,0,145,Composition shuffle,null,Common,0.7598280098280098
Markov baseline,null,0,145,Markov baseline,null,Rare,0.42857142857142855
Markov baseline,null,0,145,Markov baseline,null,Intermediate,0.8441176470588235
Markov baseline,null,0,145,Markov baseline,null,Common,0.8630221130221131
Composition shuffle,null,0,146,Composition shuffle,null,Rare,0.5714285714285714
Composition shuffle,null,0,146,Composition shuffle,null,Intermediate,0.8911764705882353
Composition shuffle,null,0,146,Composition shuffle,null,Common,0.7665847665847666
Markov baseline,null,0,146,Markov baseline,null,Rare,0.5714285714285714
Markov baseline,null,0,146,Markov baseline,null,Intermediate,0.8264705882352941
Markov baseline,null,0,146,Markov baseline,null,Common,0.8728501228501229
Composition shuffle,null,0,147,Composition shuffle,null,Rare,0.42857142857142855
Composition shuffle,null,0,147,Composition shuffle,null,Intermediate,0.9
Composition shuffle,null,0,147,Composition shuffle,null,Common,0.7536855036855037
Markov baseline,null,0,147,Markov baseline,null,Rare,0.42857142857142855
Markov baseline,null,0,147,Markov baseline,null,Intermediate,0.8205882352941176
Markov baseline,null,0,147,Markov baseline,null,Common,0.8765356265356266
Composition shuffle,null,0,148,Composition shuffle,null,Rare,0.5714285714285714
Composition shuffle,null,0,148,Composition shuffle,null,Intermediate,0.8970588235294118
Composition shuffle,null,0,148,Composition shuffle,null,Common,0.7542997542997543
Markov baseline,null,0,148,Markov baseline,null,Rare,0.7142857142857143
Markov baseline,null,0,148,Markov baseline,null,Intermediate,0.8235294117647058
Markov baseline,null,0,148,Markov baseline,null,Common,0.8495085995085995
Composition shuffle,null,0,149,Composition shuffle,null,Rare,0.42857142857142855
Composition shuffle,null,0,149,Composition shuffle,null,Intermediate,0.8794117647058823
Composition shuffle,null,0,149,Composition shuffle,null,Common,0.7721130221130221
Markov baseline,null,0,149,Markov baseline,null,Rare,0.8571428571428571
Markov baseline,null,0,149,Markov baseline,null,Intermediate,0.8823529411764706
Markov baseline,null,0,149,Markov baseline,null,Common,0.8421375921375921
Composition shuffle,null,0,150,Composition shuffle,null,Rare,0.7142857142857143
Composition shuffle,null,0,150,Composition shuffle,null,Intermediate,0.8852941176470588
Composition shuffle,null,0,150,Composition shuffle,null,Common,0.7242014742014742
Markov baseline,null,0,150,Markov baseline,null,Rare,0.8571428571428571
Markov baseline,null,0,150,Markov baseline,null,Intermediate,0.85
Markov baseline,null,0,150,Markov baseline,null,Common,0.8501228501228502
Composition shuffle,null,0,151,Composition shuffle,null,Rare,0.5714285714285714
Composition shuffle,null,0,151,Composition shuffle,null,Intermediate,0.8823529411764706
Composition shuffle,null,0,151,Composition shuffle,null,Common,0.7328009828009828
Markov baseline,null,0,151,Markov baseline,null,Rare,0.8571428571428571
Markov baseline,null,0,151,Markov baseline,null,Intermediate,0.8705882352941177
Markov baseline,null,0,151,Markov baseline,null,Common,0.8642506142506142
Composition shuffle,null,0,152,Composition shuffle,null,Rare,0.8571428571428571
Composition shuffle,null,0,152,Composition shuffle,null,Intermediate,0.8970588235294118
Composition shuffle,null,0,152,Composition shuffle,null,Common,0.7401719901719902
Markov baseline,null,0,152,Markov baseline,null,Rare,0.8571428571428571
Markov baseline,null,0,152,Markov baseline,null,Intermediate,0.8705882352941177
Markov baseline,null,0,152,Markov baseline,null,Common,0.835995085995086
Composition shuffle,null,0,153,Composition shuffle,null,Rare,0.8571428571428571
Composition shuffle,null,0,153,Composition shuffle,null,Intermediate,0.8970588235294118
Composition shuffle,null,0,153,Composition shuffle,null,Common,0.7438574938574939
Markov baseline,null,0,153,Markov baseline,null,Rare,0.7142857142857143
Markov baseline,null,0,153,Markov baseline,null,Intermediate,0.8794117647058823
Markov baseline,null,0,153,Markov baseline,null,Common,0.8409090909090909
Composition shuffle,null,0,154,Composition shuffle,null,Rare,0.5714285714285714
Composition shuffle,null,0,154,Composition shuffle,null,Intermediate,0.8705882352941177
Composition shuffle,null,0,154,Composition shuffle,null,Common,0.7622850122850123
Markov baseline,null,0,154,Markov baseline,null,Rare,0.8571428571428571
Markov baseline,null,0,154,Markov baseline,null,Intermediate,0.8058823529411765
Markov baseline,null,0,154,Markov baseline,null,Common,0.8685503685503686
Composition shuffle,null,0,155,Composition shuffle,null,Rare,0.7142857142857143
Composition shuffle,null,0,155,Composition shuffle,null,Intermediate,0.9147058823529411
Composition shuffle,null,0,155,Composition shuffle,null,Common,0.7272727272727273
Markov baseline,null,0,155,Markov baseline,null,Rare,0.8571428571428571
Markov baseline,null,0,155,Markov baseline,null,Intermediate,0.8529411764705882
Markov baseline,null,0,155,Markov baseline,null,Common,0.828009828009828
Composition shuffle,null,0,156,Composition shuffle,null,Rare,0.7142857142857143
Composition shuffle,null,0,156,Composition shuffle,null,Intermediate,0.9147058823529411
Composition shuffle,null,0,156,Composition shuffle,null,Common,0.7481572481572482
Markov baseline,null,0,156,Markov baseline,null,Rare,0.42857142857142855
Markov baseline,null,0,156,Markov baseline,null,Intermediate,0.8735294117647059
Markov baseline,null,0,156,Markov baseline,null,Common,0.8581081081081081
Composition shuffle,null,0,157,Composition shuffle,null,Rare,0.2857142857142857
Composition shuffle,null,0,157,Composition shuffle,null,Intermediate,0.8823529411764706
Composition shuffle,null,0,157,Composition shuffle,null,Common,0.7383292383292384
Markov baseline,null,0,157,Markov baseline,null,Rare,0.8571428571428571
Markov baseline,null,0,157,Markov baseline,null,Intermediate,0.8529411764705882
Markov baseline,null,0,157,Markov baseline,null,Common,0.8574938574938575
Composition shuffle,null,0,158,Composition shuffle,null,Rare,0.8571428571428571
Composition shuffle,null,0,158,Composition shuffle,null,Intermediate,0.9176470588235294
Composition shuffle,null,0,158,Composition shuffle,null,Common,0.7242014742014742
Markov baseline,null,0,158,Markov baseline,null,Rare,0.5714285714285714
Markov baseline,null,0,158,Markov baseline,null,Intermediate,0.861764705882353
Markov baseline,null,0,158,Markov baseline,null,Common,0.8648648648648649
Composition shuffle,null,0,159,Composition shuffle,null,Rare,0.0
Composition shuffle,null,0,159,Composition shuffle,null,Intermediate,0.8911764705882353
Composition shuffle,null,0,159,Composition shuffle,null,Common,0.757985257985258
Markov baseline,null,0,159,Markov baseline,null,Rare,0.7142857142857143
Markov baseline,null,0,159,Markov baseline,null,Intermediate,0.8676470588235294
Markov baseline,null,0,159,Markov baseline,null,Common,0.8495085995085995
Composition shuffle,null,0,160,Composition shuffle,null,Rare,0.5714285714285714
Composition shuffle,null,0,160,Composition shuffle,null,Intermediate,0.9029411764705882
Composition shuffle,null,0,160,Composition shuffle,null,Common,0.726044226044226
Markov baseline,null,0,160,Markov baseline,null,Rare,0.42857142857142855
Markov baseline,null,0,160,Markov baseline,null,Intermediate,0.8823529411764706
Markov baseline,null,0,160,Markov baseline,null,Common,0.8476658476658476
Composition shuffle,null,0,161,Composition shuffle,null,Rare,0.7142857142857143
Composition shuffle,null,0,161,Composition shuffle,null,Intermediate,0.9088235294117647
Composition shuffle,null,0,161,Composition shuffle,null,Common,0.7377149877149877
Markov baseline,null,0,161,Markov baseline,null,Rare,0.8571428571428571
Markov baseline,null,0,161,Markov baseline,null,Intermediate,0.8411764705882353
Markov baseline,null,0,161,Markov baseline,null,Common,0.8421375921375921
Composition shuffle,null,0,162,Composition shuffle,null,Rare,0.14285714285714285
Composition shuffle,null,0,162,Composition shuffle,null,Intermediate,0.8941176470588236
Composition shuffle,null,0,162,Composition shuffle,null,Common,0.7628992628992629
Markov baseline,null,0,162,Markov baseline,null,Rare,0.8571428571428571
Markov baseline,null,0,162,Markov baseline,null,Intermediate,0.8647058823529412
Markov baseline,null,0,162,Markov baseline,null,Common,0.8703931203931204
Composition shuffle,null,0,163,Composition shuffle,null,Rare,0.42857142857142855
Composition shuffle,null,0,163,Composition shuffle,null,Intermediate,0.9117647058823529
Composition shuffle,null,0,163,Composition shuffle,null,Common,0.7481572481572482
Markov baseline,null,0,163,Markov baseline,null,Rare,0.8571428571428571
Markov baseline,null,0,163,Markov baseline,null,Intermediate,0.9
Markov baseline,null,0,163,Markov baseline,null,Common,0.8347665847665847
Composition shuffle,null,0,164,Composition shuffle,null,Rare,0.5714285714285714
Composition shuffle,null,0,164,Composition shuffle,null,Intermediate,0.8764705882352941
Composition shuffle,null,0,164,Composition shuffle,null,Common,0.7628992628992629
Markov baseline,null,0,164,Markov baseline,null,Rare,0.42857142857142855
Markov baseline,null,0,164,Markov baseline,null,Intermediate,0.8382352941176471
Markov baseline,null,0,164,Markov baseline,null,Common,0.8482800982800983
Composition shuffle,null,0,165,Composition shuffle,null,Rare,0.42857142857142855
Composition shuffle,null,0,165,Composition shuffle,null,Intermediate,0.9
Composition shuffle,null,0,165,Composition shuffle,null,Common,0.7444717444717445
Markov baseline,null,0,165,Markov baseline,null,Rare,0.42857142857142855
Markov baseline,null,0,165,Markov baseline,null,Intermediate,0.9029411764705882
Markov baseline,null,0,165,Markov baseline,null,Common,0.8544226044226044
Composition shuffle,null,0,166,Composition shuffle,null,Rare,0.7142857142857143
Composition shuffle,null,0,166,Composition shuffle,null,Intermediate,0.8735294117647059
Composition shuffle,null,0,166,Composition shuffle,null,Common,0.722972972972973
Markov baseline,null,0,166,Markov baseline,null,Rare,0.7142857142857143
Markov baseline,null,0,166,Markov baseline,null,Intermediate,0.8676470588235294
Markov baseline,null,0,166,Markov baseline,null,Common,0.8273955773955773
Composition shuffle,null,0,167,Composition shuffle,null,Rare,0.7142857142857143
Composition shuffle,null,0,167,Composition shuffle,null,Intermediate,0.9205882352941176
Composition shuffle,null,0,167,Composition shuffle,null,Common,0.7542997542997543
Markov baseline,null,0,167,Markov baseline,null,Rare,0.7142857142857143
Markov baseline,null,0,167,Markov baseline,null,Intermediate,0.8764705882352941
Markov baseline,null,0,167,Markov baseline,null,Common,0.8568796068796068
Composition shuffle,null,0,168,Composition shuffle,null,Rare,0.5714285714285714
Composition shuffle,null,0,168,Composition shuffle,null,Intermediate,0.8852941176470588
Composition shuffle,null,0,168,Composition shuffle,null,Common,0.75
Markov baseline,null,0,168,Markov baseline,null,Rare,0.7142857142857143
Markov baseline,null,0,168,Markov baseline,null,Intermediate,0.8470588235294118
Markov baseline,null,0,168,Markov baseline,null,Common,0.8679361179361179
Composition shuffle,null,0,169,Composition shuffle,null,Rare,0.42857142857142855
Composition shuffle,null,0,169,Composition shuffle,null,Intermediate,0.9058823529411765
Composition shuffle,null,0,169,Composition shuffle,null,Common,0.7542997542997543
Markov baseline,null,0,169,Markov baseline,null,Rare,0.7142857142857143
Markov baseline,null,0,169,Markov baseline,null,Intermediate,0.8676470588235294
Markov baseline,null,0,169,Markov baseline,null,Common,0.8439803439803439
Composition shuffle,null,0,170,Composition shuffle,null,Rare,0.5714285714285714
Composition shuffle,null,0,170,Composition shuffle,null,Intermediate,0.888235294117647
Composition shuffle,null,0,170,Composition shuffle,null,Common,0.7328009828009828
Markov baseline,null,0,170,Markov baseline,null,Rare,0.5714285714285714
Markov baseline,null,0,170,Markov baseline,null,Intermediate,0.8588235294117647
Markov baseline,null,0,170,Markov baseline,null,Common,0.8452088452088452
Composition shuffle,null,0,171,Composition shuffle,null,Rare,0.7142857142857143
Composition shuffle,null,0,171,Composition shuffle,null,Intermediate,0.9352941176470588
Composition shuffle,null,0,171,Composition shuffle,null,Common,0.7764127764127764
Markov baseline,null,0,171,Markov baseline,null,Rare,0.5714285714285714
Markov baseline,null,0,171,Markov baseline,null,Intermediate,0.8647058823529412
Markov baseline,null,0,171,Markov baseline,null,Common,0.8255528255528255
Composition shuffle,null,0,172,Composition shuffle,null,Rare,0.8571428571428571
Composition shuffle,null,0,172,Composition shuffle,null,Intermediate,0.888235294117647
Composition shuffle,null,0,172,Composition shuffle,null,Common,0.7328009828009828
Markov baseline,null,0,172,Markov baseline,null,Rare,0.42857142857142855
Markov baseline,null,0,172,Markov baseline,null,Intermediate,0.8764705882352941
Markov baseline,null,0,172,Markov baseline,null,Common,0.8636363636363636
Composition shuffle,null,0,173,Composition shuffle,null,Rare,0.5714285714285714
Composition shuffle,null,0,173,Composition shuffle,null,Intermediate,0.9058823529411765
Composition shuffle,null,0,173,Composition shuffle,null,Common,0.734029484029484
Markov baseline,null,0,173,Markov baseline,null,Rare,0.7142857142857143
Markov baseline,null,0,173,Markov baseline,null,Intermediate,0.8470588235294118
Markov baseline,null,0,173,Markov baseline,null,Common,0.8617936117936118
Composition shuffle,null,0,174,Composition shuffle,null,Rare,0.8571428571428571
Composition shuffle,null,0,174,Composition shuffle,null,Intermediate,0.9147058823529411
Composition shuffle,null,0,174,Composition shuffle,null,Common,0.7303439803439803
Markov baseline,null,0,174,Markov baseline,null,Rare,0.7142857142857143
Markov baseline,null,0,174,Markov baseline,null,Intermediate,0.8294117647058824
Markov baseline,null,0,174,Markov baseline,null,Common,0.8654791154791155
Composition shuffle,null,0,175,Composition shuffle,null,Rare,0.2857142857142857
Composition shuffle,null,0,175,Composition shuffle,null,Intermediate,0.9058823529411765
Composition shuffle,null,0,175,Composition shuffle,null,Common,0.7573710073710074
Markov baseline,null,0,175,Markov baseline,null,Rare,1.0
Markov baseline,null,0,175,Markov baseline,null,Intermediate,0.8823529411764706
Markov baseline,null,0,175,Markov baseline,null,Common,0.8513513513513513
Composition shuffle,null,0,176,Composition shuffle,null,Rare,0.5714285714285714
Composition shuffle,null,0,176,Composition shuffle,null,Intermediate,0.8735294117647059
Composition shuffle,null,0,176,Composition shuffle,null,Common,0.7684275184275184
Markov baseline,null,0,176,Markov baseline,null,Rare,0.2857142857142857
Markov baseline,null,0,176,Markov baseline,null,Intermediate,0.9
Markov baseline,null,0,176,Markov baseline,null,Common,0.8421375921375921
Composition shuffle,null,0,177,Composition shuffle,null,Rare,0.5714285714285714
Composition shuffle,null,0,177,Composition shuffle,null,Intermediate,0.9176470588235294
Composition shuffle,null,0,177,Composition shuffle,null,Common,0.7475429975429976
Markov baseline,null,0,177,Markov baseline,null,Rare,0.42857142857142855
Markov baseline,null,0,177,Markov baseline,null,Intermediate,0.888235294117647
Markov baseline,null,0,177,Markov baseline,null,Common,0.8396805896805897
Composition shuffle,null,0,178,Composition shuffle,null,Rare,0.2857142857142857
Composition shuffle,null,0,178,Composition shuffle,null,Intermediate,0.8705882352941177
Composition shuffle,null,0,178,Composition shuffle,null,Common,0.7555282555282555
Markov baseline,null,0,178,Markov baseline,null,Rare,0.42857142857142855
Markov baseline,null,0,178,Markov baseline,null,Intermediate,0.8647058823529412
Markov baseline,null,0,178,Markov baseline,null,Common,0.8648648648648649
Composition shuffle,null,0,179,Composition shuffle,null,Rare,0.5714285714285714
Composition shuffle,null,0,179,Composition shuffle,null,Intermediate,0.8911764705882353
Composition shuffle,null,0,179,Composition shuffle,null,Common,0.7389434889434889
Markov baseline,null,0,179,Markov baseline,null,Rare,0.7142857142857143
Markov baseline,null,0,179,Markov baseline,null,Intermediate,0.8647058823529412
Markov baseline,null,0,179,Markov baseline,null,Common,0.8421375921375921
Composition shuffle,null,0,180,Composition shuffle,null,Rare,0.5714285714285714
Composition shuffle,null,0,180,Composition shuffle,null,Intermediate,0.9117647058823529
Composition shuffle,null,0,180,Composition shuffle,null,Common,0.7678132678132679
Markov baseline,null,0,180,Markov baseline,null,Rare,0.7142857142857143
Markov baseline,null,0,180,Markov baseline,null,Intermediate,0.8676470588235294
Markov baseline,null,0,180,Markov baseline,null,Common,0.8556511056511057
Composition shuffle,null,0,181,Composition shuffle,null,Rare,0.5714285714285714
Composition shuffle,null,0,181,Composition shuffle,null,Intermediate,0.888235294117647
Composition shuffle,null,0,181,Composition shuffle,null,Common,0.734029484029484
Markov baseline,null,0,181,Markov baseline,null,Rare,0.8571428571428571
Markov baseline,null,0,181,Markov baseline,null,Intermediate,0.8735294117647059
Markov baseline,null,0,181,Markov baseline,null,Common,0.8249385749385749
Composition shuffle,null,0,182,Composition shuffle,null,Rare,0.8571428571428571
Composition shuffle,null,0,182,Composition shuffle,null,Intermediate,0.888235294117647
Composition shuffle,null,0,182,Composition shuffle,null,Common,0.7334152334152334
Markov baseline,null,0,182,Markov baseline,null,Rare,0.7142857142857143
Markov baseline,null,0,182,Markov baseline,null,Intermediate,0.8205882352941176
Markov baseline,null,0,182,Markov baseline,null,Common,0.8476658476658476
Composition shuffle,null,0,183,Composition shuffle,null,Rare,0.42857142857142855
Composition shuffle,null,0,183,Composition shuffle,null,Intermediate,0.9117647058823529
Composition shuffle,null,0,183,Composition shuffle,null,Common,0.7321867321867321
Markov baseline,null,0,183,Markov baseline,null,Rare,0.42857142857142855
Markov baseline,null,0,183,Markov baseline,null,Intermediate,0.8911764705882353
Markov baseline,null,0,183,Markov baseline,null,Common,0.8304668304668305
Composition shuffle,null,0,184,Composition shuffle,null,Rare,0.7142857142857143
Composition shuffle,null,0,184,Composition shuffle,null,Intermediate,0.9029411764705882
Composition shuffle,null,0,184,Composition shuffle,null,Common,0.7585995085995086
Markov baseline,null,0,184,Markov baseline,null,Rare,0.8571428571428571
Markov baseline,null,0,184,Markov baseline,null,Intermediate,0.8647058823529412
Markov baseline,null,0,184,Markov baseline,null,Common,0.8452088452088452
Composition shuffle,null,0,185,Composition shuffle,null,Rare,0.5714285714285714
Composition shuffle,null,0,185,Composition shuffle,null,Intermediate,0.9088235294117647
Composition shuffle,null,0,185,Composition shuffle,null,Common,0.7457002457002457
Markov baseline,null,0,185,Markov baseline,null,Rare,0.5714285714285714
Markov baseline,null,0,185,Markov baseline,null,Intermediate,0.8647058823529412
Markov baseline,null,0,185,Markov baseline,null,Common,0.8323095823095823
Composition shuffle,null,0,186,Composition shuffle,null,Rare,0.2857142857142857
Composition shuffle,null,0,186,Composition shuffle,null,Intermediate,0.9382352941176471
Composition shuffle,null,0,186,Composition shuffle,null,Common,0.7524570024570024
Markov baseline,null,0,186,Markov baseline,null,Rare,0.7142857142857143
Markov baseline,null,0,186,Markov baseline,null,Intermediate,0.8676470588235294
Markov baseline,null,0,186,Markov baseline,null,Common,0.8286240786240786
Composition shuffle,null,0,187,Composition shuffle,null,Rare,0.7142857142857143
Composition shuffle,null,0,187,Composition shuffle,null,Intermediate,0.9
Composition shuffle,null,0,187,Composition shuffle,null,Common,0.75
Markov baseline,null,0,187,Markov baseline,null,Rare,0.2857142857142857
Markov baseline,null,0,187,Markov baseline,null,Intermediate,0.8676470588235294
Markov baseline,null,0,187,Markov baseline,null,Common,0.8366093366093366
Composition shuffle,null,0,188,Composition shuffle,null,Rare,0.5714285714285714
Composition shuffle,null,0,188,Composition shuffle,null,Intermediate,0.9058823529411765
Composition shuffle,null,0,188,Composition shuffle,null,Common,0.7371007371007371
Markov baseline,null,0,188,Markov baseline,null,Rare,0.14285714285714285
Markov baseline,null,0,188,Markov baseline,null,Intermediate,0.8235294117647058
Markov baseline,null,0,188,Markov baseline,null,Common,0.8458230958230958
Composition shuffle,null,0,189,Composition shuffle,null,Rare,0.7142857142857143
Composition shuffle,null,0,189,Composition shuffle,null,Intermediate,0.9176470588235294
Composition shuffle,null,0,189,Composition shuffle,null,Common,0.7475429975429976
Markov baseline,null,0,189,Markov baseline,null,Rare,0.8571428571428571
Markov baseline,null,0,189,Markov baseline,null,Intermediate,0.8676470588235294
Markov baseline,null,0,189,Markov baseline,null,Common,0.8685503685503686
Composition shuffle,null,0,190,Composition shuffle,null,Rare,0.2857142857142857
Composition shuffle,null,0,190,Composition shuffle,null,Intermediate,0.9029411764705882
Composition shuffle,null,0,190,Composition shuffle,null,Common,0.7536855036855037
Markov baseline,null,0,190,Markov baseline,null,Rare,0.5714285714285714
Markov baseline,null,0,190,Markov baseline,null,Intermediate,0.9029411764705882
Markov baseline,null,0,190,Markov baseline,null,Common,0.8445945945945946
Composition shuffle,null,0,191,Composition shuffle,null,Rare,0.42857142857142855
Composition shuffle,null,0,191,Composition shuffle,null,Intermediate,0.9117647058823529
Composition shuffle,null,0,191,Composition shuffle,null,Common,0.7389434889434889
Markov baseline,null,0,191,Markov baseline,null,Rare,0.5714285714285714
Markov baseline,null,0,191,Markov baseline,null,Intermediate,0.8794117647058823
Markov baseline,null,0,191,Markov baseline,null,Common,0.8458230958230958
Composition shuffle,null,0,192,Composition shuffle,null,Rare,0.8571428571428571
Composition shuffle,null,0,192,Composition shuffle,null,Intermediate,0.8794117647058823
Composition shuffle,null,0,192,Composition shuffle,null,Common,0.757985257985258
Markov baseline,null,0,192,Markov baseline,null,Rare,0.5714285714285714
Markov baseline,null,0,192,Markov baseline,null,Intermediate,0.888235294117647
Markov baseline,null,0,192,Markov baseline,null,Common,0.8697788697788698
Composition shuffle,null,0,193,Composition shuffle,null,Rare,0.5714285714285714
Composition shuffle,null,0,193,Composition shuffle,null,Intermediate,0.8941176470588236
Composition shuffle,null,0,193,Composition shuffle,null,Common,0.7475429975429976
Markov baseline,null,0,193,Markov baseline,null,Rare,0.42857142857142855
Markov baseline,null,0,193,Markov baseline,null,Intermediate,0.8558823529411764
Markov baseline,null,0,193,Markov baseline,null,Common,0.8667076167076168
Composition shuffle,null,0,194,Composition shuffle,null,Rare,0.5714285714285714
Composition shuffle,null,0,194,Composition shuffle,null,Intermediate,0.9235294117647059
Composition shuffle,null,0,194,Composition shuffle,null,Common,0.757985257985258
Markov baseline,null,0,194,Markov baseline,null,Rare,0.5714285714285714
Markov baseline,null,0,194,Markov baseline,null,Intermediate,0.8529411764705882
Markov baseline,null,0,194,Markov baseline,null,Common,0.8261670761670762
Composition shuffle,null,0,195,Composition shuffle,null,Rare,0.8571428571428571
Composition shuffle,null,0,195,Composition shuffle,null,Intermediate,0.8823529411764706
Composition shuffle,null,0,195,Composition shuffle,null,Common,0.7205159705159705
Markov baseline,null,0,195,Markov baseline,null,Rare,0.42857142857142855
Markov baseline,null,0,195,Markov baseline,null,Intermediate,0.8382352941176471
Markov baseline,null,0,195,Markov baseline,null,Common,0.8587223587223587
Composition shuffle,null,0,196,Composition shuffle,null,Rare,0.5714285714285714
Composition shuffle,null,0,196,Composition shuffle,null,Intermediate,0.888235294117647
Composition shuffle,null,0,196,Composition shuffle,null,Common,0.7518427518427518
Markov baseline,null,0,196,Markov baseline,null,Rare,0.5714285714285714
Markov baseline,null,0,196,Markov baseline,null,Intermediate,0.8529411764705882
Markov baseline,null,0,196,Markov baseline,null,Common,0.8390663390663391
Composition shuffle,null,0,197,Composition shuffle,null,Rare,0.42857142857142855
Composition shuffle,null,0,197,Composition shuffle,null,Intermediate,0.8970588235294118
Composition shuffle,null,0,197,Composition shuffle,null,Common,0.757985257985258
Markov baseline,null,0,197,Markov baseline,null,Rare,0.8571428571428571
Markov baseline,null,0,197,Markov baseline,null,Intermediate,0.7823529411764706
Markov baseline,null,0,197,Markov baseline,null,Common,0.8464373464373465
Composition shuffle,null,0,198,Composition shuffle,null,Rare,0.5714285714285714
Composition shuffle,null,0,198,Composition shuffle,null,Intermediate,0.9205882352941176
Composition shuffle,null,0,198,Composition shuffle,null,Common,0.7463144963144963
Markov baseline,null,0,198,Markov baseline,null,Rare,1.0
Markov baseline,null,0,198,Markov baseline,null,Intermediate,0.8558823529411764
Markov baseline,null,0,198,Markov baseline,null,Common,0.8703931203931204
Composition shuffle,null,0,199,Composition shuffle,null,Rare,0.42857142857142855
Composition shuffle,null,0,199,Composition shuffle,null,Intermediate,0.8794117647058823
Composition shuffle,null,0,199,Composition shuffle,null,Common,0.7493857493857494
Markov baseline,null,0,199,Markov baseline,null,Rare,0.42857142857142855
Markov baseline,null,0,199,Markov baseline,null,Intermediate,0.8470588235294118
Markov baseline,null,0,199,Markov baseline,null,Common,0.8482800982800983
Composition shuffle,null,0,200,Composition shuffle,null,Rare,0.8571428571428571
Composition shuffle,null,0,200,Composition shuffle,null,Intermediate,0.8852941176470588
Composition shuffle,null,0,200,Composition shuffle,null,Common,0.7469287469287469
Markov baseline,null,0,200,Markov baseline,null,Rare,0.7142857142857143
Markov baseline,null,0,200,Markov baseline,null,Intermediate,0.8205882352941176
Markov baseline,null,0,200,Markov baseline,null,Common,0.855036855036855
Composition shuffle,null,0,201,Composition shuffle,null,Rare,0.8571428571428571
Composition shuffle,null,0,201,Composition shuffle,null,Intermediate,0.9294117647058824
Composition shuffle,null,0,201,Composition shuffle,null,Common,0.7567567567567568
Markov baseline,null,0,201,Markov baseline,null,Rare,0.8571428571428571
Markov baseline,null,0,201,Markov baseline,null,Intermediate,0.8941176470588236
Markov baseline,null,0,201,Markov baseline,null,Common,0.851965601965602
Composition shuffle,null,0,202,Composition shuffle,null,Rare,0.7142857142857143
Composition shuffle,null,0,202,Composition shuffle,null,Intermediate,0.8852941176470588
Composition shuffle,null,0,202,Composition shuffle,null,Common,0.7530712530712531
Markov baseline,null,0,202,Markov baseline,null,Rare,0.8571428571428571
Markov baseline,null,0,202,Markov baseline,null,Intermediate,0.8176470588235294
Markov baseline,null,0,202,Markov baseline,null,Common,0.8531941031941032
Composition shuffle,null,0,203,Composition shuffle,null,Rare,0.7142857142857143
Composition shuffle,null,0,203,Composition shuffle,null,Intermediate,0.9
Composition shuffle,null,0,203,Composition shuffle,null,Common,0.7278869778869779
Markov baseline,null,0,203,Markov baseline,null,Rare,0.42857142857142855
Markov baseline,null,0,203,Markov baseline,null,Intermediate,0.8647058823529412
Markov baseline,null,0,203,Markov baseline,null,Common,0.8654791154791155
Composition shuffle,null,0,204,Composition shuffle,null,Rare,1.0
Composition shuffle,null,0,204,Composition shuffle,null,Intermediate,0.8941176470588236
Composition shuffle,null,0,204,Composition shuffle,null,Common,0.7616707616707616
Markov baseline,null,0,204,Markov baseline,null,Rare,0.7142857142857143
Markov baseline,null,0,204,Markov baseline,null,Intermediate,0.8411764705882353
Markov baseline,null,0,204,Markov baseline,null,Common,0.8402948402948403
Composition shuffle,null,0,205,Composition shuffle,null,Rare,0.2857142857142857
Composition shuffle,null,0,205,Composition shuffle,null,Intermediate,0.9117647058823529
Composition shuffle,null,0,205,Composition shuffle,null,Common,0.7567567567567568
Markov baseline,null,0,205,Markov baseline,null,Rare,0.42857142857142855
Markov baseline,null,0,205,Markov baseline,null,Intermediate,0.8558823529411764
Markov baseline,null,0,205,Markov baseline,null,Common,0.8341523341523341
Composition shuffle,null,0,206,Composition shuffle,null,Rare,0.42857142857142855
Composition shuffle,null,0,206,Composition shuffle,null,Intermediate,0.9323529411764706
Composition shuffle,null,0,206,Composition shuffle,null,Common,0.730958230958231
Markov baseline,null,0,206,Markov baseline,null,Rare,0.14285714285714285
Markov baseline,null,0,206,Markov baseline,null,Intermediate,0.8794117647058823
Markov baseline,null,0,206,Markov baseline,null,Common,0.8353808353808354
Composition shuffle,null,0,207,Composition shuffle,null,Rare,0.42857142857142855
Composition shuffle,null,0,207,Composition shuffle,null,Intermediate,0.9176470588235294
Composition shuffle,null,0,207,Composition shuffle,null,Common,0.7635135135135135
Markov baseline,null,0,207,Markov baseline,null,Rare,0.7142857142857143
Markov baseline,null,0,207,Markov baseline,null,Intermediate,0.8647058823529412
Markov baseline,null,0,207,Markov baseline,null,Common,0.8384520884520884
Composition shuffle,null,0,208,Composition shuffle,null,Rare,1.0
Composition shuffle,null,0,208,Composition shuffle,null,Intermediate,0.9205882352941176
Composition shuffle,null,0,208,Composition shuffle,null,Common,0.7211302211302212
Markov baseline,null,0,208,Markov baseline,null,Rare,0.8571428571428571
Markov baseline,null,0,208,Markov baseline,null,Intermediate,0.8058823529411765
Markov baseline,null,0,208,Markov baseline,null,Common,0.8611793611793612
Composition shuffle,null,0,209,Composition shuffle,null,Rare,0.7142857142857143
Composition shuffle,null,0,209,Composition shuffle,null,Intermediate,0.9117647058823529
Composition shuffle,null,0,209,Composition shuffle,null,Common,0.7334152334152334
Markov baseline,null,0,209,Markov baseline,null,Rare,0.14285714285714285
Markov baseline,null,0,209,Markov baseline,null,Intermediate,0.8852941176470588
Markov baseline,null,0,209,Markov baseline,null,Common,0.8464373464373465
Composition shuffle,null,0,210,Composition shuffle,null,Rare,0.7142857142857143
Composition shuffle,null,0,210,Composition shuffle,null,Intermediate,0.9058823529411765
Composition shuffle,null,0,210,Composition shuffle,null,Common,0.7432432432432432
Markov baseline,null,0,210,Markov baseline,null,Rare,0.42857142857142855
Markov baseline,null,0,210,Markov baseline,null,Intermediate,0.8676470588235294
Markov baseline,null,0,210,Markov baseline,null,Common,0.8679361179361179
Composition shuffle,null,0,211,Composition shuffle,null,Rare,0.42857142857142855
Composition shuffle,null,0,211,Composition shuffle,null,Intermediate,0.9264705882352942
Composition shuffle,null,0,211,Composition shuffle,null,Common,0.7745700245700246
Markov baseline,null,0,211,Markov baseline,null,Rare,0.5714285714285714
Markov baseline,null,0,211,Markov baseline,null,Intermediate,0.861764705882353
Markov baseline,null,0,211,Markov baseline,null,Common,0.835995085995086
Composition shuffle,null,0,212,Composition shuffle,null,Rare,0.7142857142857143
Composition shuffle,null,0,212,Composition shuffle,null,Intermediate,0.8588235294117647
Composition shuffle,null,0,212,Composition shuffle,null,Common,0.7481572481572482
Markov baseline,null,0,212,Markov baseline,null,Rare,0.7142857142857143
Markov baseline,null,0,212,Markov baseline,null,Intermediate,0.861764705882353
Markov baseline,null,0,212,Markov baseline,null,Common,0.8415233415233415
Composition shuffle,null,0,213,Composition shuffle,null,Rare,0.7142857142857143
Composition shuffle,null,0,213,Composition shuffle,null,Intermediate,0.8852941176470588
Composition shuffle,null,0,213,Composition shuffle,null,Common,0.7469287469287469
Markov baseline,null,0,213,Markov baseline,null,Rare,0.14285714285714285
Markov baseline,null,0,213,Markov baseline,null,Intermediate,0.8941176470588236
Markov baseline,null,0,213,Markov baseline,null,Common,0.8433660933660934
Composition shuffle,null,0,214,Composition shuffle,null,Rare,0.42857142857142855
Composition shuffle,null,0,214,Composition shuffle,null,Intermediate,0.9117647058823529
Composition shuffle,null,0,214,Composition shuffle,null,Common,0.7530712530712531
Markov baseline,null,0,214,Markov baseline,null,Rare,0.8571428571428571
Markov baseline,null,0,214,Markov baseline,null,Intermediate,0.8852941176470588
Markov baseline,null,0,214,Markov baseline,null,Common,0.8267813267813268
Composition shuffle,null,0,215,Composition shuffle,null,Rare,0.5714285714285714
Composition shuffle,null,0,215,Composition shuffle,null,Intermediate,0.8794117647058823
Composition shuffle,null,0,215,Composition shuffle,null,Common,0.7358722358722358
Markov baseline,null,0,215,Markov baseline,null,Rare,0.7142857142857143
Markov baseline,null,0,215,Markov baseline,null,Intermediate,0.861764705882353
Markov baseline,null,0,215,Markov baseline,null,Common,0.8636363636363636
Composition shuffle,null,0,216,Composition shuffle,null,Rare,0.42857142857142855
Composition shuffle,null,0,216,Composition shuffle,null,Intermediate,0.9205882352941176
Composition shuffle,null,0,216,Composition shuffle,null,Common,0.7493857493857494
Markov baseline,null,0,216,Markov baseline,null,Rare,0.7142857142857143
Markov baseline,null,0,216,Markov baseline,null,Intermediate,0.8470588235294118
Markov baseline,null,0,216,Markov baseline,null,Common,0.8562653562653563
Composition shuffle,null,0,217,Composition shuffle,null,Rare,0.8571428571428571
Composition shuffle,null,0,217,Composition shuffle,null,Intermediate,0.888235294117647
Composition shuffle,null,0,217,Composition shuffle,null,Common,0.7628992628992629
Markov baseline,null,0,217,Markov baseline,null,Rare,0.8571428571428571
Markov baseline,null,0,217,Markov baseline,null,Intermediate,0.8764705882352941
Markov baseline,null,0,217,Markov baseline,null,Common,0.8366093366093366
Composition shuffle,null,0,218,Composition shuffle,null,Rare,0.42857142857142855
Composition shuffle,null,0,218,Composition shuffle,null,Intermediate,0.8970588235294118
Composition shuffle,null,0,218,Composition shuffle,null,Common,0.7585995085995086
Markov baseline,null,0,218,Markov baseline,null,Rare,0.8571428571428571
Markov baseline,null,0,218,Markov baseline,null,Intermediate,0.8911764705882353
Markov baseline,null,0,218,Markov baseline,null,Common,0.8390663390663391
Composition shuffle,null,0,219,Composition shuffle,null,Rare,0.5714285714285714
Composition shuffle,null,0,219,Composition shuffle,null,Intermediate,0.9147058823529411
Composition shuffle,null,0,219,Composition shuffle,null,Common,0.7444717444717445
Markov baseline,null,0,219,Markov baseline,null,Rare,0.7142857142857143
Markov baseline,null,0,219,Markov baseline,null,Intermediate,0.8823529411764706
Markov baseline,null,0,219,Markov baseline,null,Common,0.8402948402948403
Composition shuffle,null,0,220,Composition shuffle,null,Rare,0.7142857142857143
Composition shuffle,null,0,220,Composition shuffle,null,Intermediate,0.9147058823529411
Composition shuffle,null,0,220,Composition shuffle,null,Common,0.7426289926289926
Markov baseline,null,0,220,Markov baseline,null,Rare,1.0
Markov baseline,null,0,220,Markov baseline,null,Intermediate,0.8382352941176471
Markov baseline,null,0,220,Markov baseline,null,Common,0.8390663390663391
Composition shuffle,null,0,221,Composition shuffle,null,Rare,0.7142857142857143
Composition shuffle,null,0,221,Composition shuffle,null,Intermediate,0.9117647058823529
Composition shuffle,null,0,221,Composition shuffle,null,Common,0.7407862407862408
Markov baseline,null,0,221,Markov baseline,null,Rare,0.7142857142857143
Markov baseline,null,0,221,Markov baseline,null,Intermediate,0.888235294117647
Markov baseline,null,0,221,Markov baseline,null,Common,0.8409090909090909
Composition shuffle,null,0,222,Composition shuffle,null,Rare,0.8571428571428571
Composition shuffle,null,0,222,Composition shuffle,null,Intermediate,0.8941176470588236
Composition shuffle,null,0,222,Composition shuffle,null,Common,0.7837837837837838
Markov baseline,null,0,222,Markov baseline,null,Rare,0.42857142857142855
Markov baseline,null,0,222,Markov baseline,null,Intermediate,0.7941176470588235
Markov baseline,null,0,222,Markov baseline,null,Common,0.8544226044226044
Composition shuffle,null,0,223,Composition shuffle,null,Rare,0.8571428571428571
Composition shuffle,null,0,223,Composition shuffle,null,Intermediate,0.9
Composition shuffle,null,0,223,Composition shuffle,null,Common,0.730958230958231
Markov baseline,null,0,223,Markov baseline,null,Rare,0.7142857142857143
Markov baseline,null,0,223,Markov baseline,null,Intermediate,0.8441176470588235
Markov baseline,null,0,223,Markov baseline,null,Common,0.8476658476658476
Composition shuffle,null,0,224,Composition shuffle,null,Rare,0.42857142857142855
Composition shuffle,null,0,224,Composition shuffle,null,Intermediate,0.9235294117647059
Composition shuffle,null,0,224,Composition shuffle,null,Common,0.7426289926289926
Markov baseline,null,0,224,Markov baseline,null,Rare,0.8571428571428571
Markov baseline,null,0,224,Markov baseline,null,Intermediate,0.8823529411764706
Markov baseline,null,0,224,Markov baseline,null,Common,0.8347665847665847
Composition shuffle,null,0,225,Composition shuffle,null,Rare,0.7142857142857143
Composition shuffle,null,0,225,Composition shuffle,null,Intermediate,0.8970588235294118
Composition shuffle,null,0,225,Composition shuffle,null,Common,0.7536855036855037
Markov baseline,null,0,225,Markov baseline,null,Rare,0.42857142857142855
Markov baseline,null,0,225,Markov baseline,null,Intermediate,0.8088235294117647
Markov baseline,null,0,225,Markov baseline,null,Common,0.8445945945945946
Composition shuffle,null,0,226,Composition shuffle,null,Rare,0.42857142857142855
Composition shuffle,null,0,226,Composition shuffle,null,Intermediate,0.9
Composition shuffle,null,0,226,Composition shuffle,null,Common,0.7598280098280098
Markov baseline,null,0,226,Markov baseline,null,Rare,0.7142857142857143
Markov baseline,null,0,226,Markov baseline,null,Intermediate,0.8647058823529412
Markov baseline,null,0,226,Markov baseline,null,Common,0.8384520884520884
Composition shuffle,null,0,227,Composition shuffle,null,Rare,0.2857142857142857
Composition shuffle,null,0,227,Composition shuffle,null,Intermediate,0.8941176470588236
Composition shuffle,null,0,227,Composition shuffle,null,Common,0.7493857493857494
Markov baseline,null,0,227,Markov baseline,null,Rare,0.42857142857142855
Markov baseline,null,0,227,Markov baseline,null,Intermediate,0.8558823529411764
Markov baseline,null,0,227,Markov baseline,null,Common,0.8562653562653563
Composition shuffle,null,0,228,Composition shuffle,null,Rare,0.5714285714285714
Composition shuffle,null,0,228,Composition shuffle,null,Intermediate,0.8941176470588236
Composition shuffle,null,0,228,Composition shuffle,null,Common,0.757985257985258
Markov baseline,null,0,228,Markov baseline,null,Rare,0.8571428571428571
Markov baseline,null,0,228,Markov baseline,null,Intermediate,0.861764705882353
Markov baseline,null,0,228,Markov baseline,null,Common,0.8323095823095823
Composition shuffle,null,0,229,Composition shuffle,null,Rare,0.5714285714285714
Composition shuffle,null,0,229,Composition shuffle,null,Intermediate,0.8852941176470588
Composition shuffle,null,0,229,Composition shuffle,null,Common,0.7573710073710074
Markov baseline,null,0,229,Markov baseline,null,Rare,0.42857142857142855
Markov baseline,null,0,229,Markov baseline,null,Intermediate,0.888235294117647
Markov baseline,null,0,229,Markov baseline,null,Common,0.8464373464373465
Composition shuffle,null,0,230,Composition shuffle,null,Rare,0.14285714285714285
Composition shuffle,null,0,230,Composition shuffle,null,Intermediate,0.9147058823529411
Composition shuffle,null,0,230,Composition shuffle,null,Common,0.7610565110565111
Markov baseline,null,0,230,Markov baseline,null,Rare,0.7142857142857143
Markov baseline,null,0,230,Markov baseline,null,Intermediate,0.8794117647058823
Markov baseline,null,0,230,Markov baseline,null,Common,0.8409090909090909
Composition shuffle,null,0,231,Composition shuffle,null,Rare,0.5714285714285714
Composition shuffle,null,0,231,Composition shuffle,null,Intermediate,0.9235294117647059
Composition shuffle,null,0,231,Composition shuffle,null,Common,0.742014742014742
Markov baseline,null,0,231,Markov baseline,null,Rare,0.5714285714285714
Markov baseline,null,0,231,Markov baseline,null,Intermediate,0.8323529411764706
Markov baseline,null,0,231,Markov baseline,null,Common,0.835995085995086
Composition shuffle,null,0,232,Composition shuffle,null,Rare,0.8571428571428571
Composition shuffle,null,0,232,Composition shuffle,null,Intermediate,0.888235294117647
Composition shuffle,null,0,232,Composition shuffle,null,Common,0.75
Markov baseline,null,0,232,Markov baseline,null,Rare,0.5714285714285714
Markov baseline,null,0,232,Markov baseline,null,Intermediate,0.8029411764705883
Markov baseline,null,0,232,Markov baseline,null,Common,0.8544226044226044
Composition shuffle,null,0,233,Composition shuffle,null,Rare,0.7142857142857143
Composition shuffle,null,0,233,Composition shuffle,null,Intermediate,0.9235294117647059
Composition shuffle,null,0,233,Composition shuffle,null,Common,0.7561425061425061
Markov baseline,null,0,233,Markov baseline,null,Rare,0.8571428571428571
Markov baseline,null,0,233,Markov baseline,null,Intermediate,0.8764705882352941
Markov baseline,null,0,233,Markov baseline,null,Common,0.847051597051597
Composition shuffle,null,0,234,Composition shuffle,null,Rare,0.7142857142857143
Composition shuffle,null,0,234,Composition shuffle,null,Intermediate,0.9
Composition shuffle,null,0,234,Composition shuffle,null,Common,0.7457002457002457
Markov baseline,null,0,234,Markov baseline,null,Rare,1.0
Markov baseline,null,0,234,Markov baseline,null,Intermediate,0.888235294117647
Markov baseline,null,0,234,Markov baseline,null,Common,0.8224815724815725
Composition shuffle,null,0,235,Composition shuffle,null,Rare,0.42857142857142855
Composition shuffle,null,0,235,Composition shuffle,null,Intermediate,0.8911764705882353
Composition shuffle,null,0,235,Composition shuffle,null,Common,0.7432432432432432
Markov baseline,null,0,235,Markov baseline,null,Rare,0.8571428571428571
Markov baseline,null,0,235,Markov baseline,null,Intermediate,0.8647058823529412
Markov baseline,null,0,235,Markov baseline,null,Common,0.8587223587223587
Composition shuffle,null,0,236,Composition shuffle,null,Rare,0.42857142857142855
Composition shuffle,null,0,236,Composition shuffle,null,Intermediate,0.8705882352941177
Composition shuffle,null,0,236,Composition shuffle,null,Common,0.757985257985258
Markov baseline,null,0,236,Markov baseline,null,Rare,0.7142857142857143
Markov baseline,null,0,236,Markov baseline,null,Intermediate,0.8352941176470589
Markov baseline,null,0,236,Markov baseline,null,Common,0.8581081081081081
Composition shuffle,null,0,237,Composition shuffle,null,Rare,0.2857142857142857
Composition shuffle,null,0,237,Composition shuffle,null,Intermediate,0.9205882352941176
Composition shuffle,null,0,237,Composition shuffle,null,Common,0.745085995085995
Markov baseline,null,0,237,Markov baseline,null,Rare,0.7142857142857143
Markov baseline,null,0,237,Markov baseline,null,Intermediate,0.8764705882352941
Markov baseline,null,0,237,Markov baseline,null,Common,0.8378378378378378
Composition shuffle,null,0,238,Composition shuffle,null,Rare,0.2857142857142857
Composition shuffle,null,0,238,Composition shuffle,null,Intermediate,0.8705882352941177
Composition shuffle,null,0,238,Composition shuffle,null,Common,0.7610565110565111
Markov baseline,null,0,238,Markov baseline,null,Rare,0.8571428571428571
Markov baseline,null,0,238,Markov baseline,null,Intermediate,0.8470588235294118
Markov baseline,null,0,238,Markov baseline,null,Common,0.8452088452088452
Composition shuffle,null,0,239,Composition shuffle,null,Rare,0.5714285714285714
Composition shuffle,null,0,239,Composition shuffle,null,Intermediate,0.9117647058823529
Composition shuffle,null,0,239,Composition shuffle,null,Common,0.7438574938574939
Markov baseline,null,0,239,Markov baseline,null,Rare,0.42857142857142855
Markov baseline,null,0,239,Markov baseline,null,Intermediate,0.8264705882352941
Markov baseline,null,0,239,Markov baseline,null,Common,0.8347665847665847
Composition shuffle,null,0,240,Composition shuffle,null,Rare,0.2857142857142857
Composition shuffle,null,0,240,Composition shuffle,null,Intermediate,0.9058823529411765
Composition shuffle,null,0,240,Composition shuffle,null,Common,0.742014742014742
Markov baseline,null,0,240,Markov baseline,null,Rare,0.8571428571428571
Markov baseline,null,0,240,Markov baseline,null,Intermediate,0.861764705882353
Markov baseline,null,0,240,Markov baseline,null,Common,0.8464373464373465
Composition shuffle,null,0,241,Composition shuffle,null,Rare,0.42857142857142855
Composition shuffle,null,0,241,Composition shuffle,null,Intermediate,0.9147058823529411
Composition shuffle,null,0,241,Composition shuffle,null,Common,0.7438574938574939
Markov baseline,null,0,241,Markov baseline,null,Rare,0.42857142857142855
Markov baseline,null,0,241,Markov baseline,null,Intermediate,0.8823529411764706
Markov baseline,null,0,241,Markov baseline,null,Common,0.8237100737100738
Composition shuffle,null,0,242,Composition shuffle,null,Rare,0.42857142857142855
Composition shuffle,null,0,242,Composition shuffle,null,Intermediate,0.9147058823529411
Composition shuffle,null,0,242,Composition shuffle,null,Common,0.745085995085995
Markov baseline,null,0,242,Markov baseline,null,Rare,0.5714285714285714
Markov baseline,null,0,242,Markov baseline,null,Intermediate,0.8323529411764706
Markov baseline,null,0,242,Markov baseline,null,Common,0.8605651105651105
Composition shuffle,null,0,243,Composition shuffle,null,Rare,0.14285714285714285
Composition shuffle,null,0,243,Composition shuffle,null,Intermediate,0.888235294117647
Composition shuffle,null,0,243,Composition shuffle,null,Common,0.7463144963144963
Markov baseline,null,0,243,Markov baseline,null,Rare,0.8571428571428571
Markov baseline,null,0,243,Markov baseline,null,Intermediate,0.8411764705882353
Markov baseline,null,0,243,Markov baseline,null,Common,0.8697788697788698
Composition shuffle,null,0,244,Composition shuffle,null,Rare,0.14285714285714285
Composition shuffle,null,0,244,Composition shuffle,null,Intermediate,0.9264705882352942
Composition shuffle,null,0,244,Composition shuffle,null,Common,0.7524570024570024
Markov baseline,null,0,244,Markov baseline,null,Rare,0.5714285714285714
Markov baseline,null,0,244,Markov baseline,null,Intermediate,0.8764705882352941
Markov baseline,null,0,244,Markov baseline,null,Common,0.8298525798525799
Composition shuffle,null,0,245,Composition shuffle,null,Rare,0.14285714285714285
Composition shuffle,null,0,245,Composition shuffle,null,Intermediate,0.9
Composition shuffle,null,0,245,Composition shuffle,null,Common,0.7512285012285013
Markov baseline,null,0,245,Markov baseline,null,Rare,0.5714285714285714
Markov baseline,null,0,245,Markov baseline,null,Intermediate,0.8735294117647059
Markov baseline,null,0,245,Markov baseline,null,Common,0.8562653562653563
Composition shuffle,null,0,246,Composition shuffle,null,Rare,0.5714285714285714
Composition shuffle,null,0,246,Composition shuffle,null,Intermediate,0.9264705882352942
Composition shuffle,null,0,246,Composition shuffle,null,Common,0.757985257985258
Markov baseline,null,0,246,Markov baseline,null,Rare,0.7142857142857143
Markov baseline,null,0,246,Markov baseline,null,Intermediate,0.8558823529411764
Markov baseline,null,0,246,Markov baseline,null,Common,0.8568796068796068
Composition shuffle,null,0,247,Composition shuffle,null,Rare,0.2857142857142857
Composition shuffle,null,0,247,Composition shuffle,null,Intermediate,0.9088235294117647
Composition shuffle,null,0,247,Composition shuffle,null,Common,0.7641277641277642
Markov baseline,null,0,247,Markov baseline,null,Rare,0.8571428571428571
Markov baseline,null,0,247,Markov baseline,null,Intermediate,0.8676470588235294
Markov baseline,null,0,247,Markov baseline,null,Common,0.8538083538083538
Composition shuffle,null,0,248,Composition shuffle,null,Rare,0.2857142857142857
Composition shuffle,null,0,248,Composition shuffle,null,Intermediate,0.9058823529411765
Composition shuffle,null,0,248,Composition shuffle,null,Common,0.7002457002457002
Markov baseline,null,0,248,Markov baseline,null,Rare,1.0
Markov baseline,null,0,248,Markov baseline,null,Intermediate,0.8676470588235294
Markov baseline,null,0,248,Markov baseline,null,Common,0.8433660933660934
Composition shuffle,null,0,249,Composition shuffle,null,Rare,0.5714285714285714
Composition shuffle,null,0,249,Composition shuffle,null,Intermediate,0.9088235294117647
Composition shuffle,null,0,249,Composition shuffle,null,Common,0.7542997542997543
Markov baseline,null,0,249,Markov baseline,null,Rare,0.8571428571428571
Markov baseline,null,0,249,Markov baseline,null,Intermediate,0.8647058823529412
Markov baseline,null,0,249,Markov baseline,null,Common,0.8329238329238329
