threshold,class,pred_bout_index,gt_bout_index,tiou,pred_start,pred_end,gt_start,gt_end,start_offset_frames,end_offset_frames,split,video_id,prediction_type
0.25,investigation,0,3,0.34650735294117646,0,1087,313,689,-313,398,test_1,Mouse060_20160526_18-16-27,raw_windows
0.25,investigation,1,6,0.34375,1104,1967,1306,1602,-202,365,test_1,Mouse060_20160526_18-16-27,raw_windows
0.25,investigation,2,9,0.9594594594594594,2176,2319,2178,2323,-2,-4,test_1,Mouse060_20160526_18-16-27,raw_windows
0.25,mount,3,10,0.8921568627450981,2320,2415,2325,2421,-5,-6,test_1,Mouse060_20160526_18-16-27,raw_windows
0.25,investigation,5,11,0.8205128205128205,2560,2591,2559,2597,1,-6,test_1,Mouse060_20160526_18-16-27,raw_windows
0.25,mount,6,12,0.7808219178082192,2592,2655,2599,2664,-7,-9,test_1,Mouse060_20160526_18-16-27,raw_windows
0.25,investigation,7,13,0.46875,2656,2687,2666,2680,-10,7,test_1,Mouse060_20160526_18-16-27,raw_windows
0.25,investigation,8,14,0.8484848484848485,2816,2847,2820,2848,-4,-1,test_1,Mouse060_20160526_18-16-27,raw_windows
0.25,mount,9,15,0.9448529411764706,2848,3119,2850,3106,-2,13,test_1,Mouse060_20160526_18-16-27,raw_windows
0.25,investigation,10,16,0.4318181818181818,3120,3151,3108,3138,12,13,test_1,Mouse060_20160526_18-16-27,raw_windows
0.25,mount,12,18,0.8541666666666666,3296,3439,3313,3435,-17,4,test_1,Mouse060_20160526_18-16-27,raw_windows
0.25,investigation,13,19,0.4117647058823529,3440,3487,3437,3460,3,27,test_1,Mouse060_20160526_18-16-27,raw_windows
0.25,investigation,14,20,0.625,3520,3567,3537,3566,-17,1,test_1,Mouse060_20160526_18-16-27,raw_windows
0.25,mount,15,21,0.9846153846153847,3568,3631,3568,3632,0,-1,test_1,Mouse060_20160526_18-16-27,raw_windows
0.25,investigation,16,27,0.27455357142857145,3632,4079,3859,3981,-227,98,test_1,Mouse060_20160526_18-16-27,raw_windows
0.25,investigation,17,29,0.7796610169491526,4288,4335,4290,4346,-2,-11,test_1,Mouse060_20160526_18-16-27,raw_windows
0.25,mount,18,30,0.891566265060241,4336,4495,4348,4501,-12,-6,test_1,Mouse060_20160526_18-16-27,raw_windows
0.25,investigation,20,31,0.6382978723404256,4592,4671,4612,4685,-20,-14,test_1,Mouse060_20160526_18-16-27,raw_windows
0.25,mount,21,32,0.5,4672,4719,4687,4710,-15,9,test_1,Mouse060_20160526_18-16-27,raw_windows
0.25,investigation,23,34,0.7741935483870968,4976,5023,4965,5026,11,-3,test_1,Mouse060_20160526_18-16-27,raw_windows
0.25,mount,25,35,0.3076923076923077,5120,5167,5028,5183,92,-16,test_1,Mouse060_20160526_18-16-27,raw_windows
0.25,investigation,27,36,0.5913978494623656,5904,5967,5913,5996,-9,-29,test_1,Mouse060_20160526_18-16-27,raw_windows
0.25,mount,29,37,0.9556213017751479,6000,6335,5998,6322,2,13,test_1,Mouse060_20160526_18-16-27,raw_windows
0.25,investigation,31,38,0.7647058823529411,6912,6943,6918,6945,-6,-2,test_1,Mouse060_20160526_18-16-27,raw_windows
0.25,mount,32,39,0.34210526315789475,6944,6959,6947,6981,-3,-22,test_1,Mouse060_20160526_18-16-27,raw_windows
0.25,investigation,33,40,0.40625,6960,7119,6983,7047,-23,72,test_1,Mouse060_20160526_18-16-27,raw_windows
0.25,investigation,34,41,0.8135593220338984,7184,7231,7179,7237,5,-6,test_1,Mouse060_20160526_18-16-27,raw_windows
0.25,mount,35,42,0.757847533632287,7232,7407,7239,7454,-7,-47,test_1,Mouse060_20160526_18-16-27,raw_windows
0.25,investigation,37,46,0.6588235294117647,8256,8335,8280,8340,-24,-5,test_1,Mouse060_20160526_18-16-27,raw_windows
0.25,investigation,38,47,0.49122807017543857,9072,9103,9047,9099,25,4,test_1,Mouse060_20160526_18-16-27,raw_windows
0.25,mount,39,48,0.963855421686747,9104,9343,9101,9349,3,-6,test_1,Mouse060_20160526_18-16-27,raw_windows
0.25,investigation,41,53,0.8625,10256,10335,10263,10331,-7,4,test_1,Mouse060_20160526_18-16-27,raw_windows
0.25,mount,42,54,0.6530612244897959,10336,10367,10333,10381,3,-14,test_1,Mouse060_20160526_18-16-27,raw_windows
0.25,investigation,43,55,0.9182692307692307,10368,10575,10383,10573,-15,2,test_1,Mouse060_20160526_18-16-27,raw_windows
0.25,mount,45,56,0.8770491803278688,10864,10975,10869,10985,-5,-10,test_1,Mouse060_20160526_18-16-27,raw_windows
0.25,investigation,47,57,0.39344262295081966,11840,11887,11864,11900,-24,-13,test_1,Mouse060_20160526_18-16-27,raw_windows
0.25,mount,48,58,0.8756756756756757,11888,12063,11902,12072,-14,-9,test_1,Mouse060_20160526_18-16-27,raw_windows
0.25,investigation,50,59,0.8421052631578947,12160,12175,12158,12176,2,-1,test_1,Mouse060_20160526_18-16-27,raw_windows
0.25,mount,52,60,0.8549618320610687,12192,12303,12178,12308,14,-5,test_1,Mouse060_20160526_18-16-27,raw_windows
0.25,investigation,54,63,0.8275862068965517,13088,13135,13085,13142,3,-7,test_1,Mouse060_20160526_18-16-27,raw_windows
0.25,mount,55,64,0.8333333333333334,13136,13183,13144,13183,-8,0,test_1,Mouse060_20160526_18-16-27,raw_windows
0.25,investigation,56,65,0.625,13184,13199,13185,13194,-1,5,test_1,Mouse060_20160526_18-16-27,raw_windows
0.25,investigation,57,66,0.5,13472,13503,13487,13502,-15,1,test_1,Mouse060_20160526_18-16-27,raw_windows
0.25,investigation,58,67,0.5,13568,13599,13580,13595,-12,4,test_1,Mouse060_20160526_18-16-27,raw_windows
0.25,mount,59,68,0.8695652173913043,13600,13711,13597,13699,3,12,test_1,Mouse060_20160526_18-16-27,raw_windows
0.25,investigation,60,70,0.6415094339622641,13856,13903,13870,13908,-14,-5,test_1,Mouse060_20160526_18-16-27,raw_windows
0.25,investigation,61,72,0.7875,14544,14623,14552,14614,-8,9,test_1,Mouse060_20160526_18-16-27,raw_windows
0.25,investigation,62,73,0.9458333333333333,15120,15359,15121,15347,-1,12,test_1,Mouse060_20160526_18-16-27,raw_windows
0.25,investigation,63,76,0.6666666666666666,16368,16383,16365,16388,3,-5,test_1,Mouse060_20160526_18-16-27,raw_windows
0.25,investigation,64,77,0.9056603773584906,16464,16511,16463,16515,1,-4,test_1,Mouse060_20160526_18-16-27,raw_windows
0.25,investigation,67,78,0.6528497409326425,16848,17007,16815,16973,33,34,test_1,Mouse060_20160526_18-16-27,raw_windows
0.25,investigation,68,79,0.8764044943820225,17088,17167,17079,17165,9,2,test_1,Mouse060_20160526_18-16-27,raw_windows
0.25,investigation,69,80,0.5161290322580645,17376,17391,17361,17391,15,0,test_1,Mouse060_20160526_18-16-27,raw_windows
0.25,investigation,70,81,0.2604166666666667,17472,17567,17487,17511,-15,56,test_1,Mouse060_20160526_18-16-27,raw_windows
0.25,investigation,71,82,0.25,18000,18015,18011,18014,-11,1,test_1,Mouse060_20160526_18-16-27,raw_windows
0.25,mount,73,84,0.425531914893617,18480,18559,18379,18566,101,-7,test_1,Mouse060_20160526_18-16-27,raw_windows
0.25,investigation,76,85,0.46938775510204084,19040,19071,19049,19088,-9,-17,test_1,Mouse060_20160526_18-16-27,raw_windows
0.25,mount,78,86,0.7708333333333334,19088,19183,19090,19163,-2,20,test_1,Mouse060_20160526_18-16-27,raw_windows
0.25,investigation,82,90,0.27586206896551724,20400,20431,20319,20434,81,-3,test_1,Mouse060_20160526_18-16-27,raw_windows
0.25,investigation,83,92,0.6515151515151515,20720,20783,20718,20762,2,21,test_1,Mouse060_20160526_18-16-27,raw_windows
0.25,investigation,84,97,0.2916666666666667,21104,21295,21195,21250,-91,45,test_1,Mouse060_20160526_18-16-27,raw_windows
0.25,investigation,86,100,0.7083333333333334,21504,21551,21515,21548,-11,3,test_1,Mouse060_20160526_18-16-27,raw_windows
0.25,investigation,87,101,0.4166666666666667,22048,22095,22071,22090,-23,5,test_1,Mouse060_20160526_18-16-27,raw_windows
0.25,investigation,89,103,0.7454545454545455,22736,22783,22729,22776,7,7,test_1,Mouse060_20160526_18-16-27,raw_windows
0.25,investigation,90,104,0.8,22976,23007,22972,23011,4,-4,test_1,Mouse060_20160526_18-16-27,raw_windows
0.25,mount,91,105,0.7916666666666666,23008,23055,23013,23050,-5,5,test_1,Mouse060_20160526_18-16-27,raw_windows
0.25,investigation,92,107,0.6666666666666666,23456,23487,23453,23500,3,-13,test_1,Mouse060_20160526_18-16-27,raw_windows
0.5,investigation,2,9,0.9594594594594594,2176,2319,2178,2323,-2,-4,test_1,Mouse060_20160526_18-16-27,raw_windows
0.5,mount,3,10,0.8921568627450981,2320,2415,2325,2421,-5,-6,test_1,Mouse060_20160526_18-16-27,raw_windows
0.5,investigation,5,11,0.8205128205128205,2560,2591,2559,2597,1,-6,test_1,Mouse060_20160526_18-16-27,raw_windows
0.5,mount,6,12,0.7808219178082192,2592,2655,2599,2664,-7,-9,test_1,Mouse060_20160526_18-16-27,raw_windows
0.5,investigation,8,14,0.8484848484848485,2816,2847,2820,2848,-4,-1,test_1,Mouse060_20160526_18-16-27,raw_windows
0.5,mount,9,15,0.9448529411764706,2848,3119,2850,3106,-2,13,test_1,Mouse060_20160526_18-16-27,raw_windows
0.5,mount,12,18,0.8541666666666666,3296,3439,3313,3435,-17,4,test_1,Mouse060_20160526_18-16-27,raw_windows
0.5,investigation,14,20,0.625,3520,3567,3537,3566,-17,1,test_1,Mouse060_20160526_18-16-27,raw_windows
0.5,mount,15,21,0.9846153846153847,3568,3631,3568,3632,0,-1,test_1,Mouse060_20160526_18-16-27,raw_windows
0.5,investigation,17,29,0.7796610169491526,4288,4335,4290,4346,-2,-11,test_1,Mouse060_20160526_18-16-27,raw_windows
0.5,mount,18,30,0.891566265060241,4336,4495,4348,4501,-12,-6,test_1,Mouse060_20160526_18-16-27,raw_windows
0.5,investigation,20,31,0.6382978723404256,4592,4671,4612,4685,-20,-14,test_1,Mouse060_20160526_18-16-27,raw_windows
0.5,mount,21,32,0.5,4672,4719,4687,4710,-15,9,test_1,Mouse060_20160526_18-16-27,raw_windows
0.5,investigation,23,34,0.7741935483870968,4976,5023,4965,5026,11,-3,test_1,Mouse060_20160526_18-16-27,raw_windows
0.5,investigation,27,36,0.5913978494623656,5904,5967,5913,5996,-9,-29,test_1,Mouse060_20160526_18-16-27,raw_windows
0.5,mount,29,37,0.9556213017751479,6000,6335,5998,6322,2,13,test_1,Mouse060_20160526_18-16-27,raw_windows
0.5,investigation,31,38,0.7647058823529411,6912,6943,6918,6945,-6,-2,test_1,Mouse060_20160526_18-16-27,raw_windows
0.5,investigation,34,41,0.8135593220338984,7184,7231,7179,7237,5,-6,test_1,Mouse060_20160526_18-16-27,raw_windows
0.5,mount,35,42,0.757847533632287,7232,7407,7239,7454,-7,-47,test_1,Mouse060_20160526_18-16-27,raw_windows
0.5,investigation,37,46,0.6588235294117647,8256,8335,8280,8340,-24,-5,test_1,Mouse060_20160526_18-16-27,raw_windows
0.5,mount,39,48,0.963855421686747,9104,9343,9101,9349,3,-6,test_1,Mouse060_20160526_18-16-27,raw_windows
0.5,investigation,41,53,0.8625,10256,10335,10263,10331,-7,4,test_1,Mouse060_20160526_18-16-27,raw_windows
0.5,mount,42,54,0.6530612244897959,10336,10367,10333,10381,3,-14,test_1,Mouse060_20160526_18-16-27,raw_windows
0.5,investigation,43,55,0.9182692307692307,10368,10575,10383,10573,-15,2,test_1,Mouse060_20160526_18-16-27,raw_windows
0.5,mount,45,56,0.8770491803278688,10864,10975,10869,10985,-5,-10,test_1,Mouse060_20160526_18-16-27,raw_windows
0.5,mount,48,58,0.8756756756756757,11888,12063,11902,12072,-14,-9,test_1,Mouse060_20160526_18-16-27,raw_windows
0.5,investigation,50,59,0.8421052631578947,12160,12175,12158,12176,2,-1,test_1,Mouse060_20160526_18-16-27,raw_windows
0.5,mount,52,60,0.8549618320610687,12192,12303,12178,12308,14,-5,test_1,Mouse060_20160526_18-16-27,raw_windows
0.5,investigation,54,63,0.8275862068965517,13088,13135,13085,13142,3,-7,test_1,Mouse060_20160526_18-16-27,raw_windows
0.5,mount,55,64,0.8333333333333334,13136,13183,13144,13183,-8,0,test_1,Mouse060_20160526_18-16-27,raw_windows
0.5,investigation,56,65,0.625,13184,13199,13185,13194,-1,5,test_1,Mouse060_20160526_18-16-27,raw_windows
0.5,investigation,57,66,0.5,13472,13503,13487,13502,-15,1,test_1,Mouse060_20160526_18-16-27,raw_windows
0.5,investigation,58,67,0.5,13568,13599,13580,13595,-12,4,test_1,Mouse060_20160526_18-16-27,raw_windows
0.5,mount,59,68,0.8695652173913043,13600,13711,13597,13699,3,12,test_1,Mouse060_20160526_18-16-27,raw_windows
0.5,investigation,60,70,0.6415094339622641,13856,13903,13870,13908,-14,-5,test_1,Mouse060_20160526_18-16-27,raw_windows
0.5,investigation,61,72,0.7875,14544,14623,14552,14614,-8,9,test_1,Mouse060_20160526_18-16-27,raw_windows
0.5,investigation,62,73,0.9458333333333333,15120,15359,15121,15347,-1,12,test_1,Mouse060_20160526_18-16-27,raw_windows
0.5,investigation,63,76,0.6666666666666666,16368,16383,16365,16388,3,-5,test_1,Mouse060_20160526_18-16-27,raw_windows
0.5,investigation,64,77,0.9056603773584906,16464,16511,16463,16515,1,-4,test_1,Mouse060_20160526_18-16-27,raw_windows
0.5,investigation,67,78,0.6528497409326425,16848,17007,16815,16973,33,34,test_1,Mouse060_20160526_18-16-27,raw_windows
0.5,investigation,68,79,0.8764044943820225,17088,17167,17079,17165,9,2,test_1,Mouse060_20160526_18-16-27,raw_windows
0.5,investigation,69,80,0.5161290322580645,17376,17391,17361,17391,15,0,test_1,Mouse060_20160526_18-16-27,raw_windows
0.5,mount,78,86,0.7708333333333334,19088,19183,19090,19163,-2,20,test_1,Mouse060_20160526_18-16-27,raw_windows
0.5,investigation,83,92,0.6515151515151515,20720,20783,20718,20762,2,21,test_1,Mouse060_20160526_18-16-27,raw_windows
0.5,investigation,86,100,0.7083333333333334,21504,21551,21515,21548,-11,3,test_1,Mouse060_20160526_18-16-27,raw_windows
0.5,investigation,89,103,0.7454545454545455,22736,22783,22729,22776,7,7,test_1,Mouse060_20160526_18-16-27,raw_windows
0.5,investigation,90,104,0.8,22976,23007,22972,23011,4,-4,test_1,Mouse060_20160526_18-16-27,raw_windows
0.5,mount,91,105,0.7916666666666666,23008,23055,23013,23050,-5,5,test_1,Mouse060_20160526_18-16-27,raw_windows
0.5,investigation,92,107,0.6666666666666666,23456,23487,23453,23500,3,-13,test_1,Mouse060_20160526_18-16-27,raw_windows
0.25,investigation,0,3,0.34650735294117646,0,1087,313,689,-313,398,test_1,Mouse060_20160526_18-16-27,smoothed_frames
0.25,investigation,1,6,0.3375,1104,1983,1306,1602,-202,381,test_1,Mouse060_20160526_18-16-27,smoothed_frames
0.25,investigation,2,9,0.7682926829268293,2160,2303,2178,2323,-18,-20,test_1,Mouse060_20160526_18-16-27,smoothed_frames
0.25,mount,3,10,0.7711864406779662,2304,2415,2325,2421,-21,-6,test_1,Mouse060_20160526_18-16-27,smoothed_frames
0.25,investigation,5,11,0.8205128205128205,2560,2591,2559,2597,1,-6,test_1,Mouse060_20160526_18-16-27,smoothed_frames
0.25,mount,6,12,0.7808219178082192,2592,2655,2599,2664,-7,-9,test_1,Mouse060_20160526_18-16-27,smoothed_frames
0.25,investigation,7,13,0.46875,2656,2687,2666,2680,-10,7,test_1,Mouse060_20160526_18-16-27,smoothed_frames
0.25,investigation,8,14,0.8484848484848485,2816,2847,2820,2848,-4,-1,test_1,Mouse060_20160526_18-16-27,smoothed_frames
0.25,mount,9,15,0.9448529411764706,2848,3119,2850,3106,-2,13,test_1,Mouse060_20160526_18-16-27,smoothed_frames
0.25,investigation,10,16,0.4318181818181818,3120,3151,3108,3138,12,13,test_1,Mouse060_20160526_18-16-27,smoothed_frames
0.25,mount,12,18,0.8541666666666666,3296,3439,3313,3435,-17,4,test_1,Mouse060_20160526_18-16-27,smoothed_frames
0.25,investigation,13,19,0.4117647058823529,3440,3487,3437,3460,3,27,test_1,Mouse060_20160526_18-16-27,smoothed_frames
0.25,investigation,14,20,0.625,3520,3567,3537,3566,-17,1,test_1,Mouse060_20160526_18-16-27,smoothed_frames
0.25,mount,15,21,0.9846153846153847,3568,3631,3568,3632,0,-1,test_1,Mouse060_20160526_18-16-27,smoothed_frames
0.25,investigation,16,22,0.7,3632,3711,3634,3689,-2,22,test_1,Mouse060_20160526_18-16-27,smoothed_frames
0.25,mount,17,23,0.36363636363636365,3712,3727,3691,3734,21,-7,test_1,Mouse060_20160526_18-16-27,smoothed_frames
0.25,investigation,18,27,0.3342391304347826,3728,4095,3859,3981,-131,114,test_1,Mouse060_20160526_18-16-27,smoothed_frames
0.25,investigation,19,29,0.7796610169491526,4288,4335,4290,4346,-2,-11,test_1,Mouse060_20160526_18-16-27,smoothed_frames
0.25,mount,20,30,0.891566265060241,4336,4495,4348,4501,-12,-6,test_1,Mouse060_20160526_18-16-27,smoothed_frames
0.25,investigation,22,31,0.6382978723404256,4592,4671,4612,4685,-20,-14,test_1,Mouse060_20160526_18-16-27,smoothed_frames
0.25,mount,23,32,0.5,4672,4719,4687,4710,-15,9,test_1,Mouse060_20160526_18-16-27,smoothed_frames
0.25,investigation,25,34,0.7741935483870968,4976,5023,4965,5026,11,-3,test_1,Mouse060_20160526_18-16-27,smoothed_frames
0.25,mount,27,35,0.3076923076923077,5120,5167,5028,5183,92,-16,test_1,Mouse060_20160526_18-16-27,smoothed_frames
0.25,investigation,29,36,0.5913978494623656,5904,5967,5913,5996,-9,-29,test_1,Mouse060_20160526_18-16-27,smoothed_frames
0.25,mount,31,37,0.9556213017751479,6000,6335,5998,6322,2,13,test_1,Mouse060_20160526_18-16-27,smoothed_frames
0.25,investigation,33,38,0.7647058823529411,6912,6943,6918,6945,-6,-2,test_1,Mouse060_20160526_18-16-27,smoothed_frames
0.25,mount,34,39,0.34210526315789475,6944,6959,6947,6981,-3,-22,test_1,Mouse060_20160526_18-16-27,smoothed_frames
0.25,investigation,35,40,0.40625,6960,7119,6983,7047,-23,72,test_1,Mouse060_20160526_18-16-27,smoothed_frames
0.25,investigation,36,41,0.8135593220338984,7184,7231,7179,7237,5,-6,test_1,Mouse060_20160526_18-16-27,smoothed_frames
0.25,mount,37,42,0.757847533632287,7232,7407,7239,7454,-7,-47,test_1,Mouse060_20160526_18-16-27,smoothed_frames
0.25,investigation,40,46,0.5544554455445545,8240,8335,8280,8340,-40,-5,test_1,Mouse060_20160526_18-16-27,smoothed_frames
0.25,investigation,41,47,0.49122807017543857,9072,9103,9047,9099,25,4,test_1,Mouse060_20160526_18-16-27,smoothed_frames
0.25,mount,42,48,0.963855421686747,9104,9343,9101,9349,3,-6,test_1,Mouse060_20160526_18-16-27,smoothed_frames
0.25,investigation,45,53,0.8625,10256,10335,10263,10331,-7,4,test_1,Mouse060_20160526_18-16-27,smoothed_frames
0.25,mount,46,54,0.6530612244897959,10336,10367,10333,10381,3,-14,test_1,Mouse060_20160526_18-16-27,smoothed_frames
0.25,investigation,47,55,0.9182692307692307,10368,10575,10383,10573,-15,2,test_1,Mouse060_20160526_18-16-27,smoothed_frames
0.25,mount,49,56,0.8770491803278688,10864,10975,10869,10985,-5,-10,test_1,Mouse060_20160526_18-16-27,smoothed_frames
0.25,investigation,51,57,0.3116883116883117,11824,11887,11864,11900,-40,-13,test_1,Mouse060_20160526_18-16-27,smoothed_frames
0.25,mount,52,58,0.8756756756756757,11888,12063,11902,12072,-14,-9,test_1,Mouse060_20160526_18-16-27,smoothed_frames
0.25,investigation,54,59,0.5454545454545454,12144,12175,12158,12176,-14,-1,test_1,Mouse060_20160526_18-16-27,smoothed_frames
0.25,mount,55,60,0.9473684210526315,12176,12303,12178,12308,-2,-5,test_1,Mouse060_20160526_18-16-27,smoothed_frames
0.25,investigation,57,63,0.8275862068965517,13088,13135,13085,13142,3,-7,test_1,Mouse060_20160526_18-16-27,smoothed_frames
0.25,mount,58,64,0.8333333333333334,13136,13183,13144,13183,-8,0,test_1,Mouse060_20160526_18-16-27,smoothed_frames
0.25,investigation,59,65,0.625,13184,13199,13185,13194,-1,5,test_1,Mouse060_20160526_18-16-27,smoothed_frames
0.25,investigation,60,66,0.5,13472,13503,13487,13502,-15,1,test_1,Mouse060_20160526_18-16-27,smoothed_frames
0.25,investigation,61,67,0.5,13568,13599,13580,13595,-12,4,test_1,Mouse060_20160526_18-16-27,smoothed_frames
0.25,mount,62,68,0.8695652173913043,13600,13711,13597,13699,3,12,test_1,Mouse060_20160526_18-16-27,smoothed_frames
0.25,investigation,63,70,0.6415094339622641,13856,13903,13870,13908,-14,-5,test_1,Mouse060_20160526_18-16-27,smoothed_frames
0.25,investigation,64,72,0.7875,14544,14623,14552,14614,-8,9,test_1,Mouse060_20160526_18-16-27,smoothed_frames
0.25,investigation,65,73,0.9458333333333333,15120,15359,15121,15347,-1,12,test_1,Mouse060_20160526_18-16-27,smoothed_frames
0.25,investigation,66,76,0.5135135135135135,16352,16383,16365,16388,-13,-5,test_1,Mouse060_20160526_18-16-27,smoothed_frames
0.25,investigation,67,77,0.9056603773584906,16464,16511,16463,16515,1,-4,test_1,Mouse060_20160526_18-16-27,smoothed_frames
0.25,investigation,69,78,0.6528497409326425,16848,17007,16815,16973,33,34,test_1,Mouse060_20160526_18-16-27,smoothed_frames
0.25,investigation,70,79,0.8764044943820225,17088,17167,17079,17165,9,2,test_1,Mouse060_20160526_18-16-27,smoothed_frames
0.25,investigation,71,80,0.5161290322580645,17376,17391,17361,17391,15,0,test_1,Mouse060_20160526_18-16-27,smoothed_frames
0.25,investigation,72,81,0.2604166666666667,17472,17567,17487,17511,-15,56,test_1,Mouse060_20160526_18-16-27,smoothed_frames
0.25,investigation,73,82,0.25,18000,18015,18011,18014,-11,1,test_1,Mouse060_20160526_18-16-27,smoothed_frames
0.25,mount,75,84,0.425531914893617,18480,18559,18379,18566,101,-7,test_1,Mouse060_20160526_18-16-27,smoothed_frames
0.25,investigation,77,85,0.46938775510204084,19040,19071,19049,19088,-9,-17,test_1,Mouse060_20160526_18-16-27,smoothed_frames
0.25,mount,78,86,0.7708333333333334,19088,19183,19090,19163,-2,20,test_1,Mouse060_20160526_18-16-27,smoothed_frames
0.25,investigation,82,90,0.27586206896551724,20400,20431,20319,20434,81,-3,test_1,Mouse060_20160526_18-16-27,smoothed_frames
0.25,investigation,83,92,0.6515151515151515,20720,20783,20718,20762,2,21,test_1,Mouse060_20160526_18-16-27,smoothed_frames
0.25,investigation,84,97,0.2916666666666667,21104,21295,21195,21250,-91,45,test_1,Mouse060_20160526_18-16-27,smoothed_frames
0.25,investigation,86,100,0.7083333333333334,21504,21551,21515,21548,-11,3,test_1,Mouse060_20160526_18-16-27,smoothed_frames
0.25,investigation,87,101,0.4166666666666667,22048,22095,22071,22090,-23,5,test_1,Mouse060_20160526_18-16-27,smoothed_frames
0.25,investigation,89,103,0.7454545454545455,22736,22783,22729,22776,7,7,test_1,Mouse060_20160526_18-16-27,smoothed_frames
0.25,investigation,90,104,0.8,22976,23007,22972,23011,4,-4,test_1,Mouse060_20160526_18-16-27,smoothed_frames
0.25,mount,91,105,0.7916666666666666,23008,23055,23013,23050,-5,5,test_1,Mouse060_20160526_18-16-27,smoothed_frames
0.25,investigation,92,107,0.5737704918032787,23440,23487,23453,23500,-13,-13,test_1,Mouse060_20160526_18-16-27,smoothed_frames
0.5,investigation,2,9,0.7682926829268293,2160,2303,2178,2323,-18,-20,test_1,Mouse060_20160526_18-16-27,smoothed_frames
0.5,mount,3,10,0.7711864406779662,2304,2415,2325,2421,-21,-6,test_1,Mouse060_20160526_18-16-27,smoothed_frames
0.5,investigation,5,11,0.8205128205128205,2560,2591,2559,2597,1,-6,test_1,Mouse060_20160526_18-16-27,smoothed_frames
0.5,mount,6,12,0.7808219178082192,2592,2655,2599,2664,-7,-9,test_1,Mouse060_20160526_18-16-27,smoothed_frames
0.5,investigation,8,14,0.8484848484848485,2816,2847,2820,2848,-4,-1,test_1,Mouse060_20160526_18-16-27,smoothed_frames
0.5,mount,9,15,0.9448529411764706,2848,3119,2850,3106,-2,13,test_1,Mouse060_20160526_18-16-27,smoothed_frames
0.5,mount,12,18,0.8541666666666666,3296,3439,3313,3435,-17,4,test_1,Mouse060_20160526_18-16-27,smoothed_frames
0.5,investigation,14,20,0.625,3520,3567,3537,3566,-17,1,test_1,Mouse060_20160526_18-16-27,smoothed_frames
0.5,mount,15,21,0.9846153846153847,3568,3631,3568,3632,0,-1,test_1,Mouse060_20160526_18-16-27,smoothed_frames
0.5,investigation,16,22,0.7,3632,3711,3634,3689,-2,22,test_1,Mouse060_20160526_18-16-27,smoothed_frames
0.5,investigation,19,29,0.7796610169491526,4288,4335,4290,4346,-2,-11,test_1,Mouse060_20160526_18-16-27,smoothed_frames
0.5,mount,20,30,0.891566265060241,4336,4495,4348,4501,-12,-6,test_1,Mouse060_20160526_18-16-27,smoothed_frames
0.5,investigation,22,31,0.6382978723404256,4592,4671,4612,4685,-20,-14,test_1,Mouse060_20160526_18-16-27,smoothed_frames
0.5,mount,23,32,0.5,4672,4719,4687,4710,-15,9,test_1,Mouse060_20160526_18-16-27,smoothed_frames
0.5,investigation,25,34,0.7741935483870968,4976,5023,4965,5026,11,-3,test_1,Mouse060_20160526_18-16-27,smoothed_frames
0.5,investigation,29,36,0.5913978494623656,5904,5967,5913,5996,-9,-29,test_1,Mouse060_20160526_18-16-27,smoothed_frames
0.5,mount,31,37,0.9556213017751479,6000,6335,5998,6322,2,13,test_1,Mouse060_20160526_18-16-27,smoothed_frames
0.5,investigation,33,38,0.7647058823529411,6912,6943,6918,6945,-6,-2,test_1,Mouse060_20160526_18-16-27,smoothed_frames
0.5,investigation,36,41,0.8135593220338984,7184,7231,7179,7237,5,-6,test_1,Mouse060_20160526_18-16-27,smoothed_frames
0.5,mount,37,42,0.757847533632287,7232,7407,7239,7454,-7,-47,test_1,Mouse060_20160526_18-16-27,smoothed_frames
0.5,investigation,40,46,0.5544554455445545,8240,8335,8280,8340,-40,-5,test_1,Mouse060_20160526_18-16-27,smoothed_frames
0.5,mount,42,48,0.963855421686747,9104,9343,9101,9349,3,-6,test_1,Mouse060_20160526_18-16-27,smoothed_frames
0.5,investigation,45,53,0.8625,10256,10335,10263,10331,-7,4,test_1,Mouse060_20160526_18-16-27,smoothed_frames
0.5,mount,46,54,0.6530612244897959,10336,10367,10333,10381,3,-14,test_1,Mouse060_20160526_18-16-27,smoothed_frames
0.5,investigation,47,55,0.9182692307692307,10368,10575,10383,10573,-15,2,test_1,Mouse060_20160526_18-16-27,smoothed_frames
0.5,mount,49,56,0.8770491803278688,10864,10975,10869,10985,-5,-10,test_1,Mouse060_20160526_18-16-27,smoothed_frames
0.5,mount,52,58,0.8756756756756757,11888,12063,11902,12072,-14,-9,test_1,Mouse060_20160526_18-16-27,smoothed_frames
0.5,investigation,54,59,0.5454545454545454,12144,12175,12158,12176,-14,-1,test_1,Mouse060_20160526_18-16-27,smoothed_frames
0.5,mount,55,60,0.9473684210526315,12176,12303,12178,12308,-2,-5,test_1,Mouse060_20160526_18-16-27,smoothed_frames
0.5,investigation,57,63,0.8275862068965517,13088,13135,13085,13142,3,-7,test_1,Mouse060_20160526_18-16-27,smoothed_frames
0.5,mount,58,64,0.8333333333333334,13136,13183,13144,13183,-8,0,test_1,Mouse060_20160526_18-16-27,smoothed_frames
0.5,investigation,59,65,0.625,13184,13199,13185,13194,-1,5,test_1,Mouse060_20160526_18-16-27,smoothed_frames
0.5,investigation,60,66,0.5,13472,13503,13487,13502,-15,1,test_1,Mouse060_20160526_18-16-27,smoothed_frames
0.5,investigation,61,67,0.5,13568,13599,13580,13595,-12,4,test_1,Mouse060_20160526_18-16-27,smoothed_frames
0.5,mount,62,68,0.8695652173913043,13600,13711,13597,13699,3,12,test_1,Mouse060_20160526_18-16-27,smoothed_frames
0.5,investigation,63,70,0.6415094339622641,13856,13903,13870,13908,-14,-5,test_1,Mouse060_20160526_18-16-27,smoothed_frames
0.5,investigation,64,72,0.7875,14544,14623,14552,14614,-8,9,test_1,Mouse060_20160526_18-16-27,smoothed_frames
0.5,investigation,65,73,0.9458333333333333,15120,15359,15121,15347,-1,12,test_1,Mouse060_20160526_18-16-27,smoothed_frames
0.5,investigation,66,76,0.5135135135135135,16352,16383,16365,16388,-13,-5,test_1,Mouse060_20160526_18-16-27,smoothed_frames
0.5,investigation,67,77,0.9056603773584906,16464,16511,16463,16515,1,-4,test_1,Mouse060_20160526_18-16-27,smoothed_frames
0.5,investigation,69,78,0.6528497409326425,16848,17007,16815,16973,33,34,test_1,Mouse060_20160526_18-16-27,smoothed_frames
0.5,investigation,70,79,0.8764044943820225,17088,17167,17079,17165,9,2,test_1,Mouse060_20160526_18-16-27,smoothed_frames
0.5,investigation,71,80,0.5161290322580645,17376,17391,17361,17391,15,0,test_1,Mouse060_20160526_18-16-27,smoothed_frames
0.5,mount,78,86,0.7708333333333334,19088,19183,19090,19163,-2,20,test_1,Mouse060_20160526_18-16-27,smoothed_frames
0.5,investigation,83,92,0.6515151515151515,20720,20783,20718,20762,2,21,test_1,Mouse060_20160526_18-16-27,smoothed_frames
0.5,investigation,86,100,0.7083333333333334,21504,21551,21515,21548,-11,3,test_1,Mouse060_20160526_18-16-27,smoothed_frames
0.5,investigation,89,103,0.7454545454545455,22736,22783,22729,22776,7,7,test_1,Mouse060_20160526_18-16-27,smoothed_frames
0.5,investigation,90,104,0.8,22976,23007,22972,23011,4,-4,test_1,Mouse060_20160526_18-16-27,smoothed_frames
0.5,mount,91,105,0.7916666666666666,23008,23055,23013,23050,-5,5,test_1,Mouse060_20160526_18-16-27,smoothed_frames
0.5,investigation,92,107,0.5737704918032787,23440,23487,23453,23500,-13,-13,test_1,Mouse060_20160526_18-16-27,smoothed_frames
0.25,investigation,0,0,0.375,0,511,5,196,-5,315,test_1,Mouse061_20160526_18-38-49,raw_windows
0.25,investigation,2,2,0.3679060665362035,528,831,321,715,207,116,test_1,Mouse061_20160526_18-38-49,raw_windows
0.25,investigation,3,6,0.5952380952380952,928,1263,935,1134,-7,129,test_1,Mouse061_20160526_18-38-49,raw_windows
0.25,investigation,4,8,0.875,1328,1487,1331,1470,-3,17,test_1,Mouse061_20160526_18-38-49,raw_windows
0.25,investigation,5,10,0.8615384615384616,1600,1663,1608,1664,-8,-1,test_1,Mouse061_20160526_18-38-49,raw_windows
0.25,investigation,6,11,0.9134615384615384,1776,1983,1786,1975,-10,8,test_1,Mouse061_20160526_18-38-49,raw_windows
0.25,mount,7,12,0.8135593220338984,1984,2079,1977,2094,7,-15,test_1,Mouse061_20160526_18-38-49,raw_windows
0.25,investigation,8,13,0.6625,2080,2239,2129,2234,-49,5,test_1,Mouse061_20160526_18-38-49,raw_windows
0.25,investigation,9,14,0.40816326530612246,2288,2431,2285,2347,3,84,test_1,Mouse061_20160526_18-38-49,raw_windows
0.25,investigation,10,16,0.9485294117647058,2496,2767,2508,2765,-12,2,test_1,Mouse061_20160526_18-38-49,raw_windows
0.25,investigation,11,17,0.7846153846153846,2912,2975,2925,2976,-13,-1,test_1,Mouse061_20160526_18-38-49,raw_windows
0.25,investigation,12,18,0.8680555555555556,3296,3439,3303,3427,-7,12,test_1,Mouse061_20160526_18-38-49,raw_windows
0.25,investigation,13,19,0.8333333333333334,3600,3695,3613,3692,-13,3,test_1,Mouse061_20160526_18-38-49,raw_windows
0.25,investigation,14,20,0.5151515151515151,3776,3807,3791,3808,-15,-1,test_1,Mouse061_20160526_18-38-49,raw_windows
0.25,mount,15,21,0.9939675174013921,3808,5951,3810,5962,-2,-11,test_1,Mouse061_20160526_18-38-49,raw_windows
0.25,investigation,17,22,0.8947368421052632,6144,6271,6139,6262,5,9,test_1,Mouse061_20160526_18-38-49,raw_windows
0.25,investigation,18,24,0.7647058823529411,6480,6751,6491,6698,-11,53,test_1,Mouse061_20160526_18-38-49,raw_windows
0.25,investigation,19,26,0.9489795918367347,6896,6991,6894,6988,2,3,test_1,Mouse061_20160526_18-38-49,raw_windows
0.25,investigation,20,27,0.6764705882352942,7088,7119,7086,7110,2,9,test_1,Mouse061_20160526_18-38-49,raw_windows
0.25,investigation,21,28,0.7058823529411765,7152,7199,7164,7202,-12,-3,test_1,Mouse061_20160526_18-38-49,raw_windows
0.25,mount,22,29,0.9951923076923077,7200,8031,7204,8031,-4,0,test_1,Mouse061_20160526_18-38-49,raw_windows
0.25,investigation,24,30,0.9473684210526315,8208,8319,8212,8321,-4,-2,test_1,Mouse061_20160526_18-38-49,raw_windows
0.25,investigation,25,31,0.9289772727272727,8336,8687,8349,8675,-13,12,test_1,Mouse061_20160526_18-38-49,raw_windows
0.25,investigation,26,34,0.4266304347826087,8832,9199,9034,9190,-202,9,test_1,Mouse061_20160526_18-38-49,raw_windows
0.25,investigation,27,35,0.6458333333333334,9520,9567,9521,9551,-1,16,test_1,Mouse061_20160526_18-38-49,raw_windows
0.25,investigation,32,37,0.7878787878787878,10528,10559,10534,10560,-6,-1,test_1,Mouse061_20160526_18-38-49,raw_windows
0.25,investigation,33,38,0.8125,10768,10847,10781,10845,-13,2,test_1,Mouse061_20160526_18-38-49,raw_windows
0.25,investigation,34,40,0.2727272727272727,10960,11135,11058,11105,-98,30,test_1,Mouse061_20160526_18-38-49,raw_windows
0.25,investigation,35,42,0.63125,11216,11375,11231,11331,-15,44,test_1,Mouse061_20160526_18-38-49,raw_windows
0.25,investigation,36,44,0.375,11488,11519,11499,11510,-11,9,test_1,Mouse061_20160526_18-38-49,raw_windows
0.25,mount,37,45,0.9611307420494699,11520,12335,11512,12360,8,-25,test_1,Mouse061_20160526_18-38-49,raw_windows
0.25,investigation,39,46,0.9745454545454545,13040,13311,13044,13314,-4,-3,test_1,Mouse061_20160526_18-38-49,raw_windows
0.25,mount,40,47,0.9426751592356688,13312,13759,13316,13782,-4,-23,test_1,Mouse061_20160526_18-38-49,raw_windows
0.25,investigation,42,48,0.5576923076923077,13904,14111,13978,14093,-74,18,test_1,Mouse061_20160526_18-38-49,raw_windows
0.25,investigation,43,49,0.3793103448275862,14208,14255,14234,14265,-26,-10,test_1,Mouse061_20160526_18-38-49,raw_windows
0.25,investigation,44,50,0.9380530973451328,14752,14863,14758,14864,-6,-1,test_1,Mouse061_20160526_18-38-49,raw_windows
0.25,investigation,45,51,0.676056338028169,15056,15119,15072,15126,-16,-7,test_1,Mouse061_20160526_18-38-49,raw_windows
0.25,mount,46,52,0.8,15120,15199,15128,15191,-8,8,test_1,Mouse061_20160526_18-38-49,raw_windows
0.25,investigation,48,53,0.4,15328,15359,15346,15362,-18,-3,test_1,Mouse061_20160526_18-38-49,raw_windows
0.25,investigation,50,56,0.625,16080,16111,16086,16105,-6,6,test_1,Mouse061_20160526_18-38-49,raw_windows
0.25,investigation,51,57,0.7291666666666666,16416,16463,16429,16463,-13,0,test_1,Mouse061_20160526_18-38-49,raw_windows
0.25,mount,52,58,0.8505154639175257,16464,16959,16465,17045,-1,-86,test_1,Mouse061_20160526_18-38-49,raw_windows
0.25,investigation,53,59,0.32211538461538464,16960,17167,17085,17151,-125,16,test_1,Mouse061_20160526_18-38-49,raw_windows
0.25,investigation,54,60,0.6956521739130435,17248,17263,17248,17270,0,-7,test_1,Mouse061_20160526_18-38-49,raw_windows
0.25,mount,55,61,0.9561270801815431,17264,17903,17272,17924,-8,-21,test_1,Mouse061_20160526_18-38-49,raw_windows
0.25,investigation,57,62,0.8541666666666666,18592,18639,18599,18639,-7,0,test_1,Mouse061_20160526_18-38-49,raw_windows
0.5,investigation,3,6,0.5952380952380952,928,1263,935,1134,-7,129,test_1,Mouse061_20160526_18-38-49,raw_windows
0.5,investigation,4,8,0.875,1328,1487,1331,1470,-3,17,test_1,Mouse061_20160526_18-38-49,raw_windows
0.5,investigation,5,10,0.8615384615384616,1600,1663,1608,1664,-8,-1,test_1,Mouse061_20160526_18-38-49,raw_windows
0.5,investigation,6,11,0.9134615384615384,1776,1983,1786,1975,-10,8,test_1,Mouse061_20160526_18-38-49,raw_windows
0.5,mount,7,12,0.8135593220338984,1984,2079,1977,2094,7,-15,test_1,Mouse061_20160526_18-38-49,raw_windows
0.5,investigation,8,13,0.6625,2080,2239,2129,2234,-49,5,test_1,Mouse061_20160526_18-38-49,raw_windows
0.5,investigation,10,16,0.9485294117647058,2496,2767,2508,2765,-12,2,test_1,Mouse061_20160526_18-38-49,raw_windows
0.5,investigation,11,17,0.7846153846153846,2912,2975,2925,2976,-13,-1,test_1,Mouse061_20160526_18-38-49,raw_windows
0.5,investigation,12,18,0.8680555555555556,3296,3439,3303,3427,-7,12,test_1,Mouse061_20160526_18-38-49,raw_windows
0.5,investigation,13,19,0.8333333333333334,3600,3695,3613,3692,-13,3,test_1,Mouse061_20160526_18-38-49,raw_windows
0.5,investigation,14,20,0.5151515151515151,3776,3807,3791,3808,-15,-1,test_1,Mouse061_20160526_18-38-49,raw_windows
0.5,mount,15,21,0.9939675174013921,3808,5951,3810,5962,-2,-11,test_1,Mouse061_20160526_18-38-49,raw_windows
0.5,investigation,17,22,0.8947368421052632,6144,6271,6139,6262,5,9,test_1,Mouse061_20160526_18-38-49,raw_windows
0.5,investigation,18,24,0.7647058823529411,6480,6751,6491,6698,-11,53,test_1,Mouse061_20160526_18-38-49,raw_windows
0.5,investigation,19,26,0.9489795918367347,6896,6991,6894,6988,2,3,test_1,Mouse061_20160526_18-38-49,raw_windows
0.5,investigation,20,27,0.6764705882352942,7088,7119,7086,7110,2,9,test_1,Mouse061_20160526_18-38-49,raw_windows
0.5,investigation,21,28,0.7058823529411765,7152,7199,7164,7202,-12,-3,test_1,Mouse061_20160526_18-38-49,raw_windows
0.5,mount,22,29,0.9951923076923077,7200,8031,7204,8031,-4,0,test_1,Mouse061_20160526_18-38-49,raw_windows
0.5,investigation,24,30,0.9473684210526315,8208,8319,8212,8321,-4,-2,test_1,Mouse061_20160526_18-38-49,raw_windows
0.5,investigation,25,31,0.9289772727272727,8336,8687,8349,8675,-13,12,test_1,Mouse061_20160526_18-38-49,raw_windows
0.5,investigation,27,35,0.6458333333333334,9520,9567,9521,9551,-1,16,test_1,Mouse061_20160526_18-38-49,raw_windows
0.5,investigation,32,37,0.7878787878787878,10528,10559,10534,10560,-6,-1,test_1,Mouse061_20160526_18-38-49,raw_windows
0.5,investigation,33,38,0.8125,10768,10847,10781,10845,-13,2,test_1,Mouse061_20160526_18-38-49,raw_windows
0.5,investigation,35,42,0.63125,11216,11375,11231,11331,-15,44,test_1,Mouse061_20160526_18-38-49,raw_windows
0.5,mount,37,45,0.9611307420494699,11520,12335,11512,12360,8,-25,test_1,Mouse061_20160526_18-38-49,raw_windows
0.5,investigation,39,46,0.9745454545454545,13040,13311,13044,13314,-4,-3,test_1,Mouse061_20160526_18-38-49,raw_windows
0.5,mount,40,47,0.9426751592356688,13312,13759,13316,13782,-4,-23,test_1,Mouse061_20160526_18-38-49,raw_windows
0.5,investigation,42,48,0.5576923076923077,13904,14111,13978,14093,-74,18,test_1,Mouse061_20160526_18-38-49,raw_windows
0.5,investigation,44,50,0.9380530973451328,14752,14863,14758,14864,-6,-1,test_1,Mouse061_20160526_18-38-49,raw_windows
0.5,investigation,45,51,0.676056338028169,15056,15119,15072,15126,-16,-7,test_1,Mouse061_20160526_18-38-49,raw_windows
0.5,mount,46,52,0.8,15120,15199,15128,15191,-8,8,test_1,Mouse061_20160526_18-38-49,raw_windows
0.5,investigation,50,56,0.625,16080,16111,16086,16105,-6,6,test_1,Mouse061_20160526_18-38-49,raw_windows
0.5,investigation,51,57,0.7291666666666666,16416,16463,16429,16463,-13,0,test_1,Mouse061_20160526_18-38-49,raw_windows
0.5,mount,52,58,0.8505154639175257,16464,16959,16465,17045,-1,-86,test_1,Mouse061_20160526_18-38-49,raw_windows
0.5,investigation,54,60,0.6956521739130435,17248,17263,17248,17270,0,-7,test_1,Mouse061_20160526_18-38-49,raw_windows
0.5,mount,55,61,0.9561270801815431,17264,17903,17272,17924,-8,-21,test_1,Mouse061_20160526_18-38-49,raw_windows
0.5,investigation,57,62,0.8541666666666666,18592,18639,18599,18639,-7,0,test_1,Mouse061_20160526_18-38-49,raw_windows
0.25,investigation,0,0,0.375,0,511,5,196,-5,315,test_1,Mouse061_20160526_18-38-49,smoothed_frames
0.25,investigation,1,2,0.3679060665362035,528,831,321,715,207,116,test_1,Mouse061_20160526_18-38-49,smoothed_frames
0.25,investigation,2,6,0.5952380952380952,928,1263,935,1134,-7,129,test_1,Mouse061_20160526_18-38-49,smoothed_frames
0.25,investigation,3,8,0.7954545454545454,1328,1503,1331,1470,-3,33,test_1,Mouse061_20160526_18-38-49,smoothed_frames
0.25,investigation,4,10,0.8615384615384616,1600,1663,1608,1664,-8,-1,test_1,Mouse061_20160526_18-38-49,smoothed_frames
0.25,investigation,5,11,0.9134615384615384,1776,1983,1786,1975,-10,8,test_1,Mouse061_20160526_18-38-49,smoothed_frames
0.25,mount,6,12,0.8135593220338984,1984,2079,1977,2094,7,-15,test_1,Mouse061_20160526_18-38-49,smoothed_frames
0.25,investigation,7,13,0.6625,2080,2239,2129,2234,-49,5,test_1,Mouse061_20160526_18-38-49,smoothed_frames
0.25,investigation,8,14,0.40816326530612246,2288,2431,2285,2347,3,84,test_1,Mouse061_20160526_18-38-49,smoothed_frames
0.25,investigation,9,16,0.9485294117647058,2496,2767,2508,2765,-12,2,test_1,Mouse061_20160526_18-38-49,smoothed_frames
0.25,investigation,10,17,0.65,2912,2991,2925,2976,-13,15,test_1,Mouse061_20160526_18-38-49,smoothed_frames
0.25,investigation,11,18,0.8680555555555556,3296,3439,3303,3427,-7,12,test_1,Mouse061_20160526_18-38-49,smoothed_frames
0.25,investigation,12,19,0.8333333333333334,3600,3695,3613,3692,-13,3,test_1,Mouse061_20160526_18-38-49,smoothed_frames
0.25,investigation,13,20,0.5151515151515151,3776,3807,3791,3808,-15,-1,test_1,Mouse061_20160526_18-38-49,smoothed_frames
0.25,mount,14,21,0.9939675174013921,3808,5951,3810,5962,-2,-11,test_1,Mouse061_20160526_18-38-49,smoothed_frames
0.25,investigation,16,22,0.8611111111111112,6128,6271,6139,6262,-11,9,test_1,Mouse061_20160526_18-38-49,smoothed_frames
0.25,investigation,17,24,0.7647058823529411,6480,6751,6491,6698,-11,53,test_1,Mouse061_20160526_18-38-49,smoothed_frames
0.25,investigation,18,26,0.8482142857142857,6880,6991,6894,6988,-14,3,test_1,Mouse061_20160526_18-38-49,smoothed_frames
0.25,investigation,19,27,0.6764705882352942,7088,7119,7086,7110,2,9,test_1,Mouse061_20160526_18-38-49,smoothed_frames
0.25,investigation,20,28,0.7058823529411765,7152,7199,7164,7202,-12,-3,test_1,Mouse061_20160526_18-38-49,smoothed_frames
0.25,mount,21,29,0.9951923076923077,7200,8031,7204,8031,-4,0,test_1,Mouse061_20160526_18-38-49,smoothed_frames
0.25,investigation,23,30,0.9473684210526315,8208,8319,8212,8321,-4,-2,test_1,Mouse061_20160526_18-38-49,smoothed_frames
0.25,investigation,24,31,0.9289772727272727,8336,8687,8349,8675,-13,12,test_1,Mouse061_20160526_18-38-49,smoothed_frames
0.25,investigation,25,34,0.4266304347826087,8832,9199,9034,9190,-202,9,test_1,Mouse061_20160526_18-38-49,smoothed_frames
0.25,investigation,26,35,0.96875,9520,9551,9521,9551,-1,0,test_1,Mouse061_20160526_18-38-49,smoothed_frames
0.25,investigation,31,37,0.5306122448979592,10512,10559,10534,10560,-22,-1,test_1,Mouse061_20160526_18-38-49,smoothed_frames
0.25,investigation,32,38,0.8125,10768,10847,10781,10845,-13,2,test_1,Mouse061_20160526_18-38-49,smoothed_frames
0.25,investigation,33,40,0.2727272727272727,10960,11135,11058,11105,-98,30,test_1,Mouse061_20160526_18-38-49,smoothed_frames
0.25,investigation,34,42,0.63125,11216,11375,11231,11331,-15,44,test_1,Mouse061_20160526_18-38-49,smoothed_frames
0.25,investigation,35,44,0.375,11488,11519,11499,11510,-11,9,test_1,Mouse061_20160526_18-38-49,smoothed_frames
0.25,mount,36,45,0.9799764428739693,11520,12351,11512,12360,8,-9,test_1,Mouse061_20160526_18-38-49,smoothed_frames
0.25,investigation,38,46,0.9745454545454545,13040,13311,13044,13314,-4,-3,test_1,Mouse061_20160526_18-38-49,smoothed_frames
0.25,mount,39,47,0.9426751592356688,13312,13759,13316,13782,-4,-23,test_1,Mouse061_20160526_18-38-49,smoothed_frames
0.25,investigation,41,48,0.5576923076923077,13904,14111,13978,14093,-74,18,test_1,Mouse061_20160526_18-38-49,smoothed_frames
0.25,investigation,42,49,0.3793103448275862,14208,14255,14234,14265,-26,-10,test_1,Mouse061_20160526_18-38-49,smoothed_frames
0.25,investigation,43,50,0.9380530973451328,14752,14863,14758,14864,-6,-1,test_1,Mouse061_20160526_18-38-49,smoothed_frames
0.25,investigation,44,51,0.676056338028169,15056,15119,15072,15126,-16,-7,test_1,Mouse061_20160526_18-38-49,smoothed_frames
0.25,mount,45,52,0.8,15120,15199,15128,15191,-8,8,test_1,Mouse061_20160526_18-38-49,smoothed_frames
0.25,investigation,47,53,0.4,15328,15359,15346,15362,-18,-3,test_1,Mouse061_20160526_18-38-49,smoothed_frames
0.25,investigation,49,56,0.625,16080,16111,16086,16105,-6,6,test_1,Mouse061_20160526_18-38-49,smoothed_frames
0.25,investigation,50,57,0.7291666666666666,16416,16463,16429,16463,-13,0,test_1,Mouse061_20160526_18-38-49,smoothed_frames
0.25,mount,51,58,0.8505154639175257,16464,16959,16465,17045,-1,-86,test_1,Mouse061_20160526_18-38-49,smoothed_frames
0.25,investigation,52,59,0.32211538461538464,16960,17167,17085,17151,-125,16,test_1,Mouse061_20160526_18-38-49,smoothed_frames
0.25,investigation,53,60,0.41025641025641024,17232,17263,17248,17270,-16,-7,test_1,Mouse061_20160526_18-38-49,smoothed_frames
0.25,mount,54,61,0.9561270801815431,17264,17903,17272,17924,-8,-21,test_1,Mouse061_20160526_18-38-49,smoothed_frames
0.25,investigation,57,62,0.8541666666666666,18592,18639,18599,18639,-7,0,test_1,Mouse061_20160526_18-38-49,smoothed_frames
0.5,investigation,2,6,0.5952380952380952,928,1263,935,1134,-7,129,test_1,Mouse061_20160526_18-38-49,smoothed_frames
0.5,investigation,3,8,0.7954545454545454,1328,1503,1331,1470,-3,33,test_1,Mouse061_20160526_18-38-49,smoothed_frames
0.5,investigation,4,10,0.8615384615384616,1600,1663,1608,1664,-8,-1,test_1,Mouse061_20160526_18-38-49,smoothed_frames
0.5,investigation,5,11,0.9134615384615384,1776,1983,1786,1975,-10,8,test_1,Mouse061_20160526_18-38-49,smoothed_frames
0.5,mount,6,12,0.8135593220338984,1984,2079,1977,2094,7,-15,test_1,Mouse061_20160526_18-38-49,smoothed_frames
0.5,investigation,7,13,0.6625,2080,2239,2129,2234,-49,5,test_1,Mouse061_20160526_18-38-49,smoothed_frames
0.5,investigation,9,16,0.9485294117647058,2496,2767,2508,2765,-12,2,test_1,Mouse061_20160526_18-38-49,smoothed_frames
0.5,investigation,10,17,0.65,2912,2991,2925,2976,-13,15,test_1,Mouse061_20160526_18-38-49,smoothed_frames
0.5,investigation,11,18,0.8680555555555556,3296,3439,3303,3427,-7,12,test_1,Mouse061_20160526_18-38-49,smoothed_frames
0.5,investigation,12,19,0.8333333333333334,3600,3695,3613,3692,-13,3,test_1,Mouse061_20160526_18-38-49,smoothed_frames
0.5,investigation,13,20,0.5151515151515151,3776,3807,3791,3808,-15,-1,test_1,Mouse061_20160526_18-38-49,smoothed_frames
0.5,mount,14,21,0.9939675174013921,3808,5951,3810,5962,-2,-11,test_1,Mouse061_20160526_18-38-49,smoothed_frames
0.5,investigation,16,22,0.8611111111111112,6128,6271,6139,6262,-11,9,test_1,Mouse061_20160526_18-38-49,smoothed_frames
0.5,investigation,17,24,0.7647058823529411,6480,6751,6491,6698,-11,53,test_1,Mouse061_20160526_18-38-49,smoothed_frames
0.5,investigation,18,26,0.8482142857142857,6880,6991,6894,6988,-14,3,test_1,Mouse061_20160526_18-38-49,smoothed_frames
0.5,investigation,19,27,0.6764705882352942,7088,7119,7086,7110,2,9,test_1,Mouse061_20160526_18-38-49,smoothed_frames
0.5,investigation,20,28,0.7058823529411765,7152,7199,7164,7202,-12,-3,test_1,Mouse061_20160526_18-38-49,smoothed_frames
0.5,mount,21,29,0.9951923076923077,7200,8031,7204,8031,-4,0,test_1,Mouse061_20160526_18-38-49,smoothed_frames
0.5,investigation,23,30,0.9473684210526315,8208,8319,8212,8321,-4,-2,test_1,Mouse061_20160526_18-38-49,smoothed_frames
0.5,investigation,24,31,0.9289772727272727,8336,8687,8349,8675,-13,12,test_1,Mouse061_20160526_18-38-49,smoothed_frames
0.5,investigation,26,35,0.96875,9520,9551,9521,9551,-1,0,test_1,Mouse061_20160526_18-38-49,smoothed_frames
0.5,investigation,31,37,0.5306122448979592,10512,10559,10534,10560,-22,-1,test_1,Mouse061_20160526_18-38-49,smoothed_frames
0.5,investigation,32,38,0.8125,10768,10847,10781,10845,-13,2,test_1,Mouse061_20160526_18-38-49,smoothed_frames
0.5,investigation,34,42,0.63125,11216,11375,11231,11331,-15,44,test_1,Mouse061_20160526_18-38-49,smoothed_frames
0.5,mount,36,45,0.9799764428739693,11520,12351,11512,12360,8,-9,test_1,Mouse061_20160526_18-38-49,smoothed_frames
0.5,investigation,38,46,0.9745454545454545,13040,13311,13044,13314,-4,-3,test_1,Mouse061_20160526_18-38-49,smoothed_frames
0.5,mount,39,47,0.9426751592356688,13312,13759,13316,13782,-4,-23,test_1,Mouse061_20160526_18-38-49,smoothed_frames
0.5,investigation,41,48,0.5576923076923077,13904,14111,13978,14093,-74,18,test_1,Mouse061_20160526_18-38-49,smoothed_frames
0.5,investigation,43,50,0.9380530973451328,14752,14863,14758,14864,-6,-1,test_1,Mouse061_20160526_18-38-49,smoothed_frames
0.5,investigation,44,51,0.676056338028169,15056,15119,15072,15126,-16,-7,test_1,Mouse061_20160526_18-38-49,smoothed_frames
0.5,mount,45,52,0.8,15120,15199,15128,15191,-8,8,test_1,Mouse061_20160526_18-38-49,smoothed_frames
0.5,investigation,49,56,0.625,16080,16111,16086,16105,-6,6,test_1,Mouse061_20160526_18-38-49,smoothed_frames
0.5,investigation,50,57,0.7291666666666666,16416,16463,16429,16463,-13,0,test_1,Mouse061_20160526_18-38-49,smoothed_frames
0.5,mount,51,58,0.8505154639175257,16464,16959,16465,17045,-1,-86,test_1,Mouse061_20160526_18-38-49,smoothed_frames
0.5,mount,54,61,0.9561270801815431,17264,17903,17272,17924,-8,-21,test_1,Mouse061_20160526_18-38-49,smoothed_frames
0.5,investigation,57,62,0.8541666666666666,18592,18639,18599,18639,-7,0,test_1,Mouse061_20160526_18-38-49,smoothed_frames
0.25,investigation,0,4,0.5431034482758621,0,927,414,917,-414,10,test_1,Mouse062_20160526_18-56-26,raw_windows
0.25,investigation,1,5,0.88671875,992,1247,999,1225,-7,22,test_1,Mouse062_20160526_18-56-26,raw_windows
0.25,investigation,2,8,0.5244565217391305,1344,1711,1511,1703,-167,8,test_1,Mouse062_20160526_18-56-26,raw_windows
0.25,investigation,3,10,0.9086538461538461,1744,1951,1757,1945,-13,6,test_1,Mouse062_20160526_18-56-26,raw_windows
0.25,investigation,4,11,0.7536764705882353,2000,2271,2000,2204,0,67,test_1,Mouse062_20160526_18-56-26,raw_windows
0.25,investigation,6,12,0.729903536977492,2288,2527,2217,2514,71,13,test_1,Mouse062_20160526_18-56-26,raw_windows
0.25,investigation,7,13,0.7625,2624,2703,2625,2685,-1,18,test_1,Mouse062_20160526_18-56-26,raw_windows
0.25,investigation,8,15,0.650390625,2880,3391,3051,3383,-171,8,test_1,Mouse062_20160526_18-56-26,raw_windows
0.25,investigation,9,16,0.5882352941176471,3408,3439,3420,3441,-12,-2,test_1,Mouse062_20160526_18-56-26,raw_windows
0.25,investigation,10,17,0.7916666666666666,3600,3647,3603,3640,-3,7,test_1,Mouse062_20160526_18-56-26,raw_windows
0.25,investigation,11,18,0.9579288025889967,3744,4047,3752,4052,-8,-5,test_1,Mouse062_20160526_18-56-26,raw_windows
0.25,investigation,12,19,0.61875,4320,4479,4330,4428,-10,51,test_1,Mouse062_20160526_18-56-26,raw_windows
0.25,investigation,13,21,0.8113207547169812,4624,4671,4629,4676,-5,-5,test_1,Mouse062_20160526_18-56-26,raw_windows
0.25,investigation,14,22,0.5625,4704,4735,4715,4732,-11,3,test_1,Mouse062_20160526_18-56-26,raw_windows
0.25,investigation,15,23,0.9615384615384616,4784,4991,4792,4991,-8,0,test_1,Mouse062_20160526_18-56-26,raw_windows
0.25,investigation,16,24,0.5416666666666666,5024,5071,5037,5062,-13,9,test_1,Mouse062_20160526_18-56-26,raw_windows
0.25,investigation,17,25,0.9027777777777778,5120,5263,5125,5254,-5,9,test_1,Mouse062_20160526_18-56-26,raw_windows
0.25,investigation,18,26,0.875,5392,5487,5393,5476,-1,11,test_1,Mouse062_20160526_18-56-26,raw_windows
0.25,investigation,19,29,0.9638157894736842,5552,5855,5554,5846,-2,9,test_1,Mouse062_20160526_18-56-26,raw_windows
0.25,investigation,20,30,0.75,5904,5951,5900,5942,4,9,test_1,Mouse062_20160526_18-56-26,raw_windows
0.25,investigation,21,31,0.8533333333333334,6096,6159,6087,6161,9,-2,test_1,Mouse062_20160526_18-56-26,raw_windows
0.25,investigation,22,34,0.5595667870036101,6368,6639,6485,6644,-117,-5,test_1,Mouse062_20160526_18-56-26,raw_windows
0.25,investigation,23,35,0.6944444444444444,6688,6719,6684,6712,4,7,test_1,Mouse062_20160526_18-56-26,raw_windows
0.25,investigation,24,36,0.75,6784,6815,6792,6815,-8,0,test_1,Mouse062_20160526_18-56-26,raw_windows
0.25,investigation,25,37,0.75,6832,7103,6850,7053,-18,50,test_1,Mouse062_20160526_18-56-26,raw_windows
0.25,investigation,26,39,0.8125,7216,7231,7218,7230,-2,1,test_1,Mouse062_20160526_18-56-26,raw_windows
0.25,investigation,27,41,0.9876237623762376,7408,7807,7404,7806,4,1,test_1,Mouse062_20160526_18-56-26,raw_windows
0.25,investigation,28,42,0.8920454545454546,7888,8063,7902,8058,-14,5,test_1,Mouse062_20160526_18-56-26,raw_windows
0.25,investigation,29,43,0.9458128078817734,8096,8287,8095,8297,1,-10,test_1,Mouse062_20160526_18-56-26,raw_windows
0.25,investigation,30,44,0.8450704225352113,8624,8687,8628,8694,-4,-7,test_1,Mouse062_20160526_18-56-26,raw_windows
0.25,investigation,31,45,0.5555555555555556,8784,8799,8785,8810,-1,-11,test_1,Mouse062_20160526_18-56-26,raw_windows
0.25,investigation,32,46,0.4375,8864,8879,8870,8876,-6,3,test_1,Mouse062_20160526_18-56-26,raw_windows
0.25,investigation,33,48,0.7916666666666666,9264,9311,9270,9307,-6,4,test_1,Mouse062_20160526_18-56-26,raw_windows
0.25,investigation,34,52,0.6275,9392,9791,9534,9784,-142,7,test_1,Mouse062_20160526_18-56-26,raw_windows
0.25,investigation,35,53,0.9017857142857143,9936,10047,9945,10045,-9,2,test_1,Mouse062_20160526_18-56-26,raw_windows
0.25,investigation,36,55,0.5390625,10416,10543,10417,10485,-1,58,test_1,Mouse062_20160526_18-56-26,raw_windows
0.25,investigation,37,57,0.5833333333333334,10608,10703,10615,10670,-7,33,test_1,Mouse062_20160526_18-56-26,raw_windows
0.25,investigation,38,59,0.9541984732824428,10944,11071,10941,11068,3,3,test_1,Mouse062_20160526_18-56-26,raw_windows
0.25,investigation,39,60,0.5813953488372093,11248,11279,11255,11290,-7,-11,test_1,Mouse062_20160526_18-56-26,raw_windows
0.25,mount,40,61,0.9783889980353635,11280,12287,11292,12297,-12,-10,test_1,Mouse062_20160526_18-56-26,raw_windows
0.25,investigation,42,62,0.9056603773584906,12704,12847,12702,12860,2,-13,test_1,Mouse062_20160526_18-56-26,raw_windows
0.25,investigation,43,63,0.9101796407185628,12960,13119,12968,13126,-8,-7,test_1,Mouse062_20160526_18-56-26,raw_windows
0.25,investigation,44,64,0.9479166666666666,13200,13391,13202,13383,-2,8,test_1,Mouse062_20160526_18-56-26,raw_windows
0.25,investigation,45,66,0.8205128205128205,13440,13471,13436,13474,4,-3,test_1,Mouse062_20160526_18-56-26,raw_windows
0.25,mount,46,67,0.821917808219178,13472,13535,13476,13544,-4,-9,test_1,Mouse062_20160526_18-56-26,raw_windows
0.25,investigation,47,68,0.4125,13536,13615,13581,13613,-45,2,test_1,Mouse062_20160526_18-56-26,raw_windows
0.25,investigation,48,69,0.975,13792,13871,13793,13870,-1,1,test_1,Mouse062_20160526_18-56-26,raw_windows
0.25,investigation,49,71,0.6153846153846154,14272,14287,14272,14297,0,-10,test_1,Mouse062_20160526_18-56-26,raw_windows
0.25,mount,50,72,0.40747816593886466,14288,15791,14299,17951,-11,-2160,test_1,Mouse062_20160526_18-56-26,raw_windows
0.25,investigation,55,73,0.6153846153846154,18272,18287,18265,18290,7,-3,test_1,Mouse062_20160526_18-56-26,raw_windows
0.25,mount,56,74,0.825,18288,18367,18292,18357,-4,10,test_1,Mouse062_20160526_18-56-26,raw_windows
0.25,investigation,57,77,0.4444444444444444,19264,19279,19262,19297,2,-18,test_1,Mouse062_20160526_18-56-26,raw_windows
0.25,mount,59,78,0.9910714285714286,19296,19631,19299,19631,-3,0,test_1,Mouse062_20160526_18-56-26,raw_windows
0.5,investigation,0,4,0.5431034482758621,0,927,414,917,-414,10,test_1,Mouse062_20160526_18-56-26,raw_windows
0.5,investigation,1,5,0.88671875,992,1247,999,1225,-7,22,test_1,Mouse062_20160526_18-56-26,raw_windows
0.5,investigation,2,8,0.5244565217391305,1344,1711,1511,1703,-167,8,test_1,Mouse062_20160526_18-56-26,raw_windows
0.5,investigation,3,10,0.9086538461538461,1744,1951,1757,1945,-13,6,test_1,Mouse062_20160526_18-56-26,raw_windows
0.5,investigation,4,11,0.7536764705882353,2000,2271,2000,2204,0,67,test_1,Mouse062_20160526_18-56-26,raw_windows
0.5,investigation,6,12,0.729903536977492,2288,2527,2217,2514,71,13,test_1,Mouse062_20160526_18-56-26,raw_windows
0.5,investigation,7,13,0.7625,2624,2703,2625,2685,-1,18,test_1,Mouse062_20160526_18-56-26,raw_windows
0.5,investigation,8,15,0.650390625,2880,3391,3051,3383,-171,8,test_1,Mouse062_20160526_18-56-26,raw_windows
0.5,investigation,9,16,0.5882352941176471,3408,3439,3420,3441,-12,-2,test_1,Mouse062_20160526_18-56-26,raw_windows
0.5,investigation,10,17,0.7916666666666666,3600,3647,3603,3640,-3,7,test_1,Mouse062_20160526_18-56-26,raw_windows
0.5,investigation,11,18,0.9579288025889967,3744,4047,3752,4052,-8,-5,test_1,Mouse062_20160526_18-56-26,raw_windows
0.5,investigation,12,19,0.61875,4320,4479,4330,4428,-10,51,test_1,Mouse062_20160526_18-56-26,raw_windows
0.5,investigation,13,21,0.8113207547169812,4624,4671,4629,4676,-5,-5,test_1,Mouse062_20160526_18-56-26,raw_windows
0.5,investigation,14,22,0.5625,4704,4735,4715,4732,-11,3,test_1,Mouse062_20160526_18-56-26,raw_windows
0.5,investigation,15,23,0.9615384615384616,4784,4991,4792,4991,-8,0,test_1,Mouse062_20160526_18-56-26,raw_windows
0.5,investigation,16,24,0.5416666666666666,5024,5071,5037,5062,-13,9,test_1,Mouse062_20160526_18-56-26,raw_windows
0.5,investigation,17,25,0.9027777777777778,5120,5263,5125,5254,-5,9,test_1,Mouse062_20160526_18-56-26,raw_windows
0.5,investigation,18,26,0.875,5392,5487,5393,5476,-1,11,test_1,Mouse062_20160526_18-56-26,raw_windows
0.5,investigation,19,29,0.9638157894736842,5552,5855,5554,5846,-2,9,test_1,Mouse062_20160526_18-56-26,raw_windows
0.5,investigation,20,30,0.75,5904,5951,5900,5942,4,9,test_1,Mouse062_20160526_18-56-26,raw_windows
0.5,investigation,21,31,0.8533333333333334,6096,6159,6087,6161,9,-2,test_1,Mouse062_20160526_18-56-26,raw_windows
0.5,investigation,22,34,0.5595667870036101,6368,6639,6485,6644,-117,-5,test_1,Mouse062_20160526_18-56-26,raw_windows
0.5,investigation,23,35,0.6944444444444444,6688,6719,6684,6712,4,7,test_1,Mouse062_20160526_18-56-26,raw_windows
0.5,investigation,24,36,0.75,6784,6815,6792,6815,-8,0,test_1,Mouse062_20160526_18-56-26,raw_windows
0.5,investigation,25,37,0.75,6832,7103,6850,7053,-18,50,test_1,Mouse062_20160526_18-56-26,raw_windows
0.5,investigation,26,39,0.8125,7216,7231,7218,7230,-2,1,test_1,Mouse062_20160526_18-56-26,raw_windows
0.5,investigation,27,41,0.9876237623762376,7408,7807,7404,7806,4,1,test_1,Mouse062_20160526_18-56-26,raw_windows
0.5,investigation,28,42,0.8920454545454546,7888,8063,7902,8058,-14,5,test_1,Mouse062_20160526_18-56-26,raw_windows
0.5,investigation,29,43,0.9458128078817734,8096,8287,8095,8297,1,-10,test_1,Mouse062_20160526_18-56-26,raw_windows
0.5,investigation,30,44,0.8450704225352113,8624,8687,8628,8694,-4,-7,test_1,Mouse062_20160526_18-56-26,raw_windows
0.5,investigation,31,45,0.5555555555555556,8784,8799,8785,8810,-1,-11,test_1,Mouse062_20160526_18-56-26,raw_windows
0.5,investigation,33,48,0.7916666666666666,9264,9311,9270,9307,-6,4,test_1,Mouse062_20160526_18-56-26,raw_windows
0.5,investigation,34,52,0.6275,9392,9791,9534,9784,-142,7,test_1,Mouse062_20160526_18-56-26,raw_windows
0.5,investigation,35,53,0.9017857142857143,9936,10047,9945,10045,-9,2,test_1,Mouse062_20160526_18-56-26,raw_windows
0.5,investigation,36,55,0.5390625,10416,10543,10417,10485,-1,58,test_1,Mouse062_20160526_18-56-26,raw_windows
0.5,investigation,37,57,0.5833333333333334,10608,10703,10615,10670,-7,33,test_1,Mouse062_20160526_18-56-26,raw_windows
0.5,investigation,38,59,0.9541984732824428,10944,11071,10941,11068,3,3,test_1,Mouse062_20160526_18-56-26,raw_windows
0.5,investigation,39,60,0.5813953488372093,11248,11279,11255,11290,-7,-11,test_1,Mouse062_20160526_18-56-26,raw_windows
0.5,mount,40,61,0.9783889980353635,11280,12287,11292,12297,-12,-10,test_1,Mouse062_20160526_18-56-26,raw_windows
0.5,investigation,42,62,0.9056603773584906,12704,12847,12702,12860,2,-13,test_1,Mouse062_20160526_18-56-26,raw_windows
0.5,investigation,43,63,0.9101796407185628,12960,13119,12968,13126,-8,-7,test_1,Mouse062_20160526_18-56-26,raw_windows
0.5,investigation,44,64,0.9479166666666666,13200,13391,13202,13383,-2,8,test_1,Mouse062_20160526_18-56-26,raw_windows
0.5,investigation,45,66,0.8205128205128205,13440,13471,13436,13474,4,-3,test_1,Mouse062_20160526_18-56-26,raw_windows
0.5,mount,46,67,0.821917808219178,13472,13535,13476,13544,-4,-9,test_1,Mouse062_20160526_18-56-26,raw_windows
0.5,investigation,48,69,0.975,13792,13871,13793,13870,-1,1,test_1,Mouse062_20160526_18-56-26,raw_windows
0.5,investigation,49,71,0.6153846153846154,14272,14287,14272,14297,0,-10,test_1,Mouse062_20160526_18-56-26,raw_windows
0.5,mount,54,72,0.5606350944429236,15904,17951,14299,17951,1605,0,test_1,Mouse062_20160526_18-56-26,raw_windows
0.5,investigation,55,73,0.6153846153846154,18272,18287,18265,18290,7,-3,test_1,Mouse062_20160526_18-56-26,raw_windows
0.5,mount,56,74,0.825,18288,18367,18292,18357,-4,10,test_1,Mouse062_20160526_18-56-26,raw_windows
0.5,mount,59,78,0.9910714285714286,19296,19631,19299,19631,-3,0,test_1,Mouse062_20160526_18-56-26,raw_windows
0.25,investigation,0,4,0.5431034482758621,0,927,414,917,-414,10,test_1,Mouse062_20160526_18-56-26,smoothed_frames
0.25,investigation,1,5,0.88671875,992,1247,999,1225,-7,22,test_1,Mouse062_20160526_18-56-26,smoothed_frames
0.25,investigation,2,8,0.5244565217391305,1344,1711,1511,1703,-167,8,test_1,Mouse062_20160526_18-56-26,smoothed_frames
0.25,investigation,3,10,0.9086538461538461,1744,1951,1757,1945,-13,6,test_1,Mouse062_20160526_18-56-26,smoothed_frames
0.25,investigation,4,11,0.7536764705882353,2000,2271,2000,2204,0,67,test_1,Mouse062_20160526_18-56-26,smoothed_frames
0.25,investigation,5,12,0.729903536977492,2288,2527,2217,2514,71,13,test_1,Mouse062_20160526_18-56-26,smoothed_frames
0.25,investigation,6,13,0.6354166666666666,2608,2703,2625,2685,-17,18,test_1,Mouse062_20160526_18-56-26,smoothed_frames
0.25,investigation,7,15,0.650390625,2880,3391,3051,3383,-171,8,test_1,Mouse062_20160526_18-56-26,smoothed_frames
0.25,investigation,8,16,0.4583333333333333,3408,3455,3420,3441,-12,14,test_1,Mouse062_20160526_18-56-26,smoothed_frames
0.25,investigation,9,17,0.59375,3600,3663,3603,3640,-3,23,test_1,Mouse062_20160526_18-56-26,smoothed_frames
0.25,investigation,10,18,0.9579288025889967,3744,4047,3752,4052,-8,-5,test_1,Mouse062_20160526_18-56-26,smoothed_frames
0.25,investigation,11,19,0.61875,4320,4479,4330,4428,-10,51,test_1,Mouse062_20160526_18-56-26,smoothed_frames
0.25,investigation,12,21,0.8113207547169812,4624,4671,4629,4676,-5,-5,test_1,Mouse062_20160526_18-56-26,smoothed_frames
0.25,investigation,13,22,0.5625,4704,4735,4715,4732,-11,3,test_1,Mouse062_20160526_18-56-26,smoothed_frames
0.25,investigation,14,23,0.9615384615384616,4784,4991,4792,4991,-8,0,test_1,Mouse062_20160526_18-56-26,smoothed_frames
0.25,investigation,15,24,0.5416666666666666,5024,5071,5037,5062,-13,9,test_1,Mouse062_20160526_18-56-26,smoothed_frames
0.25,investigation,16,25,0.9027777777777778,5120,5263,5125,5254,-5,9,test_1,Mouse062_20160526_18-56-26,smoothed_frames
0.25,investigation,17,26,0.875,5392,5487,5393,5476,-1,11,test_1,Mouse062_20160526_18-56-26,smoothed_frames
0.25,investigation,18,29,0.9238410596026491,5568,5855,5554,5846,14,9,test_1,Mouse062_20160526_18-56-26,smoothed_frames
0.25,investigation,19,30,0.75,5904,5951,5900,5942,4,9,test_1,Mouse062_20160526_18-56-26,smoothed_frames
0.25,investigation,20,31,0.8533333333333334,6096,6159,6087,6161,9,-2,test_1,Mouse062_20160526_18-56-26,smoothed_frames
0.25,investigation,21,34,0.5595667870036101,6368,6639,6485,6644,-117,-5,test_1,Mouse062_20160526_18-56-26,smoothed_frames
0.25,investigation,22,35,0.6944444444444444,6688,6719,6684,6712,4,7,test_1,Mouse062_20160526_18-56-26,smoothed_frames
0.25,investigation,23,36,0.75,6784,6815,6792,6815,-8,0,test_1,Mouse062_20160526_18-56-26,smoothed_frames
0.25,investigation,24,37,0.75,6832,7103,6850,7053,-18,50,test_1,Mouse062_20160526_18-56-26,smoothed_frames
0.25,investigation,25,39,0.8125,7216,7231,7218,7230,-2,1,test_1,Mouse062_20160526_18-56-26,smoothed_frames
0.25,investigation,26,41,0.9876237623762376,7408,7807,7404,7806,4,1,test_1,Mouse062_20160526_18-56-26,smoothed_frames
0.25,investigation,27,42,0.8920454545454546,7888,8063,7902,8058,-14,5,test_1,Mouse062_20160526_18-56-26,smoothed_frames
0.25,investigation,28,43,0.9458128078817734,8096,8287,8095,8297,1,-10,test_1,Mouse062_20160526_18-56-26,smoothed_frames
0.25,investigation,29,44,0.8450704225352113,8624,8687,8628,8694,-4,-7,test_1,Mouse062_20160526_18-56-26,smoothed_frames
0.25,investigation,30,45,0.5555555555555556,8784,8799,8785,8810,-1,-11,test_1,Mouse062_20160526_18-56-26,smoothed_frames
0.25,investigation,31,46,0.4375,8864,8879,8870,8876,-6,3,test_1,Mouse062_20160526_18-56-26,smoothed_frames
0.25,investigation,32,48,0.7916666666666666,9264,9311,9270,9307,-6,4,test_1,Mouse062_20160526_18-56-26,smoothed_frames
0.25,investigation,33,52,0.6275,9392,9791,9534,9784,-142,7,test_1,Mouse062_20160526_18-56-26,smoothed_frames
0.25,investigation,34,53,0.9017857142857143,9936,10047,9945,10045,-9,2,test_1,Mouse062_20160526_18-56-26,smoothed_frames
0.25,investigation,35,55,0.5390625,10416,10543,10417,10485,-1,58,test_1,Mouse062_20160526_18-56-26,smoothed_frames
0.25,investigation,36,57,0.5833333333333334,10608,10703,10615,10670,-7,33,test_1,Mouse062_20160526_18-56-26,smoothed_frames
0.25,investigation,37,59,0.8888888888888888,10928,11071,10941,11068,-13,3,test_1,Mouse062_20160526_18-56-26,smoothed_frames
0.25,investigation,38,60,0.5813953488372093,11248,11279,11255,11290,-7,-11,test_1,Mouse062_20160526_18-56-26,smoothed_frames
0.25,mount,39,61,0.9783889980353635,11280,12287,11292,12297,-12,-10,test_1,Mouse062_20160526_18-56-26,smoothed_frames
0.25,investigation,40,62,0.9056603773584906,12704,12847,12702,12860,2,-13,test_1,Mouse062_20160526_18-56-26,smoothed_frames
0.25,investigation,41,63,0.9101796407185628,12960,13119,12968,13126,-8,-7,test_1,Mouse062_20160526_18-56-26,smoothed_frames
0.25,investigation,42,64,0.9479166666666666,13200,13391,13202,13383,-2,8,test_1,Mouse062_20160526_18-56-26,smoothed_frames
0.25,investigation,43,66,0.8205128205128205,13440,13471,13436,13474,4,-3,test_1,Mouse062_20160526_18-56-26,smoothed_frames
0.25,mount,44,67,0.821917808219178,13472,13535,13476,13544,-4,-9,test_1,Mouse062_20160526_18-56-26,smoothed_frames
0.25,investigation,45,68,0.4125,13536,13615,13581,13613,-45,2,test_1,Mouse062_20160526_18-56-26,smoothed_frames
0.25,investigation,46,69,0.975,13792,13871,13793,13870,-1,1,test_1,Mouse062_20160526_18-56-26,smoothed_frames
0.25,investigation,47,71,0.6153846153846154,14272,14287,14272,14297,0,-10,test_1,Mouse062_20160526_18-56-26,smoothed_frames
0.25,mount,48,72,0.40747816593886466,14288,15791,14299,17951,-11,-2160,test_1,Mouse062_20160526_18-56-26,smoothed_frames
0.25,investigation,53,73,0.6153846153846154,18272,18287,18265,18290,7,-3,test_1,Mouse062_20160526_18-56-26,smoothed_frames
0.25,mount,54,74,0.825,18288,18367,18292,18357,-4,10,test_1,Mouse062_20160526_18-56-26,smoothed_frames
0.25,investigation,56,77,0.4444444444444444,19264,19279,19262,19297,2,-18,test_1,Mouse062_20160526_18-56-26,smoothed_frames
0.25,mount,57,78,0.9910714285714286,19296,19631,19299,19631,-3,0,test_1,Mouse062_20160526_18-56-26,smoothed_frames
0.5,investigation,0,4,0.5431034482758621,0,927,414,917,-414,10,test_1,Mouse062_20160526_18-56-26,smoothed_frames
0.5,investigation,1,5,0.88671875,992,1247,999,1225,-7,22,test_1,Mouse062_20160526_18-56-26,smoothed_frames
0.5,investigation,2,8,0.5244565217391305,1344,1711,1511,1703,-167,8,test_1,Mouse062_20160526_18-56-26,smoothed_frames
0.5,investigation,3,10,0.9086538461538461,1744,1951,1757,1945,-13,6,test_1,Mouse062_20160526_18-56-26,smoothed_frames
0.5,investigation,4,11,0.7536764705882353,2000,2271,2000,2204,0,67,test_1,Mouse062_20160526_18-56-26,smoothed_frames
0.5,investigation,5,12,0.729903536977492,2288,2527,2217,2514,71,13,test_1,Mouse062_20160526_18-56-26,smoothed_frames
0.5,investigation,6,13,0.6354166666666666,2608,2703,2625,2685,-17,18,test_1,Mouse062_20160526_18-56-26,smoothed_frames
0.5,investigation,7,15,0.650390625,2880,3391,3051,3383,-171,8,test_1,Mouse062_20160526_18-56-26,smoothed_frames
0.5,investigation,9,17,0.59375,3600,3663,3603,3640,-3,23,test_1,Mouse062_20160526_18-56-26,smoothed_frames
0.5,investigation,10,18,0.9579288025889967,3744,4047,3752,4052,-8,-5,test_1,Mouse062_20160526_18-56-26,smoothed_frames
0.5,investigation,11,19,0.61875,4320,4479,4330,4428,-10,51,test_1,Mouse062_20160526_18-56-26,smoothed_frames
0.5,investigation,12,21,0.8113207547169812,4624,4671,4629,4676,-5,-5,test_1,Mouse062_20160526_18-56-26,smoothed_frames
0.5,investigation,13,22,0.5625,4704,4735,4715,4732,-11,3,test_1,Mouse062_20160526_18-56-26,smoothed_frames
0.5,investigation,14,23,0.9615384615384616,4784,4991,4792,4991,-8,0,test_1,Mouse062_20160526_18-56-26,smoothed_frames
0.5,investigation,15,24,0.5416666666666666,5024,5071,5037,5062,-13,9,test_1,Mouse062_20160526_18-56-26,smoothed_frames
0.5,investigation,16,25,0.9027777777777778,5120,5263,5125,5254,-5,9,test_1,Mouse062_20160526_18-56-26,smoothed_frames
0.5,investigation,17,26,0.875,5392,5487,5393,5476,-1,11,test_1,Mouse062_20160526_18-56-26,smoothed_frames
0.5,investigation,18,29,0.9238410596026491,5568,5855,5554,5846,14,9,test_1,Mouse062_20160526_18-56-26,smoothed_frames
0.5,investigation,19,30,0.75,5904,5951,5900,5942,4,9,test_1,Mouse062_20160526_18-56-26,smoothed_frames
0.5,investigation,20,31,0.8533333333333334,6096,6159,6087,6161,9,-2,test_1,Mouse062_20160526_18-56-26,smoothed_frames
0.5,investigation,21,34,0.5595667870036101,6368,6639,6485,6644,-117,-5,test_1,Mouse062_20160526_18-56-26,smoothed_frames
0.5,investigation,22,35,0.6944444444444444,6688,6719,6684,6712,4,7,test_1,Mouse062_20160526_18-56-26,smoothed_frames
0.5,investigation,23,36,0.75,6784,6815,6792,6815,-8,0,test_1,Mouse062_20160526_18-56-26,smoothed_frames
0.5,investigation,24,37,0.75,6832,7103,6850,7053,-18,50,test_1,Mouse062_20160526_18-56-26,smoothed_frames
0.5,investigation,25,39,0.8125,7216,7231,7218,7230,-2,1,test_1,Mouse062_20160526_18-56-26,smoothed_frames
0.5,investigation,26,41,0.9876237623762376,7408,7807,7404,7806,4,1,test_1,Mouse062_20160526_18-56-26,smoothed_frames
0.5,investigation,27,42,0.8920454545454546,7888,8063,7902,8058,-14,5,test_1,Mouse062_20160526_18-56-26,smoothed_frames
0.5,investigation,28,43,0.9458128078817734,8096,8287,8095,8297,1,-10,test_1,Mouse062_20160526_18-56-26,smoothed_frames
0.5,investigation,29,44,0.8450704225352113,8624,8687,8628,8694,-4,-7,test_1,Mouse062_20160526_18-56-26,smoothed_frames
0.5,investigation,30,45,0.5555555555555556,8784,8799,8785,8810,-1,-11,test_1,Mouse062_20160526_18-56-26,smoothed_frames
0.5,investigation,32,48,0.7916666666666666,9264,9311,9270,9307,-6,4,test_1,Mouse062_20160526_18-56-26,smoothed_frames
0.5,investigation,33,52,0.6275,9392,9791,9534,9784,-142,7,test_1,Mouse062_20160526_18-56-26,smoothed_frames
0.5,investigation,34,53,0.9017857142857143,9936,10047,9945,10045,-9,2,test_1,Mouse062_20160526_18-56-26,smoothed_frames
0.5,investigation,35,55,0.5390625,10416,10543,10417,10485,-1,58,test_1,Mouse062_20160526_18-56-26,smoothed_frames
0.5,investigation,36,57,0.5833333333333334,10608,10703,10615,10670,-7,33,test_1,Mouse062_20160526_18-56-26,smoothed_frames
0.5,investigation,37,59,0.8888888888888888,10928,11071,10941,11068,-13,3,test_1,Mouse062_20160526_18-56-26,smoothed_frames
0.5,investigation,38,60,0.5813953488372093,11248,11279,11255,11290,-7,-11,test_1,Mouse062_20160526_18-56-26,smoothed_frames
0.5,mount,39,61,0.9783889980353635,11280,12287,11292,12297,-12,-10,test_1,Mouse062_20160526_18-56-26,smoothed_frames
0.5,investigation,40,62,0.9056603773584906,12704,12847,12702,12860,2,-13,test_1,Mouse062_20160526_18-56-26,smoothed_frames
0.5,investigation,41,63,0.9101796407185628,12960,13119,12968,13126,-8,-7,test_1,Mouse062_20160526_18-56-26,smoothed_frames
0.5,investigation,42,64,0.9479166666666666,13200,13391,13202,13383,-2,8,test_1,Mouse062_20160526_18-56-26,smoothed_frames
0.5,investigation,43,66,0.8205128205128205,13440,13471,13436,13474,4,-3,test_1,Mouse062_20160526_18-56-26,smoothed_frames
0.5,mount,44,67,0.821917808219178,13472,13535,13476,13544,-4,-9,test_1,Mouse062_20160526_18-56-26,smoothed_frames
0.5,investigation,46,69,0.975,13792,13871,13793,13870,-1,1,test_1,Mouse062_20160526_18-56-26,smoothed_frames
0.5,investigation,47,71,0.6153846153846154,14272,14287,14272,14297,0,-10,test_1,Mouse062_20160526_18-56-26,smoothed_frames
0.5,mount,52,72,0.5581902425729082,15904,17967,14299,17951,1605,16,test_1,Mouse062_20160526_18-56-26,smoothed_frames
0.5,investigation,53,73,0.6153846153846154,18272,18287,18265,18290,7,-3,test_1,Mouse062_20160526_18-56-26,smoothed_frames
0.5,mount,54,74,0.825,18288,18367,18292,18357,-4,10,test_1,Mouse062_20160526_18-56-26,smoothed_frames
0.5,mount,57,78,0.9910714285714286,19296,19631,19299,19631,-3,0,test_1,Mouse062_20160526_18-56-26,smoothed_frames
0.25,investigation,1,1,0.4791666666666667,32,271,120,234,-88,37,test_1,Mouse063_20160526_19-14-46,raw_windows
0.25,investigation,2,3,0.5294117647058824,400,495,394,453,6,42,test_1,Mouse063_20160526_19-14-46,raw_windows
0.25,investigation,3,5,0.2777777777777778,528,543,526,532,2,11,test_1,Mouse063_20160526_19-14-46,raw_windows
0.25,investigation,4,6,0.5384615384615384,624,655,617,644,7,11,test_1,Mouse063_20160526_19-14-46,raw_windows
0.25,investigation,5,7,0.8541666666666666,688,831,696,818,-8,13,test_1,Mouse063_20160526_19-14-46,raw_windows
0.25,investigation,6,10,0.5769230769230769,912,1327,987,1226,-75,101,test_1,Mouse063_20160526_19-14-46,raw_windows
0.25,investigation,7,12,0.34545454545454546,1552,1599,1581,1606,-29,-7,test_1,Mouse063_20160526_19-14-46,raw_windows
0.25,investigation,9,14,0.8798076923076923,1616,1823,1637,1819,-21,4,test_1,Mouse063_20160526_19-14-46,raw_windows
0.25,investigation,10,16,0.5,1952,1983,1967,1985,-15,-2,test_1,Mouse063_20160526_19-14-46,raw_windows
0.25,mount,11,17,0.41935483870967744,1984,1999,1987,2014,-3,-15,test_1,Mouse063_20160526_19-14-46,raw_windows
0.25,mount,13,19,0.5384615384615384,2144,2191,2164,2195,-20,-4,test_1,Mouse063_20160526_19-14-46,raw_windows
0.25,investigation,14,20,0.53125,2192,2223,2197,2213,-5,10,test_1,Mouse063_20160526_19-14-46,raw_windows
0.25,investigation,15,22,0.5277777777777778,2800,2943,2804,2879,-4,64,test_1,Mouse063_20160526_19-14-46,raw_windows
0.25,mount,16,26,0.8518518518518519,3056,3183,3069,3190,-13,-7,test_1,Mouse063_20160526_19-14-46,raw_windows
0.25,investigation,17,27,0.25,3184,3199,3192,3195,-8,4,test_1,Mouse063_20160526_19-14-46,raw_windows
0.25,mount,18,29,0.6216216216216216,3248,3311,3266,3321,-18,-10,test_1,Mouse063_20160526_19-14-46,raw_windows
0.25,investigation,20,30,0.4375,3696,3727,3704,3717,-8,10,test_1,Mouse063_20160526_19-14-46,raw_windows
0.25,investigation,21,31,0.8839285714285714,3744,3967,3752,3949,-8,18,test_1,Mouse063_20160526_19-14-46,raw_windows
0.25,investigation,22,33,0.48148148148148145,4480,4511,4486,4533,-6,-22,test_1,Mouse063_20160526_19-14-46,raw_windows
0.25,mount,23,34,0.3125,4512,4559,4535,4549,-23,10,test_1,Mouse063_20160526_19-14-46,raw_windows
0.25,investigation,24,35,0.7111111111111111,4656,4687,4653,4697,3,-10,test_1,Mouse063_20160526_19-14-46,raw_windows
0.25,mount,25,36,0.7571428571428571,4688,4751,4699,4757,-11,-6,test_1,Mouse063_20160526_19-14-46,raw_windows
0.25,investigation,27,38,0.4,4976,4991,4982,5000,-6,-9,test_1,Mouse063_20160526_19-14-46,raw_windows
0.25,mount,28,39,0.825,4992,5071,5002,5067,-10,4,test_1,Mouse063_20160526_19-14-46,raw_windows
0.25,mount,30,41,0.8110236220472441,5168,5279,5177,5294,-9,-15,test_1,Mouse063_20160526_19-14-46,raw_windows
0.25,investigation,31,42,0.5520833333333334,5280,5375,5296,5348,-16,27,test_1,Mouse063_20160526_19-14-46,raw_windows
0.25,investigation,33,47,0.8648648648648649,5744,5775,5742,5778,2,-3,test_1,Mouse063_20160526_19-14-46,raw_windows
0.25,mount,34,48,0.6511627906976745,5776,5807,5780,5818,-4,-11,test_1,Mouse063_20160526_19-14-46,raw_windows
0.25,investigation,35,49,0.765625,5808,5871,5820,5868,-12,3,test_1,Mouse063_20160526_19-14-46,raw_windows
0.25,investigation,36,52,0.7964601769911505,6464,6575,6486,6576,-22,-1,test_1,Mouse063_20160526_19-14-46,raw_windows
0.25,mount,37,53,0.4117647058823529,6576,6591,6578,6609,-2,-18,test_1,Mouse063_20160526_19-14-46,raw_windows
0.25,investigation,40,56,0.9196428571428571,7200,7311,7207,7309,-7,2,test_1,Mouse063_20160526_19-14-46,raw_windows
0.25,investigation,41,57,0.7,7904,7919,7906,7923,-2,-4,test_1,Mouse063_20160526_19-14-46,raw_windows
0.25,investigation,43,59,0.907563025210084,7936,8047,7940,8054,-4,-7,test_1,Mouse063_20160526_19-14-46,raw_windows
0.25,mount,44,60,0.8,8048,8127,8056,8137,-8,-10,test_1,Mouse063_20160526_19-14-46,raw_windows
0.25,investigation,45,61,0.25,8128,8143,8139,8147,-11,-4,test_1,Mouse063_20160526_19-14-46,raw_windows
0.25,mount,46,62,0.6875,8144,8159,8149,8159,-5,0,test_1,Mouse063_20160526_19-14-46,raw_windows
0.25,investigation,47,63,0.5,8160,8207,8161,8184,-1,23,test_1,Mouse063_20160526_19-14-46,raw_windows
0.25,investigation,48,65,0.921875,8704,8767,8709,8767,-5,0,test_1,Mouse063_20160526_19-14-46,raw_windows
0.25,mount,49,67,0.8135593220338984,8960,9007,8960,9018,0,-11,test_1,Mouse063_20160526_19-14-46,raw_windows
0.25,investigation,51,72,0.7,9168,9327,9186,9297,-18,30,test_1,Mouse063_20160526_19-14-46,raw_windows
0.25,investigation,53,76,0.34782608695652173,9728,9743,9736,9750,-8,-7,test_1,Mouse063_20160526_19-14-46,raw_windows
0.25,investigation,54,81,0.390625,10304,10367,10339,10363,-35,4,test_1,Mouse063_20160526_19-14-46,raw_windows
0.25,mount,56,85,0.425,10720,10799,10734,10767,-14,32,test_1,Mouse063_20160526_19-14-46,raw_windows
0.25,investigation,57,88,0.47058823529411764,10960,10975,10968,10976,-8,-1,test_1,Mouse063_20160526_19-14-46,raw_windows
0.25,investigation,58,89,0.5161290322580645,11040,11055,11038,11068,2,-13,test_1,Mouse063_20160526_19-14-46,raw_windows
0.25,investigation,61,93,0.8,11376,11487,11396,11490,-20,-3,test_1,Mouse063_20160526_19-14-46,raw_windows
0.25,investigation,62,94,0.6086956521739131,11664,11679,11666,11686,-2,-7,test_1,Mouse063_20160526_19-14-46,raw_windows
0.25,investigation,63,95,0.48148148148148145,12144,12159,12147,12170,-3,-11,test_1,Mouse063_20160526_19-14-46,raw_windows
0.25,investigation,67,97,0.64,12464,12479,12461,12485,3,-6,test_1,Mouse063_20160526_19-14-46,raw_windows
0.25,investigation,70,102,0.3125,12752,12783,12772,12781,-20,2,test_1,Mouse063_20160526_19-14-46,raw_windows
0.25,mount,71,103,0.9,12784,13071,12783,13102,1,-31,test_1,Mouse063_20160526_19-14-46,raw_windows
0.25,investigation,73,106,0.8713235294117647,13472,13743,13505,13741,-33,2,test_1,Mouse063_20160526_19-14-46,raw_windows
0.25,investigation,75,110,0.4270833333333333,14064,14159,14094,14134,-30,25,test_1,Mouse063_20160526_19-14-46,raw_windows
0.25,investigation,77,122,0.6041666666666666,15536,15583,15545,15573,-9,10,test_1,Mouse063_20160526_19-14-46,raw_windows
0.25,investigation,79,123,0.9504950495049505,15984,16079,15983,16083,1,-4,test_1,Mouse063_20160526_19-14-46,raw_windows
0.25,mount,80,124,0.8201754385964912,16080,16271,16085,16307,-5,-36,test_1,Mouse063_20160526_19-14-46,raw_windows
0.25,investigation,82,128,0.6666666666666666,16976,17007,16986,17008,-10,-1,test_1,Mouse063_20160526_19-14-46,raw_windows
0.25,mount,83,129,0.7076923076923077,17008,17055,17010,17072,-2,-17,test_1,Mouse063_20160526_19-14-46,raw_windows
0.25,investigation,84,130,0.4117647058823529,17056,17087,17074,17089,-18,-2,test_1,Mouse063_20160526_19-14-46,raw_windows
0.25,investigation,85,131,0.3,17152,17167,17162,17171,-10,-4,test_1,Mouse063_20160526_19-14-46,raw_windows
0.25,investigation,86,132,0.34146341463414637,17600,17631,17618,17640,-18,-9,test_1,Mouse063_20160526_19-14-46,raw_windows
0.25,mount,87,133,0.7105263157894737,17632,17695,17642,17707,-10,-12,test_1,Mouse063_20160526_19-14-46,raw_windows
0.25,investigation,89,134,0.38095238095238093,17904,17919,17899,17911,5,8,test_1,Mouse063_20160526_19-14-46,raw_windows
0.25,investigation,93,140,0.3877551020408163,18416,18447,18429,18464,-13,-17,test_1,Mouse063_20160526_19-14-46,raw_windows
0.25,mount,95,141,0.9665653495440729,18464,18783,18466,18792,-2,-9,test_1,Mouse063_20160526_19-14-46,raw_windows
0.5,investigation,2,3,0.5294117647058824,400,495,394,453,6,42,test_1,Mouse063_20160526_19-14-46,raw_windows
0.5,investigation,4,6,0.5384615384615384,624,655,617,644,7,11,test_1,Mouse063_20160526_19-14-46,raw_windows
0.5,investigation,5,7,0.8541666666666666,688,831,696,818,-8,13,test_1,Mouse063_20160526_19-14-46,raw_windows
0.5,investigation,6,10,0.5769230769230769,912,1327,987,1226,-75,101,test_1,Mouse063_20160526_19-14-46,raw_windows
0.5,investigation,9,14,0.8798076923076923,1616,1823,1637,1819,-21,4,test_1,Mouse063_20160526_19-14-46,raw_windows
0.5,investigation,10,16,0.5,1952,1983,1967,1985,-15,-2,test_1,Mouse063_20160526_19-14-46,raw_windows
0.5,mount,13,19,0.5384615384615384,2144,2191,2164,2195,-20,-4,test_1,Mouse063_20160526_19-14-46,raw_windows
0.5,investigation,14,20,0.53125,2192,2223,2197,2213,-5,10,test_1,Mouse063_20160526_19-14-46,raw_windows
0.5,investigation,15,22,0.5277777777777778,2800,2943,2804,2879,-4,64,test_1,Mouse063_20160526_19-14-46,raw_windows
0.5,mount,16,26,0.8518518518518519,3056,3183,3069,3190,-13,-7,test_1,Mouse063_20160526_19-14-46,raw_windows
0.5,mount,18,29,0.6216216216216216,3248,3311,3266,3321,-18,-10,test_1,Mouse063_20160526_19-14-46,raw_windows
0.5,investigation,21,31,0.8839285714285714,3744,3967,3752,3949,-8,18,test_1,Mouse063_20160526_19-14-46,raw_windows
0.5,investigation,24,35,0.7111111111111111,4656,4687,4653,4697,3,-10,test_1,Mouse063_20160526_19-14-46,raw_windows
0.5,mount,25,36,0.7571428571428571,4688,4751,4699,4757,-11,-6,test_1,Mouse063_20160526_19-14-46,raw_windows
0.5,mount,28,39,0.825,4992,5071,5002,5067,-10,4,test_1,Mouse063_20160526_19-14-46,raw_windows
0.5,mount,30,41,0.8110236220472441,5168,5279,5177,5294,-9,-15,test_1,Mouse063_20160526_19-14-46,raw_windows
0.5,investigation,31,42,0.5520833333333334,5280,5375,5296,5348,-16,27,test_1,Mouse063_20160526_19-14-46,raw_windows
0.5,investigation,33,47,0.8648648648648649,5744,5775,5742,5778,2,-3,test_1,Mouse063_20160526_19-14-46,raw_windows
0.5,mount,34,48,0.6511627906976745,5776,5807,5780,5818,-4,-11,test_1,Mouse063_20160526_19-14-46,raw_windows
0.5,investigation,35,49,0.765625,5808,5871,5820,5868,-12,3,test_1,Mouse063_20160526_19-14-46,raw_windows
0.5,investigation,36,52,0.7964601769911505,6464,6575,6486,6576,-22,-1,test_1,Mouse063_20160526_19-14-46,raw_windows
0.5,investigation,40,56,0.9196428571428571,7200,7311,7207,7309,-7,2,test_1,Mouse063_20160526_19-14-46,raw_windows
0.5,investigation,41,57,0.7,7904,7919,7906,7923,-2,-4,test_1,Mouse063_20160526_19-14-46,raw_windows
0.5,investigation,43,59,0.907563025210084,7936,8047,7940,8054,-4,-7,test_1,Mouse063_20160526_19-14-46,raw_windows
0.5,mount,44,60,0.8,8048,8127,8056,8137,-8,-10,test_1,Mouse063_20160526_19-14-46,raw_windows
0.5,mount,46,62,0.6875,8144,8159,8149,8159,-5,0,test_1,Mouse063_20160526_19-14-46,raw_windows
0.5,investigation,47,63,0.5,8160,8207,8161,8184,-1,23,test_1,Mouse063_20160526_19-14-46,raw_windows
0.5,investigation,48,65,0.921875,8704,8767,8709,8767,-5,0,test_1,Mouse063_20160526_19-14-46,raw_windows
0.5,mount,49,67,0.8135593220338984,8960,9007,8960,9018,0,-11,test_1,Mouse063_20160526_19-14-46,raw_windows
0.5,investigation,51,72,0.7,9168,9327,9186,9297,-18,30,test_1,Mouse063_20160526_19-14-46,raw_windows
0.5,investigation,58,89,0.5161290322580645,11040,11055,11038,11068,2,-13,test_1,Mouse063_20160526_19-14-46,raw_windows
0.5,investigation,61,93,0.8,11376,11487,11396,11490,-20,-3,test_1,Mouse063_20160526_19-14-46,raw_windows
0.5,investigation,62,94,0.6086956521739131,11664,11679,11666,11686,-2,-7,test_1,Mouse063_20160526_19-14-46,raw_windows
0.5,investigation,67,97,0.64,12464,12479,12461,12485,3,-6,test_1,Mouse063_20160526_19-14-46,raw_windows
0.5,mount,71,103,0.9,12784,13071,12783,13102,1,-31,test_1,Mouse063_20160526_19-14-46,raw_windows
0.5,investigation,73,106,0.8713235294117647,13472,13743,13505,13741,-33,2,test_1,Mouse063_20160526_19-14-46,raw_windows
0.5,investigation,77,122,0.6041666666666666,15536,15583,15545,15573,-9,10,test_1,Mouse063_20160526_19-14-46,raw_windows
0.5,investigation,79,123,0.9504950495049505,15984,16079,15983,16083,1,-4,test_1,Mouse063_20160526_19-14-46,raw_windows
0.5,mount,80,124,0.8201754385964912,16080,16271,16085,16307,-5,-36,test_1,Mouse063_20160526_19-14-46,raw_windows
0.5,investigation,82,128,0.6666666666666666,16976,17007,16986,17008,-10,-1,test_1,Mouse063_20160526_19-14-46,raw_windows
0.5,mount,83,129,0.7076923076923077,17008,17055,17010,17072,-2,-17,test_1,Mouse063_20160526_19-14-46,raw_windows
0.5,mount,87,133,0.7105263157894737,17632,17695,17642,17707,-10,-12,test_1,Mouse063_20160526_19-14-46,raw_windows
0.5,mount,95,141,0.9665653495440729,18464,18783,18466,18792,-2,-9,test_1,Mouse063_20160526_19-14-46,raw_windows
0.25,investigation,1,1,0.4791666666666667,32,271,120,234,-88,37,test_1,Mouse063_20160526_19-14-46,smoothed_frames
0.25,investigation,2,3,0.5357142857142857,384,495,394,453,-10,42,test_1,Mouse063_20160526_19-14-46,smoothed_frames
0.25,investigation,3,5,0.2777777777777778,528,543,526,532,2,11,test_1,Mouse063_20160526_19-14-46,smoothed_frames
0.25,investigation,4,6,0.5384615384615384,624,655,617,644,7,11,test_1,Mouse063_20160526_19-14-46,smoothed_frames
0.25,investigation,5,7,0.8541666666666666,688,831,696,818,-8,13,test_1,Mouse063_20160526_19-14-46,smoothed_frames
0.25,investigation,6,10,0.5769230769230769,912,1327,987,1226,-75,101,test_1,Mouse063_20160526_19-14-46,smoothed_frames
0.25,investigation,7,12,0.34545454545454546,1552,1599,1581,1606,-29,-7,test_1,Mouse063_20160526_19-14-46,smoothed_frames
0.25,investigation,9,14,0.8798076923076923,1616,1823,1637,1819,-21,4,test_1,Mouse063_20160526_19-14-46,smoothed_frames
0.25,investigation,10,16,0.5,1952,1983,1967,1985,-15,-2,test_1,Mouse063_20160526_19-14-46,smoothed_frames
0.25,mount,11,17,0.41935483870967744,1984,1999,1987,2014,-3,-15,test_1,Mouse063_20160526_19-14-46,smoothed_frames
0.25,mount,13,19,0.5384615384615384,2144,2191,2164,2195,-20,-4,test_1,Mouse063_20160526_19-14-46,smoothed_frames
0.25,investigation,14,20,0.53125,2192,2223,2197,2213,-5,10,test_1,Mouse063_20160526_19-14-46,smoothed_frames
0.25,investigation,15,22,0.5277777777777778,2800,2943,2804,2879,-4,64,test_1,Mouse063_20160526_19-14-46,smoothed_frames
0.25,mount,16,26,0.8518518518518519,3056,3183,3069,3190,-13,-7,test_1,Mouse063_20160526_19-14-46,smoothed_frames
0.25,investigation,17,27,0.25,3184,3199,3192,3195,-8,4,test_1,Mouse063_20160526_19-14-46,smoothed_frames
0.25,mount,18,29,0.6216216216216216,3248,3311,3266,3321,-18,-10,test_1,Mouse063_20160526_19-14-46,smoothed_frames
0.25,investigation,19,30,0.4375,3696,3727,3704,3717,-8,10,test_1,Mouse063_20160526_19-14-46,smoothed_frames
0.25,investigation,20,31,0.8839285714285714,3744,3967,3752,3949,-8,18,test_1,Mouse063_20160526_19-14-46,smoothed_frames
0.25,investigation,21,32,0.5294117647058824,3984,3999,3991,4000,-7,-1,test_1,Mouse063_20160526_19-14-46,smoothed_frames
0.25,investigation,22,33,0.48148148148148145,4480,4511,4486,4533,-6,-22,test_1,Mouse063_20160526_19-14-46,smoothed_frames
0.25,mount,23,34,0.3125,4512,4559,4535,4549,-23,10,test_1,Mouse063_20160526_19-14-46,smoothed_frames
0.25,investigation,24,35,0.7111111111111111,4656,4687,4653,4697,3,-10,test_1,Mouse063_20160526_19-14-46,smoothed_frames
0.25,mount,25,36,0.7571428571428571,4688,4751,4699,4757,-11,-6,test_1,Mouse063_20160526_19-14-46,smoothed_frames
0.25,mount,27,39,0.825,4992,5071,5002,5067,-10,4,test_1,Mouse063_20160526_19-14-46,smoothed_frames
0.25,mount,29,41,0.8110236220472441,5168,5279,5177,5294,-9,-15,test_1,Mouse063_20160526_19-14-46,smoothed_frames
0.25,investigation,30,42,0.5520833333333334,5280,5375,5296,5348,-16,27,test_1,Mouse063_20160526_19-14-46,smoothed_frames
0.25,investigation,32,47,0.8648648648648649,5744,5775,5742,5778,2,-3,test_1,Mouse063_20160526_19-14-46,smoothed_frames
0.25,mount,33,48,0.6511627906976745,5776,5807,5780,5818,-4,-11,test_1,Mouse063_20160526_19-14-46,smoothed_frames
0.25,investigation,34,49,0.5901639344262295,5808,5855,5820,5868,-12,-13,test_1,Mouse063_20160526_19-14-46,smoothed_frames
0.25,investigation,35,52,0.7964601769911505,6464,6575,6486,6576,-22,-1,test_1,Mouse063_20160526_19-14-46,smoothed_frames
0.25,mount,36,53,0.4117647058823529,6576,6591,6578,6609,-2,-18,test_1,Mouse063_20160526_19-14-46,smoothed_frames
0.25,investigation,39,56,0.9196428571428571,7200,7311,7207,7309,-7,2,test_1,Mouse063_20160526_19-14-46,smoothed_frames
0.25,investigation,40,57,0.3888888888888889,7888,7919,7906,7923,-18,-4,test_1,Mouse063_20160526_19-14-46,smoothed_frames
0.25,investigation,41,59,0.907563025210084,7936,8047,7940,8054,-4,-7,test_1,Mouse063_20160526_19-14-46,smoothed_frames
0.25,mount,42,60,0.8,8048,8127,8056,8137,-8,-10,test_1,Mouse063_20160526_19-14-46,smoothed_frames
0.25,investigation,43,61,0.25,8128,8143,8139,8147,-11,-4,test_1,Mouse063_20160526_19-14-46,smoothed_frames
0.25,mount,44,62,0.6875,8144,8159,8149,8159,-5,0,test_1,Mouse063_20160526_19-14-46,smoothed_frames
0.25,investigation,45,63,0.5,8160,8207,8161,8184,-1,23,test_1,Mouse063_20160526_19-14-46,smoothed_frames
0.25,investigation,46,65,0.921875,8704,8767,8709,8767,-5,0,test_1,Mouse063_20160526_19-14-46,smoothed_frames
0.25,mount,47,67,0.921875,8960,9023,8960,9018,0,5,test_1,Mouse063_20160526_19-14-46,smoothed_frames
0.25,investigation,48,72,0.7,9168,9327,9186,9297,-18,30,test_1,Mouse063_20160526_19-14-46,smoothed_frames
0.25,investigation,49,76,0.34782608695652173,9728,9743,9736,9750,-8,-7,test_1,Mouse063_20160526_19-14-46,smoothed_frames
0.25,investigation,50,79,0.6666666666666666,10304,10319,10308,10321,-4,-2,test_1,Mouse063_20160526_19-14-46,smoothed_frames
0.25,investigation,51,81,0.78125,10336,10367,10339,10363,-3,4,test_1,Mouse063_20160526_19-14-46,smoothed_frames
0.25,mount,53,85,0.425,10720,10799,10734,10767,-14,32,test_1,Mouse063_20160526_19-14-46,smoothed_frames
0.25,investigation,54,88,0.47058823529411764,10960,10975,10968,10976,-8,-1,test_1,Mouse063_20160526_19-14-46,smoothed_frames
0.25,investigation,55,89,0.5161290322580645,11040,11055,11038,11068,2,-13,test_1,Mouse063_20160526_19-14-46,smoothed_frames
0.25,investigation,57,93,0.8,11376,11487,11396,11490,-20,-3,test_1,Mouse063_20160526_19-14-46,smoothed_frames
0.25,investigation,58,94,0.6086956521739131,11664,11679,11666,11686,-2,-7,test_1,Mouse063_20160526_19-14-46,smoothed_frames
0.25,investigation,59,95,0.48148148148148145,12144,12159,12147,12170,-3,-11,test_1,Mouse063_20160526_19-14-46,smoothed_frames
0.25,investigation,62,97,0.64,12464,12479,12461,12485,3,-6,test_1,Mouse063_20160526_19-14-46,smoothed_frames
0.25,mount,65,103,0.95,12784,13087,12783,13102,1,-15,test_1,Mouse063_20160526_19-14-46,smoothed_frames
0.25,investigation,67,106,0.8713235294117647,13472,13743,13505,13741,-33,2,test_1,Mouse063_20160526_19-14-46,smoothed_frames
0.25,investigation,69,110,0.5125,14064,14143,14094,14134,-30,9,test_1,Mouse063_20160526_19-14-46,smoothed_frames
0.25,investigation,72,122,0.6041666666666666,15536,15583,15545,15573,-9,10,test_1,Mouse063_20160526_19-14-46,smoothed_frames
0.25,investigation,74,123,0.9504950495049505,15984,16079,15983,16083,1,-4,test_1,Mouse063_20160526_19-14-46,smoothed_frames
0.25,mount,75,124,0.8201754385964912,16080,16271,16085,16307,-5,-36,test_1,Mouse063_20160526_19-14-46,smoothed_frames
0.25,investigation,78,128,0.6666666666666666,16976,17007,16986,17008,-10,-1,test_1,Mouse063_20160526_19-14-46,smoothed_frames
0.25,mount,79,129,0.9538461538461539,17008,17071,17010,17072,-2,-1,test_1,Mouse063_20160526_19-14-46,smoothed_frames
0.25,investigation,80,130,0.7777777777777778,17072,17087,17074,17089,-2,-2,test_1,Mouse063_20160526_19-14-46,smoothed_frames
0.25,investigation,81,131,0.3,17152,17167,17162,17171,-10,-4,test_1,Mouse063_20160526_19-14-46,smoothed_frames
0.25,investigation,82,132,0.34146341463414637,17600,17631,17618,17640,-18,-9,test_1,Mouse063_20160526_19-14-46,smoothed_frames
0.25,mount,83,133,0.7105263157894737,17632,17695,17642,17707,-10,-12,test_1,Mouse063_20160526_19-14-46,smoothed_frames
0.25,investigation,85,134,0.38095238095238093,17904,17919,17899,17911,5,8,test_1,Mouse063_20160526_19-14-46,smoothed_frames
0.25,investigation,88,140,0.3877551020408163,18416,18447,18429,18464,-13,-17,test_1,Mouse063_20160526_19-14-46,smoothed_frames
0.25,mount,89,141,0.9665653495440729,18464,18783,18466,18792,-2,-9,test_1,Mouse063_20160526_19-14-46,smoothed_frames
0.5,investigation,2,3,0.5357142857142857,384,495,394,453,-10,42,test_1,Mouse063_20160526_19-14-46,smoothed_frames
0.5,investigation,4,6,0.5384615384615384,624,655,617,644,7,11,test_1,Mouse063_20160526_19-14-46,smoothed_frames
0.5,investigation,5,7,0.8541666666666666,688,831,696,818,-8,13,test_1,Mouse063_20160526_19-14-46,smoothed_frames
0.5,investigation,6,10,0.5769230769230769,912,1327,987,1226,-75,101,test_1,Mouse063_20160526_19-14-46,smoothed_frames
0.5,investigation,9,14,0.8798076923076923,1616,1823,1637,1819,-21,4,test_1,Mouse063_20160526_19-14-46,smoothed_frames
0.5,investigation,10,16,0.5,1952,1983,1967,1985,-15,-2,test_1,Mouse063_20160526_19-14-46,smoothed_frames
0.5,mount,13,19,0.5384615384615384,2144,2191,2164,2195,-20,-4,test_1,Mouse063_20160526_19-14-46,smoothed_frames
0.5,investigation,14,20,0.53125,2192,2223,2197,2213,-5,10,test_1,Mouse063_20160526_19-14-46,smoothed_frames
0.5,investigation,15,22,0.5277777777777778,2800,2943,2804,2879,-4,64,test_1,Mouse063_20160526_19-14-46,smoothed_frames
0.5,mount,16,26,0.8518518518518519,3056,3183,3069,3190,-13,-7,test_1,Mouse063_20160526_19-14-46,smoothed_frames
0.5,mount,18,29,0.6216216216216216,3248,3311,3266,3321,-18,-10,test_1,Mouse063_20160526_19-14-46,smoothed_frames
0.5,investigation,20,31,0.8839285714285714,3744,3967,3752,3949,-8,18,test_1,Mouse063_20160526_19-14-46,smoothed_frames
0.5,investigation,21,32,0.5294117647058824,3984,3999,3991,4000,-7,-1,test_1,Mouse063_20160526_19-14-46,smoothed_frames
0.5,investigation,24,35,0.7111111111111111,4656,4687,4653,4697,3,-10,test_1,Mouse063_20160526_19-14-46,smoothed_frames
0.5,mount,25,36,0.7571428571428571,4688,4751,4699,4757,-11,-6,test_1,Mouse063_20160526_19-14-46,smoothed_frames
0.5,mount,27,39,0.825,4992,5071,5002,5067,-10,4,test_1,Mouse063_20160526_19-14-46,smoothed_frames
0.5,mount,29,41,0.8110236220472441,5168,5279,5177,5294,-9,-15,test_1,Mouse063_20160526_19-14-46,smoothed_frames
0.5,investigation,30,42,0.5520833333333334,5280,5375,5296,5348,-16,27,test_1,Mouse063_20160526_19-14-46,smoothed_frames
0.5,investigation,32,47,0.8648648648648649,5744,5775,5742,5778,2,-3,test_1,Mouse063_20160526_19-14-46,smoothed_frames
0.5,mount,33,48,0.6511627906976745,5776,5807,5780,5818,-4,-11,test_1,Mouse063_20160526_19-14-46,smoothed_frames
0.5,investigation,34,49,0.5901639344262295,5808,5855,5820,5868,-12,-13,test_1,Mouse063_20160526_19-14-46,smoothed_frames
0.5,investigation,35,52,0.7964601769911505,6464,6575,6486,6576,-22,-1,test_1,Mouse063_20160526_19-14-46,smoothed_frames
0.5,investigation,39,56,0.9196428571428571,7200,7311,7207,7309,-7,2,test_1,Mouse063_20160526_19-14-46,smoothed_frames
0.5,investigation,41,59,0.907563025210084,7936,8047,7940,8054,-4,-7,test_1,Mouse063_20160526_19-14-46,smoothed_frames
0.5,mount,42,60,0.8,8048,8127,8056,8137,-8,-10,test_1,Mouse063_20160526_19-14-46,smoothed_frames
0.5,mount,44,62,0.6875,8144,8159,8149,8159,-5,0,test_1,Mouse063_20160526_19-14-46,smoothed_frames
0.5,investigation,45,63,0.5,8160,8207,8161,8184,-1,23,test_1,Mouse063_20160526_19-14-46,smoothed_frames
0.5,investigation,46,65,0.921875,8704,8767,8709,8767,-5,0,test_1,Mouse063_20160526_19-14-46,smoothed_frames
0.5,mount,47,67,0.921875,8960,9023,8960,9018,0,5,test_1,Mouse063_20160526_19-14-46,smoothed_frames
0.5,investigation,48,72,0.7,9168,9327,9186,9297,-18,30,test_1,Mouse063_20160526_19-14-46,smoothed_frames
0.5,investigation,50,79,0.6666666666666666,10304,10319,10308,10321,-4,-2,test_1,Mouse063_20160526_19-14-46,smoothed_frames
0.5,investigation,51,81,0.78125,10336,10367,10339,10363,-3,4,test_1,Mouse063_20160526_19-14-46,smoothed_frames
0.5,investigation,55,89,0.5161290322580645,11040,11055,11038,11068,2,-13,test_1,Mouse063_20160526_19-14-46,smoothed_frames
0.5,investigation,57,93,0.8,11376,11487,11396,11490,-20,-3,test_1,Mouse063_20160526_19-14-46,smoothed_frames
0.5,investigation,58,94,0.6086956521739131,11664,11679,11666,11686,-2,-7,test_1,Mouse063_20160526_19-14-46,smoothed_frames
0.5,investigation,62,97,0.64,12464,12479,12461,12485,3,-6,test_1,Mouse063_20160526_19-14-46,smoothed_frames
0.5,mount,65,103,0.95,12784,13087,12783,13102,1,-15,test_1,Mouse063_20160526_19-14-46,smoothed_frames
0.5,investigation,67,106,0.8713235294117647,13472,13743,13505,13741,-33,2,test_1,Mouse063_20160526_19-14-46,smoothed_frames
0.5,investigation,69,110,0.5125,14064,14143,14094,14134,-30,9,test_1,Mouse063_20160526_19-14-46,smoothed_frames
0.5,investigation,72,122,0.6041666666666666,15536,15583,15545,15573,-9,10,test_1,Mouse063_20160526_19-14-46,smoothed_frames
0.5,investigation,74,123,0.9504950495049505,15984,16079,15983,16083,1,-4,test_1,Mouse063_20160526_19-14-46,smoothed_frames
0.5,mount,75,124,0.8201754385964912,16080,16271,16085,16307,-5,-36,test_1,Mouse063_20160526_19-14-46,smoothed_frames
0.5,investigation,78,128,0.6666666666666666,16976,17007,16986,17008,-10,-1,test_1,Mouse063_20160526_19-14-46,smoothed_frames
0.5,mount,79,129,0.9538461538461539,17008,17071,17010,17072,-2,-1,test_1,Mouse063_20160526_19-14-46,smoothed_frames
0.5,investigation,80,130,0.7777777777777778,17072,17087,17074,17089,-2,-2,test_1,Mouse063_20160526_19-14-46,smoothed_frames
0.5,mount,83,133,0.7105263157894737,17632,17695,17642,17707,-10,-12,test_1,Mouse063_20160526_19-14-46,smoothed_frames
0.5,mount,89,141,0.9665653495440729,18464,18783,18466,18792,-2,-9,test_1,Mouse063_20160526_19-14-46,smoothed_frames
0.25,investigation,0,0,0.9791666666666666,0,239,5,239,-5,0,test_1,Mouse069_20160709_16-02-03,raw_windows
0.25,investigation,1,1,0.9903846153846154,272,479,272,477,0,2,test_1,Mouse069_20160709_16-02-03,raw_windows
0.25,investigation,2,2,0.8549848942598187,592,895,565,874,27,21,test_1,Mouse069_20160709_16-02-03,raw_windows
0.25,attack,3,4,0.7395833333333334,896,991,909,979,-13,12,test_1,Mouse069_20160709_16-02-03,raw_windows
0.25,investigation,4,5,0.4423076923076923,992,1023,1001,1043,-9,-20,test_1,Mouse069_20160709_16-02-03,raw_windows
0.25,attack,5,6,0.49375,1024,1183,1045,1123,-21,60,test_1,Mouse069_20160709_16-02-03,raw_windows
0.25,investigation,6,9,0.2608695652173913,1184,1199,1194,1206,-10,-7,test_1,Mouse069_20160709_16-02-03,raw_windows
0.25,attack,7,10,0.7058823529411765,1200,1231,1208,1233,-8,-2,test_1,Mouse069_20160709_16-02-03,raw_windows
0.25,investigation,8,11,0.78125,1232,1263,1235,1259,-3,4,test_1,Mouse069_20160709_16-02-03,raw_windows
0.25,attack,9,12,0.32653061224489793,1264,1279,1261,1309,3,-30,test_1,Mouse069_20160709_16-02-03,raw_windows
0.25,investigation,10,13,0.4583333333333333,1280,1343,1311,1351,-31,-8,test_1,Mouse069_20160709_16-02-03,raw_windows
0.25,attack,13,14,0.3448275862068966,1424,1503,1353,1584,71,-81,test_1,Mouse069_20160709_16-02-03,raw_windows
0.25,investigation,16,15,0.7560975609756098,1568,1647,1586,1649,-18,-2,test_1,Mouse069_20160709_16-02-03,raw_windows
0.25,investigation,17,17,0.8333333333333334,3120,3167,3128,3167,-8,0,test_1,Mouse069_20160709_16-02-03,raw_windows
0.25,investigation,18,18,0.2574712643678161,3296,3407,3294,3728,2,-321,test_1,Mouse069_20160709_16-02-03,raw_windows
0.25,attack,20,22,0.5919003115264797,3840,4159,3970,4160,-130,-1,test_1,Mouse069_20160709_16-02-03,raw_windows
0.25,investigation,21,23,0.375,4304,4319,4313,4318,-9,1,test_1,Mouse069_20160709_16-02-03,raw_windows
0.25,attack,22,24,0.43243243243243246,4320,4351,4320,4393,0,-42,test_1,Mouse069_20160709_16-02-03,raw_windows
0.25,attack,24,26,0.44545454545454544,4464,4575,4478,4683,-14,-108,test_1,Mouse069_20160709_16-02-03,raw_windows
0.25,investigation,31,29,0.6078431372549019,7472,7519,7489,7522,-17,-3,test_1,Mouse069_20160709_16-02-03,raw_windows
0.25,investigation,32,30,0.8275862068965517,7856,7903,7849,7906,7,-3,test_1,Mouse069_20160709_16-02-03,raw_windows
0.25,investigation,33,33,0.7416666666666667,8672,8783,8695,8791,-23,-8,test_1,Mouse069_20160709_16-02-03,raw_windows
0.25,investigation,34,34,0.9816176470588235,8864,9135,8867,9133,-3,2,test_1,Mouse069_20160709_16-02-03,raw_windows
0.25,investigation,35,35,0.5,9376,9391,9368,9399,8,-8,test_1,Mouse069_20160709_16-02-03,raw_windows
0.25,investigation,36,36,0.71875,9568,9599,9572,9594,-4,5,test_1,Mouse069_20160709_16-02-03,raw_windows
0.25,investigation,37,37,0.359375,9696,9759,9736,9758,-40,1,test_1,Mouse069_20160709_16-02-03,raw_windows
0.25,investigation,40,40,0.7241379310344828,10432,10479,10438,10489,-6,-10,test_1,Mouse069_20160709_16-02-03,raw_windows
0.25,attack,41,41,0.5749128919860628,10480,10655,10491,10766,-11,-111,test_1,Mouse069_20160709_16-02-03,raw_windows
0.25,attack,44,43,0.9207317073170732,10816,10975,10812,10966,4,9,test_1,Mouse069_20160709_16-02-03,raw_windows
0.25,attack,45,45,0.625,11024,11087,11033,11072,-9,15,test_1,Mouse069_20160709_16-02-03,raw_windows
0.25,attack,47,47,0.8571428571428571,11120,11231,11136,11231,-16,0,test_1,Mouse069_20160709_16-02-03,raw_windows
0.25,investigation,48,48,0.8611111111111112,11232,11263,11233,11267,-1,-4,test_1,Mouse069_20160709_16-02-03,raw_windows
0.25,investigation,49,51,0.2708333333333333,11296,11343,11326,11338,-30,5,test_1,Mouse069_20160709_16-02-03,raw_windows
0.25,investigation,50,52,0.7,11408,11487,11418,11473,-10,14,test_1,Mouse069_20160709_16-02-03,raw_windows
0.25,investigation,51,54,0.6190476190476191,11744,11759,11747,11764,-3,-5,test_1,Mouse069_20160709_16-02-03,raw_windows
0.25,attack,52,55,0.625,11760,11823,11766,11805,-6,18,test_1,Mouse069_20160709_16-02-03,raw_windows
0.25,investigation,54,61,0.6808510638297872,15552,15615,15539,15632,13,-17,test_1,Mouse069_20160709_16-02-03,raw_windows
0.5,investigation,0,0,0.9791666666666666,0,239,5,239,-5,0,test_1,Mouse069_20160709_16-02-03,raw_windows
0.5,investigation,1,1,0.9903846153846154,272,479,272,477,0,2,test_1,Mouse069_20160709_16-02-03,raw_windows
0.5,investigation,2,2,0.8549848942598187,592,895,565,874,27,21,test_1,Mouse069_20160709_16-02-03,raw_windows
0.5,attack,3,4,0.7395833333333334,896,991,909,979,-13,12,test_1,Mouse069_20160709_16-02-03,raw_windows
0.5,attack,7,10,0.7058823529411765,1200,1231,1208,1233,-8,-2,test_1,Mouse069_20160709_16-02-03,raw_windows
0.5,investigation,8,11,0.78125,1232,1263,1235,1259,-3,4,test_1,Mouse069_20160709_16-02-03,raw_windows
0.5,investigation,16,15,0.7560975609756098,1568,1647,1586,1649,-18,-2,test_1,Mouse069_20160709_16-02-03,raw_windows
0.5,investigation,17,17,0.8333333333333334,3120,3167,3128,3167,-8,0,test_1,Mouse069_20160709_16-02-03,raw_windows
0.5,investigation,19,18,0.5586080586080586,3424,3839,3294,3728,130,111,test_1,Mouse069_20160709_16-02-03,raw_windows
0.5,attack,20,22,0.5919003115264797,3840,4159,3970,4160,-130,-1,test_1,Mouse069_20160709_16-02-03,raw_windows
0.5,investigation,31,29,0.6078431372549019,7472,7519,7489,7522,-17,-3,test_1,Mouse069_20160709_16-02-03,raw_windows
0.5,investigation,32,30,0.8275862068965517,7856,7903,7849,7906,7,-3,test_1,Mouse069_20160709_16-02-03,raw_windows
0.5,investigation,33,33,0.7416666666666667,8672,8783,8695,8791,-23,-8,test_1,Mouse069_20160709_16-02-03,raw_windows
0.5,investigation,34,34,0.9816176470588235,8864,9135,8867,9133,-3,2,test_1,Mouse069_20160709_16-02-03,raw_windows
0.5,investigation,35,35,0.5,9376,9391,9368,9399,8,-8,test_1,Mouse069_20160709_16-02-03,raw_windows
0.5,investigation,36,36,0.71875,9568,9599,9572,9594,-4,5,test_1,Mouse069_20160709_16-02-03,raw_windows
0.5,investigation,40,40,0.7241379310344828,10432,10479,10438,10489,-6,-10,test_1,Mouse069_20160709_16-02-03,raw_windows
0.5,attack,41,41,0.5749128919860628,10480,10655,10491,10766,-11,-111,test_1,Mouse069_20160709_16-02-03,raw_windows
0.5,attack,44,43,0.9207317073170732,10816,10975,10812,10966,4,9,test_1,Mouse069_20160709_16-02-03,raw_windows
0.5,attack,45,45,0.625,11024,11087,11033,11072,-9,15,test_1,Mouse069_20160709_16-02-03,raw_windows
0.5,attack,47,47,0.8571428571428571,11120,11231,11136,11231,-16,0,test_1,Mouse069_20160709_16-02-03,raw_windows
0.5,investigation,48,48,0.8611111111111112,11232,11263,11233,11267,-1,-4,test_1,Mouse069_20160709_16-02-03,raw_windows
0.5,investigation,50,52,0.7,11408,11487,11418,11473,-10,14,test_1,Mouse069_20160709_16-02-03,raw_windows
0.5,investigation,51,54,0.6190476190476191,11744,11759,11747,11764,-3,-5,test_1,Mouse069_20160709_16-02-03,raw_windows
0.5,attack,52,55,0.625,11760,11823,11766,11805,-6,18,test_1,Mouse069_20160709_16-02-03,raw_windows
0.5,investigation,54,61,0.6808510638297872,15552,15615,15539,15632,13,-17,test_1,Mouse069_20160709_16-02-03,raw_windows
0.25,investigation,0,0,0.9791666666666666,0,239,5,239,-5,0,test_1,Mouse069_20160709_16-02-03,smoothed_frames
0.25,investigation,1,1,0.9903846153846154,272,479,272,477,0,2,test_1,Mouse069_20160709_16-02-03,smoothed_frames
0.25,investigation,2,2,0.8549848942598187,592,895,565,874,27,21,test_1,Mouse069_20160709_16-02-03,smoothed_frames
0.25,attack,3,4,0.7976190476190477,896,975,909,979,-13,-4,test_1,Mouse069_20160709_16-02-03,smoothed_frames
0.25,investigation,4,5,0.3382352941176471,976,1023,1001,1043,-25,-20,test_1,Mouse069_20160709_16-02-03,smoothed_frames
0.25,attack,5,6,0.8928571428571429,1040,1119,1045,1123,-5,-4,test_1,Mouse069_20160709_16-02-03,smoothed_frames
0.25,attack,6,8,0.37209302325581395,1152,1167,1150,1192,2,-25,test_1,Mouse069_20160709_16-02-03,smoothed_frames
0.25,investigation,7,9,0.2608695652173913,1184,1199,1194,1206,-10,-7,test_1,Mouse069_20160709_16-02-03,smoothed_frames
0.25,investigation,8,11,0.78125,1232,1263,1235,1259,-3,4,test_1,Mouse069_20160709_16-02-03,smoothed_frames
0.25,investigation,9,13,0.4583333333333333,1280,1343,1311,1351,-31,-8,test_1,Mouse069_20160709_16-02-03,smoothed_frames
0.25,attack,12,14,0.27586206896551724,1424,1487,1353,1584,71,-97,test_1,Mouse069_20160709_16-02-03,smoothed_frames
0.25,investigation,15,15,0.7560975609756098,1568,1647,1586,1649,-18,-2,test_1,Mouse069_20160709_16-02-03,smoothed_frames
0.25,investigation,16,17,0.8333333333333334,3120,3167,3128,3167,-8,0,test_1,Mouse069_20160709_16-02-03,smoothed_frames
0.25,investigation,17,18,0.2574712643678161,3296,3407,3294,3728,2,-321,test_1,Mouse069_20160709_16-02-03,smoothed_frames
0.25,attack,19,20,0.48854961832061067,3856,3919,3828,3958,28,-39,test_1,Mouse069_20160709_16-02-03,smoothed_frames
0.25,investigation,20,21,0.47058823529411764,3952,3967,3960,3968,-8,-1,test_1,Mouse069_20160709_16-02-03,smoothed_frames
0.25,attack,21,22,0.9214659685863874,3984,4159,3970,4160,14,-1,test_1,Mouse069_20160709_16-02-03,smoothed_frames
0.25,investigation,22,23,0.375,4304,4319,4313,4318,-9,1,test_1,Mouse069_20160709_16-02-03,smoothed_frames
0.25,attack,24,26,0.3883495145631068,4480,4559,4478,4683,2,-124,test_1,Mouse069_20160709_16-02-03,smoothed_frames
0.25,investigation,31,29,0.6078431372549019,7472,7519,7489,7522,-17,-3,test_1,Mouse069_20160709_16-02-03,smoothed_frames
0.25,investigation,32,30,0.8208955223880597,7840,7903,7849,7906,-9,-3,test_1,Mouse069_20160709_16-02-03,smoothed_frames
0.25,investigation,33,33,0.7578125,8672,8799,8695,8791,-23,8,test_1,Mouse069_20160709_16-02-03,smoothed_frames
0.25,investigation,34,34,0.9816176470588235,8864,9135,8867,9133,-3,2,test_1,Mouse069_20160709_16-02-03,smoothed_frames
0.25,investigation,35,35,0.5,9376,9391,9368,9399,8,-8,test_1,Mouse069_20160709_16-02-03,smoothed_frames
0.25,investigation,36,36,0.71875,9568,9599,9572,9594,-4,5,test_1,Mouse069_20160709_16-02-03,smoothed_frames
0.25,investigation,38,37,0.359375,9696,9759,9736,9758,-40,1,test_1,Mouse069_20160709_16-02-03,smoothed_frames
0.25,investigation,41,40,0.7241379310344828,10432,10479,10438,10489,-6,-10,test_1,Mouse069_20160709_16-02-03,smoothed_frames
0.25,attack,42,41,0.5797101449275363,10496,10655,10491,10766,5,-111,test_1,Mouse069_20160709_16-02-03,smoothed_frames
0.25,attack,45,43,0.8258064516129032,10832,10959,10812,10966,20,-7,test_1,Mouse069_20160709_16-02-03,smoothed_frames
0.25,attack,46,45,0.8,11040,11071,11033,11072,7,-1,test_1,Mouse069_20160709_16-02-03,smoothed_frames
0.25,attack,48,47,1.0,11136,11231,11136,11231,0,0,test_1,Mouse069_20160709_16-02-03,smoothed_frames
0.25,investigation,49,48,0.7291666666666666,11232,11279,11233,11267,-1,12,test_1,Mouse069_20160709_16-02-03,smoothed_frames
0.25,investigation,50,51,0.2708333333333333,11296,11343,11326,11338,-30,5,test_1,Mouse069_20160709_16-02-03,smoothed_frames
0.25,investigation,51,52,0.7,11408,11487,11418,11473,-10,14,test_1,Mouse069_20160709_16-02-03,smoothed_frames
0.25,attack,52,55,0.8333333333333334,11760,11807,11766,11805,-6,2,test_1,Mouse069_20160709_16-02-03,smoothed_frames
0.25,investigation,54,61,0.6808510638297872,15552,15615,15539,15632,13,-17,test_1,Mouse069_20160709_16-02-03,smoothed_frames
0.5,investigation,0,0,0.9791666666666666,0,239,5,239,-5,0,test_1,Mouse069_20160709_16-02-03,smoothed_frames
0.5,investigation,1,1,0.9903846153846154,272,479,272,477,0,2,test_1,Mouse069_20160709_16-02-03,smoothed_frames
0.5,investigation,2,2,0.8549848942598187,592,895,565,874,27,21,test_1,Mouse069_20160709_16-02-03,smoothed_frames
0.5,attack,3,4,0.7976190476190477,896,975,909,979,-13,-4,test_1,Mouse069_20160709_16-02-03,smoothed_frames
0.5,attack,5,6,0.8928571428571429,1040,1119,1045,1123,-5,-4,test_1,Mouse069_20160709_16-02-03,smoothed_frames
0.5,investigation,8,11,0.78125,1232,1263,1235,1259,-3,4,test_1,Mouse069_20160709_16-02-03,smoothed_frames
0.5,investigation,15,15,0.7560975609756098,1568,1647,1586,1649,-18,-2,test_1,Mouse069_20160709_16-02-03,smoothed_frames
0.5,investigation,16,17,0.8333333333333334,3120,3167,3128,3167,-8,0,test_1,Mouse069_20160709_16-02-03,smoothed_frames
0.5,investigation,18,18,0.5586080586080586,3424,3839,3294,3728,130,111,test_1,Mouse069_20160709_16-02-03,smoothed_frames
0.5,attack,21,22,0.9214659685863874,3984,4159,3970,4160,14,-1,test_1,Mouse069_20160709_16-02-03,smoothed_frames
0.5,investigation,31,29,0.6078431372549019,7472,7519,7489,7522,-17,-3,test_1,Mouse069_20160709_16-02-03,smoothed_frames
0.5,investigation,32,30,0.8208955223880597,7840,7903,7849,7906,-9,-3,test_1,Mouse069_20160709_16-02-03,smoothed_frames
0.5,investigation,33,33,0.7578125,8672,8799,8695,8791,-23,8,test_1,Mouse069_20160709_16-02-03,smoothed_frames
0.5,investigation,34,34,0.9816176470588235,8864,9135,8867,9133,-3,2,test_1,Mouse069_20160709_16-02-03,smoothed_frames
0.5,investigation,35,35,0.5,9376,9391,9368,9399,8,-8,test_1,Mouse069_20160709_16-02-03,smoothed_frames
0.5,investigation,36,36,0.71875,9568,9599,9572,9594,-4,5,test_1,Mouse069_20160709_16-02-03,smoothed_frames
0.5,investigation,41,40,0.7241379310344828,10432,10479,10438,10489,-6,-10,test_1,Mouse069_20160709_16-02-03,smoothed_frames
0.5,attack,42,41,0.5797101449275363,10496,10655,10491,10766,5,-111,test_1,Mouse069_20160709_16-02-03,smoothed_frames
0.5,attack,45,43,0.8258064516129032,10832,10959,10812,10966,20,-7,test_1,Mouse069_20160709_16-02-03,smoothed_frames
0.5,attack,46,45,0.8,11040,11071,11033,11072,7,-1,test_1,Mouse069_20160709_16-02-03,smoothed_frames
0.5,attack,48,47,1.0,11136,11231,11136,11231,0,0,test_1,Mouse069_20160709_16-02-03,smoothed_frames
0.5,investigation,49,48,0.7291666666666666,11232,11279,11233,11267,-1,12,test_1,Mouse069_20160709_16-02-03,smoothed_frames
0.5,investigation,51,52,0.7,11408,11487,11418,11473,-10,14,test_1,Mouse069_20160709_16-02-03,smoothed_frames
0.5,attack,52,55,0.8333333333333334,11760,11807,11766,11805,-6,2,test_1,Mouse069_20160709_16-02-03,smoothed_frames
0.5,investigation,54,61,0.6808510638297872,15552,15615,15539,15632,13,-17,test_1,Mouse069_20160709_16-02-03,smoothed_frames
