model_name,head,capacity,seed,track,split,video_id,gt_sequence_length,pred_sequence_length,sequence_length_ratio_pred_over_gt,levenshtein_distance,normalized_edit_similarity,n,ngram_tp,pred_ngram_total,gt_ngram_total,ngram_precision,ngram_recall,ngram_f1
yolo_sppf_full_attention256_seed42,attention,256,42,Attention-256,test_1,Mouse060_20160526_18-16-27,109,104,0.9541284403669725,21,0.8073394495412844,1,99,104,109,0.9519230769230769,0.908256880733945,0.9295774647887324
yolo_sppf_full_attention256_seed42,attention,256,42,Attention-256,test_1,Mouse060_20160526_18-16-27,109,104,0.9541284403669725,21,0.8073394495412844,2,94,103,108,0.912621359223301,0.8703703703703703,0.8909952606635072
yolo_sppf_full_attention256_seed42,attention,256,42,Attention-256,test_1,Mouse060_20160526_18-16-27,109,104,0.9541284403669725,21,0.8073394495412844,3,83,102,107,0.8137254901960784,0.7757009345794392,0.7942583732057417
yolo_sppf_full_attention256_seed42,attention,256,42,Attention-256,test_1,Mouse060_20160526_18-16-27,109,104,0.9541284403669725,21,0.8073394495412844,4,76,101,106,0.7524752475247525,0.7169811320754716,0.7342995169082124
yolo_sppf_full_attention256_seed43,attention,256,43,Attention-256,test_1,Mouse060_20160526_18-16-27,109,101,0.926605504587156,20,0.8165137614678899,1,99,101,109,0.9801980198019802,0.908256880733945,0.9428571428571428
yolo_sppf_full_attention256_seed43,attention,256,43,Attention-256,test_1,Mouse060_20160526_18-16-27,109,101,0.926605504587156,20,0.8165137614678899,2,97,100,108,0.97,0.8981481481481481,0.9326923076923077
yolo_sppf_full_attention256_seed43,attention,256,43,Attention-256,test_1,Mouse060_20160526_18-16-27,109,101,0.926605504587156,20,0.8165137614678899,3,84,99,107,0.8484848484848485,0.7850467289719626,0.8155339805825242
yolo_sppf_full_attention256_seed43,attention,256,43,Attention-256,test_1,Mouse060_20160526_18-16-27,109,101,0.926605504587156,20,0.8165137614678899,4,77,98,106,0.7857142857142857,0.7264150943396226,0.7549019607843137
yolo_sppf_full_attention256_seed44,attention,256,44,Attention-256,test_1,Mouse060_20160526_18-16-27,109,111,1.018348623853211,19,0.8288288288288288,1,104,111,109,0.9369369369369369,0.9541284403669725,0.9454545454545454
yolo_sppf_full_attention256_seed44,attention,256,44,Attention-256,test_1,Mouse060_20160526_18-16-27,109,111,1.018348623853211,19,0.8288288288288288,2,97,110,108,0.8818181818181818,0.8981481481481481,0.8899082568807339
yolo_sppf_full_attention256_seed44,attention,256,44,Attention-256,test_1,Mouse060_20160526_18-16-27,109,111,1.018348623853211,19,0.8288288288288288,3,87,109,107,0.7981651376146789,0.8130841121495327,0.8055555555555556
yolo_sppf_full_attention256_seed44,attention,256,44,Attention-256,test_1,Mouse060_20160526_18-16-27,109,111,1.018348623853211,19,0.8288288288288288,4,82,108,106,0.7592592592592593,0.7735849056603774,0.7663551401869159
yolo_sppf_full_attention512_seed42,attention,512,42,Attention-512,test_1,Mouse060_20160526_18-16-27,109,123,1.128440366972477,32,0.7398373983739837,1,101,123,109,0.8211382113821138,0.926605504587156,0.8706896551724138
yolo_sppf_full_attention512_seed42,attention,512,42,Attention-512,test_1,Mouse060_20160526_18-16-27,109,123,1.128440366972477,32,0.7398373983739837,2,82,122,108,0.6721311475409836,0.7592592592592593,0.7130434782608696
yolo_sppf_full_attention512_seed42,attention,512,42,Attention-512,test_1,Mouse060_20160526_18-16-27,109,123,1.128440366972477,32,0.7398373983739837,3,68,121,107,0.5619834710743802,0.6355140186915887,0.5964912280701754
yolo_sppf_full_attention512_seed42,attention,512,42,Attention-512,test_1,Mouse060_20160526_18-16-27,109,123,1.128440366972477,32,0.7398373983739837,4,56,120,106,0.4666666666666667,0.5283018867924528,0.49557522123893805
yolo_sppf_full_attention512_seed43,attention,512,43,Attention-512,test_1,Mouse060_20160526_18-16-27,109,114,1.0458715596330275,22,0.8070175438596492,1,104,114,109,0.9122807017543859,0.9541284403669725,0.9327354260089685
yolo_sppf_full_attention512_seed43,attention,512,43,Attention-512,test_1,Mouse060_20160526_18-16-27,109,114,1.0458715596330275,22,0.8070175438596492,2,96,113,108,0.8495575221238938,0.8888888888888888,0.8687782805429864
yolo_sppf_full_attention512_seed43,attention,512,43,Attention-512,test_1,Mouse060_20160526_18-16-27,109,114,1.0458715596330275,22,0.8070175438596492,3,83,112,107,0.7410714285714286,0.7757009345794392,0.7579908675799087
yolo_sppf_full_attention512_seed43,attention,512,43,Attention-512,test_1,Mouse060_20160526_18-16-27,109,114,1.0458715596330275,22,0.8070175438596492,4,77,111,106,0.6936936936936937,0.7264150943396226,0.7096774193548386
yolo_sppf_full_attention512_seed44,attention,512,44,Attention-512,test_1,Mouse060_20160526_18-16-27,109,116,1.0642201834862386,25,0.7844827586206897,1,104,116,109,0.896551724137931,0.9541284403669725,0.9244444444444444
yolo_sppf_full_attention512_seed44,attention,512,44,Attention-512,test_1,Mouse060_20160526_18-16-27,109,116,1.0642201834862386,25,0.7844827586206897,2,96,115,108,0.8347826086956521,0.8888888888888888,0.8609865470852016
yolo_sppf_full_attention512_seed44,attention,512,44,Attention-512,test_1,Mouse060_20160526_18-16-27,109,116,1.0642201834862386,25,0.7844827586206897,3,83,114,107,0.7280701754385965,0.7757009345794392,0.751131221719457
yolo_sppf_full_attention512_seed44,attention,512,44,Attention-512,test_1,Mouse060_20160526_18-16-27,109,116,1.0642201834862386,25,0.7844827586206897,4,76,113,106,0.672566371681416,0.7169811320754716,0.6940639269406392
yolo_sppf_full_attention896_seed42,attention,896,42,Attention-896,test_1,Mouse060_20160526_18-16-27,109,103,0.944954128440367,26,0.7614678899082569,1,90,103,109,0.8737864077669902,0.8256880733944955,0.8490566037735849
yolo_sppf_full_attention896_seed42,attention,896,42,Attention-896,test_1,Mouse060_20160526_18-16-27,109,103,0.944954128440367,26,0.7614678899082569,2,82,102,108,0.803921568627451,0.7592592592592593,0.780952380952381
yolo_sppf_full_attention896_seed42,attention,896,42,Attention-896,test_1,Mouse060_20160526_18-16-27,109,103,0.944954128440367,26,0.7614678899082569,3,73,101,107,0.7227722772277227,0.6822429906542056,0.7019230769230769
yolo_sppf_full_attention896_seed42,attention,896,42,Attention-896,test_1,Mouse060_20160526_18-16-27,109,103,0.944954128440367,26,0.7614678899082569,4,64,100,106,0.64,0.6037735849056604,0.6213592233009708
yolo_sppf_full_attention896_seed43,attention,896,43,Attention-896,test_1,Mouse060_20160526_18-16-27,109,107,0.981651376146789,19,0.8256880733944953,1,103,107,109,0.9626168224299065,0.944954128440367,0.9537037037037037
yolo_sppf_full_attention896_seed43,attention,896,43,Attention-896,test_1,Mouse060_20160526_18-16-27,109,107,0.981651376146789,19,0.8256880733944953,2,98,106,108,0.9245283018867925,0.9074074074074074,0.9158878504672898
yolo_sppf_full_attention896_seed43,attention,896,43,Attention-896,test_1,Mouse060_20160526_18-16-27,109,107,0.981651376146789,19,0.8256880733944953,3,84,105,107,0.8,0.7850467289719626,0.7924528301886793
yolo_sppf_full_attention896_seed43,attention,896,43,Attention-896,test_1,Mouse060_20160526_18-16-27,109,107,0.981651376146789,19,0.8256880733944953,4,77,104,106,0.7403846153846154,0.7264150943396226,0.7333333333333334
yolo_sppf_full_attention896_seed44,attention,896,44,Attention-896,test_1,Mouse060_20160526_18-16-27,109,111,1.018348623853211,22,0.8018018018018018,1,103,111,109,0.9279279279279279,0.944954128440367,0.9363636363636363
yolo_sppf_full_attention896_seed44,attention,896,44,Attention-896,test_1,Mouse060_20160526_18-16-27,109,111,1.018348623853211,22,0.8018018018018018,2,95,110,108,0.8636363636363636,0.8796296296296297,0.8715596330275229
yolo_sppf_full_attention896_seed44,attention,896,44,Attention-896,test_1,Mouse060_20160526_18-16-27,109,111,1.018348623853211,22,0.8018018018018018,3,79,109,107,0.7247706422018348,0.7383177570093458,0.7314814814814815
yolo_sppf_full_attention896_seed44,attention,896,44,Attention-896,test_1,Mouse060_20160526_18-16-27,109,111,1.018348623853211,22,0.8018018018018018,4,69,108,106,0.6388888888888888,0.6509433962264151,0.6448598130841121
yolo_sppf_full_lstm256_seed42,lstm,256,42,LSTM-256,test_1,Mouse060_20160526_18-16-27,109,98,0.8990825688073395,26,0.7614678899082569,1,89,98,109,0.9081632653061225,0.8165137614678899,0.8599033816425121
yolo_sppf_full_lstm256_seed42,lstm,256,42,LSTM-256,test_1,Mouse060_20160526_18-16-27,109,98,0.8990825688073395,26,0.7614678899082569,2,81,97,108,0.8350515463917526,0.75,0.7902439024390243
yolo_sppf_full_lstm256_seed42,lstm,256,42,LSTM-256,test_1,Mouse060_20160526_18-16-27,109,98,0.8990825688073395,26,0.7614678899082569,3,73,96,107,0.7604166666666666,0.6822429906542056,0.7192118226600985
yolo_sppf_full_lstm256_seed42,lstm,256,42,LSTM-256,test_1,Mouse060_20160526_18-16-27,109,98,0.8990825688073395,26,0.7614678899082569,4,64,95,106,0.6736842105263158,0.6037735849056604,0.6368159203980099
yolo_sppf_full_lstm256_seed43,lstm,256,43,LSTM-256,test_1,Mouse060_20160526_18-16-27,109,98,0.8990825688073395,21,0.8073394495412844,1,96,98,109,0.9795918367346939,0.8807339449541285,0.927536231884058
yolo_sppf_full_lstm256_seed43,lstm,256,43,LSTM-256,test_1,Mouse060_20160526_18-16-27,109,98,0.8990825688073395,21,0.8073394495412844,2,94,97,108,0.9690721649484536,0.8703703703703703,0.9170731707317072
yolo_sppf_full_lstm256_seed43,lstm,256,43,LSTM-256,test_1,Mouse060_20160526_18-16-27,109,98,0.8990825688073395,21,0.8073394495412844,3,91,96,107,0.9479166666666666,0.8504672897196262,0.8965517241379312
yolo_sppf_full_lstm256_seed43,lstm,256,43,LSTM-256,test_1,Mouse060_20160526_18-16-27,109,98,0.8990825688073395,21,0.8073394495412844,4,87,95,106,0.9157894736842105,0.8207547169811321,0.8656716417910448
yolo_sppf_full_lstm256_seed44,lstm,256,44,LSTM-256,test_1,Mouse060_20160526_18-16-27,109,109,1.0,22,0.7981651376146789,1,104,109,109,0.9541284403669725,0.9541284403669725,0.9541284403669725
yolo_sppf_full_lstm256_seed44,lstm,256,44,LSTM-256,test_1,Mouse060_20160526_18-16-27,109,109,1.0,22,0.7981651376146789,2,99,108,108,0.9166666666666666,0.9166666666666666,0.9166666666666666
yolo_sppf_full_lstm256_seed44,lstm,256,44,LSTM-256,test_1,Mouse060_20160526_18-16-27,109,109,1.0,22,0.7981651376146789,3,86,107,107,0.8037383177570093,0.8037383177570093,0.8037383177570093
yolo_sppf_full_lstm256_seed44,lstm,256,44,LSTM-256,test_1,Mouse060_20160526_18-16-27,109,109,1.0,22,0.7981651376146789,4,79,106,106,0.7452830188679245,0.7452830188679245,0.7452830188679244
yolo_sppf_full_lstm512_seed42,lstm,512,42,LSTM-512,test_1,Mouse060_20160526_18-16-27,109,104,0.9541284403669725,22,0.7981651376146789,1,101,104,109,0.9711538461538461,0.926605504587156,0.9483568075117371
yolo_sppf_full_lstm512_seed42,lstm,512,42,LSTM-512,test_1,Mouse060_20160526_18-16-27,109,104,0.9541284403669725,22,0.7981651376146789,2,97,103,108,0.941747572815534,0.8981481481481481,0.9194312796208531
yolo_sppf_full_lstm512_seed42,lstm,512,42,LSTM-512,test_1,Mouse060_20160526_18-16-27,109,104,0.9541284403669725,22,0.7981651376146789,3,85,102,107,0.8333333333333334,0.794392523364486,0.8133971291866029
yolo_sppf_full_lstm512_seed42,lstm,512,42,LSTM-512,test_1,Mouse060_20160526_18-16-27,109,104,0.9541284403669725,22,0.7981651376146789,4,79,101,106,0.7821782178217822,0.7452830188679245,0.7632850241545893
yolo_sppf_full_lstm512_seed43,lstm,512,43,LSTM-512,test_1,Mouse060_20160526_18-16-27,109,109,1.0,22,0.7981651376146789,1,105,109,109,0.963302752293578,0.963302752293578,0.963302752293578
yolo_sppf_full_lstm512_seed43,lstm,512,43,LSTM-512,test_1,Mouse060_20160526_18-16-27,109,109,1.0,22,0.7981651376146789,2,100,108,108,0.9259259259259259,0.9259259259259259,0.9259259259259259
yolo_sppf_full_lstm512_seed43,lstm,512,43,LSTM-512,test_1,Mouse060_20160526_18-16-27,109,109,1.0,22,0.7981651376146789,3,92,107,107,0.8598130841121495,0.8598130841121495,0.8598130841121495
yolo_sppf_full_lstm512_seed43,lstm,512,43,LSTM-512,test_1,Mouse060_20160526_18-16-27,109,109,1.0,22,0.7981651376146789,4,87,106,106,0.8207547169811321,0.8207547169811321,0.8207547169811321
yolo_sppf_full_lstm512_seed44,lstm,512,44,LSTM-512,test_1,Mouse060_20160526_18-16-27,109,108,0.9908256880733946,18,0.8348623853211009,1,107,108,109,0.9907407407407407,0.981651376146789,0.9861751152073732
yolo_sppf_full_lstm512_seed44,lstm,512,44,LSTM-512,test_1,Mouse060_20160526_18-16-27,109,108,0.9908256880733946,18,0.8348623853211009,2,106,107,108,0.9906542056074766,0.9814814814814815,0.986046511627907
yolo_sppf_full_lstm512_seed44,lstm,512,44,LSTM-512,test_1,Mouse060_20160526_18-16-27,109,108,0.9908256880733946,18,0.8348623853211009,3,94,106,107,0.8867924528301887,0.8785046728971962,0.8826291079812206
yolo_sppf_full_lstm512_seed44,lstm,512,44,LSTM-512,test_1,Mouse060_20160526_18-16-27,109,108,0.9908256880733946,18,0.8348623853211009,4,88,105,106,0.8380952380952381,0.8301886792452831,0.8341232227488152
yolo_sppf_full_lstm896_seed42,lstm,896,42,LSTM-896,test_1,Mouse060_20160526_18-16-27,109,113,1.036697247706422,23,0.7964601769911505,1,105,113,109,0.9292035398230089,0.963302752293578,0.9459459459459459
yolo_sppf_full_lstm896_seed42,lstm,896,42,LSTM-896,test_1,Mouse060_20160526_18-16-27,109,113,1.036697247706422,23,0.7964601769911505,2,98,112,108,0.875,0.9074074074074074,0.8909090909090909
yolo_sppf_full_lstm896_seed42,lstm,896,42,LSTM-896,test_1,Mouse060_20160526_18-16-27,109,113,1.036697247706422,23,0.7964601769911505,3,84,111,107,0.7567567567567568,0.7850467289719626,0.7706422018348625
yolo_sppf_full_lstm896_seed42,lstm,896,42,LSTM-896,test_1,Mouse060_20160526_18-16-27,109,113,1.036697247706422,23,0.7964601769911505,4,75,110,106,0.6818181818181818,0.7075471698113207,0.6944444444444443
yolo_sppf_full_lstm896_seed43,lstm,896,43,LSTM-896,test_1,Mouse060_20160526_18-16-27,109,100,0.9174311926605505,22,0.7981651376146789,1,100,100,109,1.0,0.9174311926605505,0.9569377990430622
yolo_sppf_full_lstm896_seed43,lstm,896,43,LSTM-896,test_1,Mouse060_20160526_18-16-27,109,100,0.9174311926605505,22,0.7981651376146789,2,99,99,108,1.0,0.9166666666666666,0.9565217391304348
yolo_sppf_full_lstm896_seed43,lstm,896,43,LSTM-896,test_1,Mouse060_20160526_18-16-27,109,100,0.9174311926605505,22,0.7981651376146789,3,88,98,107,0.8979591836734694,0.822429906542056,0.8585365853658536
yolo_sppf_full_lstm896_seed43,lstm,896,43,LSTM-896,test_1,Mouse060_20160526_18-16-27,109,100,0.9174311926605505,22,0.7981651376146789,4,82,97,106,0.845360824742268,0.7735849056603774,0.8078817733990147
yolo_sppf_full_lstm896_seed44,lstm,896,44,LSTM-896,test_1,Mouse060_20160526_18-16-27,109,105,0.963302752293578,20,0.8165137614678899,1,104,105,109,0.9904761904761905,0.9541284403669725,0.9719626168224299
yolo_sppf_full_lstm896_seed44,lstm,896,44,LSTM-896,test_1,Mouse060_20160526_18-16-27,109,105,0.963302752293578,20,0.8165137614678899,2,102,104,108,0.9807692307692307,0.9444444444444444,0.9622641509433962
yolo_sppf_full_lstm896_seed44,lstm,896,44,LSTM-896,test_1,Mouse060_20160526_18-16-27,109,105,0.963302752293578,20,0.8165137614678899,3,91,103,107,0.883495145631068,0.8504672897196262,0.8666666666666667
yolo_sppf_full_lstm896_seed44,lstm,896,44,LSTM-896,test_1,Mouse060_20160526_18-16-27,109,105,0.963302752293578,20,0.8165137614678899,4,85,102,106,0.8333333333333334,0.8018867924528302,0.8173076923076923
yolo_sppf_full_attention256_seed42,attention,256,42,Attention-256,test_1,Mouse061_20160526_18-38-49,63,55,0.873015873015873,15,0.7619047619047619,1,53,55,63,0.9636363636363636,0.8412698412698413,0.8983050847457628
yolo_sppf_full_attention256_seed42,attention,256,42,Attention-256,test_1,Mouse061_20160526_18-38-49,63,55,0.873015873015873,15,0.7619047619047619,2,50,54,62,0.9259259259259259,0.8064516129032258,0.8620689655172414
yolo_sppf_full_attention256_seed42,attention,256,42,Attention-256,test_1,Mouse061_20160526_18-38-49,63,55,0.873015873015873,15,0.7619047619047619,3,48,53,61,0.9056603773584906,0.7868852459016393,0.8421052631578947
yolo_sppf_full_attention256_seed42,attention,256,42,Attention-256,test_1,Mouse061_20160526_18-38-49,63,55,0.873015873015873,15,0.7619047619047619,4,46,52,60,0.8846153846153846,0.7666666666666667,0.8214285714285715
yolo_sppf_full_attention256_seed43,attention,256,43,Attention-256,test_1,Mouse061_20160526_18-38-49,63,64,1.0158730158730158,11,0.828125,1,61,64,63,0.953125,0.9682539682539683,0.9606299212598425
yolo_sppf_full_attention256_seed43,attention,256,43,Attention-256,test_1,Mouse061_20160526_18-38-49,63,64,1.0158730158730158,11,0.828125,2,57,63,62,0.9047619047619048,0.9193548387096774,0.912
yolo_sppf_full_attention256_seed43,attention,256,43,Attention-256,test_1,Mouse061_20160526_18-38-49,63,64,1.0158730158730158,11,0.828125,3,55,62,61,0.8870967741935484,0.9016393442622951,0.8943089430894309
yolo_sppf_full_attention256_seed43,attention,256,43,Attention-256,test_1,Mouse061_20160526_18-38-49,63,64,1.0158730158730158,11,0.828125,4,53,61,60,0.8688524590163934,0.8833333333333333,0.8760330578512396
yolo_sppf_full_attention256_seed44,attention,256,44,Attention-256,test_1,Mouse061_20160526_18-38-49,63,56,0.8888888888888888,14,0.7777777777777778,1,55,56,63,0.9821428571428571,0.873015873015873,0.9243697478991596
yolo_sppf_full_attention256_seed44,attention,256,44,Attention-256,test_1,Mouse061_20160526_18-38-49,63,56,0.8888888888888888,14,0.7777777777777778,2,53,55,62,0.9636363636363636,0.8548387096774194,0.905982905982906
yolo_sppf_full_attention256_seed44,attention,256,44,Attention-256,test_1,Mouse061_20160526_18-38-49,63,56,0.8888888888888888,14,0.7777777777777778,3,51,54,61,0.9444444444444444,0.8360655737704918,0.8869565217391304
yolo_sppf_full_attention256_seed44,attention,256,44,Attention-256,test_1,Mouse061_20160526_18-38-49,63,56,0.8888888888888888,14,0.7777777777777778,4,48,53,60,0.9056603773584906,0.8,0.8495575221238938
yolo_sppf_full_attention512_seed42,attention,512,42,Attention-512,test_1,Mouse061_20160526_18-38-49,63,60,0.9523809523809523,13,0.7936507936507937,1,57,60,63,0.95,0.9047619047619048,0.9268292682926829
yolo_sppf_full_attention512_seed42,attention,512,42,Attention-512,test_1,Mouse061_20160526_18-38-49,63,60,0.9523809523809523,13,0.7936507936507937,2,53,59,62,0.8983050847457628,0.8548387096774194,0.8760330578512397
yolo_sppf_full_attention512_seed42,attention,512,42,Attention-512,test_1,Mouse061_20160526_18-38-49,63,60,0.9523809523809523,13,0.7936507936507937,3,51,58,61,0.8793103448275862,0.8360655737704918,0.8571428571428572
yolo_sppf_full_attention512_seed42,attention,512,42,Attention-512,test_1,Mouse061_20160526_18-38-49,63,60,0.9523809523809523,13,0.7936507936507937,4,49,57,60,0.8596491228070176,0.8166666666666667,0.8376068376068376
yolo_sppf_full_attention512_seed43,attention,512,43,Attention-512,test_1,Mouse061_20160526_18-38-49,63,59,0.9365079365079365,13,0.7936507936507937,1,55,59,63,0.9322033898305084,0.873015873015873,0.9016393442622951
yolo_sppf_full_attention512_seed43,attention,512,43,Attention-512,test_1,Mouse061_20160526_18-38-49,63,59,0.9365079365079365,13,0.7936507936507937,2,50,58,62,0.8620689655172413,0.8064516129032258,0.8333333333333334
yolo_sppf_full_attention512_seed43,attention,512,43,Attention-512,test_1,Mouse061_20160526_18-38-49,63,59,0.9365079365079365,13,0.7936507936507937,3,48,57,61,0.8421052631578947,0.7868852459016393,0.8135593220338982
yolo_sppf_full_attention512_seed43,attention,512,43,Attention-512,test_1,Mouse061_20160526_18-38-49,63,59,0.9365079365079365,13,0.7936507936507937,4,46,56,60,0.8214285714285714,0.7666666666666667,0.793103448275862
yolo_sppf_full_attention512_seed44,attention,512,44,Attention-512,test_1,Mouse061_20160526_18-38-49,63,54,0.8571428571428571,14,0.7777777777777778,1,53,54,63,0.9814814814814815,0.8412698412698413,0.905982905982906
yolo_sppf_full_attention512_seed44,attention,512,44,Attention-512,test_1,Mouse061_20160526_18-38-49,63,54,0.8571428571428571,14,0.7777777777777778,2,51,53,62,0.9622641509433962,0.8225806451612904,0.8869565217391304
yolo_sppf_full_attention512_seed44,attention,512,44,Attention-512,test_1,Mouse061_20160526_18-38-49,63,54,0.8571428571428571,14,0.7777777777777778,3,49,52,61,0.9423076923076923,0.8032786885245902,0.8672566371681416
yolo_sppf_full_attention512_seed44,attention,512,44,Attention-512,test_1,Mouse061_20160526_18-38-49,63,54,0.8571428571428571,14,0.7777777777777778,4,47,51,60,0.9215686274509803,0.7833333333333333,0.8468468468468469
yolo_sppf_full_attention896_seed42,attention,896,42,Attention-896,test_1,Mouse061_20160526_18-38-49,63,57,0.9047619047619048,15,0.7619047619047619,1,55,57,63,0.9649122807017544,0.873015873015873,0.9166666666666667
yolo_sppf_full_attention896_seed42,attention,896,42,Attention-896,test_1,Mouse061_20160526_18-38-49,63,57,0.9047619047619048,15,0.7619047619047619,2,52,56,62,0.9285714285714286,0.8387096774193549,0.8813559322033899
yolo_sppf_full_attention896_seed42,attention,896,42,Attention-896,test_1,Mouse061_20160526_18-38-49,63,57,0.9047619047619048,15,0.7619047619047619,3,50,55,61,0.9090909090909091,0.819672131147541,0.8620689655172413
yolo_sppf_full_attention896_seed42,attention,896,42,Attention-896,test_1,Mouse061_20160526_18-38-49,63,57,0.9047619047619048,15,0.7619047619047619,4,48,54,60,0.8888888888888888,0.8,0.8421052631578948
yolo_sppf_full_attention896_seed43,attention,896,43,Attention-896,test_1,Mouse061_20160526_18-38-49,63,55,0.873015873015873,13,0.7936507936507937,1,54,55,63,0.9818181818181818,0.8571428571428571,0.9152542372881356
yolo_sppf_full_attention896_seed43,attention,896,43,Attention-896,test_1,Mouse061_20160526_18-38-49,63,55,0.873015873015873,13,0.7936507936507937,2,52,54,62,0.9629629629629629,0.8387096774193549,0.896551724137931
yolo_sppf_full_attention896_seed43,attention,896,43,Attention-896,test_1,Mouse061_20160526_18-38-49,63,55,0.873015873015873,13,0.7936507936507937,3,50,53,61,0.9433962264150944,0.819672131147541,0.8771929824561403
yolo_sppf_full_attention896_seed43,attention,896,43,Attention-896,test_1,Mouse061_20160526_18-38-49,63,55,0.873015873015873,13,0.7936507936507937,4,48,52,60,0.9230769230769231,0.8,0.8571428571428571
yolo_sppf_full_attention896_seed44,attention,896,44,Attention-896,test_1,Mouse061_20160526_18-38-49,63,58,0.9206349206349206,11,0.8253968253968254,1,56,58,63,0.9655172413793104,0.8888888888888888,0.9256198347107438
yolo_sppf_full_attention896_seed44,attention,896,44,Attention-896,test_1,Mouse061_20160526_18-38-49,63,58,0.9206349206349206,11,0.8253968253968254,2,53,57,62,0.9298245614035088,0.8548387096774194,0.8907563025210085
yolo_sppf_full_attention896_seed44,attention,896,44,Attention-896,test_1,Mouse061_20160526_18-38-49,63,58,0.9206349206349206,11,0.8253968253968254,3,51,56,61,0.9107142857142857,0.8360655737704918,0.8717948717948717
yolo_sppf_full_attention896_seed44,attention,896,44,Attention-896,test_1,Mouse061_20160526_18-38-49,63,58,0.9206349206349206,11,0.8253968253968254,4,50,55,60,0.9090909090909091,0.8333333333333334,0.8695652173913043
yolo_sppf_full_lstm256_seed42,lstm,256,42,LSTM-256,test_1,Mouse061_20160526_18-38-49,63,57,0.9047619047619048,13,0.7936507936507937,1,56,57,63,0.9824561403508771,0.8888888888888888,0.9333333333333333
yolo_sppf_full_lstm256_seed42,lstm,256,42,LSTM-256,test_1,Mouse061_20160526_18-38-49,63,57,0.9047619047619048,13,0.7936507936507937,2,54,56,62,0.9642857142857143,0.8709677419354839,0.9152542372881356
yolo_sppf_full_lstm256_seed42,lstm,256,42,LSTM-256,test_1,Mouse061_20160526_18-38-49,63,57,0.9047619047619048,13,0.7936507936507937,3,52,55,61,0.9454545454545454,0.8524590163934426,0.8965517241379309
yolo_sppf_full_lstm256_seed42,lstm,256,42,LSTM-256,test_1,Mouse061_20160526_18-38-49,63,57,0.9047619047619048,13,0.7936507936507937,4,50,54,60,0.9259259259259259,0.8333333333333334,0.8771929824561403
yolo_sppf_full_lstm256_seed43,lstm,256,43,LSTM-256,test_1,Mouse061_20160526_18-38-49,63,56,0.8888888888888888,12,0.8095238095238095,1,56,56,63,1.0,0.8888888888888888,0.9411764705882353
yolo_sppf_full_lstm256_seed43,lstm,256,43,LSTM-256,test_1,Mouse061_20160526_18-38-49,63,56,0.8888888888888888,12,0.8095238095238095,2,55,55,62,1.0,0.8870967741935484,0.9401709401709402
yolo_sppf_full_lstm256_seed43,lstm,256,43,LSTM-256,test_1,Mouse061_20160526_18-38-49,63,56,0.8888888888888888,12,0.8095238095238095,3,53,54,61,0.9814814814814815,0.8688524590163934,0.9217391304347826
yolo_sppf_full_lstm256_seed43,lstm,256,43,LSTM-256,test_1,Mouse061_20160526_18-38-49,63,56,0.8888888888888888,12,0.8095238095238095,4,51,53,60,0.9622641509433962,0.85,0.9026548672566371
yolo_sppf_full_lstm256_seed44,lstm,256,44,LSTM-256,test_1,Mouse061_20160526_18-38-49,63,57,0.9047619047619048,13,0.7936507936507937,1,57,57,63,1.0,0.9047619047619048,0.9500000000000001
yolo_sppf_full_lstm256_seed44,lstm,256,44,LSTM-256,test_1,Mouse061_20160526_18-38-49,63,57,0.9047619047619048,13,0.7936507936507937,2,56,56,62,1.0,0.9032258064516129,0.9491525423728813
yolo_sppf_full_lstm256_seed44,lstm,256,44,LSTM-256,test_1,Mouse061_20160526_18-38-49,63,57,0.9047619047619048,13,0.7936507936507937,3,54,55,61,0.9818181818181818,0.8852459016393442,0.9310344827586207
yolo_sppf_full_lstm256_seed44,lstm,256,44,LSTM-256,test_1,Mouse061_20160526_18-38-49,63,57,0.9047619047619048,13,0.7936507936507937,4,52,54,60,0.9629629629629629,0.8666666666666667,0.912280701754386
yolo_sppf_full_lstm512_seed42,lstm,512,42,LSTM-512,test_1,Mouse061_20160526_18-38-49,63,71,1.126984126984127,16,0.7746478873239436,1,63,71,63,0.8873239436619719,1.0,0.9402985074626865
yolo_sppf_full_lstm512_seed42,lstm,512,42,LSTM-512,test_1,Mouse061_20160526_18-38-49,63,71,1.126984126984127,16,0.7746478873239436,2,56,70,62,0.8,0.9032258064516129,0.8484848484848486
yolo_sppf_full_lstm512_seed42,lstm,512,42,LSTM-512,test_1,Mouse061_20160526_18-38-49,63,71,1.126984126984127,16,0.7746478873239436,3,54,69,61,0.782608695652174,0.8852459016393442,0.8307692307692308
yolo_sppf_full_lstm512_seed42,lstm,512,42,LSTM-512,test_1,Mouse061_20160526_18-38-49,63,71,1.126984126984127,16,0.7746478873239436,4,52,68,60,0.7647058823529411,0.8666666666666667,0.8125
yolo_sppf_full_lstm512_seed43,lstm,512,43,LSTM-512,test_1,Mouse061_20160526_18-38-49,63,64,1.0158730158730158,12,0.8125,1,60,64,63,0.9375,0.9523809523809523,0.9448818897637795
yolo_sppf_full_lstm512_seed43,lstm,512,43,LSTM-512,test_1,Mouse061_20160526_18-38-49,63,64,1.0158730158730158,12,0.8125,2,55,63,62,0.873015873015873,0.8870967741935484,0.88
yolo_sppf_full_lstm512_seed43,lstm,512,43,LSTM-512,test_1,Mouse061_20160526_18-38-49,63,64,1.0158730158730158,12,0.8125,3,53,62,61,0.8548387096774194,0.8688524590163934,0.8617886178861789
yolo_sppf_full_lstm512_seed43,lstm,512,43,LSTM-512,test_1,Mouse061_20160526_18-38-49,63,64,1.0158730158730158,12,0.8125,4,51,61,60,0.8360655737704918,0.85,0.8429752066115703
yolo_sppf_full_lstm512_seed44,lstm,512,44,LSTM-512,test_1,Mouse061_20160526_18-38-49,63,57,0.9047619047619048,13,0.7936507936507937,1,57,57,63,1.0,0.9047619047619048,0.9500000000000001
yolo_sppf_full_lstm512_seed44,lstm,512,44,LSTM-512,test_1,Mouse061_20160526_18-38-49,63,57,0.9047619047619048,13,0.7936507936507937,2,56,56,62,1.0,0.9032258064516129,0.9491525423728813
yolo_sppf_full_lstm512_seed44,lstm,512,44,LSTM-512,test_1,Mouse061_20160526_18-38-49,63,57,0.9047619047619048,13,0.7936507936507937,3,54,55,61,0.9818181818181818,0.8852459016393442,0.9310344827586207
yolo_sppf_full_lstm512_seed44,lstm,512,44,LSTM-512,test_1,Mouse061_20160526_18-38-49,63,57,0.9047619047619048,13,0.7936507936507937,4,52,54,60,0.9629629629629629,0.8666666666666667,0.912280701754386
yolo_sppf_full_lstm896_seed42,lstm,896,42,LSTM-896,test_1,Mouse061_20160526_18-38-49,63,66,1.0476190476190477,13,0.803030303030303,1,61,66,63,0.9242424242424242,0.9682539682539683,0.9457364341085271
yolo_sppf_full_lstm896_seed42,lstm,896,42,LSTM-896,test_1,Mouse061_20160526_18-38-49,63,66,1.0476190476190477,13,0.803030303030303,2,55,65,62,0.8461538461538461,0.8870967741935484,0.8661417322834646
yolo_sppf_full_lstm896_seed42,lstm,896,42,LSTM-896,test_1,Mouse061_20160526_18-38-49,63,66,1.0476190476190477,13,0.803030303030303,3,53,64,61,0.828125,0.8688524590163934,0.8480000000000001
yolo_sppf_full_lstm896_seed42,lstm,896,42,LSTM-896,test_1,Mouse061_20160526_18-38-49,63,66,1.0476190476190477,13,0.803030303030303,4,51,63,60,0.8095238095238095,0.85,0.8292682926829269
yolo_sppf_full_lstm896_seed43,lstm,896,43,LSTM-896,test_1,Mouse061_20160526_18-38-49,63,69,1.0952380952380953,14,0.7971014492753623,1,62,69,63,0.8985507246376812,0.9841269841269841,0.9393939393939393
yolo_sppf_full_lstm896_seed43,lstm,896,43,LSTM-896,test_1,Mouse061_20160526_18-38-49,63,69,1.0952380952380953,14,0.7971014492753623,2,54,68,62,0.7941176470588235,0.8709677419354839,0.8307692307692308
yolo_sppf_full_lstm896_seed43,lstm,896,43,LSTM-896,test_1,Mouse061_20160526_18-38-49,63,69,1.0952380952380953,14,0.7971014492753623,3,52,67,61,0.7761194029850746,0.8524590163934426,0.8124999999999999
yolo_sppf_full_lstm896_seed43,lstm,896,43,LSTM-896,test_1,Mouse061_20160526_18-38-49,63,69,1.0952380952380953,14,0.7971014492753623,4,50,66,60,0.7575757575757576,0.8333333333333334,0.7936507936507938
yolo_sppf_full_lstm896_seed44,lstm,896,44,LSTM-896,test_1,Mouse061_20160526_18-38-49,63,78,1.2380952380952381,19,0.7564102564102564,1,63,78,63,0.8076923076923077,1.0,0.8936170212765957
yolo_sppf_full_lstm896_seed44,lstm,896,44,LSTM-896,test_1,Mouse061_20160526_18-38-49,63,78,1.2380952380952381,19,0.7564102564102564,2,55,77,62,0.7142857142857143,0.8870967741935484,0.7913669064748201
yolo_sppf_full_lstm896_seed44,lstm,896,44,LSTM-896,test_1,Mouse061_20160526_18-38-49,63,78,1.2380952380952381,19,0.7564102564102564,3,53,76,61,0.6973684210526315,0.8688524590163934,0.7737226277372262
yolo_sppf_full_lstm896_seed44,lstm,896,44,LSTM-896,test_1,Mouse061_20160526_18-38-49,63,78,1.2380952380952381,19,0.7564102564102564,4,51,75,60,0.68,0.85,0.7555555555555556
yolo_sppf_full_attention256_seed42,attention,256,42,Attention-256,test_1,Mouse062_20160526_18-56-26,79,54,0.6835443037974683,25,0.6835443037974683,1,54,54,79,1.0,0.6835443037974683,0.8120300751879699
yolo_sppf_full_attention256_seed42,attention,256,42,Attention-256,test_1,Mouse062_20160526_18-56-26,79,54,0.6835443037974683,25,0.6835443037974683,2,53,53,78,1.0,0.6794871794871795,0.8091603053435115
yolo_sppf_full_attention256_seed42,attention,256,42,Attention-256,test_1,Mouse062_20160526_18-56-26,79,54,0.6835443037974683,25,0.6835443037974683,3,51,52,77,0.9807692307692307,0.6623376623376623,0.7906976744186047
yolo_sppf_full_attention256_seed42,attention,256,42,Attention-256,test_1,Mouse062_20160526_18-56-26,79,54,0.6835443037974683,25,0.6835443037974683,4,50,51,76,0.9803921568627451,0.6578947368421053,0.7874015748031497
yolo_sppf_full_attention256_seed43,attention,256,43,Attention-256,test_1,Mouse062_20160526_18-56-26,79,60,0.759493670886076,21,0.7341772151898734,1,59,60,79,0.9833333333333333,0.7468354430379747,0.8489208633093525
yolo_sppf_full_attention256_seed43,attention,256,43,Attention-256,test_1,Mouse062_20160526_18-56-26,79,60,0.759493670886076,21,0.7341772151898734,2,57,59,78,0.9661016949152542,0.7307692307692307,0.8321167883211679
yolo_sppf_full_attention256_seed43,attention,256,43,Attention-256,test_1,Mouse062_20160526_18-56-26,79,60,0.759493670886076,21,0.7341772151898734,3,54,58,77,0.9310344827586207,0.7012987012987013,0.8
yolo_sppf_full_attention256_seed43,attention,256,43,Attention-256,test_1,Mouse062_20160526_18-56-26,79,60,0.759493670886076,21,0.7341772151898734,4,53,57,76,0.9298245614035088,0.6973684210526315,0.7969924812030075
yolo_sppf_full_attention256_seed44,attention,256,44,Attention-256,test_1,Mouse062_20160526_18-56-26,79,55,0.6962025316455697,25,0.6835443037974683,1,54,55,79,0.9818181818181818,0.6835443037974683,0.8059701492537312
yolo_sppf_full_attention256_seed44,attention,256,44,Attention-256,test_1,Mouse062_20160526_18-56-26,79,55,0.6962025316455697,25,0.6835443037974683,2,52,54,78,0.9629629629629629,0.6666666666666666,0.7878787878787878
yolo_sppf_full_attention256_seed44,attention,256,44,Attention-256,test_1,Mouse062_20160526_18-56-26,79,55,0.6962025316455697,25,0.6835443037974683,3,49,53,77,0.9245283018867925,0.6363636363636364,0.7538461538461539
yolo_sppf_full_attention256_seed44,attention,256,44,Attention-256,test_1,Mouse062_20160526_18-56-26,79,55,0.6962025316455697,25,0.6835443037974683,4,47,52,76,0.9038461538461539,0.618421052631579,0.734375
yolo_sppf_full_attention512_seed42,attention,512,42,Attention-512,test_1,Mouse062_20160526_18-56-26,79,67,0.8481012658227848,20,0.7468354430379747,1,59,67,79,0.8805970149253731,0.7468354430379747,0.8082191780821918
yolo_sppf_full_attention512_seed42,attention,512,42,Attention-512,test_1,Mouse062_20160526_18-56-26,79,67,0.8481012658227848,20,0.7468354430379747,2,50,66,78,0.7575757575757576,0.6410256410256411,0.6944444444444444
yolo_sppf_full_attention512_seed42,attention,512,42,Attention-512,test_1,Mouse062_20160526_18-56-26,79,67,0.8481012658227848,20,0.7468354430379747,3,42,65,77,0.6461538461538462,0.5454545454545454,0.5915492957746479
yolo_sppf_full_attention512_seed42,attention,512,42,Attention-512,test_1,Mouse062_20160526_18-56-26,79,67,0.8481012658227848,20,0.7468354430379747,4,35,64,76,0.546875,0.4605263157894737,0.5
yolo_sppf_full_attention512_seed43,attention,512,43,Attention-512,test_1,Mouse062_20160526_18-56-26,79,58,0.7341772151898734,23,0.7088607594936709,1,57,58,79,0.9827586206896551,0.7215189873417721,0.8321167883211679
yolo_sppf_full_attention512_seed43,attention,512,43,Attention-512,test_1,Mouse062_20160526_18-56-26,79,58,0.7341772151898734,23,0.7088607594936709,2,55,57,78,0.9649122807017544,0.7051282051282052,0.8148148148148149
yolo_sppf_full_attention512_seed43,attention,512,43,Attention-512,test_1,Mouse062_20160526_18-56-26,79,58,0.7341772151898734,23,0.7088607594936709,3,52,56,77,0.9285714285714286,0.6753246753246753,0.7819548872180452
yolo_sppf_full_attention512_seed43,attention,512,43,Attention-512,test_1,Mouse062_20160526_18-56-26,79,58,0.7341772151898734,23,0.7088607594936709,4,51,55,76,0.9272727272727272,0.6710526315789473,0.7786259541984732
yolo_sppf_full_attention512_seed44,attention,512,44,Attention-512,test_1,Mouse062_20160526_18-56-26,79,62,0.7848101265822784,21,0.7341772151898734,1,58,62,79,0.9354838709677419,0.7341772151898734,0.8226950354609929
yolo_sppf_full_attention512_seed44,attention,512,44,Attention-512,test_1,Mouse062_20160526_18-56-26,79,62,0.7848101265822784,21,0.7341772151898734,2,53,61,78,0.8688524590163934,0.6794871794871795,0.762589928057554
yolo_sppf_full_attention512_seed44,attention,512,44,Attention-512,test_1,Mouse062_20160526_18-56-26,79,62,0.7848101265822784,21,0.7341772151898734,3,49,60,77,0.8166666666666667,0.6363636363636364,0.7153284671532846
yolo_sppf_full_attention512_seed44,attention,512,44,Attention-512,test_1,Mouse062_20160526_18-56-26,79,62,0.7848101265822784,21,0.7341772151898734,4,45,59,76,0.7627118644067796,0.5921052631578947,0.6666666666666666
yolo_sppf_full_attention896_seed42,attention,896,42,Attention-896,test_1,Mouse062_20160526_18-56-26,79,68,0.8607594936708861,17,0.7848101265822784,1,62,68,79,0.9117647058823529,0.7848101265822784,0.8435374149659863
yolo_sppf_full_attention896_seed42,attention,896,42,Attention-896,test_1,Mouse062_20160526_18-56-26,79,68,0.8607594936708861,17,0.7848101265822784,2,55,67,78,0.8208955223880597,0.7051282051282052,0.7586206896551725
yolo_sppf_full_attention896_seed42,attention,896,42,Attention-896,test_1,Mouse062_20160526_18-56-26,79,68,0.8607594936708861,17,0.7848101265822784,3,52,66,77,0.7878787878787878,0.6753246753246753,0.7272727272727273
yolo_sppf_full_attention896_seed42,attention,896,42,Attention-896,test_1,Mouse062_20160526_18-56-26,79,68,0.8607594936708861,17,0.7848101265822784,4,48,65,76,0.7384615384615385,0.631578947368421,0.6808510638297872
yolo_sppf_full_attention896_seed43,attention,896,43,Attention-896,test_1,Mouse062_20160526_18-56-26,79,63,0.7974683544303798,20,0.7468354430379747,1,61,63,79,0.9682539682539683,0.7721518987341772,0.8591549295774649
yolo_sppf_full_attention896_seed43,attention,896,43,Attention-896,test_1,Mouse062_20160526_18-56-26,79,63,0.7974683544303798,20,0.7468354430379747,2,59,62,78,0.9516129032258065,0.7564102564102564,0.8428571428571429
yolo_sppf_full_attention896_seed43,attention,896,43,Attention-896,test_1,Mouse062_20160526_18-56-26,79,63,0.7974683544303798,20,0.7468354430379747,3,56,61,77,0.9180327868852459,0.7272727272727273,0.8115942028985508
yolo_sppf_full_attention896_seed43,attention,896,43,Attention-896,test_1,Mouse062_20160526_18-56-26,79,63,0.7974683544303798,20,0.7468354430379747,4,51,60,76,0.85,0.6710526315789473,0.7499999999999999
yolo_sppf_full_attention896_seed44,attention,896,44,Attention-896,test_1,Mouse062_20160526_18-56-26,79,63,0.7974683544303798,20,0.7468354430379747,1,60,63,79,0.9523809523809523,0.759493670886076,0.8450704225352113
yolo_sppf_full_attention896_seed44,attention,896,44,Attention-896,test_1,Mouse062_20160526_18-56-26,79,63,0.7974683544303798,20,0.7468354430379747,2,58,62,78,0.9354838709677419,0.7435897435897436,0.8285714285714285
yolo_sppf_full_attention896_seed44,attention,896,44,Attention-896,test_1,Mouse062_20160526_18-56-26,79,63,0.7974683544303798,20,0.7468354430379747,3,54,61,77,0.8852459016393442,0.7012987012987013,0.7826086956521738
yolo_sppf_full_attention896_seed44,attention,896,44,Attention-896,test_1,Mouse062_20160526_18-56-26,79,63,0.7974683544303798,20,0.7468354430379747,4,52,60,76,0.8666666666666667,0.6842105263157895,0.7647058823529413
yolo_sppf_full_lstm256_seed42,lstm,256,42,LSTM-256,test_1,Mouse062_20160526_18-56-26,79,63,0.7974683544303798,20,0.7468354430379747,1,59,63,79,0.9365079365079365,0.7468354430379747,0.8309859154929577
yolo_sppf_full_lstm256_seed42,lstm,256,42,LSTM-256,test_1,Mouse062_20160526_18-56-26,79,63,0.7974683544303798,20,0.7468354430379747,2,54,62,78,0.8709677419354839,0.6923076923076923,0.7714285714285716
yolo_sppf_full_lstm256_seed42,lstm,256,42,LSTM-256,test_1,Mouse062_20160526_18-56-26,79,63,0.7974683544303798,20,0.7468354430379747,3,48,61,77,0.7868852459016393,0.6233766233766234,0.6956521739130435
yolo_sppf_full_lstm256_seed42,lstm,256,42,LSTM-256,test_1,Mouse062_20160526_18-56-26,79,63,0.7974683544303798,20,0.7468354430379747,4,44,60,76,0.7333333333333333,0.5789473684210527,0.6470588235294117
yolo_sppf_full_lstm256_seed43,lstm,256,43,LSTM-256,test_1,Mouse062_20160526_18-56-26,79,56,0.7088607594936709,23,0.7088607594936709,1,56,56,79,1.0,0.7088607594936709,0.8296296296296296
yolo_sppf_full_lstm256_seed43,lstm,256,43,LSTM-256,test_1,Mouse062_20160526_18-56-26,79,56,0.7088607594936709,23,0.7088607594936709,2,55,55,78,1.0,0.7051282051282052,0.8270676691729323
yolo_sppf_full_lstm256_seed43,lstm,256,43,LSTM-256,test_1,Mouse062_20160526_18-56-26,79,56,0.7088607594936709,23,0.7088607594936709,3,53,54,77,0.9814814814814815,0.6883116883116883,0.8091603053435115
yolo_sppf_full_lstm256_seed43,lstm,256,43,LSTM-256,test_1,Mouse062_20160526_18-56-26,79,56,0.7088607594936709,23,0.7088607594936709,4,52,53,76,0.9811320754716981,0.6842105263157895,0.8062015503875968
yolo_sppf_full_lstm256_seed44,lstm,256,44,LSTM-256,test_1,Mouse062_20160526_18-56-26,79,57,0.7215189873417721,22,0.7215189873417722,1,57,57,79,1.0,0.7215189873417721,0.8382352941176471
yolo_sppf_full_lstm256_seed44,lstm,256,44,LSTM-256,test_1,Mouse062_20160526_18-56-26,79,57,0.7215189873417721,22,0.7215189873417722,2,56,56,78,1.0,0.717948717948718,0.835820895522388
yolo_sppf_full_lstm256_seed44,lstm,256,44,LSTM-256,test_1,Mouse062_20160526_18-56-26,79,57,0.7215189873417721,22,0.7215189873417722,3,55,55,77,1.0,0.7142857142857143,0.8333333333333333
yolo_sppf_full_lstm256_seed44,lstm,256,44,LSTM-256,test_1,Mouse062_20160526_18-56-26,79,57,0.7215189873417721,22,0.7215189873417722,4,53,54,76,0.9814814814814815,0.6973684210526315,0.8153846153846153
yolo_sppf_full_lstm512_seed42,lstm,512,42,LSTM-512,test_1,Mouse062_20160526_18-56-26,79,60,0.759493670886076,21,0.7341772151898734,1,58,60,79,0.9666666666666667,0.7341772151898734,0.8345323741007195
yolo_sppf_full_lstm512_seed42,lstm,512,42,LSTM-512,test_1,Mouse062_20160526_18-56-26,79,60,0.759493670886076,21,0.7341772151898734,2,55,59,78,0.9322033898305084,0.7051282051282052,0.8029197080291971
yolo_sppf_full_lstm512_seed42,lstm,512,42,LSTM-512,test_1,Mouse062_20160526_18-56-26,79,60,0.759493670886076,21,0.7341772151898734,3,51,58,77,0.8793103448275862,0.6623376623376623,0.7555555555555555
yolo_sppf_full_lstm512_seed42,lstm,512,42,LSTM-512,test_1,Mouse062_20160526_18-56-26,79,60,0.759493670886076,21,0.7341772151898734,4,48,57,76,0.8421052631578947,0.631578947368421,0.7218045112781954
yolo_sppf_full_lstm512_seed43,lstm,512,43,LSTM-512,test_1,Mouse062_20160526_18-56-26,79,55,0.6962025316455697,24,0.6962025316455696,1,55,55,79,1.0,0.6962025316455697,0.8208955223880596
yolo_sppf_full_lstm512_seed43,lstm,512,43,LSTM-512,test_1,Mouse062_20160526_18-56-26,79,55,0.6962025316455697,24,0.6962025316455696,2,54,54,78,1.0,0.6923076923076923,0.8181818181818181
yolo_sppf_full_lstm512_seed43,lstm,512,43,LSTM-512,test_1,Mouse062_20160526_18-56-26,79,55,0.6962025316455697,24,0.6962025316455696,3,52,53,77,0.9811320754716981,0.6753246753246753,0.8
yolo_sppf_full_lstm512_seed43,lstm,512,43,LSTM-512,test_1,Mouse062_20160526_18-56-26,79,55,0.6962025316455697,24,0.6962025316455696,4,51,52,76,0.9807692307692307,0.6710526315789473,0.7968749999999999
yolo_sppf_full_lstm512_seed44,lstm,512,44,LSTM-512,test_1,Mouse062_20160526_18-56-26,79,57,0.7215189873417721,22,0.7215189873417722,1,57,57,79,1.0,0.7215189873417721,0.8382352941176471
yolo_sppf_full_lstm512_seed44,lstm,512,44,LSTM-512,test_1,Mouse062_20160526_18-56-26,79,57,0.7215189873417721,22,0.7215189873417722,2,56,56,78,1.0,0.717948717948718,0.835820895522388
yolo_sppf_full_lstm512_seed44,lstm,512,44,LSTM-512,test_1,Mouse062_20160526_18-56-26,79,57,0.7215189873417721,22,0.7215189873417722,3,55,55,77,1.0,0.7142857142857143,0.8333333333333333
yolo_sppf_full_lstm512_seed44,lstm,512,44,LSTM-512,test_1,Mouse062_20160526_18-56-26,79,57,0.7215189873417721,22,0.7215189873417722,4,53,54,76,0.9814814814814815,0.6973684210526315,0.8153846153846153
yolo_sppf_full_lstm896_seed42,lstm,896,42,LSTM-896,test_1,Mouse062_20160526_18-56-26,79,73,0.9240506329113924,15,0.810126582278481,1,66,73,79,0.9041095890410958,0.8354430379746836,0.8684210526315789
yolo_sppf_full_lstm896_seed42,lstm,896,42,LSTM-896,test_1,Mouse062_20160526_18-56-26,79,73,0.9240506329113924,15,0.810126582278481,2,59,72,78,0.8194444444444444,0.7564102564102564,0.7866666666666666
yolo_sppf_full_lstm896_seed42,lstm,896,42,LSTM-896,test_1,Mouse062_20160526_18-56-26,79,73,0.9240506329113924,15,0.810126582278481,3,53,71,77,0.7464788732394366,0.6883116883116883,0.7162162162162162
yolo_sppf_full_lstm896_seed42,lstm,896,42,LSTM-896,test_1,Mouse062_20160526_18-56-26,79,73,0.9240506329113924,15,0.810126582278481,4,48,70,76,0.6857142857142857,0.631578947368421,0.6575342465753424
yolo_sppf_full_lstm896_seed43,lstm,896,43,LSTM-896,test_1,Mouse062_20160526_18-56-26,79,67,0.8481012658227848,17,0.7848101265822784,1,63,67,79,0.9402985074626866,0.7974683544303798,0.8630136986301371
yolo_sppf_full_lstm896_seed43,lstm,896,43,LSTM-896,test_1,Mouse062_20160526_18-56-26,79,67,0.8481012658227848,17,0.7848101265822784,2,58,66,78,0.8787878787878788,0.7435897435897436,0.8055555555555556
yolo_sppf_full_lstm896_seed43,lstm,896,43,LSTM-896,test_1,Mouse062_20160526_18-56-26,79,67,0.8481012658227848,17,0.7848101265822784,3,55,65,77,0.8461538461538461,0.7142857142857143,0.7746478873239436
yolo_sppf_full_lstm896_seed43,lstm,896,43,LSTM-896,test_1,Mouse062_20160526_18-56-26,79,67,0.8481012658227848,17,0.7848101265822784,4,51,64,76,0.796875,0.6710526315789473,0.7285714285714285
yolo_sppf_full_lstm896_seed44,lstm,896,44,LSTM-896,test_1,Mouse062_20160526_18-56-26,79,69,0.8734177215189873,15,0.810126582278481,1,65,69,79,0.9420289855072463,0.8227848101265823,0.8783783783783783
yolo_sppf_full_lstm896_seed44,lstm,896,44,LSTM-896,test_1,Mouse062_20160526_18-56-26,79,69,0.8734177215189873,15,0.810126582278481,2,60,68,78,0.8823529411764706,0.7692307692307693,0.8219178082191781
yolo_sppf_full_lstm896_seed44,lstm,896,44,LSTM-896,test_1,Mouse062_20160526_18-56-26,79,69,0.8734177215189873,15,0.810126582278481,3,56,67,77,0.835820895522388,0.7272727272727273,0.7777777777777778
yolo_sppf_full_lstm896_seed44,lstm,896,44,LSTM-896,test_1,Mouse062_20160526_18-56-26,79,69,0.8734177215189873,15,0.810126582278481,4,51,66,76,0.7727272727272727,0.6710526315789473,0.7183098591549295
yolo_sppf_full_attention256_seed42,attention,256,42,Attention-256,test_1,Mouse063_20160526_19-14-46,144,97,0.6736111111111112,51,0.6458333333333333,1,94,97,144,0.9690721649484536,0.6527777777777778,0.7800829875518672
yolo_sppf_full_attention256_seed42,attention,256,42,Attention-256,test_1,Mouse063_20160526_19-14-46,144,97,0.6736111111111112,51,0.6458333333333333,2,87,96,143,0.90625,0.6083916083916084,0.7280334728033473
yolo_sppf_full_attention256_seed42,attention,256,42,Attention-256,test_1,Mouse063_20160526_19-14-46,144,97,0.6736111111111112,51,0.6458333333333333,3,80,95,142,0.8421052631578947,0.5633802816901409,0.6751054852320675
yolo_sppf_full_attention256_seed42,attention,256,42,Attention-256,test_1,Mouse063_20160526_19-14-46,144,97,0.6736111111111112,51,0.6458333333333333,4,72,94,141,0.7659574468085106,0.5106382978723404,0.6127659574468084
yolo_sppf_full_attention256_seed43,attention,256,43,Attention-256,test_1,Mouse063_20160526_19-14-46,144,89,0.6180555555555556,57,0.6041666666666667,1,87,89,144,0.9775280898876404,0.6041666666666666,0.7467811158798283
yolo_sppf_full_attention256_seed43,attention,256,43,Attention-256,test_1,Mouse063_20160526_19-14-46,144,89,0.6180555555555556,57,0.6041666666666667,2,83,88,143,0.9431818181818182,0.5804195804195804,0.7186147186147186
yolo_sppf_full_attention256_seed43,attention,256,43,Attention-256,test_1,Mouse063_20160526_19-14-46,144,89,0.6180555555555556,57,0.6041666666666667,3,79,87,142,0.9080459770114943,0.5563380281690141,0.6899563318777292
yolo_sppf_full_attention256_seed43,attention,256,43,Attention-256,test_1,Mouse063_20160526_19-14-46,144,89,0.6180555555555556,57,0.6041666666666667,4,75,86,141,0.872093023255814,0.5319148936170213,0.6607929515418502
yolo_sppf_full_attention256_seed44,attention,256,44,Attention-256,test_1,Mouse063_20160526_19-14-46,144,95,0.6597222222222222,52,0.6388888888888888,1,93,95,144,0.9789473684210527,0.6458333333333334,0.7782426778242678
yolo_sppf_full_attention256_seed44,attention,256,44,Attention-256,test_1,Mouse063_20160526_19-14-46,144,95,0.6597222222222222,52,0.6388888888888888,2,88,94,143,0.9361702127659575,0.6153846153846154,0.7426160337552743
yolo_sppf_full_attention256_seed44,attention,256,44,Attention-256,test_1,Mouse063_20160526_19-14-46,144,95,0.6597222222222222,52,0.6388888888888888,3,83,93,142,0.8924731182795699,0.5845070422535211,0.7063829787234042
yolo_sppf_full_attention256_seed44,attention,256,44,Attention-256,test_1,Mouse063_20160526_19-14-46,144,95,0.6597222222222222,52,0.6388888888888888,4,77,92,141,0.8369565217391305,0.5460992907801419,0.6609442060085837
yolo_sppf_full_attention512_seed42,attention,512,42,Attention-512,test_1,Mouse063_20160526_19-14-46,144,105,0.7291666666666666,54,0.625,1,91,105,144,0.8666666666666667,0.6319444444444444,0.7309236947791165
yolo_sppf_full_attention512_seed42,attention,512,42,Attention-512,test_1,Mouse063_20160526_19-14-46,144,105,0.7291666666666666,54,0.625,2,74,104,143,0.7115384615384616,0.5174825174825175,0.5991902834008097
yolo_sppf_full_attention512_seed42,attention,512,42,Attention-512,test_1,Mouse063_20160526_19-14-46,144,105,0.7291666666666666,54,0.625,3,60,103,142,0.5825242718446602,0.4225352112676056,0.48979591836734687
yolo_sppf_full_attention512_seed42,attention,512,42,Attention-512,test_1,Mouse063_20160526_19-14-46,144,105,0.7291666666666666,54,0.625,4,47,102,141,0.46078431372549017,0.3333333333333333,0.38683127572016457
yolo_sppf_full_attention512_seed43,attention,512,43,Attention-512,test_1,Mouse063_20160526_19-14-46,144,92,0.6388888888888888,57,0.6041666666666667,1,87,92,144,0.9456521739130435,0.6041666666666666,0.7372881355932204
yolo_sppf_full_attention512_seed43,attention,512,43,Attention-512,test_1,Mouse063_20160526_19-14-46,144,92,0.6388888888888888,57,0.6041666666666667,2,80,91,143,0.8791208791208791,0.5594405594405595,0.6837606837606838
yolo_sppf_full_attention512_seed43,attention,512,43,Attention-512,test_1,Mouse063_20160526_19-14-46,144,92,0.6388888888888888,57,0.6041666666666667,3,73,90,142,0.8111111111111111,0.5140845070422535,0.6293103448275862
yolo_sppf_full_attention512_seed43,attention,512,43,Attention-512,test_1,Mouse063_20160526_19-14-46,144,92,0.6388888888888888,57,0.6041666666666667,4,66,89,141,0.7415730337078652,0.46808510638297873,0.5739130434782609
yolo_sppf_full_attention512_seed44,attention,512,44,Attention-512,test_1,Mouse063_20160526_19-14-46,144,101,0.7013888888888888,53,0.6319444444444444,1,92,101,144,0.9108910891089109,0.6388888888888888,0.7510204081632654
yolo_sppf_full_attention512_seed44,attention,512,44,Attention-512,test_1,Mouse063_20160526_19-14-46,144,101,0.7013888888888888,53,0.6319444444444444,2,80,100,143,0.8,0.5594405594405595,0.6584362139917697
yolo_sppf_full_attention512_seed44,attention,512,44,Attention-512,test_1,Mouse063_20160526_19-14-46,144,101,0.7013888888888888,53,0.6319444444444444,3,69,99,142,0.696969696969697,0.4859154929577465,0.5726141078838175
yolo_sppf_full_attention512_seed44,attention,512,44,Attention-512,test_1,Mouse063_20160526_19-14-46,144,101,0.7013888888888888,53,0.6319444444444444,4,58,98,141,0.5918367346938775,0.41134751773049644,0.48535564853556484
yolo_sppf_full_attention896_seed42,attention,896,42,Attention-896,test_1,Mouse063_20160526_19-14-46,144,98,0.6805555555555556,52,0.6388888888888888,1,93,98,144,0.9489795918367347,0.6458333333333334,0.768595041322314
yolo_sppf_full_attention896_seed42,attention,896,42,Attention-896,test_1,Mouse063_20160526_19-14-46,144,98,0.6805555555555556,52,0.6388888888888888,2,82,97,143,0.845360824742268,0.5734265734265734,0.6833333333333333
yolo_sppf_full_attention896_seed42,attention,896,42,Attention-896,test_1,Mouse063_20160526_19-14-46,144,98,0.6805555555555556,52,0.6388888888888888,3,72,96,142,0.75,0.5070422535211268,0.6050420168067226
yolo_sppf_full_attention896_seed42,attention,896,42,Attention-896,test_1,Mouse063_20160526_19-14-46,144,98,0.6805555555555556,52,0.6388888888888888,4,63,95,141,0.6631578947368421,0.44680851063829785,0.5338983050847457
yolo_sppf_full_attention896_seed43,attention,896,43,Attention-896,test_1,Mouse063_20160526_19-14-46,144,91,0.6319444444444444,55,0.6180555555555556,1,89,91,144,0.978021978021978,0.6180555555555556,0.7574468085106383
yolo_sppf_full_attention896_seed43,attention,896,43,Attention-896,test_1,Mouse063_20160526_19-14-46,144,91,0.6319444444444444,55,0.6180555555555556,2,85,90,143,0.9444444444444444,0.5944055944055944,0.7296137339055794
yolo_sppf_full_attention896_seed43,attention,896,43,Attention-896,test_1,Mouse063_20160526_19-14-46,144,91,0.6319444444444444,55,0.6180555555555556,3,81,89,142,0.9101123595505618,0.5704225352112676,0.7012987012987013
yolo_sppf_full_attention896_seed43,attention,896,43,Attention-896,test_1,Mouse063_20160526_19-14-46,144,91,0.6319444444444444,55,0.6180555555555556,4,77,88,141,0.875,0.5460992907801419,0.6724890829694323
yolo_sppf_full_attention896_seed44,attention,896,44,Attention-896,test_1,Mouse063_20160526_19-14-46,144,99,0.6875,54,0.625,1,91,99,144,0.9191919191919192,0.6319444444444444,0.7489711934156379
yolo_sppf_full_attention896_seed44,attention,896,44,Attention-896,test_1,Mouse063_20160526_19-14-46,144,99,0.6875,54,0.625,2,81,98,143,0.826530612244898,0.5664335664335665,0.6721991701244813
yolo_sppf_full_attention896_seed44,attention,896,44,Attention-896,test_1,Mouse063_20160526_19-14-46,144,99,0.6875,54,0.625,3,72,97,142,0.7422680412371134,0.5070422535211268,0.602510460251046
yolo_sppf_full_attention896_seed44,attention,896,44,Attention-896,test_1,Mouse063_20160526_19-14-46,144,99,0.6875,54,0.625,4,63,96,141,0.65625,0.44680851063829785,0.5316455696202532
yolo_sppf_full_lstm256_seed42,lstm,256,42,LSTM-256,test_1,Mouse063_20160526_19-14-46,144,92,0.6388888888888888,63,0.5625,1,81,92,144,0.8804347826086957,0.5625,0.6864406779661016
yolo_sppf_full_lstm256_seed42,lstm,256,42,LSTM-256,test_1,Mouse063_20160526_19-14-46,144,92,0.6388888888888888,63,0.5625,2,69,91,143,0.7582417582417582,0.4825174825174825,0.5897435897435898
yolo_sppf_full_lstm256_seed42,lstm,256,42,LSTM-256,test_1,Mouse063_20160526_19-14-46,144,92,0.6388888888888888,63,0.5625,3,59,90,142,0.6555555555555556,0.4154929577464789,0.5086206896551724
yolo_sppf_full_lstm256_seed42,lstm,256,42,LSTM-256,test_1,Mouse063_20160526_19-14-46,144,92,0.6388888888888888,63,0.5625,4,50,89,141,0.5617977528089888,0.3546099290780142,0.4347826086956522
yolo_sppf_full_lstm256_seed43,lstm,256,43,LSTM-256,test_1,Mouse063_20160526_19-14-46,144,84,0.5833333333333334,61,0.5763888888888888,1,83,84,144,0.9880952380952381,0.5763888888888888,0.7280701754385965
yolo_sppf_full_lstm256_seed43,lstm,256,43,LSTM-256,test_1,Mouse063_20160526_19-14-46,144,84,0.5833333333333334,61,0.5763888888888888,2,79,83,143,0.9518072289156626,0.5524475524475524,0.6991150442477876
yolo_sppf_full_lstm256_seed43,lstm,256,43,LSTM-256,test_1,Mouse063_20160526_19-14-46,144,84,0.5833333333333334,61,0.5763888888888888,3,75,82,142,0.9146341463414634,0.528169014084507,0.6696428571428572
yolo_sppf_full_lstm256_seed43,lstm,256,43,LSTM-256,test_1,Mouse063_20160526_19-14-46,144,84,0.5833333333333334,61,0.5763888888888888,4,71,81,141,0.8765432098765432,0.5035460992907801,0.6396396396396397
yolo_sppf_full_lstm256_seed44,lstm,256,44,LSTM-256,test_1,Mouse063_20160526_19-14-46,144,102,0.7083333333333334,52,0.6388888888888888,1,92,102,144,0.9019607843137255,0.6388888888888888,0.7479674796747967
yolo_sppf_full_lstm256_seed44,lstm,256,44,LSTM-256,test_1,Mouse063_20160526_19-14-46,144,102,0.7083333333333334,52,0.6388888888888888,2,81,101,143,0.801980198019802,0.5664335664335665,0.6639344262295082
yolo_sppf_full_lstm256_seed44,lstm,256,44,LSTM-256,test_1,Mouse063_20160526_19-14-46,144,102,0.7083333333333334,52,0.6388888888888888,3,71,100,142,0.71,0.5,0.5867768595041322
yolo_sppf_full_lstm256_seed44,lstm,256,44,LSTM-256,test_1,Mouse063_20160526_19-14-46,144,102,0.7083333333333334,52,0.6388888888888888,4,62,99,141,0.6262626262626263,0.4397163120567376,0.5166666666666667
yolo_sppf_full_lstm512_seed42,lstm,512,42,LSTM-512,test_1,Mouse063_20160526_19-14-46,144,90,0.625,57,0.6041666666666667,1,87,90,144,0.9666666666666667,0.6041666666666666,0.7435897435897435
yolo_sppf_full_lstm512_seed42,lstm,512,42,LSTM-512,test_1,Mouse063_20160526_19-14-46,144,90,0.625,57,0.6041666666666667,2,81,89,143,0.9101123595505618,0.5664335664335665,0.6982758620689656
yolo_sppf_full_lstm512_seed42,lstm,512,42,LSTM-512,test_1,Mouse063_20160526_19-14-46,144,90,0.625,57,0.6041666666666667,3,75,88,142,0.8522727272727273,0.528169014084507,0.6521739130434783
yolo_sppf_full_lstm512_seed42,lstm,512,42,LSTM-512,test_1,Mouse063_20160526_19-14-46,144,90,0.625,57,0.6041666666666667,4,69,87,141,0.7931034482758621,0.48936170212765956,0.6052631578947368
yolo_sppf_full_lstm512_seed43,lstm,512,43,LSTM-512,test_1,Mouse063_20160526_19-14-46,144,80,0.5555555555555556,64,0.5555555555555556,1,80,80,144,1.0,0.5555555555555556,0.7142857142857143
yolo_sppf_full_lstm512_seed43,lstm,512,43,LSTM-512,test_1,Mouse063_20160526_19-14-46,144,80,0.5555555555555556,64,0.5555555555555556,2,78,79,143,0.9873417721518988,0.5454545454545454,0.7027027027027027
yolo_sppf_full_lstm512_seed43,lstm,512,43,LSTM-512,test_1,Mouse063_20160526_19-14-46,144,80,0.5555555555555556,64,0.5555555555555556,3,76,78,142,0.9743589743589743,0.5352112676056338,0.6909090909090908
yolo_sppf_full_lstm512_seed43,lstm,512,43,LSTM-512,test_1,Mouse063_20160526_19-14-46,144,80,0.5555555555555556,64,0.5555555555555556,4,74,77,141,0.961038961038961,0.524822695035461,0.6788990825688073
yolo_sppf_full_lstm512_seed44,lstm,512,44,LSTM-512,test_1,Mouse063_20160526_19-14-46,144,95,0.6597222222222222,52,0.6388888888888888,1,93,95,144,0.9789473684210527,0.6458333333333334,0.7782426778242678
yolo_sppf_full_lstm512_seed44,lstm,512,44,LSTM-512,test_1,Mouse063_20160526_19-14-46,144,95,0.6597222222222222,52,0.6388888888888888,2,90,94,143,0.9574468085106383,0.6293706293706294,0.759493670886076
yolo_sppf_full_lstm512_seed44,lstm,512,44,LSTM-512,test_1,Mouse063_20160526_19-14-46,144,95,0.6597222222222222,52,0.6388888888888888,3,87,93,142,0.9354838709677419,0.6126760563380281,0.7404255319148936
yolo_sppf_full_lstm512_seed44,lstm,512,44,LSTM-512,test_1,Mouse063_20160526_19-14-46,144,95,0.6597222222222222,52,0.6388888888888888,4,82,92,141,0.8913043478260869,0.5815602836879432,0.703862660944206
yolo_sppf_full_lstm896_seed42,lstm,896,42,LSTM-896,test_1,Mouse063_20160526_19-14-46,144,90,0.625,59,0.5902777777777778,1,85,90,144,0.9444444444444444,0.5902777777777778,0.7264957264957265
yolo_sppf_full_lstm896_seed42,lstm,896,42,LSTM-896,test_1,Mouse063_20160526_19-14-46,144,90,0.625,59,0.5902777777777778,2,78,89,143,0.8764044943820225,0.5454545454545454,0.6724137931034483
yolo_sppf_full_lstm896_seed42,lstm,896,42,LSTM-896,test_1,Mouse063_20160526_19-14-46,144,90,0.625,59,0.5902777777777778,3,71,88,142,0.8068181818181818,0.5,0.6173913043478261
yolo_sppf_full_lstm896_seed42,lstm,896,42,LSTM-896,test_1,Mouse063_20160526_19-14-46,144,90,0.625,59,0.5902777777777778,4,64,87,141,0.735632183908046,0.45390070921985815,0.5614035087719298
yolo_sppf_full_lstm896_seed43,lstm,896,43,LSTM-896,test_1,Mouse063_20160526_19-14-46,144,91,0.6319444444444444,53,0.6319444444444444,1,91,91,144,1.0,0.6319444444444444,0.774468085106383
yolo_sppf_full_lstm896_seed43,lstm,896,43,LSTM-896,test_1,Mouse063_20160526_19-14-46,144,91,0.6319444444444444,53,0.6319444444444444,2,90,90,143,1.0,0.6293706293706294,0.7725321888412017
yolo_sppf_full_lstm896_seed43,lstm,896,43,LSTM-896,test_1,Mouse063_20160526_19-14-46,144,91,0.6319444444444444,53,0.6319444444444444,3,89,89,142,1.0,0.6267605633802817,0.7705627705627706
yolo_sppf_full_lstm896_seed43,lstm,896,43,LSTM-896,test_1,Mouse063_20160526_19-14-46,144,91,0.6319444444444444,53,0.6319444444444444,4,83,88,141,0.9431818181818182,0.5886524822695035,0.7248908296943232
yolo_sppf_full_lstm896_seed44,lstm,896,44,LSTM-896,test_1,Mouse063_20160526_19-14-46,144,93,0.6458333333333334,55,0.6180555555555556,1,89,93,144,0.956989247311828,0.6180555555555556,0.7510548523206751
yolo_sppf_full_lstm896_seed44,lstm,896,44,LSTM-896,test_1,Mouse063_20160526_19-14-46,144,93,0.6458333333333334,55,0.6180555555555556,2,84,92,143,0.9130434782608695,0.5874125874125874,0.7148936170212765
yolo_sppf_full_lstm896_seed44,lstm,896,44,LSTM-896,test_1,Mouse063_20160526_19-14-46,144,93,0.6458333333333334,55,0.6180555555555556,3,79,91,142,0.8681318681318682,0.5563380281690141,0.6781115879828327
yolo_sppf_full_lstm896_seed44,lstm,896,44,LSTM-896,test_1,Mouse063_20160526_19-14-46,144,93,0.6458333333333334,55,0.6180555555555556,4,70,90,141,0.7777777777777778,0.49645390070921985,0.6060606060606061
yolo_sppf_full_attention256_seed42,attention,256,42,Attention-256,test_1,Mouse069_20160709_16-02-03,66,58,0.8787878787878788,18,0.7272727272727273,1,55,58,66,0.9482758620689655,0.8333333333333334,0.8870967741935484
yolo_sppf_full_attention256_seed42,attention,256,42,Attention-256,test_1,Mouse069_20160709_16-02-03,66,58,0.8787878787878788,18,0.7272727272727273,2,50,57,65,0.8771929824561403,0.7692307692307693,0.819672131147541
yolo_sppf_full_attention256_seed42,attention,256,42,Attention-256,test_1,Mouse069_20160709_16-02-03,66,58,0.8787878787878788,18,0.7272727272727273,3,45,56,64,0.8035714285714286,0.703125,0.75
yolo_sppf_full_attention256_seed42,attention,256,42,Attention-256,test_1,Mouse069_20160709_16-02-03,66,58,0.8787878787878788,18,0.7272727272727273,4,37,55,63,0.6727272727272727,0.5873015873015873,0.6271186440677966
yolo_sppf_full_attention256_seed43,attention,256,43,Attention-256,test_1,Mouse069_20160709_16-02-03,66,49,0.7424242424242424,22,0.6666666666666667,1,48,49,66,0.9795918367346939,0.7272727272727273,0.8347826086956521
yolo_sppf_full_attention256_seed43,attention,256,43,Attention-256,test_1,Mouse069_20160709_16-02-03,66,49,0.7424242424242424,22,0.6666666666666667,2,45,48,65,0.9375,0.6923076923076923,0.7964601769911505
yolo_sppf_full_attention256_seed43,attention,256,43,Attention-256,test_1,Mouse069_20160709_16-02-03,66,49,0.7424242424242424,22,0.6666666666666667,3,42,47,64,0.8936170212765957,0.65625,0.7567567567567568
yolo_sppf_full_attention256_seed43,attention,256,43,Attention-256,test_1,Mouse069_20160709_16-02-03,66,49,0.7424242424242424,22,0.6666666666666667,4,36,46,63,0.782608695652174,0.5714285714285714,0.6605504587155963
yolo_sppf_full_attention256_seed44,attention,256,44,Attention-256,test_1,Mouse069_20160709_16-02-03,66,58,0.8787878787878788,15,0.7727272727272727,1,55,58,66,0.9482758620689655,0.8333333333333334,0.8870967741935484
yolo_sppf_full_attention256_seed44,attention,256,44,Attention-256,test_1,Mouse069_20160709_16-02-03,66,58,0.8787878787878788,15,0.7727272727272727,2,50,57,65,0.8771929824561403,0.7692307692307693,0.819672131147541
yolo_sppf_full_attention256_seed44,attention,256,44,Attention-256,test_1,Mouse069_20160709_16-02-03,66,58,0.8787878787878788,15,0.7727272727272727,3,45,56,64,0.8035714285714286,0.703125,0.75
yolo_sppf_full_attention256_seed44,attention,256,44,Attention-256,test_1,Mouse069_20160709_16-02-03,66,58,0.8787878787878788,15,0.7727272727272727,4,37,55,63,0.6727272727272727,0.5873015873015873,0.6271186440677966
yolo_sppf_full_attention512_seed42,attention,512,42,Attention-512,test_1,Mouse069_20160709_16-02-03,66,51,0.7727272727272727,18,0.7272727272727273,1,51,51,66,1.0,0.7727272727272727,0.8717948717948718
yolo_sppf_full_attention512_seed42,attention,512,42,Attention-512,test_1,Mouse069_20160709_16-02-03,66,51,0.7727272727272727,18,0.7272727272727273,2,47,50,65,0.94,0.7230769230769231,0.8173913043478259
yolo_sppf_full_attention512_seed42,attention,512,42,Attention-512,test_1,Mouse069_20160709_16-02-03,66,51,0.7727272727272727,18,0.7272727272727273,3,43,49,64,0.8775510204081632,0.671875,0.7610619469026548
yolo_sppf_full_attention512_seed42,attention,512,42,Attention-512,test_1,Mouse069_20160709_16-02-03,66,51,0.7727272727272727,18,0.7272727272727273,4,38,48,63,0.7916666666666666,0.6031746031746031,0.6846846846846846
yolo_sppf_full_attention512_seed43,attention,512,43,Attention-512,test_1,Mouse069_20160709_16-02-03,66,62,0.9393939393939394,14,0.7878787878787878,1,57,62,66,0.9193548387096774,0.8636363636363636,0.890625
yolo_sppf_full_attention512_seed43,attention,512,43,Attention-512,test_1,Mouse069_20160709_16-02-03,66,62,0.9393939393939394,14,0.7878787878787878,2,54,61,65,0.8852459016393442,0.8307692307692308,0.8571428571428572
yolo_sppf_full_attention512_seed43,attention,512,43,Attention-512,test_1,Mouse069_20160709_16-02-03,66,62,0.9393939393939394,14,0.7878787878787878,3,51,60,64,0.85,0.796875,0.8225806451612903
yolo_sppf_full_attention512_seed43,attention,512,43,Attention-512,test_1,Mouse069_20160709_16-02-03,66,62,0.9393939393939394,14,0.7878787878787878,4,45,59,63,0.7627118644067796,0.7142857142857143,0.7377049180327869
yolo_sppf_full_attention512_seed44,attention,512,44,Attention-512,test_1,Mouse069_20160709_16-02-03,66,54,0.8181818181818182,18,0.7272727272727273,1,51,54,66,0.9444444444444444,0.7727272727272727,0.85
yolo_sppf_full_attention512_seed44,attention,512,44,Attention-512,test_1,Mouse069_20160709_16-02-03,66,54,0.8181818181818182,18,0.7272727272727273,2,47,53,65,0.8867924528301887,0.7230769230769231,0.7966101694915254
yolo_sppf_full_attention512_seed44,attention,512,44,Attention-512,test_1,Mouse069_20160709_16-02-03,66,54,0.8181818181818182,18,0.7272727272727273,3,41,52,64,0.7884615384615384,0.640625,0.7068965517241379
yolo_sppf_full_attention512_seed44,attention,512,44,Attention-512,test_1,Mouse069_20160709_16-02-03,66,54,0.8181818181818182,18,0.7272727272727273,4,35,51,63,0.6862745098039216,0.5555555555555556,0.6140350877192983
yolo_sppf_full_attention896_seed42,attention,896,42,Attention-896,test_1,Mouse069_20160709_16-02-03,66,51,0.7727272727272727,20,0.696969696969697,1,49,51,66,0.9607843137254902,0.7424242424242424,0.8376068376068376
yolo_sppf_full_attention896_seed42,attention,896,42,Attention-896,test_1,Mouse069_20160709_16-02-03,66,51,0.7727272727272727,20,0.696969696969697,2,45,50,65,0.9,0.6923076923076923,0.7826086956521738
yolo_sppf_full_attention896_seed42,attention,896,42,Attention-896,test_1,Mouse069_20160709_16-02-03,66,51,0.7727272727272727,20,0.696969696969697,3,40,49,64,0.8163265306122449,0.625,0.7079646017699115
yolo_sppf_full_attention896_seed42,attention,896,42,Attention-896,test_1,Mouse069_20160709_16-02-03,66,51,0.7727272727272727,20,0.696969696969697,4,33,48,63,0.6875,0.5238095238095238,0.5945945945945946
yolo_sppf_full_attention896_seed43,attention,896,43,Attention-896,test_1,Mouse069_20160709_16-02-03,66,57,0.8636363636363636,13,0.803030303030303,1,57,57,66,1.0,0.8636363636363636,0.9268292682926829
yolo_sppf_full_attention896_seed43,attention,896,43,Attention-896,test_1,Mouse069_20160709_16-02-03,66,57,0.8636363636363636,13,0.803030303030303,2,55,56,65,0.9821428571428571,0.8461538461538461,0.9090909090909091
yolo_sppf_full_attention896_seed43,attention,896,43,Attention-896,test_1,Mouse069_20160709_16-02-03,66,57,0.8636363636363636,13,0.803030303030303,3,52,55,64,0.9454545454545454,0.8125,0.8739495798319329
yolo_sppf_full_attention896_seed43,attention,896,43,Attention-896,test_1,Mouse069_20160709_16-02-03,66,57,0.8636363636363636,13,0.803030303030303,4,45,54,63,0.8333333333333334,0.7142857142857143,0.7692307692307692
yolo_sppf_full_attention896_seed44,attention,896,44,Attention-896,test_1,Mouse069_20160709_16-02-03,66,57,0.8636363636363636,14,0.7878787878787878,1,56,57,66,0.9824561403508771,0.8484848484848485,0.9105691056910568
yolo_sppf_full_attention896_seed44,attention,896,44,Attention-896,test_1,Mouse069_20160709_16-02-03,66,57,0.8636363636363636,14,0.7878787878787878,2,54,56,65,0.9642857142857143,0.8307692307692308,0.8925619834710744
yolo_sppf_full_attention896_seed44,attention,896,44,Attention-896,test_1,Mouse069_20160709_16-02-03,66,57,0.8636363636363636,14,0.7878787878787878,3,50,55,64,0.9090909090909091,0.78125,0.8403361344537814
yolo_sppf_full_attention896_seed44,attention,896,44,Attention-896,test_1,Mouse069_20160709_16-02-03,66,57,0.8636363636363636,14,0.7878787878787878,4,44,54,63,0.8148148148148148,0.6984126984126984,0.7521367521367521
yolo_sppf_full_lstm256_seed42,lstm,256,42,LSTM-256,test_1,Mouse069_20160709_16-02-03,66,54,0.8181818181818182,19,0.7121212121212122,1,49,54,66,0.9074074074074074,0.7424242424242424,0.8166666666666667
yolo_sppf_full_lstm256_seed42,lstm,256,42,LSTM-256,test_1,Mouse069_20160709_16-02-03,66,54,0.8181818181818182,19,0.7121212121212122,2,45,53,65,0.8490566037735849,0.6923076923076923,0.7627118644067797
yolo_sppf_full_lstm256_seed42,lstm,256,42,LSTM-256,test_1,Mouse069_20160709_16-02-03,66,54,0.8181818181818182,19,0.7121212121212122,3,40,52,64,0.7692307692307693,0.625,0.6896551724137931
yolo_sppf_full_lstm256_seed42,lstm,256,42,LSTM-256,test_1,Mouse069_20160709_16-02-03,66,54,0.8181818181818182,19,0.7121212121212122,4,34,51,63,0.6666666666666666,0.5396825396825397,0.5964912280701754
yolo_sppf_full_lstm256_seed43,lstm,256,43,LSTM-256,test_1,Mouse069_20160709_16-02-03,66,53,0.803030303030303,19,0.7121212121212122,1,51,53,66,0.9622641509433962,0.7727272727272727,0.8571428571428572
yolo_sppf_full_lstm256_seed43,lstm,256,43,LSTM-256,test_1,Mouse069_20160709_16-02-03,66,53,0.803030303030303,19,0.7121212121212122,2,47,52,65,0.9038461538461539,0.7230769230769231,0.8034188034188035
yolo_sppf_full_lstm256_seed43,lstm,256,43,LSTM-256,test_1,Mouse069_20160709_16-02-03,66,53,0.803030303030303,19,0.7121212121212122,3,44,51,64,0.8627450980392157,0.6875,0.7652173913043478
yolo_sppf_full_lstm256_seed43,lstm,256,43,LSTM-256,test_1,Mouse069_20160709_16-02-03,66,53,0.803030303030303,19,0.7121212121212122,4,38,50,63,0.76,0.6031746031746031,0.672566371681416
yolo_sppf_full_lstm256_seed44,lstm,256,44,LSTM-256,test_1,Mouse069_20160709_16-02-03,66,56,0.8484848484848485,18,0.7272727272727273,1,53,56,66,0.9464285714285714,0.803030303030303,0.8688524590163934
yolo_sppf_full_lstm256_seed44,lstm,256,44,LSTM-256,test_1,Mouse069_20160709_16-02-03,66,56,0.8484848484848485,18,0.7272727272727273,2,47,55,65,0.8545454545454545,0.7230769230769231,0.7833333333333332
yolo_sppf_full_lstm256_seed44,lstm,256,44,LSTM-256,test_1,Mouse069_20160709_16-02-03,66,56,0.8484848484848485,18,0.7272727272727273,3,43,54,64,0.7962962962962963,0.671875,0.728813559322034
yolo_sppf_full_lstm256_seed44,lstm,256,44,LSTM-256,test_1,Mouse069_20160709_16-02-03,66,56,0.8484848484848485,18,0.7272727272727273,4,36,53,63,0.6792452830188679,0.5714285714285714,0.6206896551724137
yolo_sppf_full_lstm512_seed42,lstm,512,42,LSTM-512,test_1,Mouse069_20160709_16-02-03,66,59,0.8939393939393939,16,0.7575757575757576,1,56,59,66,0.9491525423728814,0.8484848484848485,0.896
yolo_sppf_full_lstm512_seed42,lstm,512,42,LSTM-512,test_1,Mouse069_20160709_16-02-03,66,59,0.8939393939393939,16,0.7575757575757576,2,53,58,65,0.9137931034482759,0.8153846153846154,0.8617886178861788
yolo_sppf_full_lstm512_seed42,lstm,512,42,LSTM-512,test_1,Mouse069_20160709_16-02-03,66,59,0.8939393939393939,16,0.7575757575757576,3,49,57,64,0.8596491228070176,0.765625,0.8099173553719009
yolo_sppf_full_lstm512_seed42,lstm,512,42,LSTM-512,test_1,Mouse069_20160709_16-02-03,66,59,0.8939393939393939,16,0.7575757575757576,4,42,56,63,0.75,0.6666666666666666,0.7058823529411765
yolo_sppf_full_lstm512_seed43,lstm,512,43,LSTM-512,test_1,Mouse069_20160709_16-02-03,66,50,0.7575757575757576,18,0.7272727272727273,1,50,50,66,1.0,0.7575757575757576,0.8620689655172413
yolo_sppf_full_lstm512_seed43,lstm,512,43,LSTM-512,test_1,Mouse069_20160709_16-02-03,66,50,0.7575757575757576,18,0.7272727272727273,2,47,49,65,0.9591836734693877,0.7230769230769231,0.8245614035087718
yolo_sppf_full_lstm512_seed43,lstm,512,43,LSTM-512,test_1,Mouse069_20160709_16-02-03,66,50,0.7575757575757576,18,0.7272727272727273,3,45,48,64,0.9375,0.703125,0.8035714285714286
yolo_sppf_full_lstm512_seed43,lstm,512,43,LSTM-512,test_1,Mouse069_20160709_16-02-03,66,50,0.7575757575757576,18,0.7272727272727273,4,38,47,63,0.8085106382978723,0.6031746031746031,0.6909090909090909
yolo_sppf_full_lstm512_seed44,lstm,512,44,LSTM-512,test_1,Mouse069_20160709_16-02-03,66,61,0.9242424242424242,16,0.7575757575757576,1,58,61,66,0.9508196721311475,0.8787878787878788,0.9133858267716536
yolo_sppf_full_lstm512_seed44,lstm,512,44,LSTM-512,test_1,Mouse069_20160709_16-02-03,66,61,0.9242424242424242,16,0.7575757575757576,2,55,60,65,0.9166666666666666,0.8461538461538461,0.8799999999999999
yolo_sppf_full_lstm512_seed44,lstm,512,44,LSTM-512,test_1,Mouse069_20160709_16-02-03,66,61,0.9242424242424242,16,0.7575757575757576,3,51,59,64,0.864406779661017,0.796875,0.8292682926829269
yolo_sppf_full_lstm512_seed44,lstm,512,44,LSTM-512,test_1,Mouse069_20160709_16-02-03,66,61,0.9242424242424242,16,0.7575757575757576,4,44,58,63,0.7586206896551724,0.6984126984126984,0.7272727272727273
yolo_sppf_full_lstm896_seed42,lstm,896,42,LSTM-896,test_1,Mouse069_20160709_16-02-03,66,49,0.7424242424242424,20,0.696969696969697,1,49,49,66,1.0,0.7424242424242424,0.8521739130434782
yolo_sppf_full_lstm896_seed42,lstm,896,42,LSTM-896,test_1,Mouse069_20160709_16-02-03,66,49,0.7424242424242424,20,0.696969696969697,2,46,48,65,0.9583333333333334,0.7076923076923077,0.8141592920353983
yolo_sppf_full_lstm896_seed42,lstm,896,42,LSTM-896,test_1,Mouse069_20160709_16-02-03,66,49,0.7424242424242424,20,0.696969696969697,3,44,47,64,0.9361702127659575,0.6875,0.7927927927927927
yolo_sppf_full_lstm896_seed42,lstm,896,42,LSTM-896,test_1,Mouse069_20160709_16-02-03,66,49,0.7424242424242424,20,0.696969696969697,4,38,46,63,0.8260869565217391,0.6031746031746031,0.6972477064220184
yolo_sppf_full_lstm896_seed43,lstm,896,43,LSTM-896,test_1,Mouse069_20160709_16-02-03,66,58,0.8787878787878788,15,0.7727272727272727,1,56,58,66,0.9655172413793104,0.8484848484848485,0.9032258064516129
yolo_sppf_full_lstm896_seed43,lstm,896,43,LSTM-896,test_1,Mouse069_20160709_16-02-03,66,58,0.8787878787878788,15,0.7727272727272727,2,54,57,65,0.9473684210526315,0.8307692307692308,0.8852459016393444
yolo_sppf_full_lstm896_seed43,lstm,896,43,LSTM-896,test_1,Mouse069_20160709_16-02-03,66,58,0.8787878787878788,15,0.7727272727272727,3,51,56,64,0.9107142857142857,0.796875,0.85
yolo_sppf_full_lstm896_seed43,lstm,896,43,LSTM-896,test_1,Mouse069_20160709_16-02-03,66,58,0.8787878787878788,15,0.7727272727272727,4,45,55,63,0.8181818181818182,0.7142857142857143,0.7627118644067797
yolo_sppf_full_lstm896_seed44,lstm,896,44,LSTM-896,test_1,Mouse069_20160709_16-02-03,66,59,0.8939393939393939,13,0.803030303030303,1,57,59,66,0.9661016949152542,0.8636363636363636,0.912
yolo_sppf_full_lstm896_seed44,lstm,896,44,LSTM-896,test_1,Mouse069_20160709_16-02-03,66,59,0.8939393939393939,13,0.803030303030303,2,56,58,65,0.9655172413793104,0.8615384615384616,0.9105691056910569
yolo_sppf_full_lstm896_seed44,lstm,896,44,LSTM-896,test_1,Mouse069_20160709_16-02-03,66,59,0.8939393939393939,13,0.803030303030303,3,54,57,64,0.9473684210526315,0.84375,0.8925619834710744
yolo_sppf_full_lstm896_seed44,lstm,896,44,LSTM-896,test_1,Mouse069_20160709_16-02-03,66,59,0.8939393939393939,13,0.803030303030303,4,49,56,63,0.875,0.7777777777777778,0.823529411764706
yolo_sppf_full_attention256_seed42,attention,256,42,Attention-256,test_1,Mouse070_20160709_16-58-36,193,82,0.42487046632124353,114,0.40932642487046633,1,79,82,193,0.9634146341463414,0.40932642487046633,0.5745454545454545
yolo_sppf_full_attention256_seed42,attention,256,42,Attention-256,test_1,Mouse070_20160709_16-58-36,193,82,0.42487046632124353,114,0.40932642487046633,2,65,81,192,0.8024691358024691,0.3385416666666667,0.47619047619047616
yolo_sppf_full_attention256_seed42,attention,256,42,Attention-256,test_1,Mouse070_20160709_16-58-36,193,82,0.42487046632124353,114,0.40932642487046633,3,57,80,191,0.7125,0.29842931937172773,0.42066420664206644
yolo_sppf_full_attention256_seed42,attention,256,42,Attention-256,test_1,Mouse070_20160709_16-58-36,193,82,0.42487046632124353,114,0.40932642487046633,4,49,79,190,0.620253164556962,0.2578947368421053,0.3643122676579926
yolo_sppf_full_attention256_seed43,attention,256,43,Attention-256,test_1,Mouse070_20160709_16-58-36,193,73,0.37823834196891193,122,0.36787564766839376,1,71,73,193,0.9726027397260274,0.36787564766839376,0.5338345864661654
yolo_sppf_full_attention256_seed43,attention,256,43,Attention-256,test_1,Mouse070_20160709_16-58-36,193,73,0.37823834196891193,122,0.36787564766839376,2,56,72,192,0.7777777777777778,0.2916666666666667,0.42424242424242425
yolo_sppf_full_attention256_seed43,attention,256,43,Attention-256,test_1,Mouse070_20160709_16-58-36,193,73,0.37823834196891193,122,0.36787564766839376,3,47,71,191,0.6619718309859155,0.24607329842931938,0.3587786259541985
yolo_sppf_full_attention256_seed43,attention,256,43,Attention-256,test_1,Mouse070_20160709_16-58-36,193,73,0.37823834196891193,122,0.36787564766839376,4,38,70,190,0.5428571428571428,0.2,0.29230769230769227
yolo_sppf_full_attention256_seed44,attention,256,44,Attention-256,test_1,Mouse070_20160709_16-58-36,193,97,0.5025906735751295,100,0.4818652849740933,1,93,97,193,0.9587628865979382,0.48186528497409326,0.6413793103448275
yolo_sppf_full_attention256_seed44,attention,256,44,Attention-256,test_1,Mouse070_20160709_16-58-36,193,97,0.5025906735751295,100,0.4818652849740933,2,82,96,192,0.8541666666666666,0.4270833333333333,0.5694444444444444
yolo_sppf_full_attention256_seed44,attention,256,44,Attention-256,test_1,Mouse070_20160709_16-58-36,193,97,0.5025906735751295,100,0.4818652849740933,3,76,95,191,0.8,0.39790575916230364,0.5314685314685315
yolo_sppf_full_attention256_seed44,attention,256,44,Attention-256,test_1,Mouse070_20160709_16-58-36,193,97,0.5025906735751295,100,0.4818652849740933,4,71,94,190,0.7553191489361702,0.3736842105263158,0.5
yolo_sppf_full_attention512_seed42,attention,512,42,Attention-512,test_1,Mouse070_20160709_16-58-36,193,86,0.44559585492227977,109,0.43523316062176165,1,84,86,193,0.9767441860465116,0.43523316062176165,0.6021505376344085
yolo_sppf_full_attention512_seed42,attention,512,42,Attention-512,test_1,Mouse070_20160709_16-58-36,193,86,0.44559585492227977,109,0.43523316062176165,2,61,85,192,0.7176470588235294,0.3177083333333333,0.4404332129963899
yolo_sppf_full_attention512_seed42,attention,512,42,Attention-512,test_1,Mouse070_20160709_16-58-36,193,86,0.44559585492227977,109,0.43523316062176165,3,49,84,191,0.5833333333333334,0.25654450261780104,0.3563636363636364
yolo_sppf_full_attention512_seed42,attention,512,42,Attention-512,test_1,Mouse070_20160709_16-58-36,193,86,0.44559585492227977,109,0.43523316062176165,4,38,83,190,0.4578313253012048,0.2,0.2783882783882784
yolo_sppf_full_attention512_seed43,attention,512,43,Attention-512,test_1,Mouse070_20160709_16-58-36,193,99,0.5129533678756477,96,0.5025906735751295,1,97,99,193,0.9797979797979798,0.5025906735751295,0.6643835616438356
yolo_sppf_full_attention512_seed43,attention,512,43,Attention-512,test_1,Mouse070_20160709_16-58-36,193,99,0.5129533678756477,96,0.5025906735751295,2,87,98,192,0.8877551020408163,0.453125,0.6
yolo_sppf_full_attention512_seed43,attention,512,43,Attention-512,test_1,Mouse070_20160709_16-58-36,193,99,0.5129533678756477,96,0.5025906735751295,3,82,97,191,0.845360824742268,0.4293193717277487,0.5694444444444444
yolo_sppf_full_attention512_seed43,attention,512,43,Attention-512,test_1,Mouse070_20160709_16-58-36,193,99,0.5129533678756477,96,0.5025906735751295,4,75,96,190,0.78125,0.39473684210526316,0.5244755244755244
yolo_sppf_full_attention512_seed44,attention,512,44,Attention-512,test_1,Mouse070_20160709_16-58-36,193,91,0.47150259067357514,105,0.4559585492227979,1,88,91,193,0.967032967032967,0.45595854922279794,0.619718309859155
yolo_sppf_full_attention512_seed44,attention,512,44,Attention-512,test_1,Mouse070_20160709_16-58-36,193,91,0.47150259067357514,105,0.4559585492227979,2,69,90,192,0.7666666666666667,0.359375,0.4893617021276596
yolo_sppf_full_attention512_seed44,attention,512,44,Attention-512,test_1,Mouse070_20160709_16-58-36,193,91,0.47150259067357514,105,0.4559585492227979,3,59,89,191,0.6629213483146067,0.3089005235602094,0.4214285714285714
yolo_sppf_full_attention512_seed44,attention,512,44,Attention-512,test_1,Mouse070_20160709_16-58-36,193,91,0.47150259067357514,105,0.4559585492227979,4,51,88,190,0.5795454545454546,0.26842105263157895,0.36690647482014394
yolo_sppf_full_attention896_seed42,attention,896,42,Attention-896,test_1,Mouse070_20160709_16-58-36,193,78,0.40414507772020725,116,0.39896373056994816,1,77,78,193,0.9871794871794872,0.39896373056994816,0.5682656826568265
yolo_sppf_full_attention896_seed42,attention,896,42,Attention-896,test_1,Mouse070_20160709_16-58-36,193,78,0.40414507772020725,116,0.39896373056994816,2,61,77,192,0.7922077922077922,0.3177083333333333,0.45353159851301117
yolo_sppf_full_attention896_seed42,attention,896,42,Attention-896,test_1,Mouse070_20160709_16-58-36,193,78,0.40414507772020725,116,0.39896373056994816,3,53,76,191,0.6973684210526315,0.2774869109947644,0.39700374531835203
yolo_sppf_full_attention896_seed42,attention,896,42,Attention-896,test_1,Mouse070_20160709_16-58-36,193,78,0.40414507772020725,116,0.39896373056994816,4,43,75,190,0.5733333333333334,0.22631578947368422,0.32452830188679244
yolo_sppf_full_attention896_seed43,attention,896,43,Attention-896,test_1,Mouse070_20160709_16-58-36,193,100,0.5181347150259067,94,0.5129533678756477,1,99,100,193,0.99,0.5129533678756477,0.6757679180887373
yolo_sppf_full_attention896_seed43,attention,896,43,Attention-896,test_1,Mouse070_20160709_16-58-36,193,100,0.5181347150259067,94,0.5129533678756477,2,93,99,192,0.9393939393939394,0.484375,0.6391752577319588
yolo_sppf_full_attention896_seed43,attention,896,43,Attention-896,test_1,Mouse070_20160709_16-58-36,193,100,0.5181347150259067,94,0.5129533678756477,3,89,98,191,0.9081632653061225,0.46596858638743455,0.615916955017301
yolo_sppf_full_attention896_seed43,attention,896,43,Attention-896,test_1,Mouse070_20160709_16-58-36,193,100,0.5181347150259067,94,0.5129533678756477,4,85,97,190,0.8762886597938144,0.4473684210526316,0.5923344947735192
yolo_sppf_full_attention896_seed44,attention,896,44,Attention-896,test_1,Mouse070_20160709_16-58-36,193,103,0.533678756476684,92,0.5233160621761659,1,101,103,193,0.9805825242718447,0.5233160621761658,0.6824324324324323
yolo_sppf_full_attention896_seed44,attention,896,44,Attention-896,test_1,Mouse070_20160709_16-58-36,193,103,0.533678756476684,92,0.5233160621761659,2,89,102,192,0.8725490196078431,0.4635416666666667,0.6054421768707483
yolo_sppf_full_attention896_seed44,attention,896,44,Attention-896,test_1,Mouse070_20160709_16-58-36,193,103,0.533678756476684,92,0.5233160621761659,3,82,101,191,0.8118811881188119,0.4293193717277487,0.5616438356164384
yolo_sppf_full_attention896_seed44,attention,896,44,Attention-896,test_1,Mouse070_20160709_16-58-36,193,103,0.533678756476684,92,0.5233160621761659,4,75,100,190,0.75,0.39473684210526316,0.5172413793103448
yolo_sppf_full_lstm256_seed42,lstm,256,42,LSTM-256,test_1,Mouse070_20160709_16-58-36,193,80,0.41450777202072536,115,0.40414507772020725,1,78,80,193,0.975,0.40414507772020725,0.5714285714285714
yolo_sppf_full_lstm256_seed42,lstm,256,42,LSTM-256,test_1,Mouse070_20160709_16-58-36,193,80,0.41450777202072536,115,0.40414507772020725,2,61,79,192,0.7721518987341772,0.3177083333333333,0.4501845018450184
yolo_sppf_full_lstm256_seed42,lstm,256,42,LSTM-256,test_1,Mouse070_20160709_16-58-36,193,80,0.41450777202072536,115,0.40414507772020725,3,52,78,191,0.6666666666666666,0.27225130890052357,0.38661710037174724
yolo_sppf_full_lstm256_seed42,lstm,256,42,LSTM-256,test_1,Mouse070_20160709_16-58-36,193,80,0.41450777202072536,115,0.40414507772020725,4,43,77,190,0.5584415584415584,0.22631578947368422,0.3220973782771535
yolo_sppf_full_lstm256_seed43,lstm,256,43,LSTM-256,test_1,Mouse070_20160709_16-58-36,193,87,0.45077720207253885,107,0.4455958549222798,1,86,87,193,0.9885057471264368,0.44559585492227977,0.6142857142857143
yolo_sppf_full_lstm256_seed43,lstm,256,43,LSTM-256,test_1,Mouse070_20160709_16-58-36,193,87,0.45077720207253885,107,0.4455958549222798,2,76,86,192,0.8837209302325582,0.3958333333333333,0.5467625899280576
yolo_sppf_full_lstm256_seed43,lstm,256,43,LSTM-256,test_1,Mouse070_20160709_16-58-36,193,87,0.45077720207253885,107,0.4455958549222798,3,70,85,191,0.8235294117647058,0.36649214659685864,0.5072463768115941
yolo_sppf_full_lstm256_seed43,lstm,256,43,LSTM-256,test_1,Mouse070_20160709_16-58-36,193,87,0.45077720207253885,107,0.4455958549222798,4,64,84,190,0.7619047619047619,0.3368421052631579,0.4671532846715329
yolo_sppf_full_lstm256_seed44,lstm,256,44,LSTM-256,test_1,Mouse070_20160709_16-58-36,193,92,0.47668393782383417,103,0.46632124352331605,1,90,92,193,0.9782608695652174,0.46632124352331605,0.631578947368421
yolo_sppf_full_lstm256_seed44,lstm,256,44,LSTM-256,test_1,Mouse070_20160709_16-58-36,193,92,0.47668393782383417,103,0.46632124352331605,2,80,91,192,0.8791208791208791,0.4166666666666667,0.5653710247349824
yolo_sppf_full_lstm256_seed44,lstm,256,44,LSTM-256,test_1,Mouse070_20160709_16-58-36,193,92,0.47668393782383417,103,0.46632124352331605,3,75,90,191,0.8333333333333334,0.39267015706806285,0.5338078291814946
yolo_sppf_full_lstm256_seed44,lstm,256,44,LSTM-256,test_1,Mouse070_20160709_16-58-36,193,92,0.47668393782383417,103,0.46632124352331605,4,70,89,190,0.7865168539325843,0.3684210526315789,0.5017921146953406
yolo_sppf_full_lstm512_seed42,lstm,512,42,LSTM-512,test_1,Mouse070_20160709_16-58-36,193,82,0.42487046632124353,112,0.4196891191709845,1,81,82,193,0.9878048780487805,0.41968911917098445,0.5890909090909091
yolo_sppf_full_lstm512_seed42,lstm,512,42,LSTM-512,test_1,Mouse070_20160709_16-58-36,193,82,0.42487046632124353,112,0.4196891191709845,2,69,81,192,0.8518518518518519,0.359375,0.5054945054945055
yolo_sppf_full_lstm512_seed42,lstm,512,42,LSTM-512,test_1,Mouse070_20160709_16-58-36,193,82,0.42487046632124353,112,0.4196891191709845,3,63,80,191,0.7875,0.3298429319371728,0.46494464944649444
yolo_sppf_full_lstm512_seed42,lstm,512,42,LSTM-512,test_1,Mouse070_20160709_16-58-36,193,82,0.42487046632124353,112,0.4196891191709845,4,57,79,190,0.7215189873417721,0.3,0.4237918215613383
yolo_sppf_full_lstm512_seed43,lstm,512,43,LSTM-512,test_1,Mouse070_20160709_16-58-36,193,89,0.46113989637305697,105,0.4559585492227979,1,88,89,193,0.9887640449438202,0.45595854922279794,0.6241134751773049
yolo_sppf_full_lstm512_seed43,lstm,512,43,LSTM-512,test_1,Mouse070_20160709_16-58-36,193,89,0.46113989637305697,105,0.4559585492227979,2,81,88,192,0.9204545454545454,0.421875,0.5785714285714286
yolo_sppf_full_lstm512_seed43,lstm,512,43,LSTM-512,test_1,Mouse070_20160709_16-58-36,193,89,0.46113989637305697,105,0.4559585492227979,3,74,87,191,0.8505747126436781,0.387434554973822,0.5323741007194245
yolo_sppf_full_lstm512_seed43,lstm,512,43,LSTM-512,test_1,Mouse070_20160709_16-58-36,193,89,0.46113989637305697,105,0.4559585492227979,4,67,86,190,0.7790697674418605,0.3526315789473684,0.48550724637681164
yolo_sppf_full_lstm512_seed44,lstm,512,44,LSTM-512,test_1,Mouse070_20160709_16-58-36,193,98,0.5077720207253886,96,0.5025906735751295,1,97,98,193,0.9897959183673469,0.5025906735751295,0.6666666666666666
yolo_sppf_full_lstm512_seed44,lstm,512,44,LSTM-512,test_1,Mouse070_20160709_16-58-36,193,98,0.5077720207253886,96,0.5025906735751295,2,88,97,192,0.9072164948453608,0.4583333333333333,0.6089965397923874
yolo_sppf_full_lstm512_seed44,lstm,512,44,LSTM-512,test_1,Mouse070_20160709_16-58-36,193,98,0.5077720207253886,96,0.5025906735751295,3,82,96,191,0.8541666666666666,0.4293193717277487,0.5714285714285714
yolo_sppf_full_lstm512_seed44,lstm,512,44,LSTM-512,test_1,Mouse070_20160709_16-58-36,193,98,0.5077720207253886,96,0.5025906735751295,4,77,95,190,0.8105263157894737,0.4052631578947368,0.5403508771929824
yolo_sppf_full_lstm896_seed42,lstm,896,42,LSTM-896,test_1,Mouse070_20160709_16-58-36,193,78,0.40414507772020725,116,0.39896373056994816,1,77,78,193,0.9871794871794872,0.39896373056994816,0.5682656826568265
yolo_sppf_full_lstm896_seed42,lstm,896,42,LSTM-896,test_1,Mouse070_20160709_16-58-36,193,78,0.40414507772020725,116,0.39896373056994816,2,64,77,192,0.8311688311688312,0.3333333333333333,0.47583643122676583
yolo_sppf_full_lstm896_seed42,lstm,896,42,LSTM-896,test_1,Mouse070_20160709_16-58-36,193,78,0.40414507772020725,116,0.39896373056994816,3,58,76,191,0.7631578947368421,0.3036649214659686,0.43445692883895126
yolo_sppf_full_lstm896_seed42,lstm,896,42,LSTM-896,test_1,Mouse070_20160709_16-58-36,193,78,0.40414507772020725,116,0.39896373056994816,4,52,75,190,0.6933333333333334,0.2736842105263158,0.39245283018867927
yolo_sppf_full_lstm896_seed43,lstm,896,43,LSTM-896,test_1,Mouse070_20160709_16-58-36,193,89,0.46113989637305697,105,0.4559585492227979,1,88,89,193,0.9887640449438202,0.45595854922279794,0.6241134751773049
yolo_sppf_full_lstm896_seed43,lstm,896,43,LSTM-896,test_1,Mouse070_20160709_16-58-36,193,89,0.46113989637305697,105,0.4559585492227979,2,80,88,192,0.9090909090909091,0.4166666666666667,0.5714285714285715
yolo_sppf_full_lstm896_seed43,lstm,896,43,LSTM-896,test_1,Mouse070_20160709_16-58-36,193,89,0.46113989637305697,105,0.4559585492227979,3,75,87,191,0.8620689655172413,0.39267015706806285,0.539568345323741
yolo_sppf_full_lstm896_seed43,lstm,896,43,LSTM-896,test_1,Mouse070_20160709_16-58-36,193,89,0.46113989637305697,105,0.4559585492227979,4,70,86,190,0.813953488372093,0.3684210526315789,0.5072463768115942
yolo_sppf_full_lstm896_seed44,lstm,896,44,LSTM-896,test_1,Mouse070_20160709_16-58-36,193,90,0.46632124352331605,104,0.46113989637305697,1,89,90,193,0.9888888888888889,0.46113989637305697,0.6289752650176679
yolo_sppf_full_lstm896_seed44,lstm,896,44,LSTM-896,test_1,Mouse070_20160709_16-58-36,193,90,0.46632124352331605,104,0.46113989637305697,2,83,89,192,0.9325842696629213,0.4322916666666667,0.5907473309608542
yolo_sppf_full_lstm896_seed44,lstm,896,44,LSTM-896,test_1,Mouse070_20160709_16-58-36,193,90,0.46632124352331605,104,0.46113989637305697,3,80,88,191,0.9090909090909091,0.418848167539267,0.5734767025089605
yolo_sppf_full_lstm896_seed44,lstm,896,44,LSTM-896,test_1,Mouse070_20160709_16-58-36,193,90,0.46632124352331605,104,0.46113989637305697,4,77,87,190,0.8850574712643678,0.4052631578947368,0.555956678700361
yolo_sppf_full_attention256_seed42,attention,256,42,Attention-256,test_1,Mouse074_20160709_19-15-23,119,66,0.5546218487394958,55,0.5378151260504201,1,64,66,119,0.9696969696969697,0.5378151260504201,0.6918918918918919
yolo_sppf_full_attention256_seed42,attention,256,42,Attention-256,test_1,Mouse074_20160709_19-15-23,119,66,0.5546218487394958,55,0.5378151260504201,2,46,65,118,0.7076923076923077,0.3898305084745763,0.5027322404371585
yolo_sppf_full_attention256_seed42,attention,256,42,Attention-256,test_1,Mouse074_20160709_19-15-23,119,66,0.5546218487394958,55,0.5378151260504201,3,35,64,117,0.546875,0.29914529914529914,0.38674033149171266
yolo_sppf_full_attention256_seed42,attention,256,42,Attention-256,test_1,Mouse074_20160709_19-15-23,119,66,0.5546218487394958,55,0.5378151260504201,4,25,63,116,0.3968253968253968,0.21551724137931033,0.27932960893854747
yolo_sppf_full_attention256_seed43,attention,256,43,Attention-256,test_1,Mouse074_20160709_19-15-23,119,66,0.5546218487394958,54,0.546218487394958,1,65,66,119,0.9848484848484849,0.5462184873949579,0.7027027027027027
yolo_sppf_full_attention256_seed43,attention,256,43,Attention-256,test_1,Mouse074_20160709_19-15-23,119,66,0.5546218487394958,54,0.546218487394958,2,53,65,118,0.8153846153846154,0.4491525423728814,0.5792349726775957
yolo_sppf_full_attention256_seed43,attention,256,43,Attention-256,test_1,Mouse074_20160709_19-15-23,119,66,0.5546218487394958,54,0.546218487394958,3,45,64,117,0.703125,0.38461538461538464,0.49723756906077354
yolo_sppf_full_attention256_seed43,attention,256,43,Attention-256,test_1,Mouse074_20160709_19-15-23,119,66,0.5546218487394958,54,0.546218487394958,4,38,63,116,0.6031746031746031,0.3275862068965517,0.4245810055865922
yolo_sppf_full_attention256_seed44,attention,256,44,Attention-256,test_1,Mouse074_20160709_19-15-23,119,73,0.6134453781512605,48,0.5966386554621849,1,71,73,119,0.9726027397260274,0.5966386554621849,0.7395833333333334
yolo_sppf_full_attention256_seed44,attention,256,44,Attention-256,test_1,Mouse074_20160709_19-15-23,119,73,0.6134453781512605,48,0.5966386554621849,2,58,72,118,0.8055555555555556,0.4915254237288136,0.6105263157894737
yolo_sppf_full_attention256_seed44,attention,256,44,Attention-256,test_1,Mouse074_20160709_19-15-23,119,73,0.6134453781512605,48,0.5966386554621849,3,49,71,117,0.6901408450704225,0.4188034188034188,0.5212765957446809
yolo_sppf_full_attention256_seed44,attention,256,44,Attention-256,test_1,Mouse074_20160709_19-15-23,119,73,0.6134453781512605,48,0.5966386554621849,4,41,70,116,0.5857142857142857,0.35344827586206895,0.44086021505376344
yolo_sppf_full_attention512_seed42,attention,512,42,Attention-512,test_1,Mouse074_20160709_19-15-23,119,58,0.48739495798319327,63,0.47058823529411764,1,56,58,119,0.9655172413793104,0.47058823529411764,0.6327683615819208
yolo_sppf_full_attention512_seed42,attention,512,42,Attention-512,test_1,Mouse074_20160709_19-15-23,119,58,0.48739495798319327,63,0.47058823529411764,2,36,57,118,0.631578947368421,0.3050847457627119,0.4114285714285714
yolo_sppf_full_attention512_seed42,attention,512,42,Attention-512,test_1,Mouse074_20160709_19-15-23,119,58,0.48739495798319327,63,0.47058823529411764,3,29,56,117,0.5178571428571429,0.24786324786324787,0.3352601156069364
yolo_sppf_full_attention512_seed42,attention,512,42,Attention-512,test_1,Mouse074_20160709_19-15-23,119,58,0.48739495798319327,63,0.47058823529411764,4,22,55,116,0.4,0.1896551724137931,0.2573099415204679
yolo_sppf_full_attention512_seed43,attention,512,43,Attention-512,test_1,Mouse074_20160709_19-15-23,119,72,0.6050420168067226,49,0.5882352941176471,1,70,72,119,0.9722222222222222,0.5882352941176471,0.7329842931937173
yolo_sppf_full_attention512_seed43,attention,512,43,Attention-512,test_1,Mouse074_20160709_19-15-23,119,72,0.6050420168067226,49,0.5882352941176471,2,54,71,118,0.7605633802816901,0.4576271186440678,0.5714285714285715
yolo_sppf_full_attention512_seed43,attention,512,43,Attention-512,test_1,Mouse074_20160709_19-15-23,119,72,0.6050420168067226,49,0.5882352941176471,3,43,70,117,0.6142857142857143,0.36752136752136755,0.45989304812834225
yolo_sppf_full_attention512_seed43,attention,512,43,Attention-512,test_1,Mouse074_20160709_19-15-23,119,72,0.6050420168067226,49,0.5882352941176471,4,34,69,116,0.4927536231884058,0.29310344827586204,0.36756756756756753
yolo_sppf_full_attention512_seed44,attention,512,44,Attention-512,test_1,Mouse074_20160709_19-15-23,119,68,0.5714285714285714,53,0.5546218487394958,1,66,68,119,0.9705882352941176,0.5546218487394958,0.7058823529411765
yolo_sppf_full_attention512_seed44,attention,512,44,Attention-512,test_1,Mouse074_20160709_19-15-23,119,68,0.5714285714285714,53,0.5546218487394958,2,49,67,118,0.7313432835820896,0.4152542372881356,0.5297297297297298
yolo_sppf_full_attention512_seed44,attention,512,44,Attention-512,test_1,Mouse074_20160709_19-15-23,119,68,0.5714285714285714,53,0.5546218487394958,3,39,66,117,0.5909090909090909,0.3333333333333333,0.4262295081967213
yolo_sppf_full_attention512_seed44,attention,512,44,Attention-512,test_1,Mouse074_20160709_19-15-23,119,68,0.5714285714285714,53,0.5546218487394958,4,30,65,116,0.46153846153846156,0.25862068965517243,0.3314917127071823
yolo_sppf_full_attention896_seed42,attention,896,42,Attention-896,test_1,Mouse074_20160709_19-15-23,119,60,0.5042016806722689,61,0.4873949579831933,1,58,60,119,0.9666666666666667,0.48739495798319327,0.6480446927374302
yolo_sppf_full_attention896_seed42,attention,896,42,Attention-896,test_1,Mouse074_20160709_19-15-23,119,60,0.5042016806722689,61,0.4873949579831933,2,36,59,118,0.6101694915254238,0.3050847457627119,0.40677966101694923
yolo_sppf_full_attention896_seed42,attention,896,42,Attention-896,test_1,Mouse074_20160709_19-15-23,119,60,0.5042016806722689,61,0.4873949579831933,3,28,58,117,0.4827586206896552,0.23931623931623933,0.32
yolo_sppf_full_attention896_seed42,attention,896,42,Attention-896,test_1,Mouse074_20160709_19-15-23,119,60,0.5042016806722689,61,0.4873949579831933,4,20,57,116,0.3508771929824561,0.1724137931034483,0.23121387283236994
yolo_sppf_full_attention896_seed43,attention,896,43,Attention-896,test_1,Mouse074_20160709_19-15-23,119,80,0.6722689075630253,41,0.6554621848739496,1,79,80,119,0.9875,0.6638655462184874,0.7939698492462312
yolo_sppf_full_attention896_seed43,attention,896,43,Attention-896,test_1,Mouse074_20160709_19-15-23,119,80,0.6722689075630253,41,0.6554621848739496,2,67,79,118,0.8481012658227848,0.5677966101694916,0.6802030456852792
yolo_sppf_full_attention896_seed43,attention,896,43,Attention-896,test_1,Mouse074_20160709_19-15-23,119,80,0.6722689075630253,41,0.6554621848739496,3,58,78,117,0.7435897435897436,0.49572649572649574,0.5948717948717949
yolo_sppf_full_attention896_seed43,attention,896,43,Attention-896,test_1,Mouse074_20160709_19-15-23,119,80,0.6722689075630253,41,0.6554621848739496,4,50,77,116,0.6493506493506493,0.43103448275862066,0.5181347150259068
yolo_sppf_full_attention896_seed44,attention,896,44,Attention-896,test_1,Mouse074_20160709_19-15-23,119,75,0.6302521008403361,45,0.6218487394957983,1,74,75,119,0.9866666666666667,0.6218487394957983,0.7628865979381443
yolo_sppf_full_attention896_seed44,attention,896,44,Attention-896,test_1,Mouse074_20160709_19-15-23,119,75,0.6302521008403361,45,0.6218487394957983,2,59,74,118,0.7972972972972973,0.5,0.6145833333333333
yolo_sppf_full_attention896_seed44,attention,896,44,Attention-896,test_1,Mouse074_20160709_19-15-23,119,75,0.6302521008403361,45,0.6218487394957983,3,48,73,117,0.6575342465753424,0.41025641025641024,0.5052631578947369
yolo_sppf_full_attention896_seed44,attention,896,44,Attention-896,test_1,Mouse074_20160709_19-15-23,119,75,0.6302521008403361,45,0.6218487394957983,4,38,72,116,0.5277777777777778,0.3275862068965517,0.40425531914893614
yolo_sppf_full_lstm256_seed42,lstm,256,42,LSTM-256,test_1,Mouse074_20160709_19-15-23,119,63,0.5294117647058824,59,0.5042016806722689,1,60,63,119,0.9523809523809523,0.5042016806722689,0.6593406593406593
yolo_sppf_full_lstm256_seed42,lstm,256,42,LSTM-256,test_1,Mouse074_20160709_19-15-23,119,63,0.5294117647058824,59,0.5042016806722689,2,37,62,118,0.5967741935483871,0.3135593220338983,0.4111111111111111
yolo_sppf_full_lstm256_seed42,lstm,256,42,LSTM-256,test_1,Mouse074_20160709_19-15-23,119,63,0.5294117647058824,59,0.5042016806722689,3,26,61,117,0.4262295081967213,0.2222222222222222,0.29213483146067415
yolo_sppf_full_lstm256_seed42,lstm,256,42,LSTM-256,test_1,Mouse074_20160709_19-15-23,119,63,0.5294117647058824,59,0.5042016806722689,4,15,60,116,0.25,0.12931034482758622,0.17045454545454547
yolo_sppf_full_lstm256_seed43,lstm,256,43,LSTM-256,test_1,Mouse074_20160709_19-15-23,119,72,0.6050420168067226,49,0.5882352941176471,1,70,72,119,0.9722222222222222,0.5882352941176471,0.7329842931937173
yolo_sppf_full_lstm256_seed43,lstm,256,43,LSTM-256,test_1,Mouse074_20160709_19-15-23,119,72,0.6050420168067226,49,0.5882352941176471,2,56,71,118,0.7887323943661971,0.4745762711864407,0.5925925925925927
yolo_sppf_full_lstm256_seed43,lstm,256,43,LSTM-256,test_1,Mouse074_20160709_19-15-23,119,72,0.6050420168067226,49,0.5882352941176471,3,47,70,117,0.6714285714285714,0.4017094017094017,0.5026737967914439
yolo_sppf_full_lstm256_seed43,lstm,256,43,LSTM-256,test_1,Mouse074_20160709_19-15-23,119,72,0.6050420168067226,49,0.5882352941176471,4,38,69,116,0.5507246376811594,0.3275862068965517,0.41081081081081083
yolo_sppf_full_lstm256_seed44,lstm,256,44,LSTM-256,test_1,Mouse074_20160709_19-15-23,119,75,0.6302521008403361,47,0.6050420168067228,1,72,75,119,0.96,0.6050420168067226,0.7422680412371133
yolo_sppf_full_lstm256_seed44,lstm,256,44,LSTM-256,test_1,Mouse074_20160709_19-15-23,119,75,0.6302521008403361,47,0.6050420168067228,2,58,74,118,0.7837837837837838,0.4915254237288136,0.6041666666666666
yolo_sppf_full_lstm256_seed44,lstm,256,44,LSTM-256,test_1,Mouse074_20160709_19-15-23,119,75,0.6302521008403361,47,0.6050420168067228,3,51,73,117,0.6986301369863014,0.4358974358974359,0.5368421052631579
yolo_sppf_full_lstm256_seed44,lstm,256,44,LSTM-256,test_1,Mouse074_20160709_19-15-23,119,75,0.6302521008403361,47,0.6050420168067228,4,43,72,116,0.5972222222222222,0.3706896551724138,0.4574468085106383
yolo_sppf_full_lstm512_seed42,lstm,512,42,LSTM-512,test_1,Mouse074_20160709_19-15-23,119,72,0.6050420168067226,49,0.5882352941176471,1,70,72,119,0.9722222222222222,0.5882352941176471,0.7329842931937173
yolo_sppf_full_lstm512_seed42,lstm,512,42,LSTM-512,test_1,Mouse074_20160709_19-15-23,119,72,0.6050420168067226,49,0.5882352941176471,2,56,71,118,0.7887323943661971,0.4745762711864407,0.5925925925925927
yolo_sppf_full_lstm512_seed42,lstm,512,42,LSTM-512,test_1,Mouse074_20160709_19-15-23,119,72,0.6050420168067226,49,0.5882352941176471,3,45,70,117,0.6428571428571429,0.38461538461538464,0.4812834224598931
yolo_sppf_full_lstm512_seed42,lstm,512,42,LSTM-512,test_1,Mouse074_20160709_19-15-23,119,72,0.6050420168067226,49,0.5882352941176471,4,34,69,116,0.4927536231884058,0.29310344827586204,0.36756756756756753
yolo_sppf_full_lstm512_seed43,lstm,512,43,LSTM-512,test_1,Mouse074_20160709_19-15-23,119,66,0.5546218487394958,55,0.5378151260504201,1,64,66,119,0.9696969696969697,0.5378151260504201,0.6918918918918919
yolo_sppf_full_lstm512_seed43,lstm,512,43,LSTM-512,test_1,Mouse074_20160709_19-15-23,119,66,0.5546218487394958,55,0.5378151260504201,2,53,65,118,0.8153846153846154,0.4491525423728814,0.5792349726775957
yolo_sppf_full_lstm512_seed43,lstm,512,43,LSTM-512,test_1,Mouse074_20160709_19-15-23,119,66,0.5546218487394958,55,0.5378151260504201,3,45,64,117,0.703125,0.38461538461538464,0.49723756906077354
yolo_sppf_full_lstm512_seed43,lstm,512,43,LSTM-512,test_1,Mouse074_20160709_19-15-23,119,66,0.5546218487394958,55,0.5378151260504201,4,35,63,116,0.5555555555555556,0.3017241379310345,0.39106145251396646
yolo_sppf_full_lstm512_seed44,lstm,512,44,LSTM-512,test_1,Mouse074_20160709_19-15-23,119,81,0.680672268907563,40,0.6638655462184874,1,79,81,119,0.9753086419753086,0.6638655462184874,0.79
yolo_sppf_full_lstm512_seed44,lstm,512,44,LSTM-512,test_1,Mouse074_20160709_19-15-23,119,81,0.680672268907563,40,0.6638655462184874,2,69,80,118,0.8625,0.5847457627118644,0.6969696969696969
yolo_sppf_full_lstm512_seed44,lstm,512,44,LSTM-512,test_1,Mouse074_20160709_19-15-23,119,81,0.680672268907563,40,0.6638655462184874,3,61,79,117,0.7721518987341772,0.5213675213675214,0.6224489795918368
yolo_sppf_full_lstm512_seed44,lstm,512,44,LSTM-512,test_1,Mouse074_20160709_19-15-23,119,81,0.680672268907563,40,0.6638655462184874,4,51,78,116,0.6538461538461539,0.4396551724137931,0.5257731958762887
yolo_sppf_full_lstm896_seed42,lstm,896,42,LSTM-896,test_1,Mouse074_20160709_19-15-23,119,70,0.5882352941176471,50,0.5798319327731092,1,69,70,119,0.9857142857142858,0.5798319327731093,0.7301587301587302
yolo_sppf_full_lstm896_seed42,lstm,896,42,LSTM-896,test_1,Mouse074_20160709_19-15-23,119,70,0.5882352941176471,50,0.5798319327731092,2,52,69,118,0.7536231884057971,0.4406779661016949,0.5561497326203209
yolo_sppf_full_lstm896_seed42,lstm,896,42,LSTM-896,test_1,Mouse074_20160709_19-15-23,119,70,0.5882352941176471,50,0.5798319327731092,3,41,68,117,0.6029411764705882,0.3504273504273504,0.4432432432432432
yolo_sppf_full_lstm896_seed42,lstm,896,42,LSTM-896,test_1,Mouse074_20160709_19-15-23,119,70,0.5882352941176471,50,0.5798319327731092,4,31,67,116,0.4626865671641791,0.2672413793103448,0.33879781420765026
yolo_sppf_full_lstm896_seed43,lstm,896,43,LSTM-896,test_1,Mouse074_20160709_19-15-23,119,73,0.6134453781512605,48,0.5966386554621849,1,71,73,119,0.9726027397260274,0.5966386554621849,0.7395833333333334
yolo_sppf_full_lstm896_seed43,lstm,896,43,LSTM-896,test_1,Mouse074_20160709_19-15-23,119,73,0.6134453781512605,48,0.5966386554621849,2,60,72,118,0.8333333333333334,0.5084745762711864,0.631578947368421
yolo_sppf_full_lstm896_seed43,lstm,896,43,LSTM-896,test_1,Mouse074_20160709_19-15-23,119,73,0.6134453781512605,48,0.5966386554621849,3,51,71,117,0.7183098591549296,0.4358974358974359,0.5425531914893617
yolo_sppf_full_lstm896_seed43,lstm,896,43,LSTM-896,test_1,Mouse074_20160709_19-15-23,119,73,0.6134453781512605,48,0.5966386554621849,4,43,70,116,0.6142857142857143,0.3706896551724138,0.4623655913978495
yolo_sppf_full_lstm896_seed44,lstm,896,44,LSTM-896,test_1,Mouse074_20160709_19-15-23,119,73,0.6134453781512605,47,0.6050420168067228,1,72,73,119,0.9863013698630136,0.6050420168067226,0.7499999999999999
yolo_sppf_full_lstm896_seed44,lstm,896,44,LSTM-896,test_1,Mouse074_20160709_19-15-23,119,73,0.6134453781512605,47,0.6050420168067228,2,63,72,118,0.875,0.5338983050847458,0.6631578947368422
yolo_sppf_full_lstm896_seed44,lstm,896,44,LSTM-896,test_1,Mouse074_20160709_19-15-23,119,73,0.6134453781512605,47,0.6050420168067228,3,56,71,117,0.7887323943661971,0.47863247863247865,0.5957446808510638
yolo_sppf_full_lstm896_seed44,lstm,896,44,LSTM-896,test_1,Mouse074_20160709_19-15-23,119,73,0.6134453781512605,47,0.6050420168067228,4,48,70,116,0.6857142857142857,0.41379310344827586,0.5161290322580646
yolo_sppf_full_attention256_seed42,attention,256,42,Attention-256,test_1,Mouse077_20160709_18-29-34,280,122,0.4357142857142857,158,0.4357142857142857,1,122,122,280,1.0,0.4357142857142857,0.6069651741293532
yolo_sppf_full_attention256_seed42,attention,256,42,Attention-256,test_1,Mouse077_20160709_18-29-34,280,122,0.4357142857142857,158,0.4357142857142857,2,75,121,279,0.6198347107438017,0.26881720430107525,0.375
yolo_sppf_full_attention256_seed42,attention,256,42,Attention-256,test_1,Mouse077_20160709_18-29-34,280,122,0.4357142857142857,158,0.4357142857142857,3,60,120,278,0.5,0.2158273381294964,0.3015075376884422
yolo_sppf_full_attention256_seed42,attention,256,42,Attention-256,test_1,Mouse077_20160709_18-29-34,280,122,0.4357142857142857,158,0.4357142857142857,4,45,119,277,0.37815126050420167,0.1624548736462094,0.2272727272727273
yolo_sppf_full_attention256_seed43,attention,256,43,Attention-256,test_1,Mouse077_20160709_18-29-34,280,128,0.45714285714285713,152,0.4571428571428572,1,128,128,280,1.0,0.45714285714285713,0.6274509803921569
yolo_sppf_full_attention256_seed43,attention,256,43,Attention-256,test_1,Mouse077_20160709_18-29-34,280,128,0.45714285714285713,152,0.4571428571428572,2,87,127,279,0.6850393700787402,0.3118279569892473,0.42857142857142855
yolo_sppf_full_attention256_seed43,attention,256,43,Attention-256,test_1,Mouse077_20160709_18-29-34,280,128,0.45714285714285713,152,0.4571428571428572,3,73,126,278,0.5793650793650794,0.26258992805755393,0.3613861386138614
yolo_sppf_full_attention256_seed43,attention,256,43,Attention-256,test_1,Mouse077_20160709_18-29-34,280,128,0.45714285714285713,152,0.4571428571428572,4,61,125,277,0.488,0.22021660649819494,0.30348258706467657
yolo_sppf_full_attention256_seed44,attention,256,44,Attention-256,test_1,Mouse077_20160709_18-29-34,280,136,0.4857142857142857,144,0.48571428571428577,1,136,136,280,1.0,0.4857142857142857,0.6538461538461539
yolo_sppf_full_attention256_seed44,attention,256,44,Attention-256,test_1,Mouse077_20160709_18-29-34,280,136,0.4857142857142857,144,0.48571428571428577,2,101,135,279,0.7481481481481481,0.36200716845878134,0.4879227053140097
yolo_sppf_full_attention256_seed44,attention,256,44,Attention-256,test_1,Mouse077_20160709_18-29-34,280,136,0.4857142857142857,144,0.48571428571428577,3,88,134,278,0.6567164179104478,0.31654676258992803,0.42718446601941745
yolo_sppf_full_attention256_seed44,attention,256,44,Attention-256,test_1,Mouse077_20160709_18-29-34,280,136,0.4857142857142857,144,0.48571428571428577,4,75,133,277,0.5639097744360902,0.27075812274368233,0.3658536585365854
yolo_sppf_full_attention512_seed42,attention,512,42,Attention-512,test_1,Mouse077_20160709_18-29-34,280,97,0.3464285714285714,183,0.3464285714285714,1,97,97,280,1.0,0.3464285714285714,0.5145888594164456
yolo_sppf_full_attention512_seed42,attention,512,42,Attention-512,test_1,Mouse077_20160709_18-29-34,280,97,0.3464285714285714,183,0.3464285714285714,2,45,96,279,0.46875,0.16129032258064516,0.24000000000000002
yolo_sppf_full_attention512_seed42,attention,512,42,Attention-512,test_1,Mouse077_20160709_18-29-34,280,97,0.3464285714285714,183,0.3464285714285714,3,35,95,278,0.3684210526315789,0.12589928057553956,0.1876675603217158
yolo_sppf_full_attention512_seed42,attention,512,42,Attention-512,test_1,Mouse077_20160709_18-29-34,280,97,0.3464285714285714,183,0.3464285714285714,4,26,94,277,0.2765957446808511,0.09386281588447654,0.14016172506738545
yolo_sppf_full_attention512_seed43,attention,512,43,Attention-512,test_1,Mouse077_20160709_18-29-34,280,126,0.45,154,0.44999999999999996,1,126,126,280,1.0,0.45,0.6206896551724138
yolo_sppf_full_attention512_seed43,attention,512,43,Attention-512,test_1,Mouse077_20160709_18-29-34,280,126,0.45,154,0.44999999999999996,2,85,125,279,0.68,0.3046594982078853,0.4207920792079208
yolo_sppf_full_attention512_seed43,attention,512,43,Attention-512,test_1,Mouse077_20160709_18-29-34,280,126,0.45,154,0.44999999999999996,3,71,124,278,0.5725806451612904,0.25539568345323743,0.35323383084577115
yolo_sppf_full_attention512_seed43,attention,512,43,Attention-512,test_1,Mouse077_20160709_18-29-34,280,126,0.45,154,0.44999999999999996,4,57,123,277,0.4634146341463415,0.20577617328519857,0.28500000000000003
yolo_sppf_full_attention512_seed44,attention,512,44,Attention-512,test_1,Mouse077_20160709_18-29-34,280,109,0.3892857142857143,171,0.38928571428571423,1,109,109,280,1.0,0.3892857142857143,0.5604113110539846
yolo_sppf_full_attention512_seed44,attention,512,44,Attention-512,test_1,Mouse077_20160709_18-29-34,280,109,0.3892857142857143,171,0.38928571428571423,2,68,108,279,0.6296296296296297,0.24372759856630824,0.35142118863049093
yolo_sppf_full_attention512_seed44,attention,512,44,Attention-512,test_1,Mouse077_20160709_18-29-34,280,109,0.3892857142857143,171,0.38928571428571423,3,58,107,278,0.5420560747663551,0.20863309352517986,0.3012987012987013
yolo_sppf_full_attention512_seed44,attention,512,44,Attention-512,test_1,Mouse077_20160709_18-29-34,280,109,0.3892857142857143,171,0.38928571428571423,4,48,106,277,0.4528301886792453,0.17328519855595667,0.2506527415143603
yolo_sppf_full_attention896_seed42,attention,896,42,Attention-896,test_1,Mouse077_20160709_18-29-34,280,106,0.37857142857142856,174,0.37857142857142856,1,106,106,280,1.0,0.37857142857142856,0.5492227979274611
yolo_sppf_full_attention896_seed42,attention,896,42,Attention-896,test_1,Mouse077_20160709_18-29-34,280,106,0.37857142857142856,174,0.37857142857142856,2,56,105,279,0.5333333333333333,0.2007168458781362,0.2916666666666667
yolo_sppf_full_attention896_seed42,attention,896,42,Attention-896,test_1,Mouse077_20160709_18-29-34,280,106,0.37857142857142856,174,0.37857142857142856,3,45,104,278,0.4326923076923077,0.1618705035971223,0.2356020942408377
yolo_sppf_full_attention896_seed42,attention,896,42,Attention-896,test_1,Mouse077_20160709_18-29-34,280,106,0.37857142857142856,174,0.37857142857142856,4,35,103,277,0.33980582524271846,0.1263537906137184,0.1842105263157895
yolo_sppf_full_attention896_seed43,attention,896,43,Attention-896,test_1,Mouse077_20160709_18-29-34,280,136,0.4857142857142857,144,0.48571428571428577,1,136,136,280,1.0,0.4857142857142857,0.6538461538461539
yolo_sppf_full_attention896_seed43,attention,896,43,Attention-896,test_1,Mouse077_20160709_18-29-34,280,136,0.4857142857142857,144,0.48571428571428577,2,103,135,279,0.762962962962963,0.36917562724014336,0.497584541062802
yolo_sppf_full_attention896_seed43,attention,896,43,Attention-896,test_1,Mouse077_20160709_18-29-34,280,136,0.4857142857142857,144,0.48571428571428577,3,93,134,278,0.6940298507462687,0.3345323741007194,0.4514563106796116
yolo_sppf_full_attention896_seed43,attention,896,43,Attention-896,test_1,Mouse077_20160709_18-29-34,280,136,0.4857142857142857,144,0.48571428571428577,4,83,133,277,0.6240601503759399,0.2996389891696751,0.4048780487804878
yolo_sppf_full_attention896_seed44,attention,896,44,Attention-896,test_1,Mouse077_20160709_18-29-34,280,115,0.4107142857142857,165,0.4107142857142857,1,115,115,280,1.0,0.4107142857142857,0.5822784810126582
yolo_sppf_full_attention896_seed44,attention,896,44,Attention-896,test_1,Mouse077_20160709_18-29-34,280,115,0.4107142857142857,165,0.4107142857142857,2,75,114,279,0.6578947368421053,0.26881720430107525,0.38167938931297707
yolo_sppf_full_attention896_seed44,attention,896,44,Attention-896,test_1,Mouse077_20160709_18-29-34,280,115,0.4107142857142857,165,0.4107142857142857,3,62,113,278,0.5486725663716814,0.22302158273381295,0.3171355498721228
yolo_sppf_full_attention896_seed44,attention,896,44,Attention-896,test_1,Mouse077_20160709_18-29-34,280,115,0.4107142857142857,165,0.4107142857142857,4,49,112,277,0.4375,0.17689530685920576,0.2519280205655527
yolo_sppf_full_lstm256_seed42,lstm,256,42,LSTM-256,test_1,Mouse077_20160709_18-29-34,280,123,0.4392857142857143,157,0.4392857142857143,1,123,123,280,1.0,0.4392857142857143,0.6104218362282878
yolo_sppf_full_lstm256_seed42,lstm,256,42,LSTM-256,test_1,Mouse077_20160709_18-29-34,280,123,0.4392857142857143,157,0.4392857142857143,2,78,122,279,0.639344262295082,0.27956989247311825,0.3890274314214464
yolo_sppf_full_lstm256_seed42,lstm,256,42,LSTM-256,test_1,Mouse077_20160709_18-29-34,280,123,0.4392857142857143,157,0.4392857142857143,3,65,121,278,0.5371900826446281,0.23381294964028776,0.3258145363408521
yolo_sppf_full_lstm256_seed42,lstm,256,42,LSTM-256,test_1,Mouse077_20160709_18-29-34,280,123,0.4392857142857143,157,0.4392857142857143,4,53,120,277,0.44166666666666665,0.19133574007220217,0.26700251889168763
yolo_sppf_full_lstm256_seed43,lstm,256,43,LSTM-256,test_1,Mouse077_20160709_18-29-34,280,140,0.5,140,0.5,1,140,140,280,1.0,0.5,0.6666666666666666
yolo_sppf_full_lstm256_seed43,lstm,256,43,LSTM-256,test_1,Mouse077_20160709_18-29-34,280,140,0.5,140,0.5,2,107,139,279,0.7697841726618705,0.3835125448028674,0.5119617224880382
yolo_sppf_full_lstm256_seed43,lstm,256,43,LSTM-256,test_1,Mouse077_20160709_18-29-34,280,140,0.5,140,0.5,3,94,138,278,0.6811594202898551,0.3381294964028777,0.451923076923077
yolo_sppf_full_lstm256_seed43,lstm,256,43,LSTM-256,test_1,Mouse077_20160709_18-29-34,280,140,0.5,140,0.5,4,82,137,277,0.5985401459854015,0.296028880866426,0.3961352657004831
yolo_sppf_full_lstm256_seed44,lstm,256,44,LSTM-256,test_1,Mouse077_20160709_18-29-34,280,142,0.5071428571428571,138,0.5071428571428571,1,142,142,280,1.0,0.5071428571428571,0.6729857819905213
yolo_sppf_full_lstm256_seed44,lstm,256,44,LSTM-256,test_1,Mouse077_20160709_18-29-34,280,142,0.5071428571428571,138,0.5071428571428571,2,113,141,279,0.8014184397163121,0.4050179211469534,0.5380952380952381
yolo_sppf_full_lstm256_seed44,lstm,256,44,LSTM-256,test_1,Mouse077_20160709_18-29-34,280,142,0.5071428571428571,138,0.5071428571428571,3,101,140,278,0.7214285714285714,0.36330935251798563,0.4832535885167464
yolo_sppf_full_lstm256_seed44,lstm,256,44,LSTM-256,test_1,Mouse077_20160709_18-29-34,280,142,0.5071428571428571,138,0.5071428571428571,4,90,139,277,0.6474820143884892,0.3249097472924188,0.4326923076923077
yolo_sppf_full_lstm512_seed42,lstm,512,42,LSTM-512,test_1,Mouse077_20160709_18-29-34,280,124,0.44285714285714284,156,0.44285714285714284,1,124,124,280,1.0,0.44285714285714284,0.6138613861386139
yolo_sppf_full_lstm512_seed42,lstm,512,42,LSTM-512,test_1,Mouse077_20160709_18-29-34,280,124,0.44285714285714284,156,0.44285714285714284,2,82,123,279,0.6666666666666666,0.2939068100358423,0.4079601990049751
yolo_sppf_full_lstm512_seed42,lstm,512,42,LSTM-512,test_1,Mouse077_20160709_18-29-34,280,124,0.44285714285714284,156,0.44285714285714284,3,68,122,278,0.5573770491803278,0.2446043165467626,0.33999999999999997
yolo_sppf_full_lstm512_seed42,lstm,512,42,LSTM-512,test_1,Mouse077_20160709_18-29-34,280,124,0.44285714285714284,156,0.44285714285714284,4,55,121,277,0.45454545454545453,0.19855595667870035,0.27638190954773867
yolo_sppf_full_lstm512_seed43,lstm,512,43,LSTM-512,test_1,Mouse077_20160709_18-29-34,280,141,0.5035714285714286,139,0.5035714285714286,1,141,141,280,1.0,0.5035714285714286,0.669833729216152
yolo_sppf_full_lstm512_seed43,lstm,512,43,LSTM-512,test_1,Mouse077_20160709_18-29-34,280,141,0.5035714285714286,139,0.5035714285714286,2,106,140,279,0.7571428571428571,0.37992831541218636,0.5059665871121718
yolo_sppf_full_lstm512_seed43,lstm,512,43,LSTM-512,test_1,Mouse077_20160709_18-29-34,280,141,0.5035714285714286,139,0.5035714285714286,3,91,139,278,0.6546762589928058,0.3273381294964029,0.4364508393285372
yolo_sppf_full_lstm512_seed43,lstm,512,43,LSTM-512,test_1,Mouse077_20160709_18-29-34,280,141,0.5035714285714286,139,0.5035714285714286,4,78,138,277,0.5652173913043478,0.2815884476534296,0.3759036144578313
yolo_sppf_full_lstm512_seed44,lstm,512,44,LSTM-512,test_1,Mouse077_20160709_18-29-34,280,135,0.48214285714285715,145,0.4821428571428571,1,135,135,280,1.0,0.48214285714285715,0.6506024096385542
yolo_sppf_full_lstm512_seed44,lstm,512,44,LSTM-512,test_1,Mouse077_20160709_18-29-34,280,135,0.48214285714285715,145,0.4821428571428571,2,109,134,279,0.8134328358208955,0.3906810035842294,0.5278450363196125
yolo_sppf_full_lstm512_seed44,lstm,512,44,LSTM-512,test_1,Mouse077_20160709_18-29-34,280,135,0.48214285714285715,145,0.4821428571428571,3,98,133,278,0.7368421052631579,0.35251798561151076,0.4768856447688565
yolo_sppf_full_lstm512_seed44,lstm,512,44,LSTM-512,test_1,Mouse077_20160709_18-29-34,280,135,0.48214285714285715,145,0.4821428571428571,4,87,132,277,0.6590909090909091,0.3140794223826715,0.4254278728606357
yolo_sppf_full_lstm896_seed42,lstm,896,42,LSTM-896,test_1,Mouse077_20160709_18-29-34,280,115,0.4107142857142857,165,0.4107142857142857,1,115,115,280,1.0,0.4107142857142857,0.5822784810126582
yolo_sppf_full_lstm896_seed42,lstm,896,42,LSTM-896,test_1,Mouse077_20160709_18-29-34,280,115,0.4107142857142857,165,0.4107142857142857,2,66,114,279,0.5789473684210527,0.23655913978494625,0.33587786259541985
yolo_sppf_full_lstm896_seed42,lstm,896,42,LSTM-896,test_1,Mouse077_20160709_18-29-34,280,115,0.4107142857142857,165,0.4107142857142857,3,53,113,278,0.4690265486725664,0.1906474820143885,0.2710997442455243
yolo_sppf_full_lstm896_seed42,lstm,896,42,LSTM-896,test_1,Mouse077_20160709_18-29-34,280,115,0.4107142857142857,165,0.4107142857142857,4,41,112,277,0.36607142857142855,0.148014440433213,0.21079691516709512
yolo_sppf_full_lstm896_seed43,lstm,896,43,LSTM-896,test_1,Mouse077_20160709_18-29-34,280,126,0.45,154,0.44999999999999996,1,126,126,280,1.0,0.45,0.6206896551724138
yolo_sppf_full_lstm896_seed43,lstm,896,43,LSTM-896,test_1,Mouse077_20160709_18-29-34,280,126,0.45,154,0.44999999999999996,2,98,125,279,0.784,0.35125448028673834,0.48514851485148514
yolo_sppf_full_lstm896_seed43,lstm,896,43,LSTM-896,test_1,Mouse077_20160709_18-29-34,280,126,0.45,154,0.44999999999999996,3,87,124,278,0.7016129032258065,0.3129496402877698,0.43283582089552236
yolo_sppf_full_lstm896_seed43,lstm,896,43,LSTM-896,test_1,Mouse077_20160709_18-29-34,280,126,0.45,154,0.44999999999999996,4,76,123,277,0.6178861788617886,0.2743682310469314,0.38
yolo_sppf_full_lstm896_seed44,lstm,896,44,LSTM-896,test_1,Mouse077_20160709_18-29-34,280,136,0.4857142857142857,144,0.48571428571428577,1,136,136,280,1.0,0.4857142857142857,0.6538461538461539
yolo_sppf_full_lstm896_seed44,lstm,896,44,LSTM-896,test_1,Mouse077_20160709_18-29-34,280,136,0.4857142857142857,144,0.48571428571428577,2,109,135,279,0.8074074074074075,0.3906810035842294,0.5265700483091788
yolo_sppf_full_lstm896_seed44,lstm,896,44,LSTM-896,test_1,Mouse077_20160709_18-29-34,280,136,0.4857142857142857,144,0.48571428571428577,3,100,134,278,0.746268656716418,0.3597122302158273,0.4854368932038835
yolo_sppf_full_lstm896_seed44,lstm,896,44,LSTM-896,test_1,Mouse077_20160709_18-29-34,280,136,0.4857142857142857,144,0.48571428571428577,4,89,133,277,0.6691729323308271,0.3212996389891697,0.4341463414634147
yolo_sppf_full_attention256_seed42,attention,256,42,Attention-256,test_1,Mouse162_20161017_19-58-28,80,70,0.875,12,0.85,1,68,70,80,0.9714285714285714,0.85,0.9066666666666667
yolo_sppf_full_attention256_seed42,attention,256,42,Attention-256,test_1,Mouse162_20161017_19-58-28,80,70,0.875,12,0.85,2,65,69,79,0.9420289855072463,0.8227848101265823,0.8783783783783783
yolo_sppf_full_attention256_seed42,attention,256,42,Attention-256,test_1,Mouse162_20161017_19-58-28,80,70,0.875,12,0.85,3,60,68,78,0.8823529411764706,0.7692307692307693,0.8219178082191781
yolo_sppf_full_attention256_seed42,attention,256,42,Attention-256,test_1,Mouse162_20161017_19-58-28,80,70,0.875,12,0.85,4,58,67,77,0.8656716417910447,0.7532467532467533,0.8055555555555556
yolo_sppf_full_attention256_seed43,attention,256,43,Attention-256,test_1,Mouse162_20161017_19-58-28,80,70,0.875,11,0.8625,1,69,70,80,0.9857142857142858,0.8625,0.9200000000000002
yolo_sppf_full_attention256_seed43,attention,256,43,Attention-256,test_1,Mouse162_20161017_19-58-28,80,70,0.875,11,0.8625,2,65,69,79,0.9420289855072463,0.8227848101265823,0.8783783783783783
yolo_sppf_full_attention256_seed43,attention,256,43,Attention-256,test_1,Mouse162_20161017_19-58-28,80,70,0.875,11,0.8625,3,60,68,78,0.8823529411764706,0.7692307692307693,0.8219178082191781
yolo_sppf_full_attention256_seed43,attention,256,43,Attention-256,test_1,Mouse162_20161017_19-58-28,80,70,0.875,11,0.8625,4,58,67,77,0.8656716417910447,0.7532467532467533,0.8055555555555556
yolo_sppf_full_attention256_seed44,attention,256,44,Attention-256,test_1,Mouse162_20161017_19-58-28,80,68,0.85,16,0.8,1,65,68,80,0.9558823529411765,0.8125,0.8783783783783784
yolo_sppf_full_attention256_seed44,attention,256,44,Attention-256,test_1,Mouse162_20161017_19-58-28,80,68,0.85,16,0.8,2,61,67,79,0.9104477611940298,0.7721518987341772,0.8356164383561644
yolo_sppf_full_attention256_seed44,attention,256,44,Attention-256,test_1,Mouse162_20161017_19-58-28,80,68,0.85,16,0.8,3,58,66,78,0.8787878787878788,0.7435897435897436,0.8055555555555556
yolo_sppf_full_attention256_seed44,attention,256,44,Attention-256,test_1,Mouse162_20161017_19-58-28,80,68,0.85,16,0.8,4,53,65,77,0.8153846153846154,0.6883116883116883,0.7464788732394366
yolo_sppf_full_attention512_seed42,attention,512,42,Attention-512,test_1,Mouse162_20161017_19-58-28,80,68,0.85,13,0.8375,1,67,68,80,0.9852941176470589,0.8375,0.9054054054054055
yolo_sppf_full_attention512_seed42,attention,512,42,Attention-512,test_1,Mouse162_20161017_19-58-28,80,68,0.85,13,0.8375,2,65,67,79,0.9701492537313433,0.8227848101265823,0.8904109589041096
yolo_sppf_full_attention512_seed42,attention,512,42,Attention-512,test_1,Mouse162_20161017_19-58-28,80,68,0.85,13,0.8375,3,63,66,78,0.9545454545454546,0.8076923076923077,0.875
yolo_sppf_full_attention512_seed42,attention,512,42,Attention-512,test_1,Mouse162_20161017_19-58-28,80,68,0.85,13,0.8375,4,61,65,77,0.9384615384615385,0.7922077922077922,0.8591549295774646
yolo_sppf_full_attention512_seed43,attention,512,43,Attention-512,test_1,Mouse162_20161017_19-58-28,80,65,0.8125,16,0.8,1,64,65,80,0.9846153846153847,0.8,0.8827586206896553
yolo_sppf_full_attention512_seed43,attention,512,43,Attention-512,test_1,Mouse162_20161017_19-58-28,80,65,0.8125,16,0.8,2,62,64,79,0.96875,0.7848101265822784,0.8671328671328671
yolo_sppf_full_attention512_seed43,attention,512,43,Attention-512,test_1,Mouse162_20161017_19-58-28,80,65,0.8125,16,0.8,3,60,63,78,0.9523809523809523,0.7692307692307693,0.8510638297872339
yolo_sppf_full_attention512_seed43,attention,512,43,Attention-512,test_1,Mouse162_20161017_19-58-28,80,65,0.8125,16,0.8,4,57,62,77,0.9193548387096774,0.7402597402597403,0.8201438848920863
yolo_sppf_full_attention512_seed44,attention,512,44,Attention-512,test_1,Mouse162_20161017_19-58-28,80,69,0.8625,14,0.825,1,66,69,80,0.9565217391304348,0.825,0.8859060402684564
yolo_sppf_full_attention512_seed44,attention,512,44,Attention-512,test_1,Mouse162_20161017_19-58-28,80,69,0.8625,14,0.825,2,62,68,79,0.9117647058823529,0.7848101265822784,0.8435374149659863
yolo_sppf_full_attention512_seed44,attention,512,44,Attention-512,test_1,Mouse162_20161017_19-58-28,80,69,0.8625,14,0.825,3,58,67,78,0.8656716417910447,0.7435897435897436,0.8
yolo_sppf_full_attention512_seed44,attention,512,44,Attention-512,test_1,Mouse162_20161017_19-58-28,80,69,0.8625,14,0.825,4,53,66,77,0.803030303030303,0.6883116883116883,0.7412587412587411
yolo_sppf_full_attention896_seed42,attention,896,42,Attention-896,test_1,Mouse162_20161017_19-58-28,80,76,0.95,12,0.85,1,72,76,80,0.9473684210526315,0.9,0.9230769230769231
yolo_sppf_full_attention896_seed42,attention,896,42,Attention-896,test_1,Mouse162_20161017_19-58-28,80,76,0.95,12,0.85,2,67,75,79,0.8933333333333333,0.8481012658227848,0.8701298701298702
yolo_sppf_full_attention896_seed42,attention,896,42,Attention-896,test_1,Mouse162_20161017_19-58-28,80,76,0.95,12,0.85,3,62,74,78,0.8378378378378378,0.7948717948717948,0.8157894736842105
yolo_sppf_full_attention896_seed42,attention,896,42,Attention-896,test_1,Mouse162_20161017_19-58-28,80,76,0.95,12,0.85,4,59,73,77,0.8082191780821918,0.7662337662337663,0.7866666666666666
yolo_sppf_full_attention896_seed43,attention,896,43,Attention-896,test_1,Mouse162_20161017_19-58-28,80,68,0.85,13,0.8375,1,67,68,80,0.9852941176470589,0.8375,0.9054054054054055
yolo_sppf_full_attention896_seed43,attention,896,43,Attention-896,test_1,Mouse162_20161017_19-58-28,80,68,0.85,13,0.8375,2,65,67,79,0.9701492537313433,0.8227848101265823,0.8904109589041096
yolo_sppf_full_attention896_seed43,attention,896,43,Attention-896,test_1,Mouse162_20161017_19-58-28,80,68,0.85,13,0.8375,3,60,66,78,0.9090909090909091,0.7692307692307693,0.8333333333333333
yolo_sppf_full_attention896_seed43,attention,896,43,Attention-896,test_1,Mouse162_20161017_19-58-28,80,68,0.85,13,0.8375,4,57,65,77,0.8769230769230769,0.7402597402597403,0.8028169014084509
yolo_sppf_full_attention896_seed44,attention,896,44,Attention-896,test_1,Mouse162_20161017_19-58-28,80,68,0.85,13,0.8375,1,67,68,80,0.9852941176470589,0.8375,0.9054054054054055
yolo_sppf_full_attention896_seed44,attention,896,44,Attention-896,test_1,Mouse162_20161017_19-58-28,80,68,0.85,13,0.8375,2,65,67,79,0.9701492537313433,0.8227848101265823,0.8904109589041096
yolo_sppf_full_attention896_seed44,attention,896,44,Attention-896,test_1,Mouse162_20161017_19-58-28,80,68,0.85,13,0.8375,3,63,66,78,0.9545454545454546,0.8076923076923077,0.875
yolo_sppf_full_attention896_seed44,attention,896,44,Attention-896,test_1,Mouse162_20161017_19-58-28,80,68,0.85,13,0.8375,4,61,65,77,0.9384615384615385,0.7922077922077922,0.8591549295774646
yolo_sppf_full_lstm256_seed42,lstm,256,42,LSTM-256,test_1,Mouse162_20161017_19-58-28,80,69,0.8625,13,0.8375,1,67,69,80,0.9710144927536232,0.8375,0.8993288590604026
yolo_sppf_full_lstm256_seed42,lstm,256,42,LSTM-256,test_1,Mouse162_20161017_19-58-28,80,69,0.8625,13,0.8375,2,64,68,79,0.9411764705882353,0.810126582278481,0.8707482993197279
yolo_sppf_full_lstm256_seed42,lstm,256,42,LSTM-256,test_1,Mouse162_20161017_19-58-28,80,69,0.8625,13,0.8375,3,61,67,78,0.9104477611940298,0.782051282051282,0.8413793103448275
yolo_sppf_full_lstm256_seed42,lstm,256,42,LSTM-256,test_1,Mouse162_20161017_19-58-28,80,69,0.8625,13,0.8375,4,57,66,77,0.8636363636363636,0.7402597402597403,0.7972027972027972
yolo_sppf_full_lstm256_seed43,lstm,256,43,LSTM-256,test_1,Mouse162_20161017_19-58-28,80,64,0.8,17,0.7875,1,63,64,80,0.984375,0.7875,0.8749999999999999
yolo_sppf_full_lstm256_seed43,lstm,256,43,LSTM-256,test_1,Mouse162_20161017_19-58-28,80,64,0.8,17,0.7875,2,61,63,79,0.9682539682539683,0.7721518987341772,0.8591549295774649
yolo_sppf_full_lstm256_seed43,lstm,256,43,LSTM-256,test_1,Mouse162_20161017_19-58-28,80,64,0.8,17,0.7875,3,57,62,78,0.9193548387096774,0.7307692307692307,0.8142857142857143
yolo_sppf_full_lstm256_seed43,lstm,256,43,LSTM-256,test_1,Mouse162_20161017_19-58-28,80,64,0.8,17,0.7875,4,53,61,77,0.8688524590163934,0.6883116883116883,0.7681159420289856
yolo_sppf_full_lstm256_seed44,lstm,256,44,LSTM-256,test_1,Mouse162_20161017_19-58-28,80,70,0.875,13,0.8375,1,68,70,80,0.9714285714285714,0.85,0.9066666666666667
yolo_sppf_full_lstm256_seed44,lstm,256,44,LSTM-256,test_1,Mouse162_20161017_19-58-28,80,70,0.875,13,0.8375,2,65,69,79,0.9420289855072463,0.8227848101265823,0.8783783783783783
yolo_sppf_full_lstm256_seed44,lstm,256,44,LSTM-256,test_1,Mouse162_20161017_19-58-28,80,70,0.875,13,0.8375,3,62,68,78,0.9117647058823529,0.7948717948717948,0.8493150684931507
yolo_sppf_full_lstm256_seed44,lstm,256,44,LSTM-256,test_1,Mouse162_20161017_19-58-28,80,70,0.875,13,0.8375,4,59,67,77,0.8805970149253731,0.7662337662337663,0.8194444444444445
yolo_sppf_full_lstm512_seed42,lstm,512,42,LSTM-512,test_1,Mouse162_20161017_19-58-28,80,69,0.8625,12,0.85,1,68,69,80,0.9855072463768116,0.85,0.912751677852349
yolo_sppf_full_lstm512_seed42,lstm,512,42,LSTM-512,test_1,Mouse162_20161017_19-58-28,80,69,0.8625,12,0.85,2,66,68,79,0.9705882352941176,0.8354430379746836,0.8979591836734694
yolo_sppf_full_lstm512_seed42,lstm,512,42,LSTM-512,test_1,Mouse162_20161017_19-58-28,80,69,0.8625,12,0.85,3,64,67,78,0.9552238805970149,0.8205128205128205,0.8827586206896552
yolo_sppf_full_lstm512_seed42,lstm,512,42,LSTM-512,test_1,Mouse162_20161017_19-58-28,80,69,0.8625,12,0.85,4,61,66,77,0.9242424242424242,0.7922077922077922,0.8531468531468532
yolo_sppf_full_lstm512_seed43,lstm,512,43,LSTM-512,test_1,Mouse162_20161017_19-58-28,80,69,0.8625,12,0.85,1,68,69,80,0.9855072463768116,0.85,0.912751677852349
yolo_sppf_full_lstm512_seed43,lstm,512,43,LSTM-512,test_1,Mouse162_20161017_19-58-28,80,69,0.8625,12,0.85,2,64,68,79,0.9411764705882353,0.810126582278481,0.8707482993197279
yolo_sppf_full_lstm512_seed43,lstm,512,43,LSTM-512,test_1,Mouse162_20161017_19-58-28,80,69,0.8625,12,0.85,3,59,67,78,0.8805970149253731,0.7564102564102564,0.8137931034482757
yolo_sppf_full_lstm512_seed43,lstm,512,43,LSTM-512,test_1,Mouse162_20161017_19-58-28,80,69,0.8625,12,0.85,4,57,66,77,0.8636363636363636,0.7402597402597403,0.7972027972027972
yolo_sppf_full_lstm512_seed44,lstm,512,44,LSTM-512,test_1,Mouse162_20161017_19-58-28,80,63,0.7875,18,0.775,1,62,63,80,0.9841269841269841,0.775,0.8671328671328671
yolo_sppf_full_lstm512_seed44,lstm,512,44,LSTM-512,test_1,Mouse162_20161017_19-58-28,80,63,0.7875,18,0.775,2,60,62,79,0.967741935483871,0.759493670886076,0.851063829787234
yolo_sppf_full_lstm512_seed44,lstm,512,44,LSTM-512,test_1,Mouse162_20161017_19-58-28,80,63,0.7875,18,0.775,3,58,61,78,0.9508196721311475,0.7435897435897436,0.8345323741007195
yolo_sppf_full_lstm512_seed44,lstm,512,44,LSTM-512,test_1,Mouse162_20161017_19-58-28,80,63,0.7875,18,0.775,4,55,60,77,0.9166666666666666,0.7142857142857143,0.8029197080291971
yolo_sppf_full_lstm896_seed42,lstm,896,42,LSTM-896,test_1,Mouse162_20161017_19-58-28,80,69,0.8625,13,0.8375,1,68,69,80,0.9855072463768116,0.85,0.912751677852349
yolo_sppf_full_lstm896_seed42,lstm,896,42,LSTM-896,test_1,Mouse162_20161017_19-58-28,80,69,0.8625,13,0.8375,2,66,68,79,0.9705882352941176,0.8354430379746836,0.8979591836734694
yolo_sppf_full_lstm896_seed42,lstm,896,42,LSTM-896,test_1,Mouse162_20161017_19-58-28,80,69,0.8625,13,0.8375,3,64,67,78,0.9552238805970149,0.8205128205128205,0.8827586206896552
yolo_sppf_full_lstm896_seed42,lstm,896,42,LSTM-896,test_1,Mouse162_20161017_19-58-28,80,69,0.8625,13,0.8375,4,60,66,77,0.9090909090909091,0.7792207792207793,0.8391608391608392
yolo_sppf_full_lstm896_seed43,lstm,896,43,LSTM-896,test_1,Mouse162_20161017_19-58-28,80,66,0.825,15,0.8125,1,66,66,80,1.0,0.825,0.9041095890410958
yolo_sppf_full_lstm896_seed43,lstm,896,43,LSTM-896,test_1,Mouse162_20161017_19-58-28,80,66,0.825,15,0.8125,2,64,65,79,0.9846153846153847,0.810126582278481,0.888888888888889
yolo_sppf_full_lstm896_seed43,lstm,896,43,LSTM-896,test_1,Mouse162_20161017_19-58-28,80,66,0.825,15,0.8125,3,60,64,78,0.9375,0.7692307692307693,0.8450704225352113
yolo_sppf_full_lstm896_seed43,lstm,896,43,LSTM-896,test_1,Mouse162_20161017_19-58-28,80,66,0.825,15,0.8125,4,57,63,77,0.9047619047619048,0.7402597402597403,0.8142857142857143
yolo_sppf_full_lstm896_seed44,lstm,896,44,LSTM-896,test_1,Mouse162_20161017_19-58-28,80,64,0.8,16,0.8,1,64,64,80,1.0,0.8,0.888888888888889
yolo_sppf_full_lstm896_seed44,lstm,896,44,LSTM-896,test_1,Mouse162_20161017_19-58-28,80,64,0.8,16,0.8,2,63,63,79,1.0,0.7974683544303798,0.8873239436619719
yolo_sppf_full_lstm896_seed44,lstm,896,44,LSTM-896,test_1,Mouse162_20161017_19-58-28,80,64,0.8,16,0.8,3,62,62,78,1.0,0.7948717948717948,0.8857142857142858
yolo_sppf_full_lstm896_seed44,lstm,896,44,LSTM-896,test_1,Mouse162_20161017_19-58-28,80,64,0.8,16,0.8,4,60,61,77,0.9836065573770492,0.7792207792207793,0.8695652173913043
yolo_sppf_full_attention256_seed42,attention,256,42,Attention-256,test_1,Mouse163_20161018_18-22-45,52,41,0.7884615384615384,12,0.7692307692307692,1,41,41,52,1.0,0.7884615384615384,0.8817204301075269
yolo_sppf_full_attention256_seed42,attention,256,42,Attention-256,test_1,Mouse163_20161018_18-22-45,52,41,0.7884615384615384,12,0.7692307692307692,2,40,40,51,1.0,0.7843137254901961,0.8791208791208792
yolo_sppf_full_attention256_seed42,attention,256,42,Attention-256,test_1,Mouse163_20161018_18-22-45,52,41,0.7884615384615384,12,0.7692307692307692,3,38,39,50,0.9743589743589743,0.76,0.853932584269663
yolo_sppf_full_attention256_seed42,attention,256,42,Attention-256,test_1,Mouse163_20161018_18-22-45,52,41,0.7884615384615384,12,0.7692307692307692,4,32,38,49,0.8421052631578947,0.6530612244897959,0.735632183908046
yolo_sppf_full_attention256_seed43,attention,256,43,Attention-256,test_1,Mouse163_20161018_18-22-45,52,37,0.7115384615384616,15,0.7115384615384616,1,37,37,52,1.0,0.7115384615384616,0.8314606741573033
yolo_sppf_full_attention256_seed43,attention,256,43,Attention-256,test_1,Mouse163_20161018_18-22-45,52,37,0.7115384615384616,15,0.7115384615384616,2,36,36,51,1.0,0.7058823529411765,0.8275862068965517
yolo_sppf_full_attention256_seed43,attention,256,43,Attention-256,test_1,Mouse163_20161018_18-22-45,52,37,0.7115384615384616,15,0.7115384615384616,3,34,35,50,0.9714285714285714,0.68,0.8
yolo_sppf_full_attention256_seed43,attention,256,43,Attention-256,test_1,Mouse163_20161018_18-22-45,52,37,0.7115384615384616,15,0.7115384615384616,4,28,34,49,0.8235294117647058,0.5714285714285714,0.6746987951807228
yolo_sppf_full_attention256_seed44,attention,256,44,Attention-256,test_1,Mouse163_20161018_18-22-45,52,40,0.7692307692307693,13,0.75,1,40,40,52,1.0,0.7692307692307693,0.8695652173913044
yolo_sppf_full_attention256_seed44,attention,256,44,Attention-256,test_1,Mouse163_20161018_18-22-45,52,40,0.7692307692307693,13,0.75,2,39,39,51,1.0,0.7647058823529411,0.8666666666666666
yolo_sppf_full_attention256_seed44,attention,256,44,Attention-256,test_1,Mouse163_20161018_18-22-45,52,40,0.7692307692307693,13,0.75,3,36,38,50,0.9473684210526315,0.72,0.8181818181818181
yolo_sppf_full_attention256_seed44,attention,256,44,Attention-256,test_1,Mouse163_20161018_18-22-45,52,40,0.7692307692307693,13,0.75,4,29,37,49,0.7837837837837838,0.5918367346938775,0.6744186046511628
yolo_sppf_full_attention512_seed42,attention,512,42,Attention-512,test_1,Mouse163_20161018_18-22-45,52,39,0.75,14,0.7307692307692308,1,38,39,52,0.9743589743589743,0.7307692307692307,0.8351648351648352
yolo_sppf_full_attention512_seed42,attention,512,42,Attention-512,test_1,Mouse163_20161018_18-22-45,52,39,0.75,14,0.7307692307692308,2,36,38,51,0.9473684210526315,0.7058823529411765,0.8089887640449439
yolo_sppf_full_attention512_seed42,attention,512,42,Attention-512,test_1,Mouse163_20161018_18-22-45,52,39,0.75,14,0.7307692307692308,3,34,37,50,0.918918918918919,0.68,0.7816091954022989
yolo_sppf_full_attention512_seed42,attention,512,42,Attention-512,test_1,Mouse163_20161018_18-22-45,52,39,0.75,14,0.7307692307692308,4,28,36,49,0.7777777777777778,0.5714285714285714,0.6588235294117646
yolo_sppf_full_attention512_seed43,attention,512,43,Attention-512,test_1,Mouse163_20161018_18-22-45,52,37,0.7115384615384616,15,0.7115384615384616,1,37,37,52,1.0,0.7115384615384616,0.8314606741573033
yolo_sppf_full_attention512_seed43,attention,512,43,Attention-512,test_1,Mouse163_20161018_18-22-45,52,37,0.7115384615384616,15,0.7115384615384616,2,36,36,51,1.0,0.7058823529411765,0.8275862068965517
yolo_sppf_full_attention512_seed43,attention,512,43,Attention-512,test_1,Mouse163_20161018_18-22-45,52,37,0.7115384615384616,15,0.7115384615384616,3,35,35,50,1.0,0.7,0.8235294117647058
yolo_sppf_full_attention512_seed43,attention,512,43,Attention-512,test_1,Mouse163_20161018_18-22-45,52,37,0.7115384615384616,15,0.7115384615384616,4,30,34,49,0.8823529411764706,0.6122448979591837,0.7228915662650602
yolo_sppf_full_attention512_seed44,attention,512,44,Attention-512,test_1,Mouse163_20161018_18-22-45,52,38,0.7307692307692307,14,0.7307692307692308,1,38,38,52,1.0,0.7307692307692307,0.8444444444444443
yolo_sppf_full_attention512_seed44,attention,512,44,Attention-512,test_1,Mouse163_20161018_18-22-45,52,38,0.7307692307692307,14,0.7307692307692308,2,37,37,51,1.0,0.7254901960784313,0.8409090909090908
yolo_sppf_full_attention512_seed44,attention,512,44,Attention-512,test_1,Mouse163_20161018_18-22-45,52,38,0.7307692307692307,14,0.7307692307692308,3,35,36,50,0.9722222222222222,0.7,0.813953488372093
yolo_sppf_full_attention512_seed44,attention,512,44,Attention-512,test_1,Mouse163_20161018_18-22-45,52,38,0.7307692307692307,14,0.7307692307692308,4,29,35,49,0.8285714285714286,0.5918367346938775,0.6904761904761905
yolo_sppf_full_attention896_seed42,attention,896,42,Attention-896,test_1,Mouse163_20161018_18-22-45,52,37,0.7115384615384616,15,0.7115384615384616,1,37,37,52,1.0,0.7115384615384616,0.8314606741573033
yolo_sppf_full_attention896_seed42,attention,896,42,Attention-896,test_1,Mouse163_20161018_18-22-45,52,37,0.7115384615384616,15,0.7115384615384616,2,36,36,51,1.0,0.7058823529411765,0.8275862068965517
yolo_sppf_full_attention896_seed42,attention,896,42,Attention-896,test_1,Mouse163_20161018_18-22-45,52,37,0.7115384615384616,15,0.7115384615384616,3,31,35,50,0.8857142857142857,0.62,0.7294117647058823
yolo_sppf_full_attention896_seed42,attention,896,42,Attention-896,test_1,Mouse163_20161018_18-22-45,52,37,0.7115384615384616,15,0.7115384615384616,4,25,34,49,0.7352941176470589,0.5102040816326531,0.6024096385542169
yolo_sppf_full_attention896_seed43,attention,896,43,Attention-896,test_1,Mouse163_20161018_18-22-45,52,36,0.6923076923076923,16,0.6923076923076923,1,36,36,52,1.0,0.6923076923076923,0.8181818181818181
yolo_sppf_full_attention896_seed43,attention,896,43,Attention-896,test_1,Mouse163_20161018_18-22-45,52,36,0.6923076923076923,16,0.6923076923076923,2,35,35,51,1.0,0.6862745098039216,0.813953488372093
yolo_sppf_full_attention896_seed43,attention,896,43,Attention-896,test_1,Mouse163_20161018_18-22-45,52,36,0.6923076923076923,16,0.6923076923076923,3,34,34,50,1.0,0.68,0.8095238095238095
yolo_sppf_full_attention896_seed43,attention,896,43,Attention-896,test_1,Mouse163_20161018_18-22-45,52,36,0.6923076923076923,16,0.6923076923076923,4,29,33,49,0.8787878787878788,0.5918367346938775,0.7073170731707316
yolo_sppf_full_attention896_seed44,attention,896,44,Attention-896,test_1,Mouse163_20161018_18-22-45,52,38,0.7307692307692307,14,0.7307692307692308,1,38,38,52,1.0,0.7307692307692307,0.8444444444444443
yolo_sppf_full_attention896_seed44,attention,896,44,Attention-896,test_1,Mouse163_20161018_18-22-45,52,38,0.7307692307692307,14,0.7307692307692308,2,37,37,51,1.0,0.7254901960784313,0.8409090909090908
yolo_sppf_full_attention896_seed44,attention,896,44,Attention-896,test_1,Mouse163_20161018_18-22-45,52,38,0.7307692307692307,14,0.7307692307692308,3,35,36,50,0.9722222222222222,0.7,0.813953488372093
yolo_sppf_full_attention896_seed44,attention,896,44,Attention-896,test_1,Mouse163_20161018_18-22-45,52,38,0.7307692307692307,14,0.7307692307692308,4,29,35,49,0.8285714285714286,0.5918367346938775,0.6904761904761905
yolo_sppf_full_lstm256_seed42,lstm,256,42,LSTM-256,test_1,Mouse163_20161018_18-22-45,52,37,0.7115384615384616,15,0.7115384615384616,1,37,37,52,1.0,0.7115384615384616,0.8314606741573033
yolo_sppf_full_lstm256_seed42,lstm,256,42,LSTM-256,test_1,Mouse163_20161018_18-22-45,52,37,0.7115384615384616,15,0.7115384615384616,2,36,36,51,1.0,0.7058823529411765,0.8275862068965517
yolo_sppf_full_lstm256_seed42,lstm,256,42,LSTM-256,test_1,Mouse163_20161018_18-22-45,52,37,0.7115384615384616,15,0.7115384615384616,3,34,35,50,0.9714285714285714,0.68,0.8
yolo_sppf_full_lstm256_seed42,lstm,256,42,LSTM-256,test_1,Mouse163_20161018_18-22-45,52,37,0.7115384615384616,15,0.7115384615384616,4,31,34,49,0.9117647058823529,0.6326530612244898,0.746987951807229
yolo_sppf_full_lstm256_seed43,lstm,256,43,LSTM-256,test_1,Mouse163_20161018_18-22-45,52,36,0.6923076923076923,16,0.6923076923076923,1,36,36,52,1.0,0.6923076923076923,0.8181818181818181
yolo_sppf_full_lstm256_seed43,lstm,256,43,LSTM-256,test_1,Mouse163_20161018_18-22-45,52,36,0.6923076923076923,16,0.6923076923076923,2,34,35,51,0.9714285714285714,0.6666666666666666,0.7906976744186046
yolo_sppf_full_lstm256_seed43,lstm,256,43,LSTM-256,test_1,Mouse163_20161018_18-22-45,52,36,0.6923076923076923,16,0.6923076923076923,3,31,34,50,0.9117647058823529,0.62,0.7380952380952381
yolo_sppf_full_lstm256_seed43,lstm,256,43,LSTM-256,test_1,Mouse163_20161018_18-22-45,52,36,0.6923076923076923,16,0.6923076923076923,4,25,33,49,0.7575757575757576,0.5102040816326531,0.6097560975609756
yolo_sppf_full_lstm256_seed44,lstm,256,44,LSTM-256,test_1,Mouse163_20161018_18-22-45,52,39,0.75,13,0.75,1,39,39,52,1.0,0.75,0.8571428571428571
yolo_sppf_full_lstm256_seed44,lstm,256,44,LSTM-256,test_1,Mouse163_20161018_18-22-45,52,39,0.75,13,0.75,2,38,38,51,1.0,0.7450980392156863,0.8539325842696629
yolo_sppf_full_lstm256_seed44,lstm,256,44,LSTM-256,test_1,Mouse163_20161018_18-22-45,52,39,0.75,13,0.75,3,35,37,50,0.9459459459459459,0.7,0.8045977011494254
yolo_sppf_full_lstm256_seed44,lstm,256,44,LSTM-256,test_1,Mouse163_20161018_18-22-45,52,39,0.75,13,0.75,4,31,36,49,0.8611111111111112,0.6326530612244898,0.7294117647058823
yolo_sppf_full_lstm512_seed42,lstm,512,42,LSTM-512,test_1,Mouse163_20161018_18-22-45,52,35,0.6730769230769231,17,0.6730769230769231,1,35,35,52,1.0,0.6730769230769231,0.8045977011494253
yolo_sppf_full_lstm512_seed42,lstm,512,42,LSTM-512,test_1,Mouse163_20161018_18-22-45,52,35,0.6730769230769231,17,0.6730769230769231,2,34,34,51,1.0,0.6666666666666666,0.8
yolo_sppf_full_lstm512_seed42,lstm,512,42,LSTM-512,test_1,Mouse163_20161018_18-22-45,52,35,0.6730769230769231,17,0.6730769230769231,3,33,33,50,1.0,0.66,0.7951807228915663
yolo_sppf_full_lstm512_seed42,lstm,512,42,LSTM-512,test_1,Mouse163_20161018_18-22-45,52,35,0.6730769230769231,17,0.6730769230769231,4,28,32,49,0.875,0.5714285714285714,0.691358024691358
yolo_sppf_full_lstm512_seed43,lstm,512,43,LSTM-512,test_1,Mouse163_20161018_18-22-45,52,35,0.6730769230769231,17,0.6730769230769231,1,35,35,52,1.0,0.6730769230769231,0.8045977011494253
yolo_sppf_full_lstm512_seed43,lstm,512,43,LSTM-512,test_1,Mouse163_20161018_18-22-45,52,35,0.6730769230769231,17,0.6730769230769231,2,33,34,51,0.9705882352941176,0.6470588235294118,0.7764705882352942
yolo_sppf_full_lstm512_seed43,lstm,512,43,LSTM-512,test_1,Mouse163_20161018_18-22-45,52,35,0.6730769230769231,17,0.6730769230769231,3,31,33,50,0.9393939393939394,0.62,0.7469879518072288
yolo_sppf_full_lstm512_seed43,lstm,512,43,LSTM-512,test_1,Mouse163_20161018_18-22-45,52,35,0.6730769230769231,17,0.6730769230769231,4,25,32,49,0.78125,0.5102040816326531,0.617283950617284
yolo_sppf_full_lstm512_seed44,lstm,512,44,LSTM-512,test_1,Mouse163_20161018_18-22-45,52,33,0.6346153846153846,19,0.6346153846153846,1,33,33,52,1.0,0.6346153846153846,0.7764705882352941
yolo_sppf_full_lstm512_seed44,lstm,512,44,LSTM-512,test_1,Mouse163_20161018_18-22-45,52,33,0.6346153846153846,19,0.6346153846153846,2,32,32,51,1.0,0.6274509803921569,0.7710843373493976
yolo_sppf_full_lstm512_seed44,lstm,512,44,LSTM-512,test_1,Mouse163_20161018_18-22-45,52,33,0.6346153846153846,19,0.6346153846153846,3,31,31,50,1.0,0.62,0.7654320987654321
yolo_sppf_full_lstm512_seed44,lstm,512,44,LSTM-512,test_1,Mouse163_20161018_18-22-45,52,33,0.6346153846153846,19,0.6346153846153846,4,26,30,49,0.8666666666666667,0.5306122448979592,0.6582278481012658
yolo_sppf_full_lstm896_seed42,lstm,896,42,LSTM-896,test_1,Mouse163_20161018_18-22-45,52,37,0.7115384615384616,16,0.6923076923076923,1,36,37,52,0.972972972972973,0.6923076923076923,0.8089887640449438
yolo_sppf_full_lstm896_seed42,lstm,896,42,LSTM-896,test_1,Mouse163_20161018_18-22-45,52,37,0.7115384615384616,16,0.6923076923076923,2,34,36,51,0.9444444444444444,0.6666666666666666,0.7816091954022987
yolo_sppf_full_lstm896_seed42,lstm,896,42,LSTM-896,test_1,Mouse163_20161018_18-22-45,52,37,0.7115384615384616,16,0.6923076923076923,3,32,35,50,0.9142857142857143,0.64,0.7529411764705883
yolo_sppf_full_lstm896_seed42,lstm,896,42,LSTM-896,test_1,Mouse163_20161018_18-22-45,52,37,0.7115384615384616,16,0.6923076923076923,4,26,34,49,0.7647058823529411,0.5306122448979592,0.6265060240963856
yolo_sppf_full_lstm896_seed43,lstm,896,43,LSTM-896,test_1,Mouse163_20161018_18-22-45,52,34,0.6538461538461539,18,0.6538461538461539,1,34,34,52,1.0,0.6538461538461539,0.7906976744186047
yolo_sppf_full_lstm896_seed43,lstm,896,43,LSTM-896,test_1,Mouse163_20161018_18-22-45,52,34,0.6538461538461539,18,0.6538461538461539,2,33,33,51,1.0,0.6470588235294118,0.7857142857142858
yolo_sppf_full_lstm896_seed43,lstm,896,43,LSTM-896,test_1,Mouse163_20161018_18-22-45,52,34,0.6538461538461539,18,0.6538461538461539,3,32,32,50,1.0,0.64,0.7804878048780487
yolo_sppf_full_lstm896_seed43,lstm,896,43,LSTM-896,test_1,Mouse163_20161018_18-22-45,52,34,0.6538461538461539,18,0.6538461538461539,4,27,31,49,0.8709677419354839,0.5510204081632653,0.6749999999999999
yolo_sppf_full_lstm896_seed44,lstm,896,44,LSTM-896,test_1,Mouse163_20161018_18-22-45,52,31,0.5961538461538461,21,0.5961538461538461,1,31,31,52,1.0,0.5961538461538461,0.7469879518072289
yolo_sppf_full_lstm896_seed44,lstm,896,44,LSTM-896,test_1,Mouse163_20161018_18-22-45,52,31,0.5961538461538461,21,0.5961538461538461,2,30,30,51,1.0,0.5882352941176471,0.7407407407407407
yolo_sppf_full_lstm896_seed44,lstm,896,44,LSTM-896,test_1,Mouse163_20161018_18-22-45,52,31,0.5961538461538461,21,0.5961538461538461,3,28,29,50,0.9655172413793104,0.56,0.7088607594936709
yolo_sppf_full_lstm896_seed44,lstm,896,44,LSTM-896,test_1,Mouse163_20161018_18-22-45,52,31,0.5961538461538461,21,0.5961538461538461,4,24,28,49,0.8571428571428571,0.4897959183673469,0.6233766233766234
yolo_sppf_full_attention256_seed42,attention,256,42,Attention-256,test_2,Mouse155_20151124_20-48-31,25,15,0.6,10,0.6,1,15,15,25,1.0,0.6,0.7499999999999999
yolo_sppf_full_attention256_seed42,attention,256,42,Attention-256,test_2,Mouse155_20151124_20-48-31,25,15,0.6,10,0.6,2,14,14,24,1.0,0.5833333333333334,0.7368421052631579
yolo_sppf_full_attention256_seed42,attention,256,42,Attention-256,test_2,Mouse155_20151124_20-48-31,25,15,0.6,10,0.6,3,12,13,23,0.9230769230769231,0.5217391304347826,0.6666666666666667
yolo_sppf_full_attention256_seed42,attention,256,42,Attention-256,test_2,Mouse155_20151124_20-48-31,25,15,0.6,10,0.6,4,10,12,22,0.8333333333333334,0.45454545454545453,0.5882352941176471
yolo_sppf_full_attention256_seed43,attention,256,43,Attention-256,test_2,Mouse155_20151124_20-48-31,25,12,0.48,13,0.48,1,12,12,25,1.0,0.48,0.6486486486486487
yolo_sppf_full_attention256_seed43,attention,256,43,Attention-256,test_2,Mouse155_20151124_20-48-31,25,12,0.48,13,0.48,2,11,11,24,1.0,0.4583333333333333,0.6285714285714286
yolo_sppf_full_attention256_seed43,attention,256,43,Attention-256,test_2,Mouse155_20151124_20-48-31,25,12,0.48,13,0.48,3,9,10,23,0.9,0.391304347826087,0.5454545454545454
yolo_sppf_full_attention256_seed43,attention,256,43,Attention-256,test_2,Mouse155_20151124_20-48-31,25,12,0.48,13,0.48,4,7,9,22,0.7777777777777778,0.3181818181818182,0.45161290322580644
yolo_sppf_full_attention256_seed44,attention,256,44,Attention-256,test_2,Mouse155_20151124_20-48-31,25,17,0.68,8,0.6799999999999999,1,17,17,25,1.0,0.68,0.8095238095238095
yolo_sppf_full_attention256_seed44,attention,256,44,Attention-256,test_2,Mouse155_20151124_20-48-31,25,17,0.68,8,0.6799999999999999,2,16,16,24,1.0,0.6666666666666666,0.8
yolo_sppf_full_attention256_seed44,attention,256,44,Attention-256,test_2,Mouse155_20151124_20-48-31,25,17,0.68,8,0.6799999999999999,3,14,15,23,0.9333333333333333,0.6086956521739131,0.7368421052631579
yolo_sppf_full_attention256_seed44,attention,256,44,Attention-256,test_2,Mouse155_20151124_20-48-31,25,17,0.68,8,0.6799999999999999,4,12,14,22,0.8571428571428571,0.5454545454545454,0.6666666666666665
yolo_sppf_full_attention512_seed42,attention,512,42,Attention-512,test_2,Mouse155_20151124_20-48-31,25,15,0.6,10,0.6,1,15,15,25,1.0,0.6,0.7499999999999999
yolo_sppf_full_attention512_seed42,attention,512,42,Attention-512,test_2,Mouse155_20151124_20-48-31,25,15,0.6,10,0.6,2,14,14,24,1.0,0.5833333333333334,0.7368421052631579
yolo_sppf_full_attention512_seed42,attention,512,42,Attention-512,test_2,Mouse155_20151124_20-48-31,25,15,0.6,10,0.6,3,12,13,23,0.9230769230769231,0.5217391304347826,0.6666666666666667
yolo_sppf_full_attention512_seed42,attention,512,42,Attention-512,test_2,Mouse155_20151124_20-48-31,25,15,0.6,10,0.6,4,10,12,22,0.8333333333333334,0.45454545454545453,0.5882352941176471
yolo_sppf_full_attention512_seed43,attention,512,43,Attention-512,test_2,Mouse155_20151124_20-48-31,25,14,0.56,11,0.56,1,14,14,25,1.0,0.56,0.717948717948718
yolo_sppf_full_attention512_seed43,attention,512,43,Attention-512,test_2,Mouse155_20151124_20-48-31,25,14,0.56,11,0.56,2,13,13,24,1.0,0.5416666666666666,0.7027027027027027
yolo_sppf_full_attention512_seed43,attention,512,43,Attention-512,test_2,Mouse155_20151124_20-48-31,25,14,0.56,11,0.56,3,11,12,23,0.9166666666666666,0.4782608695652174,0.6285714285714286
yolo_sppf_full_attention512_seed43,attention,512,43,Attention-512,test_2,Mouse155_20151124_20-48-31,25,14,0.56,11,0.56,4,9,11,22,0.8181818181818182,0.4090909090909091,0.5454545454545455
yolo_sppf_full_attention512_seed44,attention,512,44,Attention-512,test_2,Mouse155_20151124_20-48-31,25,15,0.6,10,0.6,1,15,15,25,1.0,0.6,0.7499999999999999
yolo_sppf_full_attention512_seed44,attention,512,44,Attention-512,test_2,Mouse155_20151124_20-48-31,25,15,0.6,10,0.6,2,14,14,24,1.0,0.5833333333333334,0.7368421052631579
yolo_sppf_full_attention512_seed44,attention,512,44,Attention-512,test_2,Mouse155_20151124_20-48-31,25,15,0.6,10,0.6,3,12,13,23,0.9230769230769231,0.5217391304347826,0.6666666666666667
yolo_sppf_full_attention512_seed44,attention,512,44,Attention-512,test_2,Mouse155_20151124_20-48-31,25,15,0.6,10,0.6,4,10,12,22,0.8333333333333334,0.45454545454545453,0.5882352941176471
yolo_sppf_full_attention896_seed42,attention,896,42,Attention-896,test_2,Mouse155_20151124_20-48-31,25,14,0.56,12,0.52,1,13,14,25,0.9285714285714286,0.52,0.6666666666666666
yolo_sppf_full_attention896_seed42,attention,896,42,Attention-896,test_2,Mouse155_20151124_20-48-31,25,14,0.56,12,0.52,2,11,13,24,0.8461538461538461,0.4583333333333333,0.5945945945945945
yolo_sppf_full_attention896_seed42,attention,896,42,Attention-896,test_2,Mouse155_20151124_20-48-31,25,14,0.56,12,0.52,3,9,12,23,0.75,0.391304347826087,0.5142857142857143
yolo_sppf_full_attention896_seed42,attention,896,42,Attention-896,test_2,Mouse155_20151124_20-48-31,25,14,0.56,12,0.52,4,7,11,22,0.6363636363636364,0.3181818181818182,0.4242424242424242
yolo_sppf_full_attention896_seed43,attention,896,43,Attention-896,test_2,Mouse155_20151124_20-48-31,25,15,0.6,10,0.6,1,15,15,25,1.0,0.6,0.7499999999999999
yolo_sppf_full_attention896_seed43,attention,896,43,Attention-896,test_2,Mouse155_20151124_20-48-31,25,15,0.6,10,0.6,2,14,14,24,1.0,0.5833333333333334,0.7368421052631579
yolo_sppf_full_attention896_seed43,attention,896,43,Attention-896,test_2,Mouse155_20151124_20-48-31,25,15,0.6,10,0.6,3,12,13,23,0.9230769230769231,0.5217391304347826,0.6666666666666667
yolo_sppf_full_attention896_seed43,attention,896,43,Attention-896,test_2,Mouse155_20151124_20-48-31,25,15,0.6,10,0.6,4,10,12,22,0.8333333333333334,0.45454545454545453,0.5882352941176471
yolo_sppf_full_attention896_seed44,attention,896,44,Attention-896,test_2,Mouse155_20151124_20-48-31,25,18,0.72,7,0.72,1,18,18,25,1.0,0.72,0.8372093023255813
yolo_sppf_full_attention896_seed44,attention,896,44,Attention-896,test_2,Mouse155_20151124_20-48-31,25,18,0.72,7,0.72,2,17,17,24,1.0,0.7083333333333334,0.8292682926829268
yolo_sppf_full_attention896_seed44,attention,896,44,Attention-896,test_2,Mouse155_20151124_20-48-31,25,18,0.72,7,0.72,3,15,16,23,0.9375,0.6521739130434783,0.7692307692307693
yolo_sppf_full_attention896_seed44,attention,896,44,Attention-896,test_2,Mouse155_20151124_20-48-31,25,18,0.72,7,0.72,4,12,15,22,0.8,0.5454545454545454,0.6486486486486486
yolo_sppf_full_lstm256_seed42,lstm,256,42,LSTM-256,test_2,Mouse155_20151124_20-48-31,25,13,0.52,12,0.52,1,13,13,25,1.0,0.52,0.6842105263157895
yolo_sppf_full_lstm256_seed42,lstm,256,42,LSTM-256,test_2,Mouse155_20151124_20-48-31,25,13,0.52,12,0.52,2,12,12,24,1.0,0.5,0.6666666666666666
yolo_sppf_full_lstm256_seed42,lstm,256,42,LSTM-256,test_2,Mouse155_20151124_20-48-31,25,13,0.52,12,0.52,3,10,11,23,0.9090909090909091,0.43478260869565216,0.5882352941176471
yolo_sppf_full_lstm256_seed42,lstm,256,42,LSTM-256,test_2,Mouse155_20151124_20-48-31,25,13,0.52,12,0.52,4,8,10,22,0.8,0.36363636363636365,0.5000000000000001
yolo_sppf_full_lstm256_seed43,lstm,256,43,LSTM-256,test_2,Mouse155_20151124_20-48-31,25,12,0.48,13,0.48,1,12,12,25,1.0,0.48,0.6486486486486487
yolo_sppf_full_lstm256_seed43,lstm,256,43,LSTM-256,test_2,Mouse155_20151124_20-48-31,25,12,0.48,13,0.48,2,11,11,24,1.0,0.4583333333333333,0.6285714285714286
yolo_sppf_full_lstm256_seed43,lstm,256,43,LSTM-256,test_2,Mouse155_20151124_20-48-31,25,12,0.48,13,0.48,3,9,10,23,0.9,0.391304347826087,0.5454545454545454
yolo_sppf_full_lstm256_seed43,lstm,256,43,LSTM-256,test_2,Mouse155_20151124_20-48-31,25,12,0.48,13,0.48,4,7,9,22,0.7777777777777778,0.3181818181818182,0.45161290322580644
yolo_sppf_full_lstm256_seed44,lstm,256,44,LSTM-256,test_2,Mouse155_20151124_20-48-31,25,15,0.6,10,0.6,1,15,15,25,1.0,0.6,0.7499999999999999
yolo_sppf_full_lstm256_seed44,lstm,256,44,LSTM-256,test_2,Mouse155_20151124_20-48-31,25,15,0.6,10,0.6,2,14,14,24,1.0,0.5833333333333334,0.7368421052631579
yolo_sppf_full_lstm256_seed44,lstm,256,44,LSTM-256,test_2,Mouse155_20151124_20-48-31,25,15,0.6,10,0.6,3,12,13,23,0.9230769230769231,0.5217391304347826,0.6666666666666667
yolo_sppf_full_lstm256_seed44,lstm,256,44,LSTM-256,test_2,Mouse155_20151124_20-48-31,25,15,0.6,10,0.6,4,10,12,22,0.8333333333333334,0.45454545454545453,0.5882352941176471
yolo_sppf_full_lstm512_seed42,lstm,512,42,LSTM-512,test_2,Mouse155_20151124_20-48-31,25,15,0.6,10,0.6,1,15,15,25,1.0,0.6,0.7499999999999999
yolo_sppf_full_lstm512_seed42,lstm,512,42,LSTM-512,test_2,Mouse155_20151124_20-48-31,25,15,0.6,10,0.6,2,14,14,24,1.0,0.5833333333333334,0.7368421052631579
yolo_sppf_full_lstm512_seed42,lstm,512,42,LSTM-512,test_2,Mouse155_20151124_20-48-31,25,15,0.6,10,0.6,3,12,13,23,0.9230769230769231,0.5217391304347826,0.6666666666666667
yolo_sppf_full_lstm512_seed42,lstm,512,42,LSTM-512,test_2,Mouse155_20151124_20-48-31,25,15,0.6,10,0.6,4,10,12,22,0.8333333333333334,0.45454545454545453,0.5882352941176471
yolo_sppf_full_lstm512_seed43,lstm,512,43,LSTM-512,test_2,Mouse155_20151124_20-48-31,25,12,0.48,13,0.48,1,12,12,25,1.0,0.48,0.6486486486486487
yolo_sppf_full_lstm512_seed43,lstm,512,43,LSTM-512,test_2,Mouse155_20151124_20-48-31,25,12,0.48,13,0.48,2,11,11,24,1.0,0.4583333333333333,0.6285714285714286
yolo_sppf_full_lstm512_seed43,lstm,512,43,LSTM-512,test_2,Mouse155_20151124_20-48-31,25,12,0.48,13,0.48,3,9,10,23,0.9,0.391304347826087,0.5454545454545454
yolo_sppf_full_lstm512_seed43,lstm,512,43,LSTM-512,test_2,Mouse155_20151124_20-48-31,25,12,0.48,13,0.48,4,7,9,22,0.7777777777777778,0.3181818181818182,0.45161290322580644
yolo_sppf_full_lstm512_seed44,lstm,512,44,LSTM-512,test_2,Mouse155_20151124_20-48-31,25,17,0.68,8,0.6799999999999999,1,17,17,25,1.0,0.68,0.8095238095238095
yolo_sppf_full_lstm512_seed44,lstm,512,44,LSTM-512,test_2,Mouse155_20151124_20-48-31,25,17,0.68,8,0.6799999999999999,2,16,16,24,1.0,0.6666666666666666,0.8
yolo_sppf_full_lstm512_seed44,lstm,512,44,LSTM-512,test_2,Mouse155_20151124_20-48-31,25,17,0.68,8,0.6799999999999999,3,14,15,23,0.9333333333333333,0.6086956521739131,0.7368421052631579
yolo_sppf_full_lstm512_seed44,lstm,512,44,LSTM-512,test_2,Mouse155_20151124_20-48-31,25,17,0.68,8,0.6799999999999999,4,11,14,22,0.7857142857142857,0.5,0.6111111111111112
yolo_sppf_full_lstm896_seed42,lstm,896,42,LSTM-896,test_2,Mouse155_20151124_20-48-31,25,13,0.52,12,0.52,1,13,13,25,1.0,0.52,0.6842105263157895
yolo_sppf_full_lstm896_seed42,lstm,896,42,LSTM-896,test_2,Mouse155_20151124_20-48-31,25,13,0.52,12,0.52,2,12,12,24,1.0,0.5,0.6666666666666666
yolo_sppf_full_lstm896_seed42,lstm,896,42,LSTM-896,test_2,Mouse155_20151124_20-48-31,25,13,0.52,12,0.52,3,10,11,23,0.9090909090909091,0.43478260869565216,0.5882352941176471
yolo_sppf_full_lstm896_seed42,lstm,896,42,LSTM-896,test_2,Mouse155_20151124_20-48-31,25,13,0.52,12,0.52,4,8,10,22,0.8,0.36363636363636365,0.5000000000000001
yolo_sppf_full_lstm896_seed43,lstm,896,43,LSTM-896,test_2,Mouse155_20151124_20-48-31,25,12,0.48,13,0.48,1,12,12,25,1.0,0.48,0.6486486486486487
yolo_sppf_full_lstm896_seed43,lstm,896,43,LSTM-896,test_2,Mouse155_20151124_20-48-31,25,12,0.48,13,0.48,2,11,11,24,1.0,0.4583333333333333,0.6285714285714286
yolo_sppf_full_lstm896_seed43,lstm,896,43,LSTM-896,test_2,Mouse155_20151124_20-48-31,25,12,0.48,13,0.48,3,9,10,23,0.9,0.391304347826087,0.5454545454545454
yolo_sppf_full_lstm896_seed43,lstm,896,43,LSTM-896,test_2,Mouse155_20151124_20-48-31,25,12,0.48,13,0.48,4,7,9,22,0.7777777777777778,0.3181818181818182,0.45161290322580644
yolo_sppf_full_lstm896_seed44,lstm,896,44,LSTM-896,test_2,Mouse155_20151124_20-48-31,25,14,0.56,11,0.56,1,14,14,25,1.0,0.56,0.717948717948718
yolo_sppf_full_lstm896_seed44,lstm,896,44,LSTM-896,test_2,Mouse155_20151124_20-48-31,25,14,0.56,11,0.56,2,13,13,24,1.0,0.5416666666666666,0.7027027027027027
yolo_sppf_full_lstm896_seed44,lstm,896,44,LSTM-896,test_2,Mouse155_20151124_20-48-31,25,14,0.56,11,0.56,3,11,12,23,0.9166666666666666,0.4782608695652174,0.6285714285714286
yolo_sppf_full_lstm896_seed44,lstm,896,44,LSTM-896,test_2,Mouse155_20151124_20-48-31,25,14,0.56,11,0.56,4,9,11,22,0.8181818181818182,0.4090909090909091,0.5454545454545455
yolo_sppf_full_attention256_seed42,attention,256,42,Attention-256,test_2,Mouse155_20151124_20-56-05,58,33,0.5689655172413793,25,0.5689655172413793,1,33,33,58,1.0,0.5689655172413793,0.7252747252747253
yolo_sppf_full_attention256_seed42,attention,256,42,Attention-256,test_2,Mouse155_20151124_20-56-05,58,33,0.5689655172413793,25,0.5689655172413793,2,32,32,57,1.0,0.5614035087719298,0.7191011235955056
yolo_sppf_full_attention256_seed42,attention,256,42,Attention-256,test_2,Mouse155_20151124_20-56-05,58,33,0.5689655172413793,25,0.5689655172413793,3,31,31,56,1.0,0.5535714285714286,0.7126436781609196
yolo_sppf_full_attention256_seed42,attention,256,42,Attention-256,test_2,Mouse155_20151124_20-56-05,58,33,0.5689655172413793,25,0.5689655172413793,4,26,30,55,0.8666666666666667,0.4727272727272727,0.611764705882353
yolo_sppf_full_attention256_seed43,attention,256,43,Attention-256,test_2,Mouse155_20151124_20-56-05,58,33,0.5689655172413793,26,0.5517241379310345,1,33,33,58,1.0,0.5689655172413793,0.7252747252747253
yolo_sppf_full_attention256_seed43,attention,256,43,Attention-256,test_2,Mouse155_20151124_20-56-05,58,33,0.5689655172413793,26,0.5517241379310345,2,32,32,57,1.0,0.5614035087719298,0.7191011235955056
yolo_sppf_full_attention256_seed43,attention,256,43,Attention-256,test_2,Mouse155_20151124_20-56-05,58,33,0.5689655172413793,26,0.5517241379310345,3,31,31,56,1.0,0.5535714285714286,0.7126436781609196
yolo_sppf_full_attention256_seed43,attention,256,43,Attention-256,test_2,Mouse155_20151124_20-56-05,58,33,0.5689655172413793,26,0.5517241379310345,4,25,30,55,0.8333333333333334,0.45454545454545453,0.5882352941176471
yolo_sppf_full_attention256_seed44,attention,256,44,Attention-256,test_2,Mouse155_20151124_20-56-05,58,35,0.603448275862069,24,0.5862068965517242,1,34,35,58,0.9714285714285714,0.5862068965517241,0.7311827956989247
yolo_sppf_full_attention256_seed44,attention,256,44,Attention-256,test_2,Mouse155_20151124_20-56-05,58,35,0.603448275862069,24,0.5862068965517242,2,32,34,57,0.9411764705882353,0.5614035087719298,0.7032967032967032
yolo_sppf_full_attention256_seed44,attention,256,44,Attention-256,test_2,Mouse155_20151124_20-56-05,58,35,0.603448275862069,24,0.5862068965517242,3,30,33,56,0.9090909090909091,0.5357142857142857,0.6741573033707865
yolo_sppf_full_attention256_seed44,attention,256,44,Attention-256,test_2,Mouse155_20151124_20-56-05,58,35,0.603448275862069,24,0.5862068965517242,4,24,32,55,0.75,0.43636363636363634,0.5517241379310345
yolo_sppf_full_attention512_seed42,attention,512,42,Attention-512,test_2,Mouse155_20151124_20-56-05,58,34,0.5862068965517241,25,0.5689655172413793,1,34,34,58,1.0,0.5862068965517241,0.7391304347826086
yolo_sppf_full_attention512_seed42,attention,512,42,Attention-512,test_2,Mouse155_20151124_20-56-05,58,34,0.5862068965517241,25,0.5689655172413793,2,33,33,57,1.0,0.5789473684210527,0.7333333333333334
yolo_sppf_full_attention512_seed42,attention,512,42,Attention-512,test_2,Mouse155_20151124_20-56-05,58,34,0.5862068965517241,25,0.5689655172413793,3,31,32,56,0.96875,0.5535714285714286,0.7045454545454546
yolo_sppf_full_attention512_seed42,attention,512,42,Attention-512,test_2,Mouse155_20151124_20-56-05,58,34,0.5862068965517241,25,0.5689655172413793,4,26,31,55,0.8387096774193549,0.4727272727272727,0.6046511627906976
yolo_sppf_full_attention512_seed43,attention,512,43,Attention-512,test_2,Mouse155_20151124_20-56-05,58,34,0.5862068965517241,24,0.5862068965517242,1,34,34,58,1.0,0.5862068965517241,0.7391304347826086
yolo_sppf_full_attention512_seed43,attention,512,43,Attention-512,test_2,Mouse155_20151124_20-56-05,58,34,0.5862068965517241,24,0.5862068965517242,2,33,33,57,1.0,0.5789473684210527,0.7333333333333334
yolo_sppf_full_attention512_seed43,attention,512,43,Attention-512,test_2,Mouse155_20151124_20-56-05,58,34,0.5862068965517241,24,0.5862068965517242,3,32,32,56,1.0,0.5714285714285714,0.7272727272727273
yolo_sppf_full_attention512_seed43,attention,512,43,Attention-512,test_2,Mouse155_20151124_20-56-05,58,34,0.5862068965517241,24,0.5862068965517242,4,28,31,55,0.9032258064516129,0.509090909090909,0.6511627906976745
yolo_sppf_full_attention512_seed44,attention,512,44,Attention-512,test_2,Mouse155_20151124_20-56-05,58,34,0.5862068965517241,24,0.5862068965517242,1,34,34,58,1.0,0.5862068965517241,0.7391304347826086
yolo_sppf_full_attention512_seed44,attention,512,44,Attention-512,test_2,Mouse155_20151124_20-56-05,58,34,0.5862068965517241,24,0.5862068965517242,2,33,33,57,1.0,0.5789473684210527,0.7333333333333334
yolo_sppf_full_attention512_seed44,attention,512,44,Attention-512,test_2,Mouse155_20151124_20-56-05,58,34,0.5862068965517241,24,0.5862068965517242,3,31,32,56,0.96875,0.5535714285714286,0.7045454545454546
yolo_sppf_full_attention512_seed44,attention,512,44,Attention-512,test_2,Mouse155_20151124_20-56-05,58,34,0.5862068965517241,24,0.5862068965517242,4,25,31,55,0.8064516129032258,0.45454545454545453,0.5813953488372092
yolo_sppf_full_attention896_seed42,attention,896,42,Attention-896,test_2,Mouse155_20151124_20-56-05,58,35,0.603448275862069,25,0.5689655172413793,1,35,35,58,1.0,0.603448275862069,0.7526881720430108
yolo_sppf_full_attention896_seed42,attention,896,42,Attention-896,test_2,Mouse155_20151124_20-56-05,58,35,0.603448275862069,25,0.5689655172413793,2,34,34,57,1.0,0.5964912280701754,0.7472527472527472
yolo_sppf_full_attention896_seed42,attention,896,42,Attention-896,test_2,Mouse155_20151124_20-56-05,58,35,0.603448275862069,25,0.5689655172413793,3,31,33,56,0.9393939393939394,0.5535714285714286,0.6966292134831461
yolo_sppf_full_attention896_seed42,attention,896,42,Attention-896,test_2,Mouse155_20151124_20-56-05,58,35,0.603448275862069,25,0.5689655172413793,4,25,32,55,0.78125,0.45454545454545453,0.5747126436781609
yolo_sppf_full_attention896_seed43,attention,896,43,Attention-896,test_2,Mouse155_20151124_20-56-05,58,31,0.5344827586206896,27,0.5344827586206897,1,31,31,58,1.0,0.5344827586206896,0.6966292134831461
yolo_sppf_full_attention896_seed43,attention,896,43,Attention-896,test_2,Mouse155_20151124_20-56-05,58,31,0.5344827586206896,27,0.5344827586206897,2,30,30,57,1.0,0.5263157894736842,0.6896551724137931
yolo_sppf_full_attention896_seed43,attention,896,43,Attention-896,test_2,Mouse155_20151124_20-56-05,58,31,0.5344827586206896,27,0.5344827586206897,3,29,29,56,1.0,0.5178571428571429,0.6823529411764707
yolo_sppf_full_attention896_seed43,attention,896,43,Attention-896,test_2,Mouse155_20151124_20-56-05,58,31,0.5344827586206896,27,0.5344827586206897,4,24,28,55,0.8571428571428571,0.43636363636363634,0.5783132530120482
yolo_sppf_full_attention896_seed44,attention,896,44,Attention-896,test_2,Mouse155_20151124_20-56-05,58,36,0.6206896551724138,23,0.603448275862069,1,36,36,58,1.0,0.6206896551724138,0.7659574468085107
yolo_sppf_full_attention896_seed44,attention,896,44,Attention-896,test_2,Mouse155_20151124_20-56-05,58,36,0.6206896551724138,23,0.603448275862069,2,35,35,57,1.0,0.6140350877192983,0.7608695652173912
yolo_sppf_full_attention896_seed44,attention,896,44,Attention-896,test_2,Mouse155_20151124_20-56-05,58,36,0.6206896551724138,23,0.603448275862069,3,34,34,56,1.0,0.6071428571428571,0.7555555555555554
yolo_sppf_full_attention896_seed44,attention,896,44,Attention-896,test_2,Mouse155_20151124_20-56-05,58,36,0.6206896551724138,23,0.603448275862069,4,28,33,55,0.8484848484848485,0.509090909090909,0.6363636363636364
yolo_sppf_full_lstm256_seed42,lstm,256,42,LSTM-256,test_2,Mouse155_20151124_20-56-05,58,33,0.5689655172413793,26,0.5517241379310345,1,32,33,58,0.9696969696969697,0.5517241379310345,0.7032967032967034
yolo_sppf_full_lstm256_seed42,lstm,256,42,LSTM-256,test_2,Mouse155_20151124_20-56-05,58,33,0.5689655172413793,26,0.5517241379310345,2,30,32,57,0.9375,0.5263157894736842,0.6741573033707865
yolo_sppf_full_lstm256_seed42,lstm,256,42,LSTM-256,test_2,Mouse155_20151124_20-56-05,58,33,0.5689655172413793,26,0.5517241379310345,3,28,31,56,0.9032258064516129,0.5,0.6436781609195402
yolo_sppf_full_lstm256_seed42,lstm,256,42,LSTM-256,test_2,Mouse155_20151124_20-56-05,58,33,0.5689655172413793,26,0.5517241379310345,4,22,30,55,0.7333333333333333,0.4,0.5176470588235295
yolo_sppf_full_lstm256_seed43,lstm,256,43,LSTM-256,test_2,Mouse155_20151124_20-56-05,58,32,0.5517241379310345,28,0.5172413793103448,1,31,32,58,0.96875,0.5344827586206896,0.6888888888888889
yolo_sppf_full_lstm256_seed43,lstm,256,43,LSTM-256,test_2,Mouse155_20151124_20-56-05,58,32,0.5517241379310345,28,0.5172413793103448,2,29,31,57,0.9354838709677419,0.5087719298245614,0.6590909090909092
yolo_sppf_full_lstm256_seed43,lstm,256,43,LSTM-256,test_2,Mouse155_20151124_20-56-05,58,32,0.5517241379310345,28,0.5172413793103448,3,27,30,56,0.9,0.48214285714285715,0.627906976744186
yolo_sppf_full_lstm256_seed43,lstm,256,43,LSTM-256,test_2,Mouse155_20151124_20-56-05,58,32,0.5517241379310345,28,0.5172413793103448,4,22,29,55,0.7586206896551724,0.4,0.5238095238095237
yolo_sppf_full_lstm256_seed44,lstm,256,44,LSTM-256,test_2,Mouse155_20151124_20-56-05,58,35,0.603448275862069,25,0.5689655172413793,1,34,35,58,0.9714285714285714,0.5862068965517241,0.7311827956989247
yolo_sppf_full_lstm256_seed44,lstm,256,44,LSTM-256,test_2,Mouse155_20151124_20-56-05,58,35,0.603448275862069,25,0.5689655172413793,2,32,34,57,0.9411764705882353,0.5614035087719298,0.7032967032967032
yolo_sppf_full_lstm256_seed44,lstm,256,44,LSTM-256,test_2,Mouse155_20151124_20-56-05,58,35,0.603448275862069,25,0.5689655172413793,3,30,33,56,0.9090909090909091,0.5357142857142857,0.6741573033707865
yolo_sppf_full_lstm256_seed44,lstm,256,44,LSTM-256,test_2,Mouse155_20151124_20-56-05,58,35,0.603448275862069,25,0.5689655172413793,4,24,32,55,0.75,0.43636363636363634,0.5517241379310345
yolo_sppf_full_lstm512_seed42,lstm,512,42,LSTM-512,test_2,Mouse155_20151124_20-56-05,58,38,0.6551724137931034,23,0.603448275862069,1,37,38,58,0.9736842105263158,0.6379310344827587,0.7708333333333335
yolo_sppf_full_lstm512_seed42,lstm,512,42,LSTM-512,test_2,Mouse155_20151124_20-56-05,58,38,0.6551724137931034,23,0.603448275862069,2,35,37,57,0.9459459459459459,0.6140350877192983,0.7446808510638299
yolo_sppf_full_lstm512_seed42,lstm,512,42,LSTM-512,test_2,Mouse155_20151124_20-56-05,58,38,0.6551724137931034,23,0.603448275862069,3,33,36,56,0.9166666666666666,0.5892857142857143,0.717391304347826
yolo_sppf_full_lstm512_seed42,lstm,512,42,LSTM-512,test_2,Mouse155_20151124_20-56-05,58,38,0.6551724137931034,23,0.603448275862069,4,27,35,55,0.7714285714285715,0.4909090909090909,0.6
yolo_sppf_full_lstm512_seed43,lstm,512,43,LSTM-512,test_2,Mouse155_20151124_20-56-05,58,33,0.5689655172413793,27,0.5344827586206897,1,32,33,58,0.9696969696969697,0.5517241379310345,0.7032967032967034
yolo_sppf_full_lstm512_seed43,lstm,512,43,LSTM-512,test_2,Mouse155_20151124_20-56-05,58,33,0.5689655172413793,27,0.5344827586206897,2,30,32,57,0.9375,0.5263157894736842,0.6741573033707865
yolo_sppf_full_lstm512_seed43,lstm,512,43,LSTM-512,test_2,Mouse155_20151124_20-56-05,58,33,0.5689655172413793,27,0.5344827586206897,3,28,31,56,0.9032258064516129,0.5,0.6436781609195402
yolo_sppf_full_lstm512_seed43,lstm,512,43,LSTM-512,test_2,Mouse155_20151124_20-56-05,58,33,0.5689655172413793,27,0.5344827586206897,4,24,30,55,0.8,0.43636363636363634,0.5647058823529413
yolo_sppf_full_lstm512_seed44,lstm,512,44,LSTM-512,test_2,Mouse155_20151124_20-56-05,58,36,0.6206896551724138,23,0.603448275862069,1,36,36,58,1.0,0.6206896551724138,0.7659574468085107
yolo_sppf_full_lstm512_seed44,lstm,512,44,LSTM-512,test_2,Mouse155_20151124_20-56-05,58,36,0.6206896551724138,23,0.603448275862069,2,35,35,57,1.0,0.6140350877192983,0.7608695652173912
yolo_sppf_full_lstm512_seed44,lstm,512,44,LSTM-512,test_2,Mouse155_20151124_20-56-05,58,36,0.6206896551724138,23,0.603448275862069,3,34,34,56,1.0,0.6071428571428571,0.7555555555555554
yolo_sppf_full_lstm512_seed44,lstm,512,44,LSTM-512,test_2,Mouse155_20151124_20-56-05,58,36,0.6206896551724138,23,0.603448275862069,4,30,33,55,0.9090909090909091,0.5454545454545454,0.6818181818181818
yolo_sppf_full_lstm896_seed42,lstm,896,42,LSTM-896,test_2,Mouse155_20151124_20-56-05,58,34,0.5862068965517241,24,0.5862068965517242,1,34,34,58,1.0,0.5862068965517241,0.7391304347826086
yolo_sppf_full_lstm896_seed42,lstm,896,42,LSTM-896,test_2,Mouse155_20151124_20-56-05,58,34,0.5862068965517241,24,0.5862068965517242,2,33,33,57,1.0,0.5789473684210527,0.7333333333333334
yolo_sppf_full_lstm896_seed42,lstm,896,42,LSTM-896,test_2,Mouse155_20151124_20-56-05,58,34,0.5862068965517241,24,0.5862068965517242,3,31,32,56,0.96875,0.5535714285714286,0.7045454545454546
yolo_sppf_full_lstm896_seed42,lstm,896,42,LSTM-896,test_2,Mouse155_20151124_20-56-05,58,34,0.5862068965517241,24,0.5862068965517242,4,25,31,55,0.8064516129032258,0.45454545454545453,0.5813953488372092
yolo_sppf_full_lstm896_seed43,lstm,896,43,LSTM-896,test_2,Mouse155_20151124_20-56-05,58,36,0.6206896551724138,25,0.5689655172413793,1,35,36,58,0.9722222222222222,0.603448275862069,0.7446808510638298
yolo_sppf_full_lstm896_seed43,lstm,896,43,LSTM-896,test_2,Mouse155_20151124_20-56-05,58,36,0.6206896551724138,25,0.5689655172413793,2,33,35,57,0.9428571428571428,0.5789473684210527,0.7173913043478262
yolo_sppf_full_lstm896_seed43,lstm,896,43,LSTM-896,test_2,Mouse155_20151124_20-56-05,58,36,0.6206896551724138,25,0.5689655172413793,3,30,34,56,0.8823529411764706,0.5357142857142857,0.6666666666666667
yolo_sppf_full_lstm896_seed43,lstm,896,43,LSTM-896,test_2,Mouse155_20151124_20-56-05,58,36,0.6206896551724138,25,0.5689655172413793,4,25,33,55,0.7575757575757576,0.45454545454545453,0.5681818181818181
yolo_sppf_full_lstm896_seed44,lstm,896,44,LSTM-896,test_2,Mouse155_20151124_20-56-05,58,35,0.603448275862069,24,0.5862068965517242,1,35,35,58,1.0,0.603448275862069,0.7526881720430108
yolo_sppf_full_lstm896_seed44,lstm,896,44,LSTM-896,test_2,Mouse155_20151124_20-56-05,58,35,0.603448275862069,24,0.5862068965517242,2,34,34,57,1.0,0.5964912280701754,0.7472527472527472
yolo_sppf_full_lstm896_seed44,lstm,896,44,LSTM-896,test_2,Mouse155_20151124_20-56-05,58,35,0.603448275862069,24,0.5862068965517242,3,33,33,56,1.0,0.5892857142857143,0.7415730337078651
yolo_sppf_full_lstm896_seed44,lstm,896,44,LSTM-896,test_2,Mouse155_20151124_20-56-05,58,35,0.603448275862069,24,0.5862068965517242,4,28,32,55,0.875,0.509090909090909,0.6436781609195402
yolo_sppf_full_attention256_seed42,attention,256,42,Attention-256,test_2,Mouse155_20151124_21-11-28,32,23,0.71875,12,0.625,1,20,23,32,0.8695652173913043,0.625,0.7272727272727273
yolo_sppf_full_attention256_seed42,attention,256,42,Attention-256,test_2,Mouse155_20151124_21-11-28,32,23,0.71875,12,0.625,2,18,22,31,0.8181818181818182,0.5806451612903226,0.679245283018868
yolo_sppf_full_attention256_seed42,attention,256,42,Attention-256,test_2,Mouse155_20151124_21-11-28,32,23,0.71875,12,0.625,3,15,21,30,0.7142857142857143,0.5,0.588235294117647
yolo_sppf_full_attention256_seed42,attention,256,42,Attention-256,test_2,Mouse155_20151124_21-11-28,32,23,0.71875,12,0.625,4,12,20,29,0.6,0.41379310344827586,0.4897959183673469
yolo_sppf_full_attention256_seed43,attention,256,43,Attention-256,test_2,Mouse155_20151124_21-11-28,32,18,0.5625,15,0.53125,1,17,18,32,0.9444444444444444,0.53125,0.6799999999999999
yolo_sppf_full_attention256_seed43,attention,256,43,Attention-256,test_2,Mouse155_20151124_21-11-28,32,18,0.5625,15,0.53125,2,15,17,31,0.8823529411764706,0.4838709677419355,0.625
yolo_sppf_full_attention256_seed43,attention,256,43,Attention-256,test_2,Mouse155_20151124_21-11-28,32,18,0.5625,15,0.53125,3,14,16,30,0.875,0.4666666666666667,0.608695652173913
yolo_sppf_full_attention256_seed43,attention,256,43,Attention-256,test_2,Mouse155_20151124_21-11-28,32,18,0.5625,15,0.53125,4,13,15,29,0.8666666666666667,0.4482758620689655,0.5909090909090909
yolo_sppf_full_attention256_seed44,attention,256,44,Attention-256,test_2,Mouse155_20151124_21-11-28,32,22,0.6875,13,0.59375,1,19,22,32,0.8636363636363636,0.59375,0.7037037037037037
yolo_sppf_full_attention256_seed44,attention,256,44,Attention-256,test_2,Mouse155_20151124_21-11-28,32,22,0.6875,13,0.59375,2,17,21,31,0.8095238095238095,0.5483870967741935,0.6538461538461537
yolo_sppf_full_attention256_seed44,attention,256,44,Attention-256,test_2,Mouse155_20151124_21-11-28,32,22,0.6875,13,0.59375,3,14,20,30,0.7,0.4666666666666667,0.56
yolo_sppf_full_attention256_seed44,attention,256,44,Attention-256,test_2,Mouse155_20151124_21-11-28,32,22,0.6875,13,0.59375,4,11,19,29,0.5789473684210527,0.3793103448275862,0.45833333333333337
yolo_sppf_full_attention512_seed42,attention,512,42,Attention-512,test_2,Mouse155_20151124_21-11-28,32,20,0.625,13,0.59375,1,19,20,32,0.95,0.59375,0.7307692307692308
yolo_sppf_full_attention512_seed42,attention,512,42,Attention-512,test_2,Mouse155_20151124_21-11-28,32,20,0.625,13,0.59375,2,17,19,31,0.8947368421052632,0.5483870967741935,0.6799999999999999
yolo_sppf_full_attention512_seed42,attention,512,42,Attention-512,test_2,Mouse155_20151124_21-11-28,32,20,0.625,13,0.59375,3,15,18,30,0.8333333333333334,0.5,0.625
yolo_sppf_full_attention512_seed42,attention,512,42,Attention-512,test_2,Mouse155_20151124_21-11-28,32,20,0.625,13,0.59375,4,13,17,29,0.7647058823529411,0.4482758620689655,0.5652173913043479
yolo_sppf_full_attention512_seed43,attention,512,43,Attention-512,test_2,Mouse155_20151124_21-11-28,32,21,0.65625,12,0.625,1,20,21,32,0.9523809523809523,0.625,0.7547169811320755
yolo_sppf_full_attention512_seed43,attention,512,43,Attention-512,test_2,Mouse155_20151124_21-11-28,32,21,0.65625,12,0.625,2,18,20,31,0.9,0.5806451612903226,0.7058823529411764
yolo_sppf_full_attention512_seed43,attention,512,43,Attention-512,test_2,Mouse155_20151124_21-11-28,32,21,0.65625,12,0.625,3,16,19,30,0.8421052631578947,0.5333333333333333,0.653061224489796
yolo_sppf_full_attention512_seed43,attention,512,43,Attention-512,test_2,Mouse155_20151124_21-11-28,32,21,0.65625,12,0.625,4,14,18,29,0.7777777777777778,0.4827586206896552,0.5957446808510638
yolo_sppf_full_attention512_seed44,attention,512,44,Attention-512,test_2,Mouse155_20151124_21-11-28,32,21,0.65625,12,0.625,1,20,21,32,0.9523809523809523,0.625,0.7547169811320755
yolo_sppf_full_attention512_seed44,attention,512,44,Attention-512,test_2,Mouse155_20151124_21-11-28,32,21,0.65625,12,0.625,2,18,20,31,0.9,0.5806451612903226,0.7058823529411764
yolo_sppf_full_attention512_seed44,attention,512,44,Attention-512,test_2,Mouse155_20151124_21-11-28,32,21,0.65625,12,0.625,3,16,19,30,0.8421052631578947,0.5333333333333333,0.653061224489796
yolo_sppf_full_attention512_seed44,attention,512,44,Attention-512,test_2,Mouse155_20151124_21-11-28,32,21,0.65625,12,0.625,4,14,18,29,0.7777777777777778,0.4827586206896552,0.5957446808510638
yolo_sppf_full_attention896_seed42,attention,896,42,Attention-896,test_2,Mouse155_20151124_21-11-28,32,23,0.71875,13,0.59375,1,21,23,32,0.9130434782608695,0.65625,0.7636363636363634
yolo_sppf_full_attention896_seed42,attention,896,42,Attention-896,test_2,Mouse155_20151124_21-11-28,32,23,0.71875,13,0.59375,2,18,22,31,0.8181818181818182,0.5806451612903226,0.679245283018868
yolo_sppf_full_attention896_seed42,attention,896,42,Attention-896,test_2,Mouse155_20151124_21-11-28,32,23,0.71875,13,0.59375,3,15,21,30,0.7142857142857143,0.5,0.588235294117647
yolo_sppf_full_attention896_seed42,attention,896,42,Attention-896,test_2,Mouse155_20151124_21-11-28,32,23,0.71875,13,0.59375,4,13,20,29,0.65,0.4482758620689655,0.5306122448979592
yolo_sppf_full_attention896_seed43,attention,896,43,Attention-896,test_2,Mouse155_20151124_21-11-28,32,22,0.6875,11,0.65625,1,21,22,32,0.9545454545454546,0.65625,0.7777777777777778
yolo_sppf_full_attention896_seed43,attention,896,43,Attention-896,test_2,Mouse155_20151124_21-11-28,32,22,0.6875,11,0.65625,2,19,21,31,0.9047619047619048,0.6129032258064516,0.7307692307692307
yolo_sppf_full_attention896_seed43,attention,896,43,Attention-896,test_2,Mouse155_20151124_21-11-28,32,22,0.6875,11,0.65625,3,17,20,30,0.85,0.5666666666666667,0.68
yolo_sppf_full_attention896_seed43,attention,896,43,Attention-896,test_2,Mouse155_20151124_21-11-28,32,22,0.6875,11,0.65625,4,15,19,29,0.7894736842105263,0.5172413793103449,0.625
yolo_sppf_full_attention896_seed44,attention,896,44,Attention-896,test_2,Mouse155_20151124_21-11-28,32,21,0.65625,12,0.625,1,20,21,32,0.9523809523809523,0.625,0.7547169811320755
yolo_sppf_full_attention896_seed44,attention,896,44,Attention-896,test_2,Mouse155_20151124_21-11-28,32,21,0.65625,12,0.625,2,18,20,31,0.9,0.5806451612903226,0.7058823529411764
yolo_sppf_full_attention896_seed44,attention,896,44,Attention-896,test_2,Mouse155_20151124_21-11-28,32,21,0.65625,12,0.625,3,16,19,30,0.8421052631578947,0.5333333333333333,0.653061224489796
yolo_sppf_full_attention896_seed44,attention,896,44,Attention-896,test_2,Mouse155_20151124_21-11-28,32,21,0.65625,12,0.625,4,14,18,29,0.7777777777777778,0.4827586206896552,0.5957446808510638
yolo_sppf_full_lstm256_seed42,lstm,256,42,LSTM-256,test_2,Mouse155_20151124_21-11-28,32,21,0.65625,14,0.5625,1,18,21,32,0.8571428571428571,0.5625,0.6792452830188678
yolo_sppf_full_lstm256_seed42,lstm,256,42,LSTM-256,test_2,Mouse155_20151124_21-11-28,32,21,0.65625,14,0.5625,2,16,20,31,0.8,0.5161290322580645,0.6274509803921569
yolo_sppf_full_lstm256_seed42,lstm,256,42,LSTM-256,test_2,Mouse155_20151124_21-11-28,32,21,0.65625,14,0.5625,3,13,19,30,0.6842105263157895,0.43333333333333335,0.5306122448979592
yolo_sppf_full_lstm256_seed42,lstm,256,42,LSTM-256,test_2,Mouse155_20151124_21-11-28,32,21,0.65625,14,0.5625,4,10,18,29,0.5555555555555556,0.3448275862068966,0.4255319148936171
yolo_sppf_full_lstm256_seed43,lstm,256,43,LSTM-256,test_2,Mouse155_20151124_21-11-28,32,18,0.5625,16,0.5,1,17,18,32,0.9444444444444444,0.53125,0.6799999999999999
yolo_sppf_full_lstm256_seed43,lstm,256,43,LSTM-256,test_2,Mouse155_20151124_21-11-28,32,18,0.5625,16,0.5,2,15,17,31,0.8823529411764706,0.4838709677419355,0.625
yolo_sppf_full_lstm256_seed43,lstm,256,43,LSTM-256,test_2,Mouse155_20151124_21-11-28,32,18,0.5625,16,0.5,3,12,16,30,0.75,0.4,0.5217391304347827
yolo_sppf_full_lstm256_seed43,lstm,256,43,LSTM-256,test_2,Mouse155_20151124_21-11-28,32,18,0.5625,16,0.5,4,11,15,29,0.7333333333333333,0.3793103448275862,0.5
yolo_sppf_full_lstm256_seed44,lstm,256,44,LSTM-256,test_2,Mouse155_20151124_21-11-28,32,24,0.75,13,0.59375,1,19,24,32,0.7916666666666666,0.59375,0.6785714285714286
yolo_sppf_full_lstm256_seed44,lstm,256,44,LSTM-256,test_2,Mouse155_20151124_21-11-28,32,24,0.75,13,0.59375,2,17,23,31,0.7391304347826086,0.5483870967741935,0.6296296296296297
yolo_sppf_full_lstm256_seed44,lstm,256,44,LSTM-256,test_2,Mouse155_20151124_21-11-28,32,24,0.75,13,0.59375,3,13,22,30,0.5909090909090909,0.43333333333333335,0.5
yolo_sppf_full_lstm256_seed44,lstm,256,44,LSTM-256,test_2,Mouse155_20151124_21-11-28,32,24,0.75,13,0.59375,4,9,21,29,0.42857142857142855,0.3103448275862069,0.36000000000000004
yolo_sppf_full_lstm512_seed42,lstm,512,42,LSTM-512,test_2,Mouse155_20151124_21-11-28,32,21,0.65625,12,0.625,1,21,21,32,1.0,0.65625,0.7924528301886793
yolo_sppf_full_lstm512_seed42,lstm,512,42,LSTM-512,test_2,Mouse155_20151124_21-11-28,32,21,0.65625,12,0.625,2,20,20,31,1.0,0.6451612903225806,0.7843137254901961
yolo_sppf_full_lstm512_seed42,lstm,512,42,LSTM-512,test_2,Mouse155_20151124_21-11-28,32,21,0.65625,12,0.625,3,17,19,30,0.8947368421052632,0.5666666666666667,0.6938775510204083
yolo_sppf_full_lstm512_seed42,lstm,512,42,LSTM-512,test_2,Mouse155_20151124_21-11-28,32,21,0.65625,12,0.625,4,15,18,29,0.8333333333333334,0.5172413793103449,0.6382978723404256
yolo_sppf_full_lstm512_seed43,lstm,512,43,LSTM-512,test_2,Mouse155_20151124_21-11-28,32,15,0.46875,19,0.40625,1,14,15,32,0.9333333333333333,0.4375,0.5957446808510638
yolo_sppf_full_lstm512_seed43,lstm,512,43,LSTM-512,test_2,Mouse155_20151124_21-11-28,32,15,0.46875,19,0.40625,2,12,14,31,0.8571428571428571,0.3870967741935484,0.5333333333333333
yolo_sppf_full_lstm512_seed43,lstm,512,43,LSTM-512,test_2,Mouse155_20151124_21-11-28,32,15,0.46875,19,0.40625,3,9,13,30,0.6923076923076923,0.3,0.41860465116279066
yolo_sppf_full_lstm512_seed43,lstm,512,43,LSTM-512,test_2,Mouse155_20151124_21-11-28,32,15,0.46875,19,0.40625,4,8,12,29,0.6666666666666666,0.27586206896551724,0.3902439024390244
yolo_sppf_full_lstm512_seed44,lstm,512,44,LSTM-512,test_2,Mouse155_20151124_21-11-28,32,19,0.59375,13,0.59375,1,19,19,32,1.0,0.59375,0.7450980392156863
yolo_sppf_full_lstm512_seed44,lstm,512,44,LSTM-512,test_2,Mouse155_20151124_21-11-28,32,19,0.59375,13,0.59375,2,18,18,31,1.0,0.5806451612903226,0.7346938775510204
yolo_sppf_full_lstm512_seed44,lstm,512,44,LSTM-512,test_2,Mouse155_20151124_21-11-28,32,19,0.59375,13,0.59375,3,17,17,30,1.0,0.5666666666666667,0.7234042553191489
yolo_sppf_full_lstm512_seed44,lstm,512,44,LSTM-512,test_2,Mouse155_20151124_21-11-28,32,19,0.59375,13,0.59375,4,16,16,29,1.0,0.5517241379310345,0.7111111111111111
yolo_sppf_full_lstm896_seed42,lstm,896,42,LSTM-896,test_2,Mouse155_20151124_21-11-28,32,17,0.53125,15,0.53125,1,17,17,32,1.0,0.53125,0.6938775510204082
yolo_sppf_full_lstm896_seed42,lstm,896,42,LSTM-896,test_2,Mouse155_20151124_21-11-28,32,17,0.53125,15,0.53125,2,16,16,31,1.0,0.5161290322580645,0.6808510638297872
yolo_sppf_full_lstm896_seed42,lstm,896,42,LSTM-896,test_2,Mouse155_20151124_21-11-28,32,17,0.53125,15,0.53125,3,15,15,30,1.0,0.5,0.6666666666666666
yolo_sppf_full_lstm896_seed42,lstm,896,42,LSTM-896,test_2,Mouse155_20151124_21-11-28,32,17,0.53125,15,0.53125,4,14,14,29,1.0,0.4827586206896552,0.6511627906976745
yolo_sppf_full_lstm896_seed43,lstm,896,43,LSTM-896,test_2,Mouse155_20151124_21-11-28,32,17,0.53125,16,0.5,1,17,17,32,1.0,0.53125,0.6938775510204082
yolo_sppf_full_lstm896_seed43,lstm,896,43,LSTM-896,test_2,Mouse155_20151124_21-11-28,32,17,0.53125,16,0.5,2,16,16,31,1.0,0.5161290322580645,0.6808510638297872
yolo_sppf_full_lstm896_seed43,lstm,896,43,LSTM-896,test_2,Mouse155_20151124_21-11-28,32,17,0.53125,16,0.5,3,13,15,30,0.8666666666666667,0.43333333333333335,0.5777777777777778
yolo_sppf_full_lstm896_seed43,lstm,896,43,LSTM-896,test_2,Mouse155_20151124_21-11-28,32,17,0.53125,16,0.5,4,11,14,29,0.7857142857142857,0.3793103448275862,0.5116279069767441
yolo_sppf_full_lstm896_seed44,lstm,896,44,LSTM-896,test_2,Mouse155_20151124_21-11-28,32,19,0.59375,13,0.59375,1,19,19,32,1.0,0.59375,0.7450980392156863
yolo_sppf_full_lstm896_seed44,lstm,896,44,LSTM-896,test_2,Mouse155_20151124_21-11-28,32,19,0.59375,13,0.59375,2,18,18,31,1.0,0.5806451612903226,0.7346938775510204
yolo_sppf_full_lstm896_seed44,lstm,896,44,LSTM-896,test_2,Mouse155_20151124_21-11-28,32,19,0.59375,13,0.59375,3,17,17,30,1.0,0.5666666666666667,0.7234042553191489
yolo_sppf_full_lstm896_seed44,lstm,896,44,LSTM-896,test_2,Mouse155_20151124_21-11-28,32,19,0.59375,13,0.59375,4,16,16,29,1.0,0.5517241379310345,0.7111111111111111
yolo_sppf_full_attention256_seed42,attention,256,42,Attention-256,test_2,Mouse155_20151129_22-41-43,33,19,0.5757575757575758,14,0.5757575757575757,1,19,19,33,1.0,0.5757575757575758,0.7307692307692308
yolo_sppf_full_attention256_seed42,attention,256,42,Attention-256,test_2,Mouse155_20151129_22-41-43,33,19,0.5757575757575758,14,0.5757575757575757,2,18,18,32,1.0,0.5625,0.72
yolo_sppf_full_attention256_seed42,attention,256,42,Attention-256,test_2,Mouse155_20151129_22-41-43,33,19,0.5757575757575758,14,0.5757575757575757,3,17,17,31,1.0,0.5483870967741935,0.7083333333333333
yolo_sppf_full_attention256_seed42,attention,256,42,Attention-256,test_2,Mouse155_20151129_22-41-43,33,19,0.5757575757575758,14,0.5757575757575757,4,16,16,30,1.0,0.5333333333333333,0.6956521739130436
yolo_sppf_full_attention256_seed43,attention,256,43,Attention-256,test_2,Mouse155_20151129_22-41-43,33,21,0.6363636363636364,12,0.6363636363636364,1,21,21,33,1.0,0.6363636363636364,0.7777777777777778
yolo_sppf_full_attention256_seed43,attention,256,43,Attention-256,test_2,Mouse155_20151129_22-41-43,33,21,0.6363636363636364,12,0.6363636363636364,2,20,20,32,1.0,0.625,0.7692307692307693
yolo_sppf_full_attention256_seed43,attention,256,43,Attention-256,test_2,Mouse155_20151129_22-41-43,33,21,0.6363636363636364,12,0.6363636363636364,3,19,19,31,1.0,0.6129032258064516,0.76
yolo_sppf_full_attention256_seed43,attention,256,43,Attention-256,test_2,Mouse155_20151129_22-41-43,33,21,0.6363636363636364,12,0.6363636363636364,4,18,18,30,1.0,0.6,0.7499999999999999
yolo_sppf_full_attention256_seed44,attention,256,44,Attention-256,test_2,Mouse155_20151129_22-41-43,33,18,0.5454545454545454,15,0.5454545454545454,1,18,18,33,1.0,0.5454545454545454,0.7058823529411764
yolo_sppf_full_attention256_seed44,attention,256,44,Attention-256,test_2,Mouse155_20151129_22-41-43,33,18,0.5454545454545454,15,0.5454545454545454,2,17,17,32,1.0,0.53125,0.6938775510204082
yolo_sppf_full_attention256_seed44,attention,256,44,Attention-256,test_2,Mouse155_20151129_22-41-43,33,18,0.5454545454545454,15,0.5454545454545454,3,16,16,31,1.0,0.5161290322580645,0.6808510638297872
yolo_sppf_full_attention256_seed44,attention,256,44,Attention-256,test_2,Mouse155_20151129_22-41-43,33,18,0.5454545454545454,15,0.5454545454545454,4,15,15,30,1.0,0.5,0.6666666666666666
yolo_sppf_full_attention512_seed42,attention,512,42,Attention-512,test_2,Mouse155_20151129_22-41-43,33,19,0.5757575757575758,15,0.5454545454545454,1,18,19,33,0.9473684210526315,0.5454545454545454,0.6923076923076923
yolo_sppf_full_attention512_seed42,attention,512,42,Attention-512,test_2,Mouse155_20151129_22-41-43,33,19,0.5757575757575758,15,0.5454545454545454,2,16,18,32,0.8888888888888888,0.5,0.64
yolo_sppf_full_attention512_seed42,attention,512,42,Attention-512,test_2,Mouse155_20151129_22-41-43,33,19,0.5757575757575758,15,0.5454545454545454,3,14,17,31,0.8235294117647058,0.45161290322580644,0.5833333333333333
yolo_sppf_full_attention512_seed42,attention,512,42,Attention-512,test_2,Mouse155_20151129_22-41-43,33,19,0.5757575757575758,15,0.5454545454545454,4,12,16,30,0.75,0.4,0.5217391304347827
yolo_sppf_full_attention512_seed43,attention,512,43,Attention-512,test_2,Mouse155_20151129_22-41-43,33,18,0.5454545454545454,15,0.5454545454545454,1,18,18,33,1.0,0.5454545454545454,0.7058823529411764
yolo_sppf_full_attention512_seed43,attention,512,43,Attention-512,test_2,Mouse155_20151129_22-41-43,33,18,0.5454545454545454,15,0.5454545454545454,2,17,17,32,1.0,0.53125,0.6938775510204082
yolo_sppf_full_attention512_seed43,attention,512,43,Attention-512,test_2,Mouse155_20151129_22-41-43,33,18,0.5454545454545454,15,0.5454545454545454,3,16,16,31,1.0,0.5161290322580645,0.6808510638297872
yolo_sppf_full_attention512_seed43,attention,512,43,Attention-512,test_2,Mouse155_20151129_22-41-43,33,18,0.5454545454545454,15,0.5454545454545454,4,15,15,30,1.0,0.5,0.6666666666666666
yolo_sppf_full_attention512_seed44,attention,512,44,Attention-512,test_2,Mouse155_20151129_22-41-43,33,16,0.48484848484848486,17,0.48484848484848486,1,16,16,33,1.0,0.48484848484848486,0.653061224489796
yolo_sppf_full_attention512_seed44,attention,512,44,Attention-512,test_2,Mouse155_20151129_22-41-43,33,16,0.48484848484848486,17,0.48484848484848486,2,15,15,32,1.0,0.46875,0.6382978723404256
yolo_sppf_full_attention512_seed44,attention,512,44,Attention-512,test_2,Mouse155_20151129_22-41-43,33,16,0.48484848484848486,17,0.48484848484848486,3,14,14,31,1.0,0.45161290322580644,0.6222222222222222
yolo_sppf_full_attention512_seed44,attention,512,44,Attention-512,test_2,Mouse155_20151129_22-41-43,33,16,0.48484848484848486,17,0.48484848484848486,4,13,13,30,1.0,0.43333333333333335,0.6046511627906976
yolo_sppf_full_attention896_seed42,attention,896,42,Attention-896,test_2,Mouse155_20151129_22-41-43,33,23,0.696969696969697,12,0.6363636363636364,1,21,23,33,0.9130434782608695,0.6363636363636364,0.75
yolo_sppf_full_attention896_seed42,attention,896,42,Attention-896,test_2,Mouse155_20151129_22-41-43,33,23,0.696969696969697,12,0.6363636363636364,2,18,22,32,0.8181818181818182,0.5625,0.6666666666666666
yolo_sppf_full_attention896_seed42,attention,896,42,Attention-896,test_2,Mouse155_20151129_22-41-43,33,23,0.696969696969697,12,0.6363636363636364,3,16,21,31,0.7619047619047619,0.5161290322580645,0.6153846153846153
yolo_sppf_full_attention896_seed42,attention,896,42,Attention-896,test_2,Mouse155_20151129_22-41-43,33,23,0.696969696969697,12,0.6363636363636364,4,14,20,30,0.7,0.4666666666666667,0.56
yolo_sppf_full_attention896_seed43,attention,896,43,Attention-896,test_2,Mouse155_20151129_22-41-43,33,17,0.5151515151515151,16,0.5151515151515151,1,17,17,33,1.0,0.5151515151515151,0.6799999999999999
yolo_sppf_full_attention896_seed43,attention,896,43,Attention-896,test_2,Mouse155_20151129_22-41-43,33,17,0.5151515151515151,16,0.5151515151515151,2,16,16,32,1.0,0.5,0.6666666666666666
yolo_sppf_full_attention896_seed43,attention,896,43,Attention-896,test_2,Mouse155_20151129_22-41-43,33,17,0.5151515151515151,16,0.5151515151515151,3,15,15,31,1.0,0.4838709677419355,0.6521739130434783
yolo_sppf_full_attention896_seed43,attention,896,43,Attention-896,test_2,Mouse155_20151129_22-41-43,33,17,0.5151515151515151,16,0.5151515151515151,4,14,14,30,1.0,0.4666666666666667,0.6363636363636364
yolo_sppf_full_attention896_seed44,attention,896,44,Attention-896,test_2,Mouse155_20151129_22-41-43,33,17,0.5151515151515151,16,0.5151515151515151,1,17,17,33,1.0,0.5151515151515151,0.6799999999999999
yolo_sppf_full_attention896_seed44,attention,896,44,Attention-896,test_2,Mouse155_20151129_22-41-43,33,17,0.5151515151515151,16,0.5151515151515151,2,16,16,32,1.0,0.5,0.6666666666666666
yolo_sppf_full_attention896_seed44,attention,896,44,Attention-896,test_2,Mouse155_20151129_22-41-43,33,17,0.5151515151515151,16,0.5151515151515151,3,15,15,31,1.0,0.4838709677419355,0.6521739130434783
yolo_sppf_full_attention896_seed44,attention,896,44,Attention-896,test_2,Mouse155_20151129_22-41-43,33,17,0.5151515151515151,16,0.5151515151515151,4,14,14,30,1.0,0.4666666666666667,0.6363636363636364
yolo_sppf_full_lstm256_seed42,lstm,256,42,LSTM-256,test_2,Mouse155_20151129_22-41-43,33,19,0.5757575757575758,14,0.5757575757575757,1,19,19,33,1.0,0.5757575757575758,0.7307692307692308
yolo_sppf_full_lstm256_seed42,lstm,256,42,LSTM-256,test_2,Mouse155_20151129_22-41-43,33,19,0.5757575757575758,14,0.5757575757575757,2,18,18,32,1.0,0.5625,0.72
yolo_sppf_full_lstm256_seed42,lstm,256,42,LSTM-256,test_2,Mouse155_20151129_22-41-43,33,19,0.5757575757575758,14,0.5757575757575757,3,17,17,31,1.0,0.5483870967741935,0.7083333333333333
yolo_sppf_full_lstm256_seed42,lstm,256,42,LSTM-256,test_2,Mouse155_20151129_22-41-43,33,19,0.5757575757575758,14,0.5757575757575757,4,16,16,30,1.0,0.5333333333333333,0.6956521739130436
yolo_sppf_full_lstm256_seed43,lstm,256,43,LSTM-256,test_2,Mouse155_20151129_22-41-43,33,21,0.6363636363636364,12,0.6363636363636364,1,21,21,33,1.0,0.6363636363636364,0.7777777777777778
yolo_sppf_full_lstm256_seed43,lstm,256,43,LSTM-256,test_2,Mouse155_20151129_22-41-43,33,21,0.6363636363636364,12,0.6363636363636364,2,20,20,32,1.0,0.625,0.7692307692307693
yolo_sppf_full_lstm256_seed43,lstm,256,43,LSTM-256,test_2,Mouse155_20151129_22-41-43,33,21,0.6363636363636364,12,0.6363636363636364,3,19,19,31,1.0,0.6129032258064516,0.76
yolo_sppf_full_lstm256_seed43,lstm,256,43,LSTM-256,test_2,Mouse155_20151129_22-41-43,33,21,0.6363636363636364,12,0.6363636363636364,4,18,18,30,1.0,0.6,0.7499999999999999
yolo_sppf_full_lstm256_seed44,lstm,256,44,LSTM-256,test_2,Mouse155_20151129_22-41-43,33,21,0.6363636363636364,12,0.6363636363636364,1,21,21,33,1.0,0.6363636363636364,0.7777777777777778
yolo_sppf_full_lstm256_seed44,lstm,256,44,LSTM-256,test_2,Mouse155_20151129_22-41-43,33,21,0.6363636363636364,12,0.6363636363636364,2,20,20,32,1.0,0.625,0.7692307692307693
yolo_sppf_full_lstm256_seed44,lstm,256,44,LSTM-256,test_2,Mouse155_20151129_22-41-43,33,21,0.6363636363636364,12,0.6363636363636364,3,19,19,31,1.0,0.6129032258064516,0.76
yolo_sppf_full_lstm256_seed44,lstm,256,44,LSTM-256,test_2,Mouse155_20151129_22-41-43,33,21,0.6363636363636364,12,0.6363636363636364,4,18,18,30,1.0,0.6,0.7499999999999999
yolo_sppf_full_lstm512_seed42,lstm,512,42,LSTM-512,test_2,Mouse155_20151129_22-41-43,33,21,0.6363636363636364,12,0.6363636363636364,1,21,21,33,1.0,0.6363636363636364,0.7777777777777778
yolo_sppf_full_lstm512_seed42,lstm,512,42,LSTM-512,test_2,Mouse155_20151129_22-41-43,33,21,0.6363636363636364,12,0.6363636363636364,2,20,20,32,1.0,0.625,0.7692307692307693
yolo_sppf_full_lstm512_seed42,lstm,512,42,LSTM-512,test_2,Mouse155_20151129_22-41-43,33,21,0.6363636363636364,12,0.6363636363636364,3,19,19,31,1.0,0.6129032258064516,0.76
yolo_sppf_full_lstm512_seed42,lstm,512,42,LSTM-512,test_2,Mouse155_20151129_22-41-43,33,21,0.6363636363636364,12,0.6363636363636364,4,18,18,30,1.0,0.6,0.7499999999999999
yolo_sppf_full_lstm512_seed43,lstm,512,43,LSTM-512,test_2,Mouse155_20151129_22-41-43,33,22,0.6666666666666666,11,0.6666666666666667,1,22,22,33,1.0,0.6666666666666666,0.8
yolo_sppf_full_lstm512_seed43,lstm,512,43,LSTM-512,test_2,Mouse155_20151129_22-41-43,33,22,0.6666666666666666,11,0.6666666666666667,2,21,21,32,1.0,0.65625,0.7924528301886793
yolo_sppf_full_lstm512_seed43,lstm,512,43,LSTM-512,test_2,Mouse155_20151129_22-41-43,33,22,0.6666666666666666,11,0.6666666666666667,3,20,20,31,1.0,0.6451612903225806,0.7843137254901961
yolo_sppf_full_lstm512_seed43,lstm,512,43,LSTM-512,test_2,Mouse155_20151129_22-41-43,33,22,0.6666666666666666,11,0.6666666666666667,4,19,19,30,1.0,0.6333333333333333,0.7755102040816326
yolo_sppf_full_lstm512_seed44,lstm,512,44,LSTM-512,test_2,Mouse155_20151129_22-41-43,33,16,0.48484848484848486,17,0.48484848484848486,1,16,16,33,1.0,0.48484848484848486,0.653061224489796
yolo_sppf_full_lstm512_seed44,lstm,512,44,LSTM-512,test_2,Mouse155_20151129_22-41-43,33,16,0.48484848484848486,17,0.48484848484848486,2,15,15,32,1.0,0.46875,0.6382978723404256
yolo_sppf_full_lstm512_seed44,lstm,512,44,LSTM-512,test_2,Mouse155_20151129_22-41-43,33,16,0.48484848484848486,17,0.48484848484848486,3,14,14,31,1.0,0.45161290322580644,0.6222222222222222
yolo_sppf_full_lstm512_seed44,lstm,512,44,LSTM-512,test_2,Mouse155_20151129_22-41-43,33,16,0.48484848484848486,17,0.48484848484848486,4,13,13,30,1.0,0.43333333333333335,0.6046511627906976
yolo_sppf_full_lstm896_seed42,lstm,896,42,LSTM-896,test_2,Mouse155_20151129_22-41-43,33,21,0.6363636363636364,12,0.6363636363636364,1,21,21,33,1.0,0.6363636363636364,0.7777777777777778
yolo_sppf_full_lstm896_seed42,lstm,896,42,LSTM-896,test_2,Mouse155_20151129_22-41-43,33,21,0.6363636363636364,12,0.6363636363636364,2,20,20,32,1.0,0.625,0.7692307692307693
yolo_sppf_full_lstm896_seed42,lstm,896,42,LSTM-896,test_2,Mouse155_20151129_22-41-43,33,21,0.6363636363636364,12,0.6363636363636364,3,19,19,31,1.0,0.6129032258064516,0.76
yolo_sppf_full_lstm896_seed42,lstm,896,42,LSTM-896,test_2,Mouse155_20151129_22-41-43,33,21,0.6363636363636364,12,0.6363636363636364,4,18,18,30,1.0,0.6,0.7499999999999999
yolo_sppf_full_lstm896_seed43,lstm,896,43,LSTM-896,test_2,Mouse155_20151129_22-41-43,33,21,0.6363636363636364,12,0.6363636363636364,1,21,21,33,1.0,0.6363636363636364,0.7777777777777778
yolo_sppf_full_lstm896_seed43,lstm,896,43,LSTM-896,test_2,Mouse155_20151129_22-41-43,33,21,0.6363636363636364,12,0.6363636363636364,2,20,20,32,1.0,0.625,0.7692307692307693
yolo_sppf_full_lstm896_seed43,lstm,896,43,LSTM-896,test_2,Mouse155_20151129_22-41-43,33,21,0.6363636363636364,12,0.6363636363636364,3,19,19,31,1.0,0.6129032258064516,0.76
yolo_sppf_full_lstm896_seed43,lstm,896,43,LSTM-896,test_2,Mouse155_20151129_22-41-43,33,21,0.6363636363636364,12,0.6363636363636364,4,18,18,30,1.0,0.6,0.7499999999999999
yolo_sppf_full_lstm896_seed44,lstm,896,44,LSTM-896,test_2,Mouse155_20151129_22-41-43,33,17,0.5151515151515151,16,0.5151515151515151,1,17,17,33,1.0,0.5151515151515151,0.6799999999999999
yolo_sppf_full_lstm896_seed44,lstm,896,44,LSTM-896,test_2,Mouse155_20151129_22-41-43,33,17,0.5151515151515151,16,0.5151515151515151,2,16,16,32,1.0,0.5,0.6666666666666666
yolo_sppf_full_lstm896_seed44,lstm,896,44,LSTM-896,test_2,Mouse155_20151129_22-41-43,33,17,0.5151515151515151,16,0.5151515151515151,3,15,15,31,1.0,0.4838709677419355,0.6521739130434783
yolo_sppf_full_lstm896_seed44,lstm,896,44,LSTM-896,test_2,Mouse155_20151129_22-41-43,33,17,0.5151515151515151,16,0.5151515151515151,4,14,14,30,1.0,0.4666666666666667,0.6363636363636364
yolo_sppf_full_attention256_seed42,attention,256,42,Attention-256,test_2,Mouse156_20151012_20-16-37,123,73,0.5934959349593496,55,0.5528455284552846,1,72,73,123,0.9863013698630136,0.5853658536585366,0.7346938775510202
yolo_sppf_full_attention256_seed42,attention,256,42,Attention-256,test_2,Mouse156_20151012_20-16-37,123,73,0.5934959349593496,55,0.5528455284552846,2,70,72,122,0.9722222222222222,0.5737704918032787,0.7216494845360824
yolo_sppf_full_attention256_seed42,attention,256,42,Attention-256,test_2,Mouse156_20151012_20-16-37,123,73,0.5934959349593496,55,0.5528455284552846,3,64,71,121,0.9014084507042254,0.5289256198347108,0.6666666666666666
yolo_sppf_full_attention256_seed42,attention,256,42,Attention-256,test_2,Mouse156_20151012_20-16-37,123,73,0.5934959349593496,55,0.5528455284552846,4,53,70,120,0.7571428571428571,0.44166666666666665,0.5578947368421052
yolo_sppf_full_attention256_seed43,attention,256,43,Attention-256,test_2,Mouse156_20151012_20-16-37,123,69,0.5609756097560976,57,0.5365853658536586,1,69,69,123,1.0,0.5609756097560976,0.71875
yolo_sppf_full_attention256_seed43,attention,256,43,Attention-256,test_2,Mouse156_20151012_20-16-37,123,69,0.5609756097560976,57,0.5365853658536586,2,68,68,122,1.0,0.5573770491803278,0.7157894736842105
yolo_sppf_full_attention256_seed43,attention,256,43,Attention-256,test_2,Mouse156_20151012_20-16-37,123,69,0.5609756097560976,57,0.5365853658536586,3,66,67,121,0.9850746268656716,0.5454545454545454,0.702127659574468
yolo_sppf_full_attention256_seed43,attention,256,43,Attention-256,test_2,Mouse156_20151012_20-16-37,123,69,0.5609756097560976,57,0.5365853658536586,4,57,66,120,0.8636363636363636,0.475,0.6129032258064516
yolo_sppf_full_attention256_seed44,attention,256,44,Attention-256,test_2,Mouse156_20151012_20-16-37,123,79,0.6422764227642277,52,0.5772357723577235,1,75,79,123,0.9493670886075949,0.6097560975609756,0.7425742574257426
yolo_sppf_full_attention256_seed44,attention,256,44,Attention-256,test_2,Mouse156_20151012_20-16-37,123,79,0.6422764227642277,52,0.5772357723577235,2,70,78,122,0.8974358974358975,0.5737704918032787,0.7
yolo_sppf_full_attention256_seed44,attention,256,44,Attention-256,test_2,Mouse156_20151012_20-16-37,123,79,0.6422764227642277,52,0.5772357723577235,3,65,77,121,0.8441558441558441,0.5371900826446281,0.6565656565656566
yolo_sppf_full_attention256_seed44,attention,256,44,Attention-256,test_2,Mouse156_20151012_20-16-37,123,79,0.6422764227642277,52,0.5772357723577235,4,58,76,120,0.7631578947368421,0.48333333333333334,0.5918367346938777
yolo_sppf_full_attention512_seed42,attention,512,42,Attention-512,test_2,Mouse156_20151012_20-16-37,123,72,0.5853658536585366,55,0.5528455284552846,1,72,72,123,1.0,0.5853658536585366,0.7384615384615384
yolo_sppf_full_attention512_seed42,attention,512,42,Attention-512,test_2,Mouse156_20151012_20-16-37,123,72,0.5853658536585366,55,0.5528455284552846,2,71,71,122,1.0,0.5819672131147541,0.7357512953367876
yolo_sppf_full_attention512_seed42,attention,512,42,Attention-512,test_2,Mouse156_20151012_20-16-37,123,72,0.5853658536585366,55,0.5528455284552846,3,67,70,121,0.9571428571428572,0.5537190082644629,0.7015706806282722
yolo_sppf_full_attention512_seed42,attention,512,42,Attention-512,test_2,Mouse156_20151012_20-16-37,123,72,0.5853658536585366,55,0.5528455284552846,4,52,69,120,0.7536231884057971,0.43333333333333335,0.5502645502645502
yolo_sppf_full_attention512_seed43,attention,512,43,Attention-512,test_2,Mouse156_20151012_20-16-37,123,74,0.6016260162601627,52,0.5772357723577235,1,74,74,123,1.0,0.6016260162601627,0.7512690355329951
yolo_sppf_full_attention512_seed43,attention,512,43,Attention-512,test_2,Mouse156_20151012_20-16-37,123,74,0.6016260162601627,52,0.5772357723577235,2,73,73,122,1.0,0.5983606557377049,0.7487179487179486
yolo_sppf_full_attention512_seed43,attention,512,43,Attention-512,test_2,Mouse156_20151012_20-16-37,123,74,0.6016260162601627,52,0.5772357723577235,3,68,72,121,0.9444444444444444,0.5619834710743802,0.7046632124352331
yolo_sppf_full_attention512_seed43,attention,512,43,Attention-512,test_2,Mouse156_20151012_20-16-37,123,74,0.6016260162601627,52,0.5772357723577235,4,60,71,120,0.8450704225352113,0.5,0.6282722513089005
yolo_sppf_full_attention512_seed44,attention,512,44,Attention-512,test_2,Mouse156_20151012_20-16-37,123,78,0.6341463414634146,51,0.5853658536585367,1,77,78,123,0.9871794871794872,0.6260162601626016,0.7661691542288557
yolo_sppf_full_attention512_seed44,attention,512,44,Attention-512,test_2,Mouse156_20151012_20-16-37,123,78,0.6341463414634146,51,0.5853658536585367,2,73,77,122,0.948051948051948,0.5983606557377049,0.7336683417085427
yolo_sppf_full_attention512_seed44,attention,512,44,Attention-512,test_2,Mouse156_20151012_20-16-37,123,78,0.6341463414634146,51,0.5853658536585367,3,66,76,121,0.868421052631579,0.5454545454545454,0.6700507614213198
yolo_sppf_full_attention512_seed44,attention,512,44,Attention-512,test_2,Mouse156_20151012_20-16-37,123,78,0.6341463414634146,51,0.5853658536585367,4,53,75,120,0.7066666666666667,0.44166666666666665,0.5435897435897435
yolo_sppf_full_attention896_seed42,attention,896,42,Attention-896,test_2,Mouse156_20151012_20-16-37,123,87,0.7073170731707317,49,0.6016260162601625,1,80,87,123,0.9195402298850575,0.6504065040650406,0.7619047619047619
yolo_sppf_full_attention896_seed42,attention,896,42,Attention-896,test_2,Mouse156_20151012_20-16-37,123,87,0.7073170731707317,49,0.6016260162601625,2,72,86,122,0.8372093023255814,0.5901639344262295,0.6923076923076923
yolo_sppf_full_attention896_seed42,attention,896,42,Attention-896,test_2,Mouse156_20151012_20-16-37,123,87,0.7073170731707317,49,0.6016260162601625,3,63,85,121,0.7411764705882353,0.5206611570247934,0.6116504854368933
yolo_sppf_full_attention896_seed42,attention,896,42,Attention-896,test_2,Mouse156_20151012_20-16-37,123,87,0.7073170731707317,49,0.6016260162601625,4,46,84,120,0.5476190476190477,0.38333333333333336,0.4509803921568628
yolo_sppf_full_attention896_seed43,attention,896,43,Attention-896,test_2,Mouse156_20151012_20-16-37,123,72,0.5853658536585366,53,0.5691056910569106,1,72,72,123,1.0,0.5853658536585366,0.7384615384615384
yolo_sppf_full_attention896_seed43,attention,896,43,Attention-896,test_2,Mouse156_20151012_20-16-37,123,72,0.5853658536585366,53,0.5691056910569106,2,71,71,122,1.0,0.5819672131147541,0.7357512953367876
yolo_sppf_full_attention896_seed43,attention,896,43,Attention-896,test_2,Mouse156_20151012_20-16-37,123,72,0.5853658536585366,53,0.5691056910569106,3,67,70,121,0.9571428571428572,0.5537190082644629,0.7015706806282722
yolo_sppf_full_attention896_seed43,attention,896,43,Attention-896,test_2,Mouse156_20151012_20-16-37,123,72,0.5853658536585366,53,0.5691056910569106,4,60,69,120,0.8695652173913043,0.5,0.634920634920635
yolo_sppf_full_attention896_seed44,attention,896,44,Attention-896,test_2,Mouse156_20151012_20-16-37,123,76,0.6178861788617886,52,0.5772357723577235,1,76,76,123,1.0,0.6178861788617886,0.7638190954773869
yolo_sppf_full_attention896_seed44,attention,896,44,Attention-896,test_2,Mouse156_20151012_20-16-37,123,76,0.6178861788617886,52,0.5772357723577235,2,72,75,122,0.96,0.5901639344262295,0.7309644670050761
yolo_sppf_full_attention896_seed44,attention,896,44,Attention-896,test_2,Mouse156_20151012_20-16-37,123,76,0.6178861788617886,52,0.5772357723577235,3,65,74,121,0.8783783783783784,0.5371900826446281,0.6666666666666667
yolo_sppf_full_attention896_seed44,attention,896,44,Attention-896,test_2,Mouse156_20151012_20-16-37,123,76,0.6178861788617886,52,0.5772357723577235,4,54,73,120,0.7397260273972602,0.45,0.5595854922279792
yolo_sppf_full_lstm256_seed42,lstm,256,42,LSTM-256,test_2,Mouse156_20151012_20-16-37,123,86,0.6991869918699187,53,0.5691056910569106,1,78,86,123,0.9069767441860465,0.6341463414634146,0.7464114832535884
yolo_sppf_full_lstm256_seed42,lstm,256,42,LSTM-256,test_2,Mouse156_20151012_20-16-37,123,86,0.6991869918699187,53,0.5691056910569106,2,73,85,122,0.8588235294117647,0.5983606557377049,0.7053140096618358
yolo_sppf_full_lstm256_seed42,lstm,256,42,LSTM-256,test_2,Mouse156_20151012_20-16-37,123,86,0.6991869918699187,53,0.5691056910569106,3,63,84,121,0.75,0.5206611570247934,0.6146341463414634
yolo_sppf_full_lstm256_seed42,lstm,256,42,LSTM-256,test_2,Mouse156_20151012_20-16-37,123,86,0.6991869918699187,53,0.5691056910569106,4,52,83,120,0.6265060240963856,0.43333333333333335,0.5123152709359606
yolo_sppf_full_lstm256_seed43,lstm,256,43,LSTM-256,test_2,Mouse156_20151012_20-16-37,123,75,0.6097560975609756,55,0.5528455284552846,1,73,75,123,0.9733333333333334,0.5934959349593496,0.7373737373737373
yolo_sppf_full_lstm256_seed43,lstm,256,43,LSTM-256,test_2,Mouse156_20151012_20-16-37,123,75,0.6097560975609756,55,0.5528455284552846,2,70,74,122,0.9459459459459459,0.5737704918032787,0.7142857142857142
yolo_sppf_full_lstm256_seed43,lstm,256,43,LSTM-256,test_2,Mouse156_20151012_20-16-37,123,75,0.6097560975609756,55,0.5528455284552846,3,65,73,121,0.8904109589041096,0.5371900826446281,0.6701030927835051
yolo_sppf_full_lstm256_seed43,lstm,256,43,LSTM-256,test_2,Mouse156_20151012_20-16-37,123,75,0.6097560975609756,55,0.5528455284552846,4,58,72,120,0.8055555555555556,0.48333333333333334,0.6041666666666667
yolo_sppf_full_lstm256_seed44,lstm,256,44,LSTM-256,test_2,Mouse156_20151012_20-16-37,123,79,0.6422764227642277,51,0.5853658536585367,1,77,79,123,0.9746835443037974,0.6260162601626016,0.7623762376237624
yolo_sppf_full_lstm256_seed44,lstm,256,44,LSTM-256,test_2,Mouse156_20151012_20-16-37,123,79,0.6422764227642277,51,0.5853658536585367,2,74,78,122,0.9487179487179487,0.6065573770491803,0.74
yolo_sppf_full_lstm256_seed44,lstm,256,44,LSTM-256,test_2,Mouse156_20151012_20-16-37,123,79,0.6422764227642277,51,0.5853658536585367,3,66,77,121,0.8571428571428571,0.5454545454545454,0.6666666666666665
yolo_sppf_full_lstm256_seed44,lstm,256,44,LSTM-256,test_2,Mouse156_20151012_20-16-37,123,79,0.6422764227642277,51,0.5853658536585367,4,56,76,120,0.7368421052631579,0.4666666666666667,0.5714285714285714
yolo_sppf_full_lstm512_seed42,lstm,512,42,LSTM-512,test_2,Mouse156_20151012_20-16-37,123,79,0.6422764227642277,50,0.5934959349593496,1,79,79,123,1.0,0.6422764227642277,0.7821782178217822
yolo_sppf_full_lstm512_seed42,lstm,512,42,LSTM-512,test_2,Mouse156_20151012_20-16-37,123,79,0.6422764227642277,50,0.5934959349593496,2,77,78,122,0.9871794871794872,0.6311475409836066,0.77
yolo_sppf_full_lstm512_seed42,lstm,512,42,LSTM-512,test_2,Mouse156_20151012_20-16-37,123,79,0.6422764227642277,50,0.5934959349593496,3,74,77,121,0.961038961038961,0.6115702479338843,0.7474747474747475
yolo_sppf_full_lstm512_seed42,lstm,512,42,LSTM-512,test_2,Mouse156_20151012_20-16-37,123,79,0.6422764227642277,50,0.5934959349593496,4,66,76,120,0.868421052631579,0.55,0.673469387755102
yolo_sppf_full_lstm512_seed43,lstm,512,43,LSTM-512,test_2,Mouse156_20151012_20-16-37,123,76,0.6178861788617886,52,0.5772357723577235,1,74,76,123,0.9736842105263158,0.6016260162601627,0.7437185929648242
yolo_sppf_full_lstm512_seed43,lstm,512,43,LSTM-512,test_2,Mouse156_20151012_20-16-37,123,76,0.6178861788617886,52,0.5772357723577235,2,71,75,122,0.9466666666666667,0.5819672131147541,0.7208121827411167
yolo_sppf_full_lstm512_seed43,lstm,512,43,LSTM-512,test_2,Mouse156_20151012_20-16-37,123,76,0.6178861788617886,52,0.5772357723577235,3,66,74,121,0.8918918918918919,0.5454545454545454,0.676923076923077
yolo_sppf_full_lstm512_seed43,lstm,512,43,LSTM-512,test_2,Mouse156_20151012_20-16-37,123,76,0.6178861788617886,52,0.5772357723577235,4,60,73,120,0.821917808219178,0.5,0.6217616580310881
yolo_sppf_full_lstm512_seed44,lstm,512,44,LSTM-512,test_2,Mouse156_20151012_20-16-37,123,73,0.5934959349593496,54,0.5609756097560976,1,73,73,123,1.0,0.5934959349593496,0.7448979591836735
yolo_sppf_full_lstm512_seed44,lstm,512,44,LSTM-512,test_2,Mouse156_20151012_20-16-37,123,73,0.5934959349593496,54,0.5609756097560976,2,72,72,122,1.0,0.5901639344262295,0.7422680412371134
yolo_sppf_full_lstm512_seed44,lstm,512,44,LSTM-512,test_2,Mouse156_20151012_20-16-37,123,73,0.5934959349593496,54,0.5609756097560976,3,65,71,121,0.9154929577464789,0.5371900826446281,0.6770833333333334
yolo_sppf_full_lstm512_seed44,lstm,512,44,LSTM-512,test_2,Mouse156_20151012_20-16-37,123,73,0.5934959349593496,54,0.5609756097560976,4,53,70,120,0.7571428571428571,0.44166666666666665,0.5578947368421052
yolo_sppf_full_lstm896_seed42,lstm,896,42,LSTM-896,test_2,Mouse156_20151012_20-16-37,123,77,0.6260162601626016,50,0.5934959349593496,1,77,77,123,1.0,0.6260162601626016,0.77
yolo_sppf_full_lstm896_seed42,lstm,896,42,LSTM-896,test_2,Mouse156_20151012_20-16-37,123,77,0.6260162601626016,50,0.5934959349593496,2,75,76,122,0.9868421052631579,0.6147540983606558,0.7575757575757576
yolo_sppf_full_lstm896_seed42,lstm,896,42,LSTM-896,test_2,Mouse156_20151012_20-16-37,123,77,0.6260162601626016,50,0.5934959349593496,3,69,75,121,0.92,0.5702479338842975,0.7040816326530611
yolo_sppf_full_lstm896_seed42,lstm,896,42,LSTM-896,test_2,Mouse156_20151012_20-16-37,123,77,0.6260162601626016,50,0.5934959349593496,4,62,74,120,0.8378378378378378,0.5166666666666667,0.6391752577319588
yolo_sppf_full_lstm896_seed43,lstm,896,43,LSTM-896,test_2,Mouse156_20151012_20-16-37,123,77,0.6260162601626016,51,0.5853658536585367,1,76,77,123,0.987012987012987,0.6178861788617886,0.7599999999999999
yolo_sppf_full_lstm896_seed43,lstm,896,43,LSTM-896,test_2,Mouse156_20151012_20-16-37,123,77,0.6260162601626016,51,0.5853658536585367,2,74,76,122,0.9736842105263158,0.6065573770491803,0.7474747474747474
yolo_sppf_full_lstm896_seed43,lstm,896,43,LSTM-896,test_2,Mouse156_20151012_20-16-37,123,77,0.6260162601626016,51,0.5853658536585367,3,69,75,121,0.92,0.5702479338842975,0.7040816326530611
yolo_sppf_full_lstm896_seed43,lstm,896,43,LSTM-896,test_2,Mouse156_20151012_20-16-37,123,77,0.6260162601626016,51,0.5853658536585367,4,59,74,120,0.7972972972972973,0.49166666666666664,0.6082474226804123
yolo_sppf_full_lstm896_seed44,lstm,896,44,LSTM-896,test_2,Mouse156_20151012_20-16-37,123,76,0.6178861788617886,50,0.5934959349593496,1,76,76,123,1.0,0.6178861788617886,0.7638190954773869
yolo_sppf_full_lstm896_seed44,lstm,896,44,LSTM-896,test_2,Mouse156_20151012_20-16-37,123,76,0.6178861788617886,50,0.5934959349593496,2,73,75,122,0.9733333333333334,0.5983606557377049,0.7411167512690356
yolo_sppf_full_lstm896_seed44,lstm,896,44,LSTM-896,test_2,Mouse156_20151012_20-16-37,123,76,0.6178861788617886,50,0.5934959349593496,3,64,74,121,0.8648648648648649,0.5289256198347108,0.6564102564102564
yolo_sppf_full_lstm896_seed44,lstm,896,44,LSTM-896,test_2,Mouse156_20151012_20-16-37,123,76,0.6178861788617886,50,0.5934959349593496,4,56,73,120,0.7671232876712328,0.4666666666666667,0.5803108808290155
yolo_sppf_full_attention256_seed42,attention,256,42,Attention-256,test_2,Mouse156_20151124_21-53-46,43,21,0.4883720930232558,25,0.41860465116279066,1,18,21,43,0.8571428571428571,0.4186046511627907,0.5625000000000001
yolo_sppf_full_attention256_seed42,attention,256,42,Attention-256,test_2,Mouse156_20151124_21-53-46,43,21,0.4883720930232558,25,0.41860465116279066,2,14,20,42,0.7,0.3333333333333333,0.45161290322580644
yolo_sppf_full_attention256_seed42,attention,256,42,Attention-256,test_2,Mouse156_20151124_21-53-46,43,21,0.4883720930232558,25,0.41860465116279066,3,10,19,41,0.5263157894736842,0.24390243902439024,0.3333333333333333
yolo_sppf_full_attention256_seed42,attention,256,42,Attention-256,test_2,Mouse156_20151124_21-53-46,43,21,0.4883720930232558,25,0.41860465116279066,4,7,18,40,0.3888888888888889,0.175,0.24137931034482757
yolo_sppf_full_attention256_seed43,attention,256,43,Attention-256,test_2,Mouse156_20151124_21-53-46,43,20,0.46511627906976744,25,0.41860465116279066,1,18,20,43,0.9,0.4186046511627907,0.5714285714285715
yolo_sppf_full_attention256_seed43,attention,256,43,Attention-256,test_2,Mouse156_20151124_21-53-46,43,20,0.46511627906976744,25,0.41860465116279066,2,15,19,42,0.7894736842105263,0.35714285714285715,0.4918032786885246
yolo_sppf_full_attention256_seed43,attention,256,43,Attention-256,test_2,Mouse156_20151124_21-53-46,43,20,0.46511627906976744,25,0.41860465116279066,3,12,18,41,0.6666666666666666,0.2926829268292683,0.4067796610169492
yolo_sppf_full_attention256_seed43,attention,256,43,Attention-256,test_2,Mouse156_20151124_21-53-46,43,20,0.46511627906976744,25,0.41860465116279066,4,9,17,40,0.5294117647058824,0.225,0.31578947368421056
yolo_sppf_full_attention256_seed44,attention,256,44,Attention-256,test_2,Mouse156_20151124_21-53-46,43,25,0.5813953488372093,22,0.4883720930232558,1,21,25,43,0.84,0.4883720930232558,0.6176470588235294
yolo_sppf_full_attention256_seed44,attention,256,44,Attention-256,test_2,Mouse156_20151124_21-53-46,43,25,0.5813953488372093,22,0.4883720930232558,2,16,24,42,0.6666666666666666,0.38095238095238093,0.4848484848484849
yolo_sppf_full_attention256_seed44,attention,256,44,Attention-256,test_2,Mouse156_20151124_21-53-46,43,25,0.5813953488372093,22,0.4883720930232558,3,12,23,41,0.5217391304347826,0.2926829268292683,0.375
yolo_sppf_full_attention256_seed44,attention,256,44,Attention-256,test_2,Mouse156_20151124_21-53-46,43,25,0.5813953488372093,22,0.4883720930232558,4,9,22,40,0.4090909090909091,0.225,0.2903225806451613
yolo_sppf_full_attention512_seed42,attention,512,42,Attention-512,test_2,Mouse156_20151124_21-53-46,43,19,0.4418604651162791,26,0.39534883720930236,1,17,19,43,0.8947368421052632,0.3953488372093023,0.5483870967741935
yolo_sppf_full_attention512_seed42,attention,512,42,Attention-512,test_2,Mouse156_20151124_21-53-46,43,19,0.4418604651162791,26,0.39534883720930236,2,14,18,42,0.7777777777777778,0.3333333333333333,0.4666666666666666
yolo_sppf_full_attention512_seed42,attention,512,42,Attention-512,test_2,Mouse156_20151124_21-53-46,43,19,0.4418604651162791,26,0.39534883720930236,3,11,17,41,0.6470588235294118,0.2682926829268293,0.3793103448275862
yolo_sppf_full_attention512_seed42,attention,512,42,Attention-512,test_2,Mouse156_20151124_21-53-46,43,19,0.4418604651162791,26,0.39534883720930236,4,9,16,40,0.5625,0.225,0.3214285714285714
yolo_sppf_full_attention512_seed43,attention,512,43,Attention-512,test_2,Mouse156_20151124_21-53-46,43,24,0.5581395348837209,21,0.5116279069767442,1,22,24,43,0.9166666666666666,0.5116279069767442,0.6567164179104478
yolo_sppf_full_attention512_seed43,attention,512,43,Attention-512,test_2,Mouse156_20151124_21-53-46,43,24,0.5581395348837209,21,0.5116279069767442,2,19,23,42,0.8260869565217391,0.4523809523809524,0.5846153846153845
yolo_sppf_full_attention512_seed43,attention,512,43,Attention-512,test_2,Mouse156_20151124_21-53-46,43,24,0.5581395348837209,21,0.5116279069767442,3,16,22,41,0.7272727272727273,0.3902439024390244,0.5079365079365079
yolo_sppf_full_attention512_seed43,attention,512,43,Attention-512,test_2,Mouse156_20151124_21-53-46,43,24,0.5581395348837209,21,0.5116279069767442,4,13,21,40,0.6190476190476191,0.325,0.42622950819672134
yolo_sppf_full_attention512_seed44,attention,512,44,Attention-512,test_2,Mouse156_20151124_21-53-46,43,24,0.5581395348837209,22,0.4883720930232558,1,21,24,43,0.875,0.4883720930232558,0.6268656716417911
yolo_sppf_full_attention512_seed44,attention,512,44,Attention-512,test_2,Mouse156_20151124_21-53-46,43,24,0.5581395348837209,22,0.4883720930232558,2,17,23,42,0.7391304347826086,0.40476190476190477,0.523076923076923
yolo_sppf_full_attention512_seed44,attention,512,44,Attention-512,test_2,Mouse156_20151124_21-53-46,43,24,0.5581395348837209,22,0.4883720930232558,3,13,22,41,0.5909090909090909,0.3170731707317073,0.41269841269841273
yolo_sppf_full_attention512_seed44,attention,512,44,Attention-512,test_2,Mouse156_20151124_21-53-46,43,24,0.5581395348837209,22,0.4883720930232558,4,9,21,40,0.42857142857142855,0.225,0.2950819672131147
yolo_sppf_full_attention896_seed42,attention,896,42,Attention-896,test_2,Mouse156_20151124_21-53-46,43,21,0.4883720930232558,27,0.37209302325581395,1,16,21,43,0.7619047619047619,0.37209302325581395,0.5
yolo_sppf_full_attention896_seed42,attention,896,42,Attention-896,test_2,Mouse156_20151124_21-53-46,43,21,0.4883720930232558,27,0.37209302325581395,2,10,20,42,0.5,0.23809523809523808,0.3225806451612903
yolo_sppf_full_attention896_seed42,attention,896,42,Attention-896,test_2,Mouse156_20151124_21-53-46,43,21,0.4883720930232558,27,0.37209302325581395,3,6,19,41,0.3157894736842105,0.14634146341463414,0.19999999999999998
yolo_sppf_full_attention896_seed42,attention,896,42,Attention-896,test_2,Mouse156_20151124_21-53-46,43,21,0.4883720930232558,27,0.37209302325581395,4,3,18,40,0.16666666666666666,0.075,0.10344827586206896
yolo_sppf_full_attention896_seed43,attention,896,43,Attention-896,test_2,Mouse156_20151124_21-53-46,43,24,0.5581395348837209,20,0.5348837209302326,1,23,24,43,0.9583333333333334,0.5348837209302325,0.6865671641791045
yolo_sppf_full_attention896_seed43,attention,896,43,Attention-896,test_2,Mouse156_20151124_21-53-46,43,24,0.5581395348837209,20,0.5348837209302326,2,21,23,42,0.9130434782608695,0.5,0.6461538461538461
yolo_sppf_full_attention896_seed43,attention,896,43,Attention-896,test_2,Mouse156_20151124_21-53-46,43,24,0.5581395348837209,20,0.5348837209302326,3,19,22,41,0.8636363636363636,0.4634146341463415,0.6031746031746033
yolo_sppf_full_attention896_seed43,attention,896,43,Attention-896,test_2,Mouse156_20151124_21-53-46,43,24,0.5581395348837209,20,0.5348837209302326,4,16,21,40,0.7619047619047619,0.4,0.5245901639344264
yolo_sppf_full_attention896_seed44,attention,896,44,Attention-896,test_2,Mouse156_20151124_21-53-46,43,22,0.5116279069767442,23,0.4651162790697675,1,20,22,43,0.9090909090909091,0.46511627906976744,0.6153846153846153
yolo_sppf_full_attention896_seed44,attention,896,44,Attention-896,test_2,Mouse156_20151124_21-53-46,43,22,0.5116279069767442,23,0.4651162790697675,2,17,21,42,0.8095238095238095,0.40476190476190477,0.5396825396825397
yolo_sppf_full_attention896_seed44,attention,896,44,Attention-896,test_2,Mouse156_20151124_21-53-46,43,22,0.5116279069767442,23,0.4651162790697675,3,14,20,41,0.7,0.34146341463414637,0.4590163934426229
yolo_sppf_full_attention896_seed44,attention,896,44,Attention-896,test_2,Mouse156_20151124_21-53-46,43,22,0.5116279069767442,23,0.4651162790697675,4,11,19,40,0.5789473684210527,0.275,0.37288135593220345
yolo_sppf_full_lstm256_seed42,lstm,256,42,LSTM-256,test_2,Mouse156_20151124_21-53-46,43,22,0.5116279069767442,25,0.41860465116279066,1,18,22,43,0.8181818181818182,0.4186046511627907,0.5538461538461539
yolo_sppf_full_lstm256_seed42,lstm,256,42,LSTM-256,test_2,Mouse156_20151124_21-53-46,43,22,0.5116279069767442,25,0.41860465116279066,2,13,21,42,0.6190476190476191,0.30952380952380953,0.41269841269841273
yolo_sppf_full_lstm256_seed42,lstm,256,42,LSTM-256,test_2,Mouse156_20151124_21-53-46,43,22,0.5116279069767442,25,0.41860465116279066,3,8,20,41,0.4,0.1951219512195122,0.26229508196721313
yolo_sppf_full_lstm256_seed42,lstm,256,42,LSTM-256,test_2,Mouse156_20151124_21-53-46,43,22,0.5116279069767442,25,0.41860465116279066,4,5,19,40,0.2631578947368421,0.125,0.1694915254237288
yolo_sppf_full_lstm256_seed43,lstm,256,43,LSTM-256,test_2,Mouse156_20151124_21-53-46,43,24,0.5581395348837209,23,0.4651162790697675,1,20,24,43,0.8333333333333334,0.46511627906976744,0.5970149253731343
yolo_sppf_full_lstm256_seed43,lstm,256,43,LSTM-256,test_2,Mouse156_20151124_21-53-46,43,24,0.5581395348837209,23,0.4651162790697675,2,15,23,42,0.6521739130434783,0.35714285714285715,0.4615384615384615
yolo_sppf_full_lstm256_seed43,lstm,256,43,LSTM-256,test_2,Mouse156_20151124_21-53-46,43,24,0.5581395348837209,23,0.4651162790697675,3,11,22,41,0.5,0.2682926829268293,0.34920634920634924
yolo_sppf_full_lstm256_seed43,lstm,256,43,LSTM-256,test_2,Mouse156_20151124_21-53-46,43,24,0.5581395348837209,23,0.4651162790697675,4,8,21,40,0.38095238095238093,0.2,0.2622950819672132
yolo_sppf_full_lstm256_seed44,lstm,256,44,LSTM-256,test_2,Mouse156_20151124_21-53-46,43,22,0.5116279069767442,26,0.39534883720930236,1,17,22,43,0.7727272727272727,0.3953488372093023,0.523076923076923
yolo_sppf_full_lstm256_seed44,lstm,256,44,LSTM-256,test_2,Mouse156_20151124_21-53-46,43,22,0.5116279069767442,26,0.39534883720930236,2,11,21,42,0.5238095238095238,0.2619047619047619,0.3492063492063492
yolo_sppf_full_lstm256_seed44,lstm,256,44,LSTM-256,test_2,Mouse156_20151124_21-53-46,43,22,0.5116279069767442,26,0.39534883720930236,3,6,20,41,0.3,0.14634146341463414,0.19672131147540983
yolo_sppf_full_lstm256_seed44,lstm,256,44,LSTM-256,test_2,Mouse156_20151124_21-53-46,43,22,0.5116279069767442,26,0.39534883720930236,4,3,19,40,0.15789473684210525,0.075,0.10169491525423728
yolo_sppf_full_lstm512_seed42,lstm,512,42,LSTM-512,test_2,Mouse156_20151124_21-53-46,43,20,0.46511627906976744,25,0.41860465116279066,1,18,20,43,0.9,0.4186046511627907,0.5714285714285715
yolo_sppf_full_lstm512_seed42,lstm,512,42,LSTM-512,test_2,Mouse156_20151124_21-53-46,43,20,0.46511627906976744,25,0.41860465116279066,2,15,19,42,0.7894736842105263,0.35714285714285715,0.4918032786885246
yolo_sppf_full_lstm512_seed42,lstm,512,42,LSTM-512,test_2,Mouse156_20151124_21-53-46,43,20,0.46511627906976744,25,0.41860465116279066,3,12,18,41,0.6666666666666666,0.2926829268292683,0.4067796610169492
yolo_sppf_full_lstm512_seed42,lstm,512,42,LSTM-512,test_2,Mouse156_20151124_21-53-46,43,20,0.46511627906976744,25,0.41860465116279066,4,9,17,40,0.5294117647058824,0.225,0.31578947368421056
yolo_sppf_full_lstm512_seed43,lstm,512,43,LSTM-512,test_2,Mouse156_20151124_21-53-46,43,20,0.46511627906976744,26,0.39534883720930236,1,17,20,43,0.85,0.3953488372093023,0.5396825396825397
yolo_sppf_full_lstm512_seed43,lstm,512,43,LSTM-512,test_2,Mouse156_20151124_21-53-46,43,20,0.46511627906976744,26,0.39534883720930236,2,13,19,42,0.6842105263157895,0.30952380952380953,0.42622950819672134
yolo_sppf_full_lstm512_seed43,lstm,512,43,LSTM-512,test_2,Mouse156_20151124_21-53-46,43,20,0.46511627906976744,26,0.39534883720930236,3,9,18,41,0.5,0.21951219512195122,0.3050847457627119
yolo_sppf_full_lstm512_seed43,lstm,512,43,LSTM-512,test_2,Mouse156_20151124_21-53-46,43,20,0.46511627906976744,26,0.39534883720930236,4,6,17,40,0.35294117647058826,0.15,0.21052631578947367
yolo_sppf_full_lstm512_seed44,lstm,512,44,LSTM-512,test_2,Mouse156_20151124_21-53-46,43,25,0.5813953488372093,21,0.5116279069767442,1,22,25,43,0.88,0.5116279069767442,0.6470588235294118
yolo_sppf_full_lstm512_seed44,lstm,512,44,LSTM-512,test_2,Mouse156_20151124_21-53-46,43,25,0.5813953488372093,21,0.5116279069767442,2,18,24,42,0.75,0.42857142857142855,0.5454545454545454
yolo_sppf_full_lstm512_seed44,lstm,512,44,LSTM-512,test_2,Mouse156_20151124_21-53-46,43,25,0.5813953488372093,21,0.5116279069767442,3,14,23,41,0.6086956521739131,0.34146341463414637,0.4375
yolo_sppf_full_lstm512_seed44,lstm,512,44,LSTM-512,test_2,Mouse156_20151124_21-53-46,43,25,0.5813953488372093,21,0.5116279069767442,4,11,22,40,0.5,0.275,0.3548387096774194
yolo_sppf_full_lstm896_seed42,lstm,896,42,LSTM-896,test_2,Mouse156_20151124_21-53-46,43,22,0.5116279069767442,22,0.4883720930232558,1,21,22,43,0.9545454545454546,0.4883720930232558,0.6461538461538462
yolo_sppf_full_lstm896_seed42,lstm,896,42,LSTM-896,test_2,Mouse156_20151124_21-53-46,43,22,0.5116279069767442,22,0.4883720930232558,2,19,21,42,0.9047619047619048,0.4523809523809524,0.6031746031746031
yolo_sppf_full_lstm896_seed42,lstm,896,42,LSTM-896,test_2,Mouse156_20151124_21-53-46,43,22,0.5116279069767442,22,0.4883720930232558,3,17,20,41,0.85,0.4146341463414634,0.5573770491803278
yolo_sppf_full_lstm896_seed42,lstm,896,42,LSTM-896,test_2,Mouse156_20151124_21-53-46,43,22,0.5116279069767442,22,0.4883720930232558,4,15,19,40,0.7894736842105263,0.375,0.5084745762711864
yolo_sppf_full_lstm896_seed43,lstm,896,43,LSTM-896,test_2,Mouse156_20151124_21-53-46,43,18,0.4186046511627907,26,0.39534883720930236,1,17,18,43,0.9444444444444444,0.3953488372093023,0.5573770491803278
yolo_sppf_full_lstm896_seed43,lstm,896,43,LSTM-896,test_2,Mouse156_20151124_21-53-46,43,18,0.4186046511627907,26,0.39534883720930236,2,15,17,42,0.8823529411764706,0.35714285714285715,0.5084745762711864
yolo_sppf_full_lstm896_seed43,lstm,896,43,LSTM-896,test_2,Mouse156_20151124_21-53-46,43,18,0.4186046511627907,26,0.39534883720930236,3,13,16,41,0.8125,0.3170731707317073,0.45614035087719296
yolo_sppf_full_lstm896_seed43,lstm,896,43,LSTM-896,test_2,Mouse156_20151124_21-53-46,43,18,0.4186046511627907,26,0.39534883720930236,4,11,15,40,0.7333333333333333,0.275,0.4
yolo_sppf_full_lstm896_seed44,lstm,896,44,LSTM-896,test_2,Mouse156_20151124_21-53-46,43,23,0.5348837209302325,20,0.5348837209302326,1,23,23,43,1.0,0.5348837209302325,0.6969696969696969
yolo_sppf_full_lstm896_seed44,lstm,896,44,LSTM-896,test_2,Mouse156_20151124_21-53-46,43,23,0.5348837209302325,20,0.5348837209302326,2,22,22,42,1.0,0.5238095238095238,0.6875000000000001
yolo_sppf_full_lstm896_seed44,lstm,896,44,LSTM-896,test_2,Mouse156_20151124_21-53-46,43,23,0.5348837209302325,20,0.5348837209302326,3,21,21,41,1.0,0.5121951219512195,0.6774193548387097
yolo_sppf_full_lstm896_seed44,lstm,896,44,LSTM-896,test_2,Mouse156_20151124_21-53-46,43,23,0.5348837209302325,20,0.5348837209302326,4,20,20,40,1.0,0.5,0.6666666666666666
yolo_sppf_full_attention256_seed42,attention,256,42,Attention-256,test_2,Mouse158_20151129_21-12-54,49,27,0.5510204081632653,24,0.5102040816326531,1,26,27,49,0.9629629629629629,0.5306122448979592,0.6842105263157895
yolo_sppf_full_attention256_seed42,attention,256,42,Attention-256,test_2,Mouse158_20151129_21-12-54,49,27,0.5510204081632653,24,0.5102040816326531,2,22,26,48,0.8461538461538461,0.4583333333333333,0.5945945945945945
yolo_sppf_full_attention256_seed42,attention,256,42,Attention-256,test_2,Mouse158_20151129_21-12-54,49,27,0.5510204081632653,24,0.5102040816326531,3,19,25,47,0.76,0.40425531914893614,0.5277777777777778
yolo_sppf_full_attention256_seed42,attention,256,42,Attention-256,test_2,Mouse158_20151129_21-12-54,49,27,0.5510204081632653,24,0.5102040816326531,4,18,24,46,0.75,0.391304347826087,0.5142857142857143
yolo_sppf_full_attention256_seed43,attention,256,43,Attention-256,test_2,Mouse158_20151129_21-12-54,49,24,0.4897959183673469,27,0.44897959183673475,1,23,24,49,0.9583333333333334,0.46938775510204084,0.6301369863013699
yolo_sppf_full_attention256_seed43,attention,256,43,Attention-256,test_2,Mouse158_20151129_21-12-54,49,24,0.4897959183673469,27,0.44897959183673475,2,21,23,48,0.9130434782608695,0.4375,0.5915492957746479
yolo_sppf_full_attention256_seed43,attention,256,43,Attention-256,test_2,Mouse158_20151129_21-12-54,49,24,0.4897959183673469,27,0.44897959183673475,3,18,22,47,0.8181818181818182,0.3829787234042553,0.5217391304347826
yolo_sppf_full_attention256_seed43,attention,256,43,Attention-256,test_2,Mouse158_20151129_21-12-54,49,24,0.4897959183673469,27,0.44897959183673475,4,15,21,46,0.7142857142857143,0.32608695652173914,0.4477611940298507
yolo_sppf_full_attention256_seed44,attention,256,44,Attention-256,test_2,Mouse158_20151129_21-12-54,49,27,0.5510204081632653,24,0.5102040816326531,1,26,27,49,0.9629629629629629,0.5306122448979592,0.6842105263157895
yolo_sppf_full_attention256_seed44,attention,256,44,Attention-256,test_2,Mouse158_20151129_21-12-54,49,27,0.5510204081632653,24,0.5102040816326531,2,22,26,48,0.8461538461538461,0.4583333333333333,0.5945945945945945
yolo_sppf_full_attention256_seed44,attention,256,44,Attention-256,test_2,Mouse158_20151129_21-12-54,49,27,0.5510204081632653,24,0.5102040816326531,3,19,25,47,0.76,0.40425531914893614,0.5277777777777778
yolo_sppf_full_attention256_seed44,attention,256,44,Attention-256,test_2,Mouse158_20151129_21-12-54,49,27,0.5510204081632653,24,0.5102040816326531,4,18,24,46,0.75,0.391304347826087,0.5142857142857143
yolo_sppf_full_attention512_seed42,attention,512,42,Attention-512,test_2,Mouse158_20151129_21-12-54,49,26,0.5306122448979592,25,0.4897959183673469,1,25,26,49,0.9615384615384616,0.5102040816326531,0.6666666666666667
yolo_sppf_full_attention512_seed42,attention,512,42,Attention-512,test_2,Mouse158_20151129_21-12-54,49,26,0.5306122448979592,25,0.4897959183673469,2,21,25,48,0.84,0.4375,0.5753424657534247
yolo_sppf_full_attention512_seed42,attention,512,42,Attention-512,test_2,Mouse158_20151129_21-12-54,49,26,0.5306122448979592,25,0.4897959183673469,3,19,24,47,0.7916666666666666,0.40425531914893614,0.5352112676056338
yolo_sppf_full_attention512_seed42,attention,512,42,Attention-512,test_2,Mouse158_20151129_21-12-54,49,26,0.5306122448979592,25,0.4897959183673469,4,17,23,46,0.7391304347826086,0.3695652173913043,0.49275362318840565
yolo_sppf_full_attention512_seed43,attention,512,43,Attention-512,test_2,Mouse158_20151129_21-12-54,49,30,0.6122448979591837,22,0.5510204081632653,1,28,30,49,0.9333333333333333,0.5714285714285714,0.7088607594936709
yolo_sppf_full_attention512_seed43,attention,512,43,Attention-512,test_2,Mouse158_20151129_21-12-54,49,30,0.6122448979591837,22,0.5510204081632653,2,23,29,48,0.7931034482758621,0.4791666666666667,0.5974025974025974
yolo_sppf_full_attention512_seed43,attention,512,43,Attention-512,test_2,Mouse158_20151129_21-12-54,49,30,0.6122448979591837,22,0.5510204081632653,3,21,28,47,0.75,0.44680851063829785,0.56
yolo_sppf_full_attention512_seed43,attention,512,43,Attention-512,test_2,Mouse158_20151129_21-12-54,49,30,0.6122448979591837,22,0.5510204081632653,4,19,27,46,0.7037037037037037,0.41304347826086957,0.5205479452054794
yolo_sppf_full_attention512_seed44,attention,512,44,Attention-512,test_2,Mouse158_20151129_21-12-54,49,28,0.5714285714285714,23,0.5306122448979591,1,27,28,49,0.9642857142857143,0.5510204081632653,0.7012987012987012
yolo_sppf_full_attention512_seed44,attention,512,44,Attention-512,test_2,Mouse158_20151129_21-12-54,49,28,0.5714285714285714,23,0.5306122448979591,2,23,27,48,0.8518518518518519,0.4791666666666667,0.6133333333333334
yolo_sppf_full_attention512_seed44,attention,512,44,Attention-512,test_2,Mouse158_20151129_21-12-54,49,28,0.5714285714285714,23,0.5306122448979591,3,21,26,47,0.8076923076923077,0.44680851063829785,0.5753424657534246
yolo_sppf_full_attention512_seed44,attention,512,44,Attention-512,test_2,Mouse158_20151129_21-12-54,49,28,0.5714285714285714,23,0.5306122448979591,4,19,25,46,0.76,0.41304347826086957,0.5352112676056338
yolo_sppf_full_attention896_seed42,attention,896,42,Attention-896,test_2,Mouse158_20151129_21-12-54,49,25,0.5102040816326531,26,0.4693877551020408,1,24,25,49,0.96,0.4897959183673469,0.6486486486486486
yolo_sppf_full_attention896_seed42,attention,896,42,Attention-896,test_2,Mouse158_20151129_21-12-54,49,25,0.5102040816326531,26,0.4693877551020408,2,20,24,48,0.8333333333333334,0.4166666666666667,0.5555555555555556
yolo_sppf_full_attention896_seed42,attention,896,42,Attention-896,test_2,Mouse158_20151129_21-12-54,49,25,0.5102040816326531,26,0.4693877551020408,3,17,23,47,0.7391304347826086,0.3617021276595745,0.4857142857142858
yolo_sppf_full_attention896_seed42,attention,896,42,Attention-896,test_2,Mouse158_20151129_21-12-54,49,25,0.5102040816326531,26,0.4693877551020408,4,16,22,46,0.7272727272727273,0.34782608695652173,0.4705882352941176
yolo_sppf_full_attention896_seed43,attention,896,43,Attention-896,test_2,Mouse158_20151129_21-12-54,49,31,0.6326530612244898,21,0.5714285714285714,1,29,31,49,0.9354838709677419,0.5918367346938775,0.7249999999999999
yolo_sppf_full_attention896_seed43,attention,896,43,Attention-896,test_2,Mouse158_20151129_21-12-54,49,31,0.6326530612244898,21,0.5714285714285714,2,24,30,48,0.8,0.5,0.6153846153846154
yolo_sppf_full_attention896_seed43,attention,896,43,Attention-896,test_2,Mouse158_20151129_21-12-54,49,31,0.6326530612244898,21,0.5714285714285714,3,22,29,47,0.7586206896551724,0.46808510638297873,0.5789473684210527
yolo_sppf_full_attention896_seed43,attention,896,43,Attention-896,test_2,Mouse158_20151129_21-12-54,49,31,0.6326530612244898,21,0.5714285714285714,4,19,28,46,0.6785714285714286,0.41304347826086957,0.5135135135135135
yolo_sppf_full_attention896_seed44,attention,896,44,Attention-896,test_2,Mouse158_20151129_21-12-54,49,29,0.5918367346938775,22,0.5510204081632653,1,28,29,49,0.9655172413793104,0.5714285714285714,0.717948717948718
yolo_sppf_full_attention896_seed44,attention,896,44,Attention-896,test_2,Mouse158_20151129_21-12-54,49,29,0.5918367346938775,22,0.5510204081632653,2,24,28,48,0.8571428571428571,0.5,0.631578947368421
yolo_sppf_full_attention896_seed44,attention,896,44,Attention-896,test_2,Mouse158_20151129_21-12-54,49,29,0.5918367346938775,22,0.5510204081632653,3,22,27,47,0.8148148148148148,0.46808510638297873,0.5945945945945945
yolo_sppf_full_attention896_seed44,attention,896,44,Attention-896,test_2,Mouse158_20151129_21-12-54,49,29,0.5918367346938775,22,0.5510204081632653,4,20,26,46,0.7692307692307693,0.43478260869565216,0.5555555555555555
yolo_sppf_full_lstm256_seed42,lstm,256,42,LSTM-256,test_2,Mouse158_20151129_21-12-54,49,24,0.4897959183673469,27,0.44897959183673475,1,23,24,49,0.9583333333333334,0.46938775510204084,0.6301369863013699
yolo_sppf_full_lstm256_seed42,lstm,256,42,LSTM-256,test_2,Mouse158_20151129_21-12-54,49,24,0.4897959183673469,27,0.44897959183673475,2,22,23,48,0.9565217391304348,0.4583333333333333,0.619718309859155
yolo_sppf_full_lstm256_seed42,lstm,256,42,LSTM-256,test_2,Mouse158_20151129_21-12-54,49,24,0.4897959183673469,27,0.44897959183673475,3,20,22,47,0.9090909090909091,0.425531914893617,0.5797101449275361
yolo_sppf_full_lstm256_seed42,lstm,256,42,LSTM-256,test_2,Mouse158_20151129_21-12-54,49,24,0.4897959183673469,27,0.44897959183673475,4,17,21,46,0.8095238095238095,0.3695652173913043,0.5074626865671641
yolo_sppf_full_lstm256_seed43,lstm,256,43,LSTM-256,test_2,Mouse158_20151129_21-12-54,49,24,0.4897959183673469,27,0.44897959183673475,1,23,24,49,0.9583333333333334,0.46938775510204084,0.6301369863013699
yolo_sppf_full_lstm256_seed43,lstm,256,43,LSTM-256,test_2,Mouse158_20151129_21-12-54,49,24,0.4897959183673469,27,0.44897959183673475,2,21,23,48,0.9130434782608695,0.4375,0.5915492957746479
yolo_sppf_full_lstm256_seed43,lstm,256,43,LSTM-256,test_2,Mouse158_20151129_21-12-54,49,24,0.4897959183673469,27,0.44897959183673475,3,19,22,47,0.8636363636363636,0.40425531914893614,0.5507246376811594
yolo_sppf_full_lstm256_seed43,lstm,256,43,LSTM-256,test_2,Mouse158_20151129_21-12-54,49,24,0.4897959183673469,27,0.44897959183673475,4,17,21,46,0.8095238095238095,0.3695652173913043,0.5074626865671641
yolo_sppf_full_lstm256_seed44,lstm,256,44,LSTM-256,test_2,Mouse158_20151129_21-12-54,49,26,0.5306122448979592,25,0.4897959183673469,1,25,26,49,0.9615384615384616,0.5102040816326531,0.6666666666666667
yolo_sppf_full_lstm256_seed44,lstm,256,44,LSTM-256,test_2,Mouse158_20151129_21-12-54,49,26,0.5306122448979592,25,0.4897959183673469,2,21,25,48,0.84,0.4375,0.5753424657534247
yolo_sppf_full_lstm256_seed44,lstm,256,44,LSTM-256,test_2,Mouse158_20151129_21-12-54,49,26,0.5306122448979592,25,0.4897959183673469,3,19,24,47,0.7916666666666666,0.40425531914893614,0.5352112676056338
yolo_sppf_full_lstm256_seed44,lstm,256,44,LSTM-256,test_2,Mouse158_20151129_21-12-54,49,26,0.5306122448979592,25,0.4897959183673469,4,17,23,46,0.7391304347826086,0.3695652173913043,0.49275362318840565
yolo_sppf_full_lstm512_seed42,lstm,512,42,LSTM-512,test_2,Mouse158_20151129_21-12-54,49,26,0.5306122448979592,25,0.4897959183673469,1,25,26,49,0.9615384615384616,0.5102040816326531,0.6666666666666667
yolo_sppf_full_lstm512_seed42,lstm,512,42,LSTM-512,test_2,Mouse158_20151129_21-12-54,49,26,0.5306122448979592,25,0.4897959183673469,2,23,25,48,0.92,0.4791666666666667,0.6301369863013699
yolo_sppf_full_lstm512_seed42,lstm,512,42,LSTM-512,test_2,Mouse158_20151129_21-12-54,49,26,0.5306122448979592,25,0.4897959183673469,3,22,24,47,0.9166666666666666,0.46808510638297873,0.619718309859155
yolo_sppf_full_lstm512_seed42,lstm,512,42,LSTM-512,test_2,Mouse158_20151129_21-12-54,49,26,0.5306122448979592,25,0.4897959183673469,4,19,23,46,0.8260869565217391,0.41304347826086957,0.5507246376811594
yolo_sppf_full_lstm512_seed43,lstm,512,43,LSTM-512,test_2,Mouse158_20151129_21-12-54,49,22,0.4489795918367347,29,0.40816326530612246,1,21,22,49,0.9545454545454546,0.42857142857142855,0.5915492957746478
yolo_sppf_full_lstm512_seed43,lstm,512,43,LSTM-512,test_2,Mouse158_20151129_21-12-54,49,22,0.4489795918367347,29,0.40816326530612246,2,20,21,48,0.9523809523809523,0.4166666666666667,0.5797101449275361
yolo_sppf_full_lstm512_seed43,lstm,512,43,LSTM-512,test_2,Mouse158_20151129_21-12-54,49,22,0.4489795918367347,29,0.40816326530612246,3,18,20,47,0.9,0.3829787234042553,0.5373134328358209
yolo_sppf_full_lstm512_seed43,lstm,512,43,LSTM-512,test_2,Mouse158_20151129_21-12-54,49,22,0.4489795918367347,29,0.40816326530612246,4,14,19,46,0.7368421052631579,0.30434782608695654,0.43076923076923074
yolo_sppf_full_lstm512_seed44,lstm,512,44,LSTM-512,test_2,Mouse158_20151129_21-12-54,49,30,0.6122448979591837,21,0.5714285714285714,1,29,30,49,0.9666666666666667,0.5918367346938775,0.7341772151898733
yolo_sppf_full_lstm512_seed44,lstm,512,44,LSTM-512,test_2,Mouse158_20151129_21-12-54,49,30,0.6122448979591837,21,0.5714285714285714,2,25,29,48,0.8620689655172413,0.5208333333333334,0.6493506493506493
yolo_sppf_full_lstm512_seed44,lstm,512,44,LSTM-512,test_2,Mouse158_20151129_21-12-54,49,30,0.6122448979591837,21,0.5714285714285714,3,22,28,47,0.7857142857142857,0.46808510638297873,0.5866666666666668
yolo_sppf_full_lstm512_seed44,lstm,512,44,LSTM-512,test_2,Mouse158_20151129_21-12-54,49,30,0.6122448979591837,21,0.5714285714285714,4,19,27,46,0.7037037037037037,0.41304347826086957,0.5205479452054794
yolo_sppf_full_lstm896_seed42,lstm,896,42,LSTM-896,test_2,Mouse158_20151129_21-12-54,49,25,0.5102040816326531,26,0.4693877551020408,1,24,25,49,0.96,0.4897959183673469,0.6486486486486486
yolo_sppf_full_lstm896_seed42,lstm,896,42,LSTM-896,test_2,Mouse158_20151129_21-12-54,49,25,0.5102040816326531,26,0.4693877551020408,2,22,24,48,0.9166666666666666,0.4583333333333333,0.611111111111111
yolo_sppf_full_lstm896_seed42,lstm,896,42,LSTM-896,test_2,Mouse158_20151129_21-12-54,49,25,0.5102040816326531,26,0.4693877551020408,3,20,23,47,0.8695652173913043,0.425531914893617,0.5714285714285714
yolo_sppf_full_lstm896_seed42,lstm,896,42,LSTM-896,test_2,Mouse158_20151129_21-12-54,49,25,0.5102040816326531,26,0.4693877551020408,4,18,22,46,0.8181818181818182,0.391304347826087,0.5294117647058824
yolo_sppf_full_lstm896_seed43,lstm,896,43,LSTM-896,test_2,Mouse158_20151129_21-12-54,49,26,0.5306122448979592,25,0.4897959183673469,1,25,26,49,0.9615384615384616,0.5102040816326531,0.6666666666666667
yolo_sppf_full_lstm896_seed43,lstm,896,43,LSTM-896,test_2,Mouse158_20151129_21-12-54,49,26,0.5306122448979592,25,0.4897959183673469,2,21,25,48,0.84,0.4375,0.5753424657534247
yolo_sppf_full_lstm896_seed43,lstm,896,43,LSTM-896,test_2,Mouse158_20151129_21-12-54,49,26,0.5306122448979592,25,0.4897959183673469,3,18,24,47,0.75,0.3829787234042553,0.5070422535211269
yolo_sppf_full_lstm896_seed43,lstm,896,43,LSTM-896,test_2,Mouse158_20151129_21-12-54,49,26,0.5306122448979592,25,0.4897959183673469,4,17,23,46,0.7391304347826086,0.3695652173913043,0.49275362318840565
yolo_sppf_full_lstm896_seed44,lstm,896,44,LSTM-896,test_2,Mouse158_20151129_21-12-54,49,29,0.5918367346938775,22,0.5510204081632653,1,28,29,49,0.9655172413793104,0.5714285714285714,0.717948717948718
yolo_sppf_full_lstm896_seed44,lstm,896,44,LSTM-896,test_2,Mouse158_20151129_21-12-54,49,29,0.5918367346938775,22,0.5510204081632653,2,24,28,48,0.8571428571428571,0.5,0.631578947368421
yolo_sppf_full_lstm896_seed44,lstm,896,44,LSTM-896,test_2,Mouse158_20151129_21-12-54,49,29,0.5918367346938775,22,0.5510204081632653,3,22,27,47,0.8148148148148148,0.46808510638297873,0.5945945945945945
yolo_sppf_full_lstm896_seed44,lstm,896,44,LSTM-896,test_2,Mouse158_20151129_21-12-54,49,29,0.5918367346938775,22,0.5510204081632653,4,19,26,46,0.7307692307692307,0.41304347826086957,0.5277777777777778
yolo_sppf_full_attention256_seed42,attention,256,42,Attention-256,test_2,Mouse159_20151129_20-48-38,50,26,0.52,26,0.48,1,24,26,50,0.9230769230769231,0.48,0.631578947368421
yolo_sppf_full_attention256_seed42,attention,256,42,Attention-256,test_2,Mouse159_20151129_20-48-38,50,26,0.52,26,0.48,2,20,25,49,0.8,0.40816326530612246,0.5405405405405406
yolo_sppf_full_attention256_seed42,attention,256,42,Attention-256,test_2,Mouse159_20151129_20-48-38,50,26,0.52,26,0.48,3,17,24,48,0.7083333333333334,0.3541666666666667,0.47222222222222227
yolo_sppf_full_attention256_seed42,attention,256,42,Attention-256,test_2,Mouse159_20151129_20-48-38,50,26,0.52,26,0.48,4,12,23,47,0.5217391304347826,0.2553191489361702,0.3428571428571428
yolo_sppf_full_attention256_seed43,attention,256,43,Attention-256,test_2,Mouse159_20151129_20-48-38,50,29,0.58,23,0.54,1,27,29,50,0.9310344827586207,0.54,0.6835443037974683
yolo_sppf_full_attention256_seed43,attention,256,43,Attention-256,test_2,Mouse159_20151129_20-48-38,50,29,0.58,23,0.54,2,23,28,49,0.8214285714285714,0.46938775510204084,0.5974025974025974
yolo_sppf_full_attention256_seed43,attention,256,43,Attention-256,test_2,Mouse159_20151129_20-48-38,50,29,0.58,23,0.54,3,19,27,48,0.7037037037037037,0.3958333333333333,0.5066666666666667
yolo_sppf_full_attention256_seed43,attention,256,43,Attention-256,test_2,Mouse159_20151129_20-48-38,50,29,0.58,23,0.54,4,14,26,47,0.5384615384615384,0.2978723404255319,0.3835616438356164
yolo_sppf_full_attention256_seed44,attention,256,44,Attention-256,test_2,Mouse159_20151129_20-48-38,50,29,0.58,23,0.54,1,27,29,50,0.9310344827586207,0.54,0.6835443037974683
yolo_sppf_full_attention256_seed44,attention,256,44,Attention-256,test_2,Mouse159_20151129_20-48-38,50,29,0.58,23,0.54,2,23,28,49,0.8214285714285714,0.46938775510204084,0.5974025974025974
yolo_sppf_full_attention256_seed44,attention,256,44,Attention-256,test_2,Mouse159_20151129_20-48-38,50,29,0.58,23,0.54,3,20,27,48,0.7407407407407407,0.4166666666666667,0.5333333333333333
yolo_sppf_full_attention256_seed44,attention,256,44,Attention-256,test_2,Mouse159_20151129_20-48-38,50,29,0.58,23,0.54,4,16,26,47,0.6153846153846154,0.3404255319148936,0.4383561643835616
yolo_sppf_full_attention512_seed42,attention,512,42,Attention-512,test_2,Mouse159_20151129_20-48-38,50,24,0.48,28,0.43999999999999995,1,22,24,50,0.9166666666666666,0.44,0.5945945945945945
yolo_sppf_full_attention512_seed42,attention,512,42,Attention-512,test_2,Mouse159_20151129_20-48-38,50,24,0.48,28,0.43999999999999995,2,17,23,49,0.7391304347826086,0.3469387755102041,0.4722222222222222
yolo_sppf_full_attention512_seed42,attention,512,42,Attention-512,test_2,Mouse159_20151129_20-48-38,50,24,0.48,28,0.43999999999999995,3,14,22,48,0.6363636363636364,0.2916666666666667,0.4
yolo_sppf_full_attention512_seed42,attention,512,42,Attention-512,test_2,Mouse159_20151129_20-48-38,50,24,0.48,28,0.43999999999999995,4,8,21,47,0.38095238095238093,0.1702127659574468,0.2352941176470588
yolo_sppf_full_attention512_seed43,attention,512,43,Attention-512,test_2,Mouse159_20151129_20-48-38,50,27,0.54,25,0.5,1,25,27,50,0.9259259259259259,0.5,0.6493506493506493
yolo_sppf_full_attention512_seed43,attention,512,43,Attention-512,test_2,Mouse159_20151129_20-48-38,50,27,0.54,25,0.5,2,21,26,49,0.8076923076923077,0.42857142857142855,0.5599999999999999
yolo_sppf_full_attention512_seed43,attention,512,43,Attention-512,test_2,Mouse159_20151129_20-48-38,50,27,0.54,25,0.5,3,18,25,48,0.72,0.375,0.4931506849315069
yolo_sppf_full_attention512_seed43,attention,512,43,Attention-512,test_2,Mouse159_20151129_20-48-38,50,27,0.54,25,0.5,4,13,24,47,0.5416666666666666,0.2765957446808511,0.3661971830985916
yolo_sppf_full_attention512_seed44,attention,512,44,Attention-512,test_2,Mouse159_20151129_20-48-38,50,23,0.46,29,0.42000000000000004,1,21,23,50,0.9130434782608695,0.42,0.5753424657534246
yolo_sppf_full_attention512_seed44,attention,512,44,Attention-512,test_2,Mouse159_20151129_20-48-38,50,23,0.46,29,0.42000000000000004,2,17,22,49,0.7727272727272727,0.3469387755102041,0.47887323943661975
yolo_sppf_full_attention512_seed44,attention,512,44,Attention-512,test_2,Mouse159_20151129_20-48-38,50,23,0.46,29,0.42000000000000004,3,14,21,48,0.6666666666666666,0.2916666666666667,0.4057971014492754
yolo_sppf_full_attention512_seed44,attention,512,44,Attention-512,test_2,Mouse159_20151129_20-48-38,50,23,0.46,29,0.42000000000000004,4,9,20,47,0.45,0.19148936170212766,0.26865671641791045
yolo_sppf_full_attention896_seed42,attention,896,42,Attention-896,test_2,Mouse159_20151129_20-48-38,50,22,0.44,30,0.4,1,20,22,50,0.9090909090909091,0.4,0.5555555555555556
yolo_sppf_full_attention896_seed42,attention,896,42,Attention-896,test_2,Mouse159_20151129_20-48-38,50,22,0.44,30,0.4,2,15,21,49,0.7142857142857143,0.30612244897959184,0.42857142857142855
yolo_sppf_full_attention896_seed42,attention,896,42,Attention-896,test_2,Mouse159_20151129_20-48-38,50,22,0.44,30,0.4,3,12,20,48,0.6,0.25,0.35294117647058826
yolo_sppf_full_attention896_seed42,attention,896,42,Attention-896,test_2,Mouse159_20151129_20-48-38,50,22,0.44,30,0.4,4,6,19,47,0.3157894736842105,0.1276595744680851,0.1818181818181818
yolo_sppf_full_attention896_seed43,attention,896,43,Attention-896,test_2,Mouse159_20151129_20-48-38,50,31,0.62,21,0.5800000000000001,1,29,31,50,0.9354838709677419,0.58,0.7160493827160493
yolo_sppf_full_attention896_seed43,attention,896,43,Attention-896,test_2,Mouse159_20151129_20-48-38,50,31,0.62,21,0.5800000000000001,2,25,30,49,0.8333333333333334,0.5102040816326531,0.6329113924050633
yolo_sppf_full_attention896_seed43,attention,896,43,Attention-896,test_2,Mouse159_20151129_20-48-38,50,31,0.62,21,0.5800000000000001,3,21,29,48,0.7241379310344828,0.4375,0.5454545454545455
yolo_sppf_full_attention896_seed43,attention,896,43,Attention-896,test_2,Mouse159_20151129_20-48-38,50,31,0.62,21,0.5800000000000001,4,16,28,47,0.5714285714285714,0.3404255319148936,0.4266666666666666
yolo_sppf_full_attention896_seed44,attention,896,44,Attention-896,test_2,Mouse159_20151129_20-48-38,50,28,0.56,24,0.52,1,26,28,50,0.9285714285714286,0.52,0.6666666666666666
yolo_sppf_full_attention896_seed44,attention,896,44,Attention-896,test_2,Mouse159_20151129_20-48-38,50,28,0.56,24,0.52,2,22,27,49,0.8148148148148148,0.4489795918367347,0.5789473684210527
yolo_sppf_full_attention896_seed44,attention,896,44,Attention-896,test_2,Mouse159_20151129_20-48-38,50,28,0.56,24,0.52,3,18,26,48,0.6923076923076923,0.375,0.48648648648648646
yolo_sppf_full_attention896_seed44,attention,896,44,Attention-896,test_2,Mouse159_20151129_20-48-38,50,28,0.56,24,0.52,4,14,25,47,0.56,0.2978723404255319,0.3888888888888889
yolo_sppf_full_lstm256_seed42,lstm,256,42,LSTM-256,test_2,Mouse159_20151129_20-48-38,50,34,0.68,23,0.54,1,29,34,50,0.8529411764705882,0.58,0.6904761904761905
yolo_sppf_full_lstm256_seed42,lstm,256,42,LSTM-256,test_2,Mouse159_20151129_20-48-38,50,34,0.68,23,0.54,2,22,33,49,0.6666666666666666,0.4489795918367347,0.5365853658536586
yolo_sppf_full_lstm256_seed42,lstm,256,42,LSTM-256,test_2,Mouse159_20151129_20-48-38,50,34,0.68,23,0.54,3,17,32,48,0.53125,0.3541666666666667,0.425
yolo_sppf_full_lstm256_seed42,lstm,256,42,LSTM-256,test_2,Mouse159_20151129_20-48-38,50,34,0.68,23,0.54,4,12,31,47,0.3870967741935484,0.2553191489361702,0.30769230769230765
yolo_sppf_full_lstm256_seed43,lstm,256,43,LSTM-256,test_2,Mouse159_20151129_20-48-38,50,31,0.62,23,0.54,1,28,31,50,0.9032258064516129,0.56,0.691358024691358
yolo_sppf_full_lstm256_seed43,lstm,256,43,LSTM-256,test_2,Mouse159_20151129_20-48-38,50,31,0.62,23,0.54,2,23,30,49,0.7666666666666667,0.46938775510204084,0.5822784810126582
yolo_sppf_full_lstm256_seed43,lstm,256,43,LSTM-256,test_2,Mouse159_20151129_20-48-38,50,31,0.62,23,0.54,3,19,29,48,0.6551724137931034,0.3958333333333333,0.49350649350649356
yolo_sppf_full_lstm256_seed43,lstm,256,43,LSTM-256,test_2,Mouse159_20151129_20-48-38,50,31,0.62,23,0.54,4,15,28,47,0.5357142857142857,0.3191489361702128,0.4
yolo_sppf_full_lstm256_seed44,lstm,256,44,LSTM-256,test_2,Mouse159_20151129_20-48-38,50,33,0.66,23,0.54,1,30,33,50,0.9090909090909091,0.6,0.7228915662650602
yolo_sppf_full_lstm256_seed44,lstm,256,44,LSTM-256,test_2,Mouse159_20151129_20-48-38,50,33,0.66,23,0.54,2,25,32,49,0.78125,0.5102040816326531,0.617283950617284
yolo_sppf_full_lstm256_seed44,lstm,256,44,LSTM-256,test_2,Mouse159_20151129_20-48-38,50,33,0.66,23,0.54,3,20,31,48,0.6451612903225806,0.4166666666666667,0.5063291139240507
yolo_sppf_full_lstm256_seed44,lstm,256,44,LSTM-256,test_2,Mouse159_20151129_20-48-38,50,33,0.66,23,0.54,4,15,30,47,0.5,0.3191489361702128,0.38961038961038963
yolo_sppf_full_lstm512_seed42,lstm,512,42,LSTM-512,test_2,Mouse159_20151129_20-48-38,50,29,0.58,23,0.54,1,27,29,50,0.9310344827586207,0.54,0.6835443037974683
yolo_sppf_full_lstm512_seed42,lstm,512,42,LSTM-512,test_2,Mouse159_20151129_20-48-38,50,29,0.58,23,0.54,2,23,28,49,0.8214285714285714,0.46938775510204084,0.5974025974025974
yolo_sppf_full_lstm512_seed42,lstm,512,42,LSTM-512,test_2,Mouse159_20151129_20-48-38,50,29,0.58,23,0.54,3,19,27,48,0.7037037037037037,0.3958333333333333,0.5066666666666667
yolo_sppf_full_lstm512_seed42,lstm,512,42,LSTM-512,test_2,Mouse159_20151129_20-48-38,50,29,0.58,23,0.54,4,15,26,47,0.5769230769230769,0.3191489361702128,0.4109589041095891
yolo_sppf_full_lstm512_seed43,lstm,512,43,LSTM-512,test_2,Mouse159_20151129_20-48-38,50,35,0.7,21,0.5800000000000001,1,30,35,50,0.8571428571428571,0.6,0.7058823529411764
yolo_sppf_full_lstm512_seed43,lstm,512,43,LSTM-512,test_2,Mouse159_20151129_20-48-38,50,35,0.7,21,0.5800000000000001,2,25,34,49,0.7352941176470589,0.5102040816326531,0.6024096385542169
yolo_sppf_full_lstm512_seed43,lstm,512,43,LSTM-512,test_2,Mouse159_20151129_20-48-38,50,35,0.7,21,0.5800000000000001,3,20,33,48,0.6060606060606061,0.4166666666666667,0.4938271604938272
yolo_sppf_full_lstm512_seed43,lstm,512,43,LSTM-512,test_2,Mouse159_20151129_20-48-38,50,35,0.7,21,0.5800000000000001,4,15,32,47,0.46875,0.3191489361702128,0.379746835443038
yolo_sppf_full_lstm512_seed44,lstm,512,44,LSTM-512,test_2,Mouse159_20151129_20-48-38,50,33,0.66,20,0.6,1,31,33,50,0.9393939393939394,0.62,0.7469879518072288
yolo_sppf_full_lstm512_seed44,lstm,512,44,LSTM-512,test_2,Mouse159_20151129_20-48-38,50,33,0.66,20,0.6,2,27,32,49,0.84375,0.5510204081632653,0.6666666666666666
yolo_sppf_full_lstm512_seed44,lstm,512,44,LSTM-512,test_2,Mouse159_20151129_20-48-38,50,33,0.66,20,0.6,3,23,31,48,0.7419354838709677,0.4791666666666667,0.5822784810126582
yolo_sppf_full_lstm512_seed44,lstm,512,44,LSTM-512,test_2,Mouse159_20151129_20-48-38,50,33,0.66,20,0.6,4,19,30,47,0.6333333333333333,0.40425531914893614,0.49350649350649345
yolo_sppf_full_lstm896_seed42,lstm,896,42,LSTM-896,test_2,Mouse159_20151129_20-48-38,50,28,0.56,24,0.52,1,26,28,50,0.9285714285714286,0.52,0.6666666666666666
yolo_sppf_full_lstm896_seed42,lstm,896,42,LSTM-896,test_2,Mouse159_20151129_20-48-38,50,28,0.56,24,0.52,2,22,27,49,0.8148148148148148,0.4489795918367347,0.5789473684210527
yolo_sppf_full_lstm896_seed42,lstm,896,42,LSTM-896,test_2,Mouse159_20151129_20-48-38,50,28,0.56,24,0.52,3,18,26,48,0.6923076923076923,0.375,0.48648648648648646
yolo_sppf_full_lstm896_seed42,lstm,896,42,LSTM-896,test_2,Mouse159_20151129_20-48-38,50,28,0.56,24,0.52,4,14,25,47,0.56,0.2978723404255319,0.3888888888888889
yolo_sppf_full_lstm896_seed43,lstm,896,43,LSTM-896,test_2,Mouse159_20151129_20-48-38,50,31,0.62,21,0.5800000000000001,1,29,31,50,0.9354838709677419,0.58,0.7160493827160493
yolo_sppf_full_lstm896_seed43,lstm,896,43,LSTM-896,test_2,Mouse159_20151129_20-48-38,50,31,0.62,21,0.5800000000000001,2,25,30,49,0.8333333333333334,0.5102040816326531,0.6329113924050633
yolo_sppf_full_lstm896_seed43,lstm,896,43,LSTM-896,test_2,Mouse159_20151129_20-48-38,50,31,0.62,21,0.5800000000000001,3,21,29,48,0.7241379310344828,0.4375,0.5454545454545455
yolo_sppf_full_lstm896_seed43,lstm,896,43,LSTM-896,test_2,Mouse159_20151129_20-48-38,50,31,0.62,21,0.5800000000000001,4,17,28,47,0.6071428571428571,0.3617021276595745,0.4533333333333333
yolo_sppf_full_lstm896_seed44,lstm,896,44,LSTM-896,test_2,Mouse159_20151129_20-48-38,50,29,0.58,23,0.54,1,27,29,50,0.9310344827586207,0.54,0.6835443037974683
yolo_sppf_full_lstm896_seed44,lstm,896,44,LSTM-896,test_2,Mouse159_20151129_20-48-38,50,29,0.58,23,0.54,2,23,28,49,0.8214285714285714,0.46938775510204084,0.5974025974025974
yolo_sppf_full_lstm896_seed44,lstm,896,44,LSTM-896,test_2,Mouse159_20151129_20-48-38,50,29,0.58,23,0.54,3,19,27,48,0.7037037037037037,0.3958333333333333,0.5066666666666667
yolo_sppf_full_lstm896_seed44,lstm,896,44,LSTM-896,test_2,Mouse159_20151129_20-48-38,50,29,0.58,23,0.54,4,15,26,47,0.5769230769230769,0.3191489361702128,0.4109589041095891
yolo_sppf_full_attention256_seed42,attention,256,42,Attention-256,test_2,Mouse159_20151129_20-57-31,16,7,0.4375,9,0.4375,1,7,7,16,1.0,0.4375,0.6086956521739131
yolo_sppf_full_attention256_seed42,attention,256,42,Attention-256,test_2,Mouse159_20151129_20-57-31,16,7,0.4375,9,0.4375,2,5,6,15,0.8333333333333334,0.3333333333333333,0.47619047619047616
yolo_sppf_full_attention256_seed42,attention,256,42,Attention-256,test_2,Mouse159_20151129_20-57-31,16,7,0.4375,9,0.4375,3,3,5,14,0.6,0.21428571428571427,0.3157894736842105
yolo_sppf_full_attention256_seed42,attention,256,42,Attention-256,test_2,Mouse159_20151129_20-57-31,16,7,0.4375,9,0.4375,4,1,4,13,0.25,0.07692307692307693,0.11764705882352941
yolo_sppf_full_attention256_seed43,attention,256,43,Attention-256,test_2,Mouse159_20151129_20-57-31,16,6,0.375,10,0.375,1,6,6,16,1.0,0.375,0.5454545454545454
yolo_sppf_full_attention256_seed43,attention,256,43,Attention-256,test_2,Mouse159_20151129_20-57-31,16,6,0.375,10,0.375,2,4,5,15,0.8,0.26666666666666666,0.4
yolo_sppf_full_attention256_seed43,attention,256,43,Attention-256,test_2,Mouse159_20151129_20-57-31,16,6,0.375,10,0.375,3,3,4,14,0.75,0.21428571428571427,0.3333333333333333
yolo_sppf_full_attention256_seed43,attention,256,43,Attention-256,test_2,Mouse159_20151129_20-57-31,16,6,0.375,10,0.375,4,1,3,13,0.3333333333333333,0.07692307692307693,0.125
yolo_sppf_full_attention256_seed44,attention,256,44,Attention-256,test_2,Mouse159_20151129_20-57-31,16,11,0.6875,5,0.6875,1,11,11,16,1.0,0.6875,0.8148148148148148
yolo_sppf_full_attention256_seed44,attention,256,44,Attention-256,test_2,Mouse159_20151129_20-57-31,16,11,0.6875,5,0.6875,2,9,10,15,0.9,0.6,0.7200000000000001
yolo_sppf_full_attention256_seed44,attention,256,44,Attention-256,test_2,Mouse159_20151129_20-57-31,16,11,0.6875,5,0.6875,3,7,9,14,0.7777777777777778,0.5,0.6086956521739131
yolo_sppf_full_attention256_seed44,attention,256,44,Attention-256,test_2,Mouse159_20151129_20-57-31,16,11,0.6875,5,0.6875,4,4,8,13,0.5,0.3076923076923077,0.380952380952381
yolo_sppf_full_attention512_seed42,attention,512,42,Attention-512,test_2,Mouse159_20151129_20-57-31,16,7,0.4375,9,0.4375,1,7,7,16,1.0,0.4375,0.6086956521739131
yolo_sppf_full_attention512_seed42,attention,512,42,Attention-512,test_2,Mouse159_20151129_20-57-31,16,7,0.4375,9,0.4375,2,5,6,15,0.8333333333333334,0.3333333333333333,0.47619047619047616
yolo_sppf_full_attention512_seed42,attention,512,42,Attention-512,test_2,Mouse159_20151129_20-57-31,16,7,0.4375,9,0.4375,3,3,5,14,0.6,0.21428571428571427,0.3157894736842105
yolo_sppf_full_attention512_seed42,attention,512,42,Attention-512,test_2,Mouse159_20151129_20-57-31,16,7,0.4375,9,0.4375,4,1,4,13,0.25,0.07692307692307693,0.11764705882352941
yolo_sppf_full_attention512_seed43,attention,512,43,Attention-512,test_2,Mouse159_20151129_20-57-31,16,8,0.5,8,0.5,1,8,8,16,1.0,0.5,0.6666666666666666
yolo_sppf_full_attention512_seed43,attention,512,43,Attention-512,test_2,Mouse159_20151129_20-57-31,16,8,0.5,8,0.5,2,6,7,15,0.8571428571428571,0.4,0.5454545454545455
yolo_sppf_full_attention512_seed43,attention,512,43,Attention-512,test_2,Mouse159_20151129_20-57-31,16,8,0.5,8,0.5,3,4,6,14,0.6666666666666666,0.2857142857142857,0.4
yolo_sppf_full_attention512_seed43,attention,512,43,Attention-512,test_2,Mouse159_20151129_20-57-31,16,8,0.5,8,0.5,4,1,5,13,0.2,0.07692307692307693,0.1111111111111111
yolo_sppf_full_attention512_seed44,attention,512,44,Attention-512,test_2,Mouse159_20151129_20-57-31,16,9,0.5625,7,0.5625,1,9,9,16,1.0,0.5625,0.72
yolo_sppf_full_attention512_seed44,attention,512,44,Attention-512,test_2,Mouse159_20151129_20-57-31,16,9,0.5625,7,0.5625,2,7,8,15,0.875,0.4666666666666667,0.608695652173913
yolo_sppf_full_attention512_seed44,attention,512,44,Attention-512,test_2,Mouse159_20151129_20-57-31,16,9,0.5625,7,0.5625,3,5,7,14,0.7142857142857143,0.35714285714285715,0.4761904761904762
yolo_sppf_full_attention512_seed44,attention,512,44,Attention-512,test_2,Mouse159_20151129_20-57-31,16,9,0.5625,7,0.5625,4,2,6,13,0.3333333333333333,0.15384615384615385,0.21052631578947367
yolo_sppf_full_attention896_seed42,attention,896,42,Attention-896,test_2,Mouse159_20151129_20-57-31,16,7,0.4375,9,0.4375,1,7,7,16,1.0,0.4375,0.6086956521739131
yolo_sppf_full_attention896_seed42,attention,896,42,Attention-896,test_2,Mouse159_20151129_20-57-31,16,7,0.4375,9,0.4375,2,5,6,15,0.8333333333333334,0.3333333333333333,0.47619047619047616
yolo_sppf_full_attention896_seed42,attention,896,42,Attention-896,test_2,Mouse159_20151129_20-57-31,16,7,0.4375,9,0.4375,3,3,5,14,0.6,0.21428571428571427,0.3157894736842105
yolo_sppf_full_attention896_seed42,attention,896,42,Attention-896,test_2,Mouse159_20151129_20-57-31,16,7,0.4375,9,0.4375,4,1,4,13,0.25,0.07692307692307693,0.11764705882352941
yolo_sppf_full_attention896_seed43,attention,896,43,Attention-896,test_2,Mouse159_20151129_20-57-31,16,7,0.4375,9,0.4375,1,7,7,16,1.0,0.4375,0.6086956521739131
yolo_sppf_full_attention896_seed43,attention,896,43,Attention-896,test_2,Mouse159_20151129_20-57-31,16,7,0.4375,9,0.4375,2,5,6,15,0.8333333333333334,0.3333333333333333,0.47619047619047616
yolo_sppf_full_attention896_seed43,attention,896,43,Attention-896,test_2,Mouse159_20151129_20-57-31,16,7,0.4375,9,0.4375,3,3,5,14,0.6,0.21428571428571427,0.3157894736842105
yolo_sppf_full_attention896_seed43,attention,896,43,Attention-896,test_2,Mouse159_20151129_20-57-31,16,7,0.4375,9,0.4375,4,1,4,13,0.25,0.07692307692307693,0.11764705882352941
yolo_sppf_full_attention896_seed44,attention,896,44,Attention-896,test_2,Mouse159_20151129_20-57-31,16,8,0.5,8,0.5,1,8,8,16,1.0,0.5,0.6666666666666666
yolo_sppf_full_attention896_seed44,attention,896,44,Attention-896,test_2,Mouse159_20151129_20-57-31,16,8,0.5,8,0.5,2,6,7,15,0.8571428571428571,0.4,0.5454545454545455
yolo_sppf_full_attention896_seed44,attention,896,44,Attention-896,test_2,Mouse159_20151129_20-57-31,16,8,0.5,8,0.5,3,4,6,14,0.6666666666666666,0.2857142857142857,0.4
yolo_sppf_full_attention896_seed44,attention,896,44,Attention-896,test_2,Mouse159_20151129_20-57-31,16,8,0.5,8,0.5,4,1,5,13,0.2,0.07692307692307693,0.1111111111111111
yolo_sppf_full_lstm256_seed42,lstm,256,42,LSTM-256,test_2,Mouse159_20151129_20-57-31,16,7,0.4375,9,0.4375,1,7,7,16,1.0,0.4375,0.6086956521739131
yolo_sppf_full_lstm256_seed42,lstm,256,42,LSTM-256,test_2,Mouse159_20151129_20-57-31,16,7,0.4375,9,0.4375,2,6,6,15,1.0,0.4,0.5714285714285715
yolo_sppf_full_lstm256_seed42,lstm,256,42,LSTM-256,test_2,Mouse159_20151129_20-57-31,16,7,0.4375,9,0.4375,3,5,5,14,1.0,0.35714285714285715,0.5263157894736842
yolo_sppf_full_lstm256_seed42,lstm,256,42,LSTM-256,test_2,Mouse159_20151129_20-57-31,16,7,0.4375,9,0.4375,4,3,4,13,0.75,0.23076923076923078,0.3529411764705882
yolo_sppf_full_lstm256_seed43,lstm,256,43,LSTM-256,test_2,Mouse159_20151129_20-57-31,16,7,0.4375,9,0.4375,1,7,7,16,1.0,0.4375,0.6086956521739131
yolo_sppf_full_lstm256_seed43,lstm,256,43,LSTM-256,test_2,Mouse159_20151129_20-57-31,16,7,0.4375,9,0.4375,2,6,6,15,1.0,0.4,0.5714285714285715
yolo_sppf_full_lstm256_seed43,lstm,256,43,LSTM-256,test_2,Mouse159_20151129_20-57-31,16,7,0.4375,9,0.4375,3,5,5,14,1.0,0.35714285714285715,0.5263157894736842
yolo_sppf_full_lstm256_seed43,lstm,256,43,LSTM-256,test_2,Mouse159_20151129_20-57-31,16,7,0.4375,9,0.4375,4,3,4,13,0.75,0.23076923076923078,0.3529411764705882
yolo_sppf_full_lstm256_seed44,lstm,256,44,LSTM-256,test_2,Mouse159_20151129_20-57-31,16,8,0.5,8,0.5,1,8,8,16,1.0,0.5,0.6666666666666666
yolo_sppf_full_lstm256_seed44,lstm,256,44,LSTM-256,test_2,Mouse159_20151129_20-57-31,16,8,0.5,8,0.5,2,7,7,15,1.0,0.4666666666666667,0.6363636363636364
yolo_sppf_full_lstm256_seed44,lstm,256,44,LSTM-256,test_2,Mouse159_20151129_20-57-31,16,8,0.5,8,0.5,3,6,6,14,1.0,0.42857142857142855,0.6
yolo_sppf_full_lstm256_seed44,lstm,256,44,LSTM-256,test_2,Mouse159_20151129_20-57-31,16,8,0.5,8,0.5,4,4,5,13,0.8,0.3076923076923077,0.4444444444444444
yolo_sppf_full_lstm512_seed42,lstm,512,42,LSTM-512,test_2,Mouse159_20151129_20-57-31,16,8,0.5,8,0.5,1,8,8,16,1.0,0.5,0.6666666666666666
yolo_sppf_full_lstm512_seed42,lstm,512,42,LSTM-512,test_2,Mouse159_20151129_20-57-31,16,8,0.5,8,0.5,2,6,7,15,0.8571428571428571,0.4,0.5454545454545455
yolo_sppf_full_lstm512_seed42,lstm,512,42,LSTM-512,test_2,Mouse159_20151129_20-57-31,16,8,0.5,8,0.5,3,4,6,14,0.6666666666666666,0.2857142857142857,0.4
yolo_sppf_full_lstm512_seed42,lstm,512,42,LSTM-512,test_2,Mouse159_20151129_20-57-31,16,8,0.5,8,0.5,4,1,5,13,0.2,0.07692307692307693,0.1111111111111111
yolo_sppf_full_lstm512_seed43,lstm,512,43,LSTM-512,test_2,Mouse159_20151129_20-57-31,16,6,0.375,10,0.375,1,6,6,16,1.0,0.375,0.5454545454545454
yolo_sppf_full_lstm512_seed43,lstm,512,43,LSTM-512,test_2,Mouse159_20151129_20-57-31,16,6,0.375,10,0.375,2,4,5,15,0.8,0.26666666666666666,0.4
yolo_sppf_full_lstm512_seed43,lstm,512,43,LSTM-512,test_2,Mouse159_20151129_20-57-31,16,6,0.375,10,0.375,3,3,4,14,0.75,0.21428571428571427,0.3333333333333333
yolo_sppf_full_lstm512_seed43,lstm,512,43,LSTM-512,test_2,Mouse159_20151129_20-57-31,16,6,0.375,10,0.375,4,1,3,13,0.3333333333333333,0.07692307692307693,0.125
yolo_sppf_full_lstm512_seed44,lstm,512,44,LSTM-512,test_2,Mouse159_20151129_20-57-31,16,11,0.6875,5,0.6875,1,11,11,16,1.0,0.6875,0.8148148148148148
yolo_sppf_full_lstm512_seed44,lstm,512,44,LSTM-512,test_2,Mouse159_20151129_20-57-31,16,11,0.6875,5,0.6875,2,10,10,15,1.0,0.6666666666666666,0.8
yolo_sppf_full_lstm512_seed44,lstm,512,44,LSTM-512,test_2,Mouse159_20151129_20-57-31,16,11,0.6875,5,0.6875,3,9,9,14,1.0,0.6428571428571429,0.782608695652174
yolo_sppf_full_lstm512_seed44,lstm,512,44,LSTM-512,test_2,Mouse159_20151129_20-57-31,16,11,0.6875,5,0.6875,4,7,8,13,0.875,0.5384615384615384,0.6666666666666667
yolo_sppf_full_lstm896_seed42,lstm,896,42,LSTM-896,test_2,Mouse159_20151129_20-57-31,16,7,0.4375,9,0.4375,1,7,7,16,1.0,0.4375,0.6086956521739131
yolo_sppf_full_lstm896_seed42,lstm,896,42,LSTM-896,test_2,Mouse159_20151129_20-57-31,16,7,0.4375,9,0.4375,2,5,6,15,0.8333333333333334,0.3333333333333333,0.47619047619047616
yolo_sppf_full_lstm896_seed42,lstm,896,42,LSTM-896,test_2,Mouse159_20151129_20-57-31,16,7,0.4375,9,0.4375,3,3,5,14,0.6,0.21428571428571427,0.3157894736842105
yolo_sppf_full_lstm896_seed42,lstm,896,42,LSTM-896,test_2,Mouse159_20151129_20-57-31,16,7,0.4375,9,0.4375,4,1,4,13,0.25,0.07692307692307693,0.11764705882352941
yolo_sppf_full_lstm896_seed43,lstm,896,43,LSTM-896,test_2,Mouse159_20151129_20-57-31,16,8,0.5,8,0.5,1,8,8,16,1.0,0.5,0.6666666666666666
yolo_sppf_full_lstm896_seed43,lstm,896,43,LSTM-896,test_2,Mouse159_20151129_20-57-31,16,8,0.5,8,0.5,2,7,7,15,1.0,0.4666666666666667,0.6363636363636364
yolo_sppf_full_lstm896_seed43,lstm,896,43,LSTM-896,test_2,Mouse159_20151129_20-57-31,16,8,0.5,8,0.5,3,6,6,14,1.0,0.42857142857142855,0.6
yolo_sppf_full_lstm896_seed43,lstm,896,43,LSTM-896,test_2,Mouse159_20151129_20-57-31,16,8,0.5,8,0.5,4,4,5,13,0.8,0.3076923076923077,0.4444444444444444
yolo_sppf_full_lstm896_seed44,lstm,896,44,LSTM-896,test_2,Mouse159_20151129_20-57-31,16,10,0.625,6,0.625,1,10,10,16,1.0,0.625,0.7692307692307693
yolo_sppf_full_lstm896_seed44,lstm,896,44,LSTM-896,test_2,Mouse159_20151129_20-57-31,16,10,0.625,6,0.625,2,9,9,15,1.0,0.6,0.7499999999999999
yolo_sppf_full_lstm896_seed44,lstm,896,44,LSTM-896,test_2,Mouse159_20151129_20-57-31,16,10,0.625,6,0.625,3,8,8,14,1.0,0.5714285714285714,0.7272727272727273
yolo_sppf_full_lstm896_seed44,lstm,896,44,LSTM-896,test_2,Mouse159_20151129_20-57-31,16,10,0.625,6,0.625,4,6,7,13,0.8571428571428571,0.46153846153846156,0.6
yolo_sppf_full_attention256_seed42,attention,256,42,Attention-256,test_2,Mouse627_20181026_17-29-36_01994-09560,39,39,1.0,5,0.8717948717948718,1,38,39,39,0.9743589743589743,0.9743589743589743,0.9743589743589743
yolo_sppf_full_attention256_seed42,attention,256,42,Attention-256,test_2,Mouse627_20181026_17-29-36_01994-09560,39,39,1.0,5,0.8717948717948718,2,35,38,38,0.9210526315789473,0.9210526315789473,0.9210526315789473
yolo_sppf_full_attention256_seed42,attention,256,42,Attention-256,test_2,Mouse627_20181026_17-29-36_01994-09560,39,39,1.0,5,0.8717948717948718,3,30,37,37,0.8108108108108109,0.8108108108108109,0.8108108108108109
yolo_sppf_full_attention256_seed42,attention,256,42,Attention-256,test_2,Mouse627_20181026_17-29-36_01994-09560,39,39,1.0,5,0.8717948717948718,4,26,36,36,0.7222222222222222,0.7222222222222222,0.7222222222222222
yolo_sppf_full_attention256_seed43,attention,256,43,Attention-256,test_2,Mouse627_20181026_17-29-36_01994-09560,39,37,0.9487179487179487,4,0.8974358974358975,1,37,37,39,1.0,0.9487179487179487,0.9736842105263158
yolo_sppf_full_attention256_seed43,attention,256,43,Attention-256,test_2,Mouse627_20181026_17-29-36_01994-09560,39,37,0.9487179487179487,4,0.8974358974358975,2,35,36,38,0.9722222222222222,0.9210526315789473,0.9459459459459458
yolo_sppf_full_attention256_seed43,attention,256,43,Attention-256,test_2,Mouse627_20181026_17-29-36_01994-09560,39,37,0.9487179487179487,4,0.8974358974358975,3,29,35,37,0.8285714285714286,0.7837837837837838,0.8055555555555555
yolo_sppf_full_attention256_seed43,attention,256,43,Attention-256,test_2,Mouse627_20181026_17-29-36_01994-09560,39,37,0.9487179487179487,4,0.8974358974358975,4,27,34,36,0.7941176470588235,0.75,0.7714285714285715
yolo_sppf_full_attention256_seed44,attention,256,44,Attention-256,test_2,Mouse627_20181026_17-29-36_01994-09560,39,37,0.9487179487179487,6,0.8461538461538461,1,37,37,39,1.0,0.9487179487179487,0.9736842105263158
yolo_sppf_full_attention256_seed44,attention,256,44,Attention-256,test_2,Mouse627_20181026_17-29-36_01994-09560,39,37,0.9487179487179487,6,0.8461538461538461,2,35,36,38,0.9722222222222222,0.9210526315789473,0.9459459459459458
yolo_sppf_full_attention256_seed44,attention,256,44,Attention-256,test_2,Mouse627_20181026_17-29-36_01994-09560,39,37,0.9487179487179487,6,0.8461538461538461,3,29,35,37,0.8285714285714286,0.7837837837837838,0.8055555555555555
yolo_sppf_full_attention256_seed44,attention,256,44,Attention-256,test_2,Mouse627_20181026_17-29-36_01994-09560,39,37,0.9487179487179487,6,0.8461538461538461,4,27,34,36,0.7941176470588235,0.75,0.7714285714285715
yolo_sppf_full_attention512_seed42,attention,512,42,Attention-512,test_2,Mouse627_20181026_17-29-36_01994-09560,39,45,1.1538461538461537,9,0.8,1,39,45,39,0.8666666666666667,1.0,0.9285714285714286
yolo_sppf_full_attention512_seed42,attention,512,42,Attention-512,test_2,Mouse627_20181026_17-29-36_01994-09560,39,45,1.1538461538461537,9,0.8,2,35,44,38,0.7954545454545454,0.9210526315789473,0.8536585365853658
yolo_sppf_full_attention512_seed42,attention,512,42,Attention-512,test_2,Mouse627_20181026_17-29-36_01994-09560,39,45,1.1538461538461537,9,0.8,3,24,43,37,0.5581395348837209,0.6486486486486487,0.6
yolo_sppf_full_attention512_seed42,attention,512,42,Attention-512,test_2,Mouse627_20181026_17-29-36_01994-09560,39,45,1.1538461538461537,9,0.8,4,20,42,36,0.47619047619047616,0.5555555555555556,0.5128205128205129
yolo_sppf_full_attention512_seed43,attention,512,43,Attention-512,test_2,Mouse627_20181026_17-29-36_01994-09560,39,39,1.0,7,0.8205128205128205,1,37,39,39,0.9487179487179487,0.9487179487179487,0.9487179487179487
yolo_sppf_full_attention512_seed43,attention,512,43,Attention-512,test_2,Mouse627_20181026_17-29-36_01994-09560,39,39,1.0,7,0.8205128205128205,2,33,38,38,0.868421052631579,0.868421052631579,0.868421052631579
yolo_sppf_full_attention512_seed43,attention,512,43,Attention-512,test_2,Mouse627_20181026_17-29-36_01994-09560,39,39,1.0,7,0.8205128205128205,3,25,37,37,0.6756756756756757,0.6756756756756757,0.6756756756756757
yolo_sppf_full_attention512_seed43,attention,512,43,Attention-512,test_2,Mouse627_20181026_17-29-36_01994-09560,39,39,1.0,7,0.8205128205128205,4,22,36,36,0.6111111111111112,0.6111111111111112,0.6111111111111112
yolo_sppf_full_attention512_seed44,attention,512,44,Attention-512,test_2,Mouse627_20181026_17-29-36_01994-09560,39,39,1.0,7,0.8205128205128205,1,38,39,39,0.9743589743589743,0.9743589743589743,0.9743589743589743
yolo_sppf_full_attention512_seed44,attention,512,44,Attention-512,test_2,Mouse627_20181026_17-29-36_01994-09560,39,39,1.0,7,0.8205128205128205,2,35,38,38,0.9210526315789473,0.9210526315789473,0.9210526315789473
yolo_sppf_full_attention512_seed44,attention,512,44,Attention-512,test_2,Mouse627_20181026_17-29-36_01994-09560,39,39,1.0,7,0.8205128205128205,3,28,37,37,0.7567567567567568,0.7567567567567568,0.7567567567567567
yolo_sppf_full_attention512_seed44,attention,512,44,Attention-512,test_2,Mouse627_20181026_17-29-36_01994-09560,39,39,1.0,7,0.8205128205128205,4,25,36,36,0.6944444444444444,0.6944444444444444,0.6944444444444444
yolo_sppf_full_attention896_seed42,attention,896,42,Attention-896,test_2,Mouse627_20181026_17-29-36_01994-09560,39,39,1.0,7,0.8205128205128205,1,35,39,39,0.8974358974358975,0.8974358974358975,0.8974358974358975
yolo_sppf_full_attention896_seed42,attention,896,42,Attention-896,test_2,Mouse627_20181026_17-29-36_01994-09560,39,39,1.0,7,0.8205128205128205,2,32,38,38,0.8421052631578947,0.8421052631578947,0.8421052631578947
yolo_sppf_full_attention896_seed42,attention,896,42,Attention-896,test_2,Mouse627_20181026_17-29-36_01994-09560,39,39,1.0,7,0.8205128205128205,3,28,37,37,0.7567567567567568,0.7567567567567568,0.7567567567567567
yolo_sppf_full_attention896_seed42,attention,896,42,Attention-896,test_2,Mouse627_20181026_17-29-36_01994-09560,39,39,1.0,7,0.8205128205128205,4,22,36,36,0.6111111111111112,0.6111111111111112,0.6111111111111112
yolo_sppf_full_attention896_seed43,attention,896,43,Attention-896,test_2,Mouse627_20181026_17-29-36_01994-09560,39,38,0.9743589743589743,7,0.8205128205128205,1,38,38,39,1.0,0.9743589743589743,0.9870129870129869
yolo_sppf_full_attention896_seed43,attention,896,43,Attention-896,test_2,Mouse627_20181026_17-29-36_01994-09560,39,38,0.9743589743589743,7,0.8205128205128205,2,36,37,38,0.972972972972973,0.9473684210526315,0.9599999999999999
yolo_sppf_full_attention896_seed43,attention,896,43,Attention-896,test_2,Mouse627_20181026_17-29-36_01994-09560,39,38,0.9743589743589743,7,0.8205128205128205,3,28,36,37,0.7777777777777778,0.7567567567567568,0.7671232876712328
yolo_sppf_full_attention896_seed43,attention,896,43,Attention-896,test_2,Mouse627_20181026_17-29-36_01994-09560,39,38,0.9743589743589743,7,0.8205128205128205,4,24,35,36,0.6857142857142857,0.6666666666666666,0.676056338028169
yolo_sppf_full_attention896_seed44,attention,896,44,Attention-896,test_2,Mouse627_20181026_17-29-36_01994-09560,39,41,1.0512820512820513,9,0.7804878048780488,1,39,41,39,0.9512195121951219,1.0,0.975
yolo_sppf_full_attention896_seed44,attention,896,44,Attention-896,test_2,Mouse627_20181026_17-29-36_01994-09560,39,41,1.0512820512820513,9,0.7804878048780488,2,35,40,38,0.875,0.9210526315789473,0.8974358974358975
yolo_sppf_full_attention896_seed44,attention,896,44,Attention-896,test_2,Mouse627_20181026_17-29-36_01994-09560,39,41,1.0512820512820513,9,0.7804878048780488,3,26,39,37,0.6666666666666666,0.7027027027027027,0.6842105263157895
yolo_sppf_full_attention896_seed44,attention,896,44,Attention-896,test_2,Mouse627_20181026_17-29-36_01994-09560,39,41,1.0512820512820513,9,0.7804878048780488,4,23,38,36,0.6052631578947368,0.6388888888888888,0.6216216216216216
yolo_sppf_full_lstm256_seed42,lstm,256,42,LSTM-256,test_2,Mouse627_20181026_17-29-36_01994-09560,39,39,1.0,5,0.8717948717948718,1,38,39,39,0.9743589743589743,0.9743589743589743,0.9743589743589743
yolo_sppf_full_lstm256_seed42,lstm,256,42,LSTM-256,test_2,Mouse627_20181026_17-29-36_01994-09560,39,39,1.0,5,0.8717948717948718,2,35,38,38,0.9210526315789473,0.9210526315789473,0.9210526315789473
yolo_sppf_full_lstm256_seed42,lstm,256,42,LSTM-256,test_2,Mouse627_20181026_17-29-36_01994-09560,39,39,1.0,5,0.8717948717948718,3,28,37,37,0.7567567567567568,0.7567567567567568,0.7567567567567567
yolo_sppf_full_lstm256_seed42,lstm,256,42,LSTM-256,test_2,Mouse627_20181026_17-29-36_01994-09560,39,39,1.0,5,0.8717948717948718,4,24,36,36,0.6666666666666666,0.6666666666666666,0.6666666666666666
yolo_sppf_full_lstm256_seed43,lstm,256,43,LSTM-256,test_2,Mouse627_20181026_17-29-36_01994-09560,39,39,1.0,3,0.9230769230769231,1,39,39,39,1.0,1.0,1.0
yolo_sppf_full_lstm256_seed43,lstm,256,43,LSTM-256,test_2,Mouse627_20181026_17-29-36_01994-09560,39,39,1.0,3,0.9230769230769231,2,37,38,38,0.9736842105263158,0.9736842105263158,0.9736842105263158
yolo_sppf_full_lstm256_seed43,lstm,256,43,LSTM-256,test_2,Mouse627_20181026_17-29-36_01994-09560,39,39,1.0,3,0.9230769230769231,3,32,37,37,0.8648648648648649,0.8648648648648649,0.8648648648648649
yolo_sppf_full_lstm256_seed43,lstm,256,43,LSTM-256,test_2,Mouse627_20181026_17-29-36_01994-09560,39,39,1.0,3,0.9230769230769231,4,30,36,36,0.8333333333333334,0.8333333333333334,0.8333333333333334
yolo_sppf_full_lstm256_seed44,lstm,256,44,LSTM-256,test_2,Mouse627_20181026_17-29-36_01994-09560,39,42,1.0769230769230769,6,0.8571428571428572,1,39,42,39,0.9285714285714286,1.0,0.962962962962963
yolo_sppf_full_lstm256_seed44,lstm,256,44,LSTM-256,test_2,Mouse627_20181026_17-29-36_01994-09560,39,42,1.0769230769230769,6,0.8571428571428572,2,38,41,38,0.926829268292683,1.0,0.9620253164556963
yolo_sppf_full_lstm256_seed44,lstm,256,44,LSTM-256,test_2,Mouse627_20181026_17-29-36_01994-09560,39,42,1.0769230769230769,6,0.8571428571428572,3,29,40,37,0.725,0.7837837837837838,0.7532467532467533
yolo_sppf_full_lstm256_seed44,lstm,256,44,LSTM-256,test_2,Mouse627_20181026_17-29-36_01994-09560,39,42,1.0769230769230769,6,0.8571428571428572,4,24,39,36,0.6153846153846154,0.6666666666666666,0.64
yolo_sppf_full_lstm512_seed42,lstm,512,42,LSTM-512,test_2,Mouse627_20181026_17-29-36_01994-09560,39,44,1.1282051282051282,8,0.8181818181818181,1,39,44,39,0.8863636363636364,1.0,0.9397590361445783
yolo_sppf_full_lstm512_seed42,lstm,512,42,LSTM-512,test_2,Mouse627_20181026_17-29-36_01994-09560,39,44,1.1282051282051282,8,0.8181818181818181,2,38,43,38,0.8837209302325582,1.0,0.9382716049382717
yolo_sppf_full_lstm512_seed42,lstm,512,42,LSTM-512,test_2,Mouse627_20181026_17-29-36_01994-09560,39,44,1.1282051282051282,8,0.8181818181818181,3,28,42,37,0.6666666666666666,0.7567567567567568,0.7088607594936708
yolo_sppf_full_lstm512_seed42,lstm,512,42,LSTM-512,test_2,Mouse627_20181026_17-29-36_01994-09560,39,44,1.1282051282051282,8,0.8181818181818181,4,22,41,36,0.5365853658536586,0.6111111111111112,0.5714285714285715
yolo_sppf_full_lstm512_seed43,lstm,512,43,LSTM-512,test_2,Mouse627_20181026_17-29-36_01994-09560,39,35,0.8974358974358975,5,0.8717948717948718,1,35,35,39,1.0,0.8974358974358975,0.945945945945946
yolo_sppf_full_lstm512_seed43,lstm,512,43,LSTM-512,test_2,Mouse627_20181026_17-29-36_01994-09560,39,35,0.8974358974358975,5,0.8717948717948718,2,33,34,38,0.9705882352941176,0.868421052631579,0.9166666666666667
yolo_sppf_full_lstm512_seed43,lstm,512,43,LSTM-512,test_2,Mouse627_20181026_17-29-36_01994-09560,39,35,0.8974358974358975,5,0.8717948717948718,3,31,33,37,0.9393939393939394,0.8378378378378378,0.8857142857142858
yolo_sppf_full_lstm512_seed43,lstm,512,43,LSTM-512,test_2,Mouse627_20181026_17-29-36_01994-09560,39,35,0.8974358974358975,5,0.8717948717948718,4,28,32,36,0.875,0.7777777777777778,0.823529411764706
yolo_sppf_full_lstm512_seed44,lstm,512,44,LSTM-512,test_2,Mouse627_20181026_17-29-36_01994-09560,39,40,1.0256410256410255,6,0.85,1,39,40,39,0.975,1.0,0.9873417721518987
yolo_sppf_full_lstm512_seed44,lstm,512,44,LSTM-512,test_2,Mouse627_20181026_17-29-36_01994-09560,39,40,1.0256410256410255,6,0.85,2,38,39,38,0.9743589743589743,1.0,0.9870129870129869
yolo_sppf_full_lstm512_seed44,lstm,512,44,LSTM-512,test_2,Mouse627_20181026_17-29-36_01994-09560,39,40,1.0256410256410255,6,0.85,3,29,38,37,0.7631578947368421,0.7837837837837838,0.7733333333333334
yolo_sppf_full_lstm512_seed44,lstm,512,44,LSTM-512,test_2,Mouse627_20181026_17-29-36_01994-09560,39,40,1.0256410256410255,6,0.85,4,24,37,36,0.6486486486486487,0.6666666666666666,0.6575342465753425
yolo_sppf_full_lstm896_seed42,lstm,896,42,LSTM-896,test_2,Mouse627_20181026_17-29-36_01994-09560,39,43,1.1025641025641026,8,0.813953488372093,1,39,43,39,0.9069767441860465,1.0,0.951219512195122
yolo_sppf_full_lstm896_seed42,lstm,896,42,LSTM-896,test_2,Mouse627_20181026_17-29-36_01994-09560,39,43,1.1025641025641026,8,0.813953488372093,2,37,42,38,0.8809523809523809,0.9736842105263158,0.925
yolo_sppf_full_lstm896_seed42,lstm,896,42,LSTM-896,test_2,Mouse627_20181026_17-29-36_01994-09560,39,43,1.1025641025641026,8,0.813953488372093,3,29,41,37,0.7073170731707317,0.7837837837837838,0.7435897435897435
yolo_sppf_full_lstm896_seed42,lstm,896,42,LSTM-896,test_2,Mouse627_20181026_17-29-36_01994-09560,39,43,1.1025641025641026,8,0.813953488372093,4,25,40,36,0.625,0.6944444444444444,0.6578947368421053
yolo_sppf_full_lstm896_seed43,lstm,896,43,LSTM-896,test_2,Mouse627_20181026_17-29-36_01994-09560,39,42,1.0769230769230769,6,0.8571428571428572,1,39,42,39,0.9285714285714286,1.0,0.962962962962963
yolo_sppf_full_lstm896_seed43,lstm,896,43,LSTM-896,test_2,Mouse627_20181026_17-29-36_01994-09560,39,42,1.0769230769230769,6,0.8571428571428572,2,38,41,38,0.926829268292683,1.0,0.9620253164556963
yolo_sppf_full_lstm896_seed43,lstm,896,43,LSTM-896,test_2,Mouse627_20181026_17-29-36_01994-09560,39,42,1.0769230769230769,6,0.8571428571428572,3,29,40,37,0.725,0.7837837837837838,0.7532467532467533
yolo_sppf_full_lstm896_seed43,lstm,896,43,LSTM-896,test_2,Mouse627_20181026_17-29-36_01994-09560,39,42,1.0769230769230769,6,0.8571428571428572,4,23,39,36,0.5897435897435898,0.6388888888888888,0.6133333333333332
yolo_sppf_full_lstm896_seed44,lstm,896,44,LSTM-896,test_2,Mouse627_20181026_17-29-36_01994-09560,39,43,1.1025641025641026,7,0.8372093023255813,1,39,43,39,0.9069767441860465,1.0,0.951219512195122
yolo_sppf_full_lstm896_seed44,lstm,896,44,LSTM-896,test_2,Mouse627_20181026_17-29-36_01994-09560,39,43,1.1025641025641026,7,0.8372093023255813,2,38,42,38,0.9047619047619048,1.0,0.9500000000000001
yolo_sppf_full_lstm896_seed44,lstm,896,44,LSTM-896,test_2,Mouse627_20181026_17-29-36_01994-09560,39,43,1.1025641025641026,7,0.8372093023255813,3,27,41,37,0.6585365853658537,0.7297297297297297,0.6923076923076923
yolo_sppf_full_lstm896_seed44,lstm,896,44,LSTM-896,test_2,Mouse627_20181026_17-29-36_01994-09560,39,43,1.1025641025641026,7,0.8372093023255813,4,20,40,36,0.5,0.5555555555555556,0.5263157894736842
yolo_sppf_full_attention256_seed42,attention,256,42,Attention-256,test_2,Mouse627_20181026_17-29-36_10191-15523,32,26,0.8125,9,0.71875,1,24,26,32,0.9230769230769231,0.75,0.8275862068965517
yolo_sppf_full_attention256_seed42,attention,256,42,Attention-256,test_2,Mouse627_20181026_17-29-36_10191-15523,32,26,0.8125,9,0.71875,2,21,25,31,0.84,0.6774193548387096,0.75
yolo_sppf_full_attention256_seed42,attention,256,42,Attention-256,test_2,Mouse627_20181026_17-29-36_10191-15523,32,26,0.8125,9,0.71875,3,17,24,30,0.7083333333333334,0.5666666666666667,0.6296296296296297
yolo_sppf_full_attention256_seed42,attention,256,42,Attention-256,test_2,Mouse627_20181026_17-29-36_10191-15523,32,26,0.8125,9,0.71875,4,14,23,29,0.6086956521739131,0.4827586206896552,0.5384615384615384
yolo_sppf_full_attention256_seed43,attention,256,43,Attention-256,test_2,Mouse627_20181026_17-29-36_10191-15523,32,24,0.75,10,0.6875,1,23,24,32,0.9583333333333334,0.71875,0.8214285714285714
yolo_sppf_full_attention256_seed43,attention,256,43,Attention-256,test_2,Mouse627_20181026_17-29-36_10191-15523,32,24,0.75,10,0.6875,2,21,23,31,0.9130434782608695,0.6774193548387096,0.7777777777777777
yolo_sppf_full_attention256_seed43,attention,256,43,Attention-256,test_2,Mouse627_20181026_17-29-36_10191-15523,32,24,0.75,10,0.6875,3,19,22,30,0.8636363636363636,0.6333333333333333,0.7307692307692307
yolo_sppf_full_attention256_seed43,attention,256,43,Attention-256,test_2,Mouse627_20181026_17-29-36_10191-15523,32,24,0.75,10,0.6875,4,18,21,29,0.8571428571428571,0.6206896551724138,0.7200000000000001
yolo_sppf_full_attention256_seed44,attention,256,44,Attention-256,test_2,Mouse627_20181026_17-29-36_10191-15523,32,24,0.75,10,0.6875,1,23,24,32,0.9583333333333334,0.71875,0.8214285714285714
yolo_sppf_full_attention256_seed44,attention,256,44,Attention-256,test_2,Mouse627_20181026_17-29-36_10191-15523,32,24,0.75,10,0.6875,2,21,23,31,0.9130434782608695,0.6774193548387096,0.7777777777777777
yolo_sppf_full_attention256_seed44,attention,256,44,Attention-256,test_2,Mouse627_20181026_17-29-36_10191-15523,32,24,0.75,10,0.6875,3,19,22,30,0.8636363636363636,0.6333333333333333,0.7307692307692307
yolo_sppf_full_attention256_seed44,attention,256,44,Attention-256,test_2,Mouse627_20181026_17-29-36_10191-15523,32,24,0.75,10,0.6875,4,18,21,29,0.8571428571428571,0.6206896551724138,0.7200000000000001
yolo_sppf_full_attention512_seed42,attention,512,42,Attention-512,test_2,Mouse627_20181026_17-29-36_10191-15523,32,33,1.03125,9,0.7272727272727273,1,27,33,32,0.8181818181818182,0.84375,0.8307692307692308
yolo_sppf_full_attention512_seed42,attention,512,42,Attention-512,test_2,Mouse627_20181026_17-29-36_10191-15523,32,33,1.03125,9,0.7272727272727273,2,20,32,31,0.625,0.6451612903225806,0.634920634920635
yolo_sppf_full_attention512_seed42,attention,512,42,Attention-512,test_2,Mouse627_20181026_17-29-36_10191-15523,32,33,1.03125,9,0.7272727272727273,3,14,31,30,0.45161290322580644,0.4666666666666667,0.45901639344262296
yolo_sppf_full_attention512_seed42,attention,512,42,Attention-512,test_2,Mouse627_20181026_17-29-36_10191-15523,32,33,1.03125,9,0.7272727272727273,4,11,30,29,0.36666666666666664,0.3793103448275862,0.3728813559322034
yolo_sppf_full_attention512_seed43,attention,512,43,Attention-512,test_2,Mouse627_20181026_17-29-36_10191-15523,32,25,0.78125,9,0.71875,1,23,25,32,0.92,0.71875,0.8070175438596492
yolo_sppf_full_attention512_seed43,attention,512,43,Attention-512,test_2,Mouse627_20181026_17-29-36_10191-15523,32,25,0.78125,9,0.71875,2,21,24,31,0.875,0.6774193548387096,0.7636363636363636
yolo_sppf_full_attention512_seed43,attention,512,43,Attention-512,test_2,Mouse627_20181026_17-29-36_10191-15523,32,25,0.78125,9,0.71875,3,19,23,30,0.8260869565217391,0.6333333333333333,0.7169811320754716
yolo_sppf_full_attention512_seed43,attention,512,43,Attention-512,test_2,Mouse627_20181026_17-29-36_10191-15523,32,25,0.78125,9,0.71875,4,16,22,29,0.7272727272727273,0.5517241379310345,0.6274509803921569
yolo_sppf_full_attention512_seed44,attention,512,44,Attention-512,test_2,Mouse627_20181026_17-29-36_10191-15523,32,27,0.84375,10,0.6875,1,24,27,32,0.8888888888888888,0.75,0.8135593220338982
yolo_sppf_full_attention512_seed44,attention,512,44,Attention-512,test_2,Mouse627_20181026_17-29-36_10191-15523,32,27,0.84375,10,0.6875,2,20,26,31,0.7692307692307693,0.6451612903225806,0.7017543859649122
yolo_sppf_full_attention512_seed44,attention,512,44,Attention-512,test_2,Mouse627_20181026_17-29-36_10191-15523,32,27,0.84375,10,0.6875,3,16,25,30,0.64,0.5333333333333333,0.5818181818181818
yolo_sppf_full_attention512_seed44,attention,512,44,Attention-512,test_2,Mouse627_20181026_17-29-36_10191-15523,32,27,0.84375,10,0.6875,4,13,24,29,0.5416666666666666,0.4482758620689655,0.49056603773584906
yolo_sppf_full_attention896_seed42,attention,896,42,Attention-896,test_2,Mouse627_20181026_17-29-36_10191-15523,32,32,1.0,7,0.78125,1,28,32,32,0.875,0.875,0.875
yolo_sppf_full_attention896_seed42,attention,896,42,Attention-896,test_2,Mouse627_20181026_17-29-36_10191-15523,32,32,1.0,7,0.78125,2,23,31,31,0.7419354838709677,0.7419354838709677,0.7419354838709677
yolo_sppf_full_attention896_seed42,attention,896,42,Attention-896,test_2,Mouse627_20181026_17-29-36_10191-15523,32,32,1.0,7,0.78125,3,18,30,30,0.6,0.6,0.6
yolo_sppf_full_attention896_seed42,attention,896,42,Attention-896,test_2,Mouse627_20181026_17-29-36_10191-15523,32,32,1.0,7,0.78125,4,15,29,29,0.5172413793103449,0.5172413793103449,0.5172413793103449
yolo_sppf_full_attention896_seed43,attention,896,43,Attention-896,test_2,Mouse627_20181026_17-29-36_10191-15523,32,25,0.78125,9,0.71875,1,23,25,32,0.92,0.71875,0.8070175438596492
yolo_sppf_full_attention896_seed43,attention,896,43,Attention-896,test_2,Mouse627_20181026_17-29-36_10191-15523,32,25,0.78125,9,0.71875,2,21,24,31,0.875,0.6774193548387096,0.7636363636363636
yolo_sppf_full_attention896_seed43,attention,896,43,Attention-896,test_2,Mouse627_20181026_17-29-36_10191-15523,32,25,0.78125,9,0.71875,3,19,23,30,0.8260869565217391,0.6333333333333333,0.7169811320754716
yolo_sppf_full_attention896_seed43,attention,896,43,Attention-896,test_2,Mouse627_20181026_17-29-36_10191-15523,32,25,0.78125,9,0.71875,4,16,22,29,0.7272727272727273,0.5517241379310345,0.6274509803921569
yolo_sppf_full_attention896_seed44,attention,896,44,Attention-896,test_2,Mouse627_20181026_17-29-36_10191-15523,32,26,0.8125,8,0.75,1,24,26,32,0.9230769230769231,0.75,0.8275862068965517
yolo_sppf_full_attention896_seed44,attention,896,44,Attention-896,test_2,Mouse627_20181026_17-29-36_10191-15523,32,26,0.8125,8,0.75,2,22,25,31,0.88,0.7096774193548387,0.7857142857142856
yolo_sppf_full_attention896_seed44,attention,896,44,Attention-896,test_2,Mouse627_20181026_17-29-36_10191-15523,32,26,0.8125,8,0.75,3,20,24,30,0.8333333333333334,0.6666666666666666,0.7407407407407408
yolo_sppf_full_attention896_seed44,attention,896,44,Attention-896,test_2,Mouse627_20181026_17-29-36_10191-15523,32,26,0.8125,8,0.75,4,16,23,29,0.6956521739130435,0.5517241379310345,0.6153846153846154
yolo_sppf_full_lstm256_seed42,lstm,256,42,LSTM-256,test_2,Mouse627_20181026_17-29-36_10191-15523,32,29,0.90625,8,0.75,1,25,29,32,0.8620689655172413,0.78125,0.8196721311475409
yolo_sppf_full_lstm256_seed42,lstm,256,42,LSTM-256,test_2,Mouse627_20181026_17-29-36_10191-15523,32,29,0.90625,8,0.75,2,21,28,31,0.75,0.6774193548387096,0.7118644067796611
yolo_sppf_full_lstm256_seed42,lstm,256,42,LSTM-256,test_2,Mouse627_20181026_17-29-36_10191-15523,32,29,0.90625,8,0.75,3,17,27,30,0.6296296296296297,0.5666666666666667,0.5964912280701755
yolo_sppf_full_lstm256_seed42,lstm,256,42,LSTM-256,test_2,Mouse627_20181026_17-29-36_10191-15523,32,29,0.90625,8,0.75,4,12,26,29,0.46153846153846156,0.41379310344827586,0.43636363636363634
yolo_sppf_full_lstm256_seed43,lstm,256,43,LSTM-256,test_2,Mouse627_20181026_17-29-36_10191-15523,32,24,0.75,10,0.6875,1,23,24,32,0.9583333333333334,0.71875,0.8214285714285714
yolo_sppf_full_lstm256_seed43,lstm,256,43,LSTM-256,test_2,Mouse627_20181026_17-29-36_10191-15523,32,24,0.75,10,0.6875,2,22,23,31,0.9565217391304348,0.7096774193548387,0.8148148148148149
yolo_sppf_full_lstm256_seed43,lstm,256,43,LSTM-256,test_2,Mouse627_20181026_17-29-36_10191-15523,32,24,0.75,10,0.6875,3,20,22,30,0.9090909090909091,0.6666666666666666,0.7692307692307692
yolo_sppf_full_lstm256_seed43,lstm,256,43,LSTM-256,test_2,Mouse627_20181026_17-29-36_10191-15523,32,24,0.75,10,0.6875,4,17,21,29,0.8095238095238095,0.5862068965517241,0.68
yolo_sppf_full_lstm256_seed44,lstm,256,44,LSTM-256,test_2,Mouse627_20181026_17-29-36_10191-15523,32,26,0.8125,9,0.71875,1,25,26,32,0.9615384615384616,0.78125,0.8620689655172413
yolo_sppf_full_lstm256_seed44,lstm,256,44,LSTM-256,test_2,Mouse627_20181026_17-29-36_10191-15523,32,26,0.8125,9,0.71875,2,23,25,31,0.92,0.7419354838709677,0.8214285714285714
yolo_sppf_full_lstm256_seed44,lstm,256,44,LSTM-256,test_2,Mouse627_20181026_17-29-36_10191-15523,32,26,0.8125,9,0.71875,3,20,24,30,0.8333333333333334,0.6666666666666666,0.7407407407407408
yolo_sppf_full_lstm256_seed44,lstm,256,44,LSTM-256,test_2,Mouse627_20181026_17-29-36_10191-15523,32,26,0.8125,9,0.71875,4,17,23,29,0.7391304347826086,0.5862068965517241,0.6538461538461539
yolo_sppf_full_lstm512_seed42,lstm,512,42,LSTM-512,test_2,Mouse627_20181026_17-29-36_10191-15523,32,26,0.8125,9,0.71875,1,25,26,32,0.9615384615384616,0.78125,0.8620689655172413
yolo_sppf_full_lstm512_seed42,lstm,512,42,LSTM-512,test_2,Mouse627_20181026_17-29-36_10191-15523,32,26,0.8125,9,0.71875,2,23,25,31,0.92,0.7419354838709677,0.8214285714285714
yolo_sppf_full_lstm512_seed42,lstm,512,42,LSTM-512,test_2,Mouse627_20181026_17-29-36_10191-15523,32,26,0.8125,9,0.71875,3,21,24,30,0.875,0.7,0.7777777777777777
yolo_sppf_full_lstm512_seed42,lstm,512,42,LSTM-512,test_2,Mouse627_20181026_17-29-36_10191-15523,32,26,0.8125,9,0.71875,4,18,23,29,0.782608695652174,0.6206896551724138,0.6923076923076923
yolo_sppf_full_lstm512_seed43,lstm,512,43,LSTM-512,test_2,Mouse627_20181026_17-29-36_10191-15523,32,20,0.625,13,0.59375,1,19,20,32,0.95,0.59375,0.7307692307692308
yolo_sppf_full_lstm512_seed43,lstm,512,43,LSTM-512,test_2,Mouse627_20181026_17-29-36_10191-15523,32,20,0.625,13,0.59375,2,18,19,31,0.9473684210526315,0.5806451612903226,0.72
yolo_sppf_full_lstm512_seed43,lstm,512,43,LSTM-512,test_2,Mouse627_20181026_17-29-36_10191-15523,32,20,0.625,13,0.59375,3,16,18,30,0.8888888888888888,0.5333333333333333,0.6666666666666667
yolo_sppf_full_lstm512_seed43,lstm,512,43,LSTM-512,test_2,Mouse627_20181026_17-29-36_10191-15523,32,20,0.625,13,0.59375,4,13,17,29,0.7647058823529411,0.4482758620689655,0.5652173913043479
yolo_sppf_full_lstm512_seed44,lstm,512,44,LSTM-512,test_2,Mouse627_20181026_17-29-36_10191-15523,32,29,0.90625,6,0.8125,1,27,29,32,0.9310344827586207,0.84375,0.8852459016393444
yolo_sppf_full_lstm512_seed44,lstm,512,44,LSTM-512,test_2,Mouse627_20181026_17-29-36_10191-15523,32,29,0.90625,6,0.8125,2,25,28,31,0.8928571428571429,0.8064516129032258,0.8474576271186439
yolo_sppf_full_lstm512_seed44,lstm,512,44,LSTM-512,test_2,Mouse627_20181026_17-29-36_10191-15523,32,29,0.90625,6,0.8125,3,23,27,30,0.8518518518518519,0.7666666666666667,0.8070175438596491
yolo_sppf_full_lstm512_seed44,lstm,512,44,LSTM-512,test_2,Mouse627_20181026_17-29-36_10191-15523,32,29,0.90625,6,0.8125,4,19,26,29,0.7307692307692307,0.6551724137931034,0.6909090909090909
yolo_sppf_full_lstm896_seed42,lstm,896,42,LSTM-896,test_2,Mouse627_20181026_17-29-36_10191-15523,32,29,0.90625,8,0.75,1,25,29,32,0.8620689655172413,0.78125,0.8196721311475409
yolo_sppf_full_lstm896_seed42,lstm,896,42,LSTM-896,test_2,Mouse627_20181026_17-29-36_10191-15523,32,29,0.90625,8,0.75,2,21,28,31,0.75,0.6774193548387096,0.7118644067796611
yolo_sppf_full_lstm896_seed42,lstm,896,42,LSTM-896,test_2,Mouse627_20181026_17-29-36_10191-15523,32,29,0.90625,8,0.75,3,16,27,30,0.5925925925925926,0.5333333333333333,0.5614035087719299
yolo_sppf_full_lstm896_seed42,lstm,896,42,LSTM-896,test_2,Mouse627_20181026_17-29-36_10191-15523,32,29,0.90625,8,0.75,4,11,26,29,0.4230769230769231,0.3793103448275862,0.4
yolo_sppf_full_lstm896_seed43,lstm,896,43,LSTM-896,test_2,Mouse627_20181026_17-29-36_10191-15523,32,23,0.71875,10,0.6875,1,22,23,32,0.9565217391304348,0.6875,0.8
yolo_sppf_full_lstm896_seed43,lstm,896,43,LSTM-896,test_2,Mouse627_20181026_17-29-36_10191-15523,32,23,0.71875,10,0.6875,2,21,22,31,0.9545454545454546,0.6774193548387096,0.7924528301886793
yolo_sppf_full_lstm896_seed43,lstm,896,43,LSTM-896,test_2,Mouse627_20181026_17-29-36_10191-15523,32,23,0.71875,10,0.6875,3,20,21,30,0.9523809523809523,0.6666666666666666,0.7843137254901961
yolo_sppf_full_lstm896_seed43,lstm,896,43,LSTM-896,test_2,Mouse627_20181026_17-29-36_10191-15523,32,23,0.71875,10,0.6875,4,18,20,29,0.9,0.6206896551724138,0.7346938775510204
yolo_sppf_full_lstm896_seed44,lstm,896,44,LSTM-896,test_2,Mouse627_20181026_17-29-36_10191-15523,32,26,0.8125,8,0.75,1,24,26,32,0.9230769230769231,0.75,0.8275862068965517
yolo_sppf_full_lstm896_seed44,lstm,896,44,LSTM-896,test_2,Mouse627_20181026_17-29-36_10191-15523,32,26,0.8125,8,0.75,2,22,25,31,0.88,0.7096774193548387,0.7857142857142856
yolo_sppf_full_lstm896_seed44,lstm,896,44,LSTM-896,test_2,Mouse627_20181026_17-29-36_10191-15523,32,26,0.8125,8,0.75,3,20,24,30,0.8333333333333334,0.6666666666666666,0.7407407407407408
yolo_sppf_full_lstm896_seed44,lstm,896,44,LSTM-896,test_2,Mouse627_20181026_17-29-36_10191-15523,32,26,0.8125,8,0.75,4,18,23,29,0.782608695652174,0.6206896551724138,0.6923076923076923
yolo_sppf_full_attention256_seed42,attention,256,42,Attention-256,test_2,Mouse627_20181026_17-29-36_16209-22286,32,31,0.96875,8,0.75,1,30,31,32,0.967741935483871,0.9375,0.9523809523809523
yolo_sppf_full_attention256_seed42,attention,256,42,Attention-256,test_2,Mouse627_20181026_17-29-36_16209-22286,32,31,0.96875,8,0.75,2,27,30,31,0.9,0.8709677419354839,0.8852459016393444
yolo_sppf_full_attention256_seed42,attention,256,42,Attention-256,test_2,Mouse627_20181026_17-29-36_16209-22286,32,31,0.96875,8,0.75,3,19,29,30,0.6551724137931034,0.6333333333333333,0.6440677966101694
yolo_sppf_full_attention256_seed42,attention,256,42,Attention-256,test_2,Mouse627_20181026_17-29-36_16209-22286,32,31,0.96875,8,0.75,4,14,28,29,0.5,0.4827586206896552,0.49122807017543857
yolo_sppf_full_attention256_seed43,attention,256,43,Attention-256,test_2,Mouse627_20181026_17-29-36_16209-22286,32,34,1.0625,8,0.7647058823529411,1,31,34,32,0.9117647058823529,0.96875,0.9393939393939394
yolo_sppf_full_attention256_seed43,attention,256,43,Attention-256,test_2,Mouse627_20181026_17-29-36_16209-22286,32,34,1.0625,8,0.7647058823529411,2,29,33,31,0.8787878787878788,0.9354838709677419,0.90625
yolo_sppf_full_attention256_seed43,attention,256,43,Attention-256,test_2,Mouse627_20181026_17-29-36_16209-22286,32,34,1.0625,8,0.7647058823529411,3,22,32,30,0.6875,0.7333333333333333,0.7096774193548386
yolo_sppf_full_attention256_seed43,attention,256,43,Attention-256,test_2,Mouse627_20181026_17-29-36_16209-22286,32,34,1.0625,8,0.7647058823529411,4,18,31,29,0.5806451612903226,0.6206896551724138,0.6000000000000001
yolo_sppf_full_attention256_seed44,attention,256,44,Attention-256,test_2,Mouse627_20181026_17-29-36_16209-22286,32,33,1.03125,9,0.7272727272727273,1,30,33,32,0.9090909090909091,0.9375,0.923076923076923
yolo_sppf_full_attention256_seed44,attention,256,44,Attention-256,test_2,Mouse627_20181026_17-29-36_16209-22286,32,33,1.03125,9,0.7272727272727273,2,27,32,31,0.84375,0.8709677419354839,0.8571428571428571
yolo_sppf_full_attention256_seed44,attention,256,44,Attention-256,test_2,Mouse627_20181026_17-29-36_16209-22286,32,33,1.03125,9,0.7272727272727273,3,19,31,30,0.6129032258064516,0.6333333333333333,0.6229508196721313
yolo_sppf_full_attention256_seed44,attention,256,44,Attention-256,test_2,Mouse627_20181026_17-29-36_16209-22286,32,33,1.03125,9,0.7272727272727273,4,14,30,29,0.4666666666666667,0.4827586206896552,0.47457627118644075
yolo_sppf_full_attention512_seed42,attention,512,42,Attention-512,test_2,Mouse627_20181026_17-29-36_16209-22286,32,36,1.125,10,0.7222222222222222,1,31,36,32,0.8611111111111112,0.96875,0.911764705882353
yolo_sppf_full_attention512_seed42,attention,512,42,Attention-512,test_2,Mouse627_20181026_17-29-36_16209-22286,32,36,1.125,10,0.7222222222222222,2,26,35,31,0.7428571428571429,0.8387096774193549,0.787878787878788
yolo_sppf_full_attention512_seed42,attention,512,42,Attention-512,test_2,Mouse627_20181026_17-29-36_16209-22286,32,36,1.125,10,0.7222222222222222,3,18,34,30,0.5294117647058824,0.6,0.5625
yolo_sppf_full_attention512_seed42,attention,512,42,Attention-512,test_2,Mouse627_20181026_17-29-36_16209-22286,32,36,1.125,10,0.7222222222222222,4,15,33,29,0.45454545454545453,0.5172413793103449,0.4838709677419355
yolo_sppf_full_attention512_seed43,attention,512,43,Attention-512,test_2,Mouse627_20181026_17-29-36_16209-22286,32,36,1.125,10,0.7222222222222222,1,31,36,32,0.8611111111111112,0.96875,0.911764705882353
yolo_sppf_full_attention512_seed43,attention,512,43,Attention-512,test_2,Mouse627_20181026_17-29-36_16209-22286,32,36,1.125,10,0.7222222222222222,2,28,35,31,0.8,0.9032258064516129,0.8484848484848486
yolo_sppf_full_attention512_seed43,attention,512,43,Attention-512,test_2,Mouse627_20181026_17-29-36_16209-22286,32,36,1.125,10,0.7222222222222222,3,20,34,30,0.5882352941176471,0.6666666666666666,0.625
yolo_sppf_full_attention512_seed43,attention,512,43,Attention-512,test_2,Mouse627_20181026_17-29-36_16209-22286,32,36,1.125,10,0.7222222222222222,4,16,33,29,0.48484848484848486,0.5517241379310345,0.5161290322580646
yolo_sppf_full_attention512_seed44,attention,512,44,Attention-512,test_2,Mouse627_20181026_17-29-36_16209-22286,32,35,1.09375,9,0.7428571428571429,1,31,35,32,0.8857142857142857,0.96875,0.9253731343283582
yolo_sppf_full_attention512_seed44,attention,512,44,Attention-512,test_2,Mouse627_20181026_17-29-36_16209-22286,32,35,1.09375,9,0.7428571428571429,2,29,34,31,0.8529411764705882,0.9354838709677419,0.8923076923076922
yolo_sppf_full_attention512_seed44,attention,512,44,Attention-512,test_2,Mouse627_20181026_17-29-36_16209-22286,32,35,1.09375,9,0.7428571428571429,3,21,33,30,0.6363636363636364,0.7,0.6666666666666666
yolo_sppf_full_attention512_seed44,attention,512,44,Attention-512,test_2,Mouse627_20181026_17-29-36_16209-22286,32,35,1.09375,9,0.7428571428571429,4,16,32,29,0.5,0.5517241379310345,0.5245901639344263
yolo_sppf_full_attention896_seed42,attention,896,42,Attention-896,test_2,Mouse627_20181026_17-29-36_16209-22286,32,26,0.8125,6,0.8125,1,26,26,32,1.0,0.8125,0.896551724137931
yolo_sppf_full_attention896_seed42,attention,896,42,Attention-896,test_2,Mouse627_20181026_17-29-36_16209-22286,32,26,0.8125,6,0.8125,2,25,25,31,1.0,0.8064516129032258,0.8928571428571428
yolo_sppf_full_attention896_seed42,attention,896,42,Attention-896,test_2,Mouse627_20181026_17-29-36_16209-22286,32,26,0.8125,6,0.8125,3,24,24,30,1.0,0.8,0.888888888888889
yolo_sppf_full_attention896_seed42,attention,896,42,Attention-896,test_2,Mouse627_20181026_17-29-36_16209-22286,32,26,0.8125,6,0.8125,4,22,23,29,0.9565217391304348,0.7586206896551724,0.8461538461538461
yolo_sppf_full_attention896_seed43,attention,896,43,Attention-896,test_2,Mouse627_20181026_17-29-36_16209-22286,32,34,1.0625,8,0.7647058823529411,1,31,34,32,0.9117647058823529,0.96875,0.9393939393939394
yolo_sppf_full_attention896_seed43,attention,896,43,Attention-896,test_2,Mouse627_20181026_17-29-36_16209-22286,32,34,1.0625,8,0.7647058823529411,2,29,33,31,0.8787878787878788,0.9354838709677419,0.90625
yolo_sppf_full_attention896_seed43,attention,896,43,Attention-896,test_2,Mouse627_20181026_17-29-36_16209-22286,32,34,1.0625,8,0.7647058823529411,3,21,32,30,0.65625,0.7,0.6774193548387096
yolo_sppf_full_attention896_seed43,attention,896,43,Attention-896,test_2,Mouse627_20181026_17-29-36_16209-22286,32,34,1.0625,8,0.7647058823529411,4,16,31,29,0.5161290322580645,0.5517241379310345,0.5333333333333333
yolo_sppf_full_attention896_seed44,attention,896,44,Attention-896,test_2,Mouse627_20181026_17-29-36_16209-22286,32,35,1.09375,7,0.8,1,31,35,32,0.8857142857142857,0.96875,0.9253731343283582
yolo_sppf_full_attention896_seed44,attention,896,44,Attention-896,test_2,Mouse627_20181026_17-29-36_16209-22286,32,35,1.09375,7,0.8,2,30,34,31,0.8823529411764706,0.967741935483871,0.923076923076923
yolo_sppf_full_attention896_seed44,attention,896,44,Attention-896,test_2,Mouse627_20181026_17-29-36_16209-22286,32,35,1.09375,7,0.8,3,23,33,30,0.696969696969697,0.7666666666666667,0.7301587301587302
yolo_sppf_full_attention896_seed44,attention,896,44,Attention-896,test_2,Mouse627_20181026_17-29-36_16209-22286,32,35,1.09375,7,0.8,4,17,32,29,0.53125,0.5862068965517241,0.5573770491803278
yolo_sppf_full_lstm256_seed42,lstm,256,42,LSTM-256,test_2,Mouse627_20181026_17-29-36_16209-22286,32,30,0.9375,8,0.75,1,28,30,32,0.9333333333333333,0.875,0.9032258064516129
yolo_sppf_full_lstm256_seed42,lstm,256,42,LSTM-256,test_2,Mouse627_20181026_17-29-36_16209-22286,32,30,0.9375,8,0.75,2,26,29,31,0.896551724137931,0.8387096774193549,0.8666666666666666
yolo_sppf_full_lstm256_seed42,lstm,256,42,LSTM-256,test_2,Mouse627_20181026_17-29-36_16209-22286,32,30,0.9375,8,0.75,3,20,28,30,0.7142857142857143,0.6666666666666666,0.689655172413793
yolo_sppf_full_lstm256_seed42,lstm,256,42,LSTM-256,test_2,Mouse627_20181026_17-29-36_16209-22286,32,30,0.9375,8,0.75,4,17,27,29,0.6296296296296297,0.5862068965517241,0.6071428571428571
yolo_sppf_full_lstm256_seed43,lstm,256,43,LSTM-256,test_2,Mouse627_20181026_17-29-36_16209-22286,32,31,0.96875,7,0.78125,1,30,31,32,0.967741935483871,0.9375,0.9523809523809523
yolo_sppf_full_lstm256_seed43,lstm,256,43,LSTM-256,test_2,Mouse627_20181026_17-29-36_16209-22286,32,31,0.96875,7,0.78125,2,28,30,31,0.9333333333333333,0.9032258064516129,0.9180327868852459
yolo_sppf_full_lstm256_seed43,lstm,256,43,LSTM-256,test_2,Mouse627_20181026_17-29-36_16209-22286,32,31,0.96875,7,0.78125,3,25,29,30,0.8620689655172413,0.8333333333333334,0.847457627118644
yolo_sppf_full_lstm256_seed43,lstm,256,43,LSTM-256,test_2,Mouse627_20181026_17-29-36_16209-22286,32,31,0.96875,7,0.78125,4,24,28,29,0.8571428571428571,0.8275862068965517,0.8421052631578947
yolo_sppf_full_lstm256_seed44,lstm,256,44,LSTM-256,test_2,Mouse627_20181026_17-29-36_16209-22286,32,33,1.03125,9,0.7272727272727273,1,30,33,32,0.9090909090909091,0.9375,0.923076923076923
yolo_sppf_full_lstm256_seed44,lstm,256,44,LSTM-256,test_2,Mouse627_20181026_17-29-36_16209-22286,32,33,1.03125,9,0.7272727272727273,2,27,32,31,0.84375,0.8709677419354839,0.8571428571428571
yolo_sppf_full_lstm256_seed44,lstm,256,44,LSTM-256,test_2,Mouse627_20181026_17-29-36_16209-22286,32,33,1.03125,9,0.7272727272727273,3,19,31,30,0.6129032258064516,0.6333333333333333,0.6229508196721313
yolo_sppf_full_lstm256_seed44,lstm,256,44,LSTM-256,test_2,Mouse627_20181026_17-29-36_16209-22286,32,33,1.03125,9,0.7272727272727273,4,14,30,29,0.4666666666666667,0.4827586206896552,0.47457627118644075
yolo_sppf_full_lstm512_seed42,lstm,512,42,LSTM-512,test_2,Mouse627_20181026_17-29-36_16209-22286,32,35,1.09375,9,0.7428571428571429,1,31,35,32,0.8857142857142857,0.96875,0.9253731343283582
yolo_sppf_full_lstm512_seed42,lstm,512,42,LSTM-512,test_2,Mouse627_20181026_17-29-36_16209-22286,32,35,1.09375,9,0.7428571428571429,2,29,34,31,0.8529411764705882,0.9354838709677419,0.8923076923076922
yolo_sppf_full_lstm512_seed42,lstm,512,42,LSTM-512,test_2,Mouse627_20181026_17-29-36_16209-22286,32,35,1.09375,9,0.7428571428571429,3,21,33,30,0.6363636363636364,0.7,0.6666666666666666
yolo_sppf_full_lstm512_seed42,lstm,512,42,LSTM-512,test_2,Mouse627_20181026_17-29-36_16209-22286,32,35,1.09375,9,0.7428571428571429,4,16,32,29,0.5,0.5517241379310345,0.5245901639344263
yolo_sppf_full_lstm512_seed43,lstm,512,43,LSTM-512,test_2,Mouse627_20181026_17-29-36_16209-22286,32,28,0.875,5,0.84375,1,28,28,32,1.0,0.875,0.9333333333333333
yolo_sppf_full_lstm512_seed43,lstm,512,43,LSTM-512,test_2,Mouse627_20181026_17-29-36_16209-22286,32,28,0.875,5,0.84375,2,27,27,31,1.0,0.8709677419354839,0.9310344827586207
yolo_sppf_full_lstm512_seed43,lstm,512,43,LSTM-512,test_2,Mouse627_20181026_17-29-36_16209-22286,32,28,0.875,5,0.84375,3,26,26,30,1.0,0.8666666666666667,0.9285714285714286
yolo_sppf_full_lstm512_seed43,lstm,512,43,LSTM-512,test_2,Mouse627_20181026_17-29-36_16209-22286,32,28,0.875,5,0.84375,4,24,25,29,0.96,0.8275862068965517,0.888888888888889
yolo_sppf_full_lstm512_seed44,lstm,512,44,LSTM-512,test_2,Mouse627_20181026_17-29-36_16209-22286,32,36,1.125,8,0.7777777777777778,1,31,36,32,0.8611111111111112,0.96875,0.911764705882353
yolo_sppf_full_lstm512_seed44,lstm,512,44,LSTM-512,test_2,Mouse627_20181026_17-29-36_16209-22286,32,36,1.125,8,0.7777777777777778,2,29,35,31,0.8285714285714286,0.9354838709677419,0.8787878787878788
yolo_sppf_full_lstm512_seed44,lstm,512,44,LSTM-512,test_2,Mouse627_20181026_17-29-36_16209-22286,32,36,1.125,8,0.7777777777777778,3,22,34,30,0.6470588235294118,0.7333333333333333,0.6875
yolo_sppf_full_lstm512_seed44,lstm,512,44,LSTM-512,test_2,Mouse627_20181026_17-29-36_16209-22286,32,36,1.125,8,0.7777777777777778,4,17,33,29,0.5151515151515151,0.5862068965517241,0.5483870967741935
yolo_sppf_full_lstm896_seed42,lstm,896,42,LSTM-896,test_2,Mouse627_20181026_17-29-36_16209-22286,32,34,1.0625,8,0.7647058823529411,1,31,34,32,0.9117647058823529,0.96875,0.9393939393939394
yolo_sppf_full_lstm896_seed42,lstm,896,42,LSTM-896,test_2,Mouse627_20181026_17-29-36_16209-22286,32,34,1.0625,8,0.7647058823529411,2,30,33,31,0.9090909090909091,0.967741935483871,0.9374999999999999
yolo_sppf_full_lstm896_seed42,lstm,896,42,LSTM-896,test_2,Mouse627_20181026_17-29-36_16209-22286,32,34,1.0625,8,0.7647058823529411,3,22,32,30,0.6875,0.7333333333333333,0.7096774193548386
yolo_sppf_full_lstm896_seed42,lstm,896,42,LSTM-896,test_2,Mouse627_20181026_17-29-36_16209-22286,32,34,1.0625,8,0.7647058823529411,4,16,31,29,0.5161290322580645,0.5517241379310345,0.5333333333333333
yolo_sppf_full_lstm896_seed43,lstm,896,43,LSTM-896,test_2,Mouse627_20181026_17-29-36_16209-22286,32,35,1.09375,7,0.8,1,31,35,32,0.8857142857142857,0.96875,0.9253731343283582
yolo_sppf_full_lstm896_seed43,lstm,896,43,LSTM-896,test_2,Mouse627_20181026_17-29-36_16209-22286,32,35,1.09375,7,0.8,2,30,34,31,0.8823529411764706,0.967741935483871,0.923076923076923
yolo_sppf_full_lstm896_seed43,lstm,896,43,LSTM-896,test_2,Mouse627_20181026_17-29-36_16209-22286,32,35,1.09375,7,0.8,3,23,33,30,0.696969696969697,0.7666666666666667,0.7301587301587302
yolo_sppf_full_lstm896_seed43,lstm,896,43,LSTM-896,test_2,Mouse627_20181026_17-29-36_16209-22286,32,35,1.09375,7,0.8,4,17,32,29,0.53125,0.5862068965517241,0.5573770491803278
yolo_sppf_full_lstm896_seed44,lstm,896,44,LSTM-896,test_2,Mouse627_20181026_17-29-36_16209-22286,32,35,1.09375,9,0.7428571428571429,1,31,35,32,0.8857142857142857,0.96875,0.9253731343283582
yolo_sppf_full_lstm896_seed44,lstm,896,44,LSTM-896,test_2,Mouse627_20181026_17-29-36_16209-22286,32,35,1.09375,9,0.7428571428571429,2,29,34,31,0.8529411764705882,0.9354838709677419,0.8923076923076922
yolo_sppf_full_lstm896_seed44,lstm,896,44,LSTM-896,test_2,Mouse627_20181026_17-29-36_16209-22286,32,35,1.09375,9,0.7428571428571429,3,21,33,30,0.6363636363636364,0.7,0.6666666666666666
yolo_sppf_full_lstm896_seed44,lstm,896,44,LSTM-896,test_2,Mouse627_20181026_17-29-36_16209-22286,32,35,1.09375,9,0.7428571428571429,4,16,32,29,0.5,0.5517241379310345,0.5245901639344263
yolo_sppf_full_attention256_seed42,attention,256,42,Attention-256,test_2,Mouse630_20181025_18-44-29_01807-21458,76,79,1.0394736842105263,14,0.8227848101265822,1,76,79,76,0.9620253164556962,1.0,0.9806451612903226
yolo_sppf_full_attention256_seed42,attention,256,42,Attention-256,test_2,Mouse630_20181025_18-44-29_01807-21458,76,79,1.0394736842105263,14,0.8227848101265822,2,75,78,75,0.9615384615384616,1.0,0.9803921568627451
yolo_sppf_full_attention256_seed42,attention,256,42,Attention-256,test_2,Mouse630_20181025_18-44-29_01807-21458,76,79,1.0394736842105263,14,0.8227848101265822,3,66,77,74,0.8571428571428571,0.8918918918918919,0.8741721854304636
yolo_sppf_full_attention256_seed42,attention,256,42,Attention-256,test_2,Mouse630_20181025_18-44-29_01807-21458,76,79,1.0394736842105263,14,0.8227848101265822,4,59,76,73,0.7763157894736842,0.8082191780821918,0.7919463087248322
yolo_sppf_full_attention256_seed43,attention,256,43,Attention-256,test_2,Mouse630_20181025_18-44-29_01807-21458,76,83,1.0921052631578947,12,0.8554216867469879,1,76,83,76,0.9156626506024096,1.0,0.9559748427672956
yolo_sppf_full_attention256_seed43,attention,256,43,Attention-256,test_2,Mouse630_20181025_18-44-29_01807-21458,76,83,1.0921052631578947,12,0.8554216867469879,2,75,82,75,0.9146341463414634,1.0,0.9554140127388536
yolo_sppf_full_attention256_seed43,attention,256,43,Attention-256,test_2,Mouse630_20181025_18-44-29_01807-21458,76,83,1.0921052631578947,12,0.8554216867469879,3,70,81,74,0.8641975308641975,0.9459459459459459,0.903225806451613
yolo_sppf_full_attention256_seed43,attention,256,43,Attention-256,test_2,Mouse630_20181025_18-44-29_01807-21458,76,83,1.0921052631578947,12,0.8554216867469879,4,63,80,73,0.7875,0.863013698630137,0.8235294117647058
yolo_sppf_full_attention256_seed44,attention,256,44,Attention-256,test_2,Mouse630_20181025_18-44-29_01807-21458,76,78,1.0263157894736843,11,0.858974358974359,1,76,78,76,0.9743589743589743,1.0,0.9870129870129869
yolo_sppf_full_attention256_seed44,attention,256,44,Attention-256,test_2,Mouse630_20181025_18-44-29_01807-21458,76,78,1.0263157894736843,11,0.858974358974359,2,75,77,75,0.974025974025974,1.0,0.9868421052631579
yolo_sppf_full_attention256_seed44,attention,256,44,Attention-256,test_2,Mouse630_20181025_18-44-29_01807-21458,76,78,1.0263157894736843,11,0.858974358974359,3,67,76,74,0.881578947368421,0.9054054054054054,0.8933333333333332
yolo_sppf_full_attention256_seed44,attention,256,44,Attention-256,test_2,Mouse630_20181025_18-44-29_01807-21458,76,78,1.0263157894736843,11,0.858974358974359,4,60,75,73,0.8,0.821917808219178,0.8108108108108107
yolo_sppf_full_attention512_seed42,attention,512,42,Attention-512,test_2,Mouse630_20181025_18-44-29_01807-21458,76,83,1.0921052631578947,14,0.8313253012048193,1,76,83,76,0.9156626506024096,1.0,0.9559748427672956
yolo_sppf_full_attention512_seed42,attention,512,42,Attention-512,test_2,Mouse630_20181025_18-44-29_01807-21458,76,83,1.0921052631578947,14,0.8313253012048193,2,70,82,75,0.8536585365853658,0.9333333333333333,0.8917197452229298
yolo_sppf_full_attention512_seed42,attention,512,42,Attention-512,test_2,Mouse630_20181025_18-44-29_01807-21458,76,83,1.0921052631578947,14,0.8313253012048193,3,60,81,74,0.7407407407407407,0.8108108108108109,0.7741935483870969
yolo_sppf_full_attention512_seed42,attention,512,42,Attention-512,test_2,Mouse630_20181025_18-44-29_01807-21458,76,83,1.0921052631578947,14,0.8313253012048193,4,54,80,73,0.675,0.7397260273972602,0.7058823529411764
yolo_sppf_full_attention512_seed43,attention,512,43,Attention-512,test_2,Mouse630_20181025_18-44-29_01807-21458,76,84,1.105263157894737,10,0.8809523809523809,1,76,84,76,0.9047619047619048,1.0,0.9500000000000001
yolo_sppf_full_attention512_seed43,attention,512,43,Attention-512,test_2,Mouse630_20181025_18-44-29_01807-21458,76,84,1.105263157894737,10,0.8809523809523809,2,75,83,75,0.9036144578313253,1.0,0.9493670886075949
yolo_sppf_full_attention512_seed43,attention,512,43,Attention-512,test_2,Mouse630_20181025_18-44-29_01807-21458,76,84,1.105263157894737,10,0.8809523809523809,3,67,82,74,0.8170731707317073,0.9054054054054054,0.8589743589743589
yolo_sppf_full_attention512_seed43,attention,512,43,Attention-512,test_2,Mouse630_20181025_18-44-29_01807-21458,76,84,1.105263157894737,10,0.8809523809523809,4,59,81,73,0.7283950617283951,0.8082191780821918,0.7662337662337663
yolo_sppf_full_attention512_seed44,attention,512,44,Attention-512,test_2,Mouse630_20181025_18-44-29_01807-21458,76,76,1.0,11,0.8552631578947368,1,75,76,76,0.9868421052631579,0.9868421052631579,0.9868421052631579
yolo_sppf_full_attention512_seed44,attention,512,44,Attention-512,test_2,Mouse630_20181025_18-44-29_01807-21458,76,76,1.0,11,0.8552631578947368,2,72,75,75,0.96,0.96,0.96
yolo_sppf_full_attention512_seed44,attention,512,44,Attention-512,test_2,Mouse630_20181025_18-44-29_01807-21458,76,76,1.0,11,0.8552631578947368,3,63,74,74,0.8513513513513513,0.8513513513513513,0.8513513513513514
yolo_sppf_full_attention512_seed44,attention,512,44,Attention-512,test_2,Mouse630_20181025_18-44-29_01807-21458,76,76,1.0,11,0.8552631578947368,4,57,73,73,0.7808219178082192,0.7808219178082192,0.7808219178082192
yolo_sppf_full_attention896_seed42,attention,896,42,Attention-896,test_2,Mouse630_20181025_18-44-29_01807-21458,76,78,1.0263157894736843,11,0.858974358974359,1,76,78,76,0.9743589743589743,1.0,0.9870129870129869
yolo_sppf_full_attention896_seed42,attention,896,42,Attention-896,test_2,Mouse630_20181025_18-44-29_01807-21458,76,78,1.0263157894736843,11,0.858974358974359,2,72,77,75,0.935064935064935,0.96,0.9473684210526316
yolo_sppf_full_attention896_seed42,attention,896,42,Attention-896,test_2,Mouse630_20181025_18-44-29_01807-21458,76,78,1.0263157894736843,11,0.858974358974359,3,68,76,74,0.8947368421052632,0.918918918918919,0.9066666666666667
yolo_sppf_full_attention896_seed42,attention,896,42,Attention-896,test_2,Mouse630_20181025_18-44-29_01807-21458,76,78,1.0263157894736843,11,0.858974358974359,4,65,75,73,0.8666666666666667,0.8904109589041096,0.8783783783783784
yolo_sppf_full_attention896_seed43,attention,896,43,Attention-896,test_2,Mouse630_20181025_18-44-29_01807-21458,76,86,1.131578947368421,14,0.8372093023255813,1,76,86,76,0.8837209302325582,1.0,0.9382716049382717
yolo_sppf_full_attention896_seed43,attention,896,43,Attention-896,test_2,Mouse630_20181025_18-44-29_01807-21458,76,86,1.131578947368421,14,0.8372093023255813,2,75,85,75,0.8823529411764706,1.0,0.9375
yolo_sppf_full_attention896_seed43,attention,896,43,Attention-896,test_2,Mouse630_20181025_18-44-29_01807-21458,76,86,1.131578947368421,14,0.8372093023255813,3,69,84,74,0.8214285714285714,0.9324324324324325,0.8734177215189872
yolo_sppf_full_attention896_seed43,attention,896,43,Attention-896,test_2,Mouse630_20181025_18-44-29_01807-21458,76,86,1.131578947368421,14,0.8372093023255813,4,64,83,73,0.7710843373493976,0.8767123287671232,0.8205128205128205
yolo_sppf_full_attention896_seed44,attention,896,44,Attention-896,test_2,Mouse630_20181025_18-44-29_01807-21458,76,83,1.0921052631578947,11,0.8674698795180723,1,76,83,76,0.9156626506024096,1.0,0.9559748427672956
yolo_sppf_full_attention896_seed44,attention,896,44,Attention-896,test_2,Mouse630_20181025_18-44-29_01807-21458,76,83,1.0921052631578947,11,0.8674698795180723,2,75,82,75,0.9146341463414634,1.0,0.9554140127388536
yolo_sppf_full_attention896_seed44,attention,896,44,Attention-896,test_2,Mouse630_20181025_18-44-29_01807-21458,76,83,1.0921052631578947,11,0.8674698795180723,3,68,81,74,0.8395061728395061,0.918918918918919,0.8774193548387097
yolo_sppf_full_attention896_seed44,attention,896,44,Attention-896,test_2,Mouse630_20181025_18-44-29_01807-21458,76,83,1.0921052631578947,11,0.8674698795180723,4,63,80,73,0.7875,0.863013698630137,0.8235294117647058
yolo_sppf_full_lstm256_seed42,lstm,256,42,LSTM-256,test_2,Mouse630_20181025_18-44-29_01807-21458,76,83,1.0921052631578947,10,0.8795180722891567,1,76,83,76,0.9156626506024096,1.0,0.9559748427672956
yolo_sppf_full_lstm256_seed42,lstm,256,42,LSTM-256,test_2,Mouse630_20181025_18-44-29_01807-21458,76,83,1.0921052631578947,10,0.8795180722891567,2,75,82,75,0.9146341463414634,1.0,0.9554140127388536
yolo_sppf_full_lstm256_seed42,lstm,256,42,LSTM-256,test_2,Mouse630_20181025_18-44-29_01807-21458,76,83,1.0921052631578947,10,0.8795180722891567,3,70,81,74,0.8641975308641975,0.9459459459459459,0.903225806451613
yolo_sppf_full_lstm256_seed42,lstm,256,42,LSTM-256,test_2,Mouse630_20181025_18-44-29_01807-21458,76,83,1.0921052631578947,10,0.8795180722891567,4,64,80,73,0.8,0.8767123287671232,0.8366013071895425
yolo_sppf_full_lstm256_seed43,lstm,256,43,LSTM-256,test_2,Mouse630_20181025_18-44-29_01807-21458,76,83,1.0921052631578947,10,0.8795180722891567,1,76,83,76,0.9156626506024096,1.0,0.9559748427672956
yolo_sppf_full_lstm256_seed43,lstm,256,43,LSTM-256,test_2,Mouse630_20181025_18-44-29_01807-21458,76,83,1.0921052631578947,10,0.8795180722891567,2,75,82,75,0.9146341463414634,1.0,0.9554140127388536
yolo_sppf_full_lstm256_seed43,lstm,256,43,LSTM-256,test_2,Mouse630_20181025_18-44-29_01807-21458,76,83,1.0921052631578947,10,0.8795180722891567,3,70,81,74,0.8641975308641975,0.9459459459459459,0.903225806451613
yolo_sppf_full_lstm256_seed43,lstm,256,43,LSTM-256,test_2,Mouse630_20181025_18-44-29_01807-21458,76,83,1.0921052631578947,10,0.8795180722891567,4,64,80,73,0.8,0.8767123287671232,0.8366013071895425
yolo_sppf_full_lstm256_seed44,lstm,256,44,LSTM-256,test_2,Mouse630_20181025_18-44-29_01807-21458,76,84,1.105263157894737,11,0.8690476190476191,1,76,84,76,0.9047619047619048,1.0,0.9500000000000001
yolo_sppf_full_lstm256_seed44,lstm,256,44,LSTM-256,test_2,Mouse630_20181025_18-44-29_01807-21458,76,84,1.105263157894737,11,0.8690476190476191,2,75,83,75,0.9036144578313253,1.0,0.9493670886075949
yolo_sppf_full_lstm256_seed44,lstm,256,44,LSTM-256,test_2,Mouse630_20181025_18-44-29_01807-21458,76,84,1.105263157894737,11,0.8690476190476191,3,72,82,74,0.8780487804878049,0.972972972972973,0.923076923076923
yolo_sppf_full_lstm256_seed44,lstm,256,44,LSTM-256,test_2,Mouse630_20181025_18-44-29_01807-21458,76,84,1.105263157894737,11,0.8690476190476191,4,68,81,73,0.8395061728395061,0.9315068493150684,0.8831168831168831
yolo_sppf_full_lstm512_seed42,lstm,512,42,LSTM-512,test_2,Mouse630_20181025_18-44-29_01807-21458,76,86,1.131578947368421,12,0.8604651162790697,1,76,86,76,0.8837209302325582,1.0,0.9382716049382717
yolo_sppf_full_lstm512_seed42,lstm,512,42,LSTM-512,test_2,Mouse630_20181025_18-44-29_01807-21458,76,86,1.131578947368421,12,0.8604651162790697,2,75,85,75,0.8823529411764706,1.0,0.9375
yolo_sppf_full_lstm512_seed42,lstm,512,42,LSTM-512,test_2,Mouse630_20181025_18-44-29_01807-21458,76,86,1.131578947368421,12,0.8604651162790697,3,71,84,74,0.8452380952380952,0.9594594594594594,0.8987341772151899
yolo_sppf_full_lstm512_seed42,lstm,512,42,LSTM-512,test_2,Mouse630_20181025_18-44-29_01807-21458,76,86,1.131578947368421,12,0.8604651162790697,4,68,83,73,0.8192771084337349,0.9315068493150684,0.8717948717948718
yolo_sppf_full_lstm512_seed43,lstm,512,43,LSTM-512,test_2,Mouse630_20181025_18-44-29_01807-21458,76,86,1.131578947368421,15,0.8255813953488372,1,76,86,76,0.8837209302325582,1.0,0.9382716049382717
yolo_sppf_full_lstm512_seed43,lstm,512,43,LSTM-512,test_2,Mouse630_20181025_18-44-29_01807-21458,76,86,1.131578947368421,15,0.8255813953488372,2,75,85,75,0.8823529411764706,1.0,0.9375
yolo_sppf_full_lstm512_seed43,lstm,512,43,LSTM-512,test_2,Mouse630_20181025_18-44-29_01807-21458,76,86,1.131578947368421,15,0.8255813953488372,3,68,84,74,0.8095238095238095,0.918918918918919,0.860759493670886
yolo_sppf_full_lstm512_seed43,lstm,512,43,LSTM-512,test_2,Mouse630_20181025_18-44-29_01807-21458,76,86,1.131578947368421,15,0.8255813953488372,4,63,83,73,0.7590361445783133,0.863013698630137,0.8076923076923077
yolo_sppf_full_lstm512_seed44,lstm,512,44,LSTM-512,test_2,Mouse630_20181025_18-44-29_01807-21458,76,82,1.0789473684210527,8,0.9024390243902439,1,76,82,76,0.926829268292683,1.0,0.9620253164556963
yolo_sppf_full_lstm512_seed44,lstm,512,44,LSTM-512,test_2,Mouse630_20181025_18-44-29_01807-21458,76,82,1.0789473684210527,8,0.9024390243902439,2,75,81,75,0.9259259259259259,1.0,0.9615384615384615
yolo_sppf_full_lstm512_seed44,lstm,512,44,LSTM-512,test_2,Mouse630_20181025_18-44-29_01807-21458,76,82,1.0789473684210527,8,0.9024390243902439,3,70,80,74,0.875,0.9459459459459459,0.9090909090909091
yolo_sppf_full_lstm512_seed44,lstm,512,44,LSTM-512,test_2,Mouse630_20181025_18-44-29_01807-21458,76,82,1.0789473684210527,8,0.9024390243902439,4,66,79,73,0.8354430379746836,0.9041095890410958,0.8684210526315789
yolo_sppf_full_lstm896_seed42,lstm,896,42,LSTM-896,test_2,Mouse630_20181025_18-44-29_01807-21458,76,88,1.1578947368421053,16,0.8181818181818181,1,76,88,76,0.8636363636363636,1.0,0.9268292682926829
yolo_sppf_full_lstm896_seed42,lstm,896,42,LSTM-896,test_2,Mouse630_20181025_18-44-29_01807-21458,76,88,1.1578947368421053,16,0.8181818181818181,2,75,87,75,0.8620689655172413,1.0,0.9259259259259259
yolo_sppf_full_lstm896_seed42,lstm,896,42,LSTM-896,test_2,Mouse630_20181025_18-44-29_01807-21458,76,88,1.1578947368421053,16,0.8181818181818181,3,70,86,74,0.813953488372093,0.9459459459459459,0.875
yolo_sppf_full_lstm896_seed42,lstm,896,42,LSTM-896,test_2,Mouse630_20181025_18-44-29_01807-21458,76,88,1.1578947368421053,16,0.8181818181818181,4,66,85,73,0.7764705882352941,0.9041095890410958,0.8354430379746836
yolo_sppf_full_lstm896_seed43,lstm,896,43,LSTM-896,test_2,Mouse630_20181025_18-44-29_01807-21458,76,88,1.1578947368421053,14,0.8409090909090909,1,76,88,76,0.8636363636363636,1.0,0.9268292682926829
yolo_sppf_full_lstm896_seed43,lstm,896,43,LSTM-896,test_2,Mouse630_20181025_18-44-29_01807-21458,76,88,1.1578947368421053,14,0.8409090909090909,2,75,87,75,0.8620689655172413,1.0,0.9259259259259259
yolo_sppf_full_lstm896_seed43,lstm,896,43,LSTM-896,test_2,Mouse630_20181025_18-44-29_01807-21458,76,88,1.1578947368421053,14,0.8409090909090909,3,74,86,74,0.8604651162790697,1.0,0.9249999999999999
yolo_sppf_full_lstm896_seed43,lstm,896,43,LSTM-896,test_2,Mouse630_20181025_18-44-29_01807-21458,76,88,1.1578947368421053,14,0.8409090909090909,4,71,85,73,0.8352941176470589,0.9726027397260274,0.8987341772151899
yolo_sppf_full_lstm896_seed44,lstm,896,44,LSTM-896,test_2,Mouse630_20181025_18-44-29_01807-21458,76,88,1.1578947368421053,14,0.8409090909090909,1,76,88,76,0.8636363636363636,1.0,0.9268292682926829
yolo_sppf_full_lstm896_seed44,lstm,896,44,LSTM-896,test_2,Mouse630_20181025_18-44-29_01807-21458,76,88,1.1578947368421053,14,0.8409090909090909,2,75,87,75,0.8620689655172413,1.0,0.9259259259259259
yolo_sppf_full_lstm896_seed44,lstm,896,44,LSTM-896,test_2,Mouse630_20181025_18-44-29_01807-21458,76,88,1.1578947368421053,14,0.8409090909090909,3,74,86,74,0.8604651162790697,1.0,0.9249999999999999
yolo_sppf_full_lstm896_seed44,lstm,896,44,LSTM-896,test_2,Mouse630_20181025_18-44-29_01807-21458,76,88,1.1578947368421053,14,0.8409090909090909,4,71,85,73,0.8352941176470589,0.9726027397260274,0.8987341772151899
yolo_sppf_full_attention256_seed42,attention,256,42,Attention-256,test_2,Mouse630_20181025_18-44-29_21460-30528,33,39,1.1818181818181819,7,0.8205128205128205,1,33,39,33,0.8461538461538461,1.0,0.9166666666666666
yolo_sppf_full_attention256_seed42,attention,256,42,Attention-256,test_2,Mouse630_20181025_18-44-29_21460-30528,33,39,1.1818181818181819,7,0.8205128205128205,2,31,38,32,0.8157894736842105,0.96875,0.8857142857142857
yolo_sppf_full_attention256_seed42,attention,256,42,Attention-256,test_2,Mouse630_20181025_18-44-29_21460-30528,33,39,1.1818181818181819,7,0.8205128205128205,3,29,37,31,0.7837837837837838,0.9354838709677419,0.8529411764705881
yolo_sppf_full_attention256_seed42,attention,256,42,Attention-256,test_2,Mouse630_20181025_18-44-29_21460-30528,33,39,1.1818181818181819,7,0.8205128205128205,4,24,36,30,0.6666666666666666,0.8,0.7272727272727272
yolo_sppf_full_attention256_seed43,attention,256,43,Attention-256,test_2,Mouse630_20181025_18-44-29_21460-30528,33,41,1.2424242424242424,9,0.7804878048780488,1,33,41,33,0.8048780487804879,1.0,0.8918918918918919
yolo_sppf_full_attention256_seed43,attention,256,43,Attention-256,test_2,Mouse630_20181025_18-44-29_21460-30528,33,41,1.2424242424242424,9,0.7804878048780488,2,32,40,32,0.8,1.0,0.888888888888889
yolo_sppf_full_attention256_seed43,attention,256,43,Attention-256,test_2,Mouse630_20181025_18-44-29_21460-30528,33,41,1.2424242424242424,9,0.7804878048780488,3,31,39,31,0.7948717948717948,1.0,0.8857142857142858
yolo_sppf_full_attention256_seed43,attention,256,43,Attention-256,test_2,Mouse630_20181025_18-44-29_21460-30528,33,41,1.2424242424242424,9,0.7804878048780488,4,26,38,30,0.6842105263157895,0.8666666666666667,0.7647058823529413
yolo_sppf_full_attention256_seed44,attention,256,44,Attention-256,test_2,Mouse630_20181025_18-44-29_21460-30528,33,40,1.2121212121212122,8,0.8,1,33,40,33,0.825,1.0,0.9041095890410958
yolo_sppf_full_attention256_seed44,attention,256,44,Attention-256,test_2,Mouse630_20181025_18-44-29_21460-30528,33,40,1.2121212121212122,8,0.8,2,31,39,32,0.7948717948717948,0.96875,0.8732394366197183
yolo_sppf_full_attention256_seed44,attention,256,44,Attention-256,test_2,Mouse630_20181025_18-44-29_21460-30528,33,40,1.2121212121212122,8,0.8,3,29,38,31,0.7631578947368421,0.9354838709677419,0.8405797101449276
yolo_sppf_full_attention256_seed44,attention,256,44,Attention-256,test_2,Mouse630_20181025_18-44-29_21460-30528,33,40,1.2121212121212122,8,0.8,4,24,37,30,0.6486486486486487,0.8,0.7164179104477612
yolo_sppf_full_attention512_seed42,attention,512,42,Attention-512,test_2,Mouse630_20181025_18-44-29_21460-30528,33,43,1.303030303030303,11,0.7441860465116279,1,33,43,33,0.7674418604651163,1.0,0.868421052631579
yolo_sppf_full_attention512_seed42,attention,512,42,Attention-512,test_2,Mouse630_20181025_18-44-29_21460-30528,33,43,1.303030303030303,11,0.7441860465116279,2,32,42,32,0.7619047619047619,1.0,0.8648648648648648
yolo_sppf_full_attention512_seed42,attention,512,42,Attention-512,test_2,Mouse630_20181025_18-44-29_21460-30528,33,43,1.303030303030303,11,0.7441860465116279,3,28,41,31,0.6829268292682927,0.9032258064516129,0.7777777777777778
yolo_sppf_full_attention512_seed42,attention,512,42,Attention-512,test_2,Mouse630_20181025_18-44-29_21460-30528,33,43,1.303030303030303,11,0.7441860465116279,4,26,40,30,0.65,0.8666666666666667,0.7428571428571429
yolo_sppf_full_attention512_seed43,attention,512,43,Attention-512,test_2,Mouse630_20181025_18-44-29_21460-30528,33,43,1.303030303030303,11,0.7441860465116279,1,33,43,33,0.7674418604651163,1.0,0.868421052631579
yolo_sppf_full_attention512_seed43,attention,512,43,Attention-512,test_2,Mouse630_20181025_18-44-29_21460-30528,33,43,1.303030303030303,11,0.7441860465116279,2,32,42,32,0.7619047619047619,1.0,0.8648648648648648
yolo_sppf_full_attention512_seed43,attention,512,43,Attention-512,test_2,Mouse630_20181025_18-44-29_21460-30528,33,43,1.303030303030303,11,0.7441860465116279,3,31,41,31,0.7560975609756098,1.0,0.8611111111111112
yolo_sppf_full_attention512_seed43,attention,512,43,Attention-512,test_2,Mouse630_20181025_18-44-29_21460-30528,33,43,1.303030303030303,11,0.7441860465116279,4,25,40,30,0.625,0.8333333333333334,0.7142857142857143
yolo_sppf_full_attention512_seed44,attention,512,44,Attention-512,test_2,Mouse630_20181025_18-44-29_21460-30528,33,39,1.1818181818181819,7,0.8205128205128205,1,33,39,33,0.8461538461538461,1.0,0.9166666666666666
yolo_sppf_full_attention512_seed44,attention,512,44,Attention-512,test_2,Mouse630_20181025_18-44-29_21460-30528,33,39,1.1818181818181819,7,0.8205128205128205,2,31,38,32,0.8157894736842105,0.96875,0.8857142857142857
yolo_sppf_full_attention512_seed44,attention,512,44,Attention-512,test_2,Mouse630_20181025_18-44-29_21460-30528,33,39,1.1818181818181819,7,0.8205128205128205,3,29,37,31,0.7837837837837838,0.9354838709677419,0.8529411764705881
yolo_sppf_full_attention512_seed44,attention,512,44,Attention-512,test_2,Mouse630_20181025_18-44-29_21460-30528,33,39,1.1818181818181819,7,0.8205128205128205,4,25,36,30,0.6944444444444444,0.8333333333333334,0.7575757575757577
yolo_sppf_full_attention896_seed42,attention,896,42,Attention-896,test_2,Mouse630_20181025_18-44-29_21460-30528,33,36,1.0909090909090908,6,0.8333333333333334,1,33,36,33,0.9166666666666666,1.0,0.9565217391304348
yolo_sppf_full_attention896_seed42,attention,896,42,Attention-896,test_2,Mouse630_20181025_18-44-29_21460-30528,33,36,1.0909090909090908,6,0.8333333333333334,2,29,35,32,0.8285714285714286,0.90625,0.8656716417910447
yolo_sppf_full_attention896_seed42,attention,896,42,Attention-896,test_2,Mouse630_20181025_18-44-29_21460-30528,33,36,1.0909090909090908,6,0.8333333333333334,3,26,34,31,0.7647058823529411,0.8387096774193549,0.7999999999999999
yolo_sppf_full_attention896_seed42,attention,896,42,Attention-896,test_2,Mouse630_20181025_18-44-29_21460-30528,33,36,1.0909090909090908,6,0.8333333333333334,4,22,33,30,0.6666666666666666,0.7333333333333333,0.6984126984126984
yolo_sppf_full_attention896_seed43,attention,896,43,Attention-896,test_2,Mouse630_20181025_18-44-29_21460-30528,33,49,1.4848484848484849,16,0.6734693877551021,1,33,49,33,0.673469387755102,1.0,0.8048780487804877
yolo_sppf_full_attention896_seed43,attention,896,43,Attention-896,test_2,Mouse630_20181025_18-44-29_21460-30528,33,49,1.4848484848484849,16,0.6734693877551021,2,32,48,32,0.6666666666666666,1.0,0.8
yolo_sppf_full_attention896_seed43,attention,896,43,Attention-896,test_2,Mouse630_20181025_18-44-29_21460-30528,33,49,1.4848484848484849,16,0.6734693877551021,3,31,47,31,0.6595744680851063,1.0,0.7948717948717948
yolo_sppf_full_attention896_seed43,attention,896,43,Attention-896,test_2,Mouse630_20181025_18-44-29_21460-30528,33,49,1.4848484848484849,16,0.6734693877551021,4,27,46,30,0.5869565217391305,0.9,0.7105263157894737
yolo_sppf_full_attention896_seed44,attention,896,44,Attention-896,test_2,Mouse630_20181025_18-44-29_21460-30528,33,42,1.2727272727272727,10,0.7619047619047619,1,33,42,33,0.7857142857142857,1.0,0.88
yolo_sppf_full_attention896_seed44,attention,896,44,Attention-896,test_2,Mouse630_20181025_18-44-29_21460-30528,33,42,1.2727272727272727,10,0.7619047619047619,2,32,41,32,0.7804878048780488,1.0,0.8767123287671234
yolo_sppf_full_attention896_seed44,attention,896,44,Attention-896,test_2,Mouse630_20181025_18-44-29_21460-30528,33,42,1.2727272727272727,10,0.7619047619047619,3,31,40,31,0.775,1.0,0.8732394366197184
yolo_sppf_full_attention896_seed44,attention,896,44,Attention-896,test_2,Mouse630_20181025_18-44-29_21460-30528,33,42,1.2727272727272727,10,0.7619047619047619,4,26,39,30,0.6666666666666666,0.8666666666666667,0.7536231884057971
yolo_sppf_full_lstm256_seed42,lstm,256,42,LSTM-256,test_2,Mouse630_20181025_18-44-29_21460-30528,33,39,1.1818181818181819,10,0.7435897435897436,1,33,39,33,0.8461538461538461,1.0,0.9166666666666666
yolo_sppf_full_lstm256_seed42,lstm,256,42,LSTM-256,test_2,Mouse630_20181025_18-44-29_21460-30528,33,39,1.1818181818181819,10,0.7435897435897436,2,30,38,32,0.7894736842105263,0.9375,0.8571428571428572
yolo_sppf_full_lstm256_seed42,lstm,256,42,LSTM-256,test_2,Mouse630_20181025_18-44-29_21460-30528,33,39,1.1818181818181819,10,0.7435897435897436,3,24,37,31,0.6486486486486487,0.7741935483870968,0.7058823529411764
yolo_sppf_full_lstm256_seed42,lstm,256,42,LSTM-256,test_2,Mouse630_20181025_18-44-29_21460-30528,33,39,1.1818181818181819,10,0.7435897435897436,4,19,36,30,0.5277777777777778,0.6333333333333333,0.5757575757575758
yolo_sppf_full_lstm256_seed43,lstm,256,43,LSTM-256,test_2,Mouse630_20181025_18-44-29_21460-30528,33,37,1.121212121212121,6,0.8378378378378378,1,33,37,33,0.8918918918918919,1.0,0.9428571428571428
yolo_sppf_full_lstm256_seed43,lstm,256,43,LSTM-256,test_2,Mouse630_20181025_18-44-29_21460-30528,33,37,1.121212121212121,6,0.8378378378378378,2,32,36,32,0.8888888888888888,1.0,0.9411764705882353
yolo_sppf_full_lstm256_seed43,lstm,256,43,LSTM-256,test_2,Mouse630_20181025_18-44-29_21460-30528,33,37,1.121212121212121,6,0.8378378378378378,3,26,35,31,0.7428571428571429,0.8387096774193549,0.787878787878788
yolo_sppf_full_lstm256_seed43,lstm,256,43,LSTM-256,test_2,Mouse630_20181025_18-44-29_21460-30528,33,37,1.121212121212121,6,0.8378378378378378,4,19,34,30,0.5588235294117647,0.6333333333333333,0.59375
yolo_sppf_full_lstm256_seed44,lstm,256,44,LSTM-256,test_2,Mouse630_20181025_18-44-29_21460-30528,33,41,1.2424242424242424,10,0.7560975609756098,1,33,41,33,0.8048780487804879,1.0,0.8918918918918919
yolo_sppf_full_lstm256_seed44,lstm,256,44,LSTM-256,test_2,Mouse630_20181025_18-44-29_21460-30528,33,41,1.2424242424242424,10,0.7560975609756098,2,30,40,32,0.75,0.9375,0.8333333333333334
yolo_sppf_full_lstm256_seed44,lstm,256,44,LSTM-256,test_2,Mouse630_20181025_18-44-29_21460-30528,33,41,1.2424242424242424,10,0.7560975609756098,3,27,39,31,0.6923076923076923,0.8709677419354839,0.7714285714285716
yolo_sppf_full_lstm256_seed44,lstm,256,44,LSTM-256,test_2,Mouse630_20181025_18-44-29_21460-30528,33,41,1.2424242424242424,10,0.7560975609756098,4,21,38,30,0.5526315789473685,0.7,0.6176470588235295
yolo_sppf_full_lstm512_seed42,lstm,512,42,LSTM-512,test_2,Mouse630_20181025_18-44-29_21460-30528,33,42,1.2727272727272727,11,0.7380952380952381,1,33,42,33,0.7857142857142857,1.0,0.88
yolo_sppf_full_lstm512_seed42,lstm,512,42,LSTM-512,test_2,Mouse630_20181025_18-44-29_21460-30528,33,42,1.2727272727272727,11,0.7380952380952381,2,30,41,32,0.7317073170731707,0.9375,0.821917808219178
yolo_sppf_full_lstm512_seed42,lstm,512,42,LSTM-512,test_2,Mouse630_20181025_18-44-29_21460-30528,33,42,1.2727272727272727,11,0.7380952380952381,3,28,40,31,0.7,0.9032258064516129,0.7887323943661972
yolo_sppf_full_lstm512_seed42,lstm,512,42,LSTM-512,test_2,Mouse630_20181025_18-44-29_21460-30528,33,42,1.2727272727272727,11,0.7380952380952381,4,22,39,30,0.5641025641025641,0.7333333333333333,0.6376811594202899
yolo_sppf_full_lstm512_seed43,lstm,512,43,LSTM-512,test_2,Mouse630_20181025_18-44-29_21460-30528,33,35,1.0606060606060606,4,0.8857142857142857,1,33,35,33,0.9428571428571428,1.0,0.9705882352941176
yolo_sppf_full_lstm512_seed43,lstm,512,43,LSTM-512,test_2,Mouse630_20181025_18-44-29_21460-30528,33,35,1.0606060606060606,4,0.8857142857142857,2,32,34,32,0.9411764705882353,1.0,0.9696969696969697
yolo_sppf_full_lstm512_seed43,lstm,512,43,LSTM-512,test_2,Mouse630_20181025_18-44-29_21460-30528,33,35,1.0606060606060606,4,0.8857142857142857,3,27,33,31,0.8181818181818182,0.8709677419354839,0.84375
yolo_sppf_full_lstm512_seed43,lstm,512,43,LSTM-512,test_2,Mouse630_20181025_18-44-29_21460-30528,33,35,1.0606060606060606,4,0.8857142857142857,4,22,32,30,0.6875,0.7333333333333333,0.7096774193548386
yolo_sppf_full_lstm512_seed44,lstm,512,44,LSTM-512,test_2,Mouse630_20181025_18-44-29_21460-30528,33,42,1.2727272727272727,10,0.7619047619047619,1,33,42,33,0.7857142857142857,1.0,0.88
yolo_sppf_full_lstm512_seed44,lstm,512,44,LSTM-512,test_2,Mouse630_20181025_18-44-29_21460-30528,33,42,1.2727272727272727,10,0.7619047619047619,2,30,41,32,0.7317073170731707,0.9375,0.821917808219178
yolo_sppf_full_lstm512_seed44,lstm,512,44,LSTM-512,test_2,Mouse630_20181025_18-44-29_21460-30528,33,42,1.2727272727272727,10,0.7619047619047619,3,28,40,31,0.7,0.9032258064516129,0.7887323943661972
yolo_sppf_full_lstm512_seed44,lstm,512,44,LSTM-512,test_2,Mouse630_20181025_18-44-29_21460-30528,33,42,1.2727272727272727,10,0.7619047619047619,4,22,39,30,0.5641025641025641,0.7333333333333333,0.6376811594202899
yolo_sppf_full_lstm896_seed42,lstm,896,42,LSTM-896,test_2,Mouse630_20181025_18-44-29_21460-30528,33,40,1.2121212121212122,11,0.725,1,33,40,33,0.825,1.0,0.9041095890410958
yolo_sppf_full_lstm896_seed42,lstm,896,42,LSTM-896,test_2,Mouse630_20181025_18-44-29_21460-30528,33,40,1.2121212121212122,11,0.725,2,30,39,32,0.7692307692307693,0.9375,0.8450704225352113
yolo_sppf_full_lstm896_seed42,lstm,896,42,LSTM-896,test_2,Mouse630_20181025_18-44-29_21460-30528,33,40,1.2121212121212122,11,0.725,3,26,38,31,0.6842105263157895,0.8387096774193549,0.7536231884057972
yolo_sppf_full_lstm896_seed42,lstm,896,42,LSTM-896,test_2,Mouse630_20181025_18-44-29_21460-30528,33,40,1.2121212121212122,11,0.725,4,20,37,30,0.5405405405405406,0.6666666666666666,0.5970149253731343
yolo_sppf_full_lstm896_seed43,lstm,896,43,LSTM-896,test_2,Mouse630_20181025_18-44-29_21460-30528,33,41,1.2424242424242424,9,0.7804878048780488,1,33,41,33,0.8048780487804879,1.0,0.8918918918918919
yolo_sppf_full_lstm896_seed43,lstm,896,43,LSTM-896,test_2,Mouse630_20181025_18-44-29_21460-30528,33,41,1.2424242424242424,9,0.7804878048780488,2,31,40,32,0.775,0.96875,0.8611111111111113
yolo_sppf_full_lstm896_seed43,lstm,896,43,LSTM-896,test_2,Mouse630_20181025_18-44-29_21460-30528,33,41,1.2424242424242424,9,0.7804878048780488,3,29,39,31,0.7435897435897436,0.9354838709677419,0.8285714285714285
yolo_sppf_full_lstm896_seed43,lstm,896,43,LSTM-896,test_2,Mouse630_20181025_18-44-29_21460-30528,33,41,1.2424242424242424,9,0.7804878048780488,4,25,38,30,0.6578947368421053,0.8333333333333334,0.7352941176470588
yolo_sppf_full_lstm896_seed44,lstm,896,44,LSTM-896,test_2,Mouse630_20181025_18-44-29_21460-30528,33,41,1.2424242424242424,9,0.7804878048780488,1,33,41,33,0.8048780487804879,1.0,0.8918918918918919
yolo_sppf_full_lstm896_seed44,lstm,896,44,LSTM-896,test_2,Mouse630_20181025_18-44-29_21460-30528,33,41,1.2424242424242424,9,0.7804878048780488,2,29,40,32,0.725,0.90625,0.8055555555555555
yolo_sppf_full_lstm896_seed44,lstm,896,44,LSTM-896,test_2,Mouse630_20181025_18-44-29_21460-30528,33,41,1.2424242424242424,9,0.7804878048780488,3,26,39,31,0.6666666666666666,0.8387096774193549,0.7428571428571428
yolo_sppf_full_lstm896_seed44,lstm,896,44,LSTM-896,test_2,Mouse630_20181025_18-44-29_21460-30528,33,41,1.2424242424242424,9,0.7804878048780488,4,21,38,30,0.5526315789473685,0.7,0.6176470588235295
yolo_sppf_full_attention256_seed42,attention,256,42,Attention-256,test_2,Mouse835-female_20200325_18-28-49_10767-24391,49,43,0.8775510204081632,8,0.8367346938775511,1,41,43,49,0.9534883720930233,0.8367346938775511,0.8913043478260869
yolo_sppf_full_attention256_seed42,attention,256,42,Attention-256,test_2,Mouse835-female_20200325_18-28-49_10767-24391,49,43,0.8775510204081632,8,0.8367346938775511,2,38,42,48,0.9047619047619048,0.7916666666666666,0.8444444444444444
yolo_sppf_full_attention256_seed42,attention,256,42,Attention-256,test_2,Mouse835-female_20200325_18-28-49_10767-24391,49,43,0.8775510204081632,8,0.8367346938775511,3,35,41,47,0.8536585365853658,0.7446808510638298,0.7954545454545454
yolo_sppf_full_attention256_seed42,attention,256,42,Attention-256,test_2,Mouse835-female_20200325_18-28-49_10767-24391,49,43,0.8775510204081632,8,0.8367346938775511,4,32,40,46,0.8,0.6956521739130435,0.7441860465116279
yolo_sppf_full_attention256_seed43,attention,256,43,Attention-256,test_2,Mouse835-female_20200325_18-28-49_10767-24391,49,38,0.7755102040816326,12,0.7551020408163265,1,37,38,49,0.9736842105263158,0.7551020408163265,0.8505747126436782
yolo_sppf_full_attention256_seed43,attention,256,43,Attention-256,test_2,Mouse835-female_20200325_18-28-49_10767-24391,49,38,0.7755102040816326,12,0.7551020408163265,2,35,37,48,0.9459459459459459,0.7291666666666666,0.8235294117647058
yolo_sppf_full_attention256_seed43,attention,256,43,Attention-256,test_2,Mouse835-female_20200325_18-28-49_10767-24391,49,38,0.7755102040816326,12,0.7551020408163265,3,33,36,47,0.9166666666666666,0.7021276595744681,0.7951807228915662
yolo_sppf_full_attention256_seed43,attention,256,43,Attention-256,test_2,Mouse835-female_20200325_18-28-49_10767-24391,49,38,0.7755102040816326,12,0.7551020408163265,4,31,35,46,0.8857142857142857,0.6739130434782609,0.7654320987654321
yolo_sppf_full_attention256_seed44,attention,256,44,Attention-256,test_2,Mouse835-female_20200325_18-28-49_10767-24391,49,44,0.8979591836734694,7,0.8571428571428572,1,42,44,49,0.9545454545454546,0.8571428571428571,0.9032258064516128
yolo_sppf_full_attention256_seed44,attention,256,44,Attention-256,test_2,Mouse835-female_20200325_18-28-49_10767-24391,49,44,0.8979591836734694,7,0.8571428571428572,2,39,43,48,0.9069767441860465,0.8125,0.8571428571428572
yolo_sppf_full_attention256_seed44,attention,256,44,Attention-256,test_2,Mouse835-female_20200325_18-28-49_10767-24391,49,44,0.8979591836734694,7,0.8571428571428572,3,36,42,47,0.8571428571428571,0.7659574468085106,0.8089887640449439
yolo_sppf_full_attention256_seed44,attention,256,44,Attention-256,test_2,Mouse835-female_20200325_18-28-49_10767-24391,49,44,0.8979591836734694,7,0.8571428571428572,4,33,41,46,0.8048780487804879,0.717391304347826,0.7586206896551724
yolo_sppf_full_attention512_seed42,attention,512,42,Attention-512,test_2,Mouse835-female_20200325_18-28-49_10767-24391,49,48,0.9795918367346939,13,0.7346938775510203,1,42,48,49,0.875,0.8571428571428571,0.8659793814432989
yolo_sppf_full_attention512_seed42,attention,512,42,Attention-512,test_2,Mouse835-female_20200325_18-28-49_10767-24391,49,48,0.9795918367346939,13,0.7346938775510203,2,35,47,48,0.7446808510638298,0.7291666666666666,0.7368421052631579
yolo_sppf_full_attention512_seed42,attention,512,42,Attention-512,test_2,Mouse835-female_20200325_18-28-49_10767-24391,49,48,0.9795918367346939,13,0.7346938775510203,3,32,46,47,0.6956521739130435,0.6808510638297872,0.6881720430107526
yolo_sppf_full_attention512_seed42,attention,512,42,Attention-512,test_2,Mouse835-female_20200325_18-28-49_10767-24391,49,48,0.9795918367346939,13,0.7346938775510203,4,29,45,46,0.6444444444444445,0.6304347826086957,0.6373626373626373
yolo_sppf_full_attention512_seed43,attention,512,43,Attention-512,test_2,Mouse835-female_20200325_18-28-49_10767-24391,49,37,0.7551020408163265,13,0.7346938775510203,1,36,37,49,0.972972972972973,0.7346938775510204,0.8372093023255813
yolo_sppf_full_attention512_seed43,attention,512,43,Attention-512,test_2,Mouse835-female_20200325_18-28-49_10767-24391,49,37,0.7551020408163265,13,0.7346938775510203,2,34,36,48,0.9444444444444444,0.7083333333333334,0.8095238095238096
yolo_sppf_full_attention512_seed43,attention,512,43,Attention-512,test_2,Mouse835-female_20200325_18-28-49_10767-24391,49,37,0.7551020408163265,13,0.7346938775510203,3,32,35,47,0.9142857142857143,0.6808510638297872,0.7804878048780487
yolo_sppf_full_attention512_seed43,attention,512,43,Attention-512,test_2,Mouse835-female_20200325_18-28-49_10767-24391,49,37,0.7551020408163265,13,0.7346938775510203,4,30,34,46,0.8823529411764706,0.6521739130434783,0.75
yolo_sppf_full_attention512_seed44,attention,512,44,Attention-512,test_2,Mouse835-female_20200325_18-28-49_10767-24391,49,43,0.8775510204081632,8,0.8367346938775511,1,41,43,49,0.9534883720930233,0.8367346938775511,0.8913043478260869
yolo_sppf_full_attention512_seed44,attention,512,44,Attention-512,test_2,Mouse835-female_20200325_18-28-49_10767-24391,49,43,0.8775510204081632,8,0.8367346938775511,2,38,42,48,0.9047619047619048,0.7916666666666666,0.8444444444444444
yolo_sppf_full_attention512_seed44,attention,512,44,Attention-512,test_2,Mouse835-female_20200325_18-28-49_10767-24391,49,43,0.8775510204081632,8,0.8367346938775511,3,35,41,47,0.8536585365853658,0.7446808510638298,0.7954545454545454
yolo_sppf_full_attention512_seed44,attention,512,44,Attention-512,test_2,Mouse835-female_20200325_18-28-49_10767-24391,49,43,0.8775510204081632,8,0.8367346938775511,4,32,40,46,0.8,0.6956521739130435,0.7441860465116279
yolo_sppf_full_attention896_seed42,attention,896,42,Attention-896,test_2,Mouse835-female_20200325_18-28-49_10767-24391,49,42,0.8571428571428571,9,0.8163265306122449,1,40,42,49,0.9523809523809523,0.8163265306122449,0.8791208791208791
yolo_sppf_full_attention896_seed42,attention,896,42,Attention-896,test_2,Mouse835-female_20200325_18-28-49_10767-24391,49,42,0.8571428571428571,9,0.8163265306122449,2,38,41,48,0.926829268292683,0.7916666666666666,0.8539325842696629
yolo_sppf_full_attention896_seed42,attention,896,42,Attention-896,test_2,Mouse835-female_20200325_18-28-49_10767-24391,49,42,0.8571428571428571,9,0.8163265306122449,3,36,40,47,0.9,0.7659574468085106,0.8275862068965516
yolo_sppf_full_attention896_seed42,attention,896,42,Attention-896,test_2,Mouse835-female_20200325_18-28-49_10767-24391,49,42,0.8571428571428571,9,0.8163265306122449,4,33,39,46,0.8461538461538461,0.717391304347826,0.776470588235294
yolo_sppf_full_attention896_seed43,attention,896,43,Attention-896,test_2,Mouse835-female_20200325_18-28-49_10767-24391,49,39,0.7959183673469388,11,0.7755102040816326,1,38,39,49,0.9743589743589743,0.7755102040816326,0.8636363636363635
yolo_sppf_full_attention896_seed43,attention,896,43,Attention-896,test_2,Mouse835-female_20200325_18-28-49_10767-24391,49,39,0.7959183673469388,11,0.7755102040816326,2,36,38,48,0.9473684210526315,0.75,0.8372093023255814
yolo_sppf_full_attention896_seed43,attention,896,43,Attention-896,test_2,Mouse835-female_20200325_18-28-49_10767-24391,49,39,0.7959183673469388,11,0.7755102040816326,3,34,37,47,0.918918918918919,0.723404255319149,0.8095238095238095
yolo_sppf_full_attention896_seed43,attention,896,43,Attention-896,test_2,Mouse835-female_20200325_18-28-49_10767-24391,49,39,0.7959183673469388,11,0.7755102040816326,4,32,36,46,0.8888888888888888,0.6956521739130435,0.7804878048780488
yolo_sppf_full_attention896_seed44,attention,896,44,Attention-896,test_2,Mouse835-female_20200325_18-28-49_10767-24391,49,42,0.8571428571428571,9,0.8163265306122449,1,41,42,49,0.9761904761904762,0.8367346938775511,0.9010989010989012
yolo_sppf_full_attention896_seed44,attention,896,44,Attention-896,test_2,Mouse835-female_20200325_18-28-49_10767-24391,49,42,0.8571428571428571,9,0.8163265306122449,2,39,41,48,0.9512195121951219,0.8125,0.8764044943820225
yolo_sppf_full_attention896_seed44,attention,896,44,Attention-896,test_2,Mouse835-female_20200325_18-28-49_10767-24391,49,42,0.8571428571428571,9,0.8163265306122449,3,36,40,47,0.9,0.7659574468085106,0.8275862068965516
yolo_sppf_full_attention896_seed44,attention,896,44,Attention-896,test_2,Mouse835-female_20200325_18-28-49_10767-24391,49,42,0.8571428571428571,9,0.8163265306122449,4,33,39,46,0.8461538461538461,0.717391304347826,0.776470588235294
yolo_sppf_full_lstm256_seed42,lstm,256,42,LSTM-256,test_2,Mouse835-female_20200325_18-28-49_10767-24391,49,44,0.8979591836734694,7,0.8571428571428572,1,42,44,49,0.9545454545454546,0.8571428571428571,0.9032258064516128
yolo_sppf_full_lstm256_seed42,lstm,256,42,LSTM-256,test_2,Mouse835-female_20200325_18-28-49_10767-24391,49,44,0.8979591836734694,7,0.8571428571428572,2,39,43,48,0.9069767441860465,0.8125,0.8571428571428572
yolo_sppf_full_lstm256_seed42,lstm,256,42,LSTM-256,test_2,Mouse835-female_20200325_18-28-49_10767-24391,49,44,0.8979591836734694,7,0.8571428571428572,3,36,42,47,0.8571428571428571,0.7659574468085106,0.8089887640449439
yolo_sppf_full_lstm256_seed42,lstm,256,42,LSTM-256,test_2,Mouse835-female_20200325_18-28-49_10767-24391,49,44,0.8979591836734694,7,0.8571428571428572,4,33,41,46,0.8048780487804879,0.717391304347826,0.7586206896551724
yolo_sppf_full_lstm256_seed43,lstm,256,43,LSTM-256,test_2,Mouse835-female_20200325_18-28-49_10767-24391,49,38,0.7755102040816326,12,0.7551020408163265,1,37,38,49,0.9736842105263158,0.7551020408163265,0.8505747126436782
yolo_sppf_full_lstm256_seed43,lstm,256,43,LSTM-256,test_2,Mouse835-female_20200325_18-28-49_10767-24391,49,38,0.7755102040816326,12,0.7551020408163265,2,35,37,48,0.9459459459459459,0.7291666666666666,0.8235294117647058
yolo_sppf_full_lstm256_seed43,lstm,256,43,LSTM-256,test_2,Mouse835-female_20200325_18-28-49_10767-24391,49,38,0.7755102040816326,12,0.7551020408163265,3,32,36,47,0.8888888888888888,0.6808510638297872,0.7710843373493975
yolo_sppf_full_lstm256_seed43,lstm,256,43,LSTM-256,test_2,Mouse835-female_20200325_18-28-49_10767-24391,49,38,0.7755102040816326,12,0.7551020408163265,4,28,35,46,0.8,0.6086956521739131,0.6913580246913581
yolo_sppf_full_lstm256_seed44,lstm,256,44,LSTM-256,test_2,Mouse835-female_20200325_18-28-49_10767-24391,49,45,0.9183673469387755,9,0.8163265306122449,1,42,45,49,0.9333333333333333,0.8571428571428571,0.8936170212765957
yolo_sppf_full_lstm256_seed44,lstm,256,44,LSTM-256,test_2,Mouse835-female_20200325_18-28-49_10767-24391,49,45,0.9183673469387755,9,0.8163265306122449,2,39,44,48,0.8863636363636364,0.8125,0.8478260869565218
yolo_sppf_full_lstm256_seed44,lstm,256,44,LSTM-256,test_2,Mouse835-female_20200325_18-28-49_10767-24391,49,45,0.9183673469387755,9,0.8163265306122449,3,36,43,47,0.8372093023255814,0.7659574468085106,0.8
yolo_sppf_full_lstm256_seed44,lstm,256,44,LSTM-256,test_2,Mouse835-female_20200325_18-28-49_10767-24391,49,45,0.9183673469387755,9,0.8163265306122449,4,32,42,46,0.7619047619047619,0.6956521739130435,0.7272727272727272
yolo_sppf_full_lstm512_seed42,lstm,512,42,LSTM-512,test_2,Mouse835-female_20200325_18-28-49_10767-24391,49,45,0.9183673469387755,8,0.8367346938775511,1,42,45,49,0.9333333333333333,0.8571428571428571,0.8936170212765957
yolo_sppf_full_lstm512_seed42,lstm,512,42,LSTM-512,test_2,Mouse835-female_20200325_18-28-49_10767-24391,49,45,0.9183673469387755,8,0.8367346938775511,2,38,44,48,0.8636363636363636,0.7916666666666666,0.8260869565217391
yolo_sppf_full_lstm512_seed42,lstm,512,42,LSTM-512,test_2,Mouse835-female_20200325_18-28-49_10767-24391,49,45,0.9183673469387755,8,0.8367346938775511,3,36,43,47,0.8372093023255814,0.7659574468085106,0.8
yolo_sppf_full_lstm512_seed42,lstm,512,42,LSTM-512,test_2,Mouse835-female_20200325_18-28-49_10767-24391,49,45,0.9183673469387755,8,0.8367346938775511,4,34,42,46,0.8095238095238095,0.7391304347826086,0.7727272727272727
yolo_sppf_full_lstm512_seed43,lstm,512,43,LSTM-512,test_2,Mouse835-female_20200325_18-28-49_10767-24391,49,41,0.8367346938775511,12,0.7551020408163265,1,39,41,49,0.9512195121951219,0.7959183673469388,0.8666666666666666
yolo_sppf_full_lstm512_seed43,lstm,512,43,LSTM-512,test_2,Mouse835-female_20200325_18-28-49_10767-24391,49,41,0.8367346938775511,12,0.7551020408163265,2,37,40,48,0.925,0.7708333333333334,0.840909090909091
yolo_sppf_full_lstm512_seed43,lstm,512,43,LSTM-512,test_2,Mouse835-female_20200325_18-28-49_10767-24391,49,41,0.8367346938775511,12,0.7551020408163265,3,34,39,47,0.8717948717948718,0.723404255319149,0.7906976744186047
yolo_sppf_full_lstm512_seed43,lstm,512,43,LSTM-512,test_2,Mouse835-female_20200325_18-28-49_10767-24391,49,41,0.8367346938775511,12,0.7551020408163265,4,30,38,46,0.7894736842105263,0.6521739130434783,0.7142857142857143
yolo_sppf_full_lstm512_seed44,lstm,512,44,LSTM-512,test_2,Mouse835-female_20200325_18-28-49_10767-24391,49,40,0.8163265306122449,10,0.7959183673469388,1,39,40,49,0.975,0.7959183673469388,0.8764044943820225
yolo_sppf_full_lstm512_seed44,lstm,512,44,LSTM-512,test_2,Mouse835-female_20200325_18-28-49_10767-24391,49,40,0.8163265306122449,10,0.7959183673469388,2,37,39,48,0.9487179487179487,0.7708333333333334,0.8505747126436781
yolo_sppf_full_lstm512_seed44,lstm,512,44,LSTM-512,test_2,Mouse835-female_20200325_18-28-49_10767-24391,49,40,0.8163265306122449,10,0.7959183673469388,3,35,38,47,0.9210526315789473,0.7446808510638298,0.8235294117647057
yolo_sppf_full_lstm512_seed44,lstm,512,44,LSTM-512,test_2,Mouse835-female_20200325_18-28-49_10767-24391,49,40,0.8163265306122449,10,0.7959183673469388,4,33,37,46,0.8918918918918919,0.717391304347826,0.7951807228915664
yolo_sppf_full_lstm896_seed42,lstm,896,42,LSTM-896,test_2,Mouse835-female_20200325_18-28-49_10767-24391,49,44,0.8979591836734694,9,0.8163265306122449,1,42,44,49,0.9545454545454546,0.8571428571428571,0.9032258064516128
yolo_sppf_full_lstm896_seed42,lstm,896,42,LSTM-896,test_2,Mouse835-female_20200325_18-28-49_10767-24391,49,44,0.8979591836734694,9,0.8163265306122449,2,40,43,48,0.9302325581395349,0.8333333333333334,0.8791208791208791
yolo_sppf_full_lstm896_seed42,lstm,896,42,LSTM-896,test_2,Mouse835-female_20200325_18-28-49_10767-24391,49,44,0.8979591836734694,9,0.8163265306122449,3,37,42,47,0.8809523809523809,0.7872340425531915,0.8314606741573034
yolo_sppf_full_lstm896_seed42,lstm,896,42,LSTM-896,test_2,Mouse835-female_20200325_18-28-49_10767-24391,49,44,0.8979591836734694,9,0.8163265306122449,4,33,41,46,0.8048780487804879,0.717391304347826,0.7586206896551724
yolo_sppf_full_lstm896_seed43,lstm,896,43,LSTM-896,test_2,Mouse835-female_20200325_18-28-49_10767-24391,49,47,0.9591836734693877,11,0.7755102040816326,1,42,47,49,0.8936170212765957,0.8571428571428571,0.875
yolo_sppf_full_lstm896_seed43,lstm,896,43,LSTM-896,test_2,Mouse835-female_20200325_18-28-49_10767-24391,49,47,0.9591836734693877,11,0.7755102040816326,2,37,46,48,0.8043478260869565,0.7708333333333334,0.7872340425531915
yolo_sppf_full_lstm896_seed43,lstm,896,43,LSTM-896,test_2,Mouse835-female_20200325_18-28-49_10767-24391,49,47,0.9591836734693877,11,0.7755102040816326,3,34,45,47,0.7555555555555555,0.723404255319149,0.7391304347826088
yolo_sppf_full_lstm896_seed43,lstm,896,43,LSTM-896,test_2,Mouse835-female_20200325_18-28-49_10767-24391,49,47,0.9591836734693877,11,0.7755102040816326,4,31,44,46,0.7045454545454546,0.6739130434782609,0.688888888888889
yolo_sppf_full_lstm896_seed44,lstm,896,44,LSTM-896,test_2,Mouse835-female_20200325_18-28-49_10767-24391,49,48,0.9795918367346939,8,0.8367346938775511,1,44,48,49,0.9166666666666666,0.8979591836734694,0.9072164948453607
yolo_sppf_full_lstm896_seed44,lstm,896,44,LSTM-896,test_2,Mouse835-female_20200325_18-28-49_10767-24391,49,48,0.9795918367346939,8,0.8367346938775511,2,40,47,48,0.851063829787234,0.8333333333333334,0.8421052631578947
yolo_sppf_full_lstm896_seed44,lstm,896,44,LSTM-896,test_2,Mouse835-female_20200325_18-28-49_10767-24391,49,48,0.9795918367346939,8,0.8367346938775511,3,37,46,47,0.8043478260869565,0.7872340425531915,0.795698924731183
yolo_sppf_full_lstm896_seed44,lstm,896,44,LSTM-896,test_2,Mouse835-female_20200325_18-28-49_10767-24391,49,48,0.9795918367346939,8,0.8367346938775511,4,33,45,46,0.7333333333333333,0.717391304347826,0.7252747252747253
yolo_sppf_full_attention256_seed42,attention,256,42,Attention-256,test_2,Mouse836-female_20200322_19-33-17_00957-13323,43,25,0.5813953488372093,18,0.5813953488372092,1,25,25,43,1.0,0.5813953488372093,0.7352941176470588
yolo_sppf_full_attention256_seed42,attention,256,42,Attention-256,test_2,Mouse836-female_20200322_19-33-17_00957-13323,43,25,0.5813953488372093,18,0.5813953488372092,2,24,24,42,1.0,0.5714285714285714,0.7272727272727273
yolo_sppf_full_attention256_seed42,attention,256,42,Attention-256,test_2,Mouse836-female_20200322_19-33-17_00957-13323,43,25,0.5813953488372093,18,0.5813953488372092,3,23,23,41,1.0,0.5609756097560976,0.71875
yolo_sppf_full_attention256_seed42,attention,256,42,Attention-256,test_2,Mouse836-female_20200322_19-33-17_00957-13323,43,25,0.5813953488372093,18,0.5813953488372092,4,22,22,40,1.0,0.55,0.7096774193548387
yolo_sppf_full_attention256_seed43,attention,256,43,Attention-256,test_2,Mouse836-female_20200322_19-33-17_00957-13323,43,24,0.5581395348837209,19,0.5581395348837209,1,24,24,43,1.0,0.5581395348837209,0.7164179104477612
yolo_sppf_full_attention256_seed43,attention,256,43,Attention-256,test_2,Mouse836-female_20200322_19-33-17_00957-13323,43,24,0.5581395348837209,19,0.5581395348837209,2,23,23,42,1.0,0.5476190476190477,0.7076923076923077
yolo_sppf_full_attention256_seed43,attention,256,43,Attention-256,test_2,Mouse836-female_20200322_19-33-17_00957-13323,43,24,0.5581395348837209,19,0.5581395348837209,3,22,22,41,1.0,0.5365853658536586,0.6984126984126985
yolo_sppf_full_attention256_seed43,attention,256,43,Attention-256,test_2,Mouse836-female_20200322_19-33-17_00957-13323,43,24,0.5581395348837209,19,0.5581395348837209,4,21,21,40,1.0,0.525,0.6885245901639345
yolo_sppf_full_attention256_seed44,attention,256,44,Attention-256,test_2,Mouse836-female_20200322_19-33-17_00957-13323,43,25,0.5813953488372093,18,0.5813953488372092,1,25,25,43,1.0,0.5813953488372093,0.7352941176470588
yolo_sppf_full_attention256_seed44,attention,256,44,Attention-256,test_2,Mouse836-female_20200322_19-33-17_00957-13323,43,25,0.5813953488372093,18,0.5813953488372092,2,24,24,42,1.0,0.5714285714285714,0.7272727272727273
yolo_sppf_full_attention256_seed44,attention,256,44,Attention-256,test_2,Mouse836-female_20200322_19-33-17_00957-13323,43,25,0.5813953488372093,18,0.5813953488372092,3,23,23,41,1.0,0.5609756097560976,0.71875
yolo_sppf_full_attention256_seed44,attention,256,44,Attention-256,test_2,Mouse836-female_20200322_19-33-17_00957-13323,43,25,0.5813953488372093,18,0.5813953488372092,4,22,22,40,1.0,0.55,0.7096774193548387
yolo_sppf_full_attention512_seed42,attention,512,42,Attention-512,test_2,Mouse836-female_20200322_19-33-17_00957-13323,43,29,0.6744186046511628,16,0.627906976744186,1,27,29,43,0.9310344827586207,0.627906976744186,0.7499999999999999
yolo_sppf_full_attention512_seed42,attention,512,42,Attention-512,test_2,Mouse836-female_20200322_19-33-17_00957-13323,43,29,0.6744186046511628,16,0.627906976744186,2,24,28,42,0.8571428571428571,0.5714285714285714,0.6857142857142857
yolo_sppf_full_attention512_seed42,attention,512,42,Attention-512,test_2,Mouse836-female_20200322_19-33-17_00957-13323,43,29,0.6744186046511628,16,0.627906976744186,3,21,27,41,0.7777777777777778,0.5121951219512195,0.6176470588235294
yolo_sppf_full_attention512_seed42,attention,512,42,Attention-512,test_2,Mouse836-female_20200322_19-33-17_00957-13323,43,29,0.6744186046511628,16,0.627906976744186,4,19,26,40,0.7307692307692307,0.475,0.5757575757575758
yolo_sppf_full_attention512_seed43,attention,512,43,Attention-512,test_2,Mouse836-female_20200322_19-33-17_00957-13323,43,25,0.5813953488372093,18,0.5813953488372092,1,25,25,43,1.0,0.5813953488372093,0.7352941176470588
yolo_sppf_full_attention512_seed43,attention,512,43,Attention-512,test_2,Mouse836-female_20200322_19-33-17_00957-13323,43,25,0.5813953488372093,18,0.5813953488372092,2,24,24,42,1.0,0.5714285714285714,0.7272727272727273
yolo_sppf_full_attention512_seed43,attention,512,43,Attention-512,test_2,Mouse836-female_20200322_19-33-17_00957-13323,43,25,0.5813953488372093,18,0.5813953488372092,3,23,23,41,1.0,0.5609756097560976,0.71875
yolo_sppf_full_attention512_seed43,attention,512,43,Attention-512,test_2,Mouse836-female_20200322_19-33-17_00957-13323,43,25,0.5813953488372093,18,0.5813953488372092,4,22,22,40,1.0,0.55,0.7096774193548387
yolo_sppf_full_attention512_seed44,attention,512,44,Attention-512,test_2,Mouse836-female_20200322_19-33-17_00957-13323,43,27,0.627906976744186,17,0.6046511627906976,1,26,27,43,0.9629629629629629,0.6046511627906976,0.7428571428571429
yolo_sppf_full_attention512_seed44,attention,512,44,Attention-512,test_2,Mouse836-female_20200322_19-33-17_00957-13323,43,27,0.627906976744186,17,0.6046511627906976,2,24,26,42,0.9230769230769231,0.5714285714285714,0.7058823529411765
yolo_sppf_full_attention512_seed44,attention,512,44,Attention-512,test_2,Mouse836-female_20200322_19-33-17_00957-13323,43,27,0.627906976744186,17,0.6046511627906976,3,22,25,41,0.88,0.5365853658536586,0.6666666666666667
yolo_sppf_full_attention512_seed44,attention,512,44,Attention-512,test_2,Mouse836-female_20200322_19-33-17_00957-13323,43,27,0.627906976744186,17,0.6046511627906976,4,21,24,40,0.875,0.525,0.6562500000000001
yolo_sppf_full_attention896_seed42,attention,896,42,Attention-896,test_2,Mouse836-female_20200322_19-33-17_00957-13323,43,32,0.7441860465116279,13,0.6976744186046512,1,31,32,43,0.96875,0.7209302325581395,0.8266666666666667
yolo_sppf_full_attention896_seed42,attention,896,42,Attention-896,test_2,Mouse836-female_20200322_19-33-17_00957-13323,43,32,0.7441860465116279,13,0.6976744186046512,2,29,31,42,0.9354838709677419,0.6904761904761905,0.7945205479452055
yolo_sppf_full_attention896_seed42,attention,896,42,Attention-896,test_2,Mouse836-female_20200322_19-33-17_00957-13323,43,32,0.7441860465116279,13,0.6976744186046512,3,25,30,41,0.8333333333333334,0.6097560975609756,0.7042253521126761
yolo_sppf_full_attention896_seed42,attention,896,42,Attention-896,test_2,Mouse836-female_20200322_19-33-17_00957-13323,43,32,0.7441860465116279,13,0.6976744186046512,4,22,29,40,0.7586206896551724,0.55,0.6376811594202898
yolo_sppf_full_attention896_seed43,attention,896,43,Attention-896,test_2,Mouse836-female_20200322_19-33-17_00957-13323,43,23,0.5348837209302325,20,0.5348837209302326,1,23,23,43,1.0,0.5348837209302325,0.6969696969696969
yolo_sppf_full_attention896_seed43,attention,896,43,Attention-896,test_2,Mouse836-female_20200322_19-33-17_00957-13323,43,23,0.5348837209302325,20,0.5348837209302326,2,22,22,42,1.0,0.5238095238095238,0.6875000000000001
yolo_sppf_full_attention896_seed43,attention,896,43,Attention-896,test_2,Mouse836-female_20200322_19-33-17_00957-13323,43,23,0.5348837209302325,20,0.5348837209302326,3,21,21,41,1.0,0.5121951219512195,0.6774193548387097
yolo_sppf_full_attention896_seed43,attention,896,43,Attention-896,test_2,Mouse836-female_20200322_19-33-17_00957-13323,43,23,0.5348837209302325,20,0.5348837209302326,4,20,20,40,1.0,0.5,0.6666666666666666
yolo_sppf_full_attention896_seed44,attention,896,44,Attention-896,test_2,Mouse836-female_20200322_19-33-17_00957-13323,43,25,0.5813953488372093,18,0.5813953488372092,1,25,25,43,1.0,0.5813953488372093,0.7352941176470588
yolo_sppf_full_attention896_seed44,attention,896,44,Attention-896,test_2,Mouse836-female_20200322_19-33-17_00957-13323,43,25,0.5813953488372093,18,0.5813953488372092,2,24,24,42,1.0,0.5714285714285714,0.7272727272727273
yolo_sppf_full_attention896_seed44,attention,896,44,Attention-896,test_2,Mouse836-female_20200322_19-33-17_00957-13323,43,25,0.5813953488372093,18,0.5813953488372092,3,23,23,41,1.0,0.5609756097560976,0.71875
yolo_sppf_full_attention896_seed44,attention,896,44,Attention-896,test_2,Mouse836-female_20200322_19-33-17_00957-13323,43,25,0.5813953488372093,18,0.5813953488372092,4,22,22,40,1.0,0.55,0.7096774193548387
yolo_sppf_full_lstm256_seed42,lstm,256,42,LSTM-256,test_2,Mouse836-female_20200322_19-33-17_00957-13323,43,26,0.6046511627906976,17,0.6046511627906976,1,26,26,43,1.0,0.6046511627906976,0.7536231884057971
yolo_sppf_full_lstm256_seed42,lstm,256,42,LSTM-256,test_2,Mouse836-female_20200322_19-33-17_00957-13323,43,26,0.6046511627906976,17,0.6046511627906976,2,25,25,42,1.0,0.5952380952380952,0.7462686567164178
yolo_sppf_full_lstm256_seed42,lstm,256,42,LSTM-256,test_2,Mouse836-female_20200322_19-33-17_00957-13323,43,26,0.6046511627906976,17,0.6046511627906976,3,24,24,41,1.0,0.5853658536585366,0.7384615384615384
yolo_sppf_full_lstm256_seed42,lstm,256,42,LSTM-256,test_2,Mouse836-female_20200322_19-33-17_00957-13323,43,26,0.6046511627906976,17,0.6046511627906976,4,23,23,40,1.0,0.575,0.7301587301587301
yolo_sppf_full_lstm256_seed43,lstm,256,43,LSTM-256,test_2,Mouse836-female_20200322_19-33-17_00957-13323,43,24,0.5581395348837209,19,0.5581395348837209,1,24,24,43,1.0,0.5581395348837209,0.7164179104477612
yolo_sppf_full_lstm256_seed43,lstm,256,43,LSTM-256,test_2,Mouse836-female_20200322_19-33-17_00957-13323,43,24,0.5581395348837209,19,0.5581395348837209,2,23,23,42,1.0,0.5476190476190477,0.7076923076923077
yolo_sppf_full_lstm256_seed43,lstm,256,43,LSTM-256,test_2,Mouse836-female_20200322_19-33-17_00957-13323,43,24,0.5581395348837209,19,0.5581395348837209,3,22,22,41,1.0,0.5365853658536586,0.6984126984126985
yolo_sppf_full_lstm256_seed43,lstm,256,43,LSTM-256,test_2,Mouse836-female_20200322_19-33-17_00957-13323,43,24,0.5581395348837209,19,0.5581395348837209,4,21,21,40,1.0,0.525,0.6885245901639345
yolo_sppf_full_lstm256_seed44,lstm,256,44,LSTM-256,test_2,Mouse836-female_20200322_19-33-17_00957-13323,43,24,0.5581395348837209,19,0.5581395348837209,1,24,24,43,1.0,0.5581395348837209,0.7164179104477612
yolo_sppf_full_lstm256_seed44,lstm,256,44,LSTM-256,test_2,Mouse836-female_20200322_19-33-17_00957-13323,43,24,0.5581395348837209,19,0.5581395348837209,2,23,23,42,1.0,0.5476190476190477,0.7076923076923077
yolo_sppf_full_lstm256_seed44,lstm,256,44,LSTM-256,test_2,Mouse836-female_20200322_19-33-17_00957-13323,43,24,0.5581395348837209,19,0.5581395348837209,3,22,22,41,1.0,0.5365853658536586,0.6984126984126985
yolo_sppf_full_lstm256_seed44,lstm,256,44,LSTM-256,test_2,Mouse836-female_20200322_19-33-17_00957-13323,43,24,0.5581395348837209,19,0.5581395348837209,4,21,21,40,1.0,0.525,0.6885245901639345
yolo_sppf_full_lstm512_seed42,lstm,512,42,LSTM-512,test_2,Mouse836-female_20200322_19-33-17_00957-13323,43,26,0.6046511627906976,18,0.5813953488372092,1,25,26,43,0.9615384615384616,0.5813953488372093,0.7246376811594203
yolo_sppf_full_lstm512_seed42,lstm,512,42,LSTM-512,test_2,Mouse836-female_20200322_19-33-17_00957-13323,43,26,0.6046511627906976,18,0.5813953488372092,2,23,25,42,0.92,0.5476190476190477,0.6865671641791046
yolo_sppf_full_lstm512_seed42,lstm,512,42,LSTM-512,test_2,Mouse836-female_20200322_19-33-17_00957-13323,43,26,0.6046511627906976,18,0.5813953488372092,3,21,24,41,0.875,0.5121951219512195,0.6461538461538462
yolo_sppf_full_lstm512_seed42,lstm,512,42,LSTM-512,test_2,Mouse836-female_20200322_19-33-17_00957-13323,43,26,0.6046511627906976,18,0.5813953488372092,4,20,23,40,0.8695652173913043,0.5,0.634920634920635
yolo_sppf_full_lstm512_seed43,lstm,512,43,LSTM-512,test_2,Mouse836-female_20200322_19-33-17_00957-13323,43,27,0.627906976744186,16,0.627906976744186,1,27,27,43,1.0,0.627906976744186,0.7714285714285715
yolo_sppf_full_lstm512_seed43,lstm,512,43,LSTM-512,test_2,Mouse836-female_20200322_19-33-17_00957-13323,43,27,0.627906976744186,16,0.627906976744186,2,26,26,42,1.0,0.6190476190476191,0.7647058823529412
yolo_sppf_full_lstm512_seed43,lstm,512,43,LSTM-512,test_2,Mouse836-female_20200322_19-33-17_00957-13323,43,27,0.627906976744186,16,0.627906976744186,3,25,25,41,1.0,0.6097560975609756,0.7575757575757575
yolo_sppf_full_lstm512_seed43,lstm,512,43,LSTM-512,test_2,Mouse836-female_20200322_19-33-17_00957-13323,43,27,0.627906976744186,16,0.627906976744186,4,24,24,40,1.0,0.6,0.7499999999999999
yolo_sppf_full_lstm512_seed44,lstm,512,44,LSTM-512,test_2,Mouse836-female_20200322_19-33-17_00957-13323,43,24,0.5581395348837209,19,0.5581395348837209,1,24,24,43,1.0,0.5581395348837209,0.7164179104477612
yolo_sppf_full_lstm512_seed44,lstm,512,44,LSTM-512,test_2,Mouse836-female_20200322_19-33-17_00957-13323,43,24,0.5581395348837209,19,0.5581395348837209,2,23,23,42,1.0,0.5476190476190477,0.7076923076923077
yolo_sppf_full_lstm512_seed44,lstm,512,44,LSTM-512,test_2,Mouse836-female_20200322_19-33-17_00957-13323,43,24,0.5581395348837209,19,0.5581395348837209,3,22,22,41,1.0,0.5365853658536586,0.6984126984126985
yolo_sppf_full_lstm512_seed44,lstm,512,44,LSTM-512,test_2,Mouse836-female_20200322_19-33-17_00957-13323,43,24,0.5581395348837209,19,0.5581395348837209,4,21,21,40,1.0,0.525,0.6885245901639345
yolo_sppf_full_lstm896_seed42,lstm,896,42,LSTM-896,test_2,Mouse836-female_20200322_19-33-17_00957-13323,43,24,0.5581395348837209,19,0.5581395348837209,1,24,24,43,1.0,0.5581395348837209,0.7164179104477612
yolo_sppf_full_lstm896_seed42,lstm,896,42,LSTM-896,test_2,Mouse836-female_20200322_19-33-17_00957-13323,43,24,0.5581395348837209,19,0.5581395348837209,2,23,23,42,1.0,0.5476190476190477,0.7076923076923077
yolo_sppf_full_lstm896_seed42,lstm,896,42,LSTM-896,test_2,Mouse836-female_20200322_19-33-17_00957-13323,43,24,0.5581395348837209,19,0.5581395348837209,3,22,22,41,1.0,0.5365853658536586,0.6984126984126985
yolo_sppf_full_lstm896_seed42,lstm,896,42,LSTM-896,test_2,Mouse836-female_20200322_19-33-17_00957-13323,43,24,0.5581395348837209,19,0.5581395348837209,4,21,21,40,1.0,0.525,0.6885245901639345
yolo_sppf_full_lstm896_seed43,lstm,896,43,LSTM-896,test_2,Mouse836-female_20200322_19-33-17_00957-13323,43,25,0.5813953488372093,18,0.5813953488372092,1,25,25,43,1.0,0.5813953488372093,0.7352941176470588
yolo_sppf_full_lstm896_seed43,lstm,896,43,LSTM-896,test_2,Mouse836-female_20200322_19-33-17_00957-13323,43,25,0.5813953488372093,18,0.5813953488372092,2,24,24,42,1.0,0.5714285714285714,0.7272727272727273
yolo_sppf_full_lstm896_seed43,lstm,896,43,LSTM-896,test_2,Mouse836-female_20200322_19-33-17_00957-13323,43,25,0.5813953488372093,18,0.5813953488372092,3,23,23,41,1.0,0.5609756097560976,0.71875
yolo_sppf_full_lstm896_seed43,lstm,896,43,LSTM-896,test_2,Mouse836-female_20200322_19-33-17_00957-13323,43,25,0.5813953488372093,18,0.5813953488372092,4,22,22,40,1.0,0.55,0.7096774193548387
yolo_sppf_full_lstm896_seed44,lstm,896,44,LSTM-896,test_2,Mouse836-female_20200322_19-33-17_00957-13323,43,22,0.5116279069767442,21,0.5116279069767442,1,22,22,43,1.0,0.5116279069767442,0.676923076923077
yolo_sppf_full_lstm896_seed44,lstm,896,44,LSTM-896,test_2,Mouse836-female_20200322_19-33-17_00957-13323,43,22,0.5116279069767442,21,0.5116279069767442,2,21,21,42,1.0,0.5,0.6666666666666666
yolo_sppf_full_lstm896_seed44,lstm,896,44,LSTM-896,test_2,Mouse836-female_20200322_19-33-17_00957-13323,43,22,0.5116279069767442,21,0.5116279069767442,3,20,20,41,1.0,0.4878048780487805,0.6557377049180327
yolo_sppf_full_lstm896_seed44,lstm,896,44,LSTM-896,test_2,Mouse836-female_20200322_19-33-17_00957-13323,43,22,0.5116279069767442,21,0.5116279069767442,4,19,19,40,1.0,0.475,0.6440677966101694
yolo_sppf_full_attention256_seed42,attention,256,42,Attention-256,test_2,Mouse836-female_20200322_19-33-17_14594-23870,45,35,0.7777777777777778,10,0.7777777777777778,1,35,35,45,1.0,0.7777777777777778,0.8750000000000001
yolo_sppf_full_attention256_seed42,attention,256,42,Attention-256,test_2,Mouse836-female_20200322_19-33-17_14594-23870,45,35,0.7777777777777778,10,0.7777777777777778,2,34,34,44,1.0,0.7727272727272727,0.8717948717948718
yolo_sppf_full_attention256_seed42,attention,256,42,Attention-256,test_2,Mouse836-female_20200322_19-33-17_14594-23870,45,35,0.7777777777777778,10,0.7777777777777778,3,33,33,43,1.0,0.7674418604651163,0.868421052631579
yolo_sppf_full_attention256_seed42,attention,256,42,Attention-256,test_2,Mouse836-female_20200322_19-33-17_14594-23870,45,35,0.7777777777777778,10,0.7777777777777778,4,32,32,42,1.0,0.7619047619047619,0.8648648648648648
yolo_sppf_full_attention256_seed43,attention,256,43,Attention-256,test_2,Mouse836-female_20200322_19-33-17_14594-23870,45,36,0.8,9,0.8,1,36,36,45,1.0,0.8,0.888888888888889
yolo_sppf_full_attention256_seed43,attention,256,43,Attention-256,test_2,Mouse836-female_20200322_19-33-17_14594-23870,45,36,0.8,9,0.8,2,35,35,44,1.0,0.7954545454545454,0.8860759493670886
yolo_sppf_full_attention256_seed43,attention,256,43,Attention-256,test_2,Mouse836-female_20200322_19-33-17_14594-23870,45,36,0.8,9,0.8,3,34,34,43,1.0,0.7906976744186046,0.8831168831168831
yolo_sppf_full_attention256_seed43,attention,256,43,Attention-256,test_2,Mouse836-female_20200322_19-33-17_14594-23870,45,36,0.8,9,0.8,4,32,33,42,0.9696969696969697,0.7619047619047619,0.8533333333333334
yolo_sppf_full_attention256_seed44,attention,256,44,Attention-256,test_2,Mouse836-female_20200322_19-33-17_14594-23870,45,35,0.7777777777777778,10,0.7777777777777778,1,35,35,45,1.0,0.7777777777777778,0.8750000000000001
yolo_sppf_full_attention256_seed44,attention,256,44,Attention-256,test_2,Mouse836-female_20200322_19-33-17_14594-23870,45,35,0.7777777777777778,10,0.7777777777777778,2,34,34,44,1.0,0.7727272727272727,0.8717948717948718
yolo_sppf_full_attention256_seed44,attention,256,44,Attention-256,test_2,Mouse836-female_20200322_19-33-17_14594-23870,45,35,0.7777777777777778,10,0.7777777777777778,3,33,33,43,1.0,0.7674418604651163,0.868421052631579
yolo_sppf_full_attention256_seed44,attention,256,44,Attention-256,test_2,Mouse836-female_20200322_19-33-17_14594-23870,45,35,0.7777777777777778,10,0.7777777777777778,4,32,32,42,1.0,0.7619047619047619,0.8648648648648648
yolo_sppf_full_attention512_seed42,attention,512,42,Attention-512,test_2,Mouse836-female_20200322_19-33-17_14594-23870,45,35,0.7777777777777778,10,0.7777777777777778,1,35,35,45,1.0,0.7777777777777778,0.8750000000000001
yolo_sppf_full_attention512_seed42,attention,512,42,Attention-512,test_2,Mouse836-female_20200322_19-33-17_14594-23870,45,35,0.7777777777777778,10,0.7777777777777778,2,34,34,44,1.0,0.7727272727272727,0.8717948717948718
yolo_sppf_full_attention512_seed42,attention,512,42,Attention-512,test_2,Mouse836-female_20200322_19-33-17_14594-23870,45,35,0.7777777777777778,10,0.7777777777777778,3,33,33,43,1.0,0.7674418604651163,0.868421052631579
yolo_sppf_full_attention512_seed42,attention,512,42,Attention-512,test_2,Mouse836-female_20200322_19-33-17_14594-23870,45,35,0.7777777777777778,10,0.7777777777777778,4,32,32,42,1.0,0.7619047619047619,0.8648648648648648
yolo_sppf_full_attention512_seed43,attention,512,43,Attention-512,test_2,Mouse836-female_20200322_19-33-17_14594-23870,45,35,0.7777777777777778,10,0.7777777777777778,1,35,35,45,1.0,0.7777777777777778,0.8750000000000001
yolo_sppf_full_attention512_seed43,attention,512,43,Attention-512,test_2,Mouse836-female_20200322_19-33-17_14594-23870,45,35,0.7777777777777778,10,0.7777777777777778,2,34,34,44,1.0,0.7727272727272727,0.8717948717948718
yolo_sppf_full_attention512_seed43,attention,512,43,Attention-512,test_2,Mouse836-female_20200322_19-33-17_14594-23870,45,35,0.7777777777777778,10,0.7777777777777778,3,33,33,43,1.0,0.7674418604651163,0.868421052631579
yolo_sppf_full_attention512_seed43,attention,512,43,Attention-512,test_2,Mouse836-female_20200322_19-33-17_14594-23870,45,35,0.7777777777777778,10,0.7777777777777778,4,32,32,42,1.0,0.7619047619047619,0.8648648648648648
yolo_sppf_full_attention512_seed44,attention,512,44,Attention-512,test_2,Mouse836-female_20200322_19-33-17_14594-23870,45,33,0.7333333333333333,12,0.7333333333333334,1,33,33,45,1.0,0.7333333333333333,0.846153846153846
yolo_sppf_full_attention512_seed44,attention,512,44,Attention-512,test_2,Mouse836-female_20200322_19-33-17_14594-23870,45,33,0.7333333333333333,12,0.7333333333333334,2,32,32,44,1.0,0.7272727272727273,0.8421052631578948
yolo_sppf_full_attention512_seed44,attention,512,44,Attention-512,test_2,Mouse836-female_20200322_19-33-17_14594-23870,45,33,0.7333333333333333,12,0.7333333333333334,3,31,31,43,1.0,0.7209302325581395,0.8378378378378378
yolo_sppf_full_attention512_seed44,attention,512,44,Attention-512,test_2,Mouse836-female_20200322_19-33-17_14594-23870,45,33,0.7333333333333333,12,0.7333333333333334,4,30,30,42,1.0,0.7142857142857143,0.8333333333333333
yolo_sppf_full_attention896_seed42,attention,896,42,Attention-896,test_2,Mouse836-female_20200322_19-33-17_14594-23870,45,41,0.9111111111111111,7,0.8444444444444444,1,38,41,45,0.926829268292683,0.8444444444444444,0.8837209302325582
yolo_sppf_full_attention896_seed42,attention,896,42,Attention-896,test_2,Mouse836-female_20200322_19-33-17_14594-23870,45,41,0.9111111111111111,7,0.8444444444444444,2,34,40,44,0.85,0.7727272727272727,0.8095238095238095
yolo_sppf_full_attention896_seed42,attention,896,42,Attention-896,test_2,Mouse836-female_20200322_19-33-17_14594-23870,45,41,0.9111111111111111,7,0.8444444444444444,3,32,39,43,0.8205128205128205,0.7441860465116279,0.7804878048780488
yolo_sppf_full_attention896_seed42,attention,896,42,Attention-896,test_2,Mouse836-female_20200322_19-33-17_14594-23870,45,41,0.9111111111111111,7,0.8444444444444444,4,30,38,42,0.7894736842105263,0.7142857142857143,0.7500000000000001
yolo_sppf_full_attention896_seed43,attention,896,43,Attention-896,test_2,Mouse836-female_20200322_19-33-17_14594-23870,45,34,0.7555555555555555,11,0.7555555555555555,1,34,34,45,1.0,0.7555555555555555,0.8607594936708861
yolo_sppf_full_attention896_seed43,attention,896,43,Attention-896,test_2,Mouse836-female_20200322_19-33-17_14594-23870,45,34,0.7555555555555555,11,0.7555555555555555,2,33,33,44,1.0,0.75,0.8571428571428571
yolo_sppf_full_attention896_seed43,attention,896,43,Attention-896,test_2,Mouse836-female_20200322_19-33-17_14594-23870,45,34,0.7555555555555555,11,0.7555555555555555,3,32,32,43,1.0,0.7441860465116279,0.8533333333333333
yolo_sppf_full_attention896_seed43,attention,896,43,Attention-896,test_2,Mouse836-female_20200322_19-33-17_14594-23870,45,34,0.7555555555555555,11,0.7555555555555555,4,31,31,42,1.0,0.7380952380952381,0.8493150684931507
yolo_sppf_full_attention896_seed44,attention,896,44,Attention-896,test_2,Mouse836-female_20200322_19-33-17_14594-23870,45,33,0.7333333333333333,12,0.7333333333333334,1,33,33,45,1.0,0.7333333333333333,0.846153846153846
yolo_sppf_full_attention896_seed44,attention,896,44,Attention-896,test_2,Mouse836-female_20200322_19-33-17_14594-23870,45,33,0.7333333333333333,12,0.7333333333333334,2,32,32,44,1.0,0.7272727272727273,0.8421052631578948
yolo_sppf_full_attention896_seed44,attention,896,44,Attention-896,test_2,Mouse836-female_20200322_19-33-17_14594-23870,45,33,0.7333333333333333,12,0.7333333333333334,3,31,31,43,1.0,0.7209302325581395,0.8378378378378378
yolo_sppf_full_attention896_seed44,attention,896,44,Attention-896,test_2,Mouse836-female_20200322_19-33-17_14594-23870,45,33,0.7333333333333333,12,0.7333333333333334,4,30,30,42,1.0,0.7142857142857143,0.8333333333333333
yolo_sppf_full_lstm256_seed42,lstm,256,42,LSTM-256,test_2,Mouse836-female_20200322_19-33-17_14594-23870,45,38,0.8444444444444444,8,0.8222222222222222,1,37,38,45,0.9736842105263158,0.8222222222222222,0.891566265060241
yolo_sppf_full_lstm256_seed42,lstm,256,42,LSTM-256,test_2,Mouse836-female_20200322_19-33-17_14594-23870,45,38,0.8444444444444444,8,0.8222222222222222,2,35,37,44,0.9459459459459459,0.7954545454545454,0.8641975308641975
yolo_sppf_full_lstm256_seed42,lstm,256,42,LSTM-256,test_2,Mouse836-female_20200322_19-33-17_14594-23870,45,38,0.8444444444444444,8,0.8222222222222222,3,34,36,43,0.9444444444444444,0.7906976744186046,0.8607594936708861
yolo_sppf_full_lstm256_seed42,lstm,256,42,LSTM-256,test_2,Mouse836-female_20200322_19-33-17_14594-23870,45,38,0.8444444444444444,8,0.8222222222222222,4,33,35,42,0.9428571428571428,0.7857142857142857,0.8571428571428571
yolo_sppf_full_lstm256_seed43,lstm,256,43,LSTM-256,test_2,Mouse836-female_20200322_19-33-17_14594-23870,45,39,0.8666666666666667,7,0.8444444444444444,1,38,39,45,0.9743589743589743,0.8444444444444444,0.9047619047619048
yolo_sppf_full_lstm256_seed43,lstm,256,43,LSTM-256,test_2,Mouse836-female_20200322_19-33-17_14594-23870,45,39,0.8666666666666667,7,0.8444444444444444,2,36,38,44,0.9473684210526315,0.8181818181818182,0.8780487804878049
yolo_sppf_full_lstm256_seed43,lstm,256,43,LSTM-256,test_2,Mouse836-female_20200322_19-33-17_14594-23870,45,39,0.8666666666666667,7,0.8444444444444444,3,35,37,43,0.9459459459459459,0.813953488372093,0.875
yolo_sppf_full_lstm256_seed43,lstm,256,43,LSTM-256,test_2,Mouse836-female_20200322_19-33-17_14594-23870,45,39,0.8666666666666667,7,0.8444444444444444,4,34,36,42,0.9444444444444444,0.8095238095238095,0.8717948717948718
yolo_sppf_full_lstm256_seed44,lstm,256,44,LSTM-256,test_2,Mouse836-female_20200322_19-33-17_14594-23870,45,35,0.7777777777777778,11,0.7555555555555555,1,34,35,45,0.9714285714285714,0.7555555555555555,0.85
yolo_sppf_full_lstm256_seed44,lstm,256,44,LSTM-256,test_2,Mouse836-female_20200322_19-33-17_14594-23870,45,35,0.7777777777777778,11,0.7555555555555555,2,32,34,44,0.9411764705882353,0.7272727272727273,0.8205128205128205
yolo_sppf_full_lstm256_seed44,lstm,256,44,LSTM-256,test_2,Mouse836-female_20200322_19-33-17_14594-23870,45,35,0.7777777777777778,11,0.7555555555555555,3,31,33,43,0.9393939393939394,0.7209302325581395,0.8157894736842105
yolo_sppf_full_lstm256_seed44,lstm,256,44,LSTM-256,test_2,Mouse836-female_20200322_19-33-17_14594-23870,45,35,0.7777777777777778,11,0.7555555555555555,4,30,32,42,0.9375,0.7142857142857143,0.8108108108108109
yolo_sppf_full_lstm512_seed42,lstm,512,42,LSTM-512,test_2,Mouse836-female_20200322_19-33-17_14594-23870,45,34,0.7555555555555555,12,0.7333333333333334,1,33,34,45,0.9705882352941176,0.7333333333333333,0.8354430379746834
yolo_sppf_full_lstm512_seed42,lstm,512,42,LSTM-512,test_2,Mouse836-female_20200322_19-33-17_14594-23870,45,34,0.7555555555555555,12,0.7333333333333334,2,31,33,44,0.9393939393939394,0.7045454545454546,0.8051948051948052
yolo_sppf_full_lstm512_seed42,lstm,512,42,LSTM-512,test_2,Mouse836-female_20200322_19-33-17_14594-23870,45,34,0.7555555555555555,12,0.7333333333333334,3,30,32,43,0.9375,0.6976744186046512,0.8000000000000002
yolo_sppf_full_lstm512_seed42,lstm,512,42,LSTM-512,test_2,Mouse836-female_20200322_19-33-17_14594-23870,45,34,0.7555555555555555,12,0.7333333333333334,4,29,31,42,0.9354838709677419,0.6904761904761905,0.7945205479452055
yolo_sppf_full_lstm512_seed43,lstm,512,43,LSTM-512,test_2,Mouse836-female_20200322_19-33-17_14594-23870,45,38,0.8444444444444444,8,0.8222222222222222,1,37,38,45,0.9736842105263158,0.8222222222222222,0.891566265060241
yolo_sppf_full_lstm512_seed43,lstm,512,43,LSTM-512,test_2,Mouse836-female_20200322_19-33-17_14594-23870,45,38,0.8444444444444444,8,0.8222222222222222,2,35,37,44,0.9459459459459459,0.7954545454545454,0.8641975308641975
yolo_sppf_full_lstm512_seed43,lstm,512,43,LSTM-512,test_2,Mouse836-female_20200322_19-33-17_14594-23870,45,38,0.8444444444444444,8,0.8222222222222222,3,34,36,43,0.9444444444444444,0.7906976744186046,0.8607594936708861
yolo_sppf_full_lstm512_seed43,lstm,512,43,LSTM-512,test_2,Mouse836-female_20200322_19-33-17_14594-23870,45,38,0.8444444444444444,8,0.8222222222222222,4,32,35,42,0.9142857142857143,0.7619047619047619,0.8311688311688312
yolo_sppf_full_lstm512_seed44,lstm,512,44,LSTM-512,test_2,Mouse836-female_20200322_19-33-17_14594-23870,45,33,0.7333333333333333,13,0.7111111111111111,1,32,33,45,0.9696969696969697,0.7111111111111111,0.8205128205128205
yolo_sppf_full_lstm512_seed44,lstm,512,44,LSTM-512,test_2,Mouse836-female_20200322_19-33-17_14594-23870,45,33,0.7333333333333333,13,0.7111111111111111,2,30,32,44,0.9375,0.6818181818181818,0.7894736842105263
yolo_sppf_full_lstm512_seed44,lstm,512,44,LSTM-512,test_2,Mouse836-female_20200322_19-33-17_14594-23870,45,33,0.7333333333333333,13,0.7111111111111111,3,29,31,43,0.9354838709677419,0.6744186046511628,0.7837837837837838
yolo_sppf_full_lstm512_seed44,lstm,512,44,LSTM-512,test_2,Mouse836-female_20200322_19-33-17_14594-23870,45,33,0.7333333333333333,13,0.7111111111111111,4,28,30,42,0.9333333333333333,0.6666666666666666,0.7777777777777778
yolo_sppf_full_lstm896_seed42,lstm,896,42,LSTM-896,test_2,Mouse836-female_20200322_19-33-17_14594-23870,45,34,0.7555555555555555,12,0.7333333333333334,1,33,34,45,0.9705882352941176,0.7333333333333333,0.8354430379746834
yolo_sppf_full_lstm896_seed42,lstm,896,42,LSTM-896,test_2,Mouse836-female_20200322_19-33-17_14594-23870,45,34,0.7555555555555555,12,0.7333333333333334,2,31,33,44,0.9393939393939394,0.7045454545454546,0.8051948051948052
yolo_sppf_full_lstm896_seed42,lstm,896,42,LSTM-896,test_2,Mouse836-female_20200322_19-33-17_14594-23870,45,34,0.7555555555555555,12,0.7333333333333334,3,30,32,43,0.9375,0.6976744186046512,0.8000000000000002
yolo_sppf_full_lstm896_seed42,lstm,896,42,LSTM-896,test_2,Mouse836-female_20200322_19-33-17_14594-23870,45,34,0.7555555555555555,12,0.7333333333333334,4,29,31,42,0.9354838709677419,0.6904761904761905,0.7945205479452055
yolo_sppf_full_lstm896_seed43,lstm,896,43,LSTM-896,test_2,Mouse836-female_20200322_19-33-17_14594-23870,45,39,0.8666666666666667,9,0.8,1,37,39,45,0.9487179487179487,0.8222222222222222,0.8809523809523809
yolo_sppf_full_lstm896_seed43,lstm,896,43,LSTM-896,test_2,Mouse836-female_20200322_19-33-17_14594-23870,45,39,0.8666666666666667,9,0.8,2,34,38,44,0.8947368421052632,0.7727272727272727,0.8292682926829269
yolo_sppf_full_lstm896_seed43,lstm,896,43,LSTM-896,test_2,Mouse836-female_20200322_19-33-17_14594-23870,45,39,0.8666666666666667,9,0.8,3,33,37,43,0.8918918918918919,0.7674418604651163,0.825
yolo_sppf_full_lstm896_seed43,lstm,896,43,LSTM-896,test_2,Mouse836-female_20200322_19-33-17_14594-23870,45,39,0.8666666666666667,9,0.8,4,32,36,42,0.8888888888888888,0.7619047619047619,0.8205128205128205
yolo_sppf_full_lstm896_seed44,lstm,896,44,LSTM-896,test_2,Mouse836-female_20200322_19-33-17_14594-23870,45,32,0.7111111111111111,13,0.7111111111111111,1,32,32,45,1.0,0.7111111111111111,0.8311688311688311
yolo_sppf_full_lstm896_seed44,lstm,896,44,LSTM-896,test_2,Mouse836-female_20200322_19-33-17_14594-23870,45,32,0.7111111111111111,13,0.7111111111111111,2,31,31,44,1.0,0.7045454545454546,0.8266666666666667
yolo_sppf_full_lstm896_seed44,lstm,896,44,LSTM-896,test_2,Mouse836-female_20200322_19-33-17_14594-23870,45,32,0.7111111111111111,13,0.7111111111111111,3,30,30,43,1.0,0.6976744186046512,0.8219178082191781
yolo_sppf_full_lstm896_seed44,lstm,896,44,LSTM-896,test_2,Mouse836-female_20200322_19-33-17_14594-23870,45,32,0.7111111111111111,13,0.7111111111111111,4,29,29,42,1.0,0.6904761904761905,0.8169014084507042
yolo_sppf_full_attention256_seed42,attention,256,42,Attention-256,test_2,Mouse839-female_20200322_20-15-11_12885-24623,68,52,0.7647058823529411,16,0.7647058823529411,1,52,52,68,1.0,0.7647058823529411,0.8666666666666666
yolo_sppf_full_attention256_seed42,attention,256,42,Attention-256,test_2,Mouse839-female_20200322_20-15-11_12885-24623,68,52,0.7647058823529411,16,0.7647058823529411,2,51,51,67,1.0,0.7611940298507462,0.864406779661017
yolo_sppf_full_attention256_seed42,attention,256,42,Attention-256,test_2,Mouse839-female_20200322_20-15-11_12885-24623,68,52,0.7647058823529411,16,0.7647058823529411,3,50,50,66,1.0,0.7575757575757576,0.8620689655172413
yolo_sppf_full_attention256_seed42,attention,256,42,Attention-256,test_2,Mouse839-female_20200322_20-15-11_12885-24623,68,52,0.7647058823529411,16,0.7647058823529411,4,49,49,65,1.0,0.7538461538461538,0.8596491228070176
yolo_sppf_full_attention256_seed43,attention,256,43,Attention-256,test_2,Mouse839-female_20200322_20-15-11_12885-24623,68,51,0.75,19,0.7205882352941176,1,51,51,68,1.0,0.75,0.8571428571428571
yolo_sppf_full_attention256_seed43,attention,256,43,Attention-256,test_2,Mouse839-female_20200322_20-15-11_12885-24623,68,51,0.75,19,0.7205882352941176,2,50,50,67,1.0,0.746268656716418,0.8547008547008548
yolo_sppf_full_attention256_seed43,attention,256,43,Attention-256,test_2,Mouse839-female_20200322_20-15-11_12885-24623,68,51,0.75,19,0.7205882352941176,3,49,49,66,1.0,0.7424242424242424,0.8521739130434782
yolo_sppf_full_attention256_seed43,attention,256,43,Attention-256,test_2,Mouse839-female_20200322_20-15-11_12885-24623,68,51,0.75,19,0.7205882352941176,4,47,48,65,0.9791666666666666,0.7230769230769231,0.831858407079646
yolo_sppf_full_attention256_seed44,attention,256,44,Attention-256,test_2,Mouse839-female_20200322_20-15-11_12885-24623,68,51,0.75,17,0.75,1,51,51,68,1.0,0.75,0.8571428571428571
yolo_sppf_full_attention256_seed44,attention,256,44,Attention-256,test_2,Mouse839-female_20200322_20-15-11_12885-24623,68,51,0.75,17,0.75,2,50,50,67,1.0,0.746268656716418,0.8547008547008548
yolo_sppf_full_attention256_seed44,attention,256,44,Attention-256,test_2,Mouse839-female_20200322_20-15-11_12885-24623,68,51,0.75,17,0.75,3,48,49,66,0.9795918367346939,0.7272727272727273,0.8347826086956521
yolo_sppf_full_attention256_seed44,attention,256,44,Attention-256,test_2,Mouse839-female_20200322_20-15-11_12885-24623,68,51,0.75,17,0.75,4,46,48,65,0.9583333333333334,0.7076923076923077,0.8141592920353983
yolo_sppf_full_attention512_seed42,attention,512,42,Attention-512,test_2,Mouse839-female_20200322_20-15-11_12885-24623,68,55,0.8088235294117647,16,0.7647058823529411,1,54,55,68,0.9818181818181818,0.7941176470588235,0.8780487804878049
yolo_sppf_full_attention512_seed42,attention,512,42,Attention-512,test_2,Mouse839-female_20200322_20-15-11_12885-24623,68,55,0.8088235294117647,16,0.7647058823529411,2,52,54,67,0.9629629629629629,0.7761194029850746,0.859504132231405
yolo_sppf_full_attention512_seed42,attention,512,42,Attention-512,test_2,Mouse839-female_20200322_20-15-11_12885-24623,68,55,0.8088235294117647,16,0.7647058823529411,3,50,53,66,0.9433962264150944,0.7575757575757576,0.8403361344537815
yolo_sppf_full_attention512_seed42,attention,512,42,Attention-512,test_2,Mouse839-female_20200322_20-15-11_12885-24623,68,55,0.8088235294117647,16,0.7647058823529411,4,48,52,65,0.9230769230769231,0.7384615384615385,0.8205128205128206
yolo_sppf_full_attention512_seed43,attention,512,43,Attention-512,test_2,Mouse839-female_20200322_20-15-11_12885-24623,68,54,0.7941176470588235,14,0.7941176470588236,1,54,54,68,1.0,0.7941176470588235,0.8852459016393442
yolo_sppf_full_attention512_seed43,attention,512,43,Attention-512,test_2,Mouse839-female_20200322_20-15-11_12885-24623,68,54,0.7941176470588235,14,0.7941176470588236,2,53,53,67,1.0,0.7910447761194029,0.8833333333333333
yolo_sppf_full_attention512_seed43,attention,512,43,Attention-512,test_2,Mouse839-female_20200322_20-15-11_12885-24623,68,54,0.7941176470588235,14,0.7941176470588236,3,52,52,66,1.0,0.7878787878787878,0.8813559322033898
yolo_sppf_full_attention512_seed43,attention,512,43,Attention-512,test_2,Mouse839-female_20200322_20-15-11_12885-24623,68,54,0.7941176470588235,14,0.7941176470588236,4,51,51,65,1.0,0.7846153846153846,0.8793103448275863
yolo_sppf_full_attention512_seed44,attention,512,44,Attention-512,test_2,Mouse839-female_20200322_20-15-11_12885-24623,68,54,0.7941176470588235,17,0.75,1,53,54,68,0.9814814814814815,0.7794117647058824,0.8688524590163934
yolo_sppf_full_attention512_seed44,attention,512,44,Attention-512,test_2,Mouse839-female_20200322_20-15-11_12885-24623,68,54,0.7941176470588235,17,0.75,2,51,53,67,0.9622641509433962,0.7611940298507462,0.85
yolo_sppf_full_attention512_seed44,attention,512,44,Attention-512,test_2,Mouse839-female_20200322_20-15-11_12885-24623,68,54,0.7941176470588235,17,0.75,3,48,52,66,0.9230769230769231,0.7272727272727273,0.8135593220338984
yolo_sppf_full_attention512_seed44,attention,512,44,Attention-512,test_2,Mouse839-female_20200322_20-15-11_12885-24623,68,54,0.7941176470588235,17,0.75,4,45,51,65,0.8823529411764706,0.6923076923076923,0.7758620689655172
yolo_sppf_full_attention896_seed42,attention,896,42,Attention-896,test_2,Mouse839-female_20200322_20-15-11_12885-24623,68,54,0.7941176470588235,15,0.7794117647058824,1,54,54,68,1.0,0.7941176470588235,0.8852459016393442
yolo_sppf_full_attention896_seed42,attention,896,42,Attention-896,test_2,Mouse839-female_20200322_20-15-11_12885-24623,68,54,0.7941176470588235,15,0.7794117647058824,2,53,53,67,1.0,0.7910447761194029,0.8833333333333333
yolo_sppf_full_attention896_seed42,attention,896,42,Attention-896,test_2,Mouse839-female_20200322_20-15-11_12885-24623,68,54,0.7941176470588235,15,0.7794117647058824,3,52,52,66,1.0,0.7878787878787878,0.8813559322033898
yolo_sppf_full_attention896_seed42,attention,896,42,Attention-896,test_2,Mouse839-female_20200322_20-15-11_12885-24623,68,54,0.7941176470588235,15,0.7794117647058824,4,50,51,65,0.9803921568627451,0.7692307692307693,0.8620689655172413
yolo_sppf_full_attention896_seed43,attention,896,43,Attention-896,test_2,Mouse839-female_20200322_20-15-11_12885-24623,68,53,0.7794117647058824,15,0.7794117647058824,1,53,53,68,1.0,0.7794117647058824,0.8760330578512397
yolo_sppf_full_attention896_seed43,attention,896,43,Attention-896,test_2,Mouse839-female_20200322_20-15-11_12885-24623,68,53,0.7794117647058824,15,0.7794117647058824,2,52,52,67,1.0,0.7761194029850746,0.8739495798319328
yolo_sppf_full_attention896_seed43,attention,896,43,Attention-896,test_2,Mouse839-female_20200322_20-15-11_12885-24623,68,53,0.7794117647058824,15,0.7794117647058824,3,51,51,66,1.0,0.7727272727272727,0.8717948717948718
yolo_sppf_full_attention896_seed43,attention,896,43,Attention-896,test_2,Mouse839-female_20200322_20-15-11_12885-24623,68,53,0.7794117647058824,15,0.7794117647058824,4,50,50,65,1.0,0.7692307692307693,0.8695652173913044
yolo_sppf_full_attention896_seed44,attention,896,44,Attention-896,test_2,Mouse839-female_20200322_20-15-11_12885-24623,68,51,0.75,17,0.75,1,51,51,68,1.0,0.75,0.8571428571428571
yolo_sppf_full_attention896_seed44,attention,896,44,Attention-896,test_2,Mouse839-female_20200322_20-15-11_12885-24623,68,51,0.75,17,0.75,2,50,50,67,1.0,0.746268656716418,0.8547008547008548
yolo_sppf_full_attention896_seed44,attention,896,44,Attention-896,test_2,Mouse839-female_20200322_20-15-11_12885-24623,68,51,0.75,17,0.75,3,47,49,66,0.9591836734693877,0.7121212121212122,0.817391304347826
yolo_sppf_full_attention896_seed44,attention,896,44,Attention-896,test_2,Mouse839-female_20200322_20-15-11_12885-24623,68,51,0.75,17,0.75,4,44,48,65,0.9166666666666666,0.676923076923077,0.7787610619469026
yolo_sppf_full_lstm256_seed42,lstm,256,42,LSTM-256,test_2,Mouse839-female_20200322_20-15-11_12885-24623,68,52,0.7647058823529411,17,0.75,1,52,52,68,1.0,0.7647058823529411,0.8666666666666666
yolo_sppf_full_lstm256_seed42,lstm,256,42,LSTM-256,test_2,Mouse839-female_20200322_20-15-11_12885-24623,68,52,0.7647058823529411,17,0.75,2,51,51,67,1.0,0.7611940298507462,0.864406779661017
yolo_sppf_full_lstm256_seed42,lstm,256,42,LSTM-256,test_2,Mouse839-female_20200322_20-15-11_12885-24623,68,52,0.7647058823529411,17,0.75,3,48,50,66,0.96,0.7272727272727273,0.8275862068965517
yolo_sppf_full_lstm256_seed42,lstm,256,42,LSTM-256,test_2,Mouse839-female_20200322_20-15-11_12885-24623,68,52,0.7647058823529411,17,0.75,4,45,49,65,0.9183673469387755,0.6923076923076923,0.7894736842105262
yolo_sppf_full_lstm256_seed43,lstm,256,43,LSTM-256,test_2,Mouse839-female_20200322_20-15-11_12885-24623,68,54,0.7941176470588235,15,0.7794117647058824,1,54,54,68,1.0,0.7941176470588235,0.8852459016393442
yolo_sppf_full_lstm256_seed43,lstm,256,43,LSTM-256,test_2,Mouse839-female_20200322_20-15-11_12885-24623,68,54,0.7941176470588235,15,0.7794117647058824,2,53,53,67,1.0,0.7910447761194029,0.8833333333333333
yolo_sppf_full_lstm256_seed43,lstm,256,43,LSTM-256,test_2,Mouse839-female_20200322_20-15-11_12885-24623,68,54,0.7941176470588235,15,0.7794117647058824,3,52,52,66,1.0,0.7878787878787878,0.8813559322033898
yolo_sppf_full_lstm256_seed43,lstm,256,43,LSTM-256,test_2,Mouse839-female_20200322_20-15-11_12885-24623,68,54,0.7941176470588235,15,0.7794117647058824,4,48,51,65,0.9411764705882353,0.7384615384615385,0.8275862068965518
yolo_sppf_full_lstm256_seed44,lstm,256,44,LSTM-256,test_2,Mouse839-female_20200322_20-15-11_12885-24623,68,54,0.7941176470588235,15,0.7794117647058824,1,54,54,68,1.0,0.7941176470588235,0.8852459016393442
yolo_sppf_full_lstm256_seed44,lstm,256,44,LSTM-256,test_2,Mouse839-female_20200322_20-15-11_12885-24623,68,54,0.7941176470588235,15,0.7794117647058824,2,53,53,67,1.0,0.7910447761194029,0.8833333333333333
yolo_sppf_full_lstm256_seed44,lstm,256,44,LSTM-256,test_2,Mouse839-female_20200322_20-15-11_12885-24623,68,54,0.7941176470588235,15,0.7794117647058824,3,51,52,66,0.9807692307692307,0.7727272727272727,0.864406779661017
yolo_sppf_full_lstm256_seed44,lstm,256,44,LSTM-256,test_2,Mouse839-female_20200322_20-15-11_12885-24623,68,54,0.7941176470588235,15,0.7794117647058824,4,49,51,65,0.9607843137254902,0.7538461538461538,0.8448275862068965
yolo_sppf_full_lstm512_seed42,lstm,512,42,LSTM-512,test_2,Mouse839-female_20200322_20-15-11_12885-24623,68,58,0.8529411764705882,12,0.8235294117647058,1,58,58,68,1.0,0.8529411764705882,0.9206349206349206
yolo_sppf_full_lstm512_seed42,lstm,512,42,LSTM-512,test_2,Mouse839-female_20200322_20-15-11_12885-24623,68,58,0.8529411764705882,12,0.8235294117647058,2,57,57,67,1.0,0.8507462686567164,0.9193548387096774
yolo_sppf_full_lstm512_seed42,lstm,512,42,LSTM-512,test_2,Mouse839-female_20200322_20-15-11_12885-24623,68,58,0.8529411764705882,12,0.8235294117647058,3,56,56,66,1.0,0.8484848484848485,0.9180327868852458
yolo_sppf_full_lstm512_seed42,lstm,512,42,LSTM-512,test_2,Mouse839-female_20200322_20-15-11_12885-24623,68,58,0.8529411764705882,12,0.8235294117647058,4,54,55,65,0.9818181818181818,0.8307692307692308,0.9
yolo_sppf_full_lstm512_seed43,lstm,512,43,LSTM-512,test_2,Mouse839-female_20200322_20-15-11_12885-24623,68,55,0.8088235294117647,15,0.7794117647058824,1,55,55,68,1.0,0.8088235294117647,0.8943089430894309
yolo_sppf_full_lstm512_seed43,lstm,512,43,LSTM-512,test_2,Mouse839-female_20200322_20-15-11_12885-24623,68,55,0.8088235294117647,15,0.7794117647058824,2,54,54,67,1.0,0.8059701492537313,0.8925619834710743
yolo_sppf_full_lstm512_seed43,lstm,512,43,LSTM-512,test_2,Mouse839-female_20200322_20-15-11_12885-24623,68,55,0.8088235294117647,15,0.7794117647058824,3,53,53,66,1.0,0.803030303030303,0.8907563025210083
yolo_sppf_full_lstm512_seed43,lstm,512,43,LSTM-512,test_2,Mouse839-female_20200322_20-15-11_12885-24623,68,55,0.8088235294117647,15,0.7794117647058824,4,50,52,65,0.9615384615384616,0.7692307692307693,0.8547008547008548
yolo_sppf_full_lstm512_seed44,lstm,512,44,LSTM-512,test_2,Mouse839-female_20200322_20-15-11_12885-24623,68,52,0.7647058823529411,16,0.7647058823529411,1,52,52,68,1.0,0.7647058823529411,0.8666666666666666
yolo_sppf_full_lstm512_seed44,lstm,512,44,LSTM-512,test_2,Mouse839-female_20200322_20-15-11_12885-24623,68,52,0.7647058823529411,16,0.7647058823529411,2,51,51,67,1.0,0.7611940298507462,0.864406779661017
yolo_sppf_full_lstm512_seed44,lstm,512,44,LSTM-512,test_2,Mouse839-female_20200322_20-15-11_12885-24623,68,52,0.7647058823529411,16,0.7647058823529411,3,48,50,66,0.96,0.7272727272727273,0.8275862068965517
yolo_sppf_full_lstm512_seed44,lstm,512,44,LSTM-512,test_2,Mouse839-female_20200322_20-15-11_12885-24623,68,52,0.7647058823529411,16,0.7647058823529411,4,45,49,65,0.9183673469387755,0.6923076923076923,0.7894736842105262
yolo_sppf_full_lstm896_seed42,lstm,896,42,LSTM-896,test_2,Mouse839-female_20200322_20-15-11_12885-24623,68,60,0.8823529411764706,11,0.8382352941176471,1,60,60,68,1.0,0.8823529411764706,0.9375
yolo_sppf_full_lstm896_seed42,lstm,896,42,LSTM-896,test_2,Mouse839-female_20200322_20-15-11_12885-24623,68,60,0.8823529411764706,11,0.8382352941176471,2,59,59,67,1.0,0.8805970149253731,0.9365079365079364
yolo_sppf_full_lstm896_seed42,lstm,896,42,LSTM-896,test_2,Mouse839-female_20200322_20-15-11_12885-24623,68,60,0.8823529411764706,11,0.8382352941176471,3,56,58,66,0.9655172413793104,0.8484848484848485,0.9032258064516129
yolo_sppf_full_lstm896_seed42,lstm,896,42,LSTM-896,test_2,Mouse839-female_20200322_20-15-11_12885-24623,68,60,0.8823529411764706,11,0.8382352941176471,4,52,57,65,0.9122807017543859,0.8,0.8524590163934427
yolo_sppf_full_lstm896_seed43,lstm,896,43,LSTM-896,test_2,Mouse839-female_20200322_20-15-11_12885-24623,68,59,0.8676470588235294,9,0.8676470588235294,1,59,59,68,1.0,0.8676470588235294,0.9291338582677166
yolo_sppf_full_lstm896_seed43,lstm,896,43,LSTM-896,test_2,Mouse839-female_20200322_20-15-11_12885-24623,68,59,0.8676470588235294,9,0.8676470588235294,2,58,58,67,1.0,0.8656716417910447,0.928
yolo_sppf_full_lstm896_seed43,lstm,896,43,LSTM-896,test_2,Mouse839-female_20200322_20-15-11_12885-24623,68,59,0.8676470588235294,9,0.8676470588235294,3,56,57,66,0.9824561403508771,0.8484848484848485,0.9105691056910568
yolo_sppf_full_lstm896_seed43,lstm,896,43,LSTM-896,test_2,Mouse839-female_20200322_20-15-11_12885-24623,68,59,0.8676470588235294,9,0.8676470588235294,4,53,56,65,0.9464285714285714,0.8153846153846154,0.8760330578512396
yolo_sppf_full_lstm896_seed44,lstm,896,44,LSTM-896,test_2,Mouse839-female_20200322_20-15-11_12885-24623,68,56,0.8235294117647058,14,0.7941176470588236,1,55,56,68,0.9821428571428571,0.8088235294117647,0.8870967741935484
yolo_sppf_full_lstm896_seed44,lstm,896,44,LSTM-896,test_2,Mouse839-female_20200322_20-15-11_12885-24623,68,56,0.8235294117647058,14,0.7941176470588236,2,53,55,67,0.9636363636363636,0.7910447761194029,0.8688524590163933
yolo_sppf_full_lstm896_seed44,lstm,896,44,LSTM-896,test_2,Mouse839-female_20200322_20-15-11_12885-24623,68,56,0.8235294117647058,14,0.7941176470588236,3,48,54,66,0.8888888888888888,0.7272727272727273,0.7999999999999999
yolo_sppf_full_lstm896_seed44,lstm,896,44,LSTM-896,test_2,Mouse839-female_20200322_20-15-11_12885-24623,68,56,0.8235294117647058,14,0.7941176470588236,4,43,53,65,0.8113207547169812,0.6615384615384615,0.7288135593220341
