track,class,gt_start_frame,gt_end_frame,gt_duration_frames,overlapping_pred_bouts,covered_gt_frames,gt_coverage_fraction,split,video_id
Full attention-256,investigation,6,22,17,1,17,1.0,test_1,Mouse060_20160526_18-16-27
Full attention-256,investigation,49,123,75,1,75,1.0,test_1,Mouse060_20160526_18-16-27
Full attention-256,investigation,152,293,142,1,142,1.0,test_1,Mouse060_20160526_18-16-27
Full attention-256,investigation,313,689,377,1,377,1.0,test_1,Mouse060_20160526_18-16-27
Full attention-256,investigation,716,1090,375,1,372,0.992,test_1,Mouse060_20160526_18-16-27
Full attention-256,investigation,1117,1288,172,1,172,1.0,test_1,Mouse060_20160526_18-16-27
Full attention-256,investigation,1306,1602,297,1,297,1.0,test_1,Mouse060_20160526_18-16-27
Full attention-256,investigation,1653,1780,128,1,123,0.9609375,test_1,Mouse060_20160526_18-16-27
Full attention-256,investigation,1801,1967,167,1,167,1.0,test_1,Mouse060_20160526_18-16-27
Full attention-256,investigation,2178,2323,146,1,142,0.9726027397260274,test_1,Mouse060_20160526_18-16-27
Full attention-256,mount,2325,2421,97,1,91,0.9381443298969072,test_1,Mouse060_20160526_18-16-27
Full attention-256,investigation,2559,2597,39,1,32,0.8205128205128205,test_1,Mouse060_20160526_18-16-27
Full attention-256,mount,2599,2664,66,1,66,1.0,test_1,Mouse060_20160526_18-16-27
Full attention-256,investigation,2666,2680,15,1,9,0.6,test_1,Mouse060_20160526_18-16-27
Full attention-256,investigation,2820,2848,29,1,28,0.9655172413793104,test_1,Mouse060_20160526_18-16-27
Full attention-256,mount,2850,3106,257,1,257,1.0,test_1,Mouse060_20160526_18-16-27
Full attention-256,investigation,3108,3138,31,1,19,0.6129032258064516,test_1,Mouse060_20160526_18-16-27
Full attention-256,investigation,3295,3311,17,1,17,1.0,test_1,Mouse060_20160526_18-16-27
Full attention-256,mount,3313,3435,123,1,123,1.0,test_1,Mouse060_20160526_18-16-27
Full attention-256,investigation,3437,3460,24,1,21,0.875,test_1,Mouse060_20160526_18-16-27
Full attention-256,investigation,3537,3566,30,1,30,1.0,test_1,Mouse060_20160526_18-16-27
Full attention-256,mount,3568,3632,65,1,64,0.9846153846153847,test_1,Mouse060_20160526_18-16-27
Full attention-256,investigation,3634,3689,56,1,46,0.8214285714285714,test_1,Mouse060_20160526_18-16-27
Full attention-256,mount,3691,3734,44,1,44,1.0,test_1,Mouse060_20160526_18-16-27
Full attention-256,investigation,3736,3800,65,1,48,0.7384615384615385,test_1,Mouse060_20160526_18-16-27
Full attention-256,mount,3802,3816,15,1,6,0.4,test_1,Mouse060_20160526_18-16-27
Full attention-256,investigation,3818,3838,21,1,21,1.0,test_1,Mouse060_20160526_18-16-27
Full attention-256,investigation,3859,3981,123,1,123,1.0,test_1,Mouse060_20160526_18-16-27
Full attention-256,investigation,4000,4055,56,1,56,1.0,test_1,Mouse060_20160526_18-16-27
Full attention-256,investigation,4290,4346,57,1,46,0.8070175438596491,test_1,Mouse060_20160526_18-16-27
Full attention-256,mount,4348,4501,154,1,154,1.0,test_1,Mouse060_20160526_18-16-27
Full attention-256,investigation,4612,4685,74,2,28,0.3783783783783784,test_1,Mouse060_20160526_18-16-27
Full attention-256,mount,4687,4710,24,1,24,1.0,test_1,Mouse060_20160526_18-16-27
Full attention-256,investigation,4712,4718,7,0,0,0.0,test_1,Mouse060_20160526_18-16-27
Full attention-256,investigation,4965,5026,62,1,43,0.6935483870967742,test_1,Mouse060_20160526_18-16-27
Full attention-256,mount,5028,5183,156,1,128,0.8205128205128205,test_1,Mouse060_20160526_18-16-27
Full attention-256,investigation,5913,5996,84,1,71,0.8452380952380952,test_1,Mouse060_20160526_18-16-27
Full attention-256,mount,5998,6322,325,1,325,1.0,test_1,Mouse060_20160526_18-16-27
Full attention-256,investigation,6918,6945,28,1,26,0.9285714285714286,test_1,Mouse060_20160526_18-16-27
Full attention-256,mount,6947,6981,35,1,29,0.8285714285714286,test_1,Mouse060_20160526_18-16-27
Full attention-256,investigation,6983,7047,65,1,65,1.0,test_1,Mouse060_20160526_18-16-27
Full attention-256,investigation,7179,7237,59,1,48,0.8135593220338984,test_1,Mouse060_20160526_18-16-27
Full attention-256,mount,7239,7454,216,1,201,0.9305555555555556,test_1,Mouse060_20160526_18-16-27
Full attention-256,investigation,7778,7785,8,0,0,0.0,test_1,Mouse060_20160526_18-16-27
Full attention-256,investigation,8003,8013,11,1,11,1.0,test_1,Mouse060_20160526_18-16-27
Full attention-256,investigation,8029,8037,9,1,3,0.3333333333333333,test_1,Mouse060_20160526_18-16-27
Full attention-256,investigation,8280,8340,61,1,56,0.9180327868852459,test_1,Mouse060_20160526_18-16-27
Full attention-256,investigation,9047,9099,53,1,28,0.5283018867924528,test_1,Mouse060_20160526_18-16-27
Full attention-256,mount,9101,9349,249,1,246,0.9879518072289156,test_1,Mouse060_20160526_18-16-27
Full attention-256,investigation,9351,9357,7,0,0,0.0,test_1,Mouse060_20160526_18-16-27
Full attention-256,investigation,9549,9571,23,1,16,0.6956521739130435,test_1,Mouse060_20160526_18-16-27
Full attention-256,mount,9573,9648,76,1,64,0.8421052631578947,test_1,Mouse060_20160526_18-16-27
Full attention-256,investigation,9916,9927,12,0,0,0.0,test_1,Mouse060_20160526_18-16-27
Full attention-256,investigation,10263,10331,69,1,60,0.8695652173913043,test_1,Mouse060_20160526_18-16-27
Full attention-256,mount,10333,10381,49,1,46,0.9387755102040817,test_1,Mouse060_20160526_18-16-27
Full attention-256,investigation,10383,10573,191,1,190,0.9947643979057592,test_1,Mouse060_20160526_18-16-27
Full attention-256,mount,10869,10985,117,1,117,1.0,test_1,Mouse060_20160526_18-16-27
Full attention-256,investigation,11864,11900,37,1,8,0.21621621621621623,test_1,Mouse060_20160526_18-16-27
Full attention-256,mount,11902,12072,171,1,171,1.0,test_1,Mouse060_20160526_18-16-27
Full attention-256,investigation,12158,12176,19,1,17,0.8947368421052632,test_1,Mouse060_20160526_18-16-27
Full attention-256,mount,12178,12308,131,1,117,0.8931297709923665,test_1,Mouse060_20160526_18-16-27
Full attention-256,investigation,12310,12315,6,0,0,0.0,test_1,Mouse060_20160526_18-16-27
Full attention-256,investigation,12552,12563,12,1,8,0.6666666666666666,test_1,Mouse060_20160526_18-16-27
Full attention-256,investigation,13085,13142,58,1,32,0.5517241379310345,test_1,Mouse060_20160526_18-16-27
Full attention-256,mount,13144,13183,40,1,40,1.0,test_1,Mouse060_20160526_18-16-27
Full attention-256,investigation,13185,13194,10,1,10,1.0,test_1,Mouse060_20160526_18-16-27
Full attention-256,investigation,13487,13502,16,1,15,0.9375,test_1,Mouse060_20160526_18-16-27
Full attention-256,investigation,13580,13595,16,1,12,0.75,test_1,Mouse060_20160526_18-16-27
Full attention-256,mount,13597,13699,103,1,100,0.970873786407767,test_1,Mouse060_20160526_18-16-27
Full attention-256,investigation,13701,13711,11,0,0,0.0,test_1,Mouse060_20160526_18-16-27
Full attention-256,investigation,13870,13908,39,1,34,0.8717948717948718,test_1,Mouse060_20160526_18-16-27
Full attention-256,investigation,14216,14232,17,0,0,0.0,test_1,Mouse060_20160526_18-16-27
Full attention-256,investigation,14552,14614,63,1,63,1.0,test_1,Mouse060_20160526_18-16-27
Full attention-256,investigation,15121,15347,227,2,207,0.9118942731277533,test_1,Mouse060_20160526_18-16-27
Full attention-256,investigation,15443,15450,8,0,0,0.0,test_1,Mouse060_20160526_18-16-27
Full attention-256,investigation,16048,16071,24,0,0,0.0,test_1,Mouse060_20160526_18-16-27
Full attention-256,investigation,16365,16388,24,1,16,0.6666666666666666,test_1,Mouse060_20160526_18-16-27
Full attention-256,investigation,16463,16515,53,1,48,0.9056603773584906,test_1,Mouse060_20160526_18-16-27
Full attention-256,investigation,16815,16973,159,2,142,0.8930817610062893,test_1,Mouse060_20160526_18-16-27
Full attention-256,investigation,17079,17165,87,1,64,0.735632183908046,test_1,Mouse060_20160526_18-16-27
Full attention-256,investigation,17361,17391,31,1,31,1.0,test_1,Mouse060_20160526_18-16-27
Full attention-256,investigation,17487,17511,25,1,25,1.0,test_1,Mouse060_20160526_18-16-27
Full attention-256,investigation,18011,18014,4,1,4,1.0,test_1,Mouse060_20160526_18-16-27
Full attention-256,investigation,18359,18377,19,0,0,0.0,test_1,Mouse060_20160526_18-16-27
Full attention-256,mount,18379,18566,188,1,176,0.9361702127659575,test_1,Mouse060_20160526_18-16-27
Full attention-256,investigation,19049,19088,40,1,23,0.575,test_1,Mouse060_20160526_18-16-27
Full attention-256,mount,19090,19163,74,1,74,1.0,test_1,Mouse060_20160526_18-16-27
Full attention-256,investigation,19165,19187,23,1,4,0.17391304347826086,test_1,Mouse060_20160526_18-16-27
Full attention-256,investigation,19661,19666,6,0,0,0.0,test_1,Mouse060_20160526_18-16-27
Full attention-256,investigation,20251,20255,5,0,0,0.0,test_1,Mouse060_20160526_18-16-27
Full attention-256,investigation,20319,20434,116,2,97,0.8362068965517241,test_1,Mouse060_20160526_18-16-27
Full attention-256,investigation,20649,20660,12,0,0,0.0,test_1,Mouse060_20160526_18-16-27
Full attention-256,investigation,20718,20762,45,1,27,0.6,test_1,Mouse060_20160526_18-16-27
Full attention-256,mount,20764,20775,12,0,0,0.0,test_1,Mouse060_20160526_18-16-27
Full attention-256,investigation,20900,20908,9,0,0,0.0,test_1,Mouse060_20160526_18-16-27
Full attention-256,investigation,21123,21149,27,1,27,1.0,test_1,Mouse060_20160526_18-16-27
Full attention-256,mount,21151,21193,43,1,32,0.7441860465116279,test_1,Mouse060_20160526_18-16-27
Full attention-256,investigation,21195,21250,56,1,56,1.0,test_1,Mouse060_20160526_18-16-27
Full attention-256,investigation,21264,21290,27,1,11,0.4074074074074074,test_1,Mouse060_20160526_18-16-27
Full attention-256,investigation,21449,21472,24,1,23,0.9583333333333334,test_1,Mouse060_20160526_18-16-27
Full attention-256,investigation,21515,21548,34,1,34,1.0,test_1,Mouse060_20160526_18-16-27
Full attention-256,investigation,22071,22090,20,1,20,1.0,test_1,Mouse060_20160526_18-16-27
Full attention-256,investigation,22127,22135,9,0,0,0.0,test_1,Mouse060_20160526_18-16-27
Full attention-256,investigation,22729,22776,48,1,41,0.8541666666666666,test_1,Mouse060_20160526_18-16-27
Full attention-256,investigation,22972,23011,40,1,36,0.9,test_1,Mouse060_20160526_18-16-27
Full attention-256,mount,23013,23050,38,1,38,1.0,test_1,Mouse060_20160526_18-16-27
Full attention-256,investigation,23052,23062,11,0,0,0.0,test_1,Mouse060_20160526_18-16-27
Full attention-256,investigation,23453,23500,48,1,45,0.9375,test_1,Mouse060_20160526_18-16-27
Full attention-256,investigation,24189,24228,40,0,0,0.0,test_1,Mouse060_20160526_18-16-27
Full LSTM-256,investigation,6,22,17,1,17,1.0,test_1,Mouse060_20160526_18-16-27
Full LSTM-256,investigation,49,123,75,1,75,1.0,test_1,Mouse060_20160526_18-16-27
Full LSTM-256,investigation,152,293,142,2,120,0.8450704225352113,test_1,Mouse060_20160526_18-16-27
Full LSTM-256,investigation,313,689,377,1,375,0.9946949602122016,test_1,Mouse060_20160526_18-16-27
Full LSTM-256,investigation,716,1090,375,1,352,0.9386666666666666,test_1,Mouse060_20160526_18-16-27
Full LSTM-256,investigation,1117,1288,172,1,172,1.0,test_1,Mouse060_20160526_18-16-27
Full LSTM-256,investigation,1306,1602,297,1,297,1.0,test_1,Mouse060_20160526_18-16-27
Full LSTM-256,investigation,1653,1780,128,1,123,0.9609375,test_1,Mouse060_20160526_18-16-27
Full LSTM-256,investigation,1801,1967,167,1,167,1.0,test_1,Mouse060_20160526_18-16-27
Full LSTM-256,investigation,2178,2323,146,1,142,0.9726027397260274,test_1,Mouse060_20160526_18-16-27
Full LSTM-256,mount,2325,2421,97,1,91,0.9381443298969072,test_1,Mouse060_20160526_18-16-27
Full LSTM-256,investigation,2559,2597,39,1,32,0.8205128205128205,test_1,Mouse060_20160526_18-16-27
Full LSTM-256,mount,2599,2664,66,1,57,0.8636363636363636,test_1,Mouse060_20160526_18-16-27
Full LSTM-256,investigation,2666,2680,15,1,15,1.0,test_1,Mouse060_20160526_18-16-27
Full LSTM-256,investigation,2820,2848,29,1,28,0.9655172413793104,test_1,Mouse060_20160526_18-16-27
Full LSTM-256,mount,2850,3106,257,1,257,1.0,test_1,Mouse060_20160526_18-16-27
Full LSTM-256,investigation,3108,3138,31,1,19,0.6129032258064516,test_1,Mouse060_20160526_18-16-27
Full LSTM-256,investigation,3295,3311,17,0,0,0.0,test_1,Mouse060_20160526_18-16-27
Full LSTM-256,mount,3313,3435,123,1,123,1.0,test_1,Mouse060_20160526_18-16-27
Full LSTM-256,investigation,3437,3460,24,1,21,0.875,test_1,Mouse060_20160526_18-16-27
Full LSTM-256,investigation,3537,3566,30,1,30,1.0,test_1,Mouse060_20160526_18-16-27
Full LSTM-256,mount,3568,3632,65,1,65,1.0,test_1,Mouse060_20160526_18-16-27
Full LSTM-256,investigation,3634,3689,56,1,42,0.75,test_1,Mouse060_20160526_18-16-27
Full LSTM-256,mount,3691,3734,44,1,32,0.7272727272727273,test_1,Mouse060_20160526_18-16-27
Full LSTM-256,investigation,3736,3800,65,1,56,0.8615384615384616,test_1,Mouse060_20160526_18-16-27
Full LSTM-256,mount,3802,3816,15,1,6,0.4,test_1,Mouse060_20160526_18-16-27
Full LSTM-256,investigation,3818,3838,21,1,21,1.0,test_1,Mouse060_20160526_18-16-27
Full LSTM-256,investigation,3859,3981,123,1,123,1.0,test_1,Mouse060_20160526_18-16-27
Full LSTM-256,investigation,4000,4055,56,1,56,1.0,test_1,Mouse060_20160526_18-16-27
Full LSTM-256,investigation,4290,4346,57,1,46,0.8070175438596491,test_1,Mouse060_20160526_18-16-27
Full LSTM-256,mount,4348,4501,154,1,154,1.0,test_1,Mouse060_20160526_18-16-27
Full LSTM-256,investigation,4612,4685,74,2,44,0.5945945945945946,test_1,Mouse060_20160526_18-16-27
Full LSTM-256,mount,4687,4710,24,1,24,1.0,test_1,Mouse060_20160526_18-16-27
Full LSTM-256,investigation,4712,4718,7,0,0,0.0,test_1,Mouse060_20160526_18-16-27
Full LSTM-256,investigation,4965,5026,62,1,32,0.5161290322580645,test_1,Mouse060_20160526_18-16-27
Full LSTM-256,mount,5028,5183,156,1,128,0.8205128205128205,test_1,Mouse060_20160526_18-16-27
Full LSTM-256,investigation,5913,5996,84,1,39,0.4642857142857143,test_1,Mouse060_20160526_18-16-27
Full LSTM-256,mount,5998,6322,325,1,320,0.9846153846153847,test_1,Mouse060_20160526_18-16-27
Full LSTM-256,investigation,6918,6945,28,0,0,0.0,test_1,Mouse060_20160526_18-16-27
Full LSTM-256,mount,6947,6981,35,1,29,0.8285714285714286,test_1,Mouse060_20160526_18-16-27
Full LSTM-256,investigation,6983,7047,65,1,65,1.0,test_1,Mouse060_20160526_18-16-27
Full LSTM-256,investigation,7179,7237,59,1,48,0.8135593220338984,test_1,Mouse060_20160526_18-16-27
Full LSTM-256,mount,7239,7454,216,1,216,1.0,test_1,Mouse060_20160526_18-16-27
Full LSTM-256,investigation,7778,7785,8,0,0,0.0,test_1,Mouse060_20160526_18-16-27
Full LSTM-256,investigation,8003,8013,11,0,0,0.0,test_1,Mouse060_20160526_18-16-27
Full LSTM-256,investigation,8029,8037,9,0,0,0.0,test_1,Mouse060_20160526_18-16-27
Full LSTM-256,investigation,8280,8340,61,1,56,0.9180327868852459,test_1,Mouse060_20160526_18-16-27
Full LSTM-256,investigation,9047,9099,53,1,28,0.5283018867924528,test_1,Mouse060_20160526_18-16-27
Full LSTM-256,mount,9101,9349,249,1,246,0.9879518072289156,test_1,Mouse060_20160526_18-16-27
Full LSTM-256,investigation,9351,9357,7,0,0,0.0,test_1,Mouse060_20160526_18-16-27
Full LSTM-256,investigation,9549,9571,23,0,0,0.0,test_1,Mouse060_20160526_18-16-27
Full LSTM-256,mount,9573,9648,76,1,64,0.8421052631578947,test_1,Mouse060_20160526_18-16-27
Full LSTM-256,investigation,9916,9927,12,0,0,0.0,test_1,Mouse060_20160526_18-16-27
Full LSTM-256,investigation,10263,10331,69,1,60,0.8695652173913043,test_1,Mouse060_20160526_18-16-27
Full LSTM-256,mount,10333,10381,49,1,46,0.9387755102040817,test_1,Mouse060_20160526_18-16-27
Full LSTM-256,investigation,10383,10573,191,1,190,0.9947643979057592,test_1,Mouse060_20160526_18-16-27
Full LSTM-256,mount,10869,10985,117,1,117,1.0,test_1,Mouse060_20160526_18-16-27
Full LSTM-256,investigation,11864,11900,37,1,24,0.6486486486486487,test_1,Mouse060_20160526_18-16-27
Full LSTM-256,mount,11902,12072,171,1,171,1.0,test_1,Mouse060_20160526_18-16-27
Full LSTM-256,investigation,12158,12176,19,1,17,0.8947368421052632,test_1,Mouse060_20160526_18-16-27
Full LSTM-256,mount,12178,12308,131,1,112,0.8549618320610687,test_1,Mouse060_20160526_18-16-27
Full LSTM-256,investigation,12310,12315,6,1,6,1.0,test_1,Mouse060_20160526_18-16-27
Full LSTM-256,investigation,12552,12563,12,0,0,0.0,test_1,Mouse060_20160526_18-16-27
Full LSTM-256,investigation,13085,13142,58,1,48,0.8275862068965517,test_1,Mouse060_20160526_18-16-27
Full LSTM-256,mount,13144,13183,40,1,40,1.0,test_1,Mouse060_20160526_18-16-27
Full LSTM-256,investigation,13185,13194,10,1,10,1.0,test_1,Mouse060_20160526_18-16-27
Full LSTM-256,investigation,13487,13502,16,1,15,0.9375,test_1,Mouse060_20160526_18-16-27
Full LSTM-256,investigation,13580,13595,16,1,16,1.0,test_1,Mouse060_20160526_18-16-27
Full LSTM-256,mount,13597,13699,103,1,100,0.970873786407767,test_1,Mouse060_20160526_18-16-27
Full LSTM-256,investigation,13701,13711,11,0,0,0.0,test_1,Mouse060_20160526_18-16-27
Full LSTM-256,investigation,13870,13908,39,1,32,0.8205128205128205,test_1,Mouse060_20160526_18-16-27
Full LSTM-256,investigation,14216,14232,17,0,0,0.0,test_1,Mouse060_20160526_18-16-27
Full LSTM-256,investigation,14552,14614,63,1,56,0.8888888888888888,test_1,Mouse060_20160526_18-16-27
Full LSTM-256,investigation,15121,15347,227,2,196,0.8634361233480177,test_1,Mouse060_20160526_18-16-27
Full LSTM-256,investigation,15443,15450,8,0,0,0.0,test_1,Mouse060_20160526_18-16-27
Full LSTM-256,investigation,16048,16071,24,0,0,0.0,test_1,Mouse060_20160526_18-16-27
Full LSTM-256,investigation,16365,16388,24,0,0,0.0,test_1,Mouse060_20160526_18-16-27
Full LSTM-256,investigation,16463,16515,53,1,48,0.9056603773584906,test_1,Mouse060_20160526_18-16-27
Full LSTM-256,investigation,16815,16973,159,2,142,0.8930817610062893,test_1,Mouse060_20160526_18-16-27
Full LSTM-256,investigation,17079,17165,87,2,62,0.7126436781609196,test_1,Mouse060_20160526_18-16-27
Full LSTM-256,investigation,17361,17391,31,1,16,0.5161290322580645,test_1,Mouse060_20160526_18-16-27
Full LSTM-256,investigation,17487,17511,25,1,25,1.0,test_1,Mouse060_20160526_18-16-27
Full LSTM-256,investigation,18011,18014,4,1,4,1.0,test_1,Mouse060_20160526_18-16-27
Full LSTM-256,investigation,18359,18377,19,0,0,0.0,test_1,Mouse060_20160526_18-16-27
Full LSTM-256,mount,18379,18566,188,1,167,0.8882978723404256,test_1,Mouse060_20160526_18-16-27
Full LSTM-256,investigation,19049,19088,40,0,0,0.0,test_1,Mouse060_20160526_18-16-27
Full LSTM-256,mount,19090,19163,74,1,74,1.0,test_1,Mouse060_20160526_18-16-27
Full LSTM-256,investigation,19165,19187,23,1,4,0.17391304347826086,test_1,Mouse060_20160526_18-16-27
Full LSTM-256,investigation,19661,19666,6,0,0,0.0,test_1,Mouse060_20160526_18-16-27
Full LSTM-256,investigation,20251,20255,5,0,0,0.0,test_1,Mouse060_20160526_18-16-27
Full LSTM-256,investigation,20319,20434,116,0,0,0.0,test_1,Mouse060_20160526_18-16-27
Full LSTM-256,investigation,20649,20660,12,0,0,0.0,test_1,Mouse060_20160526_18-16-27
Full LSTM-256,investigation,20718,20762,45,1,27,0.6,test_1,Mouse060_20160526_18-16-27
Full LSTM-256,mount,20764,20775,12,0,0,0.0,test_1,Mouse060_20160526_18-16-27
Full LSTM-256,investigation,20900,20908,9,0,0,0.0,test_1,Mouse060_20160526_18-16-27
Full LSTM-256,investigation,21123,21149,27,1,27,1.0,test_1,Mouse060_20160526_18-16-27
Full LSTM-256,mount,21151,21193,43,1,32,0.7441860465116279,test_1,Mouse060_20160526_18-16-27
Full LSTM-256,investigation,21195,21250,56,1,56,1.0,test_1,Mouse060_20160526_18-16-27
Full LSTM-256,investigation,21264,21290,27,0,0,0.0,test_1,Mouse060_20160526_18-16-27
Full LSTM-256,investigation,21449,21472,24,0,0,0.0,test_1,Mouse060_20160526_18-16-27
Full LSTM-256,investigation,21515,21548,34,1,34,1.0,test_1,Mouse060_20160526_18-16-27
Full LSTM-256,investigation,22071,22090,20,1,20,1.0,test_1,Mouse060_20160526_18-16-27
Full LSTM-256,investigation,22127,22135,9,0,0,0.0,test_1,Mouse060_20160526_18-16-27
Full LSTM-256,investigation,22729,22776,48,1,41,0.8541666666666666,test_1,Mouse060_20160526_18-16-27
Full LSTM-256,investigation,22972,23011,40,1,32,0.8,test_1,Mouse060_20160526_18-16-27
Full LSTM-256,mount,23013,23050,38,1,38,1.0,test_1,Mouse060_20160526_18-16-27
Full LSTM-256,investigation,23052,23062,11,0,0,0.0,test_1,Mouse060_20160526_18-16-27
Full LSTM-256,investigation,23453,23500,48,1,32,0.6666666666666666,test_1,Mouse060_20160526_18-16-27
Full LSTM-256,investigation,24189,24228,40,0,0,0.0,test_1,Mouse060_20160526_18-16-27
Full attention-256,investigation,5,196,192,1,192,1.0,test_1,Mouse061_20160526_18-38-49
Full attention-256,investigation,203,315,113,1,113,1.0,test_1,Mouse061_20160526_18-38-49
Full attention-256,investigation,321,715,395,2,379,0.959493670886076,test_1,Mouse061_20160526_18-38-49
Full attention-256,investigation,732,738,7,1,7,1.0,test_1,Mouse061_20160526_18-38-49
Full attention-256,investigation,747,756,10,1,10,1.0,test_1,Mouse061_20160526_18-38-49
Full attention-256,investigation,771,826,56,1,56,1.0,test_1,Mouse061_20160526_18-38-49
Full attention-256,investigation,935,1134,200,1,200,1.0,test_1,Mouse061_20160526_18-38-49
Full attention-256,investigation,1157,1255,99,1,99,1.0,test_1,Mouse061_20160526_18-38-49
Full attention-256,investigation,1331,1470,140,1,140,1.0,test_1,Mouse061_20160526_18-38-49
Full attention-256,investigation,1491,1498,8,1,8,1.0,test_1,Mouse061_20160526_18-38-49
Full attention-256,investigation,1608,1664,57,1,48,0.8421052631578947,test_1,Mouse061_20160526_18-38-49
Full attention-256,investigation,1786,1975,190,1,190,1.0,test_1,Mouse061_20160526_18-38-49
Full attention-256,mount,1977,2094,118,1,111,0.940677966101695,test_1,Mouse061_20160526_18-38-49
Full attention-256,investigation,2129,2234,106,1,106,1.0,test_1,Mouse061_20160526_18-38-49
Full attention-256,investigation,2285,2347,63,1,60,0.9523809523809523,test_1,Mouse061_20160526_18-38-49
Full attention-256,investigation,2397,2436,40,1,35,0.875,test_1,Mouse061_20160526_18-38-49
Full attention-256,investigation,2508,2765,258,1,258,1.0,test_1,Mouse061_20160526_18-38-49
Full attention-256,investigation,2925,2976,52,1,52,1.0,test_1,Mouse061_20160526_18-38-49
Full attention-256,investigation,3303,3427,125,1,125,1.0,test_1,Mouse061_20160526_18-38-49
Full attention-256,investigation,3613,3692,80,1,77,0.9625,test_1,Mouse061_20160526_18-38-49
Full attention-256,investigation,3791,3808,18,1,16,0.8888888888888888,test_1,Mouse061_20160526_18-38-49
Full attention-256,mount,3810,5962,2153,1,2153,1.0,test_1,Mouse061_20160526_18-38-49
Full attention-256,investigation,6139,6262,124,1,119,0.9596774193548387,test_1,Mouse061_20160526_18-38-49
Full attention-256,investigation,6438,6451,14,0,0,0.0,test_1,Mouse061_20160526_18-38-49
Full attention-256,investigation,6491,6698,208,1,208,1.0,test_1,Mouse061_20160526_18-38-49
Full attention-256,investigation,6724,6742,19,1,19,1.0,test_1,Mouse061_20160526_18-38-49
Full attention-256,investigation,6894,6988,95,1,93,0.9789473684210527,test_1,Mouse061_20160526_18-38-49
Full attention-256,investigation,7086,7110,25,1,23,0.92,test_1,Mouse061_20160526_18-38-49
Full attention-256,investigation,7164,7202,39,1,36,0.9230769230769231,test_1,Mouse061_20160526_18-38-49
Full attention-256,mount,7204,8031,828,1,828,1.0,test_1,Mouse061_20160526_18-38-49
Full attention-256,investigation,8212,8321,110,1,108,0.9818181818181818,test_1,Mouse061_20160526_18-38-49
Full attention-256,investigation,8349,8675,327,1,327,1.0,test_1,Mouse061_20160526_18-38-49
Full attention-256,investigation,8842,8944,103,1,103,1.0,test_1,Mouse061_20160526_18-38-49
Full attention-256,investigation,8970,9003,34,1,34,1.0,test_1,Mouse061_20160526_18-38-49
Full attention-256,investigation,9034,9190,157,1,157,1.0,test_1,Mouse061_20160526_18-38-49
Full attention-256,investigation,9521,9551,31,1,31,1.0,test_1,Mouse061_20160526_18-38-49
Full attention-256,mount,9553,10218,666,1,666,1.0,test_1,Mouse061_20160526_18-38-49
Full attention-256,investigation,10534,10560,27,1,26,0.9629629629629629,test_1,Mouse061_20160526_18-38-49
Full attention-256,investigation,10781,10845,65,1,62,0.9538461538461539,test_1,Mouse061_20160526_18-38-49
Full attention-256,investigation,10976,10996,21,1,21,1.0,test_1,Mouse061_20160526_18-38-49
Full attention-256,investigation,11058,11105,48,1,30,0.625,test_1,Mouse061_20160526_18-38-49
Full attention-256,mount,11107,11126,20,1,20,1.0,test_1,Mouse061_20160526_18-38-49
Full attention-256,investigation,11231,11331,101,1,100,0.9900990099009901,test_1,Mouse061_20160526_18-38-49
Full attention-256,investigation,11349,11369,21,1,21,1.0,test_1,Mouse061_20160526_18-38-49
Full attention-256,investigation,11499,11510,12,0,0,0.0,test_1,Mouse061_20160526_18-38-49
Full attention-256,mount,11512,12360,849,1,840,0.9893992932862191,test_1,Mouse061_20160526_18-38-49
Full attention-256,investigation,13044,13314,271,1,268,0.988929889298893,test_1,Mouse061_20160526_18-38-49
Full attention-256,mount,13316,13782,467,1,460,0.9850107066381156,test_1,Mouse061_20160526_18-38-49
Full attention-256,investigation,13978,14093,116,1,116,1.0,test_1,Mouse061_20160526_18-38-49
Full attention-256,investigation,14234,14265,32,1,22,0.6875,test_1,Mouse061_20160526_18-38-49
Full attention-256,investigation,14758,14864,107,1,106,0.9906542056074766,test_1,Mouse061_20160526_18-38-49
Full attention-256,investigation,15072,15126,55,1,48,0.8727272727272727,test_1,Mouse061_20160526_18-38-49
Full attention-256,mount,15128,15191,64,1,56,0.875,test_1,Mouse061_20160526_18-38-49
Full attention-256,investigation,15346,15362,17,1,14,0.8235294117647058,test_1,Mouse061_20160526_18-38-49
Full attention-256,investigation,15519,15523,5,1,5,1.0,test_1,Mouse061_20160526_18-38-49
Full attention-256,investigation,15624,15642,19,1,19,1.0,test_1,Mouse061_20160526_18-38-49
Full attention-256,investigation,16086,16105,20,1,20,1.0,test_1,Mouse061_20160526_18-38-49
Full attention-256,investigation,16429,16463,35,1,35,1.0,test_1,Mouse061_20160526_18-38-49
Full attention-256,mount,16465,17045,581,1,581,1.0,test_1,Mouse061_20160526_18-38-49
Full attention-256,investigation,17085,17151,67,0,0,0.0,test_1,Mouse061_20160526_18-38-49
Full attention-256,investigation,17248,17270,23,0,0,0.0,test_1,Mouse061_20160526_18-38-49
Full attention-256,mount,17272,17924,653,1,648,0.9923430321592649,test_1,Mouse061_20160526_18-38-49
Full attention-256,investigation,18599,18639,41,1,41,1.0,test_1,Mouse061_20160526_18-38-49
Full LSTM-256,investigation,5,196,192,1,192,1.0,test_1,Mouse061_20160526_18-38-49
Full LSTM-256,investigation,203,315,113,1,113,1.0,test_1,Mouse061_20160526_18-38-49
Full LSTM-256,investigation,321,715,395,2,379,0.959493670886076,test_1,Mouse061_20160526_18-38-49
Full LSTM-256,investigation,732,738,7,1,7,1.0,test_1,Mouse061_20160526_18-38-49
Full LSTM-256,investigation,747,756,10,1,10,1.0,test_1,Mouse061_20160526_18-38-49
Full LSTM-256,investigation,771,826,56,1,56,1.0,test_1,Mouse061_20160526_18-38-49
Full LSTM-256,investigation,935,1134,200,1,200,1.0,test_1,Mouse061_20160526_18-38-49
Full LSTM-256,investigation,1157,1255,99,1,99,1.0,test_1,Mouse061_20160526_18-38-49
Full LSTM-256,investigation,1331,1470,140,1,140,1.0,test_1,Mouse061_20160526_18-38-49
Full LSTM-256,investigation,1491,1498,8,1,8,1.0,test_1,Mouse061_20160526_18-38-49
Full LSTM-256,investigation,1608,1664,57,1,56,0.9824561403508771,test_1,Mouse061_20160526_18-38-49
Full LSTM-256,investigation,1786,1975,190,1,190,1.0,test_1,Mouse061_20160526_18-38-49
Full LSTM-256,mount,1977,2094,118,1,96,0.8135593220338984,test_1,Mouse061_20160526_18-38-49
Full LSTM-256,investigation,2129,2234,106,1,106,1.0,test_1,Mouse061_20160526_18-38-49
Full LSTM-256,investigation,2285,2347,63,1,60,0.9523809523809523,test_1,Mouse061_20160526_18-38-49
Full LSTM-256,investigation,2397,2436,40,1,35,0.875,test_1,Mouse061_20160526_18-38-49
Full LSTM-256,investigation,2508,2765,258,1,254,0.9844961240310077,test_1,Mouse061_20160526_18-38-49
Full LSTM-256,investigation,2925,2976,52,1,48,0.9230769230769231,test_1,Mouse061_20160526_18-38-49
Full LSTM-256,investigation,3303,3427,125,1,125,1.0,test_1,Mouse061_20160526_18-38-49
Full LSTM-256,investigation,3613,3692,80,1,77,0.9625,test_1,Mouse061_20160526_18-38-49
Full LSTM-256,investigation,3791,3808,18,1,16,0.8888888888888888,test_1,Mouse061_20160526_18-38-49
Full LSTM-256,mount,3810,5962,2153,1,2153,1.0,test_1,Mouse061_20160526_18-38-49
Full LSTM-256,investigation,6139,6262,124,1,119,0.9596774193548387,test_1,Mouse061_20160526_18-38-49
Full LSTM-256,investigation,6438,6451,14,0,0,0.0,test_1,Mouse061_20160526_18-38-49
Full LSTM-256,investigation,6491,6698,208,1,208,1.0,test_1,Mouse061_20160526_18-38-49
Full LSTM-256,investigation,6724,6742,19,1,19,1.0,test_1,Mouse061_20160526_18-38-49
Full LSTM-256,investigation,6894,6988,95,1,93,0.9789473684210527,test_1,Mouse061_20160526_18-38-49
Full LSTM-256,investigation,7086,7110,25,1,23,0.92,test_1,Mouse061_20160526_18-38-49
Full LSTM-256,investigation,7164,7202,39,1,32,0.8205128205128205,test_1,Mouse061_20160526_18-38-49
Full LSTM-256,mount,7204,8031,828,1,828,1.0,test_1,Mouse061_20160526_18-38-49
Full LSTM-256,investigation,8212,8321,110,1,92,0.8363636363636363,test_1,Mouse061_20160526_18-38-49
Full LSTM-256,investigation,8349,8675,327,1,327,1.0,test_1,Mouse061_20160526_18-38-49
Full LSTM-256,investigation,8842,8944,103,1,103,1.0,test_1,Mouse061_20160526_18-38-49
Full LSTM-256,investigation,8970,9003,34,1,34,1.0,test_1,Mouse061_20160526_18-38-49
Full LSTM-256,investigation,9034,9190,157,1,157,1.0,test_1,Mouse061_20160526_18-38-49
Full LSTM-256,investigation,9521,9551,31,1,31,1.0,test_1,Mouse061_20160526_18-38-49
Full LSTM-256,mount,9553,10218,666,1,666,1.0,test_1,Mouse061_20160526_18-38-49
Full LSTM-256,investigation,10534,10560,27,1,26,0.9629629629629629,test_1,Mouse061_20160526_18-38-49
Full LSTM-256,investigation,10781,10845,65,1,62,0.9538461538461539,test_1,Mouse061_20160526_18-38-49
Full LSTM-256,investigation,10976,10996,21,1,21,1.0,test_1,Mouse061_20160526_18-38-49
Full LSTM-256,investigation,11058,11105,48,1,48,1.0,test_1,Mouse061_20160526_18-38-49
Full LSTM-256,mount,11107,11126,20,0,0,0.0,test_1,Mouse061_20160526_18-38-49
Full LSTM-256,investigation,11231,11331,101,1,100,0.9900990099009901,test_1,Mouse061_20160526_18-38-49
Full LSTM-256,investigation,11349,11369,21,1,11,0.5238095238095238,test_1,Mouse061_20160526_18-38-49
Full LSTM-256,investigation,11499,11510,12,0,0,0.0,test_1,Mouse061_20160526_18-38-49
Full LSTM-256,mount,11512,12360,849,1,840,0.9893992932862191,test_1,Mouse061_20160526_18-38-49
Full LSTM-256,investigation,13044,13314,271,1,268,0.988929889298893,test_1,Mouse061_20160526_18-38-49
Full LSTM-256,mount,13316,13782,467,1,460,0.9850107066381156,test_1,Mouse061_20160526_18-38-49
Full LSTM-256,investigation,13978,14093,116,1,116,1.0,test_1,Mouse061_20160526_18-38-49
Full LSTM-256,investigation,14234,14265,32,1,22,0.6875,test_1,Mouse061_20160526_18-38-49
Full LSTM-256,investigation,14758,14864,107,1,106,0.9906542056074766,test_1,Mouse061_20160526_18-38-49
Full LSTM-256,investigation,15072,15126,55,1,48,0.8727272727272727,test_1,Mouse061_20160526_18-38-49
Full LSTM-256,mount,15128,15191,64,1,64,1.0,test_1,Mouse061_20160526_18-38-49
Full LSTM-256,investigation,15346,15362,17,1,14,0.8235294117647058,test_1,Mouse061_20160526_18-38-49
Full LSTM-256,investigation,15519,15523,5,1,5,1.0,test_1,Mouse061_20160526_18-38-49
Full LSTM-256,investigation,15624,15642,19,1,19,1.0,test_1,Mouse061_20160526_18-38-49
Full LSTM-256,investigation,16086,16105,20,1,20,1.0,test_1,Mouse061_20160526_18-38-49
Full LSTM-256,investigation,16429,16463,35,1,35,1.0,test_1,Mouse061_20160526_18-38-49
Full LSTM-256,mount,16465,17045,581,1,581,1.0,test_1,Mouse061_20160526_18-38-49
Full LSTM-256,investigation,17085,17151,67,1,16,0.23880597014925373,test_1,Mouse061_20160526_18-38-49
Full LSTM-256,investigation,17248,17270,23,1,16,0.6956521739130435,test_1,Mouse061_20160526_18-38-49
Full LSTM-256,mount,17272,17924,653,1,648,0.9923430321592649,test_1,Mouse061_20160526_18-38-49
Full LSTM-256,investigation,18599,18639,41,1,41,1.0,test_1,Mouse061_20160526_18-38-49
Full attention-256,investigation,5,68,64,1,64,1.0,test_1,Mouse062_20160526_18-56-26
Full attention-256,investigation,92,152,61,1,61,1.0,test_1,Mouse062_20160526_18-56-26
Full attention-256,investigation,180,280,101,1,101,1.0,test_1,Mouse062_20160526_18-56-26
Full attention-256,investigation,292,408,117,1,117,1.0,test_1,Mouse062_20160526_18-56-26
Full attention-256,investigation,414,917,504,1,504,1.0,test_1,Mouse062_20160526_18-56-26
Full attention-256,investigation,999,1225,227,1,227,1.0,test_1,Mouse062_20160526_18-56-26
Full attention-256,investigation,1304,1310,7,0,0,0.0,test_1,Mouse062_20160526_18-56-26
Full attention-256,investigation,1346,1488,143,1,143,1.0,test_1,Mouse062_20160526_18-56-26
Full attention-256,investigation,1511,1703,193,1,193,1.0,test_1,Mouse062_20160526_18-56-26
Full attention-256,investigation,1726,1734,9,1,9,1.0,test_1,Mouse062_20160526_18-56-26
Full attention-256,investigation,1757,1945,189,1,189,1.0,test_1,Mouse062_20160526_18-56-26
Full attention-256,investigation,2000,2204,205,1,205,1.0,test_1,Mouse062_20160526_18-56-26
Full attention-256,investigation,2217,2514,298,1,298,1.0,test_1,Mouse062_20160526_18-56-26
Full attention-256,investigation,2625,2685,61,1,61,1.0,test_1,Mouse062_20160526_18-56-26
Full attention-256,investigation,2888,3019,132,1,132,1.0,test_1,Mouse062_20160526_18-56-26
Full attention-256,investigation,3051,3383,333,1,325,0.975975975975976,test_1,Mouse062_20160526_18-56-26
Full attention-256,investigation,3420,3441,22,1,22,1.0,test_1,Mouse062_20160526_18-56-26
Full attention-256,investigation,3603,3640,38,1,38,1.0,test_1,Mouse062_20160526_18-56-26
Full attention-256,investigation,3752,4052,301,1,296,0.9833887043189369,test_1,Mouse062_20160526_18-56-26
Full attention-256,investigation,4330,4428,99,1,99,1.0,test_1,Mouse062_20160526_18-56-26
Full attention-256,investigation,4452,4481,30,1,28,0.9333333333333333,test_1,Mouse062_20160526_18-56-26
Full attention-256,investigation,4629,4676,48,1,43,0.8958333333333334,test_1,Mouse062_20160526_18-56-26
Full attention-256,investigation,4715,4732,18,1,18,1.0,test_1,Mouse062_20160526_18-56-26
Full attention-256,investigation,4792,4991,200,1,200,1.0,test_1,Mouse062_20160526_18-56-26
Full attention-256,investigation,5037,5062,26,1,26,1.0,test_1,Mouse062_20160526_18-56-26
Full attention-256,investigation,5125,5254,130,1,130,1.0,test_1,Mouse062_20160526_18-56-26
Full attention-256,investigation,5393,5476,84,1,84,1.0,test_1,Mouse062_20160526_18-56-26
Full attention-256,investigation,5528,5538,11,0,0,0.0,test_1,Mouse062_20160526_18-56-26
Full attention-256,mount,5540,5552,13,0,0,0.0,test_1,Mouse062_20160526_18-56-26
Full attention-256,investigation,5554,5846,293,1,293,1.0,test_1,Mouse062_20160526_18-56-26
Full attention-256,investigation,5900,5942,43,1,43,1.0,test_1,Mouse062_20160526_18-56-26
Full attention-256,investigation,6087,6161,75,1,64,0.8533333333333334,test_1,Mouse062_20160526_18-56-26
Full attention-256,investigation,6291,6298,8,0,0,0.0,test_1,Mouse062_20160526_18-56-26
Full attention-256,investigation,6377,6449,73,1,73,1.0,test_1,Mouse062_20160526_18-56-26
Full attention-256,investigation,6485,6644,160,1,160,1.0,test_1,Mouse062_20160526_18-56-26
Full attention-256,investigation,6684,6712,29,1,29,1.0,test_1,Mouse062_20160526_18-56-26
Full attention-256,investigation,6792,6815,24,1,16,0.6666666666666666,test_1,Mouse062_20160526_18-56-26
Full attention-256,investigation,6850,7053,204,1,204,1.0,test_1,Mouse062_20160526_18-56-26
Full attention-256,investigation,7095,7106,12,1,9,0.75,test_1,Mouse062_20160526_18-56-26
Full attention-256,investigation,7218,7230,13,0,0,0.0,test_1,Mouse062_20160526_18-56-26
Full attention-256,investigation,7269,7278,10,0,0,0.0,test_1,Mouse062_20160526_18-56-26
Full attention-256,investigation,7404,7806,403,1,399,0.9900744416873449,test_1,Mouse062_20160526_18-56-26
Full attention-256,investigation,7902,8058,157,1,155,0.9872611464968153,test_1,Mouse062_20160526_18-56-26
Full attention-256,investigation,8095,8297,203,1,192,0.9458128078817734,test_1,Mouse062_20160526_18-56-26
Full attention-256,investigation,8628,8694,67,1,67,1.0,test_1,Mouse062_20160526_18-56-26
Full attention-256,investigation,8785,8810,26,1,15,0.5769230769230769,test_1,Mouse062_20160526_18-56-26
Full attention-256,investigation,8870,8876,7,1,7,1.0,test_1,Mouse062_20160526_18-56-26
Full attention-256,investigation,9195,9203,9,0,0,0.0,test_1,Mouse062_20160526_18-56-26
Full attention-256,investigation,9270,9307,38,1,28,0.7368421052631579,test_1,Mouse062_20160526_18-56-26
Full attention-256,investigation,9405,9436,32,1,29,0.90625,test_1,Mouse062_20160526_18-56-26
Full attention-256,mount,9438,9493,56,0,0,0.0,test_1,Mouse062_20160526_18-56-26
Full attention-256,investigation,9495,9526,32,1,32,1.0,test_1,Mouse062_20160526_18-56-26
Full attention-256,investigation,9534,9784,251,1,251,1.0,test_1,Mouse062_20160526_18-56-26
Full attention-256,investigation,9945,10045,101,1,101,1.0,test_1,Mouse062_20160526_18-56-26
Full attention-256,investigation,10170,10182,13,1,7,0.5384615384615384,test_1,Mouse062_20160526_18-56-26
Full attention-256,investigation,10417,10485,69,1,69,1.0,test_1,Mouse062_20160526_18-56-26
Full attention-256,investigation,10498,10528,31,2,15,0.4838709677419355,test_1,Mouse062_20160526_18-56-26
Full attention-256,investigation,10615,10670,56,1,56,1.0,test_1,Mouse062_20160526_18-56-26
Full attention-256,investigation,10694,10711,18,1,18,1.0,test_1,Mouse062_20160526_18-56-26
Full attention-256,investigation,10941,11068,128,1,128,1.0,test_1,Mouse062_20160526_18-56-26
Full attention-256,investigation,11255,11290,36,1,25,0.6944444444444444,test_1,Mouse062_20160526_18-56-26
Full attention-256,mount,11292,12297,1006,1,1006,1.0,test_1,Mouse062_20160526_18-56-26
Full attention-256,investigation,12702,12860,159,1,144,0.9056603773584906,test_1,Mouse062_20160526_18-56-26
Full attention-256,investigation,12968,13126,159,1,152,0.9559748427672956,test_1,Mouse062_20160526_18-56-26
Full attention-256,investigation,13202,13383,182,1,174,0.9560439560439561,test_1,Mouse062_20160526_18-56-26
Full attention-256,investigation,13398,13400,3,0,0,0.0,test_1,Mouse062_20160526_18-56-26
Full attention-256,investigation,13436,13474,39,1,32,0.8205128205128205,test_1,Mouse062_20160526_18-56-26
Full attention-256,mount,13476,13544,69,1,60,0.8695652173913043,test_1,Mouse062_20160526_18-56-26
Full attention-256,investigation,13581,13613,33,1,33,1.0,test_1,Mouse062_20160526_18-56-26
Full attention-256,investigation,13793,13870,78,1,78,1.0,test_1,Mouse062_20160526_18-56-26
Full attention-256,investigation,13967,13982,16,0,0,0.0,test_1,Mouse062_20160526_18-56-26
Full attention-256,investigation,14272,14297,26,1,16,0.6153846153846154,test_1,Mouse062_20160526_18-56-26
Full attention-256,mount,14299,17951,3653,1,3653,1.0,test_1,Mouse062_20160526_18-56-26
Full attention-256,investigation,18265,18290,26,1,16,0.6153846153846154,test_1,Mouse062_20160526_18-56-26
Full attention-256,mount,18292,18357,66,1,66,1.0,test_1,Mouse062_20160526_18-56-26
Full attention-256,investigation,18390,18409,20,0,0,0.0,test_1,Mouse062_20160526_18-56-26
Full attention-256,investigation,18808,18815,8,0,0,0.0,test_1,Mouse062_20160526_18-56-26
Full attention-256,investigation,19262,19297,36,1,32,0.8888888888888888,test_1,Mouse062_20160526_18-56-26
Full attention-256,mount,19299,19631,333,1,333,1.0,test_1,Mouse062_20160526_18-56-26
Full LSTM-256,investigation,5,68,64,1,64,1.0,test_1,Mouse062_20160526_18-56-26
Full LSTM-256,investigation,92,152,61,1,52,0.8524590163934426,test_1,Mouse062_20160526_18-56-26
Full LSTM-256,investigation,180,280,101,1,101,1.0,test_1,Mouse062_20160526_18-56-26
Full LSTM-256,investigation,292,408,117,1,117,1.0,test_1,Mouse062_20160526_18-56-26
Full LSTM-256,investigation,414,917,504,1,498,0.9880952380952381,test_1,Mouse062_20160526_18-56-26
Full LSTM-256,investigation,999,1225,227,1,227,1.0,test_1,Mouse062_20160526_18-56-26
Full LSTM-256,investigation,1304,1310,7,0,0,0.0,test_1,Mouse062_20160526_18-56-26
Full LSTM-256,investigation,1346,1488,143,1,142,0.993006993006993,test_1,Mouse062_20160526_18-56-26
Full LSTM-256,investigation,1511,1703,193,1,184,0.9533678756476683,test_1,Mouse062_20160526_18-56-26
Full LSTM-256,investigation,1726,1734,9,0,0,0.0,test_1,Mouse062_20160526_18-56-26
Full LSTM-256,investigation,1757,1945,189,1,189,1.0,test_1,Mouse062_20160526_18-56-26
Full LSTM-256,investigation,2000,2204,205,1,205,1.0,test_1,Mouse062_20160526_18-56-26
Full LSTM-256,investigation,2217,2514,298,2,272,0.912751677852349,test_1,Mouse062_20160526_18-56-26
Full LSTM-256,investigation,2625,2685,61,1,61,1.0,test_1,Mouse062_20160526_18-56-26
Full LSTM-256,investigation,2888,3019,132,1,132,1.0,test_1,Mouse062_20160526_18-56-26
Full LSTM-256,investigation,3051,3383,333,1,325,0.975975975975976,test_1,Mouse062_20160526_18-56-26
Full LSTM-256,investigation,3420,3441,22,1,16,0.7272727272727273,test_1,Mouse062_20160526_18-56-26
Full LSTM-256,investigation,3603,3640,38,1,38,1.0,test_1,Mouse062_20160526_18-56-26
Full LSTM-256,investigation,3752,4052,301,1,288,0.9568106312292359,test_1,Mouse062_20160526_18-56-26
Full LSTM-256,investigation,4330,4428,99,1,93,0.9393939393939394,test_1,Mouse062_20160526_18-56-26
Full LSTM-256,investigation,4452,4481,30,1,28,0.9333333333333333,test_1,Mouse062_20160526_18-56-26
Full LSTM-256,investigation,4629,4676,48,1,43,0.8958333333333334,test_1,Mouse062_20160526_18-56-26
Full LSTM-256,investigation,4715,4732,18,1,18,1.0,test_1,Mouse062_20160526_18-56-26
Full LSTM-256,investigation,4792,4991,200,1,192,0.96,test_1,Mouse062_20160526_18-56-26
Full LSTM-256,investigation,5037,5062,26,1,26,1.0,test_1,Mouse062_20160526_18-56-26
Full LSTM-256,investigation,5125,5254,130,1,130,1.0,test_1,Mouse062_20160526_18-56-26
Full LSTM-256,investigation,5393,5476,84,1,84,1.0,test_1,Mouse062_20160526_18-56-26
Full LSTM-256,investigation,5528,5538,11,0,0,0.0,test_1,Mouse062_20160526_18-56-26
Full LSTM-256,mount,5540,5552,13,0,0,0.0,test_1,Mouse062_20160526_18-56-26
Full LSTM-256,investigation,5554,5846,293,1,279,0.9522184300341296,test_1,Mouse062_20160526_18-56-26
Full LSTM-256,investigation,5900,5942,43,1,39,0.9069767441860465,test_1,Mouse062_20160526_18-56-26
Full LSTM-256,investigation,6087,6161,75,1,64,0.8533333333333334,test_1,Mouse062_20160526_18-56-26
Full LSTM-256,investigation,6291,6298,8,0,0,0.0,test_1,Mouse062_20160526_18-56-26
Full LSTM-256,investigation,6377,6449,73,1,73,1.0,test_1,Mouse062_20160526_18-56-26
Full LSTM-256,investigation,6485,6644,160,1,155,0.96875,test_1,Mouse062_20160526_18-56-26
Full LSTM-256,investigation,6684,6712,29,1,25,0.8620689655172413,test_1,Mouse062_20160526_18-56-26
Full LSTM-256,investigation,6792,6815,24,1,16,0.6666666666666666,test_1,Mouse062_20160526_18-56-26
Full LSTM-256,investigation,6850,7053,204,1,204,1.0,test_1,Mouse062_20160526_18-56-26
Full LSTM-256,investigation,7095,7106,12,1,9,0.75,test_1,Mouse062_20160526_18-56-26
Full LSTM-256,investigation,7218,7230,13,0,0,0.0,test_1,Mouse062_20160526_18-56-26
Full LSTM-256,investigation,7269,7278,10,0,0,0.0,test_1,Mouse062_20160526_18-56-26
Full LSTM-256,investigation,7404,7806,403,1,399,0.9900744416873449,test_1,Mouse062_20160526_18-56-26
Full LSTM-256,investigation,7902,8058,157,1,155,0.9872611464968153,test_1,Mouse062_20160526_18-56-26
Full LSTM-256,investigation,8095,8297,203,2,144,0.7093596059113301,test_1,Mouse062_20160526_18-56-26
Full LSTM-256,investigation,8628,8694,67,1,60,0.8955223880597015,test_1,Mouse062_20160526_18-56-26
Full LSTM-256,investigation,8785,8810,26,1,15,0.5769230769230769,test_1,Mouse062_20160526_18-56-26
Full LSTM-256,investigation,8870,8876,7,1,7,1.0,test_1,Mouse062_20160526_18-56-26
Full LSTM-256,investigation,9195,9203,9,0,0,0.0,test_1,Mouse062_20160526_18-56-26
Full LSTM-256,investigation,9270,9307,38,1,28,0.7368421052631579,test_1,Mouse062_20160526_18-56-26
Full LSTM-256,investigation,9405,9436,32,1,29,0.90625,test_1,Mouse062_20160526_18-56-26
Full LSTM-256,mount,9438,9493,56,0,0,0.0,test_1,Mouse062_20160526_18-56-26
Full LSTM-256,investigation,9495,9526,32,1,25,0.78125,test_1,Mouse062_20160526_18-56-26
Full LSTM-256,investigation,9534,9784,251,1,233,0.9282868525896414,test_1,Mouse062_20160526_18-56-26
Full LSTM-256,investigation,9945,10045,101,1,101,1.0,test_1,Mouse062_20160526_18-56-26
Full LSTM-256,investigation,10170,10182,13,0,0,0.0,test_1,Mouse062_20160526_18-56-26
Full LSTM-256,investigation,10417,10485,69,1,69,1.0,test_1,Mouse062_20160526_18-56-26
Full LSTM-256,investigation,10498,10528,31,1,31,1.0,test_1,Mouse062_20160526_18-56-26
Full LSTM-256,investigation,10615,10670,56,1,56,1.0,test_1,Mouse062_20160526_18-56-26
Full LSTM-256,investigation,10694,10711,18,0,0,0.0,test_1,Mouse062_20160526_18-56-26
Full LSTM-256,investigation,10941,11068,128,1,112,0.875,test_1,Mouse062_20160526_18-56-26
Full LSTM-256,investigation,11255,11290,36,1,25,0.6944444444444444,test_1,Mouse062_20160526_18-56-26
Full LSTM-256,mount,11292,12297,1006,1,1006,1.0,test_1,Mouse062_20160526_18-56-26
Full LSTM-256,investigation,12702,12860,159,1,144,0.9056603773584906,test_1,Mouse062_20160526_18-56-26
Full LSTM-256,investigation,12968,13126,159,1,152,0.9559748427672956,test_1,Mouse062_20160526_18-56-26
Full LSTM-256,investigation,13202,13383,182,1,174,0.9560439560439561,test_1,Mouse062_20160526_18-56-26
Full LSTM-256,investigation,13398,13400,3,0,0,0.0,test_1,Mouse062_20160526_18-56-26
Full LSTM-256,investigation,13436,13474,39,1,32,0.8205128205128205,test_1,Mouse062_20160526_18-56-26
Full LSTM-256,mount,13476,13544,69,1,60,0.8695652173913043,test_1,Mouse062_20160526_18-56-26
Full LSTM-256,investigation,13581,13613,33,1,19,0.5757575757575758,test_1,Mouse062_20160526_18-56-26
Full LSTM-256,investigation,13793,13870,78,1,78,1.0,test_1,Mouse062_20160526_18-56-26
Full LSTM-256,investigation,13967,13982,16,0,0,0.0,test_1,Mouse062_20160526_18-56-26
Full LSTM-256,investigation,14272,14297,26,1,16,0.6153846153846154,test_1,Mouse062_20160526_18-56-26
Full LSTM-256,mount,14299,17951,3653,1,3653,1.0,test_1,Mouse062_20160526_18-56-26
Full LSTM-256,investigation,18265,18290,26,1,16,0.6153846153846154,test_1,Mouse062_20160526_18-56-26
Full LSTM-256,mount,18292,18357,66,1,66,1.0,test_1,Mouse062_20160526_18-56-26
Full LSTM-256,investigation,18390,18409,20,0,0,0.0,test_1,Mouse062_20160526_18-56-26
Full LSTM-256,investigation,18808,18815,8,0,0,0.0,test_1,Mouse062_20160526_18-56-26
Full LSTM-256,investigation,19262,19297,36,1,32,0.8888888888888888,test_1,Mouse062_20160526_18-56-26
Full LSTM-256,mount,19299,19631,333,1,333,1.0,test_1,Mouse062_20160526_18-56-26
Full attention-256,investigation,5,102,98,1,98,1.0,test_1,Mouse063_20160526_19-14-46
Full attention-256,investigation,120,234,115,1,115,1.0,test_1,Mouse063_20160526_19-14-46
Full attention-256,investigation,250,260,11,1,6,0.5454545454545454,test_1,Mouse063_20160526_19-14-46
Full attention-256,investigation,394,453,60,1,54,0.9,test_1,Mouse063_20160526_19-14-46
Full attention-256,investigation,483,488,6,0,0,0.0,test_1,Mouse063_20160526_19-14-46
Full attention-256,investigation,526,532,7,1,5,0.7142857142857143,test_1,Mouse063_20160526_19-14-46
Full attention-256,investigation,617,644,28,1,21,0.75,test_1,Mouse063_20160526_19-14-46
Full attention-256,investigation,696,818,123,1,123,1.0,test_1,Mouse063_20160526_19-14-46
Full attention-256,investigation,903,905,3,0,0,0.0,test_1,Mouse063_20160526_19-14-46
Full attention-256,investigation,921,956,36,1,36,1.0,test_1,Mouse063_20160526_19-14-46
Full attention-256,investigation,987,1226,240,1,240,1.0,test_1,Mouse063_20160526_19-14-46
Full attention-256,investigation,1272,1337,66,1,56,0.8484848484848485,test_1,Mouse063_20160526_19-14-46
Full attention-256,investigation,1581,1606,26,1,19,0.7307692307692307,test_1,Mouse063_20160526_19-14-46
Full attention-256,mount,1608,1635,28,1,24,0.8571428571428571,test_1,Mouse063_20160526_19-14-46
Full attention-256,investigation,1637,1819,183,1,183,1.0,test_1,Mouse063_20160526_19-14-46
Full attention-256,investigation,1853,1861,9,0,0,0.0,test_1,Mouse063_20160526_19-14-46
Full attention-256,investigation,1967,1985,19,1,17,0.8947368421052632,test_1,Mouse063_20160526_19-14-46
Full attention-256,mount,1987,2014,28,1,28,1.0,test_1,Mouse063_20160526_19-14-46
Full attention-256,investigation,2149,2162,14,0,0,0.0,test_1,Mouse063_20160526_19-14-46
Full attention-256,mount,2164,2195,32,1,32,1.0,test_1,Mouse063_20160526_19-14-46
Full attention-256,investigation,2197,2213,17,1,6,0.35294117647058826,test_1,Mouse063_20160526_19-14-46
Full attention-256,investigation,2780,2783,4,0,0,0.0,test_1,Mouse063_20160526_19-14-46
Full attention-256,investigation,2804,2879,76,1,76,1.0,test_1,Mouse063_20160526_19-14-46
Full attention-256,mount,2881,2906,26,0,0,0.0,test_1,Mouse063_20160526_19-14-46
Full attention-256,investigation,2908,2918,11,1,11,1.0,test_1,Mouse063_20160526_19-14-46
Full attention-256,investigation,3056,3067,12,0,0,0.0,test_1,Mouse063_20160526_19-14-46
Full attention-256,mount,3069,3190,122,1,115,0.9426229508196722,test_1,Mouse063_20160526_19-14-46
Full attention-256,investigation,3192,3195,4,1,4,1.0,test_1,Mouse063_20160526_19-14-46
Full attention-256,investigation,3254,3264,11,0,0,0.0,test_1,Mouse063_20160526_19-14-46
Full attention-256,mount,3266,3321,56,1,56,1.0,test_1,Mouse063_20160526_19-14-46
Full attention-256,investigation,3704,3717,14,1,6,0.42857142857142855,test_1,Mouse063_20160526_19-14-46
Full attention-256,investigation,3752,3949,198,1,198,1.0,test_1,Mouse063_20160526_19-14-46
Full attention-256,investigation,3991,4000,10,0,0,0.0,test_1,Mouse063_20160526_19-14-46
Full attention-256,investigation,4486,4533,48,1,26,0.5416666666666666,test_1,Mouse063_20160526_19-14-46
Full attention-256,mount,4535,4549,15,1,15,1.0,test_1,Mouse063_20160526_19-14-46
Full attention-256,investigation,4653,4697,45,1,32,0.7111111111111111,test_1,Mouse063_20160526_19-14-46
Full attention-256,mount,4699,4757,59,1,59,1.0,test_1,Mouse063_20160526_19-14-46
Full attention-256,investigation,4759,4762,4,0,0,0.0,test_1,Mouse063_20160526_19-14-46
Full attention-256,investigation,4982,5000,19,1,10,0.5263157894736842,test_1,Mouse063_20160526_19-14-46
Full attention-256,mount,5002,5067,66,1,66,1.0,test_1,Mouse063_20160526_19-14-46
Full attention-256,investigation,5161,5175,15,0,0,0.0,test_1,Mouse063_20160526_19-14-46
Full attention-256,mount,5177,5294,118,1,118,1.0,test_1,Mouse063_20160526_19-14-46
Full attention-256,investigation,5296,5348,53,1,53,1.0,test_1,Mouse063_20160526_19-14-46
Full attention-256,investigation,5455,5469,15,1,14,0.9333333333333333,test_1,Mouse063_20160526_19-14-46
Full attention-256,mount,5471,5480,10,0,0,0.0,test_1,Mouse063_20160526_19-14-46
Full attention-256,investigation,5482,5492,11,1,5,0.45454545454545453,test_1,Mouse063_20160526_19-14-46
Full attention-256,investigation,5523,5542,20,1,20,1.0,test_1,Mouse063_20160526_19-14-46
Full attention-256,investigation,5742,5778,37,1,32,0.8648648648648649,test_1,Mouse063_20160526_19-14-46
Full attention-256,mount,5780,5818,39,1,39,1.0,test_1,Mouse063_20160526_19-14-46
Full attention-256,investigation,5820,5868,49,1,45,0.9183673469387755,test_1,Mouse063_20160526_19-14-46
Full attention-256,investigation,6464,6474,11,1,11,1.0,test_1,Mouse063_20160526_19-14-46
Full attention-256,mount,6476,6484,9,0,0,0.0,test_1,Mouse063_20160526_19-14-46
Full attention-256,investigation,6486,6576,91,1,90,0.989010989010989,test_1,Mouse063_20160526_19-14-46
Full attention-256,mount,6578,6609,32,1,30,0.9375,test_1,Mouse063_20160526_19-14-46
Full attention-256,investigation,6611,6838,228,2,52,0.22807017543859648,test_1,Mouse063_20160526_19-14-46
Full attention-256,investigation,6937,6945,9,0,0,0.0,test_1,Mouse063_20160526_19-14-46
Full attention-256,investigation,7207,7309,103,1,103,1.0,test_1,Mouse063_20160526_19-14-46
Full attention-256,investigation,7906,7923,18,1,18,1.0,test_1,Mouse063_20160526_19-14-46
Full attention-256,mount,7925,7938,14,0,0,0.0,test_1,Mouse063_20160526_19-14-46
Full attention-256,investigation,7940,8054,115,1,108,0.9391304347826087,test_1,Mouse063_20160526_19-14-46
Full attention-256,mount,8056,8137,82,1,82,1.0,test_1,Mouse063_20160526_19-14-46
Full attention-256,investigation,8139,8147,9,0,0,0.0,test_1,Mouse063_20160526_19-14-46
Full attention-256,mount,8149,8159,11,1,11,1.0,test_1,Mouse063_20160526_19-14-46
Full attention-256,investigation,8161,8184,24,1,24,1.0,test_1,Mouse063_20160526_19-14-46
Full attention-256,investigation,8243,8252,10,0,0,0.0,test_1,Mouse063_20160526_19-14-46
Full attention-256,investigation,8709,8767,59,1,59,1.0,test_1,Mouse063_20160526_19-14-46
Full attention-256,investigation,8949,8958,10,1,10,1.0,test_1,Mouse063_20160526_19-14-46
Full attention-256,mount,8960,9018,59,1,59,1.0,test_1,Mouse063_20160526_19-14-46
Full attention-256,investigation,9156,9162,7,0,0,0.0,test_1,Mouse063_20160526_19-14-46
Full attention-256,mount,9164,9170,7,1,4,0.5714285714285714,test_1,Mouse063_20160526_19-14-46
Full attention-256,investigation,9172,9179,8,1,8,1.0,test_1,Mouse063_20160526_19-14-46
Full attention-256,mount,9181,9184,4,0,0,0.0,test_1,Mouse063_20160526_19-14-46
Full attention-256,investigation,9186,9297,112,1,112,1.0,test_1,Mouse063_20160526_19-14-46
Full attention-256,investigation,9386,9389,4,0,0,0.0,test_1,Mouse063_20160526_19-14-46
Full attention-256,investigation,9649,9657,9,0,0,0.0,test_1,Mouse063_20160526_19-14-46
Full attention-256,mount,9659,9676,18,1,18,1.0,test_1,Mouse063_20160526_19-14-46
Full attention-256,investigation,9736,9750,15,1,15,1.0,test_1,Mouse063_20160526_19-14-46
Full attention-256,investigation,9801,9813,13,0,0,0.0,test_1,Mouse063_20160526_19-14-46
Full attention-256,investigation,9942,9956,15,0,0,0.0,test_1,Mouse063_20160526_19-14-46
Full attention-256,investigation,10308,10321,14,1,12,0.8571428571428571,test_1,Mouse063_20160526_19-14-46
Full attention-256,mount,10323,10337,15,1,13,0.8666666666666667,test_1,Mouse063_20160526_19-14-46
Full attention-256,investigation,10339,10363,25,1,25,1.0,test_1,Mouse063_20160526_19-14-46
Full attention-256,investigation,10487,10495,9,0,0,0.0,test_1,Mouse063_20160526_19-14-46
Full attention-256,investigation,10601,10615,15,1,7,0.4666666666666667,test_1,Mouse063_20160526_19-14-46
Full attention-256,investigation,10718,10732,15,0,0,0.0,test_1,Mouse063_20160526_19-14-46
Full attention-256,mount,10734,10767,34,1,34,1.0,test_1,Mouse063_20160526_19-14-46
Full attention-256,investigation,10769,10782,14,0,0,0.0,test_1,Mouse063_20160526_19-14-46
Full attention-256,mount,10784,10800,17,1,17,1.0,test_1,Mouse063_20160526_19-14-46
Full attention-256,investigation,10968,10976,9,1,8,0.8888888888888888,test_1,Mouse063_20160526_19-14-46
Full attention-256,investigation,11038,11068,31,1,29,0.9354838709677419,test_1,Mouse063_20160526_19-14-46
Full attention-256,mount,11070,11078,9,1,7,0.7777777777777778,test_1,Mouse063_20160526_19-14-46
Full attention-256,investigation,11376,11387,12,1,12,1.0,test_1,Mouse063_20160526_19-14-46
Full attention-256,mount,11389,11394,6,0,0,0.0,test_1,Mouse063_20160526_19-14-46
Full attention-256,investigation,11396,11490,95,1,92,0.968421052631579,test_1,Mouse063_20160526_19-14-46
Full attention-256,investigation,11666,11686,21,1,14,0.6666666666666666,test_1,Mouse063_20160526_19-14-46
Full attention-256,investigation,12147,12170,24,1,13,0.5416666666666666,test_1,Mouse063_20160526_19-14-46
Full attention-256,mount,12172,12189,18,1,14,0.7777777777777778,test_1,Mouse063_20160526_19-14-46
Full attention-256,investigation,12461,12485,25,1,22,0.88,test_1,Mouse063_20160526_19-14-46
Full attention-256,mount,12487,12501,15,0,0,0.0,test_1,Mouse063_20160526_19-14-46
Full attention-256,investigation,12503,12512,10,1,9,0.9,test_1,Mouse063_20160526_19-14-46
Full attention-256,investigation,12745,12756,12,1,5,0.4166666666666667,test_1,Mouse063_20160526_19-14-46
Full attention-256,mount,12758,12770,13,1,3,0.23076923076923078,test_1,Mouse063_20160526_19-14-46
Full attention-256,investigation,12772,12781,10,0,0,0.0,test_1,Mouse063_20160526_19-14-46
Full attention-256,mount,12783,13102,320,2,304,0.95,test_1,Mouse063_20160526_19-14-46
Full attention-256,investigation,13480,13487,8,1,8,1.0,test_1,Mouse063_20160526_19-14-46
Full attention-256,mount,13489,13503,15,0,0,0.0,test_1,Mouse063_20160526_19-14-46
Full attention-256,investigation,13505,13741,237,1,223,0.9409282700421941,test_1,Mouse063_20160526_19-14-46
Full attention-256,investigation,13804,13812,9,0,0,0.0,test_1,Mouse063_20160526_19-14-46
Full attention-256,investigation,14064,14086,23,1,23,1.0,test_1,Mouse063_20160526_19-14-46
Full attention-256,mount,14088,14092,5,0,0,0.0,test_1,Mouse063_20160526_19-14-46
Full attention-256,investigation,14094,14134,41,1,34,0.8292682926829268,test_1,Mouse063_20160526_19-14-46
Full attention-256,mount,14136,14147,12,1,12,1.0,test_1,Mouse063_20160526_19-14-46
Full attention-256,investigation,14149,14166,18,1,7,0.3888888888888889,test_1,Mouse063_20160526_19-14-46
Full attention-256,investigation,14831,14902,72,1,71,0.9861111111111112,test_1,Mouse063_20160526_19-14-46
Full attention-256,mount,14904,14921,18,0,0,0.0,test_1,Mouse063_20160526_19-14-46
Full attention-256,investigation,14923,14933,11,1,11,1.0,test_1,Mouse063_20160526_19-14-46
Full attention-256,investigation,14956,14962,7,1,7,1.0,test_1,Mouse063_20160526_19-14-46
Full attention-256,mount,14964,14971,8,0,0,0.0,test_1,Mouse063_20160526_19-14-46
Full attention-256,investigation,14973,14979,7,1,3,0.42857142857142855,test_1,Mouse063_20160526_19-14-46
Full attention-256,mount,14981,15082,102,1,91,0.8921568627450981,test_1,Mouse063_20160526_19-14-46
Full attention-256,investigation,15084,15098,15,1,15,1.0,test_1,Mouse063_20160526_19-14-46
Full attention-256,investigation,15296,15308,13,0,0,0.0,test_1,Mouse063_20160526_19-14-46
Full attention-256,investigation,15545,15573,29,1,23,0.7931034482758621,test_1,Mouse063_20160526_19-14-46
Full attention-256,investigation,15983,16083,101,1,96,0.9504950495049505,test_1,Mouse063_20160526_19-14-46
Full attention-256,mount,16085,16307,223,1,203,0.9103139013452914,test_1,Mouse063_20160526_19-14-46
Full attention-256,investigation,16309,16329,21,1,21,1.0,test_1,Mouse063_20160526_19-14-46
Full attention-256,mount,16331,16348,18,0,0,0.0,test_1,Mouse063_20160526_19-14-46
Full attention-256,investigation,16742,16748,7,0,0,0.0,test_1,Mouse063_20160526_19-14-46
Full attention-256,investigation,16986,17008,23,1,16,0.6956521739130435,test_1,Mouse063_20160526_19-14-46
Full attention-256,mount,17010,17072,63,1,62,0.9841269841269841,test_1,Mouse063_20160526_19-14-46
Full attention-256,investigation,17074,17089,16,0,0,0.0,test_1,Mouse063_20160526_19-14-46
Full attention-256,investigation,17162,17171,10,0,0,0.0,test_1,Mouse063_20160526_19-14-46
Full attention-256,investigation,17618,17640,23,1,14,0.6086956521739131,test_1,Mouse063_20160526_19-14-46
Full attention-256,mount,17642,17707,66,1,66,1.0,test_1,Mouse063_20160526_19-14-46
Full attention-256,investigation,17899,17911,13,0,0,0.0,test_1,Mouse063_20160526_19-14-46
Full attention-256,mount,17913,17918,6,1,6,1.0,test_1,Mouse063_20160526_19-14-46
Full attention-256,investigation,17920,17942,23,0,0,0.0,test_1,Mouse063_20160526_19-14-46
Full attention-256,mount,17944,17958,15,1,15,1.0,test_1,Mouse063_20160526_19-14-46
Full attention-256,investigation,17960,17972,13,1,5,0.38461538461538464,test_1,Mouse063_20160526_19-14-46
Full attention-256,investigation,17980,17987,8,1,4,0.5,test_1,Mouse063_20160526_19-14-46
Full attention-256,investigation,18429,18464,36,1,19,0.5277777777777778,test_1,Mouse063_20160526_19-14-46
Full attention-256,mount,18466,18792,327,1,318,0.9724770642201835,test_1,Mouse063_20160526_19-14-46
Full attention-256,investigation,18914,18923,10,0,0,0.0,test_1,Mouse063_20160526_19-14-46
Full attention-256,investigation,19173,19178,6,0,0,0.0,test_1,Mouse063_20160526_19-14-46
Full LSTM-256,investigation,5,102,98,1,75,0.7653061224489796,test_1,Mouse063_20160526_19-14-46
Full LSTM-256,investigation,120,234,115,1,115,1.0,test_1,Mouse063_20160526_19-14-46
Full LSTM-256,investigation,250,260,11,1,6,0.5454545454545454,test_1,Mouse063_20160526_19-14-46
Full LSTM-256,investigation,394,453,60,1,54,0.9,test_1,Mouse063_20160526_19-14-46
Full LSTM-256,investigation,483,488,6,0,0,0.0,test_1,Mouse063_20160526_19-14-46
Full LSTM-256,investigation,526,532,7,0,0,0.0,test_1,Mouse063_20160526_19-14-46
Full LSTM-256,investigation,617,644,28,1,21,0.75,test_1,Mouse063_20160526_19-14-46
Full LSTM-256,investigation,696,818,123,1,123,1.0,test_1,Mouse063_20160526_19-14-46
Full LSTM-256,investigation,903,905,3,0,0,0.0,test_1,Mouse063_20160526_19-14-46
Full LSTM-256,investigation,921,956,36,1,29,0.8055555555555556,test_1,Mouse063_20160526_19-14-46
Full LSTM-256,investigation,987,1226,240,1,235,0.9791666666666666,test_1,Mouse063_20160526_19-14-46
Full LSTM-256,investigation,1272,1337,66,1,56,0.8484848484848485,test_1,Mouse063_20160526_19-14-46
Full LSTM-256,investigation,1581,1606,26,1,19,0.7307692307692307,test_1,Mouse063_20160526_19-14-46
Full LSTM-256,mount,1608,1635,28,1,24,0.8571428571428571,test_1,Mouse063_20160526_19-14-46
Full LSTM-256,investigation,1637,1819,183,1,183,1.0,test_1,Mouse063_20160526_19-14-46
Full LSTM-256,investigation,1853,1861,9,0,0,0.0,test_1,Mouse063_20160526_19-14-46
Full LSTM-256,investigation,1967,1985,19,1,17,0.8947368421052632,test_1,Mouse063_20160526_19-14-46
Full LSTM-256,mount,1987,2014,28,1,28,1.0,test_1,Mouse063_20160526_19-14-46
Full LSTM-256,investigation,2149,2162,14,0,0,0.0,test_1,Mouse063_20160526_19-14-46
Full LSTM-256,mount,2164,2195,32,1,28,0.875,test_1,Mouse063_20160526_19-14-46
Full LSTM-256,investigation,2197,2213,17,1,17,1.0,test_1,Mouse063_20160526_19-14-46
Full LSTM-256,investigation,2780,2783,4,0,0,0.0,test_1,Mouse063_20160526_19-14-46
Full LSTM-256,investigation,2804,2879,76,2,60,0.7894736842105263,test_1,Mouse063_20160526_19-14-46
Full LSTM-256,mount,2881,2906,26,0,0,0.0,test_1,Mouse063_20160526_19-14-46
Full LSTM-256,investigation,2908,2918,11,1,11,1.0,test_1,Mouse063_20160526_19-14-46
Full LSTM-256,investigation,3056,3067,12,0,0,0.0,test_1,Mouse063_20160526_19-14-46
Full LSTM-256,mount,3069,3190,122,1,122,1.0,test_1,Mouse063_20160526_19-14-46
Full LSTM-256,investigation,3192,3195,4,0,0,0.0,test_1,Mouse063_20160526_19-14-46
Full LSTM-256,investigation,3254,3264,11,0,0,0.0,test_1,Mouse063_20160526_19-14-46
Full LSTM-256,mount,3266,3321,56,1,46,0.8214285714285714,test_1,Mouse063_20160526_19-14-46
Full LSTM-256,investigation,3704,3717,14,0,0,0.0,test_1,Mouse063_20160526_19-14-46
Full LSTM-256,investigation,3752,3949,198,1,198,1.0,test_1,Mouse063_20160526_19-14-46
Full LSTM-256,investigation,3991,4000,10,0,0,0.0,test_1,Mouse063_20160526_19-14-46
Full LSTM-256,investigation,4486,4533,48,1,26,0.5416666666666666,test_1,Mouse063_20160526_19-14-46
Full LSTM-256,mount,4535,4549,15,1,15,1.0,test_1,Mouse063_20160526_19-14-46
Full LSTM-256,investigation,4653,4697,45,1,32,0.7111111111111111,test_1,Mouse063_20160526_19-14-46
Full LSTM-256,mount,4699,4757,59,1,53,0.8983050847457628,test_1,Mouse063_20160526_19-14-46
Full LSTM-256,investigation,4759,4762,4,1,4,1.0,test_1,Mouse063_20160526_19-14-46
Full LSTM-256,investigation,4982,5000,19,0,0,0.0,test_1,Mouse063_20160526_19-14-46
Full LSTM-256,mount,5002,5067,66,1,66,1.0,test_1,Mouse063_20160526_19-14-46
Full LSTM-256,investigation,5161,5175,15,1,7,0.4666666666666667,test_1,Mouse063_20160526_19-14-46
Full LSTM-256,mount,5177,5294,118,1,118,1.0,test_1,Mouse063_20160526_19-14-46
Full LSTM-256,investigation,5296,5348,53,1,53,1.0,test_1,Mouse063_20160526_19-14-46
Full LSTM-256,investigation,5455,5469,15,1,14,0.9333333333333333,test_1,Mouse063_20160526_19-14-46
Full LSTM-256,mount,5471,5480,10,0,0,0.0,test_1,Mouse063_20160526_19-14-46
Full LSTM-256,investigation,5482,5492,11,1,11,1.0,test_1,Mouse063_20160526_19-14-46
Full LSTM-256,investigation,5523,5542,20,1,13,0.65,test_1,Mouse063_20160526_19-14-46
Full LSTM-256,investigation,5742,5778,37,1,32,0.8648648648648649,test_1,Mouse063_20160526_19-14-46
Full LSTM-256,mount,5780,5818,39,1,28,0.717948717948718,test_1,Mouse063_20160526_19-14-46
Full LSTM-256,investigation,5820,5868,49,1,49,1.0,test_1,Mouse063_20160526_19-14-46
Full LSTM-256,investigation,6464,6474,11,1,11,1.0,test_1,Mouse063_20160526_19-14-46
Full LSTM-256,mount,6476,6484,9,0,0,0.0,test_1,Mouse063_20160526_19-14-46
Full LSTM-256,investigation,6486,6576,91,1,90,0.989010989010989,test_1,Mouse063_20160526_19-14-46
Full LSTM-256,mount,6578,6609,32,1,30,0.9375,test_1,Mouse063_20160526_19-14-46
Full LSTM-256,investigation,6611,6838,228,2,52,0.22807017543859648,test_1,Mouse063_20160526_19-14-46
Full LSTM-256,investigation,6937,6945,9,0,0,0.0,test_1,Mouse063_20160526_19-14-46
Full LSTM-256,investigation,7207,7309,103,1,103,1.0,test_1,Mouse063_20160526_19-14-46
Full LSTM-256,investigation,7906,7923,18,1,18,1.0,test_1,Mouse063_20160526_19-14-46
Full LSTM-256,mount,7925,7938,14,0,0,0.0,test_1,Mouse063_20160526_19-14-46
Full LSTM-256,investigation,7940,8054,115,1,108,0.9391304347826087,test_1,Mouse063_20160526_19-14-46
Full LSTM-256,mount,8056,8137,82,1,82,1.0,test_1,Mouse063_20160526_19-14-46
Full LSTM-256,investigation,8139,8147,9,0,0,0.0,test_1,Mouse063_20160526_19-14-46
Full LSTM-256,mount,8149,8159,11,1,11,1.0,test_1,Mouse063_20160526_19-14-46
Full LSTM-256,investigation,8161,8184,24,1,9,0.375,test_1,Mouse063_20160526_19-14-46
Full LSTM-256,investigation,8243,8252,10,0,0,0.0,test_1,Mouse063_20160526_19-14-46
Full LSTM-256,investigation,8709,8767,59,1,59,1.0,test_1,Mouse063_20160526_19-14-46
Full LSTM-256,investigation,8949,8958,10,0,0,0.0,test_1,Mouse063_20160526_19-14-46
Full LSTM-256,mount,8960,9018,59,1,59,1.0,test_1,Mouse063_20160526_19-14-46
Full LSTM-256,investigation,9156,9162,7,1,7,1.0,test_1,Mouse063_20160526_19-14-46
Full LSTM-256,mount,9164,9170,7,0,0,0.0,test_1,Mouse063_20160526_19-14-46
Full LSTM-256,investigation,9172,9179,8,1,8,1.0,test_1,Mouse063_20160526_19-14-46
Full LSTM-256,mount,9181,9184,4,0,0,0.0,test_1,Mouse063_20160526_19-14-46
Full LSTM-256,investigation,9186,9297,112,1,112,1.0,test_1,Mouse063_20160526_19-14-46
Full LSTM-256,investigation,9386,9389,4,0,0,0.0,test_1,Mouse063_20160526_19-14-46
Full LSTM-256,investigation,9649,9657,9,1,9,1.0,test_1,Mouse063_20160526_19-14-46
Full LSTM-256,mount,9659,9676,18,1,13,0.7222222222222222,test_1,Mouse063_20160526_19-14-46
Full LSTM-256,investigation,9736,9750,15,0,0,0.0,test_1,Mouse063_20160526_19-14-46
Full LSTM-256,investigation,9801,9813,13,0,0,0.0,test_1,Mouse063_20160526_19-14-46
Full LSTM-256,investigation,9942,9956,15,0,0,0.0,test_1,Mouse063_20160526_19-14-46
Full LSTM-256,investigation,10308,10321,14,1,2,0.14285714285714285,test_1,Mouse063_20160526_19-14-46
Full LSTM-256,mount,10323,10337,15,0,0,0.0,test_1,Mouse063_20160526_19-14-46
Full LSTM-256,investigation,10339,10363,25,1,25,1.0,test_1,Mouse063_20160526_19-14-46
Full LSTM-256,investigation,10487,10495,9,0,0,0.0,test_1,Mouse063_20160526_19-14-46
Full LSTM-256,investigation,10601,10615,15,1,7,0.4666666666666667,test_1,Mouse063_20160526_19-14-46
Full LSTM-256,investigation,10718,10732,15,0,0,0.0,test_1,Mouse063_20160526_19-14-46
Full LSTM-256,mount,10734,10767,34,1,34,1.0,test_1,Mouse063_20160526_19-14-46
Full LSTM-256,investigation,10769,10782,14,0,0,0.0,test_1,Mouse063_20160526_19-14-46
Full LSTM-256,mount,10784,10800,17,1,16,0.9411764705882353,test_1,Mouse063_20160526_19-14-46
Full LSTM-256,investigation,10968,10976,9,0,0,0.0,test_1,Mouse063_20160526_19-14-46
Full LSTM-256,investigation,11038,11068,31,1,16,0.5161290322580645,test_1,Mouse063_20160526_19-14-46
Full LSTM-256,mount,11070,11078,9,0,0,0.0,test_1,Mouse063_20160526_19-14-46
Full LSTM-256,investigation,11376,11387,12,1,12,1.0,test_1,Mouse063_20160526_19-14-46
Full LSTM-256,mount,11389,11394,6,0,0,0.0,test_1,Mouse063_20160526_19-14-46
Full LSTM-256,investigation,11396,11490,95,1,92,0.968421052631579,test_1,Mouse063_20160526_19-14-46
Full LSTM-256,investigation,11666,11686,21,0,0,0.0,test_1,Mouse063_20160526_19-14-46
Full LSTM-256,investigation,12147,12170,24,1,13,0.5416666666666666,test_1,Mouse063_20160526_19-14-46
Full LSTM-256,mount,12172,12189,18,0,0,0.0,test_1,Mouse063_20160526_19-14-46
Full LSTM-256,investigation,12461,12485,25,1,22,0.88,test_1,Mouse063_20160526_19-14-46
Full LSTM-256,mount,12487,12501,15,0,0,0.0,test_1,Mouse063_20160526_19-14-46
Full LSTM-256,investigation,12503,12512,10,1,9,0.9,test_1,Mouse063_20160526_19-14-46
Full LSTM-256,investigation,12745,12756,12,1,5,0.4166666666666667,test_1,Mouse063_20160526_19-14-46
Full LSTM-256,mount,12758,12770,13,0,0,0.0,test_1,Mouse063_20160526_19-14-46
Full LSTM-256,investigation,12772,12781,10,1,10,1.0,test_1,Mouse063_20160526_19-14-46
Full LSTM-256,mount,12783,13102,320,1,319,0.996875,test_1,Mouse063_20160526_19-14-46
Full LSTM-256,investigation,13480,13487,8,1,8,1.0,test_1,Mouse063_20160526_19-14-46
Full LSTM-256,mount,13489,13503,15,0,0,0.0,test_1,Mouse063_20160526_19-14-46
Full LSTM-256,investigation,13505,13741,237,1,223,0.9409282700421941,test_1,Mouse063_20160526_19-14-46
Full LSTM-256,investigation,13804,13812,9,0,0,0.0,test_1,Mouse063_20160526_19-14-46
Full LSTM-256,investigation,14064,14086,23,1,7,0.30434782608695654,test_1,Mouse063_20160526_19-14-46
Full LSTM-256,mount,14088,14092,5,0,0,0.0,test_1,Mouse063_20160526_19-14-46
Full LSTM-256,investigation,14094,14134,41,1,34,0.8292682926829268,test_1,Mouse063_20160526_19-14-46
Full LSTM-256,mount,14136,14147,12,1,12,1.0,test_1,Mouse063_20160526_19-14-46
Full LSTM-256,investigation,14149,14166,18,0,0,0.0,test_1,Mouse063_20160526_19-14-46
Full LSTM-256,investigation,14831,14902,72,1,71,0.9861111111111112,test_1,Mouse063_20160526_19-14-46
Full LSTM-256,mount,14904,14921,18,0,0,0.0,test_1,Mouse063_20160526_19-14-46
Full LSTM-256,investigation,14923,14933,11,1,11,1.0,test_1,Mouse063_20160526_19-14-46
Full LSTM-256,investigation,14956,14962,7,1,7,1.0,test_1,Mouse063_20160526_19-14-46
Full LSTM-256,mount,14964,14971,8,0,0,0.0,test_1,Mouse063_20160526_19-14-46
Full LSTM-256,investigation,14973,14979,7,1,7,1.0,test_1,Mouse063_20160526_19-14-46
Full LSTM-256,mount,14981,15082,102,1,64,0.6274509803921569,test_1,Mouse063_20160526_19-14-46
Full LSTM-256,investigation,15084,15098,15,1,15,1.0,test_1,Mouse063_20160526_19-14-46
Full LSTM-256,investigation,15296,15308,13,0,0,0.0,test_1,Mouse063_20160526_19-14-46
Full LSTM-256,investigation,15545,15573,29,1,23,0.7931034482758621,test_1,Mouse063_20160526_19-14-46
Full LSTM-256,investigation,15983,16083,101,1,96,0.9504950495049505,test_1,Mouse063_20160526_19-14-46
Full LSTM-256,mount,16085,16307,223,1,203,0.9103139013452914,test_1,Mouse063_20160526_19-14-46
Full LSTM-256,investigation,16309,16329,21,1,21,1.0,test_1,Mouse063_20160526_19-14-46
Full LSTM-256,mount,16331,16348,18,0,0,0.0,test_1,Mouse063_20160526_19-14-46
Full LSTM-256,investigation,16742,16748,7,0,0,0.0,test_1,Mouse063_20160526_19-14-46
Full LSTM-256,investigation,16986,17008,23,1,16,0.6956521739130435,test_1,Mouse063_20160526_19-14-46
Full LSTM-256,mount,17010,17072,63,1,62,0.9841269841269841,test_1,Mouse063_20160526_19-14-46
Full LSTM-256,investigation,17074,17089,16,0,0,0.0,test_1,Mouse063_20160526_19-14-46
Full LSTM-256,investigation,17162,17171,10,0,0,0.0,test_1,Mouse063_20160526_19-14-46
Full LSTM-256,investigation,17618,17640,23,1,14,0.6086956521739131,test_1,Mouse063_20160526_19-14-46
Full LSTM-256,mount,17642,17707,66,1,66,1.0,test_1,Mouse063_20160526_19-14-46
Full LSTM-256,investigation,17899,17911,13,0,0,0.0,test_1,Mouse063_20160526_19-14-46
Full LSTM-256,mount,17913,17918,6,1,6,1.0,test_1,Mouse063_20160526_19-14-46
Full LSTM-256,investigation,17920,17942,23,0,0,0.0,test_1,Mouse063_20160526_19-14-46
Full LSTM-256,mount,17944,17958,15,1,8,0.5333333333333333,test_1,Mouse063_20160526_19-14-46
Full LSTM-256,investigation,17960,17972,13,1,13,1.0,test_1,Mouse063_20160526_19-14-46
Full LSTM-256,investigation,17980,17987,8,1,4,0.5,test_1,Mouse063_20160526_19-14-46
Full LSTM-256,investigation,18429,18464,36,1,16,0.4444444444444444,test_1,Mouse063_20160526_19-14-46
Full LSTM-256,mount,18466,18792,327,1,318,0.9724770642201835,test_1,Mouse063_20160526_19-14-46
Full LSTM-256,investigation,18914,18923,10,0,0,0.0,test_1,Mouse063_20160526_19-14-46
Full LSTM-256,investigation,19173,19178,6,0,0,0.0,test_1,Mouse063_20160526_19-14-46
Full attention-256,investigation,5,239,235,1,235,1.0,test_1,Mouse069_20160709_16-02-03
Full attention-256,investigation,272,477,206,1,206,1.0,test_1,Mouse069_20160709_16-02-03
Full attention-256,investigation,565,874,310,1,267,0.8612903225806452,test_1,Mouse069_20160709_16-02-03
Full attention-256,mount,876,907,32,0,0,0.0,test_1,Mouse069_20160709_16-02-03
Full attention-256,attack,909,979,71,1,67,0.9436619718309859,test_1,Mouse069_20160709_16-02-03
Full attention-256,investigation,1001,1043,43,1,23,0.5348837209302325,test_1,Mouse069_20160709_16-02-03
Full attention-256,attack,1045,1123,79,1,79,1.0,test_1,Mouse069_20160709_16-02-03
Full attention-256,investigation,1125,1148,24,0,0,0.0,test_1,Mouse069_20160709_16-02-03
Full attention-256,attack,1150,1192,43,1,34,0.7906976744186046,test_1,Mouse069_20160709_16-02-03
Full attention-256,investigation,1194,1206,13,1,13,1.0,test_1,Mouse069_20160709_16-02-03
Full attention-256,attack,1208,1233,26,1,16,0.6153846153846154,test_1,Mouse069_20160709_16-02-03
Full attention-256,investigation,1235,1259,25,1,25,1.0,test_1,Mouse069_20160709_16-02-03
Full attention-256,attack,1261,1309,49,0,0,0.0,test_1,Mouse069_20160709_16-02-03
Full attention-256,investigation,1311,1351,41,1,17,0.4146341463414634,test_1,Mouse069_20160709_16-02-03
Full attention-256,attack,1353,1584,232,2,215,0.9267241379310345,test_1,Mouse069_20160709_16-02-03
Full attention-256,investigation,1586,1649,64,1,62,0.96875,test_1,Mouse069_20160709_16-02-03
Full attention-256,investigation,2138,2170,33,1,16,0.48484848484848486,test_1,Mouse069_20160709_16-02-03
Full attention-256,investigation,3128,3167,40,1,40,1.0,test_1,Mouse069_20160709_16-02-03
Full attention-256,investigation,3294,3728,435,2,385,0.8850574712643678,test_1,Mouse069_20160709_16-02-03
Full attention-256,investigation,3783,3826,44,1,44,1.0,test_1,Mouse069_20160709_16-02-03
Full attention-256,attack,3828,3958,131,1,112,0.8549618320610687,test_1,Mouse069_20160709_16-02-03
Full attention-256,investigation,3960,3968,9,1,8,0.8888888888888888,test_1,Mouse069_20160709_16-02-03
Full attention-256,attack,3970,4160,191,1,190,0.9947643979057592,test_1,Mouse069_20160709_16-02-03
Full attention-256,investigation,4313,4318,6,1,6,1.0,test_1,Mouse069_20160709_16-02-03
Full attention-256,attack,4320,4393,74,1,16,0.21621621621621623,test_1,Mouse069_20160709_16-02-03
Full attention-256,investigation,4467,4476,10,0,0,0.0,test_1,Mouse069_20160709_16-02-03
Full attention-256,attack,4478,4683,206,2,142,0.6893203883495146,test_1,Mouse069_20160709_16-02-03
Full attention-256,attack,4697,4870,174,2,94,0.5402298850574713,test_1,Mouse069_20160709_16-02-03
Full attention-256,investigation,4872,4882,11,0,0,0.0,test_1,Mouse069_20160709_16-02-03
Full attention-256,investigation,7489,7522,34,1,31,0.9117647058823529,test_1,Mouse069_20160709_16-02-03
Full attention-256,investigation,7849,7906,58,1,55,0.9482758620689655,test_1,Mouse069_20160709_16-02-03
Full attention-256,investigation,8245,8266,22,0,0,0.0,test_1,Mouse069_20160709_16-02-03
Full attention-256,investigation,8440,8457,18,0,0,0.0,test_1,Mouse069_20160709_16-02-03
Full attention-256,investigation,8695,8791,97,1,97,1.0,test_1,Mouse069_20160709_16-02-03
Full attention-256,investigation,8867,9133,267,1,237,0.8876404494382022,test_1,Mouse069_20160709_16-02-03
Full attention-256,investigation,9368,9399,32,1,16,0.5,test_1,Mouse069_20160709_16-02-03
Full attention-256,investigation,9572,9594,23,1,23,1.0,test_1,Mouse069_20160709_16-02-03
Full attention-256,investigation,9736,9758,23,1,15,0.6521739130434783,test_1,Mouse069_20160709_16-02-03
Full attention-256,investigation,9889,9899,11,1,11,1.0,test_1,Mouse069_20160709_16-02-03
Full attention-256,investigation,10035,10047,13,0,0,0.0,test_1,Mouse069_20160709_16-02-03
Full attention-256,investigation,10438,10489,52,1,42,0.8076923076923077,test_1,Mouse069_20160709_16-02-03
Full attention-256,attack,10491,10766,276,2,228,0.8260869565217391,test_1,Mouse069_20160709_16-02-03
Full attention-256,investigation,10810,10810,1,0,0,0.0,test_1,Mouse069_20160709_16-02-03
Full attention-256,attack,10812,10966,155,1,151,0.9741935483870968,test_1,Mouse069_20160709_16-02-03
Full attention-256,investigation,11030,11031,2,0,0,0.0,test_1,Mouse069_20160709_16-02-03
Full attention-256,attack,11033,11072,40,1,40,1.0,test_1,Mouse069_20160709_16-02-03
Full attention-256,investigation,11132,11134,3,0,0,0.0,test_1,Mouse069_20160709_16-02-03
Full attention-256,attack,11136,11231,96,1,96,1.0,test_1,Mouse069_20160709_16-02-03
Full attention-256,investigation,11233,11267,35,1,31,0.8857142857142857,test_1,Mouse069_20160709_16-02-03
Full attention-256,investigation,11309,11315,7,1,4,0.5714285714285714,test_1,Mouse069_20160709_16-02-03
Full attention-256,attack,11317,11324,8,0,0,0.0,test_1,Mouse069_20160709_16-02-03
Full attention-256,investigation,11326,11338,13,1,13,1.0,test_1,Mouse069_20160709_16-02-03
Full attention-256,investigation,11418,11473,56,1,48,0.8571428571428571,test_1,Mouse069_20160709_16-02-03
Full attention-256,attack,11686,11696,11,0,0,0.0,test_1,Mouse069_20160709_16-02-03
Full attention-256,investigation,11747,11764,18,0,0,0.0,test_1,Mouse069_20160709_16-02-03
Full attention-256,attack,11766,11805,40,1,40,1.0,test_1,Mouse069_20160709_16-02-03
Full attention-256,investigation,11851,11859,9,1,5,0.5555555555555556,test_1,Mouse069_20160709_16-02-03
Full attention-256,investigation,12050,12058,9,0,0,0.0,test_1,Mouse069_20160709_16-02-03
Full attention-256,investigation,13907,13913,7,0,0,0.0,test_1,Mouse069_20160709_16-02-03
Full attention-256,investigation,14371,14384,14,0,0,0.0,test_1,Mouse069_20160709_16-02-03
Full attention-256,investigation,15003,15020,18,0,0,0.0,test_1,Mouse069_20160709_16-02-03
Full attention-256,investigation,15539,15632,94,1,64,0.6808510638297872,test_1,Mouse069_20160709_16-02-03
Full attention-256,investigation,15696,15711,16,0,0,0.0,test_1,Mouse069_20160709_16-02-03
Full attention-256,investigation,16814,16825,12,0,0,0.0,test_1,Mouse069_20160709_16-02-03
Full attention-256,investigation,16860,16870,11,0,0,0.0,test_1,Mouse069_20160709_16-02-03
Full attention-256,investigation,17027,17044,18,0,0,0.0,test_1,Mouse069_20160709_16-02-03
Full LSTM-256,investigation,5,239,235,1,235,1.0,test_1,Mouse069_20160709_16-02-03
Full LSTM-256,investigation,272,477,206,1,206,1.0,test_1,Mouse069_20160709_16-02-03
Full LSTM-256,investigation,565,874,310,1,267,0.8612903225806452,test_1,Mouse069_20160709_16-02-03
Full LSTM-256,mount,876,907,32,1,28,0.875,test_1,Mouse069_20160709_16-02-03
Full LSTM-256,attack,909,979,71,1,64,0.9014084507042254,test_1,Mouse069_20160709_16-02-03
Full LSTM-256,investigation,1001,1043,43,1,39,0.9069767441860465,test_1,Mouse069_20160709_16-02-03
Full LSTM-256,attack,1045,1123,79,1,79,1.0,test_1,Mouse069_20160709_16-02-03
Full LSTM-256,investigation,1125,1148,24,0,0,0.0,test_1,Mouse069_20160709_16-02-03
Full LSTM-256,attack,1150,1192,43,1,34,0.7906976744186046,test_1,Mouse069_20160709_16-02-03
Full LSTM-256,investigation,1194,1206,13,1,13,1.0,test_1,Mouse069_20160709_16-02-03
Full LSTM-256,attack,1208,1233,26,0,0,0.0,test_1,Mouse069_20160709_16-02-03
Full LSTM-256,investigation,1235,1259,25,1,25,1.0,test_1,Mouse069_20160709_16-02-03
Full LSTM-256,attack,1261,1309,49,0,0,0.0,test_1,Mouse069_20160709_16-02-03
Full LSTM-256,investigation,1311,1351,41,1,33,0.8048780487804879,test_1,Mouse069_20160709_16-02-03
Full LSTM-256,attack,1353,1584,232,3,151,0.6508620689655172,test_1,Mouse069_20160709_16-02-03
Full LSTM-256,investigation,1586,1649,64,1,46,0.71875,test_1,Mouse069_20160709_16-02-03
Full LSTM-256,investigation,2138,2170,33,0,0,0.0,test_1,Mouse069_20160709_16-02-03
Full LSTM-256,investigation,3128,3167,40,1,40,1.0,test_1,Mouse069_20160709_16-02-03
Full LSTM-256,investigation,3294,3728,435,3,353,0.8114942528735632,test_1,Mouse069_20160709_16-02-03
Full LSTM-256,investigation,3783,3826,44,1,44,1.0,test_1,Mouse069_20160709_16-02-03
Full LSTM-256,attack,3828,3958,131,1,112,0.8549618320610687,test_1,Mouse069_20160709_16-02-03
Full LSTM-256,investigation,3960,3968,9,1,9,1.0,test_1,Mouse069_20160709_16-02-03
Full LSTM-256,attack,3970,4160,191,1,176,0.9214659685863874,test_1,Mouse069_20160709_16-02-03
Full LSTM-256,investigation,4313,4318,6,1,6,1.0,test_1,Mouse069_20160709_16-02-03
Full LSTM-256,attack,4320,4393,74,1,16,0.21621621621621623,test_1,Mouse069_20160709_16-02-03
Full LSTM-256,investigation,4467,4476,10,0,0,0.0,test_1,Mouse069_20160709_16-02-03
Full LSTM-256,attack,4478,4683,206,2,142,0.6893203883495146,test_1,Mouse069_20160709_16-02-03
Full LSTM-256,attack,4697,4870,174,2,78,0.4482758620689655,test_1,Mouse069_20160709_16-02-03
Full LSTM-256,investigation,4872,4882,11,0,0,0.0,test_1,Mouse069_20160709_16-02-03
Full LSTM-256,investigation,7489,7522,34,1,31,0.9117647058823529,test_1,Mouse069_20160709_16-02-03
Full LSTM-256,investigation,7849,7906,58,1,48,0.8275862068965517,test_1,Mouse069_20160709_16-02-03
Full LSTM-256,investigation,8245,8266,22,0,0,0.0,test_1,Mouse069_20160709_16-02-03
Full LSTM-256,investigation,8440,8457,18,0,0,0.0,test_1,Mouse069_20160709_16-02-03
Full LSTM-256,investigation,8695,8791,97,1,89,0.9175257731958762,test_1,Mouse069_20160709_16-02-03
Full LSTM-256,investigation,8867,9133,267,1,224,0.8389513108614233,test_1,Mouse069_20160709_16-02-03
Full LSTM-256,investigation,9368,9399,32,0,0,0.0,test_1,Mouse069_20160709_16-02-03
Full LSTM-256,investigation,9572,9594,23,0,0,0.0,test_1,Mouse069_20160709_16-02-03
Full LSTM-256,investigation,9736,9758,23,0,0,0.0,test_1,Mouse069_20160709_16-02-03
Full LSTM-256,investigation,9889,9899,11,1,11,1.0,test_1,Mouse069_20160709_16-02-03
Full LSTM-256,investigation,10035,10047,13,0,0,0.0,test_1,Mouse069_20160709_16-02-03
Full LSTM-256,investigation,10438,10489,52,1,42,0.8076923076923077,test_1,Mouse069_20160709_16-02-03
Full LSTM-256,attack,10491,10766,276,2,180,0.6521739130434783,test_1,Mouse069_20160709_16-02-03
Full LSTM-256,investigation,10810,10810,1,0,0,0.0,test_1,Mouse069_20160709_16-02-03
Full LSTM-256,attack,10812,10966,155,1,144,0.9290322580645162,test_1,Mouse069_20160709_16-02-03
Full LSTM-256,investigation,11030,11031,2,0,0,0.0,test_1,Mouse069_20160709_16-02-03
Full LSTM-256,attack,11033,11072,40,1,40,1.0,test_1,Mouse069_20160709_16-02-03
Full LSTM-256,investigation,11132,11134,3,0,0,0.0,test_1,Mouse069_20160709_16-02-03
Full LSTM-256,attack,11136,11231,96,1,96,1.0,test_1,Mouse069_20160709_16-02-03
Full LSTM-256,investigation,11233,11267,35,1,31,0.8857142857142857,test_1,Mouse069_20160709_16-02-03
Full LSTM-256,investigation,11309,11315,7,0,0,0.0,test_1,Mouse069_20160709_16-02-03
Full LSTM-256,attack,11317,11324,8,1,8,1.0,test_1,Mouse069_20160709_16-02-03
Full LSTM-256,investigation,11326,11338,13,0,0,0.0,test_1,Mouse069_20160709_16-02-03
Full LSTM-256,investigation,11418,11473,56,1,32,0.5714285714285714,test_1,Mouse069_20160709_16-02-03
Full LSTM-256,attack,11686,11696,11,0,0,0.0,test_1,Mouse069_20160709_16-02-03
Full LSTM-256,investigation,11747,11764,18,0,0,0.0,test_1,Mouse069_20160709_16-02-03
Full LSTM-256,attack,11766,11805,40,1,40,1.0,test_1,Mouse069_20160709_16-02-03
Full LSTM-256,investigation,11851,11859,9,0,0,0.0,test_1,Mouse069_20160709_16-02-03
Full LSTM-256,investigation,12050,12058,9,0,0,0.0,test_1,Mouse069_20160709_16-02-03
Full LSTM-256,investigation,13907,13913,7,0,0,0.0,test_1,Mouse069_20160709_16-02-03
Full LSTM-256,investigation,14371,14384,14,0,0,0.0,test_1,Mouse069_20160709_16-02-03
Full LSTM-256,investigation,15003,15020,18,0,0,0.0,test_1,Mouse069_20160709_16-02-03
Full LSTM-256,investigation,15539,15632,94,1,48,0.5106382978723404,test_1,Mouse069_20160709_16-02-03
Full LSTM-256,investigation,15696,15711,16,0,0,0.0,test_1,Mouse069_20160709_16-02-03
Full LSTM-256,investigation,16814,16825,12,0,0,0.0,test_1,Mouse069_20160709_16-02-03
Full LSTM-256,investigation,16860,16870,11,0,0,0.0,test_1,Mouse069_20160709_16-02-03
Full LSTM-256,investigation,17027,17044,18,0,0,0.0,test_1,Mouse069_20160709_16-02-03
Full attention-256,attack,5,208,204,1,204,1.0,test_1,Mouse070_20160709_16-58-36
Full attention-256,investigation,210,231,22,0,0,0.0,test_1,Mouse070_20160709_16-58-36
Full attention-256,attack,233,259,27,1,27,1.0,test_1,Mouse070_20160709_16-58-36
Full attention-256,investigation,261,271,11,0,0,0.0,test_1,Mouse070_20160709_16-58-36
Full attention-256,investigation,297,298,2,0,0,0.0,test_1,Mouse070_20160709_16-58-36
Full attention-256,investigation,344,352,9,0,0,0.0,test_1,Mouse070_20160709_16-58-36
Full attention-256,attack,354,454,101,1,101,1.0,test_1,Mouse070_20160709_16-58-36
Full attention-256,investigation,456,486,31,0,0,0.0,test_1,Mouse070_20160709_16-58-36
Full attention-256,attack,488,524,37,1,37,1.0,test_1,Mouse070_20160709_16-58-36
Full attention-256,investigation,577,586,10,0,0,0.0,test_1,Mouse070_20160709_16-58-36
Full attention-256,attack,588,648,61,1,61,1.0,test_1,Mouse070_20160709_16-58-36
Full attention-256,investigation,650,665,16,0,0,0.0,test_1,Mouse070_20160709_16-58-36
Full attention-256,investigation,676,680,5,0,0,0.0,test_1,Mouse070_20160709_16-58-36
Full attention-256,investigation,687,692,6,0,0,0.0,test_1,Mouse070_20160709_16-58-36
Full attention-256,investigation,745,779,35,1,28,0.8,test_1,Mouse070_20160709_16-58-36
Full attention-256,investigation,957,962,6,0,0,0.0,test_1,Mouse070_20160709_16-58-36
Full attention-256,attack,964,1088,125,1,125,1.0,test_1,Mouse070_20160709_16-58-36
Full attention-256,investigation,1090,1115,26,0,0,0.0,test_1,Mouse070_20160709_16-58-36
Full attention-256,attack,1117,1156,40,1,40,1.0,test_1,Mouse070_20160709_16-58-36
Full attention-256,investigation,1187,1235,49,1,45,0.9183673469387755,test_1,Mouse070_20160709_16-58-36
Full attention-256,investigation,1298,1314,17,1,14,0.8235294117647058,test_1,Mouse070_20160709_16-58-36
Full attention-256,investigation,1436,1462,27,0,0,0.0,test_1,Mouse070_20160709_16-58-36
Full attention-256,attack,1464,1650,187,1,184,0.983957219251337,test_1,Mouse070_20160709_16-58-36
Full attention-256,investigation,1803,1805,3,0,0,0.0,test_1,Mouse070_20160709_16-58-36
Full attention-256,attack,1807,1873,67,1,65,0.9701492537313433,test_1,Mouse070_20160709_16-58-36
Full attention-256,investigation,1875,1884,10,0,0,0.0,test_1,Mouse070_20160709_16-58-36
Full attention-256,investigation,1977,1995,19,1,7,0.3684210526315789,test_1,Mouse070_20160709_16-58-36
Full attention-256,attack,1997,2092,96,1,96,1.0,test_1,Mouse070_20160709_16-58-36
Full attention-256,investigation,2094,2097,4,0,0,0.0,test_1,Mouse070_20160709_16-58-36
Full attention-256,investigation,2134,2151,18,0,0,0.0,test_1,Mouse070_20160709_16-58-36
Full attention-256,attack,2153,2208,56,1,55,0.9821428571428571,test_1,Mouse070_20160709_16-58-36
Full attention-256,investigation,2259,2276,18,1,13,0.7222222222222222,test_1,Mouse070_20160709_16-58-36
Full attention-256,attack,2278,2426,149,1,149,1.0,test_1,Mouse070_20160709_16-58-36
Full attention-256,investigation,2475,2481,7,0,0,0.0,test_1,Mouse070_20160709_16-58-36
Full attention-256,attack,2483,2652,170,1,170,1.0,test_1,Mouse070_20160709_16-58-36
Full attention-256,investigation,2673,2673,1,0,0,0.0,test_1,Mouse070_20160709_16-58-36
Full attention-256,attack,2675,2695,21,1,21,1.0,test_1,Mouse070_20160709_16-58-36
Full attention-256,investigation,2697,2731,35,0,0,0.0,test_1,Mouse070_20160709_16-58-36
Full attention-256,attack,2733,2755,23,1,19,0.8260869565217391,test_1,Mouse070_20160709_16-58-36
Full attention-256,investigation,2791,2809,19,0,0,0.0,test_1,Mouse070_20160709_16-58-36
Full attention-256,attack,2811,2835,25,1,25,1.0,test_1,Mouse070_20160709_16-58-36
Full attention-256,attack,2846,2867,22,1,22,1.0,test_1,Mouse070_20160709_16-58-36
Full attention-256,investigation,2869,2884,16,0,0,0.0,test_1,Mouse070_20160709_16-58-36
Full attention-256,attack,2886,2895,10,1,10,1.0,test_1,Mouse070_20160709_16-58-36
Full attention-256,investigation,2897,2921,25,0,0,0.0,test_1,Mouse070_20160709_16-58-36
Full attention-256,attack,2923,2932,10,1,10,1.0,test_1,Mouse070_20160709_16-58-36
Full attention-256,investigation,2934,2957,24,1,14,0.5833333333333334,test_1,Mouse070_20160709_16-58-36
Full attention-256,investigation,3191,3196,6,0,0,0.0,test_1,Mouse070_20160709_16-58-36
Full attention-256,attack,3198,3214,17,1,17,1.0,test_1,Mouse070_20160709_16-58-36
Full attention-256,investigation,3216,3225,10,0,0,0.0,test_1,Mouse070_20160709_16-58-36
Full attention-256,investigation,3404,3442,39,1,16,0.41025641025641024,test_1,Mouse070_20160709_16-58-36
Full attention-256,attack,3444,3497,54,1,54,1.0,test_1,Mouse070_20160709_16-58-36
Full attention-256,investigation,3499,3508,10,0,0,0.0,test_1,Mouse070_20160709_16-58-36
Full attention-256,attack,3510,3515,6,1,6,1.0,test_1,Mouse070_20160709_16-58-36
Full attention-256,investigation,3517,3532,16,0,0,0.0,test_1,Mouse070_20160709_16-58-36
Full attention-256,investigation,3548,3608,61,1,52,0.8524590163934426,test_1,Mouse070_20160709_16-58-36
Full attention-256,investigation,3731,3795,65,0,0,0.0,test_1,Mouse070_20160709_16-58-36
Full attention-256,attack,3797,3810,14,1,11,0.7857142857142857,test_1,Mouse070_20160709_16-58-36
Full attention-256,investigation,3831,3838,8,0,0,0.0,test_1,Mouse070_20160709_16-58-36
Full attention-256,investigation,3925,3935,11,0,0,0.0,test_1,Mouse070_20160709_16-58-36
Full attention-256,attack,3937,3995,59,1,59,1.0,test_1,Mouse070_20160709_16-58-36
Full attention-256,attack,4004,4103,100,1,100,1.0,test_1,Mouse070_20160709_16-58-36
Full attention-256,investigation,4105,4110,6,0,0,0.0,test_1,Mouse070_20160709_16-58-36
Full attention-256,investigation,4561,4585,25,0,0,0.0,test_1,Mouse070_20160709_16-58-36
Full attention-256,investigation,4710,4735,26,1,16,0.6153846153846154,test_1,Mouse070_20160709_16-58-36
Full attention-256,investigation,4785,4792,8,0,0,0.0,test_1,Mouse070_20160709_16-58-36
Full attention-256,attack,4794,4894,101,1,101,1.0,test_1,Mouse070_20160709_16-58-36
Full attention-256,investigation,4896,4898,3,0,0,0.0,test_1,Mouse070_20160709_16-58-36
Full attention-256,attack,4900,5022,123,1,123,1.0,test_1,Mouse070_20160709_16-58-36
Full attention-256,attack,5030,5074,45,1,45,1.0,test_1,Mouse070_20160709_16-58-36
Full attention-256,investigation,5130,5145,16,1,16,1.0,test_1,Mouse070_20160709_16-58-36
Full attention-256,attack,5147,5267,121,1,68,0.5619834710743802,test_1,Mouse070_20160709_16-58-36
Full attention-256,investigation,5269,5321,53,1,16,0.3018867924528302,test_1,Mouse070_20160709_16-58-36
Full attention-256,attack,5323,5362,40,1,40,1.0,test_1,Mouse070_20160709_16-58-36
Full attention-256,investigation,5364,5379,16,0,0,0.0,test_1,Mouse070_20160709_16-58-36
Full attention-256,attack,5381,5390,10,1,10,1.0,test_1,Mouse070_20160709_16-58-36
Full attention-256,investigation,5392,5402,11,0,0,0.0,test_1,Mouse070_20160709_16-58-36
Full attention-256,investigation,5472,5494,23,0,0,0.0,test_1,Mouse070_20160709_16-58-36
Full attention-256,attack,5496,5527,32,1,32,1.0,test_1,Mouse070_20160709_16-58-36
Full attention-256,investigation,5529,5541,13,0,0,0.0,test_1,Mouse070_20160709_16-58-36
Full attention-256,attack,5543,5564,22,1,22,1.0,test_1,Mouse070_20160709_16-58-36
Full attention-256,investigation,5566,5592,27,0,0,0.0,test_1,Mouse070_20160709_16-58-36
Full attention-256,attack,5594,5626,33,1,33,1.0,test_1,Mouse070_20160709_16-58-36
Full attention-256,investigation,5628,5633,6,0,0,0.0,test_1,Mouse070_20160709_16-58-36
Full attention-256,investigation,5665,5682,18,1,18,1.0,test_1,Mouse070_20160709_16-58-36
Full attention-256,investigation,5695,5716,22,1,22,1.0,test_1,Mouse070_20160709_16-58-36
Full attention-256,investigation,5750,5772,23,1,23,1.0,test_1,Mouse070_20160709_16-58-36
Full attention-256,investigation,5987,6003,17,0,0,0.0,test_1,Mouse070_20160709_16-58-36
Full attention-256,attack,6005,6055,51,1,51,1.0,test_1,Mouse070_20160709_16-58-36
Full attention-256,investigation,6057,6071,15,0,0,0.0,test_1,Mouse070_20160709_16-58-36
Full attention-256,attack,6073,6105,33,1,33,1.0,test_1,Mouse070_20160709_16-58-36
Full attention-256,investigation,6107,6119,13,0,0,0.0,test_1,Mouse070_20160709_16-58-36
Full attention-256,attack,6121,6136,16,1,16,1.0,test_1,Mouse070_20160709_16-58-36
Full attention-256,investigation,6168,6170,3,0,0,0.0,test_1,Mouse070_20160709_16-58-36
Full attention-256,attack,6172,6198,27,1,27,1.0,test_1,Mouse070_20160709_16-58-36
Full attention-256,investigation,6200,6218,19,0,0,0.0,test_1,Mouse070_20160709_16-58-36
Full attention-256,attack,6220,6238,19,1,19,1.0,test_1,Mouse070_20160709_16-58-36
Full attention-256,investigation,6240,6304,65,1,48,0.7384615384615385,test_1,Mouse070_20160709_16-58-36
Full attention-256,attack,6306,6321,16,1,16,1.0,test_1,Mouse070_20160709_16-58-36
Full attention-256,investigation,6323,6339,17,0,0,0.0,test_1,Mouse070_20160709_16-58-36
Full attention-256,attack,6341,6391,51,1,51,1.0,test_1,Mouse070_20160709_16-58-36
Full attention-256,investigation,6393,6407,15,0,0,0.0,test_1,Mouse070_20160709_16-58-36
Full attention-256,attack,6409,6434,26,1,26,1.0,test_1,Mouse070_20160709_16-58-36
Full attention-256,investigation,6436,6453,18,0,0,0.0,test_1,Mouse070_20160709_16-58-36
Full attention-256,attack,6455,6464,10,1,10,1.0,test_1,Mouse070_20160709_16-58-36
Full attention-256,investigation,6472,6518,47,1,39,0.8297872340425532,test_1,Mouse070_20160709_16-58-36
Full attention-256,attack,6520,6534,15,0,0,0.0,test_1,Mouse070_20160709_16-58-36
Full attention-256,investigation,6536,6564,29,1,29,1.0,test_1,Mouse070_20160709_16-58-36
Full attention-256,investigation,6598,6606,9,1,9,1.0,test_1,Mouse070_20160709_16-58-36
Full attention-256,investigation,6699,6707,9,0,0,0.0,test_1,Mouse070_20160709_16-58-36
Full attention-256,attack,6709,6723,15,1,15,1.0,test_1,Mouse070_20160709_16-58-36
Full attention-256,investigation,6725,6755,31,1,16,0.5161290322580645,test_1,Mouse070_20160709_16-58-36
Full attention-256,investigation,6884,6914,31,1,31,1.0,test_1,Mouse070_20160709_16-58-36
Full attention-256,investigation,7074,7085,12,0,0,0.0,test_1,Mouse070_20160709_16-58-36
Full attention-256,investigation,7096,7101,6,0,0,0.0,test_1,Mouse070_20160709_16-58-36
Full attention-256,investigation,7300,7301,2,0,0,0.0,test_1,Mouse070_20160709_16-58-36
Full attention-256,attack,7303,7388,86,1,86,1.0,test_1,Mouse070_20160709_16-58-36
Full attention-256,attack,7397,7435,39,1,39,1.0,test_1,Mouse070_20160709_16-58-36
Full attention-256,investigation,7437,7522,86,1,51,0.5930232558139535,test_1,Mouse070_20160709_16-58-36
Full attention-256,investigation,7658,7728,71,1,70,0.9859154929577465,test_1,Mouse070_20160709_16-58-36
Full attention-256,investigation,7874,7900,27,0,0,0.0,test_1,Mouse070_20160709_16-58-36
Full attention-256,attack,7902,8024,123,1,123,1.0,test_1,Mouse070_20160709_16-58-36
Full attention-256,investigation,8026,8029,4,0,0,0.0,test_1,Mouse070_20160709_16-58-36
Full attention-256,attack,8031,8057,27,1,27,1.0,test_1,Mouse070_20160709_16-58-36
Full attention-256,investigation,8059,8100,42,1,32,0.7619047619047619,test_1,Mouse070_20160709_16-58-36
Full attention-256,attack,8102,8153,52,1,52,1.0,test_1,Mouse070_20160709_16-58-36
Full attention-256,investigation,8155,8160,6,0,0,0.0,test_1,Mouse070_20160709_16-58-36
Full attention-256,investigation,8275,8281,7,0,0,0.0,test_1,Mouse070_20160709_16-58-36
Full attention-256,attack,8283,8301,19,1,19,1.0,test_1,Mouse070_20160709_16-58-36
Full attention-256,investigation,8303,8308,6,0,0,0.0,test_1,Mouse070_20160709_16-58-36
Full attention-256,attack,8310,8408,99,1,99,1.0,test_1,Mouse070_20160709_16-58-36
Full attention-256,investigation,8410,8531,122,1,112,0.9180327868852459,test_1,Mouse070_20160709_16-58-36
Full attention-256,investigation,8875,8897,23,0,0,0.0,test_1,Mouse070_20160709_16-58-36
Full attention-256,attack,8899,8907,9,1,9,1.0,test_1,Mouse070_20160709_16-58-36
Full attention-256,investigation,8909,8936,28,0,0,0.0,test_1,Mouse070_20160709_16-58-36
Full attention-256,investigation,9350,9369,20,1,20,1.0,test_1,Mouse070_20160709_16-58-36
Full attention-256,attack,9371,9375,5,0,0,0.0,test_1,Mouse070_20160709_16-58-36
Full attention-256,attack,9641,9697,57,1,57,1.0,test_1,Mouse070_20160709_16-58-36
Full attention-256,investigation,9699,9716,18,0,0,0.0,test_1,Mouse070_20160709_16-58-36
Full attention-256,attack,9718,9734,17,1,17,1.0,test_1,Mouse070_20160709_16-58-36
Full attention-256,investigation,9736,9753,18,0,0,0.0,test_1,Mouse070_20160709_16-58-36
Full attention-256,investigation,9788,9797,10,0,0,0.0,test_1,Mouse070_20160709_16-58-36
Full attention-256,investigation,9959,9961,3,0,0,0.0,test_1,Mouse070_20160709_16-58-36
Full attention-256,investigation,10029,10029,1,1,1,1.0,test_1,Mouse070_20160709_16-58-36
Full attention-256,investigation,10244,10255,12,0,0,0.0,test_1,Mouse070_20160709_16-58-36
Full attention-256,investigation,10422,10434,13,1,10,0.7692307692307693,test_1,Mouse070_20160709_16-58-36
Full attention-256,investigation,10504,10518,15,0,0,0.0,test_1,Mouse070_20160709_16-58-36
Full attention-256,investigation,10751,10791,41,1,32,0.7804878048780488,test_1,Mouse070_20160709_16-58-36
Full attention-256,investigation,11758,11771,14,0,0,0.0,test_1,Mouse070_20160709_16-58-36
Full attention-256,investigation,11988,12002,15,1,15,1.0,test_1,Mouse070_20160709_16-58-36
Full attention-256,investigation,12896,12908,13,0,0,0.0,test_1,Mouse070_20160709_16-58-36
Full attention-256,investigation,13936,13955,20,1,16,0.8,test_1,Mouse070_20160709_16-58-36
Full attention-256,investigation,14297,14311,15,0,0,0.0,test_1,Mouse070_20160709_16-58-36
Full attention-256,investigation,14600,14611,12,0,0,0.0,test_1,Mouse070_20160709_16-58-36
Full attention-256,investigation,15678,15723,46,1,16,0.34782608695652173,test_1,Mouse070_20160709_16-58-36
Full attention-256,attack,15725,15755,31,1,31,1.0,test_1,Mouse070_20160709_16-58-36
Full attention-256,investigation,15757,15766,10,0,0,0.0,test_1,Mouse070_20160709_16-58-36
Full attention-256,investigation,15790,15801,12,0,0,0.0,test_1,Mouse070_20160709_16-58-36
Full attention-256,attack,15803,15842,40,1,37,0.925,test_1,Mouse070_20160709_16-58-36
Full attention-256,investigation,15901,15911,11,0,0,0.0,test_1,Mouse070_20160709_16-58-36
Full attention-256,attack,15913,16021,109,1,109,1.0,test_1,Mouse070_20160709_16-58-36
Full attention-256,investigation,16023,16063,41,1,32,0.7804878048780488,test_1,Mouse070_20160709_16-58-36
Full attention-256,investigation,16293,16301,9,0,0,0.0,test_1,Mouse070_20160709_16-58-36
Full attention-256,attack,16303,16311,9,0,0,0.0,test_1,Mouse070_20160709_16-58-36
Full attention-256,investigation,16313,16349,37,1,23,0.6216216216216216,test_1,Mouse070_20160709_16-58-36
Full attention-256,investigation,16497,16502,6,0,0,0.0,test_1,Mouse070_20160709_16-58-36
Full attention-256,attack,16504,16547,44,1,44,1.0,test_1,Mouse070_20160709_16-58-36
Full attention-256,investigation,16549,16564,16,0,0,0.0,test_1,Mouse070_20160709_16-58-36
Full attention-256,attack,16566,16569,4,1,4,1.0,test_1,Mouse070_20160709_16-58-36
Full attention-256,investigation,16571,16576,6,0,0,0.0,test_1,Mouse070_20160709_16-58-36
Full attention-256,investigation,16624,16637,14,0,0,0.0,test_1,Mouse070_20160709_16-58-36
Full attention-256,attack,16639,16655,17,1,17,1.0,test_1,Mouse070_20160709_16-58-36
Full attention-256,investigation,16657,16694,38,0,0,0.0,test_1,Mouse070_20160709_16-58-36
Full attention-256,investigation,17001,17046,46,0,0,0.0,test_1,Mouse070_20160709_16-58-36
Full attention-256,investigation,17142,17146,5,0,0,0.0,test_1,Mouse070_20160709_16-58-36
Full attention-256,attack,17148,17178,31,1,31,1.0,test_1,Mouse070_20160709_16-58-36
Full attention-256,investigation,17180,17189,10,1,6,0.6,test_1,Mouse070_20160709_16-58-36
Full attention-256,investigation,17573,17581,9,0,0,0.0,test_1,Mouse070_20160709_16-58-36
Full attention-256,investigation,17779,17790,12,0,0,0.0,test_1,Mouse070_20160709_16-58-36
Full attention-256,investigation,18238,18248,11,0,0,0.0,test_1,Mouse070_20160709_16-58-36
Full attention-256,investigation,18415,18453,39,1,32,0.8205128205128205,test_1,Mouse070_20160709_16-58-36
Full attention-256,investigation,18855,18864,10,0,0,0.0,test_1,Mouse070_20160709_16-58-36
Full attention-256,investigation,19483,19555,73,0,0,0.0,test_1,Mouse070_20160709_16-58-36
Full attention-256,investigation,19739,19740,2,0,0,0.0,test_1,Mouse070_20160709_16-58-36
Full attention-256,attack,19742,19838,97,1,97,1.0,test_1,Mouse070_20160709_16-58-36
Full attention-256,investigation,19840,19855,16,0,0,0.0,test_1,Mouse070_20160709_16-58-36
Full attention-256,attack,19857,19912,56,1,56,1.0,test_1,Mouse070_20160709_16-58-36
Full attention-256,investigation,19914,19921,8,0,0,0.0,test_1,Mouse070_20160709_16-58-36
Full attention-256,attack,19923,19951,29,1,29,1.0,test_1,Mouse070_20160709_16-58-36
Full attention-256,investigation,19953,19959,7,0,0,0.0,test_1,Mouse070_20160709_16-58-36
Full attention-256,investigation,20000,20065,66,0,0,0.0,test_1,Mouse070_20160709_16-58-36
Full attention-256,investigation,20115,20126,12,1,12,1.0,test_1,Mouse070_20160709_16-58-36
Full attention-256,investigation,20161,20191,31,0,0,0.0,test_1,Mouse070_20160709_16-58-36
Full LSTM-256,attack,5,208,204,1,204,1.0,test_1,Mouse070_20160709_16-58-36
Full LSTM-256,investigation,210,231,22,0,0,0.0,test_1,Mouse070_20160709_16-58-36
Full LSTM-256,attack,233,259,27,1,23,0.8518518518518519,test_1,Mouse070_20160709_16-58-36
Full LSTM-256,investigation,261,271,11,0,0,0.0,test_1,Mouse070_20160709_16-58-36
Full LSTM-256,investigation,297,298,2,0,0,0.0,test_1,Mouse070_20160709_16-58-36
Full LSTM-256,investigation,344,352,9,0,0,0.0,test_1,Mouse070_20160709_16-58-36
Full LSTM-256,attack,354,454,101,1,101,1.0,test_1,Mouse070_20160709_16-58-36
Full LSTM-256,investigation,456,486,31,0,0,0.0,test_1,Mouse070_20160709_16-58-36
Full LSTM-256,attack,488,524,37,1,37,1.0,test_1,Mouse070_20160709_16-58-36
Full LSTM-256,investigation,577,586,10,0,0,0.0,test_1,Mouse070_20160709_16-58-36
Full LSTM-256,attack,588,648,61,1,61,1.0,test_1,Mouse070_20160709_16-58-36
Full LSTM-256,investigation,650,665,16,0,0,0.0,test_1,Mouse070_20160709_16-58-36
Full LSTM-256,investigation,676,680,5,0,0,0.0,test_1,Mouse070_20160709_16-58-36
Full LSTM-256,investigation,687,692,6,0,0,0.0,test_1,Mouse070_20160709_16-58-36
Full LSTM-256,investigation,745,779,35,1,28,0.8,test_1,Mouse070_20160709_16-58-36
Full LSTM-256,investigation,957,962,6,0,0,0.0,test_1,Mouse070_20160709_16-58-36
Full LSTM-256,attack,964,1088,125,1,125,1.0,test_1,Mouse070_20160709_16-58-36
Full LSTM-256,investigation,1090,1115,26,0,0,0.0,test_1,Mouse070_20160709_16-58-36
Full LSTM-256,attack,1117,1156,40,1,40,1.0,test_1,Mouse070_20160709_16-58-36
Full LSTM-256,investigation,1187,1235,49,1,32,0.6530612244897959,test_1,Mouse070_20160709_16-58-36
Full LSTM-256,investigation,1298,1314,17,0,0,0.0,test_1,Mouse070_20160709_16-58-36
Full LSTM-256,investigation,1436,1462,27,0,0,0.0,test_1,Mouse070_20160709_16-58-36
Full LSTM-256,attack,1464,1650,187,1,184,0.983957219251337,test_1,Mouse070_20160709_16-58-36
Full LSTM-256,investigation,1803,1805,3,0,0,0.0,test_1,Mouse070_20160709_16-58-36
Full LSTM-256,attack,1807,1873,67,1,66,0.9850746268656716,test_1,Mouse070_20160709_16-58-36
Full LSTM-256,investigation,1875,1884,10,0,0,0.0,test_1,Mouse070_20160709_16-58-36
Full LSTM-256,investigation,1977,1995,19,1,7,0.3684210526315789,test_1,Mouse070_20160709_16-58-36
Full LSTM-256,attack,1997,2092,96,1,96,1.0,test_1,Mouse070_20160709_16-58-36
Full LSTM-256,investigation,2094,2097,4,0,0,0.0,test_1,Mouse070_20160709_16-58-36
Full LSTM-256,investigation,2134,2151,18,0,0,0.0,test_1,Mouse070_20160709_16-58-36
Full LSTM-256,attack,2153,2208,56,1,55,0.9821428571428571,test_1,Mouse070_20160709_16-58-36
Full LSTM-256,investigation,2259,2276,18,1,13,0.7222222222222222,test_1,Mouse070_20160709_16-58-36
Full LSTM-256,attack,2278,2426,149,1,149,1.0,test_1,Mouse070_20160709_16-58-36
Full LSTM-256,investigation,2475,2481,7,0,0,0.0,test_1,Mouse070_20160709_16-58-36
Full LSTM-256,attack,2483,2652,170,1,170,1.0,test_1,Mouse070_20160709_16-58-36
Full LSTM-256,investigation,2673,2673,1,0,0,0.0,test_1,Mouse070_20160709_16-58-36
Full LSTM-256,attack,2675,2695,21,1,21,1.0,test_1,Mouse070_20160709_16-58-36
Full LSTM-256,investigation,2697,2731,35,1,28,0.8,test_1,Mouse070_20160709_16-58-36
Full LSTM-256,attack,2733,2755,23,1,16,0.6956521739130435,test_1,Mouse070_20160709_16-58-36
Full LSTM-256,investigation,2791,2809,19,0,0,0.0,test_1,Mouse070_20160709_16-58-36
Full LSTM-256,attack,2811,2835,25,1,25,1.0,test_1,Mouse070_20160709_16-58-36
Full LSTM-256,attack,2846,2867,22,1,22,1.0,test_1,Mouse070_20160709_16-58-36
Full LSTM-256,investigation,2869,2884,16,0,0,0.0,test_1,Mouse070_20160709_16-58-36
Full LSTM-256,attack,2886,2895,10,1,10,1.0,test_1,Mouse070_20160709_16-58-36
Full LSTM-256,investigation,2897,2921,25,0,0,0.0,test_1,Mouse070_20160709_16-58-36
Full LSTM-256,attack,2923,2932,10,1,10,1.0,test_1,Mouse070_20160709_16-58-36
Full LSTM-256,investigation,2934,2957,24,1,14,0.5833333333333334,test_1,Mouse070_20160709_16-58-36
Full LSTM-256,investigation,3191,3196,6,0,0,0.0,test_1,Mouse070_20160709_16-58-36
Full LSTM-256,attack,3198,3214,17,0,0,0.0,test_1,Mouse070_20160709_16-58-36
Full LSTM-256,investigation,3216,3225,10,0,0,0.0,test_1,Mouse070_20160709_16-58-36
Full LSTM-256,investigation,3404,3442,39,1,16,0.41025641025641024,test_1,Mouse070_20160709_16-58-36
Full LSTM-256,attack,3444,3497,54,1,54,1.0,test_1,Mouse070_20160709_16-58-36
Full LSTM-256,investigation,3499,3508,10,0,0,0.0,test_1,Mouse070_20160709_16-58-36
Full LSTM-256,attack,3510,3515,6,1,6,1.0,test_1,Mouse070_20160709_16-58-36
Full LSTM-256,investigation,3517,3532,16,0,0,0.0,test_1,Mouse070_20160709_16-58-36
Full LSTM-256,investigation,3548,3608,61,1,52,0.8524590163934426,test_1,Mouse070_20160709_16-58-36
Full LSTM-256,investigation,3731,3795,65,0,0,0.0,test_1,Mouse070_20160709_16-58-36
Full LSTM-256,attack,3797,3810,14,1,11,0.7857142857142857,test_1,Mouse070_20160709_16-58-36
Full LSTM-256,investigation,3831,3838,8,0,0,0.0,test_1,Mouse070_20160709_16-58-36
Full LSTM-256,investigation,3925,3935,11,0,0,0.0,test_1,Mouse070_20160709_16-58-36
Full LSTM-256,attack,3937,3995,59,1,59,1.0,test_1,Mouse070_20160709_16-58-36
Full LSTM-256,attack,4004,4103,100,1,100,1.0,test_1,Mouse070_20160709_16-58-36
Full LSTM-256,investigation,4105,4110,6,0,0,0.0,test_1,Mouse070_20160709_16-58-36
Full LSTM-256,investigation,4561,4585,25,0,0,0.0,test_1,Mouse070_20160709_16-58-36
Full LSTM-256,investigation,4710,4735,26,1,16,0.6153846153846154,test_1,Mouse070_20160709_16-58-36
Full LSTM-256,investigation,4785,4792,8,0,0,0.0,test_1,Mouse070_20160709_16-58-36
Full LSTM-256,attack,4794,4894,101,1,101,1.0,test_1,Mouse070_20160709_16-58-36
Full LSTM-256,investigation,4896,4898,3,0,0,0.0,test_1,Mouse070_20160709_16-58-36
Full LSTM-256,attack,4900,5022,123,1,123,1.0,test_1,Mouse070_20160709_16-58-36
Full LSTM-256,attack,5030,5074,45,1,45,1.0,test_1,Mouse070_20160709_16-58-36
Full LSTM-256,investigation,5130,5145,16,1,10,0.625,test_1,Mouse070_20160709_16-58-36
Full LSTM-256,attack,5147,5267,121,1,52,0.4297520661157025,test_1,Mouse070_20160709_16-58-36
Full LSTM-256,investigation,5269,5321,53,1,32,0.6037735849056604,test_1,Mouse070_20160709_16-58-36
Full LSTM-256,attack,5323,5362,40,1,40,1.0,test_1,Mouse070_20160709_16-58-36
Full LSTM-256,investigation,5364,5379,16,0,0,0.0,test_1,Mouse070_20160709_16-58-36
Full LSTM-256,attack,5381,5390,10,1,10,1.0,test_1,Mouse070_20160709_16-58-36
Full LSTM-256,investigation,5392,5402,11,0,0,0.0,test_1,Mouse070_20160709_16-58-36
Full LSTM-256,investigation,5472,5494,23,0,0,0.0,test_1,Mouse070_20160709_16-58-36
Full LSTM-256,attack,5496,5527,32,1,32,1.0,test_1,Mouse070_20160709_16-58-36
Full LSTM-256,investigation,5529,5541,13,0,0,0.0,test_1,Mouse070_20160709_16-58-36
Full LSTM-256,attack,5543,5564,22,1,22,1.0,test_1,Mouse070_20160709_16-58-36
Full LSTM-256,investigation,5566,5592,27,0,0,0.0,test_1,Mouse070_20160709_16-58-36
Full LSTM-256,attack,5594,5626,33,1,33,1.0,test_1,Mouse070_20160709_16-58-36
Full LSTM-256,investigation,5628,5633,6,0,0,0.0,test_1,Mouse070_20160709_16-58-36
Full LSTM-256,investigation,5665,5682,18,1,18,1.0,test_1,Mouse070_20160709_16-58-36
Full LSTM-256,investigation,5695,5716,22,1,22,1.0,test_1,Mouse070_20160709_16-58-36
Full LSTM-256,investigation,5750,5772,23,1,10,0.43478260869565216,test_1,Mouse070_20160709_16-58-36
Full LSTM-256,investigation,5987,6003,17,0,0,0.0,test_1,Mouse070_20160709_16-58-36
Full LSTM-256,attack,6005,6055,51,1,51,1.0,test_1,Mouse070_20160709_16-58-36
Full LSTM-256,investigation,6057,6071,15,1,8,0.5333333333333333,test_1,Mouse070_20160709_16-58-36
Full LSTM-256,attack,6073,6105,33,0,0,0.0,test_1,Mouse070_20160709_16-58-36
Full LSTM-256,investigation,6107,6119,13,1,5,0.38461538461538464,test_1,Mouse070_20160709_16-58-36
Full LSTM-256,attack,6121,6136,16,1,16,1.0,test_1,Mouse070_20160709_16-58-36
Full LSTM-256,investigation,6168,6170,3,0,0,0.0,test_1,Mouse070_20160709_16-58-36
Full LSTM-256,attack,6172,6198,27,1,27,1.0,test_1,Mouse070_20160709_16-58-36
Full LSTM-256,investigation,6200,6218,19,0,0,0.0,test_1,Mouse070_20160709_16-58-36
Full LSTM-256,attack,6220,6238,19,1,19,1.0,test_1,Mouse070_20160709_16-58-36
Full LSTM-256,investigation,6240,6304,65,0,0,0.0,test_1,Mouse070_20160709_16-58-36
Full LSTM-256,attack,6306,6321,16,1,16,1.0,test_1,Mouse070_20160709_16-58-36
Full LSTM-256,investigation,6323,6339,17,0,0,0.0,test_1,Mouse070_20160709_16-58-36
Full LSTM-256,attack,6341,6391,51,1,51,1.0,test_1,Mouse070_20160709_16-58-36
Full LSTM-256,investigation,6393,6407,15,0,0,0.0,test_1,Mouse070_20160709_16-58-36
Full LSTM-256,attack,6409,6434,26,1,26,1.0,test_1,Mouse070_20160709_16-58-36
Full LSTM-256,investigation,6436,6453,18,0,0,0.0,test_1,Mouse070_20160709_16-58-36
Full LSTM-256,attack,6455,6464,10,1,10,1.0,test_1,Mouse070_20160709_16-58-36
Full LSTM-256,investigation,6472,6518,47,1,39,0.8297872340425532,test_1,Mouse070_20160709_16-58-36
Full LSTM-256,attack,6520,6534,15,0,0,0.0,test_1,Mouse070_20160709_16-58-36
Full LSTM-256,investigation,6536,6564,29,1,29,1.0,test_1,Mouse070_20160709_16-58-36
Full LSTM-256,investigation,6598,6606,9,0,0,0.0,test_1,Mouse070_20160709_16-58-36
Full LSTM-256,investigation,6699,6707,9,1,4,0.4444444444444444,test_1,Mouse070_20160709_16-58-36
Full LSTM-256,attack,6709,6723,15,1,4,0.26666666666666666,test_1,Mouse070_20160709_16-58-36
Full LSTM-256,investigation,6725,6755,31,0,0,0.0,test_1,Mouse070_20160709_16-58-36
Full LSTM-256,investigation,6884,6914,31,1,19,0.6129032258064516,test_1,Mouse070_20160709_16-58-36
Full LSTM-256,investigation,7074,7085,12,0,0,0.0,test_1,Mouse070_20160709_16-58-36
Full LSTM-256,investigation,7096,7101,6,0,0,0.0,test_1,Mouse070_20160709_16-58-36
Full LSTM-256,investigation,7300,7301,2,0,0,0.0,test_1,Mouse070_20160709_16-58-36
Full LSTM-256,attack,7303,7388,86,1,86,1.0,test_1,Mouse070_20160709_16-58-36
Full LSTM-256,attack,7397,7435,39,1,39,1.0,test_1,Mouse070_20160709_16-58-36
Full LSTM-256,investigation,7437,7522,86,1,51,0.5930232558139535,test_1,Mouse070_20160709_16-58-36
Full LSTM-256,investigation,7658,7728,71,1,70,0.9859154929577465,test_1,Mouse070_20160709_16-58-36
Full LSTM-256,investigation,7874,7900,27,0,0,0.0,test_1,Mouse070_20160709_16-58-36
Full LSTM-256,attack,7902,8024,123,1,123,1.0,test_1,Mouse070_20160709_16-58-36
Full LSTM-256,investigation,8026,8029,4,0,0,0.0,test_1,Mouse070_20160709_16-58-36
Full LSTM-256,attack,8031,8057,27,1,27,1.0,test_1,Mouse070_20160709_16-58-36
Full LSTM-256,investigation,8059,8100,42,1,32,0.7619047619047619,test_1,Mouse070_20160709_16-58-36
Full LSTM-256,attack,8102,8153,52,1,52,1.0,test_1,Mouse070_20160709_16-58-36
Full LSTM-256,investigation,8155,8160,6,0,0,0.0,test_1,Mouse070_20160709_16-58-36
Full LSTM-256,investigation,8275,8281,7,0,0,0.0,test_1,Mouse070_20160709_16-58-36
Full LSTM-256,attack,8283,8301,19,1,19,1.0,test_1,Mouse070_20160709_16-58-36
Full LSTM-256,investigation,8303,8308,6,0,0,0.0,test_1,Mouse070_20160709_16-58-36
Full LSTM-256,attack,8310,8408,99,1,99,1.0,test_1,Mouse070_20160709_16-58-36
Full LSTM-256,investigation,8410,8531,122,1,112,0.9180327868852459,test_1,Mouse070_20160709_16-58-36
Full LSTM-256,investigation,8875,8897,23,0,0,0.0,test_1,Mouse070_20160709_16-58-36
Full LSTM-256,attack,8899,8907,9,1,9,1.0,test_1,Mouse070_20160709_16-58-36
Full LSTM-256,investigation,8909,8936,28,0,0,0.0,test_1,Mouse070_20160709_16-58-36
Full LSTM-256,investigation,9350,9369,20,0,0,0.0,test_1,Mouse070_20160709_16-58-36
Full LSTM-256,attack,9371,9375,5,1,5,1.0,test_1,Mouse070_20160709_16-58-36
Full LSTM-256,attack,9641,9697,57,1,57,1.0,test_1,Mouse070_20160709_16-58-36
Full LSTM-256,investigation,9699,9716,18,0,0,0.0,test_1,Mouse070_20160709_16-58-36
Full LSTM-256,attack,9718,9734,17,1,17,1.0,test_1,Mouse070_20160709_16-58-36
Full LSTM-256,investigation,9736,9753,18,0,0,0.0,test_1,Mouse070_20160709_16-58-36
Full LSTM-256,investigation,9788,9797,10,0,0,0.0,test_1,Mouse070_20160709_16-58-36
Full LSTM-256,investigation,9959,9961,3,0,0,0.0,test_1,Mouse070_20160709_16-58-36
Full LSTM-256,investigation,10029,10029,1,1,1,1.0,test_1,Mouse070_20160709_16-58-36
Full LSTM-256,investigation,10244,10255,12,0,0,0.0,test_1,Mouse070_20160709_16-58-36
Full LSTM-256,investigation,10422,10434,13,1,10,0.7692307692307693,test_1,Mouse070_20160709_16-58-36
Full LSTM-256,investigation,10504,10518,15,0,0,0.0,test_1,Mouse070_20160709_16-58-36
Full LSTM-256,investigation,10751,10791,41,0,0,0.0,test_1,Mouse070_20160709_16-58-36
Full LSTM-256,investigation,11758,11771,14,0,0,0.0,test_1,Mouse070_20160709_16-58-36
Full LSTM-256,investigation,11988,12002,15,1,3,0.2,test_1,Mouse070_20160709_16-58-36
Full LSTM-256,investigation,12896,12908,13,0,0,0.0,test_1,Mouse070_20160709_16-58-36
Full LSTM-256,investigation,13936,13955,20,0,0,0.0,test_1,Mouse070_20160709_16-58-36
Full LSTM-256,investigation,14297,14311,15,0,0,0.0,test_1,Mouse070_20160709_16-58-36
Full LSTM-256,investigation,14600,14611,12,0,0,0.0,test_1,Mouse070_20160709_16-58-36
Full LSTM-256,investigation,15678,15723,46,1,28,0.6086956521739131,test_1,Mouse070_20160709_16-58-36
Full LSTM-256,attack,15725,15755,31,1,12,0.3870967741935484,test_1,Mouse070_20160709_16-58-36
Full LSTM-256,investigation,15757,15766,10,0,0,0.0,test_1,Mouse070_20160709_16-58-36
Full LSTM-256,investigation,15790,15801,12,0,0,0.0,test_1,Mouse070_20160709_16-58-36
Full LSTM-256,attack,15803,15842,40,1,37,0.925,test_1,Mouse070_20160709_16-58-36
Full LSTM-256,investigation,15901,15911,11,0,0,0.0,test_1,Mouse070_20160709_16-58-36
Full LSTM-256,attack,15913,16021,109,1,109,1.0,test_1,Mouse070_20160709_16-58-36
Full LSTM-256,investigation,16023,16063,41,1,32,0.7804878048780488,test_1,Mouse070_20160709_16-58-36
Full LSTM-256,investigation,16293,16301,9,0,0,0.0,test_1,Mouse070_20160709_16-58-36
Full LSTM-256,attack,16303,16311,9,0,0,0.0,test_1,Mouse070_20160709_16-58-36
Full LSTM-256,investigation,16313,16349,37,1,23,0.6216216216216216,test_1,Mouse070_20160709_16-58-36
Full LSTM-256,investigation,16497,16502,6,0,0,0.0,test_1,Mouse070_20160709_16-58-36
Full LSTM-256,attack,16504,16547,44,1,44,1.0,test_1,Mouse070_20160709_16-58-36
Full LSTM-256,investigation,16549,16564,16,0,0,0.0,test_1,Mouse070_20160709_16-58-36
Full LSTM-256,attack,16566,16569,4,1,4,1.0,test_1,Mouse070_20160709_16-58-36
Full LSTM-256,investigation,16571,16576,6,0,0,0.0,test_1,Mouse070_20160709_16-58-36
Full LSTM-256,investigation,16624,16637,14,0,0,0.0,test_1,Mouse070_20160709_16-58-36
Full LSTM-256,attack,16639,16655,17,1,17,1.0,test_1,Mouse070_20160709_16-58-36
Full LSTM-256,investigation,16657,16694,38,0,0,0.0,test_1,Mouse070_20160709_16-58-36
Full LSTM-256,investigation,17001,17046,46,0,0,0.0,test_1,Mouse070_20160709_16-58-36
Full LSTM-256,investigation,17142,17146,5,0,0,0.0,test_1,Mouse070_20160709_16-58-36
Full LSTM-256,attack,17148,17178,31,1,31,1.0,test_1,Mouse070_20160709_16-58-36
Full LSTM-256,investigation,17180,17189,10,1,6,0.6,test_1,Mouse070_20160709_16-58-36
Full LSTM-256,investigation,17573,17581,9,0,0,0.0,test_1,Mouse070_20160709_16-58-36
Full LSTM-256,investigation,17779,17790,12,0,0,0.0,test_1,Mouse070_20160709_16-58-36
Full LSTM-256,investigation,18238,18248,11,0,0,0.0,test_1,Mouse070_20160709_16-58-36
Full LSTM-256,investigation,18415,18453,39,1,16,0.41025641025641024,test_1,Mouse070_20160709_16-58-36
Full LSTM-256,investigation,18855,18864,10,0,0,0.0,test_1,Mouse070_20160709_16-58-36
Full LSTM-256,investigation,19483,19555,73,0,0,0.0,test_1,Mouse070_20160709_16-58-36
Full LSTM-256,investigation,19739,19740,2,0,0,0.0,test_1,Mouse070_20160709_16-58-36
Full LSTM-256,attack,19742,19838,97,1,95,0.979381443298969,test_1,Mouse070_20160709_16-58-36
Full LSTM-256,investigation,19840,19855,16,0,0,0.0,test_1,Mouse070_20160709_16-58-36
Full LSTM-256,attack,19857,19912,56,1,56,1.0,test_1,Mouse070_20160709_16-58-36
Full LSTM-256,investigation,19914,19921,8,0,0,0.0,test_1,Mouse070_20160709_16-58-36
Full LSTM-256,attack,19923,19951,29,1,29,1.0,test_1,Mouse070_20160709_16-58-36
Full LSTM-256,investigation,19953,19959,7,0,0,0.0,test_1,Mouse070_20160709_16-58-36
Full LSTM-256,investigation,20000,20065,66,0,0,0.0,test_1,Mouse070_20160709_16-58-36
Full LSTM-256,investigation,20115,20126,12,0,0,0.0,test_1,Mouse070_20160709_16-58-36
Full LSTM-256,investigation,20161,20191,31,0,0,0.0,test_1,Mouse070_20160709_16-58-36
Full attention-256,investigation,99,164,66,1,66,1.0,test_1,Mouse074_20160709_19-15-23
Full attention-256,investigation,178,205,28,1,14,0.5,test_1,Mouse074_20160709_19-15-23
Full attention-256,attack,207,243,37,1,37,1.0,test_1,Mouse074_20160709_19-15-23
Full attention-256,investigation,251,252,2,0,0,0.0,test_1,Mouse074_20160709_19-15-23
Full attention-256,attack,254,301,48,1,48,1.0,test_1,Mouse074_20160709_19-15-23
Full attention-256,investigation,363,370,8,0,0,0.0,test_1,Mouse074_20160709_19-15-23
Full attention-256,attack,372,415,44,1,44,1.0,test_1,Mouse074_20160709_19-15-23
Full attention-256,investigation,509,544,36,1,16,0.4444444444444444,test_1,Mouse074_20160709_19-15-23
Full attention-256,attack,546,624,79,1,79,1.0,test_1,Mouse074_20160709_19-15-23
Full attention-256,investigation,649,661,13,0,0,0.0,test_1,Mouse074_20160709_19-15-23
Full attention-256,investigation,675,686,12,0,0,0.0,test_1,Mouse074_20160709_19-15-23
Full attention-256,attack,688,738,51,1,51,1.0,test_1,Mouse074_20160709_19-15-23
Full attention-256,investigation,740,753,14,0,0,0.0,test_1,Mouse074_20160709_19-15-23
Full attention-256,attack,755,767,13,1,13,1.0,test_1,Mouse074_20160709_19-15-23
Full attention-256,investigation,820,825,6,0,0,0.0,test_1,Mouse074_20160709_19-15-23
Full attention-256,attack,827,912,86,1,86,1.0,test_1,Mouse074_20160709_19-15-23
Full attention-256,investigation,914,942,29,0,0,0.0,test_1,Mouse074_20160709_19-15-23
Full attention-256,attack,944,954,11,1,11,1.0,test_1,Mouse074_20160709_19-15-23
Full attention-256,investigation,956,963,8,0,0,0.0,test_1,Mouse074_20160709_19-15-23
Full attention-256,investigation,1101,1124,24,0,0,0.0,test_1,Mouse074_20160709_19-15-23
Full attention-256,attack,1126,1141,16,1,16,1.0,test_1,Mouse074_20160709_19-15-23
Full attention-256,investigation,1154,1157,4,0,0,0.0,test_1,Mouse074_20160709_19-15-23
Full attention-256,attack,1159,1340,182,2,150,0.8241758241758241,test_1,Mouse074_20160709_19-15-23
Full attention-256,investigation,1342,1351,10,0,0,0.0,test_1,Mouse074_20160709_19-15-23
Full attention-256,investigation,1405,1456,52,0,0,0.0,test_1,Mouse074_20160709_19-15-23
Full attention-256,attack,1458,1527,70,1,62,0.8857142857142857,test_1,Mouse074_20160709_19-15-23
Full attention-256,investigation,1566,1597,32,1,16,0.5,test_1,Mouse074_20160709_19-15-23
Full attention-256,investigation,1668,1733,66,2,32,0.48484848484848486,test_1,Mouse074_20160709_19-15-23
Full attention-256,investigation,1911,1923,13,0,0,0.0,test_1,Mouse074_20160709_19-15-23
Full attention-256,investigation,1971,2000,30,1,30,1.0,test_1,Mouse074_20160709_19-15-23
Full attention-256,investigation,2356,2370,15,0,0,0.0,test_1,Mouse074_20160709_19-15-23
Full attention-256,investigation,2913,3062,150,1,79,0.5266666666666666,test_1,Mouse074_20160709_19-15-23
Full attention-256,attack,3064,3088,25,1,24,0.96,test_1,Mouse074_20160709_19-15-23
Full attention-256,investigation,3125,3159,35,0,0,0.0,test_1,Mouse074_20160709_19-15-23
Full attention-256,attack,3161,3268,108,2,71,0.6574074074074074,test_1,Mouse074_20160709_19-15-23
Full attention-256,investigation,3331,3342,12,0,0,0.0,test_1,Mouse074_20160709_19-15-23
Full attention-256,attack,3344,3453,110,1,110,1.0,test_1,Mouse074_20160709_19-15-23
Full attention-256,investigation,3455,3493,39,1,38,0.9743589743589743,test_1,Mouse074_20160709_19-15-23
Full attention-256,investigation,3608,3619,12,1,4,0.3333333333333333,test_1,Mouse074_20160709_19-15-23
Full attention-256,investigation,3635,3655,21,0,0,0.0,test_1,Mouse074_20160709_19-15-23
Full attention-256,investigation,3729,3741,13,0,0,0.0,test_1,Mouse074_20160709_19-15-23
Full attention-256,attack,3743,3807,65,1,65,1.0,test_1,Mouse074_20160709_19-15-23
Full attention-256,investigation,3899,3913,15,1,10,0.6666666666666666,test_1,Mouse074_20160709_19-15-23
Full attention-256,attack,3915,3983,69,1,64,0.927536231884058,test_1,Mouse074_20160709_19-15-23
Full attention-256,investigation,4041,4065,25,0,0,0.0,test_1,Mouse074_20160709_19-15-23
Full attention-256,attack,4067,4125,59,1,59,1.0,test_1,Mouse074_20160709_19-15-23
Full attention-256,investigation,4144,4154,11,0,0,0.0,test_1,Mouse074_20160709_19-15-23
Full attention-256,attack,4156,4180,25,1,20,0.8,test_1,Mouse074_20160709_19-15-23
Full attention-256,investigation,4302,4309,8,0,0,0.0,test_1,Mouse074_20160709_19-15-23
Full attention-256,attack,4311,4332,22,1,22,1.0,test_1,Mouse074_20160709_19-15-23
Full attention-256,investigation,4334,4349,16,0,0,0.0,test_1,Mouse074_20160709_19-15-23
Full attention-256,investigation,4532,4548,17,1,5,0.29411764705882354,test_1,Mouse074_20160709_19-15-23
Full attention-256,investigation,4610,4623,14,0,0,0.0,test_1,Mouse074_20160709_19-15-23
Full attention-256,investigation,4889,4926,38,1,23,0.6052631578947368,test_1,Mouse074_20160709_19-15-23
Full attention-256,attack,4928,5003,76,2,60,0.7894736842105263,test_1,Mouse074_20160709_19-15-23
Full attention-256,investigation,5005,5018,14,0,0,0.0,test_1,Mouse074_20160709_19-15-23
Full attention-256,investigation,5039,5050,12,0,0,0.0,test_1,Mouse074_20160709_19-15-23
Full attention-256,attack,5052,5145,94,1,94,1.0,test_1,Mouse074_20160709_19-15-23
Full attention-256,investigation,5158,5159,2,0,0,0.0,test_1,Mouse074_20160709_19-15-23
Full attention-256,attack,5161,5265,105,1,105,1.0,test_1,Mouse074_20160709_19-15-23
Full attention-256,investigation,5283,5302,20,1,13,0.65,test_1,Mouse074_20160709_19-15-23
Full attention-256,investigation,5609,5617,9,0,0,0.0,test_1,Mouse074_20160709_19-15-23
Full attention-256,investigation,6016,6121,106,1,106,1.0,test_1,Mouse074_20160709_19-15-23
Full attention-256,investigation,6171,6188,18,1,13,0.7222222222222222,test_1,Mouse074_20160709_19-15-23
Full attention-256,investigation,7937,7951,15,0,0,0.0,test_1,Mouse074_20160709_19-15-23
Full attention-256,investigation,8601,8613,13,0,0,0.0,test_1,Mouse074_20160709_19-15-23
Full attention-256,investigation,9288,9304,17,0,0,0.0,test_1,Mouse074_20160709_19-15-23
Full attention-256,investigation,9533,9592,60,1,48,0.8,test_1,Mouse074_20160709_19-15-23
Full attention-256,attack,9594,9660,67,1,67,1.0,test_1,Mouse074_20160709_19-15-23
Full attention-256,investigation,9671,9702,32,0,0,0.0,test_1,Mouse074_20160709_19-15-23
Full attention-256,attack,9704,9712,9,1,8,0.8888888888888888,test_1,Mouse074_20160709_19-15-23
Full attention-256,investigation,9740,9750,11,0,0,0.0,test_1,Mouse074_20160709_19-15-23
Full attention-256,investigation,9796,9827,32,0,0,0.0,test_1,Mouse074_20160709_19-15-23
Full attention-256,attack,9829,9850,22,1,22,1.0,test_1,Mouse074_20160709_19-15-23
Full attention-256,investigation,9928,9931,4,0,0,0.0,test_1,Mouse074_20160709_19-15-23
Full attention-256,attack,9933,9987,55,1,52,0.9454545454545454,test_1,Mouse074_20160709_19-15-23
Full attention-256,investigation,10006,10021,16,0,0,0.0,test_1,Mouse074_20160709_19-15-23
Full attention-256,investigation,10133,10138,6,0,0,0.0,test_1,Mouse074_20160709_19-15-23
Full attention-256,attack,10140,10170,31,1,20,0.6451612903225806,test_1,Mouse074_20160709_19-15-23
Full attention-256,investigation,10265,10307,43,1,32,0.7441860465116279,test_1,Mouse074_20160709_19-15-23
Full attention-256,attack,10309,10334,26,1,26,1.0,test_1,Mouse074_20160709_19-15-23
Full attention-256,investigation,10353,10356,4,0,0,0.0,test_1,Mouse074_20160709_19-15-23
Full attention-256,attack,10358,10390,33,1,33,1.0,test_1,Mouse074_20160709_19-15-23
Full attention-256,investigation,10423,10427,5,0,0,0.0,test_1,Mouse074_20160709_19-15-23
Full attention-256,attack,10429,10445,17,1,17,1.0,test_1,Mouse074_20160709_19-15-23
Full attention-256,investigation,10565,10577,13,0,0,0.0,test_1,Mouse074_20160709_19-15-23
Full attention-256,attack,10579,10632,54,1,54,1.0,test_1,Mouse074_20160709_19-15-23
Full attention-256,investigation,10651,10652,2,0,0,0.0,test_1,Mouse074_20160709_19-15-23
Full attention-256,attack,10654,10661,8,1,8,1.0,test_1,Mouse074_20160709_19-15-23
Full attention-256,attack,10670,10741,72,1,72,1.0,test_1,Mouse074_20160709_19-15-23
Full attention-256,investigation,10743,10758,16,0,0,0.0,test_1,Mouse074_20160709_19-15-23
Full attention-256,investigation,10785,10792,8,0,0,0.0,test_1,Mouse074_20160709_19-15-23
Full attention-256,investigation,11122,11149,28,0,0,0.0,test_1,Mouse074_20160709_19-15-23
Full attention-256,investigation,12146,12155,10,0,0,0.0,test_1,Mouse074_20160709_19-15-23
Full attention-256,attack,12157,12242,86,1,83,0.9651162790697675,test_1,Mouse074_20160709_19-15-23
Full attention-256,attack,12290,12341,52,1,46,0.8846153846153846,test_1,Mouse074_20160709_19-15-23
Full attention-256,investigation,12631,12642,12,0,0,0.0,test_1,Mouse074_20160709_19-15-23
Full attention-256,investigation,12961,12973,13,1,13,1.0,test_1,Mouse074_20160709_19-15-23
Full attention-256,attack,12975,13017,43,1,42,0.9767441860465116,test_1,Mouse074_20160709_19-15-23
Full attention-256,investigation,13057,13066,10,0,0,0.0,test_1,Mouse074_20160709_19-15-23
Full attention-256,attack,13068,13071,4,1,4,1.0,test_1,Mouse074_20160709_19-15-23
Full attention-256,investigation,13181,13198,18,1,15,0.8333333333333334,test_1,Mouse074_20160709_19-15-23
Full attention-256,attack,13200,13308,109,1,109,1.0,test_1,Mouse074_20160709_19-15-23
Full attention-256,investigation,13671,13685,15,1,9,0.6,test_1,Mouse074_20160709_19-15-23
Full attention-256,investigation,13696,13712,17,0,0,0.0,test_1,Mouse074_20160709_19-15-23
Full attention-256,attack,13714,13729,16,1,16,1.0,test_1,Mouse074_20160709_19-15-23
Full attention-256,investigation,13741,13751,11,0,0,0.0,test_1,Mouse074_20160709_19-15-23
Full attention-256,attack,13753,13754,2,1,2,1.0,test_1,Mouse074_20160709_19-15-23
Full attention-256,investigation,13785,13792,8,0,0,0.0,test_1,Mouse074_20160709_19-15-23
Full attention-256,attack,13794,13798,5,0,0,0.0,test_1,Mouse074_20160709_19-15-23
Full attention-256,investigation,13944,13989,46,1,46,1.0,test_1,Mouse074_20160709_19-15-23
Full attention-256,attack,13991,14027,37,1,28,0.7567567567567568,test_1,Mouse074_20160709_19-15-23
Full attention-256,investigation,15309,15312,4,0,0,0.0,test_1,Mouse074_20160709_19-15-23
Full attention-256,investigation,16041,16064,24,0,0,0.0,test_1,Mouse074_20160709_19-15-23
Full attention-256,investigation,16424,16434,11,0,0,0.0,test_1,Mouse074_20160709_19-15-23
Full attention-256,investigation,17075,17093,19,0,0,0.0,test_1,Mouse074_20160709_19-15-23
Full attention-256,investigation,17463,17478,16,0,0,0.0,test_1,Mouse074_20160709_19-15-23
Full attention-256,investigation,18306,18329,24,0,0,0.0,test_1,Mouse074_20160709_19-15-23
Full attention-256,investigation,18464,18476,13,1,13,1.0,test_1,Mouse074_20160709_19-15-23
Full LSTM-256,investigation,99,164,66,1,53,0.803030303030303,test_1,Mouse074_20160709_19-15-23
Full LSTM-256,investigation,178,205,28,0,0,0.0,test_1,Mouse074_20160709_19-15-23
Full LSTM-256,attack,207,243,37,1,36,0.972972972972973,test_1,Mouse074_20160709_19-15-23
Full LSTM-256,investigation,251,252,2,0,0,0.0,test_1,Mouse074_20160709_19-15-23
Full LSTM-256,attack,254,301,48,1,48,1.0,test_1,Mouse074_20160709_19-15-23
Full LSTM-256,investigation,363,370,8,0,0,0.0,test_1,Mouse074_20160709_19-15-23
Full LSTM-256,attack,372,415,44,1,44,1.0,test_1,Mouse074_20160709_19-15-23
Full LSTM-256,investigation,509,544,36,1,32,0.8888888888888888,test_1,Mouse074_20160709_19-15-23
Full LSTM-256,attack,546,624,79,1,79,1.0,test_1,Mouse074_20160709_19-15-23
Full LSTM-256,investigation,649,661,13,0,0,0.0,test_1,Mouse074_20160709_19-15-23
Full LSTM-256,investigation,675,686,12,0,0,0.0,test_1,Mouse074_20160709_19-15-23
Full LSTM-256,attack,688,738,51,1,51,1.0,test_1,Mouse074_20160709_19-15-23
Full LSTM-256,investigation,740,753,14,0,0,0.0,test_1,Mouse074_20160709_19-15-23
Full LSTM-256,attack,755,767,13,1,13,1.0,test_1,Mouse074_20160709_19-15-23
Full LSTM-256,investigation,820,825,6,0,0,0.0,test_1,Mouse074_20160709_19-15-23
Full LSTM-256,attack,827,912,86,1,81,0.9418604651162791,test_1,Mouse074_20160709_19-15-23
Full LSTM-256,investigation,914,942,29,0,0,0.0,test_1,Mouse074_20160709_19-15-23
Full LSTM-256,attack,944,954,11,1,11,1.0,test_1,Mouse074_20160709_19-15-23
Full LSTM-256,investigation,956,963,8,0,0,0.0,test_1,Mouse074_20160709_19-15-23
Full LSTM-256,investigation,1101,1124,24,0,0,0.0,test_1,Mouse074_20160709_19-15-23
Full LSTM-256,attack,1126,1141,16,1,16,1.0,test_1,Mouse074_20160709_19-15-23
Full LSTM-256,investigation,1154,1157,4,0,0,0.0,test_1,Mouse074_20160709_19-15-23
Full LSTM-256,attack,1159,1340,182,2,134,0.7362637362637363,test_1,Mouse074_20160709_19-15-23
Full LSTM-256,investigation,1342,1351,10,0,0,0.0,test_1,Mouse074_20160709_19-15-23
Full LSTM-256,investigation,1405,1456,52,1,16,0.3076923076923077,test_1,Mouse074_20160709_19-15-23
Full LSTM-256,attack,1458,1527,70,1,62,0.8857142857142857,test_1,Mouse074_20160709_19-15-23
Full LSTM-256,investigation,1566,1597,32,0,0,0.0,test_1,Mouse074_20160709_19-15-23
Full LSTM-256,investigation,1668,1733,66,1,32,0.48484848484848486,test_1,Mouse074_20160709_19-15-23
Full LSTM-256,investigation,1911,1923,13,0,0,0.0,test_1,Mouse074_20160709_19-15-23
Full LSTM-256,investigation,1971,2000,30,1,30,1.0,test_1,Mouse074_20160709_19-15-23
Full LSTM-256,investigation,2356,2370,15,0,0,0.0,test_1,Mouse074_20160709_19-15-23
Full LSTM-256,investigation,2913,3062,150,2,95,0.6333333333333333,test_1,Mouse074_20160709_19-15-23
Full LSTM-256,attack,3064,3088,25,1,24,0.96,test_1,Mouse074_20160709_19-15-23
Full LSTM-256,investigation,3125,3159,35,0,0,0.0,test_1,Mouse074_20160709_19-15-23
Full LSTM-256,attack,3161,3268,108,2,76,0.7037037037037037,test_1,Mouse074_20160709_19-15-23
Full LSTM-256,investigation,3331,3342,12,0,0,0.0,test_1,Mouse074_20160709_19-15-23
Full LSTM-256,attack,3344,3453,110,1,80,0.7272727272727273,test_1,Mouse074_20160709_19-15-23
Full LSTM-256,investigation,3455,3493,39,1,33,0.8461538461538461,test_1,Mouse074_20160709_19-15-23
Full LSTM-256,investigation,3608,3619,12,0,0,0.0,test_1,Mouse074_20160709_19-15-23
Full LSTM-256,investigation,3635,3655,21,0,0,0.0,test_1,Mouse074_20160709_19-15-23
Full LSTM-256,investigation,3729,3741,13,0,0,0.0,test_1,Mouse074_20160709_19-15-23
Full LSTM-256,attack,3743,3807,65,1,65,1.0,test_1,Mouse074_20160709_19-15-23
Full LSTM-256,investigation,3899,3913,15,1,10,0.6666666666666666,test_1,Mouse074_20160709_19-15-23
Full LSTM-256,attack,3915,3983,69,1,64,0.927536231884058,test_1,Mouse074_20160709_19-15-23
Full LSTM-256,investigation,4041,4065,25,0,0,0.0,test_1,Mouse074_20160709_19-15-23
Full LSTM-256,attack,4067,4125,59,1,59,1.0,test_1,Mouse074_20160709_19-15-23
Full LSTM-256,investigation,4144,4154,11,0,0,0.0,test_1,Mouse074_20160709_19-15-23
Full LSTM-256,attack,4156,4180,25,1,20,0.8,test_1,Mouse074_20160709_19-15-23
Full LSTM-256,investigation,4302,4309,8,0,0,0.0,test_1,Mouse074_20160709_19-15-23
Full LSTM-256,attack,4311,4332,22,1,22,1.0,test_1,Mouse074_20160709_19-15-23
Full LSTM-256,investigation,4334,4349,16,0,0,0.0,test_1,Mouse074_20160709_19-15-23
Full LSTM-256,investigation,4532,4548,17,0,0,0.0,test_1,Mouse074_20160709_19-15-23
Full LSTM-256,investigation,4610,4623,14,0,0,0.0,test_1,Mouse074_20160709_19-15-23
Full LSTM-256,investigation,4889,4926,38,1,16,0.42105263157894735,test_1,Mouse074_20160709_19-15-23
Full LSTM-256,attack,4928,5003,76,2,44,0.5789473684210527,test_1,Mouse074_20160709_19-15-23
Full LSTM-256,investigation,5005,5018,14,0,0,0.0,test_1,Mouse074_20160709_19-15-23
Full LSTM-256,investigation,5039,5050,12,0,0,0.0,test_1,Mouse074_20160709_19-15-23
Full LSTM-256,attack,5052,5145,94,1,94,1.0,test_1,Mouse074_20160709_19-15-23
Full LSTM-256,investigation,5158,5159,2,0,0,0.0,test_1,Mouse074_20160709_19-15-23
Full LSTM-256,attack,5161,5265,105,1,105,1.0,test_1,Mouse074_20160709_19-15-23
Full LSTM-256,investigation,5283,5302,20,0,0,0.0,test_1,Mouse074_20160709_19-15-23
Full LSTM-256,investigation,5609,5617,9,0,0,0.0,test_1,Mouse074_20160709_19-15-23
Full LSTM-256,investigation,6016,6121,106,1,106,1.0,test_1,Mouse074_20160709_19-15-23
Full LSTM-256,investigation,6171,6188,18,0,0,0.0,test_1,Mouse074_20160709_19-15-23
Full LSTM-256,investigation,7937,7951,15,0,0,0.0,test_1,Mouse074_20160709_19-15-23
Full LSTM-256,investigation,8601,8613,13,0,0,0.0,test_1,Mouse074_20160709_19-15-23
Full LSTM-256,investigation,9288,9304,17,0,0,0.0,test_1,Mouse074_20160709_19-15-23
Full LSTM-256,investigation,9533,9592,60,1,48,0.8,test_1,Mouse074_20160709_19-15-23
Full LSTM-256,attack,9594,9660,67,1,67,1.0,test_1,Mouse074_20160709_19-15-23
Full LSTM-256,investigation,9671,9702,32,0,0,0.0,test_1,Mouse074_20160709_19-15-23
Full LSTM-256,attack,9704,9712,9,1,8,0.8888888888888888,test_1,Mouse074_20160709_19-15-23
Full LSTM-256,investigation,9740,9750,11,0,0,0.0,test_1,Mouse074_20160709_19-15-23
Full LSTM-256,investigation,9796,9827,32,0,0,0.0,test_1,Mouse074_20160709_19-15-23
Full LSTM-256,attack,9829,9850,22,1,22,1.0,test_1,Mouse074_20160709_19-15-23
Full LSTM-256,investigation,9928,9931,4,0,0,0.0,test_1,Mouse074_20160709_19-15-23
Full LSTM-256,attack,9933,9987,55,1,52,0.9454545454545454,test_1,Mouse074_20160709_19-15-23
Full LSTM-256,investigation,10006,10021,16,0,0,0.0,test_1,Mouse074_20160709_19-15-23
Full LSTM-256,investigation,10133,10138,6,0,0,0.0,test_1,Mouse074_20160709_19-15-23
Full LSTM-256,attack,10140,10170,31,1,20,0.6451612903225806,test_1,Mouse074_20160709_19-15-23
Full LSTM-256,investigation,10265,10307,43,1,32,0.7441860465116279,test_1,Mouse074_20160709_19-15-23
Full LSTM-256,attack,10309,10334,26,1,26,1.0,test_1,Mouse074_20160709_19-15-23
Full LSTM-256,investigation,10353,10356,4,0,0,0.0,test_1,Mouse074_20160709_19-15-23
Full LSTM-256,attack,10358,10390,33,1,26,0.7878787878787878,test_1,Mouse074_20160709_19-15-23
Full LSTM-256,investigation,10423,10427,5,0,0,0.0,test_1,Mouse074_20160709_19-15-23
Full LSTM-256,attack,10429,10445,17,1,17,1.0,test_1,Mouse074_20160709_19-15-23
Full LSTM-256,investigation,10565,10577,13,0,0,0.0,test_1,Mouse074_20160709_19-15-23
Full LSTM-256,attack,10579,10632,54,1,54,1.0,test_1,Mouse074_20160709_19-15-23
Full LSTM-256,investigation,10651,10652,2,0,0,0.0,test_1,Mouse074_20160709_19-15-23
Full LSTM-256,attack,10654,10661,8,1,8,1.0,test_1,Mouse074_20160709_19-15-23
Full LSTM-256,attack,10670,10741,72,1,72,1.0,test_1,Mouse074_20160709_19-15-23
Full LSTM-256,investigation,10743,10758,16,0,0,0.0,test_1,Mouse074_20160709_19-15-23
Full LSTM-256,investigation,10785,10792,8,0,0,0.0,test_1,Mouse074_20160709_19-15-23
Full LSTM-256,investigation,11122,11149,28,0,0,0.0,test_1,Mouse074_20160709_19-15-23
Full LSTM-256,investigation,12146,12155,10,0,0,0.0,test_1,Mouse074_20160709_19-15-23
Full LSTM-256,attack,12157,12242,86,1,83,0.9651162790697675,test_1,Mouse074_20160709_19-15-23
Full LSTM-256,attack,12290,12341,52,1,46,0.8846153846153846,test_1,Mouse074_20160709_19-15-23
Full LSTM-256,investigation,12631,12642,12,0,0,0.0,test_1,Mouse074_20160709_19-15-23
Full LSTM-256,investigation,12961,12973,13,1,13,1.0,test_1,Mouse074_20160709_19-15-23
Full LSTM-256,attack,12975,13017,43,1,32,0.7441860465116279,test_1,Mouse074_20160709_19-15-23
Full LSTM-256,investigation,13057,13066,10,0,0,0.0,test_1,Mouse074_20160709_19-15-23
Full LSTM-256,attack,13068,13071,4,1,4,1.0,test_1,Mouse074_20160709_19-15-23
Full LSTM-256,investigation,13181,13198,18,1,15,0.8333333333333334,test_1,Mouse074_20160709_19-15-23
Full LSTM-256,attack,13200,13308,109,1,109,1.0,test_1,Mouse074_20160709_19-15-23
Full LSTM-256,investigation,13671,13685,15,0,0,0.0,test_1,Mouse074_20160709_19-15-23
Full LSTM-256,investigation,13696,13712,17,0,0,0.0,test_1,Mouse074_20160709_19-15-23
Full LSTM-256,attack,13714,13729,16,1,16,1.0,test_1,Mouse074_20160709_19-15-23
Full LSTM-256,investigation,13741,13751,11,0,0,0.0,test_1,Mouse074_20160709_19-15-23
Full LSTM-256,attack,13753,13754,2,0,0,0.0,test_1,Mouse074_20160709_19-15-23
Full LSTM-256,investigation,13785,13792,8,0,0,0.0,test_1,Mouse074_20160709_19-15-23
Full LSTM-256,attack,13794,13798,5,0,0,0.0,test_1,Mouse074_20160709_19-15-23
Full LSTM-256,investigation,13944,13989,46,1,46,1.0,test_1,Mouse074_20160709_19-15-23
Full LSTM-256,attack,13991,14027,37,1,28,0.7567567567567568,test_1,Mouse074_20160709_19-15-23
Full LSTM-256,investigation,15309,15312,4,0,0,0.0,test_1,Mouse074_20160709_19-15-23
Full LSTM-256,investigation,16041,16064,24,0,0,0.0,test_1,Mouse074_20160709_19-15-23
Full LSTM-256,investigation,16424,16434,11,0,0,0.0,test_1,Mouse074_20160709_19-15-23
Full LSTM-256,investigation,17075,17093,19,0,0,0.0,test_1,Mouse074_20160709_19-15-23
Full LSTM-256,investigation,17463,17478,16,0,0,0.0,test_1,Mouse074_20160709_19-15-23
Full LSTM-256,investigation,18306,18329,24,0,0,0.0,test_1,Mouse074_20160709_19-15-23
Full LSTM-256,investigation,18464,18476,13,0,0,0.0,test_1,Mouse074_20160709_19-15-23
Full attention-256,investigation,80,159,80,1,32,0.4,test_1,Mouse077_20160709_18-29-34
Full attention-256,attack,161,205,45,1,45,1.0,test_1,Mouse077_20160709_18-29-34
Full attention-256,investigation,266,282,17,1,6,0.35294117647058826,test_1,Mouse077_20160709_18-29-34
Full attention-256,attack,284,433,150,1,148,0.9866666666666667,test_1,Mouse077_20160709_18-29-34
Full attention-256,investigation,474,483,10,0,0,0.0,test_1,Mouse077_20160709_18-29-34
Full attention-256,attack,485,582,98,1,98,1.0,test_1,Mouse077_20160709_18-29-34
Full attention-256,investigation,625,648,24,0,0,0.0,test_1,Mouse077_20160709_18-29-34
Full attention-256,attack,650,712,63,1,63,1.0,test_1,Mouse077_20160709_18-29-34
Full attention-256,investigation,714,744,31,0,0,0.0,test_1,Mouse077_20160709_18-29-34
Full attention-256,attack,746,758,13,1,13,1.0,test_1,Mouse077_20160709_18-29-34
Full attention-256,investigation,779,800,22,0,0,0.0,test_1,Mouse077_20160709_18-29-34
Full attention-256,attack,802,958,157,2,125,0.7961783439490446,test_1,Mouse077_20160709_18-29-34
Full attention-256,investigation,960,988,29,0,0,0.0,test_1,Mouse077_20160709_18-29-34
Full attention-256,attack,990,1016,27,1,27,1.0,test_1,Mouse077_20160709_18-29-34
Full attention-256,investigation,1041,1065,25,0,0,0.0,test_1,Mouse077_20160709_18-29-34
Full attention-256,attack,1067,1073,7,1,7,1.0,test_1,Mouse077_20160709_18-29-34
Full attention-256,investigation,1078,1104,27,0,0,0.0,test_1,Mouse077_20160709_18-29-34
Full attention-256,attack,1106,1248,143,1,142,0.993006993006993,test_1,Mouse077_20160709_18-29-34
Full attention-256,investigation,1250,1268,19,0,0,0.0,test_1,Mouse077_20160709_18-29-34
Full attention-256,investigation,1308,1374,67,1,63,0.9402985074626866,test_1,Mouse077_20160709_18-29-34
Full attention-256,investigation,1439,1470,32,1,15,0.46875,test_1,Mouse077_20160709_18-29-34
Full attention-256,investigation,1547,1562,16,0,0,0.0,test_1,Mouse077_20160709_18-29-34
Full attention-256,investigation,1627,1641,15,0,0,0.0,test_1,Mouse077_20160709_18-29-34
Full attention-256,investigation,1921,1948,28,0,0,0.0,test_1,Mouse077_20160709_18-29-34
Full attention-256,investigation,2032,2070,39,1,16,0.41025641025641024,test_1,Mouse077_20160709_18-29-34
Full attention-256,attack,2072,2139,68,1,68,1.0,test_1,Mouse077_20160709_18-29-34
Full attention-256,investigation,2145,2188,44,0,0,0.0,test_1,Mouse077_20160709_18-29-34
Full attention-256,attack,2190,2281,92,1,92,1.0,test_1,Mouse077_20160709_18-29-34
Full attention-256,investigation,2283,2322,40,0,0,0.0,test_1,Mouse077_20160709_18-29-34
Full attention-256,attack,2324,2442,119,2,103,0.865546218487395,test_1,Mouse077_20160709_18-29-34
Full attention-256,investigation,2475,2485,11,0,0,0.0,test_1,Mouse077_20160709_18-29-34
Full attention-256,attack,2487,2588,102,2,86,0.8431372549019608,test_1,Mouse077_20160709_18-29-34
Full attention-256,investigation,2750,2767,18,1,16,0.8888888888888888,test_1,Mouse077_20160709_18-29-34
Full attention-256,attack,2769,2812,44,1,44,1.0,test_1,Mouse077_20160709_18-29-34
Full attention-256,investigation,2824,2831,8,0,0,0.0,test_1,Mouse077_20160709_18-29-34
Full attention-256,attack,2833,2896,64,1,64,1.0,test_1,Mouse077_20160709_18-29-34
Full attention-256,investigation,2909,2920,12,0,0,0.0,test_1,Mouse077_20160709_18-29-34
Full attention-256,attack,2922,2957,36,1,36,1.0,test_1,Mouse077_20160709_18-29-34
Full attention-256,investigation,2997,3005,9,0,0,0.0,test_1,Mouse077_20160709_18-29-34
Full attention-256,investigation,3122,3146,25,1,25,1.0,test_1,Mouse077_20160709_18-29-34
Full attention-256,attack,3148,3207,60,1,56,0.9333333333333333,test_1,Mouse077_20160709_18-29-34
Full attention-256,investigation,3225,3235,11,0,0,0.0,test_1,Mouse077_20160709_18-29-34
Full attention-256,attack,3237,3243,7,1,7,1.0,test_1,Mouse077_20160709_18-29-34
Full attention-256,investigation,3259,3268,10,0,0,0.0,test_1,Mouse077_20160709_18-29-34
Full attention-256,investigation,3276,3306,31,1,16,0.5161290322580645,test_1,Mouse077_20160709_18-29-34
Full attention-256,attack,3308,3329,22,1,22,1.0,test_1,Mouse077_20160709_18-29-34
Full attention-256,investigation,3357,3388,32,1,3,0.09375,test_1,Mouse077_20160709_18-29-34
Full attention-256,attack,3390,3415,26,1,26,1.0,test_1,Mouse077_20160709_18-29-34
Full attention-256,investigation,3869,3952,84,0,0,0.0,test_1,Mouse077_20160709_18-29-34
Full attention-256,investigation,4341,4370,30,1,30,1.0,test_1,Mouse077_20160709_18-29-34
Full attention-256,investigation,4800,4811,12,1,12,1.0,test_1,Mouse077_20160709_18-29-34
Full attention-256,investigation,4980,4996,17,0,0,0.0,test_1,Mouse077_20160709_18-29-34
Full attention-256,investigation,5527,5540,14,0,0,0.0,test_1,Mouse077_20160709_18-29-34
Full attention-256,investigation,5630,5641,12,0,0,0.0,test_1,Mouse077_20160709_18-29-34
Full attention-256,investigation,6097,6112,16,0,0,0.0,test_1,Mouse077_20160709_18-29-34
Full attention-256,investigation,6513,6529,17,0,0,0.0,test_1,Mouse077_20160709_18-29-34
Full attention-256,attack,6531,6589,59,1,59,1.0,test_1,Mouse077_20160709_18-29-34
Full attention-256,investigation,6601,6612,12,0,0,0.0,test_1,Mouse077_20160709_18-29-34
Full attention-256,attack,6614,6633,20,1,20,1.0,test_1,Mouse077_20160709_18-29-34
Full attention-256,investigation,6691,6700,10,0,0,0.0,test_1,Mouse077_20160709_18-29-34
Full attention-256,attack,6702,6723,22,1,22,1.0,test_1,Mouse077_20160709_18-29-34
Full attention-256,investigation,6741,6746,6,0,0,0.0,test_1,Mouse077_20160709_18-29-34
Full attention-256,attack,6748,6819,72,1,68,0.9444444444444444,test_1,Mouse077_20160709_18-29-34
Full attention-256,investigation,6861,6874,14,1,3,0.21428571428571427,test_1,Mouse077_20160709_18-29-34
Full attention-256,attack,6876,6886,11,1,4,0.36363636363636365,test_1,Mouse077_20160709_18-29-34
Full attention-256,investigation,6932,6952,21,0,0,0.0,test_1,Mouse077_20160709_18-29-34
Full attention-256,attack,6954,7090,137,2,121,0.8832116788321168,test_1,Mouse077_20160709_18-29-34
Full attention-256,investigation,7092,7114,23,0,0,0.0,test_1,Mouse077_20160709_18-29-34
Full attention-256,investigation,7162,7165,4,0,0,0.0,test_1,Mouse077_20160709_18-29-34
Full attention-256,attack,7167,7223,57,1,57,1.0,test_1,Mouse077_20160709_18-29-34
Full attention-256,investigation,7311,7338,28,0,0,0.0,test_1,Mouse077_20160709_18-29-34
Full attention-256,attack,7340,7375,36,1,36,1.0,test_1,Mouse077_20160709_18-29-34
Full attention-256,investigation,7377,7395,19,0,0,0.0,test_1,Mouse077_20160709_18-29-34
Full attention-256,investigation,7455,7477,23,0,0,0.0,test_1,Mouse077_20160709_18-29-34
Full attention-256,attack,7479,7517,39,1,25,0.6410256410256411,test_1,Mouse077_20160709_18-29-34
Full attention-256,investigation,7519,7527,9,1,1,0.1111111111111111,test_1,Mouse077_20160709_18-29-34
Full attention-256,investigation,7559,7573,15,0,0,0.0,test_1,Mouse077_20160709_18-29-34
Full attention-256,attack,7575,7587,13,1,9,0.6923076923076923,test_1,Mouse077_20160709_18-29-34
Full attention-256,investigation,7643,7663,21,1,16,0.7619047619047619,test_1,Mouse077_20160709_18-29-34
Full attention-256,attack,7665,7668,4,0,0,0.0,test_1,Mouse077_20160709_18-29-34
Full attention-256,investigation,7670,7682,13,1,10,0.7692307692307693,test_1,Mouse077_20160709_18-29-34
Full attention-256,investigation,7713,7735,23,0,0,0.0,test_1,Mouse077_20160709_18-29-34
Full attention-256,attack,7737,7788,52,1,52,1.0,test_1,Mouse077_20160709_18-29-34
Full attention-256,investigation,7824,7831,8,0,0,0.0,test_1,Mouse077_20160709_18-29-34
Full attention-256,attack,7833,7873,41,1,39,0.9512195121951219,test_1,Mouse077_20160709_18-29-34
Full attention-256,investigation,7940,7952,13,0,0,0.0,test_1,Mouse077_20160709_18-29-34
Full attention-256,attack,7954,7975,22,1,22,1.0,test_1,Mouse077_20160709_18-29-34
Full attention-256,investigation,7987,7989,3,0,0,0.0,test_1,Mouse077_20160709_18-29-34
Full attention-256,attack,7991,8006,16,1,16,1.0,test_1,Mouse077_20160709_18-29-34
Full attention-256,investigation,8033,8039,7,0,0,0.0,test_1,Mouse077_20160709_18-29-34
Full attention-256,attack,8041,8049,9,0,0,0.0,test_1,Mouse077_20160709_18-29-34
Full attention-256,investigation,8074,8097,24,0,0,0.0,test_1,Mouse077_20160709_18-29-34
Full attention-256,attack,8099,8110,12,1,12,1.0,test_1,Mouse077_20160709_18-29-34
Full attention-256,investigation,8122,8130,9,0,0,0.0,test_1,Mouse077_20160709_18-29-34
Full attention-256,investigation,8240,8266,27,0,0,0.0,test_1,Mouse077_20160709_18-29-34
Full attention-256,attack,8268,8341,74,2,42,0.5675675675675675,test_1,Mouse077_20160709_18-29-34
Full attention-256,investigation,8407,8413,7,0,0,0.0,test_1,Mouse077_20160709_18-29-34
Full attention-256,attack,8415,8423,9,1,9,1.0,test_1,Mouse077_20160709_18-29-34
Full attention-256,investigation,8436,8438,3,0,0,0.0,test_1,Mouse077_20160709_18-29-34
Full attention-256,attack,8440,8476,37,1,37,1.0,test_1,Mouse077_20160709_18-29-34
Full attention-256,investigation,8478,8490,13,0,0,0.0,test_1,Mouse077_20160709_18-29-34
Full attention-256,investigation,8501,8522,22,0,0,0.0,test_1,Mouse077_20160709_18-29-34
Full attention-256,attack,8524,8570,47,1,47,1.0,test_1,Mouse077_20160709_18-29-34
Full attention-256,attack,8580,8584,5,1,5,1.0,test_1,Mouse077_20160709_18-29-34
Full attention-256,investigation,8596,8598,3,0,0,0.0,test_1,Mouse077_20160709_18-29-34
Full attention-256,attack,8600,8618,19,1,19,1.0,test_1,Mouse077_20160709_18-29-34
Full attention-256,investigation,8688,8694,7,0,0,0.0,test_1,Mouse077_20160709_18-29-34
Full attention-256,attack,8696,8726,31,1,31,1.0,test_1,Mouse077_20160709_18-29-34
Full attention-256,investigation,8748,8750,3,0,0,0.0,test_1,Mouse077_20160709_18-29-34
Full attention-256,attack,8752,8755,4,0,0,0.0,test_1,Mouse077_20160709_18-29-34
Full attention-256,investigation,8797,8803,7,0,0,0.0,test_1,Mouse077_20160709_18-29-34
Full attention-256,attack,8805,8812,8,1,8,1.0,test_1,Mouse077_20160709_18-29-34
Full attention-256,investigation,8818,8820,3,0,0,0.0,test_1,Mouse077_20160709_18-29-34
Full attention-256,attack,8822,8891,70,1,70,1.0,test_1,Mouse077_20160709_18-29-34
Full attention-256,investigation,8908,8911,4,0,0,0.0,test_1,Mouse077_20160709_18-29-34
Full attention-256,investigation,8924,8927,4,0,0,0.0,test_1,Mouse077_20160709_18-29-34
Full attention-256,investigation,8948,8950,3,0,0,0.0,test_1,Mouse077_20160709_18-29-34
Full attention-256,investigation,8993,9033,41,1,15,0.36585365853658536,test_1,Mouse077_20160709_18-29-34
Full attention-256,investigation,9118,9136,19,0,0,0.0,test_1,Mouse077_20160709_18-29-34
Full attention-256,attack,9138,9164,27,1,27,1.0,test_1,Mouse077_20160709_18-29-34
Full attention-256,investigation,9210,9217,8,0,0,0.0,test_1,Mouse077_20160709_18-29-34
Full attention-256,attack,9219,9238,20,1,20,1.0,test_1,Mouse077_20160709_18-29-34
Full attention-256,investigation,9246,9251,6,0,0,0.0,test_1,Mouse077_20160709_18-29-34
Full attention-256,attack,9253,9303,51,1,51,1.0,test_1,Mouse077_20160709_18-29-34
Full attention-256,investigation,9342,9344,3,0,0,0.0,test_1,Mouse077_20160709_18-29-34
Full attention-256,attack,9346,9379,34,1,34,1.0,test_1,Mouse077_20160709_18-29-34
Full attention-256,investigation,9386,9394,9,0,0,0.0,test_1,Mouse077_20160709_18-29-34
Full attention-256,attack,9396,9413,18,1,18,1.0,test_1,Mouse077_20160709_18-29-34
Full attention-256,investigation,9423,9424,2,0,0,0.0,test_1,Mouse077_20160709_18-29-34
Full attention-256,attack,9426,9429,4,0,0,0.0,test_1,Mouse077_20160709_18-29-34
Full attention-256,investigation,9489,9495,7,0,0,0.0,test_1,Mouse077_20160709_18-29-34
Full attention-256,attack,9497,9516,20,1,20,1.0,test_1,Mouse077_20160709_18-29-34
Full attention-256,investigation,9563,9567,5,0,0,0.0,test_1,Mouse077_20160709_18-29-34
Full attention-256,attack,9569,9584,16,1,15,0.9375,test_1,Mouse077_20160709_18-29-34
Full attention-256,investigation,9607,9640,34,1,25,0.7352941176470589,test_1,Mouse077_20160709_18-29-34
Full attention-256,attack,9642,9680,39,1,32,0.8205128205128205,test_1,Mouse077_20160709_18-29-34
Full attention-256,investigation,10008,10039,32,0,0,0.0,test_1,Mouse077_20160709_18-29-34
Full attention-256,attack,10041,10081,41,1,39,0.9512195121951219,test_1,Mouse077_20160709_18-29-34
Full attention-256,investigation,10307,10318,12,0,0,0.0,test_1,Mouse077_20160709_18-29-34
Full attention-256,investigation,10775,10869,95,1,89,0.9368421052631579,test_1,Mouse077_20160709_18-29-34
Full attention-256,attack,10871,10898,28,1,25,0.8928571428571429,test_1,Mouse077_20160709_18-29-34
Full attention-256,investigation,10956,10964,9,0,0,0.0,test_1,Mouse077_20160709_18-29-34
Full attention-256,investigation,10997,11009,13,0,0,0.0,test_1,Mouse077_20160709_18-29-34
Full attention-256,investigation,11056,11072,17,0,0,0.0,test_1,Mouse077_20160709_18-29-34
Full attention-256,attack,11074,11082,9,1,9,1.0,test_1,Mouse077_20160709_18-29-34
Full attention-256,investigation,11087,11096,10,0,0,0.0,test_1,Mouse077_20160709_18-29-34
Full attention-256,attack,11098,11104,7,1,7,1.0,test_1,Mouse077_20160709_18-29-34
Full attention-256,investigation,11106,11108,3,0,0,0.0,test_1,Mouse077_20160709_18-29-34
Full attention-256,attack,11110,11125,16,1,16,1.0,test_1,Mouse077_20160709_18-29-34
Full attention-256,investigation,11290,11300,11,0,0,0.0,test_1,Mouse077_20160709_18-29-34
Full attention-256,attack,11302,11320,19,1,19,1.0,test_1,Mouse077_20160709_18-29-34
Full attention-256,investigation,11342,11343,2,0,0,0.0,test_1,Mouse077_20160709_18-29-34
Full attention-256,attack,11345,11393,49,1,49,1.0,test_1,Mouse077_20160709_18-29-34
Full attention-256,attack,11409,11417,9,1,9,1.0,test_1,Mouse077_20160709_18-29-34
Full attention-256,investigation,11422,11429,8,0,0,0.0,test_1,Mouse077_20160709_18-29-34
Full attention-256,attack,11431,11440,10,1,10,1.0,test_1,Mouse077_20160709_18-29-34
Full attention-256,investigation,11447,11458,12,0,0,0.0,test_1,Mouse077_20160709_18-29-34
Full attention-256,attack,11460,11468,9,1,9,1.0,test_1,Mouse077_20160709_18-29-34
Full attention-256,investigation,11492,11499,8,0,0,0.0,test_1,Mouse077_20160709_18-29-34
Full attention-256,investigation,11559,11569,11,0,0,0.0,test_1,Mouse077_20160709_18-29-34
Full attention-256,attack,11571,11579,9,0,0,0.0,test_1,Mouse077_20160709_18-29-34
Full attention-256,investigation,11728,11741,14,0,0,0.0,test_1,Mouse077_20160709_18-29-34
Full attention-256,attack,11743,11792,50,1,50,1.0,test_1,Mouse077_20160709_18-29-34
Full attention-256,investigation,11794,11822,29,0,0,0.0,test_1,Mouse077_20160709_18-29-34
Full attention-256,investigation,11836,11841,6,0,0,0.0,test_1,Mouse077_20160709_18-29-34
Full attention-256,attack,11843,11852,10,1,10,1.0,test_1,Mouse077_20160709_18-29-34
Full attention-256,investigation,11854,11879,26,0,0,0.0,test_1,Mouse077_20160709_18-29-34
Full attention-256,attack,11881,11902,22,1,22,1.0,test_1,Mouse077_20160709_18-29-34
Full attention-256,investigation,11904,11935,32,0,0,0.0,test_1,Mouse077_20160709_18-29-34
Full attention-256,investigation,11974,11985,12,0,0,0.0,test_1,Mouse077_20160709_18-29-34
Full attention-256,attack,11987,12065,79,1,79,1.0,test_1,Mouse077_20160709_18-29-34
Full attention-256,investigation,12105,12116,12,0,0,0.0,test_1,Mouse077_20160709_18-29-34
Full attention-256,attack,12118,12156,39,1,39,1.0,test_1,Mouse077_20160709_18-29-34
Full attention-256,investigation,12251,12258,8,0,0,0.0,test_1,Mouse077_20160709_18-29-34
Full attention-256,attack,12260,12286,27,1,27,1.0,test_1,Mouse077_20160709_18-29-34
Full attention-256,investigation,12350,12382,33,0,0,0.0,test_1,Mouse077_20160709_18-29-34
Full attention-256,attack,12384,12426,43,0,0,0.0,test_1,Mouse077_20160709_18-29-34
Full attention-256,investigation,12466,12490,25,1,11,0.44,test_1,Mouse077_20160709_18-29-34
Full attention-256,attack,12492,12582,91,2,39,0.42857142857142855,test_1,Mouse077_20160709_18-29-34
Full attention-256,investigation,12593,12593,1,0,0,0.0,test_1,Mouse077_20160709_18-29-34
Full attention-256,attack,12595,12615,21,1,21,1.0,test_1,Mouse077_20160709_18-29-34
Full attention-256,investigation,12807,12816,10,0,0,0.0,test_1,Mouse077_20160709_18-29-34
Full attention-256,attack,12818,12862,45,1,45,1.0,test_1,Mouse077_20160709_18-29-34
Full attention-256,investigation,13038,13057,20,0,0,0.0,test_1,Mouse077_20160709_18-29-34
Full attention-256,attack,13059,13077,19,1,19,1.0,test_1,Mouse077_20160709_18-29-34
Full attention-256,investigation,13096,13105,10,0,0,0.0,test_1,Mouse077_20160709_18-29-34
Full attention-256,attack,13107,13109,3,1,3,1.0,test_1,Mouse077_20160709_18-29-34
Full attention-256,investigation,13119,13125,7,0,0,0.0,test_1,Mouse077_20160709_18-29-34
Full attention-256,attack,13127,13134,8,1,8,1.0,test_1,Mouse077_20160709_18-29-34
Full attention-256,investigation,13156,13165,10,0,0,0.0,test_1,Mouse077_20160709_18-29-34
Full attention-256,attack,13167,13233,67,1,67,1.0,test_1,Mouse077_20160709_18-29-34
Full attention-256,investigation,13254,13263,10,0,0,0.0,test_1,Mouse077_20160709_18-29-34
Full attention-256,attack,13265,13339,75,2,43,0.5733333333333334,test_1,Mouse077_20160709_18-29-34
Full attention-256,investigation,13341,13345,5,0,0,0.0,test_1,Mouse077_20160709_18-29-34
Full attention-256,attack,13347,13356,10,1,10,1.0,test_1,Mouse077_20160709_18-29-34
Full attention-256,investigation,13372,13383,12,0,0,0.0,test_1,Mouse077_20160709_18-29-34
Full attention-256,attack,13385,13387,3,1,3,1.0,test_1,Mouse077_20160709_18-29-34
Full attention-256,investigation,13536,13548,13,0,0,0.0,test_1,Mouse077_20160709_18-29-34
Full attention-256,attack,13550,13670,121,2,39,0.32231404958677684,test_1,Mouse077_20160709_18-29-34
Full attention-256,attack,13685,13690,6,1,6,1.0,test_1,Mouse077_20160709_18-29-34
Full attention-256,investigation,13700,13706,7,0,0,0.0,test_1,Mouse077_20160709_18-29-34
Full attention-256,attack,13708,13721,14,1,14,1.0,test_1,Mouse077_20160709_18-29-34
Full attention-256,investigation,13730,13746,17,0,0,0.0,test_1,Mouse077_20160709_18-29-34
Full attention-256,attack,13748,13766,19,1,19,1.0,test_1,Mouse077_20160709_18-29-34
Full attention-256,investigation,13768,13772,5,0,0,0.0,test_1,Mouse077_20160709_18-29-34
Full attention-256,investigation,13839,13856,18,0,0,0.0,test_1,Mouse077_20160709_18-29-34
Full attention-256,attack,13858,13860,3,1,3,1.0,test_1,Mouse077_20160709_18-29-34
Full attention-256,investigation,13903,13914,12,1,1,0.08333333333333333,test_1,Mouse077_20160709_18-29-34
Full attention-256,attack,13916,13957,42,1,42,1.0,test_1,Mouse077_20160709_18-29-34
Full attention-256,investigation,13984,14003,20,0,0,0.0,test_1,Mouse077_20160709_18-29-34
Full attention-256,attack,14005,14072,68,1,68,1.0,test_1,Mouse077_20160709_18-29-34
Full attention-256,investigation,14089,14099,11,0,0,0.0,test_1,Mouse077_20160709_18-29-34
Full attention-256,investigation,14214,14232,19,0,0,0.0,test_1,Mouse077_20160709_18-29-34
Full attention-256,attack,14234,14249,16,1,16,1.0,test_1,Mouse077_20160709_18-29-34
Full attention-256,investigation,14258,14259,2,0,0,0.0,test_1,Mouse077_20160709_18-29-34
Full attention-256,attack,14261,14316,56,2,40,0.7142857142857143,test_1,Mouse077_20160709_18-29-34
Full attention-256,investigation,14340,14353,14,0,0,0.0,test_1,Mouse077_20160709_18-29-34
Full attention-256,attack,14355,14363,9,1,9,1.0,test_1,Mouse077_20160709_18-29-34
Full attention-256,investigation,14386,14387,2,0,0,0.0,test_1,Mouse077_20160709_18-29-34
Full attention-256,attack,14389,14417,29,1,29,1.0,test_1,Mouse077_20160709_18-29-34
Full attention-256,investigation,14544,14565,22,0,0,0.0,test_1,Mouse077_20160709_18-29-34
Full attention-256,attack,14567,14577,11,1,9,0.8181818181818182,test_1,Mouse077_20160709_18-29-34
Full attention-256,investigation,14728,14793,66,0,0,0.0,test_1,Mouse077_20160709_18-29-34
Full attention-256,attack,14795,14892,98,1,98,1.0,test_1,Mouse077_20160709_18-29-34
Full attention-256,investigation,14998,15012,15,0,0,0.0,test_1,Mouse077_20160709_18-29-34
Full attention-256,attack,15014,15045,32,1,26,0.8125,test_1,Mouse077_20160709_18-29-34
Full attention-256,investigation,15069,15091,23,0,0,0.0,test_1,Mouse077_20160709_18-29-34
Full attention-256,attack,15093,15108,16,1,16,1.0,test_1,Mouse077_20160709_18-29-34
Full attention-256,investigation,15142,15162,21,1,11,0.5238095238095238,test_1,Mouse077_20160709_18-29-34
Full attention-256,attack,15164,15212,49,1,45,0.9183673469387755,test_1,Mouse077_20160709_18-29-34
Full attention-256,investigation,15227,15231,5,0,0,0.0,test_1,Mouse077_20160709_18-29-34
Full attention-256,attack,15233,15258,26,1,26,1.0,test_1,Mouse077_20160709_18-29-34
Full attention-256,investigation,15387,15419,33,0,0,0.0,test_1,Mouse077_20160709_18-29-34
Full attention-256,attack,15421,15427,7,1,3,0.42857142857142855,test_1,Mouse077_20160709_18-29-34
Full attention-256,investigation,16028,16094,67,1,63,0.9402985074626866,test_1,Mouse077_20160709_18-29-34
Full attention-256,investigation,17061,17088,28,1,27,0.9642857142857143,test_1,Mouse077_20160709_18-29-34
Full attention-256,attack,17090,17094,5,1,5,1.0,test_1,Mouse077_20160709_18-29-34
Full attention-256,attack,17109,17123,15,1,15,1.0,test_1,Mouse077_20160709_18-29-34
Full attention-256,investigation,17133,17135,3,0,0,0.0,test_1,Mouse077_20160709_18-29-34
Full attention-256,investigation,17168,17180,13,0,0,0.0,test_1,Mouse077_20160709_18-29-34
Full attention-256,attack,17182,17228,47,1,34,0.723404255319149,test_1,Mouse077_20160709_18-29-34
Full attention-256,investigation,17312,17316,5,0,0,0.0,test_1,Mouse077_20160709_18-29-34
Full attention-256,attack,17318,17331,14,0,0,0.0,test_1,Mouse077_20160709_18-29-34
Full attention-256,investigation,17348,17350,3,0,0,0.0,test_1,Mouse077_20160709_18-29-34
Full attention-256,attack,17352,17440,89,1,88,0.9887640449438202,test_1,Mouse077_20160709_18-29-34
Full attention-256,investigation,17460,17462,3,0,0,0.0,test_1,Mouse077_20160709_18-29-34
Full attention-256,attack,17464,17529,66,1,66,1.0,test_1,Mouse077_20160709_18-29-34
Full attention-256,attack,17547,17571,25,1,21,0.84,test_1,Mouse077_20160709_18-29-34
Full attention-256,investigation,17605,17621,17,0,0,0.0,test_1,Mouse077_20160709_18-29-34
Full attention-256,attack,17623,17633,11,1,11,1.0,test_1,Mouse077_20160709_18-29-34
Full attention-256,investigation,17775,17786,12,0,0,0.0,test_1,Mouse077_20160709_18-29-34
Full attention-256,attack,17788,17838,51,1,51,1.0,test_1,Mouse077_20160709_18-29-34
Full attention-256,investigation,17925,17931,7,0,0,0.0,test_1,Mouse077_20160709_18-29-34
Full attention-256,attack,17933,17942,10,0,0,0.0,test_1,Mouse077_20160709_18-29-34
Full attention-256,attack,17974,18007,34,1,34,1.0,test_1,Mouse077_20160709_18-29-34
Full attention-256,investigation,18055,18073,19,0,0,0.0,test_1,Mouse077_20160709_18-29-34
Full attention-256,investigation,18108,18110,3,0,0,0.0,test_1,Mouse077_20160709_18-29-34
Full attention-256,attack,18112,18134,23,1,23,1.0,test_1,Mouse077_20160709_18-29-34
Full attention-256,investigation,18220,18228,9,0,0,0.0,test_1,Mouse077_20160709_18-29-34
Full attention-256,attack,18230,18238,9,1,9,1.0,test_1,Mouse077_20160709_18-29-34
Full attention-256,investigation,18270,18276,7,0,0,0.0,test_1,Mouse077_20160709_18-29-34
Full attention-256,attack,18278,18385,108,2,90,0.8333333333333334,test_1,Mouse077_20160709_18-29-34
Full attention-256,investigation,18423,18428,6,0,0,0.0,test_1,Mouse077_20160709_18-29-34
Full attention-256,attack,18430,18510,81,1,81,1.0,test_1,Mouse077_20160709_18-29-34
Full attention-256,investigation,18552,18575,24,0,0,0.0,test_1,Mouse077_20160709_18-29-34
Full attention-256,attack,18577,18586,10,1,10,1.0,test_1,Mouse077_20160709_18-29-34
Full attention-256,investigation,18628,18655,28,1,12,0.42857142857142855,test_1,Mouse077_20160709_18-29-34
Full attention-256,attack,18657,18671,15,1,15,1.0,test_1,Mouse077_20160709_18-29-34
Full attention-256,investigation,18753,18773,21,0,0,0.0,test_1,Mouse077_20160709_18-29-34
Full attention-256,attack,18775,18784,10,1,10,1.0,test_1,Mouse077_20160709_18-29-34
Full attention-256,investigation,18883,18884,2,0,0,0.0,test_1,Mouse077_20160709_18-29-34
Full attention-256,attack,18886,18896,11,0,0,0.0,test_1,Mouse077_20160709_18-29-34
Full attention-256,investigation,19024,19031,8,0,0,0.0,test_1,Mouse077_20160709_18-29-34
Full attention-256,investigation,19042,19048,7,0,0,0.0,test_1,Mouse077_20160709_18-29-34
Full attention-256,investigation,19228,19229,2,0,0,0.0,test_1,Mouse077_20160709_18-29-34
Full attention-256,investigation,19412,19489,78,0,0,0.0,test_1,Mouse077_20160709_18-29-34
Full attention-256,investigation,19551,19588,38,1,37,0.9736842105263158,test_1,Mouse077_20160709_18-29-34
Full attention-256,investigation,19720,19737,18,0,0,0.0,test_1,Mouse077_20160709_18-29-34
Full attention-256,investigation,19761,19770,10,0,0,0.0,test_1,Mouse077_20160709_18-29-34
Full attention-256,investigation,19902,19921,20,1,16,0.8,test_1,Mouse077_20160709_18-29-34
Full LSTM-256,investigation,80,159,80,1,64,0.8,test_1,Mouse077_20160709_18-29-34
Full LSTM-256,attack,161,205,45,1,45,1.0,test_1,Mouse077_20160709_18-29-34
Full LSTM-256,investigation,266,282,17,1,6,0.35294117647058826,test_1,Mouse077_20160709_18-29-34
Full LSTM-256,attack,284,433,150,1,148,0.9866666666666667,test_1,Mouse077_20160709_18-29-34
Full LSTM-256,investigation,474,483,10,0,0,0.0,test_1,Mouse077_20160709_18-29-34
Full LSTM-256,attack,485,582,98,1,98,1.0,test_1,Mouse077_20160709_18-29-34
Full LSTM-256,investigation,625,648,24,0,0,0.0,test_1,Mouse077_20160709_18-29-34
Full LSTM-256,attack,650,712,63,1,63,1.0,test_1,Mouse077_20160709_18-29-34
Full LSTM-256,investigation,714,744,31,0,0,0.0,test_1,Mouse077_20160709_18-29-34
Full LSTM-256,attack,746,758,13,1,13,1.0,test_1,Mouse077_20160709_18-29-34
Full LSTM-256,investigation,779,800,22,0,0,0.0,test_1,Mouse077_20160709_18-29-34
Full LSTM-256,attack,802,958,157,2,141,0.8980891719745223,test_1,Mouse077_20160709_18-29-34
Full LSTM-256,investigation,960,988,29,0,0,0.0,test_1,Mouse077_20160709_18-29-34
Full LSTM-256,attack,990,1016,27,1,27,1.0,test_1,Mouse077_20160709_18-29-34
Full LSTM-256,investigation,1041,1065,25,0,0,0.0,test_1,Mouse077_20160709_18-29-34
Full LSTM-256,attack,1067,1073,7,1,7,1.0,test_1,Mouse077_20160709_18-29-34
Full LSTM-256,investigation,1078,1104,27,0,0,0.0,test_1,Mouse077_20160709_18-29-34
Full LSTM-256,attack,1106,1248,143,2,110,0.7692307692307693,test_1,Mouse077_20160709_18-29-34
Full LSTM-256,investigation,1250,1268,19,0,0,0.0,test_1,Mouse077_20160709_18-29-34
Full LSTM-256,investigation,1308,1374,67,1,63,0.9402985074626866,test_1,Mouse077_20160709_18-29-34
Full LSTM-256,investigation,1439,1470,32,1,15,0.46875,test_1,Mouse077_20160709_18-29-34
Full LSTM-256,investigation,1547,1562,16,0,0,0.0,test_1,Mouse077_20160709_18-29-34
Full LSTM-256,investigation,1627,1641,15,0,0,0.0,test_1,Mouse077_20160709_18-29-34
Full LSTM-256,investigation,1921,1948,28,0,0,0.0,test_1,Mouse077_20160709_18-29-34
Full LSTM-256,investigation,2032,2070,39,1,16,0.41025641025641024,test_1,Mouse077_20160709_18-29-34
Full LSTM-256,attack,2072,2139,68,1,68,1.0,test_1,Mouse077_20160709_18-29-34
Full LSTM-256,investigation,2145,2188,44,0,0,0.0,test_1,Mouse077_20160709_18-29-34
Full LSTM-256,attack,2190,2281,92,1,92,1.0,test_1,Mouse077_20160709_18-29-34
Full LSTM-256,investigation,2283,2322,40,1,16,0.4,test_1,Mouse077_20160709_18-29-34
Full LSTM-256,attack,2324,2442,119,2,87,0.7310924369747899,test_1,Mouse077_20160709_18-29-34
Full LSTM-256,investigation,2475,2485,11,0,0,0.0,test_1,Mouse077_20160709_18-29-34
Full LSTM-256,attack,2487,2588,102,1,61,0.5980392156862745,test_1,Mouse077_20160709_18-29-34
Full LSTM-256,investigation,2750,2767,18,0,0,0.0,test_1,Mouse077_20160709_18-29-34
Full LSTM-256,attack,2769,2812,44,1,29,0.6590909090909091,test_1,Mouse077_20160709_18-29-34
Full LSTM-256,investigation,2824,2831,8,0,0,0.0,test_1,Mouse077_20160709_18-29-34
Full LSTM-256,attack,2833,2896,64,1,63,0.984375,test_1,Mouse077_20160709_18-29-34
Full LSTM-256,investigation,2909,2920,12,1,3,0.25,test_1,Mouse077_20160709_18-29-34
Full LSTM-256,attack,2922,2957,36,1,36,1.0,test_1,Mouse077_20160709_18-29-34
Full LSTM-256,investigation,2997,3005,9,0,0,0.0,test_1,Mouse077_20160709_18-29-34
Full LSTM-256,investigation,3122,3146,25,1,11,0.44,test_1,Mouse077_20160709_18-29-34
Full LSTM-256,attack,3148,3207,60,1,56,0.9333333333333333,test_1,Mouse077_20160709_18-29-34
Full LSTM-256,investigation,3225,3235,11,0,0,0.0,test_1,Mouse077_20160709_18-29-34
Full LSTM-256,attack,3237,3243,7,1,7,1.0,test_1,Mouse077_20160709_18-29-34
Full LSTM-256,investigation,3259,3268,10,0,0,0.0,test_1,Mouse077_20160709_18-29-34
Full LSTM-256,investigation,3276,3306,31,1,16,0.5161290322580645,test_1,Mouse077_20160709_18-29-34
Full LSTM-256,attack,3308,3329,22,1,22,1.0,test_1,Mouse077_20160709_18-29-34
Full LSTM-256,investigation,3357,3388,32,0,0,0.0,test_1,Mouse077_20160709_18-29-34
Full LSTM-256,attack,3390,3415,26,1,26,1.0,test_1,Mouse077_20160709_18-29-34
Full LSTM-256,investigation,3869,3952,84,0,0,0.0,test_1,Mouse077_20160709_18-29-34
Full LSTM-256,investigation,4341,4370,30,1,30,1.0,test_1,Mouse077_20160709_18-29-34
Full LSTM-256,investigation,4800,4811,12,0,0,0.0,test_1,Mouse077_20160709_18-29-34
Full LSTM-256,investigation,4980,4996,17,0,0,0.0,test_1,Mouse077_20160709_18-29-34
Full LSTM-256,investigation,5527,5540,14,0,0,0.0,test_1,Mouse077_20160709_18-29-34
Full LSTM-256,investigation,5630,5641,12,0,0,0.0,test_1,Mouse077_20160709_18-29-34
Full LSTM-256,investigation,6097,6112,16,0,0,0.0,test_1,Mouse077_20160709_18-29-34
Full LSTM-256,investigation,6513,6529,17,0,0,0.0,test_1,Mouse077_20160709_18-29-34
Full LSTM-256,attack,6531,6589,59,1,59,1.0,test_1,Mouse077_20160709_18-29-34
Full LSTM-256,investigation,6601,6612,12,0,0,0.0,test_1,Mouse077_20160709_18-29-34
Full LSTM-256,attack,6614,6633,20,1,20,1.0,test_1,Mouse077_20160709_18-29-34
Full LSTM-256,investigation,6691,6700,10,0,0,0.0,test_1,Mouse077_20160709_18-29-34
Full LSTM-256,attack,6702,6723,22,1,22,1.0,test_1,Mouse077_20160709_18-29-34
Full LSTM-256,investigation,6741,6746,6,0,0,0.0,test_1,Mouse077_20160709_18-29-34
Full LSTM-256,attack,6748,6819,72,1,68,0.9444444444444444,test_1,Mouse077_20160709_18-29-34
Full LSTM-256,investigation,6861,6874,14,1,3,0.21428571428571427,test_1,Mouse077_20160709_18-29-34
Full LSTM-256,attack,6876,6886,11,1,4,0.36363636363636365,test_1,Mouse077_20160709_18-29-34
Full LSTM-256,investigation,6932,6952,21,1,12,0.5714285714285714,test_1,Mouse077_20160709_18-29-34
Full LSTM-256,attack,6954,7090,137,2,105,0.7664233576642335,test_1,Mouse077_20160709_18-29-34
Full LSTM-256,investigation,7092,7114,23,0,0,0.0,test_1,Mouse077_20160709_18-29-34
Full LSTM-256,investigation,7162,7165,4,0,0,0.0,test_1,Mouse077_20160709_18-29-34
Full LSTM-256,attack,7167,7223,57,1,57,1.0,test_1,Mouse077_20160709_18-29-34
Full LSTM-256,investigation,7311,7338,28,0,0,0.0,test_1,Mouse077_20160709_18-29-34
Full LSTM-256,attack,7340,7375,36,1,36,1.0,test_1,Mouse077_20160709_18-29-34
Full LSTM-256,investigation,7377,7395,19,0,0,0.0,test_1,Mouse077_20160709_18-29-34
Full LSTM-256,investigation,7455,7477,23,0,0,0.0,test_1,Mouse077_20160709_18-29-34
Full LSTM-256,attack,7479,7517,39,1,39,1.0,test_1,Mouse077_20160709_18-29-34
Full LSTM-256,investigation,7519,7527,9,0,0,0.0,test_1,Mouse077_20160709_18-29-34
Full LSTM-256,investigation,7559,7573,15,0,0,0.0,test_1,Mouse077_20160709_18-29-34
Full LSTM-256,attack,7575,7587,13,1,9,0.6923076923076923,test_1,Mouse077_20160709_18-29-34
Full LSTM-256,investigation,7643,7663,21,1,16,0.7619047619047619,test_1,Mouse077_20160709_18-29-34
Full LSTM-256,attack,7665,7668,4,0,0,0.0,test_1,Mouse077_20160709_18-29-34
Full LSTM-256,investigation,7670,7682,13,1,10,0.7692307692307693,test_1,Mouse077_20160709_18-29-34
Full LSTM-256,investigation,7713,7735,23,1,15,0.6521739130434783,test_1,Mouse077_20160709_18-29-34
Full LSTM-256,attack,7737,7788,52,1,52,1.0,test_1,Mouse077_20160709_18-29-34
Full LSTM-256,investigation,7824,7831,8,0,0,0.0,test_1,Mouse077_20160709_18-29-34
Full LSTM-256,attack,7833,7873,41,1,32,0.7804878048780488,test_1,Mouse077_20160709_18-29-34
Full LSTM-256,investigation,7940,7952,13,0,0,0.0,test_1,Mouse077_20160709_18-29-34
Full LSTM-256,attack,7954,7975,22,1,22,1.0,test_1,Mouse077_20160709_18-29-34
Full LSTM-256,investigation,7987,7989,3,0,0,0.0,test_1,Mouse077_20160709_18-29-34
Full LSTM-256,attack,7991,8006,16,1,16,1.0,test_1,Mouse077_20160709_18-29-34
Full LSTM-256,investigation,8033,8039,7,0,0,0.0,test_1,Mouse077_20160709_18-29-34
Full LSTM-256,attack,8041,8049,9,0,0,0.0,test_1,Mouse077_20160709_18-29-34
Full LSTM-256,investigation,8074,8097,24,0,0,0.0,test_1,Mouse077_20160709_18-29-34
Full LSTM-256,attack,8099,8110,12,1,12,1.0,test_1,Mouse077_20160709_18-29-34
Full LSTM-256,investigation,8122,8130,9,0,0,0.0,test_1,Mouse077_20160709_18-29-34
Full LSTM-256,investigation,8240,8266,27,0,0,0.0,test_1,Mouse077_20160709_18-29-34
Full LSTM-256,attack,8268,8341,74,2,36,0.4864864864864865,test_1,Mouse077_20160709_18-29-34
Full LSTM-256,investigation,8407,8413,7,0,0,0.0,test_1,Mouse077_20160709_18-29-34
Full LSTM-256,attack,8415,8423,9,1,8,0.8888888888888888,test_1,Mouse077_20160709_18-29-34
Full LSTM-256,investigation,8436,8438,3,0,0,0.0,test_1,Mouse077_20160709_18-29-34
Full LSTM-256,attack,8440,8476,37,1,37,1.0,test_1,Mouse077_20160709_18-29-34
Full LSTM-256,investigation,8478,8490,13,0,0,0.0,test_1,Mouse077_20160709_18-29-34
Full LSTM-256,investigation,8501,8522,22,0,0,0.0,test_1,Mouse077_20160709_18-29-34
Full LSTM-256,attack,8524,8570,47,1,47,1.0,test_1,Mouse077_20160709_18-29-34
Full LSTM-256,attack,8580,8584,5,1,5,1.0,test_1,Mouse077_20160709_18-29-34
Full LSTM-256,investigation,8596,8598,3,0,0,0.0,test_1,Mouse077_20160709_18-29-34
Full LSTM-256,attack,8600,8618,19,1,19,1.0,test_1,Mouse077_20160709_18-29-34
Full LSTM-256,investigation,8688,8694,7,0,0,0.0,test_1,Mouse077_20160709_18-29-34
Full LSTM-256,attack,8696,8726,31,1,31,1.0,test_1,Mouse077_20160709_18-29-34
Full LSTM-256,investigation,8748,8750,3,0,0,0.0,test_1,Mouse077_20160709_18-29-34
Full LSTM-256,attack,8752,8755,4,0,0,0.0,test_1,Mouse077_20160709_18-29-34
Full LSTM-256,investigation,8797,8803,7,0,0,0.0,test_1,Mouse077_20160709_18-29-34
Full LSTM-256,attack,8805,8812,8,1,8,1.0,test_1,Mouse077_20160709_18-29-34
Full LSTM-256,investigation,8818,8820,3,0,0,0.0,test_1,Mouse077_20160709_18-29-34
Full LSTM-256,attack,8822,8891,70,1,70,1.0,test_1,Mouse077_20160709_18-29-34
Full LSTM-256,investigation,8908,8911,4,0,0,0.0,test_1,Mouse077_20160709_18-29-34
Full LSTM-256,investigation,8924,8927,4,0,0,0.0,test_1,Mouse077_20160709_18-29-34
Full LSTM-256,investigation,8948,8950,3,0,0,0.0,test_1,Mouse077_20160709_18-29-34
Full LSTM-256,investigation,8993,9033,41,1,16,0.3902439024390244,test_1,Mouse077_20160709_18-29-34
Full LSTM-256,investigation,9118,9136,19,0,0,0.0,test_1,Mouse077_20160709_18-29-34
Full LSTM-256,attack,9138,9164,27,1,27,1.0,test_1,Mouse077_20160709_18-29-34
Full LSTM-256,investigation,9210,9217,8,0,0,0.0,test_1,Mouse077_20160709_18-29-34
Full LSTM-256,attack,9219,9238,20,1,20,1.0,test_1,Mouse077_20160709_18-29-34
Full LSTM-256,investigation,9246,9251,6,0,0,0.0,test_1,Mouse077_20160709_18-29-34
Full LSTM-256,attack,9253,9303,51,1,43,0.8431372549019608,test_1,Mouse077_20160709_18-29-34
Full LSTM-256,investigation,9342,9344,3,0,0,0.0,test_1,Mouse077_20160709_18-29-34
Full LSTM-256,attack,9346,9379,34,1,34,1.0,test_1,Mouse077_20160709_18-29-34
Full LSTM-256,investigation,9386,9394,9,0,0,0.0,test_1,Mouse077_20160709_18-29-34
Full LSTM-256,attack,9396,9413,18,1,18,1.0,test_1,Mouse077_20160709_18-29-34
Full LSTM-256,investigation,9423,9424,2,0,0,0.0,test_1,Mouse077_20160709_18-29-34
Full LSTM-256,attack,9426,9429,4,0,0,0.0,test_1,Mouse077_20160709_18-29-34
Full LSTM-256,investigation,9489,9495,7,0,0,0.0,test_1,Mouse077_20160709_18-29-34
Full LSTM-256,attack,9497,9516,20,1,20,1.0,test_1,Mouse077_20160709_18-29-34
Full LSTM-256,investigation,9563,9567,5,0,0,0.0,test_1,Mouse077_20160709_18-29-34
Full LSTM-256,attack,9569,9584,16,1,15,0.9375,test_1,Mouse077_20160709_18-29-34
Full LSTM-256,investigation,9607,9640,34,1,25,0.7352941176470589,test_1,Mouse077_20160709_18-29-34
Full LSTM-256,attack,9642,9680,39,1,32,0.8205128205128205,test_1,Mouse077_20160709_18-29-34
Full LSTM-256,investigation,10008,10039,32,0,0,0.0,test_1,Mouse077_20160709_18-29-34
Full LSTM-256,attack,10041,10081,41,1,39,0.9512195121951219,test_1,Mouse077_20160709_18-29-34
Full LSTM-256,investigation,10307,10318,12,0,0,0.0,test_1,Mouse077_20160709_18-29-34
Full LSTM-256,investigation,10775,10869,95,1,80,0.8421052631578947,test_1,Mouse077_20160709_18-29-34
Full LSTM-256,attack,10871,10898,28,1,25,0.8928571428571429,test_1,Mouse077_20160709_18-29-34
Full LSTM-256,investigation,10956,10964,9,0,0,0.0,test_1,Mouse077_20160709_18-29-34
Full LSTM-256,investigation,10997,11009,13,0,0,0.0,test_1,Mouse077_20160709_18-29-34
Full LSTM-256,investigation,11056,11072,17,0,0,0.0,test_1,Mouse077_20160709_18-29-34
Full LSTM-256,attack,11074,11082,9,1,9,1.0,test_1,Mouse077_20160709_18-29-34
Full LSTM-256,investigation,11087,11096,10,0,0,0.0,test_1,Mouse077_20160709_18-29-34
Full LSTM-256,attack,11098,11104,7,1,7,1.0,test_1,Mouse077_20160709_18-29-34
Full LSTM-256,investigation,11106,11108,3,0,0,0.0,test_1,Mouse077_20160709_18-29-34
Full LSTM-256,attack,11110,11125,16,1,16,1.0,test_1,Mouse077_20160709_18-29-34
Full LSTM-256,investigation,11290,11300,11,0,0,0.0,test_1,Mouse077_20160709_18-29-34
Full LSTM-256,attack,11302,11320,19,1,19,1.0,test_1,Mouse077_20160709_18-29-34
Full LSTM-256,investigation,11342,11343,2,0,0,0.0,test_1,Mouse077_20160709_18-29-34
Full LSTM-256,attack,11345,11393,49,1,49,1.0,test_1,Mouse077_20160709_18-29-34
Full LSTM-256,attack,11409,11417,9,1,9,1.0,test_1,Mouse077_20160709_18-29-34
Full LSTM-256,investigation,11422,11429,8,0,0,0.0,test_1,Mouse077_20160709_18-29-34
Full LSTM-256,attack,11431,11440,10,1,10,1.0,test_1,Mouse077_20160709_18-29-34
Full LSTM-256,investigation,11447,11458,12,0,0,0.0,test_1,Mouse077_20160709_18-29-34
Full LSTM-256,attack,11460,11468,9,1,9,1.0,test_1,Mouse077_20160709_18-29-34
Full LSTM-256,investigation,11492,11499,8,0,0,0.0,test_1,Mouse077_20160709_18-29-34
Full LSTM-256,investigation,11559,11569,11,0,0,0.0,test_1,Mouse077_20160709_18-29-34
Full LSTM-256,attack,11571,11579,9,0,0,0.0,test_1,Mouse077_20160709_18-29-34
Full LSTM-256,investigation,11728,11741,14,0,0,0.0,test_1,Mouse077_20160709_18-29-34
Full LSTM-256,attack,11743,11792,50,1,49,0.98,test_1,Mouse077_20160709_18-29-34
Full LSTM-256,investigation,11794,11822,29,0,0,0.0,test_1,Mouse077_20160709_18-29-34
Full LSTM-256,investigation,11836,11841,6,0,0,0.0,test_1,Mouse077_20160709_18-29-34
Full LSTM-256,attack,11843,11852,10,1,10,1.0,test_1,Mouse077_20160709_18-29-34
Full LSTM-256,investigation,11854,11879,26,0,0,0.0,test_1,Mouse077_20160709_18-29-34
Full LSTM-256,attack,11881,11902,22,1,22,1.0,test_1,Mouse077_20160709_18-29-34
Full LSTM-256,investigation,11904,11935,32,0,0,0.0,test_1,Mouse077_20160709_18-29-34
Full LSTM-256,investigation,11974,11985,12,1,10,0.8333333333333334,test_1,Mouse077_20160709_18-29-34
Full LSTM-256,attack,11987,12065,79,1,79,1.0,test_1,Mouse077_20160709_18-29-34
Full LSTM-256,investigation,12105,12116,12,0,0,0.0,test_1,Mouse077_20160709_18-29-34
Full LSTM-256,attack,12118,12156,39,1,39,1.0,test_1,Mouse077_20160709_18-29-34
Full LSTM-256,investigation,12251,12258,8,0,0,0.0,test_1,Mouse077_20160709_18-29-34
Full LSTM-256,attack,12260,12286,27,1,27,1.0,test_1,Mouse077_20160709_18-29-34
Full LSTM-256,investigation,12350,12382,33,0,0,0.0,test_1,Mouse077_20160709_18-29-34
Full LSTM-256,attack,12384,12426,43,0,0,0.0,test_1,Mouse077_20160709_18-29-34
Full LSTM-256,investigation,12466,12490,25,1,11,0.44,test_1,Mouse077_20160709_18-29-34
Full LSTM-256,attack,12492,12582,91,1,23,0.25274725274725274,test_1,Mouse077_20160709_18-29-34
Full LSTM-256,investigation,12593,12593,1,0,0,0.0,test_1,Mouse077_20160709_18-29-34
Full LSTM-256,attack,12595,12615,21,1,13,0.6190476190476191,test_1,Mouse077_20160709_18-29-34
Full LSTM-256,investigation,12807,12816,10,0,0,0.0,test_1,Mouse077_20160709_18-29-34
Full LSTM-256,attack,12818,12862,45,1,45,1.0,test_1,Mouse077_20160709_18-29-34
Full LSTM-256,investigation,13038,13057,20,0,0,0.0,test_1,Mouse077_20160709_18-29-34
Full LSTM-256,attack,13059,13077,19,1,19,1.0,test_1,Mouse077_20160709_18-29-34
Full LSTM-256,investigation,13096,13105,10,0,0,0.0,test_1,Mouse077_20160709_18-29-34
Full LSTM-256,attack,13107,13109,3,1,3,1.0,test_1,Mouse077_20160709_18-29-34
Full LSTM-256,investigation,13119,13125,7,0,0,0.0,test_1,Mouse077_20160709_18-29-34
Full LSTM-256,attack,13127,13134,8,1,8,1.0,test_1,Mouse077_20160709_18-29-34
Full LSTM-256,investigation,13156,13165,10,0,0,0.0,test_1,Mouse077_20160709_18-29-34
Full LSTM-256,attack,13167,13233,67,1,65,0.9701492537313433,test_1,Mouse077_20160709_18-29-34
Full LSTM-256,investigation,13254,13263,10,0,0,0.0,test_1,Mouse077_20160709_18-29-34
Full LSTM-256,attack,13265,13339,75,2,43,0.5733333333333334,test_1,Mouse077_20160709_18-29-34
Full LSTM-256,investigation,13341,13345,5,0,0,0.0,test_1,Mouse077_20160709_18-29-34
Full LSTM-256,attack,13347,13356,10,1,10,1.0,test_1,Mouse077_20160709_18-29-34
Full LSTM-256,investigation,13372,13383,12,0,0,0.0,test_1,Mouse077_20160709_18-29-34
Full LSTM-256,attack,13385,13387,3,0,0,0.0,test_1,Mouse077_20160709_18-29-34
Full LSTM-256,investigation,13536,13548,13,0,0,0.0,test_1,Mouse077_20160709_18-29-34
Full LSTM-256,attack,13550,13670,121,1,23,0.19008264462809918,test_1,Mouse077_20160709_18-29-34
Full LSTM-256,attack,13685,13690,6,1,6,1.0,test_1,Mouse077_20160709_18-29-34
Full LSTM-256,investigation,13700,13706,7,0,0,0.0,test_1,Mouse077_20160709_18-29-34
Full LSTM-256,attack,13708,13721,14,1,14,1.0,test_1,Mouse077_20160709_18-29-34
Full LSTM-256,investigation,13730,13746,17,0,0,0.0,test_1,Mouse077_20160709_18-29-34
Full LSTM-256,attack,13748,13766,19,1,19,1.0,test_1,Mouse077_20160709_18-29-34
Full LSTM-256,investigation,13768,13772,5,0,0,0.0,test_1,Mouse077_20160709_18-29-34
Full LSTM-256,investigation,13839,13856,18,0,0,0.0,test_1,Mouse077_20160709_18-29-34
Full LSTM-256,attack,13858,13860,3,1,3,1.0,test_1,Mouse077_20160709_18-29-34
Full LSTM-256,investigation,13903,13914,12,1,1,0.08333333333333333,test_1,Mouse077_20160709_18-29-34
Full LSTM-256,attack,13916,13957,42,1,42,1.0,test_1,Mouse077_20160709_18-29-34
Full LSTM-256,investigation,13984,14003,20,0,0,0.0,test_1,Mouse077_20160709_18-29-34
Full LSTM-256,attack,14005,14072,68,1,68,1.0,test_1,Mouse077_20160709_18-29-34
Full LSTM-256,investigation,14089,14099,11,0,0,0.0,test_1,Mouse077_20160709_18-29-34
Full LSTM-256,investigation,14214,14232,19,0,0,0.0,test_1,Mouse077_20160709_18-29-34
Full LSTM-256,attack,14234,14249,16,1,16,1.0,test_1,Mouse077_20160709_18-29-34
Full LSTM-256,investigation,14258,14259,2,0,0,0.0,test_1,Mouse077_20160709_18-29-34
Full LSTM-256,attack,14261,14316,56,1,56,1.0,test_1,Mouse077_20160709_18-29-34
Full LSTM-256,investigation,14340,14353,14,0,0,0.0,test_1,Mouse077_20160709_18-29-34
Full LSTM-256,attack,14355,14363,9,1,9,1.0,test_1,Mouse077_20160709_18-29-34
Full LSTM-256,investigation,14386,14387,2,0,0,0.0,test_1,Mouse077_20160709_18-29-34
Full LSTM-256,attack,14389,14417,29,1,27,0.9310344827586207,test_1,Mouse077_20160709_18-29-34
Full LSTM-256,investigation,14544,14565,22,0,0,0.0,test_1,Mouse077_20160709_18-29-34
Full LSTM-256,attack,14567,14577,11,1,9,0.8181818181818182,test_1,Mouse077_20160709_18-29-34
Full LSTM-256,investigation,14728,14793,66,1,26,0.3939393939393939,test_1,Mouse077_20160709_18-29-34
Full LSTM-256,attack,14795,14892,98,1,80,0.8163265306122449,test_1,Mouse077_20160709_18-29-34
Full LSTM-256,investigation,14998,15012,15,0,0,0.0,test_1,Mouse077_20160709_18-29-34
Full LSTM-256,attack,15014,15045,32,1,26,0.8125,test_1,Mouse077_20160709_18-29-34
Full LSTM-256,investigation,15069,15091,23,0,0,0.0,test_1,Mouse077_20160709_18-29-34
Full LSTM-256,attack,15093,15108,16,1,16,1.0,test_1,Mouse077_20160709_18-29-34
Full LSTM-256,investigation,15142,15162,21,1,11,0.5238095238095238,test_1,Mouse077_20160709_18-29-34
Full LSTM-256,attack,15164,15212,49,1,29,0.5918367346938775,test_1,Mouse077_20160709_18-29-34
Full LSTM-256,investigation,15227,15231,5,0,0,0.0,test_1,Mouse077_20160709_18-29-34
Full LSTM-256,attack,15233,15258,26,1,26,1.0,test_1,Mouse077_20160709_18-29-34
Full LSTM-256,investigation,15387,15419,33,0,0,0.0,test_1,Mouse077_20160709_18-29-34
Full LSTM-256,attack,15421,15427,7,1,7,1.0,test_1,Mouse077_20160709_18-29-34
Full LSTM-256,investigation,16028,16094,67,1,47,0.7014925373134329,test_1,Mouse077_20160709_18-29-34
Full LSTM-256,investigation,17061,17088,28,1,16,0.5714285714285714,test_1,Mouse077_20160709_18-29-34
Full LSTM-256,attack,17090,17094,5,1,5,1.0,test_1,Mouse077_20160709_18-29-34
Full LSTM-256,attack,17109,17123,15,1,11,0.7333333333333333,test_1,Mouse077_20160709_18-29-34
Full LSTM-256,investigation,17133,17135,3,0,0,0.0,test_1,Mouse077_20160709_18-29-34
Full LSTM-256,investigation,17168,17180,13,0,0,0.0,test_1,Mouse077_20160709_18-29-34
Full LSTM-256,attack,17182,17228,47,1,18,0.3829787234042553,test_1,Mouse077_20160709_18-29-34
Full LSTM-256,investigation,17312,17316,5,0,0,0.0,test_1,Mouse077_20160709_18-29-34
Full LSTM-256,attack,17318,17331,14,1,4,0.2857142857142857,test_1,Mouse077_20160709_18-29-34
Full LSTM-256,investigation,17348,17350,3,0,0,0.0,test_1,Mouse077_20160709_18-29-34
Full LSTM-256,attack,17352,17440,89,1,88,0.9887640449438202,test_1,Mouse077_20160709_18-29-34
Full LSTM-256,investigation,17460,17462,3,0,0,0.0,test_1,Mouse077_20160709_18-29-34
Full LSTM-256,attack,17464,17529,66,1,58,0.8787878787878788,test_1,Mouse077_20160709_18-29-34
Full LSTM-256,attack,17547,17571,25,1,21,0.84,test_1,Mouse077_20160709_18-29-34
Full LSTM-256,investigation,17605,17621,17,0,0,0.0,test_1,Mouse077_20160709_18-29-34
Full LSTM-256,attack,17623,17633,11,1,9,0.8181818181818182,test_1,Mouse077_20160709_18-29-34
Full LSTM-256,investigation,17775,17786,12,0,0,0.0,test_1,Mouse077_20160709_18-29-34
Full LSTM-256,attack,17788,17838,51,1,51,1.0,test_1,Mouse077_20160709_18-29-34
Full LSTM-256,investigation,17925,17931,7,0,0,0.0,test_1,Mouse077_20160709_18-29-34
Full LSTM-256,attack,17933,17942,10,0,0,0.0,test_1,Mouse077_20160709_18-29-34
Full LSTM-256,attack,17974,18007,34,1,26,0.7647058823529411,test_1,Mouse077_20160709_18-29-34
Full LSTM-256,investigation,18055,18073,19,0,0,0.0,test_1,Mouse077_20160709_18-29-34
Full LSTM-256,investigation,18108,18110,3,0,0,0.0,test_1,Mouse077_20160709_18-29-34
Full LSTM-256,attack,18112,18134,23,1,23,1.0,test_1,Mouse077_20160709_18-29-34
Full LSTM-256,investigation,18220,18228,9,0,0,0.0,test_1,Mouse077_20160709_18-29-34
Full LSTM-256,attack,18230,18238,9,0,0,0.0,test_1,Mouse077_20160709_18-29-34
Full LSTM-256,investigation,18270,18276,7,0,0,0.0,test_1,Mouse077_20160709_18-29-34
Full LSTM-256,attack,18278,18385,108,2,74,0.6851851851851852,test_1,Mouse077_20160709_18-29-34
Full LSTM-256,investigation,18423,18428,6,0,0,0.0,test_1,Mouse077_20160709_18-29-34
Full LSTM-256,attack,18430,18510,81,1,81,1.0,test_1,Mouse077_20160709_18-29-34
Full LSTM-256,investigation,18552,18575,24,0,0,0.0,test_1,Mouse077_20160709_18-29-34
Full LSTM-256,attack,18577,18586,10,0,0,0.0,test_1,Mouse077_20160709_18-29-34
Full LSTM-256,investigation,18628,18655,28,0,0,0.0,test_1,Mouse077_20160709_18-29-34
Full LSTM-256,attack,18657,18671,15,1,15,1.0,test_1,Mouse077_20160709_18-29-34
Full LSTM-256,investigation,18753,18773,21,0,0,0.0,test_1,Mouse077_20160709_18-29-34
Full LSTM-256,attack,18775,18784,10,1,9,0.9,test_1,Mouse077_20160709_18-29-34
Full LSTM-256,investigation,18883,18884,2,0,0,0.0,test_1,Mouse077_20160709_18-29-34
Full LSTM-256,attack,18886,18896,11,0,0,0.0,test_1,Mouse077_20160709_18-29-34
Full LSTM-256,investigation,19024,19031,8,0,0,0.0,test_1,Mouse077_20160709_18-29-34
Full LSTM-256,investigation,19042,19048,7,0,0,0.0,test_1,Mouse077_20160709_18-29-34
Full LSTM-256,investigation,19228,19229,2,0,0,0.0,test_1,Mouse077_20160709_18-29-34
Full LSTM-256,investigation,19412,19489,78,0,0,0.0,test_1,Mouse077_20160709_18-29-34
Full LSTM-256,investigation,19551,19588,38,1,21,0.5526315789473685,test_1,Mouse077_20160709_18-29-34
Full LSTM-256,investigation,19720,19737,18,0,0,0.0,test_1,Mouse077_20160709_18-29-34
Full LSTM-256,investigation,19761,19770,10,0,0,0.0,test_1,Mouse077_20160709_18-29-34
Full LSTM-256,investigation,19902,19921,20,0,0,0.0,test_1,Mouse077_20160709_18-29-34
Full attention-256,investigation,5,43,39,1,39,1.0,test_1,Mouse162_20161017_19-58-28
Full attention-256,investigation,126,183,58,1,48,0.8275862068965517,test_1,Mouse162_20161017_19-58-28
Full attention-256,investigation,463,681,219,1,128,0.5844748858447488,test_1,Mouse162_20161017_19-58-28
Full attention-256,investigation,752,810,59,1,48,0.8135593220338984,test_1,Mouse162_20161017_19-58-28
Full attention-256,investigation,1158,1384,227,1,128,0.5638766519823789,test_1,Mouse162_20161017_19-58-28
Full attention-256,investigation,1441,1479,39,1,39,1.0,test_1,Mouse162_20161017_19-58-28
Full attention-256,attack,1481,1537,57,1,18,0.3157894736842105,test_1,Mouse162_20161017_19-58-28
Full attention-256,investigation,1539,1559,21,0,0,0.0,test_1,Mouse162_20161017_19-58-28
Full attention-256,attack,1561,1603,43,1,39,0.9069767441860465,test_1,Mouse162_20161017_19-58-28
Full attention-256,investigation,1620,1683,64,1,48,0.75,test_1,Mouse162_20161017_19-58-28
Full attention-256,attack,1685,1861,177,1,107,0.6045197740112994,test_1,Mouse162_20161017_19-58-28
Full attention-256,investigation,1863,1988,126,1,9,0.07142857142857142,test_1,Mouse162_20161017_19-58-28
Full attention-256,attack,1990,2024,35,1,35,1.0,test_1,Mouse162_20161017_19-58-28
Full attention-256,attack,2084,2155,72,1,28,0.3888888888888889,test_1,Mouse162_20161017_19-58-28
Full attention-256,investigation,2176,2242,67,1,64,0.9552238805970149,test_1,Mouse162_20161017_19-58-28
Full attention-256,investigation,2332,2444,113,1,45,0.39823008849557523,test_1,Mouse162_20161017_19-58-28
Full attention-256,attack,2446,2458,13,1,11,0.8461538461538461,test_1,Mouse162_20161017_19-58-28
Full attention-256,investigation,2460,2476,17,0,0,0.0,test_1,Mouse162_20161017_19-58-28
Full attention-256,attack,2478,2495,18,1,18,1.0,test_1,Mouse162_20161017_19-58-28
Full attention-256,investigation,3015,3023,9,0,0,0.0,test_1,Mouse162_20161017_19-58-28
Full attention-256,investigation,3349,3433,85,1,75,0.8823529411764706,test_1,Mouse162_20161017_19-58-28
Full attention-256,investigation,3555,3782,228,2,196,0.8596491228070176,test_1,Mouse162_20161017_19-58-28
Full attention-256,attack,3784,3857,74,1,48,0.6486486486486487,test_1,Mouse162_20161017_19-58-28
Full attention-256,investigation,3859,4042,184,1,184,1.0,test_1,Mouse162_20161017_19-58-28
Full attention-256,investigation,4402,4459,58,0,0,0.0,test_1,Mouse162_20161017_19-58-28
Full attention-256,investigation,4572,4749,178,1,126,0.7078651685393258,test_1,Mouse162_20161017_19-58-28
Full attention-256,investigation,4822,5064,243,1,224,0.9218106995884774,test_1,Mouse162_20161017_19-58-28
Full attention-256,investigation,5143,5265,123,1,121,0.983739837398374,test_1,Mouse162_20161017_19-58-28
Full attention-256,attack,5267,5313,47,1,45,0.9574468085106383,test_1,Mouse162_20161017_19-58-28
Full attention-256,investigation,5321,5364,44,1,23,0.5227272727272727,test_1,Mouse162_20161017_19-58-28
Full attention-256,investigation,5673,5720,48,1,41,0.8541666666666666,test_1,Mouse162_20161017_19-58-28
Full attention-256,attack,5722,5756,35,0,0,0.0,test_1,Mouse162_20161017_19-58-28
Full attention-256,investigation,5758,6208,451,1,448,0.9933481152993349,test_1,Mouse162_20161017_19-58-28
Full attention-256,investigation,6359,6543,185,1,96,0.518918918918919,test_1,Mouse162_20161017_19-58-28
Full attention-256,attack,6545,6563,19,0,0,0.0,test_1,Mouse162_20161017_19-58-28
Full attention-256,investigation,6579,6789,211,1,211,1.0,test_1,Mouse162_20161017_19-58-28
Full attention-256,attack,6791,6821,31,0,0,0.0,test_1,Mouse162_20161017_19-58-28
Full attention-256,investigation,6838,7074,237,1,224,0.9451476793248945,test_1,Mouse162_20161017_19-58-28
Full attention-256,investigation,7181,7252,72,1,67,0.9305555555555556,test_1,Mouse162_20161017_19-58-28
Full attention-256,investigation,7307,7394,88,1,64,0.7272727272727273,test_1,Mouse162_20161017_19-58-28
Full attention-256,investigation,7448,7540,93,1,88,0.946236559139785,test_1,Mouse162_20161017_19-58-28
Full attention-256,investigation,7679,7810,132,1,80,0.6060606060606061,test_1,Mouse162_20161017_19-58-28
Full attention-256,investigation,7974,8082,109,2,80,0.7339449541284404,test_1,Mouse162_20161017_19-58-28
Full attention-256,investigation,8132,8143,12,0,0,0.0,test_1,Mouse162_20161017_19-58-28
Full attention-256,investigation,8726,8761,36,1,26,0.7222222222222222,test_1,Mouse162_20161017_19-58-28
Full attention-256,investigation,8859,8882,24,1,21,0.875,test_1,Mouse162_20161017_19-58-28
Full attention-256,investigation,8973,9049,77,1,77,1.0,test_1,Mouse162_20161017_19-58-28
Full attention-256,attack,9051,9080,30,1,25,0.8333333333333334,test_1,Mouse162_20161017_19-58-28
Full attention-256,investigation,9100,9187,88,1,84,0.9545454545454546,test_1,Mouse162_20161017_19-58-28
Full attention-256,investigation,9259,9481,223,1,213,0.9551569506726457,test_1,Mouse162_20161017_19-58-28
Full attention-256,investigation,9564,9678,115,1,96,0.8347826086956521,test_1,Mouse162_20161017_19-58-28
Full attention-256,investigation,9870,9958,89,1,48,0.5393258426966292,test_1,Mouse162_20161017_19-58-28
Full attention-256,investigation,10088,10211,124,1,120,0.967741935483871,test_1,Mouse162_20161017_19-58-28
Full attention-256,investigation,10424,10761,338,1,330,0.9763313609467456,test_1,Mouse162_20161017_19-58-28
Full attention-256,investigation,10843,11212,370,2,325,0.8783783783783784,test_1,Mouse162_20161017_19-58-28
Full attention-256,investigation,11245,11323,79,1,64,0.810126582278481,test_1,Mouse162_20161017_19-58-28
Full attention-256,investigation,11556,11695,140,1,80,0.5714285714285714,test_1,Mouse162_20161017_19-58-28
Full attention-256,investigation,11899,11938,40,1,40,1.0,test_1,Mouse162_20161017_19-58-28
Full attention-256,investigation,11964,12631,668,1,640,0.9580838323353293,test_1,Mouse162_20161017_19-58-28
Full attention-256,investigation,12820,13340,521,1,521,1.0,test_1,Mouse162_20161017_19-58-28
Full attention-256,investigation,13495,13917,423,3,311,0.735224586288416,test_1,Mouse162_20161017_19-58-28
Full attention-256,investigation,14129,14134,6,0,0,0.0,test_1,Mouse162_20161017_19-58-28
Full attention-256,investigation,14217,14244,28,0,0,0.0,test_1,Mouse162_20161017_19-58-28
Full attention-256,investigation,14609,14700,92,1,31,0.33695652173913043,test_1,Mouse162_20161017_19-58-28
Full attention-256,investigation,15090,15210,121,1,110,0.9090909090909091,test_1,Mouse162_20161017_19-58-28
Full attention-256,investigation,15270,15368,99,1,99,1.0,test_1,Mouse162_20161017_19-58-28
Full attention-256,attack,15370,15373,4,0,0,0.0,test_1,Mouse162_20161017_19-58-28
Full attention-256,investigation,15375,15464,90,1,65,0.7222222222222222,test_1,Mouse162_20161017_19-58-28
Full attention-256,investigation,15493,15531,39,1,39,1.0,test_1,Mouse162_20161017_19-58-28
Full attention-256,investigation,15560,15573,14,0,0,0.0,test_1,Mouse162_20161017_19-58-28
Full attention-256,investigation,15683,15731,49,1,49,1.0,test_1,Mouse162_20161017_19-58-28
Full attention-256,investigation,15774,15833,60,1,60,1.0,test_1,Mouse162_20161017_19-58-28
Full attention-256,investigation,15940,16113,174,1,156,0.896551724137931,test_1,Mouse162_20161017_19-58-28
Full attention-256,investigation,16331,16339,9,0,0,0.0,test_1,Mouse162_20161017_19-58-28
Full attention-256,investigation,16726,16788,63,1,53,0.8412698412698413,test_1,Mouse162_20161017_19-58-28
Full attention-256,attack,16790,16804,15,0,0,0.0,test_1,Mouse162_20161017_19-58-28
Full attention-256,investigation,16806,16934,129,1,122,0.9457364341085271,test_1,Mouse162_20161017_19-58-28
Full attention-256,investigation,16979,17040,62,1,61,0.9838709677419355,test_1,Mouse162_20161017_19-58-28
Full attention-256,investigation,17340,17405,66,1,62,0.9393939393939394,test_1,Mouse162_20161017_19-58-28
Full attention-256,investigation,17694,17806,113,1,80,0.7079646017699115,test_1,Mouse162_20161017_19-58-28
Full LSTM-256,investigation,5,43,39,1,27,0.6923076923076923,test_1,Mouse162_20161017_19-58-28
Full LSTM-256,investigation,126,183,58,1,48,0.8275862068965517,test_1,Mouse162_20161017_19-58-28
Full LSTM-256,investigation,463,681,219,1,128,0.5844748858447488,test_1,Mouse162_20161017_19-58-28
Full LSTM-256,investigation,752,810,59,1,48,0.8135593220338984,test_1,Mouse162_20161017_19-58-28
Full LSTM-256,investigation,1158,1384,227,1,138,0.6079295154185022,test_1,Mouse162_20161017_19-58-28
Full LSTM-256,investigation,1441,1479,39,1,39,1.0,test_1,Mouse162_20161017_19-58-28
Full LSTM-256,attack,1481,1537,57,1,18,0.3157894736842105,test_1,Mouse162_20161017_19-58-28
Full LSTM-256,investigation,1539,1559,21,0,0,0.0,test_1,Mouse162_20161017_19-58-28
Full LSTM-256,attack,1561,1603,43,1,39,0.9069767441860465,test_1,Mouse162_20161017_19-58-28
Full LSTM-256,investigation,1620,1683,64,1,48,0.75,test_1,Mouse162_20161017_19-58-28
Full LSTM-256,attack,1685,1861,177,1,107,0.6045197740112994,test_1,Mouse162_20161017_19-58-28
Full LSTM-256,investigation,1863,1988,126,2,25,0.1984126984126984,test_1,Mouse162_20161017_19-58-28
Full LSTM-256,attack,1990,2024,35,1,26,0.7428571428571429,test_1,Mouse162_20161017_19-58-28
Full LSTM-256,attack,2084,2155,72,1,12,0.16666666666666666,test_1,Mouse162_20161017_19-58-28
Full LSTM-256,investigation,2176,2242,67,1,48,0.7164179104477612,test_1,Mouse162_20161017_19-58-28
Full LSTM-256,investigation,2332,2444,113,1,77,0.6814159292035398,test_1,Mouse162_20161017_19-58-28
Full LSTM-256,attack,2446,2458,13,1,11,0.8461538461538461,test_1,Mouse162_20161017_19-58-28
Full LSTM-256,investigation,2460,2476,17,0,0,0.0,test_1,Mouse162_20161017_19-58-28
Full LSTM-256,attack,2478,2495,18,1,18,1.0,test_1,Mouse162_20161017_19-58-28
Full LSTM-256,investigation,3015,3023,9,0,0,0.0,test_1,Mouse162_20161017_19-58-28
Full LSTM-256,investigation,3349,3433,85,1,75,0.8823529411764706,test_1,Mouse162_20161017_19-58-28
Full LSTM-256,investigation,3555,3782,228,1,228,1.0,test_1,Mouse162_20161017_19-58-28
Full LSTM-256,attack,3784,3857,74,1,48,0.6486486486486487,test_1,Mouse162_20161017_19-58-28
Full LSTM-256,investigation,3859,4042,184,1,173,0.9402173913043478,test_1,Mouse162_20161017_19-58-28
Full LSTM-256,investigation,4402,4459,58,0,0,0.0,test_1,Mouse162_20161017_19-58-28
Full LSTM-256,investigation,4572,4749,178,1,126,0.7078651685393258,test_1,Mouse162_20161017_19-58-28
Full LSTM-256,investigation,4822,5064,243,1,234,0.9629629629629629,test_1,Mouse162_20161017_19-58-28
Full LSTM-256,investigation,5143,5265,123,1,121,0.983739837398374,test_1,Mouse162_20161017_19-58-28
Full LSTM-256,attack,5267,5313,47,1,45,0.9574468085106383,test_1,Mouse162_20161017_19-58-28
Full LSTM-256,investigation,5321,5364,44,1,23,0.5227272727272727,test_1,Mouse162_20161017_19-58-28
Full LSTM-256,investigation,5673,5720,48,1,41,0.8541666666666666,test_1,Mouse162_20161017_19-58-28
Full LSTM-256,attack,5722,5756,35,0,0,0.0,test_1,Mouse162_20161017_19-58-28
Full LSTM-256,investigation,5758,6208,451,1,450,0.9977827050997783,test_1,Mouse162_20161017_19-58-28
Full LSTM-256,investigation,6359,6543,185,2,121,0.654054054054054,test_1,Mouse162_20161017_19-58-28
Full LSTM-256,attack,6545,6563,19,0,0,0.0,test_1,Mouse162_20161017_19-58-28
Full LSTM-256,investigation,6579,6789,211,1,211,1.0,test_1,Mouse162_20161017_19-58-28
Full LSTM-256,attack,6791,6821,31,0,0,0.0,test_1,Mouse162_20161017_19-58-28
Full LSTM-256,investigation,6838,7074,237,1,192,0.810126582278481,test_1,Mouse162_20161017_19-58-28
Full LSTM-256,investigation,7181,7252,72,1,67,0.9305555555555556,test_1,Mouse162_20161017_19-58-28
Full LSTM-256,investigation,7307,7394,88,1,48,0.5454545454545454,test_1,Mouse162_20161017_19-58-28
Full LSTM-256,investigation,7448,7540,93,1,80,0.8602150537634409,test_1,Mouse162_20161017_19-58-28
Full LSTM-256,investigation,7679,7810,132,1,112,0.8484848484848485,test_1,Mouse162_20161017_19-58-28
Full LSTM-256,investigation,7974,8082,109,2,80,0.7339449541284404,test_1,Mouse162_20161017_19-58-28
Full LSTM-256,investigation,8132,8143,12,0,0,0.0,test_1,Mouse162_20161017_19-58-28
Full LSTM-256,investigation,8726,8761,36,1,26,0.7222222222222222,test_1,Mouse162_20161017_19-58-28
Full LSTM-256,investigation,8859,8882,24,1,21,0.875,test_1,Mouse162_20161017_19-58-28
Full LSTM-256,investigation,8973,9049,77,1,77,1.0,test_1,Mouse162_20161017_19-58-28
Full LSTM-256,attack,9051,9080,30,1,25,0.8333333333333334,test_1,Mouse162_20161017_19-58-28
Full LSTM-256,investigation,9100,9187,88,1,84,0.9545454545454546,test_1,Mouse162_20161017_19-58-28
Full LSTM-256,investigation,9259,9481,223,1,213,0.9551569506726457,test_1,Mouse162_20161017_19-58-28
Full LSTM-256,investigation,9564,9678,115,1,96,0.8347826086956521,test_1,Mouse162_20161017_19-58-28
Full LSTM-256,investigation,9870,9958,89,1,64,0.7191011235955056,test_1,Mouse162_20161017_19-58-28
Full LSTM-256,investigation,10088,10211,124,1,120,0.967741935483871,test_1,Mouse162_20161017_19-58-28
Full LSTM-256,investigation,10424,10761,338,1,330,0.9763313609467456,test_1,Mouse162_20161017_19-58-28
Full LSTM-256,investigation,10843,11212,370,1,370,1.0,test_1,Mouse162_20161017_19-58-28
Full LSTM-256,investigation,11245,11323,79,1,67,0.8481012658227848,test_1,Mouse162_20161017_19-58-28
Full LSTM-256,investigation,11556,11695,140,1,80,0.5714285714285714,test_1,Mouse162_20161017_19-58-28
Full LSTM-256,investigation,11899,11938,40,1,40,1.0,test_1,Mouse162_20161017_19-58-28
Full LSTM-256,investigation,11964,12631,668,1,668,1.0,test_1,Mouse162_20161017_19-58-28
Full LSTM-256,investigation,12820,13340,521,1,521,1.0,test_1,Mouse162_20161017_19-58-28
Full LSTM-256,investigation,13495,13917,423,3,327,0.7730496453900709,test_1,Mouse162_20161017_19-58-28
Full LSTM-256,investigation,14129,14134,6,0,0,0.0,test_1,Mouse162_20161017_19-58-28
Full LSTM-256,investigation,14217,14244,28,0,0,0.0,test_1,Mouse162_20161017_19-58-28
Full LSTM-256,investigation,14609,14700,92,1,15,0.16304347826086957,test_1,Mouse162_20161017_19-58-28
Full LSTM-256,investigation,15090,15210,121,1,110,0.9090909090909091,test_1,Mouse162_20161017_19-58-28
Full LSTM-256,investigation,15270,15368,99,1,99,1.0,test_1,Mouse162_20161017_19-58-28
Full LSTM-256,attack,15370,15373,4,0,0,0.0,test_1,Mouse162_20161017_19-58-28
Full LSTM-256,investigation,15375,15464,90,1,81,0.9,test_1,Mouse162_20161017_19-58-28
Full LSTM-256,investigation,15493,15531,39,1,27,0.6923076923076923,test_1,Mouse162_20161017_19-58-28
Full LSTM-256,investigation,15560,15573,14,1,8,0.5714285714285714,test_1,Mouse162_20161017_19-58-28
Full LSTM-256,investigation,15683,15731,49,1,45,0.9183673469387755,test_1,Mouse162_20161017_19-58-28
Full LSTM-256,investigation,15774,15833,60,1,60,1.0,test_1,Mouse162_20161017_19-58-28
Full LSTM-256,investigation,15940,16113,174,1,156,0.896551724137931,test_1,Mouse162_20161017_19-58-28
Full LSTM-256,investigation,16331,16339,9,0,0,0.0,test_1,Mouse162_20161017_19-58-28
Full LSTM-256,investigation,16726,16788,63,1,53,0.8412698412698413,test_1,Mouse162_20161017_19-58-28
Full LSTM-256,attack,16790,16804,15,0,0,0.0,test_1,Mouse162_20161017_19-58-28
Full LSTM-256,investigation,16806,16934,129,1,122,0.9457364341085271,test_1,Mouse162_20161017_19-58-28
Full LSTM-256,investigation,16979,17040,62,1,45,0.7258064516129032,test_1,Mouse162_20161017_19-58-28
Full LSTM-256,investigation,17340,17405,66,1,62,0.9393939393939394,test_1,Mouse162_20161017_19-58-28
Full LSTM-256,investigation,17694,17806,113,1,82,0.7256637168141593,test_1,Mouse162_20161017_19-58-28
Full attention-256,investigation,5,78,74,1,74,1.0,test_1,Mouse163_20161018_18-22-45
Full attention-256,investigation,102,857,756,1,756,1.0,test_1,Mouse163_20161018_18-22-45
Full attention-256,investigation,878,883,6,1,6,1.0,test_1,Mouse163_20161018_18-22-45
Full attention-256,investigation,960,1333,374,1,374,1.0,test_1,Mouse163_20161018_18-22-45
Full attention-256,investigation,1420,1528,109,1,105,0.963302752293578,test_1,Mouse163_20161018_18-22-45
Full attention-256,mount,1530,1618,89,1,80,0.898876404494382,test_1,Mouse163_20161018_18-22-45
Full attention-256,investigation,1620,1640,21,1,21,1.0,test_1,Mouse163_20161018_18-22-45
Full attention-256,investigation,1714,2189,476,2,428,0.8991596638655462,test_1,Mouse163_20161018_18-22-45
Full attention-256,mount,2191,2218,28,1,27,0.9642857142857143,test_1,Mouse163_20161018_18-22-45
Full attention-256,investigation,2220,2250,31,1,27,0.8709677419354839,test_1,Mouse163_20161018_18-22-45
Full attention-256,investigation,2286,2319,34,1,34,1.0,test_1,Mouse163_20161018_18-22-45
Full attention-256,mount,2321,2352,32,1,31,0.96875,test_1,Mouse163_20161018_18-22-45
Full attention-256,investigation,2354,2380,27,1,14,0.5185185185185185,test_1,Mouse163_20161018_18-22-45
Full attention-256,mount,2382,2416,35,1,34,0.9714285714285714,test_1,Mouse163_20161018_18-22-45
Full attention-256,investigation,2418,2462,45,1,45,1.0,test_1,Mouse163_20161018_18-22-45
Full attention-256,mount,2464,2508,45,1,16,0.35555555555555557,test_1,Mouse163_20161018_18-22-45
Full attention-256,investigation,2510,2545,36,1,36,1.0,test_1,Mouse163_20161018_18-22-45
Full attention-256,investigation,2573,2588,16,1,16,1.0,test_1,Mouse163_20161018_18-22-45
Full attention-256,investigation,2748,2862,115,1,96,0.8347826086956521,test_1,Mouse163_20161018_18-22-45
Full attention-256,mount,2864,2899,36,1,36,1.0,test_1,Mouse163_20161018_18-22-45
Full attention-256,investigation,2901,2910,10,0,0,0.0,test_1,Mouse163_20161018_18-22-45
Full attention-256,investigation,2963,2984,22,1,22,1.0,test_1,Mouse163_20161018_18-22-45
Full attention-256,mount,2986,3058,73,1,67,0.9178082191780822,test_1,Mouse163_20161018_18-22-45
Full attention-256,investigation,3060,3083,24,1,12,0.5,test_1,Mouse163_20161018_18-22-45
Full attention-256,investigation,3165,3192,28,1,25,0.8928571428571429,test_1,Mouse163_20161018_18-22-45
Full attention-256,mount,3194,3268,75,1,69,0.92,test_1,Mouse163_20161018_18-22-45
Full attention-256,investigation,3326,3351,26,1,26,1.0,test_1,Mouse163_20161018_18-22-45
Full attention-256,mount,3353,3407,55,1,16,0.2909090909090909,test_1,Mouse163_20161018_18-22-45
Full attention-256,investigation,3409,3442,34,1,15,0.4411764705882353,test_1,Mouse163_20161018_18-22-45
Full attention-256,investigation,3541,3601,61,1,61,1.0,test_1,Mouse163_20161018_18-22-45
Full attention-256,mount,3603,3615,13,0,0,0.0,test_1,Mouse163_20161018_18-22-45
Full attention-256,investigation,3617,3646,30,1,30,1.0,test_1,Mouse163_20161018_18-22-45
Full attention-256,mount,3648,3686,39,1,32,0.8205128205128205,test_1,Mouse163_20161018_18-22-45
Full attention-256,investigation,3688,3689,2,1,2,1.0,test_1,Mouse163_20161018_18-22-45
Full attention-256,investigation,4129,4158,30,1,30,1.0,test_1,Mouse163_20161018_18-22-45
Full attention-256,mount,4160,4170,11,0,0,0.0,test_1,Mouse163_20161018_18-22-45
Full attention-256,investigation,4172,4319,148,1,148,1.0,test_1,Mouse163_20161018_18-22-45
Full attention-256,investigation,5021,5056,36,1,32,0.8888888888888888,test_1,Mouse163_20161018_18-22-45
Full attention-256,mount,5058,5108,51,1,46,0.9019607843137255,test_1,Mouse163_20161018_18-22-45
Full attention-256,investigation,5110,5111,2,0,0,0.0,test_1,Mouse163_20161018_18-22-45
Full attention-256,investigation,5191,5206,16,1,9,0.5625,test_1,Mouse163_20161018_18-22-45
Full attention-256,mount,5208,5278,71,1,71,1.0,test_1,Mouse163_20161018_18-22-45
Full attention-256,investigation,5280,5301,22,1,22,1.0,test_1,Mouse163_20161018_18-22-45
Full attention-256,investigation,5351,5373,23,1,9,0.391304347826087,test_1,Mouse163_20161018_18-22-45
Full attention-256,mount,5375,5435,61,1,61,1.0,test_1,Mouse163_20161018_18-22-45
Full attention-256,investigation,5437,5461,25,1,22,0.88,test_1,Mouse163_20161018_18-22-45
Full attention-256,investigation,5583,5609,27,1,26,0.9629629629629629,test_1,Mouse163_20161018_18-22-45
Full attention-256,mount,5611,5629,19,0,0,0.0,test_1,Mouse163_20161018_18-22-45
Full attention-256,investigation,5631,5633,3,1,1,0.3333333333333333,test_1,Mouse163_20161018_18-22-45
Full attention-256,investigation,6134,6176,43,1,42,0.9767441860465116,test_1,Mouse163_20161018_18-22-45
Full attention-256,mount,6178,6213,36,1,36,1.0,test_1,Mouse163_20161018_18-22-45
Full attention-256,investigation,6330,6343,14,0,0,0.0,test_1,Mouse163_20161018_18-22-45
Full LSTM-256,investigation,5,78,74,1,74,1.0,test_1,Mouse163_20161018_18-22-45
Full LSTM-256,investigation,102,857,756,1,756,1.0,test_1,Mouse163_20161018_18-22-45
Full LSTM-256,investigation,878,883,6,1,6,1.0,test_1,Mouse163_20161018_18-22-45
Full LSTM-256,investigation,960,1333,374,1,374,1.0,test_1,Mouse163_20161018_18-22-45
Full LSTM-256,investigation,1420,1528,109,1,105,0.963302752293578,test_1,Mouse163_20161018_18-22-45
Full LSTM-256,mount,1530,1618,89,1,80,0.898876404494382,test_1,Mouse163_20161018_18-22-45
Full LSTM-256,investigation,1620,1640,21,1,21,1.0,test_1,Mouse163_20161018_18-22-45
Full LSTM-256,investigation,1714,2189,476,2,428,0.8991596638655462,test_1,Mouse163_20161018_18-22-45
Full LSTM-256,mount,2191,2218,28,1,27,0.9642857142857143,test_1,Mouse163_20161018_18-22-45
Full LSTM-256,investigation,2220,2250,31,1,27,0.8709677419354839,test_1,Mouse163_20161018_18-22-45
Full LSTM-256,investigation,2286,2319,34,1,34,1.0,test_1,Mouse163_20161018_18-22-45
Full LSTM-256,mount,2321,2352,32,1,31,0.96875,test_1,Mouse163_20161018_18-22-45
Full LSTM-256,investigation,2354,2380,27,1,27,1.0,test_1,Mouse163_20161018_18-22-45
Full LSTM-256,mount,2382,2416,35,1,16,0.45714285714285713,test_1,Mouse163_20161018_18-22-45
Full LSTM-256,investigation,2418,2462,45,1,45,1.0,test_1,Mouse163_20161018_18-22-45
Full LSTM-256,mount,2464,2508,45,0,0,0.0,test_1,Mouse163_20161018_18-22-45
Full LSTM-256,investigation,2510,2545,36,1,36,1.0,test_1,Mouse163_20161018_18-22-45
Full LSTM-256,investigation,2573,2588,16,1,16,1.0,test_1,Mouse163_20161018_18-22-45
Full LSTM-256,investigation,2748,2862,115,1,111,0.9652173913043478,test_1,Mouse163_20161018_18-22-45
Full LSTM-256,mount,2864,2899,36,1,36,1.0,test_1,Mouse163_20161018_18-22-45
Full LSTM-256,investigation,2901,2910,10,0,0,0.0,test_1,Mouse163_20161018_18-22-45
Full LSTM-256,investigation,2963,2984,22,1,22,1.0,test_1,Mouse163_20161018_18-22-45
Full LSTM-256,mount,2986,3058,73,1,67,0.9178082191780822,test_1,Mouse163_20161018_18-22-45
Full LSTM-256,investigation,3060,3083,24,0,0,0.0,test_1,Mouse163_20161018_18-22-45
Full LSTM-256,investigation,3165,3192,28,1,25,0.8928571428571429,test_1,Mouse163_20161018_18-22-45
Full LSTM-256,mount,3194,3268,75,1,69,0.92,test_1,Mouse163_20161018_18-22-45
Full LSTM-256,investigation,3326,3351,26,1,26,1.0,test_1,Mouse163_20161018_18-22-45
Full LSTM-256,mount,3353,3407,55,0,0,0.0,test_1,Mouse163_20161018_18-22-45
Full LSTM-256,investigation,3409,3442,34,1,15,0.4411764705882353,test_1,Mouse163_20161018_18-22-45
Full LSTM-256,investigation,3541,3601,61,1,61,1.0,test_1,Mouse163_20161018_18-22-45
Full LSTM-256,mount,3603,3615,13,0,0,0.0,test_1,Mouse163_20161018_18-22-45
Full LSTM-256,investigation,3617,3646,30,1,30,1.0,test_1,Mouse163_20161018_18-22-45
Full LSTM-256,mount,3648,3686,39,1,32,0.8205128205128205,test_1,Mouse163_20161018_18-22-45
Full LSTM-256,investigation,3688,3689,2,1,2,1.0,test_1,Mouse163_20161018_18-22-45
Full LSTM-256,investigation,4129,4158,30,1,30,1.0,test_1,Mouse163_20161018_18-22-45
Full LSTM-256,mount,4160,4170,11,0,0,0.0,test_1,Mouse163_20161018_18-22-45
Full LSTM-256,investigation,4172,4319,148,1,148,1.0,test_1,Mouse163_20161018_18-22-45
Full LSTM-256,investigation,5021,5056,36,1,16,0.4444444444444444,test_1,Mouse163_20161018_18-22-45
Full LSTM-256,mount,5058,5108,51,1,46,0.9019607843137255,test_1,Mouse163_20161018_18-22-45
Full LSTM-256,investigation,5110,5111,2,0,0,0.0,test_1,Mouse163_20161018_18-22-45
Full LSTM-256,investigation,5191,5206,16,1,9,0.5625,test_1,Mouse163_20161018_18-22-45
Full LSTM-256,mount,5208,5278,71,1,71,1.0,test_1,Mouse163_20161018_18-22-45
Full LSTM-256,investigation,5280,5301,22,1,22,1.0,test_1,Mouse163_20161018_18-22-45
Full LSTM-256,investigation,5351,5373,23,1,9,0.391304347826087,test_1,Mouse163_20161018_18-22-45
Full LSTM-256,mount,5375,5435,61,1,49,0.8032786885245902,test_1,Mouse163_20161018_18-22-45
Full LSTM-256,investigation,5437,5461,25,1,25,1.0,test_1,Mouse163_20161018_18-22-45
Full LSTM-256,investigation,5583,5609,27,1,26,0.9629629629629629,test_1,Mouse163_20161018_18-22-45
Full LSTM-256,mount,5611,5629,19,1,14,0.7368421052631579,test_1,Mouse163_20161018_18-22-45
Full LSTM-256,investigation,5631,5633,3,0,0,0.0,test_1,Mouse163_20161018_18-22-45
Full LSTM-256,investigation,6134,6176,43,1,42,0.9767441860465116,test_1,Mouse163_20161018_18-22-45
Full LSTM-256,mount,6178,6213,36,1,30,0.8333333333333334,test_1,Mouse163_20161018_18-22-45
Full LSTM-256,investigation,6330,6343,14,0,0,0.0,test_1,Mouse163_20161018_18-22-45
Full attention-256,investigation,2,25,24,1,24,1.0,test_2,Mouse155_20151124_20-48-31
Full attention-256,investigation,493,554,62,1,62,1.0,test_2,Mouse155_20151124_20-48-31
Full attention-256,attack,556,753,198,1,178,0.898989898989899,test_2,Mouse155_20151124_20-48-31
Full attention-256,investigation,1716,1732,17,1,17,1.0,test_2,Mouse155_20151124_20-48-31
Full attention-256,investigation,2597,2608,12,1,12,1.0,test_2,Mouse155_20151124_20-48-31
Full attention-256,investigation,2622,2624,3,1,2,0.6666666666666666,test_2,Mouse155_20151124_20-48-31
Full attention-256,investigation,2665,2674,10,1,10,1.0,test_2,Mouse155_20151124_20-48-31
Full attention-256,investigation,2682,2714,33,1,33,1.0,test_2,Mouse155_20151124_20-48-31
Full attention-256,attack,2716,2850,135,1,131,0.9703703703703703,test_2,Mouse155_20151124_20-48-31
Full attention-256,attack,2861,2941,81,1,81,1.0,test_2,Mouse155_20151124_20-48-31
Full attention-256,investigation,4137,4279,143,1,143,1.0,test_2,Mouse155_20151124_20-48-31
Full attention-256,attack,4281,4450,170,1,131,0.7705882352941177,test_2,Mouse155_20151124_20-48-31
Full attention-256,investigation,5563,5569,7,0,0,0.0,test_2,Mouse155_20151124_20-48-31
Full attention-256,investigation,6258,6265,8,0,0,0.0,test_2,Mouse155_20151124_20-48-31
Full attention-256,investigation,6843,6844,2,1,2,1.0,test_2,Mouse155_20151124_20-48-31
Full attention-256,investigation,7099,7169,71,1,64,0.9014084507042254,test_2,Mouse155_20151124_20-48-31
Full attention-256,investigation,7969,7973,5,0,0,0.0,test_2,Mouse155_20151124_20-48-31
Full attention-256,investigation,8028,8035,8,0,0,0.0,test_2,Mouse155_20151124_20-48-31
Full attention-256,investigation,8138,8144,7,0,0,0.0,test_2,Mouse155_20151124_20-48-31
Full attention-256,investigation,8353,8645,293,1,293,1.0,test_2,Mouse155_20151124_20-48-31
Full attention-256,investigation,9136,9137,2,0,0,0.0,test_2,Mouse155_20151124_20-48-31
Full attention-256,investigation,9422,9426,5,0,0,0.0,test_2,Mouse155_20151124_20-48-31
Full attention-256,investigation,9450,9471,22,1,22,1.0,test_2,Mouse155_20151124_20-48-31
Full attention-256,investigation,9738,9743,6,0,0,0.0,test_2,Mouse155_20151124_20-48-31
Full attention-256,investigation,9930,9932,3,0,0,0.0,test_2,Mouse155_20151124_20-48-31
Full LSTM-256,investigation,2,25,24,1,24,1.0,test_2,Mouse155_20151124_20-48-31
Full LSTM-256,investigation,493,554,62,1,62,1.0,test_2,Mouse155_20151124_20-48-31
Full LSTM-256,attack,556,753,198,1,178,0.898989898989899,test_2,Mouse155_20151124_20-48-31
Full LSTM-256,investigation,1716,1732,17,1,17,1.0,test_2,Mouse155_20151124_20-48-31
Full LSTM-256,investigation,2597,2608,12,1,12,1.0,test_2,Mouse155_20151124_20-48-31
Full LSTM-256,investigation,2622,2624,3,1,2,0.6666666666666666,test_2,Mouse155_20151124_20-48-31
Full LSTM-256,investigation,2665,2674,10,1,3,0.3,test_2,Mouse155_20151124_20-48-31
Full LSTM-256,investigation,2682,2714,33,1,22,0.6666666666666666,test_2,Mouse155_20151124_20-48-31
Full LSTM-256,attack,2716,2850,135,1,135,1.0,test_2,Mouse155_20151124_20-48-31
Full LSTM-256,attack,2861,2941,81,1,81,1.0,test_2,Mouse155_20151124_20-48-31
Full LSTM-256,investigation,4137,4279,143,1,143,1.0,test_2,Mouse155_20151124_20-48-31
Full LSTM-256,attack,4281,4450,170,1,128,0.7529411764705882,test_2,Mouse155_20151124_20-48-31
Full LSTM-256,investigation,5563,5569,7,0,0,0.0,test_2,Mouse155_20151124_20-48-31
Full LSTM-256,investigation,6258,6265,8,0,0,0.0,test_2,Mouse155_20151124_20-48-31
Full LSTM-256,investigation,6843,6844,2,0,0,0.0,test_2,Mouse155_20151124_20-48-31
Full LSTM-256,investigation,7099,7169,71,1,48,0.676056338028169,test_2,Mouse155_20151124_20-48-31
Full LSTM-256,investigation,7969,7973,5,0,0,0.0,test_2,Mouse155_20151124_20-48-31
Full LSTM-256,investigation,8028,8035,8,0,0,0.0,test_2,Mouse155_20151124_20-48-31
Full LSTM-256,investigation,8138,8144,7,0,0,0.0,test_2,Mouse155_20151124_20-48-31
Full LSTM-256,investigation,8353,8645,293,1,293,1.0,test_2,Mouse155_20151124_20-48-31
Full LSTM-256,investigation,9136,9137,2,0,0,0.0,test_2,Mouse155_20151124_20-48-31
Full LSTM-256,investigation,9422,9426,5,1,3,0.6,test_2,Mouse155_20151124_20-48-31
Full LSTM-256,investigation,9450,9471,22,1,22,1.0,test_2,Mouse155_20151124_20-48-31
Full LSTM-256,investigation,9738,9743,6,0,0,0.0,test_2,Mouse155_20151124_20-48-31
Full LSTM-256,investigation,9930,9932,3,0,0,0.0,test_2,Mouse155_20151124_20-48-31
Full attention-256,attack,5,28,24,1,24,1.0,test_2,Mouse155_20151124_20-56-05
Full attention-256,investigation,30,50,21,0,0,0.0,test_2,Mouse155_20151124_20-56-05
Full attention-256,attack,52,85,34,1,34,1.0,test_2,Mouse155_20151124_20-56-05
Full attention-256,investigation,88,95,8,0,0,0.0,test_2,Mouse155_20151124_20-56-05
Full attention-256,attack,97,155,59,1,59,1.0,test_2,Mouse155_20151124_20-56-05
Full attention-256,investigation,548,675,128,1,124,0.96875,test_2,Mouse155_20151124_20-56-05
Full attention-256,investigation,913,915,3,1,3,1.0,test_2,Mouse155_20151124_20-56-05
Full attention-256,investigation,928,963,36,0,0,0.0,test_2,Mouse155_20151124_20-56-05
Full attention-256,attack,965,1044,80,1,80,1.0,test_2,Mouse155_20151124_20-56-05
Full attention-256,investigation,1046,1062,17,0,0,0.0,test_2,Mouse155_20151124_20-56-05
Full attention-256,attack,1064,1078,15,1,8,0.5333333333333333,test_2,Mouse155_20151124_20-56-05
Full attention-256,investigation,1080,1102,23,1,8,0.34782608695652173,test_2,Mouse155_20151124_20-56-05
Full attention-256,investigation,1209,1211,3,0,0,0.0,test_2,Mouse155_20151124_20-56-05
Full attention-256,investigation,1451,1530,80,1,21,0.2625,test_2,Mouse155_20151124_20-56-05
Full attention-256,attack,1532,1605,74,1,74,1.0,test_2,Mouse155_20151124_20-56-05
Full attention-256,investigation,1606,1692,87,1,64,0.735632183908046,test_2,Mouse155_20151124_20-56-05
Full attention-256,attack,1693,1754,62,1,62,1.0,test_2,Mouse155_20151124_20-56-05
Full attention-256,investigation,1755,1786,32,0,0,0.0,test_2,Mouse155_20151124_20-56-05
Full attention-256,attack,1787,1811,25,1,25,1.0,test_2,Mouse155_20151124_20-56-05
Full attention-256,investigation,1853,1873,21,1,19,0.9047619047619048,test_2,Mouse155_20151124_20-56-05
Full attention-256,investigation,1916,1929,14,0,0,0.0,test_2,Mouse155_20151124_20-56-05
Full attention-256,investigation,2125,2130,6,1,6,1.0,test_2,Mouse155_20151124_20-56-05
Full attention-256,investigation,2145,2149,5,1,5,1.0,test_2,Mouse155_20151124_20-56-05
Full attention-256,investigation,2414,2431,18,1,18,1.0,test_2,Mouse155_20151124_20-56-05
Full attention-256,investigation,2556,2564,9,0,0,0.0,test_2,Mouse155_20151124_20-56-05
Full attention-256,investigation,3068,3098,31,1,20,0.6451612903225806,test_2,Mouse155_20151124_20-56-05
Full attention-256,investigation,3116,3194,79,1,64,0.810126582278481,test_2,Mouse155_20151124_20-56-05
Full attention-256,attack,3195,3300,106,1,106,1.0,test_2,Mouse155_20151124_20-56-05
Full attention-256,investigation,3461,3464,4,0,0,0.0,test_2,Mouse155_20151124_20-56-05
Full attention-256,investigation,3766,3771,6,0,0,0.0,test_2,Mouse155_20151124_20-56-05
Full attention-256,investigation,3954,3958,5,0,0,0.0,test_2,Mouse155_20151124_20-56-05
Full attention-256,investigation,4296,4350,55,1,55,1.0,test_2,Mouse155_20151124_20-56-05
Full attention-256,attack,4352,4399,48,1,48,1.0,test_2,Mouse155_20151124_20-56-05
Full attention-256,investigation,4407,4414,8,0,0,0.0,test_2,Mouse155_20151124_20-56-05
Full attention-256,investigation,4512,4519,8,0,0,0.0,test_2,Mouse155_20151124_20-56-05
Full attention-256,investigation,4704,4724,21,1,21,1.0,test_2,Mouse155_20151124_20-56-05
Full attention-256,investigation,4743,4749,7,0,0,0.0,test_2,Mouse155_20151124_20-56-05
Full attention-256,attack,4751,4755,5,1,5,1.0,test_2,Mouse155_20151124_20-56-05
Full attention-256,investigation,4775,4798,24,1,24,1.0,test_2,Mouse155_20151124_20-56-05
Full attention-256,investigation,5105,5116,12,1,12,1.0,test_2,Mouse155_20151124_20-56-05
Full attention-256,investigation,5165,5191,27,0,0,0.0,test_2,Mouse155_20151124_20-56-05
Full attention-256,attack,5193,5270,78,1,78,1.0,test_2,Mouse155_20151124_20-56-05
Full attention-256,investigation,6403,6408,6,0,0,0.0,test_2,Mouse155_20151124_20-56-05
Full attention-256,investigation,6592,6598,7,0,0,0.0,test_2,Mouse155_20151124_20-56-05
Full attention-256,investigation,7135,7142,8,1,7,0.875,test_2,Mouse155_20151124_20-56-05
Full attention-256,investigation,7150,7176,27,1,18,0.6666666666666666,test_2,Mouse155_20151124_20-56-05
Full attention-256,investigation,7307,7327,21,1,16,0.7619047619047619,test_2,Mouse155_20151124_20-56-05
Full attention-256,investigation,7348,7365,18,1,12,0.6666666666666666,test_2,Mouse155_20151124_20-56-05
Full attention-256,investigation,7383,7396,14,0,0,0.0,test_2,Mouse155_20151124_20-56-05
Full attention-256,investigation,7401,7417,17,0,0,0.0,test_2,Mouse155_20151124_20-56-05
Full attention-256,attack,7420,7468,49,1,36,0.7346938775510204,test_2,Mouse155_20151124_20-56-05
Full attention-256,investigation,7470,7507,38,1,18,0.47368421052631576,test_2,Mouse155_20151124_20-56-05
Full attention-256,attack,7509,7618,110,1,110,1.0,test_2,Mouse155_20151124_20-56-05
Full attention-256,investigation,7667,7710,44,1,44,1.0,test_2,Mouse155_20151124_20-56-05
Full attention-256,investigation,7958,7962,5,0,0,0.0,test_2,Mouse155_20151124_20-56-05
Full attention-256,investigation,8151,8156,6,0,0,0.0,test_2,Mouse155_20151124_20-56-05
Full attention-256,investigation,8564,8574,11,1,11,1.0,test_2,Mouse155_20151124_20-56-05
Full attention-256,investigation,9656,9671,16,1,8,0.5,test_2,Mouse155_20151124_20-56-05
Full LSTM-256,attack,5,28,24,1,24,1.0,test_2,Mouse155_20151124_20-56-05
Full LSTM-256,investigation,30,50,21,0,0,0.0,test_2,Mouse155_20151124_20-56-05
Full LSTM-256,attack,52,85,34,1,34,1.0,test_2,Mouse155_20151124_20-56-05
Full LSTM-256,investigation,88,95,8,0,0,0.0,test_2,Mouse155_20151124_20-56-05
Full LSTM-256,attack,97,155,59,1,59,1.0,test_2,Mouse155_20151124_20-56-05
Full LSTM-256,investigation,548,675,128,1,124,0.96875,test_2,Mouse155_20151124_20-56-05
Full LSTM-256,investigation,913,915,3,1,3,1.0,test_2,Mouse155_20151124_20-56-05
Full LSTM-256,investigation,928,963,36,1,16,0.4444444444444444,test_2,Mouse155_20151124_20-56-05
Full LSTM-256,attack,965,1044,80,1,75,0.9375,test_2,Mouse155_20151124_20-56-05
Full LSTM-256,investigation,1046,1062,17,1,17,1.0,test_2,Mouse155_20151124_20-56-05
Full LSTM-256,attack,1064,1078,15,0,0,0.0,test_2,Mouse155_20151124_20-56-05
Full LSTM-256,investigation,1080,1102,23,1,23,1.0,test_2,Mouse155_20151124_20-56-05
Full LSTM-256,investigation,1209,1211,3,0,0,0.0,test_2,Mouse155_20151124_20-56-05
Full LSTM-256,investigation,1451,1530,80,1,21,0.2625,test_2,Mouse155_20151124_20-56-05
Full LSTM-256,attack,1532,1605,74,1,74,1.0,test_2,Mouse155_20151124_20-56-05
Full LSTM-256,investigation,1606,1692,87,1,64,0.735632183908046,test_2,Mouse155_20151124_20-56-05
Full LSTM-256,attack,1693,1754,62,1,62,1.0,test_2,Mouse155_20151124_20-56-05
Full LSTM-256,investigation,1755,1786,32,0,0,0.0,test_2,Mouse155_20151124_20-56-05
Full LSTM-256,attack,1787,1811,25,1,25,1.0,test_2,Mouse155_20151124_20-56-05
Full LSTM-256,investigation,1853,1873,21,1,19,0.9047619047619048,test_2,Mouse155_20151124_20-56-05
Full LSTM-256,investigation,1916,1929,14,0,0,0.0,test_2,Mouse155_20151124_20-56-05
Full LSTM-256,investigation,2125,2130,6,1,6,1.0,test_2,Mouse155_20151124_20-56-05
Full LSTM-256,investigation,2145,2149,5,0,0,0.0,test_2,Mouse155_20151124_20-56-05
Full LSTM-256,investigation,2414,2431,18,1,18,1.0,test_2,Mouse155_20151124_20-56-05
Full LSTM-256,investigation,2556,2564,9,0,0,0.0,test_2,Mouse155_20151124_20-56-05
Full LSTM-256,investigation,3068,3098,31,1,20,0.6451612903225806,test_2,Mouse155_20151124_20-56-05
Full LSTM-256,investigation,3116,3194,79,1,75,0.9493670886075949,test_2,Mouse155_20151124_20-56-05
Full LSTM-256,attack,3195,3300,106,2,69,0.6509433962264151,test_2,Mouse155_20151124_20-56-05
Full LSTM-256,investigation,3461,3464,4,0,0,0.0,test_2,Mouse155_20151124_20-56-05
Full LSTM-256,investigation,3766,3771,6,0,0,0.0,test_2,Mouse155_20151124_20-56-05
Full LSTM-256,investigation,3954,3958,5,0,0,0.0,test_2,Mouse155_20151124_20-56-05
Full LSTM-256,investigation,4296,4350,55,1,55,1.0,test_2,Mouse155_20151124_20-56-05
Full LSTM-256,attack,4352,4399,48,1,48,1.0,test_2,Mouse155_20151124_20-56-05
Full LSTM-256,investigation,4407,4414,8,0,0,0.0,test_2,Mouse155_20151124_20-56-05
Full LSTM-256,investigation,4512,4519,8,0,0,0.0,test_2,Mouse155_20151124_20-56-05
Full LSTM-256,investigation,4704,4724,21,1,21,1.0,test_2,Mouse155_20151124_20-56-05
Full LSTM-256,investigation,4743,4749,7,1,7,1.0,test_2,Mouse155_20151124_20-56-05
Full LSTM-256,attack,4751,4755,5,0,0,0.0,test_2,Mouse155_20151124_20-56-05
Full LSTM-256,investigation,4775,4798,24,1,24,1.0,test_2,Mouse155_20151124_20-56-05
Full LSTM-256,investigation,5105,5116,12,1,12,1.0,test_2,Mouse155_20151124_20-56-05
Full LSTM-256,investigation,5165,5191,27,0,0,0.0,test_2,Mouse155_20151124_20-56-05
Full LSTM-256,attack,5193,5270,78,1,71,0.9102564102564102,test_2,Mouse155_20151124_20-56-05
Full LSTM-256,investigation,6403,6408,6,0,0,0.0,test_2,Mouse155_20151124_20-56-05
Full LSTM-256,investigation,6592,6598,7,0,0,0.0,test_2,Mouse155_20151124_20-56-05
Full LSTM-256,investigation,7135,7142,8,1,7,0.875,test_2,Mouse155_20151124_20-56-05
Full LSTM-256,investigation,7150,7176,27,1,18,0.6666666666666666,test_2,Mouse155_20151124_20-56-05
Full LSTM-256,investigation,7307,7327,21,0,0,0.0,test_2,Mouse155_20151124_20-56-05
Full LSTM-256,investigation,7348,7365,18,1,12,0.6666666666666666,test_2,Mouse155_20151124_20-56-05
Full LSTM-256,investigation,7383,7396,14,0,0,0.0,test_2,Mouse155_20151124_20-56-05
Full LSTM-256,investigation,7401,7417,17,0,0,0.0,test_2,Mouse155_20151124_20-56-05
Full LSTM-256,attack,7420,7468,49,1,20,0.40816326530612246,test_2,Mouse155_20151124_20-56-05
Full LSTM-256,investigation,7470,7507,38,1,18,0.47368421052631576,test_2,Mouse155_20151124_20-56-05
Full LSTM-256,attack,7509,7618,110,1,107,0.9727272727272728,test_2,Mouse155_20151124_20-56-05
Full LSTM-256,investigation,7667,7710,44,1,29,0.6590909090909091,test_2,Mouse155_20151124_20-56-05
Full LSTM-256,investigation,7958,7962,5,0,0,0.0,test_2,Mouse155_20151124_20-56-05
Full LSTM-256,investigation,8151,8156,6,0,0,0.0,test_2,Mouse155_20151124_20-56-05
Full LSTM-256,investigation,8564,8574,11,1,11,1.0,test_2,Mouse155_20151124_20-56-05
Full LSTM-256,investigation,9656,9671,16,1,8,0.5,test_2,Mouse155_20151124_20-56-05
Full attention-256,investigation,18,90,73,1,73,1.0,test_2,Mouse155_20151124_21-11-28
Full attention-256,attack,92,153,62,1,48,0.7741935483870968,test_2,Mouse155_20151124_21-11-28
Full attention-256,investigation,155,170,16,1,5,0.3125,test_2,Mouse155_20151124_21-11-28
Full attention-256,attack,172,198,27,1,27,1.0,test_2,Mouse155_20151124_21-11-28
Full attention-256,investigation,200,360,161,2,137,0.8509316770186336,test_2,Mouse155_20151124_21-11-28
Full attention-256,investigation,559,638,80,1,80,1.0,test_2,Mouse155_20151124_21-11-28
Full attention-256,investigation,859,867,9,0,0,0.0,test_2,Mouse155_20151124_21-11-28
Full attention-256,investigation,993,998,6,0,0,0.0,test_2,Mouse155_20151124_21-11-28
Full attention-256,investigation,1185,1211,27,1,27,1.0,test_2,Mouse155_20151124_21-11-28
Full attention-256,attack,1213,1267,55,1,52,0.9454545454545454,test_2,Mouse155_20151124_21-11-28
Full attention-256,investigation,1268,1295,28,1,16,0.5714285714285714,test_2,Mouse155_20151124_21-11-28
Full attention-256,attack,1297,1407,111,2,80,0.7207207207207207,test_2,Mouse155_20151124_21-11-28
Full attention-256,investigation,1723,1782,60,1,37,0.6166666666666667,test_2,Mouse155_20151124_21-11-28
Full attention-256,attack,1785,1849,65,1,65,1.0,test_2,Mouse155_20151124_21-11-28
Full attention-256,investigation,1851,2011,161,1,128,0.7950310559006211,test_2,Mouse155_20151124_21-11-28
Full attention-256,investigation,2129,2140,12,0,0,0.0,test_2,Mouse155_20151124_21-11-28
Full attention-256,investigation,2172,2189,18,1,18,1.0,test_2,Mouse155_20151124_21-11-28
Full attention-256,investigation,2436,2438,3,0,0,0.0,test_2,Mouse155_20151124_21-11-28
Full attention-256,investigation,2767,2839,73,1,72,0.9863013698630136,test_2,Mouse155_20151124_21-11-28
Full attention-256,investigation,2853,2871,19,1,19,1.0,test_2,Mouse155_20151124_21-11-28
Full attention-256,investigation,2877,2953,77,1,77,1.0,test_2,Mouse155_20151124_21-11-28
Full attention-256,investigation,2974,3022,49,1,49,1.0,test_2,Mouse155_20151124_21-11-28
Full attention-256,investigation,3079,3104,26,1,25,0.9615384615384616,test_2,Mouse155_20151124_21-11-28
Full attention-256,investigation,3674,3778,105,1,105,1.0,test_2,Mouse155_20151124_21-11-28
Full attention-256,investigation,3846,3853,8,1,8,1.0,test_2,Mouse155_20151124_21-11-28
Full attention-256,investigation,4416,4420,5,0,0,0.0,test_2,Mouse155_20151124_21-11-28
Full attention-256,investigation,4905,4908,4,0,0,0.0,test_2,Mouse155_20151124_21-11-28
Full attention-256,investigation,5415,5419,5,0,0,0.0,test_2,Mouse155_20151124_21-11-28
Full attention-256,investigation,5761,5765,5,0,0,0.0,test_2,Mouse155_20151124_21-11-28
Full attention-256,investigation,6391,6399,9,0,0,0.0,test_2,Mouse155_20151124_21-11-28
Full attention-256,investigation,6485,6486,2,0,0,0.0,test_2,Mouse155_20151124_21-11-28
Full attention-256,investigation,6616,6633,18,1,8,0.4444444444444444,test_2,Mouse155_20151124_21-11-28
Full LSTM-256,investigation,18,90,73,1,73,1.0,test_2,Mouse155_20151124_21-11-28
Full LSTM-256,attack,92,153,62,1,32,0.5161290322580645,test_2,Mouse155_20151124_21-11-28
Full LSTM-256,investigation,155,170,16,1,16,1.0,test_2,Mouse155_20151124_21-11-28
Full LSTM-256,attack,172,198,27,1,16,0.5925925925925926,test_2,Mouse155_20151124_21-11-28
Full LSTM-256,investigation,200,360,161,1,161,1.0,test_2,Mouse155_20151124_21-11-28
Full LSTM-256,investigation,559,638,80,1,65,0.8125,test_2,Mouse155_20151124_21-11-28
Full LSTM-256,investigation,859,867,9,0,0,0.0,test_2,Mouse155_20151124_21-11-28
Full LSTM-256,investigation,993,998,6,0,0,0.0,test_2,Mouse155_20151124_21-11-28
Full LSTM-256,investigation,1185,1211,27,1,27,1.0,test_2,Mouse155_20151124_21-11-28
Full LSTM-256,attack,1213,1267,55,1,52,0.9454545454545454,test_2,Mouse155_20151124_21-11-28
Full LSTM-256,investigation,1268,1295,28,1,16,0.5714285714285714,test_2,Mouse155_20151124_21-11-28
Full LSTM-256,attack,1297,1407,111,1,96,0.8648648648648649,test_2,Mouse155_20151124_21-11-28
Full LSTM-256,investigation,1723,1782,60,1,37,0.6166666666666667,test_2,Mouse155_20151124_21-11-28
Full LSTM-256,attack,1785,1849,65,1,58,0.8923076923076924,test_2,Mouse155_20151124_21-11-28
Full LSTM-256,investigation,1851,2011,161,1,144,0.8944099378881988,test_2,Mouse155_20151124_21-11-28
Full LSTM-256,investigation,2129,2140,12,0,0,0.0,test_2,Mouse155_20151124_21-11-28
Full LSTM-256,investigation,2172,2189,18,0,0,0.0,test_2,Mouse155_20151124_21-11-28
Full LSTM-256,investigation,2436,2438,3,0,0,0.0,test_2,Mouse155_20151124_21-11-28
Full LSTM-256,investigation,2767,2839,73,1,56,0.7671232876712328,test_2,Mouse155_20151124_21-11-28
Full LSTM-256,investigation,2853,2871,19,1,19,1.0,test_2,Mouse155_20151124_21-11-28
Full LSTM-256,investigation,2877,2953,77,1,77,1.0,test_2,Mouse155_20151124_21-11-28
Full LSTM-256,investigation,2974,3022,49,1,49,1.0,test_2,Mouse155_20151124_21-11-28
Full LSTM-256,investigation,3079,3104,26,1,25,0.9615384615384616,test_2,Mouse155_20151124_21-11-28
Full LSTM-256,investigation,3674,3778,105,1,105,1.0,test_2,Mouse155_20151124_21-11-28
Full LSTM-256,investigation,3846,3853,8,1,8,1.0,test_2,Mouse155_20151124_21-11-28
Full LSTM-256,investigation,4416,4420,5,0,0,0.0,test_2,Mouse155_20151124_21-11-28
Full LSTM-256,investigation,4905,4908,4,0,0,0.0,test_2,Mouse155_20151124_21-11-28
Full LSTM-256,investigation,5415,5419,5,0,0,0.0,test_2,Mouse155_20151124_21-11-28
Full LSTM-256,investigation,5761,5765,5,0,0,0.0,test_2,Mouse155_20151124_21-11-28
Full LSTM-256,investigation,6391,6399,9,0,0,0.0,test_2,Mouse155_20151124_21-11-28
Full LSTM-256,investigation,6485,6486,2,0,0,0.0,test_2,Mouse155_20151124_21-11-28
Full LSTM-256,investigation,6616,6633,18,0,0,0.0,test_2,Mouse155_20151124_21-11-28
Full attention-256,investigation,5,16,12,1,12,1.0,test_2,Mouse155_20151129_22-41-43
Full attention-256,investigation,33,37,5,1,5,1.0,test_2,Mouse155_20151129_22-41-43
Full attention-256,investigation,46,47,2,1,2,1.0,test_2,Mouse155_20151129_22-41-43
Full attention-256,investigation,91,96,6,1,6,1.0,test_2,Mouse155_20151129_22-41-43
Full attention-256,investigation,209,258,50,1,47,0.94,test_2,Mouse155_20151129_22-41-43
Full attention-256,investigation,360,363,4,1,4,1.0,test_2,Mouse155_20151129_22-41-43
Full attention-256,investigation,564,749,186,1,186,1.0,test_2,Mouse155_20151129_22-41-43
Full attention-256,investigation,762,783,22,1,22,1.0,test_2,Mouse155_20151129_22-41-43
Full attention-256,investigation,814,858,45,1,45,1.0,test_2,Mouse155_20151129_22-41-43
Full attention-256,investigation,1115,1151,37,1,37,1.0,test_2,Mouse155_20151129_22-41-43
Full attention-256,attack,1153,1307,155,1,155,1.0,test_2,Mouse155_20151129_22-41-43
Full attention-256,investigation,1309,1475,167,1,160,0.9580838323353293,test_2,Mouse155_20151129_22-41-43
Full attention-256,attack,1477,1622,146,1,107,0.7328767123287672,test_2,Mouse155_20151129_22-41-43
Full attention-256,investigation,1656,1751,96,1,96,1.0,test_2,Mouse155_20151129_22-41-43
Full attention-256,investigation,1779,1798,20,1,20,1.0,test_2,Mouse155_20151129_22-41-43
Full attention-256,investigation,1866,2056,191,1,121,0.6335078534031413,test_2,Mouse155_20151129_22-41-43
Full attention-256,investigation,2095,2160,66,1,49,0.7424242424242424,test_2,Mouse155_20151129_22-41-43
Full attention-256,investigation,2174,2179,6,1,6,1.0,test_2,Mouse155_20151129_22-41-43
Full attention-256,investigation,2269,2285,17,1,3,0.17647058823529413,test_2,Mouse155_20151129_22-41-43
Full attention-256,investigation,2805,2960,156,1,156,1.0,test_2,Mouse155_20151129_22-41-43
Full attention-256,investigation,3197,3208,12,1,12,1.0,test_2,Mouse155_20151129_22-41-43
Full attention-256,investigation,3257,3281,25,1,25,1.0,test_2,Mouse155_20151129_22-41-43
Full attention-256,investigation,3512,3534,23,1,23,1.0,test_2,Mouse155_20151129_22-41-43
Full attention-256,mount,3535,3560,26,1,16,0.6153846153846154,test_2,Mouse155_20151129_22-41-43
Full attention-256,investigation,3562,3711,150,1,150,1.0,test_2,Mouse155_20151129_22-41-43
Full attention-256,investigation,3753,3761,9,1,9,1.0,test_2,Mouse155_20151129_22-41-43
Full attention-256,investigation,3772,3873,102,1,102,1.0,test_2,Mouse155_20151129_22-41-43
Full attention-256,investigation,3896,3989,94,1,94,1.0,test_2,Mouse155_20151129_22-41-43
Full attention-256,investigation,4256,4317,62,1,62,1.0,test_2,Mouse155_20151129_22-41-43
Full attention-256,investigation,4370,4522,153,1,153,1.0,test_2,Mouse155_20151129_22-41-43
Full attention-256,investigation,4561,4566,6,1,6,1.0,test_2,Mouse155_20151129_22-41-43
Full attention-256,investigation,4709,4727,19,1,19,1.0,test_2,Mouse155_20151129_22-41-43
Full attention-256,investigation,4735,4769,35,1,35,1.0,test_2,Mouse155_20151129_22-41-43
Full LSTM-256,investigation,5,16,12,1,12,1.0,test_2,Mouse155_20151129_22-41-43
Full LSTM-256,investigation,33,37,5,1,5,1.0,test_2,Mouse155_20151129_22-41-43
Full LSTM-256,investigation,46,47,2,1,2,1.0,test_2,Mouse155_20151129_22-41-43
Full LSTM-256,investigation,91,96,6,1,6,1.0,test_2,Mouse155_20151129_22-41-43
Full LSTM-256,investigation,209,258,50,1,47,0.94,test_2,Mouse155_20151129_22-41-43
Full LSTM-256,investigation,360,363,4,1,4,1.0,test_2,Mouse155_20151129_22-41-43
Full LSTM-256,investigation,564,749,186,1,186,1.0,test_2,Mouse155_20151129_22-41-43
Full LSTM-256,investigation,762,783,22,1,22,1.0,test_2,Mouse155_20151129_22-41-43
Full LSTM-256,investigation,814,858,45,1,45,1.0,test_2,Mouse155_20151129_22-41-43
Full LSTM-256,investigation,1115,1151,37,1,37,1.0,test_2,Mouse155_20151129_22-41-43
Full LSTM-256,attack,1153,1307,155,1,155,1.0,test_2,Mouse155_20151129_22-41-43
Full LSTM-256,investigation,1309,1475,167,1,164,0.9820359281437125,test_2,Mouse155_20151129_22-41-43
Full LSTM-256,attack,1477,1622,146,1,96,0.6575342465753424,test_2,Mouse155_20151129_22-41-43
Full LSTM-256,investigation,1656,1751,96,1,88,0.9166666666666666,test_2,Mouse155_20151129_22-41-43
Full LSTM-256,investigation,1779,1798,20,1,20,1.0,test_2,Mouse155_20151129_22-41-43
Full LSTM-256,investigation,1866,2056,191,1,121,0.6335078534031413,test_2,Mouse155_20151129_22-41-43
Full LSTM-256,investigation,2095,2160,66,1,66,1.0,test_2,Mouse155_20151129_22-41-43
Full LSTM-256,investigation,2174,2179,6,1,6,1.0,test_2,Mouse155_20151129_22-41-43
Full LSTM-256,investigation,2269,2285,17,1,3,0.17647058823529413,test_2,Mouse155_20151129_22-41-43
Full LSTM-256,investigation,2805,2960,156,1,156,1.0,test_2,Mouse155_20151129_22-41-43
Full LSTM-256,investigation,3197,3208,12,1,12,1.0,test_2,Mouse155_20151129_22-41-43
Full LSTM-256,investigation,3257,3281,25,1,25,1.0,test_2,Mouse155_20151129_22-41-43
Full LSTM-256,investigation,3512,3534,23,1,23,1.0,test_2,Mouse155_20151129_22-41-43
Full LSTM-256,mount,3535,3560,26,1,16,0.6153846153846154,test_2,Mouse155_20151129_22-41-43
Full LSTM-256,investigation,3562,3711,150,1,150,1.0,test_2,Mouse155_20151129_22-41-43
Full LSTM-256,investigation,3753,3761,9,1,9,1.0,test_2,Mouse155_20151129_22-41-43
Full LSTM-256,investigation,3772,3873,102,1,102,1.0,test_2,Mouse155_20151129_22-41-43
Full LSTM-256,investigation,3896,3989,94,1,94,1.0,test_2,Mouse155_20151129_22-41-43
Full LSTM-256,investigation,4256,4317,62,1,62,1.0,test_2,Mouse155_20151129_22-41-43
Full LSTM-256,investigation,4370,4522,153,1,153,1.0,test_2,Mouse155_20151129_22-41-43
Full LSTM-256,investigation,4561,4566,6,1,6,1.0,test_2,Mouse155_20151129_22-41-43
Full LSTM-256,investigation,4709,4727,19,1,19,1.0,test_2,Mouse155_20151129_22-41-43
Full LSTM-256,investigation,4735,4769,35,1,35,1.0,test_2,Mouse155_20151129_22-41-43
Full attention-256,investigation,30,55,26,1,18,0.6923076923076923,test_2,Mouse156_20151012_20-16-37
Full attention-256,investigation,102,104,3,0,0,0.0,test_2,Mouse156_20151012_20-16-37
Full attention-256,investigation,136,159,24,0,0,0.0,test_2,Mouse156_20151012_20-16-37
Full attention-256,investigation,293,310,18,1,18,1.0,test_2,Mouse156_20151012_20-16-37
Full attention-256,investigation,406,426,21,0,0,0.0,test_2,Mouse156_20151012_20-16-37
Full attention-256,attack,428,476,49,1,49,1.0,test_2,Mouse156_20151012_20-16-37
Full attention-256,attack,485,647,163,1,139,0.852760736196319,test_2,Mouse156_20151012_20-16-37
Full attention-256,mount,649,675,27,1,27,1.0,test_2,Mouse156_20151012_20-16-37
Full attention-256,investigation,677,870,194,1,183,0.9432989690721649,test_2,Mouse156_20151012_20-16-37
Full attention-256,investigation,907,917,11,0,0,0.0,test_2,Mouse156_20151012_20-16-37
Full attention-256,investigation,2278,2284,7,0,0,0.0,test_2,Mouse156_20151012_20-16-37
Full attention-256,attack,2286,2394,109,2,77,0.7064220183486238,test_2,Mouse156_20151012_20-16-37
Full attention-256,investigation,2396,2423,28,1,24,0.8571428571428571,test_2,Mouse156_20151012_20-16-37
Full attention-256,investigation,2476,2491,16,1,12,0.75,test_2,Mouse156_20151012_20-16-37
Full attention-256,investigation,2509,2529,21,1,3,0.14285714285714285,test_2,Mouse156_20151012_20-16-37
Full attention-256,mount,2531,2545,15,1,15,1.0,test_2,Mouse156_20151012_20-16-37
Full attention-256,investigation,2547,2610,64,1,16,0.25,test_2,Mouse156_20151012_20-16-37
Full attention-256,investigation,2617,2621,5,0,0,0.0,test_2,Mouse156_20151012_20-16-37
Full attention-256,investigation,2748,2748,1,1,1,1.0,test_2,Mouse156_20151012_20-16-37
Full attention-256,investigation,2791,2796,6,1,6,1.0,test_2,Mouse156_20151012_20-16-37
Full attention-256,investigation,2952,2974,23,1,23,1.0,test_2,Mouse156_20151012_20-16-37
Full attention-256,attack,2976,3019,44,1,44,1.0,test_2,Mouse156_20151012_20-16-37
Full attention-256,investigation,3028,3029,2,0,0,0.0,test_2,Mouse156_20151012_20-16-37
Full attention-256,investigation,3070,3078,9,1,2,0.2222222222222222,test_2,Mouse156_20151012_20-16-37
Full attention-256,attack,3080,3157,78,1,72,0.9230769230769231,test_2,Mouse156_20151012_20-16-37
Full attention-256,investigation,3159,3200,42,1,41,0.9761904761904762,test_2,Mouse156_20151012_20-16-37
Full attention-256,investigation,3623,3630,8,1,8,1.0,test_2,Mouse156_20151012_20-16-37
Full attention-256,investigation,3641,3660,20,1,7,0.35,test_2,Mouse156_20151012_20-16-37
Full attention-256,attack,3662,3668,7,1,7,1.0,test_2,Mouse156_20151012_20-16-37
Full attention-256,attack,3676,3890,215,2,183,0.8511627906976744,test_2,Mouse156_20151012_20-16-37
Full attention-256,investigation,4064,4084,21,0,0,0.0,test_2,Mouse156_20151012_20-16-37
Full attention-256,attack,4086,4257,172,1,172,1.0,test_2,Mouse156_20151012_20-16-37
Full attention-256,investigation,4259,4310,52,1,23,0.4423076923076923,test_2,Mouse156_20151012_20-16-37
Full attention-256,investigation,4427,4449,23,1,23,1.0,test_2,Mouse156_20151012_20-16-37
Full attention-256,investigation,4681,4692,12,1,5,0.4166666666666667,test_2,Mouse156_20151012_20-16-37
Full attention-256,investigation,4716,4724,9,1,4,0.4444444444444444,test_2,Mouse156_20151012_20-16-37
Full attention-256,attack,4726,4791,66,1,66,1.0,test_2,Mouse156_20151012_20-16-37
Full attention-256,attack,4811,4888,78,1,78,1.0,test_2,Mouse156_20151012_20-16-37
Full attention-256,investigation,4929,4944,16,0,0,0.0,test_2,Mouse156_20151012_20-16-37
Full attention-256,attack,4946,4957,12,1,12,1.0,test_2,Mouse156_20151012_20-16-37
Full attention-256,investigation,4991,5063,73,1,73,1.0,test_2,Mouse156_20151012_20-16-37
Full attention-256,investigation,5079,5086,8,1,8,1.0,test_2,Mouse156_20151012_20-16-37
Full attention-256,investigation,5181,5189,9,0,0,0.0,test_2,Mouse156_20151012_20-16-37
Full attention-256,attack,5191,5250,60,1,60,1.0,test_2,Mouse156_20151012_20-16-37
Full attention-256,investigation,5270,5273,4,0,0,0.0,test_2,Mouse156_20151012_20-16-37
Full attention-256,investigation,5299,5320,22,1,22,1.0,test_2,Mouse156_20151012_20-16-37
Full attention-256,investigation,5345,5346,2,0,0,0.0,test_2,Mouse156_20151012_20-16-37
Full attention-256,attack,5348,5412,65,1,65,1.0,test_2,Mouse156_20151012_20-16-37
Full attention-256,attack,5423,5516,94,1,94,1.0,test_2,Mouse156_20151012_20-16-37
Full attention-256,investigation,5518,5535,18,1,16,0.8888888888888888,test_2,Mouse156_20151012_20-16-37
Full attention-256,investigation,5561,5573,13,0,0,0.0,test_2,Mouse156_20151012_20-16-37
Full attention-256,investigation,5608,5622,15,1,15,1.0,test_2,Mouse156_20151012_20-16-37
Full attention-256,investigation,5785,5794,10,1,3,0.3,test_2,Mouse156_20151012_20-16-37
Full attention-256,investigation,5850,5857,8,1,6,0.75,test_2,Mouse156_20151012_20-16-37
Full attention-256,investigation,5891,5894,4,0,0,0.0,test_2,Mouse156_20151012_20-16-37
Full attention-256,investigation,5913,5954,42,1,42,1.0,test_2,Mouse156_20151012_20-16-37
Full attention-256,investigation,6002,6003,2,0,0,0.0,test_2,Mouse156_20151012_20-16-37
Full attention-256,investigation,6042,6055,14,0,0,0.0,test_2,Mouse156_20151012_20-16-37
Full attention-256,attack,6057,6153,97,1,97,1.0,test_2,Mouse156_20151012_20-16-37
Full attention-256,investigation,6155,6172,18,0,0,0.0,test_2,Mouse156_20151012_20-16-37
Full attention-256,investigation,6186,6242,57,1,54,0.9473684210526315,test_2,Mouse156_20151012_20-16-37
Full attention-256,investigation,6448,6472,25,1,16,0.64,test_2,Mouse156_20151012_20-16-37
Full attention-256,investigation,6505,6517,13,0,0,0.0,test_2,Mouse156_20151012_20-16-37
Full attention-256,investigation,6525,6535,11,0,0,0.0,test_2,Mouse156_20151012_20-16-37
Full attention-256,attack,6537,6625,89,1,87,0.9775280898876404,test_2,Mouse156_20151012_20-16-37
Full attention-256,mount,6627,6677,51,0,0,0.0,test_2,Mouse156_20151012_20-16-37
Full attention-256,investigation,6679,6746,68,1,43,0.6323529411764706,test_2,Mouse156_20151012_20-16-37
Full attention-256,investigation,6768,6775,8,1,8,1.0,test_2,Mouse156_20151012_20-16-37
Full attention-256,investigation,6793,6800,8,1,7,0.875,test_2,Mouse156_20151012_20-16-37
Full attention-256,investigation,6856,6871,16,1,8,0.5,test_2,Mouse156_20151012_20-16-37
Full attention-256,investigation,6879,6907,29,0,0,0.0,test_2,Mouse156_20151012_20-16-37
Full attention-256,attack,6909,7000,92,1,35,0.3804347826086957,test_2,Mouse156_20151012_20-16-37
Full attention-256,investigation,7002,7113,112,2,96,0.8571428571428571,test_2,Mouse156_20151012_20-16-37
Full attention-256,investigation,7138,7160,23,1,14,0.6086956521739131,test_2,Mouse156_20151012_20-16-37
Full attention-256,investigation,7214,7218,5,0,0,0.0,test_2,Mouse156_20151012_20-16-37
Full attention-256,investigation,7251,7267,17,1,17,1.0,test_2,Mouse156_20151012_20-16-37
Full attention-256,investigation,7288,7296,9,0,0,0.0,test_2,Mouse156_20151012_20-16-37
Full attention-256,attack,7298,7354,57,1,57,1.0,test_2,Mouse156_20151012_20-16-37
Full attention-256,investigation,7356,7479,124,1,88,0.7096774193548387,test_2,Mouse156_20151012_20-16-37
Full attention-256,investigation,7551,7551,1,0,0,0.0,test_2,Mouse156_20151012_20-16-37
Full attention-256,attack,7553,7566,14,0,0,0.0,test_2,Mouse156_20151012_20-16-37
Full attention-256,investigation,7594,7596,3,0,0,0.0,test_2,Mouse156_20151012_20-16-37
Full attention-256,attack,7598,7695,98,1,98,1.0,test_2,Mouse156_20151012_20-16-37
Full attention-256,investigation,7735,7817,83,1,83,1.0,test_2,Mouse156_20151012_20-16-37
Full attention-256,investigation,7848,7853,6,1,6,1.0,test_2,Mouse156_20151012_20-16-37
Full attention-256,investigation,7897,7903,7,1,7,1.0,test_2,Mouse156_20151012_20-16-37
Full attention-256,investigation,7931,7937,7,0,0,0.0,test_2,Mouse156_20151012_20-16-37
Full attention-256,investigation,7979,7985,7,0,0,0.0,test_2,Mouse156_20151012_20-16-37
Full attention-256,investigation,8004,8009,6,0,0,0.0,test_2,Mouse156_20151012_20-16-37
Full attention-256,investigation,8027,8033,7,0,0,0.0,test_2,Mouse156_20151012_20-16-37
Full attention-256,attack,8035,8053,19,1,19,1.0,test_2,Mouse156_20151012_20-16-37
Full attention-256,investigation,8062,8064,3,0,0,0.0,test_2,Mouse156_20151012_20-16-37
Full attention-256,attack,8066,8084,19,1,14,0.7368421052631579,test_2,Mouse156_20151012_20-16-37
Full attention-256,investigation,8086,8115,30,1,30,1.0,test_2,Mouse156_20151012_20-16-37
Full attention-256,attack,8117,8127,11,0,0,0.0,test_2,Mouse156_20151012_20-16-37
Full attention-256,investigation,8135,8386,252,1,249,0.9880952380952381,test_2,Mouse156_20151012_20-16-37
Full attention-256,attack,8388,8403,16,1,12,0.75,test_2,Mouse156_20151012_20-16-37
Full attention-256,attack,8455,8588,134,1,134,1.0,test_2,Mouse156_20151012_20-16-37
Full attention-256,investigation,8608,8643,36,1,32,0.8888888888888888,test_2,Mouse156_20151012_20-16-37
Full attention-256,attack,8645,8653,9,1,9,1.0,test_2,Mouse156_20151012_20-16-37
Full attention-256,investigation,8655,8679,25,1,8,0.32,test_2,Mouse156_20151012_20-16-37
Full attention-256,investigation,8707,8768,62,1,62,1.0,test_2,Mouse156_20151012_20-16-37
Full attention-256,investigation,8886,8892,7,1,7,1.0,test_2,Mouse156_20151012_20-16-37
Full attention-256,investigation,8919,8919,1,1,1,1.0,test_2,Mouse156_20151012_20-16-37
Full attention-256,investigation,8927,8964,38,1,38,1.0,test_2,Mouse156_20151012_20-16-37
Full attention-256,investigation,8986,8996,11,1,11,1.0,test_2,Mouse156_20151012_20-16-37
Full attention-256,investigation,9003,9017,15,1,15,1.0,test_2,Mouse156_20151012_20-16-37
Full attention-256,investigation,9036,9090,55,1,55,1.0,test_2,Mouse156_20151012_20-16-37
Full attention-256,investigation,9165,9188,24,1,3,0.125,test_2,Mouse156_20151012_20-16-37
Full attention-256,attack,9190,9213,24,1,24,1.0,test_2,Mouse156_20151012_20-16-37
Full attention-256,attack,9256,9333,78,1,78,1.0,test_2,Mouse156_20151012_20-16-37
Full attention-256,investigation,9335,9363,29,0,0,0.0,test_2,Mouse156_20151012_20-16-37
Full attention-256,attack,9365,9439,75,1,75,1.0,test_2,Mouse156_20151012_20-16-37
Full attention-256,investigation,9458,9460,3,0,0,0.0,test_2,Mouse156_20151012_20-16-37
Full attention-256,investigation,9476,9476,1,0,0,0.0,test_2,Mouse156_20151012_20-16-37
Full attention-256,attack,9478,9527,50,1,50,1.0,test_2,Mouse156_20151012_20-16-37
Full attention-256,investigation,9529,9747,219,1,196,0.8949771689497716,test_2,Mouse156_20151012_20-16-37
Full attention-256,investigation,9895,9927,33,1,24,0.7272727272727273,test_2,Mouse156_20151012_20-16-37
Full attention-256,investigation,10002,10011,10,0,0,0.0,test_2,Mouse156_20151012_20-16-37
Full attention-256,investigation,10062,10084,23,1,21,0.9130434782608695,test_2,Mouse156_20151012_20-16-37
Full attention-256,investigation,10098,10133,36,1,14,0.3888888888888889,test_2,Mouse156_20151012_20-16-37
Full attention-256,investigation,10173,10183,11,0,0,0.0,test_2,Mouse156_20151012_20-16-37
Full attention-256,investigation,10207,10222,16,1,15,0.9375,test_2,Mouse156_20151012_20-16-37
Full LSTM-256,investigation,30,55,26,1,16,0.6153846153846154,test_2,Mouse156_20151012_20-16-37
Full LSTM-256,investigation,102,104,3,0,0,0.0,test_2,Mouse156_20151012_20-16-37
Full LSTM-256,investigation,136,159,24,0,0,0.0,test_2,Mouse156_20151012_20-16-37
Full LSTM-256,investigation,293,310,18,1,7,0.3888888888888889,test_2,Mouse156_20151012_20-16-37
Full LSTM-256,investigation,406,426,21,0,0,0.0,test_2,Mouse156_20151012_20-16-37
Full LSTM-256,attack,428,476,49,1,49,1.0,test_2,Mouse156_20151012_20-16-37
Full LSTM-256,attack,485,647,163,1,139,0.852760736196319,test_2,Mouse156_20151012_20-16-37
Full LSTM-256,mount,649,675,27,1,23,0.8518518518518519,test_2,Mouse156_20151012_20-16-37
Full LSTM-256,investigation,677,870,194,1,194,1.0,test_2,Mouse156_20151012_20-16-37
Full LSTM-256,investigation,907,917,11,1,5,0.45454545454545453,test_2,Mouse156_20151012_20-16-37
Full LSTM-256,investigation,2278,2284,7,0,0,0.0,test_2,Mouse156_20151012_20-16-37
Full LSTM-256,attack,2286,2394,109,1,32,0.29357798165137616,test_2,Mouse156_20151012_20-16-37
Full LSTM-256,investigation,2396,2423,28,0,0,0.0,test_2,Mouse156_20151012_20-16-37
Full LSTM-256,investigation,2476,2491,16,1,12,0.75,test_2,Mouse156_20151012_20-16-37
Full LSTM-256,investigation,2509,2529,21,1,3,0.14285714285714285,test_2,Mouse156_20151012_20-16-37
Full LSTM-256,mount,2531,2545,15,1,15,1.0,test_2,Mouse156_20151012_20-16-37
Full LSTM-256,investigation,2547,2610,64,1,3,0.046875,test_2,Mouse156_20151012_20-16-37
Full LSTM-256,investigation,2617,2621,5,1,5,1.0,test_2,Mouse156_20151012_20-16-37
Full LSTM-256,investigation,2748,2748,1,0,0,0.0,test_2,Mouse156_20151012_20-16-37
Full LSTM-256,investigation,2791,2796,6,0,0,0.0,test_2,Mouse156_20151012_20-16-37
Full LSTM-256,investigation,2952,2974,23,1,23,1.0,test_2,Mouse156_20151012_20-16-37
Full LSTM-256,attack,2976,3019,44,1,44,1.0,test_2,Mouse156_20151012_20-16-37
Full LSTM-256,investigation,3028,3029,2,0,0,0.0,test_2,Mouse156_20151012_20-16-37
Full LSTM-256,investigation,3070,3078,9,0,0,0.0,test_2,Mouse156_20151012_20-16-37
Full LSTM-256,attack,3080,3157,78,1,40,0.5128205128205128,test_2,Mouse156_20151012_20-16-37
Full LSTM-256,investigation,3159,3200,42,1,32,0.7619047619047619,test_2,Mouse156_20151012_20-16-37
Full LSTM-256,investigation,3623,3630,8,1,8,1.0,test_2,Mouse156_20151012_20-16-37
Full LSTM-256,investigation,3641,3660,20,1,20,1.0,test_2,Mouse156_20151012_20-16-37
Full LSTM-256,attack,3662,3668,7,1,5,0.7142857142857143,test_2,Mouse156_20151012_20-16-37
Full LSTM-256,attack,3676,3890,215,2,167,0.7767441860465116,test_2,Mouse156_20151012_20-16-37
Full LSTM-256,investigation,4064,4084,21,0,0,0.0,test_2,Mouse156_20151012_20-16-37
Full LSTM-256,attack,4086,4257,172,1,170,0.9883720930232558,test_2,Mouse156_20151012_20-16-37
Full LSTM-256,investigation,4259,4310,52,1,7,0.1346153846153846,test_2,Mouse156_20151012_20-16-37
Full LSTM-256,investigation,4427,4449,23,1,18,0.782608695652174,test_2,Mouse156_20151012_20-16-37
Full LSTM-256,investigation,4681,4692,12,1,5,0.4166666666666667,test_2,Mouse156_20151012_20-16-37
Full LSTM-256,investigation,4716,4724,9,1,4,0.4444444444444444,test_2,Mouse156_20151012_20-16-37
Full LSTM-256,attack,4726,4791,66,1,66,1.0,test_2,Mouse156_20151012_20-16-37
Full LSTM-256,attack,4811,4888,78,1,78,1.0,test_2,Mouse156_20151012_20-16-37
Full LSTM-256,investigation,4929,4944,16,0,0,0.0,test_2,Mouse156_20151012_20-16-37
Full LSTM-256,attack,4946,4957,12,1,12,1.0,test_2,Mouse156_20151012_20-16-37
Full LSTM-256,investigation,4991,5063,73,1,73,1.0,test_2,Mouse156_20151012_20-16-37
Full LSTM-256,investigation,5079,5086,8,1,8,1.0,test_2,Mouse156_20151012_20-16-37
Full LSTM-256,investigation,5181,5189,9,0,0,0.0,test_2,Mouse156_20151012_20-16-37
Full LSTM-256,attack,5191,5250,60,1,60,1.0,test_2,Mouse156_20151012_20-16-37
Full LSTM-256,investigation,5270,5273,4,0,0,0.0,test_2,Mouse156_20151012_20-16-37
Full LSTM-256,investigation,5299,5320,22,1,22,1.0,test_2,Mouse156_20151012_20-16-37
Full LSTM-256,investigation,5345,5346,2,0,0,0.0,test_2,Mouse156_20151012_20-16-37
Full LSTM-256,attack,5348,5412,65,1,65,1.0,test_2,Mouse156_20151012_20-16-37
Full LSTM-256,attack,5423,5516,94,1,94,1.0,test_2,Mouse156_20151012_20-16-37
Full LSTM-256,investigation,5518,5535,18,1,16,0.8888888888888888,test_2,Mouse156_20151012_20-16-37
Full LSTM-256,investigation,5561,5573,13,0,0,0.0,test_2,Mouse156_20151012_20-16-37
Full LSTM-256,investigation,5608,5622,15,1,15,1.0,test_2,Mouse156_20151012_20-16-37
Full LSTM-256,investigation,5785,5794,10,1,3,0.3,test_2,Mouse156_20151012_20-16-37
Full LSTM-256,investigation,5850,5857,8,1,6,0.75,test_2,Mouse156_20151012_20-16-37
Full LSTM-256,investigation,5891,5894,4,1,4,1.0,test_2,Mouse156_20151012_20-16-37
Full LSTM-256,investigation,5913,5954,42,1,39,0.9285714285714286,test_2,Mouse156_20151012_20-16-37
Full LSTM-256,investigation,6002,6003,2,0,0,0.0,test_2,Mouse156_20151012_20-16-37
Full LSTM-256,investigation,6042,6055,14,0,0,0.0,test_2,Mouse156_20151012_20-16-37
Full LSTM-256,attack,6057,6153,97,1,97,1.0,test_2,Mouse156_20151012_20-16-37
Full LSTM-256,investigation,6155,6172,18,0,0,0.0,test_2,Mouse156_20151012_20-16-37
Full LSTM-256,investigation,6186,6242,57,1,54,0.9473684210526315,test_2,Mouse156_20151012_20-16-37
Full LSTM-256,investigation,6448,6472,25,0,0,0.0,test_2,Mouse156_20151012_20-16-37
Full LSTM-256,investigation,6505,6517,13,0,0,0.0,test_2,Mouse156_20151012_20-16-37
Full LSTM-256,investigation,6525,6535,11,0,0,0.0,test_2,Mouse156_20151012_20-16-37
Full LSTM-256,attack,6537,6625,89,1,71,0.797752808988764,test_2,Mouse156_20151012_20-16-37
Full LSTM-256,mount,6627,6677,51,0,0,0.0,test_2,Mouse156_20151012_20-16-37
Full LSTM-256,investigation,6679,6746,68,1,68,1.0,test_2,Mouse156_20151012_20-16-37
Full LSTM-256,investigation,6768,6775,8,0,0,0.0,test_2,Mouse156_20151012_20-16-37
Full LSTM-256,investigation,6793,6800,8,1,8,1.0,test_2,Mouse156_20151012_20-16-37
Full LSTM-256,investigation,6856,6871,16,1,8,0.5,test_2,Mouse156_20151012_20-16-37
Full LSTM-256,investigation,6879,6907,29,0,0,0.0,test_2,Mouse156_20151012_20-16-37
Full LSTM-256,attack,6909,7000,92,1,35,0.3804347826086957,test_2,Mouse156_20151012_20-16-37
Full LSTM-256,investigation,7002,7113,112,2,96,0.8571428571428571,test_2,Mouse156_20151012_20-16-37
Full LSTM-256,investigation,7138,7160,23,1,14,0.6086956521739131,test_2,Mouse156_20151012_20-16-37
Full LSTM-256,investigation,7214,7218,5,1,3,0.6,test_2,Mouse156_20151012_20-16-37
Full LSTM-256,investigation,7251,7267,17,1,13,0.7647058823529411,test_2,Mouse156_20151012_20-16-37
Full LSTM-256,investigation,7288,7296,9,0,0,0.0,test_2,Mouse156_20151012_20-16-37
Full LSTM-256,attack,7298,7354,57,1,30,0.5263157894736842,test_2,Mouse156_20151012_20-16-37
Full LSTM-256,investigation,7356,7479,124,1,124,1.0,test_2,Mouse156_20151012_20-16-37
Full LSTM-256,investigation,7551,7551,1,0,0,0.0,test_2,Mouse156_20151012_20-16-37
Full LSTM-256,attack,7553,7566,14,0,0,0.0,test_2,Mouse156_20151012_20-16-37
Full LSTM-256,investigation,7594,7596,3,1,3,1.0,test_2,Mouse156_20151012_20-16-37
Full LSTM-256,attack,7598,7695,98,1,96,0.9795918367346939,test_2,Mouse156_20151012_20-16-37
Full LSTM-256,investigation,7735,7817,83,1,83,1.0,test_2,Mouse156_20151012_20-16-37
Full LSTM-256,investigation,7848,7853,6,1,6,1.0,test_2,Mouse156_20151012_20-16-37
Full LSTM-256,investigation,7897,7903,7,1,7,1.0,test_2,Mouse156_20151012_20-16-37
Full LSTM-256,investigation,7931,7937,7,1,5,0.7142857142857143,test_2,Mouse156_20151012_20-16-37
Full LSTM-256,investigation,7979,7985,7,0,0,0.0,test_2,Mouse156_20151012_20-16-37
Full LSTM-256,investigation,8004,8009,6,0,0,0.0,test_2,Mouse156_20151012_20-16-37
Full LSTM-256,investigation,8027,8033,7,0,0,0.0,test_2,Mouse156_20151012_20-16-37
Full LSTM-256,attack,8035,8053,19,1,19,1.0,test_2,Mouse156_20151012_20-16-37
Full LSTM-256,investigation,8062,8064,3,0,0,0.0,test_2,Mouse156_20151012_20-16-37
Full LSTM-256,attack,8066,8084,19,1,14,0.7368421052631579,test_2,Mouse156_20151012_20-16-37
Full LSTM-256,investigation,8086,8115,30,1,30,1.0,test_2,Mouse156_20151012_20-16-37
Full LSTM-256,attack,8117,8127,11,0,0,0.0,test_2,Mouse156_20151012_20-16-37
Full LSTM-256,investigation,8135,8386,252,1,249,0.9880952380952381,test_2,Mouse156_20151012_20-16-37
Full LSTM-256,attack,8388,8403,16,1,12,0.75,test_2,Mouse156_20151012_20-16-37
Full LSTM-256,attack,8455,8588,134,1,134,1.0,test_2,Mouse156_20151012_20-16-37
Full LSTM-256,investigation,8608,8643,36,1,36,1.0,test_2,Mouse156_20151012_20-16-37
Full LSTM-256,attack,8645,8653,9,0,0,0.0,test_2,Mouse156_20151012_20-16-37
Full LSTM-256,investigation,8655,8679,25,2,9,0.36,test_2,Mouse156_20151012_20-16-37
Full LSTM-256,investigation,8707,8768,62,1,62,1.0,test_2,Mouse156_20151012_20-16-37
Full LSTM-256,investigation,8886,8892,7,1,7,1.0,test_2,Mouse156_20151012_20-16-37
Full LSTM-256,investigation,8919,8919,1,1,1,1.0,test_2,Mouse156_20151012_20-16-37
Full LSTM-256,investigation,8927,8964,38,1,38,1.0,test_2,Mouse156_20151012_20-16-37
Full LSTM-256,investigation,8986,8996,11,1,11,1.0,test_2,Mouse156_20151012_20-16-37
Full LSTM-256,investigation,9003,9017,15,1,15,1.0,test_2,Mouse156_20151012_20-16-37
Full LSTM-256,investigation,9036,9090,55,1,52,0.9454545454545454,test_2,Mouse156_20151012_20-16-37
Full LSTM-256,investigation,9165,9188,24,1,19,0.7916666666666666,test_2,Mouse156_20151012_20-16-37
Full LSTM-256,attack,9190,9213,24,1,24,1.0,test_2,Mouse156_20151012_20-16-37
Full LSTM-256,attack,9256,9333,78,1,78,1.0,test_2,Mouse156_20151012_20-16-37
Full LSTM-256,investigation,9335,9363,29,1,16,0.5517241379310345,test_2,Mouse156_20151012_20-16-37
Full LSTM-256,attack,9365,9439,75,1,75,1.0,test_2,Mouse156_20151012_20-16-37
Full LSTM-256,investigation,9458,9460,3,0,0,0.0,test_2,Mouse156_20151012_20-16-37
Full LSTM-256,investigation,9476,9476,1,0,0,0.0,test_2,Mouse156_20151012_20-16-37
Full LSTM-256,attack,9478,9527,50,1,50,1.0,test_2,Mouse156_20151012_20-16-37
Full LSTM-256,investigation,9529,9747,219,1,212,0.9680365296803652,test_2,Mouse156_20151012_20-16-37
Full LSTM-256,investigation,9895,9927,33,0,0,0.0,test_2,Mouse156_20151012_20-16-37
Full LSTM-256,investigation,10002,10011,10,0,0,0.0,test_2,Mouse156_20151012_20-16-37
Full LSTM-256,investigation,10062,10084,23,1,16,0.6956521739130435,test_2,Mouse156_20151012_20-16-37
Full LSTM-256,investigation,10098,10133,36,1,14,0.3888888888888889,test_2,Mouse156_20151012_20-16-37
Full LSTM-256,investigation,10173,10183,11,1,11,1.0,test_2,Mouse156_20151012_20-16-37
Full LSTM-256,investigation,10207,10222,16,1,1,0.0625,test_2,Mouse156_20151012_20-16-37
Full attention-256,investigation,6,23,18,1,18,1.0,test_2,Mouse156_20151124_21-53-46
Full attention-256,attack,25,41,17,0,0,0.0,test_2,Mouse156_20151124_21-53-46
Full attention-256,investigation,44,60,17,1,17,1.0,test_2,Mouse156_20151124_21-53-46
Full attention-256,attack,61,188,128,1,80,0.625,test_2,Mouse156_20151124_21-53-46
Full attention-256,investigation,190,198,9,1,7,0.7777777777777778,test_2,Mouse156_20151124_21-53-46
Full attention-256,investigation,586,622,37,1,37,1.0,test_2,Mouse156_20151124_21-53-46
Full attention-256,attack,624,652,29,1,13,0.4482758620689655,test_2,Mouse156_20151124_21-53-46
Full attention-256,investigation,654,661,8,0,0,0.0,test_2,Mouse156_20151124_21-53-46
Full attention-256,attack,664,676,13,1,8,0.6153846153846154,test_2,Mouse156_20151124_21-53-46
Full attention-256,investigation,678,685,8,1,8,1.0,test_2,Mouse156_20151124_21-53-46
Full attention-256,attack,687,719,33,1,16,0.48484848484848486,test_2,Mouse156_20151124_21-53-46
Full attention-256,investigation,721,727,7,0,0,0.0,test_2,Mouse156_20151124_21-53-46
Full attention-256,investigation,893,900,8,0,0,0.0,test_2,Mouse156_20151124_21-53-46
Full attention-256,investigation,1028,1053,26,1,26,1.0,test_2,Mouse156_20151124_21-53-46
Full attention-256,investigation,1072,1083,12,0,0,0.0,test_2,Mouse156_20151124_21-53-46
Full attention-256,investigation,1323,1327,5,0,0,0.0,test_2,Mouse156_20151124_21-53-46
Full attention-256,investigation,1341,1382,42,1,35,0.8333333333333334,test_2,Mouse156_20151124_21-53-46
Full attention-256,attack,1383,1413,31,1,9,0.2903225806451613,test_2,Mouse156_20151124_21-53-46
Full attention-256,investigation,1414,1420,7,0,0,0.0,test_2,Mouse156_20151124_21-53-46
Full attention-256,attack,1422,1479,58,1,40,0.6896551724137931,test_2,Mouse156_20151124_21-53-46
Full attention-256,investigation,1480,1504,25,1,17,0.68,test_2,Mouse156_20151124_21-53-46
Full attention-256,attack,1505,1511,7,0,0,0.0,test_2,Mouse156_20151124_21-53-46
Full attention-256,investigation,1512,1530,19,1,19,1.0,test_2,Mouse156_20151124_21-53-46
Full attention-256,attack,1531,1545,15,0,0,0.0,test_2,Mouse156_20151124_21-53-46
Full attention-256,investigation,1547,1558,12,1,12,1.0,test_2,Mouse156_20151124_21-53-46
Full attention-256,attack,1559,1566,8,0,0,0.0,test_2,Mouse156_20151124_21-53-46
Full attention-256,investigation,1567,1583,17,1,17,1.0,test_2,Mouse156_20151124_21-53-46
Full attention-256,attack,1584,1601,18,1,16,0.8888888888888888,test_2,Mouse156_20151124_21-53-46
Full attention-256,investigation,1602,1611,10,0,0,0.0,test_2,Mouse156_20151124_21-53-46
Full attention-256,attack,1612,1635,24,0,0,0.0,test_2,Mouse156_20151124_21-53-46
Full attention-256,investigation,1636,1649,14,0,0,0.0,test_2,Mouse156_20151124_21-53-46
Full attention-256,attack,1652,1656,5,1,5,1.0,test_2,Mouse156_20151124_21-53-46
Full attention-256,investigation,1657,1664,8,0,0,0.0,test_2,Mouse156_20151124_21-53-46
Full attention-256,attack,1666,1681,16,1,14,0.875,test_2,Mouse156_20151124_21-53-46
Full attention-256,investigation,2405,2428,24,1,11,0.4583333333333333,test_2,Mouse156_20151124_21-53-46
Full attention-256,investigation,3281,3289,9,0,0,0.0,test_2,Mouse156_20151124_21-53-46
Full attention-256,investigation,3594,3596,3,0,0,0.0,test_2,Mouse156_20151124_21-53-46
Full attention-256,investigation,4044,4044,1,0,0,0.0,test_2,Mouse156_20151124_21-53-46
Full attention-256,investigation,4055,4062,8,1,8,1.0,test_2,Mouse156_20151124_21-53-46
Full attention-256,investigation,4129,4135,7,0,0,0.0,test_2,Mouse156_20151124_21-53-46
Full attention-256,investigation,4753,4754,2,0,0,0.0,test_2,Mouse156_20151124_21-53-46
Full attention-256,investigation,5089,5090,2,1,2,1.0,test_2,Mouse156_20151124_21-53-46
Full attention-256,investigation,5276,5278,3,0,0,0.0,test_2,Mouse156_20151124_21-53-46
Full LSTM-256,investigation,6,23,18,1,18,1.0,test_2,Mouse156_20151124_21-53-46
Full LSTM-256,attack,25,41,17,0,0,0.0,test_2,Mouse156_20151124_21-53-46
Full LSTM-256,investigation,44,60,17,1,17,1.0,test_2,Mouse156_20151124_21-53-46
Full LSTM-256,attack,61,188,128,1,80,0.625,test_2,Mouse156_20151124_21-53-46
Full LSTM-256,investigation,190,198,9,0,0,0.0,test_2,Mouse156_20151124_21-53-46
Full LSTM-256,investigation,586,622,37,1,37,1.0,test_2,Mouse156_20151124_21-53-46
Full LSTM-256,attack,624,652,29,1,13,0.4482758620689655,test_2,Mouse156_20151124_21-53-46
Full LSTM-256,investigation,654,661,8,0,0,0.0,test_2,Mouse156_20151124_21-53-46
Full LSTM-256,attack,664,676,13,1,8,0.6153846153846154,test_2,Mouse156_20151124_21-53-46
Full LSTM-256,investigation,678,685,8,1,8,1.0,test_2,Mouse156_20151124_21-53-46
Full LSTM-256,attack,687,719,33,1,16,0.48484848484848486,test_2,Mouse156_20151124_21-53-46
Full LSTM-256,investigation,721,727,7,0,0,0.0,test_2,Mouse156_20151124_21-53-46
Full LSTM-256,investigation,893,900,8,0,0,0.0,test_2,Mouse156_20151124_21-53-46
Full LSTM-256,investigation,1028,1053,26,1,26,1.0,test_2,Mouse156_20151124_21-53-46
Full LSTM-256,investigation,1072,1083,12,0,0,0.0,test_2,Mouse156_20151124_21-53-46
Full LSTM-256,investigation,1323,1327,5,0,0,0.0,test_2,Mouse156_20151124_21-53-46
Full LSTM-256,investigation,1341,1382,42,1,42,1.0,test_2,Mouse156_20151124_21-53-46
Full LSTM-256,attack,1383,1413,31,0,0,0.0,test_2,Mouse156_20151124_21-53-46
Full LSTM-256,investigation,1414,1420,7,0,0,0.0,test_2,Mouse156_20151124_21-53-46
Full LSTM-256,attack,1422,1479,58,1,24,0.41379310344827586,test_2,Mouse156_20151124_21-53-46
Full LSTM-256,investigation,1480,1504,25,1,17,0.68,test_2,Mouse156_20151124_21-53-46
Full LSTM-256,attack,1505,1511,7,0,0,0.0,test_2,Mouse156_20151124_21-53-46
Full LSTM-256,investigation,1512,1530,19,1,8,0.42105263157894735,test_2,Mouse156_20151124_21-53-46
Full LSTM-256,attack,1531,1545,15,0,0,0.0,test_2,Mouse156_20151124_21-53-46
Full LSTM-256,investigation,1547,1558,12,1,7,0.5833333333333334,test_2,Mouse156_20151124_21-53-46
Full LSTM-256,attack,1559,1566,8,0,0,0.0,test_2,Mouse156_20151124_21-53-46
Full LSTM-256,investigation,1567,1583,17,1,17,1.0,test_2,Mouse156_20151124_21-53-46
Full LSTM-256,attack,1584,1601,18,1,16,0.8888888888888888,test_2,Mouse156_20151124_21-53-46
Full LSTM-256,investigation,1602,1611,10,0,0,0.0,test_2,Mouse156_20151124_21-53-46
Full LSTM-256,attack,1612,1635,24,1,4,0.16666666666666666,test_2,Mouse156_20151124_21-53-46
Full LSTM-256,investigation,1636,1649,14,0,0,0.0,test_2,Mouse156_20151124_21-53-46
Full LSTM-256,attack,1652,1656,5,1,5,1.0,test_2,Mouse156_20151124_21-53-46
Full LSTM-256,investigation,1657,1664,8,0,0,0.0,test_2,Mouse156_20151124_21-53-46
Full LSTM-256,attack,1666,1681,16,1,14,0.875,test_2,Mouse156_20151124_21-53-46
Full LSTM-256,investigation,2405,2428,24,1,11,0.4583333333333333,test_2,Mouse156_20151124_21-53-46
Full LSTM-256,investigation,3281,3289,9,0,0,0.0,test_2,Mouse156_20151124_21-53-46
Full LSTM-256,investigation,3594,3596,3,0,0,0.0,test_2,Mouse156_20151124_21-53-46
Full LSTM-256,investigation,4044,4044,1,0,0,0.0,test_2,Mouse156_20151124_21-53-46
Full LSTM-256,investigation,4055,4062,8,1,8,1.0,test_2,Mouse156_20151124_21-53-46
Full LSTM-256,investigation,4129,4135,7,0,0,0.0,test_2,Mouse156_20151124_21-53-46
Full LSTM-256,investigation,4753,4754,2,0,0,0.0,test_2,Mouse156_20151124_21-53-46
Full LSTM-256,investigation,5089,5090,2,1,2,1.0,test_2,Mouse156_20151124_21-53-46
Full LSTM-256,investigation,5276,5278,3,0,0,0.0,test_2,Mouse156_20151124_21-53-46
Full attention-256,investigation,112,118,7,1,7,1.0,test_2,Mouse158_20151129_21-12-54
Full attention-256,investigation,138,142,5,1,5,1.0,test_2,Mouse158_20151129_21-12-54
Full attention-256,investigation,299,302,4,0,0,0.0,test_2,Mouse158_20151129_21-12-54
Full attention-256,investigation,538,606,69,1,69,1.0,test_2,Mouse158_20151129_21-12-54
Full attention-256,investigation,620,678,59,1,20,0.3389830508474576,test_2,Mouse158_20151129_21-12-54
Full attention-256,investigation,701,789,89,1,51,0.5730337078651685,test_2,Mouse158_20151129_21-12-54
Full attention-256,investigation,809,810,2,0,0,0.0,test_2,Mouse158_20151129_21-12-54
Full attention-256,investigation,1237,1245,9,0,0,0.0,test_2,Mouse158_20151129_21-12-54
Full attention-256,investigation,1441,1447,7,0,0,0.0,test_2,Mouse158_20151129_21-12-54
Full attention-256,investigation,1718,1724,7,0,0,0.0,test_2,Mouse158_20151129_21-12-54
Full attention-256,investigation,2484,2494,11,0,0,0.0,test_2,Mouse158_20151129_21-12-54
Full attention-256,investigation,2537,2575,39,1,39,1.0,test_2,Mouse158_20151129_21-12-54
Full attention-256,investigation,2589,2616,28,1,3,0.10714285714285714,test_2,Mouse158_20151129_21-12-54
Full attention-256,attack,2617,2648,32,1,32,1.0,test_2,Mouse158_20151129_21-12-54
Full attention-256,investigation,2673,2729,57,1,57,1.0,test_2,Mouse158_20151129_21-12-54
Full attention-256,attack,2731,2809,79,1,74,0.9367088607594937,test_2,Mouse158_20151129_21-12-54
Full attention-256,investigation,3298,3346,49,1,30,0.6122448979591837,test_2,Mouse158_20151129_21-12-54
Full attention-256,attack,3348,3361,14,1,14,1.0,test_2,Mouse158_20151129_21-12-54
Full attention-256,investigation,3379,3414,36,1,29,0.8055555555555556,test_2,Mouse158_20151129_21-12-54
Full attention-256,attack,3416,3570,155,1,152,0.9806451612903225,test_2,Mouse158_20151129_21-12-54
Full attention-256,investigation,3611,3630,20,1,5,0.25,test_2,Mouse158_20151129_21-12-54
Full attention-256,attack,3632,3647,16,1,16,1.0,test_2,Mouse158_20151129_21-12-54
Full attention-256,investigation,3666,3681,16,0,0,0.0,test_2,Mouse158_20151129_21-12-54
Full attention-256,investigation,4304,4324,21,0,0,0.0,test_2,Mouse158_20151129_21-12-54
Full attention-256,attack,4326,4617,292,1,292,1.0,test_2,Mouse158_20151129_21-12-54
Full attention-256,investigation,5074,5088,15,1,14,0.9333333333333333,test_2,Mouse158_20151129_21-12-54
Full attention-256,investigation,5462,5464,3,0,0,0.0,test_2,Mouse158_20151129_21-12-54
Full attention-256,investigation,5812,5814,3,1,3,1.0,test_2,Mouse158_20151129_21-12-54
Full attention-256,investigation,5819,5840,22,1,21,0.9545454545454546,test_2,Mouse158_20151129_21-12-54
Full attention-256,attack,5842,5980,139,1,139,1.0,test_2,Mouse158_20151129_21-12-54
Full attention-256,investigation,6134,6136,3,0,0,0.0,test_2,Mouse158_20151129_21-12-54
Full attention-256,investigation,6426,6430,5,1,5,1.0,test_2,Mouse158_20151129_21-12-54
Full attention-256,investigation,6561,6568,8,0,0,0.0,test_2,Mouse158_20151129_21-12-54
Full attention-256,investigation,6602,6606,5,0,0,0.0,test_2,Mouse158_20151129_21-12-54
Full attention-256,investigation,6667,6672,6,0,0,0.0,test_2,Mouse158_20151129_21-12-54
Full attention-256,investigation,6872,6880,9,1,9,1.0,test_2,Mouse158_20151129_21-12-54
Full attention-256,investigation,6906,6938,33,1,33,1.0,test_2,Mouse158_20151129_21-12-54
Full attention-256,investigation,7148,7153,6,1,6,1.0,test_2,Mouse158_20151129_21-12-54
Full attention-256,investigation,7166,7173,8,1,8,1.0,test_2,Mouse158_20151129_21-12-54
Full attention-256,investigation,7180,7193,14,1,14,1.0,test_2,Mouse158_20151129_21-12-54
Full attention-256,investigation,7232,7244,13,1,13,1.0,test_2,Mouse158_20151129_21-12-54
Full attention-256,investigation,7266,7273,8,0,0,0.0,test_2,Mouse158_20151129_21-12-54
Full attention-256,investigation,7533,7537,5,1,3,0.6,test_2,Mouse158_20151129_21-12-54
Full attention-256,investigation,7874,7878,5,0,0,0.0,test_2,Mouse158_20151129_21-12-54
Full attention-256,investigation,8339,8357,19,0,0,0.0,test_2,Mouse158_20151129_21-12-54
Full attention-256,attack,8510,8510,1,0,0,0.0,test_2,Mouse158_20151129_21-12-54
Full attention-256,attack,8561,8564,4,1,4,1.0,test_2,Mouse158_20151129_21-12-54
Full attention-256,investigation,8819,8824,6,0,0,0.0,test_2,Mouse158_20151129_21-12-54
Full attention-256,investigation,9800,9827,28,1,24,0.8571428571428571,test_2,Mouse158_20151129_21-12-54
Full LSTM-256,investigation,112,118,7,1,7,1.0,test_2,Mouse158_20151129_21-12-54
Full LSTM-256,investigation,138,142,5,1,5,1.0,test_2,Mouse158_20151129_21-12-54
Full LSTM-256,investigation,299,302,4,0,0,0.0,test_2,Mouse158_20151129_21-12-54
Full LSTM-256,investigation,538,606,69,1,69,1.0,test_2,Mouse158_20151129_21-12-54
Full LSTM-256,investigation,620,678,59,1,20,0.3389830508474576,test_2,Mouse158_20151129_21-12-54
Full LSTM-256,investigation,701,789,89,1,67,0.7528089887640449,test_2,Mouse158_20151129_21-12-54
Full LSTM-256,investigation,809,810,2,0,0,0.0,test_2,Mouse158_20151129_21-12-54
Full LSTM-256,investigation,1237,1245,9,0,0,0.0,test_2,Mouse158_20151129_21-12-54
Full LSTM-256,investigation,1441,1447,7,0,0,0.0,test_2,Mouse158_20151129_21-12-54
Full LSTM-256,investigation,1718,1724,7,0,0,0.0,test_2,Mouse158_20151129_21-12-54
Full LSTM-256,investigation,2484,2494,11,0,0,0.0,test_2,Mouse158_20151129_21-12-54
Full LSTM-256,investigation,2537,2575,39,1,39,1.0,test_2,Mouse158_20151129_21-12-54
Full LSTM-256,investigation,2589,2616,28,1,19,0.6785714285714286,test_2,Mouse158_20151129_21-12-54
Full LSTM-256,attack,2617,2648,32,1,32,1.0,test_2,Mouse158_20151129_21-12-54
Full LSTM-256,investigation,2673,2729,57,1,57,1.0,test_2,Mouse158_20151129_21-12-54
Full LSTM-256,attack,2731,2809,79,1,74,0.9367088607594937,test_2,Mouse158_20151129_21-12-54
Full LSTM-256,investigation,3298,3346,49,1,30,0.6122448979591837,test_2,Mouse158_20151129_21-12-54
Full LSTM-256,attack,3348,3361,14,1,14,1.0,test_2,Mouse158_20151129_21-12-54
Full LSTM-256,investigation,3379,3414,36,1,29,0.8055555555555556,test_2,Mouse158_20151129_21-12-54
Full LSTM-256,attack,3416,3570,155,1,152,0.9806451612903225,test_2,Mouse158_20151129_21-12-54
Full LSTM-256,investigation,3611,3630,20,0,0,0.0,test_2,Mouse158_20151129_21-12-54
Full LSTM-256,attack,3632,3647,16,1,16,1.0,test_2,Mouse158_20151129_21-12-54
Full LSTM-256,investigation,3666,3681,16,0,0,0.0,test_2,Mouse158_20151129_21-12-54
Full LSTM-256,investigation,4304,4324,21,0,0,0.0,test_2,Mouse158_20151129_21-12-54
Full LSTM-256,attack,4326,4617,292,1,292,1.0,test_2,Mouse158_20151129_21-12-54
Full LSTM-256,investigation,5074,5088,15,0,0,0.0,test_2,Mouse158_20151129_21-12-54
Full LSTM-256,investigation,5462,5464,3,0,0,0.0,test_2,Mouse158_20151129_21-12-54
Full LSTM-256,investigation,5812,5814,3,1,3,1.0,test_2,Mouse158_20151129_21-12-54
Full LSTM-256,investigation,5819,5840,22,1,21,0.9545454545454546,test_2,Mouse158_20151129_21-12-54
Full LSTM-256,attack,5842,5980,139,1,139,1.0,test_2,Mouse158_20151129_21-12-54
Full LSTM-256,investigation,6134,6136,3,0,0,0.0,test_2,Mouse158_20151129_21-12-54
Full LSTM-256,investigation,6426,6430,5,1,5,1.0,test_2,Mouse158_20151129_21-12-54
Full LSTM-256,investigation,6561,6568,8,0,0,0.0,test_2,Mouse158_20151129_21-12-54
Full LSTM-256,investigation,6602,6606,5,0,0,0.0,test_2,Mouse158_20151129_21-12-54
Full LSTM-256,investigation,6667,6672,6,0,0,0.0,test_2,Mouse158_20151129_21-12-54
Full LSTM-256,investigation,6872,6880,9,1,9,1.0,test_2,Mouse158_20151129_21-12-54
Full LSTM-256,investigation,6906,6938,33,1,33,1.0,test_2,Mouse158_20151129_21-12-54
Full LSTM-256,investigation,7148,7153,6,1,6,1.0,test_2,Mouse158_20151129_21-12-54
Full LSTM-256,investigation,7166,7173,8,1,8,1.0,test_2,Mouse158_20151129_21-12-54
Full LSTM-256,investigation,7180,7193,14,1,14,1.0,test_2,Mouse158_20151129_21-12-54
Full LSTM-256,investigation,7232,7244,13,0,0,0.0,test_2,Mouse158_20151129_21-12-54
Full LSTM-256,investigation,7266,7273,8,0,0,0.0,test_2,Mouse158_20151129_21-12-54
Full LSTM-256,investigation,7533,7537,5,0,0,0.0,test_2,Mouse158_20151129_21-12-54
Full LSTM-256,investigation,7874,7878,5,0,0,0.0,test_2,Mouse158_20151129_21-12-54
Full LSTM-256,investigation,8339,8357,19,0,0,0.0,test_2,Mouse158_20151129_21-12-54
Full LSTM-256,attack,8510,8510,1,0,0,0.0,test_2,Mouse158_20151129_21-12-54
Full LSTM-256,attack,8561,8564,4,0,0,0.0,test_2,Mouse158_20151129_21-12-54
Full LSTM-256,investigation,8819,8824,6,0,0,0.0,test_2,Mouse158_20151129_21-12-54
Full LSTM-256,investigation,9800,9827,28,1,8,0.2857142857142857,test_2,Mouse158_20151129_21-12-54
Full attention-256,attack,6,61,56,1,56,1.0,test_2,Mouse159_20151129_20-48-38
Full attention-256,investigation,88,97,10,0,0,0.0,test_2,Mouse159_20151129_20-48-38
Full attention-256,attack,99,140,42,1,42,1.0,test_2,Mouse159_20151129_20-48-38
Full attention-256,attack,178,232,55,1,55,1.0,test_2,Mouse159_20151129_20-48-38
Full attention-256,investigation,248,277,30,1,16,0.5333333333333333,test_2,Mouse159_20151129_20-48-38
Full attention-256,attack,279,322,44,1,44,1.0,test_2,Mouse159_20151129_20-48-38
Full attention-256,investigation,353,379,27,1,15,0.5555555555555556,test_2,Mouse159_20151129_20-48-38
Full attention-256,attack,381,463,83,2,67,0.8072289156626506,test_2,Mouse159_20151129_20-48-38
Full attention-256,investigation,466,501,36,0,0,0.0,test_2,Mouse159_20151129_20-48-38
Full attention-256,attack,502,590,89,1,89,1.0,test_2,Mouse159_20151129_20-48-38
Full attention-256,investigation,591,617,27,0,0,0.0,test_2,Mouse159_20151129_20-48-38
Full attention-256,investigation,1362,1369,8,1,8,1.0,test_2,Mouse159_20151129_20-48-38
Full attention-256,investigation,1385,1440,56,1,56,1.0,test_2,Mouse159_20151129_20-48-38
Full attention-256,investigation,1565,1567,3,0,0,0.0,test_2,Mouse159_20151129_20-48-38
Full attention-256,investigation,1839,1897,59,1,59,1.0,test_2,Mouse159_20151129_20-48-38
Full attention-256,investigation,1919,2044,126,1,113,0.8968253968253969,test_2,Mouse159_20151129_20-48-38
Full attention-256,attack,2045,2110,66,1,51,0.7727272727272727,test_2,Mouse159_20151129_20-48-38
Full attention-256,investigation,2111,2123,13,0,0,0.0,test_2,Mouse159_20151129_20-48-38
Full attention-256,attack,2124,2154,31,1,27,0.8709677419354839,test_2,Mouse159_20151129_20-48-38
Full attention-256,investigation,2155,2188,34,0,0,0.0,test_2,Mouse159_20151129_20-48-38
Full attention-256,attack,2189,2243,55,1,55,1.0,test_2,Mouse159_20151129_20-48-38
Full attention-256,investigation,2263,2314,52,0,0,0.0,test_2,Mouse159_20151129_20-48-38
Full attention-256,attack,2317,2345,29,1,26,0.896551724137931,test_2,Mouse159_20151129_20-48-38
Full attention-256,investigation,2432,2548,117,1,112,0.9572649572649573,test_2,Mouse159_20151129_20-48-38
Full attention-256,investigation,3450,3451,2,0,0,0.0,test_2,Mouse159_20151129_20-48-38
Full attention-256,investigation,3832,3910,79,1,72,0.9113924050632911,test_2,Mouse159_20151129_20-48-38
Full attention-256,mount,3912,3940,29,1,29,1.0,test_2,Mouse159_20151129_20-48-38
Full attention-256,investigation,3949,3960,12,0,0,0.0,test_2,Mouse159_20151129_20-48-38
Full attention-256,attack,3962,4099,138,1,116,0.8405797101449275,test_2,Mouse159_20151129_20-48-38
Full attention-256,investigation,4100,4122,23,0,0,0.0,test_2,Mouse159_20151129_20-48-38
Full attention-256,attack,4124,4144,21,1,20,0.9523809523809523,test_2,Mouse159_20151129_20-48-38
Full attention-256,investigation,4145,4170,26,1,26,1.0,test_2,Mouse159_20151129_20-48-38
Full attention-256,investigation,4189,4209,21,1,21,1.0,test_2,Mouse159_20151129_20-48-38
Full attention-256,investigation,4219,4256,38,1,37,0.9736842105263158,test_2,Mouse159_20151129_20-48-38
Full attention-256,investigation,4315,4330,16,0,0,0.0,test_2,Mouse159_20151129_20-48-38
Full attention-256,investigation,4419,4426,8,0,0,0.0,test_2,Mouse159_20151129_20-48-38
Full attention-256,investigation,4882,4896,15,1,14,0.9333333333333333,test_2,Mouse159_20151129_20-48-38
Full attention-256,investigation,5243,5262,20,1,20,1.0,test_2,Mouse159_20151129_20-48-38
Full attention-256,investigation,5401,5406,6,0,0,0.0,test_2,Mouse159_20151129_20-48-38
Full attention-256,investigation,5527,5529,3,0,0,0.0,test_2,Mouse159_20151129_20-48-38
Full attention-256,investigation,5796,5805,10,1,10,1.0,test_2,Mouse159_20151129_20-48-38
Full attention-256,investigation,5831,5860,30,1,25,0.8333333333333334,test_2,Mouse159_20151129_20-48-38
Full attention-256,investigation,6012,6019,8,0,0,0.0,test_2,Mouse159_20151129_20-48-38
Full attention-256,investigation,6269,6272,4,0,0,0.0,test_2,Mouse159_20151129_20-48-38
Full attention-256,investigation,6676,6685,10,1,10,1.0,test_2,Mouse159_20151129_20-48-38
Full attention-256,investigation,6714,6746,33,1,33,1.0,test_2,Mouse159_20151129_20-48-38
Full attention-256,investigation,6818,7005,188,1,188,1.0,test_2,Mouse159_20151129_20-48-38
Full attention-256,investigation,7233,7236,4,0,0,0.0,test_2,Mouse159_20151129_20-48-38
Full attention-256,investigation,7319,7332,14,1,14,1.0,test_2,Mouse159_20151129_20-48-38
Full attention-256,investigation,7365,7370,6,1,6,1.0,test_2,Mouse159_20151129_20-48-38
Full LSTM-256,attack,6,61,56,1,56,1.0,test_2,Mouse159_20151129_20-48-38
Full LSTM-256,investigation,88,97,10,0,0,0.0,test_2,Mouse159_20151129_20-48-38
Full LSTM-256,attack,99,140,42,1,42,1.0,test_2,Mouse159_20151129_20-48-38
Full LSTM-256,attack,178,232,55,1,55,1.0,test_2,Mouse159_20151129_20-48-38
Full LSTM-256,investigation,248,277,30,1,16,0.5333333333333333,test_2,Mouse159_20151129_20-48-38
Full LSTM-256,attack,279,322,44,1,44,1.0,test_2,Mouse159_20151129_20-48-38
Full LSTM-256,investigation,353,379,27,1,27,1.0,test_2,Mouse159_20151129_20-48-38
Full LSTM-256,attack,381,463,83,1,48,0.5783132530120482,test_2,Mouse159_20151129_20-48-38
Full LSTM-256,investigation,466,501,36,0,0,0.0,test_2,Mouse159_20151129_20-48-38
Full LSTM-256,attack,502,590,89,2,73,0.8202247191011236,test_2,Mouse159_20151129_20-48-38
Full LSTM-256,investigation,591,617,27,1,10,0.37037037037037035,test_2,Mouse159_20151129_20-48-38
Full LSTM-256,investigation,1362,1369,8,1,8,1.0,test_2,Mouse159_20151129_20-48-38
Full LSTM-256,investigation,1385,1440,56,1,56,1.0,test_2,Mouse159_20151129_20-48-38
Full LSTM-256,investigation,1565,1567,3,0,0,0.0,test_2,Mouse159_20151129_20-48-38
Full LSTM-256,investigation,1839,1897,59,1,58,0.9830508474576272,test_2,Mouse159_20151129_20-48-38
Full LSTM-256,investigation,1919,2044,126,1,126,1.0,test_2,Mouse159_20151129_20-48-38
Full LSTM-256,attack,2045,2110,66,1,48,0.7272727272727273,test_2,Mouse159_20151129_20-48-38
Full LSTM-256,investigation,2111,2123,13,0,0,0.0,test_2,Mouse159_20151129_20-48-38
Full LSTM-256,attack,2124,2154,31,1,27,0.8709677419354839,test_2,Mouse159_20151129_20-48-38
Full LSTM-256,investigation,2155,2188,34,0,0,0.0,test_2,Mouse159_20151129_20-48-38
Full LSTM-256,attack,2189,2243,55,1,55,1.0,test_2,Mouse159_20151129_20-48-38
Full LSTM-256,investigation,2263,2314,52,1,9,0.17307692307692307,test_2,Mouse159_20151129_20-48-38
Full LSTM-256,attack,2317,2345,29,1,26,0.896551724137931,test_2,Mouse159_20151129_20-48-38
Full LSTM-256,investigation,2432,2548,117,1,112,0.9572649572649573,test_2,Mouse159_20151129_20-48-38
Full LSTM-256,investigation,3450,3451,2,0,0,0.0,test_2,Mouse159_20151129_20-48-38
Full LSTM-256,investigation,3832,3910,79,1,56,0.7088607594936709,test_2,Mouse159_20151129_20-48-38
Full LSTM-256,mount,3912,3940,29,1,29,1.0,test_2,Mouse159_20151129_20-48-38
Full LSTM-256,investigation,3949,3960,12,0,0,0.0,test_2,Mouse159_20151129_20-48-38
Full LSTM-256,attack,3962,4099,138,2,80,0.5797101449275363,test_2,Mouse159_20151129_20-48-38
Full LSTM-256,investigation,4100,4122,23,1,12,0.5217391304347826,test_2,Mouse159_20151129_20-48-38
Full LSTM-256,attack,4124,4144,21,1,20,0.9523809523809523,test_2,Mouse159_20151129_20-48-38
Full LSTM-256,investigation,4145,4170,26,1,26,1.0,test_2,Mouse159_20151129_20-48-38
Full LSTM-256,investigation,4189,4209,21,1,21,1.0,test_2,Mouse159_20151129_20-48-38
Full LSTM-256,investigation,4219,4256,38,1,37,0.9736842105263158,test_2,Mouse159_20151129_20-48-38
Full LSTM-256,investigation,4315,4330,16,0,0,0.0,test_2,Mouse159_20151129_20-48-38
Full LSTM-256,investigation,4419,4426,8,0,0,0.0,test_2,Mouse159_20151129_20-48-38
Full LSTM-256,investigation,4882,4896,15,0,0,0.0,test_2,Mouse159_20151129_20-48-38
Full LSTM-256,investigation,5243,5262,20,1,20,1.0,test_2,Mouse159_20151129_20-48-38
Full LSTM-256,investigation,5401,5406,6,0,0,0.0,test_2,Mouse159_20151129_20-48-38
Full LSTM-256,investigation,5527,5529,3,0,0,0.0,test_2,Mouse159_20151129_20-48-38
Full LSTM-256,investigation,5796,5805,10,1,10,1.0,test_2,Mouse159_20151129_20-48-38
Full LSTM-256,investigation,5831,5860,30,1,25,0.8333333333333334,test_2,Mouse159_20151129_20-48-38
Full LSTM-256,investigation,6012,6019,8,0,0,0.0,test_2,Mouse159_20151129_20-48-38
Full LSTM-256,investigation,6269,6272,4,0,0,0.0,test_2,Mouse159_20151129_20-48-38
Full LSTM-256,investigation,6676,6685,10,1,10,1.0,test_2,Mouse159_20151129_20-48-38
Full LSTM-256,investigation,6714,6746,33,1,33,1.0,test_2,Mouse159_20151129_20-48-38
Full LSTM-256,investigation,6818,7005,188,1,188,1.0,test_2,Mouse159_20151129_20-48-38
Full LSTM-256,investigation,7233,7236,4,0,0,0.0,test_2,Mouse159_20151129_20-48-38
Full LSTM-256,investigation,7319,7332,14,1,14,1.0,test_2,Mouse159_20151129_20-48-38
Full LSTM-256,investigation,7365,7370,6,0,0,0.0,test_2,Mouse159_20151129_20-48-38
Full attention-256,investigation,43,81,39,1,37,0.9487179487179487,test_2,Mouse159_20151129_20-57-31
Full attention-256,attack,83,216,134,1,134,1.0,test_2,Mouse159_20151129_20-57-31
Full attention-256,investigation,538,538,1,0,0,0.0,test_2,Mouse159_20151129_20-57-31
Full attention-256,investigation,555,616,62,1,62,1.0,test_2,Mouse159_20151129_20-57-31
Full attention-256,investigation,819,827,9,0,0,0.0,test_2,Mouse159_20151129_20-57-31
Full attention-256,investigation,851,851,1,1,1,1.0,test_2,Mouse159_20151129_20-57-31
Full attention-256,investigation,871,895,25,1,25,1.0,test_2,Mouse159_20151129_20-57-31
Full attention-256,attack,897,946,50,1,50,1.0,test_2,Mouse159_20151129_20-57-31
Full attention-256,investigation,1011,1028,18,0,0,0.0,test_2,Mouse159_20151129_20-57-31
Full attention-256,attack,1030,1228,199,1,186,0.9346733668341709,test_2,Mouse159_20151129_20-57-31
Full attention-256,investigation,1301,1307,7,0,0,0.0,test_2,Mouse159_20151129_20-57-31
Full attention-256,investigation,1911,1912,2,0,0,0.0,test_2,Mouse159_20151129_20-57-31
Full attention-256,investigation,1918,1919,2,0,0,0.0,test_2,Mouse159_20151129_20-57-31
Full attention-256,investigation,2826,2840,15,1,9,0.6,test_2,Mouse159_20151129_20-57-31
Full attention-256,investigation,3625,3631,7,0,0,0.0,test_2,Mouse159_20151129_20-57-31
Full attention-256,investigation,3774,3790,17,0,0,0.0,test_2,Mouse159_20151129_20-57-31
Full LSTM-256,investigation,43,81,39,1,32,0.8205128205128205,test_2,Mouse159_20151129_20-57-31
Full LSTM-256,attack,83,216,134,1,134,1.0,test_2,Mouse159_20151129_20-57-31
Full LSTM-256,investigation,538,538,1,0,0,0.0,test_2,Mouse159_20151129_20-57-31
Full LSTM-256,investigation,555,616,62,1,53,0.8548387096774194,test_2,Mouse159_20151129_20-57-31
Full LSTM-256,investigation,819,827,9,0,0,0.0,test_2,Mouse159_20151129_20-57-31
Full LSTM-256,investigation,851,851,1,0,0,0.0,test_2,Mouse159_20151129_20-57-31
Full LSTM-256,investigation,871,895,25,1,25,1.0,test_2,Mouse159_20151129_20-57-31
Full LSTM-256,attack,897,946,50,1,47,0.94,test_2,Mouse159_20151129_20-57-31
Full LSTM-256,investigation,1011,1028,18,1,13,0.7222222222222222,test_2,Mouse159_20151129_20-57-31
Full LSTM-256,attack,1030,1228,199,1,186,0.9346733668341709,test_2,Mouse159_20151129_20-57-31
Full LSTM-256,investigation,1301,1307,7,0,0,0.0,test_2,Mouse159_20151129_20-57-31
Full LSTM-256,investigation,1911,1912,2,0,0,0.0,test_2,Mouse159_20151129_20-57-31
Full LSTM-256,investigation,1918,1919,2,0,0,0.0,test_2,Mouse159_20151129_20-57-31
Full LSTM-256,investigation,2826,2840,15,0,0,0.0,test_2,Mouse159_20151129_20-57-31
Full LSTM-256,investigation,3625,3631,7,0,0,0.0,test_2,Mouse159_20151129_20-57-31
Full LSTM-256,investigation,3774,3790,17,0,0,0.0,test_2,Mouse159_20151129_20-57-31
Full attention-256,investigation,5,479,475,1,475,1.0,test_2,Mouse627_20181026_17-29-36_01994-09560
Full attention-256,investigation,607,745,139,1,129,0.9280575539568345,test_2,Mouse627_20181026_17-29-36_01994-09560
Full attention-256,investigation,840,860,21,1,21,1.0,test_2,Mouse627_20181026_17-29-36_01994-09560
Full attention-256,investigation,905,1073,169,2,153,0.9053254437869822,test_2,Mouse627_20181026_17-29-36_01994-09560
Full attention-256,investigation,1100,1147,48,1,48,1.0,test_2,Mouse627_20181026_17-29-36_01994-09560
Full attention-256,investigation,1199,1220,22,1,17,0.7727272727272727,test_2,Mouse627_20181026_17-29-36_01994-09560
Full attention-256,investigation,1349,1407,59,1,59,1.0,test_2,Mouse627_20181026_17-29-36_01994-09560
Full attention-256,investigation,1495,1973,479,2,457,0.954070981210856,test_2,Mouse627_20181026_17-29-36_01994-09560
Full attention-256,investigation,2074,2090,17,1,17,1.0,test_2,Mouse627_20181026_17-29-36_01994-09560
Full attention-256,investigation,2316,2401,86,1,86,1.0,test_2,Mouse627_20181026_17-29-36_01994-09560
Full attention-256,investigation,2492,2621,130,1,130,1.0,test_2,Mouse627_20181026_17-29-36_01994-09560
Full attention-256,investigation,2689,2717,29,1,29,1.0,test_2,Mouse627_20181026_17-29-36_01994-09560
Full attention-256,investigation,2861,3031,171,1,171,1.0,test_2,Mouse627_20181026_17-29-36_01994-09560
Full attention-256,investigation,3073,3250,178,1,175,0.9831460674157303,test_2,Mouse627_20181026_17-29-36_01994-09560
Full attention-256,investigation,3363,3368,6,0,0,0.0,test_2,Mouse627_20181026_17-29-36_01994-09560
Full attention-256,investigation,3460,3530,71,1,71,1.0,test_2,Mouse627_20181026_17-29-36_01994-09560
Full attention-256,investigation,3700,3865,166,1,166,1.0,test_2,Mouse627_20181026_17-29-36_01994-09560
Full attention-256,investigation,3901,3923,23,1,23,1.0,test_2,Mouse627_20181026_17-29-36_01994-09560
Full attention-256,investigation,4119,4172,54,1,54,1.0,test_2,Mouse627_20181026_17-29-36_01994-09560
Full attention-256,mount,4174,4265,92,1,80,0.8695652173913043,test_2,Mouse627_20181026_17-29-36_01994-09560
Full attention-256,investigation,4285,4343,59,1,51,0.864406779661017,test_2,Mouse627_20181026_17-29-36_01994-09560
Full attention-256,investigation,4382,4389,8,1,2,0.25,test_2,Mouse627_20181026_17-29-36_01994-09560
Full attention-256,mount,4391,4450,60,1,57,0.95,test_2,Mouse627_20181026_17-29-36_01994-09560
Full attention-256,investigation,4603,4644,42,1,21,0.5,test_2,Mouse627_20181026_17-29-36_01994-09560
Full attention-256,mount,4646,4690,45,1,45,1.0,test_2,Mouse627_20181026_17-29-36_01994-09560
Full attention-256,investigation,4828,4843,16,0,0,0.0,test_2,Mouse627_20181026_17-29-36_01994-09560
Full attention-256,mount,4845,4948,104,1,104,1.0,test_2,Mouse627_20181026_17-29-36_01994-09560
Full attention-256,investigation,5219,5226,8,1,8,1.0,test_2,Mouse627_20181026_17-29-36_01994-09560
Full attention-256,investigation,5538,5548,11,0,0,0.0,test_2,Mouse627_20181026_17-29-36_01994-09560
Full attention-256,mount,5550,5662,113,1,113,1.0,test_2,Mouse627_20181026_17-29-36_01994-09560
Full attention-256,investigation,5818,5831,14,1,6,0.42857142857142855,test_2,Mouse627_20181026_17-29-36_01994-09560
Full attention-256,investigation,6290,6332,43,1,30,0.6976744186046512,test_2,Mouse627_20181026_17-29-36_01994-09560
Full attention-256,mount,6334,6433,100,1,98,0.98,test_2,Mouse627_20181026_17-29-36_01994-09560
Full attention-256,investigation,6516,6533,18,1,12,0.6666666666666666,test_2,Mouse627_20181026_17-29-36_01994-09560
Full attention-256,mount,6535,6620,86,1,86,1.0,test_2,Mouse627_20181026_17-29-36_01994-09560
Full attention-256,investigation,7029,7044,16,0,0,0.0,test_2,Mouse627_20181026_17-29-36_01994-09560
Full attention-256,mount,7046,7092,47,1,42,0.8936170212765957,test_2,Mouse627_20181026_17-29-36_01994-09560
Full attention-256,investigation,7363,7383,21,1,13,0.6190476190476191,test_2,Mouse627_20181026_17-29-36_01994-09560
Full attention-256,mount,7385,7496,112,1,112,1.0,test_2,Mouse627_20181026_17-29-36_01994-09560
Full LSTM-256,investigation,5,479,475,1,475,1.0,test_2,Mouse627_20181026_17-29-36_01994-09560
Full LSTM-256,investigation,607,745,139,1,129,0.9280575539568345,test_2,Mouse627_20181026_17-29-36_01994-09560
Full LSTM-256,investigation,840,860,21,1,21,1.0,test_2,Mouse627_20181026_17-29-36_01994-09560
Full LSTM-256,investigation,905,1073,169,2,137,0.8106508875739645,test_2,Mouse627_20181026_17-29-36_01994-09560
Full LSTM-256,investigation,1100,1147,48,1,48,1.0,test_2,Mouse627_20181026_17-29-36_01994-09560
Full LSTM-256,investigation,1199,1220,22,1,17,0.7727272727272727,test_2,Mouse627_20181026_17-29-36_01994-09560
Full LSTM-256,investigation,1349,1407,59,1,59,1.0,test_2,Mouse627_20181026_17-29-36_01994-09560
Full LSTM-256,investigation,1495,1973,479,2,441,0.9206680584551148,test_2,Mouse627_20181026_17-29-36_01994-09560
Full LSTM-256,investigation,2074,2090,17,1,17,1.0,test_2,Mouse627_20181026_17-29-36_01994-09560
Full LSTM-256,investigation,2316,2401,86,1,82,0.9534883720930233,test_2,Mouse627_20181026_17-29-36_01994-09560
Full LSTM-256,investigation,2492,2621,130,1,130,1.0,test_2,Mouse627_20181026_17-29-36_01994-09560
Full LSTM-256,investigation,2689,2717,29,1,29,1.0,test_2,Mouse627_20181026_17-29-36_01994-09560
Full LSTM-256,investigation,2861,3031,171,1,171,1.0,test_2,Mouse627_20181026_17-29-36_01994-09560
Full LSTM-256,investigation,3073,3250,178,1,175,0.9831460674157303,test_2,Mouse627_20181026_17-29-36_01994-09560
Full LSTM-256,investigation,3363,3368,6,0,0,0.0,test_2,Mouse627_20181026_17-29-36_01994-09560
Full LSTM-256,investigation,3460,3530,71,1,60,0.8450704225352113,test_2,Mouse627_20181026_17-29-36_01994-09560
Full LSTM-256,investigation,3700,3865,166,1,166,1.0,test_2,Mouse627_20181026_17-29-36_01994-09560
Full LSTM-256,investigation,3901,3923,23,1,23,1.0,test_2,Mouse627_20181026_17-29-36_01994-09560
Full LSTM-256,investigation,4119,4172,54,1,54,1.0,test_2,Mouse627_20181026_17-29-36_01994-09560
Full LSTM-256,mount,4174,4265,92,1,80,0.8695652173913043,test_2,Mouse627_20181026_17-29-36_01994-09560
Full LSTM-256,investigation,4285,4343,59,1,51,0.864406779661017,test_2,Mouse627_20181026_17-29-36_01994-09560
Full LSTM-256,investigation,4382,4389,8,1,2,0.25,test_2,Mouse627_20181026_17-29-36_01994-09560
Full LSTM-256,mount,4391,4450,60,1,57,0.95,test_2,Mouse627_20181026_17-29-36_01994-09560
Full LSTM-256,investigation,4603,4644,42,1,16,0.38095238095238093,test_2,Mouse627_20181026_17-29-36_01994-09560
Full LSTM-256,mount,4646,4690,45,1,42,0.9333333333333333,test_2,Mouse627_20181026_17-29-36_01994-09560
Full LSTM-256,investigation,4828,4843,16,0,0,0.0,test_2,Mouse627_20181026_17-29-36_01994-09560
Full LSTM-256,mount,4845,4948,104,1,99,0.9519230769230769,test_2,Mouse627_20181026_17-29-36_01994-09560
Full LSTM-256,investigation,5219,5226,8,0,0,0.0,test_2,Mouse627_20181026_17-29-36_01994-09560
Full LSTM-256,investigation,5538,5548,11,1,11,1.0,test_2,Mouse627_20181026_17-29-36_01994-09560
Full LSTM-256,mount,5550,5662,113,1,111,0.9823008849557522,test_2,Mouse627_20181026_17-29-36_01994-09560
Full LSTM-256,investigation,5818,5831,14,1,6,0.42857142857142855,test_2,Mouse627_20181026_17-29-36_01994-09560
Full LSTM-256,investigation,6290,6332,43,1,30,0.6976744186046512,test_2,Mouse627_20181026_17-29-36_01994-09560
Full LSTM-256,mount,6334,6433,100,1,98,0.98,test_2,Mouse627_20181026_17-29-36_01994-09560
Full LSTM-256,investigation,6516,6533,18,1,12,0.6666666666666666,test_2,Mouse627_20181026_17-29-36_01994-09560
Full LSTM-256,mount,6535,6620,86,1,73,0.8488372093023255,test_2,Mouse627_20181026_17-29-36_01994-09560
Full LSTM-256,investigation,7029,7044,16,1,11,0.6875,test_2,Mouse627_20181026_17-29-36_01994-09560
Full LSTM-256,mount,7046,7092,47,1,42,0.8936170212765957,test_2,Mouse627_20181026_17-29-36_01994-09560
Full LSTM-256,investigation,7363,7383,21,1,13,0.6190476190476191,test_2,Mouse627_20181026_17-29-36_01994-09560
Full LSTM-256,mount,7385,7496,112,1,112,1.0,test_2,Mouse627_20181026_17-29-36_01994-09560
Full attention-256,investigation,5,20,16,0,0,0.0,test_2,Mouse627_20181026_17-29-36_10191-15523
Full attention-256,investigation,104,197,94,1,94,1.0,test_2,Mouse627_20181026_17-29-36_10191-15523
Full attention-256,investigation,330,801,472,1,470,0.9957627118644068,test_2,Mouse627_20181026_17-29-36_10191-15523
Full attention-256,investigation,988,1061,74,2,58,0.7837837837837838,test_2,Mouse627_20181026_17-29-36_10191-15523
Full attention-256,investigation,1073,1089,17,1,15,0.8823529411764706,test_2,Mouse627_20181026_17-29-36_10191-15523
Full attention-256,investigation,1216,1236,21,1,21,1.0,test_2,Mouse627_20181026_17-29-36_10191-15523
Full attention-256,investigation,1307,1311,5,1,5,1.0,test_2,Mouse627_20181026_17-29-36_10191-15523
Full attention-256,investigation,1347,1378,32,1,29,0.90625,test_2,Mouse627_20181026_17-29-36_10191-15523
Full attention-256,investigation,1582,1590,9,1,9,1.0,test_2,Mouse627_20181026_17-29-36_10191-15523
Full attention-256,investigation,1624,1665,42,1,40,0.9523809523809523,test_2,Mouse627_20181026_17-29-36_10191-15523
Full attention-256,investigation,1804,1832,29,1,20,0.6896551724137931,test_2,Mouse627_20181026_17-29-36_10191-15523
Full attention-256,investigation,1930,1941,12,1,12,1.0,test_2,Mouse627_20181026_17-29-36_10191-15523
Full attention-256,investigation,2020,2242,223,1,223,1.0,test_2,Mouse627_20181026_17-29-36_10191-15523
Full attention-256,investigation,2265,2288,24,1,23,0.9583333333333334,test_2,Mouse627_20181026_17-29-36_10191-15523
Full attention-256,investigation,2391,2413,23,1,23,1.0,test_2,Mouse627_20181026_17-29-36_10191-15523
Full attention-256,investigation,2550,2559,10,0,0,0.0,test_2,Mouse627_20181026_17-29-36_10191-15523
Full attention-256,mount,2561,2589,29,1,15,0.5172413793103449,test_2,Mouse627_20181026_17-29-36_10191-15523
Full attention-256,investigation,2591,2608,18,1,18,1.0,test_2,Mouse627_20181026_17-29-36_10191-15523
Full attention-256,investigation,2621,2633,13,1,3,0.23076923076923078,test_2,Mouse627_20181026_17-29-36_10191-15523
Full attention-256,mount,2635,2680,46,1,21,0.45652173913043476,test_2,Mouse627_20181026_17-29-36_10191-15523
Full attention-256,investigation,2758,2761,4,0,0,0.0,test_2,Mouse627_20181026_17-29-36_10191-15523
Full attention-256,investigation,2946,2959,14,1,14,1.0,test_2,Mouse627_20181026_17-29-36_10191-15523
Full attention-256,mount,2961,3184,224,1,192,0.8571428571428571,test_2,Mouse627_20181026_17-29-36_10191-15523
Full attention-256,investigation,3239,3258,20,1,9,0.45,test_2,Mouse627_20181026_17-29-36_10191-15523
Full attention-256,investigation,3378,3401,24,1,24,1.0,test_2,Mouse627_20181026_17-29-36_10191-15523
Full attention-256,investigation,3628,3647,20,1,20,1.0,test_2,Mouse627_20181026_17-29-36_10191-15523
Full attention-256,mount,3649,3724,76,1,63,0.8289473684210527,test_2,Mouse627_20181026_17-29-36_10191-15523
Full attention-256,investigation,3854,3862,9,0,0,0.0,test_2,Mouse627_20181026_17-29-36_10191-15523
Full attention-256,investigation,3988,4003,16,0,0,0.0,test_2,Mouse627_20181026_17-29-36_10191-15523
Full attention-256,mount,4005,4095,91,1,75,0.8241758241758241,test_2,Mouse627_20181026_17-29-36_10191-15523
Full attention-256,investigation,4465,4479,15,0,0,0.0,test_2,Mouse627_20181026_17-29-36_10191-15523
Full attention-256,mount,4481,4607,127,1,95,0.7480314960629921,test_2,Mouse627_20181026_17-29-36_10191-15523
Full LSTM-256,investigation,5,20,16,0,0,0.0,test_2,Mouse627_20181026_17-29-36_10191-15523
Full LSTM-256,investigation,104,197,94,1,94,1.0,test_2,Mouse627_20181026_17-29-36_10191-15523
Full LSTM-256,investigation,330,801,472,1,470,0.9957627118644068,test_2,Mouse627_20181026_17-29-36_10191-15523
Full LSTM-256,investigation,988,1061,74,1,70,0.9459459459459459,test_2,Mouse627_20181026_17-29-36_10191-15523
Full LSTM-256,investigation,1073,1089,17,0,0,0.0,test_2,Mouse627_20181026_17-29-36_10191-15523
Full LSTM-256,investigation,1216,1236,21,1,21,1.0,test_2,Mouse627_20181026_17-29-36_10191-15523
Full LSTM-256,investigation,1307,1311,5,1,5,1.0,test_2,Mouse627_20181026_17-29-36_10191-15523
Full LSTM-256,investigation,1347,1378,32,1,29,0.90625,test_2,Mouse627_20181026_17-29-36_10191-15523
Full LSTM-256,investigation,1582,1590,9,1,9,1.0,test_2,Mouse627_20181026_17-29-36_10191-15523
Full LSTM-256,investigation,1624,1665,42,1,40,0.9523809523809523,test_2,Mouse627_20181026_17-29-36_10191-15523
Full LSTM-256,investigation,1804,1832,29,1,4,0.13793103448275862,test_2,Mouse627_20181026_17-29-36_10191-15523
Full LSTM-256,investigation,1930,1941,12,1,12,1.0,test_2,Mouse627_20181026_17-29-36_10191-15523
Full LSTM-256,investigation,2020,2242,223,1,223,1.0,test_2,Mouse627_20181026_17-29-36_10191-15523
Full LSTM-256,investigation,2265,2288,24,1,23,0.9583333333333334,test_2,Mouse627_20181026_17-29-36_10191-15523
Full LSTM-256,investigation,2391,2413,23,1,9,0.391304347826087,test_2,Mouse627_20181026_17-29-36_10191-15523
Full LSTM-256,investigation,2550,2559,10,1,10,1.0,test_2,Mouse627_20181026_17-29-36_10191-15523
Full LSTM-256,mount,2561,2589,29,1,29,1.0,test_2,Mouse627_20181026_17-29-36_10191-15523
Full LSTM-256,investigation,2591,2608,18,1,17,0.9444444444444444,test_2,Mouse627_20181026_17-29-36_10191-15523
Full LSTM-256,investigation,2621,2633,13,1,3,0.23076923076923078,test_2,Mouse627_20181026_17-29-36_10191-15523
Full LSTM-256,mount,2635,2680,46,1,21,0.45652173913043476,test_2,Mouse627_20181026_17-29-36_10191-15523
Full LSTM-256,investigation,2758,2761,4,0,0,0.0,test_2,Mouse627_20181026_17-29-36_10191-15523
Full LSTM-256,investigation,2946,2959,14,1,14,1.0,test_2,Mouse627_20181026_17-29-36_10191-15523
Full LSTM-256,mount,2961,3184,224,1,192,0.8571428571428571,test_2,Mouse627_20181026_17-29-36_10191-15523
Full LSTM-256,investigation,3239,3258,20,1,9,0.45,test_2,Mouse627_20181026_17-29-36_10191-15523
Full LSTM-256,investigation,3378,3401,24,1,24,1.0,test_2,Mouse627_20181026_17-29-36_10191-15523
Full LSTM-256,investigation,3628,3647,20,1,20,1.0,test_2,Mouse627_20181026_17-29-36_10191-15523
Full LSTM-256,mount,3649,3724,76,1,63,0.8289473684210527,test_2,Mouse627_20181026_17-29-36_10191-15523
Full LSTM-256,investigation,3854,3862,9,0,0,0.0,test_2,Mouse627_20181026_17-29-36_10191-15523
Full LSTM-256,investigation,3988,4003,16,0,0,0.0,test_2,Mouse627_20181026_17-29-36_10191-15523
Full LSTM-256,mount,4005,4095,91,1,91,1.0,test_2,Mouse627_20181026_17-29-36_10191-15523
Full LSTM-256,investigation,4465,4479,15,0,0,0.0,test_2,Mouse627_20181026_17-29-36_10191-15523
Full LSTM-256,mount,4481,4607,127,1,111,0.8740157480314961,test_2,Mouse627_20181026_17-29-36_10191-15523
Full attention-256,investigation,91,118,28,1,23,0.8214285714285714,test_2,Mouse627_20181026_17-29-36_16209-22286
Full attention-256,mount,119,217,99,1,90,0.9090909090909091,test_2,Mouse627_20181026_17-29-36_16209-22286
Full attention-256,investigation,295,310,16,0,0,0.0,test_2,Mouse627_20181026_17-29-36_16209-22286
Full attention-256,investigation,534,584,51,1,51,1.0,test_2,Mouse627_20181026_17-29-36_16209-22286
Full attention-256,investigation,617,624,8,1,7,0.875,test_2,Mouse627_20181026_17-29-36_16209-22286
Full attention-256,investigation,1198,1213,16,1,14,0.875,test_2,Mouse627_20181026_17-29-36_16209-22286
Full attention-256,mount,1215,1301,87,1,80,0.9195402298850575,test_2,Mouse627_20181026_17-29-36_16209-22286
Full attention-256,investigation,1369,1384,16,1,16,1.0,test_2,Mouse627_20181026_17-29-36_16209-22286
Full attention-256,investigation,1445,1459,15,1,11,0.7333333333333333,test_2,Mouse627_20181026_17-29-36_16209-22286
Full attention-256,mount,1461,1659,199,1,188,0.9447236180904522,test_2,Mouse627_20181026_17-29-36_16209-22286
Full attention-256,investigation,1661,1667,7,1,4,0.5714285714285714,test_2,Mouse627_20181026_17-29-36_16209-22286
Full attention-256,investigation,1677,1685,9,1,9,1.0,test_2,Mouse627_20181026_17-29-36_16209-22286
Full attention-256,investigation,1709,1726,18,1,18,1.0,test_2,Mouse627_20181026_17-29-36_16209-22286
Full attention-256,investigation,2369,2389,21,1,21,1.0,test_2,Mouse627_20181026_17-29-36_16209-22286
Full attention-256,mount,2391,2453,63,1,54,0.8571428571428571,test_2,Mouse627_20181026_17-29-36_16209-22286
Full attention-256,investigation,2455,2470,16,0,0,0.0,test_2,Mouse627_20181026_17-29-36_16209-22286
Full attention-256,mount,2472,2646,175,1,175,1.0,test_2,Mouse627_20181026_17-29-36_16209-22286
Full attention-256,investigation,3220,3250,31,1,16,0.5161290322580645,test_2,Mouse627_20181026_17-29-36_16209-22286
Full attention-256,mount,3252,3310,59,1,59,1.0,test_2,Mouse627_20181026_17-29-36_16209-22286
Full attention-256,investigation,3588,3605,18,1,12,0.6666666666666666,test_2,Mouse627_20181026_17-29-36_16209-22286
Full attention-256,mount,3607,3674,68,1,57,0.8382352941176471,test_2,Mouse627_20181026_17-29-36_16209-22286
Full attention-256,investigation,3976,4005,30,1,22,0.7333333333333333,test_2,Mouse627_20181026_17-29-36_16209-22286
Full attention-256,mount,4007,4117,111,1,96,0.8648648648648649,test_2,Mouse627_20181026_17-29-36_16209-22286
Full attention-256,investigation,4119,4129,11,1,9,0.8181818181818182,test_2,Mouse627_20181026_17-29-36_16209-22286
Full attention-256,investigation,4479,4505,27,1,26,0.9629629629629629,test_2,Mouse627_20181026_17-29-36_16209-22286
Full attention-256,mount,4507,4569,63,1,48,0.7619047619047619,test_2,Mouse627_20181026_17-29-36_16209-22286
Full attention-256,investigation,5237,5253,17,0,0,0.0,test_2,Mouse627_20181026_17-29-36_16209-22286
Full attention-256,mount,5255,5329,75,1,73,0.9733333333333334,test_2,Mouse627_20181026_17-29-36_16209-22286
Full attention-256,investigation,5525,5540,16,1,11,0.6875,test_2,Mouse627_20181026_17-29-36_16209-22286
Full attention-256,mount,5542,5605,64,1,64,1.0,test_2,Mouse627_20181026_17-29-36_16209-22286
Full attention-256,investigation,5607,5648,42,0,0,0.0,test_2,Mouse627_20181026_17-29-36_16209-22286
Full attention-256,mount,5650,5812,163,1,158,0.9693251533742331,test_2,Mouse627_20181026_17-29-36_16209-22286
Full LSTM-256,investigation,91,118,28,0,0,0.0,test_2,Mouse627_20181026_17-29-36_16209-22286
Full LSTM-256,mount,119,217,99,1,99,1.0,test_2,Mouse627_20181026_17-29-36_16209-22286
Full LSTM-256,investigation,295,310,16,0,0,0.0,test_2,Mouse627_20181026_17-29-36_16209-22286
Full LSTM-256,investigation,534,584,51,1,51,1.0,test_2,Mouse627_20181026_17-29-36_16209-22286
Full LSTM-256,investigation,617,624,8,1,7,0.875,test_2,Mouse627_20181026_17-29-36_16209-22286
Full LSTM-256,investigation,1198,1213,16,1,14,0.875,test_2,Mouse627_20181026_17-29-36_16209-22286
Full LSTM-256,mount,1215,1301,87,1,80,0.9195402298850575,test_2,Mouse627_20181026_17-29-36_16209-22286
Full LSTM-256,investigation,1369,1384,16,1,7,0.4375,test_2,Mouse627_20181026_17-29-36_16209-22286
Full LSTM-256,investigation,1445,1459,15,0,0,0.0,test_2,Mouse627_20181026_17-29-36_16209-22286
Full LSTM-256,mount,1461,1659,199,1,176,0.8844221105527639,test_2,Mouse627_20181026_17-29-36_16209-22286
Full LSTM-256,investigation,1661,1667,7,1,7,1.0,test_2,Mouse627_20181026_17-29-36_16209-22286
Full LSTM-256,investigation,1677,1685,9,1,9,1.0,test_2,Mouse627_20181026_17-29-36_16209-22286
Full LSTM-256,investigation,1709,1726,18,1,18,1.0,test_2,Mouse627_20181026_17-29-36_16209-22286
Full LSTM-256,investigation,2369,2389,21,1,21,1.0,test_2,Mouse627_20181026_17-29-36_16209-22286
Full LSTM-256,mount,2391,2453,63,1,54,0.8571428571428571,test_2,Mouse627_20181026_17-29-36_16209-22286
Full LSTM-256,investigation,2455,2470,16,0,0,0.0,test_2,Mouse627_20181026_17-29-36_16209-22286
Full LSTM-256,mount,2472,2646,175,1,175,1.0,test_2,Mouse627_20181026_17-29-36_16209-22286
Full LSTM-256,investigation,3220,3250,31,1,16,0.5161290322580645,test_2,Mouse627_20181026_17-29-36_16209-22286
Full LSTM-256,mount,3252,3310,59,1,59,1.0,test_2,Mouse627_20181026_17-29-36_16209-22286
Full LSTM-256,investigation,3588,3605,18,1,6,0.3333333333333333,test_2,Mouse627_20181026_17-29-36_16209-22286
Full LSTM-256,mount,3607,3674,68,1,48,0.7058823529411765,test_2,Mouse627_20181026_17-29-36_16209-22286
Full LSTM-256,investigation,3976,4005,30,0,0,0.0,test_2,Mouse627_20181026_17-29-36_16209-22286
Full LSTM-256,mount,4007,4117,111,1,111,1.0,test_2,Mouse627_20181026_17-29-36_16209-22286
Full LSTM-256,investigation,4119,4129,11,1,2,0.18181818181818182,test_2,Mouse627_20181026_17-29-36_16209-22286
Full LSTM-256,investigation,4479,4505,27,1,26,0.9629629629629629,test_2,Mouse627_20181026_17-29-36_16209-22286
Full LSTM-256,mount,4507,4569,63,1,48,0.7619047619047619,test_2,Mouse627_20181026_17-29-36_16209-22286
Full LSTM-256,investigation,5237,5253,17,1,11,0.6470588235294118,test_2,Mouse627_20181026_17-29-36_16209-22286
Full LSTM-256,mount,5255,5329,75,1,73,0.9733333333333334,test_2,Mouse627_20181026_17-29-36_16209-22286
Full LSTM-256,investigation,5525,5540,16,1,11,0.6875,test_2,Mouse627_20181026_17-29-36_16209-22286
Full LSTM-256,mount,5542,5605,64,1,64,1.0,test_2,Mouse627_20181026_17-29-36_16209-22286
Full LSTM-256,investigation,5607,5648,42,0,0,0.0,test_2,Mouse627_20181026_17-29-36_16209-22286
Full LSTM-256,mount,5650,5812,163,1,158,0.9693251533742331,test_2,Mouse627_20181026_17-29-36_16209-22286
Full attention-256,investigation,5,650,646,1,619,0.958204334365325,test_2,Mouse630_20181025_18-44-29_01807-21458
Full attention-256,mount,652,776,125,2,68,0.544,test_2,Mouse630_20181025_18-44-29_01807-21458
Full attention-256,investigation,778,1010,233,2,214,0.9184549356223176,test_2,Mouse630_20181025_18-44-29_01807-21458
Full attention-256,mount,1012,1336,325,1,316,0.9723076923076923,test_2,Mouse630_20181025_18-44-29_01807-21458
Full attention-256,investigation,1338,1544,207,1,207,1.0,test_2,Mouse630_20181025_18-44-29_01807-21458
Full attention-256,investigation,1669,1762,94,1,94,1.0,test_2,Mouse630_20181025_18-44-29_01807-21458
Full attention-256,mount,1764,1826,63,1,32,0.5079365079365079,test_2,Mouse630_20181025_18-44-29_01807-21458
Full attention-256,investigation,1828,1866,39,1,39,1.0,test_2,Mouse630_20181025_18-44-29_01807-21458
Full attention-256,investigation,2007,2119,113,1,105,0.9292035398230089,test_2,Mouse630_20181025_18-44-29_01807-21458
Full attention-256,investigation,2507,2706,200,1,200,1.0,test_2,Mouse630_20181025_18-44-29_01807-21458
Full attention-256,investigation,3047,3070,24,1,24,1.0,test_2,Mouse630_20181025_18-44-29_01807-21458
Full attention-256,mount,3072,3354,283,1,256,0.9045936395759717,test_2,Mouse630_20181025_18-44-29_01807-21458
Full attention-256,investigation,3387,3395,9,1,9,1.0,test_2,Mouse630_20181025_18-44-29_01807-21458
Full attention-256,investigation,3638,3660,23,1,23,1.0,test_2,Mouse630_20181025_18-44-29_01807-21458
Full attention-256,mount,3662,3757,96,1,80,0.8333333333333334,test_2,Mouse630_20181025_18-44-29_01807-21458
Full attention-256,investigation,3759,3784,26,1,26,1.0,test_2,Mouse630_20181025_18-44-29_01807-21458
Full attention-256,investigation,3996,4078,83,1,83,1.0,test_2,Mouse630_20181025_18-44-29_01807-21458
Full attention-256,mount,4080,4207,128,1,128,1.0,test_2,Mouse630_20181025_18-44-29_01807-21458
Full attention-256,investigation,4209,4255,47,1,47,1.0,test_2,Mouse630_20181025_18-44-29_01807-21458
Full attention-256,investigation,4509,4536,28,1,19,0.6785714285714286,test_2,Mouse630_20181025_18-44-29_01807-21458
Full attention-256,mount,4538,4619,82,1,82,1.0,test_2,Mouse630_20181025_18-44-29_01807-21458
Full attention-256,investigation,4621,4651,31,1,12,0.3870967741935484,test_2,Mouse630_20181025_18-44-29_01807-21458
Full attention-256,investigation,5183,5229,47,1,47,1.0,test_2,Mouse630_20181025_18-44-29_01807-21458
Full attention-256,investigation,6051,6072,22,1,22,1.0,test_2,Mouse630_20181025_18-44-29_01807-21458
Full attention-256,mount,6074,6179,106,1,96,0.9056603773584906,test_2,Mouse630_20181025_18-44-29_01807-21458
Full attention-256,investigation,6181,6279,99,1,91,0.9191919191919192,test_2,Mouse630_20181025_18-44-29_01807-21458
Full attention-256,mount,6281,6464,184,1,183,0.9945652173913043,test_2,Mouse630_20181025_18-44-29_01807-21458
Full attention-256,investigation,6466,6531,66,1,48,0.7272727272727273,test_2,Mouse630_20181025_18-44-29_01807-21458
Full attention-256,mount,6533,7020,488,1,488,1.0,test_2,Mouse630_20181025_18-44-29_01807-21458
Full attention-256,investigation,7567,7583,17,0,0,0.0,test_2,Mouse630_20181025_18-44-29_01807-21458
Full attention-256,mount,7585,8022,438,1,438,1.0,test_2,Mouse630_20181025_18-44-29_01807-21458
Full attention-256,investigation,8115,8123,9,1,9,1.0,test_2,Mouse630_20181025_18-44-29_01807-21458
Full attention-256,investigation,8479,8516,38,1,37,0.9736842105263158,test_2,Mouse630_20181025_18-44-29_01807-21458
Full attention-256,mount,8518,8723,206,1,192,0.9320388349514563,test_2,Mouse630_20181025_18-44-29_01807-21458
Full attention-256,investigation,8830,8854,25,1,25,1.0,test_2,Mouse630_20181025_18-44-29_01807-21458
Full attention-256,mount,8856,9398,543,1,528,0.9723756906077348,test_2,Mouse630_20181025_18-44-29_01807-21458
Full attention-256,investigation,9503,9514,12,1,12,1.0,test_2,Mouse630_20181025_18-44-29_01807-21458
Full attention-256,investigation,9550,9650,101,1,101,1.0,test_2,Mouse630_20181025_18-44-29_01807-21458
Full attention-256,investigation,10188,10213,26,1,22,0.8461538461538461,test_2,Mouse630_20181025_18-44-29_01807-21458
Full attention-256,mount,10215,10658,444,1,435,0.9797297297297297,test_2,Mouse630_20181025_18-44-29_01807-21458
Full attention-256,investigation,10731,10745,15,1,15,1.0,test_2,Mouse630_20181025_18-44-29_01807-21458
Full attention-256,investigation,10772,10789,18,1,18,1.0,test_2,Mouse630_20181025_18-44-29_01807-21458
Full attention-256,investigation,11072,11096,25,1,16,0.64,test_2,Mouse630_20181025_18-44-29_01807-21458
Full attention-256,mount,11098,11196,99,1,70,0.7070707070707071,test_2,Mouse630_20181025_18-44-29_01807-21458
Full attention-256,investigation,11265,11278,14,1,14,1.0,test_2,Mouse630_20181025_18-44-29_01807-21458
Full attention-256,mount,11280,11470,191,1,160,0.837696335078534,test_2,Mouse630_20181025_18-44-29_01807-21458
Full attention-256,investigation,11472,11535,64,1,64,1.0,test_2,Mouse630_20181025_18-44-29_01807-21458
Full attention-256,mount,11537,11614,78,1,78,1.0,test_2,Mouse630_20181025_18-44-29_01807-21458
Full attention-256,investigation,11646,11651,6,1,6,1.0,test_2,Mouse630_20181025_18-44-29_01807-21458
Full attention-256,investigation,11671,11686,16,1,9,0.5625,test_2,Mouse630_20181025_18-44-29_01807-21458
Full attention-256,mount,11688,11757,70,1,70,1.0,test_2,Mouse630_20181025_18-44-29_01807-21458
Full attention-256,investigation,11759,11841,83,1,80,0.963855421686747,test_2,Mouse630_20181025_18-44-29_01807-21458
Full attention-256,investigation,12150,12161,12,1,12,1.0,test_2,Mouse630_20181025_18-44-29_01807-21458
Full attention-256,mount,12163,12523,361,1,348,0.96398891966759,test_2,Mouse630_20181025_18-44-29_01807-21458
Full attention-256,investigation,12608,12631,24,1,16,0.6666666666666666,test_2,Mouse630_20181025_18-44-29_01807-21458
Full attention-256,investigation,13258,13360,103,1,96,0.9320388349514563,test_2,Mouse630_20181025_18-44-29_01807-21458
Full attention-256,investigation,13914,13921,8,0,0,0.0,test_2,Mouse630_20181025_18-44-29_01807-21458
Full attention-256,mount,13923,14345,423,1,423,1.0,test_2,Mouse630_20181025_18-44-29_01807-21458
Full attention-256,investigation,14785,14808,24,1,24,1.0,test_2,Mouse630_20181025_18-44-29_01807-21458
Full attention-256,mount,14810,15191,382,1,376,0.9842931937172775,test_2,Mouse630_20181025_18-44-29_01807-21458
Full attention-256,investigation,15446,15472,27,1,26,0.9629629629629629,test_2,Mouse630_20181025_18-44-29_01807-21458
Full attention-256,mount,15474,15546,73,1,62,0.8493150684931506,test_2,Mouse630_20181025_18-44-29_01807-21458
Full attention-256,investigation,15548,15638,91,1,91,1.0,test_2,Mouse630_20181025_18-44-29_01807-21458
Full attention-256,investigation,15949,15962,14,0,0,0.0,test_2,Mouse630_20181025_18-44-29_01807-21458
Full attention-256,mount,15964,16493,530,1,530,1.0,test_2,Mouse630_20181025_18-44-29_01807-21458
Full attention-256,investigation,16727,16756,30,1,25,0.8333333333333334,test_2,Mouse630_20181025_18-44-29_01807-21458
Full attention-256,mount,16758,17088,331,1,331,1.0,test_2,Mouse630_20181025_18-44-29_01807-21458
Full attention-256,investigation,17288,17409,122,1,120,0.9836065573770492,test_2,Mouse630_20181025_18-44-29_01807-21458
Full attention-256,investigation,17855,17883,29,1,28,0.9655172413793104,test_2,Mouse630_20181025_18-44-29_01807-21458
Full attention-256,mount,17885,18171,287,1,284,0.9895470383275261,test_2,Mouse630_20181025_18-44-29_01807-21458
Full attention-256,investigation,18660,18691,32,1,28,0.875,test_2,Mouse630_20181025_18-44-29_01807-21458
Full attention-256,mount,18692,18797,106,1,106,1.0,test_2,Mouse630_20181025_18-44-29_01807-21458
Full attention-256,investigation,18799,18830,32,0,0,0.0,test_2,Mouse630_20181025_18-44-29_01807-21458
Full attention-256,mount,18832,19247,416,1,416,1.0,test_2,Mouse630_20181025_18-44-29_01807-21458
Full attention-256,investigation,19562,19579,18,1,18,1.0,test_2,Mouse630_20181025_18-44-29_01807-21458
Full attention-256,mount,19581,19647,67,1,64,0.9552238805970149,test_2,Mouse630_20181025_18-44-29_01807-21458
Full LSTM-256,investigation,5,650,646,1,646,1.0,test_2,Mouse630_20181025_18-44-29_01807-21458
Full LSTM-256,mount,652,776,125,1,64,0.512,test_2,Mouse630_20181025_18-44-29_01807-21458
Full LSTM-256,investigation,778,1010,233,2,198,0.8497854077253219,test_2,Mouse630_20181025_18-44-29_01807-21458
Full LSTM-256,mount,1012,1336,325,1,316,0.9723076923076923,test_2,Mouse630_20181025_18-44-29_01807-21458
Full LSTM-256,investigation,1338,1544,207,1,207,1.0,test_2,Mouse630_20181025_18-44-29_01807-21458
Full LSTM-256,investigation,1669,1762,94,1,94,1.0,test_2,Mouse630_20181025_18-44-29_01807-21458
Full LSTM-256,mount,1764,1826,63,1,32,0.5079365079365079,test_2,Mouse630_20181025_18-44-29_01807-21458
Full LSTM-256,investigation,1828,1866,39,1,39,1.0,test_2,Mouse630_20181025_18-44-29_01807-21458
Full LSTM-256,investigation,2007,2119,113,1,105,0.9292035398230089,test_2,Mouse630_20181025_18-44-29_01807-21458
Full LSTM-256,investigation,2507,2706,200,1,200,1.0,test_2,Mouse630_20181025_18-44-29_01807-21458
Full LSTM-256,investigation,3047,3070,24,1,24,1.0,test_2,Mouse630_20181025_18-44-29_01807-21458
Full LSTM-256,mount,3072,3354,283,1,256,0.9045936395759717,test_2,Mouse630_20181025_18-44-29_01807-21458
Full LSTM-256,investigation,3387,3395,9,1,9,1.0,test_2,Mouse630_20181025_18-44-29_01807-21458
Full LSTM-256,investigation,3638,3660,23,1,23,1.0,test_2,Mouse630_20181025_18-44-29_01807-21458
Full LSTM-256,mount,3662,3757,96,1,80,0.8333333333333334,test_2,Mouse630_20181025_18-44-29_01807-21458
Full LSTM-256,investigation,3759,3784,26,1,26,1.0,test_2,Mouse630_20181025_18-44-29_01807-21458
Full LSTM-256,investigation,3996,4078,83,1,83,1.0,test_2,Mouse630_20181025_18-44-29_01807-21458
Full LSTM-256,mount,4080,4207,128,1,128,1.0,test_2,Mouse630_20181025_18-44-29_01807-21458
Full LSTM-256,investigation,4209,4255,47,1,47,1.0,test_2,Mouse630_20181025_18-44-29_01807-21458
Full LSTM-256,investigation,4509,4536,28,1,28,1.0,test_2,Mouse630_20181025_18-44-29_01807-21458
Full LSTM-256,mount,4538,4619,82,1,76,0.926829268292683,test_2,Mouse630_20181025_18-44-29_01807-21458
Full LSTM-256,investigation,4621,4651,31,1,12,0.3870967741935484,test_2,Mouse630_20181025_18-44-29_01807-21458
Full LSTM-256,investigation,5183,5229,47,1,47,1.0,test_2,Mouse630_20181025_18-44-29_01807-21458
Full LSTM-256,investigation,6051,6072,22,1,22,1.0,test_2,Mouse630_20181025_18-44-29_01807-21458
Full LSTM-256,mount,6074,6179,106,1,96,0.9056603773584906,test_2,Mouse630_20181025_18-44-29_01807-21458
Full LSTM-256,investigation,6181,6279,99,1,91,0.9191919191919192,test_2,Mouse630_20181025_18-44-29_01807-21458
Full LSTM-256,mount,6281,6464,184,1,183,0.9945652173913043,test_2,Mouse630_20181025_18-44-29_01807-21458
Full LSTM-256,investigation,6466,6531,66,1,32,0.48484848484848486,test_2,Mouse630_20181025_18-44-29_01807-21458
Full LSTM-256,mount,6533,7020,488,1,488,1.0,test_2,Mouse630_20181025_18-44-29_01807-21458
Full LSTM-256,investigation,7567,7583,17,1,16,0.9411764705882353,test_2,Mouse630_20181025_18-44-29_01807-21458
Full LSTM-256,mount,7585,8022,438,1,438,1.0,test_2,Mouse630_20181025_18-44-29_01807-21458
Full LSTM-256,investigation,8115,8123,9,0,0,0.0,test_2,Mouse630_20181025_18-44-29_01807-21458
Full LSTM-256,investigation,8479,8516,38,1,37,0.9736842105263158,test_2,Mouse630_20181025_18-44-29_01807-21458
Full LSTM-256,mount,8518,8723,206,1,192,0.9320388349514563,test_2,Mouse630_20181025_18-44-29_01807-21458
Full LSTM-256,investigation,8830,8854,25,1,25,1.0,test_2,Mouse630_20181025_18-44-29_01807-21458
Full LSTM-256,mount,8856,9398,543,1,528,0.9723756906077348,test_2,Mouse630_20181025_18-44-29_01807-21458
Full LSTM-256,investigation,9503,9514,12,1,12,1.0,test_2,Mouse630_20181025_18-44-29_01807-21458
Full LSTM-256,investigation,9550,9650,101,1,101,1.0,test_2,Mouse630_20181025_18-44-29_01807-21458
Full LSTM-256,investigation,10188,10213,26,1,22,0.8461538461538461,test_2,Mouse630_20181025_18-44-29_01807-21458
Full LSTM-256,mount,10215,10658,444,1,435,0.9797297297297297,test_2,Mouse630_20181025_18-44-29_01807-21458
Full LSTM-256,investigation,10731,10745,15,1,15,1.0,test_2,Mouse630_20181025_18-44-29_01807-21458
Full LSTM-256,investigation,10772,10789,18,1,18,1.0,test_2,Mouse630_20181025_18-44-29_01807-21458
Full LSTM-256,investigation,11072,11096,25,1,16,0.64,test_2,Mouse630_20181025_18-44-29_01807-21458
Full LSTM-256,mount,11098,11196,99,1,70,0.7070707070707071,test_2,Mouse630_20181025_18-44-29_01807-21458
Full LSTM-256,investigation,11265,11278,14,1,14,1.0,test_2,Mouse630_20181025_18-44-29_01807-21458
Full LSTM-256,mount,11280,11470,191,1,176,0.9214659685863874,test_2,Mouse630_20181025_18-44-29_01807-21458
Full LSTM-256,investigation,11472,11535,64,1,64,1.0,test_2,Mouse630_20181025_18-44-29_01807-21458
Full LSTM-256,mount,11537,11614,78,1,63,0.8076923076923077,test_2,Mouse630_20181025_18-44-29_01807-21458
Full LSTM-256,investigation,11646,11651,6,1,6,1.0,test_2,Mouse630_20181025_18-44-29_01807-21458
Full LSTM-256,investigation,11671,11686,16,1,9,0.5625,test_2,Mouse630_20181025_18-44-29_01807-21458
Full LSTM-256,mount,11688,11757,70,1,70,1.0,test_2,Mouse630_20181025_18-44-29_01807-21458
Full LSTM-256,investigation,11759,11841,83,1,48,0.5783132530120482,test_2,Mouse630_20181025_18-44-29_01807-21458
Full LSTM-256,investigation,12150,12161,12,1,12,1.0,test_2,Mouse630_20181025_18-44-29_01807-21458
Full LSTM-256,mount,12163,12523,361,1,348,0.96398891966759,test_2,Mouse630_20181025_18-44-29_01807-21458
Full LSTM-256,investigation,12608,12631,24,1,16,0.6666666666666666,test_2,Mouse630_20181025_18-44-29_01807-21458
Full LSTM-256,investigation,13258,13360,103,2,80,0.7766990291262136,test_2,Mouse630_20181025_18-44-29_01807-21458
Full LSTM-256,investigation,13914,13921,8,1,6,0.75,test_2,Mouse630_20181025_18-44-29_01807-21458
Full LSTM-256,mount,13923,14345,423,1,423,1.0,test_2,Mouse630_20181025_18-44-29_01807-21458
Full LSTM-256,investigation,14785,14808,24,1,24,1.0,test_2,Mouse630_20181025_18-44-29_01807-21458
Full LSTM-256,mount,14810,15191,382,1,376,0.9842931937172775,test_2,Mouse630_20181025_18-44-29_01807-21458
Full LSTM-256,investigation,15446,15472,27,1,26,0.9629629629629629,test_2,Mouse630_20181025_18-44-29_01807-21458
Full LSTM-256,mount,15474,15546,73,1,73,1.0,test_2,Mouse630_20181025_18-44-29_01807-21458
Full LSTM-256,investigation,15548,15638,91,1,87,0.9560439560439561,test_2,Mouse630_20181025_18-44-29_01807-21458
Full LSTM-256,investigation,15949,15962,14,0,0,0.0,test_2,Mouse630_20181025_18-44-29_01807-21458
Full LSTM-256,mount,15964,16493,530,1,530,1.0,test_2,Mouse630_20181025_18-44-29_01807-21458
Full LSTM-256,investigation,16727,16756,30,1,25,0.8333333333333334,test_2,Mouse630_20181025_18-44-29_01807-21458
Full LSTM-256,mount,16758,17088,331,1,331,1.0,test_2,Mouse630_20181025_18-44-29_01807-21458
Full LSTM-256,investigation,17288,17409,122,1,120,0.9836065573770492,test_2,Mouse630_20181025_18-44-29_01807-21458
Full LSTM-256,investigation,17855,17883,29,1,28,0.9655172413793104,test_2,Mouse630_20181025_18-44-29_01807-21458
Full LSTM-256,mount,17885,18171,287,1,284,0.9895470383275261,test_2,Mouse630_20181025_18-44-29_01807-21458
Full LSTM-256,investigation,18660,18691,32,1,28,0.875,test_2,Mouse630_20181025_18-44-29_01807-21458
Full LSTM-256,mount,18692,18797,106,1,106,1.0,test_2,Mouse630_20181025_18-44-29_01807-21458
Full LSTM-256,investigation,18799,18830,32,0,0,0.0,test_2,Mouse630_20181025_18-44-29_01807-21458
Full LSTM-256,mount,18832,19247,416,1,416,1.0,test_2,Mouse630_20181025_18-44-29_01807-21458
Full LSTM-256,investigation,19562,19579,18,1,18,1.0,test_2,Mouse630_20181025_18-44-29_01807-21458
Full LSTM-256,mount,19581,19647,67,1,64,0.9552238805970149,test_2,Mouse630_20181025_18-44-29_01807-21458
Full attention-256,investigation,5,44,40,1,40,1.0,test_2,Mouse630_20181025_18-44-29_21460-30528
Full attention-256,mount,45,119,75,1,48,0.64,test_2,Mouse630_20181025_18-44-29_21460-30528
Full attention-256,investigation,121,246,126,1,126,1.0,test_2,Mouse630_20181025_18-44-29_21460-30528
Full attention-256,mount,248,403,156,1,112,0.717948717948718,test_2,Mouse630_20181025_18-44-29_21460-30528
Full attention-256,investigation,531,540,10,0,0,0.0,test_2,Mouse630_20181025_18-44-29_21460-30528
Full attention-256,investigation,637,652,16,1,16,1.0,test_2,Mouse630_20181025_18-44-29_21460-30528
Full attention-256,mount,654,1059,406,1,404,0.9950738916256158,test_2,Mouse630_20181025_18-44-29_21460-30528
Full attention-256,investigation,1256,1376,121,1,121,1.0,test_2,Mouse630_20181025_18-44-29_21460-30528
Full attention-256,mount,1378,1695,318,1,304,0.9559748427672956,test_2,Mouse630_20181025_18-44-29_21460-30528
Full attention-256,investigation,1877,1949,73,1,59,0.8082191780821918,test_2,Mouse630_20181025_18-44-29_21460-30528
Full attention-256,investigation,1977,1984,8,1,8,1.0,test_2,Mouse630_20181025_18-44-29_21460-30528
Full attention-256,mount,1986,2112,127,1,96,0.7559055118110236,test_2,Mouse630_20181025_18-44-29_21460-30528
Full attention-256,investigation,2114,2141,28,1,14,0.5,test_2,Mouse630_20181025_18-44-29_21460-30528
Full attention-256,investigation,2300,2315,16,1,16,1.0,test_2,Mouse630_20181025_18-44-29_21460-30528
Full attention-256,mount,2317,2482,166,1,160,0.963855421686747,test_2,Mouse630_20181025_18-44-29_21460-30528
Full attention-256,investigation,2484,2504,21,1,12,0.5714285714285714,test_2,Mouse630_20181025_18-44-29_21460-30528
Full attention-256,investigation,3455,3466,12,1,11,0.9166666666666666,test_2,Mouse630_20181025_18-44-29_21460-30528
Full attention-256,mount,3468,3880,413,1,409,0.9903147699757869,test_2,Mouse630_20181025_18-44-29_21460-30528
Full attention-256,investigation,4272,4312,41,1,32,0.7804878048780488,test_2,Mouse630_20181025_18-44-29_21460-30528
Full attention-256,mount,4314,4704,391,1,391,1.0,test_2,Mouse630_20181025_18-44-29_21460-30528
Full attention-256,investigation,4807,4836,30,1,25,0.8333333333333334,test_2,Mouse630_20181025_18-44-29_21460-30528
Full attention-256,investigation,5142,5172,31,1,26,0.8387096774193549,test_2,Mouse630_20181025_18-44-29_21460-30528
Full attention-256,mount,5174,5549,376,1,376,1.0,test_2,Mouse630_20181025_18-44-29_21460-30528
Full attention-256,investigation,5754,5803,50,1,38,0.76,test_2,Mouse630_20181025_18-44-29_21460-30528
Full attention-256,investigation,6493,6501,9,1,3,0.3333333333333333,test_2,Mouse630_20181025_18-44-29_21460-30528
Full attention-256,mount,6503,6813,311,1,297,0.954983922829582,test_2,Mouse630_20181025_18-44-29_21460-30528
Full attention-256,investigation,7031,7049,19,0,0,0.0,test_2,Mouse630_20181025_18-44-29_21460-30528
Full attention-256,investigation,7357,7386,30,1,30,1.0,test_2,Mouse630_20181025_18-44-29_21460-30528
Full attention-256,mount,7388,7477,90,1,80,0.8888888888888888,test_2,Mouse630_20181025_18-44-29_21460-30528
Full attention-256,investigation,7479,7488,10,0,0,0.0,test_2,Mouse630_20181025_18-44-29_21460-30528
Full attention-256,investigation,7680,7741,62,1,48,0.7741935483870968,test_2,Mouse630_20181025_18-44-29_21460-30528
Full attention-256,mount,7743,8271,529,1,529,1.0,test_2,Mouse630_20181025_18-44-29_21460-30528
Full attention-256,investigation,8855,8928,74,1,74,1.0,test_2,Mouse630_20181025_18-44-29_21460-30528
Full LSTM-256,investigation,5,44,40,1,16,0.4,test_2,Mouse630_20181025_18-44-29_21460-30528
Full LSTM-256,mount,45,119,75,1,51,0.68,test_2,Mouse630_20181025_18-44-29_21460-30528
Full LSTM-256,investigation,121,246,126,1,126,1.0,test_2,Mouse630_20181025_18-44-29_21460-30528
Full LSTM-256,mount,248,403,156,1,112,0.717948717948718,test_2,Mouse630_20181025_18-44-29_21460-30528
Full LSTM-256,investigation,531,540,10,0,0,0.0,test_2,Mouse630_20181025_18-44-29_21460-30528
Full LSTM-256,investigation,637,652,16,1,16,1.0,test_2,Mouse630_20181025_18-44-29_21460-30528
Full LSTM-256,mount,654,1059,406,1,404,0.9950738916256158,test_2,Mouse630_20181025_18-44-29_21460-30528
Full LSTM-256,investigation,1256,1376,121,1,121,1.0,test_2,Mouse630_20181025_18-44-29_21460-30528
Full LSTM-256,mount,1378,1695,318,1,304,0.9559748427672956,test_2,Mouse630_20181025_18-44-29_21460-30528
Full LSTM-256,investigation,1877,1949,73,1,59,0.8082191780821918,test_2,Mouse630_20181025_18-44-29_21460-30528
Full LSTM-256,investigation,1977,1984,8,0,0,0.0,test_2,Mouse630_20181025_18-44-29_21460-30528
Full LSTM-256,mount,1986,2112,127,1,110,0.8661417322834646,test_2,Mouse630_20181025_18-44-29_21460-30528
Full LSTM-256,investigation,2114,2141,28,1,14,0.5,test_2,Mouse630_20181025_18-44-29_21460-30528
Full LSTM-256,investigation,2300,2315,16,1,16,1.0,test_2,Mouse630_20181025_18-44-29_21460-30528
Full LSTM-256,mount,2317,2482,166,1,160,0.963855421686747,test_2,Mouse630_20181025_18-44-29_21460-30528
Full LSTM-256,investigation,2484,2504,21,0,0,0.0,test_2,Mouse630_20181025_18-44-29_21460-30528
Full LSTM-256,investigation,3455,3466,12,1,11,0.9166666666666666,test_2,Mouse630_20181025_18-44-29_21460-30528
Full LSTM-256,mount,3468,3880,413,1,409,0.9903147699757869,test_2,Mouse630_20181025_18-44-29_21460-30528
Full LSTM-256,investigation,4272,4312,41,1,41,1.0,test_2,Mouse630_20181025_18-44-29_21460-30528
Full LSTM-256,mount,4314,4704,391,1,385,0.9846547314578005,test_2,Mouse630_20181025_18-44-29_21460-30528
Full LSTM-256,investigation,4807,4836,30,1,25,0.8333333333333334,test_2,Mouse630_20181025_18-44-29_21460-30528
Full LSTM-256,investigation,5142,5172,31,1,26,0.8387096774193549,test_2,Mouse630_20181025_18-44-29_21460-30528
Full LSTM-256,mount,5174,5549,376,1,362,0.9627659574468085,test_2,Mouse630_20181025_18-44-29_21460-30528
Full LSTM-256,investigation,5754,5803,50,1,22,0.44,test_2,Mouse630_20181025_18-44-29_21460-30528
Full LSTM-256,investigation,6493,6501,9,1,3,0.3333333333333333,test_2,Mouse630_20181025_18-44-29_21460-30528
Full LSTM-256,mount,6503,6813,311,1,281,0.9035369774919614,test_2,Mouse630_20181025_18-44-29_21460-30528
Full LSTM-256,investigation,7031,7049,19,0,0,0.0,test_2,Mouse630_20181025_18-44-29_21460-30528
Full LSTM-256,investigation,7357,7386,30,1,30,1.0,test_2,Mouse630_20181025_18-44-29_21460-30528
Full LSTM-256,mount,7388,7477,90,1,64,0.7111111111111111,test_2,Mouse630_20181025_18-44-29_21460-30528
Full LSTM-256,investigation,7479,7488,10,0,0,0.0,test_2,Mouse630_20181025_18-44-29_21460-30528
Full LSTM-256,investigation,7680,7741,62,1,46,0.7419354838709677,test_2,Mouse630_20181025_18-44-29_21460-30528
Full LSTM-256,mount,7743,8271,529,1,528,0.998109640831758,test_2,Mouse630_20181025_18-44-29_21460-30528
Full LSTM-256,investigation,8855,8928,74,1,74,1.0,test_2,Mouse630_20181025_18-44-29_21460-30528
Full attention-256,investigation,35,984,950,2,934,0.9831578947368421,test_2,Mouse835-female_20200325_18-28-49_10767-24391
Full attention-256,investigation,1180,1194,15,1,15,1.0,test_2,Mouse835-female_20200325_18-28-49_10767-24391
Full attention-256,investigation,1430,1495,66,1,66,1.0,test_2,Mouse835-female_20200325_18-28-49_10767-24391
Full attention-256,investigation,1519,1531,13,1,13,1.0,test_2,Mouse835-female_20200325_18-28-49_10767-24391
Full attention-256,investigation,1549,1555,7,1,7,1.0,test_2,Mouse835-female_20200325_18-28-49_10767-24391
Full attention-256,investigation,1863,1911,49,1,49,1.0,test_2,Mouse835-female_20200325_18-28-49_10767-24391
Full attention-256,investigation,1927,1934,8,1,8,1.0,test_2,Mouse835-female_20200325_18-28-49_10767-24391
Full attention-256,investigation,2050,2069,20,1,20,1.0,test_2,Mouse835-female_20200325_18-28-49_10767-24391
Full attention-256,investigation,2296,2335,40,1,40,1.0,test_2,Mouse835-female_20200325_18-28-49_10767-24391
Full attention-256,investigation,2472,2646,175,1,175,1.0,test_2,Mouse835-female_20200325_18-28-49_10767-24391
Full attention-256,investigation,2879,2895,17,1,17,1.0,test_2,Mouse835-female_20200325_18-28-49_10767-24391
Full attention-256,mount,2896,3030,135,1,135,1.0,test_2,Mouse835-female_20200325_18-28-49_10767-24391
Full attention-256,investigation,3031,3105,75,1,66,0.88,test_2,Mouse835-female_20200325_18-28-49_10767-24391
Full attention-256,investigation,3351,3472,122,1,121,0.9918032786885246,test_2,Mouse835-female_20200325_18-28-49_10767-24391
Full attention-256,investigation,3660,3680,21,1,20,0.9523809523809523,test_2,Mouse835-female_20200325_18-28-49_10767-24391
Full attention-256,investigation,3733,3774,42,1,42,1.0,test_2,Mouse835-female_20200325_18-28-49_10767-24391
Full attention-256,investigation,3796,3803,8,1,8,1.0,test_2,Mouse835-female_20200325_18-28-49_10767-24391
Full attention-256,investigation,4191,4224,34,1,33,0.9705882352941176,test_2,Mouse835-female_20200325_18-28-49_10767-24391
Full attention-256,investigation,4614,4667,54,1,54,1.0,test_2,Mouse835-female_20200325_18-28-49_10767-24391
Full attention-256,mount,4668,4783,116,1,64,0.5517241379310345,test_2,Mouse835-female_20200325_18-28-49_10767-24391
Full attention-256,investigation,4889,4915,27,1,23,0.8518518518518519,test_2,Mouse835-female_20200325_18-28-49_10767-24391
Full attention-256,investigation,5351,5370,20,0,0,0.0,test_2,Mouse835-female_20200325_18-28-49_10767-24391
Full attention-256,investigation,5392,5475,84,1,80,0.9523809523809523,test_2,Mouse835-female_20200325_18-28-49_10767-24391
Full attention-256,investigation,5978,6552,575,1,575,1.0,test_2,Mouse835-female_20200325_18-28-49_10767-24391
Full attention-256,investigation,6619,6627,9,0,0,0.0,test_2,Mouse835-female_20200325_18-28-49_10767-24391
Full attention-256,investigation,6773,6877,105,1,105,1.0,test_2,Mouse835-female_20200325_18-28-49_10767-24391
Full attention-256,investigation,7161,7180,20,1,20,1.0,test_2,Mouse835-female_20200325_18-28-49_10767-24391
Full attention-256,investigation,7315,7330,16,0,0,0.0,test_2,Mouse835-female_20200325_18-28-49_10767-24391
Full attention-256,investigation,7347,7402,56,1,27,0.48214285714285715,test_2,Mouse835-female_20200325_18-28-49_10767-24391
Full attention-256,mount,7403,7558,156,1,144,0.9230769230769231,test_2,Mouse835-female_20200325_18-28-49_10767-24391
Full attention-256,investigation,7559,7564,6,1,6,1.0,test_2,Mouse835-female_20200325_18-28-49_10767-24391
Full attention-256,investigation,7600,7642,43,1,32,0.7441860465116279,test_2,Mouse835-female_20200325_18-28-49_10767-24391
Full attention-256,mount,7643,7702,60,1,53,0.8833333333333333,test_2,Mouse835-female_20200325_18-28-49_10767-24391
Full attention-256,investigation,7703,7756,54,1,54,1.0,test_2,Mouse835-female_20200325_18-28-49_10767-24391
Full attention-256,investigation,7823,7830,8,1,8,1.0,test_2,Mouse835-female_20200325_18-28-49_10767-24391
Full attention-256,investigation,8034,8119,86,1,86,1.0,test_2,Mouse835-female_20200325_18-28-49_10767-24391
Full attention-256,mount,8120,8789,670,1,662,0.9880597014925373,test_2,Mouse835-female_20200325_18-28-49_10767-24391
Full attention-256,investigation,8791,8821,31,0,0,0.0,test_2,Mouse835-female_20200325_18-28-49_10767-24391
Full attention-256,investigation,9415,9424,10,0,0,0.0,test_2,Mouse835-female_20200325_18-28-49_10767-24391
Full attention-256,investigation,10048,10069,22,1,16,0.7272727272727273,test_2,Mouse835-female_20200325_18-28-49_10767-24391
Full attention-256,investigation,10231,10359,129,1,129,1.0,test_2,Mouse835-female_20200325_18-28-49_10767-24391
Full attention-256,investigation,10807,10876,70,1,70,1.0,test_2,Mouse835-female_20200325_18-28-49_10767-24391
Full attention-256,mount,10877,10933,57,1,32,0.5614035087719298,test_2,Mouse835-female_20200325_18-28-49_10767-24391
Full attention-256,investigation,10934,11035,102,1,90,0.8823529411764706,test_2,Mouse835-female_20200325_18-28-49_10767-24391
Full attention-256,mount,11036,12054,1019,1,1019,1.0,test_2,Mouse835-female_20200325_18-28-49_10767-24391
Full attention-256,investigation,12056,12124,69,1,45,0.6521739130434783,test_2,Mouse835-female_20200325_18-28-49_10767-24391
Full attention-256,investigation,12429,12583,155,1,147,0.9483870967741935,test_2,Mouse835-female_20200325_18-28-49_10767-24391
Full attention-256,mount,12585,12957,373,1,373,1.0,test_2,Mouse835-female_20200325_18-28-49_10767-24391
Full attention-256,investigation,12958,12985,28,0,0,0.0,test_2,Mouse835-female_20200325_18-28-49_10767-24391
Full LSTM-256,investigation,35,984,950,2,934,0.9831578947368421,test_2,Mouse835-female_20200325_18-28-49_10767-24391
Full LSTM-256,investigation,1180,1194,15,1,15,1.0,test_2,Mouse835-female_20200325_18-28-49_10767-24391
Full LSTM-256,investigation,1430,1495,66,1,66,1.0,test_2,Mouse835-female_20200325_18-28-49_10767-24391
Full LSTM-256,investigation,1519,1531,13,1,13,1.0,test_2,Mouse835-female_20200325_18-28-49_10767-24391
Full LSTM-256,investigation,1549,1555,7,1,7,1.0,test_2,Mouse835-female_20200325_18-28-49_10767-24391
Full LSTM-256,investigation,1863,1911,49,1,40,0.8163265306122449,test_2,Mouse835-female_20200325_18-28-49_10767-24391
Full LSTM-256,investigation,1927,1934,8,1,8,1.0,test_2,Mouse835-female_20200325_18-28-49_10767-24391
Full LSTM-256,investigation,2050,2069,20,1,20,1.0,test_2,Mouse835-female_20200325_18-28-49_10767-24391
Full LSTM-256,investigation,2296,2335,40,1,40,1.0,test_2,Mouse835-female_20200325_18-28-49_10767-24391
Full LSTM-256,investigation,2472,2646,175,1,175,1.0,test_2,Mouse835-female_20200325_18-28-49_10767-24391
Full LSTM-256,investigation,2879,2895,17,1,17,1.0,test_2,Mouse835-female_20200325_18-28-49_10767-24391
Full LSTM-256,mount,2896,3030,135,1,135,1.0,test_2,Mouse835-female_20200325_18-28-49_10767-24391
Full LSTM-256,investigation,3031,3105,75,1,66,0.88,test_2,Mouse835-female_20200325_18-28-49_10767-24391
Full LSTM-256,investigation,3351,3472,122,1,122,1.0,test_2,Mouse835-female_20200325_18-28-49_10767-24391
Full LSTM-256,investigation,3660,3680,21,1,16,0.7619047619047619,test_2,Mouse835-female_20200325_18-28-49_10767-24391
Full LSTM-256,investigation,3733,3774,42,1,42,1.0,test_2,Mouse835-female_20200325_18-28-49_10767-24391
Full LSTM-256,investigation,3796,3803,8,1,8,1.0,test_2,Mouse835-female_20200325_18-28-49_10767-24391
Full LSTM-256,investigation,4191,4224,34,1,33,0.9705882352941176,test_2,Mouse835-female_20200325_18-28-49_10767-24391
Full LSTM-256,investigation,4614,4667,54,1,54,1.0,test_2,Mouse835-female_20200325_18-28-49_10767-24391
Full LSTM-256,mount,4668,4783,116,1,64,0.5517241379310345,test_2,Mouse835-female_20200325_18-28-49_10767-24391
Full LSTM-256,investigation,4889,4915,27,1,23,0.8518518518518519,test_2,Mouse835-female_20200325_18-28-49_10767-24391
Full LSTM-256,investigation,5351,5370,20,0,0,0.0,test_2,Mouse835-female_20200325_18-28-49_10767-24391
Full LSTM-256,investigation,5392,5475,84,1,80,0.9523809523809523,test_2,Mouse835-female_20200325_18-28-49_10767-24391
Full LSTM-256,investigation,5978,6552,575,1,575,1.0,test_2,Mouse835-female_20200325_18-28-49_10767-24391
Full LSTM-256,investigation,6619,6627,9,0,0,0.0,test_2,Mouse835-female_20200325_18-28-49_10767-24391
Full LSTM-256,investigation,6773,6877,105,1,105,1.0,test_2,Mouse835-female_20200325_18-28-49_10767-24391
Full LSTM-256,investigation,7161,7180,20,1,20,1.0,test_2,Mouse835-female_20200325_18-28-49_10767-24391
Full LSTM-256,investigation,7315,7330,16,1,13,0.8125,test_2,Mouse835-female_20200325_18-28-49_10767-24391
Full LSTM-256,investigation,7347,7402,56,1,56,1.0,test_2,Mouse835-female_20200325_18-28-49_10767-24391
Full LSTM-256,mount,7403,7558,156,1,144,0.9230769230769231,test_2,Mouse835-female_20200325_18-28-49_10767-24391
Full LSTM-256,investigation,7559,7564,6,1,6,1.0,test_2,Mouse835-female_20200325_18-28-49_10767-24391
Full LSTM-256,investigation,7600,7642,43,1,32,0.7441860465116279,test_2,Mouse835-female_20200325_18-28-49_10767-24391
Full LSTM-256,mount,7643,7702,60,1,53,0.8833333333333333,test_2,Mouse835-female_20200325_18-28-49_10767-24391
Full LSTM-256,investigation,7703,7756,54,1,54,1.0,test_2,Mouse835-female_20200325_18-28-49_10767-24391
Full LSTM-256,investigation,7823,7830,8,1,8,1.0,test_2,Mouse835-female_20200325_18-28-49_10767-24391
Full LSTM-256,investigation,8034,8119,86,1,78,0.9069767441860465,test_2,Mouse835-female_20200325_18-28-49_10767-24391
Full LSTM-256,mount,8120,8789,670,1,664,0.991044776119403,test_2,Mouse835-female_20200325_18-28-49_10767-24391
Full LSTM-256,investigation,8791,8821,31,1,9,0.2903225806451613,test_2,Mouse835-female_20200325_18-28-49_10767-24391
Full LSTM-256,investigation,9415,9424,10,0,0,0.0,test_2,Mouse835-female_20200325_18-28-49_10767-24391
Full LSTM-256,investigation,10048,10069,22,1,16,0.7272727272727273,test_2,Mouse835-female_20200325_18-28-49_10767-24391
Full LSTM-256,investigation,10231,10359,129,1,121,0.937984496124031,test_2,Mouse835-female_20200325_18-28-49_10767-24391
Full LSTM-256,investigation,10807,10876,70,1,57,0.8142857142857143,test_2,Mouse835-female_20200325_18-28-49_10767-24391
Full LSTM-256,mount,10877,10933,57,1,3,0.05263157894736842,test_2,Mouse835-female_20200325_18-28-49_10767-24391
Full LSTM-256,investigation,10934,11035,102,1,74,0.7254901960784313,test_2,Mouse835-female_20200325_18-28-49_10767-24391
Full LSTM-256,mount,11036,12054,1019,1,1019,1.0,test_2,Mouse835-female_20200325_18-28-49_10767-24391
Full LSTM-256,investigation,12056,12124,69,1,61,0.8840579710144928,test_2,Mouse835-female_20200325_18-28-49_10767-24391
Full LSTM-256,investigation,12429,12583,155,1,155,1.0,test_2,Mouse835-female_20200325_18-28-49_10767-24391
Full LSTM-256,mount,12585,12957,373,1,366,0.9812332439678284,test_2,Mouse835-female_20200325_18-28-49_10767-24391
Full LSTM-256,investigation,12958,12985,28,0,0,0.0,test_2,Mouse835-female_20200325_18-28-49_10767-24391
Full attention-256,investigation,90,326,237,1,237,1.0,test_2,Mouse836-female_20200322_19-33-17_00957-13323
Full attention-256,investigation,373,987,615,1,615,1.0,test_2,Mouse836-female_20200322_19-33-17_00957-13323
Full attention-256,investigation,990,2323,1334,1,1334,1.0,test_2,Mouse836-female_20200322_19-33-17_00957-13323
Full attention-256,investigation,2376,2399,24,1,24,1.0,test_2,Mouse836-female_20200322_19-33-17_00957-13323
Full attention-256,investigation,2444,2454,11,1,11,1.0,test_2,Mouse836-female_20200322_19-33-17_00957-13323
Full attention-256,investigation,2515,2534,20,1,20,1.0,test_2,Mouse836-female_20200322_19-33-17_00957-13323
Full attention-256,investigation,2595,2754,160,1,160,1.0,test_2,Mouse836-female_20200322_19-33-17_00957-13323
Full attention-256,investigation,2785,3293,509,1,509,1.0,test_2,Mouse836-female_20200322_19-33-17_00957-13323
Full attention-256,investigation,3306,3626,321,1,321,1.0,test_2,Mouse836-female_20200322_19-33-17_00957-13323
Full attention-256,investigation,3659,4111,453,1,448,0.9889624724061811,test_2,Mouse836-female_20200322_19-33-17_00957-13323
Full attention-256,investigation,4289,4898,610,1,592,0.9704918032786886,test_2,Mouse836-female_20200322_19-33-17_00957-13323
Full attention-256,investigation,4937,5345,409,1,409,1.0,test_2,Mouse836-female_20200322_19-33-17_00957-13323
Full attention-256,investigation,5396,5438,43,1,43,1.0,test_2,Mouse836-female_20200322_19-33-17_00957-13323
Full attention-256,investigation,5534,5539,6,1,6,1.0,test_2,Mouse836-female_20200322_19-33-17_00957-13323
Full attention-256,investigation,5552,6005,454,1,454,1.0,test_2,Mouse836-female_20200322_19-33-17_00957-13323
Full attention-256,investigation,6133,6161,29,1,29,1.0,test_2,Mouse836-female_20200322_19-33-17_00957-13323
Full attention-256,mount,6163,6173,11,0,0,0.0,test_2,Mouse836-female_20200322_19-33-17_00957-13323
Full attention-256,investigation,6174,6194,21,1,21,1.0,test_2,Mouse836-female_20200322_19-33-17_00957-13323
Full attention-256,mount,6196,6212,17,0,0,0.0,test_2,Mouse836-female_20200322_19-33-17_00957-13323
Full attention-256,investigation,6213,6229,17,1,17,1.0,test_2,Mouse836-female_20200322_19-33-17_00957-13323
Full attention-256,investigation,6363,6386,24,1,24,1.0,test_2,Mouse836-female_20200322_19-33-17_00957-13323
Full attention-256,investigation,6510,6545,36,1,34,0.9444444444444444,test_2,Mouse836-female_20200322_19-33-17_00957-13323
Full attention-256,mount,6547,6565,19,0,0,0.0,test_2,Mouse836-female_20200322_19-33-17_00957-13323
Full attention-256,investigation,6566,6694,129,1,122,0.9457364341085271,test_2,Mouse836-female_20200322_19-33-17_00957-13323
Full attention-256,investigation,6800,7051,252,1,252,1.0,test_2,Mouse836-female_20200322_19-33-17_00957-13323
Full attention-256,investigation,7122,7151,30,1,30,1.0,test_2,Mouse836-female_20200322_19-33-17_00957-13323
Full attention-256,investigation,7347,7403,57,1,45,0.7894736842105263,test_2,Mouse836-female_20200322_19-33-17_00957-13323
Full attention-256,investigation,8229,8470,242,1,242,1.0,test_2,Mouse836-female_20200322_19-33-17_00957-13323
Full attention-256,investigation,8496,8582,87,1,87,1.0,test_2,Mouse836-female_20200322_19-33-17_00957-13323
Full attention-256,investigation,8903,9065,163,1,163,1.0,test_2,Mouse836-female_20200322_19-33-17_00957-13323
Full attention-256,investigation,9089,9497,409,2,367,0.8973105134474327,test_2,Mouse836-female_20200322_19-33-17_00957-13323
Full attention-256,investigation,9707,9740,34,1,34,1.0,test_2,Mouse836-female_20200322_19-33-17_00957-13323
Full attention-256,mount,9741,9818,78,1,64,0.8205128205128205,test_2,Mouse836-female_20200322_19-33-17_00957-13323
Full attention-256,investigation,9820,9850,31,1,31,1.0,test_2,Mouse836-female_20200322_19-33-17_00957-13323
Full attention-256,investigation,9887,9916,30,1,30,1.0,test_2,Mouse836-female_20200322_19-33-17_00957-13323
Full attention-256,investigation,9945,9952,8,0,0,0.0,test_2,Mouse836-female_20200322_19-33-17_00957-13323
Full attention-256,investigation,10286,10342,57,1,50,0.8771929824561403,test_2,Mouse836-female_20200322_19-33-17_00957-13323
Full attention-256,investigation,10648,10669,22,1,14,0.6363636363636364,test_2,Mouse836-female_20200322_19-33-17_00957-13323
Full attention-256,investigation,10682,10705,24,1,22,0.9166666666666666,test_2,Mouse836-female_20200322_19-33-17_00957-13323
Full attention-256,investigation,11004,11013,10,0,0,0.0,test_2,Mouse836-female_20200322_19-33-17_00957-13323
Full attention-256,investigation,11116,11127,12,0,0,0.0,test_2,Mouse836-female_20200322_19-33-17_00957-13323
Full attention-256,investigation,11626,12036,411,1,411,1.0,test_2,Mouse836-female_20200322_19-33-17_00957-13323
Full attention-256,investigation,12082,12089,8,0,0,0.0,test_2,Mouse836-female_20200322_19-33-17_00957-13323
Full LSTM-256,investigation,90,326,237,1,237,1.0,test_2,Mouse836-female_20200322_19-33-17_00957-13323
Full LSTM-256,investigation,373,987,615,1,615,1.0,test_2,Mouse836-female_20200322_19-33-17_00957-13323
Full LSTM-256,investigation,990,2323,1334,1,1334,1.0,test_2,Mouse836-female_20200322_19-33-17_00957-13323
Full LSTM-256,investigation,2376,2399,24,1,24,1.0,test_2,Mouse836-female_20200322_19-33-17_00957-13323
Full LSTM-256,investigation,2444,2454,11,1,11,1.0,test_2,Mouse836-female_20200322_19-33-17_00957-13323
Full LSTM-256,investigation,2515,2534,20,1,20,1.0,test_2,Mouse836-female_20200322_19-33-17_00957-13323
Full LSTM-256,investigation,2595,2754,160,1,160,1.0,test_2,Mouse836-female_20200322_19-33-17_00957-13323
Full LSTM-256,investigation,2785,3293,509,1,509,1.0,test_2,Mouse836-female_20200322_19-33-17_00957-13323
Full LSTM-256,investigation,3306,3626,321,1,321,1.0,test_2,Mouse836-female_20200322_19-33-17_00957-13323
Full LSTM-256,investigation,3659,4111,453,1,448,0.9889624724061811,test_2,Mouse836-female_20200322_19-33-17_00957-13323
Full LSTM-256,investigation,4289,4898,610,1,592,0.9704918032786886,test_2,Mouse836-female_20200322_19-33-17_00957-13323
Full LSTM-256,investigation,4937,5345,409,1,409,1.0,test_2,Mouse836-female_20200322_19-33-17_00957-13323
Full LSTM-256,investigation,5396,5438,43,1,43,1.0,test_2,Mouse836-female_20200322_19-33-17_00957-13323
Full LSTM-256,investigation,5534,5539,6,1,6,1.0,test_2,Mouse836-female_20200322_19-33-17_00957-13323
Full LSTM-256,investigation,5552,6005,454,1,454,1.0,test_2,Mouse836-female_20200322_19-33-17_00957-13323
Full LSTM-256,investigation,6133,6161,29,1,29,1.0,test_2,Mouse836-female_20200322_19-33-17_00957-13323
Full LSTM-256,mount,6163,6173,11,0,0,0.0,test_2,Mouse836-female_20200322_19-33-17_00957-13323
Full LSTM-256,investigation,6174,6194,21,1,21,1.0,test_2,Mouse836-female_20200322_19-33-17_00957-13323
Full LSTM-256,mount,6196,6212,17,0,0,0.0,test_2,Mouse836-female_20200322_19-33-17_00957-13323
Full LSTM-256,investigation,6213,6229,17,1,17,1.0,test_2,Mouse836-female_20200322_19-33-17_00957-13323
Full LSTM-256,investigation,6363,6386,24,1,24,1.0,test_2,Mouse836-female_20200322_19-33-17_00957-13323
Full LSTM-256,investigation,6510,6545,36,1,36,1.0,test_2,Mouse836-female_20200322_19-33-17_00957-13323
Full LSTM-256,mount,6547,6565,19,0,0,0.0,test_2,Mouse836-female_20200322_19-33-17_00957-13323
Full LSTM-256,investigation,6566,6694,129,1,122,0.9457364341085271,test_2,Mouse836-female_20200322_19-33-17_00957-13323
Full LSTM-256,investigation,6800,7051,252,1,252,1.0,test_2,Mouse836-female_20200322_19-33-17_00957-13323
Full LSTM-256,investigation,7122,7151,30,1,30,1.0,test_2,Mouse836-female_20200322_19-33-17_00957-13323
Full LSTM-256,investigation,7347,7403,57,1,45,0.7894736842105263,test_2,Mouse836-female_20200322_19-33-17_00957-13323
Full LSTM-256,investigation,8229,8470,242,1,242,1.0,test_2,Mouse836-female_20200322_19-33-17_00957-13323
Full LSTM-256,investigation,8496,8582,87,1,87,1.0,test_2,Mouse836-female_20200322_19-33-17_00957-13323
Full LSTM-256,investigation,8903,9065,163,2,147,0.901840490797546,test_2,Mouse836-female_20200322_19-33-17_00957-13323
Full LSTM-256,investigation,9089,9497,409,1,335,0.8190709046454768,test_2,Mouse836-female_20200322_19-33-17_00957-13323
Full LSTM-256,investigation,9707,9740,34,1,34,1.0,test_2,Mouse836-female_20200322_19-33-17_00957-13323
Full LSTM-256,mount,9741,9818,78,1,64,0.8205128205128205,test_2,Mouse836-female_20200322_19-33-17_00957-13323
Full LSTM-256,investigation,9820,9850,31,1,31,1.0,test_2,Mouse836-female_20200322_19-33-17_00957-13323
Full LSTM-256,investigation,9887,9916,30,1,30,1.0,test_2,Mouse836-female_20200322_19-33-17_00957-13323
Full LSTM-256,investigation,9945,9952,8,0,0,0.0,test_2,Mouse836-female_20200322_19-33-17_00957-13323
Full LSTM-256,investigation,10286,10342,57,1,50,0.8771929824561403,test_2,Mouse836-female_20200322_19-33-17_00957-13323
Full LSTM-256,investigation,10648,10669,22,1,14,0.6363636363636364,test_2,Mouse836-female_20200322_19-33-17_00957-13323
Full LSTM-256,investigation,10682,10705,24,1,22,0.9166666666666666,test_2,Mouse836-female_20200322_19-33-17_00957-13323
Full LSTM-256,investigation,11004,11013,10,0,0,0.0,test_2,Mouse836-female_20200322_19-33-17_00957-13323
Full LSTM-256,investigation,11116,11127,12,0,0,0.0,test_2,Mouse836-female_20200322_19-33-17_00957-13323
Full LSTM-256,investigation,11626,12036,411,1,406,0.9878345498783455,test_2,Mouse836-female_20200322_19-33-17_00957-13323
Full LSTM-256,investigation,12082,12089,8,0,0,0.0,test_2,Mouse836-female_20200322_19-33-17_00957-13323
Full attention-256,investigation,14,319,306,1,306,1.0,test_2,Mouse836-female_20200322_19-33-17_14594-23870
Full attention-256,investigation,347,508,162,1,157,0.9691358024691358,test_2,Mouse836-female_20200322_19-33-17_14594-23870
Full attention-256,investigation,532,579,48,1,48,1.0,test_2,Mouse836-female_20200322_19-33-17_14594-23870
Full attention-256,investigation,604,736,133,1,133,1.0,test_2,Mouse836-female_20200322_19-33-17_14594-23870
Full attention-256,investigation,766,822,57,1,50,0.8771929824561403,test_2,Mouse836-female_20200322_19-33-17_14594-23870
Full attention-256,investigation,884,916,33,1,33,1.0,test_2,Mouse836-female_20200322_19-33-17_14594-23870
Full attention-256,investigation,947,1095,149,1,149,1.0,test_2,Mouse836-female_20200322_19-33-17_14594-23870
Full attention-256,investigation,1156,1260,105,1,92,0.8761904761904762,test_2,Mouse836-female_20200322_19-33-17_14594-23870
Full attention-256,investigation,1351,1528,178,1,169,0.949438202247191,test_2,Mouse836-female_20200322_19-33-17_14594-23870
Full attention-256,investigation,1561,1774,214,1,214,1.0,test_2,Mouse836-female_20200322_19-33-17_14594-23870
Full attention-256,investigation,1820,1915,96,1,96,1.0,test_2,Mouse836-female_20200322_19-33-17_14594-23870
Full attention-256,investigation,1952,1966,15,1,15,1.0,test_2,Mouse836-female_20200322_19-33-17_14594-23870
Full attention-256,investigation,2005,2326,322,1,315,0.9782608695652174,test_2,Mouse836-female_20200322_19-33-17_14594-23870
Full attention-256,investigation,2428,2468,41,1,20,0.4878048780487805,test_2,Mouse836-female_20200322_19-33-17_14594-23870
Full attention-256,mount,2470,2542,73,1,73,1.0,test_2,Mouse836-female_20200322_19-33-17_14594-23870
Full attention-256,investigation,2543,2562,20,1,19,0.95,test_2,Mouse836-female_20200322_19-33-17_14594-23870
Full attention-256,investigation,2644,2728,85,1,85,1.0,test_2,Mouse836-female_20200322_19-33-17_14594-23870
Full attention-256,investigation,2741,2767,27,1,27,1.0,test_2,Mouse836-female_20200322_19-33-17_14594-23870
Full attention-256,investigation,3299,3374,76,1,76,1.0,test_2,Mouse836-female_20200322_19-33-17_14594-23870
Full attention-256,investigation,3415,3676,262,1,262,1.0,test_2,Mouse836-female_20200322_19-33-17_14594-23870
Full attention-256,investigation,3680,4137,458,1,458,1.0,test_2,Mouse836-female_20200322_19-33-17_14594-23870
Full attention-256,investigation,4330,4488,159,1,159,1.0,test_2,Mouse836-female_20200322_19-33-17_14594-23870
Full attention-256,investigation,4739,4747,9,0,0,0.0,test_2,Mouse836-female_20200322_19-33-17_14594-23870
Full attention-256,investigation,5015,5045,31,1,31,1.0,test_2,Mouse836-female_20200322_19-33-17_14594-23870
Full attention-256,investigation,5099,5285,187,1,187,1.0,test_2,Mouse836-female_20200322_19-33-17_14594-23870
Full attention-256,investigation,5617,5626,10,1,10,1.0,test_2,Mouse836-female_20200322_19-33-17_14594-23870
Full attention-256,investigation,5635,5697,63,1,61,0.9682539682539683,test_2,Mouse836-female_20200322_19-33-17_14594-23870
Full attention-256,investigation,5800,5828,29,1,8,0.27586206896551724,test_2,Mouse836-female_20200322_19-33-17_14594-23870
Full attention-256,mount,5830,5949,120,1,120,1.0,test_2,Mouse836-female_20200322_19-33-17_14594-23870
Full attention-256,investigation,5950,5968,19,1,17,0.8947368421052632,test_2,Mouse836-female_20200322_19-33-17_14594-23870
Full attention-256,investigation,6073,6196,124,1,124,1.0,test_2,Mouse836-female_20200322_19-33-17_14594-23870
Full attention-256,investigation,6217,6288,72,1,72,1.0,test_2,Mouse836-female_20200322_19-33-17_14594-23870
Full attention-256,investigation,6590,6651,62,1,60,0.967741935483871,test_2,Mouse836-female_20200322_19-33-17_14594-23870
Full attention-256,investigation,6818,6885,68,1,68,1.0,test_2,Mouse836-female_20200322_19-33-17_14594-23870
Full attention-256,investigation,7186,7228,43,1,43,1.0,test_2,Mouse836-female_20200322_19-33-17_14594-23870
Full attention-256,mount,7229,7365,137,1,118,0.8613138686131386,test_2,Mouse836-female_20200322_19-33-17_14594-23870
Full attention-256,investigation,7366,7378,13,1,3,0.23076923076923078,test_2,Mouse836-female_20200322_19-33-17_14594-23870
Full attention-256,investigation,7582,7598,17,0,0,0.0,test_2,Mouse836-female_20200322_19-33-17_14594-23870
Full attention-256,investigation,7648,7655,8,1,8,1.0,test_2,Mouse836-female_20200322_19-33-17_14594-23870
Full attention-256,investigation,8430,8533,104,1,96,0.9230769230769231,test_2,Mouse836-female_20200322_19-33-17_14594-23870
Full attention-256,mount,8535,8637,103,1,103,1.0,test_2,Mouse836-female_20200322_19-33-17_14594-23870
Full attention-256,investigation,8638,8780,143,1,141,0.986013986013986,test_2,Mouse836-female_20200322_19-33-17_14594-23870
Full attention-256,mount,8781,8846,66,1,63,0.9545454545454546,test_2,Mouse836-female_20200322_19-33-17_14594-23870
Full attention-256,investigation,8847,9029,183,1,182,0.994535519125683,test_2,Mouse836-female_20200322_19-33-17_14594-23870
Full attention-256,investigation,9081,9129,49,1,49,1.0,test_2,Mouse836-female_20200322_19-33-17_14594-23870
Full LSTM-256,investigation,14,319,306,1,306,1.0,test_2,Mouse836-female_20200322_19-33-17_14594-23870
Full LSTM-256,investigation,347,508,162,1,157,0.9691358024691358,test_2,Mouse836-female_20200322_19-33-17_14594-23870
Full LSTM-256,investigation,532,579,48,1,48,1.0,test_2,Mouse836-female_20200322_19-33-17_14594-23870
Full LSTM-256,investigation,604,736,133,1,132,0.9924812030075187,test_2,Mouse836-female_20200322_19-33-17_14594-23870
Full LSTM-256,investigation,766,822,57,1,50,0.8771929824561403,test_2,Mouse836-female_20200322_19-33-17_14594-23870
Full LSTM-256,investigation,884,916,33,1,28,0.8484848484848485,test_2,Mouse836-female_20200322_19-33-17_14594-23870
Full LSTM-256,investigation,947,1095,149,1,149,1.0,test_2,Mouse836-female_20200322_19-33-17_14594-23870
Full LSTM-256,investigation,1156,1260,105,1,92,0.8761904761904762,test_2,Mouse836-female_20200322_19-33-17_14594-23870
Full LSTM-256,investigation,1351,1528,178,1,169,0.949438202247191,test_2,Mouse836-female_20200322_19-33-17_14594-23870
Full LSTM-256,investigation,1561,1774,214,1,214,1.0,test_2,Mouse836-female_20200322_19-33-17_14594-23870
Full LSTM-256,investigation,1820,1915,96,1,96,1.0,test_2,Mouse836-female_20200322_19-33-17_14594-23870
Full LSTM-256,investigation,1952,1966,15,1,15,1.0,test_2,Mouse836-female_20200322_19-33-17_14594-23870
Full LSTM-256,investigation,2005,2326,322,1,283,0.8788819875776398,test_2,Mouse836-female_20200322_19-33-17_14594-23870
Full LSTM-256,investigation,2428,2468,41,1,20,0.4878048780487805,test_2,Mouse836-female_20200322_19-33-17_14594-23870
Full LSTM-256,mount,2470,2542,73,1,73,1.0,test_2,Mouse836-female_20200322_19-33-17_14594-23870
Full LSTM-256,investigation,2543,2562,20,1,19,0.95,test_2,Mouse836-female_20200322_19-33-17_14594-23870
Full LSTM-256,investigation,2644,2728,85,1,85,1.0,test_2,Mouse836-female_20200322_19-33-17_14594-23870
Full LSTM-256,investigation,2741,2767,27,1,27,1.0,test_2,Mouse836-female_20200322_19-33-17_14594-23870
Full LSTM-256,investigation,3299,3374,76,1,76,1.0,test_2,Mouse836-female_20200322_19-33-17_14594-23870
Full LSTM-256,investigation,3415,3676,262,1,262,1.0,test_2,Mouse836-female_20200322_19-33-17_14594-23870
Full LSTM-256,investigation,3680,4137,458,1,458,1.0,test_2,Mouse836-female_20200322_19-33-17_14594-23870
Full LSTM-256,investigation,4330,4488,159,1,159,1.0,test_2,Mouse836-female_20200322_19-33-17_14594-23870
Full LSTM-256,investigation,4739,4747,9,0,0,0.0,test_2,Mouse836-female_20200322_19-33-17_14594-23870
Full LSTM-256,investigation,5015,5045,31,1,31,1.0,test_2,Mouse836-female_20200322_19-33-17_14594-23870
Full LSTM-256,investigation,5099,5285,187,1,187,1.0,test_2,Mouse836-female_20200322_19-33-17_14594-23870
Full LSTM-256,investigation,5617,5626,10,1,10,1.0,test_2,Mouse836-female_20200322_19-33-17_14594-23870
Full LSTM-256,investigation,5635,5697,63,1,61,0.9682539682539683,test_2,Mouse836-female_20200322_19-33-17_14594-23870
Full LSTM-256,investigation,5800,5828,29,1,24,0.8275862068965517,test_2,Mouse836-female_20200322_19-33-17_14594-23870
Full LSTM-256,mount,5830,5949,120,1,120,1.0,test_2,Mouse836-female_20200322_19-33-17_14594-23870
Full LSTM-256,investigation,5950,5968,19,1,17,0.8947368421052632,test_2,Mouse836-female_20200322_19-33-17_14594-23870
Full LSTM-256,investigation,6073,6196,124,1,124,1.0,test_2,Mouse836-female_20200322_19-33-17_14594-23870
Full LSTM-256,investigation,6217,6288,72,1,72,1.0,test_2,Mouse836-female_20200322_19-33-17_14594-23870
Full LSTM-256,investigation,6590,6651,62,1,60,0.967741935483871,test_2,Mouse836-female_20200322_19-33-17_14594-23870
Full LSTM-256,investigation,6818,6885,68,1,68,1.0,test_2,Mouse836-female_20200322_19-33-17_14594-23870
Full LSTM-256,investigation,7186,7228,43,1,43,1.0,test_2,Mouse836-female_20200322_19-33-17_14594-23870
Full LSTM-256,mount,7229,7365,137,1,118,0.8613138686131386,test_2,Mouse836-female_20200322_19-33-17_14594-23870
Full LSTM-256,investigation,7366,7378,13,1,3,0.23076923076923078,test_2,Mouse836-female_20200322_19-33-17_14594-23870
Full LSTM-256,investigation,7582,7598,17,0,0,0.0,test_2,Mouse836-female_20200322_19-33-17_14594-23870
Full LSTM-256,investigation,7648,7655,8,0,0,0.0,test_2,Mouse836-female_20200322_19-33-17_14594-23870
Full LSTM-256,investigation,8430,8533,104,1,96,0.9230769230769231,test_2,Mouse836-female_20200322_19-33-17_14594-23870
Full LSTM-256,mount,8535,8637,103,1,103,1.0,test_2,Mouse836-female_20200322_19-33-17_14594-23870
Full LSTM-256,investigation,8638,8780,143,1,141,0.986013986013986,test_2,Mouse836-female_20200322_19-33-17_14594-23870
Full LSTM-256,mount,8781,8846,66,1,63,0.9545454545454546,test_2,Mouse836-female_20200322_19-33-17_14594-23870
Full LSTM-256,investigation,8847,9029,183,1,182,0.994535519125683,test_2,Mouse836-female_20200322_19-33-17_14594-23870
Full LSTM-256,investigation,9081,9129,49,1,49,1.0,test_2,Mouse836-female_20200322_19-33-17_14594-23870
Full attention-256,investigation,34,69,36,0,0,0.0,test_2,Mouse839-female_20200322_20-15-11_12885-24623
Full attention-256,investigation,76,90,15,1,11,0.7333333333333333,test_2,Mouse839-female_20200322_20-15-11_12885-24623
Full attention-256,investigation,115,176,62,1,62,1.0,test_2,Mouse839-female_20200322_20-15-11_12885-24623
Full attention-256,investigation,195,225,31,1,29,0.9354838709677419,test_2,Mouse839-female_20200322_20-15-11_12885-24623
Full attention-256,investigation,341,430,90,1,90,1.0,test_2,Mouse839-female_20200322_20-15-11_12885-24623
Full attention-256,investigation,439,754,316,1,288,0.9113924050632911,test_2,Mouse839-female_20200322_20-15-11_12885-24623
Full attention-256,mount,756,792,37,1,37,1.0,test_2,Mouse839-female_20200322_20-15-11_12885-24623
Full attention-256,investigation,793,811,19,0,0,0.0,test_2,Mouse839-female_20200322_20-15-11_12885-24623
Full attention-256,mount,813,973,161,1,147,0.9130434782608695,test_2,Mouse839-female_20200322_20-15-11_12885-24623
Full attention-256,investigation,974,997,24,1,24,1.0,test_2,Mouse839-female_20200322_20-15-11_12885-24623
Full attention-256,investigation,1035,1125,91,1,91,1.0,test_2,Mouse839-female_20200322_20-15-11_12885-24623
Full attention-256,mount,1127,1227,101,1,92,0.9108910891089109,test_2,Mouse839-female_20200322_20-15-11_12885-24623
Full attention-256,investigation,1229,1263,35,1,32,0.9142857142857143,test_2,Mouse839-female_20200322_20-15-11_12885-24623
Full attention-256,mount,1265,1330,66,1,31,0.4696969696969697,test_2,Mouse839-female_20200322_20-15-11_12885-24623
Full attention-256,investigation,1331,1373,43,1,43,1.0,test_2,Mouse839-female_20200322_20-15-11_12885-24623
Full attention-256,investigation,1533,1768,236,1,224,0.9491525423728814,test_2,Mouse839-female_20200322_20-15-11_12885-24623
Full attention-256,investigation,1812,1856,45,1,44,0.9777777777777777,test_2,Mouse839-female_20200322_20-15-11_12885-24623
Full attention-256,mount,1858,2044,187,1,187,1.0,test_2,Mouse839-female_20200322_20-15-11_12885-24623
Full attention-256,investigation,2045,2077,33,1,14,0.42424242424242425,test_2,Mouse839-female_20200322_20-15-11_12885-24623
Full attention-256,investigation,2172,2214,43,1,43,1.0,test_2,Mouse839-female_20200322_20-15-11_12885-24623
Full attention-256,investigation,2225,2232,8,0,0,0.0,test_2,Mouse839-female_20200322_20-15-11_12885-24623
Full attention-256,mount,2234,2263,30,1,30,1.0,test_2,Mouse839-female_20200322_20-15-11_12885-24623
Full attention-256,investigation,2265,2279,15,0,0,0.0,test_2,Mouse839-female_20200322_20-15-11_12885-24623
Full attention-256,mount,2281,2323,43,1,43,1.0,test_2,Mouse839-female_20200322_20-15-11_12885-24623
Full attention-256,investigation,2325,2489,165,1,154,0.9333333333333333,test_2,Mouse839-female_20200322_20-15-11_12885-24623
Full attention-256,mount,2491,2542,52,1,47,0.9038461538461539,test_2,Mouse839-female_20200322_20-15-11_12885-24623
Full attention-256,investigation,2693,2700,8,1,8,1.0,test_2,Mouse839-female_20200322_20-15-11_12885-24623
Full attention-256,investigation,2835,2872,38,1,29,0.7631578947368421,test_2,Mouse839-female_20200322_20-15-11_12885-24623
Full attention-256,investigation,2968,2984,17,0,0,0.0,test_2,Mouse839-female_20200322_20-15-11_12885-24623
Full attention-256,investigation,3273,3276,4,0,0,0.0,test_2,Mouse839-female_20200322_20-15-11_12885-24623
Full attention-256,investigation,3362,3420,59,1,59,1.0,test_2,Mouse839-female_20200322_20-15-11_12885-24623
Full attention-256,investigation,3485,3549,65,1,35,0.5384615384615384,test_2,Mouse839-female_20200322_20-15-11_12885-24623
Full attention-256,investigation,3989,4094,106,1,91,0.8584905660377359,test_2,Mouse839-female_20200322_20-15-11_12885-24623
Full attention-256,mount,4095,4469,375,1,375,1.0,test_2,Mouse839-female_20200322_20-15-11_12885-24623
Full attention-256,investigation,5599,5648,50,1,50,1.0,test_2,Mouse839-female_20200322_20-15-11_12885-24623
Full attention-256,investigation,5720,5723,4,1,4,1.0,test_2,Mouse839-female_20200322_20-15-11_12885-24623
Full attention-256,investigation,5833,5838,6,0,0,0.0,test_2,Mouse839-female_20200322_20-15-11_12885-24623
Full attention-256,investigation,5855,5936,82,1,80,0.975609756097561,test_2,Mouse839-female_20200322_20-15-11_12885-24623
Full attention-256,investigation,5964,5995,32,1,28,0.875,test_2,Mouse839-female_20200322_20-15-11_12885-24623
Full attention-256,mount,5997,6143,147,1,128,0.8707482993197279,test_2,Mouse839-female_20200322_20-15-11_12885-24623
Full attention-256,investigation,6145,6194,50,1,47,0.94,test_2,Mouse839-female_20200322_20-15-11_12885-24623
Full attention-256,investigation,6272,6315,44,1,44,1.0,test_2,Mouse839-female_20200322_20-15-11_12885-24623
Full attention-256,investigation,6347,6397,51,1,51,1.0,test_2,Mouse839-female_20200322_20-15-11_12885-24623
Full attention-256,mount,6399,6472,74,1,73,0.9864864864864865,test_2,Mouse839-female_20200322_20-15-11_12885-24623
Full attention-256,investigation,6474,6485,12,1,6,0.5,test_2,Mouse839-female_20200322_20-15-11_12885-24623
Full attention-256,investigation,7058,7085,28,1,28,1.0,test_2,Mouse839-female_20200322_20-15-11_12885-24623
Full attention-256,investigation,7304,7523,220,1,220,1.0,test_2,Mouse839-female_20200322_20-15-11_12885-24623
Full attention-256,investigation,7659,7676,18,1,18,1.0,test_2,Mouse839-female_20200322_20-15-11_12885-24623
Full attention-256,investigation,8468,8512,45,1,45,1.0,test_2,Mouse839-female_20200322_20-15-11_12885-24623
Full attention-256,mount,8514,8570,57,1,43,0.7543859649122807,test_2,Mouse839-female_20200322_20-15-11_12885-24623
Full attention-256,investigation,8678,8715,38,1,38,1.0,test_2,Mouse839-female_20200322_20-15-11_12885-24623
Full attention-256,investigation,8887,8898,12,1,9,0.75,test_2,Mouse839-female_20200322_20-15-11_12885-24623
Full attention-256,investigation,9747,9764,18,1,18,1.0,test_2,Mouse839-female_20200322_20-15-11_12885-24623
Full attention-256,investigation,9782,9877,96,1,96,1.0,test_2,Mouse839-female_20200322_20-15-11_12885-24623
Full attention-256,mount,9878,9950,73,1,63,0.863013698630137,test_2,Mouse839-female_20200322_20-15-11_12885-24623
Full attention-256,investigation,9952,9959,8,1,8,1.0,test_2,Mouse839-female_20200322_20-15-11_12885-24623
Full attention-256,investigation,10013,10032,20,0,0,0.0,test_2,Mouse839-female_20200322_20-15-11_12885-24623
Full attention-256,mount,10034,10185,152,1,142,0.9342105263157895,test_2,Mouse839-female_20200322_20-15-11_12885-24623
Full attention-256,investigation,10186,10254,69,1,69,1.0,test_2,Mouse839-female_20200322_20-15-11_12885-24623
Full attention-256,investigation,10445,10464,20,1,20,1.0,test_2,Mouse839-female_20200322_20-15-11_12885-24623
Full attention-256,mount,10466,10546,81,1,64,0.7901234567901234,test_2,Mouse839-female_20200322_20-15-11_12885-24623
Full attention-256,investigation,10547,10551,5,1,5,1.0,test_2,Mouse839-female_20200322_20-15-11_12885-24623
Full attention-256,investigation,10652,10658,7,1,4,0.5714285714285714,test_2,Mouse839-female_20200322_20-15-11_12885-24623
Full attention-256,investigation,10829,10840,12,1,12,1.0,test_2,Mouse839-female_20200322_20-15-11_12885-24623
Full attention-256,investigation,11159,11301,143,1,137,0.958041958041958,test_2,Mouse839-female_20200322_20-15-11_12885-24623
Full attention-256,investigation,11447,11592,146,1,105,0.7191780821917808,test_2,Mouse839-female_20200322_20-15-11_12885-24623
Full attention-256,investigation,11614,11645,32,1,32,1.0,test_2,Mouse839-female_20200322_20-15-11_12885-24623
Full attention-256,investigation,11663,11674,12,1,12,1.0,test_2,Mouse839-female_20200322_20-15-11_12885-24623
Full LSTM-256,investigation,34,69,36,1,6,0.16666666666666666,test_2,Mouse839-female_20200322_20-15-11_12885-24623
Full LSTM-256,investigation,76,90,15,1,15,1.0,test_2,Mouse839-female_20200322_20-15-11_12885-24623
Full LSTM-256,investigation,115,176,62,1,62,1.0,test_2,Mouse839-female_20200322_20-15-11_12885-24623
Full LSTM-256,investigation,195,225,31,1,29,0.9354838709677419,test_2,Mouse839-female_20200322_20-15-11_12885-24623
Full LSTM-256,investigation,341,430,90,1,90,1.0,test_2,Mouse839-female_20200322_20-15-11_12885-24623
Full LSTM-256,investigation,439,754,316,1,288,0.9113924050632911,test_2,Mouse839-female_20200322_20-15-11_12885-24623
Full LSTM-256,mount,756,792,37,1,37,1.0,test_2,Mouse839-female_20200322_20-15-11_12885-24623
Full LSTM-256,investigation,793,811,19,0,0,0.0,test_2,Mouse839-female_20200322_20-15-11_12885-24623
Full LSTM-256,mount,813,973,161,1,161,1.0,test_2,Mouse839-female_20200322_20-15-11_12885-24623
Full LSTM-256,investigation,974,997,24,1,22,0.9166666666666666,test_2,Mouse839-female_20200322_20-15-11_12885-24623
Full LSTM-256,investigation,1035,1125,91,1,85,0.9340659340659341,test_2,Mouse839-female_20200322_20-15-11_12885-24623
Full LSTM-256,mount,1127,1227,101,1,89,0.8811881188118812,test_2,Mouse839-female_20200322_20-15-11_12885-24623
Full LSTM-256,investigation,1229,1263,35,1,35,1.0,test_2,Mouse839-female_20200322_20-15-11_12885-24623
Full LSTM-256,mount,1265,1330,66,1,31,0.4696969696969697,test_2,Mouse839-female_20200322_20-15-11_12885-24623
Full LSTM-256,investigation,1331,1373,43,1,43,1.0,test_2,Mouse839-female_20200322_20-15-11_12885-24623
Full LSTM-256,investigation,1533,1768,236,1,224,0.9491525423728814,test_2,Mouse839-female_20200322_20-15-11_12885-24623
Full LSTM-256,investigation,1812,1856,45,1,44,0.9777777777777777,test_2,Mouse839-female_20200322_20-15-11_12885-24623
Full LSTM-256,mount,1858,2044,187,1,187,1.0,test_2,Mouse839-female_20200322_20-15-11_12885-24623
Full LSTM-256,investigation,2045,2077,33,1,30,0.9090909090909091,test_2,Mouse839-female_20200322_20-15-11_12885-24623
Full LSTM-256,investigation,2172,2214,43,1,43,1.0,test_2,Mouse839-female_20200322_20-15-11_12885-24623
Full LSTM-256,investigation,2225,2232,8,0,0,0.0,test_2,Mouse839-female_20200322_20-15-11_12885-24623
Full LSTM-256,mount,2234,2263,30,1,30,1.0,test_2,Mouse839-female_20200322_20-15-11_12885-24623
Full LSTM-256,investigation,2265,2279,15,0,0,0.0,test_2,Mouse839-female_20200322_20-15-11_12885-24623
Full LSTM-256,mount,2281,2323,43,1,43,1.0,test_2,Mouse839-female_20200322_20-15-11_12885-24623
Full LSTM-256,investigation,2325,2489,165,1,154,0.9333333333333333,test_2,Mouse839-female_20200322_20-15-11_12885-24623
Full LSTM-256,mount,2491,2542,52,1,47,0.9038461538461539,test_2,Mouse839-female_20200322_20-15-11_12885-24623
Full LSTM-256,investigation,2693,2700,8,1,8,1.0,test_2,Mouse839-female_20200322_20-15-11_12885-24623
Full LSTM-256,investigation,2835,2872,38,1,29,0.7631578947368421,test_2,Mouse839-female_20200322_20-15-11_12885-24623
Full LSTM-256,investigation,2968,2984,17,1,9,0.5294117647058824,test_2,Mouse839-female_20200322_20-15-11_12885-24623
Full LSTM-256,investigation,3273,3276,4,1,4,1.0,test_2,Mouse839-female_20200322_20-15-11_12885-24623
Full LSTM-256,investigation,3362,3420,59,1,59,1.0,test_2,Mouse839-female_20200322_20-15-11_12885-24623
Full LSTM-256,investigation,3485,3549,65,1,51,0.7846153846153846,test_2,Mouse839-female_20200322_20-15-11_12885-24623
Full LSTM-256,investigation,3989,4094,106,1,91,0.8584905660377359,test_2,Mouse839-female_20200322_20-15-11_12885-24623
Full LSTM-256,mount,4095,4469,375,1,375,1.0,test_2,Mouse839-female_20200322_20-15-11_12885-24623
Full LSTM-256,investigation,5599,5648,50,1,50,1.0,test_2,Mouse839-female_20200322_20-15-11_12885-24623
Full LSTM-256,investigation,5720,5723,4,1,4,1.0,test_2,Mouse839-female_20200322_20-15-11_12885-24623
Full LSTM-256,investigation,5833,5838,6,0,0,0.0,test_2,Mouse839-female_20200322_20-15-11_12885-24623
Full LSTM-256,investigation,5855,5936,82,1,80,0.975609756097561,test_2,Mouse839-female_20200322_20-15-11_12885-24623
Full LSTM-256,investigation,5964,5995,32,1,28,0.875,test_2,Mouse839-female_20200322_20-15-11_12885-24623
Full LSTM-256,mount,5997,6143,147,2,128,0.8707482993197279,test_2,Mouse839-female_20200322_20-15-11_12885-24623
Full LSTM-256,investigation,6145,6194,50,1,47,0.94,test_2,Mouse839-female_20200322_20-15-11_12885-24623
Full LSTM-256,investigation,6272,6315,44,1,44,1.0,test_2,Mouse839-female_20200322_20-15-11_12885-24623
Full LSTM-256,investigation,6347,6397,51,1,51,1.0,test_2,Mouse839-female_20200322_20-15-11_12885-24623
Full LSTM-256,mount,6399,6472,74,1,48,0.6486486486486487,test_2,Mouse839-female_20200322_20-15-11_12885-24623
Full LSTM-256,investigation,6474,6485,12,1,12,1.0,test_2,Mouse839-female_20200322_20-15-11_12885-24623
Full LSTM-256,investigation,7058,7085,28,1,28,1.0,test_2,Mouse839-female_20200322_20-15-11_12885-24623
Full LSTM-256,investigation,7304,7523,220,1,220,1.0,test_2,Mouse839-female_20200322_20-15-11_12885-24623
Full LSTM-256,investigation,7659,7676,18,1,5,0.2777777777777778,test_2,Mouse839-female_20200322_20-15-11_12885-24623
Full LSTM-256,investigation,8468,8512,45,1,45,1.0,test_2,Mouse839-female_20200322_20-15-11_12885-24623
Full LSTM-256,mount,8514,8570,57,1,32,0.5614035087719298,test_2,Mouse839-female_20200322_20-15-11_12885-24623
Full LSTM-256,investigation,8678,8715,38,1,38,1.0,test_2,Mouse839-female_20200322_20-15-11_12885-24623
Full LSTM-256,investigation,8887,8898,12,1,12,1.0,test_2,Mouse839-female_20200322_20-15-11_12885-24623
Full LSTM-256,investigation,9747,9764,18,1,18,1.0,test_2,Mouse839-female_20200322_20-15-11_12885-24623
Full LSTM-256,investigation,9782,9877,96,1,96,1.0,test_2,Mouse839-female_20200322_20-15-11_12885-24623
Full LSTM-256,mount,9878,9950,73,1,63,0.863013698630137,test_2,Mouse839-female_20200322_20-15-11_12885-24623
Full LSTM-256,investigation,9952,9959,8,1,8,1.0,test_2,Mouse839-female_20200322_20-15-11_12885-24623
Full LSTM-256,investigation,10013,10032,20,1,3,0.15,test_2,Mouse839-female_20200322_20-15-11_12885-24623
Full LSTM-256,mount,10034,10185,152,1,142,0.9342105263157895,test_2,Mouse839-female_20200322_20-15-11_12885-24623
Full LSTM-256,investigation,10186,10254,69,1,69,1.0,test_2,Mouse839-female_20200322_20-15-11_12885-24623
Full LSTM-256,investigation,10445,10464,20,1,20,1.0,test_2,Mouse839-female_20200322_20-15-11_12885-24623
Full LSTM-256,mount,10466,10546,81,1,16,0.19753086419753085,test_2,Mouse839-female_20200322_20-15-11_12885-24623
Full LSTM-256,investigation,10547,10551,5,1,5,1.0,test_2,Mouse839-female_20200322_20-15-11_12885-24623
Full LSTM-256,investigation,10652,10658,7,1,7,1.0,test_2,Mouse839-female_20200322_20-15-11_12885-24623
Full LSTM-256,investigation,10829,10840,12,1,12,1.0,test_2,Mouse839-female_20200322_20-15-11_12885-24623
Full LSTM-256,investigation,11159,11301,143,1,137,0.958041958041958,test_2,Mouse839-female_20200322_20-15-11_12885-24623
Full LSTM-256,investigation,11447,11592,146,1,105,0.7191780821917808,test_2,Mouse839-female_20200322_20-15-11_12885-24623
Full LSTM-256,investigation,11614,11645,32,1,32,1.0,test_2,Mouse839-female_20200322_20-15-11_12885-24623
Full LSTM-256,investigation,11663,11674,12,1,12,1.0,test_2,Mouse839-female_20200322_20-15-11_12885-24623
