stream,head,capacity,seed,class,threshold,tp,fp,fn,bout_precision,bout_recall,bout_f1
animal_visual_only,attention,256,42,attack,0.1,209.0,178.0,147.0,0.5400516795865633,0.5870786516853933,0.5625841184387618
animal_visual_only,attention,256,42,attack,0.25,173.0,214.0,183.0,0.4470284237726098,0.4859550561797753,0.4656796769851952
animal_visual_only,attention,256,42,attack,0.5,99.0,288.0,257.0,0.2558139534883721,0.27808988764044945,0.26648721399730824
animal_visual_only,attention,256,42,investigation,0.1,678.0,279.0,789.0,0.7084639498432602,0.4621676891615542,0.5594059405940595
animal_visual_only,attention,256,42,investigation,0.25,592.0,365.0,875.0,0.6185997910135841,0.40354464894342196,0.4884488448844884
animal_visual_only,attention,256,42,investigation,0.5,364.0,593.0,1103.0,0.38035527690700105,0.24812542603953647,0.3003300330033003
animal_visual_only,attention,256,42,mount,0.1,158.0,64.0,50.0,0.7117117117117117,0.7596153846153846,0.7348837209302327
animal_visual_only,attention,256,42,mount,0.25,152.0,70.0,56.0,0.6846846846846847,0.7307692307692307,0.7069767441860465
animal_visual_only,attention,256,42,mount,0.5,126.0,96.0,82.0,0.5675675675675675,0.6057692307692307,0.5860465116279069
animal_visual_only,attention,256,43,attack,0.1,211.0,126.0,145.0,0.6261127596439169,0.5926966292134831,0.6089466089466089
animal_visual_only,attention,256,43,attack,0.25,177.0,160.0,179.0,0.5252225519287834,0.49719101123595505,0.5108225108225108
animal_visual_only,attention,256,43,attack,0.5,104.0,233.0,252.0,0.3086053412462908,0.29213483146067415,0.3001443001443001
animal_visual_only,attention,256,43,investigation,0.1,679.0,277.0,788.0,0.7102510460251046,0.46284935241990455,0.5604622368964094
animal_visual_only,attention,256,43,investigation,0.25,594.0,362.0,873.0,0.6213389121338913,0.4049079754601227,0.4903012794056955
animal_visual_only,attention,256,43,investigation,0.5,367.0,589.0,1100.0,0.38389121338912136,0.2501704158145876,0.30293025175402394
animal_visual_only,attention,256,43,mount,0.1,156.0,57.0,52.0,0.7323943661971831,0.75,0.7410926365795726
animal_visual_only,attention,256,43,mount,0.25,150.0,63.0,58.0,0.704225352112676,0.7211538461538461,0.7125890736342041
animal_visual_only,attention,256,43,mount,0.5,128.0,85.0,80.0,0.6009389671361502,0.6153846153846154,0.6080760095011877
animal_visual_only,attention,256,44,attack,0.1,219.0,136.0,137.0,0.6169014084507042,0.6151685393258427,0.6160337552742616
animal_visual_only,attention,256,44,attack,0.25,184.0,171.0,172.0,0.5183098591549296,0.5168539325842697,0.5175808720112517
animal_visual_only,attention,256,44,attack,0.5,102.0,253.0,254.0,0.28732394366197184,0.28651685393258425,0.2869198312236287
animal_visual_only,attention,256,44,investigation,0.1,701.0,304.0,766.0,0.6975124378109453,0.4778459441036128,0.5671521035598706
animal_visual_only,attention,256,44,investigation,0.25,591.0,414.0,876.0,0.5880597014925373,0.40286298568507156,0.4781553398058252
animal_visual_only,attention,256,44,investigation,0.5,354.0,651.0,1113.0,0.3522388059701492,0.24130879345603273,0.28640776699029125
animal_visual_only,attention,256,44,mount,0.1,161.0,61.0,47.0,0.7252252252252253,0.7740384615384616,0.7488372093023257
animal_visual_only,attention,256,44,mount,0.25,155.0,67.0,53.0,0.6981981981981982,0.7451923076923077,0.7209302325581396
animal_visual_only,attention,256,44,mount,0.5,139.0,83.0,69.0,0.6261261261261262,0.6682692307692307,0.6465116279069767
animal_visual_only,attention,512,42,attack,0.1,188.0,260.0,168.0,0.41964285714285715,0.5280898876404494,0.46766169154228854
animal_visual_only,attention,512,42,attack,0.25,143.0,305.0,213.0,0.31919642857142855,0.40168539325842695,0.35572139303482586
animal_visual_only,attention,512,42,attack,0.5,74.0,374.0,282.0,0.16517857142857142,0.20786516853932585,0.18407960199004975
animal_visual_only,attention,512,42,investigation,0.1,655.0,309.0,812.0,0.6794605809128631,0.44648943421949555,0.5388728918140683
animal_visual_only,attention,512,42,investigation,0.25,536.0,428.0,931.0,0.5560165975103735,0.36537150647580097,0.4409707939119704
animal_visual_only,attention,512,42,investigation,0.5,341.0,623.0,1126.0,0.3537344398340249,0.23244717109747784,0.2805429864253393
animal_visual_only,attention,512,42,mount,0.1,155.0,65.0,53.0,0.7045454545454546,0.7451923076923077,0.7242990654205609
animal_visual_only,attention,512,42,mount,0.25,150.0,70.0,58.0,0.6818181818181818,0.7211538461538461,0.7009345794392523
animal_visual_only,attention,512,42,mount,0.5,128.0,92.0,80.0,0.5818181818181818,0.6153846153846154,0.5981308411214953
animal_visual_only,attention,512,43,attack,0.1,216.0,118.0,140.0,0.6467065868263473,0.6067415730337079,0.6260869565217392
animal_visual_only,attention,512,43,attack,0.25,177.0,157.0,179.0,0.5299401197604791,0.49719101123595505,0.5130434782608695
animal_visual_only,attention,512,43,attack,0.5,99.0,235.0,257.0,0.2964071856287425,0.27808988764044945,0.28695652173913044
animal_visual_only,attention,512,43,investigation,0.1,725.0,307.0,742.0,0.7025193798449613,0.4942058623040218,0.5802320928371348
animal_visual_only,attention,512,43,investigation,0.25,618.0,414.0,849.0,0.5988372093023255,0.4212678936605317,0.49459783913565425
animal_visual_only,attention,512,43,investigation,0.5,375.0,657.0,1092.0,0.3633720930232558,0.2556237218813906,0.30012004801920766
animal_visual_only,attention,512,43,mount,0.1,152.0,64.0,56.0,0.7037037037037037,0.7307692307692307,0.7169811320754716
animal_visual_only,attention,512,43,mount,0.25,144.0,72.0,64.0,0.6666666666666666,0.6923076923076923,0.6792452830188679
animal_visual_only,attention,512,43,mount,0.5,120.0,96.0,88.0,0.5555555555555556,0.5769230769230769,0.5660377358490566
animal_visual_only,attention,512,44,attack,0.1,212.0,150.0,144.0,0.585635359116022,0.5955056179775281,0.5905292479108635
animal_visual_only,attention,512,44,attack,0.25,171.0,191.0,185.0,0.4723756906077348,0.4803370786516854,0.4763231197771588
animal_visual_only,attention,512,44,attack,0.5,93.0,269.0,263.0,0.2569060773480663,0.2612359550561798,0.2590529247910864
animal_visual_only,attention,512,44,investigation,0.1,710.0,335.0,757.0,0.6794258373205742,0.4839809134287662,0.5652866242038216
animal_visual_only,attention,512,44,investigation,0.25,590.0,455.0,877.0,0.5645933014354066,0.4021813224267212,0.4697452229299363
animal_visual_only,attention,512,44,investigation,0.5,352.0,693.0,1115.0,0.3368421052631579,0.23994546693933197,0.2802547770700637
animal_visual_only,attention,512,44,mount,0.1,164.0,87.0,44.0,0.6533864541832669,0.7884615384615384,0.7145969498910676
animal_visual_only,attention,512,44,mount,0.25,159.0,92.0,49.0,0.6334661354581673,0.7644230769230769,0.6928104575163399
animal_visual_only,attention,512,44,mount,0.5,143.0,108.0,65.0,0.5697211155378487,0.6875,0.6230936819172114
animal_visual_only,attention,896,42,attack,0.1,198.0,190.0,158.0,0.5103092783505154,0.5561797752808989,0.5322580645161291
animal_visual_only,attention,896,42,attack,0.25,160.0,228.0,196.0,0.41237113402061853,0.449438202247191,0.43010752688172044
animal_visual_only,attention,896,42,attack,0.5,82.0,306.0,274.0,0.211340206185567,0.2303370786516854,0.2204301075268817
animal_visual_only,attention,896,42,investigation,0.1,659.0,282.0,808.0,0.7003188097768331,0.4492160872528971,0.54734219269103
animal_visual_only,attention,896,42,investigation,0.25,562.0,379.0,905.0,0.5972369819341127,0.3830947511929107,0.46677740863787376
animal_visual_only,attention,896,42,investigation,0.5,346.0,595.0,1121.0,0.36769394261424015,0.23585548738922973,0.2873754152823921
animal_visual_only,attention,896,42,mount,0.1,162.0,72.0,46.0,0.6923076923076923,0.7788461538461539,0.7330316742081447
animal_visual_only,attention,896,42,mount,0.25,157.0,77.0,51.0,0.6709401709401709,0.7548076923076923,0.7104072398190046
animal_visual_only,attention,896,42,mount,0.5,134.0,100.0,74.0,0.5726495726495726,0.6442307692307693,0.6063348416289592
animal_visual_only,attention,896,43,attack,0.1,211.0,138.0,145.0,0.6045845272206304,0.5926966292134831,0.5985815602836879
animal_visual_only,attention,896,43,attack,0.25,173.0,176.0,183.0,0.49570200573065903,0.4859550561797753,0.4907801418439717
animal_visual_only,attention,896,43,attack,0.5,98.0,251.0,258.0,0.2808022922636103,0.2752808988764045,0.2780141843971631
animal_visual_only,attention,896,43,investigation,0.1,688.0,304.0,779.0,0.6935483870967742,0.46898432174505794,0.5595770638470923
animal_visual_only,attention,896,43,investigation,0.25,588.0,404.0,879.0,0.592741935483871,0.40081799591002043,0.4782431882879219
animal_visual_only,attention,896,43,investigation,0.5,359.0,633.0,1108.0,0.36189516129032256,0.2447171097477846,0.2919886132574217
animal_visual_only,attention,896,43,mount,0.1,157.0,62.0,51.0,0.7168949771689498,0.7548076923076923,0.7353629976580796
animal_visual_only,attention,896,43,mount,0.25,151.0,68.0,57.0,0.6894977168949772,0.7259615384615384,0.7072599531615925
animal_visual_only,attention,896,43,mount,0.5,135.0,84.0,73.0,0.6164383561643836,0.6490384615384616,0.6323185011709602
animal_visual_only,attention,896,44,attack,0.1,216.0,102.0,140.0,0.6792452830188679,0.6067415730337079,0.6409495548961425
animal_visual_only,attention,896,44,attack,0.25,179.0,139.0,177.0,0.5628930817610063,0.5028089887640449,0.5311572700296736
animal_visual_only,attention,896,44,attack,0.5,102.0,216.0,254.0,0.32075471698113206,0.28651685393258425,0.3026706231454006
animal_visual_only,attention,896,44,investigation,0.1,735.0,361.0,732.0,0.6706204379562044,0.5010224948875256,0.573546625048771
animal_visual_only,attention,896,44,investigation,0.25,590.0,506.0,877.0,0.5383211678832117,0.4021813224267212,0.4603979711275849
animal_visual_only,attention,896,44,investigation,0.5,350.0,746.0,1117.0,0.3193430656934307,0.23858214042263123,0.2731174404994148
animal_visual_only,attention,896,44,mount,0.1,155.0,64.0,53.0,0.7077625570776256,0.7451923076923077,0.7259953161592506
animal_visual_only,attention,896,44,mount,0.25,151.0,68.0,57.0,0.6894977168949772,0.7259615384615384,0.7072599531615925
animal_visual_only,attention,896,44,mount,0.5,132.0,87.0,76.0,0.6027397260273972,0.6346153846153846,0.6182669789227165
animal_visual_only,lstm,256,42,attack,0.1,209.0,97.0,147.0,0.6830065359477124,0.5870786516853933,0.6314199395770392
animal_visual_only,lstm,256,42,attack,0.25,181.0,125.0,175.0,0.5915032679738562,0.5084269662921348,0.5468277945619334
animal_visual_only,lstm,256,42,attack,0.5,109.0,197.0,247.0,0.3562091503267974,0.3061797752808989,0.3293051359516617
animal_visual_only,lstm,256,42,investigation,0.1,800.0,461.0,667.0,0.63441712926249,0.5453306066803,0.5865102639296187
animal_visual_only,lstm,256,42,investigation,0.25,621.0,640.0,846.0,0.49246629659000796,0.4233128834355828,0.45527859237536655
animal_visual_only,lstm,256,42,investigation,0.5,329.0,932.0,1138.0,0.26090404440919907,0.22426721199727334,0.24120234604105573
animal_visual_only,lstm,256,42,mount,0.1,141.0,46.0,67.0,0.7540106951871658,0.6778846153846154,0.7139240506329114
animal_visual_only,lstm,256,42,mount,0.25,134.0,53.0,74.0,0.7165775401069518,0.6442307692307693,0.6784810126582278
animal_visual_only,lstm,256,42,mount,0.5,109.0,78.0,99.0,0.5828877005347594,0.5240384615384616,0.5518987341772152
animal_visual_only,lstm,256,43,attack,0.1,213.0,100.0,143.0,0.6805111821086262,0.598314606741573,0.6367713004484304
animal_visual_only,lstm,256,43,attack,0.25,184.0,129.0,172.0,0.5878594249201278,0.5168539325842697,0.5500747384155457
animal_visual_only,lstm,256,43,attack,0.5,98.0,215.0,258.0,0.31309904153354634,0.2752808988764045,0.29297458893871453
animal_visual_only,lstm,256,43,investigation,0.1,761.0,332.0,706.0,0.696248856358646,0.5187457396046353,0.59453125
animal_visual_only,lstm,256,43,investigation,0.25,645.0,448.0,822.0,0.5901189387008234,0.4396728016359918,0.50390625
animal_visual_only,lstm,256,43,investigation,0.5,390.0,703.0,1077.0,0.35681610247026535,0.2658486707566462,0.3046875
animal_visual_only,lstm,256,43,mount,0.1,150.0,41.0,58.0,0.7853403141361257,0.7211538461538461,0.7518796992481203
animal_visual_only,lstm,256,43,mount,0.25,142.0,49.0,66.0,0.743455497382199,0.6826923076923077,0.7117794486215538
animal_visual_only,lstm,256,43,mount,0.5,119.0,72.0,89.0,0.6230366492146597,0.5721153846153846,0.5964912280701754
animal_visual_only,lstm,256,44,attack,0.1,199.0,76.0,157.0,0.7236363636363636,0.5589887640449438,0.6307448494453249
animal_visual_only,lstm,256,44,attack,0.25,170.0,105.0,186.0,0.6181818181818182,0.47752808988764045,0.5388272583201268
animal_visual_only,lstm,256,44,attack,0.5,92.0,183.0,264.0,0.33454545454545453,0.25842696629213485,0.29160063391442154
animal_visual_only,lstm,256,44,investigation,0.1,759.0,314.0,708.0,0.7073625349487418,0.5173824130879345,0.5976377952755906
animal_visual_only,lstm,256,44,investigation,0.25,622.0,451.0,845.0,0.5796831314072693,0.4239945466939332,0.4897637795275591
animal_visual_only,lstm,256,44,investigation,0.5,374.0,699.0,1093.0,0.34855545200372784,0.2549420586230402,0.2944881889763779
animal_visual_only,lstm,256,44,mount,0.1,158.0,65.0,50.0,0.7085201793721974,0.7596153846153846,0.7331786542923434
animal_visual_only,lstm,256,44,mount,0.25,154.0,69.0,54.0,0.6905829596412556,0.7403846153846154,0.7146171693735499
animal_visual_only,lstm,256,44,mount,0.5,138.0,85.0,70.0,0.6188340807174888,0.6634615384615384,0.6403712296983759
animal_visual_only,lstm,512,42,attack,0.1,203.0,144.0,153.0,0.5850144092219021,0.5702247191011236,0.5775248933143671
animal_visual_only,lstm,512,42,attack,0.25,173.0,174.0,183.0,0.49855907780979825,0.4859550561797753,0.492176386913229
animal_visual_only,lstm,512,42,attack,0.5,100.0,247.0,256.0,0.2881844380403458,0.2808988764044944,0.2844950213371266
animal_visual_only,lstm,512,42,investigation,0.1,741.0,343.0,726.0,0.683579335793358,0.5051124744376279,0.5809486475891807
animal_visual_only,lstm,512,42,investigation,0.25,606.0,478.0,861.0,0.559040590405904,0.4130879345603272,0.47510780086240695
animal_visual_only,lstm,512,42,investigation,0.5,359.0,725.0,1108.0,0.3311808118081181,0.2447171097477846,0.28145825166601335
animal_visual_only,lstm,512,42,mount,0.1,135.0,32.0,73.0,0.8083832335329342,0.6490384615384616,0.7200000000000002
animal_visual_only,lstm,512,42,mount,0.25,129.0,38.0,79.0,0.7724550898203593,0.6201923076923077,0.688
animal_visual_only,lstm,512,42,mount,0.5,104.0,63.0,104.0,0.6227544910179641,0.5,0.5546666666666666
animal_visual_only,lstm,512,43,attack,0.1,190.0,53.0,166.0,0.7818930041152263,0.5337078651685393,0.6343906510851418
animal_visual_only,lstm,512,43,attack,0.25,160.0,83.0,196.0,0.6584362139917695,0.449438202247191,0.5342237061769617
animal_visual_only,lstm,512,43,attack,0.5,101.0,142.0,255.0,0.4156378600823045,0.28370786516853935,0.337228714524207
animal_visual_only,lstm,512,43,investigation,0.1,743.0,256.0,724.0,0.7437437437437437,0.5064758009543285,0.6025952960259529
animal_visual_only,lstm,512,43,investigation,0.25,652.0,347.0,815.0,0.6526526526526526,0.4444444444444444,0.5287915652879156
animal_visual_only,lstm,512,43,investigation,0.5,405.0,594.0,1062.0,0.40540540540540543,0.27607361963190186,0.3284671532846716
animal_visual_only,lstm,512,43,mount,0.1,154.0,54.0,54.0,0.7403846153846154,0.7403846153846154,0.7403846153846154
animal_visual_only,lstm,512,43,mount,0.25,144.0,64.0,64.0,0.6923076923076923,0.6923076923076923,0.6923076923076923
animal_visual_only,lstm,512,43,mount,0.5,123.0,85.0,85.0,0.5913461538461539,0.5913461538461539,0.5913461538461539
animal_visual_only,lstm,512,44,attack,0.1,204.0,139.0,152.0,0.5947521865889213,0.5730337078651685,0.5836909871244635
animal_visual_only,lstm,512,44,attack,0.25,174.0,169.0,182.0,0.5072886297376094,0.4887640449438202,0.4978540772532189
animal_visual_only,lstm,512,44,attack,0.5,91.0,252.0,265.0,0.2653061224489796,0.2556179775280899,0.26037195994277545
animal_visual_only,lstm,512,44,investigation,0.1,742.0,457.0,725.0,0.6188490408673895,0.5057941376959781,0.5566391597899475
animal_visual_only,lstm,512,44,investigation,0.25,592.0,607.0,875.0,0.493744787322769,0.40354464894342196,0.4441110277569392
animal_visual_only,lstm,512,44,investigation,0.5,323.0,876.0,1144.0,0.2693911592994162,0.2201772324471711,0.24231057764441113
animal_visual_only,lstm,512,44,mount,0.1,165.0,75.0,43.0,0.6875,0.7932692307692307,0.7366071428571428
animal_visual_only,lstm,512,44,mount,0.25,158.0,82.0,50.0,0.6583333333333333,0.7596153846153846,0.7053571428571429
animal_visual_only,lstm,512,44,mount,0.5,141.0,99.0,67.0,0.5875,0.6778846153846154,0.6294642857142858
animal_visual_only,lstm,896,42,attack,0.1,207.0,128.0,149.0,0.6179104477611941,0.5814606741573034,0.5991316931982634
animal_visual_only,lstm,896,42,attack,0.25,169.0,166.0,187.0,0.5044776119402985,0.4747191011235955,0.48914616497829233
animal_visual_only,lstm,896,42,attack,0.5,93.0,242.0,263.0,0.27761194029850744,0.2612359550561798,0.2691751085383502
animal_visual_only,lstm,896,42,investigation,0.1,730.0,345.0,737.0,0.6790697674418604,0.49761417859577367,0.5743509047993705
animal_visual_only,lstm,896,42,investigation,0.25,604.0,471.0,863.0,0.5618604651162791,0.4117246080436264,0.4752163650668764
animal_visual_only,lstm,896,42,investigation,0.5,343.0,732.0,1124.0,0.31906976744186044,0.2338104976141786,0.2698662470495673
animal_visual_only,lstm,896,42,mount,0.1,172.0,110.0,36.0,0.6099290780141844,0.8269230769230769,0.7020408163265306
animal_visual_only,lstm,896,42,mount,0.25,169.0,113.0,39.0,0.599290780141844,0.8125,0.689795918367347
animal_visual_only,lstm,896,42,mount,0.5,153.0,129.0,55.0,0.5425531914893617,0.7355769230769231,0.6244897959183673
animal_visual_only,lstm,896,43,attack,0.1,180.0,63.0,176.0,0.7407407407407407,0.5056179775280899,0.6010016694490818
animal_visual_only,lstm,896,43,attack,0.25,150.0,93.0,206.0,0.6172839506172839,0.42134831460674155,0.5008347245409015
animal_visual_only,lstm,896,43,attack,0.5,91.0,152.0,265.0,0.37448559670781895,0.2556179775280899,0.30383973288814686
animal_visual_only,lstm,896,43,investigation,0.1,789.0,413.0,678.0,0.6564059900166389,0.5378323108384458,0.5912326714125141
animal_visual_only,lstm,896,43,investigation,0.25,608.0,594.0,859.0,0.5058236272878536,0.41445126107702795,0.4556013488197827
animal_visual_only,lstm,896,43,investigation,0.5,346.0,856.0,1121.0,0.2878535773710483,0.23585548738922973,0.2592731360059948
animal_visual_only,lstm,896,43,mount,0.1,155.0,70.0,53.0,0.6888888888888889,0.7451923076923077,0.7159353348729793
animal_visual_only,lstm,896,43,mount,0.25,148.0,77.0,60.0,0.6577777777777778,0.7115384615384616,0.6836027713625866
animal_visual_only,lstm,896,43,mount,0.5,130.0,95.0,78.0,0.5777777777777777,0.625,0.6004618937644342
animal_visual_only,lstm,896,44,attack,0.1,203.0,128.0,153.0,0.6132930513595166,0.5702247191011236,0.5909752547307132
animal_visual_only,lstm,896,44,attack,0.25,171.0,160.0,185.0,0.5166163141993958,0.4803370786516854,0.4978165938864629
animal_visual_only,lstm,896,44,attack,0.5,95.0,236.0,261.0,0.28700906344410876,0.26685393258426965,0.2765647743813683
animal_visual_only,lstm,896,44,investigation,0.1,741.0,375.0,726.0,0.6639784946236559,0.5051124744376279,0.5737514518002322
animal_visual_only,lstm,896,44,investigation,0.25,600.0,516.0,867.0,0.5376344086021505,0.40899795501022496,0.4645760743321719
animal_visual_only,lstm,896,44,investigation,0.5,341.0,775.0,1126.0,0.3055555555555556,0.23244717109747784,0.2640340689121177
animal_visual_only,lstm,896,44,mount,0.1,171.0,127.0,37.0,0.5738255033557047,0.8221153846153846,0.6758893280632411
animal_visual_only,lstm,896,44,mount,0.25,162.0,136.0,46.0,0.5436241610738255,0.7788461538461539,0.6403162055335968
animal_visual_only,lstm,896,44,mount,0.5,148.0,150.0,60.0,0.4966442953020134,0.7115384615384616,0.5849802371541502
full,attention,256,42,attack,0.1,228.0,45.0,128.0,0.8351648351648352,0.6404494382022472,0.724960254372019
full,attention,256,42,attack,0.25,205.0,68.0,151.0,0.7509157509157509,0.5758426966292135,0.6518282988871225
full,attention,256,42,attack,0.5,125.0,148.0,231.0,0.45787545787545786,0.351123595505618,0.39745627980922105
full,attention,256,42,investigation,0.1,727.0,157.0,740.0,0.8223981900452488,0.49556918882072254,0.6184602296894938
full,attention,256,42,investigation,0.25,663.0,221.0,804.0,0.75,0.45194274028629855,0.5640153126329222
full,attention,256,42,investigation,0.5,485.0,399.0,982.0,0.5486425339366516,0.33060668029993184,0.4125903870693322
full,attention,256,42,mount,0.1,176.0,29.0,32.0,0.8585365853658536,0.8461538461538461,0.8523002421307506
full,attention,256,42,mount,0.25,172.0,33.0,36.0,0.8390243902439024,0.8269230769230769,0.8329297820823244
full,attention,256,42,mount,0.5,159.0,46.0,49.0,0.775609756097561,0.7644230769230769,0.7699757869249394
full,attention,256,43,attack,0.1,228.0,38.0,128.0,0.8571428571428571,0.6404494382022472,0.7331189710610932
full,attention,256,43,attack,0.25,211.0,55.0,145.0,0.793233082706767,0.5926966292134831,0.6784565916398714
full,attention,256,43,attack,0.5,132.0,134.0,224.0,0.49624060150375937,0.3707865168539326,0.42443729903536975
full,attention,256,43,investigation,0.1,726.0,159.0,741.0,0.8203389830508474,0.4948875255623722,0.6173469387755102
full,attention,256,43,investigation,0.25,669.0,216.0,798.0,0.7559322033898305,0.4560327198364008,0.5688775510204082
full,attention,256,43,investigation,0.5,487.0,398.0,980.0,0.5502824858757062,0.3319700068166326,0.4141156462585034
full,attention,256,43,mount,0.1,163.0,23.0,45.0,0.8763440860215054,0.7836538461538461,0.8274111675126904
full,attention,256,43,mount,0.25,161.0,25.0,47.0,0.8655913978494624,0.7740384615384616,0.817258883248731
full,attention,256,43,mount,0.5,149.0,37.0,59.0,0.8010752688172043,0.7163461538461539,0.7563451776649746
full,attention,256,44,attack,0.1,221.0,47.0,135.0,0.8246268656716418,0.6207865168539326,0.7083333333333333
full,attention,256,44,attack,0.25,194.0,74.0,162.0,0.7238805970149254,0.5449438202247191,0.6217948717948717
full,attention,256,44,attack,0.5,123.0,145.0,233.0,0.458955223880597,0.3455056179775281,0.3942307692307692
full,attention,256,44,investigation,0.1,751.0,193.0,716.0,0.7955508474576272,0.5119291070211316,0.6229780174201577
full,attention,256,44,investigation,0.25,672.0,272.0,795.0,0.711864406779661,0.45807770961145194,0.5574450435503939
full,attention,256,44,investigation,0.5,460.0,484.0,1007.0,0.4872881355932203,0.31356509884117245,0.3815844048112816
full,attention,256,44,mount,0.1,172.0,35.0,36.0,0.8309178743961353,0.8269230769230769,0.8289156626506025
full,attention,256,44,mount,0.25,170.0,37.0,38.0,0.821256038647343,0.8173076923076923,0.819277108433735
full,attention,256,44,mount,0.5,157.0,50.0,51.0,0.7584541062801933,0.7548076923076923,0.7566265060240964
full,attention,512,42,attack,0.1,215.0,118.0,141.0,0.6456456456456456,0.6039325842696629,0.6240928882438316
full,attention,512,42,attack,0.25,192.0,141.0,164.0,0.5765765765765766,0.5393258426966292,0.5573294629898403
full,attention,512,42,attack,0.5,111.0,222.0,245.0,0.3333333333333333,0.31179775280898875,0.32220609579100146
full,attention,512,42,investigation,0.1,710.0,165.0,757.0,0.8114285714285714,0.4839809134287662,0.6063193851409051
full,attention,512,42,investigation,0.25,645.0,230.0,822.0,0.7371428571428571,0.4396728016359918,0.5508112724167378
full,attention,512,42,investigation,0.5,454.0,421.0,1013.0,0.5188571428571429,0.3094751192910702,0.38770281810418444
full,attention,512,42,mount,0.1,168.0,21.0,40.0,0.8888888888888888,0.8076923076923077,0.8463476070528968
full,attention,512,42,mount,0.25,165.0,24.0,43.0,0.873015873015873,0.7932692307692307,0.8312342569269521
full,attention,512,42,mount,0.5,153.0,36.0,55.0,0.8095238095238095,0.7355769230769231,0.7707808564231737
full,attention,512,43,attack,0.1,226.0,59.0,130.0,0.7929824561403509,0.6348314606741573,0.705148205928237
full,attention,512,43,attack,0.25,202.0,83.0,154.0,0.7087719298245614,0.5674157303370787,0.6302652106084243
full,attention,512,43,attack,0.5,125.0,160.0,231.0,0.43859649122807015,0.351123595505618,0.39001560062402496
full,attention,512,43,investigation,0.1,752.0,184.0,715.0,0.8034188034188035,0.512610770279482,0.6258843112775697
full,attention,512,43,investigation,0.25,683.0,253.0,784.0,0.7297008547008547,0.4655760054533061,0.5684560965459842
full,attention,512,43,investigation,0.5,475.0,461.0,992.0,0.5074786324786325,0.3237900477164281,0.3953391593841032
full,attention,512,43,mount,0.1,163.0,28.0,45.0,0.8534031413612565,0.7836538461538461,0.8170426065162907
full,attention,512,43,mount,0.25,159.0,32.0,49.0,0.8324607329842932,0.7644230769230769,0.7969924812030075
full,attention,512,43,mount,0.5,148.0,43.0,60.0,0.774869109947644,0.7115384615384616,0.7418546365914788
full,attention,512,44,attack,0.1,218.0,70.0,138.0,0.7569444444444444,0.6123595505617978,0.6770186335403726
full,attention,512,44,attack,0.25,192.0,96.0,164.0,0.6666666666666666,0.5393258426966292,0.5962732919254659
full,attention,512,44,attack,0.5,118.0,170.0,238.0,0.4097222222222222,0.33146067415730335,0.3664596273291925
full,attention,512,44,investigation,0.1,723.0,175.0,744.0,0.8051224944320713,0.49284253578732107,0.6114164904862579
full,attention,512,44,investigation,0.25,652.0,246.0,815.0,0.7260579064587973,0.4444444444444444,0.5513742071881607
full,attention,512,44,investigation,0.5,459.0,439.0,1008.0,0.5111358574610245,0.3128834355828221,0.3881606765327696
full,attention,512,44,mount,0.1,169.0,28.0,39.0,0.8578680203045685,0.8125,0.8345679012345679
full,attention,512,44,mount,0.25,167.0,30.0,41.0,0.8477157360406091,0.8028846153846154,0.8246913580246914
full,attention,512,44,mount,0.5,156.0,41.0,52.0,0.7918781725888325,0.75,0.7703703703703703
full,attention,896,42,attack,0.1,223.0,64.0,133.0,0.7770034843205574,0.6264044943820225,0.6936236391912908
full,attention,896,42,attack,0.25,203.0,84.0,153.0,0.7073170731707317,0.5702247191011236,0.6314152410575428
full,attention,896,42,attack,0.5,127.0,160.0,229.0,0.4425087108013937,0.35674157303370785,0.39502332814930013
full,attention,896,42,investigation,0.1,703.0,149.0,764.0,0.8251173708920188,0.47920927062031354,0.6062958171625701
full,attention,896,42,investigation,0.25,638.0,214.0,829.0,0.7488262910798122,0.4349011588275392,0.5502371711944803
full,attention,896,42,investigation,0.5,458.0,394.0,1009.0,0.5375586854460094,0.3122017723244717,0.39499784389823195
full,attention,896,42,mount,0.1,185.0,47.0,23.0,0.7974137931034483,0.8894230769230769,0.8409090909090909
full,attention,896,42,mount,0.25,181.0,51.0,27.0,0.7801724137931034,0.8701923076923077,0.8227272727272728
full,attention,896,42,mount,0.5,165.0,67.0,43.0,0.7112068965517241,0.7932692307692307,0.75
full,attention,896,43,attack,0.1,226.0,39.0,130.0,0.8528301886792453,0.6348314606741573,0.7278582930756844
full,attention,896,43,attack,0.25,206.0,59.0,150.0,0.7773584905660378,0.5786516853932584,0.6634460547504026
full,attention,896,43,attack,0.5,132.0,133.0,224.0,0.4981132075471698,0.3707865168539326,0.4251207729468599
full,attention,896,43,investigation,0.1,778.0,196.0,689.0,0.7987679671457906,0.5303340149965917,0.6374436706267924
full,attention,896,43,investigation,0.25,689.0,285.0,778.0,0.7073921971252567,0.46966598500340834,0.5645227365833676
full,attention,896,43,investigation,0.5,477.0,497.0,990.0,0.48973305954825463,0.32515337423312884,0.39082343301925443
full,attention,896,43,mount,0.1,163.0,22.0,45.0,0.8810810810810811,0.7836538461538461,0.8295165394402035
full,attention,896,43,mount,0.25,159.0,26.0,49.0,0.8594594594594595,0.7644230769230769,0.8091603053435116
full,attention,896,43,mount,0.5,145.0,40.0,63.0,0.7837837837837838,0.6971153846153846,0.7379134860050891
full,attention,896,44,attack,0.1,220.0,62.0,136.0,0.7801418439716312,0.6179775280898876,0.689655172413793
full,attention,896,44,attack,0.25,198.0,84.0,158.0,0.7021276595744681,0.5561797752808989,0.6206896551724138
full,attention,896,44,attack,0.5,118.0,164.0,238.0,0.41843971631205673,0.33146067415730335,0.36990595611285265
full,attention,896,44,investigation,0.1,752.0,198.0,715.0,0.791578947368421,0.512610770279482,0.622258998758792
full,attention,896,44,investigation,0.25,672.0,278.0,795.0,0.7073684210526315,0.45807770961145194,0.5560612329333885
full,attention,896,44,investigation,0.5,471.0,479.0,996.0,0.4957894736842105,0.3210633946830266,0.3897393462970624
full,attention,896,44,mount,0.1,164.0,24.0,44.0,0.8723404255319149,0.7884615384615384,0.8282828282828283
full,attention,896,44,mount,0.25,162.0,26.0,46.0,0.8617021276595744,0.7788461538461539,0.8181818181818181
full,attention,896,44,mount,0.5,144.0,44.0,64.0,0.7659574468085106,0.6923076923076923,0.7272727272727273
full,lstm,256,42,attack,0.1,229.0,81.0,127.0,0.7387096774193549,0.6432584269662921,0.6876876876876877
full,lstm,256,42,attack,0.25,211.0,99.0,145.0,0.6806451612903226,0.5926966292134831,0.6336336336336336
full,lstm,256,42,attack,0.5,133.0,177.0,223.0,0.4290322580645161,0.37359550561797755,0.39939939939939945
full,lstm,256,42,investigation,0.1,694.0,161.0,773.0,0.8116959064327486,0.4730743012951602,0.5977605512489234
full,lstm,256,42,investigation,0.25,634.0,221.0,833.0,0.7415204678362574,0.4321745057941377,0.5460809646856158
full,lstm,256,42,investigation,0.5,468.0,387.0,999.0,0.5473684210526316,0.31901840490797545,0.40310077519379844
full,lstm,256,42,mount,0.1,170.0,40.0,38.0,0.8095238095238095,0.8173076923076923,0.8133971291866029
full,lstm,256,42,mount,0.25,166.0,44.0,42.0,0.7904761904761904,0.7980769230769231,0.7942583732057416
full,lstm,256,42,mount,0.5,157.0,53.0,51.0,0.7476190476190476,0.7548076923076923,0.7511961722488039
full,lstm,256,43,attack,0.1,230.0,31.0,126.0,0.8812260536398467,0.6460674157303371,0.7455429497568883
full,lstm,256,43,attack,0.25,214.0,47.0,142.0,0.8199233716475096,0.601123595505618,0.6936790923824959
full,lstm,256,43,attack,0.5,143.0,118.0,213.0,0.5478927203065134,0.40168539325842695,0.4635332252836304
full,lstm,256,43,investigation,0.1,730.0,173.0,737.0,0.8084163898117387,0.49761417859577367,0.6160337552742615
full,lstm,256,43,investigation,0.25,661.0,242.0,806.0,0.7320044296788483,0.4505794137695978,0.5578059071729957
full,lstm,256,43,investigation,0.5,481.0,422.0,986.0,0.5326688815060908,0.3278800272665303,0.40590717299578055
full,lstm,256,43,mount,0.1,168.0,27.0,40.0,0.8615384615384616,0.8076923076923077,0.8337468982630274
full,lstm,256,43,mount,0.25,165.0,30.0,43.0,0.8461538461538461,0.7932692307692307,0.8188585607940446
full,lstm,256,43,mount,0.5,154.0,41.0,54.0,0.7897435897435897,0.7403846153846154,0.7642679900744417
full,lstm,256,44,attack,0.1,218.0,58.0,138.0,0.7898550724637681,0.6123595505617978,0.689873417721519
full,lstm,256,44,attack,0.25,198.0,78.0,158.0,0.717391304347826,0.5561797752808989,0.6265822784810127
full,lstm,256,44,attack,0.5,120.0,156.0,236.0,0.43478260869565216,0.33707865168539325,0.379746835443038
full,lstm,256,44,investigation,0.1,756.0,202.0,711.0,0.7891440501043842,0.5153374233128835,0.6235051546391752
full,lstm,256,44,investigation,0.25,680.0,278.0,787.0,0.7098121085594989,0.46353101567825494,0.5608247422680412
full,lstm,256,44,investigation,0.5,494.0,464.0,973.0,0.5156576200417536,0.3367416496250852,0.4074226804123711
full,lstm,256,44,mount,0.1,174.0,38.0,34.0,0.8207547169811321,0.8365384615384616,0.8285714285714286
full,lstm,256,44,mount,0.25,168.0,44.0,40.0,0.7924528301886793,0.8076923076923077,0.7999999999999999
full,lstm,256,44,mount,0.5,156.0,56.0,52.0,0.7358490566037735,0.75,0.7428571428571428
full,lstm,512,42,attack,0.1,225.0,53.0,131.0,0.8093525179856115,0.6320224719101124,0.7097791798107257
full,lstm,512,42,attack,0.25,207.0,71.0,149.0,0.7446043165467626,0.5814606741573034,0.6529968454258676
full,lstm,512,42,attack,0.5,121.0,157.0,235.0,0.4352517985611511,0.3398876404494382,0.3817034700315458
full,lstm,512,42,investigation,0.1,748.0,195.0,719.0,0.7932131495227995,0.5098841172460804,0.6207468879668049
full,lstm,512,42,investigation,0.25,667.0,276.0,800.0,0.7073170731707317,0.4546693933197001,0.5535269709543569
full,lstm,512,42,investigation,0.5,458.0,485.0,1009.0,0.48568398727465534,0.3122017723244717,0.38008298755186715
full,lstm,512,42,mount,0.1,169.0,29.0,39.0,0.8535353535353535,0.8125,0.8325123152709359
full,lstm,512,42,mount,0.25,166.0,32.0,42.0,0.8383838383838383,0.7980769230769231,0.8177339901477833
full,lstm,512,42,mount,0.5,145.0,53.0,63.0,0.7323232323232324,0.6971153846153846,0.7142857142857143
full,lstm,512,43,attack,0.1,228.0,26.0,128.0,0.8976377952755905,0.6404494382022472,0.7475409836065574
full,lstm,512,43,attack,0.25,213.0,41.0,143.0,0.8385826771653543,0.598314606741573,0.6983606557377048
full,lstm,512,43,attack,0.5,147.0,107.0,209.0,0.5787401574803149,0.41292134831460675,0.4819672131147541
full,lstm,512,43,investigation,0.1,717.0,195.0,750.0,0.7861842105263158,0.4887525562372188,0.6027742749054223
full,lstm,512,43,investigation,0.25,656.0,256.0,811.0,0.7192982456140351,0.44717109747784595,0.5514922236233711
full,lstm,512,43,investigation,0.5,466.0,446.0,1001.0,0.5109649122807017,0.3176550783912747,0.3917612442202606
full,lstm,512,43,mount,0.1,162.0,36.0,46.0,0.8181818181818182,0.7788461538461539,0.7980295566502463
full,lstm,512,43,mount,0.25,157.0,41.0,51.0,0.7929292929292929,0.7548076923076923,0.7733990147783251
full,lstm,512,43,mount,0.5,136.0,62.0,72.0,0.6868686868686869,0.6538461538461539,0.6699507389162562
full,lstm,512,44,attack,0.1,224.0,36.0,132.0,0.8615384615384616,0.6292134831460674,0.7272727272727273
full,lstm,512,44,attack,0.25,207.0,53.0,149.0,0.7961538461538461,0.5814606741573034,0.6720779220779219
full,lstm,512,44,attack,0.5,126.0,134.0,230.0,0.4846153846153846,0.3539325842696629,0.4090909090909091
full,lstm,512,44,investigation,0.1,781.0,198.0,686.0,0.797752808988764,0.5323790047716428,0.6385936222403924
full,lstm,512,44,investigation,0.25,686.0,293.0,781.0,0.7007150153217568,0.4676209952283572,0.5609157808667211
full,lstm,512,44,investigation,0.5,454.0,525.0,1013.0,0.4637385086823289,0.3094751192910702,0.3712183156173344
full,lstm,512,44,mount,0.1,164.0,23.0,44.0,0.8770053475935828,0.7884615384615384,0.830379746835443
full,lstm,512,44,mount,0.25,159.0,28.0,49.0,0.8502673796791443,0.7644230769230769,0.8050632911392404
full,lstm,512,44,mount,0.5,137.0,50.0,71.0,0.732620320855615,0.6586538461538461,0.6936708860759494
full,lstm,896,42,attack,0.1,226.0,59.0,130.0,0.7929824561403509,0.6348314606741573,0.705148205928237
full,lstm,896,42,attack,0.25,211.0,74.0,145.0,0.7403508771929824,0.5926966292134831,0.6583463338533541
full,lstm,896,42,attack,0.5,127.0,158.0,229.0,0.4456140350877193,0.35674157303370785,0.3962558502340094
full,lstm,896,42,investigation,0.1,720.0,197.0,747.0,0.7851690294438386,0.49079754601226994,0.6040268456375839
full,lstm,896,42,investigation,0.25,651.0,266.0,816.0,0.7099236641221374,0.4437627811860941,0.5461409395973155
full,lstm,896,42,investigation,0.5,452.0,465.0,1015.0,0.49291166848418755,0.30811179277436945,0.37919463087248323
full,lstm,896,42,mount,0.1,163.0,35.0,45.0,0.8232323232323232,0.7836538461538461,0.8029556650246304
full,lstm,896,42,mount,0.25,157.0,41.0,51.0,0.7929292929292929,0.7548076923076923,0.7733990147783251
full,lstm,896,42,mount,0.5,135.0,63.0,73.0,0.6818181818181818,0.6490384615384616,0.6650246305418719
full,lstm,896,43,attack,0.1,217.0,31.0,139.0,0.875,0.6095505617977528,0.7185430463576159
full,lstm,896,43,attack,0.25,202.0,46.0,154.0,0.8145161290322581,0.5674157303370787,0.6688741721854305
full,lstm,896,43,attack,0.5,119.0,129.0,237.0,0.4798387096774194,0.3342696629213483,0.39403973509933776
full,lstm,896,43,investigation,0.1,762.0,204.0,705.0,0.7888198757763976,0.5194274028629857,0.6263871763255241
full,lstm,896,43,investigation,0.25,686.0,280.0,781.0,0.7101449275362319,0.4676209952283572,0.5639128647759967
full,lstm,896,43,investigation,0.5,462.0,504.0,1005.0,0.4782608695652174,0.3149284253578732,0.3797780517879161
full,lstm,896,43,mount,0.1,161.0,43.0,47.0,0.7892156862745098,0.7740384615384616,0.7815533980582524
full,lstm,896,43,mount,0.25,158.0,46.0,50.0,0.7745098039215687,0.7596153846153846,0.766990291262136
full,lstm,896,43,mount,0.5,138.0,66.0,70.0,0.6764705882352942,0.6634615384615384,0.6699029126213591
full,lstm,896,44,attack,0.1,223.0,41.0,133.0,0.8446969696969697,0.6264044943820225,0.7193548387096775
full,lstm,896,44,attack,0.25,205.0,59.0,151.0,0.7765151515151515,0.5758426966292135,0.6612903225806452
full,lstm,896,44,attack,0.5,133.0,131.0,223.0,0.5037878787878788,0.37359550561797755,0.42903225806451617
full,lstm,896,44,investigation,0.1,772.0,209.0,695.0,0.7869520897043832,0.5262440354464895,0.630718954248366
full,lstm,896,44,investigation,0.25,668.0,313.0,799.0,0.6809378185524975,0.4553510565780504,0.545751633986928
full,lstm,896,44,investigation,0.5,439.0,542.0,1028.0,0.4475025484199796,0.2992501704158146,0.35866013071895425
full,lstm,896,44,mount,0.1,156.0,40.0,52.0,0.7959183673469388,0.75,0.7722772277227722
full,lstm,896,44,mount,0.25,149.0,47.0,59.0,0.7602040816326531,0.7163461538461539,0.7376237623762376
full,lstm,896,44,mount,0.5,126.0,70.0,82.0,0.6428571428571429,0.6057692307692307,0.6237623762376238
no_group_visual,attention,256,42,attack,0.1,214.0,94.0,142.0,0.6948051948051948,0.601123595505618,0.6445783132530121
no_group_visual,attention,256,42,attack,0.25,188.0,120.0,168.0,0.6103896103896104,0.5280898876404494,0.5662650602409639
no_group_visual,attention,256,42,attack,0.5,114.0,194.0,242.0,0.37012987012987014,0.3202247191011236,0.34337349397590367
no_group_visual,attention,256,42,investigation,0.1,721.0,178.0,746.0,0.8020022246941045,0.49147920927062033,0.6094674556213018
no_group_visual,attention,256,42,investigation,0.25,652.0,247.0,815.0,0.7252502780867631,0.4444444444444444,0.5511411665257819
no_group_visual,attention,256,42,investigation,0.5,459.0,440.0,1008.0,0.5105672969966629,0.3128834355828221,0.3879966187658495
no_group_visual,attention,256,42,mount,0.1,169.0,24.0,39.0,0.8756476683937824,0.8125,0.8428927680798005
no_group_visual,attention,256,42,mount,0.25,166.0,27.0,42.0,0.8601036269430051,0.7980769230769231,0.8279301745635911
no_group_visual,attention,256,42,mount,0.5,154.0,39.0,54.0,0.7979274611398963,0.7403846153846154,0.768079800498753
no_group_visual,attention,256,43,attack,0.1,228.0,60.0,128.0,0.7916666666666666,0.6404494382022472,0.7080745341614907
no_group_visual,attention,256,43,attack,0.25,206.0,82.0,150.0,0.7152777777777778,0.5786516853932584,0.6397515527950312
no_group_visual,attention,256,43,attack,0.5,125.0,163.0,231.0,0.4340277777777778,0.351123595505618,0.38819875776397517
no_group_visual,attention,256,43,investigation,0.1,720.0,169.0,747.0,0.8098987626546682,0.49079754601226994,0.6112054329371818
no_group_visual,attention,256,43,investigation,0.25,667.0,222.0,800.0,0.750281214848144,0.4546693933197001,0.5662139219015281
no_group_visual,attention,256,43,investigation,0.5,480.0,409.0,987.0,0.5399325084364455,0.32719836400818,0.40747028862478785
no_group_visual,attention,256,43,mount,0.1,164.0,27.0,44.0,0.8586387434554974,0.7884615384615384,0.8220551378446114
no_group_visual,attention,256,43,mount,0.25,162.0,29.0,46.0,0.8481675392670157,0.7788461538461539,0.81203007518797
no_group_visual,attention,256,43,mount,0.5,147.0,44.0,61.0,0.7696335078534031,0.7067307692307693,0.736842105263158
no_group_visual,attention,256,44,attack,0.1,225.0,46.0,131.0,0.8302583025830258,0.6320224719101124,0.7177033492822966
no_group_visual,attention,256,44,attack,0.25,199.0,72.0,157.0,0.7343173431734318,0.5589887640449438,0.6347687400318979
no_group_visual,attention,256,44,attack,0.5,118.0,153.0,238.0,0.4354243542435424,0.33146067415730335,0.37639553429027117
no_group_visual,attention,256,44,investigation,0.1,778.0,211.0,689.0,0.7866531850353893,0.5303340149965917,0.6335504885993486
no_group_visual,attention,256,44,investigation,0.25,695.0,294.0,772.0,0.7027300303336703,0.47375596455351054,0.5659609120521173
no_group_visual,attention,256,44,investigation,0.5,469.0,520.0,998.0,0.474216380182002,0.31970006816632585,0.38192182410423453
no_group_visual,attention,256,44,mount,0.1,165.0,35.0,43.0,0.825,0.7932692307692307,0.8088235294117647
no_group_visual,attention,256,44,mount,0.25,162.0,38.0,46.0,0.81,0.7788461538461539,0.7941176470588236
no_group_visual,attention,256,44,mount,0.5,149.0,51.0,59.0,0.745,0.7163461538461539,0.7303921568627451
no_group_visual,attention,512,42,attack,0.1,214.0,114.0,142.0,0.6524390243902439,0.601123595505618,0.6257309941520469
no_group_visual,attention,512,42,attack,0.25,188.0,140.0,168.0,0.573170731707317,0.5280898876404494,0.5497076023391814
no_group_visual,attention,512,42,attack,0.5,108.0,220.0,248.0,0.32926829268292684,0.30337078651685395,0.3157894736842105
no_group_visual,attention,512,42,investigation,0.1,707.0,169.0,760.0,0.8070776255707762,0.48193592365371507,0.6034997865983781
no_group_visual,attention,512,42,investigation,0.25,639.0,237.0,828.0,0.7294520547945206,0.43558282208588955,0.5454545454545454
no_group_visual,attention,512,42,investigation,0.5,453.0,423.0,1014.0,0.5171232876712328,0.30879345603271985,0.3866837387964148
no_group_visual,attention,512,42,mount,0.1,168.0,21.0,40.0,0.8888888888888888,0.8076923076923077,0.8463476070528968
no_group_visual,attention,512,42,mount,0.25,165.0,24.0,43.0,0.873015873015873,0.7932692307692307,0.8312342569269521
no_group_visual,attention,512,42,mount,0.5,154.0,35.0,54.0,0.8148148148148148,0.7403846153846154,0.7758186397984886
no_group_visual,attention,512,43,attack,0.1,222.0,64.0,134.0,0.7762237762237763,0.6235955056179775,0.6915887850467289
no_group_visual,attention,512,43,attack,0.25,198.0,88.0,158.0,0.6923076923076923,0.5561797752808989,0.616822429906542
no_group_visual,attention,512,43,attack,0.5,117.0,169.0,239.0,0.4090909090909091,0.32865168539325845,0.36448598130841126
no_group_visual,attention,512,43,investigation,0.1,757.0,173.0,710.0,0.8139784946236559,0.5160190865712339,0.6316228619107218
no_group_visual,attention,512,43,investigation,0.25,691.0,239.0,776.0,0.7430107526881721,0.4710293115201091,0.5765540258656654
no_group_visual,attention,512,43,investigation,0.5,479.0,451.0,988.0,0.5150537634408602,0.3265167007498296,0.39966624947851476
no_group_visual,attention,512,43,mount,0.1,165.0,28.0,43.0,0.8549222797927462,0.7932692307692307,0.8229426433915212
no_group_visual,attention,512,43,mount,0.25,161.0,32.0,47.0,0.8341968911917098,0.7740384615384616,0.8029925187032418
no_group_visual,attention,512,43,mount,0.5,148.0,45.0,60.0,0.7668393782383419,0.7115384615384616,0.7381546134663343
no_group_visual,attention,512,44,attack,0.1,218.0,50.0,138.0,0.8134328358208955,0.6123595505617978,0.6987179487179488
no_group_visual,attention,512,44,attack,0.25,196.0,72.0,160.0,0.7313432835820896,0.550561797752809,0.6282051282051283
no_group_visual,attention,512,44,attack,0.5,117.0,151.0,239.0,0.43656716417910446,0.32865168539325845,0.37500000000000006
no_group_visual,attention,512,44,investigation,0.1,754.0,183.0,713.0,0.8046958377801494,0.5139740967961827,0.627287853577371
no_group_visual,attention,512,44,investigation,0.25,672.0,265.0,795.0,0.7171824973319103,0.45807770961145194,0.5590682196339435
no_group_visual,attention,512,44,investigation,0.5,464.0,473.0,1003.0,0.4951974386339381,0.316291751874574,0.3860232945091514
no_group_visual,attention,512,44,mount,0.1,169.0,25.0,39.0,0.8711340206185567,0.8125,0.8407960199004976
no_group_visual,attention,512,44,mount,0.25,167.0,27.0,41.0,0.8608247422680413,0.8028846153846154,0.8308457711442787
no_group_visual,attention,512,44,mount,0.5,155.0,39.0,53.0,0.7989690721649485,0.7451923076923077,0.7711442786069651
no_group_visual,attention,896,42,attack,0.1,213.0,98.0,143.0,0.684887459807074,0.598314606741573,0.6386806596701649
no_group_visual,attention,896,42,attack,0.25,190.0,121.0,166.0,0.6109324758842444,0.5337078651685393,0.5697151424287856
no_group_visual,attention,896,42,attack,0.5,114.0,197.0,242.0,0.3665594855305466,0.3202247191011236,0.34182908545727136
no_group_visual,attention,896,42,investigation,0.1,700.0,165.0,767.0,0.8092485549132948,0.47716428084526247,0.6003430531732419
no_group_visual,attention,896,42,investigation,0.25,632.0,233.0,835.0,0.730635838150289,0.43081117927743695,0.5420240137221269
no_group_visual,attention,896,42,investigation,0.5,448.0,417.0,1019.0,0.5179190751445086,0.305385139740968,0.3842195540308748
no_group_visual,attention,896,42,mount,0.1,171.0,29.0,37.0,0.855,0.8221153846153846,0.838235294117647
no_group_visual,attention,896,42,mount,0.25,168.0,32.0,40.0,0.84,0.8076923076923077,0.8235294117647058
no_group_visual,attention,896,42,mount,0.5,152.0,48.0,56.0,0.76,0.7307692307692307,0.7450980392156863
no_group_visual,attention,896,43,attack,0.1,218.0,59.0,138.0,0.7870036101083032,0.6123595505617978,0.688783570300158
no_group_visual,attention,896,43,attack,0.25,197.0,80.0,159.0,0.7111913357400722,0.5533707865168539,0.6224328593996841
no_group_visual,attention,896,43,attack,0.5,116.0,161.0,240.0,0.4187725631768953,0.3258426966292135,0.3665086887835703
no_group_visual,attention,896,43,investigation,0.1,734.0,169.0,733.0,0.8128460686600222,0.5003408316291752,0.619409282700422
no_group_visual,attention,896,43,investigation,0.25,662.0,241.0,805.0,0.7331118493909191,0.4512610770279482,0.5586497890295358
no_group_visual,attention,896,43,investigation,0.5,451.0,452.0,1016.0,0.4994462901439646,0.3074301295160191,0.38059071729957805
no_group_visual,attention,896,43,mount,0.1,173.0,27.0,35.0,0.865,0.8317307692307693,0.8480392156862744
no_group_visual,attention,896,43,mount,0.25,169.0,31.0,39.0,0.845,0.8125,0.8284313725490196
no_group_visual,attention,896,43,mount,0.5,154.0,46.0,54.0,0.77,0.7403846153846154,0.7549019607843137
no_group_visual,attention,896,44,attack,0.1,217.0,66.0,139.0,0.7667844522968198,0.6095505617977528,0.679186228482003
no_group_visual,attention,896,44,attack,0.25,193.0,90.0,163.0,0.6819787985865724,0.5421348314606742,0.6040688575899843
no_group_visual,attention,896,44,attack,0.5,123.0,160.0,233.0,0.43462897526501765,0.3455056179775281,0.38497652582159625
no_group_visual,attention,896,44,investigation,0.1,736.0,188.0,731.0,0.7965367965367965,0.501704158145876,0.615641990798829
no_group_visual,attention,896,44,investigation,0.25,661.0,263.0,806.0,0.7153679653679653,0.4505794137695978,0.5529067335842742
no_group_visual,attention,896,44,investigation,0.5,457.0,467.0,1010.0,0.4945887445887446,0.3115201090661213,0.38226683396068584
no_group_visual,attention,896,44,mount,0.1,165.0,29.0,43.0,0.8505154639175257,0.7932692307692307,0.8208955223880596
no_group_visual,attention,896,44,mount,0.25,163.0,31.0,45.0,0.8402061855670103,0.7836538461538461,0.8109452736318408
no_group_visual,attention,896,44,mount,0.5,145.0,49.0,63.0,0.7474226804123711,0.6971153846153846,0.7213930348258707
no_group_visual,lstm,256,42,attack,0.1,220.0,81.0,136.0,0.7308970099667774,0.6179775280898876,0.669710806697108
no_group_visual,lstm,256,42,attack,0.25,203.0,98.0,153.0,0.6744186046511628,0.5702247191011236,0.6179604261796043
no_group_visual,lstm,256,42,attack,0.5,122.0,179.0,234.0,0.4053156146179402,0.34269662921348315,0.37138508371385076
no_group_visual,lstm,256,42,investigation,0.1,721.0,204.0,746.0,0.7794594594594595,0.49147920927062033,0.6028428093645485
no_group_visual,lstm,256,42,investigation,0.25,650.0,275.0,817.0,0.7027027027027027,0.4430811179277437,0.5434782608695652
no_group_visual,lstm,256,42,investigation,0.5,469.0,456.0,998.0,0.5070270270270271,0.31970006816632585,0.3921404682274247
no_group_visual,lstm,256,42,mount,0.1,168.0,28.0,40.0,0.8571428571428571,0.8076923076923077,0.8316831683168318
no_group_visual,lstm,256,42,mount,0.25,163.0,33.0,45.0,0.8316326530612245,0.7836538461538461,0.806930693069307
no_group_visual,lstm,256,42,mount,0.5,144.0,52.0,64.0,0.7346938775510204,0.6923076923076923,0.7128712871287128
no_group_visual,lstm,256,43,attack,0.1,226.0,36.0,130.0,0.8625954198473282,0.6348314606741573,0.7313915857605179
no_group_visual,lstm,256,43,attack,0.25,212.0,50.0,144.0,0.8091603053435115,0.5955056179775281,0.686084142394822
no_group_visual,lstm,256,43,attack,0.5,140.0,122.0,216.0,0.5343511450381679,0.39325842696629215,0.45307443365695793
no_group_visual,lstm,256,43,investigation,0.1,748.0,181.0,719.0,0.8051668460710442,0.5098841172460804,0.6243739565943238
no_group_visual,lstm,256,43,investigation,0.25,668.0,261.0,799.0,0.7190527448869752,0.4553510565780504,0.5575959933222036
no_group_visual,lstm,256,43,investigation,0.5,479.0,450.0,988.0,0.5156081808396125,0.3265167007498296,0.3998330550918197
no_group_visual,lstm,256,43,mount,0.1,165.0,33.0,43.0,0.8333333333333334,0.7932692307692307,0.812807881773399
no_group_visual,lstm,256,43,mount,0.25,161.0,37.0,47.0,0.8131313131313131,0.7740384615384616,0.7931034482758621
no_group_visual,lstm,256,43,mount,0.5,141.0,57.0,67.0,0.7121212121212122,0.6778846153846154,0.6945812807881774
no_group_visual,lstm,256,44,attack,0.1,218.0,52.0,138.0,0.8074074074074075,0.6123595505617978,0.6964856230031949
no_group_visual,lstm,256,44,attack,0.25,200.0,70.0,156.0,0.7407407407407407,0.5617977528089888,0.6389776357827476
no_group_visual,lstm,256,44,attack,0.5,124.0,146.0,232.0,0.45925925925925926,0.34831460674157305,0.39616613418530355
no_group_visual,lstm,256,44,investigation,0.1,764.0,200.0,703.0,0.7925311203319502,0.5207907293796864,0.6285479226655697
no_group_visual,lstm,256,44,investigation,0.25,688.0,276.0,779.0,0.7136929460580913,0.46898432174505794,0.5660222130810366
no_group_visual,lstm,256,44,investigation,0.5,477.0,487.0,990.0,0.4948132780082988,0.32515337423312884,0.39243109831345124
no_group_visual,lstm,256,44,mount,0.1,163.0,31.0,45.0,0.8402061855670103,0.7836538461538461,0.8109452736318408
no_group_visual,lstm,256,44,mount,0.25,157.0,37.0,51.0,0.8092783505154639,0.7548076923076923,0.7810945273631842
no_group_visual,lstm,256,44,mount,0.5,136.0,58.0,72.0,0.7010309278350515,0.6538461538461539,0.6766169154228855
no_group_visual,lstm,512,42,attack,0.1,220.0,73.0,136.0,0.7508532423208191,0.6179775280898876,0.6779661016949151
no_group_visual,lstm,512,42,attack,0.25,199.0,94.0,157.0,0.6791808873720137,0.5589887640449438,0.6132511556240371
no_group_visual,lstm,512,42,attack,0.5,122.0,171.0,234.0,0.41638225255972694,0.34269662921348315,0.37596302003081666
no_group_visual,lstm,512,42,investigation,0.1,722.0,199.0,745.0,0.7839305103148752,0.49216087252897067,0.6046901172529313
no_group_visual,lstm,512,42,investigation,0.25,645.0,276.0,822.0,0.7003257328990228,0.4396728016359918,0.5402010050251257
no_group_visual,lstm,512,42,investigation,0.5,453.0,468.0,1014.0,0.49185667752442996,0.30879345603271985,0.37939698492462315
no_group_visual,lstm,512,42,mount,0.1,165.0,33.0,43.0,0.8333333333333334,0.7932692307692307,0.812807881773399
no_group_visual,lstm,512,42,mount,0.25,160.0,38.0,48.0,0.8080808080808081,0.7692307692307693,0.7881773399014778
no_group_visual,lstm,512,42,mount,0.5,135.0,63.0,73.0,0.6818181818181818,0.6490384615384616,0.6650246305418719
no_group_visual,lstm,512,43,attack,0.1,224.0,39.0,132.0,0.8517110266159695,0.6292134831460674,0.7237479806138933
no_group_visual,lstm,512,43,attack,0.25,208.0,55.0,148.0,0.7908745247148289,0.5842696629213483,0.6720516962843295
no_group_visual,lstm,512,43,attack,0.5,133.0,130.0,223.0,0.5057034220532319,0.37359550561797755,0.4297253634894992
no_group_visual,lstm,512,43,investigation,0.1,678.0,187.0,789.0,0.7838150289017342,0.4621676891615542,0.58147512864494
no_group_visual,lstm,512,43,investigation,0.25,620.0,245.0,847.0,0.7167630057803468,0.4226312201772324,0.5317324185248714
no_group_visual,lstm,512,43,investigation,0.5,456.0,409.0,1011.0,0.5271676300578034,0.310838445807771,0.3910806174957118
no_group_visual,lstm,512,43,mount,0.1,161.0,35.0,47.0,0.8214285714285714,0.7740384615384616,0.7970297029702971
no_group_visual,lstm,512,43,mount,0.25,155.0,41.0,53.0,0.7908163265306123,0.7451923076923077,0.7673267326732675
no_group_visual,lstm,512,43,mount,0.5,132.0,64.0,76.0,0.673469387755102,0.6346153846153846,0.6534653465346534
no_group_visual,lstm,512,44,attack,0.1,218.0,72.0,138.0,0.7517241379310344,0.6123595505617978,0.6749226006191951
no_group_visual,lstm,512,44,attack,0.25,195.0,95.0,161.0,0.6724137931034483,0.547752808988764,0.6037151702786376
no_group_visual,lstm,512,44,attack,0.5,117.0,173.0,239.0,0.40344827586206894,0.32865168539325845,0.3622291021671826
no_group_visual,lstm,512,44,investigation,0.1,736.0,195.0,731.0,0.790547798066595,0.501704158145876,0.6138448707256047
no_group_visual,lstm,512,44,investigation,0.25,661.0,270.0,806.0,0.7099892588614393,0.4505794137695978,0.5512927439532943
no_group_visual,lstm,512,44,investigation,0.5,465.0,466.0,1002.0,0.49946294307196565,0.3169734151329243,0.3878231859883236
no_group_visual,lstm,512,44,mount,0.1,165.0,37.0,43.0,0.8168316831683168,0.7932692307692307,0.8048780487804879
no_group_visual,lstm,512,44,mount,0.25,161.0,41.0,47.0,0.7970297029702971,0.7740384615384616,0.7853658536585366
no_group_visual,lstm,512,44,mount,0.5,141.0,61.0,67.0,0.698019801980198,0.6778846153846154,0.6878048780487805
no_group_visual,lstm,896,42,attack,0.1,217.0,71.0,139.0,0.7534722222222222,0.6095505617977528,0.6739130434782608
no_group_visual,lstm,896,42,attack,0.25,197.0,91.0,159.0,0.6840277777777778,0.5533707865168539,0.6118012422360248
no_group_visual,lstm,896,42,attack,0.5,117.0,171.0,239.0,0.40625,0.32865168539325845,0.3633540372670808
no_group_visual,lstm,896,42,investigation,0.1,711.0,199.0,756.0,0.7813186813186813,0.48466257668711654,0.5982330668910391
no_group_visual,lstm,896,42,investigation,0.25,636.0,274.0,831.0,0.6989010989010989,0.4335378323108384,0.5351283129995792
no_group_visual,lstm,896,42,investigation,0.5,442.0,468.0,1025.0,0.4857142857142857,0.3012951601908657,0.37189734960033655
no_group_visual,lstm,896,42,mount,0.1,166.0,37.0,42.0,0.8177339901477833,0.7980769230769231,0.807785888077859
no_group_visual,lstm,896,42,mount,0.25,160.0,43.0,48.0,0.7881773399014779,0.7692307692307693,0.7785888077858881
no_group_visual,lstm,896,42,mount,0.5,139.0,64.0,69.0,0.6847290640394089,0.6682692307692307,0.6763990267639903
no_group_visual,lstm,896,43,attack,0.1,220.0,41.0,136.0,0.842911877394636,0.6179775280898876,0.7131280388978931
no_group_visual,lstm,896,43,attack,0.25,201.0,60.0,155.0,0.7701149425287356,0.5646067415730337,0.6515397082658022
no_group_visual,lstm,896,43,attack,0.5,123.0,138.0,233.0,0.47126436781609193,0.3455056179775281,0.3987034035656402
no_group_visual,lstm,896,43,investigation,0.1,707.0,193.0,760.0,0.7855555555555556,0.48193592365371507,0.5973806506125898
no_group_visual,lstm,896,43,investigation,0.25,647.0,253.0,820.0,0.7188888888888889,0.44103612815269255,0.5466835656949726
no_group_visual,lstm,896,43,investigation,0.5,467.0,433.0,1000.0,0.5188888888888888,0.3183367416496251,0.3945923109421208
no_group_visual,lstm,896,43,mount,0.1,163.0,33.0,45.0,0.8316326530612245,0.7836538461538461,0.806930693069307
no_group_visual,lstm,896,43,mount,0.25,155.0,41.0,53.0,0.7908163265306123,0.7451923076923077,0.7673267326732675
no_group_visual,lstm,896,43,mount,0.5,135.0,61.0,73.0,0.6887755102040817,0.6490384615384616,0.6683168316831684
no_group_visual,lstm,896,44,attack,0.1,223.0,59.0,133.0,0.7907801418439716,0.6264044943820225,0.6990595611285266
no_group_visual,lstm,896,44,attack,0.25,204.0,78.0,152.0,0.723404255319149,0.5730337078651685,0.6394984326018809
no_group_visual,lstm,896,44,attack,0.5,128.0,154.0,228.0,0.45390070921985815,0.3595505617977528,0.4012539184952978
no_group_visual,lstm,896,44,investigation,0.1,671.0,188.0,796.0,0.7811408614668219,0.45739604635310155,0.5769561478933791
no_group_visual,lstm,896,44,investigation,0.25,625.0,234.0,842.0,0.7275902211874272,0.42603953646898435,0.5374032674118658
no_group_visual,lstm,896,44,investigation,0.5,441.0,418.0,1026.0,0.5133876600698487,0.3006134969325153,0.3791917454858126
no_group_visual,lstm,896,44,mount,0.1,162.0,38.0,46.0,0.81,0.7788461538461539,0.7941176470588236
no_group_visual,lstm,896,44,mount,0.25,156.0,44.0,52.0,0.78,0.75,0.7647058823529411
no_group_visual,lstm,896,44,mount,0.5,137.0,63.0,71.0,0.685,0.6586538461538461,0.6715686274509803
no_relations,attention,256,42,attack,0.1,221.0,47.0,135.0,0.8246268656716418,0.6207865168539326,0.7083333333333333
no_relations,attention,256,42,attack,0.25,191.0,77.0,165.0,0.7126865671641791,0.5365168539325843,0.6121794871794872
no_relations,attention,256,42,attack,0.5,113.0,155.0,243.0,0.4216417910447761,0.31741573033707865,0.36217948717948717
no_relations,attention,256,42,investigation,0.1,687.0,240.0,780.0,0.7411003236245954,0.46830265848670755,0.5739348370927317
no_relations,attention,256,42,investigation,0.25,606.0,321.0,861.0,0.6537216828478964,0.4130879345603272,0.5062656641604009
no_relations,attention,256,42,investigation,0.5,383.0,544.0,1084.0,0.41316073354908306,0.2610770279481936,0.3199665831244779
no_relations,attention,256,42,mount,0.1,169.0,114.0,39.0,0.5971731448763251,0.8125,0.6883910386965377
no_relations,attention,256,42,mount,0.25,166.0,117.0,42.0,0.5865724381625441,0.7980769230769231,0.6761710794297352
no_relations,attention,256,42,mount,0.5,147.0,136.0,61.0,0.519434628975265,0.7067307692307693,0.5987780040733198
no_relations,attention,256,43,attack,0.1,217.0,74.0,139.0,0.7457044673539519,0.6095505617977528,0.6707882534775889
no_relations,attention,256,43,attack,0.25,189.0,102.0,167.0,0.6494845360824743,0.5308988764044944,0.5842349304482226
no_relations,attention,256,43,attack,0.5,107.0,184.0,249.0,0.36769759450171824,0.300561797752809,0.330757341576507
no_relations,attention,256,43,investigation,0.1,715.0,245.0,752.0,0.7447916666666666,0.48738922972051807,0.5892047795632468
no_relations,attention,256,43,investigation,0.25,625.0,335.0,842.0,0.6510416666666666,0.42603953646898435,0.5150391429748661
no_relations,attention,256,43,investigation,0.5,393.0,567.0,1074.0,0.409375,0.26789366053169733,0.3238566131025958
no_relations,attention,256,43,mount,0.1,151.0,49.0,57.0,0.755,0.7259615384615384,0.7401960784313726
no_relations,attention,256,43,mount,0.25,145.0,55.0,63.0,0.725,0.6971153846153846,0.7107843137254902
no_relations,attention,256,43,mount,0.5,125.0,75.0,83.0,0.625,0.6009615384615384,0.6127450980392157
no_relations,attention,256,44,attack,0.1,217.0,50.0,139.0,0.8127340823970037,0.6095505617977528,0.6966292134831461
no_relations,attention,256,44,attack,0.25,190.0,77.0,166.0,0.7116104868913857,0.5337078651685393,0.6099518459069021
no_relations,attention,256,44,attack,0.5,106.0,161.0,250.0,0.3970037453183521,0.29775280898876405,0.3402889245585875
no_relations,attention,256,44,investigation,0.1,733.0,236.0,734.0,0.7564499484004128,0.4996591683708248,0.6018062397372742
no_relations,attention,256,44,investigation,0.25,633.0,336.0,834.0,0.653250773993808,0.43149284253578735,0.5197044334975369
no_relations,attention,256,44,investigation,0.5,401.0,568.0,1066.0,0.41382868937048506,0.27334696659850033,0.32922824302134646
no_relations,attention,256,44,mount,0.1,151.0,44.0,57.0,0.7743589743589744,0.7259615384615384,0.749379652605459
no_relations,attention,256,44,mount,0.25,141.0,54.0,67.0,0.7230769230769231,0.6778846153846154,0.6997518610421836
no_relations,attention,256,44,mount,0.5,123.0,72.0,85.0,0.6307692307692307,0.5913461538461539,0.6104218362282878
no_relations,attention,512,42,attack,0.1,203.0,106.0,153.0,0.656957928802589,0.5702247191011236,0.6105263157894738
no_relations,attention,512,42,attack,0.25,170.0,139.0,186.0,0.5501618122977346,0.47752808988764045,0.5112781954887218
no_relations,attention,512,42,attack,0.5,89.0,220.0,267.0,0.28802588996763756,0.25,0.26766917293233083
no_relations,attention,512,42,investigation,0.1,709.0,252.0,758.0,0.7377731529656608,0.4832992501704158,0.5840197693574959
no_relations,attention,512,42,investigation,0.25,613.0,348.0,854.0,0.6378772112382934,0.4178595773687798,0.5049423393739704
no_relations,attention,512,42,investigation,0.5,364.0,597.0,1103.0,0.37877211238293446,0.24812542603953647,0.299835255354201
no_relations,attention,512,42,mount,0.1,144.0,38.0,64.0,0.7912087912087912,0.6923076923076923,0.7384615384615384
no_relations,attention,512,42,mount,0.25,138.0,44.0,70.0,0.7582417582417582,0.6634615384615384,0.7076923076923077
no_relations,attention,512,42,mount,0.5,122.0,60.0,86.0,0.6703296703296703,0.5865384615384616,0.6256410256410256
no_relations,attention,512,43,attack,0.1,225.0,54.0,131.0,0.8064516129032258,0.6320224719101124,0.7086614173228346
no_relations,attention,512,43,attack,0.25,195.0,84.0,161.0,0.6989247311827957,0.547752808988764,0.6141732283464567
no_relations,attention,512,43,attack,0.5,114.0,165.0,242.0,0.40860215053763443,0.3202247191011236,0.35905511811023627
no_relations,attention,512,43,investigation,0.1,724.0,247.0,743.0,0.7456230690010298,0.49352419904567146,0.5939294503691551
no_relations,attention,512,43,investigation,0.25,623.0,348.0,844.0,0.6416065911431514,0.42467620995228356,0.5110746513535686
no_relations,attention,512,43,investigation,0.5,391.0,580.0,1076.0,0.40267765190525234,0.2665303340149966,0.3207547169811321
no_relations,attention,512,43,mount,0.1,145.0,35.0,63.0,0.8055555555555556,0.6971153846153846,0.747422680412371
no_relations,attention,512,43,mount,0.25,136.0,44.0,72.0,0.7555555555555555,0.6538461538461539,0.7010309278350516
no_relations,attention,512,43,mount,0.5,121.0,59.0,87.0,0.6722222222222223,0.5817307692307693,0.6237113402061856
no_relations,attention,512,44,attack,0.1,220.0,70.0,136.0,0.7586206896551724,0.6179775280898876,0.6811145510835913
no_relations,attention,512,44,attack,0.25,190.0,100.0,166.0,0.6551724137931034,0.5337078651685393,0.588235294117647
no_relations,attention,512,44,attack,0.5,104.0,186.0,252.0,0.3586206896551724,0.29213483146067415,0.3219814241486068
no_relations,attention,512,44,investigation,0.1,753.0,307.0,714.0,0.710377358490566,0.5132924335378323,0.5959635931935101
no_relations,attention,512,44,investigation,0.25,622.0,438.0,845.0,0.5867924528301887,0.4239945466939332,0.4922833399287693
no_relations,attention,512,44,investigation,0.5,349.0,711.0,1118.0,0.3292452830188679,0.23790047716428084,0.27621685793430945
no_relations,attention,512,44,mount,0.1,144.0,40.0,64.0,0.782608695652174,0.6923076923076923,0.7346938775510203
no_relations,attention,512,44,mount,0.25,134.0,50.0,74.0,0.7282608695652174,0.6442307692307693,0.6836734693877551
no_relations,attention,512,44,mount,0.5,112.0,72.0,96.0,0.6086956521739131,0.5384615384615384,0.5714285714285715
no_relations,attention,896,42,attack,0.1,222.0,57.0,134.0,0.7956989247311828,0.6235955056179775,0.6992125984251969
no_relations,attention,896,42,attack,0.25,196.0,83.0,160.0,0.7025089605734767,0.550561797752809,0.6173228346456693
no_relations,attention,896,42,attack,0.5,107.0,172.0,249.0,0.3835125448028674,0.300561797752809,0.33700787401574805
no_relations,attention,896,42,investigation,0.1,680.0,234.0,787.0,0.7439824945295405,0.46353101567825494,0.5711885762284754
no_relations,attention,896,42,investigation,0.25,610.0,304.0,857.0,0.6673960612691466,0.4158145875937287,0.512389752204956
no_relations,attention,896,42,investigation,0.5,382.0,532.0,1085.0,0.4179431072210066,0.2603953646898432,0.3208735825283494
no_relations,attention,896,42,mount,0.1,166.0,104.0,42.0,0.6148148148148148,0.7980769230769231,0.694560669456067
no_relations,attention,896,42,mount,0.25,164.0,106.0,44.0,0.6074074074074074,0.7884615384615384,0.6861924686192468
no_relations,attention,896,42,mount,0.5,148.0,122.0,60.0,0.5481481481481482,0.7115384615384616,0.6192468619246863
no_relations,attention,896,43,attack,0.1,222.0,58.0,134.0,0.7928571428571428,0.6235955056179775,0.6981132075471698
no_relations,attention,896,43,attack,0.25,193.0,87.0,163.0,0.6892857142857143,0.5421348314606742,0.6069182389937107
no_relations,attention,896,43,attack,0.5,112.0,168.0,244.0,0.4,0.3146067415730337,0.35220125786163525
no_relations,attention,896,43,investigation,0.1,714.0,254.0,753.0,0.737603305785124,0.4867075664621677,0.5864476386036961
no_relations,attention,896,43,investigation,0.25,619.0,349.0,848.0,0.6394628099173554,0.4219495569188821,0.5084188911704313
no_relations,attention,896,43,investigation,0.5,390.0,578.0,1077.0,0.40289256198347106,0.2658486707566462,0.3203285420944558
no_relations,attention,896,43,mount,0.1,161.0,66.0,47.0,0.7092511013215859,0.7740384615384616,0.7402298850574711
no_relations,attention,896,43,mount,0.25,157.0,70.0,51.0,0.6916299559471366,0.7548076923076923,0.7218390804597701
no_relations,attention,896,43,mount,0.5,133.0,94.0,75.0,0.5859030837004405,0.6394230769230769,0.6114942528735632
no_relations,attention,896,44,attack,0.1,218.0,52.0,138.0,0.8074074074074075,0.6123595505617978,0.6964856230031949
no_relations,attention,896,44,attack,0.25,185.0,85.0,171.0,0.6851851851851852,0.5196629213483146,0.5910543130990414
no_relations,attention,896,44,attack,0.5,104.0,166.0,252.0,0.3851851851851852,0.29213483146067415,0.3322683706070288
no_relations,attention,896,44,investigation,0.1,772.0,280.0,695.0,0.7338403041825095,0.5262440354464895,0.6129416435093291
no_relations,attention,896,44,investigation,0.25,639.0,413.0,828.0,0.6074144486692015,0.43558282208588955,0.5073441842000794
no_relations,attention,896,44,investigation,0.5,366.0,686.0,1101.0,0.34790874524714827,0.24948875255623723,0.29059150456530375
no_relations,attention,896,44,mount,0.1,146.0,36.0,62.0,0.8021978021978022,0.7019230769230769,0.7487179487179486
no_relations,attention,896,44,mount,0.25,140.0,42.0,68.0,0.7692307692307693,0.6730769230769231,0.717948717948718
no_relations,attention,896,44,mount,0.5,118.0,64.0,90.0,0.6483516483516484,0.5673076923076923,0.6051282051282051
no_relations,lstm,256,42,attack,0.1,227.0,74.0,129.0,0.7541528239202658,0.6376404494382022,0.6910197869101978
no_relations,lstm,256,42,attack,0.25,211.0,90.0,145.0,0.7009966777408638,0.5926966292134831,0.6423135464231354
no_relations,lstm,256,42,attack,0.5,133.0,168.0,223.0,0.4418604651162791,0.37359550561797755,0.4048706240487063
no_relations,lstm,256,42,investigation,0.1,706.0,231.0,761.0,0.7534685165421559,0.4812542603953647,0.5873544093178036
no_relations,lstm,256,42,investigation,0.25,627.0,310.0,840.0,0.6691568836712913,0.4274028629856851,0.521630615640599
no_relations,lstm,256,42,investigation,0.5,426.0,511.0,1041.0,0.45464247598719315,0.2903885480572597,0.3544093178036606
no_relations,lstm,256,42,mount,0.1,162.0,73.0,46.0,0.6893617021276596,0.7788461538461539,0.7313769751693002
no_relations,lstm,256,42,mount,0.25,158.0,77.0,50.0,0.6723404255319149,0.7596153846153846,0.7133182844243792
no_relations,lstm,256,42,mount,0.5,138.0,97.0,70.0,0.5872340425531914,0.6634615384615384,0.6230248306997741
no_relations,lstm,256,43,attack,0.1,229.0,47.0,127.0,0.8297101449275363,0.6432584269662921,0.7246835443037974
no_relations,lstm,256,43,attack,0.25,209.0,67.0,147.0,0.7572463768115942,0.5870786516853933,0.6613924050632912
no_relations,lstm,256,43,attack,0.5,130.0,146.0,226.0,0.47101449275362317,0.3651685393258427,0.4113924050632911
no_relations,lstm,256,43,investigation,0.1,775.0,264.0,692.0,0.7459095283926853,0.5282890252215405,0.6185155626496409
no_relations,lstm,256,43,investigation,0.25,674.0,365.0,793.0,0.6487006737247353,0.4594410361281527,0.5379090183559457
no_relations,lstm,256,43,investigation,0.5,424.0,615.0,1043.0,0.4080846968238691,0.289025221540559,0.33838786911412616
no_relations,lstm,256,43,mount,0.1,152.0,60.0,56.0,0.7169811320754716,0.7307692307692307,0.7238095238095238
no_relations,lstm,256,43,mount,0.25,144.0,68.0,64.0,0.6792452830188679,0.6923076923076923,0.6857142857142857
no_relations,lstm,256,43,mount,0.5,126.0,86.0,82.0,0.5943396226415094,0.6057692307692307,0.6000000000000001
no_relations,lstm,256,44,attack,0.1,218.0,51.0,138.0,0.8104089219330854,0.6123595505617978,0.6976
no_relations,lstm,256,44,attack,0.25,193.0,76.0,163.0,0.7174721189591078,0.5421348314606742,0.6176
no_relations,lstm,256,44,attack,0.5,115.0,154.0,241.0,0.4275092936802974,0.32303370786516855,0.36800000000000005
no_relations,lstm,256,44,investigation,0.1,787.0,301.0,680.0,0.7233455882352942,0.5364689843217451,0.6160469667318983
no_relations,lstm,256,44,investigation,0.25,672.0,416.0,795.0,0.6176470588235294,0.45807770961145194,0.526027397260274
no_relations,lstm,256,44,investigation,0.5,392.0,696.0,1075.0,0.3602941176470588,0.267211997273347,0.3068493150684932
no_relations,lstm,256,44,mount,0.1,175.0,129.0,33.0,0.5756578947368421,0.8413461538461539,0.68359375
no_relations,lstm,256,44,mount,0.25,170.0,134.0,38.0,0.5592105263157895,0.8173076923076923,0.6640624999999999
no_relations,lstm,256,44,mount,0.5,147.0,157.0,61.0,0.48355263157894735,0.7067307692307693,0.5742187500000001
no_relations,lstm,512,42,attack,0.1,222.0,55.0,134.0,0.8014440433212996,0.6235955056179775,0.7014218009478672
no_relations,lstm,512,42,attack,0.25,202.0,75.0,154.0,0.7292418772563177,0.5674157303370787,0.6382306477093207
no_relations,lstm,512,42,attack,0.5,122.0,155.0,234.0,0.4404332129963899,0.34269662921348315,0.3854660347551343
no_relations,lstm,512,42,investigation,0.1,783.0,260.0,684.0,0.75071907957814,0.5337423312883436,0.6239043824701195
no_relations,lstm,512,42,investigation,0.25,679.0,364.0,788.0,0.6510067114093959,0.46284935241990455,0.5410358565737051
no_relations,lstm,512,42,investigation,0.5,424.0,619.0,1043.0,0.40651965484180247,0.289025221540559,0.3378486055776892
no_relations,lstm,512,42,mount,0.1,158.0,47.0,50.0,0.7707317073170732,0.7596153846153846,0.7651331719128329
no_relations,lstm,512,42,mount,0.25,154.0,51.0,54.0,0.751219512195122,0.7403846153846154,0.7457627118644068
no_relations,lstm,512,42,mount,0.5,131.0,74.0,77.0,0.6390243902439025,0.6298076923076923,0.6343825665859565
no_relations,lstm,512,43,attack,0.1,223.0,70.0,133.0,0.7610921501706485,0.6264044943820225,0.6872110939907551
no_relations,lstm,512,43,attack,0.25,203.0,90.0,153.0,0.6928327645051194,0.5702247191011236,0.62557781201849
no_relations,lstm,512,43,attack,0.5,133.0,160.0,223.0,0.4539249146757679,0.37359550561797755,0.40986132511556245
no_relations,lstm,512,43,investigation,0.1,787.0,288.0,680.0,0.7320930232558139,0.5364689843217451,0.6191974822974036
no_relations,lstm,512,43,investigation,0.25,665.0,410.0,802.0,0.6186046511627907,0.45330606680299934,0.5232100708103856
no_relations,lstm,512,43,investigation,0.5,401.0,674.0,1066.0,0.3730232558139535,0.27334696659850033,0.3154996066089693
no_relations,lstm,512,43,mount,0.1,151.0,40.0,57.0,0.7905759162303665,0.7259615384615384,0.756892230576441
no_relations,lstm,512,43,mount,0.25,142.0,49.0,66.0,0.743455497382199,0.6826923076923077,0.7117794486215538
no_relations,lstm,512,43,mount,0.5,125.0,66.0,83.0,0.6544502617801047,0.6009615384615384,0.6265664160401002
no_relations,lstm,512,44,attack,0.1,222.0,46.0,134.0,0.8283582089552238,0.6235955056179775,0.7115384615384615
no_relations,lstm,512,44,attack,0.25,203.0,65.0,153.0,0.7574626865671642,0.5702247191011236,0.6506410256410257
no_relations,lstm,512,44,attack,0.5,128.0,140.0,228.0,0.47761194029850745,0.3595505617977528,0.4102564102564102
no_relations,lstm,512,44,investigation,0.1,772.0,262.0,695.0,0.746615087040619,0.5262440354464895,0.6173530587764894
no_relations,lstm,512,44,investigation,0.25,678.0,356.0,789.0,0.655705996131528,0.4621676891615542,0.5421831267493004
no_relations,lstm,512,44,investigation,0.5,430.0,604.0,1037.0,0.4158607350096712,0.2931152010906612,0.3438624550179928
no_relations,lstm,512,44,mount,0.1,149.0,46.0,59.0,0.764102564102564,0.7163461538461539,0.739454094292804
no_relations,lstm,512,44,mount,0.25,139.0,56.0,69.0,0.7128205128205128,0.6682692307692307,0.6898263027295285
no_relations,lstm,512,44,mount,0.5,118.0,77.0,90.0,0.6051282051282051,0.5673076923076923,0.5856079404466501
no_relations,lstm,896,42,attack,0.1,228.0,62.0,128.0,0.7862068965517242,0.6404494382022472,0.7058823529411764
no_relations,lstm,896,42,attack,0.25,211.0,79.0,145.0,0.7275862068965517,0.5926966292134831,0.653250773993808
no_relations,lstm,896,42,attack,0.5,131.0,159.0,225.0,0.4517241379310345,0.36797752808988765,0.4055727554179567
no_relations,lstm,896,42,investigation,0.1,765.0,252.0,702.0,0.7522123893805309,0.5214723926380368,0.6159420289855072
no_relations,lstm,896,42,investigation,0.25,652.0,365.0,815.0,0.6411012782694199,0.4444444444444444,0.5249597423510466
no_relations,lstm,896,42,investigation,0.5,407.0,610.0,1060.0,0.400196656833825,0.2774369461486026,0.3276972624798712
no_relations,lstm,896,42,mount,0.1,151.0,52.0,57.0,0.7438423645320197,0.7259615384615384,0.7347931873479319
no_relations,lstm,896,42,mount,0.25,146.0,57.0,62.0,0.7192118226600985,0.7019230769230769,0.7104622871046228
no_relations,lstm,896,42,mount,0.5,124.0,79.0,84.0,0.6108374384236454,0.5961538461538461,0.6034063260340633
no_relations,lstm,896,43,attack,0.1,227.0,39.0,129.0,0.8533834586466166,0.6376404494382022,0.7299035369774919
no_relations,lstm,896,43,attack,0.25,207.0,59.0,149.0,0.7781954887218046,0.5814606741573034,0.6655948553054662
no_relations,lstm,896,43,attack,0.5,129.0,137.0,227.0,0.4849624060150376,0.36235955056179775,0.414790996784566
no_relations,lstm,896,43,investigation,0.1,776.0,285.0,691.0,0.7313854853911405,0.5289706884798909,0.6139240506329114
no_relations,lstm,896,43,investigation,0.25,651.0,410.0,816.0,0.6135721017907634,0.4437627811860941,0.5150316455696203
no_relations,lstm,896,43,investigation,0.5,405.0,656.0,1062.0,0.3817153628652215,0.27607361963190186,0.32041139240506333
no_relations,lstm,896,43,mount,0.1,158.0,57.0,50.0,0.7348837209302326,0.7596153846153846,0.7470449172576832
no_relations,lstm,896,43,mount,0.25,150.0,65.0,58.0,0.6976744186046512,0.7211538461538461,0.7092198581560284
no_relations,lstm,896,43,mount,0.5,132.0,83.0,76.0,0.6139534883720931,0.6346153846153846,0.6241134751773051
no_relations,lstm,896,44,attack,0.1,224.0,37.0,132.0,0.8582375478927203,0.6292134831460674,0.7260940032414911
no_relations,lstm,896,44,attack,0.25,204.0,57.0,152.0,0.7816091954022989,0.5730337078651685,0.6612641815235009
no_relations,lstm,896,44,attack,0.5,124.0,137.0,232.0,0.47509578544061304,0.34831460674157305,0.4019448946515397
no_relations,lstm,896,44,investigation,0.1,803.0,276.0,664.0,0.7442075996292864,0.547375596455351,0.6307934014139827
no_relations,lstm,896,44,investigation,0.25,677.0,402.0,790.0,0.6274328081556997,0.4614860259032038,0.5318146111547525
no_relations,lstm,896,44,investigation,0.5,430.0,649.0,1037.0,0.3985171455050973,0.2931152010906612,0.3377847604084838
no_relations,lstm,896,44,mount,0.1,150.0,49.0,58.0,0.7537688442211056,0.7211538461538461,0.7371007371007372
no_relations,lstm,896,44,mount,0.25,141.0,58.0,67.0,0.7085427135678392,0.6778846153846154,0.6928746928746929
no_relations,lstm,896,44,mount,0.5,115.0,84.0,93.0,0.5778894472361809,0.5528846153846154,0.5651105651105651
pose_relations_only,attention,256,42,attack,0.1,226.0,123.0,130.0,0.6475644699140402,0.6348314606741573,0.6411347517730498
pose_relations_only,attention,256,42,attack,0.25,202.0,147.0,154.0,0.5787965616045845,0.5674157303370787,0.573049645390071
pose_relations_only,attention,256,42,attack,0.5,118.0,231.0,238.0,0.33810888252148996,0.33146067415730335,0.3347517730496453
pose_relations_only,attention,256,42,investigation,0.1,676.0,186.0,791.0,0.7842227378190255,0.4608043626448534,0.5805066552168313
pose_relations_only,attention,256,42,investigation,0.25,610.0,252.0,857.0,0.7076566125290024,0.4158145875937287,0.523829969944182
pose_relations_only,attention,256,42,investigation,0.5,425.0,437.0,1042.0,0.49303944315545245,0.2897068847989093,0.36496350364963503
pose_relations_only,attention,256,42,mount,0.1,178.0,50.0,30.0,0.7807017543859649,0.8557692307692307,0.8165137614678899
pose_relations_only,attention,256,42,mount,0.25,175.0,53.0,33.0,0.7675438596491229,0.8413461538461539,0.8027522935779817
pose_relations_only,attention,256,42,mount,0.5,158.0,70.0,50.0,0.6929824561403509,0.7596153846153846,0.7247706422018347
pose_relations_only,attention,256,43,attack,0.1,218.0,43.0,138.0,0.8352490421455939,0.6123595505617978,0.7066450567260939
pose_relations_only,attention,256,43,attack,0.25,200.0,61.0,156.0,0.7662835249042146,0.5617977528089888,0.6482982171799028
pose_relations_only,attention,256,43,attack,0.5,119.0,142.0,237.0,0.4559386973180077,0.3342696629213483,0.3857374392220422
pose_relations_only,attention,256,43,investigation,0.1,775.0,197.0,692.0,0.7973251028806584,0.5282890252215405,0.6355063550635506
pose_relations_only,attention,256,43,investigation,0.25,687.0,285.0,780.0,0.7067901234567902,0.46830265848670755,0.5633456334563346
pose_relations_only,attention,256,43,investigation,0.5,473.0,499.0,994.0,0.48662551440329216,0.3224267211997273,0.3878638786387864
pose_relations_only,attention,256,43,mount,0.1,172.0,50.0,36.0,0.7747747747747747,0.8269230769230769,0.8
pose_relations_only,attention,256,43,mount,0.25,167.0,55.0,41.0,0.7522522522522522,0.8028846153846154,0.7767441860465116
pose_relations_only,attention,256,43,mount,0.5,150.0,72.0,58.0,0.6756756756756757,0.7211538461538461,0.6976744186046513
pose_relations_only,attention,256,44,attack,0.1,225.0,81.0,131.0,0.7352941176470589,0.6320224719101124,0.6797583081570998
pose_relations_only,attention,256,44,attack,0.25,201.0,105.0,155.0,0.6568627450980392,0.5646067415730337,0.6072507552870091
pose_relations_only,attention,256,44,attack,0.5,116.0,190.0,240.0,0.3790849673202614,0.3258426966292135,0.3504531722054381
pose_relations_only,attention,256,44,investigation,0.1,777.0,202.0,690.0,0.7936670071501533,0.5296523517382413,0.6353229762878169
pose_relations_only,attention,256,44,investigation,0.25,700.0,279.0,767.0,0.7150153217568948,0.47716428084526247,0.5723630417007359
pose_relations_only,attention,256,44,investigation,0.5,468.0,511.0,999.0,0.4780388151174668,0.31901840490797545,0.3826655764513492
pose_relations_only,attention,256,44,mount,0.1,168.0,33.0,40.0,0.835820895522388,0.8076923076923077,0.8215158924205379
pose_relations_only,attention,256,44,mount,0.25,166.0,35.0,42.0,0.8258706467661692,0.7980769230769231,0.8117359413202934
pose_relations_only,attention,256,44,mount,0.5,153.0,48.0,55.0,0.7611940298507462,0.7355769230769231,0.7481662591687042
pose_relations_only,attention,512,42,attack,0.1,231.0,117.0,125.0,0.6637931034482759,0.648876404494382,0.65625
pose_relations_only,attention,512,42,attack,0.25,211.0,137.0,145.0,0.6063218390804598,0.5926966292134831,0.5994318181818181
pose_relations_only,attention,512,42,attack,0.5,121.0,227.0,235.0,0.34770114942528735,0.3398876404494382,0.34375000000000006
pose_relations_only,attention,512,42,investigation,0.1,731.0,185.0,736.0,0.7980349344978166,0.49829584185412407,0.6135123793537558
pose_relations_only,attention,512,42,investigation,0.25,658.0,258.0,809.0,0.7183406113537117,0.4485344239945467,0.5522450692404532
pose_relations_only,attention,512,42,investigation,0.5,448.0,468.0,1019.0,0.4890829694323144,0.305385139740968,0.3759966428871171
pose_relations_only,attention,512,42,mount,0.1,169.0,32.0,39.0,0.8407960199004975,0.8125,0.8264058679706602
pose_relations_only,attention,512,42,mount,0.25,165.0,36.0,43.0,0.8208955223880597,0.7932692307692307,0.8068459657701711
pose_relations_only,attention,512,42,mount,0.5,150.0,51.0,58.0,0.746268656716418,0.7211538461538461,0.7334963325183375
pose_relations_only,attention,512,43,attack,0.1,222.0,114.0,134.0,0.6607142857142857,0.6235955056179775,0.6416184971098265
pose_relations_only,attention,512,43,attack,0.25,199.0,137.0,157.0,0.5922619047619048,0.5589887640449438,0.5751445086705202
pose_relations_only,attention,512,43,attack,0.5,114.0,222.0,242.0,0.3392857142857143,0.3202247191011236,0.32947976878612717
pose_relations_only,attention,512,43,investigation,0.1,656.0,165.0,811.0,0.7990255785627284,0.44717109747784595,0.5734265734265734
pose_relations_only,attention,512,43,investigation,0.25,590.0,231.0,877.0,0.7186358099878197,0.4021813224267212,0.5157342657342658
pose_relations_only,attention,512,43,investigation,0.5,419.0,402.0,1048.0,0.510353227771011,0.28561690524880706,0.3662587412587412
pose_relations_only,attention,512,43,mount,0.1,176.0,42.0,32.0,0.8073394495412844,0.8461538461538461,0.8262910798122065
pose_relations_only,attention,512,43,mount,0.25,174.0,44.0,34.0,0.7981651376146789,0.8365384615384616,0.8169014084507041
pose_relations_only,attention,512,43,mount,0.5,157.0,61.0,51.0,0.7201834862385321,0.7548076923076923,0.7370892018779344
pose_relations_only,attention,512,44,attack,0.1,227.0,50.0,129.0,0.8194945848375451,0.6376404494382022,0.717219589257504
pose_relations_only,attention,512,44,attack,0.25,207.0,70.0,149.0,0.7472924187725631,0.5814606741573034,0.6540284360189573
pose_relations_only,attention,512,44,attack,0.5,121.0,156.0,235.0,0.4368231046931408,0.3398876404494382,0.3823064770932069
pose_relations_only,attention,512,44,investigation,0.1,746.0,193.0,721.0,0.7944621938232161,0.5085207907293797,0.6201163757273482
pose_relations_only,attention,512,44,investigation,0.25,670.0,269.0,797.0,0.7135250266240681,0.4567143830947512,0.5569409808811305
pose_relations_only,attention,512,44,investigation,0.5,457.0,482.0,1010.0,0.48668796592119273,0.3115201090661213,0.37988362427265165
pose_relations_only,attention,512,44,mount,0.1,165.0,32.0,43.0,0.8375634517766497,0.7932692307692307,0.8148148148148147
pose_relations_only,attention,512,44,mount,0.25,160.0,37.0,48.0,0.8121827411167513,0.7692307692307693,0.7901234567901234
pose_relations_only,attention,512,44,mount,0.5,144.0,53.0,64.0,0.7309644670050761,0.6923076923076923,0.7111111111111111
pose_relations_only,attention,896,42,attack,0.1,228.0,74.0,128.0,0.7549668874172185,0.6404494382022472,0.6930091185410335
pose_relations_only,attention,896,42,attack,0.25,208.0,94.0,148.0,0.6887417218543046,0.5842696629213483,0.6322188449848023
pose_relations_only,attention,896,42,attack,0.5,125.0,177.0,231.0,0.4139072847682119,0.351123595505618,0.3799392097264438
pose_relations_only,attention,896,42,investigation,0.1,671.0,171.0,796.0,0.7969121140142518,0.45739604635310155,0.5812039844088349
pose_relations_only,attention,896,42,investigation,0.25,606.0,236.0,861.0,0.7197149643705463,0.4130879345603272,0.5249025552187093
pose_relations_only,attention,896,42,investigation,0.5,437.0,405.0,1030.0,0.5190023752969121,0.29788684389911385,0.3785188393243828
pose_relations_only,attention,896,42,mount,0.1,179.0,51.0,29.0,0.7782608695652173,0.8605769230769231,0.817351598173516
pose_relations_only,attention,896,42,mount,0.25,175.0,55.0,33.0,0.7608695652173914,0.8413461538461539,0.7990867579908676
pose_relations_only,attention,896,42,mount,0.5,157.0,73.0,51.0,0.6826086956521739,0.7548076923076923,0.7168949771689496
pose_relations_only,attention,896,43,attack,0.1,227.0,61.0,129.0,0.7881944444444444,0.6376404494382022,0.7049689440993787
pose_relations_only,attention,896,43,attack,0.25,202.0,86.0,154.0,0.7013888888888888,0.5674157303370787,0.6273291925465838
pose_relations_only,attention,896,43,attack,0.5,125.0,163.0,231.0,0.4340277777777778,0.351123595505618,0.38819875776397517
pose_relations_only,attention,896,43,investigation,0.1,745.0,178.0,722.0,0.8071505958829902,0.5078391274710293,0.6234309623430963
pose_relations_only,attention,896,43,investigation,0.25,666.0,257.0,801.0,0.7215601300108342,0.4539877300613497,0.5573221757322175
pose_relations_only,attention,896,43,investigation,0.5,460.0,463.0,1007.0,0.49837486457204766,0.31356509884117245,0.38493723849372385
pose_relations_only,attention,896,43,mount,0.1,172.0,48.0,36.0,0.7818181818181819,0.8269230769230769,0.8037383177570092
pose_relations_only,attention,896,43,mount,0.25,168.0,52.0,40.0,0.7636363636363637,0.8076923076923077,0.7850467289719626
pose_relations_only,attention,896,43,mount,0.5,153.0,67.0,55.0,0.6954545454545454,0.7355769230769231,0.7149532710280373
pose_relations_only,attention,896,44,attack,0.1,230.0,53.0,126.0,0.8127208480565371,0.6460674157303371,0.7198748043818466
pose_relations_only,attention,896,44,attack,0.25,210.0,73.0,146.0,0.7420494699646644,0.5898876404494382,0.6572769953051644
pose_relations_only,attention,896,44,attack,0.5,128.0,155.0,228.0,0.45229681978798586,0.3595505617977528,0.4006259780907668
pose_relations_only,attention,896,44,investigation,0.1,732.0,187.0,735.0,0.7965179542981502,0.49897750511247446,0.6135792120704107
pose_relations_only,attention,896,44,investigation,0.25,652.0,267.0,815.0,0.7094668117519043,0.4444444444444444,0.5465213746856663
pose_relations_only,attention,896,44,investigation,0.5,451.0,468.0,1016.0,0.49075081610446136,0.3074301295160191,0.37803855825649624
pose_relations_only,attention,896,44,mount,0.1,161.0,29.0,47.0,0.8473684210526315,0.7740384615384616,0.8090452261306534
pose_relations_only,attention,896,44,mount,0.25,157.0,33.0,51.0,0.8263157894736842,0.7548076923076923,0.7889447236180905
pose_relations_only,attention,896,44,mount,0.5,134.0,56.0,74.0,0.7052631578947368,0.6442307692307693,0.6733668341708543
pose_relations_only,lstm,256,42,attack,0.1,222.0,144.0,134.0,0.6065573770491803,0.6235955056179775,0.6149584487534626
pose_relations_only,lstm,256,42,attack,0.25,205.0,161.0,151.0,0.5601092896174863,0.5758426966292135,0.5678670360110802
pose_relations_only,lstm,256,42,attack,0.5,116.0,250.0,240.0,0.31693989071038253,0.3258426966292135,0.32132963988919666
pose_relations_only,lstm,256,42,investigation,0.1,701.0,209.0,766.0,0.7703296703296704,0.4778459441036128,0.5898190997055112
pose_relations_only,lstm,256,42,investigation,0.25,626.0,284.0,841.0,0.6879120879120879,0.4267211997273347,0.5267143458140514
pose_relations_only,lstm,256,42,investigation,0.5,420.0,490.0,1047.0,0.46153846153846156,0.28629856850715746,0.353386621792175
pose_relations_only,lstm,256,42,mount,0.1,169.0,48.0,39.0,0.7788018433179723,0.8125,0.7952941176470588
pose_relations_only,lstm,256,42,mount,0.25,165.0,52.0,43.0,0.7603686635944701,0.7932692307692307,0.7764705882352941
pose_relations_only,lstm,256,42,mount,0.5,147.0,70.0,61.0,0.6774193548387096,0.7067307692307693,0.691764705882353
pose_relations_only,lstm,256,43,attack,0.1,226.0,56.0,130.0,0.8014184397163121,0.6348314606741573,0.7084639498432602
pose_relations_only,lstm,256,43,attack,0.25,207.0,75.0,149.0,0.7340425531914894,0.5814606741573034,0.6489028213166144
pose_relations_only,lstm,256,43,attack,0.5,131.0,151.0,225.0,0.4645390070921986,0.36797752808988765,0.4106583072100314
pose_relations_only,lstm,256,43,investigation,0.1,686.0,186.0,781.0,0.786697247706422,0.4676209952283572,0.5865754595981189
pose_relations_only,lstm,256,43,investigation,0.25,616.0,256.0,851.0,0.7064220183486238,0.41990456714383095,0.526720820863617
pose_relations_only,lstm,256,43,investigation,0.5,436.0,436.0,1031.0,0.5,0.29720518064076346,0.37280889268918344
pose_relations_only,lstm,256,43,mount,0.1,172.0,48.0,36.0,0.7818181818181819,0.8269230769230769,0.8037383177570092
pose_relations_only,lstm,256,43,mount,0.25,167.0,53.0,41.0,0.759090909090909,0.8028846153846154,0.7803738317757009
pose_relations_only,lstm,256,43,mount,0.5,148.0,72.0,60.0,0.6727272727272727,0.7115384615384616,0.6915887850467289
pose_relations_only,lstm,256,44,attack,0.1,228.0,56.0,128.0,0.8028169014084507,0.6404494382022472,0.7124999999999999
pose_relations_only,lstm,256,44,attack,0.25,206.0,78.0,150.0,0.7253521126760564,0.5786516853932584,0.6437499999999999
pose_relations_only,lstm,256,44,attack,0.5,118.0,166.0,238.0,0.4154929577464789,0.33146067415730335,0.36874999999999997
pose_relations_only,lstm,256,44,investigation,0.1,758.0,228.0,709.0,0.768762677484787,0.5167007498295841,0.6180187525479005
pose_relations_only,lstm,256,44,investigation,0.25,669.0,317.0,798.0,0.678498985801217,0.4560327198364008,0.5454545454545454
pose_relations_only,lstm,256,44,investigation,0.5,456.0,530.0,1011.0,0.46247464503042596,0.310838445807771,0.3717896453322463
pose_relations_only,lstm,256,44,mount,0.1,160.0,41.0,48.0,0.7960199004975125,0.7692307692307693,0.78239608801956
pose_relations_only,lstm,256,44,mount,0.25,153.0,48.0,55.0,0.7611940298507462,0.7355769230769231,0.7481662591687042
pose_relations_only,lstm,256,44,mount,0.5,138.0,63.0,70.0,0.6865671641791045,0.6634615384615384,0.6748166259168703
pose_relations_only,lstm,512,42,attack,0.1,223.0,130.0,133.0,0.6317280453257791,0.6264044943820225,0.6290550070521863
pose_relations_only,lstm,512,42,attack,0.25,206.0,147.0,150.0,0.5835694050991501,0.5786516853932584,0.5811001410437237
pose_relations_only,lstm,512,42,attack,0.5,121.0,232.0,235.0,0.34277620396600567,0.3398876404494382,0.34132581100141046
pose_relations_only,lstm,512,42,investigation,0.1,716.0,215.0,751.0,0.7690655209452202,0.48807089297886846,0.597164303586322
pose_relations_only,lstm,512,42,investigation,0.25,639.0,292.0,828.0,0.686358754027927,0.43558282208588955,0.5329441201000834
pose_relations_only,lstm,512,42,investigation,0.5,425.0,506.0,1042.0,0.4564983888292159,0.2897068847989093,0.3544620517097581
pose_relations_only,lstm,512,42,mount,0.1,171.0,41.0,37.0,0.8066037735849056,0.8221153846153846,0.8142857142857142
pose_relations_only,lstm,512,42,mount,0.25,167.0,45.0,41.0,0.7877358490566038,0.8028846153846154,0.7952380952380952
pose_relations_only,lstm,512,42,mount,0.5,147.0,65.0,61.0,0.6933962264150944,0.7067307692307693,0.7
pose_relations_only,lstm,512,43,attack,0.1,226.0,53.0,130.0,0.8100358422939068,0.6348314606741573,0.7118110236220472
pose_relations_only,lstm,512,43,attack,0.25,205.0,74.0,151.0,0.7347670250896058,0.5758426966292135,0.6456692913385826
pose_relations_only,lstm,512,43,attack,0.5,124.0,155.0,232.0,0.4444444444444444,0.34831460674157305,0.3905511811023622
pose_relations_only,lstm,512,43,investigation,0.1,740.0,194.0,727.0,0.7922912205567452,0.5044308111792775,0.6164098292378176
pose_relations_only,lstm,512,43,investigation,0.25,663.0,271.0,804.0,0.7098501070663812,0.45194274028629855,0.5522698875468555
pose_relations_only,lstm,512,43,investigation,0.5,449.0,485.0,1018.0,0.480728051391863,0.3060668029993183,0.3740108288213244
pose_relations_only,lstm,512,43,mount,0.1,164.0,35.0,44.0,0.8241206030150754,0.7884615384615384,0.8058968058968059
pose_relations_only,lstm,512,43,mount,0.25,155.0,44.0,53.0,0.7788944723618091,0.7451923076923077,0.7616707616707616
pose_relations_only,lstm,512,43,mount,0.5,140.0,59.0,68.0,0.7035175879396985,0.6730769230769231,0.687960687960688
pose_relations_only,lstm,512,44,attack,0.1,223.0,60.0,133.0,0.7879858657243817,0.6264044943820225,0.6979655712050078
pose_relations_only,lstm,512,44,attack,0.25,199.0,84.0,157.0,0.7031802120141343,0.5589887640449438,0.6228482003129892
pose_relations_only,lstm,512,44,attack,0.5,114.0,169.0,242.0,0.4028268551236749,0.3202247191011236,0.35680751173708924
pose_relations_only,lstm,512,44,investigation,0.1,759.0,230.0,708.0,0.7674418604651163,0.5173824130879345,0.6180781758957654
pose_relations_only,lstm,512,44,investigation,0.25,669.0,320.0,798.0,0.6764408493427705,0.4560327198364008,0.5447882736156351
pose_relations_only,lstm,512,44,investigation,0.5,431.0,558.0,1036.0,0.435793731041456,0.2937968643490116,0.35097719869706845
pose_relations_only,lstm,512,44,mount,0.1,158.0,42.0,50.0,0.79,0.7596153846153846,0.7745098039215687
pose_relations_only,lstm,512,44,mount,0.25,152.0,48.0,56.0,0.76,0.7307692307692307,0.7450980392156863
pose_relations_only,lstm,512,44,mount,0.5,135.0,65.0,73.0,0.675,0.6490384615384616,0.661764705882353
pose_relations_only,lstm,896,42,attack,0.1,228.0,113.0,128.0,0.6686217008797654,0.6404494382022472,0.654232424677188
pose_relations_only,lstm,896,42,attack,0.25,206.0,135.0,150.0,0.6041055718475073,0.5786516853932584,0.5911047345767576
pose_relations_only,lstm,896,42,attack,0.5,125.0,216.0,231.0,0.36656891495601174,0.351123595505618,0.3586800573888092
pose_relations_only,lstm,896,42,investigation,0.1,695.0,220.0,772.0,0.7595628415300546,0.47375596455351054,0.5835432409739714
pose_relations_only,lstm,896,42,investigation,0.25,619.0,296.0,848.0,0.6765027322404371,0.4219495569188821,0.5197313182199833
pose_relations_only,lstm,896,42,investigation,0.5,406.0,509.0,1061.0,0.44371584699453553,0.2767552828902522,0.3408900083963056
pose_relations_only,lstm,896,42,mount,0.1,171.0,43.0,37.0,0.7990654205607477,0.8221153846153846,0.8104265402843601
pose_relations_only,lstm,896,42,mount,0.25,168.0,46.0,40.0,0.7850467289719626,0.8076923076923077,0.7962085308056873
pose_relations_only,lstm,896,42,mount,0.5,152.0,62.0,56.0,0.7102803738317757,0.7307692307692307,0.7203791469194313
pose_relations_only,lstm,896,43,attack,0.1,220.0,39.0,136.0,0.8494208494208494,0.6179775280898876,0.7154471544715446
pose_relations_only,lstm,896,43,attack,0.25,202.0,57.0,154.0,0.7799227799227799,0.5674157303370787,0.6569105691056911
pose_relations_only,lstm,896,43,attack,0.5,126.0,133.0,230.0,0.4864864864864865,0.3539325842696629,0.4097560975609756
pose_relations_only,lstm,896,43,investigation,0.1,665.0,175.0,802.0,0.7916666666666666,0.45330606680299934,0.5765062852188989
pose_relations_only,lstm,896,43,investigation,0.25,604.0,236.0,863.0,0.719047619047619,0.4117246080436264,0.5236237537928046
pose_relations_only,lstm,896,43,investigation,0.5,431.0,409.0,1036.0,0.513095238095238,0.2937968643490116,0.3736454269614217
pose_relations_only,lstm,896,43,mount,0.1,170.0,40.0,38.0,0.8095238095238095,0.8173076923076923,0.8133971291866029
pose_relations_only,lstm,896,43,mount,0.25,167.0,43.0,41.0,0.7952380952380952,0.8028846153846154,0.7990430622009569
pose_relations_only,lstm,896,43,mount,0.5,150.0,60.0,58.0,0.7142857142857143,0.7211538461538461,0.7177033492822967
pose_relations_only,lstm,896,44,attack,0.1,220.0,94.0,136.0,0.7006369426751592,0.6179775280898876,0.6567164179104478
pose_relations_only,lstm,896,44,attack,0.25,194.0,120.0,162.0,0.6178343949044586,0.5449438202247191,0.5791044776119403
pose_relations_only,lstm,896,44,attack,0.5,108.0,206.0,248.0,0.34394904458598724,0.30337078651685395,0.32238805970149254
pose_relations_only,lstm,896,44,investigation,0.1,790.0,265.0,677.0,0.7488151658767772,0.5385139740967961,0.6264869151467088
pose_relations_only,lstm,896,44,investigation,0.25,684.0,371.0,783.0,0.6483412322274882,0.4662576687116564,0.542426645519429
pose_relations_only,lstm,896,44,investigation,0.5,445.0,610.0,1022.0,0.4218009478672986,0.30334014996591685,0.35289452815226013
pose_relations_only,lstm,896,44,mount,0.1,170.0,61.0,38.0,0.7359307359307359,0.8173076923076923,0.7744874715261958
pose_relations_only,lstm,896,44,mount,0.25,164.0,67.0,44.0,0.70995670995671,0.7884615384615384,0.7471526195899773
pose_relations_only,lstm,896,44,mount,0.5,144.0,87.0,64.0,0.6233766233766234,0.6923076923076923,0.6560364464692483
visual_only,attention,256,42,attack,0.1,215.0,68.0,141.0,0.7597173144876325,0.6039325842696629,0.6729264475743348
visual_only,attention,256,42,attack,0.25,186.0,97.0,170.0,0.657243816254417,0.5224719101123596,0.5821596244131456
visual_only,attention,256,42,attack,0.5,106.0,177.0,250.0,0.3745583038869258,0.29775280898876405,0.3317683881064163
visual_only,attention,256,42,investigation,0.1,706.0,267.0,761.0,0.7255909558067831,0.4812542603953647,0.578688524590164
visual_only,attention,256,42,investigation,0.25,620.0,353.0,847.0,0.6372045220966084,0.4226312201772324,0.5081967213114754
visual_only,attention,256,42,investigation,0.5,360.0,613.0,1107.0,0.3699897225077081,0.24539877300613497,0.29508196721311475
visual_only,attention,256,42,mount,0.1,168.0,108.0,40.0,0.6086956521739131,0.8076923076923077,0.6942148760330579
visual_only,attention,256,42,mount,0.25,164.0,112.0,44.0,0.5942028985507246,0.7884615384615384,0.6776859504132232
visual_only,attention,256,42,mount,0.5,144.0,132.0,64.0,0.5217391304347826,0.6923076923076923,0.5950413223140496
visual_only,attention,256,43,attack,0.1,211.0,83.0,145.0,0.717687074829932,0.5926966292134831,0.6492307692307693
visual_only,attention,256,43,attack,0.25,182.0,112.0,174.0,0.6190476190476191,0.5112359550561798,0.56
visual_only,attention,256,43,attack,0.5,100.0,194.0,256.0,0.3401360544217687,0.2808988764044944,0.3076923076923077
visual_only,attention,256,43,investigation,0.1,730.0,258.0,737.0,0.7388663967611336,0.49761417859577367,0.594704684317719
visual_only,attention,256,43,investigation,0.25,606.0,382.0,861.0,0.6133603238866396,0.4130879345603272,0.4936863543788188
visual_only,attention,256,43,investigation,0.5,370.0,618.0,1097.0,0.37449392712550605,0.25221540558963873,0.3014256619144603
visual_only,attention,256,43,mount,0.1,151.0,50.0,57.0,0.7512437810945274,0.7259615384615384,0.7383863080684597
visual_only,attention,256,43,mount,0.25,142.0,59.0,66.0,0.7064676616915423,0.6826923076923077,0.6943765281173595
visual_only,attention,256,43,mount,0.5,126.0,75.0,82.0,0.6268656716417911,0.6057692307692307,0.6161369193154034
visual_only,attention,256,44,attack,0.1,216.0,62.0,140.0,0.7769784172661871,0.6067415730337079,0.6813880126182965
visual_only,attention,256,44,attack,0.25,185.0,93.0,171.0,0.6654676258992805,0.5196629213483146,0.5835962145110409
visual_only,attention,256,44,attack,0.5,102.0,176.0,254.0,0.3669064748201439,0.28651685393258425,0.3217665615141956
visual_only,attention,256,44,investigation,0.1,719.0,260.0,748.0,0.7344228804902962,0.49011588275391954,0.5878986099754702
visual_only,attention,256,44,investigation,0.25,608.0,371.0,859.0,0.6210418794688458,0.41445126107702795,0.4971381847914963
visual_only,attention,256,44,investigation,0.5,382.0,597.0,1085.0,0.390194075587334,0.2603953646898432,0.31234668847097297
visual_only,attention,256,44,mount,0.1,157.0,52.0,51.0,0.7511961722488039,0.7548076923076923,0.7529976019184652
visual_only,attention,256,44,mount,0.25,146.0,63.0,62.0,0.6985645933014354,0.7019230769230769,0.7002398081534771
visual_only,attention,256,44,mount,0.5,134.0,75.0,74.0,0.6411483253588517,0.6442307692307693,0.6426858513189448
visual_only,attention,512,42,attack,0.1,213.0,155.0,143.0,0.5788043478260869,0.598314606741573,0.5883977900552486
visual_only,attention,512,42,attack,0.25,176.0,192.0,180.0,0.4782608695652174,0.4943820224719101,0.4861878453038674
visual_only,attention,512,42,attack,0.5,94.0,274.0,262.0,0.2554347826086957,0.2640449438202247,0.2596685082872928
visual_only,attention,512,42,investigation,0.1,696.0,298.0,771.0,0.7002012072434608,0.47443762781186094,0.5656237301909793
visual_only,attention,512,42,investigation,0.25,593.0,401.0,874.0,0.596579476861167,0.4042263122017723,0.48191791954490043
visual_only,attention,512,42,investigation,0.5,361.0,633.0,1106.0,0.3631790744466801,0.24608043626448534,0.29337667614790736
visual_only,attention,512,42,mount,0.1,144.0,53.0,64.0,0.7309644670050761,0.6923076923076923,0.7111111111111111
visual_only,attention,512,42,mount,0.25,138.0,59.0,70.0,0.700507614213198,0.6634615384615384,0.6814814814814815
visual_only,attention,512,42,mount,0.5,122.0,75.0,86.0,0.6192893401015228,0.5865384615384616,0.6024691358024691
visual_only,attention,512,43,attack,0.1,224.0,60.0,132.0,0.7887323943661971,0.6292134831460674,0.6999999999999998
visual_only,attention,512,43,attack,0.25,198.0,86.0,158.0,0.6971830985915493,0.5561797752808989,0.61875
visual_only,attention,512,43,attack,0.5,115.0,169.0,241.0,0.40492957746478875,0.32303370786516855,0.35937499999999994
visual_only,attention,512,43,investigation,0.1,684.0,235.0,783.0,0.7442872687704026,0.4662576687116564,0.5733445096395641
visual_only,attention,512,43,investigation,0.25,603.0,316.0,864.0,0.6561479869423286,0.4110429447852761,0.5054484492875104
visual_only,attention,512,43,investigation,0.5,378.0,541.0,1089.0,0.41131664853101196,0.25766871165644173,0.316848281642917
visual_only,attention,512,43,mount,0.1,157.0,78.0,51.0,0.6680851063829787,0.7548076923076923,0.708803611738149
visual_only,attention,512,43,mount,0.25,150.0,85.0,58.0,0.6382978723404256,0.7211538461538461,0.6772009029345373
visual_only,attention,512,43,mount,0.5,134.0,101.0,74.0,0.5702127659574469,0.6442307692307693,0.6049661399548534
visual_only,attention,512,44,attack,0.1,216.0,59.0,140.0,0.7854545454545454,0.6067415730337079,0.6846275752773376
visual_only,attention,512,44,attack,0.25,186.0,89.0,170.0,0.6763636363636364,0.5224719101123596,0.5895404120443741
visual_only,attention,512,44,attack,0.5,94.0,181.0,262.0,0.3418181818181818,0.2640449438202247,0.2979397781299524
visual_only,attention,512,44,investigation,0.1,752.0,281.0,715.0,0.7279767666989352,0.512610770279482,0.6016
visual_only,attention,512,44,investigation,0.25,627.0,406.0,840.0,0.6069699903194579,0.4274028629856851,0.5016000000000002
visual_only,attention,512,44,investigation,0.5,372.0,661.0,1095.0,0.3601161665053243,0.25357873210633947,0.29760000000000003
visual_only,attention,512,44,mount,0.1,144.0,42.0,64.0,0.7741935483870968,0.6923076923076923,0.7309644670050761
visual_only,attention,512,44,mount,0.25,136.0,50.0,72.0,0.7311827956989247,0.6538461538461539,0.6903553299492385
visual_only,attention,512,44,mount,0.5,117.0,69.0,91.0,0.6290322580645161,0.5625,0.5939086294416244
visual_only,attention,896,42,attack,0.1,221.0,79.0,135.0,0.7366666666666667,0.6207865168539326,0.6737804878048781
visual_only,attention,896,42,attack,0.25,187.0,113.0,169.0,0.6233333333333333,0.5252808988764045,0.5701219512195121
visual_only,attention,896,42,attack,0.5,108.0,192.0,248.0,0.36,0.30337078651685395,0.3292682926829269
visual_only,attention,896,42,investigation,0.1,688.0,254.0,779.0,0.7303609341825902,0.46898432174505794,0.5711913657119136
visual_only,attention,896,42,investigation,0.25,604.0,338.0,863.0,0.6411889596602972,0.4117246080436264,0.5014528850145288
visual_only,attention,896,42,investigation,0.5,359.0,583.0,1108.0,0.38110403397027603,0.2447171097477846,0.2980489829804899
visual_only,attention,896,42,mount,0.1,170.0,116.0,38.0,0.5944055944055944,0.8173076923076923,0.6882591093117408
visual_only,attention,896,42,mount,0.25,168.0,118.0,40.0,0.5874125874125874,0.8076923076923077,0.680161943319838
visual_only,attention,896,42,mount,0.5,147.0,139.0,61.0,0.513986013986014,0.7067307692307693,0.5951417004048583
visual_only,attention,896,43,attack,0.1,217.0,116.0,139.0,0.6516516516516516,0.6095505617977528,0.6298984034833092
visual_only,attention,896,43,attack,0.25,183.0,150.0,173.0,0.5495495495495496,0.5140449438202247,0.5312046444121916
visual_only,attention,896,43,attack,0.5,96.0,237.0,260.0,0.2882882882882883,0.2696629213483146,0.27866473149492016
visual_only,attention,896,43,investigation,0.1,709.0,281.0,758.0,0.7161616161616161,0.4832992501704158,0.5771265771265771
visual_only,attention,896,43,investigation,0.25,611.0,379.0,856.0,0.6171717171717171,0.4164962508520791,0.4973544973544974
visual_only,attention,896,43,investigation,0.5,376.0,614.0,1091.0,0.3797979797979798,0.256305385139741,0.30606430606430607
visual_only,attention,896,43,mount,0.1,158.0,69.0,50.0,0.6960352422907489,0.7596153846153846,0.7264367816091953
visual_only,attention,896,43,mount,0.25,149.0,78.0,59.0,0.6563876651982379,0.7163461538461539,0.6850574712643679
visual_only,attention,896,43,mount,0.5,135.0,92.0,73.0,0.5947136563876652,0.6490384615384616,0.6206896551724137
visual_only,attention,896,44,attack,0.1,215.0,62.0,141.0,0.776173285198556,0.6039325842696629,0.6793048973143759
visual_only,attention,896,44,attack,0.25,182.0,95.0,174.0,0.6570397111913358,0.5112359550561798,0.5750394944707741
visual_only,attention,896,44,attack,0.5,101.0,176.0,255.0,0.36462093862815886,0.28370786516853935,0.31911532385466035
visual_only,attention,896,44,investigation,0.1,750.0,269.0,717.0,0.7360157016683022,0.5112474437627812,0.6033789219629928
visual_only,attention,896,44,investigation,0.25,624.0,395.0,843.0,0.6123650637880275,0.42535787321063395,0.50201126307321
visual_only,attention,896,44,investigation,0.5,367.0,652.0,1100.0,0.3601570166830226,0.2501704158145876,0.2952534191472244
visual_only,attention,896,44,mount,0.1,161.0,66.0,47.0,0.7092511013215859,0.7740384615384616,0.7402298850574711
visual_only,attention,896,44,mount,0.25,154.0,73.0,54.0,0.6784140969162996,0.7403846153846154,0.7080459770114944
visual_only,attention,896,44,mount,0.5,134.0,93.0,74.0,0.5903083700440529,0.6442307692307693,0.6160919540229886
visual_only,lstm,256,42,attack,0.1,216.0,156.0,140.0,0.5806451612903226,0.6067415730337079,0.5934065934065934
visual_only,lstm,256,42,attack,0.25,190.0,182.0,166.0,0.510752688172043,0.5337078651685393,0.521978021978022
visual_only,lstm,256,42,attack,0.5,109.0,263.0,247.0,0.29301075268817206,0.3061797752808989,0.29945054945054944
visual_only,lstm,256,42,investigation,0.1,729.0,276.0,738.0,0.7253731343283583,0.49693251533742333,0.5898058252427185
visual_only,lstm,256,42,investigation,0.25,625.0,380.0,842.0,0.6218905472636815,0.42603953646898435,0.5056634304207119
visual_only,lstm,256,42,investigation,0.5,389.0,616.0,1078.0,0.3870646766169154,0.26516700749829586,0.31472491909385114
visual_only,lstm,256,42,mount,0.1,164.0,74.0,44.0,0.6890756302521008,0.7884615384615384,0.7354260089686098
visual_only,lstm,256,42,mount,0.25,159.0,79.0,49.0,0.6680672268907563,0.7644230769230769,0.7130044843049327
visual_only,lstm,256,42,mount,0.5,142.0,96.0,66.0,0.5966386554621849,0.6826923076923077,0.6367713004484306
visual_only,lstm,256,43,attack,0.1,204.0,162.0,152.0,0.5573770491803278,0.5730337078651685,0.5650969529085872
visual_only,lstm,256,43,attack,0.25,169.0,197.0,187.0,0.46174863387978143,0.4747191011235955,0.4681440443213296
visual_only,lstm,256,43,attack,0.5,95.0,271.0,261.0,0.25956284153005466,0.26685393258426965,0.2631578947368421
visual_only,lstm,256,43,investigation,0.1,750.0,323.0,717.0,0.6989748369058714,0.5112474437627812,0.5905511811023622
visual_only,lstm,256,43,investigation,0.25,636.0,437.0,831.0,0.5927306616961789,0.4335378323108384,0.5007874015748031
visual_only,lstm,256,43,investigation,0.5,387.0,686.0,1080.0,0.36067101584342964,0.26380368098159507,0.30472440944881884
visual_only,lstm,256,43,mount,0.1,160.0,77.0,48.0,0.6751054852320675,0.7692307692307693,0.7191011235955055
visual_only,lstm,256,43,mount,0.25,156.0,81.0,52.0,0.6582278481012658,0.75,0.701123595505618
visual_only,lstm,256,43,mount,0.5,136.0,101.0,72.0,0.5738396624472574,0.6538461538461539,0.6112359550561798
visual_only,lstm,256,44,attack,0.1,216.0,130.0,140.0,0.6242774566473989,0.6067415730337079,0.6153846153846154
visual_only,lstm,256,44,attack,0.25,189.0,157.0,167.0,0.546242774566474,0.5308988764044944,0.5384615384615384
visual_only,lstm,256,44,attack,0.5,111.0,235.0,245.0,0.3208092485549133,0.31179775280898875,0.3162393162393162
visual_only,lstm,256,44,investigation,0.1,703.0,259.0,764.0,0.7307692307692307,0.47920927062031354,0.5788390284067517
visual_only,lstm,256,44,investigation,0.25,617.0,345.0,850.0,0.6413721413721414,0.42058623040218135,0.5080279950596954
visual_only,lstm,256,44,investigation,0.5,376.0,586.0,1091.0,0.3908523908523909,0.256305385139741,0.3095924248662001
visual_only,lstm,256,44,mount,0.1,166.0,69.0,42.0,0.7063829787234043,0.7980769230769231,0.7494356659142212
visual_only,lstm,256,44,mount,0.25,164.0,71.0,44.0,0.6978723404255319,0.7884615384615384,0.7404063205417608
visual_only,lstm,256,44,mount,0.5,141.0,94.0,67.0,0.6,0.6778846153846154,0.636568848758465
visual_only,lstm,512,42,attack,0.1,203.0,147.0,153.0,0.58,0.5702247191011236,0.575070821529745
visual_only,lstm,512,42,attack,0.25,174.0,176.0,182.0,0.49714285714285716,0.4887640449438202,0.4929178470254958
visual_only,lstm,512,42,attack,0.5,98.0,252.0,258.0,0.28,0.2752808988764045,0.2776203966005666
visual_only,lstm,512,42,investigation,0.1,703.0,245.0,764.0,0.7415611814345991,0.47920927062031354,0.5821946169772256
visual_only,lstm,512,42,investigation,0.25,615.0,333.0,852.0,0.6487341772151899,0.41922290388548056,0.5093167701863354
visual_only,lstm,512,42,investigation,0.5,386.0,562.0,1081.0,0.40717299578059074,0.2631220177232447,0.31966873706004145
visual_only,lstm,512,42,mount,0.1,151.0,47.0,57.0,0.7626262626262627,0.7259615384615384,0.7438423645320197
visual_only,lstm,512,42,mount,0.25,144.0,54.0,64.0,0.7272727272727273,0.6923076923076923,0.7093596059113301
visual_only,lstm,512,42,mount,0.5,124.0,74.0,84.0,0.6262626262626263,0.5961538461538461,0.6108374384236452
visual_only,lstm,512,43,attack,0.1,219.0,73.0,137.0,0.75,0.6151685393258427,0.6759259259259258
visual_only,lstm,512,43,attack,0.25,192.0,100.0,164.0,0.6575342465753424,0.5393258426966292,0.5925925925925926
visual_only,lstm,512,43,attack,0.5,116.0,176.0,240.0,0.3972602739726027,0.3258426966292135,0.3580246913580247
visual_only,lstm,512,43,investigation,0.1,768.0,281.0,699.0,0.7321258341277407,0.523517382413088,0.6104928457869635
visual_only,lstm,512,43,investigation,0.25,650.0,399.0,817.0,0.6196377502383222,0.4430811179277437,0.5166931637519873
visual_only,lstm,512,43,investigation,0.5,409.0,640.0,1058.0,0.38989513822688276,0.27880027266530333,0.3251192368839428
visual_only,lstm,512,43,mount,0.1,157.0,66.0,51.0,0.7040358744394619,0.7548076923076923,0.728538283062645
visual_only,lstm,512,43,mount,0.25,149.0,74.0,59.0,0.6681614349775785,0.7163461538461539,0.691415313225058
visual_only,lstm,512,43,mount,0.5,129.0,94.0,79.0,0.57847533632287,0.6201923076923077,0.5986078886310905
visual_only,lstm,512,44,attack,0.1,208.0,98.0,148.0,0.6797385620915033,0.5842696629213483,0.6283987915407856
visual_only,lstm,512,44,attack,0.25,179.0,127.0,177.0,0.5849673202614379,0.5028089887640449,0.540785498489426
visual_only,lstm,512,44,attack,0.5,99.0,207.0,257.0,0.3235294117647059,0.27808988764044945,0.2990936555891239
visual_only,lstm,512,44,investigation,0.1,725.0,274.0,742.0,0.7257257257257257,0.4942058623040218,0.5879967558799676
visual_only,lstm,512,44,investigation,0.25,620.0,379.0,847.0,0.6206206206206206,0.4226312201772324,0.502838605028386
visual_only,lstm,512,44,investigation,0.5,383.0,616.0,1084.0,0.3833833833833834,0.2610770279481936,0.3106244931062449
visual_only,lstm,512,44,mount,0.1,159.0,67.0,49.0,0.7035398230088495,0.7644230769230769,0.7327188940092166
visual_only,lstm,512,44,mount,0.25,154.0,72.0,54.0,0.6814159292035398,0.7403846153846154,0.7096774193548387
visual_only,lstm,512,44,mount,0.5,131.0,95.0,77.0,0.5796460176991151,0.6298076923076923,0.6036866359447004
visual_only,lstm,896,42,attack,0.1,213.0,164.0,143.0,0.5649867374005305,0.598314606741573,0.5811732605729878
visual_only,lstm,896,42,attack,0.25,191.0,186.0,165.0,0.506631299734748,0.5365168539325843,0.5211459754433834
visual_only,lstm,896,42,attack,0.5,107.0,270.0,249.0,0.2838196286472148,0.300561797752809,0.29195088676671216
visual_only,lstm,896,42,investigation,0.1,713.0,276.0,754.0,0.7209302325581395,0.48602590320381733,0.5806188925081434
visual_only,lstm,896,42,investigation,0.25,605.0,384.0,862.0,0.6117290192113246,0.4124062713019768,0.49267100977198697
visual_only,lstm,896,42,investigation,0.5,377.0,612.0,1090.0,0.38119312436804853,0.25698704839809133,0.30700325732899025
visual_only,lstm,896,42,mount,0.1,163.0,74.0,45.0,0.6877637130801688,0.7836538461538461,0.7325842696629215
visual_only,lstm,896,42,mount,0.25,161.0,76.0,47.0,0.679324894514768,0.7740384615384616,0.7235955056179775
visual_only,lstm,896,42,mount,0.5,139.0,98.0,69.0,0.5864978902953587,0.6682692307692307,0.6247191011235955
visual_only,lstm,896,43,attack,0.1,202.0,170.0,154.0,0.543010752688172,0.5674157303370787,0.5549450549450549
visual_only,lstm,896,43,attack,0.25,164.0,208.0,192.0,0.44086021505376344,0.4606741573033708,0.4505494505494505
visual_only,lstm,896,43,attack,0.5,90.0,282.0,266.0,0.24193548387096775,0.25280898876404495,0.24725274725274726
visual_only,lstm,896,43,investigation,0.1,752.0,320.0,715.0,0.7014925373134329,0.512610770279482,0.5923591965340685
visual_only,lstm,896,43,investigation,0.25,634.0,438.0,833.0,0.5914179104477612,0.4321745057941377,0.499409216226861
visual_only,lstm,896,43,investigation,0.5,386.0,686.0,1081.0,0.36007462686567165,0.2631220177232447,0.3040567152422214
visual_only,lstm,896,43,mount,0.1,153.0,51.0,55.0,0.75,0.7355769230769231,0.7427184466019418
visual_only,lstm,896,43,mount,0.25,150.0,54.0,58.0,0.7352941176470589,0.7211538461538461,0.7281553398058251
visual_only,lstm,896,43,mount,0.5,130.0,74.0,78.0,0.6372549019607843,0.625,0.6310679611650485
visual_only,lstm,896,44,attack,0.1,208.0,153.0,148.0,0.5761772853185596,0.5842696629213483,0.5801952580195259
visual_only,lstm,896,44,attack,0.25,175.0,186.0,181.0,0.48476454293628807,0.49157303370786515,0.4881450488145049
visual_only,lstm,896,44,attack,0.5,96.0,265.0,260.0,0.2659279778393352,0.2696629213483146,0.2677824267782427
visual_only,lstm,896,44,investigation,0.1,728.0,277.0,739.0,0.7243781094527363,0.49625085207907293,0.5889967637540453
visual_only,lstm,896,44,investigation,0.25,623.0,382.0,844.0,0.6199004975124378,0.42467620995228356,0.5040453074433656
visual_only,lstm,896,44,investigation,0.5,382.0,623.0,1085.0,0.3800995024875622,0.2603953646898432,0.30906148867313915
visual_only,lstm,896,44,mount,0.1,164.0,63.0,44.0,0.7224669603524229,0.7884615384615384,0.7540229885057471
visual_only,lstm,896,44,mount,0.25,159.0,68.0,49.0,0.7004405286343612,0.7644230769230769,0.7310344827586206
visual_only,lstm,896,44,mount,0.5,141.0,86.0,67.0,0.6211453744493393,0.6778846153846154,0.6482758620689655
