stream,head,capacity,seed,prediction_type,class,evaluated_videos,mean_gt_frames,mean_pred_frames,mean_frame_precision,mean_frame_recall,mean_frame_f1,mean_bout_f1_iou10,mean_bout_f1_iou25,mean_bout_f1_iou50,sum_gt_frames,sum_pred_frames
animal_visual_only,attention,256,42,raw_windows,attack,28,681.0,1201.7142857142858,0.3319313285761738,0.43691740287746483,0.3701935912005828,0.3457226202039287,0.3173997637664325,0.22421620084403562,19068,33648
animal_visual_only,attention,256,42,raw_windows,investigation,28,2739.964285714286,3246.285714285714,0.5872570134470533,0.7051409947159092,0.6329060271751648,0.570601111269352,0.4890654760802827,0.3064092247026635,76719,90896
animal_visual_only,attention,256,42,raw_windows,mount,28,1259.9642857142858,1195.4285714285713,0.43900085255297305,0.42817996329254715,0.4205888646871355,0.42255916141582756,0.40154272802254687,0.32583081788349544,35279,33472
animal_visual_only,attention,256,42,raw_windows,other,28,7760.785714285715,6798.285714285715,0.9606163783433652,0.84020853472265,0.8947163802765347,0.0,0.0,0.0,217302,190352
animal_visual_only,attention,256,42,smoothed_frames,attack,28,681.0,1204.0,0.331724751081748,0.4369486489717031,0.3700776605780004,0.345420033794893,0.3168044143270237,0.22382814602230613,19068,33712
animal_visual_only,attention,256,42,smoothed_frames,investigation,28,2739.964285714286,3246.285714285714,0.5872570134470533,0.7051409947159092,0.6329060271751648,0.570601111269352,0.4890654760802827,0.3064092247026635,76719,90896
animal_visual_only,attention,256,42,smoothed_frames,mount,28,1259.9642857142858,1195.4285714285713,0.43900085255297305,0.42817996329254715,0.4205888646871355,0.42255916141582756,0.40154272802254687,0.32583081788349544,35279,33472
animal_visual_only,attention,256,42,smoothed_frames,other,28,7760.785714285715,6796.0,0.9608540989054603,0.8400931915277275,0.8947474544934932,0.0,0.0,0.0,217302,190288
animal_visual_only,attention,256,43,raw_windows,attack,28,681.0,1071.4285714285713,0.35144836781009153,0.4148352190195727,0.3714069036834787,0.349961282859092,0.32002186232224206,0.22019399189515168,19068,30000
animal_visual_only,attention,256,43,raw_windows,investigation,28,2739.964285714286,3174.285714285714,0.6065055750094539,0.6983936164752473,0.6387676686426601,0.5713910474935552,0.5016842861028334,0.3145149554616338,76719,88880
animal_visual_only,attention,256,43,raw_windows,mount,28,1259.9642857142858,1166.2857142857142,0.4447684865279372,0.4281741002772392,0.4247818137852394,0.43499238592575384,0.41026823789333516,0.3290779631070012,35279,32656
animal_visual_only,attention,256,43,raw_windows,other,28,7760.785714285715,7029.714285714285,0.9434931507255226,0.8595746536844848,0.8968959904556177,0.0,0.0,0.0,217302,196832
animal_visual_only,attention,256,43,smoothed_frames,attack,28,681.0,1073.7142857142858,0.3512062472145697,0.4148664651138109,0.3712826515785084,0.34954115502691224,0.3193569061044816,0.21977672255289252,19068,30064
animal_visual_only,attention,256,43,smoothed_frames,investigation,28,2739.964285714286,3174.285714285714,0.6065055750094539,0.6983936164752473,0.6387676686426601,0.5713910474935552,0.5016842861028334,0.3145149554616338,76719,88880
animal_visual_only,attention,256,43,smoothed_frames,mount,28,1259.9642857142858,1166.2857142857142,0.4447684865279372,0.4281741002772392,0.4247818137852394,0.43499238592575384,0.41026823789333516,0.3290779631070012,35279,32656
animal_visual_only,attention,256,43,smoothed_frames,other,28,7760.785714285715,7027.428571428572,0.9437263065479097,0.8594593104895624,0.8969280293101801,0.0,0.0,0.0,217302,196768
animal_visual_only,attention,256,44,raw_windows,attack,28,681.0,1074.857142857143,0.3505038625120929,0.40934674824426526,0.3685626272493244,0.35958028675551884,0.3239679138254762,0.20718265601820354,19068,30096
animal_visual_only,attention,256,44,raw_windows,investigation,28,2739.964285714286,3534.8571428571427,0.5667315542035233,0.7439153055136957,0.6356965206979692,0.5794827537152256,0.4914696538029019,0.2965722690360098,76719,98976
animal_visual_only,attention,256,44,raw_windows,mount,28,1259.9642857142858,1285.142857142857,0.4396438970178214,0.4604992338434254,0.43312847916234576,0.4399220422625157,0.4100348242174029,0.3598994260343374,35279,35984
animal_visual_only,attention,256,44,raw_windows,other,28,7760.785714285715,6546.857142857143,0.967442974532183,0.8169704551756384,0.8837304133362579,0.0,0.0,0.0,217302,183312
animal_visual_only,attention,256,44,smoothed_frames,attack,28,681.0,1077.142857142857,0.35027430807849047,0.40937799433850347,0.3684441432359365,0.3593206682368225,0.3233871937325609,0.20685081596510915,19068,30160
animal_visual_only,attention,256,44,smoothed_frames,investigation,28,2739.964285714286,3534.8571428571427,0.5667315542035233,0.7439153055136957,0.6356965206979692,0.5794827537152256,0.4914696538029019,0.2965722690360098,76719,98976
animal_visual_only,attention,256,44,smoothed_frames,mount,28,1259.9642857142858,1285.142857142857,0.4396438970178214,0.4604992338434254,0.43312847916234576,0.4399220422625157,0.4100348242174029,0.3598994260343374,35279,35984
animal_visual_only,attention,256,44,smoothed_frames,other,28,7760.785714285715,6544.571428571428,0.9677021783226476,0.8168551119807159,0.8837597232214379,0.0,0.0,0.0,217302,183248
animal_visual_only,attention,512,42,raw_windows,attack,28,681.0,1410.857142857143,0.3022387253365429,0.4533581255302928,0.35606917113967745,0.3074035905421539,0.27143465399179806,0.19343021090177093,19068,39504
animal_visual_only,attention,512,42,raw_windows,investigation,28,2739.964285714286,3213.714285714286,0.5709022079131183,0.676447260658728,0.6088036560290065,0.55765191875642,0.45258203223734095,0.2915809291761349,76719,89984
animal_visual_only,attention,512,42,raw_windows,mount,28,1259.9642857142858,1217.142857142857,0.4454242351898515,0.44436017718809523,0.43324239279871424,0.4290056918715663,0.4074179345372954,0.33318255426364557,35279,34080
animal_visual_only,attention,512,42,raw_windows,other,28,7760.785714285715,6600.0,0.9656962791296267,0.8235664681340408,0.8869431412452032,0.0,0.0,0.0,217302,184800
animal_visual_only,attention,512,42,smoothed_frames,attack,28,681.0,1413.142857142857,0.3020826567088052,0.453389371624531,0.3559684375609845,0.3070482855778292,0.2706933600649008,0.19317423554715835,19068,39568
animal_visual_only,attention,512,42,smoothed_frames,investigation,28,2739.964285714286,3213.714285714286,0.5709022079131183,0.676447260658728,0.6088036560290065,0.55765191875642,0.45258203223734095,0.2915809291761349,76719,89984
animal_visual_only,attention,512,42,smoothed_frames,mount,28,1259.9642857142858,1217.142857142857,0.4454242351898515,0.44436017718809523,0.43324239279871424,0.4290056918715663,0.4074179345372954,0.33318255426364557,35279,34080
animal_visual_only,attention,512,42,smoothed_frames,other,28,7760.785714285715,6597.714285714285,0.9659587633945456,0.8234511249391183,0.8869731625678963,0.0,0.0,0.0,217302,184736
animal_visual_only,attention,512,43,raw_windows,attack,28,681.0,1036.0,0.35879355890905007,0.4099549563518159,0.3736812098368944,0.366742895810028,0.3258263469392096,0.20791790233815158,19068,29008
animal_visual_only,attention,512,43,raw_windows,investigation,28,2739.964285714286,3494.8571428571427,0.5788695228284352,0.7405340463042738,0.6405060241702628,0.5877401933812563,0.5034650498749578,0.3116027031681624,76719,97856
animal_visual_only,attention,512,43,raw_windows,mount,28,1259.9642857142858,1150.2857142857142,0.45431483807575945,0.42339394891507187,0.4262716758442255,0.43006352958270605,0.4106313122513291,0.29996991198583467,35279,32208
animal_visual_only,attention,512,43,raw_windows,other,28,7760.785714285715,6760.571428571428,0.9553108823040628,0.8377089417899262,0.890130069637725,0.0,0.0,0.0,217302,189296
animal_visual_only,attention,512,43,smoothed_frames,attack,28,681.0,1038.2857142857142,0.3585274705604592,0.4099862024460541,0.3735537573866718,0.3662551182814342,0.3251488781494959,0.20756188080866061,19068,29072
animal_visual_only,attention,512,43,smoothed_frames,investigation,28,2739.964285714286,3494.8571428571427,0.5788695228284352,0.7405340463042738,0.6405060241702628,0.5877401933812563,0.5034650498749578,0.3116027031681624,76719,97856
animal_visual_only,attention,512,43,smoothed_frames,mount,28,1259.9642857142858,1150.2857142857142,0.45431483807575945,0.42339394891507187,0.4262716758442255,0.43006352958270605,0.4106313122513291,0.29996991198583467,35279,32208
animal_visual_only,attention,512,43,smoothed_frames,other,28,7760.785714285715,6758.285714285715,0.9555569267476663,0.8375935985950037,0.8901618092525795,0.0,0.0,0.0,217302,189232
animal_visual_only,attention,512,44,raw_windows,attack,28,681.0,1128.0,0.3454479501161413,0.41810850677913025,0.3694862286067852,0.3536551430262548,0.31423928814295593,0.1994121667276318,19068,31584
animal_visual_only,attention,512,44,raw_windows,investigation,28,2739.964285714286,3630.285714285714,0.5493376430496116,0.7469435554164007,0.6256214804332375,0.5839821174714811,0.4914141075802852,0.2961449810926779,76719,101648
animal_visual_only,attention,512,44,raw_windows,mount,28,1259.9642857142858,1352.0,0.4286980932411275,0.4754762511479459,0.43255626838819555,0.41988243227871314,0.40380327334241134,0.35844179102440726,35279,37856
animal_visual_only,attention,512,44,raw_windows,other,28,7760.785714285715,6331.428571428572,0.9717519443649169,0.7962377194394051,0.8727125913308089,0.0,0.0,0.0,217302,177280
animal_visual_only,attention,512,44,smoothed_frames,attack,28,681.0,1130.2857142857142,0.34522607323149607,0.41813975287336846,0.3693688599896537,0.35342446404707256,0.3136855782869205,0.19909576109561153,19068,31648
animal_visual_only,attention,512,44,smoothed_frames,investigation,28,2739.964285714286,3630.285714285714,0.5493376430496116,0.7469435554164007,0.6256214804332375,0.5839821174714811,0.4914141075802852,0.2961449810926779,76719,101648
animal_visual_only,attention,512,44,smoothed_frames,mount,28,1259.9642857142858,1352.0,0.4286980932411275,0.4754762511479459,0.43255626838819555,0.41988243227871314,0.40380327334241134,0.35844179102440726,35279,37856
animal_visual_only,attention,512,44,smoothed_frames,other,28,7760.785714285715,6329.142857142857,0.9720237302504311,0.7961223762444826,0.8727408729416919,0.0,0.0,0.0,217302,177216
animal_visual_only,attention,896,42,raw_windows,attack,28,681.0,1262.2857142857142,0.3189308078046076,0.44283845580317466,0.36393993470822883,0.3245452309785584,0.29773384956593274,0.1897387342018941,19068,35344
animal_visual_only,attention,896,42,raw_windows,investigation,28,2739.964285714286,3201.714285714286,0.5819354897088491,0.6907472924707189,0.6213680727528506,0.5647533202511635,0.4778045419285196,0.29402601950474844,76719,89648
animal_visual_only,attention,896,42,raw_windows,mount,28,1259.9642857142858,1261.142857142857,0.4392140158354512,0.4585870998999772,0.43598453617172706,0.4258019140796545,0.401130654197127,0.34279510758964843,35279,35312
animal_visual_only,attention,896,42,raw_windows,other,28,7760.785714285715,6716.571428571428,0.9606942720846217,0.8321039146834835,0.8896700637472569,0.0,0.0,0.0,217302,188064
animal_visual_only,attention,896,42,smoothed_frames,attack,28,681.0,1264.5714285714287,0.3187490251502787,0.44286970189741287,0.3638309812069183,0.3242446534552531,0.29713641883847713,0.18940915484356058,19068,35408
animal_visual_only,attention,896,42,smoothed_frames,investigation,28,2739.964285714286,3201.714285714286,0.5819354897088491,0.6907472924707189,0.6213680727528506,0.5647533202511635,0.4778045419285196,0.29402601950474844,76719,89648
animal_visual_only,attention,896,42,smoothed_frames,mount,28,1259.9642857142858,1261.142857142857,0.4392140158354512,0.4585870998999772,0.43598453617172706,0.4258019140796545,0.401130654197127,0.34279510758964843,35279,35312
animal_visual_only,attention,896,42,smoothed_frames,other,28,7760.785714285715,6714.285714285715,0.9609452757077285,0.8319885714885611,0.8897001692445704,0.0,0.0,0.0,217302,188000
animal_visual_only,attention,896,43,raw_windows,attack,28,681.0,1088.0,0.3492559910685508,0.41160745871273,0.3681102157545033,0.3589723465883453,0.3252563539523809,0.21337414453669723,19068,30464
animal_visual_only,attention,896,43,raw_windows,investigation,28,2739.964285714286,3397.1428571428573,0.5774709953144034,0.7282390058389859,0.636514407152965,0.5692442262052008,0.48732147189855407,0.301072630458266,76719,95120
animal_visual_only,attention,896,43,raw_windows,mount,28,1259.9642857142858,1238.2857142857142,0.44757391729972074,0.44844088871287396,0.4337902373138266,0.43473852354112413,0.4118779300283567,0.3512730090812854,35279,34672
animal_visual_only,attention,896,43,raw_windows,other,28,7760.785714285715,6718.285714285715,0.9609097777643131,0.8346345495334734,0.8913057756349565,0.0,0.0,0.0,217302,188112
animal_visual_only,attention,896,43,smoothed_frames,attack,28,681.0,1090.2857142857142,0.34903099481642563,0.41163870480696824,0.3679905544857783,0.3587183350013117,0.32467563385946574,0.2130423044836028,19068,30528
animal_visual_only,attention,896,43,smoothed_frames,investigation,28,2739.964285714286,3397.1428571428573,0.5774709953144034,0.7282390058389859,0.636514407152965,0.5692442262052008,0.48732147189855407,0.301072630458266,76719,95120
animal_visual_only,attention,896,43,smoothed_frames,mount,28,1259.9642857142858,1238.2857142857142,0.44757391729972074,0.44844088871287396,0.4337902373138266,0.43473852354112413,0.4118779300283567,0.3512730090812854,35279,34672
animal_visual_only,attention,896,43,smoothed_frames,other,28,7760.785714285715,6716.0,0.9611639555462815,0.8345192063385509,0.8913369813844083,0.0,0.0,0.0,217302,188048
animal_visual_only,attention,896,44,raw_windows,attack,28,681.0,1006.8571428571429,0.35980029614236914,0.3918151462758312,0.3635579711862863,0.36593312046179577,0.331337218153363,0.21386565980933664,19068,28192
animal_visual_only,attention,896,44,raw_windows,investigation,28,2739.964285714286,4031.4285714285716,0.5175543854090757,0.792830996032585,0.6177577735593834,0.595379254445669,0.48098446809729783,0.2846006673557819,76719,112880
animal_visual_only,attention,896,44,raw_windows,mount,28,1259.9642857142858,1228.5714285714287,0.43708373526563615,0.436800486632814,0.4239721191816647,0.429929567548434,0.40904960265925244,0.32927205284356503,35279,34400
animal_visual_only,attention,896,44,raw_windows,other,28,7760.785714285715,6174.857142857143,0.9729000764202212,0.7772549736397759,0.8611066615095858,0.0,0.0,0.0,217302,172896
animal_visual_only,attention,896,44,smoothed_frames,attack,28,681.0,1009.1428571428571,0.3595166410600915,0.3918463923700694,0.3634311599914267,0.36561073876186306,0.33074198005812494,0.21345357189724873,19068,28256
animal_visual_only,attention,896,44,smoothed_frames,investigation,28,2739.964285714286,4031.4285714285716,0.5175543854090757,0.792830996032585,0.6177577735593834,0.595379254445669,0.48098446809729783,0.2846006673557819,76719,112880
animal_visual_only,attention,896,44,smoothed_frames,mount,28,1259.9642857142858,1228.5714285714287,0.43708373526563615,0.436800486632814,0.4239721191816647,0.429929567548434,0.40904960265925244,0.32927205284356503,35279,34400
animal_visual_only,attention,896,44,smoothed_frames,other,28,7760.785714285715,6172.571428571428,0.9731734892928406,0.7771396304448535,0.8611347354908675,0.0,0.0,0.0,217302,172832
animal_visual_only,lstm,256,42,raw_windows,attack,28,681.0,747.4285714285714,0.3822421810542752,0.2843385536352555,0.3037522854908123,0.31500539507797926,0.25833963297070495,0.16147916795996883,19068,20928
animal_visual_only,lstm,256,42,raw_windows,investigation,28,2739.964285714286,4748.571428571428,0.4671012142490726,0.8444829252188223,0.5901591178173703,0.5910603075929235,0.4633788353258946,0.25319791239489825,76719,132960
animal_visual_only,lstm,256,42,raw_windows,mount,28,1259.9642857142858,1053.142857142857,0.4645667067477648,0.37921809970678927,0.38843910393646425,0.41759232892555076,0.39267258350982004,0.29350509904206795,35279,29488
animal_visual_only,lstm,256,42,raw_windows,other,28,7760.785714285715,5892.571428571428,0.973357221187452,0.7434661209401552,0.8397877403251854,0.0,0.0,0.0,217302,164992
animal_visual_only,lstm,256,42,smoothed_frames,attack,28,681.0,749.7142857142857,0.3817741968923229,0.2843697997294937,0.3036303194893109,0.3145868529947438,0.2576934402809413,0.16109652659934975,19068,20992
animal_visual_only,lstm,256,42,smoothed_frames,investigation,28,2739.964285714286,4748.571428571428,0.4671012142490726,0.8444829252188223,0.5901591178173703,0.5910603075929235,0.4633788353258946,0.25319791239489825,76719,132960
animal_visual_only,lstm,256,42,smoothed_frames,mount,28,1259.9642857142858,1053.142857142857,0.4645667067477648,0.37921809970678927,0.38843910393646425,0.41759232892555076,0.39267258350982004,0.29350509904206795,35279,29488
animal_visual_only,lstm,256,42,smoothed_frames,other,28,7760.785714285715,5890.285714285715,0.9736461232941308,0.7433507777452327,0.8398102569851484,0.0,0.0,0.0,217302,164928
animal_visual_only,lstm,256,43,raw_windows,attack,28,681.0,822.8571428571429,0.3806941746254609,0.3401830744262694,0.33827590743610525,0.34706568822500283,0.3161746522159946,0.16711852092265528,19068,23040
animal_visual_only,lstm,256,43,raw_windows,investigation,28,2739.964285714286,3804.0,0.5545627361870946,0.7831430992467128,0.6422761742602334,0.5982572013497428,0.5094396722358941,0.3107263081037817,76719,106512
animal_visual_only,lstm,256,43,raw_windows,mount,28,1259.9642857142858,1086.2857142857142,0.43580137296435983,0.38692438874812135,0.3957870689105772,0.4280860812004076,0.3965426325554409,0.3101116536170073,35279,30416
animal_visual_only,lstm,256,43,raw_windows,other,28,7760.785714285715,6728.571428571428,0.9600198600257498,0.8313137177560117,0.8889830377079226,0.0,0.0,0.0,217302,188400
animal_visual_only,lstm,256,43,smoothed_frames,attack,28,681.0,825.1428571428571,0.3802898261350448,0.3402143205205076,0.33815484784739686,0.34671146570253736,0.31562529639473097,0.16685263920081078,19068,23104
animal_visual_only,lstm,256,43,smoothed_frames,investigation,28,2739.964285714286,3804.0,0.5545627361870946,0.7831430992467128,0.6422761742602334,0.5982572013497428,0.5094396722358941,0.3107263081037817,76719,106512
animal_visual_only,lstm,256,43,smoothed_frames,mount,28,1259.9642857142858,1086.2857142857142,0.43580137296435983,0.38692438874812135,0.3957870689105772,0.4280860812004076,0.3965426325554409,0.3101116536170073,35279,30416
animal_visual_only,lstm,256,43,smoothed_frames,other,28,7760.785714285715,6726.285714285715,0.9602626403459436,0.8311983745610892,0.8890128304301765,0.0,0.0,0.0,217302,188336
animal_visual_only,lstm,256,44,raw_windows,attack,28,681.0,715.4285714285714,0.3995405778313389,0.2856024095820841,0.3089772006426753,0.3406731182412856,0.28303111730803915,0.16623483370295264,19068,20032
animal_visual_only,lstm,256,44,raw_windows,investigation,28,2739.964285714286,3874.285714285714,0.5347355009638525,0.7851702507390657,0.6307589023001287,0.5988090830983762,0.4903374107455886,0.3008802243412619,76719,108480
animal_visual_only,lstm,256,44,raw_windows,mount,28,1259.9642857142858,1313.7142857142858,0.4416596408798357,0.4497098955386346,0.4224948327752941,0.42944283311224235,0.4113733048314465,0.3644537830408332,35279,36784
animal_visual_only,lstm,256,44,raw_windows,other,28,7760.785714285715,6538.285714285715,0.9698256214511171,0.8125898144685192,0.8822704832712823,0.0,0.0,0.0,217302,183072
animal_visual_only,lstm,256,44,smoothed_frames,attack,28,681.0,717.7142857142857,0.39910322483552424,0.2856336556763223,0.30885778943284564,0.3402821311679799,0.28239655996201807,0.16586489376856967,19068,20096
animal_visual_only,lstm,256,44,smoothed_frames,investigation,28,2739.964285714286,3874.285714285714,0.5347355009638525,0.7851702507390657,0.6307589023001287,0.5988090830983762,0.4903374107455886,0.3008802243412619,76719,108480
animal_visual_only,lstm,256,44,smoothed_frames,mount,28,1259.9642857142858,1313.7142857142858,0.4416596408798357,0.4497098955386346,0.4224948327752941,0.42944283311224235,0.4113733048314465,0.3644537830408332,35279,36784
animal_visual_only,lstm,256,44,smoothed_frames,other,28,7760.785714285715,6536.0,0.9700856595982598,0.8124744712735967,0.8822983466491386,0.0,0.0,0.0,217302,183008
animal_visual_only,lstm,512,42,raw_windows,attack,28,681.0,989.7142857142857,0.3431222340798989,0.3553938366682551,0.3341259588184692,0.32151517834132604,0.2777393333754397,0.19063605953804355,19068,27712
animal_visual_only,lstm,512,42,raw_windows,investigation,28,2739.964285714286,4012.5714285714284,0.5242615599426519,0.7908626694228503,0.6217814013042126,0.5951325038264751,0.48616561348507226,0.29089526533067106,76719,112352
animal_visual_only,lstm,512,42,raw_windows,mount,28,1259.9642857142858,946.8571428571429,0.4778365601644472,0.3508784596332081,0.3789894550885565,0.40151330867608653,0.3888095043282605,0.28419584948577264,35279,26512
animal_visual_only,lstm,512,42,raw_windows,other,28,7760.785714285715,6492.571428571428,0.9679845376783823,0.8061260022106783,0.8770723343647882,0.0,0.0,0.0,217302,181792
animal_visual_only,lstm,512,42,smoothed_frames,attack,28,681.0,992.0,0.34283697992129986,0.3554250827624933,0.3340057384564445,0.3213590164013943,0.27728210923400504,0.1903820461261354,19068,27776
animal_visual_only,lstm,512,42,smoothed_frames,investigation,28,2739.964285714286,4012.5714285714284,0.5242615599426519,0.7908626694228503,0.6217814013042126,0.5951325038264751,0.48616561348507226,0.29089526533067106,76719,112352
animal_visual_only,lstm,512,42,smoothed_frames,mount,28,1259.9642857142858,946.8571428571429,0.4778365601644472,0.3508784596332081,0.3789894550885565,0.40151330867608653,0.3888095043282605,0.28419584948577264,35279,26512
animal_visual_only,lstm,512,42,smoothed_frames,other,28,7760.785714285715,6490.285714285715,0.9682324356873918,0.8060106590157557,0.8771010852684676,0.0,0.0,0.0,217302,181728
animal_visual_only,lstm,512,43,raw_windows,attack,28,681.0,433.14285714285717,0.42283979769734187,0.19487313342403895,0.252095733285293,0.2922530217367174,0.2264084754962084,0.1247268227373041,19068,12128
animal_visual_only,lstm,512,43,raw_windows,investigation,28,2739.964285714286,3273.1428571428573,0.5969740985830347,0.7177957811403802,0.6451593393965254,0.5893817102337942,0.5160745446353611,0.32881861016258646,76719,91648
animal_visual_only,lstm,512,43,raw_windows,mount,28,1259.9642857142858,1115.4285714285713,0.4369162057254602,0.40194646474158047,0.3933319187953009,0.41790231332521266,0.39056390309859257,0.32722855384308186,35279,31232
animal_visual_only,lstm,512,43,raw_windows,other,28,7760.785714285715,7620.0,0.9203016635546541,0.899513927687366,0.9077522143640805,0.0,0.0,0.0,217302,213360
animal_visual_only,lstm,512,43,smoothed_frames,attack,28,681.0,435.42857142857144,0.42206055831472833,0.19490437951827716,0.25198184999887363,0.29193065126709755,0.2259224149627157,0.12452817845387242,19068,12192
animal_visual_only,lstm,512,43,smoothed_frames,investigation,28,2739.964285714286,3273.1428571428573,0.5969740985830347,0.7177957811403802,0.6451593393965254,0.5893817102337942,0.5160745446353611,0.32881861016258646,76719,91648
animal_visual_only,lstm,512,43,smoothed_frames,mount,28,1259.9642857142858,1115.4285714285713,0.4369162057254602,0.40194646474158047,0.3933319187953009,0.41790231332521266,0.39056390309859257,0.32722855384308186,35279,31232
animal_visual_only,lstm,512,43,smoothed_frames,other,28,7760.785714285715,7617.714285714285,0.9204895120724931,0.8993985844924436,0.907783885999404,0.0,0.0,0.0,217302,213296
animal_visual_only,lstm,512,44,raw_windows,attack,28,681.0,940.5714285714286,0.3569134740444139,0.356155082150085,0.33223225023985564,0.32519645972143435,0.29746150569280333,0.16856810695157876,19068,26336
animal_visual_only,lstm,512,44,raw_windows,investigation,28,2739.964285714286,4278.285714285715,0.4927401555027159,0.7898225220812287,0.5975341152440501,0.5790290854800969,0.47086641063762785,0.2525902727786335,76719,119792
animal_visual_only,lstm,512,44,raw_windows,mount,28,1259.9642857142858,1349.142857142857,0.43296506896241815,0.46933206109588316,0.43510695096797625,0.44052855677215785,0.41051143141809815,0.3577045510936944,35279,37776
animal_visual_only,lstm,512,44,raw_windows,other,28,7760.785714285715,5873.714285714285,0.9803734308179343,0.7470137520924774,0.8441490839731582,0.0,0.0,0.0,217302,164464
animal_visual_only,lstm,512,44,smoothed_frames,attack,28,681.0,942.8571428571429,0.3566175487770701,0.3561863282443232,0.33211909142635065,0.3249368401640425,0.29698542496814345,0.16842015531788587,19068,26400
animal_visual_only,lstm,512,44,smoothed_frames,investigation,28,2739.964285714286,4278.285714285715,0.4927401555027159,0.7898225220812287,0.5975341152440501,0.5790290854800969,0.47086641063762785,0.2525902727786335,76719,119792
animal_visual_only,lstm,512,44,smoothed_frames,mount,28,1259.9642857142858,1349.142857142857,0.43296506896241815,0.46933206109588316,0.43510695096797625,0.44052855677215785,0.41051143141809815,0.3577045510936944,35279,37776
animal_visual_only,lstm,512,44,smoothed_frames,other,28,7760.785714285715,5871.428571428572,0.9806723361473894,0.7468984088975551,0.8441728024199283,0.0,0.0,0.0,217302,164400
animal_visual_only,lstm,896,42,raw_windows,attack,28,681.0,866.2857142857143,0.3710175551505241,0.31258302786263303,0.31509019832838453,0.3311521222228206,0.2705602342366387,0.170475650002917,19068,24256
animal_visual_only,lstm,896,42,raw_windows,investigation,28,2739.964285714286,3368.5714285714284,0.5589007261736235,0.694054396305231,0.6134654840322993,0.5786581547438433,0.4813662484951407,0.2740012333611784,76719,94320
animal_visual_only,lstm,896,42,raw_windows,mount,28,1259.9642857142858,1493.7142857142858,0.40420279297379164,0.5356698384361378,0.4370687792926625,0.4338006092435025,0.4255239652525728,0.3745708006741636,35279,41824
animal_visual_only,lstm,896,42,raw_windows,other,28,7760.785714285715,6713.142857142857,0.9549643105303575,0.8307889282737272,0.8865337257470342,0.0,0.0,0.0,217302,187968
animal_visual_only,lstm,896,42,smoothed_frames,attack,28,681.0,868.5714285714286,0.3706909929613501,0.31261427395687125,0.3149807383639582,0.33081838151867576,0.27002221997742215,0.17019123336039543,19068,24320
animal_visual_only,lstm,896,42,smoothed_frames,investigation,28,2739.964285714286,3368.5714285714284,0.5589007261736235,0.694054396305231,0.6134654840322993,0.5786581547438433,0.4813662484951407,0.2740012333611784,76719,94320
animal_visual_only,lstm,896,42,smoothed_frames,mount,28,1259.9642857142858,1493.7142857142858,0.40420279297379164,0.5356698384361378,0.4370687792926625,0.4338006092435025,0.4255239652525728,0.3745708006741636,35279,41824
animal_visual_only,lstm,896,42,smoothed_frames,other,28,7760.785714285715,6710.857142857143,0.9552145577652114,0.8306735850788047,0.8865636622981041,0.0,0.0,0.0,217302,187904
animal_visual_only,lstm,896,43,raw_windows,attack,28,681.0,561.7142857142857,0.38057594884368023,0.20589883033419465,0.24694452366337866,0.29150510320782397,0.21096406522763728,0.12191354480445853,19068,15728
animal_visual_only,lstm,896,43,raw_windows,investigation,28,2739.964285714286,4476.0,0.49372322795634577,0.8220203884126785,0.6065519039036883,0.5945204982940427,0.46994161360757253,0.2715480534634469,76719,125328
animal_visual_only,lstm,896,43,raw_windows,mount,28,1259.9642857142858,1237.142857142857,0.43547964907252956,0.43668345908723005,0.4142926860567642,0.43091980324540646,0.40419353279992426,0.3341741387657518,35279,34640
animal_visual_only,lstm,896,43,raw_windows,other,28,7760.785714285715,6166.857142857143,0.9688875196677437,0.7792534298316128,0.8605226495170893,0.0,0.0,0.0,217302,172672
animal_visual_only,lstm,896,43,smoothed_frames,attack,28,681.0,564.0,0.379994655779066,0.2059300764284329,0.24682927911332792,0.29119605334557175,0.21041016864374426,0.12157498649144838,19068,15792
animal_visual_only,lstm,896,43,smoothed_frames,investigation,28,2739.964285714286,4476.0,0.49372322795634577,0.8220203884126785,0.6065519039036883,0.5945204982940427,0.46994161360757253,0.2715480534634469,76719,125328
animal_visual_only,lstm,896,43,smoothed_frames,mount,28,1259.9642857142858,1237.142857142857,0.43547964907252956,0.43668345908723005,0.4142926860567642,0.43091980324540646,0.40419353279992426,0.3341741387657518,35279,34640
animal_visual_only,lstm,896,43,smoothed_frames,other,28,7760.785714285715,6164.571428571428,0.9691685610055056,0.7791380866366904,0.8605503216075966,0.0,0.0,0.0,217302,172608
animal_visual_only,lstm,896,44,raw_windows,attack,28,681.0,917.1428571428571,0.36227285335801707,0.3471471097652425,0.33270195872653385,0.32524974680630925,0.29052487824322576,0.1778402656274606,19068,25680
animal_visual_only,lstm,896,44,raw_windows,investigation,28,2739.964285714286,3882.8571428571427,0.5176392049700838,0.7589665327747196,0.6074840655041899,0.5888662241238816,0.4881562600033585,0.2767428265707057,76719,108720
animal_visual_only,lstm,896,44,raw_windows,mount,28,1259.9642857142858,1476.0,0.4099215806649587,0.47883874776459756,0.4238310998491835,0.41679291823128256,0.38416195735242065,0.3455789059613346,35279,41328
animal_visual_only,lstm,896,44,raw_windows,other,28,7760.785714285715,6165.714285714285,0.9767042190850506,0.7767101875721787,0.8625178215141316,0.0,0.0,0.0,217302,172640
animal_visual_only,lstm,896,44,smoothed_frames,attack,28,681.0,919.4285714285714,0.36195645925842745,0.3471783558594807,0.3325845188197305,0.32500215531854476,0.2900736071005183,0.1776002349083796,19068,25744
animal_visual_only,lstm,896,44,smoothed_frames,investigation,28,2739.964285714286,3882.8571428571427,0.5176392049700838,0.7589665327747196,0.6074840655041899,0.5888662241238816,0.4881562600033585,0.2767428265707057,76719,108720
animal_visual_only,lstm,896,44,smoothed_frames,mount,28,1259.9642857142858,1476.0,0.4099215806649587,0.47883874776459756,0.4238310998491835,0.41679291823128256,0.38416195735242065,0.3455789059613346,35279,41328
animal_visual_only,lstm,896,44,smoothed_frames,other,28,7760.785714285715,6163.428571428572,0.9769841351296984,0.7765948443772562,0.8625439503103711,0.0,0.0,0.0,217302,172576
full,attention,256,42,raw_windows,attack,28,681.0,877.1428571428571,0.38487747097690367,0.4291491045119721,0.39899597937748205,0.40216417236689345,0.3810241848450478,0.28293456234662834,19068,24560
full,attention,256,42,raw_windows,investigation,28,2739.964285714286,3030.8571428571427,0.6741770319657976,0.776076692088232,0.7120332453746211,0.6382883956735521,0.5787787630835937,0.42324315083635333,76719,84864
full,attention,256,42,raw_windows,mount,28,1259.9642857142858,1334.857142857143,0.5019318726752784,0.5227411931047089,0.49541856057606776,0.5201578254292583,0.5066490877392998,0.449657510728469,35279,37376
full,attention,256,42,raw_windows,other,28,7760.785714285715,7198.857142857143,0.9689337896470341,0.8840108588093974,0.9231544478160292,0.0,0.0,0.0,217302,201568
full,attention,256,42,smoothed_frames,attack,28,681.0,879.4285714285714,0.38455858671430826,0.4291803506062103,0.3988534239437818,0.40159696927079214,0.3801827090718547,0.28231541176161906,19068,24624
full,attention,256,42,smoothed_frames,investigation,28,2739.964285714286,3030.8571428571427,0.6741770319657976,0.776076692088232,0.7120332453746211,0.6382883956735521,0.5787787630835937,0.42324315083635333,76719,84864
full,attention,256,42,smoothed_frames,mount,28,1259.9642857142858,1334.857142857143,0.5019318726752784,0.5227411931047089,0.49541856057606776,0.5201578254292583,0.5066490877392998,0.449657510728469,35279,37376
full,attention,256,42,smoothed_frames,other,28,7760.785714285715,7196.571428571428,0.9691555563581399,0.8838955156144749,0.923188735258065,0.0,0.0,0.0,217302,201504
full,attention,256,43,raw_windows,attack,28,681.0,807.4285714285714,0.3965877186560149,0.4142292982727485,0.3989972311455792,0.39440742800741263,0.38552187378572395,0.2893044594829107,19068,22608
full,attention,256,43,raw_windows,investigation,28,2739.964285714286,2990.8571428571427,0.6951750131666073,0.7744930081265883,0.7210572849114808,0.6231740188999348,0.5702068478979144,0.42730075017107233,76719,83744
full,attention,256,43,raw_windows,mount,28,1259.9642857142858,1214.2857142857142,0.4898087298662589,0.47273680291325115,0.46696346242740855,0.4721942023568941,0.45526298542567717,0.397594056202195,35279,34000
full,attention,256,43,raw_windows,other,28,7760.785714285715,7429.142857142857,0.9586404636311983,0.904545868054686,0.9296694794818222,0.0,0.0,0.0,217302,208016
full,attention,256,43,smoothed_frames,attack,28,681.0,809.7142857142857,0.3962256763720603,0.4142605443669867,0.3988529630844574,0.3939457799335489,0.3847872710015209,0.28884443807597393,19068,22672
full,attention,256,43,smoothed_frames,investigation,28,2739.964285714286,2990.8571428571427,0.6951750131666073,0.7744930081265883,0.7210572849114808,0.6231740188999348,0.5702068478979144,0.42730075017107233,76719,83744
full,attention,256,43,smoothed_frames,mount,28,1259.9642857142858,1214.2857142857142,0.4898087298662589,0.47273680291325115,0.46696346242740855,0.4721942023568941,0.45526298542567717,0.397594056202195,35279,34000
full,attention,256,43,smoothed_frames,other,28,7760.785714285715,7426.857142857143,0.958852422056647,0.9044305248597635,0.929704622059073,0.0,0.0,0.0,217302,207952
full,attention,256,44,raw_windows,attack,28,681.0,856.0,0.3832874762731417,0.41341197451463146,0.3900376339223131,0.390393663260221,0.37239228118847345,0.2829858663008853,19068,23968
full,attention,256,44,raw_windows,investigation,28,2739.964285714286,3293.1428571428573,0.6328084745097122,0.8026217746304051,0.7004572813821707,0.6321789025301866,0.5670540961592097,0.38150516690035197,76719,92208
full,attention,256,44,raw_windows,mount,28,1259.9642857142858,1329.142857142857,0.5019241767945346,0.5152889610868551,0.49113637384550574,0.5119503959941748,0.5037871306880524,0.4535129936627632,35279,37216
full,attention,256,44,raw_windows,other,28,7760.785714285715,6963.428571428572,0.9750156394625972,0.8604743051716318,0.9124119376274812,0.0,0.0,0.0,217302,194976
full,attention,256,44,smoothed_frames,attack,28,681.0,858.2857142857143,0.38294882563215765,0.4134432206088697,0.38989762327839494,0.38994385129760534,0.37167194034537293,0.2825380230090934,19068,24032
full,attention,256,44,smoothed_frames,investigation,28,2739.964285714286,3293.1428571428573,0.6328084745097122,0.8026217746304051,0.7004572813821707,0.6321789025301866,0.5670540961592097,0.38150516690035197,76719,92208
full,attention,256,44,smoothed_frames,mount,28,1259.9642857142858,1329.142857142857,0.5019241767945346,0.5152889610868551,0.49113637384550574,0.5119503959941748,0.5037871306880524,0.4535129936627632,35279,37216
full,attention,256,44,smoothed_frames,other,28,7760.785714285715,6961.142857142857,0.9752502334813313,0.8603589619767094,0.9124443049355925,0.0,0.0,0.0,217302,194912
full,attention,512,42,raw_windows,attack,28,681.0,1075.4285714285713,0.3506170192201978,0.46279581865492325,0.3944221559002482,0.3764240888881815,0.35999345828628165,0.2522360955755346,19068,30112
full,attention,512,42,raw_windows,investigation,28,2739.964285714286,2966.8571428571427,0.6644052466139995,0.7355641186856406,0.6836297366749943,0.6196527473388481,0.5497464297706339,0.3855046779602845,76719,83072
full,attention,512,42,raw_windows,mount,28,1259.9642857142858,1256.5714285714287,0.48109090301877006,0.4826853630656313,0.4683472134460095,0.4823336956043557,0.46444654074241093,0.4075651979549666,35279,35184
full,attention,512,42,raw_windows,other,28,7760.785714285715,7142.857142857143,0.9704295219662796,0.8797276711733583,0.9214526490572235,0.0,0.0,0.0,217302,200000
full,attention,512,42,smoothed_frames,attack,28,681.0,1077.7142857142858,0.35035511833184685,0.46282706474916147,0.3942867267199546,0.3756437767633316,0.35921314616143174,0.25163585547949624,19068,30176
full,attention,512,42,smoothed_frames,investigation,28,2739.964285714286,2966.8571428571427,0.6644052466139995,0.7355641186856406,0.6836297366749943,0.6196527473388481,0.5497464297706339,0.3855046779602845,76719,83072
full,attention,512,42,smoothed_frames,mount,28,1259.9642857142858,1256.5714285714287,0.48109090301877006,0.4826853630656313,0.4683472134460095,0.4823336956043557,0.46444654074241093,0.4075651979549666,35279,35184
full,attention,512,42,smoothed_frames,other,28,7760.785714285715,7140.571428571428,0.9706538484813835,0.8796123279784357,0.9214868436552069,0.0,0.0,0.0,217302,199936
full,attention,512,43,raw_windows,attack,28,681.0,916.5714285714286,0.38295508684439117,0.43496324617037496,0.4018084517587663,0.40085793505360073,0.38624690715620325,0.2868174567708804,19068,25664
full,attention,512,43,raw_windows,investigation,28,2739.964285714286,3273.714285714286,0.6429064387219755,0.8051213567442249,0.705098695696087,0.6390139472495607,0.5776644007177424,0.40337518149008605,76719,91664
full,attention,512,43,raw_windows,mount,28,1259.9642857142858,1229.7142857142858,0.4850556448907713,0.46969571943774097,0.46135948553996053,0.4682671893680675,0.44778053316712557,0.3968133154297215,35279,34432
full,attention,512,43,raw_windows,other,28,7760.785714285715,7021.714285714285,0.9732801649491561,0.868086019026052,0.9161202072859674,0.0,0.0,0.0,217302,196608
full,attention,512,43,smoothed_frames,attack,28,681.0,918.8571428571429,0.3826540994395275,0.4349944922646132,0.4016683963950287,0.4003195411353953,0.3853780228328806,0.2862375339442962,19068,25728
full,attention,512,43,smoothed_frames,investigation,28,2739.964285714286,3273.714285714286,0.6429064387219755,0.8051213567442249,0.705098695696087,0.6390139472495607,0.5776644007177424,0.40337518149008605,76719,91664
full,attention,512,43,smoothed_frames,mount,28,1259.9642857142858,1229.7142857142858,0.4850556448907713,0.46969571943774097,0.46135948553996053,0.4682671893680675,0.44778053316712557,0.3968133154297215,35279,34432
full,attention,512,43,smoothed_frames,other,28,7760.785714285715,7019.428571428572,0.9735141369244287,0.8679706758311295,0.9161546022319829,0.0,0.0,0.0,217302,196544
full,attention,512,44,raw_windows,attack,28,681.0,982.2857142857143,0.3678136320450056,0.44555415882464317,0.3970858380817364,0.39525125792980603,0.3771662395857204,0.2833709581064282,19068,27504
full,attention,512,44,raw_windows,investigation,28,2739.964285714286,3158.8571428571427,0.6467884322975347,0.7788921404136138,0.6959115613787317,0.6293921853082158,0.5670080645551624,0.38634078268005007,76719,88448
full,attention,512,44,raw_windows,mount,28,1259.9642857142858,1296.0,0.47360529549080993,0.49056395046880663,0.4679615565557616,0.4808397074244718,0.46958520562375144,0.42025789894350357,35279,36288
full,attention,512,44,raw_windows,other,28,7760.785714285715,7004.571428571428,0.9744032889708544,0.8654433436099548,0.9150967759084969,0.0,0.0,0.0,217302,196128
full,attention,512,44,smoothed_frames,attack,28,681.0,984.5714285714286,0.3675409067062404,0.44558540491888143,0.39695002002616475,0.3946891616129423,0.37631247235996446,0.2826740415129249,19068,27568
full,attention,512,44,smoothed_frames,investigation,28,2739.964285714286,3158.8571428571427,0.6467884322975347,0.7788921404136138,0.6959115613787317,0.6293921853082158,0.5670080645551624,0.38634078268005007,76719,88448
full,attention,512,44,smoothed_frames,mount,28,1259.9642857142858,1296.0,0.47360529549080993,0.49056395046880663,0.4679615565557616,0.4808397074244718,0.46958520562375144,0.42025789894350357,35279,36288
full,attention,512,44,smoothed_frames,other,28,7760.785714285715,7002.285714285715,0.9746374547125864,0.8653280004150323,0.9151292659319746,0.0,0.0,0.0,217302,196064
full,attention,896,42,raw_windows,attack,28,681.0,958.2857142857143,0.36127225875469327,0.44936192262427516,0.3958419123825761,0.38572118298219266,0.3697389087023888,0.2707606756532643,19068,26832
full,attention,896,42,raw_windows,investigation,28,2739.964285714286,2829.1428571428573,0.6866181083736873,0.7226960528637986,0.692592446652552,0.626555554168151,0.5590941846295163,0.3989863504220392,76719,79216
full,attention,896,42,raw_windows,mount,28,1259.9642857142858,1427.4285714285713,0.44988847580585,0.5700079882423023,0.48849096908526807,0.512593260033804,0.5042792056671181,0.4489398183250978,35279,39968
full,attention,896,42,raw_windows,other,28,7760.785714285715,7226.857142857143,0.9678868990686917,0.886813554446486,0.924276800723027,0.0,0.0,0.0,217302,202352
full,attention,896,42,smoothed_frames,attack,28,681.0,960.5714285714286,0.3609889185832907,0.44939316871851337,0.39570346260251565,0.38519217910692644,0.3688639724004899,0.2701248223931126,19068,26896
full,attention,896,42,smoothed_frames,investigation,28,2739.964285714286,2829.1428571428573,0.6866181083736873,0.7226960528637986,0.692592446652552,0.626555554168151,0.5590941846295163,0.3989863504220392,76719,79216
full,attention,896,42,smoothed_frames,mount,28,1259.9642857142858,1427.4285714285713,0.44988847580585,0.5700079882423023,0.48849096908526807,0.512593260033804,0.5042792056671181,0.4489398183250978,35279,39968
full,attention,896,42,smoothed_frames,other,28,7760.785714285715,7224.571428571428,0.9681051090032564,0.8866982112515636,0.9243112522724601,0.0,0.0,0.0,217302,202288
full,attention,896,43,raw_windows,attack,28,681.0,886.8571428571429,0.3877655068801049,0.4319887826107222,0.4032412340167707,0.4046192404023542,0.39276515133463613,0.3017257096844646,19068,24832
full,attention,896,43,raw_windows,investigation,28,2739.964285714286,3446.8571428571427,0.6290776903913446,0.8286416248675154,0.7064942833803044,0.6476305126737022,0.574537490495942,0.39767160427878023,76719,96512
full,attention,896,43,raw_windows,mount,28,1259.9642857142858,1205.142857142857,0.48920720269173656,0.4711042665715021,0.46673573634398885,0.4658566564916961,0.447741438376478,0.385192254141708,35279,33744
full,attention,896,43,raw_windows,other,28,7760.785714285715,6902.857142857143,0.9776781593890694,0.8580002994450568,0.9122728748262624,0.0,0.0,0.0,217302,193280
full,attention,896,43,smoothed_frames,attack,28,681.0,889.1428571428571,0.38746363274789203,0.4320200287049604,0.4030999124120118,0.4040581545620805,0.3918652897748761,0.30115690655946137,19068,24896
full,attention,896,43,smoothed_frames,investigation,28,2739.964285714286,3446.8571428571427,0.6290776903913446,0.8286416248675154,0.7064942833803044,0.6476305126737022,0.574537490495942,0.39767160427878023,76719,96512
full,attention,896,43,smoothed_frames,mount,28,1259.9642857142858,1205.142857142857,0.48920720269173656,0.4711042665715021,0.46673573634398885,0.4658566564916961,0.447741438376478,0.385192254141708,35279,33744
full,attention,896,43,smoothed_frames,other,28,7760.785714285715,6900.571428571428,0.9779146914019874,0.8578849562501344,0.9123068732632785,0.0,0.0,0.0,217302,193216
full,attention,896,44,raw_windows,attack,28,681.0,955.4285714285714,0.3729402330098009,0.4451577057354143,0.40072992963823023,0.39938699230524743,0.3818962144449108,0.2791288327344255,19068,26752
full,attention,896,44,raw_windows,investigation,28,2739.964285714286,3373.714285714286,0.6237497388188663,0.8119511482017551,0.6945463232347168,0.6380009657346276,0.5713593771964954,0.38790163038933834,76719,94464
full,attention,896,44,raw_windows,mount,28,1259.9642857142858,1220.5714285714287,0.4890347858304244,0.47315459195924625,0.46796213980809137,0.4665578907436602,0.4511899253756949,0.39267340871791395,35279,34176
full,attention,896,44,raw_windows,other,28,7760.785714285715,6892.0,0.9784635633754358,0.852948514262705,0.9095679293440657,0.0,0.0,0.0,217302,192976
full,attention,896,44,smoothed_frames,attack,28,681.0,957.7142857142857,0.37265676851416274,0.4451889518296525,0.4005922665327684,0.3986362415544967,0.38114546369416,0.27859258219817495,19068,26816
full,attention,896,44,smoothed_frames,investigation,28,2739.964285714286,3373.714285714286,0.6237497388188663,0.8119511482017551,0.6945463232347168,0.6380009657346276,0.5713593771964954,0.38790163038933834,76719,94464
full,attention,896,44,smoothed_frames,mount,28,1259.9642857142858,1220.5714285714287,0.4890347858304244,0.47315459195924625,0.46796213980809137,0.4665578907436602,0.4511899253756949,0.39267340871791395,35279,34176
full,attention,896,44,smoothed_frames,other,28,7760.785714285715,6889.714285714285,0.9787005702170228,0.8528331710677826,0.9096009517935417,0.0,0.0,0.0,217302,192912
full,lstm,256,42,raw_windows,attack,28,681.0,832.0,0.3939069105950738,0.40498440322327955,0.3928656798437969,0.39034994481020796,0.3737174794235723,0.28333572076956615,19068,23296
full,lstm,256,42,raw_windows,investigation,28,2739.964285714286,2969.714285714286,0.6810364725205983,0.7527739691360981,0.7043368925717085,0.6116427133342349,0.559971752122549,0.4147984311409848,76719,83152
full,lstm,256,42,raw_windows,mount,28,1259.9642857142858,1325.142857142857,0.4994985233998232,0.5473493688781709,0.49757323781631735,0.5031782657396705,0.4911991829188027,0.4578994173892487,35279,37104
full,lstm,256,42,raw_windows,other,28,7760.785714285715,7314.857142857143,0.9630354590505913,0.8896345016238455,0.9231313237888544,0.0,0.0,0.0,217302,204816
full,lstm,256,42,smoothed_frames,attack,28,681.0,834.2857142857143,0.3935511301127898,0.40501564931751777,0.39272399247768813,0.38986341304904887,0.37299462338621797,0.2828648488119798,19068,23360
full,lstm,256,42,smoothed_frames,investigation,28,2739.964285714286,2969.714285714286,0.6810364725205983,0.7527739691360981,0.7043368925717085,0.6116427133342349,0.559971752122549,0.4147984311409848,76719,83152
full,lstm,256,42,smoothed_frames,mount,28,1259.9642857142858,1325.142857142857,0.4994985233998232,0.5473493688781709,0.49757323781631735,0.5031782657396705,0.4911991829188027,0.4578994173892487,35279,37104
full,lstm,256,42,smoothed_frames,other,28,7760.785714285715,7312.571428571428,0.963253431842857,0.889519158428923,0.9231649222640254,0.0,0.0,0.0,217302,204752
full,lstm,256,43,raw_windows,attack,28,681.0,705.1428571428571,0.41464959028684506,0.3730944715876497,0.3820538698931106,0.399171224126857,0.38884294287190974,0.293773463495412,19068,19744
full,lstm,256,43,raw_windows,investigation,28,2739.964285714286,2997.714285714286,0.6824495557739125,0.7672725448076719,0.7148408679533679,0.6239223137730716,0.5661406213571787,0.4145421429894535,76719,83936
full,lstm,256,43,raw_windows,mount,28,1259.9642857142858,1268.5714285714287,0.48191466498524554,0.5026351777900572,0.46777623007420516,0.4851414477910065,0.4738078739574326,0.4262189747613906,35279,35520
full,lstm,256,43,raw_windows,other,28,7760.785714285715,7470.285714285715,0.9550366986619686,0.9055684851733143,0.9285032106089973,0.0,0.0,0.0,217302,209168
full,lstm,256,43,smoothed_frames,attack,28,681.0,707.4285714285714,0.41423170022997435,0.3731257176818879,0.3819103558382527,0.39865504064196877,0.38805055695202456,0.29325095564169573,19068,19808
full,lstm,256,43,smoothed_frames,investigation,28,2739.964285714286,2997.714285714286,0.6824495557739125,0.7672725448076719,0.7148408679533679,0.6239223137730716,0.5661406213571787,0.4145421429894535,76719,83936
full,lstm,256,43,smoothed_frames,mount,28,1259.9642857142858,1268.5714285714287,0.48191466498524554,0.5026351777900572,0.46777623007420516,0.4851414477910065,0.4738078739574326,0.4262189747613906,35279,35520
full,lstm,256,43,smoothed_frames,other,28,7760.785714285715,7468.0,0.9552478466710588,0.9054531419783919,0.9285381038512658,0.0,0.0,0.0,217302,209104
full,lstm,256,44,raw_windows,attack,28,681.0,762.8571428571429,0.39694341992098636,0.3791348761206419,0.38057930896495035,0.3841387250922617,0.3620749502279309,0.26573960892046283,19068,21360
full,lstm,256,44,raw_windows,investigation,28,2739.964285714286,3178.8571428571427,0.6543431946341621,0.7896089729377994,0.7089015495191281,0.634860222546277,0.5711113089018205,0.4171800752040657,76719,89008
full,lstm,256,44,raw_windows,mount,28,1259.9642857142858,1296.5714285714287,0.5111826747898253,0.5345496938983393,0.4957012529047957,0.5186689098955783,0.49105033282047955,0.4540446056533411,35279,36304
full,lstm,256,44,raw_windows,other,28,7760.785714285715,7203.428571428572,0.9663129028927574,0.8821597030908592,0.9208091234227833,0.0,0.0,0.0,217302,201696
full,lstm,256,44,smoothed_frames,attack,28,681.0,765.1428571428571,0.3965256525037243,0.3791661222148801,0.38043712196776835,0.3834017636410145,0.36145136746149104,0.26528609418123383,19068,21424
full,lstm,256,44,smoothed_frames,investigation,28,2739.964285714286,3178.8571428571427,0.6543431946341621,0.7896089729377994,0.7089015495191281,0.634860222546277,0.5711113089018205,0.4171800752040657,76719,89008
full,lstm,256,44,smoothed_frames,mount,28,1259.9642857142858,1296.5714285714287,0.5111826747898253,0.5345496938983393,0.4957012529047957,0.5186689098955783,0.49105033282047955,0.4540446056533411,35279,36304
full,lstm,256,44,smoothed_frames,other,28,7760.785714285715,7201.142857142857,0.9665349234482423,0.8820443598959368,0.9208430223525921,0.0,0.0,0.0,217302,201632
full,lstm,512,42,raw_windows,attack,28,681.0,863.4285714285714,0.38758896751075994,0.4189913465891772,0.3960154152057253,0.4024738834173802,0.38994938334939455,0.2920694222526228,19068,24176
full,lstm,512,42,raw_windows,investigation,28,2739.964285714286,3280.0,0.6356232793649375,0.7954007640542443,0.6970023698773405,0.6368244447149845,0.5608329716185978,0.37415866031261674,76719,91840
full,lstm,512,42,raw_windows,mount,28,1259.9642857142858,1219.4285714285713,0.47951295001645855,0.45656520436283154,0.451897267055,0.4657914897183459,0.45147790475258703,0.37453943332807166,35279,34144
full,lstm,512,42,raw_windows,other,28,7760.785714285715,7078.857142857143,0.9706733316058856,0.8686876354535124,0.9153649609581642,0.0,0.0,0.0,217302,198208
full,lstm,512,42,smoothed_frames,attack,28,681.0,865.7142857142857,0.38724157213871874,0.4190225926834155,0.3958742838032725,0.4017767577202545,0.3893058827058939,0.2916940468772474,19068,24240
full,lstm,512,42,smoothed_frames,investigation,28,2739.964285714286,3280.0,0.6356232793649375,0.7954007640542443,0.6970023698773405,0.6368244447149845,0.5608329716185978,0.37415866031261674,76719,91840
full,lstm,512,42,smoothed_frames,mount,28,1259.9642857142858,1219.4285714285713,0.47951295001645855,0.45656520436283154,0.451897267055,0.4657914897183459,0.45147790475258703,0.37453943332807166,35279,34144
full,lstm,512,42,smoothed_frames,other,28,7760.785714285715,7076.571428571428,0.9708995055753303,0.8685722922585899,0.9153985046574693,0.0,0.0,0.0,217302,198144
full,lstm,512,43,raw_windows,attack,28,681.0,693.7142857142857,0.41685411280035023,0.37132681306010895,0.38094612766688624,0.39672289481776435,0.38604024568973705,0.300817378356078,19068,19424
full,lstm,512,43,raw_windows,investigation,28,2739.964285714286,2938.285714285714,0.6883047800110464,0.7494886964199579,0.7092375466524719,0.6045055865878773,0.5516062911732293,0.39801608234464414,76719,82272
full,lstm,512,43,raw_windows,mount,28,1259.9642857142858,1215.4285714285713,0.4718705227075918,0.45532395399524994,0.4434705166263679,0.4451294019044238,0.4300414725923566,0.36686020929259217,35279,34032
full,lstm,512,43,raw_windows,other,28,7760.785714285715,7594.285714285715,0.9486175422897105,0.9172790982828811,0.9317122539106844,0.0,0.0,0.0,217302,212640
full,lstm,512,43,smoothed_frames,attack,28,681.0,696.0,0.41640846939034526,0.37135805915434716,0.38080024458337647,0.39616462272844083,0.38520893755672775,0.3002688662683161,19068,19488
full,lstm,512,43,smoothed_frames,investigation,28,2739.964285714286,2938.285714285714,0.6883047800110464,0.7494886964199579,0.7092375466524719,0.6045055865878773,0.5516062911732293,0.39801608234464414,76719,82272
full,lstm,512,43,smoothed_frames,mount,28,1259.9642857142858,1215.4285714285713,0.4718705227075918,0.45532395399524994,0.4434705166263679,0.4451294019044238,0.4300414725923566,0.36686020929259217,35279,34032
full,lstm,512,43,smoothed_frames,other,28,7760.785714285715,7592.0,0.9488172668117478,0.9171637550879588,0.9317468049322233,0.0,0.0,0.0,217302,212576
full,lstm,512,44,raw_windows,attack,28,681.0,808.5714285714286,0.3944112299948201,0.41004292700067396,0.3959899458765288,0.4068089977292331,0.3892472820848107,0.2935085733524766,19068,22640
full,lstm,512,44,raw_windows,investigation,28,2739.964285714286,3517.714285714286,0.6096299181836562,0.8304138199192658,0.6953309821239481,0.6470623786514063,0.5671258275836353,0.3713888146676535,76719,98496
full,lstm,512,44,raw_windows,mount,28,1259.9642857142858,1220.0,0.47920455579296145,0.46188265109408616,0.45596480682219065,0.47163680899505706,0.4534746740144446,0.3768029542717873,35279,34160
full,lstm,512,44,raw_windows,other,28,7760.785714285715,6895.428571428572,0.9768442764140334,0.8513121656145003,0.9078631135397772,0.0,0.0,0.0,217302,193072
full,lstm,512,44,smoothed_frames,attack,28,681.0,810.8571428571429,0.3940293189492698,0.4100741730949122,0.39584884491351946,0.40605824697848236,0.38860378144131,0.2930795729234762,19068,22704
full,lstm,512,44,smoothed_frames,investigation,28,2739.964285714286,3517.714285714286,0.6096299181836562,0.8304138199192658,0.6953309821239481,0.6470623786514063,0.5671258275836353,0.3713888146676535,76719,98496
full,lstm,512,44,smoothed_frames,mount,28,1259.9642857142858,1220.0,0.47920455579296145,0.46188265109408616,0.45596480682219065,0.47163680899505706,0.4534746740144446,0.3768029542717873,35279,34160
full,lstm,512,44,smoothed_frames,other,28,7760.785714285715,6893.142857142857,0.9770768964227757,0.851196822419578,0.907896296851184,0.0,0.0,0.0,217302,193008
full,lstm,896,42,raw_windows,attack,28,681.0,904.0,0.3812551547160195,0.4360557478663337,0.401185211196966,0.4026234207571435,0.3894337709589925,0.29507731929345293,19068,25312
full,lstm,896,42,raw_windows,investigation,28,2739.964285714286,3158.285714285714,0.6560840334194022,0.766327348079544,0.694227237031047,0.6251315618848582,0.5588414604948335,0.3871376923617883,76719,88432
full,lstm,896,42,raw_windows,mount,28,1259.9642857142858,1154.2857142857142,0.4721213500750358,0.44643422820797773,0.44573986639167795,0.44721372219045347,0.4240962529805473,0.3453354535653911,35279,32320
full,lstm,896,42,raw_windows,other,28,7760.785714285715,7225.142857142857,0.9665141670063645,0.8853247238842243,0.9227822981226314,0.0,0.0,0.0,217302,202304
full,lstm,896,42,smoothed_frames,attack,28,681.0,906.2857142857143,0.38095221092301224,0.43608699396057193,0.401045977851424,0.4019031326418974,0.3887134828437464,0.294657151226226,19068,25376
full,lstm,896,42,smoothed_frames,investigation,28,2739.964285714286,3158.285714285714,0.6560840334194022,0.766327348079544,0.694227237031047,0.6251315618848582,0.5588414604948335,0.3871376923617883,76719,88432
full,lstm,896,42,smoothed_frames,mount,28,1259.9642857142858,1154.2857142857142,0.4721213500750358,0.44643422820797773,0.44573986639167795,0.44721372219045347,0.4240962529805473,0.3453354535653911,35279,32320
full,lstm,896,42,smoothed_frames,other,28,7760.785714285715,7222.857142857143,0.9667325987692884,0.8852093806893019,0.9228165304376245,0.0,0.0,0.0,217302,202240
full,lstm,896,43,raw_windows,attack,28,681.0,814.8571428571429,0.39846444189810626,0.3912448432682897,0.3824997180241066,0.3951488875924966,0.3842097341533432,0.2753378458077706,19068,22816
full,lstm,896,43,raw_windows,investigation,28,2739.964285714286,3292.0,0.6445540007883588,0.8063610889137796,0.706150494396147,0.6314337741658942,0.5674530559296425,0.39013342400279477,76719,92176
full,lstm,896,43,raw_windows,mount,28,1259.9642857142858,1138.857142857143,0.48919197355824806,0.4371486877000791,0.4468057148166752,0.43173039003784347,0.4165943356160748,0.3420413092773341,35279,31888
full,lstm,896,43,raw_windows,other,28,7760.785714285715,7196.0,0.965893867186444,0.8841708645127645,0.9219089420003838,0.0,0.0,0.0,217302,201488
full,lstm,896,43,smoothed_frames,attack,28,681.0,817.1428571428571,0.39809426747655413,0.3912760893625279,0.3823589544358133,0.39439813684174585,0.3835126084562175,0.2749088453787702,19068,22880
full,lstm,896,43,smoothed_frames,investigation,28,2739.964285714286,3292.0,0.6445540007883588,0.8063610889137796,0.706150494396147,0.6314337741658942,0.5674530559296425,0.39013342400279477,76719,92176
full,lstm,896,43,smoothed_frames,mount,28,1259.9642857142858,1138.857142857143,0.48919197355824806,0.4371486877000791,0.4468057148166752,0.43173039003784347,0.4165943356160748,0.3420413092773341,35279,31888
full,lstm,896,43,smoothed_frames,other,28,7760.785714285715,7193.714285714285,0.9661184610546342,0.884055521317842,0.9219441999381635,0.0,0.0,0.0,217302,201424
full,lstm,896,44,raw_windows,attack,28,681.0,838.2857142857143,0.38945431507945855,0.4174531173225654,0.3973787929010696,0.40492415566706347,0.3897147704559357,0.30559166590402614,19068,23472
full,lstm,896,44,raw_windows,investigation,28,2739.964285714286,3566.285714285714,0.6078839238105916,0.8261398868283114,0.6915634382520349,0.6404359129266531,0.5523699867488546,0.3599401652709882,76719,99856
full,lstm,896,44,raw_windows,mount,28,1259.9642857142858,1092.0,0.4904651830755746,0.41801013434062756,0.43394614227819306,0.4311401715269486,0.4019897520539485,0.32586691458149053,35279,30576
full,lstm,896,44,raw_windows,other,28,7760.785714285715,6945.142857142857,0.9755941124149491,0.8556169823473466,0.9097441280270161,0.0,0.0,0.0,217302,194464
full,lstm,896,44,smoothed_frames,attack,28,681.0,840.5714285714286,0.38909036199908986,0.41748436341680367,0.3972376987804903,0.4042129181137207,0.38910513826735615,0.30513444176259147,19068,23536
full,lstm,896,44,smoothed_frames,investigation,28,2739.964285714286,3566.285714285714,0.6078839238105916,0.8261398868283114,0.6915634382520349,0.6404359129266531,0.5523699867488546,0.3599401652709882,76719,99856
full,lstm,896,44,smoothed_frames,mount,28,1259.9642857142858,1092.0,0.4904651830755746,0.41801013434062756,0.43394614227819306,0.4311401715269486,0.4019897520539485,0.32586691458149053,35279,30576
full,lstm,896,44,smoothed_frames,other,28,7760.785714285715,6942.857142857143,0.9758247319607977,0.855501639152424,0.9097770739283775,0.0,0.0,0.0,217302,194400
no_group_visual,attention,256,42,raw_windows,attack,28,681.0,1018.8571428571429,0.3520573241920464,0.45409784596297553,0.3924286115556475,0.378753674148411,0.36083011148800626,0.2532534900016103,19068,28528
no_group_visual,attention,256,42,raw_windows,investigation,28,2739.964285714286,3118.8571428571427,0.6443090390724614,0.7615251995143808,0.688267404869617,0.6232087198398844,0.555262541504524,0.39106328905155324,76719,87328
no_group_visual,attention,256,42,raw_windows,mount,28,1259.9642857142858,1288.0,0.47453680608109955,0.48926356461501885,0.4684648389834383,0.47826086664027595,0.4643440323009064,0.4103140572323309,35279,36064
no_group_visual,attention,256,42,raw_windows,other,28,7760.785714285715,7016.0,0.9744160227152715,0.8676917557428828,0.9164102246469064,0.0,0.0,0.0,217302,196448
no_group_visual,attention,256,42,smoothed_frames,attack,28,681.0,1021.1428571428571,0.3517867171418838,0.45412909205721375,0.39229117352338755,0.3780167126971638,0.36009315003675907,0.25268659657757403,19068,28592
no_group_visual,attention,256,42,smoothed_frames,investigation,28,2739.964285714286,3118.8571428571427,0.6443090390724614,0.7615251995143808,0.688267404869617,0.6232087198398844,0.555262541504524,0.39106328905155324,76719,87328
no_group_visual,attention,256,42,smoothed_frames,mount,28,1259.9642857142858,1288.0,0.47453680608109955,0.48926356461501885,0.4684648389834383,0.47826086664027595,0.4643440323009064,0.4103140572323309,35279,36064
no_group_visual,attention,256,42,smoothed_frames,other,28,7760.785714285715,7013.714285714285,0.9746418615450025,0.8675764125479605,0.9164445275216495,0.0,0.0,0.0,217302,196384
no_group_visual,attention,256,43,raw_windows,attack,28,681.0,914.2857142857143,0.3742172500804264,0.44078449792580116,0.4000445502060976,0.3998128062506348,0.38357056513030185,0.28287470307038487,19068,25600
no_group_visual,attention,256,43,raw_windows,investigation,28,2739.964285714286,2985.714285714286,0.6778829584731546,0.7605404426002957,0.7062431548784486,0.6221212496807625,0.5729750721517831,0.41483208023421186,76719,83600
no_group_visual,attention,256,43,raw_windows,mount,28,1259.9642857142858,1236.0,0.48804768457900216,0.47813731362458034,0.47076896764292603,0.47367200922284286,0.45835109824975795,0.40832114775396894,35279,34608
no_group_visual,attention,256,43,raw_windows,other,28,7760.785714285715,7305.714285714285,0.9638434072312542,0.8929174427011342,0.9257442278081945,0.0,0.0,0.0,217302,204560
no_group_visual,attention,256,43,smoothed_frames,attack,28,681.0,916.5714285714286,0.37391876714613587,0.4408157440200394,0.3999023482171245,0.39925327209214384,0.38268158885013465,0.2822758428366362,19068,25664
no_group_visual,attention,256,43,smoothed_frames,investigation,28,2739.964285714286,2985.714285714286,0.6778829584731546,0.7605404426002957,0.7062431548784486,0.6221212496807625,0.5729750721517831,0.41483208023421186,76719,83600
no_group_visual,attention,256,43,smoothed_frames,mount,28,1259.9642857142858,1236.0,0.48804768457900216,0.47813731362458034,0.47076896764292603,0.47367200922284286,0.45835109824975795,0.40832114775396894,35279,34608
no_group_visual,attention,256,43,smoothed_frames,other,28,7760.785714285715,7303.428571428572,0.9640618946468351,0.8928020995062118,0.9257792693085954,0.0,0.0,0.0,217302,204496
no_group_visual,attention,256,44,raw_windows,attack,28,681.0,866.8571428571429,0.3816738659292597,0.419178672319042,0.3934865276406553,0.3988831851012499,0.3789630561401885,0.28222892219038886,19068,24272
no_group_visual,attention,256,44,raw_windows,investigation,28,2739.964285714286,3557.1428571428573,0.6024784661646297,0.836443484728847,0.6930542486319357,0.643408550950166,0.5770480735654129,0.38169003420087266,76719,99600
no_group_visual,attention,256,44,raw_windows,mount,28,1259.9642857142858,1268.5714285714287,0.47790162401482855,0.47739927850137015,0.46144020425430055,0.4625556851005217,0.4500408965764164,0.3964754444539928,35279,35520
no_group_visual,attention,256,44,raw_windows,other,28,7760.785714285715,6749.142857142857,0.9826156815132909,0.8391695335719341,0.9031277261504618,0.0,0.0,0.0,217302,188976
no_group_visual,attention,256,44,smoothed_frames,attack,28,681.0,869.1428571428571,0.38134075037079035,0.4192099184132802,0.39334888897627984,0.3984142490070394,0.37822026689083915,0.2817563741272443,19068,24336
no_group_visual,attention,256,44,smoothed_frames,investigation,28,2739.964285714286,3557.1428571428573,0.6024784661646297,0.836443484728847,0.6930542486319357,0.643408550950166,0.5770480735654129,0.38169003420087266,76719,99600
no_group_visual,attention,256,44,smoothed_frames,mount,28,1259.9642857142858,1268.5714285714287,0.47790162401482855,0.47739927850137015,0.46144020425430055,0.4625556851005217,0.4500408965764164,0.3964754444539928,35279,35520
no_group_visual,attention,256,44,smoothed_frames,other,28,7760.785714285715,6746.857142857143,0.982856518904803,0.8390541903770117,0.9031602394677084,0.0,0.0,0.0,217302,188912
no_group_visual,attention,512,42,raw_windows,attack,28,681.0,1029.7142857142858,0.35900817078029806,0.4462358070822197,0.3926150396181164,0.3795078290593573,0.35898993791840716,0.2545869647746282,19068,28832
no_group_visual,attention,512,42,raw_windows,investigation,28,2739.964285714286,3078.285714285714,0.6536625543709825,0.7566958918031542,0.6907316452463779,0.617352920447763,0.5538530083411335,0.39119888054459856,76719,86192
no_group_visual,attention,512,42,raw_windows,mount,28,1259.9642857142858,1289.7142857142858,0.47601640473931445,0.48432390714540563,0.46368934847619847,0.4791835566687509,0.46362725590118253,0.4146647821650669,35279,36112
no_group_visual,attention,512,42,raw_windows,other,28,7760.785714285715,7044.0,0.973608210183663,0.8699009500773415,0.917270117803818,0.0,0.0,0.0,217302,197232
no_group_visual,attention,512,42,smoothed_frames,attack,28,681.0,1032.0,0.35874194943543586,0.44626705317645793,0.3924816865360012,0.37877086760811013,0.35825297646716,0.2541334500353992,19068,28896
no_group_visual,attention,512,42,smoothed_frames,investigation,28,2739.964285714286,3078.285714285714,0.6536625543709825,0.7566958918031542,0.6907316452463779,0.617352920447763,0.5538530083411335,0.39119888054459856,76719,86192
no_group_visual,attention,512,42,smoothed_frames,mount,28,1259.9642857142858,1289.7142857142858,0.47601640473931445,0.48432390714540563,0.46368934847619847,0.4791835566687509,0.46362725590118253,0.4146647821650669,35279,36112
no_group_visual,attention,512,42,smoothed_frames,other,28,7760.785714285715,7041.714285714285,0.9738320012375423,0.869785606882419,0.9173048284922266,0.0,0.0,0.0,217302,197168
no_group_visual,attention,512,43,raw_windows,attack,28,681.0,940.0,0.37253123184300246,0.43676619635768205,0.3971019595899578,0.4009403029183892,0.3836726820077643,0.27797185385837253,19068,26320
no_group_visual,attention,512,43,raw_windows,investigation,28,2739.964285714286,3217.714285714286,0.6505195331726942,0.7908794733224526,0.7049231438475327,0.639067604512693,0.5809813207635407,0.4041576977545596,76719,90096
no_group_visual,attention,512,43,raw_windows,mount,28,1259.9642857142858,1230.857142857143,0.48333809704235225,0.47646293943406626,0.46604593032756103,0.4696615661479983,0.4527283960154845,0.39688918576409354,35279,34464
no_group_visual,attention,512,43,raw_windows,other,28,7760.785714285715,7053.142857142857,0.972459624359753,0.8739316016663397,0.9191704045154409,0.0,0.0,0.0,217302,197488
no_group_visual,attention,512,43,smoothed_frames,attack,28,681.0,942.2857142857143,0.37223543645520296,0.43679744245192026,0.39696199205110677,0.40036256409217114,0.38276113126481975,0.2773155597889603,19068,26384
no_group_visual,attention,512,43,smoothed_frames,investigation,28,2739.964285714286,3217.714285714286,0.6505195331726942,0.7908794733224526,0.7049231438475327,0.639067604512693,0.5809813207635407,0.4041576977545596,76719,90096
no_group_visual,attention,512,43,smoothed_frames,mount,28,1259.9642857142858,1230.857142857143,0.48333809704235225,0.47646293943406626,0.46604593032756103,0.4696615661479983,0.4527283960154845,0.39688918576409354,35279,34464
no_group_visual,attention,512,43,smoothed_frames,other,28,7760.785714285715,7050.857142857143,0.9726877090988896,0.8738162584714172,0.9192053815081901,0.0,0.0,0.0,217302,197424
no_group_visual,attention,512,44,raw_windows,attack,28,681.0,934.2857142857143,0.370971777585921,0.43787852644864905,0.396418823565636,0.39653257491652644,0.38253287594694607,0.2800249503174217,19068,26160
no_group_visual,attention,512,44,raw_windows,investigation,28,2739.964285714286,3357.714285714286,0.6273824623535335,0.8096958129708541,0.6987260057422912,0.6425526684842696,0.5751701607965221,0.3885285559647006,76719,94016
no_group_visual,attention,512,44,raw_windows,mount,28,1259.9642857142858,1281.7142857142858,0.4770270172171206,0.4896985525979472,0.4698391879859859,0.47287932059872034,0.4616400422786967,0.4111987029689086,35279,35888
no_group_visual,attention,512,44,raw_windows,other,28,7760.785714285715,6868.0,0.979525606898444,0.8525927741979107,0.9098185776052256,0.0,0.0,0.0,217302,192304
no_group_visual,attention,512,44,smoothed_frames,attack,28,681.0,936.5714285714286,0.37068094453783684,0.43790977254288727,0.396280229014887,0.39596625772584376,0.381627783036777,0.27932834429086645,19068,26224
no_group_visual,attention,512,44,smoothed_frames,investigation,28,2739.964285714286,3357.714285714286,0.6273824623535335,0.8096958129708541,0.6987260057422912,0.6425526684842696,0.5751701607965221,0.3885285559647006,76719,94016
no_group_visual,attention,512,44,smoothed_frames,mount,28,1259.9642857142858,1281.7142857142858,0.4770270172171206,0.4896985525979472,0.4698391879859859,0.47287932059872034,0.4616400422786967,0.4111987029689086,35279,35888
no_group_visual,attention,512,44,smoothed_frames,other,28,7760.785714285715,6865.714285714285,0.9797618072866584,0.8524774310029882,0.9098519830181732,0.0,0.0,0.0,217302,192240
no_group_visual,attention,896,42,raw_windows,attack,28,681.0,1072.0,0.34404395679684,0.46347187008218466,0.3910656635769005,0.37843495031116053,0.3608403252853929,0.25953951638598144,19068,30016
no_group_visual,attention,896,42,raw_windows,investigation,28,2739.964285714286,2923.4285714285716,0.6666799652367736,0.7278337367959732,0.6828301327680418,0.6218901204806204,0.552903214074906,0.3930296392434937,76719,81856
no_group_visual,attention,896,42,raw_windows,mount,28,1259.9642857142858,1312.5714285714287,0.45719592706779055,0.505627644087748,0.4660488640523722,0.46805844066182706,0.457117796798648,0.400603107445828,35279,36752
no_group_visual,attention,896,42,raw_windows,other,28,7760.785714285715,7133.714285714285,0.9708534995472886,0.8792178814806489,0.9214578219696629,0.0,0.0,0.0,217302,199744
no_group_visual,attention,896,42,smoothed_frames,attack,28,681.0,1074.2857142857142,0.34379331166468147,0.46350311617642287,0.3909316470352864,0.3776546381863106,0.360060013160543,0.2588792522803392,19068,30080
no_group_visual,attention,896,42,smoothed_frames,investigation,28,2739.964285714286,2923.4285714285716,0.6666799652367736,0.7278337367959732,0.6828301327680418,0.6218901204806204,0.552903214074906,0.3930296392434937,76719,81856
no_group_visual,attention,896,42,smoothed_frames,mount,28,1259.9642857142858,1312.5714285714287,0.45719592706779055,0.505627644087748,0.4660488640523722,0.46805844066182706,0.457117796798648,0.400603107445828,35279,36752
no_group_visual,attention,896,42,smoothed_frames,other,28,7760.785714285715,7131.428571428572,0.9710722961732066,0.8791025382857265,0.921492697322228,0.0,0.0,0.0,217302,199680
no_group_visual,attention,896,43,raw_windows,attack,28,681.0,950.2857142857143,0.3691455785698797,0.44131509701136773,0.3966091329042741,0.3934453258041958,0.3768259423419976,0.272958567338957,19068,26608
no_group_visual,attention,896,43,raw_windows,investigation,28,2739.964285714286,3144.0,0.649113236947317,0.7729550428323233,0.6966803772144784,0.6326979985094842,0.5681472642486504,0.3843691519478692,76719,88032
no_group_visual,attention,896,43,raw_windows,mount,28,1259.9642857142858,1306.857142857143,0.4530543474361167,0.5025316396547918,0.46300179453485646,0.47048032040689597,0.4541825336865741,0.4000455639503637,35279,36592
no_group_visual,attention,896,43,raw_windows,other,28,7760.785714285715,7040.571428571428,0.9740902174375347,0.8695791815647411,0.9173772783669734,0.0,0.0,0.0,217302,197136
no_group_visual,attention,896,43,smoothed_frames,attack,28,681.0,952.5714285714286,0.368852857946516,0.44134634310560594,0.3964683367913144,0.39290292010281924,0.37593611773650115,0.27229979471015925,19068,26672
no_group_visual,attention,896,43,smoothed_frames,investigation,28,2739.964285714286,3144.0,0.649113236947317,0.7729550428323233,0.6966803772144784,0.6326979985094842,0.5681472642486504,0.3843691519478692,76719,88032
no_group_visual,attention,896,43,smoothed_frames,mount,28,1259.9642857142858,1306.857142857143,0.4530543474361167,0.5025316396547918,0.46300179453485646,0.47048032040689597,0.4541825336865741,0.4000455639503637,35279,36592
no_group_visual,attention,896,43,smoothed_frames,other,28,7760.785714285715,7038.285714285715,0.9743157937096464,0.8694638383698187,0.9174112675320737,0.0,0.0,0.0,217302,197072
no_group_visual,attention,896,44,raw_windows,attack,28,681.0,976.0,0.36492233459522266,0.4504007078005376,0.3984715089039189,0.38551072627685107,0.3694665185080908,0.27265833782357624,19068,27328
no_group_visual,attention,896,44,raw_windows,investigation,28,2739.964285714286,3310.285714285714,0.6328234730971138,0.7896586865981616,0.689856375958427,0.6357450045817482,0.5611241625886735,0.38237625220136134,76719,92688
no_group_visual,attention,896,44,raw_windows,mount,28,1259.9642857142858,1173.7142857142858,0.49238013014843673,0.4585820213221245,0.45953203137727966,0.4559685007905336,0.4535018424854205,0.3790279627285937,35279,32864
no_group_visual,attention,896,44,raw_windows,other,28,7760.785714285715,6981.714285714285,0.9760771080288704,0.8630909491032022,0.9144462105269092,0.0,0.0,0.0,217302,195488
no_group_visual,attention,896,44,smoothed_frames,attack,28,681.0,978.2857142857143,0.3646460831750689,0.4504319538947758,0.3983333085765172,0.3849666415455889,0.3685836580573422,0.27199583624395657,19068,27392
no_group_visual,attention,896,44,smoothed_frames,investigation,28,2739.964285714286,3310.285714285714,0.6328234730971138,0.7896586865981616,0.689856375958427,0.6357450045817482,0.5611241625886735,0.38237625220136134,76719,92688
no_group_visual,attention,896,44,smoothed_frames,mount,28,1259.9642857142858,1173.7142857142858,0.49238013014843673,0.4585820213221245,0.45953203137727966,0.4559685007905336,0.4535018424854205,0.3790279627285937,35279,32864
no_group_visual,attention,896,44,smoothed_frames,other,28,7760.785714285715,6979.428571428572,0.9763042460778898,0.8629756059082797,0.9144797429053299,0.0,0.0,0.0,217302,195424
no_group_visual,lstm,256,42,raw_windows,attack,28,681.0,838.2857142857143,0.38692045563755223,0.404827198222149,0.38962468753158663,0.3876804272519265,0.3755527007544132,0.2853658133994676,19068,23472
no_group_visual,lstm,256,42,raw_windows,investigation,28,2739.964285714286,3205.714285714286,0.6402071579948345,0.7862559123668201,0.6973844387665443,0.617260066915543,0.5510413799505103,0.38739438390206604,76719,89760
no_group_visual,lstm,256,42,raw_windows,mount,28,1259.9642857142858,1242.857142857143,0.4808973279116903,0.4641998981416669,0.45411713609715065,0.4683169934186023,0.45226100580616596,0.38856669449843456,35279,34800
no_group_visual,lstm,256,42,raw_windows,other,28,7760.785714285715,7154.857142857143,0.9681550474080313,0.8753715954175701,0.9177732868027964,0.0,0.0,0.0,217302,200336
no_group_visual,lstm,256,42,smoothed_frames,attack,28,681.0,840.5714285714286,0.38657754432450503,0.40485844431638723,0.38948878292282346,0.38701999238096535,0.37494306856583365,0.2850609973051778,19068,23536
no_group_visual,lstm,256,42,smoothed_frames,investigation,28,2739.964285714286,3205.714285714286,0.6402071579948345,0.7862559123668201,0.6973844387665443,0.617260066915543,0.5510413799505103,0.38739438390206604,76719,89760
no_group_visual,lstm,256,42,smoothed_frames,mount,28,1259.9642857142858,1242.857142857143,0.4808973279116903,0.4641998981416669,0.45411713609715065,0.4683169934186023,0.45226100580616596,0.38856669449843456,35279,34800
no_group_visual,lstm,256,42,smoothed_frames,other,28,7760.785714285715,7152.571428571428,0.9683741819389132,0.8752562522226477,0.9178070712666644,0.0,0.0,0.0,217302,200272
no_group_visual,lstm,256,43,raw_windows,attack,28,681.0,734.2857142857143,0.4066246587044685,0.38646838208119844,0.3887093484515149,0.39384540421371106,0.38660056344160915,0.28696165136075436,19068,20560
no_group_visual,lstm,256,43,raw_windows,investigation,28,2739.964285714286,3127.4285714285716,0.6670674819188,0.7834043971152,0.7138311579586833,0.6315170934575435,0.563780770043665,0.4109752214267292,76719,87568
no_group_visual,lstm,256,43,raw_windows,mount,28,1259.9642857142858,1237.7142857142858,0.4819229149536679,0.48112118144879595,0.46406969810432336,0.47671617654376275,0.46478736461495085,0.3777111840904944,35279,34656
no_group_visual,lstm,256,43,raw_windows,other,28,7760.785714285715,7342.285714285715,0.9609006594507494,0.8962730334854028,0.9262166634410643,0.0,0.0,0.0,217302,205584
no_group_visual,lstm,256,43,smoothed_frames,attack,28,681.0,736.5714285714286,0.4062224888478289,0.3864996281754367,0.3885669042417311,0.39339332170778274,0.3858689825424918,0.28655183909170195,19068,20624
no_group_visual,lstm,256,43,smoothed_frames,investigation,28,2739.964285714286,3127.4285714285716,0.6670674819188,0.7834043971152,0.7138311579586833,0.6315170934575435,0.563780770043665,0.4109752214267292,76719,87568
no_group_visual,lstm,256,43,smoothed_frames,mount,28,1259.9642857142858,1237.7142857142858,0.4819229149536679,0.48112118144879595,0.46406969810432336,0.47671617654376275,0.46478736461495085,0.3777111840904944,35279,34656
no_group_visual,lstm,256,43,smoothed_frames,other,28,7760.785714285715,7340.0,0.961113514357496,0.8961576902904803,0.926251373977407,0.0,0.0,0.0,217302,205520
no_group_visual,lstm,256,44,raw_windows,attack,28,681.0,812.5714285714286,0.3914386611493982,0.4049475971582655,0.3915696307602912,0.3925970652604102,0.37994877469592714,0.27840341502132143,19068,22752
no_group_visual,lstm,256,44,raw_windows,investigation,28,2739.964285714286,3253.714285714286,0.6486353844710141,0.7932085307918807,0.7036298902878153,0.633196096716105,0.5693031945565445,0.3948190382580825,76719,91104
no_group_visual,lstm,256,44,raw_windows,mount,28,1259.9642857142858,1157.7142857142858,0.48633671074574963,0.4382203035619639,0.4432292085682184,0.454211457376195,0.4333247250608912,0.35960196498883673,35279,32416
no_group_visual,lstm,256,44,raw_windows,other,28,7760.785714285715,7217.714285714285,0.9651866350806438,0.8849075421083155,0.9219545395013226,0.0,0.0,0.0,217302,202096
no_group_visual,lstm,256,44,smoothed_frames,attack,28,681.0,814.8571428571429,0.39105940228042757,0.4049788432525037,0.39142838240633787,0.3921172649283847,0.37918491585289754,0.27792959967937614,19068,22816
no_group_visual,lstm,256,44,smoothed_frames,investigation,28,2739.964285714286,3253.714285714286,0.6486353844710141,0.7932085307918807,0.7036298902878153,0.633196096716105,0.5693031945565445,0.3948190382580825,76719,91104
no_group_visual,lstm,256,44,smoothed_frames,mount,28,1259.9642857142858,1157.7142857142858,0.48633671074574963,0.4382203035619639,0.4432292085682184,0.454211457376195,0.4333247250608912,0.35960196498883673,35279,32416
no_group_visual,lstm,256,44,smoothed_frames,other,28,7760.785714285715,7215.428571428572,0.965408277206202,0.884792198913393,0.9219893170441676,0.0,0.0,0.0,217302,202032
no_group_visual,lstm,512,42,raw_windows,attack,28,681.0,921.7142857142857,0.37960359141879757,0.43599151904043904,0.4002787955564095,0.3999850392381054,0.38239477159235935,0.2889688051089972,19068,25808
no_group_visual,lstm,512,42,raw_windows,investigation,28,2739.964285714286,3133.714285714286,0.6559397758119501,0.7636923546869243,0.6931580480961477,0.6194039093754337,0.5495771236978274,0.3845638361024649,76719,87744
no_group_visual,lstm,512,42,raw_windows,mount,28,1259.9642857142858,1147.4285714285713,0.487155709337895,0.43899040882203055,0.44654497613600724,0.45387386423100706,0.43136078207506784,0.36098881277452705,35279,32128
no_group_visual,lstm,512,42,raw_windows,other,28,7760.785714285715,7238.857142857143,0.9649175837987725,0.8874878079573433,0.9234502317922139,0.0,0.0,0.0,217302,202688
no_group_visual,lstm,512,42,smoothed_frames,attack,28,681.0,924.0,0.37927076851078567,0.43602276513467725,0.4001374560443921,0.3992480777868583,0.3817144994835158,0.28845860102736454,19068,25872
no_group_visual,lstm,512,42,smoothed_frames,investigation,28,2739.964285714286,3133.714285714286,0.6559397758119501,0.7636923546869243,0.6931580480961477,0.6194039093754337,0.5495771236978274,0.3845638361024649,76719,87744
no_group_visual,lstm,512,42,smoothed_frames,mount,28,1259.9642857142858,1147.4285714285713,0.487155709337895,0.43899040882203055,0.44654497613600724,0.45387386423100706,0.43136078207506784,0.36098881277452705,35279,32128
no_group_visual,lstm,512,42,smoothed_frames,other,28,7760.785714285715,7236.571428571428,0.9651328829979757,0.8873724647624209,0.9234842432145111,0.0,0.0,0.0,217302,202624
no_group_visual,lstm,512,43,raw_windows,attack,28,681.0,789.7142857142857,0.3981999398167307,0.4002885332028797,0.3917097300355618,0.3999048120620971,0.3857848153840493,0.28255392999781753,19068,22112
no_group_visual,lstm,512,43,raw_windows,investigation,28,2739.964285714286,2859.4285714285716,0.6881618078304557,0.7251429726604447,0.6954630008040771,0.5883922618423572,0.5366981149412752,0.3943264054207787,76719,80064
no_group_visual,lstm,512,43,raw_windows,mount,28,1259.9642857142858,1140.5714285714287,0.48476077895304265,0.4345710146988651,0.44082829709052956,0.4422659232145096,0.42145968863276473,0.340525299938203,35279,31936
no_group_visual,lstm,512,43,raw_windows,other,28,7760.785714285715,7652.0,0.9429965141589608,0.9199144889591542,0.930544149931216,0.0,0.0,0.0,217302,214256
no_group_visual,lstm,512,43,smoothed_frames,attack,28,681.0,792.0,0.39783794393096245,0.400319779297118,0.39156698212871405,0.39939936532728926,0.3849914779485726,0.28209070115519175,19068,22176
no_group_visual,lstm,512,43,smoothed_frames,investigation,28,2739.964285714286,2859.4285714285716,0.6881618078304557,0.7251429726604447,0.6954630008040771,0.5883922618423572,0.5366981149412752,0.3943264054207787,76719,80064
no_group_visual,lstm,512,43,smoothed_frames,mount,28,1259.9642857142858,1140.5714285714287,0.48476077895304265,0.4345710146988651,0.44082829709052956,0.4422659232145096,0.42145968863276473,0.340525299938203,35279,31936
no_group_visual,lstm,512,43,smoothed_frames,other,28,7760.785714285715,7649.714285714285,0.9431898003999025,0.9197991457642317,0.9305781753155303,0.0,0.0,0.0,217302,214192
no_group_visual,lstm,512,44,raw_windows,attack,28,681.0,918.2857142857143,0.37490756328120123,0.4345636197612587,0.3978530481530356,0.39530126766231827,0.3755649568932385,0.28346907839911106,19068,25712
no_group_visual,lstm,512,44,raw_windows,investigation,28,2739.964285714286,3033.1428571428573,0.6649393003257451,0.7454769275233893,0.6934505069445703,0.6135664395565661,0.5503202015602775,0.3857239256103449,76719,84928
no_group_visual,lstm,512,44,raw_windows,mount,28,1259.9642857142858,1225.142857142857,0.4739893904493878,0.4585906458070633,0.45045581976518717,0.4464333944191872,0.432428452819906,0.3617743401079744,35279,34304
no_group_visual,lstm,512,44,raw_windows,other,28,7760.785714285715,7265.142857142857,0.9630339422118995,0.8904336817947194,0.9241892734562139,0.0,0.0,0.0,217302,203424
no_group_visual,lstm,512,44,smoothed_frames,attack,28,681.0,920.5714285714286,0.37458795295584985,0.4345948658554969,0.39771305574184873,0.39458097954707216,0.3749046927875962,0.28298888632228036,19068,25776
no_group_visual,lstm,512,44,smoothed_frames,investigation,28,2739.964285714286,3033.1428571428573,0.6649393003257451,0.7454769275233893,0.6934505069445703,0.6135664395565661,0.5503202015602775,0.3857239256103449,76719,84928
no_group_visual,lstm,512,44,smoothed_frames,mount,28,1259.9642857142858,1225.142857142857,0.4739893904493878,0.4585906458070633,0.45045581976518717,0.4464333944191872,0.432428452819906,0.3617743401079744,35279,34304
no_group_visual,lstm,512,44,smoothed_frames,other,28,7760.785714285715,7262.857142857143,0.963254133279771,0.8903183385997969,0.9242235507480352,0.0,0.0,0.0,217302,203360
no_group_visual,lstm,896,42,raw_windows,attack,28,681.0,969.7142857142857,0.36536148934729995,0.44918271996944176,0.39863883529424865,0.38550256945070116,0.37163952290092517,0.2643972783256589,19068,27152
no_group_visual,lstm,896,42,raw_windows,investigation,28,2739.964285714286,3062.8571428571427,0.6536153390706531,0.7446797672200585,0.6857618300170759,0.6178656097233831,0.5480651093309613,0.3743355681918984,76719,85760
no_group_visual,lstm,896,42,raw_windows,mount,28,1259.9642857142858,1248.0,0.450277175747326,0.46473471563833524,0.44478449747032117,0.44655900424092226,0.4294549837789825,0.3577621459060204,35279,34944
no_group_visual,lstm,896,42,raw_windows,other,28,7760.785714285715,7161.142857142857,0.9691456070858199,0.8824013920285925,0.9225322543026461,0.0,0.0,0.0,217302,200512
no_group_visual,lstm,896,42,smoothed_frames,attack,28,681.0,972.0,0.365077801369921,0.44921396606367997,0.39850130139464135,0.38482229734185763,0.37095925079208164,0.2639437635864299,19068,27216
no_group_visual,lstm,896,42,smoothed_frames,investigation,28,2739.964285714286,3062.8571428571427,0.6536153390706531,0.7446797672200585,0.6857618300170759,0.6178656097233831,0.5480651093309613,0.3743355681918984,76719,85760
no_group_visual,lstm,896,42,smoothed_frames,mount,28,1259.9642857142858,1248.0,0.450277175747326,0.46473471563833524,0.44478449747032117,0.44655900424092226,0.4294549837789825,0.3577621459060204,35279,34944
no_group_visual,lstm,896,42,smoothed_frames,other,28,7760.785714285715,7158.857142857143,0.9693633919337697,0.88228604883367,0.9225670694908008,0.0,0.0,0.0,217302,200448
no_group_visual,lstm,896,43,raw_windows,attack,28,681.0,810.8571428571429,0.3961049345305016,0.4064199953422368,0.393603303965449,0.39427828878295096,0.3775277608733721,0.28734499108341255,19068,22704
no_group_visual,lstm,896,43,raw_windows,investigation,28,2739.964285714286,2936.5714285714284,0.6851752447538078,0.7430767489214303,0.7042080680791675,0.6042490346052513,0.5546740549710906,0.40605445778557664,76719,82224
no_group_visual,lstm,896,43,raw_windows,mount,28,1259.9642857142858,1189.142857142857,0.4679175669539606,0.4530353930323628,0.44575197906947833,0.4450871462338536,0.43044205400723967,0.34777152054352484,35279,33296
no_group_visual,lstm,896,43,raw_windows,other,28,7760.785714285715,7505.142857142857,0.9519832523999548,0.9112383269976413,0.9303045369646507,0.0,0.0,0.0,217302,210144
no_group_visual,lstm,896,43,smoothed_frames,attack,28,681.0,813.1428571428571,0.39575178691132773,0.406451241436475,0.39346011093143274,0.39352753803220025,0.3768842602298714,0.28691599065441215,19068,22768
no_group_visual,lstm,896,43,smoothed_frames,investigation,28,2739.964285714286,2936.5714285714284,0.6851752447538078,0.7430767489214303,0.7042080680791675,0.6042490346052513,0.5546740549710906,0.40605445778557664,76719,82224
no_group_visual,lstm,896,43,smoothed_frames,mount,28,1259.9642857142858,1189.142857142857,0.4679175669539606,0.4530353930323628,0.44575197906947833,0.4450871462338536,0.43044205400723967,0.34777152054352484,35279,33296
no_group_visual,lstm,896,43,smoothed_frames,other,28,7760.785714285715,7502.857142857143,0.9521838692232232,0.9111229838027188,0.9303391428987463,0.0,0.0,0.0,217302,210080
no_group_visual,lstm,896,44,raw_windows,attack,28,681.0,879.4285714285714,0.382094147301579,0.4276694339387084,0.39839390730033336,0.4003357218862669,0.38189147460976897,0.2867779286739837,19068,24624
no_group_visual,lstm,896,44,raw_windows,investigation,28,2739.964285714286,2748.0,0.702182475322137,0.6983604712999931,0.6899830849377533,0.5845226287524784,0.5467575104111206,0.3883680880678875,76719,76944
no_group_visual,lstm,896,44,raw_windows,mount,28,1259.9642857142858,1160.0,0.4723288915766813,0.44867478723450444,0.4469653767575335,0.4405518491527273,0.4282765217512353,0.34686891264350306,35279,32480
no_group_visual,lstm,896,44,raw_windows,other,28,7760.785714285715,7654.285714285715,0.9428116929670979,0.9249255956436055,0.9331056433694059,0.0,0.0,0.0,217302,214320
no_group_visual,lstm,896,44,smoothed_frames,attack,28,681.0,881.7142857142857,0.3817751848425327,0.4277006800329466,0.3982529138572593,0.39962448433292413,0.3812310397388078,0.28632070453254904,19068,24688
no_group_visual,lstm,896,44,smoothed_frames,investigation,28,2739.964285714286,2748.0,0.702182475322137,0.6983604712999931,0.6899830849377533,0.5845226287524784,0.5467575104111206,0.3883680880678875,76719,76944
no_group_visual,lstm,896,44,smoothed_frames,mount,28,1259.9642857142858,1160.0,0.4723288915766813,0.44867478723450444,0.4469653767575335,0.4405518491527273,0.4282765217512353,0.34686891264350306,35279,32480
no_group_visual,lstm,896,44,smoothed_frames,other,28,7760.785714285715,7652.0,0.9430055020410678,0.9248102524486831,0.9331406171557749,0.0,0.0,0.0,217302,214256
no_relations,attention,256,42,raw_windows,attack,28,681.0,891.4285714285714,0.38381143670975465,0.4028583081949975,0.3850695223144018,0.388667469475033,0.35378914626396424,0.2513334803322585,19068,24960
no_relations,attention,256,42,raw_windows,investigation,28,2739.964285714286,3008.0,0.6281843465123343,0.6943001904186703,0.6532468076988944,0.5760592257334256,0.5161720239124132,0.33127613964543895,76719,84224
no_relations,attention,256,42,raw_windows,mount,28,1259.9642857142858,1457.7142857142858,0.40485012722544705,0.5370997263613757,0.4367163873497327,0.43172785156096627,0.41907028853575623,0.37295097512435355,35279,40816
no_relations,attention,256,42,raw_windows,other,28,7760.785714285715,7084.571428571428,0.9517466956092299,0.8709614820315671,0.9084139872310351,0.0,0.0,0.0,217302,198368
no_relations,attention,256,42,smoothed_frames,attack,28,681.0,893.7142857142857,0.3835242843544116,0.40288955428923573,0.3849346981054432,0.38818879687506735,0.35307696574948605,0.25088494081078283,19068,25024
no_relations,attention,256,42,smoothed_frames,investigation,28,2739.964285714286,3008.0,0.6281843465123343,0.6943001904186703,0.6532468076988944,0.5760592257334256,0.5161720239124132,0.33127613964543895,76719,84224
no_relations,attention,256,42,smoothed_frames,mount,28,1259.9642857142858,1457.7142857142858,0.40485012722544705,0.5370997263613757,0.4367163873497327,0.43172785156096627,0.41907028853575623,0.37295097512435355,35279,40816
no_relations,attention,256,42,smoothed_frames,other,28,7760.785714285715,7082.285714285715,0.951983216546982,0.8708461388366446,0.9084473648575432,0.0,0.0,0.0,217302,198304
no_relations,attention,256,43,raw_windows,attack,28,681.0,982.8571428571429,0.3659282447563144,0.4118150398971993,0.37961461023645315,0.370829424663909,0.3508402769522621,0.23226805205301035,19068,27520
no_relations,attention,256,43,raw_windows,investigation,28,2739.964285714286,3432.0,0.5978711740641808,0.7474052693557461,0.6567876531687257,0.596462635623787,0.5283641255965972,0.3364243813204478,76719,96096
no_relations,attention,256,43,raw_windows,mount,28,1259.9642857142858,1201.142857142857,0.454311328641298,0.44844724518645857,0.4334640149294592,0.4390184769350229,0.4202670602844466,0.34502674793894733,35279,33632
no_relations,attention,256,43,raw_windows,other,28,7760.785714285715,6825.714285714285,0.9612989622723295,0.8481871897858829,0.899839760238865,0.0,0.0,0.0,217302,191120
no_relations,attention,256,43,smoothed_frames,attack,28,681.0,985.1428571428571,0.3656595277521962,0.4118462859914375,0.3794825881745723,0.37032273957469425,0.35009639446409746,0.23185134297689097,19068,27584
no_relations,attention,256,43,smoothed_frames,investigation,28,2739.964285714286,3432.0,0.5978711740641808,0.7474052693557461,0.6567876531687257,0.596462635623787,0.5283641255965972,0.3364243813204478,76719,96096
no_relations,attention,256,43,smoothed_frames,mount,28,1259.9642857142858,1201.142857142857,0.454311328641298,0.44844724518645857,0.4334640149294592,0.4390184769350229,0.4202670602844466,0.34502674793894733,35279,33632
no_relations,attention,256,43,smoothed_frames,other,28,7760.785714285715,6823.428571428572,0.9615450294129467,0.8480718465909606,0.8998719738785254,0.0,0.0,0.0,217302,191056
no_relations,attention,256,44,raw_windows,attack,28,681.0,841.7142857142857,0.3875284421671406,0.37178179253629046,0.36909258441022047,0.37966437196434194,0.34769636793327885,0.23402210822065703,19068,23568
no_relations,attention,256,44,raw_windows,investigation,28,2739.964285714286,3403.4285714285716,0.6052291375126957,0.7514156672604129,0.6633695879253821,0.6038472784853643,0.5224635637016046,0.33646729518726853,76719,95296
no_relations,attention,256,44,raw_windows,mount,28,1259.9642857142858,1131.4285714285713,0.4648341477037644,0.42383718261364983,0.42329100631426086,0.433592336781992,0.4080104187000739,0.3375296255468669,35279,31680
no_relations,attention,256,44,raw_windows,other,28,7760.785714285715,7065.142857142857,0.9500435344483913,0.8666063014296601,0.9053467888753727,0.0,0.0,0.0,217302,197824
no_relations,attention,256,44,smoothed_frames,attack,28,681.0,844.0,0.38720386098518034,0.37181303863052867,0.368959034995392,0.37916102044058225,0.3469114385769209,0.23363711906015763,19068,23632
no_relations,attention,256,44,smoothed_frames,investigation,28,2739.964285714286,3403.4285714285716,0.6052291375126957,0.7514156672604129,0.6633695879253821,0.6038472784853643,0.5224635637016046,0.33646729518726853,76719,95296
no_relations,attention,256,44,smoothed_frames,mount,28,1259.9642857142858,1131.4285714285713,0.4648341477037644,0.42383718261364983,0.42329100631426086,0.433592336781992,0.4080104187000739,0.3375296255468669,35279,31680
no_relations,attention,256,44,smoothed_frames,other,28,7760.785714285715,7062.857142857143,0.9502777263648444,0.8664909582347377,0.9053794968773625,0.0,0.0,0.0,217302,197760
no_relations,attention,512,42,raw_windows,attack,28,681.0,1116.0,0.34407290047948874,0.44349084188676496,0.3812353616957793,0.3762213920949474,0.3448499119767604,0.2209232936852497,19068,31248
no_relations,attention,512,42,raw_windows,investigation,28,2739.964285714286,3532.5714285714284,0.577243525093703,0.7516570710915511,0.6439733715880533,0.5914441685601199,0.5102942005030788,0.3102898746210541,76719,98912
no_relations,attention,512,42,raw_windows,mount,28,1259.9642857142858,1069.7142857142858,0.48645312907497723,0.42380880094904716,0.4350053461483326,0.43550547258530453,0.42415781230907285,0.3506464229048262,35279,29952
no_relations,attention,512,42,raw_windows,other,28,7760.785714285715,6723.428571428572,0.9690159983844883,0.8384244595258393,0.8977466960683816,0.0,0.0,0.0,217302,188256
no_relations,attention,512,42,smoothed_frames,attack,28,681.0,1118.2857142857142,0.34383395019741336,0.4435220879810032,0.3811067587495098,0.37541701629057167,0.3440455361723846,0.22044066820262426,19068,31312
no_relations,attention,512,42,smoothed_frames,investigation,28,2739.964285714286,3532.5714285714284,0.577243525093703,0.7516570710915511,0.6439733715880533,0.5914441685601199,0.5102942005030788,0.3102898746210541,76719,98912
no_relations,attention,512,42,smoothed_frames,mount,28,1259.9642857142858,1069.7142857142858,0.48645312907497723,0.42380880094904716,0.4350053461483326,0.43550547258530453,0.42415781230907285,0.3506464229048262,35279,29952
no_relations,attention,512,42,smoothed_frames,other,28,7760.785714285715,6721.142857142857,0.9692652424688125,0.8383091163309169,0.8977785487351859,0.0,0.0,0.0,217302,188192
no_relations,attention,512,43,raw_windows,attack,28,681.0,918.2857142857143,0.37687116368921986,0.4143293115871295,0.38803856795769104,0.3875601636246465,0.35599993341601976,0.2409979529939251,19068,25712
no_relations,attention,512,43,raw_windows,investigation,28,2739.964285714286,3399.4285714285716,0.6130317977229734,0.7424665797478981,0.6621106508191561,0.5968347895465461,0.5223142713560018,0.33108720002543546,76719,95184
no_relations,attention,512,43,raw_windows,mount,28,1259.9642857142858,1048.0,0.48740388851948024,0.41513809233619187,0.43132116856822467,0.44516815705069895,0.4273422609182181,0.3394514633224957,35279,29344
no_relations,attention,512,43,raw_windows,other,28,7760.785714285715,7076.0,0.9477603444396215,0.8699361183598038,0.9056231408129862,0.0,0.0,0.0,217302,198128
no_relations,attention,512,43,smoothed_frames,attack,28,681.0,920.5714285714286,0.37659650962364083,0.4143605576813677,0.3879043661835076,0.3870288571221939,0.3552351189990547,0.2404931171297518,19068,25776
no_relations,attention,512,43,smoothed_frames,investigation,28,2739.964285714286,3399.4285714285716,0.6130317977229734,0.7424665797478981,0.6621106508191561,0.5968347895465461,0.5223142713560018,0.33108720002543546,76719,95184
no_relations,attention,512,43,smoothed_frames,mount,28,1259.9642857142858,1048.0,0.48740388851948024,0.41513809233619187,0.43132116856822467,0.44516815705069895,0.4273422609182181,0.3394514633224957,35279,29344
no_relations,attention,512,43,smoothed_frames,other,28,7760.785714285715,7073.714285714285,0.9479953633255774,0.8698207751648813,0.9056569302693275,0.0,0.0,0.0,217302,198064
no_relations,attention,512,44,raw_windows,attack,28,681.0,1003.4285714285714,0.3603434275805357,0.42062288833586875,0.38064693296100666,0.3803737068871446,0.3531849559893589,0.22574807015558668,19068,28096
no_relations,attention,512,44,raw_windows,investigation,28,2739.964285714286,4136.571428571428,0.5317507394146124,0.8280414528491065,0.6392191488188645,0.6138256905570528,0.5180721678590258,0.29146235328951237,76719,115824
no_relations,attention,512,44,raw_windows,mount,28,1259.9642857142858,1017.1428571428571,0.4955404365597636,0.3881306946836335,0.4101566430021081,0.4469492069380269,0.4012996667882224,0.31316295252072274,35279,28480
no_relations,attention,512,44,raw_windows,other,28,7760.785714285715,6284.571428571428,0.9795871038315787,0.7935473253749816,0.8746535704535826,0.0,0.0,0.0,217302,175968
no_relations,attention,512,44,smoothed_frames,attack,28,681.0,1005.7142857142857,0.3600874781611757,0.42065413443010696,0.3805163643082781,0.37984407153214417,0.35236265853963306,0.22527533803329544,19068,28160
no_relations,attention,512,44,smoothed_frames,investigation,28,2739.964285714286,4136.571428571428,0.5317507394146124,0.8280414528491065,0.6392191488188645,0.6138256905570528,0.5180721678590258,0.29146235328951237,76719,115824
no_relations,attention,512,44,smoothed_frames,mount,28,1259.9642857142858,1017.1428571428571,0.4955404365597636,0.3881306946836335,0.4101566430021081,0.4469492069380269,0.4012996667882224,0.31316295252072274,35279,28480
no_relations,attention,512,44,smoothed_frames,other,28,7760.785714285715,6282.285714285715,0.9798529042021364,0.7934319821800592,0.8746838128022147,0.0,0.0,0.0,217302,175904
no_relations,attention,896,42,raw_windows,attack,28,681.0,989.1428571428571,0.3667755702991811,0.429682969287026,0.38811265092139896,0.39281077993076935,0.36706562839435036,0.25422565115092655,19068,27696
no_relations,attention,896,42,raw_windows,investigation,28,2739.964285714286,3046.285714285714,0.6273118956395097,0.6960146771534598,0.6521891875230806,0.5761351919479148,0.5171752386570623,0.3255645515597389,76719,85296
no_relations,attention,896,42,raw_windows,mount,28,1259.9642857142858,1429.142857142857,0.4106482942093077,0.5080041727288459,0.43683865427667584,0.42150614142104936,0.40880772872263665,0.3724790470523401,35279,40016
no_relations,attention,896,42,raw_windows,other,28,7760.785714285715,6977.142857142857,0.9566632501133661,0.862195064858511,0.9058738995670562,0.0,0.0,0.0,217302,195360
no_relations,attention,896,42,smoothed_frames,attack,28,681.0,991.4285714285714,0.36652625831606706,0.4297142153812642,0.38798157045297055,0.3922473521895566,0.36615523544218276,0.25364699375555927,19068,27760
no_relations,attention,896,42,smoothed_frames,investigation,28,2739.964285714286,3046.285714285714,0.6273118956395097,0.6960146771534598,0.6521891875230806,0.5761351919479148,0.5171752386570623,0.3255645515597389,76719,85296
no_relations,attention,896,42,smoothed_frames,mount,28,1259.9642857142858,1429.142857142857,0.4106482942093077,0.5080041727288459,0.43683865427667584,0.42150614142104936,0.40880772872263665,0.3724790470523401,35279,40016
no_relations,attention,896,42,smoothed_frames,other,28,7760.785714285715,6974.857142857143,0.9569061199578267,0.8620797216635886,0.9059066693730731,0.0,0.0,0.0,217302,195296
no_relations,attention,896,43,raw_windows,attack,28,681.0,970.2857142857143,0.3676987286223473,0.4262906513883262,0.3884349483162696,0.38009713543483314,0.35472116037553647,0.24590012425256322,19068,27168
no_relations,attention,896,43,raw_windows,investigation,28,2739.964285714286,3262.285714285714,0.6180241176279007,0.7305689278537616,0.6626109520972111,0.586993527127608,0.5189895259868164,0.32771333898671356,76719,91344
no_relations,attention,896,43,raw_windows,mount,28,1259.9642857142858,1288.5714285714287,0.4294092956026487,0.47456122645868354,0.4381532156729538,0.4278688767375417,0.4219022639620452,0.3473214499452289,35279,36080
no_relations,attention,896,43,raw_windows,other,28,7760.785714285715,6920.571428571428,0.9571717039474575,0.8585113303419865,0.903777147355978,0.0,0.0,0.0,217302,193776
no_relations,attention,896,43,smoothed_frames,attack,28,681.0,972.5714285714286,0.3674420556915673,0.42632189748256444,0.3883023022554282,0.3795258477895788,0.35381688964582286,0.24526585091809308,19068,27232
no_relations,attention,896,43,smoothed_frames,investigation,28,2739.964285714286,3262.285714285714,0.6180241176279007,0.7305689278537616,0.6626109520972111,0.586993527127608,0.5189895259868164,0.32771333898671356,76719,91344
no_relations,attention,896,43,smoothed_frames,mount,28,1259.9642857142858,1288.5714285714287,0.4294092956026487,0.47456122645868354,0.4381532156729538,0.4278688767375417,0.4219022639620452,0.3473214499452289,35279,36080
no_relations,attention,896,43,smoothed_frames,other,28,7760.785714285715,6918.285714285715,0.9574143880258337,0.8583959871470641,0.9038104104644324,0.0,0.0,0.0,217302,193712
no_relations,attention,896,44,raw_windows,attack,28,681.0,854.2857142857143,0.3849922609722177,0.36689871901870746,0.36350273517652665,0.38487008228343983,0.35084711229521603,0.23378262416017526,19068,23920
no_relations,attention,896,44,raw_windows,investigation,28,2739.964285714286,4056.5714285714284,0.5398995747190145,0.836865673517888,0.6486323665806725,0.6192801464574665,0.515602982728623,0.2969472512367569,76719,113584
no_relations,attention,896,44,raw_windows,mount,28,1259.9642857142858,1092.5714285714287,0.48483604351620174,0.42174948075670143,0.43425773303338505,0.4523898544605231,0.44205049776858285,0.3340437755141403,35279,30592
no_relations,attention,896,44,raw_windows,other,28,7760.785714285715,6438.285714285715,0.9762827539997504,0.8054381619725566,0.8809448865641597,0.0,0.0,0.0,217302,180272
no_relations,attention,896,44,smoothed_frames,attack,28,681.0,856.5714285714286,0.3846781696521337,0.3669299651129457,0.36336937521845414,0.3844669630658876,0.35015746688907573,0.23337100828464186,19068,23984
no_relations,attention,896,44,smoothed_frames,investigation,28,2739.964285714286,4056.5714285714284,0.5398995747190145,0.836865673517888,0.6486323665806725,0.6192801464574665,0.515602982728623,0.2969472512367569,76719,113584
no_relations,attention,896,44,smoothed_frames,mount,28,1259.9642857142858,1092.5714285714287,0.48483604351620174,0.42174948075670143,0.43425773303338505,0.4523898544605231,0.44205049776858285,0.3340437755141403,35279,30592
no_relations,attention,896,44,smoothed_frames,other,28,7760.785714285715,6436.0,0.9765400995796581,0.8053228187776341,0.8809747886820963,0.0,0.0,0.0,217302,180208
no_relations,lstm,256,42,raw_windows,attack,28,681.0,884.0,0.3917299380305604,0.39072779265142293,0.37932426841689637,0.39433028050307756,0.38166574197647,0.2556953126316001,19068,24752
no_relations,lstm,256,42,raw_windows,investigation,28,2739.964285714286,3018.285714285714,0.6452046550371605,0.7029197102017001,0.6630335558195382,0.5838563393095069,0.5177154741995034,0.35857796679055703,76719,84512
no_relations,lstm,256,42,raw_windows,mount,28,1259.9642857142858,1276.5714285714287,0.42459975584291076,0.4605498691911255,0.42692463759793337,0.43185817497077394,0.42451523779590394,0.3511598872962475,35279,35744
no_relations,lstm,256,42,raw_windows,other,28,7760.785714285715,7262.857142857143,0.9433799667321825,0.8872333049060475,0.913177857095534,0.0,0.0,0.0,217302,203360
no_relations,lstm,256,42,smoothed_frames,attack,28,681.0,886.2857142857143,0.3914064312782762,0.39075903874566115,0.3791837045202628,0.39363315480595185,0.3810222413329694,0.25521268714897466,19068,24816
no_relations,lstm,256,42,smoothed_frames,investigation,28,2739.964285714286,3018.285714285714,0.6452046550371605,0.7029197102017001,0.6630335558195382,0.5838563393095069,0.5177154741995034,0.35857796679055703,76719,84512
no_relations,lstm,256,42,smoothed_frames,mount,28,1259.9642857142858,1276.5714285714287,0.42459975584291076,0.4605498691911255,0.42692463759793337,0.43185817497077394,0.42451523779590394,0.3511598872962475,35279,35744
no_relations,lstm,256,42,smoothed_frames,other,28,7760.785714285715,7260.571428571428,0.9436013436555657,0.8871179617111251,0.9132118332588498,0.0,0.0,0.0,217302,203296
no_relations,lstm,256,43,raw_windows,attack,28,681.0,800.0,0.39146056024614084,0.3803499682320574,0.3753707215811915,0.38396296177487194,0.364416107784059,0.2311124358283577,19068,22400
no_relations,lstm,256,43,raw_windows,investigation,28,2739.964285714286,3430.8571428571427,0.6019456288338368,0.7564068972184768,0.663808905421453,0.6163883512738473,0.5442235894041547,0.3437027933649923,76719,96064
no_relations,lstm,256,43,raw_windows,mount,28,1259.9642857142858,1193.142857142857,0.4457902958529049,0.435574971056179,0.4237082023928103,0.4274937243892158,0.4005357951601765,0.3461671217249749,35279,33408
no_relations,lstm,256,43,raw_windows,other,28,7760.785714285715,7017.714285714285,0.9537250958890459,0.8653528650964839,0.9061324016857887,0.0,0.0,0.0,217302,196496
no_relations,lstm,256,43,smoothed_frames,attack,28,681.0,802.2857142857143,0.3910759511801765,0.3803812143262956,0.37522841319636185,0.3834937614187369,0.36365774712620086,0.23057776440172645,19068,22464
no_relations,lstm,256,43,smoothed_frames,investigation,28,2739.964285714286,3430.8571428571427,0.6019456288338368,0.7564068972184768,0.663808905421453,0.6163883512738473,0.5442235894041547,0.3437027933649923,76719,96064
no_relations,lstm,256,43,smoothed_frames,mount,28,1259.9642857142858,1193.142857142857,0.4457902958529049,0.435574971056179,0.4237082023928103,0.4274937243892158,0.4005357951601765,0.3461671217249749,35279,33408
no_relations,lstm,256,43,smoothed_frames,other,28,7760.785714285715,7015.428571428572,0.953960375298531,0.8652375219015614,0.9061658541344906,0.0,0.0,0.0,217302,196432
no_relations,lstm,256,44,raw_windows,attack,28,681.0,721.1428571428571,0.4088544173074529,0.3101608296373134,0.3345480885386821,0.35724529891270274,0.3194456459250798,0.20665482077136213,19068,20192
no_relations,lstm,256,44,raw_windows,investigation,28,2739.964285714286,3720.0,0.551607953740268,0.7836889223841992,0.6408611921906447,0.6118767337942377,0.5291178651600377,0.3099008868096394,76719,104160
no_relations,lstm,256,44,raw_windows,mount,28,1259.9642857142858,1427.4285714285713,0.40749344366958384,0.5255883101607232,0.43266057275587616,0.4337421044741588,0.4234987571352232,0.3618879082502147,35279,39968
no_relations,lstm,256,44,raw_windows,other,28,7760.785714285715,6573.142857142857,0.9734209117741248,0.8187414896782289,0.8878136067134026,0.0,0.0,0.0,217302,184048
no_relations,lstm,256,44,smoothed_frames,attack,28,681.0,723.4285714285714,0.40839204092876086,0.3101920757315516,0.33441447829327353,0.35673577171874055,0.31876503537240103,0.20614622429794688,19068,20256
no_relations,lstm,256,44,smoothed_frames,investigation,28,2739.964285714286,3720.0,0.551607953740268,0.7836889223841992,0.6408611921906447,0.6118767337942377,0.5291178651600377,0.3099008868096394,76719,104160
no_relations,lstm,256,44,smoothed_frames,mount,28,1259.9642857142858,1427.4285714285713,0.40749344366958384,0.5255883101607232,0.43266057275587616,0.4337421044741588,0.4234987571352232,0.3618879082502147,35279,39968
no_relations,lstm,256,44,smoothed_frames,other,28,7760.785714285715,6570.857142857143,0.9736757825922184,0.8186261464833064,0.8878431885442787,0.0,0.0,0.0,217302,183984
no_relations,lstm,512,42,raw_windows,attack,28,681.0,870.2857142857143,0.38977964939299165,0.3919133790167278,0.37849686195228116,0.39802320947422504,0.38284582037247283,0.2577412088404121,19068,24368
no_relations,lstm,512,42,raw_windows,investigation,28,2739.964285714286,3548.0,0.5925249669849934,0.7776376633365152,0.6644865988060406,0.6249215095023264,0.5483661338076488,0.3449153098965355,76719,99344
no_relations,lstm,512,42,raw_windows,mount,28,1259.9642857142858,1176.5714285714287,0.4515354180779932,0.45047388890150797,0.4400964644394692,0.4451292244518846,0.4344410620395842,0.35171604029978415,35279,32944
no_relations,lstm,512,42,raw_windows,other,28,7760.785714285715,6846.857142857143,0.9619653075916449,0.851372234273778,0.9019219773542695,0.0,0.0,0.0,217302,191712
no_relations,lstm,512,42,smoothed_frames,attack,28,681.0,872.5714285714286,0.38943763075919297,0.391944625110966,0.37835958550575083,0.3973429373653815,0.3822789269484365,0.2572876941011831,19068,24432
no_relations,lstm,512,42,smoothed_frames,investigation,28,2739.964285714286,3548.0,0.5925249669849934,0.7776376633365152,0.6644865988060406,0.6249215095023264,0.5483661338076488,0.3449153098965355,76719,99344
no_relations,lstm,512,42,smoothed_frames,mount,28,1259.9642857142858,1176.5714285714287,0.4515354180779932,0.45047388890150797,0.4400964644394692,0.4451292244518846,0.4344410620395842,0.35171604029978415,35279,32944
no_relations,lstm,512,42,smoothed_frames,other,28,7760.785714285715,6844.571428571428,0.9622108845036804,0.8512568910788555,0.9019552584099326,0.0,0.0,0.0,217302,191648
no_relations,lstm,512,43,raw_windows,attack,28,681.0,873.1428571428571,0.38967314817238485,0.3939596959508664,0.3814121031598406,0.39185890841097787,0.38006555267903736,0.2806999764810179,19068,24448
no_relations,lstm,512,43,raw_windows,investigation,28,2739.964285714286,3729.1428571428573,0.5799817779114642,0.785676213277214,0.6585205793995483,0.6237238368156214,0.5342095651380215,0.3244451627035406,76719,104416
no_relations,lstm,512,43,raw_windows,mount,28,1259.9642857142858,1086.857142857143,0.4795355632864725,0.41418726011918805,0.4288791499412161,0.442307319721916,0.41036854421171187,0.3441864407159438,35279,30432
no_relations,lstm,512,43,raw_windows,other,28,7760.785714285715,6752.571428571428,0.9628278994482713,0.8443062512961702,0.8979162156463814,0.0,0.0,0.0,217302,189072
no_relations,lstm,512,43,smoothed_frames,attack,28,681.0,875.4285714285714,0.3893479460715576,0.3939909420451046,0.3812736013363574,0.3911786363021343,0.37944196991259743,0.2803031510841925,19068,24512
no_relations,lstm,512,43,smoothed_frames,investigation,28,2739.964285714286,3729.1428571428573,0.5799817779114642,0.785676213277214,0.6585205793995483,0.6237238368156214,0.5342095651380215,0.3244451627035406,76719,104416
no_relations,lstm,512,43,smoothed_frames,mount,28,1259.9642857142858,1086.857142857143,0.4795355632864725,0.41418726011918805,0.4288791499412161,0.442307319721916,0.41036854421171187,0.3441864407159438,35279,30432
no_relations,lstm,512,43,smoothed_frames,other,28,7760.785714285715,6750.285714285715,0.9630701491725782,0.8441909081012478,0.8979489740737279,0.0,0.0,0.0,217302,189008
no_relations,lstm,512,44,raw_windows,attack,28,681.0,802.8571428571429,0.40355761786735195,0.3718129060315897,0.3740352150531697,0.3886248082557911,0.36868107007675877,0.25290356925176066,19068,22480
no_relations,lstm,512,44,raw_windows,investigation,28,2739.964285714286,3466.8571428571427,0.6104801701468903,0.7617437452509971,0.6683283783720249,0.6054947518801405,0.5358098363690482,0.3480973119199781,76719,97072
no_relations,lstm,512,44,raw_windows,mount,28,1259.9642857142858,1077.7142857142858,0.48509965988136267,0.4114997544720758,0.4294260707046639,0.4521109375348734,0.43030839707424473,0.3336070713419316,35279,30176
no_relations,lstm,512,44,raw_windows,other,28,7760.785714285715,7094.285714285715,0.9489241636943113,0.873946787238571,0.9084672575714651,0.0,0.0,0.0,217302,198640
no_relations,lstm,512,44,smoothed_frames,attack,28,681.0,805.1428571428571,0.40319396001491814,0.3718441521258279,0.37389400057806726,0.38814186782687227,0.36791241096476235,0.25237104855117276,19068,22544
no_relations,lstm,512,44,smoothed_frames,investigation,28,2739.964285714286,3466.8571428571427,0.6104801701468903,0.7617437452509971,0.6683283783720249,0.6054947518801405,0.5358098363690482,0.3480973119199781,76719,97072
no_relations,lstm,512,44,smoothed_frames,mount,28,1259.9642857142858,1077.7142857142858,0.48509965988136267,0.4114997544720758,0.4294260707046639,0.4521109375348734,0.43030839707424473,0.3336070713419316,35279,30176
no_relations,lstm,512,44,smoothed_frames,other,28,7760.785714285715,7092.0,0.9491568961183382,0.8738314440436484,0.908501015510236,0.0,0.0,0.0,217302,198576
no_relations,lstm,896,42,raw_windows,attack,28,681.0,896.0,0.38230459227380215,0.4107718456987328,0.3884777591921691,0.3990097313267566,0.38722608810452863,0.2760008859513844,19068,25088
no_relations,lstm,896,42,raw_windows,investigation,28,2739.964285714286,3441.714285714286,0.6074683250519451,0.7510478402803697,0.6612607169710412,0.6124647470148729,0.5296857928045811,0.338977985326866,76719,96368
no_relations,lstm,896,42,raw_windows,mount,28,1259.9642857142858,1142.2857142857142,0.45103350653208174,0.43588704214552126,0.4302231143287412,0.42575757891872673,0.41710978017658834,0.33306915418410815,35279,31984
no_relations,lstm,896,42,raw_windows,other,28,7760.785714285715,6961.714285714285,0.9574588262047167,0.8619111014773451,0.9057081676833996,0.0,0.0,0.0,217302,194928
no_relations,lstm,896,42,smoothed_frames,attack,28,681.0,898.2857142857143,0.38198561406140435,0.41080309179297103,0.3883377516235688,0.39850299749267176,0.38643523422681186,0.2754326717614904,19068,25152
no_relations,lstm,896,42,smoothed_frames,investigation,28,2739.964285714286,3441.714285714286,0.6074683250519451,0.7510478402803697,0.6612607169710412,0.6124647470148729,0.5296857928045811,0.338977985326866,76719,96368
no_relations,lstm,896,42,smoothed_frames,mount,28,1259.9642857142858,1142.2857142857142,0.45103350653208174,0.43588704214552126,0.4302231143287412,0.42575757891872673,0.41710978017658834,0.33306915418410815,35279,31984
no_relations,lstm,896,42,smoothed_frames,other,28,7760.785714285715,6959.428571428572,0.9576993797444296,0.8617957582824227,0.9057415296493553,0.0,0.0,0.0,217302,194864
no_relations,lstm,896,43,raw_windows,attack,28,681.0,832.5714285714286,0.39725151142812765,0.38850310352319106,0.3823232928214703,0.3979450205412487,0.38313996081950397,0.2823859749624299,19068,23312
no_relations,lstm,896,43,raw_windows,investigation,28,2739.964285714286,3736.0,0.5835154257471791,0.7952351972052735,0.6625029915253658,0.6144243625723271,0.5309817856492202,0.33743715828469967,76719,104608
no_relations,lstm,896,43,raw_windows,mount,28,1259.9642857142858,1169.7142857142858,0.4603658147186345,0.4536519194249351,0.4418837019457976,0.4508808679591492,0.43550349171220776,0.3676588532311443,35279,32752
no_relations,lstm,896,43,raw_windows,other,28,7760.785714285715,6703.428571428572,0.9638620655314651,0.8400447318363037,0.8957614455649544,0.0,0.0,0.0,217302,187696
no_relations,lstm,896,43,smoothed_frames,attack,28,681.0,834.8571428571429,0.3969120585774522,0.3885343496174293,0.3821862177515167,0.3972247324260026,0.3825397207234656,0.2819057828855992,19068,23376
no_relations,lstm,896,43,smoothed_frames,investigation,28,2739.964285714286,3736.0,0.5835154257471791,0.7952351972052735,0.6625029915253658,0.6144243625723271,0.5309817856492202,0.33743715828469967,76719,104608
no_relations,lstm,896,43,smoothed_frames,mount,28,1259.9642857142858,1169.7142857142858,0.4603658147186345,0.4536519194249351,0.4418837019457976,0.4508808679591492,0.43550349171220776,0.3676588532311443,35279,32752
no_relations,lstm,896,43,smoothed_frames,other,28,7760.785714285715,6701.142857142857,0.9641130109194184,0.8399293886413812,0.8957941359560891,0.0,0.0,0.0,217302,187632
no_relations,lstm,896,44,raw_windows,attack,28,681.0,760.5714285714286,0.4082977035557319,0.3564763980060967,0.36697836067478634,0.38796728424547977,0.36625723600481924,0.25388974324527497,19068,21296
no_relations,lstm,896,44,raw_windows,investigation,28,2739.964285714286,3904.5714285714284,0.5731268374730132,0.8247922424010425,0.6669491448770775,0.6282658672843803,0.5368702303134556,0.344733382132201,76719,109328
no_relations,lstm,896,44,raw_windows,mount,28,1259.9642857142858,1025.7142857142858,0.4703520196222376,0.40450625853820343,0.4129331036895862,0.43563725946211174,0.4028488593245737,0.3197191036826367,35279,28720
no_relations,lstm,896,44,raw_windows,other,28,7760.785714285715,6750.857142857143,0.9671165525146316,0.8435007770362519,0.8996960497319417,0.0,0.0,0.0,217302,189024
no_relations,lstm,896,44,smoothed_frames,attack,28,681.0,762.8571428571429,0.4078844022563207,0.3565076441003349,0.3668395621806142,0.3875399375336401,0.3655855622311101,0.25342967451150344,19068,21360
no_relations,lstm,896,44,smoothed_frames,investigation,28,2739.964285714286,3904.5714285714284,0.5731268374730132,0.8247922424010425,0.6669491448770775,0.6282658672843803,0.5368702303134556,0.344733382132201,76719,109328
no_relations,lstm,896,44,smoothed_frames,mount,28,1259.9642857142858,1025.7142857142858,0.4703520196222376,0.40450625853820343,0.4129331036895862,0.43563725946211174,0.4028488593245737,0.3197191036826367,35279,28720
no_relations,lstm,896,44,smoothed_frames,other,28,7760.785714285715,6748.571428571428,0.9673640693402232,0.8433854338413295,0.8997287571406452,0.0,0.0,0.0,217302,188960
pose_relations_only,attention,256,42,raw_windows,attack,28,681.0,990.2857142857143,0.36224859229746326,0.42438011311435103,0.3832326769117443,0.39040794534284357,0.3672668027069274,0.2634607914220054,19068,27728
pose_relations_only,attention,256,42,raw_windows,investigation,28,2739.964285714286,2714.8571428571427,0.6770383933673557,0.711176633753151,0.6775488083230138,0.6025627102938008,0.5433607295783017,0.3741318625963858,76719,76016
pose_relations_only,attention,256,42,raw_windows,mount,28,1259.9642857142858,1375.4285714285713,0.47015370778215576,0.5250887377324251,0.4796588321150705,0.4936202869647127,0.4834066041482901,0.4302533370408311,35279,38512
pose_relations_only,attention,256,42,raw_windows,other,28,7760.785714285715,7361.142857142857,0.9606818857648877,0.8904545559384877,0.9222887177517745,0.0,0.0,0.0,217302,206112
pose_relations_only,attention,256,42,smoothed_frames,attack,28,681.0,992.5714285714286,0.3619702631543488,0.4244113592085893,0.3831005068914862,0.38997077761440124,0.36650149993569225,0.2629494419126874,19068,27792
pose_relations_only,attention,256,42,smoothed_frames,investigation,28,2739.964285714286,2714.8571428571427,0.6770383933673557,0.711176633753151,0.6775488083230138,0.6025627102938008,0.5433607295783017,0.3741318625963858,76719,76016
pose_relations_only,attention,256,42,smoothed_frames,mount,28,1259.9642857142858,1375.4285714285713,0.47015370778215576,0.5250887377324251,0.4796588321150705,0.4936202869647127,0.4834066041482901,0.4302533370408311,35279,38512
pose_relations_only,attention,256,42,smoothed_frames,other,28,7760.785714285715,7358.857142857143,0.960902254501146,0.8903392127435653,0.9223221320618641,0.0,0.0,0.0,217302,206048
pose_relations_only,attention,256,43,raw_windows,attack,28,681.0,590.2857142857143,0.4149684423276149,0.30260972026616095,0.33111619201495684,0.364506823736147,0.33924247311465355,0.2403103249719791,19068,16528
pose_relations_only,attention,256,43,raw_windows,investigation,28,2739.964285714286,3137.1428571428573,0.6444332182914785,0.7947802995141956,0.7028750203546119,0.6437877478374744,0.5765108890506258,0.3949093422089966,76719,87840
pose_relations_only,attention,256,43,raw_windows,mount,28,1259.9642857142858,1287.4285714285713,0.4964026264744023,0.5051772807732937,0.4783486367064272,0.5028833494426825,0.47950061724988174,0.4262303839780139,35279,36048
pose_relations_only,attention,256,43,raw_windows,other,28,7760.785714285715,7426.857142857143,0.9570043096983205,0.8929529445117567,0.9218076482859255,0.0,0.0,0.0,217302,207952
pose_relations_only,attention,256,43,smoothed_frames,attack,28,681.0,592.5714285714286,0.41446376934650714,0.30264096636039917,0.3309831703389829,0.3640389091264414,0.3384888090027805,0.23994593072698783,19068,16592
pose_relations_only,attention,256,43,smoothed_frames,investigation,28,2739.964285714286,3137.1428571428573,0.6444332182914785,0.7947802995141956,0.7028750203546119,0.6437877478374744,0.5765108890506258,0.3949093422089966,76719,87840
pose_relations_only,attention,256,43,smoothed_frames,mount,28,1259.9642857142858,1287.4285714285713,0.4964026264744023,0.5051772807732937,0.4783486367064272,0.5028833494426825,0.47950061724988174,0.4262303839780139,35279,36048
pose_relations_only,attention,256,43,smoothed_frames,other,28,7760.785714285715,7424.571428571428,0.9572204112524849,0.8928376013168341,0.9218410765653002,0.0,0.0,0.0,217302,207888
pose_relations_only,attention,256,44,raw_windows,attack,28,681.0,836.0,0.3786815937791669,0.3871230584447428,0.3745544684286994,0.38766424711484515,0.37141352627244306,0.2681618064457835,19068,23408
pose_relations_only,attention,256,44,raw_windows,investigation,28,2739.964285714286,3266.285714285714,0.6307986979655203,0.8104884690638271,0.6987203243845025,0.6490935723159464,0.5853590205475788,0.38669172061873575,76719,91456
pose_relations_only,attention,256,44,raw_windows,mount,28,1259.9642857142858,1244.5714285714287,0.48031703086504945,0.47468573768446054,0.4632948683957224,0.4666876499432059,0.4524019356574916,0.40131324570729837,35279,34848
pose_relations_only,attention,256,44,raw_windows,other,28,7760.785714285715,7094.857142857143,0.9691621859038245,0.8650635246272659,0.9118850450808367,0.0,0.0,0.0,217302,198656
pose_relations_only,attention,256,44,smoothed_frames,attack,28,681.0,838.2857142857143,0.3783474414143428,0.38715430453898103,0.3744195545305077,0.38720772304180134,0.3706358981480226,0.2676690077002691,19068,23472
pose_relations_only,attention,256,44,smoothed_frames,investigation,28,2739.964285714286,3266.285714285714,0.6307986979655203,0.8104884690638271,0.6987203243845025,0.6490935723159464,0.5853590205475788,0.38669172061873575,76719,91456
pose_relations_only,attention,256,44,smoothed_frames,mount,28,1259.9642857142858,1244.5714285714287,0.48031703086504945,0.47468573768446054,0.4632948683957224,0.4666876499432059,0.4524019356574916,0.40131324570729837,35279,34848
pose_relations_only,attention,256,44,smoothed_frames,other,28,7760.785714285715,7092.571428571428,0.969393764982149,0.8649481814323433,0.9119173595906905,0.0,0.0,0.0,217302,198592
pose_relations_only,attention,512,42,raw_windows,attack,28,681.0,939.4285714285714,0.3731374847693441,0.41247014831402573,0.3829142145077394,0.3952241344751716,0.3776962755044004,0.2795479672258095,19068,26304
pose_relations_only,attention,512,42,raw_windows,investigation,28,2739.964285714286,3012.5714285714284,0.6518277193061891,0.7680164727647837,0.6913850490252488,0.636806264716985,0.573277188912102,0.38176744894294995,76719,84352
pose_relations_only,attention,512,42,raw_windows,mount,28,1259.9642857142858,1274.2857142857142,0.4656560938193485,0.48510264985054224,0.46274055936311653,0.4626324839132729,0.44763145010735583,0.3926689590601346,35279,35680
pose_relations_only,attention,512,42,raw_windows,other,28,7760.785714285715,7215.428571428572,0.96621137471579,0.8770796165144514,0.9173934430023039,0.0,0.0,0.0,217302,202032
pose_relations_only,attention,512,42,smoothed_frames,attack,28,681.0,941.7142857142857,0.3728280708796835,0.41250139440826394,0.3827789057555678,0.39458310883414593,0.3770552498633747,0.2791358793137216,19068,26368
pose_relations_only,attention,512,42,smoothed_frames,investigation,28,2739.964285714286,3012.5714285714284,0.6518277193061891,0.7680164727647837,0.6913850490252488,0.636806264716985,0.573277188912102,0.38176744894294995,76719,84352
pose_relations_only,attention,512,42,smoothed_frames,mount,28,1259.9642857142858,1274.2857142857142,0.4656560938193485,0.48510264985054224,0.46274055936311653,0.4626324839132729,0.44763145010735583,0.3926689590601346,35279,35680
pose_relations_only,attention,512,42,smoothed_frames,other,28,7760.785714285715,7213.142857142857,0.9664356821709404,0.876964273319529,0.9174264556619994,0.0,0.0,0.0,217302,201968
pose_relations_only,attention,512,43,raw_windows,attack,28,681.0,1006.8571428571429,0.3590265124990328,0.44117968723490136,0.3901280306565965,0.386259354336037,0.36190731531293074,0.2659036147542492,19068,28192
pose_relations_only,attention,512,43,raw_windows,investigation,28,2739.964285714286,2477.714285714286,0.7068160534190419,0.666558477985477,0.6692071053001774,0.5924384203382138,0.5306134640917609,0.3846164778087486,76719,69376
pose_relations_only,attention,512,43,raw_windows,mount,28,1259.9642857142858,1351.4285714285713,0.47602996395051334,0.5234375809184875,0.4842688263720218,0.49619437717973774,0.48872239710501797,0.43000580286794726,35279,37840
pose_relations_only,attention,512,43,raw_windows,other,28,7760.785714285715,7605.714285714285,0.9464335145730843,0.9110284330275338,0.9267315927140591,0.0,0.0,0.0,217302,212960
pose_relations_only,attention,512,43,smoothed_frames,attack,28,681.0,1009.1428571428571,0.3587403199462322,0.4412109333291396,0.38999165939632946,0.38575570228895356,0.3610644672859477,0.2653467487917838,19068,28256
pose_relations_only,attention,512,43,smoothed_frames,investigation,28,2739.964285714286,2477.714285714286,0.7068160534190419,0.666558477985477,0.6692071053001774,0.5924384203382138,0.5306134640917609,0.3846164778087486,76719,69376
pose_relations_only,attention,512,43,smoothed_frames,mount,28,1259.9642857142858,1351.4285714285713,0.47602996395051334,0.5234375809184875,0.4842688263720218,0.49619437717973774,0.48872239710501797,0.43000580286794726,35279,37840
pose_relations_only,attention,512,43,smoothed_frames,other,28,7760.785714285715,7603.428571428572,0.9466373702113239,0.9109130898326113,0.9267653029718129,0.0,0.0,0.0,217302,212896
pose_relations_only,attention,512,44,raw_windows,attack,28,681.0,828.5714285714286,0.38354904158843867,0.39575363267488184,0.38019930703112415,0.39174751238131317,0.37665528556285427,0.2779581567837803,19068,23200
pose_relations_only,attention,512,44,raw_windows,investigation,28,2739.964285714286,3253.1428571428573,0.634591222042048,0.8154549769135709,0.6992837740664447,0.6417256098523793,0.5681009808353916,0.38891008108106817,76719,91088
pose_relations_only,attention,512,44,raw_windows,mount,28,1259.9642857142858,1143.4285714285713,0.4946891729237563,0.4490216718713555,0.4551951729306817,0.4546658428690903,0.4417995425027899,0.3706750257686734,35279,32016
pose_relations_only,attention,512,44,raw_windows,other,28,7760.785714285715,7216.571428571428,0.9659514315501665,0.8750999927901153,0.9160590086974613,0.0,0.0,0.0,217302,202064
pose_relations_only,attention,512,44,smoothed_frames,attack,28,681.0,830.8571428571429,0.383215647180782,0.39578487876912005,0.3800613388627329,0.3910503866841875,0.37595815986572856,0.27752915635477987,19068,23264
pose_relations_only,attention,512,44,smoothed_frames,investigation,28,2739.964285714286,3253.1428571428573,0.634591222042048,0.8154549769135709,0.6992837740664447,0.6417256098523793,0.5681009808353916,0.38891008108106817,76719,91088
pose_relations_only,attention,512,44,smoothed_frames,mount,28,1259.9642857142858,1143.4285714285713,0.4946891729237563,0.4490216718713555,0.4551951729306817,0.4546658428690903,0.4417995425027899,0.3706750257686734,35279,32016
pose_relations_only,attention,512,44,smoothed_frames,other,28,7760.785714285715,7214.285714285715,0.9661776616797947,0.8749846495951928,0.9160917893462405,0.0,0.0,0.0,217302,202000
pose_relations_only,attention,896,42,raw_windows,attack,28,681.0,958.2857142857143,0.36658733507465124,0.4425204938150554,0.3934387666744186,0.39247193689069093,0.3768565909124459,0.27837507679643897,19068,26832
pose_relations_only,attention,896,42,raw_windows,investigation,28,2739.964285714286,2601.1428571428573,0.700467871541916,0.7010303236064024,0.6831595658278369,0.6057574486272471,0.5474720626332977,0.3905054385985443,76719,72832
pose_relations_only,attention,896,42,raw_windows,mount,28,1259.9642857142858,1382.857142857143,0.4577028953220325,0.528532526272855,0.4752458183557488,0.48890753312205987,0.47554555675256466,0.4161817297809406,35279,38720
pose_relations_only,attention,896,42,raw_windows,other,28,7760.785714285715,7499.428571428572,0.953100405724238,0.9028718956825779,0.9256724782633273,0.0,0.0,0.0,217302,209984
pose_relations_only,attention,896,42,smoothed_frames,attack,28,681.0,960.5714285714286,0.3662976967687918,0.44255173990929364,0.393302059745171,0.3919999936265207,0.37604687399884246,0.27783791494333215,19068,26896
pose_relations_only,attention,896,42,smoothed_frames,investigation,28,2739.964285714286,2601.1428571428573,0.700467871541916,0.7010303236064024,0.6831595658278369,0.6057574486272471,0.5474720626332977,0.3905054385985443,76719,72832
pose_relations_only,attention,896,42,smoothed_frames,mount,28,1259.9642857142858,1382.857142857143,0.4577028953220325,0.528532526272855,0.4752458183557488,0.48890753312205987,0.47554555675256466,0.4161817297809406,35279,38720
pose_relations_only,attention,896,42,smoothed_frames,other,28,7760.785714285715,7497.142857142857,0.9533069536726668,0.9027565524876555,0.9257059873958523,0.0,0.0,0.0,217302,209920
pose_relations_only,attention,896,43,raw_windows,attack,28,681.0,834.8571428571429,0.38113386852381853,0.3905313964479304,0.3743743441112863,0.39357359853645046,0.3749276633426802,0.2813637897600146,19068,23376
pose_relations_only,attention,896,43,raw_windows,investigation,28,2739.964285714286,3012.0,0.6515386101896894,0.7706540433726847,0.6952295801953337,0.6438818901908451,0.5783800026884217,0.39787658148307103,76719,84336
pose_relations_only,attention,896,43,raw_windows,mount,28,1259.9642857142858,1333.142857142857,0.44747256913284705,0.49346600817630454,0.45298746523285865,0.4591602576244709,0.43849441553005736,0.39690940116903606,35279,37328
pose_relations_only,attention,896,43,raw_windows,other,28,7760.785714285715,7261.714285714285,0.9633775158609481,0.8797775538816671,0.9175171635668897,0.0,0.0,0.0,217302,203328
pose_relations_only,attention,896,43,smoothed_frames,attack,28,681.0,837.1428571428571,0.3808113244997612,0.3905626425421686,0.37423860465016384,0.3930883134330531,0.3741654636278504,0.28090907312082053,19068,23440
pose_relations_only,attention,896,43,smoothed_frames,investigation,28,2739.964285714286,3012.0,0.6515386101896894,0.7706540433726847,0.6952295801953337,0.6438818901908451,0.5783800026884217,0.39787658148307103,76719,84336
pose_relations_only,attention,896,43,smoothed_frames,mount,28,1259.9642857142858,1333.142857142857,0.44747256913284705,0.49346600817630454,0.45298746523285865,0.4591602576244709,0.43849441553005736,0.39690940116903606,35279,37328
pose_relations_only,attention,896,43,smoothed_frames,other,28,7760.785714285715,7259.428571428572,0.9636033911204711,0.8796622106867446,0.9175507334886933,0.0,0.0,0.0,217302,203264
pose_relations_only,attention,896,44,raw_windows,attack,28,681.0,881.7142857142857,0.3798576073856485,0.42246447694557476,0.3943411194465127,0.4066760467324377,0.3919596923544292,0.29796536726987854,19068,24688
pose_relations_only,attention,896,44,raw_windows,investigation,28,2739.964285714286,3202.285714285714,0.6435276530338199,0.7990316973906619,0.6967263890104337,0.6378124813634266,0.5650599765951914,0.39133554022798817,76719,89664
pose_relations_only,attention,896,44,raw_windows,mount,28,1259.9642857142858,1081.7142857142858,0.5050822908952382,0.43114380226552296,0.4531821921769805,0.4669343179354447,0.45681220012280244,0.3459493138258308,35279,30288
pose_relations_only,attention,896,44,raw_windows,other,28,7760.785714285715,7276.0,0.9633704547536797,0.8805805609709687,0.917984597943353,0.0,0.0,0.0,217302,203728
pose_relations_only,attention,896,44,smoothed_frames,attack,28,681.0,884.0,0.3795428998671461,0.422495723039813,0.39420229287953606,0.406154507069107,0.39110055496544105,0.297381142319982,19068,24752
pose_relations_only,attention,896,44,smoothed_frames,investigation,28,2739.964285714286,3202.285714285714,0.6435276530338199,0.7990316973906619,0.6967263890104337,0.6378124813634266,0.5650599765951914,0.39133554022798817,76719,89664
pose_relations_only,attention,896,44,smoothed_frames,mount,28,1259.9642857142858,1081.7142857142858,0.5050822908952382,0.43114380226552296,0.4531821921769805,0.4669343179354447,0.45681220012280244,0.3459493138258308,35279,30288
pose_relations_only,attention,896,44,smoothed_frames,other,28,7760.785714285715,7273.714285714285,0.9635902797621927,0.8804652177760462,0.9180172746133224,0.0,0.0,0.0,217302,203664
pose_relations_only,lstm,256,42,raw_windows,attack,28,681.0,987.4285714285714,0.36536638545933303,0.4119219007572282,0.378412902749138,0.38792277475055215,0.37102247037942254,0.2629550963509071,19068,27648
pose_relations_only,lstm,256,42,raw_windows,investigation,28,2739.964285714286,2803.4285714285716,0.6607580622074033,0.7152491893316262,0.6730102800813499,0.6094732169665965,0.5409000040363949,0.3633156663383997,76719,78496
pose_relations_only,lstm,256,42,raw_windows,mount,28,1259.9642857142858,1286.857142857143,0.4463069892500222,0.4568332877046854,0.44405618522226975,0.4516553643400934,0.4301735898121004,0.37822435661830045,35279,36032
pose_relations_only,lstm,256,42,raw_windows,other,28,7760.785714285715,7364.0,0.9586849149853994,0.8900174443094786,0.9212795689276961,0.0,0.0,0.0,217302,206192
pose_relations_only,lstm,256,42,smoothed_frames,attack,28,681.0,989.7142857142857,0.3650818141377746,0.41195314685146645,0.37828170369807673,0.38724801091789357,0.37034770654676397,0.2624731221847224,19068,27712
pose_relations_only,lstm,256,42,smoothed_frames,investigation,28,2739.964285714286,2803.4285714285716,0.6607580622074033,0.7152491893316262,0.6730102800813499,0.6094732169665965,0.5409000040363949,0.3633156663383997,76719,78496
pose_relations_only,lstm,256,42,smoothed_frames,mount,28,1259.9642857142858,1286.857142857143,0.4463069892500222,0.4568332877046854,0.44405618522226975,0.4516553643400934,0.4301735898121004,0.37822435661830045,35279,36032
pose_relations_only,lstm,256,42,smoothed_frames,other,28,7760.785714285715,7361.714285714285,0.9589015966840465,0.8899021011145561,0.9213129495159881,0.0,0.0,0.0,217302,206128
pose_relations_only,lstm,256,43,raw_windows,attack,28,681.0,726.8571428571429,0.39943370729844707,0.36835609030306377,0.3745391424828611,0.3880069924662255,0.37194716223622387,0.27961264891663345,19068,20352
pose_relations_only,lstm,256,43,raw_windows,investigation,28,2739.964285714286,2673.1428571428573,0.6901037882386021,0.7023584984885665,0.685948045606394,0.6009216071304352,0.5478536791491447,0.3901310177676519,76719,74848
pose_relations_only,lstm,256,43,raw_windows,mount,28,1259.9642857142858,1303.4285714285713,0.4524472706221842,0.4946995769106673,0.4529062955622242,0.46663496251178904,0.44271721359404015,0.3842284680435734,35279,36496
pose_relations_only,lstm,256,43,raw_windows,other,28,7760.785714285715,7738.285714285715,0.9376060276574595,0.9151646995857746,0.9245490649116394,0.0,0.0,0.0,217302,216672
pose_relations_only,lstm,256,43,smoothed_frames,attack,28,681.0,729.1428571428571,0.3990052543515148,0.368387336397302,0.37439833166019226,0.38751045238677906,0.3711775861130917,0.27920126485081204,19068,20416
pose_relations_only,lstm,256,43,smoothed_frames,investigation,28,2739.964285714286,2673.1428571428573,0.6901037882386021,0.7023584984885665,0.685948045606394,0.6009216071304352,0.5478536791491447,0.3901310177676519,76719,74848
pose_relations_only,lstm,256,43,smoothed_frames,mount,28,1259.9642857142858,1303.4285714285713,0.4524472706221842,0.4946995769106673,0.4529062955622242,0.46663496251178904,0.44271721359404015,0.3842284680435734,35279,36496
pose_relations_only,lstm,256,43,smoothed_frames,other,28,7760.785714285715,7736.0,0.9378079626287743,0.915049356390852,0.9245821143748761,0.0,0.0,0.0,217302,216608
pose_relations_only,lstm,256,44,raw_windows,attack,28,681.0,713.7142857142857,0.39394573644784436,0.35124603280462796,0.3604194498711276,0.3835623661721704,0.3656650271185371,0.2348651464681019,19068,19984
pose_relations_only,lstm,256,44,raw_windows,investigation,28,2739.964285714286,3132.5714285714284,0.6420071071584456,0.7715980696983461,0.6896983576454121,0.6217705431066587,0.5567330235384056,0.38130480276128187,76719,87712
pose_relations_only,lstm,256,44,raw_windows,mount,28,1259.9642857142858,1152.5714285714287,0.47956411459333836,0.41722411591284175,0.430860291421168,0.44914650557946684,0.4145710037369388,0.3700848558932091,35279,32272
pose_relations_only,lstm,256,44,raw_windows,other,28,7760.785714285715,7442.857142857143,0.9517445744123723,0.8950135586835974,0.9206103460003411,0.0,0.0,0.0,217302,208400
pose_relations_only,lstm,256,44,smoothed_frames,attack,28,681.0,716.0,0.39352611581286157,0.3512772788988662,0.36028417959682874,0.38286524047504467,0.3650215264750365,0.23454339614635153,19068,20048
pose_relations_only,lstm,256,44,smoothed_frames,investigation,28,2739.964285714286,3132.5714285714284,0.6420071071584456,0.7715980696983461,0.6896983576454121,0.6217705431066587,0.5567330235384056,0.38130480276128187,76719,87712
pose_relations_only,lstm,256,44,smoothed_frames,mount,28,1259.9642857142858,1152.5714285714287,0.47956411459333836,0.41722411591284175,0.430860291421168,0.44914650557946684,0.4145710037369388,0.3700848558932091,35279,32272
pose_relations_only,lstm,256,44,smoothed_frames,other,28,7760.785714285715,7440.571428571428,0.951960324358702,0.894898215488675,0.9206441576563529,0.0,0.0,0.0,217302,208336
pose_relations_only,lstm,512,42,raw_windows,attack,28,681.0,994.8571428571429,0.3696516006228059,0.41930458531023185,0.3833039983988532,0.3984007426256265,0.37939474006923046,0.2855993686096024,19068,27856
pose_relations_only,lstm,512,42,raw_windows,investigation,28,2739.964285714286,2886.285714285714,0.6541145005353666,0.728793995347931,0.6748042424881006,0.6152181846911954,0.5449043176930853,0.3595421626468093,76719,80816
pose_relations_only,lstm,512,42,raw_windows,mount,28,1259.9642857142858,1281.7142857142858,0.4511740757173461,0.4767823694835194,0.4505952662182488,0.4631296078007347,0.43632910499091515,0.3722906522784958,35279,35888
pose_relations_only,lstm,512,42,raw_windows,other,28,7760.785714285715,7278.857142857143,0.9622397417858435,0.8830052444528632,0.9190518422011732,0.0,0.0,0.0,217302,203808
pose_relations_only,lstm,512,42,smoothed_frames,attack,28,681.0,997.1428571428571,0.36934872428100374,0.41933583140447006,0.3831684219671954,0.3976499918748758,0.3786439893184797,0.2850631180733519,19068,27920
pose_relations_only,lstm,512,42,smoothed_frames,investigation,28,2739.964285714286,2886.285714285714,0.6541145005353666,0.728793995347931,0.6748042424881006,0.6152181846911954,0.5449043176930853,0.3595421626468093,76719,80816
pose_relations_only,lstm,512,42,smoothed_frames,mount,28,1259.9642857142858,1281.7142857142858,0.4511740757173461,0.4767823694835194,0.4505952662182488,0.4631296078007347,0.43632910499091515,0.3722906522784958,35279,35888
pose_relations_only,lstm,512,42,smoothed_frames,other,28,7760.785714285715,7276.571428571428,0.9624586032111482,0.8828899012579409,0.9190847778250907,0.0,0.0,0.0,217302,203744
pose_relations_only,lstm,512,43,raw_windows,attack,28,681.0,736.5714285714286,0.397518810558955,0.3675690929891739,0.37134059836481065,0.38915421340722894,0.37297172329513156,0.2550804567716998,19068,20624
pose_relations_only,lstm,512,43,raw_windows,investigation,28,2739.964285714286,3034.285714285714,0.6549542695090295,0.7707790665840422,0.6962610517066831,0.6330150344431545,0.569513448613921,0.38229046058061017,76719,84960
pose_relations_only,lstm,512,43,raw_windows,mount,28,1259.9642857142858,1214.2857142857142,0.46814998064929564,0.44051392470806466,0.4353420967697556,0.4549016992806915,0.41528150337624276,0.3782347449783952,35279,34000
pose_relations_only,lstm,512,43,raw_windows,other,28,7760.785714285715,7456.571428571428,0.9541830619003052,0.8955732154527454,0.9220243821949344,0.0,0.0,0.0,217302,208784
pose_relations_only,lstm,512,43,smoothed_frames,attack,28,681.0,738.8571428571429,0.39712052743077575,0.3676003390834121,0.3712028289788058,0.3884739412983854,0.37234814052869164,0.2547970100596817,19068,20688
pose_relations_only,lstm,512,43,smoothed_frames,investigation,28,2739.964285714286,3034.285714285714,0.6549542695090295,0.7707790665840422,0.6962610517066831,0.6330150344431545,0.569513448613921,0.38229046058061017,76719,84960
pose_relations_only,lstm,512,43,smoothed_frames,mount,28,1259.9642857142858,1214.2857142857142,0.46814998064929564,0.44051392470806466,0.4353420967697556,0.4549016992806915,0.41528150337624276,0.3782347449783952,35279,34000
pose_relations_only,lstm,512,43,smoothed_frames,other,28,7760.785714285715,7454.285714285715,0.954397423681401,0.8954578722578229,0.9220572836570222,0.0,0.0,0.0,217302,208720
pose_relations_only,lstm,512,44,raw_windows,attack,28,681.0,781.1428571428571,0.38689510173729014,0.3707042664067028,0.3679975171010495,0.38350190435363113,0.3672311098696483,0.24669580868648813,19068,21872
pose_relations_only,lstm,512,44,raw_windows,investigation,28,2739.964285714286,3200.5714285714284,0.6334698610129417,0.7818047530346007,0.6885865541342227,0.6220135874897448,0.5553224528232198,0.3604973569539839,76719,89616
pose_relations_only,lstm,512,44,raw_windows,mount,28,1259.9642857142858,1162.2857142857142,0.47394238639611336,0.417326718888254,0.4294112852609665,0.44225173691117964,0.40672692337884736,0.36182978528179766,35279,32544
pose_relations_only,lstm,512,44,raw_windows,other,28,7760.785714285715,7297.714285714285,0.9574823782519972,0.883782333822267,0.917101774430938,0.0,0.0,0.0,217302,204336
pose_relations_only,lstm,512,44,smoothed_frames,attack,28,681.0,783.4285714285714,0.3865096711767193,0.370735512500941,0.36785929830638225,0.3828216322447876,0.36655083776080477,0.24635567263206637,19068,21936
pose_relations_only,lstm,512,44,smoothed_frames,investigation,28,2739.964285714286,3200.5714285714284,0.6334698610129417,0.7818047530346007,0.6885865541342227,0.6220135874897448,0.5553224528232198,0.3604973569539839,76719,89616
pose_relations_only,lstm,512,44,smoothed_frames,mount,28,1259.9642857142858,1162.2857142857142,0.47394238639611336,0.417326718888254,0.4294112852609665,0.44225173691117964,0.40672692337884736,0.36182978528179766,35279,32544
pose_relations_only,lstm,512,44,smoothed_frames,other,28,7760.785714285715,7295.428571428572,0.9577036222396546,0.8836669906273446,0.9171355591110243,0.0,0.0,0.0,217302,204272
pose_relations_only,lstm,896,42,raw_windows,attack,28,681.0,998.2857142857143,0.3614744031329665,0.43269939031841254,0.38724856714565503,0.39220794457520014,0.3730904824472935,0.2735714227478873,19068,27952
pose_relations_only,lstm,896,42,raw_windows,investigation,28,2739.964285714286,2844.5714285714284,0.653222086912907,0.7176003177575109,0.6674134270704021,0.6023409993042391,0.5337008010335873,0.34903969154907294,76719,79648
pose_relations_only,lstm,896,42,raw_windows,mount,28,1259.9642857142858,1304.5714285714287,0.45475036524269846,0.48654145621352113,0.4588970298731302,0.4562477192052911,0.44496119976659776,0.38382371959131506,35279,36528
pose_relations_only,lstm,896,42,raw_windows,other,28,7760.785714285715,7294.285714285715,0.9609713696578168,0.8829299461598079,0.9182422119874294,0.0,0.0,0.0,217302,204240
pose_relations_only,lstm,896,42,smoothed_frames,attack,28,681.0,1000.5714285714286,0.36118400803965894,0.43273063641265075,0.38711283693785825,0.39151081887807443,0.3723933567501678,0.27308879726526186,19068,28016
pose_relations_only,lstm,896,42,smoothed_frames,investigation,28,2739.964285714286,2844.5714285714284,0.653222086912907,0.7176003177575109,0.6674134270704021,0.6023409993042391,0.5337008010335873,0.34903969154907294,76719,79648
pose_relations_only,lstm,896,42,smoothed_frames,mount,28,1259.9642857142858,1304.5714285714287,0.45475036524269846,0.48654145621352113,0.4588970298731302,0.4562477192052911,0.44496119976659776,0.38382371959131506,35279,36528
pose_relations_only,lstm,896,42,smoothed_frames,other,28,7760.785714285715,7292.0,0.9611890949706573,0.8828146029648855,0.9182751555350518,0.0,0.0,0.0,217302,204176
pose_relations_only,lstm,896,43,raw_windows,attack,28,681.0,805.1428571428571,0.3935534416955858,0.3854353932413637,0.3765189882382454,0.3794463900893212,0.36624748008514224,0.27390717299634004,19068,22544
pose_relations_only,lstm,896,43,raw_windows,investigation,28,2739.964285714286,2643.4285714285716,0.6890259451722139,0.7012847332704071,0.6812891071958493,0.5923791423288192,0.5419905327491134,0.3868157265241307,76719,74016
pose_relations_only,lstm,896,43,raw_windows,mount,28,1259.9642857142858,1283.4285714285713,0.4606556331767074,0.4802242903610888,0.4538029514987406,0.460064486476837,0.4365667540505332,0.3882482364658609,35279,35936
pose_relations_only,lstm,896,43,raw_windows,other,28,7760.785714285715,7709.714285714285,0.9399361707786728,0.9144670247550076,0.9252861506133658,0.0,0.0,0.0,217302,215872
pose_relations_only,lstm,896,43,smoothed_frames,attack,28,681.0,807.4285714285714,0.3931807299661218,0.38546663933560193,0.3763781893550581,0.3787094286380741,0.36551051863389505,0.27356703694191825,19068,22608
pose_relations_only,lstm,896,43,smoothed_frames,investigation,28,2739.964285714286,2643.4285714285716,0.6890259451722139,0.7012847332704071,0.6812891071958493,0.5923791423288192,0.5419905327491134,0.3868157265241307,76719,74016
pose_relations_only,lstm,896,43,smoothed_frames,mount,28,1259.9642857142858,1283.4285714285713,0.4606556331767074,0.4802242903610888,0.4538029514987406,0.460064486476837,0.4365667540505332,0.3882482364658609,35279,35936
pose_relations_only,lstm,896,43,smoothed_frames,other,28,7760.785714285715,7707.428571428572,0.9401405591919981,0.9143516815600851,0.9253197197973596,0.0,0.0,0.0,217302,215808
pose_relations_only,lstm,896,44,raw_windows,attack,28,681.0,699.4285714285714,0.3808162700470797,0.3296304755877399,0.34230427433900806,0.36373026274556197,0.344447663304788,0.22585185552087886,19068,19584
pose_relations_only,lstm,896,44,raw_windows,investigation,28,2739.964285714286,3432.0,0.6021688211296166,0.8042506291783964,0.68151091564254,0.6330759436920873,0.5487134842043273,0.35570983643561904,76719,96096
pose_relations_only,lstm,896,44,raw_windows,mount,28,1259.9642857142858,1318.857142857143,0.4604758641645311,0.500809288749467,0.4593121653530247,0.48365160436257515,0.4601135926666687,0.3663512610535486,35279,36928
pose_relations_only,lstm,896,44,raw_windows,other,28,7760.785714285715,6991.428571428572,0.9697232922934494,0.8556882244756281,0.9067260502402725,0.0,0.0,0.0,217302,195760
pose_relations_only,lstm,896,44,smoothed_frames,attack,28,681.0,701.7142857142857,0.38040223221851405,0.3296617216819781,0.34217473186003833,0.36304999063671844,0.34393745922315533,0.2255117194664571,19068,19648
pose_relations_only,lstm,896,44,smoothed_frames,investigation,28,2739.964285714286,3432.0,0.6021688211296166,0.8042506291783964,0.68151091564254,0.6330759436920873,0.5487134842043273,0.35570983643561904,76719,96096
pose_relations_only,lstm,896,44,smoothed_frames,mount,28,1259.9642857142858,1318.857142857143,0.4604758641645311,0.500809288749467,0.4593121653530247,0.48365160436257515,0.4601135926666687,0.3663512610535486,35279,36928
pose_relations_only,lstm,896,44,smoothed_frames,other,28,7760.785714285715,6989.142857142857,0.9699508910459554,0.8555728812807056,0.9067591269270157,0.0,0.0,0.0,217302,195696
visual_only,attention,256,42,raw_windows,attack,28,681.0,896.0,0.3816577390275814,0.38381390236735885,0.3713359022828021,0.36806196830497273,0.3452107547173821,0.22818488907590528,19068,25088
visual_only,attention,256,42,raw_windows,investigation,28,2739.964285714286,3240.0,0.595947792681042,0.7173901853094231,0.6454885484540114,0.5780573314939551,0.509255901219289,0.298721564991193,76719,90720
visual_only,attention,256,42,raw_windows,mount,28,1259.9642857142858,1450.2857142857142,0.40504436368682545,0.5422886585567102,0.43669465201650015,0.4380877505521011,0.4291055200556277,0.3582254510065041,35279,40608
visual_only,attention,256,42,raw_windows,other,28,7760.785714285715,6855.428571428572,0.9635387645406962,0.8506632161752918,0.90224359443416,0.0,0.0,0.0,217302,191952
visual_only,attention,256,42,smoothed_frames,attack,28,681.0,898.2857142857143,0.381345808490312,0.38384514846159706,0.37120311177738374,0.3675491239776954,0.3444135572707001,0.22771246128388986,19068,25152
visual_only,attention,256,42,smoothed_frames,investigation,28,2739.964285714286,3240.0,0.595947792681042,0.7173901853094231,0.6454885484540114,0.5780573314939551,0.509255901219289,0.298721564991193,76719,90720
visual_only,attention,256,42,smoothed_frames,mount,28,1259.9642857142858,1450.2857142857142,0.40504436368682545,0.5422886585567102,0.43669465201650015,0.4380877505521011,0.4291055200556277,0.3582254510065041,35279,40608
visual_only,attention,256,42,smoothed_frames,other,28,7760.785714285715,6853.142857142857,0.9637845072853768,0.8505478729803694,0.9022766652347397,0.0,0.0,0.0,217302,191888
visual_only,attention,256,43,raw_windows,attack,28,681.0,966.8571428571429,0.3704257210545565,0.3879683245324813,0.3673646275424004,0.36425494789990587,0.34541904174257115,0.2222065306309004,19068,27072
visual_only,attention,256,43,raw_windows,investigation,28,2739.964285714286,3613.714285714286,0.5775417761849914,0.7664520413469683,0.6513508769076973,0.6050912506986847,0.5106852939211972,0.30982827906280874,76719,101184
visual_only,attention,256,43,raw_windows,mount,28,1259.9642857142858,1165.7142857142858,0.45481811190299704,0.43282555425510144,0.42561886093921775,0.4303932360207794,0.3992204750343538,0.3394429378954973,35279,32640
visual_only,attention,256,43,raw_windows,other,28,7760.785714285715,6695.428571428572,0.9661869692297861,0.8362994976559801,0.8949738934566004,0.0,0.0,0.0,217302,187472
visual_only,attention,256,43,smoothed_frames,attack,28,681.0,969.1428571428571,0.3701321975434842,0.3879995706267195,0.3672344509265018,0.3639241225690806,0.34477554109907055,0.221831155255525,19068,27136
visual_only,attention,256,43,smoothed_frames,investigation,28,2739.964285714286,3613.714285714286,0.5775417761849914,0.7664520413469683,0.6513508769076973,0.6050912506986847,0.5106852939211972,0.30982827906280874,76719,101184
visual_only,attention,256,43,smoothed_frames,mount,28,1259.9642857142858,1165.7142857142858,0.45481811190299704,0.43282555425510144,0.42561886093921775,0.4303932360207794,0.3992204750343538,0.3394429378954973,35279,32640
visual_only,attention,256,43,smoothed_frames,other,28,7760.785714285715,6693.142857142857,0.9664369796526204,0.8361841544610576,0.8950052229654465,0.0,0.0,0.0,217302,187408
visual_only,attention,256,44,raw_windows,attack,28,681.0,851.4285714285714,0.3873627264856719,0.36007367670886536,0.3607136966534595,0.3769696055687256,0.3370821673664389,0.21922545276861508,19068,23840
visual_only,attention,256,44,raw_windows,investigation,28,2739.964285714286,3530.285714285714,0.5833368620199147,0.7622601381730132,0.6555146525847555,0.5888003684187842,0.5023896123741586,0.32067075078164065,76719,98848
visual_only,attention,256,44,raw_windows,mount,28,1259.9642857142858,1246.2857142857142,0.43875482129620175,0.4492479931673046,0.4250380358765304,0.4376026507746528,0.40750136180636876,0.36430241515914624,35279,34896
visual_only,attention,256,44,raw_windows,other,28,7760.785714285715,6813.714285714285,0.9633257693780434,0.8454055400546927,0.8990148122691907,0.0,0.0,0.0,217302,190784
visual_only,attention,256,44,smoothed_frames,attack,28,681.0,853.7142857142857,0.38703856175511697,0.3601049228031036,0.36058137936284973,0.37662279950226324,0.33642173249547774,0.21886983399194368,19068,23904
visual_only,attention,256,44,smoothed_frames,investigation,28,2739.964285714286,3530.285714285714,0.5833368620199147,0.7622601381730132,0.6555146525847555,0.5888003684187842,0.5023896123741586,0.32067075078164065,76719,98848
visual_only,attention,256,44,smoothed_frames,mount,28,1259.9642857142858,1246.2857142857142,0.43875482129620175,0.4492479931673046,0.4250380358765304,0.4376026507746528,0.40750136180636876,0.36430241515914624,35279,34896
visual_only,attention,256,44,smoothed_frames,other,28,7760.785714285715,6811.428571428572,0.9635688515528543,0.8452901968597704,0.8990472017176876,0.0,0.0,0.0,217302,190720
visual_only,attention,512,42,raw_windows,attack,28,681.0,1152.5714285714287,0.3422466122302478,0.4261752836824499,0.37090803723098226,0.3573803839407617,0.3207307766971093,0.2019251815160123,19068,32272
visual_only,attention,512,42,raw_windows,investigation,28,2739.964285714286,3613.1428571428573,0.5598440541110564,0.7493129380559962,0.6329422568236828,0.5805057175361527,0.49290821778919147,0.30211408365842013,76719,101168
visual_only,attention,512,42,raw_windows,mount,28,1259.9642857142858,1074.2857142857142,0.47559157241253897,0.41663356406909285,0.42762103270530766,0.436030190611421,0.4143100095138787,0.3301396643538457,35279,30080
visual_only,attention,512,42,raw_windows,other,28,7760.785714285715,6601.714285714285,0.9728067356627291,0.8268667184836062,0.8922819553221493,0.0,0.0,0.0,217302,184848
visual_only,attention,512,42,smoothed_frames,attack,28,681.0,1154.857142857143,0.34202774708002354,0.4262065297766881,0.37078955770757827,0.3568910309986227,0.31988144690437353,0.20161685341586624,19068,32336
visual_only,attention,512,42,smoothed_frames,investigation,28,2739.964285714286,3613.1428571428573,0.5598440541110564,0.7493129380559962,0.6329422568236828,0.5805057175361527,0.49290821778919147,0.30211408365842013,76719,101168
visual_only,attention,512,42,smoothed_frames,mount,28,1259.9642857142858,1074.2857142857142,0.47559157241253897,0.41663356406909285,0.42762103270530766,0.436030190611421,0.4143100095138787,0.3301396643538457,35279,30080
visual_only,attention,512,42,smoothed_frames,other,28,7760.785714285715,6599.428571428572,0.9730640092020941,0.8267513752886837,0.8923133560371551,0.0,0.0,0.0,217302,184784
visual_only,attention,512,43,raw_windows,attack,28,681.0,855.4285714285714,0.38839205196166665,0.37448133831609925,0.36827248883114383,0.3835577998597471,0.3578838282527911,0.23567200884394301,19068,23952
visual_only,attention,512,43,raw_windows,investigation,28,2739.964285714286,3084.5714285714284,0.6290036871907707,0.6985226228396763,0.6532486242236478,0.5724289720627518,0.5060697685238785,0.3260954977497405,76719,86368
visual_only,attention,512,43,raw_windows,mount,28,1259.9642857142858,1251.4285714285713,0.4275776369359457,0.47462474458965626,0.4312688244487857,0.4261668679586131,0.41037330797168925,0.36004699420637126,35279,35040
visual_only,attention,512,43,raw_windows,other,28,7760.785714285715,7250.285714285715,0.9450671707172041,0.8841174560556466,0.9126386977829181,0.0,0.0,0.0,217302,203008
visual_only,attention,512,43,smoothed_frames,attack,28,681.0,857.7142857142857,0.3880657580250421,0.37451258441033747,0.3681368182512122,0.3830354639102755,0.35707793360267537,0.2352476874397221,19068,24016
visual_only,attention,512,43,smoothed_frames,investigation,28,2739.964285714286,3084.5714285714284,0.6290036871907707,0.6985226228396763,0.6532486242236478,0.5724289720627518,0.5060697685238785,0.3260954977497405,76719,86368
visual_only,attention,512,43,smoothed_frames,mount,28,1259.9642857142858,1251.4285714285713,0.4275776369359457,0.47462474458965626,0.4312688244487857,0.4261668679586131,0.41037330797168925,0.36004699420637126,35279,35040
visual_only,attention,512,43,smoothed_frames,other,28,7760.785714285715,7248.0,0.9452929654320575,0.8840021128607242,0.9126725899591729,0.0,0.0,0.0,217302,202944
visual_only,attention,512,44,raw_windows,attack,28,681.0,862.2857142857143,0.3860283979657971,0.35898421303199163,0.3581786847109573,0.37628726689515407,0.3471965417808649,0.20323246707350537,19068,24144
visual_only,attention,512,44,raw_windows,investigation,28,2739.964285714286,4009.714285714286,0.5451201535012342,0.8221432376479286,0.6486530496979206,0.6074661374294984,0.5167960579163805,0.3070222310817888,76719,112272
visual_only,attention,512,44,raw_windows,mount,28,1259.9642857142858,1046.2857142857142,0.4766014468885046,0.40399614760550634,0.4203576388671108,0.4448508700153383,0.41744116075759646,0.3261659184509446,35279,29296
visual_only,attention,512,44,raw_windows,other,28,7760.785714285715,6523.428571428572,0.9749596360630056,0.8170453475131119,0.8871703525004125,0.0,0.0,0.0,217302,182656
visual_only,attention,512,44,smoothed_frames,attack,28,681.0,864.5714285714286,0.3856812970188756,0.35901545912622984,0.3580458101185375,0.3759442178543297,0.3465361069099037,0.20297845366159725,19068,24208
visual_only,attention,512,44,smoothed_frames,investigation,28,2739.964285714286,4009.714285714286,0.5451201535012342,0.8221432376479286,0.6486530496979206,0.6074661374294984,0.5167960579163805,0.3070222310817888,76719,112272
visual_only,attention,512,44,smoothed_frames,mount,28,1259.9642857142858,1046.2857142857142,0.4766014468885046,0.40399614760550634,0.4203576388671108,0.4448508700153383,0.41744116075759646,0.3261659184509446,35279,29296
visual_only,attention,512,44,smoothed_frames,other,28,7760.785714285715,6521.142857142857,0.9752162815403513,0.8169300043181894,0.8872011133104979,0.0,0.0,0.0,217302,182592
visual_only,attention,896,42,raw_windows,attack,28,681.0,936.5714285714286,0.37837557837120483,0.393873837145617,0.37477528311157704,0.37935605168478054,0.34224145167469533,0.22602302602734273,19068,26224
visual_only,attention,896,42,raw_windows,investigation,28,2739.964285714286,3144.5714285714284,0.6040720870514439,0.7069498521486466,0.6447308835317672,0.5760250544346948,0.5096193055339103,0.30495938363169584,76719,88048
visual_only,attention,896,42,raw_windows,mount,28,1259.9642857142858,1483.4285714285713,0.39982605613243133,0.5200222191114184,0.43049997549981606,0.4196790650610843,0.4134621338441531,0.353443857396997,35279,41536
visual_only,attention,896,42,raw_windows,other,28,7760.785714285715,6877.142857142857,0.9624245649331139,0.8532560347906759,0.9033338188652135,0.0,0.0,0.0,217302,192560
visual_only,attention,896,42,smoothed_frames,attack,28,681.0,938.8571428571429,0.37807314584202023,0.39390508323985524,0.37464242952805116,0.3788356941649656,0.34148660949283194,0.22552237452289306,19068,26288
visual_only,attention,896,42,smoothed_frames,investigation,28,2739.964285714286,3144.5714285714284,0.6040720870514439,0.7069498521486466,0.6447308835317672,0.5760250544346948,0.5096193055339103,0.30495938363169584,76719,88048
visual_only,attention,896,42,smoothed_frames,mount,28,1259.9642857142858,1483.4285714285713,0.39982605613243133,0.5200222191114184,0.43049997549981606,0.4196790650610843,0.4134621338441531,0.353443857396997,35279,41536
visual_only,attention,896,42,smoothed_frames,other,28,7760.785714285715,6874.857142857143,0.9626694538807519,0.8531406915957535,0.9033670122491083,0.0,0.0,0.0,217302,192496
visual_only,attention,896,43,raw_windows,attack,28,681.0,1031.4285714285713,0.3567617369795997,0.41022136833641476,0.3731980949607533,0.36325501504245045,0.32930253641005336,0.21073876196931335,19068,28880
visual_only,attention,896,43,raw_windows,investigation,28,2739.964285714286,3406.285714285714,0.5902918611166817,0.7333972819721621,0.6479574922916532,0.5810844310809621,0.5083495079577622,0.3157534896174739,76719,95376
visual_only,attention,896,43,raw_windows,mount,28,1259.9642857142858,1259.4285714285713,0.4304149595677111,0.4638732701288767,0.4300878901066492,0.43094907569888125,0.4100532637932171,0.3641703358290084,35279,35264
visual_only,attention,896,43,raw_windows,other,28,7760.785714285715,6744.571428571428,0.9650869379150052,0.8432394762287363,0.8983023795731507,0.0,0.0,0.0,217302,188848
visual_only,attention,896,43,smoothed_frames,attack,28,681.0,1033.7142857142858,0.3565165728090261,0.410252614430653,0.37307407792576414,0.36293078343649293,0.3287072983148152,0.21041824914880053,19068,28944
visual_only,attention,896,43,smoothed_frames,investigation,28,2739.964285714286,3406.285714285714,0.5902918611166817,0.7333972819721621,0.6479574922916532,0.5810844310809621,0.5083495079577622,0.3157534896174739,76719,95376
visual_only,attention,896,43,smoothed_frames,mount,28,1259.9642857142858,1259.4285714285713,0.4304149595677111,0.4638732701288767,0.4300878901066492,0.43094907569888125,0.4100532637932171,0.3641703358290084,35279,35264
visual_only,attention,896,43,smoothed_frames,other,28,7760.785714285715,6742.285714285715,0.9653349462907476,0.8431241330338138,0.8983365502744582,0.0,0.0,0.0,217302,188784
visual_only,attention,896,44,raw_windows,attack,28,681.0,843.4285714285714,0.3898216227691548,0.3452225770065196,0.3480382771178432,0.37344233867303966,0.3390100486827476,0.21820958577458333,19068,23616
visual_only,attention,896,44,raw_windows,investigation,28,2739.964285714286,3750.8571428571427,0.558663052776695,0.7958858928862661,0.6502936854253346,0.610732521463183,0.5187584705232134,0.3072927847909951,76719,105024
visual_only,attention,896,44,raw_windows,mount,28,1259.9642857142858,1292.5714285714287,0.4404023139659435,0.4744557698822836,0.43793859731436957,0.43419760205539143,0.4140956741368886,0.3509958930859466,35279,36192
visual_only,attention,896,44,raw_windows,other,28,7760.785714285715,6554.857142857143,0.9730802159110051,0.8195327783525567,0.8879551073124106,0.0,0.0,0.0,217302,183536
visual_only,attention,896,44,smoothed_frames,attack,28,681.0,845.7142857142857,0.38948210972392466,0.3452538231007578,0.3479071995821642,0.3730936827005525,0.3383496138117864,0.2178539669979119,19068,23680
visual_only,attention,896,44,smoothed_frames,investigation,28,2739.964285714286,3750.8571428571427,0.558663052776695,0.7958858928862661,0.6502936854253346,0.610732521463183,0.5187584705232134,0.3072927847909951,76719,105024
visual_only,attention,896,44,smoothed_frames,mount,28,1259.9642857142858,1292.5714285714287,0.4404023139659435,0.4744557698822836,0.43793859731436957,0.43419760205539143,0.4140956741368886,0.3509958930859466,35279,36192
visual_only,attention,896,44,smoothed_frames,other,28,7760.785714285715,6552.571428571428,0.9733357702819992,0.8194174351576342,0.8879863630689516,0.0,0.0,0.0,217302,183472
visual_only,lstm,256,42,raw_windows,attack,28,681.0,1027.4285714285713,0.3393873843154446,0.3732287771862538,0.34135469111587546,0.3365880097770561,0.3079297230929376,0.19605873950157832,19068,28768
visual_only,lstm,256,42,raw_windows,investigation,28,2739.964285714286,3280.5714285714284,0.5837006895967172,0.7273015888822434,0.6402151456282889,0.5986075774223156,0.510846484411277,0.3144252620601335,76719,91856
visual_only,lstm,256,42,raw_windows,mount,28,1259.9642857142858,1357.7142857142858,0.43026588739660854,0.46477700773017927,0.43209363481922497,0.44046383450814863,0.41764379740239727,0.3742218936356658,35279,38016
visual_only,lstm,256,42,raw_windows,other,28,7760.785714285715,6776.0,0.9677361796299397,0.8402855527239695,0.8980787272706383,0.0,0.0,0.0,217302,189728
visual_only,lstm,256,42,smoothed_frames,attack,28,681.0,1029.7142857142858,0.33912289907079324,0.37326002328049207,0.3412381586328301,0.3358083867503021,0.3072501534109732,0.19584818137980436,19068,28832
visual_only,lstm,256,42,smoothed_frames,investigation,28,2739.964285714286,3280.5714285714284,0.5837006895967172,0.7273015888822434,0.6402151456282889,0.5986075774223156,0.510846484411277,0.3144252620601335,76719,91856
visual_only,lstm,256,42,smoothed_frames,mount,28,1259.9642857142858,1357.7142857142858,0.43026588739660854,0.46477700773017927,0.43209363481922497,0.44046383450814863,0.41764379740239727,0.3742218936356658,35279,38016
visual_only,lstm,256,42,smoothed_frames,other,28,7760.785714285715,6773.714285714285,0.9679831540499461,0.8401702095290471,0.8981104063489306,0.0,0.0,0.0,217302,189664
visual_only,lstm,256,43,raw_windows,attack,28,681.0,1004.5714285714286,0.3560375041939263,0.36569867982524745,0.34062268359074477,0.3250167653809078,0.2984554855321267,0.18219893342396315,19068,28128
visual_only,lstm,256,43,raw_windows,investigation,28,2739.964285714286,3585.1428571428573,0.5662243720786513,0.7476640952681405,0.6368924884118805,0.5991897739153054,0.5201602108910673,0.30695512120871843,76719,100384
visual_only,lstm,256,43,raw_windows,mount,28,1259.9642857142858,1288.0,0.42496971676311784,0.46453001439488456,0.4299637226532388,0.42696987124669217,0.4123423140992835,0.35662951328208453,35279,36064
visual_only,lstm,256,43,raw_windows,other,28,7760.785714285715,6564.0,0.9687791203175602,0.8275079067596184,0.8905443149927237,0.0,0.0,0.0,217302,183792
visual_only,lstm,256,43,smoothed_frames,attack,28,681.0,1006.8571428571429,0.35574067666932857,0.36572992591948567,0.3405025349432126,0.3244865937981047,0.297973511365942,0.18190974892425235,19068,28192
visual_only,lstm,256,43,smoothed_frames,investigation,28,2739.964285714286,3585.1428571428573,0.5662243720786513,0.7476640952681405,0.6368924884118805,0.5991897739153054,0.5201602108910673,0.30695512120871843,76719,100384
visual_only,lstm,256,43,smoothed_frames,mount,28,1259.9642857142858,1288.0,0.42496971676311784,0.46453001439488456,0.4299637226532388,0.42696987124669217,0.4123423140992835,0.35662951328208453,35279,36064
visual_only,lstm,256,43,smoothed_frames,other,28,7760.785714285715,6561.714285714285,0.9690369127498624,0.827392563564696,0.8905766156463791,0.0,0.0,0.0,217302,183728
visual_only,lstm,256,44,raw_windows,attack,28,681.0,950.8571428571429,0.3746944179070479,0.34600473933260106,0.3311070320065947,0.3384493282471725,0.30056455833799894,0.16724281728854512,19068,26624
visual_only,lstm,256,44,raw_windows,investigation,28,2739.964285714286,3094.285714285714,0.6115158009404567,0.6900816845187622,0.6402814011229988,0.5832781049416897,0.5151195794091302,0.31355766225248766,76719,86640
visual_only,lstm,256,44,raw_windows,mount,28,1259.9642857142858,1275.4285714285713,0.43519272824066757,0.4652095761441505,0.43546244885993257,0.4458659766904626,0.4435776471710117,0.367976193095052,35279,35712
visual_only,lstm,256,44,raw_windows,other,28,7760.785714285715,7121.142857142857,0.9465622116790423,0.8718318871761577,0.9061558538392539,0.0,0.0,0.0,217302,199392
visual_only,lstm,256,44,smoothed_frames,attack,28,681.0,953.1428571428571,0.374398215005814,0.34603598542683933,0.33098846835855716,0.3381732643332348,0.3000677719802764,0.1669108806263412,19068,26688
visual_only,lstm,256,44,smoothed_frames,investigation,28,2739.964285714286,3094.285714285714,0.6115158009404567,0.6900816845187622,0.6402814011229988,0.5832781049416897,0.5151195794091302,0.31355766225248766,76719,86640
visual_only,lstm,256,44,smoothed_frames,mount,28,1259.9642857142858,1275.4285714285713,0.43519272824066757,0.4652095761441505,0.43546244885993257,0.4458659766904626,0.4435776471710117,0.367976193095052,35279,35712
visual_only,lstm,256,44,smoothed_frames,other,28,7760.785714285715,7118.857142857143,0.9467903775522889,0.8717165439812352,0.9061896707720418,0.0,0.0,0.0,217302,199328
visual_only,lstm,512,42,raw_windows,attack,28,681.0,981.7142857142857,0.37330025108188275,0.3615286661560271,0.34294798959724054,0.3339510688979367,0.30554146156600603,0.17182358800238248,19068,27488
visual_only,lstm,512,42,raw_windows,investigation,28,2739.964285714286,3136.5714285714284,0.6141235702638895,0.7093506043102027,0.6509840035060276,0.5852513198801966,0.5141665621686001,0.32329909852485184,76719,87824
visual_only,lstm,512,42,raw_windows,mount,28,1259.9642857142858,1175.4285714285713,0.4586663911213786,0.4315746103959809,0.4198634415193293,0.436262614527727,0.41148356801175995,0.3375544773138972,35279,32912
visual_only,lstm,512,42,raw_windows,other,28,7760.785714285715,7148.0,0.9482031553603258,0.8757843459985359,0.9091626074367479,0.0,0.0,0.0,217302,200144
visual_only,lstm,512,42,smoothed_frames,attack,28,681.0,984.0,0.37302288685917045,0.3615599122502653,0.34282733491559014,0.3336228684903922,0.3049779106850788,0.1714981471850083,19068,27552
visual_only,lstm,512,42,smoothed_frames,investigation,28,2739.964285714286,3136.5714285714284,0.6141235702638895,0.7093506043102027,0.6509840035060276,0.5852513198801966,0.5141665621686001,0.32329909852485184,76719,87824
visual_only,lstm,512,42,smoothed_frames,mount,28,1259.9642857142858,1175.4285714285713,0.4586663911213786,0.4315746103959809,0.4198634415193293,0.436262614527727,0.41148356801175995,0.3375544773138972,35279,32912
visual_only,lstm,512,42,smoothed_frames,other,28,7760.785714285715,7145.714285714285,0.9484338153758101,0.8756690028036135,0.9091965388348224,0.0,0.0,0.0,217302,200080
visual_only,lstm,512,43,raw_windows,attack,28,681.0,665.1428571428571,0.4043997869920975,0.2893764797294666,0.31360295291743295,0.3356382622073493,0.2989380898861767,0.16172070466377095,19068,18624
visual_only,lstm,512,43,raw_windows,investigation,28,2739.964285714286,3563.4285714285716,0.5882670487096304,0.7718246200716996,0.6610623054837541,0.6051950195347476,0.5198617922536377,0.32942524419186503,76719,99776
visual_only,lstm,512,43,raw_windows,mount,28,1259.9642857142858,1207.4285714285713,0.45469251753002954,0.4476344839600214,0.4255254440238982,0.42980602912868926,0.4045872003384319,0.35403429812296805,35279,33808
visual_only,lstm,512,43,raw_windows,other,28,7760.785714285715,7005.714285714285,0.9576527535052995,0.8651225532413613,0.9076093305105207,0.0,0.0,0.0,217302,196160
visual_only,lstm,512,43,smoothed_frames,attack,28,681.0,667.4285714285714,0.40382345600506614,0.2894077258237049,0.3134775709771794,0.3352091250352391,0.2984144321472191,0.16135676598485113,19068,18688
visual_only,lstm,512,43,smoothed_frames,investigation,28,2739.964285714286,3563.4285714285716,0.5882670487096304,0.7718246200716996,0.6610623054837541,0.6051950195347476,0.5198617922536377,0.32942524419186503,76719,99776
visual_only,lstm,512,43,smoothed_frames,mount,28,1259.9642857142858,1207.4285714285713,0.45469251753002954,0.4476344839600214,0.4255254440238982,0.42980602912868926,0.4045872003384319,0.35403429812296805,35279,33808
visual_only,lstm,512,43,smoothed_frames,other,28,7760.785714285715,7003.428571428572,0.9578856074837941,0.8650072100464389,0.9076428043432353,0.0,0.0,0.0,217302,196096
visual_only,lstm,512,44,raw_windows,attack,28,681.0,804.0,0.39831704076962465,0.3186853313134466,0.32919290296224357,0.3328128197262478,0.29629039639420274,0.16295633160662934,19068,22512
visual_only,lstm,512,44,raw_windows,investigation,28,2739.964285714286,3394.285714285714,0.5895658795882767,0.7323903886104002,0.6474143952067316,0.5848439264108612,0.5048379457276394,0.3140875094685516,76719,95040
visual_only,lstm,512,44,raw_windows,mount,28,1259.9642857142858,1262.857142857143,0.4464896697985295,0.44735533291909124,0.4231757892003935,0.4285581216587518,0.40947892499334826,0.3475938074217882,35279,35360
visual_only,lstm,512,44,raw_windows,other,28,7760.785714285715,6980.571428571428,0.9504591775671845,0.8600292223600124,0.9014457660466257,0.0,0.0,0.0,217302,195456
visual_only,lstm,512,44,smoothed_frames,attack,28,681.0,806.2857142857143,0.397935400976371,0.31871657740768483,0.3290713420569612,0.3325219044784598,0.2957651392812483,0.1626249254007394,19068,22576
visual_only,lstm,512,44,smoothed_frames,investigation,28,2739.964285714286,3394.285714285714,0.5895658795882767,0.7323903886104002,0.6474143952067316,0.5848439264108612,0.5048379457276394,0.3140875094685516,76719,95040
visual_only,lstm,512,44,smoothed_frames,mount,28,1259.9642857142858,1262.857142857143,0.4464896697985295,0.44735533291909124,0.4231757892003935,0.4285581216587518,0.40947892499334826,0.3475938074217882,35279,35360
visual_only,lstm,512,44,smoothed_frames,other,28,7760.785714285715,6978.285714285715,0.9506878348915754,0.85991387916509,0.901478679752281,0.0,0.0,0.0,217302,195392
visual_only,lstm,896,42,raw_windows,attack,28,681.0,1049.142857142857,0.3347590849190857,0.3801114307206355,0.34248029955782594,0.35008879602715304,0.3222838278860504,0.2050676449201129,19068,29376
visual_only,lstm,896,42,raw_windows,investigation,28,2739.964285714286,3191.4285714285716,0.599464918446882,0.7053387647918029,0.6408910467415654,0.5873877843743897,0.5041571207865686,0.31600876511652476,76719,89360
visual_only,lstm,896,42,raw_windows,mount,28,1259.9642857142858,1313.7142857142858,0.4287349588725356,0.48491622142680274,0.43981669432497444,0.4354069705050403,0.43195992004306444,0.361296164395426,35279,36784
visual_only,lstm,896,42,raw_windows,other,28,7760.785714285715,6887.428571428572,0.9630755676955454,0.8553127606197428,0.9046441704819282,0.0,0.0,0.0,217302,192848
visual_only,lstm,896,42,smoothed_frames,attack,28,681.0,1051.4285714285713,0.33451853028713224,0.38014267681487374,0.3423656168667641,0.34996432763514507,0.32188832084602514,0.2048698914001002,19068,29440
visual_only,lstm,896,42,smoothed_frames,investigation,28,2739.964285714286,3191.4285714285716,0.599464918446882,0.7053387647918029,0.6408910467415654,0.5873877843743897,0.5041571207865686,0.31600876511652476,76719,89360
visual_only,lstm,896,42,smoothed_frames,mount,28,1259.9642857142858,1313.7142857142858,0.4287349588725356,0.48491622142680274,0.43981669432497444,0.4354069705050403,0.43195992004306444,0.361296164395426,35279,36784
visual_only,lstm,896,42,smoothed_frames,other,28,7760.785714285715,6885.142857142857,0.9633118351548748,0.8551974174248204,0.9046772873804674,0.0,0.0,0.0,217302,192784
visual_only,lstm,896,43,raw_windows,attack,28,681.0,1022.8571428571429,0.357854773586818,0.37146845280790003,0.3397117137218998,0.33260320011972333,0.30694086186918856,0.18503094025078845,19068,28640
visual_only,lstm,896,43,raw_windows,investigation,28,2739.964285714286,3847.4285714285716,0.5506335022451962,0.7824116598068074,0.6381792736418506,0.5992827593193221,0.5184203444471511,0.3094734995543225,76719,107728
visual_only,lstm,896,43,raw_windows,mount,28,1259.9642857142858,1110.857142857143,0.4657805267649781,0.4337568545142307,0.4378829577730654,0.4491782217003349,0.4364743574400842,0.34261977408256566,35279,31104
visual_only,lstm,896,43,raw_windows,other,28,7760.785714285715,6460.571428571428,0.972701049209548,0.8136045768120511,0.8838610755283,0.0,0.0,0.0,217302,180896
visual_only,lstm,896,43,smoothed_frames,attack,28,681.0,1025.142857142857,0.35756299154929044,0.37149969890213824,0.3395922381949909,0.33217479338078876,0.30621903886663837,0.18481237592990446,19068,28704
visual_only,lstm,896,43,smoothed_frames,investigation,28,2739.964285714286,3847.4285714285716,0.5506335022451962,0.7824116598068074,0.6381792736418506,0.5992827593193221,0.5184203444471511,0.3094734995543225,76719,107728
visual_only,lstm,896,43,smoothed_frames,mount,28,1259.9642857142858,1110.857142857143,0.4657805267649781,0.4337568545142307,0.4378829577730654,0.4491782217003349,0.4364743574400842,0.34261977408256566,35279,31104
visual_only,lstm,896,43,smoothed_frames,other,28,7760.785714285715,6458.285714285715,0.9729619728932839,0.8134892336171287,0.8838927622819399,0.0,0.0,0.0,217302,180832
visual_only,lstm,896,44,raw_windows,attack,28,681.0,1020.0,0.36227297141931275,0.3675995632524531,0.3393203173019977,0.33403088687987703,0.2982758319514788,0.18285569609798175,19068,28560
visual_only,lstm,896,44,raw_windows,investigation,28,2739.964285714286,3381.714285714286,0.5816897102446611,0.7317592391509258,0.6419732652302537,0.5969573157886912,0.5172993284601178,0.32001021170904226,76719,94688
visual_only,lstm,896,44,raw_windows,mount,28,1259.9642857142858,1300.5714285714287,0.44766910012645644,0.46761895030393485,0.4331761539868758,0.44907754126868726,0.42241311374219076,0.3744022633590302,35279,36416
visual_only,lstm,896,44,raw_windows,other,28,7760.785714285715,6739.428571428572,0.9643856571497388,0.8374718114706238,0.8948053840168321,0.0,0.0,0.0,217302,188704
visual_only,lstm,896,44,smoothed_frames,attack,28,681.0,1022.2857142857143,0.3620256356466179,0.3676308093466913,0.3392080474904193,0.33374217984263915,0.297781074529034,0.18261098263196193,19068,28624
visual_only,lstm,896,44,smoothed_frames,investigation,28,2739.964285714286,3381.714285714286,0.5816897102446611,0.7317592391509258,0.6419732652302537,0.5969573157886912,0.5172993284601178,0.32001021170904226,76719,94688
visual_only,lstm,896,44,smoothed_frames,mount,28,1259.9642857142858,1300.5714285714287,0.44766910012645644,0.46761895030393485,0.4331761539868758,0.44907754126868726,0.42241311374219076,0.3744022633590302,35279,36416
visual_only,lstm,896,44,smoothed_frames,other,28,7760.785714285715,6737.142857142857,0.9646235017394211,0.8373564682757014,0.8948368269863005,0.0,0.0,0.0,217302,188640
