epoch,train_loss,train_acc,val_loss,val_acc,val_macroF1,elapsed_s,lr_head,lr_backbone,cpu_pct,ram_gb_used,gpu_util_pct,vram_gb_used,gpu_temp_c,gpu_power_w,precision_attack,recall_attack,f1_attack,precision_investigation,recall_investigation,f1_investigation,precision_mount,recall_mount,f1_mount,precision_other,recall_other,f1_other,stream,head,capacity,seed,model_name,eval_dir,train_dir
1,0.8236368684255778,0.6530812187714313,0.5986015540444188,0.7797400535767437,0.7013508896238146,166.92446517944336,5e-05,5e-05,50.7,9.2,8.0,1.14,42.0,15.0,0.4844290657439446,0.425531914893617,0.4530744336569579,0.7503717165042127,0.8890193775689958,0.8138326464791256,0.8551890587288817,0.7496473906911142,0.7989477639984967,0.8476343223736968,0.6559106422587652,0.7395487143606786,animal_visual_only,attention,256,42,yolo_sppf_animal_visual_only_attention256_seed42,<RUN_ROOT>\outputs\controlled_comparison_runs\run_20260528_205727\neural_eval\yolo_sppf_animal_visual_only_attention256_seed42,<RUN_ROOT>\outputs\controlled_comparison_runs\run_20260528_205727\neural_training\yolo_sppf_animal_visual_only_attention256_seed42
2,0.5952480437531834,0.7698148329577741,0.5682728389958067,0.789562456592916,0.724937054417251,174.3612763881683,5e-05,5e-05,50.6,9.21,9.0,1.14,40.0,14.9,0.3734939759036144,0.6595744680851063,0.4769230769230769,0.8265615524560339,0.8003523194362889,0.8132458233890214,0.8822593476531424,0.7820874471086037,0.8291588785046728,0.7720097146326654,0.7890164443065467,0.7804204388522327,animal_visual_only,attention,256,42,yolo_sppf_animal_visual_only_attention256_seed42,<RUN_ROOT>\outputs\controlled_comparison_runs\run_20260528_205727\neural_eval\yolo_sppf_animal_visual_only_attention256_seed42,<RUN_ROOT>\outputs\controlled_comparison_runs\run_20260528_205727\neural_training\yolo_sppf_animal_visual_only_attention256_seed42
3,0.5508257049459929,0.7855883217399824,0.5682083828759099,0.7970036709991071,0.7284007795418629,174.03684186935425,5e-05,5e-05,50.7,9.21,8.0,1.14,40.0,15.3,0.4405286343612334,0.60790273556231,0.5108556832694764,0.7726273050245306,0.8939127030730084,0.8288566243194192,0.9178082191780822,0.7087447108603667,0.799840827695981,0.8633066055746468,0.7015203226807323,0.7740499828825745,animal_visual_only,attention,256,42,yolo_sppf_animal_visual_only_attention256_seed42,<RUN_ROOT>\outputs\controlled_comparison_runs\run_20260528_205727\neural_eval\yolo_sppf_animal_visual_only_attention256_seed42,<RUN_ROOT>\outputs\controlled_comparison_runs\run_20260528_205727\neural_training\yolo_sppf_animal_visual_only_attention256_seed42
4,0.5233535160278452,0.8002841187420398,0.5810507635038996,0.7710090286734795,0.7154801127136073,174.17837166786194,5e-05,5e-05,50.7,9.21,8.0,1.14,39.0,15.1,0.4080459770114942,0.6474164133738601,0.500587544065805,0.8398489560195469,0.7400665492268546,0.7868067838934555,0.8975694444444444,0.7291960507757405,0.804669260700389,0.7027927235459903,0.8510704312752094,0.7698568621947798,animal_visual_only,attention,256,42,yolo_sppf_animal_visual_only_attention256_seed42,<RUN_ROOT>\outputs\controlled_comparison_runs\run_20260528_205727\neural_eval\yolo_sppf_animal_visual_only_attention256_seed42,<RUN_ROOT>\outputs\controlled_comparison_runs\run_20260528_205727\neural_training\yolo_sppf_animal_visual_only_attention256_seed42
5,0.5029529954327218,0.8130204761438229,0.6687721140741829,0.7379700367099911,0.6537213353407783,174.37608218193054,5e-05,5e-05,50.8,9.21,8.0,1.14,39.0,14.6,0.2302092811646952,0.7689969604863222,0.3543417366946779,0.8214597902097902,0.7357604227833235,0.7762519359834795,0.9376443418013856,0.5726375176304654,0.7110332749562172,0.7388355002826456,0.8110456096804219,0.7732583937287383,animal_visual_only,attention,256,42,yolo_sppf_animal_visual_only_attention256_seed42,<RUN_ROOT>\outputs\controlled_comparison_runs\run_20260528_205727\neural_eval\yolo_sppf_animal_visual_only_attention256_seed42,<RUN_ROOT>\outputs\controlled_comparison_runs\run_20260528_205727\neural_training\yolo_sppf_animal_visual_only_attention256_seed42
6,0.4932357082289401,0.8107181346135005,0.5499107456189536,0.7811290802658994,0.7289460243187392,173.89212322235107,5e-05,5e-05,50.8,9.23,8.0,1.14,38.0,15.2,0.3819334389857369,0.7325227963525835,0.5020833333333333,0.855512440082173,0.733607359561558,0.7898840885142254,0.8628912071535022,0.8166431593794076,0.8391304347826087,0.7318120805369127,0.8457958423828731,0.7846862406447898,animal_visual_only,attention,256,42,yolo_sppf_animal_visual_only_attention256_seed42,<RUN_ROOT>\outputs\controlled_comparison_runs\run_20260528_205727\neural_eval\yolo_sppf_animal_visual_only_attention256_seed42,<RUN_ROOT>\outputs\controlled_comparison_runs\run_20260528_205727\neural_training\yolo_sppf_animal_visual_only_attention256_seed42
7,0.4810917109636397,0.8186048790046047,0.5706671610991988,0.7714058934418097,0.7174068740911947,174.1610860824585,5e-05,5e-05,50.7,9.23,9.0,1.14,38.0,14.9,0.3888888888888889,0.723404255319149,0.5058448459086079,0.8430533663589281,0.732824427480916,0.7840837696335078,0.8932291666666666,0.7256699576868829,0.8007782101167316,0.7134744450180692,0.857586099906919,0.7789206707059321,animal_visual_only,attention,256,42,yolo_sppf_animal_visual_only_attention256_seed42,<RUN_ROOT>\outputs\controlled_comparison_runs\run_20260528_205727\neural_eval\yolo_sppf_animal_visual_only_attention256_seed42,<RUN_ROOT>\outputs\controlled_comparison_runs\run_20260528_205727\neural_training\yolo_sppf_animal_visual_only_attention256_seed42
8,0.4762967418015096,0.8176741451944743,0.5793745213705632,0.7712074610576446,0.7093918910435996,174.2106683254242,5e-05,5e-05,50.8,9.24,8.0,1.14,38.0,15.6,0.3982905982905982,0.7082066869300911,0.5098468271334792,0.8158444816053512,0.7639459776864357,0.7890427575053068,0.9098196392785572,0.6403385049365303,0.7516556291390729,0.7351831896551724,0.8467266521874031,0.7870223503965392,animal_visual_only,attention,256,42,yolo_sppf_animal_visual_only_attention256_seed42,<RUN_ROOT>\outputs\controlled_comparison_runs\run_20260528_205727\neural_eval\yolo_sppf_animal_visual_only_attention256_seed42,<RUN_ROOT>\outputs\controlled_comparison_runs\run_20260528_205727\neural_training\yolo_sppf_animal_visual_only_attention256_seed42
9,0.465305881130985,0.8241892818653865,0.597386642532157,0.7581109237027482,0.7115522872898825,174.2282166481018,5e-05,5e-05,50.8,9.24,8.0,1.14,38.0,15.4,0.3778735632183908,0.7993920972644377,0.5131707317073171,0.8935371413247519,0.6521824231747896,0.7540167458701064,0.7002652519893899,0.930888575458392,0.7992733878292461,0.7232687715574423,0.8457958423828731,0.7797482837528603,animal_visual_only,attention,256,42,yolo_sppf_animal_visual_only_attention256_seed42,<RUN_ROOT>\outputs\controlled_comparison_runs\run_20260528_205727\neural_eval\yolo_sppf_animal_visual_only_attention256_seed42,<RUN_ROOT>\outputs\controlled_comparison_runs\run_20260528_205727\neural_training\yolo_sppf_animal_visual_only_attention256_seed42
10,0.4609001798607806,0.8273733712158323,0.4855709840587917,0.8175414227601945,0.7591312108179467,173.73855805397034,5e-05,5e-05,50.7,9.22,8.0,1.14,37.0,14.4,0.425569176882662,0.7386018237082067,0.54,0.842178493341284,0.829320806420043,0.8357001972386587,0.8746223564954683,0.8166431593794076,0.8446389496717724,0.8252457976530289,0.8073223704623022,0.8161856963613551,animal_visual_only,attention,256,42,yolo_sppf_animal_visual_only_attention256_seed42,<RUN_ROOT>\outputs\controlled_comparison_runs\run_20260528_205727\neural_eval\yolo_sppf_animal_visual_only_attention256_seed42,<RUN_ROOT>\outputs\controlled_comparison_runs\run_20260528_205727\neural_training\yolo_sppf_animal_visual_only_attention256_seed42
1,0.8231801739937646,0.6585186636621926,0.7046459398631538,0.6919337235836889,0.6534500304485481,166.39630484580994,5e-05,5e-05,50.8,9.29,9.0,1.14,37.0,14.3,0.4380403458213256,0.4620060790273556,0.4497041420118343,0.8497377352668929,0.53904873752202,0.6596407185628742,0.7677756033920418,0.8300423131170663,0.7976956963741104,0.5830980233965308,0.8969903816320198,0.7067595648453735,animal_visual_only,attention,256,43,yolo_sppf_animal_visual_only_attention256_seed43,<RUN_ROOT>\outputs\controlled_comparison_runs\run_20260528_205727\neural_eval\yolo_sppf_animal_visual_only_attention256_seed43,<RUN_ROOT>\outputs\controlled_comparison_runs\run_20260528_205727\neural_training\yolo_sppf_animal_visual_only_attention256_seed43
2,0.5893592474906235,0.7700107769178015,0.5709202571757256,0.7869828355987697,0.7249823024016762,173.1991147994995,5e-05,5e-05,50.6,9.32,9.0,1.14,37.0,15.6,0.5337620578778135,0.5045592705167173,0.5187499999999999,0.7943464238284955,0.819534155412018,0.8067437379576108,0.9155963302752294,0.7038081805359662,0.79585326953748,0.7575579688875844,0.8008067018305927,0.7785822021116139,animal_visual_only,attention,256,43,yolo_sppf_animal_visual_only_attention256_seed43,<RUN_ROOT>\outputs\controlled_comparison_runs\run_20260528_205727\neural_eval\yolo_sppf_animal_visual_only_attention256_seed43,<RUN_ROOT>\outputs\controlled_comparison_runs\run_20260528_205727\neural_training\yolo_sppf_animal_visual_only_attention256_seed43
3,0.5605994546581585,0.7821593024395023,0.5710409898547426,0.7939279690445481,0.7257283482489388,173.3884301185608,5e-05,5e-05,50.7,9.15,9.0,1.14,37.0,14.5,0.4425162689804772,0.6200607902735562,0.5164556962025316,0.7672787979966611,0.8995889606576629,0.8281827191638885,0.9054545454545454,0.7023977433004231,0.7911040508339952,0.872626582278481,0.68445547626435,0.76717092679534,animal_visual_only,attention,256,43,yolo_sppf_animal_visual_only_attention256_seed43,<RUN_ROOT>\outputs\controlled_comparison_runs\run_20260528_205727\neural_eval\yolo_sppf_animal_visual_only_attention256_seed43,<RUN_ROOT>\outputs\controlled_comparison_runs\run_20260528_205727\neural_training\yolo_sppf_animal_visual_only_attention256_seed43
4,0.5203668371391801,0.7979817772117175,0.5209627354428882,0.8097033435856732,0.7552914969635031,173.19990253448486,5e-05,5e-05,50.7,9.15,8.0,1.14,37.0,15.7,0.5542857142857143,0.5896656534954408,0.5714285714285715,0.812874251497006,0.8502642395772166,0.8311489524538409,0.7873015873015873,0.8744710860366713,0.828600066822586,0.8480427046263345,0.7393732547316165,0.7899883971490138,animal_visual_only,attention,256,43,yolo_sppf_animal_visual_only_attention256_seed43,<RUN_ROOT>\outputs\controlled_comparison_runs\run_20260528_205727\neural_eval\yolo_sppf_animal_visual_only_attention256_seed43,<RUN_ROOT>\outputs\controlled_comparison_runs\run_20260528_205727\neural_training\yolo_sppf_animal_visual_only_attention256_seed43
5,0.5060875424794082,0.8031742921524444,0.5545742237999562,0.7901577537454113,0.7320879074935391,173.6942765712738,5e-05,5e-05,50.7,9.16,9.0,1.14,37.0,14.8,0.5303867403314917,0.5835866261398176,0.5557163531114326,0.8130128956623681,0.8144450968878449,0.8137283660897624,0.912129894937918,0.6734837799717912,0.7748478701825559,0.7477477477477478,0.8240769469438411,0.7840590405904059,animal_visual_only,attention,256,43,yolo_sppf_animal_visual_only_attention256_seed43,<RUN_ROOT>\outputs\controlled_comparison_runs\run_20260528_205727\neural_eval\yolo_sppf_animal_visual_only_attention256_seed43,<RUN_ROOT>\outputs\controlled_comparison_runs\run_20260528_205727\neural_training\yolo_sppf_animal_visual_only_attention256_seed43
6,0.4947918054463814,0.8114039384735966,0.5354548375462256,0.7974005357674372,0.747662980796836,173.7795729637146,5e-05,5e-05,50.8,9.17,8.0,1.14,37.0,14.4,0.4718614718614718,0.662613981762918,0.5512010113780026,0.8396127131130289,0.7807790174202388,0.8091277890466532,0.8688400303260045,0.8081805359661495,0.8374132261600292,0.7566957992669862,0.8327645051194539,0.7929098966026589,animal_visual_only,attention,256,43,yolo_sppf_animal_visual_only_attention256_seed43,<RUN_ROOT>\outputs\controlled_comparison_runs\run_20260528_205727\neural_eval\yolo_sppf_animal_visual_only_attention256_seed43,<RUN_ROOT>\outputs\controlled_comparison_runs\run_20260528_205727\neural_training\yolo_sppf_animal_visual_only_attention256_seed43
7,0.4876195121159468,0.8169883413343784,0.5325792946157948,0.8066276416311142,0.7422119732902674,174.18377900123596,5e-05,5e-05,50.8,9.16,9.0,1.14,37.0,14.8,0.4861751152073733,0.6413373860182371,0.5530799475753604,0.8089657738095238,0.8512429046780192,0.8295660467334287,0.9088319088319088,0.6748942172073342,0.7745851881829218,0.8125,0.8107353397455787,0.8116167106693587,animal_visual_only,attention,256,43,yolo_sppf_animal_visual_only_attention256_seed43,<RUN_ROOT>\outputs\controlled_comparison_runs\run_20260528_205727\neural_eval\yolo_sppf_animal_visual_only_attention256_seed43,<RUN_ROOT>\outputs\controlled_comparison_runs\run_20260528_205727\neural_training\yolo_sppf_animal_visual_only_attention256_seed43
8,0.4809201248895178,0.8190947389046732,0.5189625008342167,0.804048020636968,0.7607951252486402,173.64728093147278,5e-05,5e-05,50.7,9.15,8.0,1.14,38.0,15.4,0.5382653061224489,0.6413373860182371,0.5852981969486823,0.8451299387280794,0.7829320806420043,0.8128429181060759,0.8725782414307004,0.8258110014104373,0.8485507246376812,0.7535991140642303,0.8445547626434998,0.7964886613021214,animal_visual_only,attention,256,43,yolo_sppf_animal_visual_only_attention256_seed43,<RUN_ROOT>\outputs\controlled_comparison_runs\run_20260528_205727\neural_eval\yolo_sppf_animal_visual_only_attention256_seed43,<RUN_ROOT>\outputs\controlled_comparison_runs\run_20260528_205727\neural_training\yolo_sppf_animal_visual_only_attention256_seed43
9,0.4687692297062016,0.8213480944449887,0.5285316902035404,0.7944240500049609,0.7467611820418785,173.9598319530487,5e-05,5e-05,50.7,9.15,9.0,1.14,38.0,15.7,0.4536679536679536,0.7142857142857143,0.5548996458087367,0.8467184801381693,0.7676649050694853,0.8052561338671594,0.8751937984496124,0.7961918194640338,0.8338257016248154,0.7477328936521023,0.8442444927086565,0.7930632468668026,animal_visual_only,attention,256,43,yolo_sppf_animal_visual_only_attention256_seed43,<RUN_ROOT>\outputs\controlled_comparison_runs\run_20260528_205727\neural_eval\yolo_sppf_animal_visual_only_attention256_seed43,<RUN_ROOT>\outputs\controlled_comparison_runs\run_20260528_205727\neural_training\yolo_sppf_animal_visual_only_attention256_seed43
10,0.4624073695928605,0.8197805427647693,0.5392479890380941,0.7867844032146046,0.7503092884287186,174.84711909294128,5e-05,5e-05,51.4,9.12,9.0,1.14,38.0,15.5,0.5461741424802111,0.6291793313069909,0.5847457627118644,0.8612207008586679,0.7263652378156195,0.7880654066680823,0.8580738595220855,0.8356840620592384,0.8467309753483386,0.7049875311720698,0.8771331058020477,0.7816950089865891,animal_visual_only,attention,256,43,yolo_sppf_animal_visual_only_attention256_seed43,<RUN_ROOT>\outputs\controlled_comparison_runs\run_20260528_205727\neural_eval\yolo_sppf_animal_visual_only_attention256_seed43,<RUN_ROOT>\outputs\controlled_comparison_runs\run_20260528_205727\neural_training\yolo_sppf_animal_visual_only_attention256_seed43
1,0.8185292422000704,0.6572940139120211,0.8254695369255921,0.6556205972814764,0.5732397605869547,165.75912404060364,5e-05,5e-05,50.8,9.15,9.0,1.14,38.0,15.7,0.1695945945945945,0.7629179331306991,0.2775013819789939,0.8331943286071727,0.5866118614210217,0.6884906960716747,0.9154727793696276,0.4506346967559944,0.6039697542533081,0.6322026022304833,0.8442444927086565,0.7229972100438421,animal_visual_only,attention,256,44,yolo_sppf_animal_visual_only_attention256_seed44,<RUN_ROOT>\outputs\controlled_comparison_runs\run_20260528_205727\neural_eval\yolo_sppf_animal_visual_only_attention256_seed44,<RUN_ROOT>\outputs\controlled_comparison_runs\run_20260528_205727\neural_training\yolo_sppf_animal_visual_only_attention256_seed44
2,0.6042401611594758,0.7669736455373763,0.5614064781793526,0.7947216985812084,0.7245362268007068,172.5780873298645,5e-05,5e-05,50.6,9.18,9.0,1.14,37.0,15.3,0.407725321888412,0.5775075987841946,0.4779874213836478,0.7892747885549757,0.8584850264239577,0.8224264016501031,0.8636715724244771,0.7863187588152327,0.8231819859726837,0.8386980108499096,0.7195159789016444,0.7745490981963928,animal_visual_only,attention,256,44,yolo_sppf_animal_visual_only_attention256_seed44,<RUN_ROOT>\outputs\controlled_comparison_runs\run_20260528_205727\neural_eval\yolo_sppf_animal_visual_only_attention256_seed44,<RUN_ROOT>\outputs\controlled_comparison_runs\run_20260528_205727\neural_training\yolo_sppf_animal_visual_only_attention256_seed44
3,0.5570238326270378,0.7870089154501813,0.6306312806712139,0.74104573866455,0.6948604177195936,172.51556396484375,5e-05,5e-05,50.7,9.16,9.0,1.14,37.0,15.5,0.3652892561983471,0.6717325227963525,0.4732334047109208,0.8536460989291178,0.6553141514973576,0.7414461299966781,0.8698412698412699,0.7729196050775741,0.8185212845407019,0.6533084808946877,0.8699968973006516,0.7462408516300733,animal_visual_only,attention,256,44,yolo_sppf_animal_visual_only_attention256_seed44,<RUN_ROOT>\outputs\controlled_comparison_runs\run_20260528_205727\neural_eval\yolo_sppf_animal_visual_only_attention256_seed44,<RUN_ROOT>\outputs\controlled_comparison_runs\run_20260528_205727\neural_training\yolo_sppf_animal_visual_only_attention256_seed44
4,0.5220865673709626,0.7995983148819438,0.5860551664901394,0.7673380295664253,0.7144969405389081,172.7856991291046,5e-05,5e-05,50.8,9.17,9.0,1.14,37.0,15.5,0.4003656307129798,0.6656534954407295,0.5,0.8328504568754179,0.7314542963397925,0.7788661942476031,0.9006908462867013,0.735543018335684,0.8097826086956522,0.703627476202727,0.8485882717964629,0.7693389592123768,animal_visual_only,attention,256,44,yolo_sppf_animal_visual_only_attention256_seed44,<RUN_ROOT>\outputs\controlled_comparison_runs\run_20260528_205727\neural_eval\yolo_sppf_animal_visual_only_attention256_seed44,<RUN_ROOT>\outputs\controlled_comparison_runs\run_20260528_205727\neural_training\yolo_sppf_animal_visual_only_attention256_seed44
5,0.515897290871645,0.8009699226021358,0.5562138600674059,0.7760690544696894,0.7415878403891492,173.1858310699463,5e-05,5e-05,50.7,9.17,8.0,1.14,37.0,15.4,0.5289672544080605,0.6382978723404256,0.578512396694215,0.847238271319621,0.7175572519083969,0.7770241627808393,0.831275720164609,0.8547249647390691,0.8428372739916551,0.701565306646138,0.8482780018616196,0.7679775280898876,animal_visual_only,attention,256,44,yolo_sppf_animal_visual_only_attention256_seed44,<RUN_ROOT>\outputs\controlled_comparison_runs\run_20260528_205727\neural_eval\yolo_sppf_animal_visual_only_attention256_seed44,<RUN_ROOT>\outputs\controlled_comparison_runs\run_20260528_205727\neural_training\yolo_sppf_animal_visual_only_attention256_seed44
6,0.5044271864090407,0.8054766336827667,0.4939973982967554,0.8153586665343784,0.7646526190876213,172.9041132926941,5e-05,5e-05,50.7,9.17,9.0,1.14,37.0,14.8,0.544,0.6200607902735562,0.5795454545454546,0.8242540904716074,0.8381287923272656,0.8311335403726707,0.854978354978355,0.8356840620592384,0.8452211126961483,0.8155619596541787,0.79025752404592,0.8027103687362118,animal_visual_only,attention,256,44,yolo_sppf_animal_visual_only_attention256_seed44,<RUN_ROOT>\outputs\controlled_comparison_runs\run_20260528_205727\neural_eval\yolo_sppf_animal_visual_only_attention256_seed44,<RUN_ROOT>\outputs\controlled_comparison_runs\run_20260528_205727\neural_training\yolo_sppf_animal_visual_only_attention256_seed44
7,0.4870896697902707,0.8129225041638092,0.5064316085170186,0.8101002083540034,0.7507542241080037,172.93262815475464,5e-05,5e-05,50.8,9.16,9.0,1.14,37.0,15.2,0.4507042253521127,0.6808510638297872,0.5423728813559323,0.8286384976525821,0.8291250733998825,0.8288817141179924,0.8946058091286307,0.7602256699576869,0.8219595882577202,0.804594180704441,0.815079118833385,0.8098027127003699,animal_visual_only,attention,256,44,yolo_sppf_animal_visual_only_attention256_seed44,<RUN_ROOT>\outputs\controlled_comparison_runs\run_20260528_205727\neural_eval\yolo_sppf_animal_visual_only_attention256_seed44,<RUN_ROOT>\outputs\controlled_comparison_runs\run_20260528_205727\neural_training\yolo_sppf_animal_visual_only_attention256_seed44
8,0.4694872212838556,0.8228176741451945,0.5035342142163288,0.8204186923305884,0.7574443750613701,172.8876495361328,5e-05,5e-05,50.7,9.15,9.0,1.14,37.0,14.0,0.452,0.6869300911854104,0.5452352231604344,0.8117668290922216,0.8804071246819338,0.8446948356807512,0.8870967741935484,0.7757404795486601,0.8276899924755455,0.8738384560400286,0.7586099906919019,0.8121574489287493,animal_visual_only,attention,256,44,yolo_sppf_animal_visual_only_attention256_seed44,<RUN_ROOT>\outputs\controlled_comparison_runs\run_20260528_205727\neural_eval\yolo_sppf_animal_visual_only_attention256_seed44,<RUN_ROOT>\outputs\controlled_comparison_runs\run_20260528_205727\neural_training\yolo_sppf_animal_visual_only_attention256_seed44
9,0.4724609294153026,0.8206622905848927,0.51503883067755,0.8121837483877369,0.7457663817707328,172.94278860092163,5e-05,5e-05,50.9,9.17,8.0,1.14,38.0,15.7,0.4023569023569023,0.7264437689969605,0.5178764897074757,0.818642160540135,0.8543746330005872,0.8361268077770329,0.8910310142497905,0.7496473906911142,0.8142474147836077,0.8510135135135135,0.7815699658703071,0.8148148148148149,animal_visual_only,attention,256,44,yolo_sppf_animal_visual_only_attention256_seed44,<RUN_ROOT>\outputs\controlled_comparison_runs\run_20260528_205727\neural_eval\yolo_sppf_animal_visual_only_attention256_seed44,<RUN_ROOT>\outputs\controlled_comparison_runs\run_20260528_205727\neural_training\yolo_sppf_animal_visual_only_attention256_seed44
10,0.4700923877006227,0.8220338983050848,0.5495603080410215,0.7848992955650362,0.7300559510070924,173.02459025382996,5e-05,5e-05,50.8,9.16,8.0,1.14,38.0,16.2,0.513953488372093,0.6717325227963525,0.5823451910408431,0.8038446449588074,0.8021139166177335,0.8029783481924171,0.897876643073812,0.6262341325811002,0.7378479434981305,0.7591240875912408,0.8389699038163202,0.7970523212969787,animal_visual_only,attention,256,44,yolo_sppf_animal_visual_only_attention256_seed44,<RUN_ROOT>\outputs\controlled_comparison_runs\run_20260528_205727\neural_eval\yolo_sppf_animal_visual_only_attention256_seed44,<RUN_ROOT>\outputs\controlled_comparison_runs\run_20260528_205727\neural_training\yolo_sppf_animal_visual_only_attention256_seed44
1,0.8249040739756767,0.6595473694523366,0.6040092293882654,0.7644607599960314,0.6919350146667784,167.67878246307373,5e-05,5e-05,50.9,9.26,9.0,1.15,38.0,15.4,0.4340175953079179,0.4498480243161094,0.4417910447761194,0.7892156862745098,0.7878254061460168,0.7885199333921049,0.8530140379851362,0.728490832157969,0.7858501331304678,0.7292092208929093,0.7753645671734409,0.7515789473684211,animal_visual_only,attention,512,42,yolo_sppf_animal_visual_only_attention512_seed42,<RUN_ROOT>\outputs\controlled_comparison_runs\run_20260528_205727\neural_eval\yolo_sppf_animal_visual_only_attention512_seed42,<RUN_ROOT>\outputs\controlled_comparison_runs\run_20260528_205727\neural_training\yolo_sppf_animal_visual_only_attention512_seed42
2,0.5903826392252804,0.7724110904281376,0.5652937723116742,0.7939279690445481,0.7289964922834716,175.27350401878357,5e-05,5e-05,50.8,9.1,10.0,1.15,38.0,14.7,0.4003944773175542,0.6170212765957447,0.4856459330143541,0.8200473559589582,0.8134664317870425,0.8167436376142282,0.9003294892915981,0.7708039492242595,0.8305471124620062,0.7750759878419453,0.7911883338504498,0.7830492860432979,animal_visual_only,attention,512,42,yolo_sppf_animal_visual_only_attention512_seed42,<RUN_ROOT>\outputs\controlled_comparison_runs\run_20260528_205727\neural_eval\yolo_sppf_animal_visual_only_attention512_seed42,<RUN_ROOT>\outputs\controlled_comparison_runs\run_20260528_205727\neural_training\yolo_sppf_animal_visual_only_attention512_seed42
3,0.5490475487617957,0.7851964338199275,0.5521944701612469,0.8044448854052981,0.7392428366004362,175.08562874794006,5e-05,5e-05,50.7,9.12,9.0,1.15,37.0,14.4,0.4265593561368209,0.6443768996960486,0.5133171912832929,0.8003988397389412,0.8641612840086123,0.8310588235294118,0.9059322033898304,0.7538787023977433,0.8229407236335643,0.8357588357588358,0.7483710828420727,0.7896546079554756,animal_visual_only,attention,512,42,yolo_sppf_animal_visual_only_attention512_seed42,<RUN_ROOT>\outputs\controlled_comparison_runs\run_20260528_205727\neural_eval\yolo_sppf_animal_visual_only_attention512_seed42,<RUN_ROOT>\outputs\controlled_comparison_runs\run_20260528_205727\neural_training\yolo_sppf_animal_visual_only_attention512_seed42
4,0.5231438586108831,0.7980797491917312,0.5693333723892768,0.7759698382776069,0.7254857796864557,175.0425410270691,5e-05,5e-05,50.7,9.1,9.0,1.15,37.0,15.6,0.416988416988417,0.6565349544072948,0.5100354191263282,0.8475305845038514,0.7322372284204345,0.7856767825265146,0.8824921135646687,0.7891396332863188,0.8332092330603128,0.7076566125290024,0.8516909711448961,0.7730216840326669,animal_visual_only,attention,512,42,yolo_sppf_animal_visual_only_attention512_seed42,<RUN_ROOT>\outputs\controlled_comparison_runs\run_20260528_205727\neural_eval\yolo_sppf_animal_visual_only_attention512_seed42,<RUN_ROOT>\outputs\controlled_comparison_runs\run_20260528_205727\neural_training\yolo_sppf_animal_visual_only_attention512_seed42
5,0.4982535544415019,0.8121877143137063,0.6376890115055537,0.749181466415319,0.6673286465485544,175.59757828712463,5e-05,5e-05,50.7,9.11,9.0,1.15,37.0,15.6,0.264929424538545,0.7416413373860182,0.3903999999999999,0.818065615679591,0.7516147974163241,0.7834336427624197,0.9266666666666666,0.5881523272214386,0.7195858498705782,0.7387766554433222,0.816940738442445,0.7758950935612201,animal_visual_only,attention,512,42,yolo_sppf_animal_visual_only_attention512_seed42,<RUN_ROOT>\outputs\controlled_comparison_runs\run_20260528_205727\neural_eval\yolo_sppf_animal_visual_only_attention512_seed42,<RUN_ROOT>\outputs\controlled_comparison_runs\run_20260528_205727\neural_training\yolo_sppf_animal_visual_only_attention512_seed42
6,0.4946880465764611,0.8116978544136377,0.541105404812547,0.7912491318583192,0.7425023712962959,169.78953671455383,5e-05,5e-05,51.1,9.13,9.0,1.15,38.0,14.7,0.4527162977867203,0.6838905775075987,0.5447941888619855,0.845371972318339,0.7651203758073987,0.8032466865303605,0.888623707239459,0.7877291960507757,0.835140186915888,0.7360172926236153,0.8451753025131865,0.7868284228769499,animal_visual_only,attention,512,42,yolo_sppf_animal_visual_only_attention512_seed42,<RUN_ROOT>\outputs\controlled_comparison_runs\run_20260528_205727\neural_eval\yolo_sppf_animal_visual_only_attention512_seed42,<RUN_ROOT>\outputs\controlled_comparison_runs\run_20260528_205727\neural_training\yolo_sppf_animal_visual_only_attention512_seed42
7,0.4763663142662623,0.8182619770745567,0.5659347434809047,0.7788471078480008,0.7297408359368289,175.23547911643982,5e-05,5e-05,50.8,9.11,10.0,1.15,38.0,15.5,0.4,0.7416413373860182,0.5197018104366348,0.8568803124282104,0.730084165198669,0.7884168251955188,0.8848920863309353,0.7806770098730607,0.8295241663544399,0.7164294954721863,0.8591374495811356,0.7813205417607224,animal_visual_only,attention,512,42,yolo_sppf_animal_visual_only_attention512_seed42,<RUN_ROOT>\outputs\controlled_comparison_runs\run_20260528_205727\neural_eval\yolo_sppf_animal_visual_only_attention512_seed42,<RUN_ROOT>\outputs\controlled_comparison_runs\run_20260528_205727\neural_training\yolo_sppf_animal_visual_only_attention512_seed42
8,0.4754135910666848,0.8181150191045361,0.6060526251127677,0.7572179779740054,0.7091530557171543,175.37115383148193,5e-05,5e-05,50.7,9.12,10.0,1.15,37.0,14.9,0.3819875776397515,0.7477203647416414,0.5056526207605344,0.8453485605519867,0.6954394206302603,0.7631013745704468,0.8901384083044983,0.7256699576868829,0.7995337995337995,0.6879293424926398,0.8699968973006516,0.7683244280038362,animal_visual_only,attention,512,42,yolo_sppf_animal_visual_only_attention512_seed42,<RUN_ROOT>\outputs\controlled_comparison_runs\run_20260528_205727\neural_eval\yolo_sppf_animal_visual_only_attention512_seed42,<RUN_ROOT>\outputs\controlled_comparison_runs\run_20260528_205727\neural_training\yolo_sppf_animal_visual_only_attention512_seed42
9,0.4644609729476203,0.819535612814735,0.5773232196265506,0.7656513543010219,0.7189443757831742,175.0531029701233,5e-05,5e-05,50.7,9.11,9.0,1.15,38.0,14.6,0.3830409356725146,0.7963525835866262,0.5172754195459033,0.8912418300653595,0.6672538657271482,0.7631520035818222,0.7244050913115662,0.9231311706629056,0.8117829457364342,0.7273452032952431,0.8492088116661496,0.7835671342685371,animal_visual_only,attention,512,42,yolo_sppf_animal_visual_only_attention512_seed42,<RUN_ROOT>\outputs\controlled_comparison_runs\run_20260528_205727\neural_eval\yolo_sppf_animal_visual_only_attention512_seed42,<RUN_ROOT>\outputs\controlled_comparison_runs\run_20260528_205727\neural_training\yolo_sppf_animal_visual_only_attention512_seed42
10,0.4654606726446822,0.8239933379053591,0.5048998702672266,0.8114892350431591,0.7454729075326374,175.00018095970154,5e-05,5e-05,50.7,9.1,9.0,1.15,38.0,13.7,0.3523936170212766,0.8054711246200608,0.4902867715078631,0.843687374749499,0.8240360148757095,0.8337459154371719,0.8691376701966718,0.810296191819464,0.8386861313868613,0.8474295190713101,0.7927396835246665,0.8191728117986534,animal_visual_only,attention,512,42,yolo_sppf_animal_visual_only_attention512_seed42,<RUN_ROOT>\outputs\controlled_comparison_runs\run_20260528_205727\neural_eval\yolo_sppf_animal_visual_only_attention512_seed42,<RUN_ROOT>\outputs\controlled_comparison_runs\run_20260528_205727\neural_training\yolo_sppf_animal_visual_only_attention512_seed42
1,0.820688786773379,0.655971392181836,0.7654277146646072,0.6582994344677051,0.6179341174499146,167.49096870422363,5e-05,5e-05,50.7,9.15,10.0,1.15,38.0,15.7,0.3397435897435897,0.4832826747720364,0.3989962358845672,0.8516846127127475,0.4799373654335486,0.613920881321983,0.763573883161512,0.7834978843441467,0.7734075878872259,0.5520181921546333,0.9038163201985728,0.6854117647058824,animal_visual_only,attention,512,43,yolo_sppf_animal_visual_only_attention512_seed43,<RUN_ROOT>\outputs\controlled_comparison_runs\run_20260528_205727\neural_eval\yolo_sppf_animal_visual_only_attention512_seed43,<RUN_ROOT>\outputs\controlled_comparison_runs\run_20260528_205727\neural_training\yolo_sppf_animal_visual_only_attention512_seed43
2,0.5880797609605105,0.7709904967179386,0.5977297740737124,0.7732910010913782,0.6924386940853668,175.60656142234802,5e-05,5e-05,50.7,9.16,9.0,1.15,38.0,15.6,0.5138888888888888,0.4498480243161094,0.479740680713128,0.764351523742027,0.8443922489724016,0.8023807309588022,0.9390103567318756,0.5754583921015515,0.7135986007870572,0.7675411836485662,0.7806391560657773,0.7740347638824797,animal_visual_only,attention,512,43,yolo_sppf_animal_visual_only_attention512_seed43,<RUN_ROOT>\outputs\controlled_comparison_runs\run_20260528_205727\neural_eval\yolo_sppf_animal_visual_only_attention512_seed43,<RUN_ROOT>\outputs\controlled_comparison_runs\run_20260528_205727\neural_training\yolo_sppf_animal_visual_only_attention512_seed43
3,0.5550041413781318,0.7840697560497698,0.5438911438402202,0.8070245063994443,0.7440189372838713,175.4259638786316,5e-05,5e-05,50.7,9.15,9.0,1.15,38.0,14.8,0.5290697674418605,0.5531914893617021,0.5408618127786032,0.786922406277245,0.8833431199843413,0.8323496864625599,0.9030874785591768,0.7425952045133991,0.8150154798761611,0.8419195483415667,0.7403040645361465,0.7878487700181608,animal_visual_only,attention,512,43,yolo_sppf_animal_visual_only_attention512_seed43,<RUN_ROOT>\outputs\controlled_comparison_runs\run_20260528_205727\neural_eval\yolo_sppf_animal_visual_only_attention512_seed43,<RUN_ROOT>\outputs\controlled_comparison_runs\run_20260528_205727\neural_training\yolo_sppf_animal_visual_only_attention512_seed43
4,0.5125610476832685,0.8019986283922798,0.5243801841068836,0.7992856434170057,0.7460726652906496,175.68073153495789,5e-05,5e-05,50.7,9.16,9.0,1.15,37.0,15.9,0.508641975308642,0.6261398176291794,0.5613079019073569,0.8323145884270579,0.7995693873556469,0.8156134571228911,0.7485172004744959,0.8899858956276445,0.8131443298969072,0.8126623376623376,0.7766056469128142,0.7942249722354434,animal_visual_only,attention,512,43,yolo_sppf_animal_visual_only_attention512_seed43,<RUN_ROOT>\outputs\controlled_comparison_runs\run_20260528_205727\neural_eval\yolo_sppf_animal_visual_only_attention512_seed43,<RUN_ROOT>\outputs\controlled_comparison_runs\run_20260528_205727\neural_training\yolo_sppf_animal_visual_only_attention512_seed43
5,0.4958408630181536,0.8080239051631234,0.5374425979242439,0.795713860502034,0.7362608737134657,175.2826144695282,5e-05,5e-05,50.7,9.16,10.0,1.15,37.0,15.3,0.5415472779369628,0.574468085106383,0.5575221238938053,0.8088905775075987,0.8334311998434136,0.8209775378386196,0.9090056285178236,0.6833568406205924,0.7801932367149759,0.7658823529411765,0.8079429103319888,0.7863505964064623,animal_visual_only,attention,512,43,yolo_sppf_animal_visual_only_attention512_seed43,<RUN_ROOT>\outputs\controlled_comparison_runs\run_20260528_205727\neural_eval\yolo_sppf_animal_visual_only_attention512_seed43,<RUN_ROOT>\outputs\controlled_comparison_runs\run_20260528_205727\neural_training\yolo_sppf_animal_visual_only_attention512_seed43
6,0.4858306343827782,0.8145390418340355,0.555363013040984,0.7836094850679631,0.7325851702669496,175.74885296821594,5e-05,5e-05,50.8,9.16,9.0,1.15,37.0,16.2,0.4296875,0.668693009118541,0.5231866825208086,0.8428790871187185,0.7518105304364846,0.7947444651355265,0.8923076923076924,0.7771509167842031,0.8307576328684508,0.7245033112582782,0.8485882717964629,0.7816519005430123,animal_visual_only,attention,512,43,yolo_sppf_animal_visual_only_attention512_seed43,<RUN_ROOT>\outputs\controlled_comparison_runs\run_20260528_205727\neural_eval\yolo_sppf_animal_visual_only_attention512_seed43,<RUN_ROOT>\outputs\controlled_comparison_runs\run_20260528_205727\neural_training\yolo_sppf_animal_visual_only_attention512_seed43
7,0.4785818052434342,0.8177721171744881,0.5237579282550585,0.8054370473261236,0.7406511147656218,175.2353012561798,5e-05,5e-05,50.7,9.17,9.0,1.15,37.0,14.9,0.4494623655913978,0.6352583586626139,0.526448362720403,0.8218301667312912,0.829712272460364,0.8257524106360183,0.896943231441048,0.7242595204513399,0.8014046039797112,0.7982482633645425,0.8200434377908781,0.8089990817263545,animal_visual_only,attention,512,43,yolo_sppf_animal_visual_only_attention512_seed43,<RUN_ROOT>\outputs\controlled_comparison_runs\run_20260528_205727\neural_eval\yolo_sppf_animal_visual_only_attention512_seed43,<RUN_ROOT>\outputs\controlled_comparison_runs\run_20260528_205727\neural_training\yolo_sppf_animal_visual_only_attention512_seed43
8,0.4726499509165606,0.8210051925149408,0.5002081066251747,0.8113900188510765,0.7614943632606388,175.5560336112976,5e-05,5e-05,50.7,9.17,9.0,1.15,37.0,15.7,0.5324675324675324,0.6231003039513677,0.5742296918767507,0.8291864139020537,0.821882951653944,0.8255185294406764,0.880061115355233,0.8124118476727785,0.8448844884488449,0.7895212285456188,0.8135277691591685,0.8013447432762837,animal_visual_only,attention,512,43,yolo_sppf_animal_visual_only_attention512_seed43,<RUN_ROOT>\outputs\controlled_comparison_runs\run_20260528_205727\neural_eval\yolo_sppf_animal_visual_only_attention512_seed43,<RUN_ROOT>\outputs\controlled_comparison_runs\run_20260528_205727\neural_training\yolo_sppf_animal_visual_only_attention512_seed43
9,0.4597123204861829,0.8268835113157637,0.5232338957000702,0.7949201309653735,0.7483266879657128,205.48534846305847,5e-05,5e-05,49.8,9.32,2.0,1.15,37.0,14.3,0.4966592427616926,0.6778115501519757,0.5732647814910026,0.8439837572130797,0.7729496966138187,0.8069064160196159,0.86530931871574,0.7792665726375176,0.8200371057513915,0.7444202504082743,0.8485882717964629,0.793098448600841,animal_visual_only,attention,512,43,yolo_sppf_animal_visual_only_attention512_seed43,<RUN_ROOT>\outputs\controlled_comparison_runs\run_20260528_205727\neural_eval\yolo_sppf_animal_visual_only_attention512_seed43,<RUN_ROOT>\outputs\controlled_comparison_runs\run_20260528_205727\neural_training\yolo_sppf_animal_visual_only_attention512_seed43
10,0.4567130455764763,0.8271774272558048,0.5330299195316103,0.7844032146046235,0.7502847251389989,449.9289281368256,5e-05,5e-05,41.5,9.24,9.0,1.15,37.0,15.1,0.5555555555555556,0.6231003039513677,0.5873925501432664,0.8664921465968587,0.7126639264043845,0.7820857050800131,0.8354773188896412,0.8702397743300423,0.8525043177892918,0.70106673282064,0.8768228358672044,0.7791563275434242,animal_visual_only,attention,512,43,yolo_sppf_animal_visual_only_attention512_seed43,<RUN_ROOT>\outputs\controlled_comparison_runs\run_20260528_205727\neural_eval\yolo_sppf_animal_visual_only_attention512_seed43,<RUN_ROOT>\outputs\controlled_comparison_runs\run_20260528_205727\neural_training\yolo_sppf_animal_visual_only_attention512_seed43
1,0.8102049153228071,0.6658175761732145,0.837552850758509,0.6434170056553229,0.5660078430563463,241.1587119102478,5e-05,5e-05,50.5,9.25,9.0,1.15,37.0,14.5,0.174325309992706,0.7264437689969605,0.2811764705882353,0.8322446555819477,0.5486396555098845,0.6613188628052377,0.9019337016574586,0.4605077574047955,0.6097105508870215,0.604419410745234,0.8656531182128452,0.711825487944891,animal_visual_only,attention,512,44,yolo_sppf_animal_visual_only_attention512_seed44,<RUN_ROOT>\outputs\controlled_comparison_runs\run_20260528_205727\neural_eval\yolo_sppf_animal_visual_only_attention512_seed44,<RUN_ROOT>\outputs\controlled_comparison_runs\run_20260528_205727\neural_training\yolo_sppf_animal_visual_only_attention512_seed44
2,0.5964850392484553,0.7691780150876849,0.560972768340319,0.792638158547475,0.7249438487312603,201.58049488067627,5e-05,5e-05,50.6,9.26,9.0,1.15,37.0,15.5,0.4209354120267261,0.574468085106383,0.4858611825192802,0.7882712718114769,0.8577020943433157,0.8215223097112861,0.8249651324965133,0.8342736248236954,0.829593267882188,0.8475540386803185,0.6934533043748061,0.7627986348122867,animal_visual_only,attention,512,44,yolo_sppf_animal_visual_only_attention512_seed44,<RUN_ROOT>\outputs\controlled_comparison_runs\run_20260528_205727\neural_eval\yolo_sppf_animal_visual_only_attention512_seed44,<RUN_ROOT>\outputs\controlled_comparison_runs\run_20260528_205727\neural_training\yolo_sppf_animal_visual_only_attention512_seed44
3,0.5466051037572207,0.7910257666307436,0.6133733106274454,0.7551344379402719,0.6993242065856443,185.37928867340088,5e-05,5e-05,50.8,9.28,9.0,1.15,38.0,15.0,0.3497615262321145,0.668693009118541,0.4592901878914405,0.8459900638750887,0.6999412800939518,0.7660668380462724,0.8786885245901639,0.7559943582510579,0.8127369219105384,0.685236072945291,0.8510704312752094,0.759202878494326,animal_visual_only,attention,512,44,yolo_sppf_animal_visual_only_attention512_seed44,<RUN_ROOT>\outputs\controlled_comparison_runs\run_20260528_205727\neural_eval\yolo_sppf_animal_visual_only_attention512_seed44,<RUN_ROOT>\outputs\controlled_comparison_runs\run_20260528_205727\neural_training\yolo_sppf_animal_visual_only_attention512_seed44
4,0.5145441020158671,0.8030763201724307,0.5836404559690328,0.7702152991368191,0.7188425765326931,179.6225972175598,5e-05,5e-05,50.8,9.08,9.0,1.15,37.0,15.0,0.4143646408839779,0.6838905775075987,0.5160550458715597,0.8358142634970007,0.7363476218438051,0.7829344432882414,0.9026315789473685,0.7256699576868829,0.8045347928068804,0.7052631578947368,0.8523115110145827,0.771846024164091,animal_visual_only,attention,512,44,yolo_sppf_animal_visual_only_attention512_seed44,<RUN_ROOT>\outputs\controlled_comparison_runs\run_20260528_205727\neural_eval\yolo_sppf_animal_visual_only_attention512_seed44,<RUN_ROOT>\outputs\controlled_comparison_runs\run_20260528_205727\neural_training\yolo_sppf_animal_visual_only_attention512_seed44
5,0.5104358269246208,0.8017536984422455,0.5465940817185337,0.7851969441412838,0.7349526470413377,177.0393567085266,5e-05,5e-05,50.8,9.08,9.0,1.15,37.0,16.2,0.4253731343283582,0.6930091185410334,0.5271676300578035,0.8439003060778312,0.7555294578195342,0.7972735722400082,0.8501461988304093,0.8201692524682651,0.8348887293610912,0.739516800888642,0.8262488364877444,0.7804806565064479,animal_visual_only,attention,512,44,yolo_sppf_animal_visual_only_attention512_seed44,<RUN_ROOT>\outputs\controlled_comparison_runs\run_20260528_205727\neural_eval\yolo_sppf_animal_visual_only_attention512_seed44,<RUN_ROOT>\outputs\controlled_comparison_runs\run_20260528_205727\neural_training\yolo_sppf_animal_visual_only_attention512_seed44
6,0.5085220503325933,0.8054276476927599,0.5001966737092487,0.8128782617323147,0.7590873291173788,175.7669858932495,5e-05,5e-05,50.7,9.08,9.0,1.15,37.0,14.6,0.4942528735632184,0.6534954407294833,0.5628272251308901,0.8268373085127012,0.8346055979643766,0.8307032924215858,0.8286689419795222,0.8561354019746121,0.8421782865071108,0.8272667107875579,0.7756748371082842,0.8006405124099281,animal_visual_only,attention,512,44,yolo_sppf_animal_visual_only_attention512_seed44,<RUN_ROOT>\outputs\controlled_comparison_runs\run_20260528_205727\neural_eval\yolo_sppf_animal_visual_only_attention512_seed44,<RUN_ROOT>\outputs\controlled_comparison_runs\run_20260528_205727\neural_training\yolo_sppf_animal_visual_only_attention512_seed44
7,0.4797858175585122,0.8183109630645635,0.5222874784871699,0.804048020636968,0.7406824454498343,175.712717294693,5e-05,5e-05,50.9,9.17,9.0,1.15,37.0,14.9,0.4034482758620689,0.7112462006079028,0.5148514851485148,0.8316772655007949,0.819142689371697,0.8253623902968148,0.9025641025641026,0.7447108603667136,0.8160741885625965,0.797391568092205,0.8156996587030717,0.806441717791411,animal_visual_only,attention,512,44,yolo_sppf_animal_visual_only_attention512_seed44,<RUN_ROOT>\outputs\controlled_comparison_runs\run_20260528_205727\neural_eval\yolo_sppf_animal_visual_only_attention512_seed44,<RUN_ROOT>\outputs\controlled_comparison_runs\run_20260528_205727\neural_training\yolo_sppf_animal_visual_only_attention512_seed44
8,0.4628539384228869,0.8259527775056333,0.5181015622609901,0.8172437741839468,0.7475947574668503,175.4502716064453,5e-05,5e-05,50.9,9.11,9.0,1.15,37.0,15.9,0.4203454894433781,0.6656534954407295,0.5152941176470589,0.8038938053097345,0.8890193775689958,0.8443163862812529,0.8992443324937027,0.7552891396332864,0.8210042161747797,0.8851674641148325,0.7461991932981694,0.8097643097643098,animal_visual_only,attention,512,44,yolo_sppf_animal_visual_only_attention512_seed44,<RUN_ROOT>\outputs\controlled_comparison_runs\run_20260528_205727\neural_eval\yolo_sppf_animal_visual_only_attention512_seed44,<RUN_ROOT>\outputs\controlled_comparison_runs\run_20260528_205727\neural_training\yolo_sppf_animal_visual_only_attention512_seed44
9,0.4653462976754459,0.8252179876555306,0.5334503976894277,0.8042464530211331,0.7334219259258824,175.20618176460266,5e-05,5e-05,50.7,9.11,9.0,1.15,37.0,15.6,0.3218249075215783,0.7933130699088146,0.4578947368421052,0.8380971417149711,0.820708553532981,0.8293117088607594,0.8492647058823529,0.814527503526093,0.8315334773218142,0.859552495697074,0.7747440273037542,0.8149477806788511,animal_visual_only,attention,512,44,yolo_sppf_animal_visual_only_attention512_seed44,<RUN_ROOT>\outputs\controlled_comparison_runs\run_20260528_205727\neural_eval\yolo_sppf_animal_visual_only_attention512_seed44,<RUN_ROOT>\outputs\controlled_comparison_runs\run_20260528_205727\neural_training\yolo_sppf_animal_visual_only_attention512_seed44
10,0.4631738791002842,0.8229156461252082,0.5667852858613645,0.7727949201309654,0.7119392190372995,175.27902340888977,5e-05,5e-05,50.8,9.1,9.0,1.15,38.0,15.0,0.4593495934959349,0.6869300911854104,0.5505481120584654,0.801002004008016,0.7823448815815228,0.7915635211407072,0.8920634920634921,0.5944992947813822,0.7134997884045705,0.7456188389923329,0.8448650325783431,0.7921454545454545,animal_visual_only,attention,512,44,yolo_sppf_animal_visual_only_attention512_seed44,<RUN_ROOT>\outputs\controlled_comparison_runs\run_20260528_205727\neural_eval\yolo_sppf_animal_visual_only_attention512_seed44,<RUN_ROOT>\outputs\controlled_comparison_runs\run_20260528_205727\neural_training\yolo_sppf_animal_visual_only_attention512_seed44
1,0.8228862485191478,0.6538160086215342,0.6287063897483879,0.7642623276118663,0.6764033623174317,170.1746654510498,5e-05,5e-05,50.7,9.14,11.0,1.16,38.0,14.6,0.4349206349206349,0.4164133738601823,0.4254658385093167,0.735885788449059,0.8878449794480329,0.8047547236760402,0.8482384823848238,0.6622002820874471,0.7437623762376236,0.838748495788207,0.6487744337573689,0.731630510846746,animal_visual_only,attention,896,42,yolo_sppf_animal_visual_only_attention896_seed42,<RUN_ROOT>\outputs\controlled_comparison_runs\run_20260528_205727\neural_eval\yolo_sppf_animal_visual_only_attention896_seed42,<RUN_ROOT>\outputs\controlled_comparison_runs\run_20260528_205727\neural_training\yolo_sppf_animal_visual_only_attention896_seed42
2,0.5976631396558124,0.7667777015773489,0.5764026903325603,0.7856930251016966,0.7187301356667477,178.61390113830566,5e-05,5e-05,50.6,9.15,10.0,1.16,38.0,16.2,0.3774954627949183,0.6322188449848024,0.4727272727272727,0.82232070910556,0.7989821882951654,0.8104834706641518,0.8813838550247117,0.7545839210155149,0.8130699088145897,0.7638805970149254,0.7939807632640398,0.7786398904609767,animal_visual_only,attention,896,42,yolo_sppf_animal_visual_only_attention896_seed42,<RUN_ROOT>\outputs\controlled_comparison_runs\run_20260528_205727\neural_eval\yolo_sppf_animal_visual_only_attention896_seed42,<RUN_ROOT>\outputs\controlled_comparison_runs\run_20260528_205727\neural_training\yolo_sppf_animal_visual_only_attention896_seed42
3,0.5529175211841877,0.7803468208092486,0.567003355890749,0.7922412937791448,0.7287265233709862,178.7033567428589,5e-05,5e-05,50.7,9.16,11.0,1.16,38.0,15.5,0.433264887063655,0.6413373860182371,0.517156862745098,0.7904311442605058,0.8504599725973772,0.8193475391287951,0.8886971527178602,0.7263751763046544,0.7993791230112534,0.8170980926430518,0.7443375736891096,0.7790225685987986,animal_visual_only,attention,896,42,yolo_sppf_animal_visual_only_attention896_seed42,<RUN_ROOT>\outputs\controlled_comparison_runs\run_20260528_205727\neural_eval\yolo_sppf_animal_visual_only_attention896_seed42,<RUN_ROOT>\outputs\controlled_comparison_runs\run_20260528_205727\neural_training\yolo_sppf_animal_visual_only_attention896_seed42
4,0.5279287190401348,0.7963162535514843,0.5761704588161102,0.7794424050004961,0.7087159503076887,178.6242094039917,5e-05,5e-05,50.7,9.15,10.0,1.16,38.0,15.1,0.3338213762811127,0.6930091185410334,0.450592885375494,0.8326009625444654,0.7788216872186338,0.8048139158576052,0.8975044563279857,0.7101551480959097,0.7929133858267716,0.755937052932761,0.8197331678560348,0.7865436141708841,animal_visual_only,attention,896,42,yolo_sppf_animal_visual_only_attention896_seed42,<RUN_ROOT>\outputs\controlled_comparison_runs\run_20260528_205727\neural_eval\yolo_sppf_animal_visual_only_attention896_seed42,<RUN_ROOT>\outputs\controlled_comparison_runs\run_20260528_205727\neural_training\yolo_sppf_animal_visual_only_attention896_seed42
5,0.5054104446687482,0.8116978544136377,0.6688942647376467,0.7442206568111915,0.6494571271028347,178.748193025589,5e-05,5e-05,50.7,9.15,10.0,1.16,38.0,14.6,0.2400398406374502,0.7325227963525835,0.3615903975993998,0.8053677525097316,0.7694265022509297,0.7869869869869869,0.9397435897435896,0.5169252468265162,0.6669699727024567,0.760398359695372,0.8054607508532423,0.782281151122495,animal_visual_only,attention,896,42,yolo_sppf_animal_visual_only_attention896_seed42,<RUN_ROOT>\outputs\controlled_comparison_runs\run_20260528_205727\neural_eval\yolo_sppf_animal_visual_only_attention896_seed42,<RUN_ROOT>\outputs\controlled_comparison_runs\run_20260528_205727\neural_training\yolo_sppf_animal_visual_only_attention896_seed42
6,0.4984901303769933,0.8083178211031645,0.5490622672252357,0.784502430796706,0.7396739069920184,179.12174224853516,5e-05,5e-05,50.9,9.19,9.0,1.16,38.0,15.1,0.4655532359081419,0.6778115501519757,0.551980198019802,0.8459663120567376,0.7471129379526326,0.7934726119945952,0.8725868725868726,0.7968970380818053,0.8330261702911906,0.7215924070656472,0.8492088116661496,0.7802166476624857,animal_visual_only,attention,896,42,yolo_sppf_animal_visual_only_attention896_seed42,<RUN_ROOT>\outputs\controlled_comparison_runs\run_20260528_205727\neural_eval\yolo_sppf_animal_visual_only_attention896_seed42,<RUN_ROOT>\outputs\controlled_comparison_runs\run_20260528_205727\neural_training\yolo_sppf_animal_visual_only_attention896_seed42
7,0.4847549631444264,0.8161555795042618,0.5783364953192335,0.7671395971822601,0.7200631688443937,178.72929191589355,5e-05,5e-05,50.7,9.18,11.0,1.16,37.0,14.7,0.3712574850299401,0.7537993920972644,0.4974924774322969,0.868440502586844,0.6899588960657663,0.7689790575916231,0.84620886981402,0.8342736248236954,0.8401988636363638,0.7020738492665655,0.8613093391250388,0.7735822767172913,animal_visual_only,attention,896,42,yolo_sppf_animal_visual_only_attention896_seed42,<RUN_ROOT>\outputs\controlled_comparison_runs\run_20260528_205727\neural_eval\yolo_sppf_animal_visual_only_attention896_seed42,<RUN_ROOT>\outputs\controlled_comparison_runs\run_20260528_205727\neural_training\yolo_sppf_animal_visual_only_attention896_seed42
8,0.4811028188509066,0.8157147055942,0.6036429556027528,0.7576148427423356,0.7021297505551908,178.922194480896,5e-05,5e-05,50.8,9.29,10.0,1.16,37.0,15.9,0.4160583941605839,0.6930091185410334,0.5199543899657925,0.8147180492053124,0.732432961440595,0.7713873428159143,0.8967229394240318,0.6368124118476728,0.7447422680412371,0.7028745866191809,0.8572758299720757,0.7724350013978194,animal_visual_only,attention,896,42,yolo_sppf_animal_visual_only_attention896_seed42,<RUN_ROOT>\outputs\controlled_comparison_runs\run_20260528_205727\neural_eval\yolo_sppf_animal_visual_only_attention896_seed42,<RUN_ROOT>\outputs\controlled_comparison_runs\run_20260528_205727\neural_training\yolo_sppf_animal_visual_only_attention896_seed42
9,0.470963164790297,0.8201724306848241,0.6216523204523597,0.7490822502232364,0.7021199235466322,178.76950573921204,5e-05,5e-05,50.8,9.28,9.0,1.16,37.0,15.4,0.3521505376344086,0.7963525835866262,0.4883504193849021,0.8972927714205973,0.6292816598160109,0.7397606994937873,0.7174986286341196,0.922425952045134,0.8071582844800987,0.703741410027997,0.8578963698417623,0.7732102908277405,animal_visual_only,attention,896,42,yolo_sppf_animal_visual_only_attention896_seed42,<RUN_ROOT>\outputs\controlled_comparison_runs\run_20260528_205727\neural_eval\yolo_sppf_animal_visual_only_attention896_seed42,<RUN_ROOT>\outputs\controlled_comparison_runs\run_20260528_205727\neural_training\yolo_sppf_animal_visual_only_attention896_seed42
10,0.4704266342168037,0.8223278142451259,0.4969651213566226,0.8131759103085624,0.7571912274614687,178.3313503265381,5e-05,5e-05,50.7,9.31,10.0,1.16,37.0,15.4,0.4244482173174873,0.7598784194528876,0.5446623093681917,0.8437752627324171,0.8171853591700919,0.8302674753902755,0.8507570295602018,0.8321579689703809,0.841354723707665,0.8212361331220285,0.8039094011790258,0.8124804013797429,animal_visual_only,attention,896,42,yolo_sppf_animal_visual_only_attention896_seed42,<RUN_ROOT>\outputs\controlled_comparison_runs\run_20260528_205727\neural_eval\yolo_sppf_animal_visual_only_attention896_seed42,<RUN_ROOT>\outputs\controlled_comparison_runs\run_20260528_205727\neural_training\yolo_sppf_animal_visual_only_attention896_seed42
1,0.8245048939854748,0.6581757617321446,0.73017449977379,0.6749677547375732,0.6430046332805942,170.1907172203064,5e-05,5e-05,50.8,9.12,10.0,1.16,38.0,16.3,0.4206549118387909,0.5075987841945289,0.4600550964187327,0.8503153003650846,0.5014679976512038,0.6308790938192563,0.7413467589679044,0.8307475317348378,0.7835051546391752,0.5700787401574803,0.8985417313062364,0.6975791882452126,animal_visual_only,attention,896,43,yolo_sppf_animal_visual_only_attention896_seed43,<RUN_ROOT>\outputs\controlled_comparison_runs\run_20260528_205727\neural_eval\yolo_sppf_animal_visual_only_attention896_seed43,<RUN_ROOT>\outputs\controlled_comparison_runs\run_20260528_205727\neural_training\yolo_sppf_animal_visual_only_attention896_seed43
2,0.5888172846497693,0.7698638189477809,0.5804676385507697,0.7727949201309654,0.7182825223443332,178.52197909355164,5e-05,5e-05,50.6,9.11,10.0,1.16,38.0,16.4,0.5803921568627451,0.4498480243161094,0.5068493150684932,0.8144547759932376,0.7543550596985712,0.7832537343765879,0.8902640264026402,0.7609308885754584,0.820532319391635,0.6979381443298969,0.8402109835556935,0.7624947205406166,animal_visual_only,attention,896,43,yolo_sppf_animal_visual_only_attention896_seed43,<RUN_ROOT>\outputs\controlled_comparison_runs\run_20260528_205727\neural_eval\yolo_sppf_animal_visual_only_attention896_seed43,<RUN_ROOT>\outputs\controlled_comparison_runs\run_20260528_205727\neural_training\yolo_sppf_animal_visual_only_attention896_seed43
3,0.555681524804113,0.7844616439698247,0.5453445280473384,0.7995832919932533,0.7390907787853276,178.80003690719604,5e-05,5e-05,50.7,9.12,10.0,1.16,38.0,15.1,0.4531590413943355,0.6322188449848024,0.5279187817258882,0.8088626854317231,0.832452534742611,0.8204880871997685,0.891213389121339,0.7510578279266573,0.8151549942594719,0.7998105462582886,0.7859137449581136,0.7928012519561816,animal_visual_only,attention,896,43,yolo_sppf_animal_visual_only_attention896_seed43,<RUN_ROOT>\outputs\controlled_comparison_runs\run_20260528_205727\neural_eval\yolo_sppf_animal_visual_only_attention896_seed43,<RUN_ROOT>\outputs\controlled_comparison_runs\run_20260528_205727\neural_training\yolo_sppf_animal_visual_only_attention896_seed43
4,0.5148064187935153,0.7991084549818752,0.5411749494986402,0.7954162119257863,0.7433511526168639,178.86591482162476,5e-05,5e-05,50.7,9.11,10.0,1.16,38.0,15.7,0.5580736543909348,0.5987841945288754,0.5777126099706745,0.8254858745742336,0.8064200430612645,0.8158415841584159,0.7014681892332789,0.9097320169252467,0.7921400061406202,0.8321823204419889,0.747750542972386,0.7877104101977447,animal_visual_only,attention,896,43,yolo_sppf_animal_visual_only_attention896_seed43,<RUN_ROOT>\outputs\controlled_comparison_runs\run_20260528_205727\neural_eval\yolo_sppf_animal_visual_only_attention896_seed43,<RUN_ROOT>\outputs\controlled_comparison_runs\run_20260528_205727\neural_training\yolo_sppf_animal_visual_only_attention896_seed43
5,0.5075331189170433,0.804349955912609,0.5377851715134013,0.8003770215299136,0.7393537256804282,178.8788297176361,5e-05,5e-05,50.7,9.12,10.0,1.16,38.0,16.0,0.4939172749391727,0.6170212765957447,0.5486486486486486,0.8094607379375591,0.8373458602466236,0.823167211852992,0.9065077910174152,0.6974612129760226,0.7883618971701873,0.7888821385176185,0.8057710207880856,0.7972371450498849,animal_visual_only,attention,896,43,yolo_sppf_animal_visual_only_attention896_seed43,<RUN_ROOT>\outputs\controlled_comparison_runs\run_20260528_205727\neural_eval\yolo_sppf_animal_visual_only_attention896_seed43,<RUN_ROOT>\outputs\controlled_comparison_runs\run_20260528_205727\neural_training\yolo_sppf_animal_visual_only_attention896_seed43
6,0.4935153765796587,0.8121387283236994,0.5544552588805792,0.780335350729239,0.7424385039848325,178.98932600021362,5e-05,5e-05,50.7,9.11,10.0,1.16,38.0,15.4,0.5214105793450882,0.6291793313069909,0.5702479338842974,0.8476624857468643,0.7275396359365826,0.783020855277017,0.8670649738610904,0.8187588152327221,0.8422198041349293,0.7023749368367862,0.8625504188644121,0.7742654226430858,animal_visual_only,attention,896,43,yolo_sppf_animal_visual_only_attention896_seed43,<RUN_ROOT>\outputs\controlled_comparison_runs\run_20260528_205727\neural_eval\yolo_sppf_animal_visual_only_attention896_seed43,<RUN_ROOT>\outputs\controlled_comparison_runs\run_20260528_205727\neural_training\yolo_sppf_animal_visual_only_attention896_seed43
7,0.4849013599208016,0.8179680611345155,0.5406656511364475,0.7992856434170057,0.7291962196876415,178.6655514240265,5e-05,5e-05,50.8,9.12,10.0,1.16,38.0,15.7,0.4547461368653421,0.6261398176291794,0.5268542199488492,0.802224281742354,0.8471325112546486,0.824067022086824,0.910167818361303,0.6502115655853314,0.7585355820649938,0.8079552517091361,0.8067018305926156,0.807328054649899,animal_visual_only,attention,896,43,yolo_sppf_animal_visual_only_attention896_seed43,<RUN_ROOT>\outputs\controlled_comparison_runs\run_20260528_205727\neural_eval\yolo_sppf_animal_visual_only_attention896_seed43,<RUN_ROOT>\outputs\controlled_comparison_runs\run_20260528_205727\neural_training\yolo_sppf_animal_visual_only_attention896_seed43
8,0.4786464500746056,0.8168903693543647,0.4942380674981645,0.816549260839369,0.7606007591588502,179.2059087753296,5e-05,5e-05,50.9,9.12,10.0,1.16,38.0,15.5,0.4939759036144578,0.6231003039513677,0.5510752688172043,0.8321897667124093,0.830886670581327,0.831537708129285,0.8692138133725202,0.8342736248236954,0.8513853904282115,0.81105559025609,0.8057710207880856,0.8084046692607003,animal_visual_only,attention,896,43,yolo_sppf_animal_visual_only_attention896_seed43,<RUN_ROOT>\outputs\controlled_comparison_runs\run_20260528_205727\neural_eval\yolo_sppf_animal_visual_only_attention896_seed43,<RUN_ROOT>\outputs\controlled_comparison_runs\run_20260528_205727\neural_training\yolo_sppf_animal_visual_only_attention896_seed43
9,0.4674306666787982,0.8222298422651122,0.547678703462912,0.7804345669213215,0.7396383056029501,178.65250968933103,5e-05,5e-05,50.7,9.13,10.0,1.16,38.0,15.7,0.4701030927835051,0.6930091185410334,0.5601965601965602,0.8531372098368192,0.72656097083578,0.7847780126849895,0.8606741573033708,0.810296191819464,0.8347257537232111,0.7105936540429887,0.8616196090598821,0.7788528958070398,animal_visual_only,attention,896,43,yolo_sppf_animal_visual_only_attention896_seed43,<RUN_ROOT>\outputs\controlled_comparison_runs\run_20260528_205727\neural_eval\yolo_sppf_animal_visual_only_attention896_seed43,<RUN_ROOT>\outputs\controlled_comparison_runs\run_20260528_205727\neural_training\yolo_sppf_animal_visual_only_attention896_seed43
10,0.465889797583923,0.8201234446948172,0.5124699354836983,0.7999801567615835,0.7569649853887401,178.8866925239563,5e-05,5e-05,50.7,9.12,10.0,1.16,37.0,15.3,0.5753012048192772,0.5805471124620061,0.5779122541603631,0.8516663036375517,0.7653161088275592,0.8061855670103093,0.861671469740634,0.843441466854725,0.8524590163934426,0.7340764331210191,0.8582066397766056,0.7913031039908455,animal_visual_only,attention,896,43,yolo_sppf_animal_visual_only_attention896_seed43,<RUN_ROOT>\outputs\controlled_comparison_runs\run_20260528_205727\neural_eval\yolo_sppf_animal_visual_only_attention896_seed43,<RUN_ROOT>\outputs\controlled_comparison_runs\run_20260528_205727\neural_training\yolo_sppf_animal_visual_only_attention896_seed43
1,0.8070399737610339,0.6666503380033311,0.7541457305884077,0.6936203988490922,0.6118393846915848,170.0748426914215,5e-05,5e-05,50.8,9.16,11.0,1.16,37.0,14.3,0.2189239332096475,0.7173252279635258,0.3354655294953803,0.8148238747553816,0.6519866901546291,0.7243666412960749,0.9190231362467868,0.504231311706629,0.651183970856102,0.6551390568319226,0.8405212534905367,0.7363413971187823,animal_visual_only,attention,896,44,yolo_sppf_animal_visual_only_attention896_seed44,<RUN_ROOT>\outputs\controlled_comparison_runs\run_20260528_205727\neural_eval\yolo_sppf_animal_visual_only_attention896_seed44,<RUN_ROOT>\outputs\controlled_comparison_runs\run_20260528_205727\neural_training\yolo_sppf_animal_visual_only_attention896_seed44
2,0.6017701382278742,0.7669246595473694,0.5606598934129117,0.7939279690445481,0.7298373883935295,178.69058322906494,5e-05,5e-05,50.6,9.18,10.0,1.16,37.0,15.3,0.3879003558718861,0.662613981762918,0.489337822671156,0.811633281972265,0.8248189469563515,0.8181729929133094,0.8376251788268956,0.8258110014104373,0.8316761363636364,0.8196105227195081,0.7443375736891096,0.7801626016260164,animal_visual_only,attention,896,44,yolo_sppf_animal_visual_only_attention896_seed44,<RUN_ROOT>\outputs\controlled_comparison_runs\run_20260528_205727\neural_eval\yolo_sppf_animal_visual_only_attention896_seed44,<RUN_ROOT>\outputs\controlled_comparison_runs\run_20260528_205727\neural_training\yolo_sppf_animal_visual_only_attention896_seed44
3,0.5527201391651433,0.7878416772802979,0.5802918908230605,0.7775572973509277,0.7219344533865,178.6409182548523,5e-05,5e-05,50.7,9.18,10.0,1.16,38.0,15.6,0.3966789667896679,0.6534954407294833,0.4936854190585534,0.8379741284805964,0.7480916030534351,0.7904860392967942,0.87265625,0.7877291960507757,0.8280207561156412,0.7259199134199135,0.8324542351846106,0.775545599075011,animal_visual_only,attention,896,44,yolo_sppf_animal_visual_only_attention896_seed44,<RUN_ROOT>\outputs\controlled_comparison_runs\run_20260528_205727\neural_eval\yolo_sppf_animal_visual_only_attention896_seed44,<RUN_ROOT>\outputs\controlled_comparison_runs\run_20260528_205727\neural_training\yolo_sppf_animal_visual_only_attention896_seed44
4,0.5191077701163516,0.8033702361124718,0.5848725579383355,0.7663458676455998,0.7149811207937135,178.76542973518372,5e-05,5e-05,50.8,9.17,10.0,1.16,38.0,14.9,0.3772357723577236,0.7051671732522796,0.4915254237288136,0.8414410279944929,0.7177529849285574,0.7746910320059153,0.8947804473902237,0.7616361071932299,0.8228571428571428,0.7040266735060272,0.8516909711448961,0.7708508845829823,animal_visual_only,attention,896,44,yolo_sppf_animal_visual_only_attention896_seed44,<RUN_ROOT>\outputs\controlled_comparison_runs\run_20260528_205727\neural_eval\yolo_sppf_animal_visual_only_attention896_seed44,<RUN_ROOT>\outputs\controlled_comparison_runs\run_20260528_205727\neural_training\yolo_sppf_animal_visual_only_attention896_seed44
5,0.5119910534868326,0.805035759772705,0.5583492296437422,0.7747792439726163,0.7410081700552237,178.71570491790771,5e-05,5e-05,50.8,9.17,10.0,1.16,38.0,15.1,0.5398936170212766,0.6170212765957447,0.5758865248226951,0.8459221501390176,0.7146212566059894,0.7747480106100796,0.8544802867383513,0.840620592383639,0.847493778883754,0.6921342685370742,0.8572758299720757,0.765904365904366,animal_visual_only,attention,896,44,yolo_sppf_animal_visual_only_attention896_seed44,<RUN_ROOT>\outputs\controlled_comparison_runs\run_20260528_205727\neural_eval\yolo_sppf_animal_visual_only_attention896_seed44,<RUN_ROOT>\outputs\controlled_comparison_runs\run_20260528_205727\neural_training\yolo_sppf_animal_visual_only_attention896_seed44
6,0.5035411934645665,0.808513765063192,0.4911174490279149,0.8210139894830837,0.767681383628599,178.58416080474854,5e-05,5e-05,50.8,9.18,10.0,1.16,38.0,15.9,0.5537190082644629,0.6109422492401215,0.5809248554913294,0.8052669294159799,0.8798199256214524,0.8408942100832476,0.8765060240963856,0.8208744710860366,0.8477785870356883,0.860655737704918,0.7493018926466025,0.8011278819041301,animal_visual_only,attention,896,44,yolo_sppf_animal_visual_only_attention896_seed44,<RUN_ROOT>\outputs\controlled_comparison_runs\run_20260528_205727\neural_eval\yolo_sppf_animal_visual_only_attention896_seed44,<RUN_ROOT>\outputs\controlled_comparison_runs\run_20260528_205727\neural_training\yolo_sppf_animal_visual_only_attention896_seed44
7,0.4851825685768759,0.8162535514842755,0.5261520303431011,0.8032542911003075,0.7425579514315979,178.42528319358826,5e-05,5e-05,50.7,9.19,11.0,1.16,38.0,15.2,0.4054514480408858,0.723404255319149,0.519650655021834,0.8382233088834555,0.8052456449403014,0.821403613856444,0.8910891089108911,0.7616361071932299,0.8212927756653993,0.7900355871886121,0.8265591064225877,0.8078847611827142,animal_visual_only,attention,896,44,yolo_sppf_animal_visual_only_attention896_seed44,<RUN_ROOT>\outputs\controlled_comparison_runs\run_20260528_205727\neural_eval\yolo_sppf_animal_visual_only_attention896_seed44,<RUN_ROOT>\outputs\controlled_comparison_runs\run_20260528_205727\neural_training\yolo_sppf_animal_visual_only_attention896_seed44
8,0.4661043556144338,0.8212991084549819,0.5090305586448974,0.8166484770314515,0.7524808523603491,178.88760590553284,5e-05,5e-05,50.8,9.28,10.0,1.16,38.0,15.0,0.4727668845315904,0.6595744680851063,0.5507614213197969,0.8000703358537015,0.8905852417302799,0.8429047795479807,0.8810316139767055,0.7468265162200282,0.8083969465648854,0.8806298059318931,0.7461991932981694,0.8078602620087337,animal_visual_only,attention,896,44,yolo_sppf_animal_visual_only_attention896_seed44,<RUN_ROOT>\outputs\controlled_comparison_runs\run_20260528_205727\neural_eval\yolo_sppf_animal_visual_only_attention896_seed44,<RUN_ROOT>\outputs\controlled_comparison_runs\run_20260528_205727\neural_training\yolo_sppf_animal_visual_only_attention896_seed44
9,0.4717811552871918,0.8213970804349956,0.5311805627294003,0.80295664252406,0.7312220791438444,178.96910285949707,5e-05,5e-05,50.8,9.29,10.0,1.16,38.0,15.7,0.3244274809160305,0.7750759878419453,0.4573991031390134,0.8392030589655867,0.8162066940692895,0.827545147846795,0.8693270735524257,0.7834978843441467,0.8241839762611276,0.8394615889691398,0.7933602233943531,0.8157600893284416,animal_visual_only,attention,896,44,yolo_sppf_animal_visual_only_attention896_seed44,<RUN_ROOT>\outputs\controlled_comparison_runs\run_20260528_205727\neural_eval\yolo_sppf_animal_visual_only_attention896_seed44,<RUN_ROOT>\outputs\controlled_comparison_runs\run_20260528_205727\neural_training\yolo_sppf_animal_visual_only_attention896_seed44
10,0.4661558135573206,0.8212011364749682,0.577977763923506,0.7688262724476634,0.7054639615693625,178.88038897514343,5e-05,5e-05,50.8,9.28,10.0,1.16,38.0,15.0,0.4366729678638941,0.7021276595744681,0.5384615384615384,0.8014943457189014,0.7768643570170288,0.7889871782129013,0.9039735099337748,0.577574047954866,0.7048192771084337,0.7394366197183099,0.8470369221222463,0.789587852494577,animal_visual_only,attention,896,44,yolo_sppf_animal_visual_only_attention896_seed44,<RUN_ROOT>\outputs\controlled_comparison_runs\run_20260528_205727\neural_eval\yolo_sppf_animal_visual_only_attention896_seed44,<RUN_ROOT>\outputs\controlled_comparison_runs\run_20260528_205727\neural_training\yolo_sppf_animal_visual_only_attention896_seed44
1,0.889822062373535,0.6240815126873714,0.6466712337164652,0.743923008234944,0.6551314041688814,510.73593640327454,5e-05,5e-05,38.6,8.97,2.0,1.02,36.0,8.8,0.3583535108958838,0.4498480243161094,0.398921832884097,0.7071580224446467,0.9127030730084164,0.7968896864051953,0.8987341772151899,0.650916784203103,0.7550102249488753,0.8625916870415647,0.5473161650636054,0.6697038724373577,animal_visual_only,lstm,256,42,yolo_sppf_animal_visual_only_lstm256_seed42,<RUN_ROOT>\outputs\controlled_comparison_runs\run_20260528_205727\neural_eval\yolo_sppf_animal_visual_only_lstm256_seed42,<RUN_ROOT>\outputs\controlled_comparison_runs\run_20260528_205727\neural_training\yolo_sppf_animal_visual_only_lstm256_seed42
2,0.6264383802044448,0.7570294895659841,0.6329354739171409,0.7387637662466514,0.6883550520534112,253.32347989082336,5e-05,5e-05,49.9,9.12,8.0,1.02,36.0,15.6,0.3323216995447648,0.6656534954407295,0.4433198380566802,0.8515665125834617,0.6490506948522216,0.7366433411085194,0.8268551236749117,0.8251057827926658,0.8259795270031769,0.6667477499391875,0.8504498914055229,0.7474775020452686,animal_visual_only,lstm,256,42,yolo_sppf_animal_visual_only_lstm256_seed42,<RUN_ROOT>\outputs\controlled_comparison_runs\run_20260528_205727\neural_eval\yolo_sppf_animal_visual_only_lstm256_seed42,<RUN_ROOT>\outputs\controlled_comparison_runs\run_20260528_205727\neural_training\yolo_sppf_animal_visual_only_lstm256_seed42
3,0.5891794928913019,0.7754482218085628,0.5559705013379691,0.7951185633495387,0.7254755249105811,203.70850110054016,5e-05,5e-05,50.7,9.15,8.0,1.02,37.0,16.0,0.498567335243553,0.5288753799392097,0.5132743362831859,0.7698695136417556,0.8892151105891564,0.8252497729336966,0.9326923076923076,0.6840620592383639,0.789259560618389,0.8343492291143779,0.721998138380391,0.7741184298070525,animal_visual_only,lstm,256,42,yolo_sppf_animal_visual_only_lstm256_seed42,<RUN_ROOT>\outputs\controlled_comparison_runs\run_20260528_205727\neural_eval\yolo_sppf_animal_visual_only_lstm256_seed42,<RUN_ROOT>\outputs\controlled_comparison_runs\run_20260528_205727\neural_training\yolo_sppf_animal_visual_only_lstm256_seed42
4,0.5611669567054529,0.7862251396100716,0.668513857406224,0.729437444190892,0.6661567694864657,186.36572265625,5e-05,5e-05,50.7,9.16,8.0,1.02,37.0,15.6,0.2418111753371869,0.7629179331306991,0.3672275054864667,0.8634095087995797,0.643374437267567,0.7373261552265589,0.8403755868544601,0.7574047954866009,0.7967359050445104,0.6926188068756319,0.8501396214706795,0.763337512188327,animal_visual_only,lstm,256,42,yolo_sppf_animal_visual_only_lstm256_seed42,<RUN_ROOT>\outputs\controlled_comparison_runs\run_20260528_205727\neural_eval\yolo_sppf_animal_visual_only_lstm256_seed42,<RUN_ROOT>\outputs\controlled_comparison_runs\run_20260528_205727\neural_training\yolo_sppf_animal_visual_only_lstm256_seed42
5,0.5266439560012524,0.8021455863623004,0.6020292279768794,0.7715051096338923,0.6965502573999385,178.79104828834534,5e-05,5e-05,50.8,9.17,8.0,1.02,37.0,16.2,0.3525305410122164,0.6139817629179332,0.4478935698447894,0.8023510659493923,0.7882168721863378,0.7952211690363349,0.9323076923076924,0.6410437235543018,0.7597158378604262,0.7511389521640092,0.8184920881166615,0.7833704528582035,animal_visual_only,lstm,256,42,yolo_sppf_animal_visual_only_lstm256_seed42,<RUN_ROOT>\outputs\controlled_comparison_runs\run_20260528_205727\neural_eval\yolo_sppf_animal_visual_only_lstm256_seed42,<RUN_ROOT>\outputs\controlled_comparison_runs\run_20260528_205727\neural_training\yolo_sppf_animal_visual_only_lstm256_seed42
6,0.52253047418912,0.8020966003722936,0.6484757757546115,0.7463041968449251,0.6884634036632407,177.13771772384644,5e-05,5e-05,50.8,9.17,8.0,1.02,37.0,15.9,0.3306233062330623,0.7416413373860182,0.457357075913777,0.836763662171753,0.6923076923076923,0.7577120822622108,0.8992537313432836,0.6798307475317349,0.7742971887550201,0.6870361207323107,0.8616196090598821,0.7644872677219546,animal_visual_only,lstm,256,42,yolo_sppf_animal_visual_only_lstm256_seed42,<RUN_ROOT>\outputs\controlled_comparison_runs\run_20260528_205727\neural_eval\yolo_sppf_animal_visual_only_lstm256_seed42,<RUN_ROOT>\outputs\controlled_comparison_runs\run_20260528_205727\neural_training\yolo_sppf_animal_visual_only_lstm256_seed42
7,0.4985330744958877,0.8121877143137063,0.5877117867596329,0.7603928961206469,0.7030632031869676,176.40136814117432,5e-05,5e-05,50.8,9.16,8.0,1.02,37.0,15.1,0.3286445012787723,0.7811550151975684,0.4626462646264626,0.848421052631579,0.7099236641221374,0.7730179028132992,0.8747913188647746,0.7390691114245416,0.8012232415902141,0.7144351464435147,0.847657461991933,0.7753654037178942,animal_visual_only,lstm,256,42,yolo_sppf_animal_visual_only_lstm256_seed42,<RUN_ROOT>\outputs\controlled_comparison_runs\run_20260528_205727\neural_eval\yolo_sppf_animal_visual_only_lstm256_seed42,<RUN_ROOT>\outputs\controlled_comparison_runs\run_20260528_205727\neural_training\yolo_sppf_animal_visual_only_lstm256_seed42
8,0.4920528632439789,0.8110610365435486,0.7083333477222671,0.7291397956146443,0.664704308845881,175.98111867904663,5e-05,5e-05,50.9,9.0,8.0,1.02,37.0,15.7,0.305019305019305,0.7203647416413373,0.4285714285714285,0.8300097276264592,0.6680367978077901,0.740266782344648,0.8780971258671952,0.6248236953455572,0.7301194890811702,0.6728055489117436,0.8727893267142414,0.7598595353862776,animal_visual_only,lstm,256,42,yolo_sppf_animal_visual_only_lstm256_seed42,<RUN_ROOT>\outputs\controlled_comparison_runs\run_20260528_205727\neural_eval\yolo_sppf_animal_visual_only_lstm256_seed42,<RUN_ROOT>\outputs\controlled_comparison_runs\run_20260528_205727\neural_training\yolo_sppf_animal_visual_only_lstm256_seed42
9,0.4807129037481817,0.8133633780738708,0.5907591695039873,0.7593015180077388,0.698275190989763,175.6471734046936,5e-05,5e-05,50.8,9.0,8.0,1.02,38.0,15.6,0.2960172228202368,0.8358662613981763,0.437201907790143,0.8732643271901035,0.6770405167351732,0.762734288864388,0.7065934065934066,0.9069111424541608,0.7943174799258802,0.7815375482338973,0.816940738442445,0.7988470873786407,animal_visual_only,lstm,256,42,yolo_sppf_animal_visual_only_lstm256_seed42,<RUN_ROOT>\outputs\controlled_comparison_runs\run_20260528_205727\neural_eval\yolo_sppf_animal_visual_only_lstm256_seed42,<RUN_ROOT>\outputs\controlled_comparison_runs\run_20260528_205727\neural_training\yolo_sppf_animal_visual_only_lstm256_seed42
10,0.4546882415447256,0.8284510629959831,0.549457014478477,0.7953169957337037,0.7253580650089865,175.48412823677063,2.5e-05,2.5e-05,50.8,9.0,8.0,1.02,38.0,15.8,0.4359464627151052,0.6930091185410334,0.5352112676056338,0.8078882808076996,0.8379330593071052,0.8226364335126827,0.8949494949494949,0.6248236953455572,0.7358803986710963,0.8022650749923477,0.8132174992243252,0.8077041602465331,animal_visual_only,lstm,256,42,yolo_sppf_animal_visual_only_lstm256_seed42,<RUN_ROOT>\outputs\controlled_comparison_runs\run_20260528_205727\neural_eval\yolo_sppf_animal_visual_only_lstm256_seed42,<RUN_ROOT>\outputs\controlled_comparison_runs\run_20260528_205727\neural_training\yolo_sppf_animal_visual_only_lstm256_seed42
1,0.8723694897347296,0.6309395512883316,0.656696789421969,0.7324139299533684,0.6599313670408679,165.84077501296997,5e-05,5e-05,50.8,9.04,8.0,1.02,38.0,15.4,0.2675840978593272,0.5319148936170213,0.3560528992878942,0.8157028678890456,0.6791935799569387,0.7412154224073481,0.767564018384767,0.8244005641748943,0.7949676980618836,0.7039473684210527,0.7967731926776296,0.7474894484063456,animal_visual_only,lstm,256,43,yolo_sppf_animal_visual_only_lstm256_seed43,<RUN_ROOT>\outputs\controlled_comparison_runs\run_20260528_205727\neural_eval\yolo_sppf_animal_visual_only_lstm256_seed43,<RUN_ROOT>\outputs\controlled_comparison_runs\run_20260528_205727\neural_training\yolo_sppf_animal_visual_only_lstm256_seed43
2,0.6172568731091707,0.7619770745566767,0.6457983685450421,0.7550352217481893,0.664910399609346,174.50363612174988,5e-05,5e-05,50.7,9.04,8.0,1.02,38.0,15.1,0.3814432989690721,0.5623100303951368,0.4545454545454546,0.7604920405209841,0.8228616167547466,0.7904484347090346,0.9390243902439024,0.4887165021156558,0.6428571428571429,0.7596153846153846,0.784362395283897,0.7717905663257518,animal_visual_only,lstm,256,43,yolo_sppf_animal_visual_only_lstm256_seed43,<RUN_ROOT>\outputs\controlled_comparison_runs\run_20260528_205727\neural_eval\yolo_sppf_animal_visual_only_lstm256_seed43,<RUN_ROOT>\outputs\controlled_comparison_runs\run_20260528_205727\neural_training\yolo_sppf_animal_visual_only_lstm256_seed43
3,0.5792476720640839,0.7762809836386794,0.5550681707848396,0.7930350233158051,0.7142644698608867,174.357186794281,5e-05,5e-05,50.8,9.05,8.0,1.02,37.0,15.2,0.5015873015873016,0.4802431610942249,0.4906832298136646,0.76775956284153,0.8800156586416128,0.8200638394892841,0.898635477582846,0.6502115655853314,0.7545008183306057,0.8386537126995143,0.7499224325162892,0.7918099918099919,animal_visual_only,lstm,256,43,yolo_sppf_animal_visual_only_lstm256_seed43,<RUN_ROOT>\outputs\controlled_comparison_runs\run_20260528_205727\neural_eval\yolo_sppf_animal_visual_only_lstm256_seed43,<RUN_ROOT>\outputs\controlled_comparison_runs\run_20260528_205727\neural_training\yolo_sppf_animal_visual_only_lstm256_seed43
4,0.5389535772879857,0.7928382482609974,0.5606665775682481,0.7863875384462744,0.7118671553572365,174.1337649822235,5e-05,5e-05,50.8,9.06,8.0,1.02,37.0,14.6,0.3104325699745547,0.7416413373860182,0.4376681614349775,0.8038070109310215,0.8348013309845371,0.8190110417666827,0.8459143968871595,0.7665726375176305,0.8042915279319276,0.8623242042931162,0.7229289481849209,0.7864978902953587,animal_visual_only,lstm,256,43,yolo_sppf_animal_visual_only_lstm256_seed43,<RUN_ROOT>\outputs\controlled_comparison_runs\run_20260528_205727\neural_eval\yolo_sppf_animal_visual_only_lstm256_seed43,<RUN_ROOT>\outputs\controlled_comparison_runs\run_20260528_205727\neural_training\yolo_sppf_animal_visual_only_lstm256_seed43
5,0.5324903965510172,0.7935730381111002,0.5998219516571789,0.7656513543010219,0.7044699543705126,174.7059555053711,5e-05,5e-05,50.8,9.06,8.0,1.02,37.0,15.4,0.4508816120906801,0.5440729483282675,0.4931129476584022,0.8206837239303376,0.7471129379526326,0.7821721311475409,0.8894977168949771,0.68688293370945,0.7751691205730203,0.6979166666666666,0.8523115110145827,0.767425618103087,animal_visual_only,lstm,256,43,yolo_sppf_animal_visual_only_lstm256_seed43,<RUN_ROOT>\outputs\controlled_comparison_runs\run_20260528_205727\neural_eval\yolo_sppf_animal_visual_only_lstm256_seed43,<RUN_ROOT>\outputs\controlled_comparison_runs\run_20260528_205727\neural_training\yolo_sppf_animal_visual_only_lstm256_seed43
6,0.5145254854556629,0.8063583815028902,0.545940504119628,0.7947216985812084,0.7225663182555631,174.76310062408447,5e-05,5e-05,50.8,9.07,8.0,1.02,37.0,16.1,0.3356353591160221,0.7386018237082067,0.4615384615384615,0.8236800630417652,0.818359757291055,0.8210112911143839,0.8456742010911925,0.7651622002820875,0.8034061458718993,0.8347797062750334,0.7759851070431275,0.8043093744975076,animal_visual_only,lstm,256,43,yolo_sppf_animal_visual_only_lstm256_seed43,<RUN_ROOT>\outputs\controlled_comparison_runs\run_20260528_205727\neural_eval\yolo_sppf_animal_visual_only_lstm256_seed43,<RUN_ROOT>\outputs\controlled_comparison_runs\run_20260528_205727\neural_training\yolo_sppf_animal_visual_only_lstm256_seed43
7,0.5021117209372196,0.8094444988733223,0.7579611972683952,0.7043357475940073,0.6409129828914394,175.40299463272095,5e-05,5e-05,51.0,9.1,8.0,1.02,37.0,15.2,0.4109890109890109,0.5683890577507599,0.4770408163265306,0.8103616813294232,0.6490506948522216,0.7207912183458319,0.9126466753585396,0.4936530324400564,0.6407322654462243,0.6077649527806925,0.8985417313062364,0.7250876314471708,animal_visual_only,lstm,256,43,yolo_sppf_animal_visual_only_lstm256_seed43,<RUN_ROOT>\outputs\controlled_comparison_runs\run_20260528_205727\neural_eval\yolo_sppf_animal_visual_only_lstm256_seed43,<RUN_ROOT>\outputs\controlled_comparison_runs\run_20260528_205727\neural_training\yolo_sppf_animal_visual_only_lstm256_seed43
8,0.4922330969576738,0.8134613500538845,0.5040045871724567,0.8095049112015081,0.7504741008996499,174.78045511245728,5e-05,5e-05,50.8,9.07,8.0,1.02,37.0,15.3,0.5175,0.6291793313069909,0.5679012345679011,0.8060336849898204,0.8524173027989822,0.8285768645357687,0.8783204798628963,0.7228490832157969,0.793036750483559,0.8272756513348344,0.7980142724170028,0.8123815540113708,animal_visual_only,lstm,256,43,yolo_sppf_animal_visual_only_lstm256_seed43,<RUN_ROOT>\outputs\controlled_comparison_runs\run_20260528_205727\neural_eval\yolo_sppf_animal_visual_only_lstm256_seed43,<RUN_ROOT>\outputs\controlled_comparison_runs\run_20260528_205727\neural_training\yolo_sppf_animal_visual_only_lstm256_seed43
9,0.4801915044017533,0.8177231311844813,0.5741703372204765,0.7748784601646989,0.7135403529321731,175.10843110084534,5e-05,5e-05,50.8,9.01,8.0,1.02,37.0,15.4,0.4117647058823529,0.6595744680851063,0.5070093457943926,0.8198992443324937,0.7645331767469172,0.7912488605287147,0.8905380333951762,0.6770098730606487,0.7692307692307693,0.7350404312668464,0.8461061123177164,0.7866724361748162,animal_visual_only,lstm,256,43,yolo_sppf_animal_visual_only_lstm256_seed43,<RUN_ROOT>\outputs\controlled_comparison_runs\run_20260528_205727\neural_eval\yolo_sppf_animal_visual_only_lstm256_seed43,<RUN_ROOT>\outputs\controlled_comparison_runs\run_20260528_205727\neural_training\yolo_sppf_animal_visual_only_lstm256_seed43
10,0.473948070411585,0.8187518369746253,0.5501048893076441,0.7907530508979065,0.7259954531379122,175.555917263031,5e-05,5e-05,50.9,9.12,8.0,1.02,37.0,15.7,0.7333333333333333,0.4012158054711246,0.518664047151277,0.8186946011281225,0.7954589939322764,0.8069095602104636,0.8752136752136752,0.7221438645980254,0.7913446676970634,0.7304116865869854,0.8532423208191127,0.787063537492845,animal_visual_only,lstm,256,43,yolo_sppf_animal_visual_only_lstm256_seed43,<RUN_ROOT>\outputs\controlled_comparison_runs\run_20260528_205727\neural_eval\yolo_sppf_animal_visual_only_lstm256_seed43,<RUN_ROOT>\outputs\controlled_comparison_runs\run_20260528_205727\neural_training\yolo_sppf_animal_visual_only_lstm256_seed43
1,0.8868455050577377,0.6246203585774468,1.0158186946419023,0.5547177299335252,0.4965138105072885,166.31634616851807,5e-05,5e-05,50.8,9.14,8.0,1.02,38.0,14.2,0.1007338225483655,0.917933130699088,0.1815449353772167,0.8204849800941006,0.4437267567038559,0.5759654471544715,0.9408396946564884,0.347672778561354,0.5077239958805355,0.6665788086452293,0.7846726652187404,0.7208208636169303,animal_visual_only,lstm,256,44,yolo_sppf_animal_visual_only_lstm256_seed44,<RUN_ROOT>\outputs\controlled_comparison_runs\run_20260528_205727\neural_eval\yolo_sppf_animal_visual_only_lstm256_seed44,<RUN_ROOT>\outputs\controlled_comparison_runs\run_20260528_205727\neural_training\yolo_sppf_animal_visual_only_lstm256_seed44
2,0.644975389152485,0.7513471147251886,0.6240895117913919,0.763667030459371,0.6766211882648794,174.63722205162048,5e-05,5e-05,50.8,9.17,8.0,1.02,38.0,14.6,0.3,0.601823708206687,0.4004044489383215,0.7775268210050819,0.8085731062830299,0.7927461139896372,0.9317931793179318,0.5973201692524682,0.7279759346798453,0.7885517672818267,0.7821905057399938,0.7853582554517133,animal_visual_only,lstm,256,44,yolo_sppf_animal_visual_only_lstm256_seed44,<RUN_ROOT>\outputs\controlled_comparison_runs\run_20260528_205727\neural_eval\yolo_sppf_animal_visual_only_lstm256_seed44,<RUN_ROOT>\outputs\controlled_comparison_runs\run_20260528_205727\neural_training\yolo_sppf_animal_visual_only_lstm256_seed44
3,0.5785899977769037,0.7797100029391594,0.5945305076560804,0.7644607599960314,0.699548647995936,175.1533241271973,5e-05,5e-05,51.1,9.22,8.0,1.02,38.0,15.0,0.3079019073569482,0.6869300911854104,0.425211665098777,0.8341550874047512,0.728518301037385,0.7777661686344164,0.8732959101844426,0.7679830747531735,0.8172607879924954,0.7337733773377337,0.8278001861619609,0.7779559702580551,animal_visual_only,lstm,256,44,yolo_sppf_animal_visual_only_lstm256_seed44,<RUN_ROOT>\outputs\controlled_comparison_runs\run_20260528_205727\neural_eval\yolo_sppf_animal_visual_only_lstm256_seed44,<RUN_ROOT>\outputs\controlled_comparison_runs\run_20260528_205727\neural_training\yolo_sppf_animal_visual_only_lstm256_seed44
4,0.5429733977550903,0.7922014303909082,0.7308563936472176,0.697390614148229,0.6741964446648963,174.19689297676086,5e-05,5e-05,50.8,9.21,8.0,1.02,38.0,14.8,0.5615942028985508,0.4711246200607902,0.512396694214876,0.8288754673569169,0.5641025641025641,0.6713254134637782,0.902946273830156,0.7348377997179125,0.8102643856920685,0.5703789636504254,0.9152963077877754,0.7027992852888624,animal_visual_only,lstm,256,44,yolo_sppf_animal_visual_only_lstm256_seed44,<RUN_ROOT>\outputs\controlled_comparison_runs\run_20260528_205727\neural_eval\yolo_sppf_animal_visual_only_lstm256_seed44,<RUN_ROOT>\outputs\controlled_comparison_runs\run_20260528_205727\neural_training\yolo_sppf_animal_visual_only_lstm256_seed44
5,0.5380348497563768,0.7905848927206819,0.5641097184684541,0.7715051096338923,0.7128084146569028,174.377774477005,5e-05,5e-05,50.9,9.19,8.0,1.02,37.0,14.9,0.3342541436464088,0.7355623100303952,0.4596391263057929,0.8434605827874407,0.730867097279311,0.7831375838926176,0.8538230884557722,0.8032440056417489,0.8277616279069768,0.7404006677796328,0.8256282966180577,0.7806953205222239,animal_visual_only,lstm,256,44,yolo_sppf_animal_visual_only_lstm256_seed44,<RUN_ROOT>\outputs\controlled_comparison_runs\run_20260528_205727\neural_eval\yolo_sppf_animal_visual_only_lstm256_seed44,<RUN_ROOT>\outputs\controlled_comparison_runs\run_20260528_205727\neural_training\yolo_sppf_animal_visual_only_lstm256_seed44
6,0.5246302489786873,0.799157440971882,0.4890647523785157,0.8202202599464232,0.7594508678867967,174.23055863380432,5e-05,5e-05,50.8,9.19,8.0,1.02,37.0,15.3,0.5673076923076923,0.5379939209726444,0.5522620904836194,0.8095411507647488,0.8702290076335878,0.8387887935100462,0.8540145985401459,0.8251057827926658,0.8393113342898135,0.8516351118760758,0.7676078188023581,0.8074412532637076,animal_visual_only,lstm,256,44,yolo_sppf_animal_visual_only_lstm256_seed44,<RUN_ROOT>\outputs\controlled_comparison_runs\run_20260528_205727\neural_eval\yolo_sppf_animal_visual_only_lstm256_seed44,<RUN_ROOT>\outputs\controlled_comparison_runs\run_20260528_205727\neural_training\yolo_sppf_animal_visual_only_lstm256_seed44
7,0.4984628179294516,0.8084157930831782,0.5460211637385545,0.7913483480504018,0.7193310727498657,174.62167835235596,5e-05,5e-05,50.7,9.17,8.0,1.02,37.0,15.1,0.3428184281842818,0.7689969604863222,0.4742268041237114,0.8047023132347364,0.8306909375611665,0.8174901280939998,0.8791111111111111,0.6974612129760226,0.7778214707038931,0.8463630183548606,0.7725721377598511,0.8077858880778589,animal_visual_only,lstm,256,44,yolo_sppf_animal_visual_only_lstm256_seed44,<RUN_ROOT>\outputs\controlled_comparison_runs\run_20260528_205727\neural_eval\yolo_sppf_animal_visual_only_lstm256_seed44,<RUN_ROOT>\outputs\controlled_comparison_runs\run_20260528_205727\neural_training\yolo_sppf_animal_visual_only_lstm256_seed44
8,0.48361865557193,0.8174782012344469,0.5324375599563594,0.8030558587161425,0.7324808457766971,174.46215629577637,5e-05,5e-05,50.8,9.01,8.0,1.02,37.0,15.2,0.4796163069544364,0.60790273556231,0.5361930294906166,0.775489534098582,0.899197494617342,0.8327744040605457,0.8578993821712269,0.685472496473907,0.7620540964327716,0.8936660268714012,0.7223084083152342,0.7989018531228551,animal_visual_only,lstm,256,44,yolo_sppf_animal_visual_only_lstm256_seed44,<RUN_ROOT>\outputs\controlled_comparison_runs\run_20260528_205727\neural_eval\yolo_sppf_animal_visual_only_lstm256_seed44,<RUN_ROOT>\outputs\controlled_comparison_runs\run_20260528_205727\neural_training\yolo_sppf_animal_visual_only_lstm256_seed44
9,0.4821760951450859,0.8146859998040561,0.6073110307226814,0.7756721897013593,0.6778280731154442,174.85915398597717,5e-05,5e-05,50.8,9.03,8.0,1.02,37.0,15.0,0.2773564463705308,0.7781155015197568,0.4089456869009585,0.7965062256086229,0.8389117244079076,0.8171591992373689,0.9064398541919806,0.5260930888575458,0.6657742079428826,0.8570460704607046,0.7849829351535836,0.8194331983805668,animal_visual_only,lstm,256,44,yolo_sppf_animal_visual_only_lstm256_seed44,<RUN_ROOT>\outputs\controlled_comparison_runs\run_20260528_205727\neural_eval\yolo_sppf_animal_visual_only_lstm256_seed44,<RUN_ROOT>\outputs\controlled_comparison_runs\run_20260528_205727\neural_training\yolo_sppf_animal_visual_only_lstm256_seed44
10,0.4740269904588364,0.8174292152444401,0.6670859717845267,0.7363825776366703,0.6791144877751563,174.57702779769895,5e-05,5e-05,50.8,9.01,8.0,1.02,37.0,15.4,0.4150943396226415,0.7355623100303952,0.5307017543859649,0.7957964601769911,0.7040516735173223,0.7471180807975906,0.8466522678185745,0.5528913963328632,0.6689419795221843,0.6911111111111111,0.868445547626435,0.7696961363948853,animal_visual_only,lstm,256,44,yolo_sppf_animal_visual_only_lstm256_seed44,<RUN_ROOT>\outputs\controlled_comparison_runs\run_20260528_205727\neural_eval\yolo_sppf_animal_visual_only_lstm256_seed44,<RUN_ROOT>\outputs\controlled_comparison_runs\run_20260528_205727\neural_training\yolo_sppf_animal_visual_only_lstm256_seed44
1,0.8185848983524361,0.657342999902028,0.6810492988261911,0.7567218970135926,0.6471507521575737,182.5994062423706,5e-05,5e-05,50.8,9.07,10.0,1.05,38.0,15.6,0.3929712460063898,0.3738601823708207,0.383177570093458,0.7219127205199629,0.9130945390487376,0.8063261602281566,0.952755905511811,0.5119887165021156,0.6660550458715596,0.8312352478363493,0.6556003723239218,0.7330442324371205,animal_visual_only,lstm,512,42,yolo_sppf_animal_visual_only_lstm512_seed42,<RUN_ROOT>\outputs\controlled_comparison_runs\run_20260528_205727\neural_eval\yolo_sppf_animal_visual_only_lstm512_seed42,<RUN_ROOT>\outputs\controlled_comparison_runs\run_20260528_205727\neural_training\yolo_sppf_animal_visual_only_lstm512_seed42
2,0.6001539945041872,0.7687861271676301,0.5414798749876873,0.7911499156662367,0.7306263962860744,193.44824719429016,5e-05,5e-05,50.6,9.09,10.0,1.05,38.0,15.5,0.3868243243243243,0.6960486322188449,0.49728555917481,0.8349007314524556,0.7819534155412018,0.8075601374570447,0.7982860909690178,0.8540197461212976,0.8252129471890971,0.7971742543171114,0.7877753645671735,0.7924469413233458,animal_visual_only,lstm,512,42,yolo_sppf_animal_visual_only_lstm512_seed42,<RUN_ROOT>\outputs\controlled_comparison_runs\run_20260528_205727\neural_eval\yolo_sppf_animal_visual_only_lstm512_seed42,<RUN_ROOT>\outputs\controlled_comparison_runs\run_20260528_205727\neural_training\yolo_sppf_animal_visual_only_lstm512_seed42
3,0.5661180665874183,0.7797589889291663,0.6391081140036621,0.7607897608889771,0.657595221875203,194.10607028007507,5e-05,5e-05,50.7,9.09,10.0,1.05,38.0,15.8,0.5531914893617021,0.4741641337386018,0.5106382978723404,0.7412367724867724,0.8774711293795263,0.8036210450838039,0.954954954954955,0.3737658674188998,0.5372529143436391,0.7824045084533501,0.7753645671734409,0.7788686302010286,animal_visual_only,lstm,512,42,yolo_sppf_animal_visual_only_lstm512_seed42,<RUN_ROOT>\outputs\controlled_comparison_runs\run_20260528_205727\neural_eval\yolo_sppf_animal_visual_only_lstm512_seed42,<RUN_ROOT>\outputs\controlled_comparison_runs\run_20260528_205727\neural_training\yolo_sppf_animal_visual_only_lstm512_seed42
4,0.5447701955430186,0.7941608699911825,0.548201556846736,0.7956146443099514,0.7269578187983752,193.8243508338928,5e-05,5e-05,50.7,9.09,10.0,1.05,38.0,16.4,0.3537735849056603,0.6838905775075987,0.466321243523316,0.8330958681050274,0.8011352515169309,0.8168030333266814,0.8521021021021021,0.8004231311706629,0.8254545454545456,0.8023764853033146,0.7961526528079429,0.7992524528889581,animal_visual_only,lstm,512,42,yolo_sppf_animal_visual_only_lstm512_seed42,<RUN_ROOT>\outputs\controlled_comparison_runs\run_20260528_205727\neural_eval\yolo_sppf_animal_visual_only_lstm512_seed42,<RUN_ROOT>\outputs\controlled_comparison_runs\run_20260528_205727\neural_training\yolo_sppf_animal_visual_only_lstm512_seed42
5,0.5099070906569031,0.8084157930831782,0.6869017449429348,0.7315209842246254,0.6872731257888754,194.4892544746399,5e-05,5e-05,50.8,9.09,10.0,1.05,38.0,15.5,0.4164989939637827,0.6291793313069909,0.5012106537530266,0.8215324927255092,0.6631434723037777,0.7338893100833964,0.9324055666003976,0.6614950634696756,0.7739273927392739,0.637915543575921,0.8811666149550108,0.7400651465798046,animal_visual_only,lstm,512,42,yolo_sppf_animal_visual_only_lstm512_seed42,<RUN_ROOT>\outputs\controlled_comparison_runs\run_20260528_205727\neural_eval\yolo_sppf_animal_visual_only_lstm512_seed42,<RUN_ROOT>\outputs\controlled_comparison_runs\run_20260528_205727\neural_training\yolo_sppf_animal_visual_only_lstm512_seed42
6,0.5101554955773312,0.8046438718526502,0.5911734415765201,0.7862883222541919,0.7245802414068834,194.4433274269104,5e-05,5e-05,50.8,9.1,10.0,1.05,38.0,15.9,0.3808,0.723404255319149,0.4989517819706498,0.8345611450221007,0.7760814249363868,0.8042596348884382,0.8965819456617002,0.7214386459802539,0.7995310668229777,0.7577203818079731,0.8374185541421036,0.7955784819454679,animal_visual_only,lstm,512,42,yolo_sppf_animal_visual_only_lstm512_seed42,<RUN_ROOT>\outputs\controlled_comparison_runs\run_20260528_205727\neural_eval\yolo_sppf_animal_visual_only_lstm512_seed42,<RUN_ROOT>\outputs\controlled_comparison_runs\run_20260528_205727\neural_training\yolo_sppf_animal_visual_only_lstm512_seed42
7,0.4893964974846119,0.81400019594396,0.5675580209860253,0.7811290802658994,0.717374866252811,194.25280499458316,5e-05,5e-05,50.8,9.09,10.0,1.05,38.0,15.8,0.3566121842496285,0.729483282674772,0.4790419161676647,0.846909805634418,0.7590526521824231,0.8005780346820809,0.889273356401384,0.7249647390691114,0.7987567987567988,0.742849359847453,0.8461061123177164,0.7911227154046996,animal_visual_only,lstm,512,42,yolo_sppf_animal_visual_only_lstm512_seed42,<RUN_ROOT>\outputs\controlled_comparison_runs\run_20260528_205727\neural_eval\yolo_sppf_animal_visual_only_lstm512_seed42,<RUN_ROOT>\outputs\controlled_comparison_runs\run_20260528_205727\neural_training\yolo_sppf_animal_visual_only_lstm512_seed42
8,0.4853236585867162,0.8140491819339669,0.6257167822023528,0.7648576247643616,0.6906254720652365,194.58184623718265,5e-05,5e-05,50.9,9.09,10.0,1.05,38.0,15.4,0.3458646616541353,0.6990881458966566,0.4627766599597585,0.8192975031739315,0.7578782540614601,0.7873919674631418,0.863905325443787,0.6177715091678421,0.7203947368421053,0.7433315187806205,0.8473471920570896,0.7919385239959403,animal_visual_only,lstm,512,42,yolo_sppf_animal_visual_only_lstm512_seed42,<RUN_ROOT>\outputs\controlled_comparison_runs\run_20260528_205727\neural_eval\yolo_sppf_animal_visual_only_lstm512_seed42,<RUN_ROOT>\outputs\controlled_comparison_runs\run_20260528_205727\neural_training\yolo_sppf_animal_visual_only_lstm512_seed42
9,0.4475068961325624,0.8265895953757225,0.5644732729790525,0.7755729735092767,0.7256404789460918,194.78819060325625,2.5e-05,2.5e-05,50.9,9.19,10.0,1.05,38.0,15.9,0.3626522327469553,0.8145896656534954,0.5018726591760299,0.8761388820487565,0.6964180857310628,0.7760087241003272,0.7928388746803069,0.8744710860366713,0.8316566063044936,0.7405114401076716,0.853552590753956,0.7930239262035168,animal_visual_only,lstm,512,42,yolo_sppf_animal_visual_only_lstm512_seed42,<RUN_ROOT>\outputs\controlled_comparison_runs\run_20260528_205727\neural_eval\yolo_sppf_animal_visual_only_lstm512_seed42,<RUN_ROOT>\outputs\controlled_comparison_runs\run_20260528_205727\neural_training\yolo_sppf_animal_visual_only_lstm512_seed42
10,0.4465768011695585,0.8283041050259625,0.5293828444104524,0.8070245063994443,0.7324038832207656,194.84430122375488,2.5e-05,2.5e-05,50.8,9.18,10.0,1.05,38.0,15.1,0.4135593220338983,0.7416413373860182,0.5310119695321002,0.7967149417167079,0.8829516539440203,0.8376195339337109,0.9176225234619396,0.6205923836389281,0.7404291123264618,0.8713389121338913,0.7753645671734409,0.8205549170907898,animal_visual_only,lstm,512,42,yolo_sppf_animal_visual_only_lstm512_seed42,<RUN_ROOT>\outputs\controlled_comparison_runs\run_20260528_205727\neural_eval\yolo_sppf_animal_visual_only_lstm512_seed42,<RUN_ROOT>\outputs\controlled_comparison_runs\run_20260528_205727\neural_training\yolo_sppf_animal_visual_only_lstm512_seed42
1,0.8066840432058775,0.664592926423043,0.8441456061861817,0.6484770314515329,0.5977345111195064,183.4444329738617,5e-05,5e-05,50.8,9.09,10.0,1.05,38.0,15.5,0.1254222972972972,0.9027355623100304,0.2202447163515016,0.8312676056338029,0.5776081424936387,0.6816029564614852,0.876937984496124,0.6382228490832158,0.7387755102040817,0.7615851709811441,0.7393732547316165,0.7503148614609572,animal_visual_only,lstm,512,43,yolo_sppf_animal_visual_only_lstm512_seed43,<RUN_ROOT>\outputs\controlled_comparison_runs\run_20260528_205727\neural_eval\yolo_sppf_animal_visual_only_lstm512_seed43,<RUN_ROOT>\outputs\controlled_comparison_runs\run_20260528_205727\neural_training\yolo_sppf_animal_visual_only_lstm512_seed43
2,0.5934555304052781,0.7708435387479181,0.5811948566032308,0.781228296457982,0.7160805519503413,194.4188132286072,5e-05,5e-05,50.8,9.15,10.0,1.05,38.0,16.2,0.4341801385681293,0.5714285714285714,0.4934383202099738,0.8062413588781355,0.7989821882951654,0.8025953598112465,0.9243856332703214,0.689703808180536,0.7899838449111469,0.7449645390070923,0.8147688488985417,0.7783046828689982,animal_visual_only,lstm,512,43,yolo_sppf_animal_visual_only_lstm512_seed43,<RUN_ROOT>\outputs\controlled_comparison_runs\run_20260528_205727\neural_eval\yolo_sppf_animal_visual_only_lstm512_seed43,<RUN_ROOT>\outputs\controlled_comparison_runs\run_20260528_205727\neural_training\yolo_sppf_animal_visual_only_lstm512_seed43
3,0.5690155643502653,0.7779954932889194,0.5654878382704087,0.7798392697688262,0.7138073672287923,194.26842832565308,5e-05,5e-05,50.7,9.14,10.0,1.05,38.0,15.4,0.436830835117773,0.6200607902735562,0.5125628140703518,0.7367762128325509,0.9215110589156392,0.8188538133750761,0.884020618556701,0.7256699576868829,0.7970565453137102,0.9324586977648204,0.595408004964319,0.726756296156031,animal_visual_only,lstm,512,43,yolo_sppf_animal_visual_only_lstm512_seed43,<RUN_ROOT>\outputs\controlled_comparison_runs\run_20260528_205727\neural_eval\yolo_sppf_animal_visual_only_lstm512_seed43,<RUN_ROOT>\outputs\controlled_comparison_runs\run_20260528_205727\neural_training\yolo_sppf_animal_visual_only_lstm512_seed43
4,0.531796812374717,0.7947487018712648,0.6020352252359901,0.7687270562555809,0.6796360840194741,194.22332668304443,5e-05,5e-05,50.8,9.13,11.0,1.05,38.0,15.7,0.3031847133757961,0.723404255319149,0.4272890484739676,0.7565888870236697,0.8821687218633784,0.8145671425989519,0.9037610619469026,0.576163610719323,0.7037037037037037,0.898479243732018,0.6782500775674837,0.7729844413012729,animal_visual_only,lstm,512,43,yolo_sppf_animal_visual_only_lstm512_seed43,<RUN_ROOT>\outputs\controlled_comparison_runs\run_20260528_205727\neural_eval\yolo_sppf_animal_visual_only_lstm512_seed43,<RUN_ROOT>\outputs\controlled_comparison_runs\run_20260528_205727\neural_training\yolo_sppf_animal_visual_only_lstm512_seed43
5,0.5223865747673665,0.7977368472616831,0.5900955406786312,0.773092568707213,0.70232940040846,194.64152073860168,5e-05,5e-05,50.8,9.02,11.0,1.05,38.0,16.2,0.4210526315789473,0.5835866261398176,0.4891719745222929,0.817083162638263,0.7807790174202388,0.7985186668001201,0.8937437934458788,0.6346967559943583,0.7422680412371134,0.7260310658810927,0.8411417933602234,0.7793589190743138,animal_visual_only,lstm,512,43,yolo_sppf_animal_visual_only_lstm512_seed43,<RUN_ROOT>\outputs\controlled_comparison_runs\run_20260528_205727\neural_eval\yolo_sppf_animal_visual_only_lstm512_seed43,<RUN_ROOT>\outputs\controlled_comparison_runs\run_20260528_205727\neural_training\yolo_sppf_animal_visual_only_lstm512_seed43
6,0.502072575688946,0.8079749191731165,0.5298439920273802,0.8046433177894632,0.7333011610850236,194.7483947277069,5e-05,5e-05,50.9,8.98,10.0,1.05,38.0,16.5,0.3563049853372434,0.7386018237082067,0.4807121661721069,0.8229186694866372,0.8377373262869446,0.8302618816682832,0.8501552795031055,0.7722143864598026,0.8093126385809312,0.8569463548830811,0.7731926776295377,0.8129179579187734,animal_visual_only,lstm,512,43,yolo_sppf_animal_visual_only_lstm512_seed43,<RUN_ROOT>\outputs\controlled_comparison_runs\run_20260528_205727\neural_eval\yolo_sppf_animal_visual_only_lstm512_seed43,<RUN_ROOT>\outputs\controlled_comparison_runs\run_20260528_205727\neural_training\yolo_sppf_animal_visual_only_lstm512_seed43
7,0.4980035831036519,0.8097874008033702,0.5955352806545321,0.7714058934418097,0.713179644584332,194.03230619430545,5e-05,5e-05,51.4,9.13,11.0,1.05,38.0,10.1,0.4564220183486238,0.6048632218844985,0.5202614379084967,0.8299113896693322,0.7516147974163241,0.7888249794576828,0.8725314183123878,0.685472496473907,0.7677725118483413,0.7083546899026141,0.857586099906919,0.775859649122807,animal_visual_only,lstm,512,43,yolo_sppf_animal_visual_only_lstm512_seed43,<RUN_ROOT>\outputs\controlled_comparison_runs\run_20260528_205727\neural_eval\yolo_sppf_animal_visual_only_lstm512_seed43,<RUN_ROOT>\outputs\controlled_comparison_runs\run_20260528_205727\neural_training\yolo_sppf_animal_visual_only_lstm512_seed43
8,0.4820493628273843,0.8131674341138434,0.5598303586599372,0.7847008631808711,0.7322961596546664,192.6108882427216,5e-05,5e-05,52.8,9.14,13.0,1.05,38.0,13.3,0.4402985074626865,0.7173252279635258,0.545664739884393,0.8302325581395349,0.7686435701702877,0.7982518548632992,0.8845486111111112,0.7186177715091678,0.7929961089494164,0.7448784485113357,0.8461061123177164,0.7922719349215572,animal_visual_only,lstm,512,43,yolo_sppf_animal_visual_only_lstm512_seed43,<RUN_ROOT>\outputs\controlled_comparison_runs\run_20260528_205727\neural_eval\yolo_sppf_animal_visual_only_lstm512_seed43,<RUN_ROOT>\outputs\controlled_comparison_runs\run_20260528_205727\neural_training\yolo_sppf_animal_visual_only_lstm512_seed43
9,0.4696732732324297,0.8204663466248653,0.5547526364052107,0.7817243774183947,0.7210561792202654,187.3065094947815,5e-05,5e-05,51.0,9.14,10.0,1.05,37.0,11.6,0.4092592592592592,0.6717325227963525,0.5086306098964326,0.8280723905723906,0.7702094343315717,0.7980934996450664,0.8747841105354058,0.7143864598025388,0.7864906832298137,0.7467621934417195,0.84083152342538,0.7910099241097489,animal_visual_only,lstm,512,43,yolo_sppf_animal_visual_only_lstm512_seed43,<RUN_ROOT>\outputs\controlled_comparison_runs\run_20260528_205727\neural_eval\yolo_sppf_animal_visual_only_lstm512_seed43,<RUN_ROOT>\outputs\controlled_comparison_runs\run_20260528_205727\neural_training\yolo_sppf_animal_visual_only_lstm512_seed43
10,0.4632757502056214,0.824385225825414,0.5743554207888092,0.7842047822204584,0.7350391431795924,190.8092141151428,5e-05,5e-05,51.0,9.12,10.0,1.05,38.0,16.2,0.719047619047619,0.458966565349544,0.5602968460111318,0.828620029768233,0.7627715795654727,0.7943334692213615,0.8682926829268293,0.7531734837799718,0.8066465256797584,0.7083333333333334,0.8650325783431585,0.778879731806118,animal_visual_only,lstm,512,43,yolo_sppf_animal_visual_only_lstm512_seed43,<RUN_ROOT>\outputs\controlled_comparison_runs\run_20260528_205727\neural_eval\yolo_sppf_animal_visual_only_lstm512_seed43,<RUN_ROOT>\outputs\controlled_comparison_runs\run_20260528_205727\neural_training\yolo_sppf_animal_visual_only_lstm512_seed43
1,0.8210195928555111,0.6562653081218771,0.9067883236097202,0.63200714356583,0.5379313122206626,182.75914359092712,5e-05,5e-05,50.8,9.15,10.0,1.05,38.0,15.4,0.1829446064139941,0.7629179331306991,0.2951205173427396,0.7787968707850014,0.5650812292033666,0.65494555353902,0.9545454545454546,0.3258110014104372,0.4858044164037855,0.6133746678476528,0.8594477195159789,0.7158547615971056,animal_visual_only,lstm,512,44,yolo_sppf_animal_visual_only_lstm512_seed44,<RUN_ROOT>\outputs\controlled_comparison_runs\run_20260528_205727\neural_eval\yolo_sppf_animal_visual_only_lstm512_seed44,<RUN_ROOT>\outputs\controlled_comparison_runs\run_20260528_205727\neural_training\yolo_sppf_animal_visual_only_lstm512_seed44
2,0.6198955917946971,0.758450083276183,0.6205655875837519,0.7675364619505903,0.6813484913575983,193.57016158103943,5e-05,5e-05,50.7,9.17,11.0,1.05,38.0,15.8,0.4071428571428571,0.5197568389057751,0.4566088117489986,0.7596375910463671,0.8369543942063026,0.7964239150679828,0.9482120838471024,0.5423131170662906,0.6899955136832661,0.782851817334576,0.7818802358051505,0.7823657249301459,animal_visual_only,lstm,512,44,yolo_sppf_animal_visual_only_lstm512_seed44,<RUN_ROOT>\outputs\controlled_comparison_runs\run_20260528_205727\neural_eval\yolo_sppf_animal_visual_only_lstm512_seed44,<RUN_ROOT>\outputs\controlled_comparison_runs\run_20260528_205727\neural_training\yolo_sppf_animal_visual_only_lstm512_seed44
3,0.5722598916497724,0.7825511903595571,0.5797641246298713,0.7714058934418097,0.7258984085278342,193.637460231781,5e-05,5e-05,50.7,9.18,10.0,1.05,38.0,16.2,0.5151515151515151,0.5683890577507599,0.5404624277456647,0.8375760306375309,0.727735368956743,0.7788018433179723,0.8284066330209084,0.810296191819464,0.8192513368983957,0.6994858611825193,0.8442444927086565,0.7650780261493041,animal_visual_only,lstm,512,44,yolo_sppf_animal_visual_only_lstm512_seed44,<RUN_ROOT>\outputs\controlled_comparison_runs\run_20260528_205727\neural_eval\yolo_sppf_animal_visual_only_lstm512_seed44,<RUN_ROOT>\outputs\controlled_comparison_runs\run_20260528_205727\neural_training\yolo_sppf_animal_visual_only_lstm512_seed44
4,0.5347486947747794,0.796414225531498,0.6503755174118966,0.7378708205179085,0.69913921709329,193.54547381401065,5e-05,5e-05,50.7,9.16,11.0,1.05,38.0,15.5,0.5917602996254682,0.4802431610942249,0.5302013422818792,0.8281745064586887,0.6651008025053826,0.7377333912288319,0.8923212709620476,0.7129760225669958,0.7926303410427282,0.6271853146853147,0.8904747130003102,0.7359917938197205,animal_visual_only,lstm,512,44,yolo_sppf_animal_visual_only_lstm512_seed44,<RUN_ROOT>\outputs\controlled_comparison_runs\run_20260528_205727\neural_eval\yolo_sppf_animal_visual_only_lstm512_seed44,<RUN_ROOT>\outputs\controlled_comparison_runs\run_20260528_205727\neural_training\yolo_sppf_animal_visual_only_lstm512_seed44
5,0.5324117828359051,0.7934750661310865,0.5866452470480923,0.7727949201309654,0.7065190892373849,193.5638391971588,5e-05,5e-05,50.8,9.16,10.0,1.05,38.0,16.1,0.376,0.7142857142857143,0.4926624737945492,0.8167892156862745,0.7827363476218439,0.799400299850075,0.926153846153846,0.6368124118476728,0.7547012118679481,0.7401618755233045,0.8228358672044679,0.7793123714369673,animal_visual_only,lstm,512,44,yolo_sppf_animal_visual_only_lstm512_seed44,<RUN_ROOT>\outputs\controlled_comparison_runs\run_20260528_205727\neural_eval\yolo_sppf_animal_visual_only_lstm512_seed44,<RUN_ROOT>\outputs\controlled_comparison_runs\run_20260528_205727\neural_training\yolo_sppf_animal_visual_only_lstm512_seed44
6,0.5224194602287582,0.7977368472616831,0.4975901490875652,0.8120845321956544,0.7528366431686072,193.65508127212524,5e-05,5e-05,50.9,9.01,10.0,1.05,38.0,15.1,0.4834123222748815,0.6200607902735562,0.5432756324900132,0.7976190476190477,0.8786455275004893,0.8361739778336592,0.8334470989761092,0.8610719322990127,0.8470343392299688,0.8857254290171607,0.7046230220291654,0.7848626231207879,animal_visual_only,lstm,512,44,yolo_sppf_animal_visual_only_lstm512_seed44,<RUN_ROOT>\outputs\controlled_comparison_runs\run_20260528_205727\neural_eval\yolo_sppf_animal_visual_only_lstm512_seed44,<RUN_ROOT>\outputs\controlled_comparison_runs\run_20260528_205727\neural_training\yolo_sppf_animal_visual_only_lstm512_seed44
7,0.4943413079123605,0.8093955128833153,0.5146702498729739,0.8101002083540034,0.7463978402017192,193.93641877174375,5e-05,5e-05,50.8,9.01,10.0,1.05,39.0,15.8,0.4378378378378378,0.7386018237082067,0.5497737556561086,0.8094975151849807,0.8608338226658837,0.8343767785998861,0.8656462585034014,0.7179125528913963,0.7848882035466462,0.8596912521440824,0.7775364567173441,0.8165526230042359,animal_visual_only,lstm,512,44,yolo_sppf_animal_visual_only_lstm512_seed44,<RUN_ROOT>\outputs\controlled_comparison_runs\run_20260528_205727\neural_eval\yolo_sppf_animal_visual_only_lstm512_seed44,<RUN_ROOT>\outputs\controlled_comparison_runs\run_20260528_205727\neural_training\yolo_sppf_animal_visual_only_lstm512_seed44
8,0.4779447343165411,0.8192416968746938,0.5242552533568371,0.8083143168965176,0.7421115592267764,193.91117405891416,5e-05,5e-05,50.8,9.02,10.0,1.05,39.0,15.7,0.481651376146789,0.6382978723404256,0.5490196078431373,0.7913454800280308,0.8841260520649834,0.8351668669686604,0.8453267162944582,0.7207334273624824,0.7780738484963837,0.8796771826852531,0.7440273037542662,0.806185913598924,animal_visual_only,lstm,512,44,yolo_sppf_animal_visual_only_lstm512_seed44,<RUN_ROOT>\outputs\controlled_comparison_runs\run_20260528_205727\neural_eval\yolo_sppf_animal_visual_only_lstm512_seed44,<RUN_ROOT>\outputs\controlled_comparison_runs\run_20260528_205727\neural_training\yolo_sppf_animal_visual_only_lstm512_seed44
9,0.4789715913740398,0.8164494954443029,0.5962036997146373,0.7807322154975692,0.6948154416617011,194.41258931159973,5e-05,5e-05,50.9,9.03,11.0,1.05,39.0,15.3,0.2488174077578051,0.7993920972644377,0.3795093795093795,0.8370188370188371,0.8001565864161284,0.8181727209046333,0.8546562228024369,0.692524682651622,0.7650954421503702,0.8484442957510874,0.7868445547626435,0.8164842240824212,animal_visual_only,lstm,512,44,yolo_sppf_animal_visual_only_lstm512_seed44,<RUN_ROOT>\outputs\controlled_comparison_runs\run_20260528_205727\neural_eval\yolo_sppf_animal_visual_only_lstm512_seed44,<RUN_ROOT>\outputs\controlled_comparison_runs\run_20260528_205727\neural_training\yolo_sppf_animal_visual_only_lstm512_seed44
10,0.4693512763845556,0.8207112765748996,0.7637604527515434,0.6947117769620001,0.6552696436463795,193.91023349761963,5e-05,5e-05,50.8,9.04,10.0,1.05,38.0,16.3,0.3878205128205128,0.7355623100303952,0.5078698845750262,0.8053333333333333,0.5911137208847133,0.6817925273732927,0.8681204569055037,0.5895627644569816,0.7022259554808903,0.6123998312948123,0.9010238907849828,0.7291902071563089,animal_visual_only,lstm,512,44,yolo_sppf_animal_visual_only_lstm512_seed44,<RUN_ROOT>\outputs\controlled_comparison_runs\run_20260528_205727\neural_eval\yolo_sppf_animal_visual_only_lstm512_seed44,<RUN_ROOT>\outputs\controlled_comparison_runs\run_20260528_205727\neural_training\yolo_sppf_animal_visual_only_lstm512_seed44
1,0.8183464737825072,0.6661114921132556,0.6054651075589751,0.781228296457982,0.6882472359147003,198.70786142349243,5e-05,5e-05,50.7,9.07,22.0,1.13,39.0,18.8,0.5351351351351351,0.3009118541033435,0.3852140077821012,0.7749231047584585,0.8383245253474261,0.8053779616397141,0.8573757131214343,0.7418899858956276,0.7954631379962193,0.7770700636942676,0.7570586410176854,0.7669338362407669,animal_visual_only,lstm,896,42,yolo_sppf_animal_visual_only_lstm896_seed42,<RUN_ROOT>\outputs\controlled_comparison_runs\run_20260528_205727\neural_eval\yolo_sppf_animal_visual_only_lstm896_seed42,<RUN_ROOT>\outputs\controlled_comparison_runs\run_20260528_205727\neural_training\yolo_sppf_animal_visual_only_lstm896_seed42
2,0.616381617946124,0.7609973547565396,0.537712368780067,0.796805238614942,0.7437266641093107,202.8962333202362,5e-05,5e-05,50.4,9.25,23.0,1.13,39.0,15.2,0.4877450980392157,0.6048632218844985,0.5400271370420624,0.8321924911844015,0.7852808768839303,0.8080563947633435,0.7857585139318886,0.8949224259520452,0.8367952522255193,0.7885625965996909,0.7914986037852932,0.7900278724063178,animal_visual_only,lstm,896,42,yolo_sppf_animal_visual_only_lstm896_seed42,<RUN_ROOT>\outputs\controlled_comparison_runs\run_20260528_205727\neural_eval\yolo_sppf_animal_visual_only_lstm896_seed42,<RUN_ROOT>\outputs\controlled_comparison_runs\run_20260528_205727\neural_training\yolo_sppf_animal_visual_only_lstm896_seed42
3,0.570763927694632,0.7766238855687273,0.6124379832120169,0.7743823792042861,0.6872567216797605,202.26384449005127,5e-05,5e-05,50.8,9.17,22.0,1.13,39.0,13.6,0.6015037593984962,0.486322188449848,0.5378151260504201,0.7617912480844543,0.8757095321980818,0.8147878346384994,0.9557522123893806,0.4569816643159379,0.6183206106870228,0.7734518700183937,0.7828110456096804,0.7781033153430994,animal_visual_only,lstm,896,42,yolo_sppf_animal_visual_only_lstm896_seed42,<RUN_ROOT>\outputs\controlled_comparison_runs\run_20260528_205727\neural_eval\yolo_sppf_animal_visual_only_lstm896_seed42,<RUN_ROOT>\outputs\controlled_comparison_runs\run_20260528_205727\neural_training\yolo_sppf_animal_visual_only_lstm896_seed42
4,0.5452315434346379,0.7911237386107574,0.5618586685597187,0.7965075900386943,0.7292243981805817,201.17974042892456,5e-05,5e-05,51.0,9.17,23.0,1.13,40.0,18.5,0.3729096989966555,0.6778115501519757,0.4811218985976266,0.8250149135016902,0.812096300645919,0.8185046360228843,0.852359208523592,0.7898448519040903,0.8199121522693996,0.8081580624601657,0.7868445547626435,0.7973589058324163,animal_visual_only,lstm,896,42,yolo_sppf_animal_visual_only_lstm896_seed42,<RUN_ROOT>\outputs\controlled_comparison_runs\run_20260528_205727\neural_eval\yolo_sppf_animal_visual_only_lstm896_seed42,<RUN_ROOT>\outputs\controlled_comparison_runs\run_20260528_205727\neural_training\yolo_sppf_animal_visual_only_lstm896_seed42
5,0.5172504355596688,0.8023905163123347,0.7068010505643629,0.7204087707113801,0.6775448278184282,201.20254063606265,5e-05,5e-05,50.7,9.15,23.0,1.13,41.0,18.4,0.4968944099378882,0.486322188449848,0.4915514592933948,0.8247863247863247,0.6422000391466041,0.7221305161219324,0.9173871277617676,0.6734837799717912,0.7767385115900773,0.6046855213170114,0.8889233633260937,0.719758824268308,animal_visual_only,lstm,896,42,yolo_sppf_animal_visual_only_lstm896_seed42,<RUN_ROOT>\outputs\controlled_comparison_runs\run_20260528_205727\neural_eval\yolo_sppf_animal_visual_only_lstm896_seed42,<RUN_ROOT>\outputs\controlled_comparison_runs\run_20260528_205727\neural_training\yolo_sppf_animal_visual_only_lstm896_seed42
6,0.5232460284255281,0.8014597825022044,0.6672032227510557,0.7657505704931045,0.7040578922150609,200.876131772995,5e-05,5e-05,50.8,9.16,21.0,1.13,41.0,18.0,0.3568075117370892,0.6930091185410334,0.4710743801652892,0.8376144739781104,0.733998825601879,0.7823909868558314,0.8896797153024911,0.7052186177715092,0.7867820613690009,0.7137275332117738,0.8501396214706795,0.7759841404701218,animal_visual_only,lstm,896,42,yolo_sppf_animal_visual_only_lstm896_seed42,<RUN_ROOT>\outputs\controlled_comparison_runs\run_20260528_205727\neural_eval\yolo_sppf_animal_visual_only_lstm896_seed42,<RUN_ROOT>\outputs\controlled_comparison_runs\run_20260528_205727\neural_training\yolo_sppf_animal_visual_only_lstm896_seed42
7,0.4916966842446581,0.8130204761438229,0.5889298588126188,0.7701160829447365,0.7033123424715575,201.1704692840576,5e-05,5e-05,50.7,9.14,23.0,1.13,41.0,18.1,0.3546944858420268,0.723404255319149,0.476,0.8390403489640131,0.7529849285574477,0.79368681658758,0.8722627737226277,0.6741889985895627,0.7605409705648369,0.7300778105715052,0.8442444927086565,0.7830215827338128,animal_visual_only,lstm,896,42,yolo_sppf_animal_visual_only_lstm896_seed42,<RUN_ROOT>\outputs\controlled_comparison_runs\run_20260528_205727\neural_eval\yolo_sppf_animal_visual_only_lstm896_seed42,<RUN_ROOT>\outputs\controlled_comparison_runs\run_20260528_205727\neural_training\yolo_sppf_animal_visual_only_lstm896_seed42
8,0.4895691214929273,0.8125306162437543,0.6069620197461475,0.7685286238714159,0.7009343542556605,201.11096000671387,5e-05,5e-05,50.7,8.99,23.0,1.13,41.0,19.0,0.3455882352941176,0.7142857142857143,0.4658077304261645,0.8332237563006794,0.744176942650225,0.7861869313482217,0.8385726423109601,0.6960507757404796,0.7606936416184972,0.7439191035802132,0.8445547626434998,0.7910491136297588,animal_visual_only,lstm,896,42,yolo_sppf_animal_visual_only_lstm896_seed42,<RUN_ROOT>\outputs\controlled_comparison_runs\run_20260528_205727\neural_eval\yolo_sppf_animal_visual_only_lstm896_seed42,<RUN_ROOT>\outputs\controlled_comparison_runs\run_20260528_205727\neural_training\yolo_sppf_animal_visual_only_lstm896_seed42
9,0.4530180933911552,0.8242872538454002,0.5628845090844802,0.7775572973509277,0.7157578186112582,201.08970737457275,2.5e-05,2.5e-05,50.7,9.0,22.0,1.13,41.0,18.4,0.3101903695408735,0.8419452887537994,0.453355155482815,0.8644543117550829,0.7240164415736935,0.788027268853856,0.7738471257106759,0.8638928067700987,0.8163945351549483,0.7930204572803851,0.8178715482469748,0.8052543149534138,animal_visual_only,lstm,896,42,yolo_sppf_animal_visual_only_lstm896_seed42,<RUN_ROOT>\outputs\controlled_comparison_runs\run_20260528_205727\neural_eval\yolo_sppf_animal_visual_only_lstm896_seed42,<RUN_ROOT>\outputs\controlled_comparison_runs\run_20260528_205727\neural_training\yolo_sppf_animal_visual_only_lstm896_seed42
10,0.4510667944286123,0.8293328108161065,0.5298073584457771,0.8033535072923901,0.728954230251818,201.1672520637512,2.5e-05,2.5e-05,50.7,8.99,23.0,1.13,41.0,19.5,0.4050847457627118,0.7264437689969605,0.5201305767138195,0.8006140509301065,0.8676844783715013,0.8328010520383242,0.9001996007984032,0.6361071932299013,0.7454545454545455,0.8552542372881355,0.7828110456096804,0.8174307468005831,animal_visual_only,lstm,896,42,yolo_sppf_animal_visual_only_lstm896_seed42,<RUN_ROOT>\outputs\controlled_comparison_runs\run_20260528_205727\neural_eval\yolo_sppf_animal_visual_only_lstm896_seed42,<RUN_ROOT>\outputs\controlled_comparison_runs\run_20260528_205727\neural_training\yolo_sppf_animal_visual_only_lstm896_seed42
1,0.8082185666716211,0.6709121191339277,0.9557909137495454,0.5724774283163012,0.5405308371144935,198.34684467315677,5e-05,5e-05,50.8,9.05,22.0,1.13,41.0,17.9,0.1298467087466185,0.8753799392097265,0.2261484098939929,0.8716346153846154,0.3548639655509884,0.5043816942551119,0.8822374877330716,0.6339915373765868,0.737792367665162,0.5816883662326754,0.8594477195159789,0.693800876643707,animal_visual_only,lstm,896,43,yolo_sppf_animal_visual_only_lstm896_seed43,<RUN_ROOT>\outputs\controlled_comparison_runs\run_20260528_205727\neural_eval\yolo_sppf_animal_visual_only_lstm896_seed43,<RUN_ROOT>\outputs\controlled_comparison_runs\run_20260528_205727\neural_training\yolo_sppf_animal_visual_only_lstm896_seed43
2,0.6030349646896405,0.7644753600470265,0.585740075817716,0.7706121639051493,0.7156569138830364,201.225515127182,5e-05,5e-05,50.5,9.07,23.0,1.13,41.0,17.9,0.4146341463414634,0.5683890577507599,0.4794871794871794,0.8233107369341789,0.7369348209042865,0.777731873579839,0.8873128447596532,0.7940761636107193,0.8381094157052474,0.7102482831484416,0.8343158547936705,0.7672991867598801,animal_visual_only,lstm,896,43,yolo_sppf_animal_visual_only_lstm896_seed43,<RUN_ROOT>\outputs\controlled_comparison_runs\run_20260528_205727\neural_eval\yolo_sppf_animal_visual_only_lstm896_seed43,<RUN_ROOT>\outputs\controlled_comparison_runs\run_20260528_205727\neural_training\yolo_sppf_animal_visual_only_lstm896_seed43
3,0.5702201453005445,0.7797589889291663,0.507323657940068,0.8180375037206072,0.7398058822092527,201.37368655204773,5e-05,5e-05,50.8,9.09,22.0,1.13,41.0,20.0,0.6142857142857143,0.39209726443769,0.4786641929499072,0.793205574912892,0.8911724407907614,0.839340031339294,0.8637037037037038,0.8222849083215797,0.842485549132948,0.8625404821878373,0.7437170338194229,0.7987337554148616,animal_visual_only,lstm,896,43,yolo_sppf_animal_visual_only_lstm896_seed43,<RUN_ROOT>\outputs\controlled_comparison_runs\run_20260528_205727\neural_eval\yolo_sppf_animal_visual_only_lstm896_seed43,<RUN_ROOT>\outputs\controlled_comparison_runs\run_20260528_205727\neural_training\yolo_sppf_animal_visual_only_lstm896_seed43
4,0.5381215806805228,0.7917605564808464,0.6293508530017875,0.7590038694314912,0.6543135510044327,200.8991310596466,5e-05,5e-05,50.6,9.07,21.0,1.13,41.0,18.0,0.3149171270718232,0.6930091185410334,0.433048433048433,0.7412072632095534,0.8868663143472304,0.8075209410087328,0.9333333333333332,0.4344146685472496,0.5928777670837344,0.8810999225406662,0.7058641017685386,0.7838070628768303,animal_visual_only,lstm,896,43,yolo_sppf_animal_visual_only_lstm896_seed43,<RUN_ROOT>\outputs\controlled_comparison_runs\run_20260528_205727\neural_eval\yolo_sppf_animal_visual_only_lstm896_seed43,<RUN_ROOT>\outputs\controlled_comparison_runs\run_20260528_205727\neural_training\yolo_sppf_animal_visual_only_lstm896_seed43
5,0.5254793460641441,0.7986185950818065,0.5673397874474407,0.7777557297350928,0.7113605815727292,201.18834042549133,5e-05,5e-05,50.7,9.07,22.0,1.13,41.0,18.2,0.3941176470588235,0.6109422492401215,0.4791418355184743,0.8210068365444375,0.7756899588960657,0.7977053140096617,0.8954954954954955,0.7009873060648801,0.7863924050632911,0.7381607929515418,0.831833695314924,0.7822027716994895,animal_visual_only,lstm,896,43,yolo_sppf_animal_visual_only_lstm896_seed43,<RUN_ROOT>\outputs\controlled_comparison_runs\run_20260528_205727\neural_eval\yolo_sppf_animal_visual_only_lstm896_seed43,<RUN_ROOT>\outputs\controlled_comparison_runs\run_20260528_205727\neural_training\yolo_sppf_animal_visual_only_lstm896_seed43
6,0.5077050844043913,0.8101303027334182,0.5445687863118355,0.8005754539140788,0.7244462810998226,200.9007260799408,5e-05,5e-05,50.8,9.09,23.0,1.13,41.0,18.9,0.3148387096774193,0.7416413373860182,0.4420289855072463,0.8232800154172287,0.8361714621256606,0.8296756651777044,0.8437265214124718,0.7919605077574048,0.8170243724990907,0.8728448275862069,0.7539559416692523,0.809056101215249,animal_visual_only,lstm,896,43,yolo_sppf_animal_visual_only_lstm896_seed43,<RUN_ROOT>\outputs\controlled_comparison_runs\run_20260528_205727\neural_eval\yolo_sppf_animal_visual_only_lstm896_seed43,<RUN_ROOT>\outputs\controlled_comparison_runs\run_20260528_205727\neural_training\yolo_sppf_animal_visual_only_lstm896_seed43
7,0.500177394406035,0.8099343587733908,0.5669511187319008,0.7769620001984324,0.7150162235018725,202.0830430984497,5e-05,5e-05,50.8,9.09,21.0,1.13,41.0,18.6,0.4355555555555555,0.5957446808510638,0.503209242618742,0.8275497249259416,0.7655118418477197,0.7953228266395526,0.8945454545454545,0.693935119887165,0.7815726767275616,0.7204838285564028,0.8501396214706795,0.7799601480216339,animal_visual_only,lstm,896,43,yolo_sppf_animal_visual_only_lstm896_seed43,<RUN_ROOT>\outputs\controlled_comparison_runs\run_20260528_205727\neural_eval\yolo_sppf_animal_visual_only_lstm896_seed43,<RUN_ROOT>\outputs\controlled_comparison_runs\run_20260528_205727\neural_training\yolo_sppf_animal_visual_only_lstm896_seed43
8,0.487858098473248,0.8121877143137063,0.5921441836400874,0.7671395971822601,0.725987078768287,201.4735944271088,5e-05,5e-05,50.7,9.09,23.0,1.13,41.0,18.6,0.4845814977973568,0.668693009118541,0.5619412515964239,0.8270391061452514,0.7244079076140145,0.7723288814691153,0.91514598540146,0.7073342736248237,0.7979315831344472,0.6926492353231376,0.8712379770400248,0.771746598873162,animal_visual_only,lstm,896,43,yolo_sppf_animal_visual_only_lstm896_seed43,<RUN_ROOT>\outputs\controlled_comparison_runs\run_20260528_205727\neural_eval\yolo_sppf_animal_visual_only_lstm896_seed43,<RUN_ROOT>\outputs\controlled_comparison_runs\run_20260528_205727\neural_training\yolo_sppf_animal_visual_only_lstm896_seed43
9,0.4738758879255351,0.818849808954639,0.5795981947923936,0.7721004067863876,0.6978337857086158,201.7576639652252,5e-05,5e-05,50.7,9.09,23.0,1.13,41.0,18.4,0.3553459119496855,0.6869300911854104,0.4683937823834196,0.8029182490505696,0.7862595419847328,0.794501582278481,0.8950050968399592,0.6191819464033851,0.7319716548561901,0.769297484822203,0.8256282966180577,0.7964681233163723,animal_visual_only,lstm,896,43,yolo_sppf_animal_visual_only_lstm896_seed43,<RUN_ROOT>\outputs\controlled_comparison_runs\run_20260528_205727\neural_eval\yolo_sppf_animal_visual_only_lstm896_seed43,<RUN_ROOT>\outputs\controlled_comparison_runs\run_20260528_205727\neural_training\yolo_sppf_animal_visual_only_lstm896_seed43
10,0.4453001226353981,0.8268835113157637,0.5811389775266723,0.776168270661772,0.7222278693572917,201.92779088020325,2.5e-05,2.5e-05,50.9,9.23,22.0,1.13,41.0,13.7,0.4689826302729528,0.574468085106383,0.516393442622951,0.8446492805755396,0.7353689567430025,0.7862299884901119,0.871440195280716,0.7552891396332864,0.8092179826218361,0.7016754188547136,0.8706174371703382,0.7770700636942676,animal_visual_only,lstm,896,43,yolo_sppf_animal_visual_only_lstm896_seed43,<RUN_ROOT>\outputs\controlled_comparison_runs\run_20260528_205727\neural_eval\yolo_sppf_animal_visual_only_lstm896_seed43,<RUN_ROOT>\outputs\controlled_comparison_runs\run_20260528_205727\neural_training\yolo_sppf_animal_visual_only_lstm896_seed43
1,0.8048629343252758,0.6712060350739688,0.9567039191072424,0.594701855342792,0.5206480388552422,201.1650424003601,5e-05,5e-05,51.5,9.18,30.0,1.13,40.0,16.9,0.1646763042111879,0.7963525835866262,0.2729166666666667,0.7911714770797963,0.4560579369739675,0.5785944872113236,0.9611111111111112,0.3660084626234132,0.5301327885597548,0.5762542474515291,0.8945082221532733,0.700948212983224,animal_visual_only,lstm,896,44,yolo_sppf_animal_visual_only_lstm896_seed44,<RUN_ROOT>\outputs\controlled_comparison_runs\run_20260528_205727\neural_eval\yolo_sppf_animal_visual_only_lstm896_seed44,<RUN_ROOT>\outputs\controlled_comparison_runs\run_20260528_205727\neural_training\yolo_sppf_animal_visual_only_lstm896_seed44
2,0.6227645580321083,0.7586950132262174,0.5878868195154364,0.7808314316896517,0.7064895360502711,208.08429789543152,5e-05,5e-05,53.1,9.25,31.0,1.13,41.0,17.5,0.4329411764705882,0.5592705167173252,0.4880636604774535,0.7650254073944279,0.8545703660207477,0.8073224852071006,0.9241952232606438,0.6276445698166432,0.747585048299034,0.814343163538874,0.7539559416692523,0.7829869502174964,animal_visual_only,lstm,896,44,yolo_sppf_animal_visual_only_lstm896_seed44,<RUN_ROOT>\outputs\controlled_comparison_runs\run_20260528_205727\neural_eval\yolo_sppf_animal_visual_only_lstm896_seed44,<RUN_ROOT>\outputs\controlled_comparison_runs\run_20260528_205727\neural_training\yolo_sppf_animal_visual_only_lstm896_seed44
3,0.5749373690146358,0.7807387087293034,0.523300457580222,0.804048020636968,0.7433372668493256,218.83202409744263,5e-05,5e-05,58.0,9.29,31.0,1.13,40.0,18.0,0.5394321766561514,0.5197568389057751,0.5294117647058824,0.8042704626334519,0.8404775885691916,0.8219754977029097,0.8372591006423983,0.8272214386459803,0.8322100035473573,0.8160158835208471,0.7651256593236115,0.789751801441153,animal_visual_only,lstm,896,44,yolo_sppf_animal_visual_only_lstm896_seed44,<RUN_ROOT>\outputs\controlled_comparison_runs\run_20260528_205727\neural_eval\yolo_sppf_animal_visual_only_lstm896_seed44,<RUN_ROOT>\outputs\controlled_comparison_runs\run_20260528_205727\neural_training\yolo_sppf_animal_visual_only_lstm896_seed44
4,0.5345660574897704,0.7926423043009699,0.6328984792092963,0.7490822502232364,0.7026877481266844,200.5119986534119,5e-05,5e-05,50.9,9.24,22.0,1.13,41.0,18.2,0.5827814569536424,0.5349544072948328,0.5578446909667194,0.8043715846994536,0.7202975141906439,0.7600165220983064,0.9145833333333332,0.6191819464033851,0.7384356602186711,0.6638378123526638,0.8737201365187713,0.7544541192230408,animal_visual_only,lstm,896,44,yolo_sppf_animal_visual_only_lstm896_seed44,<RUN_ROOT>\outputs\controlled_comparison_runs\run_20260528_205727\neural_eval\yolo_sppf_animal_visual_only_lstm896_seed44,<RUN_ROOT>\outputs\controlled_comparison_runs\run_20260528_205727\neural_training\yolo_sppf_animal_visual_only_lstm896_seed44
5,0.5280812361969562,0.7956794356813951,0.5376639092503678,0.7909514832820717,0.7303893914639003,200.4589779376984,5e-05,5e-05,50.7,9.24,22.0,1.13,41.0,18.5,0.3665223665223665,0.7720364741641338,0.49706457925636,0.8261046630014254,0.7940888627911529,0.8097804391217565,0.886232481450948,0.7581100141043724,0.8171797795515013,0.7927651747394237,0.8023580515048092,0.797532767925983,animal_visual_only,lstm,896,44,yolo_sppf_animal_visual_only_lstm896_seed44,<RUN_ROOT>\outputs\controlled_comparison_runs\run_20260528_205727\neural_eval\yolo_sppf_animal_visual_only_lstm896_seed44,<RUN_ROOT>\outputs\controlled_comparison_runs\run_20260528_205727\neural_training\yolo_sppf_animal_visual_only_lstm896_seed44
6,0.5160554451430012,0.800235132752033,0.4969566390657472,0.8122829645798194,0.7509734996200188,200.4378321170807,5e-05,5e-05,50.7,9.25,23.0,1.13,42.0,17.5,0.5,0.5987841945288754,0.5449515905947442,0.8150837988826816,0.8567234292425132,0.8353850558259376,0.7850348763474952,0.8730606488011283,0.8267111853088481,0.8674214755295836,0.73689109525287,0.7968461667505453,animal_visual_only,lstm,896,44,yolo_sppf_animal_visual_only_lstm896_seed44,<RUN_ROOT>\outputs\controlled_comparison_runs\run_20260528_205727\neural_eval\yolo_sppf_animal_visual_only_lstm896_seed44,<RUN_ROOT>\outputs\controlled_comparison_runs\run_20260528_205727\neural_training\yolo_sppf_animal_visual_only_lstm896_seed44
7,0.4851889781140048,0.8109630645635348,0.5212895494368341,0.7992856434170057,0.7421158187066271,199.966822385788,5e-05,5e-05,50.6,9.24,23.0,1.13,42.0,17.8,0.421792618629174,0.729483282674772,0.5345211581291759,0.8293723339427178,0.799177921315326,0.8139952153110047,0.8480429777436684,0.7792665726375176,0.8122013965453877,0.8002436053593179,0.8153893887682283,0.8077455048409404,animal_visual_only,lstm,896,44,yolo_sppf_animal_visual_only_lstm896_seed44,<RUN_ROOT>\outputs\controlled_comparison_runs\run_20260528_205727\neural_eval\yolo_sppf_animal_visual_only_lstm896_seed44,<RUN_ROOT>\outputs\controlled_comparison_runs\run_20260528_205727\neural_training\yolo_sppf_animal_visual_only_lstm896_seed44
8,0.4774571229589863,0.8170373273243853,0.5306387512279408,0.8033535072923901,0.7338041749232659,200.12129187583923,5e-05,5e-05,50.7,9.23,21.0,1.13,42.0,18.2,0.4229249011857707,0.6504559270516718,0.5125748502994012,0.8243741509800117,0.8314738696418086,0.8279087897096082,0.780965710286914,0.7870239774330042,0.7839831401475238,0.8421932464058843,0.7815699658703071,0.8107499195365303,animal_visual_only,lstm,896,44,yolo_sppf_animal_visual_only_lstm896_seed44,<RUN_ROOT>\outputs\controlled_comparison_runs\run_20260528_205727\neural_eval\yolo_sppf_animal_visual_only_lstm896_seed44,<RUN_ROOT>\outputs\controlled_comparison_runs\run_20260528_205727\neural_training\yolo_sppf_animal_visual_only_lstm896_seed44
9,0.473552569274011,0.8156657196041932,0.5942482846190354,0.7775572973509277,0.6976091376358788,200.33908677101132,5e-05,5e-05,50.7,9.24,23.0,1.13,42.0,17.8,0.2595785440613027,0.8237082066869301,0.3947560087399854,0.8398058252427184,0.7788216872186338,0.8081649233269016,0.8351107465135357,0.7179125528913963,0.7720894956389837,0.8346328784925277,0.7970834626124729,0.8154261228376448,animal_visual_only,lstm,896,44,yolo_sppf_animal_visual_only_lstm896_seed44,<RUN_ROOT>\outputs\controlled_comparison_runs\run_20260528_205727\neural_eval\yolo_sppf_animal_visual_only_lstm896_seed44,<RUN_ROOT>\outputs\controlled_comparison_runs\run_20260528_205727\neural_training\yolo_sppf_animal_visual_only_lstm896_seed44
10,0.4672881810543445,0.8207112765748996,0.6948723002048652,0.712967556305189,0.6950048769868192,200.081960439682,5e-05,5e-05,50.7,9.24,23.0,1.13,42.0,18.5,0.5317073170731708,0.662613981762918,0.5899864682002707,0.8170926517571885,0.6007046388725779,0.6923857868020306,0.8581375108790252,0.6953455571227081,0.7682119205298014,0.6114609571788413,0.9038163201985728,0.7294353324151747,animal_visual_only,lstm,896,44,yolo_sppf_animal_visual_only_lstm896_seed44,<RUN_ROOT>\outputs\controlled_comparison_runs\run_20260528_205727\neural_eval\yolo_sppf_animal_visual_only_lstm896_seed44,<RUN_ROOT>\outputs\controlled_comparison_runs\run_20260528_205727\neural_training\yolo_sppf_animal_visual_only_lstm896_seed44
1,0.6642458106458281,0.7404232389536592,0.4285458792129319,0.8583192777061216,0.7697925137237207,189.74522042274475,5e-05,5e-05,50.8,8.99,20.0,1.24,41.0,18.1,0.7167630057803468,0.3768996960486322,0.49402390438247,0.8208776139869729,0.9373654335486395,0.8752627250296994,0.948471615720524,0.765867418899859,0.8474444010924698,0.9060471472497438,0.8228358672044679,0.8624390243902439,full,attention,256,42,yolo_sppf_full_attention256_seed42,<RUN_ROOT>\outputs\controlled_comparison_runs\run_20260528_205727\neural_eval\yolo_sppf_full_attention256_seed42,<RUN_ROOT>\outputs\controlled_comparison_runs\run_20260528_205727\neural_training\yolo_sppf_full_attention256_seed42
2,0.4610499196954445,0.8312432644263741,0.3801681065240354,0.8686377616827066,0.8080207507505559,191.3520290851593,5e-05,5e-05,50.6,8.99,20.0,1.24,41.0,18.0,0.6242038216560509,0.5957446808510638,0.609642301710731,0.8424220963172805,0.931297709923664,0.8846332620619132,0.9447650453421268,0.8081805359661495,0.87115165336374,0.9142561983471076,0.8237666770089979,0.8666557858658398,full,attention,256,42,yolo_sppf_full_attention256_seed42,<RUN_ROOT>\outputs\controlled_comparison_runs\run_20260528_205727\neural_eval\yolo_sppf_full_attention256_seed42,<RUN_ROOT>\outputs\controlled_comparison_runs\run_20260528_205727\neural_training\yolo_sppf_full_attention256_seed42
3,0.4343780271773194,0.842657000097972,0.4759842305864107,0.8383768230975295,0.7485958669963959,191.60175585746765,5e-05,5e-05,50.6,9.0,21.0,1.24,41.0,17.5,0.745945945945946,0.4194528875379939,0.5369649805447472,0.7854368932038835,0.9500880798590722,0.8599521658251396,0.9688221709006928,0.5916784203102962,0.7346760070052539,0.9195926966292136,0.8125969593546385,0.8627903146104431,full,attention,256,42,yolo_sppf_full_attention256_seed42,<RUN_ROOT>\outputs\controlled_comparison_runs\run_20260528_205727\neural_eval\yolo_sppf_full_attention256_seed42,<RUN_ROOT>\outputs\controlled_comparison_runs\run_20260528_205727\neural_training\yolo_sppf_full_attention256_seed42
4,0.4124669439500916,0.848535318898795,0.391500537464809,0.8653636273439825,0.8122162282931212,191.6369833946228,5e-05,5e-05,50.7,9.01,20.0,1.24,41.0,16.3,0.6391437308868502,0.6352583586626139,0.6371951219512194,0.8554752640355753,0.9036993540810336,0.8789263278126784,0.947324414715719,0.7990126939351199,0.8668706962509564,0.8746438746438746,0.8572758299720757,0.8658727671576307,full,attention,256,42,yolo_sppf_full_attention256_seed42,<RUN_ROOT>\outputs\controlled_comparison_runs\run_20260528_205727\neural_eval\yolo_sppf_full_attention256_seed42,<RUN_ROOT>\outputs\controlled_comparison_runs\run_20260528_205727\neural_training\yolo_sppf_full_attention256_seed42
5,0.3929463533967803,0.8594591946703243,0.4191059531953504,0.8597083043952773,0.7982041937226657,191.8451120853424,5e-05,5e-05,50.7,9.01,20.0,1.24,41.0,18.9,0.4923954372623574,0.7872340425531915,0.6058479532163742,0.8430388819208027,0.9209238598551576,0.8802619270346118,0.9625570776255707,0.7433004231311706,0.8388380421806605,0.9200556134862704,0.8212845175302513,0.8678688524590165,full,attention,256,42,yolo_sppf_full_attention256_seed42,<RUN_ROOT>\outputs\controlled_comparison_runs\run_20260528_205727\neural_eval\yolo_sppf_full_attention256_seed42,<RUN_ROOT>\outputs\controlled_comparison_runs\run_20260528_205727\neural_training\yolo_sppf_full_attention256_seed42
6,0.3893515015762521,0.859557166650338,0.4069714323266193,0.8717134636372657,0.8213980764007559,191.2686669826508,5e-05,5e-05,50.7,9.0,20.0,1.24,42.0,17.6,0.5277777777777778,0.8085106382978723,0.638655462184874,0.8634254963815179,0.9107457428068116,0.8864545627738616,0.9342105263157896,0.8511988716502116,0.8907749077490775,0.9191430545957152,0.8253180266832144,0.8697073728952102,full,attention,256,42,yolo_sppf_full_attention256_seed42,<RUN_ROOT>\outputs\controlled_comparison_runs\run_20260528_205727\neural_eval\yolo_sppf_full_attention256_seed42,<RUN_ROOT>\outputs\controlled_comparison_runs\run_20260528_205727\neural_training\yolo_sppf_full_attention256_seed42
7,0.372409559560058,0.8653375134711473,0.3638284833375586,0.8648675463835698,0.8192486296232255,191.22933888435364,5e-05,5e-05,50.7,9.0,19.0,1.24,42.0,18.7,0.5230769230769231,0.8267477203647416,0.64075382803298,0.8868987723888107,0.8625954198473282,0.8745782893431236,0.9128843338213762,0.8794076163610719,0.8958333333333333,0.8656947890818859,0.8659633881476885,0.8658290677834651,full,attention,256,42,yolo_sppf_full_attention256_seed42,<RUN_ROOT>\outputs\controlled_comparison_runs\run_20260528_205727\neural_eval\yolo_sppf_full_attention256_seed42,<RUN_ROOT>\outputs\controlled_comparison_runs\run_20260528_205727\neural_training\yolo_sppf_full_attention256_seed42
8,0.3745560712811645,0.8621044381306946,0.465647501143163,0.8396666335946026,0.7758283923932043,192.87468481063843,5e-05,5e-05,51.2,9.08,20.0,1.24,42.0,18.6,0.4883303411131059,0.8267477203647416,0.6139954853273139,0.8390289449112979,0.8794284595811314,0.8587538226299694,0.9664864864864864,0.6304654442877292,0.763124199743918,0.864898210980876,0.8699968973006516,0.8674400618716165,full,attention,256,42,yolo_sppf_full_attention256_seed42,<RUN_ROOT>\outputs\controlled_comparison_runs\run_20260528_205727\neural_eval\yolo_sppf_full_attention256_seed42,<RUN_ROOT>\outputs\controlled_comparison_runs\run_20260528_205727\neural_training\yolo_sppf_full_attention256_seed42
9,0.3590631480394428,0.8709219163319291,0.4032175112147501,0.853854549062407,0.8022029351499156,191.865163564682,5e-05,5e-05,50.8,9.15,20.0,1.24,42.0,18.0,0.4466463414634146,0.8905775075987842,0.5949238578680203,0.9025541961794376,0.8230573497749071,0.860974610974611,0.8478964401294499,0.923836389280677,0.8842389470131624,0.8692140416278348,0.8681352776915917,0.8686743247438684,full,attention,256,42,yolo_sppf_full_attention256_seed42,<RUN_ROOT>\outputs\controlled_comparison_runs\run_20260528_205727\neural_eval\yolo_sppf_full_attention256_seed42,<RUN_ROOT>\outputs\controlled_comparison_runs\run_20260528_205727\neural_training\yolo_sppf_full_attention256_seed42
10,0.3575581771739084,0.8699911825217987,0.3337010157994911,0.8756821113205675,0.839591944945388,191.8732385635376,5e-05,5e-05,50.8,9.17,20.0,1.24,42.0,17.9,0.6433915211970075,0.78419452887538,0.7068493150684932,0.8849470795766367,0.8837345860246624,0.8843404171971404,0.8864265927977839,0.9026798307475318,0.8944793850454228,0.8853767560664112,0.8603785293205088,0.8726986624704957,full,attention,256,42,yolo_sppf_full_attention256_seed42,<RUN_ROOT>\outputs\controlled_comparison_runs\run_20260528_205727\neural_eval\yolo_sppf_full_attention256_seed42,<RUN_ROOT>\outputs\controlled_comparison_runs\run_20260528_205727\neural_training\yolo_sppf_full_attention256_seed42
1,0.6433330596392525,0.7496815910649555,0.4749693667105309,0.8271653933922016,0.7664996253435832,188.922021150589,5e-05,5e-05,50.8,8.94,20.0,1.24,41.0,19.6,0.45703125,0.7112462006079028,0.5564803804994055,0.8981166326299069,0.7747112937952633,0.8318621269440941,0.715572033898305,0.9527503526093088,0.8173018753781005,0.8539119804400978,0.8668941979522184,0.8603541185527328,full,attention,256,43,yolo_sppf_full_attention256_seed43,<RUN_ROOT>\outputs\controlled_comparison_runs\run_20260528_205727\neural_eval\yolo_sppf_full_attention256_seed43,<RUN_ROOT>\outputs\controlled_comparison_runs\run_20260528_205727\neural_training\yolo_sppf_full_attention256_seed43
2,0.4608218088559222,0.8317821103164494,0.3817254266886425,0.8703244369481099,0.8202841851829764,191.22478222846985,5e-05,5e-05,50.6,8.97,19.0,1.24,41.0,17.6,0.7196969696969697,0.5775075987841946,0.6408094435075886,0.8628956733470687,0.9017420238794284,0.8818912710566615,0.90421729807005,0.892101551480959,0.8981185658501953,0.880727981800455,0.84083152342538,0.8603174603174603,full,attention,256,43,yolo_sppf_full_attention256_seed43,<RUN_ROOT>\outputs\controlled_comparison_runs\run_20260528_205727\neural_eval\yolo_sppf_full_attention256_seed43,<RUN_ROOT>\outputs\controlled_comparison_runs\run_20260528_205727\neural_training\yolo_sppf_full_attention256_seed43
3,0.4363774837178636,0.840942490447732,0.3910966516958387,0.8682408969143764,0.8092111460765399,191.48809051513672,5e-05,5e-05,50.7,8.96,21.0,1.24,42.0,17.2,0.7426160337552743,0.5349544072948328,0.6219081272084805,0.8312359937941735,0.9438246232139362,0.8839596700274976,0.939967105263158,0.806064880112835,0.8678815489749431,0.9238938053097344,0.8098045299410487,0.8630952380952381,full,attention,256,43,yolo_sppf_full_attention256_seed43,<RUN_ROOT>\outputs\controlled_comparison_runs\run_20260528_205727\neural_eval\yolo_sppf_full_attention256_seed43,<RUN_ROOT>\outputs\controlled_comparison_runs\run_20260528_205727\neural_training\yolo_sppf_full_attention256_seed43
4,0.4097166664075095,0.8490741647888704,0.3668632003772978,0.8679432483381287,0.8185262238179428,190.86469268798828,5e-05,5e-05,50.8,8.98,20.0,1.24,42.0,18.1,0.7392996108949417,0.5775075987841946,0.6484641638225257,0.8696737044145874,0.8868663143472304,0.8781858707239074,0.8388324873096447,0.9322990126939352,0.8830995323981295,0.8909749670619236,0.8392801737511635,0.8643553283272088,full,attention,256,43,yolo_sppf_full_attention256_seed43,<RUN_ROOT>\outputs\controlled_comparison_runs\run_20260528_205727\neural_eval\yolo_sppf_full_attention256_seed43,<RUN_ROOT>\outputs\controlled_comparison_runs\run_20260528_205727\neural_training\yolo_sppf_full_attention256_seed43
5,0.4004952057168401,0.8502988145390419,0.3675288510040402,0.8723087607897609,0.8214511819897273,191.28777861595157,5e-05,5e-05,50.7,8.96,19.0,1.24,42.0,18.2,0.6218487394957983,0.6747720364741642,0.6472303206997085,0.8563606497536047,0.9183793305930712,0.8862863619191538,0.9382422802850356,0.8356840620592384,0.8839985080193957,0.9036912751677852,0.8355569345330437,0.8682895373206513,full,attention,256,43,yolo_sppf_full_attention256_seed43,<RUN_ROOT>\outputs\controlled_comparison_runs\run_20260528_205727\neural_eval\yolo_sppf_full_attention256_seed43,<RUN_ROOT>\outputs\controlled_comparison_runs\run_20260528_205727\neural_training\yolo_sppf_full_attention256_seed43
6,0.3882809789985605,0.860242970510434,0.3670642768906426,0.8750868141680722,0.8316207663718516,191.53558158874512,5e-05,5e-05,50.8,8.99,20.0,1.24,42.0,18.0,0.6104218362282878,0.7477203647416414,0.6721311475409837,0.8728411463275764,0.9001761597181445,0.8862979379456543,0.902491103202847,0.8942172073342737,0.8983351044987602,0.9017321785476348,0.8399007136208502,0.8697188755020081,full,attention,256,43,yolo_sppf_full_attention256_seed43,<RUN_ROOT>\outputs\controlled_comparison_runs\run_20260528_205727\neural_eval\yolo_sppf_full_attention256_seed43,<RUN_ROOT>\outputs\controlled_comparison_runs\run_20260528_205727\neural_training\yolo_sppf_full_attention256_seed43
7,0.3811387554844578,0.863329087880866,0.3586222157789586,0.8744915170155769,0.8304940116664769,191.44850492477417,5e-05,5e-05,50.7,8.97,20.0,1.24,42.0,19.4,0.60381861575179,0.7689969604863222,0.6764705882352942,0.8652165830079941,0.910941475826972,0.887490465293669,0.9084194977843428,0.8674188998589563,0.8874458874458874,0.9145883156815852,0.8305926155755508,0.8705691056910569,full,attention,256,43,yolo_sppf_full_attention256_seed43,<RUN_ROOT>\outputs\controlled_comparison_runs\run_20260528_205727\neural_eval\yolo_sppf_full_attention256_seed43,<RUN_ROOT>\outputs\controlled_comparison_runs\run_20260528_205727\neural_training\yolo_sppf_full_attention256_seed43
8,0.379448427372031,0.8629861859508181,0.3617376857811386,0.8717134636372657,0.8281794546359387,191.8509657382965,5e-05,5e-05,50.7,8.97,20.0,1.24,41.0,17.1,0.5854214123006833,0.7811550151975684,0.6692708333333333,0.8718779790276454,0.8950871011939714,0.8833301139656172,0.934261407579273,0.8519040902679831,0.8911840649206935,0.8858800773694391,0.852621780949426,0.8689328063241105,full,attention,256,43,yolo_sppf_full_attention256_seed43,<RUN_ROOT>\outputs\controlled_comparison_runs\run_20260528_205727\neural_eval\yolo_sppf_full_attention256_seed43,<RUN_ROOT>\outputs\controlled_comparison_runs\run_20260528_205727\neural_training\yolo_sppf_full_attention256_seed43
9,0.3633204527902869,0.8684726168315862,0.3915502320558372,0.8613949796606806,0.8232469745755198,192.11049842834475,5e-05,5e-05,50.8,8.99,19.0,1.24,41.0,17.9,0.5874439461883408,0.7963525835866262,0.6761290322580645,0.8832794830371568,0.8561362301820317,0.8694960739489117,0.9378930817610064,0.8413258110014105,0.8869888475836432,0.8369023173951305,0.8852001241079739,0.8603739445114595,full,attention,256,43,yolo_sppf_full_attention256_seed43,<RUN_ROOT>\outputs\controlled_comparison_runs\run_20260528_205727\neural_eval\yolo_sppf_full_attention256_seed43,<RUN_ROOT>\outputs\controlled_comparison_runs\run_20260528_205727\neural_training\yolo_sppf_full_attention256_seed43
10,0.3554119996881247,0.8683746448515725,0.3755865464125582,0.868538545490624,0.8328338484569577,191.7898724079132,5e-05,5e-05,50.7,8.98,21.0,1.24,41.0,17.6,0.68,0.723404255319149,0.7010309278350516,0.8782114140027456,0.8764924642787238,0.8773510971786834,0.943784639746635,0.840620592383639,0.8892204401342783,0.8452628452628452,0.8830282345640708,0.8637329286798179,full,attention,256,43,yolo_sppf_full_attention256_seed43,<RUN_ROOT>\outputs\controlled_comparison_runs\run_20260528_205727\neural_eval\yolo_sppf_full_attention256_seed43,<RUN_ROOT>\outputs\controlled_comparison_runs\run_20260528_205727\neural_training\yolo_sppf_full_attention256_seed43
1,0.6399611903144321,0.7579112373861076,0.533045882474061,0.8221053675959916,0.7352948303232361,190.7846601009369,5e-05,5e-05,50.8,9.0,20.0,1.24,42.0,17.3,0.4408163265306122,0.6565349544072948,0.5274725274725275,0.8087188612099644,0.8896065766294774,0.8472364619256222,0.9741379310344828,0.5578279266572638,0.7094170403587443,0.866012036743744,0.8482780018616196,0.8570532915360501,full,attention,256,44,yolo_sppf_full_attention256_seed44,<RUN_ROOT>\outputs\controlled_comparison_runs\run_20260528_205727\neural_eval\yolo_sppf_full_attention256_seed44,<RUN_ROOT>\outputs\controlled_comparison_runs\run_20260528_205727\neural_training\yolo_sppf_full_attention256_seed44
2,0.467219366423412,0.8313902223963946,0.3904488996589428,0.8699275721797798,0.810216169816913,192.07481861114505,5e-05,5e-05,50.9,9.05,13.0,1.24,43.0,18.1,0.7160493827160493,0.5288753799392097,0.6083916083916084,0.8333045430989808,0.9442160892542572,0.8853000550559736,0.9168539325842696,0.8631875881523272,0.8892117689792953,0.9387905604719764,0.7899472541110767,0.857961246840775,full,attention,256,44,yolo_sppf_full_attention256_seed44,<RUN_ROOT>\outputs\controlled_comparison_runs\run_20260528_205727\neural_eval\yolo_sppf_full_attention256_seed44,<RUN_ROOT>\outputs\controlled_comparison_runs\run_20260528_205727\neural_training\yolo_sppf_full_attention256_seed44
3,0.4373270255341238,0.8385911629274028,0.3794623909457605,0.8642722492310745,0.8118232635415599,193.04849219322205,5e-05,5e-05,50.9,9.05,19.0,1.24,42.0,17.6,0.5994397759103641,0.6504559270516718,0.6239067055393586,0.8717948717948718,0.8784497944803288,0.8751096811933312,0.864247311827957,0.9069111424541608,0.8850653819683414,0.8823720025923526,0.8448650325783431,0.8632112854652083,full,attention,256,44,yolo_sppf_full_attention256_seed44,<RUN_ROOT>\outputs\controlled_comparison_runs\run_20260528_205727\neural_eval\yolo_sppf_full_attention256_seed44,<RUN_ROOT>\outputs\controlled_comparison_runs\run_20260528_205727\neural_training\yolo_sppf_full_attention256_seed44
4,0.4065780974326065,0.8506907024590967,0.4408461229406558,0.8377815259450342,0.7904027660080006,193.2028272151947,5e-05,5e-05,50.6,9.03,20.0,1.24,42.0,17.7,0.5330296127562643,0.7112462006079028,0.609375,0.875314333612741,0.817576825210413,0.8454609857301891,0.9294975688816856,0.808885754583921,0.8650075414781297,0.7941662080352229,0.8954390319578033,0.8417675368236838,full,attention,256,44,yolo_sppf_full_attention256_seed44,<RUN_ROOT>\outputs\controlled_comparison_runs\run_20260528_205727\neural_eval\yolo_sppf_full_attention256_seed44,<RUN_ROOT>\outputs\controlled_comparison_runs\run_20260528_205727\neural_training\yolo_sppf_full_attention256_seed44
5,0.3974995563291363,0.8511315763691584,0.4052446686181827,0.8634785196944141,0.809105949784786,192.13450717926025,5e-05,5e-05,50.7,9.03,20.0,1.24,41.0,17.0,0.5195876288659794,0.7659574468085106,0.6191646191646192,0.8551046877895127,0.9033078880407124,0.8785455929944793,0.9123076923076924,0.8363892806770099,0.872700515084621,0.9147393855712806,0.8222153273347813,0.8660130718954249,full,attention,256,44,yolo_sppf_full_attention256_seed44,<RUN_ROOT>\outputs\controlled_comparison_runs\run_20260528_205727\neural_eval\yolo_sppf_full_attention256_seed44,<RUN_ROOT>\outputs\controlled_comparison_runs\run_20260528_205727\neural_training\yolo_sppf_full_attention256_seed44
6,0.3882632231570453,0.8573527971000294,0.3507836864188513,0.873598571286834,0.8303580184074645,193.5812029838562,5e-05,5e-05,50.7,9.05,19.0,1.24,42.0,17.9,0.6201550387596899,0.729483282674772,0.670391061452514,0.8792869598914939,0.8882364454883539,0.8837390457643622,0.8972554539057002,0.8991537376586742,0.8982035928143712,0.884887459807074,0.8538628606887992,0.8690983735986104,full,attention,256,44,yolo_sppf_full_attention256_seed44,<RUN_ROOT>\outputs\controlled_comparison_runs\run_20260528_205727\neural_eval\yolo_sppf_full_attention256_seed44,<RUN_ROOT>\outputs\controlled_comparison_runs\run_20260528_205727\neural_training\yolo_sppf_full_attention256_seed44
7,0.3803114599028608,0.863378073870873,0.3367096603892389,0.8777656513543011,0.8354369646842588,193.192946434021,5e-05,5e-05,50.7,9.15,20.0,1.24,42.0,17.8,0.6358839050131926,0.7325227963525835,0.6807909604519774,0.8713560278352455,0.9068310824036014,0.8887396892384423,0.8989473684210526,0.9033850493653032,0.9011607456911712,0.9100743745774172,0.8352466645982004,0.8710564633554441,full,attention,256,44,yolo_sppf_full_attention256_seed44,<RUN_ROOT>\outputs\controlled_comparison_runs\run_20260528_205727\neural_eval\yolo_sppf_full_attention256_seed44,<RUN_ROOT>\outputs\controlled_comparison_runs\run_20260528_205727\neural_training\yolo_sppf_full_attention256_seed44
8,0.3639788188910269,0.8703340844518468,0.3669453369379635,0.8747891655918246,0.8302662229383063,192.78370761871335,5e-05,5e-05,50.7,9.15,20.0,1.24,42.0,18.2,0.6647398843930635,0.6990881458966566,0.6814814814814815,0.8465627214741318,0.935212370326874,0.8886822282153817,0.9416466826538769,0.8307475317348378,0.8827276133383289,0.927061310782241,0.8163201985727583,0.8681735687180333,full,attention,256,44,yolo_sppf_full_attention256_seed44,<RUN_ROOT>\outputs\controlled_comparison_runs\run_20260528_205727\neural_eval\yolo_sppf_full_attention256_seed44,<RUN_ROOT>\outputs\controlled_comparison_runs\run_20260528_205727\neural_training\yolo_sppf_full_attention256_seed44
9,0.3646342353676343,0.8708239443519153,0.3928370376051004,0.8700267883718623,0.8179427965607402,193.09811639785767,5e-05,5e-05,50.7,8.96,19.0,1.24,42.0,17.4,0.5114068441064639,0.817629179331307,0.6292397660818714,0.8687287815918522,0.901546290859268,0.8848333493420422,0.9034381858083396,0.8709449929478138,0.8868940754039497,0.921983356449376,0.8250077567483711,0.8708039954150973,full,attention,256,44,yolo_sppf_full_attention256_seed44,<RUN_ROOT>\outputs\controlled_comparison_runs\run_20260528_205727\neural_eval\yolo_sppf_full_attention256_seed44,<RUN_ROOT>\outputs\controlled_comparison_runs\run_20260528_205727\neural_training\yolo_sppf_full_attention256_seed44
10,0.3589316689596164,0.8711178602919565,0.3953583401742406,0.8615934120448457,0.8098087234638983,192.6737220287323,5e-05,5e-05,50.8,8.98,20.0,1.24,42.0,18.2,0.5323886639676113,0.7993920972644377,0.6391251518833535,0.8655831739961759,0.8860833822665883,0.8757133185027566,0.9562937062937062,0.771509167842031,0.8540202966432475,0.8720024914356899,0.8687558175612783,0.8703761268262357,full,attention,256,44,yolo_sppf_full_attention256_seed44,<RUN_ROOT>\outputs\controlled_comparison_runs\run_20260528_205727\neural_eval\yolo_sppf_full_attention256_seed44,<RUN_ROOT>\outputs\controlled_comparison_runs\run_20260528_205727\neural_training\yolo_sppf_full_attention256_seed44
1,0.6187606902682109,0.7636915842069169,0.394747099247604,0.8636769520785792,0.7988817779653608,197.2937951087952,5e-05,5e-05,50.7,9.0,20.0,1.31,42.0,18.1,0.5536723163841808,0.5957446808510638,0.5739385065885797,0.8571428571428571,0.901937756899589,0.8789699570815449,0.9034892353377876,0.8582510578279267,0.8802893309222423,0.894070619586942,0.8327645051194539,0.8623293172690764,full,attention,512,42,yolo_sppf_full_attention512_seed42,<RUN_ROOT>\outputs\controlled_comparison_runs\run_20260528_205727\neural_eval\yolo_sppf_full_attention512_seed42,<RUN_ROOT>\outputs\controlled_comparison_runs\run_20260528_205727\neural_training\yolo_sppf_full_attention512_seed42
2,0.4537334357764934,0.8350641716469089,0.387103164244336,0.8655620597281476,0.8023396640607316,199.93748545646667,5e-05,5e-05,50.5,8.95,20.0,1.31,42.0,18.2,0.4989059080962801,0.6930091185410334,0.5801526717557252,0.850662311740156,0.917596398512429,0.8828625235404897,0.9329652996845426,0.8342736248236954,0.8808637379002234,0.923320436158987,0.8144585789636984,0.8654797230464887,full,attention,512,42,yolo_sppf_full_attention512_seed42,<RUN_ROOT>\outputs\controlled_comparison_runs\run_20260528_205727\neural_eval\yolo_sppf_full_attention512_seed42,<RUN_ROOT>\outputs\controlled_comparison_runs\run_20260528_205727\neural_training\yolo_sppf_full_attention512_seed42
3,0.4281624642647452,0.8444694817282258,0.4143940795243012,0.8619902768131759,0.7964483080704482,199.64871549606323,5e-05,5e-05,50.6,8.97,20.0,1.31,42.0,18.9,0.6970954356846473,0.5106382978723404,0.5894736842105263,0.8336868151290209,0.9232726560970836,0.8761957834122782,0.9422259983007648,0.7820874471086037,0.8547206165703275,0.8971028971028971,0.8358672044678871,0.8654031480886605,full,attention,512,42,yolo_sppf_full_attention512_seed42,<RUN_ROOT>\outputs\controlled_comparison_runs\run_20260528_205727\neural_eval\yolo_sppf_full_attention512_seed42,<RUN_ROOT>\outputs\controlled_comparison_runs\run_20260528_205727\neural_training\yolo_sppf_full_attention512_seed42
4,0.4053617267778908,0.8514254923091996,0.3950330133245895,0.8660581406885604,0.814478734649839,200.47817873954773,5e-05,5e-05,50.9,8.99,19.0,1.31,42.0,19.0,0.6,0.7021276595744681,0.6470588235294118,0.8533896748116847,0.9091798786455276,0.880401819560273,0.9545844044558698,0.7856135401974612,0.8618955512572535,0.8881322957198443,0.8498293515358362,0.868558744252418,full,attention,512,42,yolo_sppf_full_attention512_seed42,<RUN_ROOT>\outputs\controlled_comparison_runs\run_20260528_205727\neural_eval\yolo_sppf_full_attention512_seed42,<RUN_ROOT>\outputs\controlled_comparison_runs\run_20260528_205727\neural_training\yolo_sppf_full_attention512_seed42
5,0.3831163034723271,0.8625942980307632,0.4155908787914548,0.8590137910506995,0.795188455255999,199.31321549415588,5e-05,5e-05,50.7,8.99,18.0,1.31,42.0,19.4,0.4276729559748428,0.8267477203647416,0.5637305699481865,0.863679513954813,0.8903895087101193,0.8768311488049344,0.9445822994210092,0.8053596614950634,0.8694328130947849,0.908324907313785,0.8361774744027304,0.8707592891760904,full,attention,512,42,yolo_sppf_full_attention512_seed42,<RUN_ROOT>\outputs\controlled_comparison_runs\run_20260528_205727\neural_eval\yolo_sppf_full_attention512_seed42,<RUN_ROOT>\outputs\controlled_comparison_runs\run_20260528_205727\neural_training\yolo_sppf_full_attention512_seed42
6,0.3769541603314535,0.865092583521113,0.4353244347133099,0.8669510864173033,0.8112357444185049,199.28835201263428,5e-05,5e-05,50.6,9.02,18.0,1.31,42.0,17.8,0.4672268907563025,0.8449848024316109,0.6017316017316018,0.8676526355707244,0.8956743002544529,0.8814408167196379,0.9181681681681682,0.8624823695345557,0.8894545454545455,0.9246004169562196,0.8256282966180577,0.8723160137682346,full,attention,512,42,yolo_sppf_full_attention512_seed42,<RUN_ROOT>\outputs\controlled_comparison_runs\run_20260528_205727\neural_eval\yolo_sppf_full_attention512_seed42,<RUN_ROOT>\outputs\controlled_comparison_runs\run_20260528_205727\neural_training\yolo_sppf_full_attention512_seed42
7,0.3635211672099616,0.8652395414911336,0.4153840093503869,0.8428415517412442,0.8054123139859513,199.4210867881775,5e-05,5e-05,50.7,9.0,20.0,1.31,42.0,18.5,0.5,0.8632218844984803,0.633221850613155,0.9169924120487468,0.7805832844000783,0.8433072531190526,0.8962131837307152,0.9012693935119888,0.8987341772151899,0.7882762312633833,0.9137449581135588,0.8463859749964076,full,attention,512,42,yolo_sppf_full_attention512_seed42,<RUN_ROOT>\outputs\controlled_comparison_runs\run_20260528_205727\neural_eval\yolo_sppf_full_attention512_seed42,<RUN_ROOT>\outputs\controlled_comparison_runs\run_20260528_205727\neural_training\yolo_sppf_full_attention512_seed42
8,0.3630877216959658,0.8674439110414421,0.5484324736813072,0.8195257466018454,0.7422933611016885,199.57334566116333,5e-05,5e-05,50.7,8.99,20.0,1.31,41.0,18.8,0.432348367029549,0.8449848024316109,0.5720164609053499,0.8251551043429216,0.8590722254844392,0.8417721518987341,0.9780927835051546,0.5352609308885754,0.691886964448496,0.8482490272373541,0.879304995345951,0.8634978671541743,full,attention,512,42,yolo_sppf_full_attention512_seed42,<RUN_ROOT>\outputs\controlled_comparison_runs\run_20260528_205727\neural_eval\yolo_sppf_full_attention512_seed42,<RUN_ROOT>\outputs\controlled_comparison_runs\run_20260528_205727\neural_training\yolo_sppf_full_attention512_seed42
9,0.3381226544464036,0.8755265993925737,0.3996717549916375,0.8558388729040579,0.8019814683411098,199.6955590248108,2.5e-05,2.5e-05,50.7,9.01,20.0,1.31,41.0,18.2,0.4349112426035503,0.8936170212765957,0.5850746268656716,0.8954973821989529,0.8369543942063026,0.8652367462565763,0.8823938761308281,0.8942172073342737,0.8882661996497373,0.8737073017862739,0.8650325783431585,0.8693483005924539,full,attention,512,42,yolo_sppf_full_attention512_seed42,<RUN_ROOT>\outputs\controlled_comparison_runs\run_20260528_205727\neural_eval\yolo_sppf_full_attention512_seed42,<RUN_ROOT>\outputs\controlled_comparison_runs\run_20260528_205727\neural_training\yolo_sppf_full_attention512_seed42
10,0.3386016006991676,0.8772900950328206,0.3756157699781137,0.8688361940668717,0.819044062212335,199.8410394191742,2.5e-05,2.5e-05,50.7,9.01,19.0,1.31,42.0,18.2,0.5017421602787456,0.8753799392097265,0.637873754152824,0.8818573667711599,0.8809943237424154,0.8814256339958877,0.914828897338403,0.8483779971791255,0.8803512623490669,0.8959818535320804,0.8578963698417623,0.8765255983515612,full,attention,512,42,yolo_sppf_full_attention512_seed42,<RUN_ROOT>\outputs\controlled_comparison_runs\run_20260528_205727\neural_eval\yolo_sppf_full_attention512_seed42,<RUN_ROOT>\outputs\controlled_comparison_runs\run_20260528_205727\neural_training\yolo_sppf_full_attention512_seed42
1,0.6126424970899396,0.7669736455373763,0.4663504263949959,0.8345073916063102,0.7769170897015313,196.85444736480716,5e-05,5e-05,50.7,8.98,20.0,1.31,42.0,18.4,0.5155875299760192,0.6534954407294833,0.5764075067024129,0.8977678571428571,0.7872382070855354,0.838877880905204,0.7490217998882057,0.9449929478138224,0.8356719675709385,0.8352490421455939,0.879304995345951,0.8567110036275696,full,attention,512,43,yolo_sppf_full_attention512_seed43,<RUN_ROOT>\outputs\controlled_comparison_runs\run_20260528_205727\neural_eval\yolo_sppf_full_attention512_seed43,<RUN_ROOT>\outputs\controlled_comparison_runs\run_20260528_205727\neural_training\yolo_sppf_full_attention512_seed43
2,0.457692449302252,0.8333496619966689,0.3851298293111627,0.8668518702252208,0.8124035325874994,199.27737522125244,5e-05,5e-05,50.6,9.01,19.0,1.31,41.0,20.7,0.677536231884058,0.5683890577507599,0.6181818181818182,0.8641881638846738,0.891759639851243,0.8777574414796262,0.893286219081272,0.8913963328631875,0.892340275326509,0.8761232349165597,0.8470369221222463,0.8613345953620446,full,attention,512,43,yolo_sppf_full_attention512_seed43,<RUN_ROOT>\outputs\controlled_comparison_runs\run_20260528_205727\neural_eval\yolo_sppf_full_attention512_seed43,<RUN_ROOT>\outputs\controlled_comparison_runs\run_20260528_205727\neural_training\yolo_sppf_full_attention512_seed43
3,0.4300636074310139,0.8447633976682669,0.3839601942242884,0.8702252207560274,0.811611627401704,201.4957399368286,5e-05,5e-05,51.6,9.36,20.0,1.31,41.0,18.7,0.6954887218045113,0.5623100303951368,0.6218487394957983,0.8351839000693962,0.9422587590526522,0.8854961832061068,0.9391233766233766,0.8159379407616361,0.8732075471698113,0.9282925097621584,0.8113558796152652,0.8658940397350994,full,attention,512,43,yolo_sppf_full_attention512_seed43,<RUN_ROOT>\outputs\controlled_comparison_runs\run_20260528_205727\neural_eval\yolo_sppf_full_attention512_seed43,<RUN_ROOT>\outputs\controlled_comparison_runs\run_20260528_205727\neural_training\yolo_sppf_full_attention512_seed43
4,0.4026620385812181,0.8522092681493093,0.360795442149919,0.8704236531401924,0.8261642586494141,199.8444895744324,5e-05,5e-05,51.3,9.28,20.0,1.31,41.0,18.8,0.7269503546099291,0.6231003039513677,0.6710310965630114,0.8749516066589237,0.8847132511254648,0.8798053527980535,0.8400503778337531,0.9407616361071932,0.8875582168995343,0.8918830101873152,0.8420726031647533,0.866262368337057,full,attention,512,43,yolo_sppf_full_attention512_seed43,<RUN_ROOT>\outputs\controlled_comparison_runs\run_20260528_205727\neural_eval\yolo_sppf_full_attention512_seed43,<RUN_ROOT>\outputs\controlled_comparison_runs\run_20260528_205727\neural_training\yolo_sppf_full_attention512_seed43
5,0.3894399828438101,0.8566669932399333,0.3656742113157331,0.8730032741343388,0.8233634624699917,198.7165913581848,5e-05,5e-05,50.7,9.08,20.0,1.31,41.0,18.5,0.6256830601092896,0.6960486322188449,0.6589928057553956,0.8564907796238816,0.9181835975729106,0.8862648781409409,0.9328537170263788,0.8229901269393513,0.8744848257774447,0.9085427135678392,0.8414520632950667,0.8737113402061856,full,attention,512,43,yolo_sppf_full_attention512_seed43,<RUN_ROOT>\outputs\controlled_comparison_runs\run_20260528_205727\neural_eval\yolo_sppf_full_attention512_seed43,<RUN_ROOT>\outputs\controlled_comparison_runs\run_20260528_205727\neural_training\yolo_sppf_full_attention512_seed43
6,0.3781941818776993,0.8638189477809346,0.3717588911191486,0.8747891655918246,0.8305265741232168,199.37914943695068,5e-05,5e-05,50.7,9.08,20.0,1.31,41.0,20.3,0.5957446808510638,0.7659574468085106,0.6702127659574467,0.8739992375142966,0.8974358974358975,0.8855625301786577,0.9303749043611323,0.8575458392101551,0.8924770642201836,0.8907508862391235,0.857586099906919,0.8738539361365792,full,attention,512,43,yolo_sppf_full_attention512_seed43,<RUN_ROOT>\outputs\controlled_comparison_runs\run_20260528_205727\neural_eval\yolo_sppf_full_attention512_seed43,<RUN_ROOT>\outputs\controlled_comparison_runs\run_20260528_205727\neural_training\yolo_sppf_full_attention512_seed43
7,0.3692855059204267,0.8667581071813462,0.3552206031067134,0.875582895128485,0.8310607253332989,198.7255594730377,5e-05,5e-05,50.7,9.02,20.0,1.31,41.0,20.2,0.6019184652278178,0.7629179331306991,0.6729222520107239,0.8678010471204188,0.9083969465648856,0.887635076981926,0.9171023151605676,0.8660084626234132,0.8908233587232498,0.9092436974789916,0.8392801737511635,0.8728622136172958,full,attention,512,43,yolo_sppf_full_attention512_seed43,<RUN_ROOT>\outputs\controlled_comparison_runs\run_20260528_205727\neural_eval\yolo_sppf_full_attention512_seed43,<RUN_ROOT>\outputs\controlled_comparison_runs\run_20260528_205727\neural_training\yolo_sppf_full_attention512_seed43
8,0.3682156681538586,0.868864504751641,0.3566100640216886,0.8763766246651453,0.8354521359030737,198.7654657363892,5e-05,5e-05,50.6,9.0,20.0,1.31,41.0,18.8,0.6361323155216285,0.7598784194528876,0.6925207756232687,0.8700639338097029,0.9056566842826383,0.8875035964323391,0.9297297297297298,0.849083215796897,0.8875783265757464,0.8955418158151643,0.8538628606887992,0.8742058449809401,full,attention,512,43,yolo_sppf_full_attention512_seed43,<RUN_ROOT>\outputs\controlled_comparison_runs\run_20260528_205727\neural_eval\yolo_sppf_full_attention512_seed43,<RUN_ROOT>\outputs\controlled_comparison_runs\run_20260528_205727\neural_training\yolo_sppf_full_attention512_seed43
9,0.3567284957102871,0.8697952385617713,0.4086533665784546,0.8533584681019942,0.8181762874316686,198.54285073280332,5e-05,5e-05,50.7,8.99,20.0,1.31,41.0,17.2,0.5875831485587583,0.8054711246200608,0.6794871794871794,0.8895872616802849,0.8310824036014876,0.8593402145314715,0.9252918287937744,0.8385049365303244,0.879763226045135,0.8126050420168067,0.900093080980453,0.8541145296628884,full,attention,512,43,yolo_sppf_full_attention512_seed43,<RUN_ROOT>\outputs\controlled_comparison_runs\run_20260528_205727\neural_eval\yolo_sppf_full_attention512_seed43,<RUN_ROOT>\outputs\controlled_comparison_runs\run_20260528_205727\neural_training\yolo_sppf_full_attention512_seed43
10,0.3432144977015131,0.8740570196923679,0.3805719265178408,0.8618910606210933,0.8257633844673298,198.73910665512085,5e-05,5e-05,50.7,9.02,20.0,1.31,41.0,18.1,0.6137440758293838,0.7872340425531915,0.6897470039946738,0.8853786958282706,0.8557447641417107,0.8703095451378522,0.933910306845004,0.8370944992947814,0.8828560803272592,0.83207656612529,0.8901644430654669,0.8601409084095337,full,attention,512,43,yolo_sppf_full_attention512_seed43,<RUN_ROOT>\outputs\controlled_comparison_runs\run_20260528_205727\neural_eval\yolo_sppf_full_attention512_seed43,<RUN_ROOT>\outputs\controlled_comparison_runs\run_20260528_205727\neural_training\yolo_sppf_full_attention512_seed43
1,0.5829757911307871,0.7822082884295092,0.5180825829110767,0.8252802857426332,0.744557102651503,195.3866949081421,5e-05,5e-05,50.9,9.08,20.0,1.31,41.0,18.0,0.3527653213751868,0.7173252279635258,0.4729458917835671,0.8547486033519553,0.8385202583675866,0.8465566643612291,0.958171206225681,0.6946403385049366,0.8053965658217498,0.8347181008902077,0.8727893267142414,0.8533292886394661,full,attention,512,44,yolo_sppf_full_attention512_seed44,<RUN_ROOT>\outputs\controlled_comparison_runs\run_20260528_205727\neural_eval\yolo_sppf_full_attention512_seed44,<RUN_ROOT>\outputs\controlled_comparison_runs\run_20260528_205727\neural_training\yolo_sppf_full_attention512_seed44
2,0.4579451277495878,0.8341824238267855,0.3954072805868308,0.8652644111519,0.8011822954410088,198.4530544281006,5e-05,5e-05,50.6,9.08,20.0,1.31,41.0,17.9,0.6084142394822006,0.5714285714285714,0.5893416927899686,0.83226254558083,0.9381483656292816,0.8820390136179609,0.9404567699836868,0.81311706629055,0.8721633888048411,0.9289048473967684,0.8026683214396525,0.8611850865512649,full,attention,512,44,yolo_sppf_full_attention512_seed44,<RUN_ROOT>\outputs\controlled_comparison_runs\run_20260528_205727\neural_eval\yolo_sppf_full_attention512_seed44,<RUN_ROOT>\outputs\controlled_comparison_runs\run_20260528_205727\neural_training\yolo_sppf_full_attention512_seed44
3,0.4280773565920542,0.8423630841579308,0.3818409920663163,0.8639746006548269,0.8092665252017699,197.6310389041901,5e-05,5e-05,50.6,9.06,20.0,1.31,41.0,18.4,0.519650655021834,0.723404255319149,0.6048284625158832,0.8723487059739249,0.8774711293795263,0.8749024199843871,0.8693029490616622,0.9146685472496474,0.8914089347079038,0.8996655518394648,0.8346261247285138,0.8659262835989054,full,attention,512,44,yolo_sppf_full_attention512_seed44,<RUN_ROOT>\outputs\controlled_comparison_runs\run_20260528_205727\neural_eval\yolo_sppf_full_attention512_seed44,<RUN_ROOT>\outputs\controlled_comparison_runs\run_20260528_205727\neural_training\yolo_sppf_full_attention512_seed44
4,0.4005986073019339,0.8524052121093367,0.4083202404067999,0.8524655223732513,0.8075047819999004,197.93694591522217,5e-05,5e-05,50.7,9.08,20.0,1.31,41.0,19.1,0.5731414868105515,0.7264437689969605,0.6407506702412868,0.8747226144845672,0.8486983754159326,0.8615140075501689,0.9384615384615383,0.8173483779971791,0.8737278552581982,0.8236311239193084,0.8867514737821905,0.8540265949499477,full,attention,512,44,yolo_sppf_full_attention512_seed44,<RUN_ROOT>\outputs\controlled_comparison_runs\run_20260528_205727\neural_eval\yolo_sppf_full_attention512_seed44,<RUN_ROOT>\outputs\controlled_comparison_runs\run_20260528_205727\neural_training\yolo_sppf_full_attention512_seed44
5,0.3893292287720782,0.8561771333398648,0.3956553447200263,0.8623871415815061,0.8109928246100636,198.0827991962433,5e-05,5e-05,50.7,9.07,20.0,1.31,40.0,18.5,0.4866310160427807,0.8297872340425532,0.6134831460674157,0.8872697834446468,0.8580935603836367,0.8724378109452736,0.8722826086956522,0.9055007052186178,0.8885813148788928,0.8859903381642512,0.853552590753956,0.8694690265486726,full,attention,512,44,yolo_sppf_full_attention512_seed44,<RUN_ROOT>\outputs\controlled_comparison_runs\run_20260528_205727\neural_eval\yolo_sppf_full_attention512_seed44,<RUN_ROOT>\outputs\controlled_comparison_runs\run_20260528_205727\neural_training\yolo_sppf_full_attention512_seed44
6,0.3780260763998175,0.8608797883805231,0.3500129143447829,0.8738962198630816,0.8308114862344016,197.77051186561584,5e-05,5e-05,50.7,9.1,20.0,1.31,41.0,19.7,0.5708154506437768,0.8085106382978723,0.6691823899371069,0.8841630733045864,0.8829516539440203,0.8835569483889922,0.9039426523297492,0.889280677009873,0.896551724137931,0.8889602053915276,0.8594477195159789,0.8739548824735763,full,attention,512,44,yolo_sppf_full_attention512_seed44,<RUN_ROOT>\outputs\controlled_comparison_runs\run_20260528_205727\neural_eval\yolo_sppf_full_attention512_seed44,<RUN_ROOT>\outputs\controlled_comparison_runs\run_20260528_205727\neural_training\yolo_sppf_full_attention512_seed44
7,0.3629595080148253,0.869550308611737,0.3395900845087857,0.8778648675463836,0.8347494073120139,197.3855776786804,5e-05,5e-05,50.8,9.15,20.0,1.31,41.0,17.5,0.5788336933045356,0.8145896656534954,0.6767676767676767,0.8772363913208984,0.9021334899197496,0.8895107594325967,0.9131386861313868,0.8822284908321579,0.8974175035868005,0.9090909090909092,0.8439342227738132,0.8753016894609814,full,attention,512,44,yolo_sppf_full_attention512_seed44,<RUN_ROOT>\outputs\controlled_comparison_runs\run_20260528_205727\neural_eval\yolo_sppf_full_attention512_seed44,<RUN_ROOT>\outputs\controlled_comparison_runs\run_20260528_205727\neural_training\yolo_sppf_full_attention512_seed44
8,0.3534860969470014,0.8751836974625257,0.349261006362374,0.8762774084730628,0.8344176672917949,198.35543131828308,5e-05,5e-05,50.7,9.1,19.0,1.28,41.0,17.6,0.6195121951219512,0.7720364741641338,0.6874154262516915,0.8599598320248311,0.92190252495596,0.8898545248441337,0.92629179331307,0.8596614950634697,0.8917337234820775,0.9210709318497914,0.8219050573999379,0.868666994589277,full,attention,512,44,yolo_sppf_full_attention512_seed44,<RUN_ROOT>\outputs\controlled_comparison_runs\run_20260528_205727\neural_eval\yolo_sppf_full_attention512_seed44,<RUN_ROOT>\outputs\controlled_comparison_runs\run_20260528_205727\neural_training\yolo_sppf_full_attention512_seed44
9,0.3551350287833254,0.8733222298422652,0.3936802900827301,0.8695307074114496,0.8146920976125334,197.80638432502747,5e-05,5e-05,50.7,9.1,19.0,1.28,41.0,19.0,0.4765886287625418,0.8662613981762918,0.6148867313915857,0.8772334293948126,0.8937169700528479,0.8853984874927283,0.9140271493212668,0.8547249647390691,0.8833819241982508,0.915593220338983,0.8380390940117902,0.8751012473675684,full,attention,512,44,yolo_sppf_full_attention512_seed44,<RUN_ROOT>\outputs\controlled_comparison_runs\run_20260528_205727\neural_eval\yolo_sppf_full_attention512_seed44,<RUN_ROOT>\outputs\controlled_comparison_runs\run_20260528_205727\neural_training\yolo_sppf_full_attention512_seed44
10,0.3464953716111524,0.8718036641520525,0.4739735128990899,0.8390713364421074,0.7766839612283606,197.87338829040527,5e-05,5e-05,50.7,9.08,20.0,1.28,40.0,20.6,0.4532710280373832,0.8844984802431611,0.5993820803295571,0.8586294914588651,0.8559404971618713,0.8572828857086846,0.9649484536082474,0.6600846262341326,0.7839195979899497,0.8467694131594546,0.8864412038473471,0.8661512808852508,full,attention,512,44,yolo_sppf_full_attention512_seed44,<RUN_ROOT>\outputs\controlled_comparison_runs\run_20260528_205727\neural_eval\yolo_sppf_full_attention512_seed44,<RUN_ROOT>\outputs\controlled_comparison_runs\run_20260528_205727\neural_training\yolo_sppf_full_attention512_seed44
1,0.5988917031141471,0.7752032918585284,0.4331048254126804,0.8577239805536263,0.7714780980592009,196.90299582481384,5e-05,5e-05,50.7,9.04,31.0,1.39,44.0,21.0,0.6325581395348837,0.4133738601823708,0.5,0.8242214532871972,0.9324721080446272,0.8750114794746991,0.952548330404218,0.764456981664316,0.8482003129890454,0.9032586558044806,0.8256282966180577,0.8627005997730588,full,attention,896,42,yolo_sppf_full_attention896_seed42,<RUN_ROOT>\outputs\controlled_comparison_runs\run_20260528_205727\neural_eval\yolo_sppf_full_attention896_seed42,<RUN_ROOT>\outputs\controlled_comparison_runs\run_20260528_205727\neural_training\yolo_sppf_full_attention896_seed42
2,0.4476331314860279,0.836778681297149,0.3944904862545497,0.8634785196944141,0.7980949083213982,198.89726877212524,5e-05,5e-05,50.5,9.1,31.0,1.39,46.0,21.4,0.4747474747474747,0.7142857142857143,0.5703883495145631,0.8431022158684774,0.923468389117244,0.881457262961233,0.9464579901153212,0.810296191819464,0.8731003039513676,0.937635183850036,0.8070121005274589,0.8674337168584292,full,attention,896,42,yolo_sppf_full_attention896_seed42,<RUN_ROOT>\outputs\controlled_comparison_runs\run_20260528_205727\neural_eval\yolo_sppf_full_attention896_seed42,<RUN_ROOT>\outputs\controlled_comparison_runs\run_20260528_205727\neural_training\yolo_sppf_full_attention896_seed42
3,0.4186199402967964,0.8476045850886647,0.4137057547849956,0.8593114396269471,0.796955843028117,198.9454090595245,5e-05,5e-05,50.5,9.11,30.0,1.39,47.0,21.0,0.6702508960573477,0.5683890577507599,0.6151315789473684,0.8257470465601112,0.9303190448228617,0.8749194661757939,0.9483227561196736,0.7376586741889986,0.8298294327647758,0.9095545732743964,0.8299720757058641,0.8679428942245295,full,attention,896,42,yolo_sppf_full_attention896_seed42,<RUN_ROOT>\outputs\controlled_comparison_runs\run_20260528_205727\neural_eval\yolo_sppf_full_attention896_seed42,<RUN_ROOT>\outputs\controlled_comparison_runs\run_20260528_205727\neural_training\yolo_sppf_full_attention896_seed42
4,0.3934585561415291,0.8552463995297345,0.3856900051084397,0.8677448159539637,0.8217411805218973,198.62584733963013,5e-05,5e-05,50.6,9.1,33.0,1.39,48.0,21.8,0.5928571428571429,0.756838905775076,0.664886515353805,0.866679309690878,0.89449990213349,0.8803698709304565,0.945679012345679,0.810296191819464,0.8727687048993544,0.8760643330179754,0.8619298789947254,0.8689396309039725,full,attention,896,42,yolo_sppf_full_attention896_seed42,<RUN_ROOT>\outputs\controlled_comparison_runs\run_20260528_205727\neural_eval\yolo_sppf_full_attention896_seed42,<RUN_ROOT>\outputs\controlled_comparison_runs\run_20260528_205727\neural_training\yolo_sppf_full_attention896_seed42
5,0.3759185000889143,0.8639659057509552,0.4442384917245593,0.8492906042266097,0.7778662877284859,199.1309609413147,5e-05,5e-05,50.6,9.11,31.0,1.39,48.0,21.7,0.3884297520661157,0.8571428571428571,0.5345971563981042,0.859798899639537,0.8870620473673909,0.8732177263969172,0.9588665447897624,0.7397743300423131,0.8351910828025478,0.9026104417670684,0.836798014272417,0.8684591853163741,full,attention,896,42,yolo_sppf_full_attention896_seed42,<RUN_ROOT>\outputs\controlled_comparison_runs\run_20260528_205727\neural_eval\yolo_sppf_full_attention896_seed42,<RUN_ROOT>\outputs\controlled_comparison_runs\run_20260528_205727\neural_training\yolo_sppf_full_attention896_seed42
6,0.3701841790582342,0.8673459390614284,0.4005587274417704,0.8682408969143764,0.8133910785220876,198.97227239608765,5e-05,5e-05,50.6,9.11,32.0,1.39,47.0,21.7,0.475548060708263,0.8571428571428571,0.6117136659436009,0.8690791966654036,0.8978273634762184,0.8832194088764801,0.925925925925926,0.846262341325811,0.8843036109064112,0.9210164835164836,0.8321439652497673,0.8743276283618582,full,attention,896,42,yolo_sppf_full_attention896_seed42,<RUN_ROOT>\outputs\controlled_comparison_runs\run_20260528_205727\neural_eval\yolo_sppf_full_attention896_seed42,<RUN_ROOT>\outputs\controlled_comparison_runs\run_20260528_205727\neural_training\yolo_sppf_full_attention896_seed42
7,0.353216733017113,0.8709219163319291,0.4428564768443475,0.8314316896517512,0.7946515837066537,199.378123998642,5e-05,5e-05,50.4,9.1,32.0,1.39,48.0,21.6,0.4879725085910653,0.8632218844984803,0.6234906695938528,0.9188549798911758,0.7602270503033862,0.8320479862896315,0.9006526468455403,0.8758815232722144,0.8880943868430461,0.7632999228989977,0.9215017064846416,0.8349732921000844,full,attention,896,42,yolo_sppf_full_attention896_seed42,<RUN_ROOT>\outputs\controlled_comparison_runs\run_20260528_205727\neural_eval\yolo_sppf_full_attention896_seed42,<RUN_ROOT>\outputs\controlled_comparison_runs\run_20260528_205727\neural_training\yolo_sppf_full_attention896_seed42
8,0.357228202215428,0.869207406681689,0.4944259245865165,0.8247842047822205,0.7490676528157059,199.0902533531189,5e-05,5e-05,50.6,9.1,30.0,1.39,48.0,21.8,0.4005449591280653,0.8936170212765957,0.5531514581373471,0.8398384925975774,0.8549618320610687,0.8473326867119301,0.962920046349942,0.5860366713681241,0.7286277948268303,0.8594940566900335,0.8749612162581446,0.8671586715867159,full,attention,896,42,yolo_sppf_full_attention896_seed42,<RUN_ROOT>\outputs\controlled_comparison_runs\run_20260528_205727\neural_eval\yolo_sppf_full_attention896_seed42,<RUN_ROOT>\outputs\controlled_comparison_runs\run_20260528_205727\neural_training\yolo_sppf_full_attention896_seed42
9,0.3438321929092907,0.8745958655824434,0.4202725749239482,0.842444686972914,0.7847884957773462,329.9862108230591,5e-05,5e-05,41.7,9.03,10.0,1.39,44.0,21.0,0.4005412719891745,0.8996960486322189,0.5543071161048688,0.9061315496098103,0.7954589939322764,0.847196164269335,0.8128872366790583,0.92524682651622,0.8654353562005277,0.8697932736809627,0.8746509463233013,0.8722153465346535,full,attention,896,42,yolo_sppf_full_attention896_seed42,<RUN_ROOT>\outputs\controlled_comparison_runs\run_20260528_205727\neural_eval\yolo_sppf_full_attention896_seed42,<RUN_ROOT>\outputs\controlled_comparison_runs\run_20260528_205727\neural_training\yolo_sppf_full_attention896_seed42
10,0.3383295715678495,0.8760164592926423,0.3471264110803271,0.8731024903264213,0.8415685156173377,421.7982020378113,5e-05,5e-05,40.8,9.17,25.0,1.41,43.0,20.2,0.6570048309178744,0.8267477203647416,0.7321668909825034,0.8987341772151899,0.8616167547465258,0.8797841510942341,0.8223318938926588,0.9400564174894216,0.8772622573214872,0.8877940241576605,0.8665839280173752,0.8770607630711259,full,attention,896,42,yolo_sppf_full_attention896_seed42,<RUN_ROOT>\outputs\controlled_comparison_runs\run_20260528_205727\neural_eval\yolo_sppf_full_attention896_seed42,<RUN_ROOT>\outputs\controlled_comparison_runs\run_20260528_205727\neural_training\yolo_sppf_full_attention896_seed42
1,0.5932930195353762,0.7761340256686587,0.4655116441652699,0.8358964182954658,0.7707732075944322,293.67031955718994,5e-05,5e-05,49.8,8.97,34.0,1.42,42.0,16.2,0.4087837837837837,0.7355623100303952,0.5255157437567861,0.8957231040564374,0.7952632609121159,0.8425090720580611,0.7875894988066826,0.930888575458392,0.8532643826761475,0.8549618320610687,0.8687558175612783,0.8618036318867344,full,attention,896,43,yolo_sppf_full_attention896_seed43,<RUN_ROOT>\outputs\controlled_comparison_runs\run_20260528_205727\neural_eval\yolo_sppf_full_attention896_seed43,<RUN_ROOT>\outputs\controlled_comparison_runs\run_20260528_205727\neural_training\yolo_sppf_full_attention896_seed43
2,0.451176453469362,0.8340844518467718,0.3869100730465785,0.8615934120448457,0.8105545884167138,235.86805629730225,5e-05,5e-05,51.1,9.02,26.0,1.42,44.0,20.1,0.5994318181818182,0.6413373860182371,0.6196769456681351,0.8757923930269413,0.8653356821295752,0.8705326375898396,0.8990694345025053,0.8857545839210155,0.8923623445825932,0.8519195612431444,0.867514737821905,0.8596464258262875,full,attention,896,43,yolo_sppf_full_attention896_seed43,<RUN_ROOT>\outputs\controlled_comparison_runs\run_20260528_205727\neural_eval\yolo_sppf_full_attention896_seed43,<RUN_ROOT>\outputs\controlled_comparison_runs\run_20260528_205727\neural_training\yolo_sppf_full_attention896_seed43
3,0.4214226596063254,0.8488782208288429,0.3780287987097085,0.8680424645302113,0.8144828128708412,213.1336240768433,5e-05,5e-05,52.3,9.15,34.0,1.42,46.0,17.4,0.662379421221865,0.6261398176291794,0.64375,0.8355733984988655,0.9369739675083186,0.8833733161099834,0.942643391521197,0.7997179125528914,0.8653185806943915,0.9245416078984484,0.8135277691591685,0.8654893546789899,full,attention,896,43,yolo_sppf_full_attention896_seed43,<RUN_ROOT>\outputs\controlled_comparison_runs\run_20260528_205727\neural_eval\yolo_sppf_full_attention896_seed43,<RUN_ROOT>\outputs\controlled_comparison_runs\run_20260528_205727\neural_training\yolo_sppf_full_attention896_seed43
4,0.3896404399659169,0.8565690212599196,0.3446201941666437,0.8749875979759897,0.8399011290761402,205.87203431129456,5e-05,5e-05,50.6,9.14,31.0,1.42,46.0,18.0,0.7264150943396226,0.7021276595744681,0.714064914992272,0.8850393700787401,0.8800156586416128,0.8825203650996172,0.8433962264150944,0.9456981664315938,0.891622340425532,0.8900032351989647,0.853552590753956,0.8713968957871396,full,attention,896,43,yolo_sppf_full_attention896_seed43,<RUN_ROOT>\outputs\controlled_comparison_runs\run_20260528_205727\neural_eval\yolo_sppf_full_attention896_seed43,<RUN_ROOT>\outputs\controlled_comparison_runs\run_20260528_205727\neural_training\yolo_sppf_full_attention896_seed43
5,0.3753010940651897,0.8622513961007152,0.3736040563699567,0.8703244369481099,0.8227347765372881,202.6017169952393,5e-05,5e-05,51.1,9.17,31.0,1.42,47.0,16.7,0.5739514348785872,0.790273556231003,0.6649616368286445,0.8699772554965883,0.8984145625366999,0.8839672604718344,0.9421487603305784,0.8039492242595204,0.867579908675799,0.8859872611464968,0.8631709587340987,0.8744303001728745,full,attention,896,43,yolo_sppf_full_attention896_seed43,<RUN_ROOT>\outputs\controlled_comparison_runs\run_20260528_205727\neural_eval\yolo_sppf_full_attention896_seed43,<RUN_ROOT>\outputs\controlled_comparison_runs\run_20260528_205727\neural_training\yolo_sppf_full_attention896_seed43
6,0.3653969617493357,0.8684726168315862,0.3590477550557042,0.8761781922809803,0.8325114092599362,200.0785722732544,5e-05,5e-05,50.6,9.15,28.0,1.42,47.0,17.5,0.5895691609977324,0.790273556231003,0.6753246753246752,0.8728717366628831,0.903112155020552,0.8877344877344876,0.916728624535316,0.8695345557122708,0.8925081433224756,0.9058862653807782,0.8451753025131865,0.874478330658106,full,attention,896,43,yolo_sppf_full_attention896_seed43,<RUN_ROOT>\outputs\controlled_comparison_runs\run_20260528_205727\neural_eval\yolo_sppf_full_attention896_seed43,<RUN_ROOT>\outputs\controlled_comparison_runs\run_20260528_205727\neural_training\yolo_sppf_full_attention896_seed43
7,0.3585827778003012,0.8687175467816205,0.3634782805020684,0.8691338426431193,0.8219458309531278,202.10301899909973,5e-05,5e-05,51.1,9.38,31.0,1.42,47.0,17.1,0.5527950310559007,0.8115501519756839,0.6576354679802956,0.8767441860465116,0.8854961832061069,0.881098451650599,0.91131498470948,0.840620592383639,0.8745414526779164,0.8877877237851662,0.8616196090598821,0.8745079515037002,full,attention,896,43,yolo_sppf_full_attention896_seed43,<RUN_ROOT>\outputs\controlled_comparison_runs\run_20260528_205727\neural_eval\yolo_sppf_full_attention896_seed43,<RUN_ROOT>\outputs\controlled_comparison_runs\run_20260528_205727\neural_training\yolo_sppf_full_attention896_seed43
8,0.3536568544994817,0.8728813559322034,0.3452142399878496,0.8762774084730628,0.8401199580134042,206.36154294013977,5e-05,5e-05,51.0,9.25,31.0,1.42,46.0,17.2,0.7212121212121212,0.723404255319149,0.7223065250379364,0.8581612136720892,0.9189665296535524,0.8875236294896031,0.920340293890178,0.8392101551480959,0.8779048321652527,0.907537688442211,0.8405212534905367,0.8727448453608249,full,attention,896,43,yolo_sppf_full_attention896_seed43,<RUN_ROOT>\outputs\controlled_comparison_runs\run_20260528_205727\neural_eval\yolo_sppf_full_attention896_seed43,<RUN_ROOT>\outputs\controlled_comparison_runs\run_20260528_205727\neural_training\yolo_sppf_full_attention896_seed43
9,0.3488119766904409,0.8715097482120113,0.4130702374030483,0.846611767040381,0.8221588947505201,205.25162410736084,5e-05,5e-05,50.8,9.14,31.0,1.42,47.0,21.8,0.6267605633802817,0.8115501519756839,0.7072847682119207,0.913417951042611,0.7888040712468194,0.8465497321709905,0.8907681465821,0.8913963328631875,0.891082129009517,0.7776033490319204,0.9221222463543284,0.8437189496096522,full,attention,896,43,yolo_sppf_full_attention896_seed43,<RUN_ROOT>\outputs\controlled_comparison_runs\run_20260528_205727\neural_eval\yolo_sppf_full_attention896_seed43,<RUN_ROOT>\outputs\controlled_comparison_runs\run_20260528_205727\neural_training\yolo_sppf_full_attention896_seed43
10,0.3388614034335651,0.8762613892426766,0.3617349586276673,0.8698283559876971,0.8400502646803343,203.6436622142792,5e-05,5e-05,50.8,9.14,30.0,1.42,47.0,20.8,0.6985915492957746,0.7537993920972644,0.7251461988304094,0.8888665594855305,0.8657271481698963,0.8771442736737729,0.9195830230826508,0.8709449929478138,0.894603404563564,0.8402349486049927,0.8876822835867204,0.8633071816535909,full,attention,896,43,yolo_sppf_full_attention896_seed43,<RUN_ROOT>\outputs\controlled_comparison_runs\run_20260528_205727\neural_eval\yolo_sppf_full_attention896_seed43,<RUN_ROOT>\outputs\controlled_comparison_runs\run_20260528_205727\neural_training\yolo_sppf_full_attention896_seed43
1,0.5734236183456586,0.7899480748505927,0.533346738675824,0.8206171247147535,0.7370210995790565,203.20925283432007,5e-05,5e-05,50.8,9.19,30.0,1.42,47.0,21.4,0.3865546218487395,0.6990881458966566,0.4978354978354978,0.8314585319351764,0.8535917009199452,0.8423797566158007,0.9709821428571428,0.613540197461213,0.7519446845289542,0.8405623691295244,0.8718585169097115,0.8559244593359733,full,attention,896,44,yolo_sppf_full_attention896_seed44,<RUN_ROOT>\outputs\controlled_comparison_runs\run_20260528_205727\neural_eval\yolo_sppf_full_attention896_seed44,<RUN_ROOT>\outputs\controlled_comparison_runs\run_20260528_205727\neural_training\yolo_sppf_full_attention896_seed44
2,0.4492744796451029,0.8379543450573136,0.4135664776593561,0.8567318186328009,0.7906612071303132,204.76413917541504,5e-05,5e-05,50.6,9.23,30.0,1.42,48.0,21.1,0.5256723716381418,0.6534954407294833,0.5826558265582655,0.8325663716814159,0.920728126834997,0.8744307091737149,0.9635036496350364,0.7447108603667136,0.8400954653937948,0.9097127222982216,0.8253180266832144,0.8654628273954775,full,attention,896,44,yolo_sppf_full_attention896_seed44,<RUN_ROOT>\outputs\controlled_comparison_runs\run_20260528_205727\neural_eval\yolo_sppf_full_attention896_seed44,<RUN_ROOT>\outputs\controlled_comparison_runs\run_20260528_205727\neural_training\yolo_sppf_full_attention896_seed44
3,0.4199434261415796,0.8456451454883903,0.3886719805915611,0.8614941958527632,0.8086467800202504,204.91699385643005,5e-05,5e-05,50.7,9.23,30.0,1.42,48.0,21.5,0.4860853432282003,0.7963525835866262,0.6036866359447005,0.8893425888117599,0.8526130358191427,0.8705905865893875,0.8688963210702341,0.9160789844851904,0.8918640576725025,0.8789323164918971,0.8582066397766056,0.8684458398744113,full,attention,896,44,yolo_sppf_full_attention896_seed44,<RUN_ROOT>\outputs\controlled_comparison_runs\run_20260528_205727\neural_eval\yolo_sppf_full_attention896_seed44,<RUN_ROOT>\outputs\controlled_comparison_runs\run_20260528_205727\neural_training\yolo_sppf_full_attention896_seed44
4,0.3895977208241937,0.8595081806603312,0.4972024805089209,0.8222045837880743,0.7760471743395805,204.75858640670776,5e-05,5e-05,50.8,9.24,30.0,1.42,48.0,20.9,0.4944852941176471,0.817629179331307,0.6162657502863689,0.8752716210343329,0.7884126052064984,0.8295747090927813,0.9602649006622516,0.7157968970380818,0.8202020202020202,0.7675438596491229,0.9230530561588582,0.8381462177771517,full,attention,896,44,yolo_sppf_full_attention896_seed44,<RUN_ROOT>\outputs\controlled_comparison_runs\run_20260528_205727\neural_eval\yolo_sppf_full_attention896_seed44,<RUN_ROOT>\outputs\controlled_comparison_runs\run_20260528_205727\neural_training\yolo_sppf_full_attention896_seed44
5,0.3779663496890155,0.8612226903105712,0.4275536042791495,0.8548467109832325,0.7921771087213056,205.2795467376709,5e-05,5e-05,50.8,9.24,31.0,1.42,49.0,20.8,0.4102564102564102,0.8753799392097265,0.5586808923375364,0.876462423160817,0.8651399491094147,0.8707643814026793,0.93042071197411,0.8110014104372355,0.8666164280331574,0.8902517753389283,0.8557244802978592,0.8726467331118494,full,attention,896,44,yolo_sppf_full_attention896_seed44,<RUN_ROOT>\outputs\controlled_comparison_runs\run_20260528_205727\neural_eval\yolo_sppf_full_attention896_seed44,<RUN_ROOT>\outputs\controlled_comparison_runs\run_20260528_205727\neural_training\yolo_sppf_full_attention896_seed44
6,0.3645794808026695,0.8663662192612913,0.363630682086694,0.8690346264510368,0.8190666640536579,205.13063526153564,5e-05,5e-05,50.7,9.24,30.0,1.42,49.0,21.6,0.5140712945590994,0.8328267477203647,0.6357308584686774,0.8832776576930634,0.8798199256214524,0.8815454010590311,0.9169184290030212,0.8561354019746121,0.885485047410649,0.8860517076284711,0.8613093391250388,0.8735053492762743,full,attention,896,44,yolo_sppf_full_attention896_seed44,<RUN_ROOT>\outputs\controlled_comparison_runs\run_20260528_205727\neural_eval\yolo_sppf_full_attention896_seed44,<RUN_ROOT>\outputs\controlled_comparison_runs\run_20260528_205727\neural_training\yolo_sppf_full_attention896_seed44
7,0.3573120116273694,0.869942196531792,0.4025582374487486,0.856930251016966,0.7956371440483531,204.42722296714783,5e-05,5e-05,50.5,9.24,30.0,1.42,49.0,20.2,0.4402985074626865,0.8966565349544073,0.5905905905905906,0.8530665184361682,0.9011548248189468,0.876451551494384,0.9447852760736196,0.7602256699576869,0.8425166080500195,0.9265064437478232,0.8253180266832144,0.8729898260584181,full,attention,896,44,yolo_sppf_full_attention896_seed44,<RUN_ROOT>\outputs\controlled_comparison_runs\run_20260528_205727\neural_eval\yolo_sppf_full_attention896_seed44,<RUN_ROOT>\outputs\controlled_comparison_runs\run_20260528_205727\neural_training\yolo_sppf_full_attention896_seed44
8,0.3450423198566716,0.8770451650827863,0.3515713949685007,0.8731024903264213,0.831596561367896,204.43303394317627,5e-05,5e-05,50.8,9.26,30.0,1.42,49.0,21.2,0.6126760563380281,0.7933130699088146,0.6913907284768211,0.8592946362968406,0.915639068310824,0.886572538614612,0.9319620253164556,0.8307475317348378,0.878448918717375,0.9110356536502546,0.8324542351846106,0.8699740596627756,full,attention,896,44,yolo_sppf_full_attention896_seed44,<RUN_ROOT>\outputs\controlled_comparison_runs\run_20260528_205727\neural_eval\yolo_sppf_full_attention896_seed44,<RUN_ROOT>\outputs\controlled_comparison_runs\run_20260528_205727\neural_training\yolo_sppf_full_attention896_seed44
9,0.3506683723192346,0.8750367394925052,0.4242145044369704,0.8551443595594801,0.7893327194765732,205.35113096237183,5e-05,5e-05,50.9,9.31,29.0,1.42,49.0,20.8,0.3983739837398374,0.8936170212765957,0.5510777881911902,0.8646329837940896,0.8876492464278724,0.8759899555727254,0.9315746084089036,0.7968970380818053,0.8589889775750664,0.9226500173430454,0.8253180266832144,0.8712741565673109,full,attention,896,44,yolo_sppf_full_attention896_seed44,<RUN_ROOT>\outputs\controlled_comparison_runs\run_20260528_205727\neural_eval\yolo_sppf_full_attention896_seed44,<RUN_ROOT>\outputs\controlled_comparison_runs\run_20260528_205727\neural_training\yolo_sppf_full_attention896_seed44
10,0.3392896258226978,0.87542862741256,0.4653768946548682,0.8363924992558786,0.7806817173065234,204.4680778980255,5e-05,5e-05,50.9,9.32,31.0,1.42,50.0,21.2,0.527831094049904,0.8358662613981763,0.6470588235294117,0.8478807818850397,0.8575063613231552,0.8526664071623199,0.967391304347826,0.6276445698166432,0.7613344739093242,0.8308844713339095,0.8948184920881167,0.8616671646250373,full,attention,896,44,yolo_sppf_full_attention896_seed44,<RUN_ROOT>\outputs\controlled_comparison_runs\run_20260528_205727\neural_eval\yolo_sppf_full_attention896_seed44,<RUN_ROOT>\outputs\controlled_comparison_runs\run_20260528_205727\neural_training\yolo_sppf_full_attention896_seed44
1,0.6835360423337703,0.735671597922994,0.4514304830633577,0.8508780632999305,0.7646996310277683,183.4795308113098,5e-05,5e-05,51.0,10.5,11.0,1.51,39.0,15.7,0.7300613496932515,0.3617021276595745,0.483739837398374,0.8390613451589062,0.8888236445488353,0.8632259290941926,0.9361880772460116,0.7863187588152327,0.854733614411652,0.8454572894657411,0.8690660874961216,0.8570991432068543,full,lstm,256,42,yolo_sppf_full_lstm256_seed42,<RUN_ROOT>\outputs\controlled_comparison_runs\run_20260528_205727\neural_eval\yolo_sppf_full_lstm256_seed42,<RUN_ROOT>\outputs\controlled_comparison_runs\run_20260528_205727\neural_training\yolo_sppf_full_lstm256_seed42
2,0.4743913434223975,0.8314881943764083,0.4665495511033528,0.8420478222045837,0.7719275989595573,195.34788727760315,5e-05,5e-05,50.9,10.53,11.0,1.51,38.0,14.9,0.735,0.4468085106382978,0.555765595463138,0.8357089272318079,0.8721863378351928,0.8535580883057178,0.9572093023255814,0.7256699576868829,0.8255114320096271,0.8222926267281107,0.8858206639776606,0.8528752800597461,full,lstm,256,42,yolo_sppf_full_lstm256_seed42,<RUN_ROOT>\outputs\controlled_comparison_runs\run_20260528_205727\neural_eval\yolo_sppf_full_lstm256_seed42,<RUN_ROOT>\outputs\controlled_comparison_runs\run_20260528_205727\neural_training\yolo_sppf_full_lstm256_seed42
3,0.4515199843548869,0.8379543450573136,0.5553116675569779,0.8178390713364421,0.7246810158975993,187.38297200202945,5e-05,5e-05,51.4,9.38,11.0,1.18,36.0,12.0,0.8098591549295775,0.3495440729483283,0.4883227176220806,0.7998557518932564,0.8682716774319827,0.8326607226654154,0.9587628865979382,0.5902679830747531,0.7306852902662593,0.8115406480955089,0.8858206639776606,0.8470553330366415,full,lstm,256,42,yolo_sppf_full_lstm256_seed42,<RUN_ROOT>\outputs\controlled_comparison_runs\run_20260528_205727\neural_eval\yolo_sppf_full_lstm256_seed42,<RUN_ROOT>\outputs\controlled_comparison_runs\run_20260528_205727\neural_training\yolo_sppf_full_lstm256_seed42
4,0.4370592074457053,0.8449103556382874,0.4562812318903438,0.8550451433673976,0.7914933127024121,196.34518313407895,5e-05,5e-05,51.1,9.2,11.0,1.18,36.0,15.0,0.6532846715328468,0.5440729483282675,0.593698175787728,0.8463110945920832,0.8913681738109219,0.8682554814108675,0.9445422535211268,0.7566995768688294,0.8402505873140174,0.8552311435523114,0.8724790567793981,0.8637690062970358,full,lstm,256,42,yolo_sppf_full_lstm256_seed42,<RUN_ROOT>\outputs\controlled_comparison_runs\run_20260528_205727\neural_eval\yolo_sppf_full_lstm256_seed42,<RUN_ROOT>\outputs\controlled_comparison_runs\run_20260528_205727\neural_training\yolo_sppf_full_lstm256_seed42
5,0.4129587809371303,0.8545605956696385,0.4548483652605986,0.8473062803849588,0.7752627800409504,195.7293984889984,5e-05,5e-05,50.8,9.19,11.0,1.18,37.0,15.3,0.603125,0.5866261398176292,0.5947611710323575,0.8129594802530347,0.9307105108631826,0.8678590983756159,0.95625,0.6473906911142454,0.7720773759461732,0.9064406779661016,0.8296618057710208,0.866353474809655,full,lstm,256,42,yolo_sppf_full_lstm256_seed42,<RUN_ROOT>\outputs\controlled_comparison_runs\run_20260528_205727\neural_eval\yolo_sppf_full_lstm256_seed42,<RUN_ROOT>\outputs\controlled_comparison_runs\run_20260528_205727\neural_training\yolo_sppf_full_lstm256_seed42
6,0.4033964411691298,0.8568629371999608,0.388136464818972,0.8737970036709991,0.8272902569031055,195.948267698288,5e-05,5e-05,50.9,9.18,11.0,1.18,37.0,16.2,0.5817307692307693,0.7355623100303952,0.6496644295302013,0.8823414634146342,0.8851047171657859,0.8837209302325582,0.9073550212164072,0.9047954866008464,0.9060734463276836,0.8834827144686299,0.8563450201675458,0.8697022215219788,full,lstm,256,42,yolo_sppf_full_lstm256_seed42,<RUN_ROOT>\outputs\controlled_comparison_runs\run_20260528_205727\neural_eval\yolo_sppf_full_lstm256_seed42,<RUN_ROOT>\outputs\controlled_comparison_runs\run_20260528_205727\neural_training\yolo_sppf_full_lstm256_seed42
7,0.3868646419236325,0.8625453120407564,0.5342753384007318,0.7954162119257863,0.7611938313482405,195.6119406223297,5e-05,5e-05,50.8,9.2,11.0,1.18,38.0,15.5,0.5465393794749404,0.6960486322188449,0.6122994652406417,0.8725444340505145,0.7302798982188295,0.7950985615343633,0.9565217391304348,0.7447108603667136,0.8374306106264869,0.7011682242990654,0.9311200744647844,0.7999466879914701,full,lstm,256,42,yolo_sppf_full_lstm256_seed42,<RUN_ROOT>\outputs\controlled_comparison_runs\run_20260528_205727\neural_eval\yolo_sppf_full_lstm256_seed42,<RUN_ROOT>\outputs\controlled_comparison_runs\run_20260528_205727\neural_training\yolo_sppf_full_lstm256_seed42
8,0.3813898582872715,0.861271676300578,0.5033982852629075,0.8196249627939279,0.768403939140504,195.98165798187256,5e-05,5e-05,50.9,9.22,11.0,1.18,38.0,15.8,0.6067708333333334,0.7082066869300911,0.6535764375876577,0.829093027772383,0.8355842630651791,0.8323259894716319,0.9662542182227222,0.6057827926657263,0.7446900736887733,0.7929997265518184,0.8997828110456096,0.8430232558139534,full,lstm,256,42,yolo_sppf_full_lstm256_seed42,<RUN_ROOT>\outputs\controlled_comparison_runs\run_20260528_205727\neural_eval\yolo_sppf_full_lstm256_seed42,<RUN_ROOT>\outputs\controlled_comparison_runs\run_20260528_205727\neural_training\yolo_sppf_full_lstm256_seed42
9,0.3642215839336074,0.8715587342020182,0.4034547338417421,0.857128683401131,0.8244096185291858,195.6965696811676,5e-05,5e-05,50.9,9.19,11.0,1.18,38.0,15.7,0.6666666666666666,0.7173252279635258,0.6910688140556368,0.9066753078418665,0.8214914856136231,0.8619839802834257,0.874830852503383,0.9118476727785614,0.8929558011049723,0.8051409618573798,0.9038163201985728,0.8516298786727086,full,lstm,256,42,yolo_sppf_full_lstm256_seed42,<RUN_ROOT>\outputs\controlled_comparison_runs\run_20260528_205727\neural_eval\yolo_sppf_full_lstm256_seed42,<RUN_ROOT>\outputs\controlled_comparison_runs\run_20260528_205727\neural_training\yolo_sppf_full_lstm256_seed42
10,0.3661682260380386,0.8697462525717645,0.4040088435156374,0.8639746006548269,0.8227701745215955,195.78148221969604,5e-05,5e-05,50.9,9.2,11.0,1.18,39.0,17.1,0.6746987951807228,0.6808510638297872,0.6777609682299546,0.8733607359561558,0.8733607359561558,0.8733607359561558,0.941747572815534,0.8208744710860366,0.8771665410700827,0.8400940623162846,0.8867514737821905,0.8627924528301888,full,lstm,256,42,yolo_sppf_full_lstm256_seed42,<RUN_ROOT>\outputs\controlled_comparison_runs\run_20260528_205727\neural_eval\yolo_sppf_full_lstm256_seed42,<RUN_ROOT>\outputs\controlled_comparison_runs\run_20260528_205727\neural_training\yolo_sppf_full_lstm256_seed42
1,0.6793179084608174,0.7389046732634467,0.4412446142573442,0.8394682012104375,0.7757992212217423,182.73985624313357,5e-05,5e-05,50.9,9.21,10.0,1.18,38.0,15.0,0.6583333333333333,0.4802431610942249,0.5553602811950791,0.8795435333896873,0.8146408299080055,0.8458489990854587,0.7957446808510639,0.9231311706629056,0.8547175971269998,0.8180242634315424,0.8786844554762644,0.8472700074794317,full,lstm,256,43,yolo_sppf_full_lstm256_seed43,<RUN_ROOT>\outputs\controlled_comparison_runs\run_20260528_205727\neural_eval\yolo_sppf_full_lstm256_seed43,<RUN_ROOT>\outputs\controlled_comparison_runs\run_20260528_205727\neural_training\yolo_sppf_full_lstm256_seed43
2,0.4867110537937302,0.8276183011658665,0.4739186822599361,0.8371862287925389,0.7774087912225804,194.42612743377688,5e-05,5e-05,50.7,9.24,10.0,1.18,38.0,15.7,0.6692913385826772,0.5167173252279635,0.5831903945111492,0.84364694471387,0.8512429046780192,0.8474279033515199,0.957116788321168,0.7397743300423131,0.8345266507557677,0.8030218242865137,0.8904747130003102,0.8444902162718846,full,lstm,256,43,yolo_sppf_full_lstm256_seed43,<RUN_ROOT>\outputs\controlled_comparison_runs\run_20260528_205727\neural_eval\yolo_sppf_full_lstm256_seed43,<RUN_ROOT>\outputs\controlled_comparison_runs\run_20260528_205727\neural_training\yolo_sppf_full_lstm256_seed43
3,0.4589751423117602,0.8355540315469776,0.3896527570627984,0.8673479511856335,0.8037127472315888,194.59795379638672,5e-05,5e-05,50.9,9.24,10.0,1.18,38.0,15.9,0.7224669603524229,0.4984802431610942,0.5899280575539567,0.8488646684831971,0.9146604032100216,0.8805351422649332,0.934283452098179,0.8321579689703809,0.8802685565087653,0.8835927367055771,0.8454855724480298,0.8641192325986998,full,lstm,256,43,yolo_sppf_full_lstm256_seed43,<RUN_ROOT>\outputs\controlled_comparison_runs\run_20260528_205727\neural_eval\yolo_sppf_full_lstm256_seed43,<RUN_ROOT>\outputs\controlled_comparison_runs\run_20260528_205727\neural_training\yolo_sppf_full_lstm256_seed43
4,0.4352519607294035,0.8432448319780542,0.4051553488376417,0.8600059529715249,0.8082292417652527,193.94727897644043,5e-05,5e-05,50.8,9.25,10.0,1.18,38.0,15.1,0.696969696969697,0.5592705167173252,0.6205733558178752,0.8778,0.8590722254844392,0.8683351468988031,0.8842917251051894,0.889280677009873,0.8867791842475388,0.8362348775449985,0.879304995345951,0.8572292800967937,full,lstm,256,43,yolo_sppf_full_lstm256_seed43,<RUN_ROOT>\outputs\controlled_comparison_runs\run_20260528_205727\neural_eval\yolo_sppf_full_lstm256_seed43,<RUN_ROOT>\outputs\controlled_comparison_runs\run_20260528_205727\neural_training\yolo_sppf_full_lstm256_seed43
5,0.4290579573826449,0.8464779073185069,0.4116634327053491,0.8662565730727255,0.8060684895809614,194.6784303188324,5e-05,5e-05,50.9,9.25,10.0,1.18,39.0,16.3,0.6690391459074733,0.5714285714285714,0.6163934426229508,0.8330725091288471,0.9377568995889608,0.8823204419889503,0.955249569707401,0.7827926657263752,0.8604651162790699,0.9157712305025996,0.8197331678560348,0.8650949574328749,full,lstm,256,43,yolo_sppf_full_lstm256_seed43,<RUN_ROOT>\outputs\controlled_comparison_runs\run_20260528_205727\neural_eval\yolo_sppf_full_lstm256_seed43,<RUN_ROOT>\outputs\controlled_comparison_runs\run_20260528_205727\neural_training\yolo_sppf_full_lstm256_seed43
6,0.401868063909787,0.8572548251200157,0.3835733500257548,0.875582895128485,0.823056954956978,194.90527439117432,5e-05,5e-05,50.8,9.23,10.0,1.18,39.0,16.0,0.6213872832369942,0.6534954407294833,0.6370370370370371,0.8619038851040324,0.9162262673713056,0.8882352941176471,0.9382239382239382,0.8568406205923836,0.8956874308883156,0.9025606917193216,0.8420726031647533,0.8712680577849118,full,lstm,256,43,yolo_sppf_full_lstm256_seed43,<RUN_ROOT>\outputs\controlled_comparison_runs\run_20260528_205727\neural_eval\yolo_sppf_full_lstm256_seed43,<RUN_ROOT>\outputs\controlled_comparison_runs\run_20260528_205727\neural_training\yolo_sppf_full_lstm256_seed43
7,0.3966848303382883,0.8611737043205643,0.4283769457859711,0.8521678737970036,0.7925361500276564,195.3668930530548,5e-05,5e-05,50.9,9.24,10.0,1.18,39.0,15.6,0.6462585034013606,0.5775075987841946,0.6099518459069021,0.8445644080416977,0.8880407124681934,0.8657570842476863,0.9630655586334256,0.735543018335684,0.8340663734506197,0.8465465465465466,0.8746509463233013,0.8603692965054174,full,lstm,256,43,yolo_sppf_full_lstm256_seed43,<RUN_ROOT>\outputs\controlled_comparison_runs\run_20260528_205727\neural_eval\yolo_sppf_full_lstm256_seed43,<RUN_ROOT>\outputs\controlled_comparison_runs\run_20260528_205727\neural_training\yolo_sppf_full_lstm256_seed43
8,0.3868437663938114,0.8636719898109141,0.3903636826545976,0.8566326024407184,0.8158316931912946,194.95474195480347,5e-05,5e-05,50.9,9.25,10.0,1.18,39.0,16.5,0.6865203761755486,0.6656534954407295,0.6759259259259259,0.8660137120470127,0.8653356821295752,0.8656745643234774,0.9238171611868484,0.8124118476727785,0.8645403377110693,0.8339201877934272,0.8817871548246975,0.8571859448047052,full,lstm,256,43,yolo_sppf_full_lstm256_seed43,<RUN_ROOT>\outputs\controlled_comparison_runs\run_20260528_205727\neural_eval\yolo_sppf_full_lstm256_seed43,<RUN_ROOT>\outputs\controlled_comparison_runs\run_20260528_205727\neural_training\yolo_sppf_full_lstm256_seed43
9,0.3737062720675313,0.8657783873812089,0.4448427070466254,0.8483976584978669,0.7992756213392009,195.2034294605255,5e-05,5e-05,50.8,9.24,10.0,1.18,39.0,15.5,0.660436137071651,0.6443768996960486,0.6523076923076923,0.8497131931166348,0.8698375415932668,0.8596576071186768,0.964319248826291,0.7242595204513399,0.8272251308900522,0.8281836557897776,0.8898541731306236,0.8579120550403828,full,lstm,256,43,yolo_sppf_full_lstm256_seed43,<RUN_ROOT>\outputs\controlled_comparison_runs\run_20260528_205727\neural_eval\yolo_sppf_full_lstm256_seed43,<RUN_ROOT>\outputs\controlled_comparison_runs\run_20260528_205727\neural_training\yolo_sppf_full_lstm256_seed43
10,0.3607465417772461,0.8688155187616342,0.3878758613526495,0.8690346264510368,0.824184066701277,195.3855800628662,5e-05,5e-05,50.9,9.25,10.0,1.18,39.0,16.3,0.7137809187279152,0.6139817629179332,0.6601307189542484,0.8763430357491697,0.8780583284400079,0.8771998435666797,0.9195230998509688,0.8702397743300423,0.8942028985507247,0.8506746626686656,0.8802358051504809,0.8652028057334552,full,lstm,256,43,yolo_sppf_full_lstm256_seed43,<RUN_ROOT>\outputs\controlled_comparison_runs\run_20260528_205727\neural_eval\yolo_sppf_full_lstm256_seed43,<RUN_ROOT>\outputs\controlled_comparison_runs\run_20260528_205727\neural_training\yolo_sppf_full_lstm256_seed43
1,0.6815440187254063,0.7349368080728912,0.475629136486659,0.8192280980255978,0.7620878950325564,182.14767694473267,5e-05,5e-05,50.9,9.32,10.0,1.18,39.0,15.2,0.4070945945945945,0.7325227963525835,0.5233441910966341,0.8776677667766777,0.7807790174202388,0.8263932048891651,0.9124709527498064,0.8307475317348378,0.8696936138796605,0.7803341550260202,0.8839590443686007,0.8289205702647656,full,lstm,256,44,yolo_sppf_full_lstm256_seed44,<RUN_ROOT>\outputs\controlled_comparison_runs\run_20260528_205727\neural_eval\yolo_sppf_full_lstm256_seed44,<RUN_ROOT>\outputs\controlled_comparison_runs\run_20260528_205727\neural_training\yolo_sppf_full_lstm256_seed44
2,0.4859990932596234,0.8284510629959831,0.39682000494296,0.8670503026093859,0.8054702045149068,193.31711792945865,5e-05,5e-05,50.7,9.32,10.0,1.18,38.0,16.6,0.6654135338345865,0.5379939209726444,0.5949579831932773,0.8494447478609138,0.913290272068898,0.880211280890398,0.8798043326345213,0.88787023977433,0.8838188838188837,0.912772585669782,0.8181818181818182,0.862892670157068,full,lstm,256,44,yolo_sppf_full_lstm256_seed44,<RUN_ROOT>\outputs\controlled_comparison_runs\run_20260528_205727\neural_eval\yolo_sppf_full_lstm256_seed44,<RUN_ROOT>\outputs\controlled_comparison_runs\run_20260528_205727\neural_training\yolo_sppf_full_lstm256_seed44
3,0.4574477385764585,0.8375134711472518,0.3918743484575922,0.8653636273439825,0.8099377273034181,193.5069124698639,5e-05,5e-05,50.8,9.33,10.0,1.18,38.0,15.4,0.6608996539792388,0.5805471124620061,0.6181229773462783,0.8658256880733946,0.8866705813270699,0.8761241659413983,0.8498360655737704,0.913963328631876,0.8807339449541284,0.891856247939334,0.8392801737511635,0.864769820971867,full,lstm,256,44,yolo_sppf_full_lstm256_seed44,<RUN_ROOT>\outputs\controlled_comparison_runs\run_20260528_205727\neural_eval\yolo_sppf_full_lstm256_seed44,<RUN_ROOT>\outputs\controlled_comparison_runs\run_20260528_205727\neural_training\yolo_sppf_full_lstm256_seed44
4,0.4364098460854361,0.8472126971686098,0.4936489320470996,0.8348050401825577,0.7731024878454362,193.59004759788516,5e-05,5e-05,50.8,9.34,10.0,1.18,38.0,15.8,0.7354260089686099,0.4984802431610942,0.5942028985507246,0.8287645512579798,0.8639655509884517,0.8459990416866316,0.9490874159462056,0.6967559943582511,0.8035786905246035,0.8162797363141301,0.8836487744337573,0.8486293206197854,full,lstm,256,44,yolo_sppf_full_lstm256_seed44,<RUN_ROOT>\outputs\controlled_comparison_runs\run_20260528_205727\neural_eval\yolo_sppf_full_lstm256_seed44,<RUN_ROOT>\outputs\controlled_comparison_runs\run_20260528_205727\neural_training\yolo_sppf_full_lstm256_seed44
5,0.4203102138699222,0.8468697952385618,0.4323890937725082,0.8548467109832325,0.7894295003371973,193.79570293426517,5e-05,5e-05,50.9,9.32,11.0,1.18,38.0,16.3,0.431578947368421,0.7477203647416414,0.5472747497219131,0.8660333462582396,0.8743394010569583,0.8701665530339924,0.921278254091972,0.8335684062059239,0.875231395779341,0.886897001303781,0.8442444927086565,0.8650453028135431,full,lstm,256,44,yolo_sppf_full_lstm256_seed44,<RUN_ROOT>\outputs\controlled_comparison_runs\run_20260528_205727\neural_eval\yolo_sppf_full_lstm256_seed44,<RUN_ROOT>\outputs\controlled_comparison_runs\run_20260528_205727\neural_training\yolo_sppf_full_lstm256_seed44
6,0.4068897950979749,0.8527481140393848,0.3737230876604804,0.8662565730727255,0.8181819595220676,194.1421480178833,5e-05,5e-05,51.0,9.21,10.0,1.18,38.0,15.8,0.6858108108108109,0.6170212765957447,0.6496000000000001,0.8729571984435798,0.8782540614601684,0.8755976192799297,0.8833097595473833,0.8808180535966149,0.8820621468926555,0.8646639826571694,0.8662736580825318,0.865468071915685,full,lstm,256,44,yolo_sppf_full_lstm256_seed44,<RUN_ROOT>\outputs\controlled_comparison_runs\run_20260528_205727\neural_eval\yolo_sppf_full_lstm256_seed44,<RUN_ROOT>\outputs\controlled_comparison_runs\run_20260528_205727\neural_training\yolo_sppf_full_lstm256_seed44
7,0.3961807719860985,0.8590183207602625,0.377157565327509,0.8623871415815061,0.8159626109839124,193.4934597015381,5e-05,5e-05,50.8,9.19,10.0,1.18,39.0,15.6,0.576271186440678,0.723404255319149,0.6415094339622641,0.880623875224955,0.8620082207868467,0.8712166172106824,0.897196261682243,0.8801128349788434,0.8885724457102171,0.8558338423946243,0.869376357430965,0.8625519470524858,full,lstm,256,44,yolo_sppf_full_lstm256_seed44,<RUN_ROOT>\outputs\controlled_comparison_runs\run_20260528_205727\neural_eval\yolo_sppf_full_lstm256_seed44,<RUN_ROOT>\outputs\controlled_comparison_runs\run_20260528_205727\neural_training\yolo_sppf_full_lstm256_seed44
8,0.3801105360100542,0.866121289311257,0.4159648837883853,0.8565333862486357,0.7985961766348204,193.88926482200625,5e-05,5e-05,50.8,9.17,10.0,1.18,39.0,16.7,0.7164179104477612,0.5835866261398176,0.6432160804020101,0.8208491542975492,0.9309062438833432,0.8724204347427313,0.9481621112158342,0.7094499294781382,0.8116175877369907,0.9062922868741544,0.8312131554452373,0.8671306036575498,full,lstm,256,44,yolo_sppf_full_lstm256_seed44,<RUN_ROOT>\outputs\controlled_comparison_runs\run_20260528_205727\neural_eval\yolo_sppf_full_lstm256_seed44,<RUN_ROOT>\outputs\controlled_comparison_runs\run_20260528_205727\neural_training\yolo_sppf_full_lstm256_seed44
9,0.3689220622926366,0.8702850984618399,0.3981068528778407,0.8604028177398552,0.8074459153485616,193.7765626907349,5e-05,5e-05,50.9,9.17,10.0,1.18,39.0,15.5,0.5141129032258065,0.7750759878419453,0.6181818181818183,0.8874898456539398,0.8553532981013897,0.8711252865543706,0.8426966292134831,0.8991537376586742,0.8700102354145343,0.8811188811188811,0.8600682593856656,0.8704663212435233,full,lstm,256,44,yolo_sppf_full_lstm256_seed44,<RUN_ROOT>\outputs\controlled_comparison_runs\run_20260528_205727\neural_eval\yolo_sppf_full_lstm256_seed44,<RUN_ROOT>\outputs\controlled_comparison_runs\run_20260528_205727\neural_training\yolo_sppf_full_lstm256_seed44
10,0.3685811418327605,0.8683256588615655,0.4771065046460116,0.8276614743526144,0.7799061692314967,193.8063566684723,5e-05,5e-05,50.9,9.18,10.0,1.18,39.0,15.8,0.5768261964735516,0.6960486322188449,0.6308539944903581,0.8616404308202155,0.8142493638676844,0.8372748314380598,0.9447047797563262,0.7108603667136812,0.8112676056338028,0.7776604172167942,0.9137449581135588,0.840228245363766,full,lstm,256,44,yolo_sppf_full_lstm256_seed44,<RUN_ROOT>\outputs\controlled_comparison_runs\run_20260528_205727\neural_eval\yolo_sppf_full_lstm256_seed44,<RUN_ROOT>\outputs\controlled_comparison_runs\run_20260528_205727\neural_training\yolo_sppf_full_lstm256_seed44
1,0.6444551187967386,0.7544822180856275,0.4063554948753869,0.8601051691636075,0.796442302513285,186.20358228683472,5e-05,5e-05,50.8,9.21,15.0,1.25,40.0,17.8,0.6304347826086957,0.5288753799392097,0.575206611570248,0.8591495823842066,0.8858876492464278,0.8723137708393564,0.9114307342922028,0.849083215796897,0.8791529755385177,0.8602986932171749,0.8578963698417623,0.8590958521050178,full,lstm,512,42,yolo_sppf_full_lstm512_seed42,<RUN_ROOT>\outputs\controlled_comparison_runs\run_20260528_205727\neural_eval\yolo_sppf_full_lstm512_seed42,<RUN_ROOT>\outputs\controlled_comparison_runs\run_20260528_205727\neural_training\yolo_sppf_full_lstm512_seed42
2,0.4767972975385413,0.8265406093857157,0.3944750551341308,0.8639746006548269,0.7978718562509193,187.7311143875122,5e-05,5e-05,50.7,9.23,15.0,1.25,40.0,16.6,0.56047197640118,0.5775075987841946,0.5688622754491018,0.852329221137912,0.9060481503229596,0.8783681214421252,0.9173680183626626,0.8455571227080395,0.88,0.8960692871419054,0.8346261247285138,0.8642570281124498,full,lstm,512,42,yolo_sppf_full_lstm512_seed42,<RUN_ROOT>\outputs\controlled_comparison_runs\run_20260528_205727\neural_eval\yolo_sppf_full_lstm512_seed42,<RUN_ROOT>\outputs\controlled_comparison_runs\run_20260528_205727\neural_training\yolo_sppf_full_lstm512_seed42
3,0.4461418870795623,0.8405016165376702,0.4469226244970092,0.8529616033336641,0.7777433246330621,188.43061900138852,5e-05,5e-05,50.8,9.23,15.0,1.25,40.0,18.0,0.7268292682926829,0.4528875379939209,0.5580524344569288,0.8188430897125043,0.9254257193188492,0.8688780667095469,0.9440366972477064,0.7256699576868829,0.8205741626794258,0.8940199335548172,0.8349363946633571,0.8634686346863468,full,lstm,512,42,yolo_sppf_full_lstm512_seed42,<RUN_ROOT>\outputs\controlled_comparison_runs\run_20260528_205727\neural_eval\yolo_sppf_full_lstm512_seed42,<RUN_ROOT>\outputs\controlled_comparison_runs\run_20260528_205727\neural_training\yolo_sppf_full_lstm512_seed42
4,0.4242130801268506,0.8463309493484863,0.4226442832767682,0.8572278995932137,0.8061553477332108,187.94056630134585,5e-05,5e-05,50.8,9.24,15.0,1.25,40.0,15.9,0.6713286713286714,0.5835866261398176,0.624390243902439,0.8670191931061496,0.8665100802505382,0.866764561918747,0.9360511590727418,0.8258110014104373,0.8774822030723117,0.829452852153667,0.884269314303444,0.8559843820393453,full,lstm,512,42,yolo_sppf_full_lstm512_seed42,<RUN_ROOT>\outputs\controlled_comparison_runs\run_20260528_205727\neural_eval\yolo_sppf_full_lstm512_seed42,<RUN_ROOT>\outputs\controlled_comparison_runs\run_20260528_205727\neural_training\yolo_sppf_full_lstm512_seed42
5,0.4009740328092163,0.8562751053198785,0.4474071135592928,0.8514733604524258,0.7805408499571233,189.26043105125427,5e-05,5e-05,50.9,9.24,16.0,1.25,40.0,16.0,0.4254237288135593,0.7629179331306991,0.5462459194776932,0.843144424131627,0.902720688980231,0.8719160601191039,0.9513513513513514,0.7447108603667136,0.8354430379746836,0.915434857339292,0.8262488364877444,0.8685583822570123,full,lstm,512,42,yolo_sppf_full_lstm512_seed42,<RUN_ROOT>\outputs\controlled_comparison_runs\run_20260528_205727\neural_eval\yolo_sppf_full_lstm512_seed42,<RUN_ROOT>\outputs\controlled_comparison_runs\run_20260528_205727\neural_training\yolo_sppf_full_lstm512_seed42
6,0.3872849726655336,0.8609287743705301,0.4051794479669456,0.8656612759202302,0.8116992781766628,189.54551935195923,5e-05,5e-05,50.8,9.25,15.0,1.25,40.0,16.9,0.4879406307977736,0.7993920972644377,0.6059907834101382,0.869648684968324,0.8866705813270699,0.8780771467338632,0.9175946547884188,0.8716502115655853,0.8940325497287522,0.903485254691689,0.8364877443375737,0.8686966328338972,full,lstm,512,42,yolo_sppf_full_lstm512_seed42,<RUN_ROOT>\outputs\controlled_comparison_runs\run_20260528_205727\neural_eval\yolo_sppf_full_lstm512_seed42,<RUN_ROOT>\outputs\controlled_comparison_runs\run_20260528_205727\neural_training\yolo_sppf_full_lstm512_seed42
7,0.3719599204879476,0.8649456255510923,0.4926712368406163,0.8126798293481496,0.7817060436584495,190.20550632476807,5e-05,5e-05,50.7,9.24,15.0,1.25,40.0,17.5,0.5460674157303371,0.7386018237082067,0.6279069767441862,0.8922606445542225,0.7424153454687806,0.8104700854700855,0.9438567941415784,0.8180535966149506,0.8764639214204759,0.7209918151179586,0.9292584548557244,0.811983190999051,full,lstm,512,42,yolo_sppf_full_lstm512_seed42,<RUN_ROOT>\outputs\controlled_comparison_runs\run_20260528_205727\neural_eval\yolo_sppf_full_lstm512_seed42,<RUN_ROOT>\outputs\controlled_comparison_runs\run_20260528_205727\neural_training\yolo_sppf_full_lstm512_seed42
8,0.3643534207135602,0.8645047516410307,0.4988021157630202,0.8371862287925389,0.7721437424982411,189.24197721481323,5e-05,5e-05,50.8,9.25,16.0,1.25,40.0,16.3,0.5145833333333333,0.7507598784194529,0.6106304079110013,0.8304082763716978,0.8798199256214524,0.8544003041246913,0.9702643171806168,0.6212976022566996,0.7575236457437662,0.8587553386211104,0.873409866583928,0.8660206122135057,full,lstm,512,42,yolo_sppf_full_lstm512_seed42,<RUN_ROOT>\outputs\controlled_comparison_runs\run_20260528_205727\neural_eval\yolo_sppf_full_lstm512_seed42,<RUN_ROOT>\outputs\controlled_comparison_runs\run_20260528_205727\neural_training\yolo_sppf_full_lstm512_seed42
9,0.3303469517428813,0.8778779269129029,0.4154318673645205,0.8541521976386546,0.805088564513127,189.65296864509585,2.5e-05,2.5e-05,50.9,9.35,16.0,1.25,40.0,16.1,0.5,0.8115501519756839,0.6187717265353417,0.8923589423277118,0.8389117244079076,0.8648103309120259,0.9169869331283628,0.8413258110014105,0.8775285031261493,0.8320255739610578,0.8883028234564071,0.8592436974789915,full,lstm,512,42,yolo_sppf_full_lstm512_seed42,<RUN_ROOT>\outputs\controlled_comparison_runs\run_20260528_205727\neural_eval\yolo_sppf_full_lstm512_seed42,<RUN_ROOT>\outputs\controlled_comparison_runs\run_20260528_205727\neural_training\yolo_sppf_full_lstm512_seed42
10,0.3240077143511662,0.8828744978936024,0.398654949737783,0.8666534378410556,0.8218104569511947,189.89037585258484,2.5e-05,2.5e-05,51.0,9.43,16.0,1.25,39.0,15.2,0.6277915632754343,0.7689969604863222,0.6912568306010928,0.8500273672687466,0.9119201409277744,0.879886685552408,0.9173622704507512,0.7750352609308886,0.8402140672782875,0.908908908908909,0.8451753025131865,0.8758842443729903,full,lstm,512,42,yolo_sppf_full_lstm512_seed42,<RUN_ROOT>\outputs\controlled_comparison_runs\run_20260528_205727\neural_eval\yolo_sppf_full_lstm512_seed42,<RUN_ROOT>\outputs\controlled_comparison_runs\run_20260528_205727\neural_training\yolo_sppf_full_lstm512_seed42
1,0.6297354881818111,0.7618301165866562,0.5333265537595643,0.7964083738466118,0.7516432164533939,186.9495420455933,5e-05,5e-05,50.8,9.31,15.0,1.25,39.0,16.4,0.5850144092219021,0.6170212765957447,0.6005917159763314,0.8975512243878061,0.7030730084165199,0.7884974207002525,0.6718204488778055,0.9499294781382228,0.787028921998247,0.774496644295302,0.89512876202296,0.8304548071387449,full,lstm,512,43,yolo_sppf_full_lstm512_seed43,<RUN_ROOT>\outputs\controlled_comparison_runs\run_20260528_205727\neural_eval\yolo_sppf_full_lstm512_seed43,<RUN_ROOT>\outputs\controlled_comparison_runs\run_20260528_205727\neural_training\yolo_sppf_full_lstm512_seed43
2,0.4756201581538984,0.8287449789360243,0.4988402185200284,0.8184343684889374,0.7706341525601916,189.2884178161621,5e-05,5e-05,50.8,9.34,15.0,1.25,39.0,16.2,0.6666666666666666,0.5167173252279635,0.5821917808219178,0.8578128330846302,0.7876296731258563,0.8212244897959184,0.9451476793248944,0.7898448519040903,0.8605455243949289,0.7434143870314083,0.9106422587651256,0.8185748152280017,full,lstm,512,43,yolo_sppf_full_lstm512_seed43,<RUN_ROOT>\outputs\controlled_comparison_runs\run_20260528_205727\neural_eval\yolo_sppf_full_lstm512_seed43,<RUN_ROOT>\outputs\controlled_comparison_runs\run_20260528_205727\neural_training\yolo_sppf_full_lstm512_seed43
3,0.4509427329046552,0.8381992750073479,0.4707065648425163,0.8444290108145649,0.7559855852497908,189.2338786125183,5e-05,5e-05,50.8,9.19,15.0,1.25,40.0,16.2,0.78125,0.3799392097264438,0.5112474437627812,0.8120980358074048,0.914464670189861,0.8602467317252807,0.965270684371808,0.6664315937940761,0.7884856070087609,0.8688421713209915,0.8591374495811356,0.8639625585023402,full,lstm,512,43,yolo_sppf_full_lstm512_seed43,<RUN_ROOT>\outputs\controlled_comparison_runs\run_20260528_205727\neural_eval\yolo_sppf_full_lstm512_seed43,<RUN_ROOT>\outputs\controlled_comparison_runs\run_20260528_205727\neural_training\yolo_sppf_full_lstm512_seed43
4,0.4157800271867725,0.8498089546389732,0.4036249679779368,0.8620894930052585,0.8030646233555325,188.8270754814148,5e-05,5e-05,50.8,9.18,16.0,1.25,40.0,17.0,0.7453703703703703,0.4893617021276595,0.5908256880733944,0.8720062819002748,0.8694460755529457,0.8707242967754582,0.9008620689655172,0.8843441466854725,0.892526690391459,0.8386141545750666,0.8786844554762644,0.8581818181818183,full,lstm,512,43,yolo_sppf_full_lstm512_seed43,<RUN_ROOT>\outputs\controlled_comparison_runs\run_20260528_205727\neural_eval\yolo_sppf_full_lstm512_seed43,<RUN_ROOT>\outputs\controlled_comparison_runs\run_20260528_205727\neural_training\yolo_sppf_full_lstm512_seed43
5,0.405126076308444,0.8529440579994122,0.4551371142242311,0.8494890366107749,0.7827050649750078,188.6118440628052,5e-05,5e-05,50.9,9.18,15.0,1.25,40.0,16.6,0.6187290969899666,0.5623100303951368,0.589171974522293,0.8344551573585592,0.8978273634762184,0.8649820856119177,0.9588516746411484,0.7066290550070522,0.8136419001218026,0.8610253242742434,0.8650325783431585,0.863024299644018,full,lstm,512,43,yolo_sppf_full_lstm512_seed43,<RUN_ROOT>\outputs\controlled_comparison_runs\run_20260528_205727\neural_eval\yolo_sppf_full_lstm512_seed43,<RUN_ROOT>\outputs\controlled_comparison_runs\run_20260528_205727\neural_training\yolo_sppf_full_lstm512_seed43
6,0.3774780900273063,0.8641128637209758,0.4087859945538055,0.8667526540331382,0.8134359019900592,190.7012882232666,5e-05,5e-05,51.5,9.35,17.0,1.25,39.0,10.9,0.6443768996960486,0.6443768996960486,0.6443768996960486,0.8476761074800291,0.9138774711293796,0.8795328247150797,0.941027801179444,0.7877291960507757,0.8575815738963531,0.8962356792144026,0.8495190816009929,0.8722523096527557,full,lstm,512,43,yolo_sppf_full_lstm512_seed43,<RUN_ROOT>\outputs\controlled_comparison_runs\run_20260528_205727\neural_eval\yolo_sppf_full_lstm512_seed43,<RUN_ROOT>\outputs\controlled_comparison_runs\run_20260528_205727\neural_training\yolo_sppf_full_lstm512_seed43
7,0.3796033313889115,0.8635740178309004,0.5070611649015475,0.8340113106458974,0.7553888486796786,190.14918756484985,5e-05,5e-05,51.0,9.35,17.0,1.25,38.0,12.9,0.5947521865889213,0.6200607902735562,0.6071428571428572,0.8051388170374203,0.9138774711293796,0.8560689402273561,0.9804432855280312,0.5303244005641748,0.6883295194508008,0.8772870662460568,0.8628606887992554,0.8700140778977006,full,lstm,512,43,yolo_sppf_full_lstm512_seed43,<RUN_ROOT>\outputs\controlled_comparison_runs\run_20260528_205727\neural_eval\yolo_sppf_full_lstm512_seed43,<RUN_ROOT>\outputs\controlled_comparison_runs\run_20260528_205727\neural_training\yolo_sppf_full_lstm512_seed43
8,0.3639636070753643,0.8690604487116684,0.4229062543840088,0.8523663061811688,0.8026579973581467,190.1886124610901,5e-05,5e-05,50.8,9.32,16.0,1.25,39.0,16.5,0.6445086705202312,0.6778115501519757,0.6607407407407407,0.8462980318650422,0.8837345860246624,0.8646112600536193,0.9423604757548032,0.7263751763046544,0.8203902827558741,0.854160363086233,0.8758920260626746,0.864889705882353,full,lstm,512,43,yolo_sppf_full_lstm512_seed43,<RUN_ROOT>\outputs\controlled_comparison_runs\run_20260528_205727\neural_eval\yolo_sppf_full_lstm512_seed43,<RUN_ROOT>\outputs\controlled_comparison_runs\run_20260528_205727\neural_training\yolo_sppf_full_lstm512_seed43
9,0.3548036725815023,0.8710688743019497,0.5067468985014352,0.8270661772001191,0.7793815527198615,189.53792595863345,5e-05,5e-05,50.8,9.3,15.0,1.25,39.0,17.0,0.6323119777158774,0.6899696048632219,0.6598837209302325,0.8399369209540706,0.8340183989038951,0.836967197014339,0.9572916666666668,0.6480959097320169,0.7729184188393607,0.7944128017358286,0.9087806391560658,0.8477568740955138,full,lstm,512,43,yolo_sppf_full_lstm512_seed43,<RUN_ROOT>\outputs\controlled_comparison_runs\run_20260528_205727\neural_eval\yolo_sppf_full_lstm512_seed43,<RUN_ROOT>\outputs\controlled_comparison_runs\run_20260528_205727\neural_training\yolo_sppf_full_lstm512_seed43
10,0.3412915492696004,0.8743019496424023,0.4016812041318709,0.8570294672090485,0.8247929015347861,190.0843255519867,5e-05,5e-05,50.8,9.31,16.0,1.25,40.0,16.3,0.7722419928825622,0.6595744680851063,0.7114754098360656,0.8765108783239323,0.8516343707183401,0.8638935768887123,0.906441717791411,0.8335684062059239,0.8684790595150624,0.8181303116147309,0.89605957182749,0.8553235598993041,full,lstm,512,43,yolo_sppf_full_lstm512_seed43,<RUN_ROOT>\outputs\controlled_comparison_runs\run_20260528_205727\neural_eval\yolo_sppf_full_lstm512_seed43,<RUN_ROOT>\outputs\controlled_comparison_runs\run_20260528_205727\neural_training\yolo_sppf_full_lstm512_seed43
1,0.6120852716763425,0.7710884686979523,0.4907099855801327,0.8272646095842842,0.7605877618649816,186.72943830490112,5e-05,5e-05,50.9,9.33,15.0,1.25,40.0,16.3,0.4071428571428571,0.6930091185410334,0.5129358830146232,0.8646460452563837,0.815228028968487,0.839210155148096,0.9428571428571428,0.7679830747531735,0.8464827050136028,0.8051874823794756,0.8861309339125039,0.8437223042836041,full,lstm,512,44,yolo_sppf_full_lstm512_seed44,<RUN_ROOT>\outputs\controlled_comparison_runs\run_20260528_205727\neural_eval\yolo_sppf_full_lstm512_seed44,<RUN_ROOT>\outputs\controlled_comparison_runs\run_20260528_205727\neural_training\yolo_sppf_full_lstm512_seed44
2,0.469823355415725,0.8314392083864015,0.4542548925205621,0.8521678737970036,0.7688205874278239,189.9235353469849,5e-05,5e-05,50.7,9.17,16.0,1.25,40.0,15.9,0.7797619047619048,0.3981762917933131,0.5271629778672032,0.8083852500420946,0.9397142297905656,0.8691165821868212,0.9478098788443616,0.7172073342736248,0.8165395423524688,0.9106588478785788,0.8191126279863481,0.8624632473048023,full,lstm,512,44,yolo_sppf_full_lstm512_seed44,<RUN_ROOT>\outputs\controlled_comparison_runs\run_20260528_205727\neural_eval\yolo_sppf_full_lstm512_seed44,<RUN_ROOT>\outputs\controlled_comparison_runs\run_20260528_205727\neural_training\yolo_sppf_full_lstm512_seed44
3,0.4466115795776575,0.8397178406975605,0.3991704083570752,0.8591130072427821,0.8032701022319739,190.155131816864,5e-05,5e-05,50.7,9.19,16.0,1.25,40.0,17.9,0.5225225225225225,0.7051671732522796,0.6002587322121605,0.8652619369804756,0.8761009982384028,0.8706477339039098,0.8649386084583902,0.8942172073342737,0.8793342579750347,0.8955273698264352,0.8324542351846106,0.8628396848367904,full,lstm,512,44,yolo_sppf_full_lstm512_seed44,<RUN_ROOT>\outputs\controlled_comparison_runs\run_20260528_205727\neural_eval\yolo_sppf_full_lstm512_seed44,<RUN_ROOT>\outputs\controlled_comparison_runs\run_20260528_205727\neural_training\yolo_sppf_full_lstm512_seed44
4,0.4174938963588946,0.849221122758891,0.4175317932947701,0.8532592519099117,0.7955559589915777,189.7939341068268,5e-05,5e-05,50.7,9.18,15.0,1.25,39.0,17.9,0.658703071672355,0.5866261398176292,0.6205787781350484,0.839171098477902,0.8956743002544529,0.8665025563340276,0.942170818505338,0.7468265162200282,0.8332022029897719,0.8638205048301651,0.8600682593856656,0.8619402985074627,full,lstm,512,44,yolo_sppf_full_lstm512_seed44,<RUN_ROOT>\outputs\controlled_comparison_runs\run_20260528_205727\neural_eval\yolo_sppf_full_lstm512_seed44,<RUN_ROOT>\outputs\controlled_comparison_runs\run_20260528_205727\neural_training\yolo_sppf_full_lstm512_seed44
5,0.4023723623344564,0.8528460860193985,0.4949599021742682,0.8429407679333267,0.7760739645203898,190.22300958633423,5e-05,5e-05,50.7,9.17,16.0,1.25,39.0,16.4,0.4979508196721312,0.7386018237082067,0.5948592411260709,0.8107368780988203,0.928165981601096,0.8654864026282169,0.9602446483180428,0.6643159379407616,0.7853272196748645,0.9304599782687432,0.7970834626124729,0.8586229946524064,full,lstm,512,44,yolo_sppf_full_lstm512_seed44,<RUN_ROOT>\outputs\controlled_comparison_runs\run_20260528_205727\neural_eval\yolo_sppf_full_lstm512_seed44,<RUN_ROOT>\outputs\controlled_comparison_runs\run_20260528_205727\neural_training\yolo_sppf_full_lstm512_seed44
6,0.3888966962899487,0.8560791613598511,0.3683673224746367,0.8665542216489731,0.8196690227584664,190.3916416168213,5e-05,5e-05,50.8,9.21,16.0,1.25,39.0,15.1,0.5975,0.7264437689969605,0.6556927297668038,0.8756577665172481,0.8794284595811314,0.8775390625,0.8811387900355871,0.8730606488011283,0.8770811193765496,0.8794145720649061,0.857586099906919,0.8683631793905121,full,lstm,512,44,yolo_sppf_full_lstm512_seed44,<RUN_ROOT>\outputs\controlled_comparison_runs\run_20260528_205727\neural_eval\yolo_sppf_full_lstm512_seed44,<RUN_ROOT>\outputs\controlled_comparison_runs\run_20260528_205727\neural_training\yolo_sppf_full_lstm512_seed44
7,0.373824059958847,0.8641618497109826,0.3944483505406727,0.8527631709494989,0.8149685973176608,190.6725506782532,5e-05,5e-05,50.7,9.18,16.0,1.25,39.0,17.5,0.6109725685785536,0.7446808510638298,0.6712328767123289,0.883033684645588,0.8363671951458211,0.8590671491757138,0.9083333333333332,0.8455571227080395,0.8758217677136596,0.8178459789712986,0.8929568724790568,0.8537525956689409,full,lstm,512,44,yolo_sppf_full_lstm512_seed44,<RUN_ROOT>\outputs\controlled_comparison_runs\run_20260528_205727\neural_eval\yolo_sppf_full_lstm512_seed44,<RUN_ROOT>\outputs\controlled_comparison_runs\run_20260528_205727\neural_training\yolo_sppf_full_lstm512_seed44
8,0.3560990354142569,0.8723425100421279,0.3753187928556664,0.8741938684393293,0.8234814335963562,190.7729241847992,5e-05,5e-05,50.8,9.18,16.0,1.25,40.0,15.9,0.6366197183098592,0.6869300911854104,0.6608187134502925,0.8529782256613281,0.9277745155607752,0.8888055503468967,0.920472440944882,0.8244005641748943,0.8697916666666667,0.9237141870900932,0.8302823456407075,0.8745098039215686,full,lstm,512,44,yolo_sppf_full_lstm512_seed44,<RUN_ROOT>\outputs\controlled_comparison_runs\run_20260528_205727\neural_eval\yolo_sppf_full_lstm512_seed44,<RUN_ROOT>\outputs\controlled_comparison_runs\run_20260528_205727\neural_training\yolo_sppf_full_lstm512_seed44
9,0.3507427091689833,0.8737631037523268,0.4277425225696615,0.86020438535569,0.7930839120059053,190.59132170677185,5e-05,5e-05,50.8,9.19,16.0,1.25,40.0,16.3,0.4128166915052161,0.8419452887537994,0.5539999999999999,0.8833531039936734,0.8745351340771188,0.8789220025572932,0.8894736842105263,0.8342736248236954,0.8609898107714702,0.9079470198675496,0.8507601613403661,0.8784238346948582,full,lstm,512,44,yolo_sppf_full_lstm512_seed44,<RUN_ROOT>\outputs\controlled_comparison_runs\run_20260528_205727\neural_eval\yolo_sppf_full_lstm512_seed44,<RUN_ROOT>\outputs\controlled_comparison_runs\run_20260528_205727\neural_training\yolo_sppf_full_lstm512_seed44
10,0.3453369136172752,0.8760654452826492,0.4625740557415632,0.8423454707808314,0.7927241309483138,189.5697131156921,5e-05,5e-05,50.9,9.19,15.0,1.25,40.0,16.5,0.5827338129496403,0.7386018237082067,0.6514745308310992,0.856243854473943,0.8522215697788217,0.8542279772415146,0.9390815370196812,0.7066290550070522,0.8064386317907444,0.8236467236467236,0.8969903816320198,0.8587553839298976,full,lstm,512,44,yolo_sppf_full_lstm512_seed44,<RUN_ROOT>\outputs\controlled_comparison_runs\run_20260528_205727\neural_eval\yolo_sppf_full_lstm512_seed44,<RUN_ROOT>\outputs\controlled_comparison_runs\run_20260528_205727\neural_training\yolo_sppf_full_lstm512_seed44
1,0.6240343679746957,0.766042911727246,0.4040805879850975,0.8627840063498363,0.7954139720544119,194.10703802108765,5e-05,5e-05,50.7,9.21,29.0,1.4,43.0,19.9,0.59,0.5379939209726444,0.5627980922098569,0.8526043590690802,0.903503621060873,0.8773163546517152,0.8964259664478483,0.8667136812411848,0.8813194693438509,0.8931195724782899,0.8296618057710208,0.8602219720122246,full,lstm,896,42,yolo_sppf_full_lstm896_seed42,<RUN_ROOT>\outputs\controlled_comparison_runs\run_20260528_205727\neural_eval\yolo_sppf_full_lstm896_seed42,<RUN_ROOT>\outputs\controlled_comparison_runs\run_20260528_205727\neural_training\yolo_sppf_full_lstm896_seed42
2,0.4721143913388159,0.8304594885862643,0.3965931971418848,0.8636769520785792,0.7987523673117463,194.96808767318728,5e-05,5e-05,50.5,9.24,30.0,1.4,45.0,19.8,0.5190839694656488,0.6200607902735562,0.5650969529085872,0.8539970392301999,0.9033078880407124,0.8779606201845335,0.9232522796352584,0.8568406205923836,0.888807607900512,0.9005394470667566,0.8287309959664908,0.8631442882533527,full,lstm,896,42,yolo_sppf_full_lstm896_seed42,<RUN_ROOT>\outputs\controlled_comparison_runs\run_20260528_205727\neural_eval\yolo_sppf_full_lstm896_seed42,<RUN_ROOT>\outputs\controlled_comparison_runs\run_20260528_205727\neural_training\yolo_sppf_full_lstm896_seed42
3,0.4324603185443015,0.845743117468404,0.5215249504596512,0.8323246353804941,0.7524398579528915,195.8663296699524,5e-05,5e-05,50.8,9.25,30.0,1.4,46.0,20.4,0.6626506024096386,0.5015197568389058,0.5709342560553634,0.8005875237601521,0.9068310824036014,0.8504038179148311,0.9648711943793912,0.5811001410437235,0.7253521126760563,0.8676701160238319,0.858516909711449,0.863069245165315,full,lstm,896,42,yolo_sppf_full_lstm896_seed42,<RUN_ROOT>\outputs\controlled_comparison_runs\run_20260528_205727\neural_eval\yolo_sppf_full_lstm896_seed42,<RUN_ROOT>\outputs\controlled_comparison_runs\run_20260528_205727\neural_training\yolo_sppf_full_lstm896_seed42
4,0.4129935705138014,0.8488782208288429,0.4459533897171255,0.8537553328703245,0.7965297756957812,195.364559173584,5e-05,5e-05,50.7,9.34,30.0,1.4,46.0,20.0,0.5672043010752689,0.6413373860182371,0.6019971469329529,0.8594865856012353,0.8715991387747113,0.8655004859086491,0.9558441558441558,0.7785613540197461,0.8581422464049747,0.8415900326312666,0.8802358051504809,0.8604792235365484,full,lstm,896,42,yolo_sppf_full_lstm896_seed42,<RUN_ROOT>\outputs\controlled_comparison_runs\run_20260528_205727\neural_eval\yolo_sppf_full_lstm896_seed42,<RUN_ROOT>\outputs\controlled_comparison_runs\run_20260528_205727\neural_training\yolo_sppf_full_lstm896_seed42
5,0.3894313989034897,0.8596061526403449,0.4725925684296748,0.8475047127691239,0.7751670373136397,195.92220187187195,5e-05,5e-05,50.8,9.37,27.0,1.4,47.0,19.8,0.40625,0.790273556231003,0.5366357069143447,0.8317590447335591,0.9134860050890584,0.8707089552238806,0.9671361502347418,0.7263751763046544,0.8296415626258558,0.935577271082157,0.8020477815699659,0.8636819244904778,full,lstm,896,42,yolo_sppf_full_lstm896_seed42,<RUN_ROOT>\outputs\controlled_comparison_runs\run_20260528_205727\neural_eval\yolo_sppf_full_lstm896_seed42,<RUN_ROOT>\outputs\controlled_comparison_runs\run_20260528_205727\neural_training\yolo_sppf_full_lstm896_seed42
6,0.3794168056292477,0.8629371999608112,0.445490094696057,0.8584184938982042,0.7963411351392076,195.54110860824585,5e-05,5e-05,50.8,9.34,30.0,1.4,47.0,20.2,0.4090247452692867,0.8541033434650456,0.5531496062992125,0.8705790905557714,0.8768839303190448,0.8737201365187712,0.9180451127819548,0.8610719322990127,0.888646288209607,0.9156378600823044,0.8284207260316475,0.8698485095292394,full,lstm,896,42,yolo_sppf_full_lstm896_seed42,<RUN_ROOT>\outputs\controlled_comparison_runs\run_20260528_205727\neural_eval\yolo_sppf_full_lstm896_seed42,<RUN_ROOT>\outputs\controlled_comparison_runs\run_20260528_205727\neural_training\yolo_sppf_full_lstm896_seed42
7,0.3567078474421509,0.8706769863818947,0.4892983991771914,0.8132751265006449,0.7784193299908055,195.29375529289248,5e-05,5e-05,50.7,9.34,30.0,1.4,48.0,20.3,0.4952561669829222,0.7933130699088146,0.6098130841121495,0.8982406086543033,0.7394793501663731,0.8111647879763823,0.9415584415584416,0.8180535966149506,0.8754716981132076,0.7287311618862421,0.9301892646602544,0.8172277497614828,full,lstm,896,42,yolo_sppf_full_lstm896_seed42,<RUN_ROOT>\outputs\controlled_comparison_runs\run_20260528_205727\neural_eval\yolo_sppf_full_lstm896_seed42,<RUN_ROOT>\outputs\controlled_comparison_runs\run_20260528_205727\neural_training\yolo_sppf_full_lstm896_seed42
8,0.3538410749233862,0.8714607622220045,0.5046547337803372,0.8351026887588054,0.7654920622582273,196.0203576087952,5e-05,5e-05,50.7,9.17,30.0,1.4,48.0,20.5,0.4696428571428571,0.7993920972644377,0.591676040494938,0.839141081182897,0.8719906048150323,0.8552505279324247,0.9633333333333334,0.6114245416078985,0.7480586712683348,0.8555891238670695,0.8786844554762644,0.8669830093372112,full,lstm,896,42,yolo_sppf_full_lstm896_seed42,<RUN_ROOT>\outputs\controlled_comparison_runs\run_20260528_205727\neural_eval\yolo_sppf_full_lstm896_seed42,<RUN_ROOT>\outputs\controlled_comparison_runs\run_20260528_205727\neural_training\yolo_sppf_full_lstm896_seed42
9,0.3129657540035355,0.8824336239835407,0.4949065597216499,0.8431392003174918,0.7738638729960938,195.94067096710205,2.5e-05,2.5e-05,50.9,9.21,27.0,1.4,48.0,19.7,0.3786666666666666,0.8632218844984803,0.5264133456904541,0.8823529411764706,0.8426306517909571,0.8620344413295956,0.9558160504959424,0.7475317348377997,0.8389394538979027,0.8527387009877282,0.8839590443686007,0.8680682510664228,full,lstm,896,42,yolo_sppf_full_lstm896_seed42,<RUN_ROOT>\outputs\controlled_comparison_runs\run_20260528_205727\neural_eval\yolo_sppf_full_lstm896_seed42,<RUN_ROOT>\outputs\controlled_comparison_runs\run_20260528_205727\neural_training\yolo_sppf_full_lstm896_seed42
10,0.3134754867998001,0.8863035171940825,0.4014382703069483,0.8677448159539637,0.8254273307945642,195.61605858802795,2.5e-05,2.5e-05,50.8,9.19,27.0,1.4,48.0,20.3,0.6454767726161369,0.8024316109422492,0.7154471544715447,0.8599888288959225,0.9040908201213544,0.8814885496183206,0.8970099667774086,0.7616361071932299,0.8237986270022883,0.8991922455573506,0.863481228668942,0.8809749920861032,full,lstm,896,42,yolo_sppf_full_lstm896_seed42,<RUN_ROOT>\outputs\controlled_comparison_runs\run_20260528_205727\neural_eval\yolo_sppf_full_lstm896_seed42,<RUN_ROOT>\outputs\controlled_comparison_runs\run_20260528_205727\neural_training\yolo_sppf_full_lstm896_seed42
1,0.6133846221228939,0.7676104634074654,0.5529632473691544,0.7696200019843238,0.7148031012067603,193.1501777172089,5e-05,5e-05,50.8,9.21,27.0,1.4,47.0,20.6,0.3324641460234681,0.7750759878419453,0.4653284671532847,0.9094182825484765,0.642591505186925,0.7530680123867416,0.7682198327359617,0.9069111424541608,0.8318240620957309,0.7281529294935452,0.910021718895439,0.808991863191284,full,lstm,896,43,yolo_sppf_full_lstm896_seed43,<RUN_ROOT>\outputs\controlled_comparison_runs\run_20260528_205727\neural_eval\yolo_sppf_full_lstm896_seed43,<RUN_ROOT>\outputs\controlled_comparison_runs\run_20260528_205727\neural_training\yolo_sppf_full_lstm896_seed43
2,0.4735172136940739,0.8286959929460175,0.4252869871773919,0.8495882528028574,0.7919159298156917,194.78990507125852,5e-05,5e-05,50.4,9.24,28.0,1.4,47.0,20.5,0.6505576208178439,0.5319148936170213,0.5852842809364549,0.8585957363583023,0.8592679585045997,0.8589317159068675,0.9126436781609196,0.8399153737658674,0.8747704737421961,0.8275353773584906,0.8709277071051815,0.8486772486772487,full,lstm,896,43,yolo_sppf_full_lstm896_seed43,<RUN_ROOT>\outputs\controlled_comparison_runs\run_20260528_205727\neural_eval\yolo_sppf_full_lstm896_seed43,<RUN_ROOT>\outputs\controlled_comparison_runs\run_20260528_205727\neural_training\yolo_sppf_full_lstm896_seed43
3,0.4458439053856654,0.8397178406975605,0.4278202504326131,0.8573271157852962,0.7876534387746265,194.74874091148376,5e-05,5e-05,50.7,9.23,30.0,1.4,47.0,20.1,0.7345971563981043,0.4711246200607902,0.5740740740740741,0.8234375,0.9283617146212566,0.8727573833839359,0.9401041666666666,0.7637517630465445,0.8428015564202335,0.8998646820027063,0.8253180266832144,0.8609807412202621,full,lstm,896,43,yolo_sppf_full_lstm896_seed43,<RUN_ROOT>\outputs\controlled_comparison_runs\run_20260528_205727\neural_eval\yolo_sppf_full_lstm896_seed43,<RUN_ROOT>\outputs\controlled_comparison_runs\run_20260528_205727\neural_training\yolo_sppf_full_lstm896_seed43
4,0.4108033126955823,0.8487802488488292,0.3751302922377363,0.8638753844627444,0.8091408992570286,194.7670781612396,5e-05,5e-05,50.7,9.24,27.0,1.4,48.0,20.9,0.6826568265682657,0.5623100303951368,0.6166666666666667,0.8701652089407191,0.8762967312585633,0.8732202067485859,0.8613529805760214,0.9069111424541608,0.8835451734799038,0.8703470031545741,0.8560347502327025,0.863131550132958,full,lstm,896,43,yolo_sppf_full_lstm896_seed43,<RUN_ROOT>\outputs\controlled_comparison_runs\run_20260528_205727\neural_eval\yolo_sppf_full_lstm896_seed43,<RUN_ROOT>\outputs\controlled_comparison_runs\run_20260528_205727\neural_training\yolo_sppf_full_lstm896_seed43
5,0.3966511825455767,0.8553933574997551,0.3942628596312484,0.8611965472765155,0.8088327822103276,195.55867052078247,5e-05,5e-05,50.7,9.24,29.0,1.4,48.0,19.8,0.5826771653543307,0.6747720364741642,0.6253521126760563,0.8703091580789423,0.8761009982384028,0.8731954740538432,0.9265402843601896,0.8272214386459803,0.8740685543964233,0.854058984493767,0.8715482469748681,0.8627149877149878,full,lstm,896,43,yolo_sppf_full_lstm896_seed43,<RUN_ROOT>\outputs\controlled_comparison_runs\run_20260528_205727\neural_eval\yolo_sppf_full_lstm896_seed43,<RUN_ROOT>\outputs\controlled_comparison_runs\run_20260528_205727\neural_training\yolo_sppf_full_lstm896_seed43
6,0.3748978196751314,0.8646027236210444,0.3900981787896146,0.8732017065185038,0.8269009584304664,194.87288665771484,5e-05,5e-05,50.7,9.24,30.0,1.4,48.0,20.4,0.6194225721784777,0.7173252279635258,0.6647887323943661,0.861455825152806,0.9103542767664904,0.8852303007232585,0.932348367029549,0.8455571227080395,0.8868343195266273,0.9010952538997676,0.8423828730995967,0.8707504810776138,full,lstm,896,43,yolo_sppf_full_lstm896_seed43,<RUN_ROOT>\outputs\controlled_comparison_runs\run_20260528_205727\neural_eval\yolo_sppf_full_lstm896_seed43,<RUN_ROOT>\outputs\controlled_comparison_runs\run_20260528_205727\neural_training\yolo_sppf_full_lstm896_seed43
7,0.3670814717363648,0.8681297149015381,0.3804277118602176,0.8670503026093859,0.8164971325175575,194.70233273506165,5e-05,5e-05,50.7,9.25,29.0,1.4,48.0,20.5,0.6270718232044199,0.6899696048632219,0.6570188133140376,0.8619395985743763,0.8993932276375024,0.8802681992337164,0.9254098360655738,0.7961918194640338,0.8559514783927217,0.8806064434617814,0.8650325783431585,0.8727500391297544,full,lstm,896,43,yolo_sppf_full_lstm896_seed43,<RUN_ROOT>\outputs\controlled_comparison_runs\run_20260528_205727\neural_eval\yolo_sppf_full_lstm896_seed43,<RUN_ROOT>\outputs\controlled_comparison_runs\run_20260528_205727\neural_training\yolo_sppf_full_lstm896_seed43
8,0.356486060385093,0.8702361124718331,0.3799927857222168,0.8672487349935509,0.8281378056341211,194.711211681366,5e-05,5e-05,50.7,9.25,30.0,1.4,48.0,20.0,0.7785714285714286,0.662613981762918,0.715927750410509,0.8517972350230415,0.9044822861616756,0.8773495348395672,0.9297800338409477,0.7750352609308886,0.8453846153846154,0.8781328320802005,0.8696866273658083,0.8738893219017927,full,lstm,896,43,yolo_sppf_full_lstm896_seed43,<RUN_ROOT>\outputs\controlled_comparison_runs\run_20260528_205727\neural_eval\yolo_sppf_full_lstm896_seed43,<RUN_ROOT>\outputs\controlled_comparison_runs\run_20260528_205727\neural_training\yolo_sppf_full_lstm896_seed43
9,0.3448447063871802,0.8737631037523268,0.4199046659416386,0.8534576842940768,0.8121970067880658,194.8320713043213,5e-05,5e-05,50.8,9.23,30.0,1.4,48.0,20.8,0.6033254156769596,0.7720364741641338,0.6773333333333333,0.8719695451813264,0.8518301037385007,0.8617821782178218,0.9247491638795988,0.7799717912552891,0.8462127008416221,0.832613079804091,0.8966801116971765,0.8634598147594862,full,lstm,896,43,yolo_sppf_full_lstm896_seed43,<RUN_ROOT>\outputs\controlled_comparison_runs\run_20260528_205727\neural_eval\yolo_sppf_full_lstm896_seed43,<RUN_ROOT>\outputs\controlled_comparison_runs\run_20260528_205727\neural_training\yolo_sppf_full_lstm896_seed43
10,0.3307100061128692,0.87542862741256,0.4264151884699083,0.8459172536958032,0.8019705405052113,195.02201390266416,5e-05,5e-05,50.7,9.24,30.0,1.4,48.0,21.1,0.6402116402116402,0.7355623100303952,0.6845827439886846,0.8525765207283998,0.8614210217263653,0.8569759517086945,0.9201451905626136,0.7150916784203103,0.8047619047619047,0.8347395984870527,0.8901644430654669,0.8615615615615616,full,lstm,896,43,yolo_sppf_full_lstm896_seed43,<RUN_ROOT>\outputs\controlled_comparison_runs\run_20260528_205727\neural_eval\yolo_sppf_full_lstm896_seed43,<RUN_ROOT>\outputs\controlled_comparison_runs\run_20260528_205727\neural_training\yolo_sppf_full_lstm896_seed43
1,0.5965350168847645,0.78157147055942,0.5358740621331399,0.8058339120944538,0.7283837183403079,193.5157346725464,5e-05,5e-05,50.8,9.21,30.0,1.4,47.0,21.1,0.3048933500627352,0.7386018237082067,0.4316163410301954,0.8719859710653223,0.7786259541984732,0.8226657015820494,0.944954128440367,0.7263751763046544,0.8213716108452952,0.7909090909090909,0.8907849829351536,0.8378812199036918,full,lstm,896,44,yolo_sppf_full_lstm896_seed44,<RUN_ROOT>\outputs\controlled_comparison_runs\run_20260528_205727\neural_eval\yolo_sppf_full_lstm896_seed44,<RUN_ROOT>\outputs\controlled_comparison_runs\run_20260528_205727\neural_training\yolo_sppf_full_lstm896_seed44
2,0.467886529565091,0.8293328108161065,0.4341600153264441,0.8570294672090485,0.7862824497162428,195.466096162796,5e-05,5e-05,50.2,9.35,29.0,1.4,47.0,20.6,0.6470588235294118,0.5015197568389058,0.5650684931506851,0.8262771168649405,0.9244470542180466,0.872609699769053,0.9342442356959864,0.771509167842031,0.8451139436075706,0.9043241402791964,0.8240769469438411,0.8623376623376624,full,lstm,896,44,yolo_sppf_full_lstm896_seed44,<RUN_ROOT>\outputs\controlled_comparison_runs\run_20260528_205727\neural_eval\yolo_sppf_full_lstm896_seed44,<RUN_ROOT>\outputs\controlled_comparison_runs\run_20260528_205727\neural_training\yolo_sppf_full_lstm896_seed44
3,0.4412747318199529,0.8399137846575879,0.4376945494901433,0.8500843337632702,0.7833845957773551,196.00735330581665,5e-05,5e-05,50.6,9.18,30.0,1.4,47.0,20.2,0.432780847145488,0.7142857142857143,0.5389908256880733,0.860279828993393,0.8665100802505382,0.8633837152608483,0.931174089068826,0.8110014104372355,0.8669430833019224,0.8735340729001585,0.8551039404281725,0.8642207588585764,full,lstm,896,44,yolo_sppf_full_lstm896_seed44,<RUN_ROOT>\outputs\controlled_comparison_runs\run_20260528_205727\neural_eval\yolo_sppf_full_lstm896_seed44,<RUN_ROOT>\outputs\controlled_comparison_runs\run_20260528_205727\neural_training\yolo_sppf_full_lstm896_seed44
4,0.4113109437456839,0.8506417164690898,0.5676626653800393,0.7849985117571188,0.7431214622424779,195.3688478469849,5e-05,5e-05,50.8,9.19,30.0,1.4,47.0,20.4,0.7120622568093385,0.5562310030395137,0.6245733788395905,0.8211624441132638,0.7549422587590526,0.7866612278197023,0.9599133261105092,0.6248236953455572,0.7569414780008543,0.7106139933365064,0.9264660254421346,0.8043097643097644,full,lstm,896,44,yolo_sppf_full_lstm896_seed44,<RUN_ROOT>\outputs\controlled_comparison_runs\run_20260528_205727\neural_eval\yolo_sppf_full_lstm896_seed44,<RUN_ROOT>\outputs\controlled_comparison_runs\run_20260528_205727\neural_training\yolo_sppf_full_lstm896_seed44
5,0.3933393084458703,0.8568629371999608,0.4746303308707115,0.847703145153289,0.7829257772285038,196.01775670051572,5e-05,5e-05,50.7,9.18,29.0,1.4,48.0,20.6,0.5083682008368201,0.7386018237082067,0.6022304832713755,0.8149606299212598,0.9318849089841456,0.8695096338233951,0.9679358717434868,0.6812411847672779,0.7996688741721855,0.9322709163346612,0.7986348122866894,0.8602941176470588,full,lstm,896,44,yolo_sppf_full_lstm896_seed44,<RUN_ROOT>\outputs\controlled_comparison_runs\run_20260528_205727\neural_eval\yolo_sppf_full_lstm896_seed44,<RUN_ROOT>\outputs\controlled_comparison_runs\run_20260528_205727\neural_training\yolo_sppf_full_lstm896_seed44
6,0.3739282914603765,0.860242970510434,0.3949484842354506,0.8559380890961404,0.8013562195518953,195.8134174346924,5e-05,5e-05,50.8,9.18,28.0,1.4,48.0,20.0,0.5452488687782805,0.7325227963525835,0.6251621271076523,0.8701960784313726,0.8686631434723038,0.869428935253208,0.9266441821247892,0.7750352609308886,0.8440860215053763,0.8501939719486721,0.8839590443686007,0.8667477943413446,full,lstm,896,44,yolo_sppf_full_lstm896_seed44,<RUN_ROOT>\outputs\controlled_comparison_runs\run_20260528_205727\neural_eval\yolo_sppf_full_lstm896_seed44,<RUN_ROOT>\outputs\controlled_comparison_runs\run_20260528_205727\neural_training\yolo_sppf_full_lstm896_seed44
7,0.3610233040365936,0.867149995101401,0.3975472481302281,0.8607996825081853,0.8082999619545291,196.0536835193634,5e-05,5e-05,50.6,9.19,27.0,1.4,48.0,20.3,0.5584988962472406,0.7689969604863222,0.6470588235294118,0.8628832603313654,0.8868663143472304,0.8747104247104247,0.9191238416175233,0.7693935119887165,0.8376199616122841,0.8786072772898369,0.8690660874961216,0.8738106379659958,full,lstm,896,44,yolo_sppf_full_lstm896_seed44,<RUN_ROOT>\outputs\controlled_comparison_runs\run_20260528_205727\neural_eval\yolo_sppf_full_lstm896_seed44,<RUN_ROOT>\outputs\controlled_comparison_runs\run_20260528_205727\neural_training\yolo_sppf_full_lstm896_seed44
8,0.3424746035634712,0.8771431370628,0.4018198879093804,0.8688361940668717,0.8128658103197466,195.85282278060916,5e-05,5e-05,50.7,9.18,28.0,1.4,49.0,20.2,0.6036269430051814,0.7082066869300911,0.6517482517482518,0.8402948402948403,0.9371697005284793,0.8860923475525122,0.9506283662477558,0.7468265162200282,0.8364928909952607,0.92919125303714,0.8305926155755508,0.8771297509829619,full,lstm,896,44,yolo_sppf_full_lstm896_seed44,<RUN_ROOT>\outputs\controlled_comparison_runs\run_20260528_205727\neural_eval\yolo_sppf_full_lstm896_seed44,<RUN_ROOT>\outputs\controlled_comparison_runs\run_20260528_205727\neural_training\yolo_sppf_full_lstm896_seed44
9,0.3356432091403857,0.8768002351327521,0.4249340809046453,0.8591130072427821,0.7903656936761934,195.88910627365112,5e-05,5e-05,50.7,9.19,28.0,1.4,48.0,20.7,0.4040114613180516,0.8571428571428571,0.5491723466407011,0.8787700744222483,0.8782540614601684,0.8785119921683798,0.912379421221865,0.8004231311706629,0.8527422990232908,0.908940943582976,0.8547936704933292,0.8810361368724017,full,lstm,896,44,yolo_sppf_full_lstm896_seed44,<RUN_ROOT>\outputs\controlled_comparison_runs\run_20260528_205727\neural_eval\yolo_sppf_full_lstm896_seed44,<RUN_ROOT>\outputs\controlled_comparison_runs\run_20260528_205727\neural_training\yolo_sppf_full_lstm896_seed44
10,0.3269050592048602,0.8791025766630743,0.4537180229666225,0.8341105268379799,0.7902526469295605,196.0256500244141,5e-05,5e-05,50.7,9.2,29.0,1.4,48.0,20.3,0.5734265734265734,0.7477203647416414,0.6490765171503958,0.8680727874276262,0.8216872186337835,0.8442433383609853,0.9469350411710888,0.729901269393512,0.8243727598566308,0.7868852459016393,0.9084703692212224,0.8433179723502305,full,lstm,896,44,yolo_sppf_full_lstm896_seed44,<RUN_ROOT>\outputs\controlled_comparison_runs\run_20260528_205727\neural_eval\yolo_sppf_full_lstm896_seed44,<RUN_ROOT>\outputs\controlled_comparison_runs\run_20260528_205727\neural_training\yolo_sppf_full_lstm896_seed44
1,0.5975189355368431,0.7723621044381307,0.4228749648750564,0.8591130072427821,0.777693935184617,188.2901177406311,5e-05,5e-05,50.8,8.76,15.0,1.21,36.0,15.9,0.7344632768361582,0.3951367781155015,0.5138339920948617,0.8318021201413428,0.9215110589156392,0.8743615934627171,0.9447236180904522,0.7954866008462623,0.8637059724349158,0.8835301837270341,0.8355569345330437,0.8588741827459735,no_group_visual,attention,256,42,yolo_sppf_no_group_visual_attention256_seed42,<RUN_ROOT>\outputs\controlled_comparison_runs\run_20260528_205727\neural_eval\yolo_sppf_no_group_visual_attention256_seed42,<RUN_ROOT>\outputs\controlled_comparison_runs\run_20260528_205727\neural_training\yolo_sppf_no_group_visual_attention256_seed42
2,0.4468797537436866,0.8358969334770255,0.4321027599011792,0.854052981446572,0.7841164971877994,201.38877296447757,5e-05,5e-05,50.6,8.79,14.0,1.21,36.0,15.5,0.6098360655737705,0.5653495440729484,0.5867507886435331,0.8207205654197552,0.9318849089841456,0.8727772685609532,0.9668615984405458,0.6995768688293371,0.8117839607201309,0.9056667797760436,0.8281104560968042,0.8651539708265802,no_group_visual,attention,256,42,yolo_sppf_no_group_visual_attention256_seed42,<RUN_ROOT>\outputs\controlled_comparison_runs\run_20260528_205727\neural_eval\yolo_sppf_no_group_visual_attention256_seed42,<RUN_ROOT>\outputs\controlled_comparison_runs\run_20260528_205727\neural_training\yolo_sppf_no_group_visual_attention256_seed42
3,0.4230862492549475,0.8450083276183011,0.4573867687044503,0.8448258755828951,0.7675305264413335,202.0214388370514,5e-05,5e-05,50.8,8.61,14.0,1.21,36.0,15.9,0.7475247524752475,0.458966565349544,0.5687382297551788,0.8063637910498553,0.9275787825406148,0.862734389222647,0.962382445141066,0.6495063469675599,0.775578947368421,0.8885967794939205,0.8389699038163202,0.8630705394190871,no_group_visual,attention,256,42,yolo_sppf_no_group_visual_attention256_seed42,<RUN_ROOT>\outputs\controlled_comparison_runs\run_20260528_205727\neural_eval\yolo_sppf_no_group_visual_attention256_seed42,<RUN_ROOT>\outputs\controlled_comparison_runs\run_20260528_205727\neural_training\yolo_sppf_no_group_visual_attention256_seed42
4,0.4048728702843867,0.8509846183991379,0.4240804874196848,0.8577239805536263,0.7952491521301861,201.71461033821103,5e-05,5e-05,50.7,8.62,15.0,1.21,36.0,15.6,0.6029411764705882,0.6231003039513677,0.6128550074738416,0.8395529114836848,0.9115286748874536,0.8740615615615615,0.9615384615384616,0.7228490832157969,0.8252818035426731,0.8822776711452335,0.8557244802978592,0.8687982359426681,no_group_visual,attention,256,42,yolo_sppf_no_group_visual_attention256_seed42,<RUN_ROOT>\outputs\controlled_comparison_runs\run_20260528_205727\neural_eval\yolo_sppf_no_group_visual_attention256_seed42,<RUN_ROOT>\outputs\controlled_comparison_runs\run_20260528_205727\neural_training\yolo_sppf_no_group_visual_attention256_seed42
5,0.3892460137862584,0.858528460860194,0.4661827244239652,0.8481000099216192,0.7758160897352134,201.69399285316467,5e-05,5e-05,50.7,8.64,13.0,1.21,36.0,15.3,0.4635036496350365,0.7720364741641338,0.5792474344355758,0.8298059964726632,0.9209238598551576,0.872993784210038,0.9678089304257528,0.6572637517630465,0.7828643427131456,0.916839199447895,0.8243872168786844,0.8681587975820942,no_group_visual,attention,256,42,yolo_sppf_no_group_visual_attention256_seed42,<RUN_ROOT>\outputs\controlled_comparison_runs\run_20260528_205727\neural_eval\yolo_sppf_no_group_visual_attention256_seed42,<RUN_ROOT>\outputs\controlled_comparison_runs\run_20260528_205727\neural_training\yolo_sppf_no_group_visual_attention256_seed42
6,0.385617936492772,0.8597041246203586,0.4064857893377877,0.8680424645302113,0.8150420293387209,201.8388922214508,5e-05,5e-05,50.7,8.63,14.0,1.21,36.0,15.3,0.5382978723404256,0.7689969604863222,0.6332916145181477,0.8583564173591874,0.909767077706009,0.8833143291524135,0.9334402566158782,0.8208744710860366,0.873545966228893,0.9107567017305734,0.8327645051194539,0.8700162074554295,no_group_visual,attention,256,42,yolo_sppf_no_group_visual_attention256_seed42,<RUN_ROOT>\outputs\controlled_comparison_runs\run_20260528_205727\neural_eval\yolo_sppf_no_group_visual_attention256_seed42,<RUN_ROOT>\outputs\controlled_comparison_runs\run_20260528_205727\neural_training\yolo_sppf_no_group_visual_attention256_seed42
7,0.3671673447489271,0.866807093171353,0.4044188288304703,0.8502827661474353,0.8109281667395332,201.6236960887909,5e-05,5e-05,50.7,8.64,14.0,1.21,36.0,16.0,0.5626373626373626,0.7781155015197568,0.653061224489796,0.8914055884843353,0.8242317478958701,0.8565036102918744,0.9237875288683602,0.846262341325811,0.8833271991166729,0.8061649541793946,0.9007136208501396,0.8508206330597889,no_group_visual,attention,256,42,yolo_sppf_no_group_visual_attention256_seed42,<RUN_ROOT>\outputs\controlled_comparison_runs\run_20260528_205727\neural_eval\yolo_sppf_no_group_visual_attention256_seed42,<RUN_ROOT>\outputs\controlled_comparison_runs\run_20260528_205727\neural_training\yolo_sppf_no_group_visual_attention256_seed42
8,0.3696053070804472,0.8656314294111884,0.449478643736802,0.8475047127691239,0.7847697556407139,201.5227372646332,5e-05,5e-05,50.7,8.64,14.0,1.21,36.0,16.7,0.4798598949211909,0.8328267477203647,0.6088888888888889,0.8425240562546262,0.8911724407907614,0.8661656996100068,0.9570858283433132,0.6763046544428772,0.7925619834710744,0.8884590586718246,0.8551039404281725,0.8714624505928853,no_group_visual,attention,256,42,yolo_sppf_no_group_visual_attention256_seed42,<RUN_ROOT>\outputs\controlled_comparison_runs\run_20260528_205727\neural_eval\yolo_sppf_no_group_visual_attention256_seed42,<RUN_ROOT>\outputs\controlled_comparison_runs\run_20260528_205727\neural_training\yolo_sppf_no_group_visual_attention256_seed42
9,0.3531459829518951,0.8722935240521211,0.4154652497554216,0.8483976584978669,0.7942092613179121,201.492292881012,5e-05,5e-05,50.7,8.64,14.0,1.21,36.0,15.3,0.4287812041116006,0.8875379939209727,0.5782178217821783,0.90271444082519,0.813662164807203,0.8558781140621783,0.8495692511597084,0.9040902679830748,0.8759822343696616,0.8587088915956151,0.8749612162581446,0.8667588750576303,no_group_visual,attention,256,42,yolo_sppf_no_group_visual_attention256_seed42,<RUN_ROOT>\outputs\controlled_comparison_runs\run_20260528_205727\neural_eval\yolo_sppf_no_group_visual_attention256_seed42,<RUN_ROOT>\outputs\controlled_comparison_runs\run_20260528_205727\neural_training\yolo_sppf_no_group_visual_attention256_seed42
10,0.3536231145043755,0.8729793279122171,0.363036187482898,0.871614247445183,0.8258455076026936,201.86558389663696,5e-05,5e-05,50.7,8.64,13.0,1.21,36.0,17.2,0.5490981963927856,0.8328267477203647,0.6618357487922705,0.8764456437933693,0.8899980426697984,0.8831698552976596,0.9039881831610044,0.8631875881523272,0.8831168831168831,0.901909150757077,0.8501396214706795,0.8752595432039609,no_group_visual,attention,256,42,yolo_sppf_no_group_visual_attention256_seed42,<RUN_ROOT>\outputs\controlled_comparison_runs\run_20260528_205727\neural_eval\yolo_sppf_no_group_visual_attention256_seed42,<RUN_ROOT>\outputs\controlled_comparison_runs\run_20260528_205727\neural_training\yolo_sppf_no_group_visual_attention256_seed42
1,0.5876050605102906,0.7730968942882336,0.4106030426730516,0.8518702252207561,0.7975265916248072,188.78222584724423,5e-05,5e-05,50.7,8.65,14.0,1.21,36.0,15.8,0.5532467532467532,0.6474164133738601,0.5966386554621849,0.8853993344425957,0.8332354668232531,0.858525763839871,0.8290383406662476,0.9301833568406206,0.8767032236623462,0.8488619119878604,0.8678250077567484,0.8582387235348267,no_group_visual,attention,256,43,yolo_sppf_no_group_visual_attention256_seed43,<RUN_ROOT>\outputs\controlled_comparison_runs\run_20260528_205727\neural_eval\yolo_sppf_no_group_visual_attention256_seed43,<RUN_ROOT>\outputs\controlled_comparison_runs\run_20260528_205727\neural_training\yolo_sppf_no_group_visual_attention256_seed43
2,0.4480546766827846,0.8368276672871559,0.4043154851999134,0.8697291397956146,0.8134422523096665,202.1798026561737,5e-05,5e-05,50.6,8.68,14.0,1.21,36.0,16.5,0.7276422764227642,0.5440729483282675,0.6226086956521739,0.8415087657163095,0.9301233118027012,0.8835998512458163,0.9456,0.8335684062059239,0.8860569715142429,0.9036103542234332,0.8231461371393112,0.861503490826433,no_group_visual,attention,256,43,yolo_sppf_no_group_visual_attention256_seed43,<RUN_ROOT>\outputs\controlled_comparison_runs\run_20260528_205727\neural_eval\yolo_sppf_no_group_visual_attention256_seed43,<RUN_ROOT>\outputs\controlled_comparison_runs\run_20260528_205727\neural_training\yolo_sppf_no_group_visual_attention256_seed43
3,0.425155666350244,0.8453022435583423,0.3912624858999772,0.8690346264510368,0.8138577390040318,202.36028933525083,5e-05,5e-05,50.7,8.68,13.0,1.21,36.0,16.2,0.6234939759036144,0.6291793313069909,0.6263237518910741,0.840112695897165,0.9338422391857506,0.8845012977382276,0.9423538831064852,0.8300423131170663,0.8826396700412449,0.9237318197942532,0.8079429103319888,0.8619662363455809,no_group_visual,attention,256,43,yolo_sppf_no_group_visual_attention256_seed43,<RUN_ROOT>\outputs\controlled_comparison_runs\run_20260528_205727\neural_eval\yolo_sppf_no_group_visual_attention256_seed43,<RUN_ROOT>\outputs\controlled_comparison_runs\run_20260528_205727\neural_training\yolo_sppf_no_group_visual_attention256_seed43
4,0.3991148513697998,0.8524052121093367,0.3738489120006783,0.8696299236035321,0.8223880554548821,202.42024540901184,5e-05,5e-05,50.7,8.7,13.0,1.21,36.0,15.1,0.6698113207547169,0.6474164133738601,0.6584234930448223,0.8643045608744817,0.897631630456058,0.8806529044647142,0.8465506125080593,0.9259520451339917,0.8844728864937689,0.9135674931129476,0.8231461371393112,0.8660029378162232,no_group_visual,attention,256,43,yolo_sppf_no_group_visual_attention256_seed43,<RUN_ROOT>\outputs\controlled_comparison_runs\run_20260528_205727\neural_eval\yolo_sppf_no_group_visual_attention256_seed43,<RUN_ROOT>\outputs\controlled_comparison_runs\run_20260528_205727\neural_training\yolo_sppf_no_group_visual_attention256_seed43
5,0.3927214644808427,0.8535318898794945,0.37652964206867,0.8710189502926877,0.8159310074169746,202.0077290534973,5e-05,5e-05,50.7,8.68,14.0,1.21,36.0,15.5,0.5655339805825242,0.7082066869300911,0.6288798920377867,0.8528028933092224,0.9230769230769232,0.8865494877338096,0.931908155186065,0.8300423131170663,0.8780305856023872,0.9231036882393876,0.8231461371393112,0.870264064293915,no_group_visual,attention,256,43,yolo_sppf_no_group_visual_attention256_seed43,<RUN_ROOT>\outputs\controlled_comparison_runs\run_20260528_205727\neural_eval\yolo_sppf_no_group_visual_attention256_seed43,<RUN_ROOT>\outputs\controlled_comparison_runs\run_20260528_205727\neural_training\yolo_sppf_no_group_visual_attention256_seed43
6,0.3830785274047252,0.8620554521406878,0.3791114057426245,0.8748883817839072,0.8256515193559782,202.2658791542053,5e-05,5e-05,50.7,8.67,15.0,1.21,36.0,15.2,0.5668202764976958,0.7477203647416414,0.6448230668414154,0.8731272520386877,0.9011548248189468,0.8869196686572914,0.9157509157509156,0.8815232722143864,0.8983111749910168,0.9038909211839042,0.8433136829041266,0.8725521669341895,no_group_visual,attention,256,43,yolo_sppf_no_group_visual_attention256_seed43,<RUN_ROOT>\outputs\controlled_comparison_runs\run_20260528_205727\neural_eval\yolo_sppf_no_group_visual_attention256_seed43,<RUN_ROOT>\outputs\controlled_comparison_runs\run_20260528_205727\neural_training\yolo_sppf_no_group_visual_attention256_seed43
7,0.3782068563560987,0.8642108357009896,0.4013204279588535,0.8672487349935509,0.8108492955197486,202.4472198486328,5e-05,5e-05,50.7,8.69,14.0,1.21,36.0,15.3,0.5149105367793241,0.7872340425531915,0.6225961538461539,0.8542502736227654,0.9166177334116266,0.88433575677462,0.941029900332226,0.7990126939351199,0.864225781845919,0.9224913494809688,0.8271796462922743,0.8722394896123017,no_group_visual,attention,256,43,yolo_sppf_no_group_visual_attention256_seed43,<RUN_ROOT>\outputs\controlled_comparison_runs\run_20260528_205727\neural_eval\yolo_sppf_no_group_visual_attention256_seed43,<RUN_ROOT>\outputs\controlled_comparison_runs\run_20260528_205727\neural_training\yolo_sppf_no_group_visual_attention256_seed43
8,0.3745487177872966,0.8656804154011952,0.3724497714149211,0.872507193173926,0.8235326812070217,202.24793601036072,5e-05,5e-05,50.8,8.69,14.0,1.21,36.0,15.5,0.5634743875278396,0.7689969604863222,0.6503856041131104,0.8656325920388712,0.906635349383441,0.8856596558317399,0.9321901792673422,0.843441466854725,0.8855979266938171,0.9055407209612816,0.84176233322991,0.8724875381894196,no_group_visual,attention,256,43,yolo_sppf_no_group_visual_attention256_seed43,<RUN_ROOT>\outputs\controlled_comparison_runs\run_20260528_205727\neural_eval\yolo_sppf_no_group_visual_attention256_seed43,<RUN_ROOT>\outputs\controlled_comparison_runs\run_20260528_205727\neural_training\yolo_sppf_no_group_visual_attention256_seed43
9,0.359056520131256,0.8670520231213873,0.4104416607442083,0.8594106558190296,0.8084839279179622,202.53394389152527,5e-05,5e-05,50.8,8.77,13.0,1.21,36.0,15.5,0.5085066162570888,0.817629179331307,0.6270396270396269,0.8767584703784427,0.8661186142102173,0.8714060653800709,0.934092758340114,0.8095909732016925,0.8673970532678504,0.8613317043372022,0.8749612162581446,0.8680929659843005,no_group_visual,attention,256,43,yolo_sppf_no_group_visual_attention256_seed43,<RUN_ROOT>\outputs\controlled_comparison_runs\run_20260528_205727\neural_eval\yolo_sppf_no_group_visual_attention256_seed43,<RUN_ROOT>\outputs\controlled_comparison_runs\run_20260528_205727\neural_training\yolo_sppf_no_group_visual_attention256_seed43
10,0.3507821684919274,0.8690604487116684,0.3749535173467833,0.871415815061018,0.8290388134739791,233.4359736442566,5e-05,5e-05,49.0,8.91,5.0,1.21,36.0,14.1,0.6028368794326241,0.7750759878419453,0.6781914893617021,0.8825371965544244,0.8823644548835389,0.8824508172653421,0.9341176470588236,0.8399153737658674,0.8845154103230597,0.8643446379468378,0.8777536456717344,0.8709975369458128,no_group_visual,attention,256,43,yolo_sppf_no_group_visual_attention256_seed43,<RUN_ROOT>\outputs\controlled_comparison_runs\run_20260528_205727\neural_eval\yolo_sppf_no_group_visual_attention256_seed43,<RUN_ROOT>\outputs\controlled_comparison_runs\run_20260528_205727\neural_training\yolo_sppf_no_group_visual_attention256_seed43
1,0.5883874302893457,0.7775056333888508,0.4669576391613754,0.8409564440916758,0.7798135377567418,374.22404408454895,5e-05,5e-05,42.6,8.76,14.0,1.21,36.0,15.9,0.5895061728395061,0.5805471124620061,0.5849923430321593,0.8432793136320305,0.8657271481698963,0.8543558045199923,0.9509090909090908,0.7376586741889986,0.8308181096108023,0.8258064516129032,0.8737201365187713,0.8490878938640133,no_group_visual,attention,256,44,yolo_sppf_no_group_visual_attention256_seed44,<RUN_ROOT>\outputs\controlled_comparison_runs\run_20260528_205727\neural_eval\yolo_sppf_no_group_visual_attention256_seed44,<RUN_ROOT>\outputs\controlled_comparison_runs\run_20260528_205727\neural_training\yolo_sppf_no_group_visual_attention256_seed44
2,0.4534439092858178,0.8370236112471833,0.4162702493655998,0.8664550054568906,0.799984160784019,268.9812550544739,5e-05,5e-05,50.0,8.76,13.0,1.21,37.0,17.0,0.7370892018779343,0.4772036474164133,0.5793357933579336,0.821073893283959,0.9547856723429242,0.8828959276018099,0.931924882629108,0.8399153737658674,0.8835311572700296,0.9471099357763506,0.7778467266521873,0.8541737649063031,no_group_visual,attention,256,44,yolo_sppf_no_group_visual_attention256_seed44,<RUN_ROOT>\outputs\controlled_comparison_runs\run_20260528_205727\neural_eval\yolo_sppf_no_group_visual_attention256_seed44,<RUN_ROOT>\outputs\controlled_comparison_runs\run_20260528_205727\neural_training\yolo_sppf_no_group_visual_attention256_seed44
3,0.427077545540635,0.8447633976682669,0.3728823540939225,0.8708205179085227,0.8176567053110718,227.30688190460205,5e-05,5e-05,50.6,8.79,14.0,1.21,37.0,16.3,0.6144927536231884,0.6443768996960486,0.629080118694362,0.8599481289366432,0.908592679585046,0.883601408584753,0.8961593172119487,0.8885754583921015,0.8923512747875354,0.9088737201365188,0.8262488364877444,0.865594019177637,no_group_visual,attention,256,44,yolo_sppf_no_group_visual_attention256_seed44,<RUN_ROOT>\outputs\controlled_comparison_runs\run_20260528_205727\neural_eval\yolo_sppf_no_group_visual_attention256_seed44,<RUN_ROOT>\outputs\controlled_comparison_runs\run_20260528_205727\neural_training\yolo_sppf_no_group_visual_attention256_seed44
4,0.4011653414182949,0.8531889879494464,0.3920392079953296,0.8592122234348646,0.8131170633341024,211.4294536113739,5e-05,5e-05,50.6,8.76,13.0,1.21,37.0,17.0,0.5867346938775511,0.6990881458966566,0.6380027739251041,0.8847015685475657,0.8500685065570561,0.8670393292074267,0.8994938539407086,0.8772919605077574,0.888254194930382,0.8374079528718704,0.8820974247595408,0.8591719552734965,no_group_visual,attention,256,44,yolo_sppf_no_group_visual_attention256_seed44,<RUN_ROOT>\outputs\controlled_comparison_runs\run_20260528_205727\neural_eval\yolo_sppf_no_group_visual_attention256_seed44,<RUN_ROOT>\outputs\controlled_comparison_runs\run_20260528_205727\neural_training\yolo_sppf_no_group_visual_attention256_seed44
5,0.3923517917297477,0.8535318898794945,0.4059109164771461,0.8659589244964778,0.8113900030942117,205.2506108283997,5e-05,5e-05,50.7,8.78,14.0,1.21,38.0,17.1,0.51875,0.756838905775076,0.61557478368356,0.8640740041532943,0.8958700332746135,0.8796847972323659,0.8866714183891661,0.8772919605077574,0.8819567529244948,0.916867885477751,0.8246974868135277,0.8683436785364259,no_group_visual,attention,256,44,yolo_sppf_no_group_visual_attention256_seed44,<RUN_ROOT>\outputs\controlled_comparison_runs\run_20260528_205727\neural_eval\yolo_sppf_no_group_visual_attention256_seed44,<RUN_ROOT>\outputs\controlled_comparison_runs\run_20260528_205727\neural_training\yolo_sppf_no_group_visual_attention256_seed44
6,0.3832599340608127,0.861271676300578,0.3610561983417794,0.8697291397956146,0.8221423471835083,202.80400776863095,5e-05,5e-05,50.7,8.65,13.0,1.21,38.0,15.3,0.5577777777777778,0.7629179331306991,0.644415917843389,0.8817521115694362,0.8786455275004893,0.8801960784313724,0.8886569241475296,0.9005641748942173,0.8945709281961471,0.8864882296033537,0.8529320508842693,0.8693864642631246,no_group_visual,attention,256,44,yolo_sppf_no_group_visual_attention256_seed44,<RUN_ROOT>\outputs\controlled_comparison_runs\run_20260528_205727\neural_eval\yolo_sppf_no_group_visual_attention256_seed44,<RUN_ROOT>\outputs\controlled_comparison_runs\run_20260528_205727\neural_training\yolo_sppf_no_group_visual_attention256_seed44
7,0.3725815831733208,0.8640148917409621,0.3543185228936463,0.8745907332076595,0.8263535905428415,201.9253575801849,5e-05,5e-05,50.6,8.66,14.0,1.21,38.0,15.8,0.556989247311828,0.7872340425531915,0.6523929471032746,0.8708521870286576,0.9040908201213544,0.8871602804187073,0.9048656499636892,0.8787023977433004,0.8915921288014311,0.917490623934538,0.8349363946633571,0.8742690058479533,no_group_visual,attention,256,44,yolo_sppf_no_group_visual_attention256_seed44,<RUN_ROOT>\outputs\controlled_comparison_runs\run_20260528_205727\neural_eval\yolo_sppf_no_group_visual_attention256_seed44,<RUN_ROOT>\outputs\controlled_comparison_runs\run_20260528_205727\neural_training\yolo_sppf_no_group_visual_attention256_seed44
8,0.3567882517241759,0.8735671597922994,0.3628258342141404,0.8770711380097231,0.8346133863347829,201.8311293125153,5e-05,5e-05,50.7,8.66,14.0,1.21,38.0,17.0,0.6638418079096046,0.7142857142857143,0.6881405563689605,0.855389059397003,0.927383049520454,0.8899323816679188,0.9203007518796992,0.8631875881523272,0.8908296943231441,0.9254201680672268,0.8200434377908781,0.8695509129791084,no_group_visual,attention,256,44,yolo_sppf_no_group_visual_attention256_seed44,<RUN_ROOT>\outputs\controlled_comparison_runs\run_20260528_205727\neural_eval\yolo_sppf_no_group_visual_attention256_seed44,<RUN_ROOT>\outputs\controlled_comparison_runs\run_20260528_205727\neural_training\yolo_sppf_no_group_visual_attention256_seed44
9,0.3561497860001312,0.8723914960321348,0.4244650576828188,0.8632800873102491,0.8061363079906216,201.18652963638303,5e-05,5e-05,50.8,8.66,14.0,1.21,38.0,17.3,0.4592833876221498,0.8571428571428571,0.5980911983032874,0.8773879142300195,0.8809943237424154,0.8791874206465476,0.8923076923076924,0.8589562764456982,0.8753144089112468,0.9090909090909092,0.8377288240769469,0.8719522041014047,no_group_visual,attention,256,44,yolo_sppf_no_group_visual_attention256_seed44,<RUN_ROOT>\outputs\controlled_comparison_runs\run_20260528_205727\neural_eval\yolo_sppf_no_group_visual_attention256_seed44,<RUN_ROOT>\outputs\controlled_comparison_runs\run_20260528_205727\neural_training\yolo_sppf_no_group_visual_attention256_seed44
10,0.3529429521797032,0.8703340844518468,0.3977875545411186,0.8596090882031948,0.8066122089337994,201.2459740638733,5e-05,5e-05,50.7,8.66,14.0,1.21,38.0,16.2,0.4937163375224416,0.8358662613981763,0.6207674943566591,0.8805583250249253,0.8643570170287728,0.8723824575266693,0.9234488315874296,0.8081805359661495,0.8619781872884543,0.8655848132271893,0.8771331058020477,0.8713206965634149,no_group_visual,attention,256,44,yolo_sppf_no_group_visual_attention256_seed44,<RUN_ROOT>\outputs\controlled_comparison_runs\run_20260528_205727\neural_eval\yolo_sppf_no_group_visual_attention256_seed44,<RUN_ROOT>\outputs\controlled_comparison_runs\run_20260528_205727\neural_training\yolo_sppf_no_group_visual_attention256_seed44
1,0.5745660280867196,0.78328598020966,0.4132831674094343,0.8636769520785792,0.78397445866718,187.73621344566345,5e-05,5e-05,50.7,8.71,14.0,1.25,39.0,17.5,0.6954314720812182,0.4164133738601823,0.5209125475285171,0.8363700689899168,0.9254257193188492,0.8786470916186582,0.9265402843601896,0.8272214386459803,0.8740685543964233,0.9001012487343908,0.8274899162271175,0.8622696411251212,no_group_visual,attention,512,42,yolo_sppf_no_group_visual_attention512_seed42,<RUN_ROOT>\outputs\controlled_comparison_runs\run_20260528_205727\neural_eval\yolo_sppf_no_group_visual_attention512_seed42,<RUN_ROOT>\outputs\controlled_comparison_runs\run_20260528_205727\neural_training\yolo_sppf_no_group_visual_attention512_seed42
2,0.4384111515436099,0.8389340648574508,0.3894010494007647,0.8690346264510368,0.809469766231515,189.1582088470459,5e-05,5e-05,50.6,8.72,14.0,1.25,39.0,17.7,0.5964912280701754,0.6200607902735562,0.6080476900149032,0.8454659273832946,0.9252299862986886,0.8835514018691588,0.946938775510204,0.8180535966149506,0.8777903897086644,0.9133858267716536,0.8278001861619609,0.8684895833333334,no_group_visual,attention,512,42,yolo_sppf_no_group_visual_attention512_seed42,<RUN_ROOT>\outputs\controlled_comparison_runs\run_20260528_205727\neural_eval\yolo_sppf_no_group_visual_attention512_seed42,<RUN_ROOT>\outputs\controlled_comparison_runs\run_20260528_205727\neural_training\yolo_sppf_no_group_visual_attention512_seed42
3,0.4199234687206467,0.8458410894484177,0.4143726502597842,0.8596090882031948,0.7982540240446948,190.34061765670776,5e-05,5e-05,50.6,8.72,21.0,1.25,39.0,16.7,0.6793893129770993,0.541033434650456,0.6023688663282573,0.8405008165487208,0.906635349383441,0.8723163841807909,0.9467353951890034,0.7771509167842031,0.8536018590240123,0.875875238701464,0.8538628606887992,0.8647289866457187,no_group_visual,attention,512,42,yolo_sppf_no_group_visual_attention512_seed42,<RUN_ROOT>\outputs\controlled_comparison_runs\run_20260528_205727\neural_eval\yolo_sppf_no_group_visual_attention512_seed42,<RUN_ROOT>\outputs\controlled_comparison_runs\run_20260528_205727\neural_training\yolo_sppf_no_group_visual_attention512_seed42
4,0.3963856016472566,0.8534829038894876,0.379607498804791,0.8702252207560274,0.821885010272006,189.53725457191467,5e-05,5e-05,50.8,8.85,13.0,1.25,39.0,16.6,0.6105263157894737,0.7051671732522796,0.6544428772919605,0.8679924242424243,0.8970444313955764,0.8822793339108673,0.9315499606608968,0.8349788434414669,0.8806247675715878,0.8805590851334181,0.8600682593856656,0.8701930623136085,no_group_visual,attention,512,42,yolo_sppf_no_group_visual_attention512_seed42,<RUN_ROOT>\outputs\controlled_comparison_runs\run_20260528_205727\neural_eval\yolo_sppf_no_group_visual_attention512_seed42,<RUN_ROOT>\outputs\controlled_comparison_runs\run_20260528_205727\neural_training\yolo_sppf_no_group_visual_attention512_seed42
5,0.3774995719145423,0.8621044381306946,0.4448583815676448,0.8566326024407184,0.7926080043227582,193.56520318984985,5e-05,5e-05,50.6,8.84,23.0,1.25,39.0,17.6,0.4557823129251701,0.8145896656534954,0.5845147219193021,0.8476121035362741,0.91015854374633,0.8777725342142519,0.9644160583941606,0.7454160789844851,0.8408910103420842,0.914059814369199,0.8250077567483711,0.8672537508153947,no_group_visual,attention,512,42,yolo_sppf_no_group_visual_attention512_seed42,<RUN_ROOT>\outputs\controlled_comparison_runs\run_20260528_205727\neural_eval\yolo_sppf_no_group_visual_attention512_seed42,<RUN_ROOT>\outputs\controlled_comparison_runs\run_20260528_205727\neural_training\yolo_sppf_no_group_visual_attention512_seed42
6,0.3727136596272404,0.8647496815910649,0.3883643724816105,0.8752852465522373,0.8278149223924698,191.50736141204837,5e-05,5e-05,50.7,8.84,22.0,1.25,40.0,17.8,0.5434343434343434,0.817629179331307,0.6529126213592231,0.874880975052371,0.899197494617342,0.886872586872587,0.9195830230826508,0.8709449929478138,0.894603404563564,0.9110367892976587,0.8451753025131865,0.8768710767745052,no_group_visual,attention,512,42,yolo_sppf_no_group_visual_attention512_seed42,<RUN_ROOT>\outputs\controlled_comparison_runs\run_20260528_205727\neural_eval\yolo_sppf_no_group_visual_attention512_seed42,<RUN_ROOT>\outputs\controlled_comparison_runs\run_20260528_205727\neural_training\yolo_sppf_no_group_visual_attention512_seed42
7,0.3559470965226289,0.8682276868815518,0.4267151063598234,0.8353011211429705,0.8011834246345704,190.8605160713196,5e-05,5e-05,51.0,8.66,13.0,1.25,40.0,17.4,0.5166666666666667,0.8480243161094225,0.6421173762945915,0.9128814348940136,0.7670777060090037,0.8336524143799191,0.8762816131237184,0.9040902679830748,0.8899687608469282,0.7768966428760243,0.9118833385044988,0.8389951470168426,no_group_visual,attention,512,42,yolo_sppf_no_group_visual_attention512_seed42,<RUN_ROOT>\outputs\controlled_comparison_runs\run_20260528_205727\neural_eval\yolo_sppf_no_group_visual_attention512_seed42,<RUN_ROOT>\outputs\controlled_comparison_runs\run_20260528_205727\neural_training\yolo_sppf_no_group_visual_attention512_seed42
8,0.359318232748418,0.8685705888115999,0.5069061555707502,0.8266693124317889,0.7497891190906698,190.8010833263397,5e-05,5e-05,50.8,8.69,14.0,1.25,40.0,17.6,0.37890625,0.8844984802431611,0.5305378304466728,0.8532416502946955,0.8500685065570561,0.851652122757133,0.9505376344086022,0.6234132581100141,0.7529812606473595,0.8550592525068368,0.8730995966490847,0.8639852625115136,no_group_visual,attention,512,42,yolo_sppf_no_group_visual_attention512_seed42,<RUN_ROOT>\outputs\controlled_comparison_runs\run_20260528_205727\neural_eval\yolo_sppf_no_group_visual_attention512_seed42,<RUN_ROOT>\outputs\controlled_comparison_runs\run_20260528_205727\neural_training\yolo_sppf_no_group_visual_attention512_seed42
9,0.344079166817184,0.8732242578622514,0.428732843144514,0.8428415517412442,0.788540247173912,190.25214195251465,5e-05,5e-05,50.7,8.67,14.0,1.25,40.0,16.5,0.4090909090909091,0.9027355623100304,0.5630331753554503,0.9114124293785312,0.7893912703073008,0.8460247535137402,0.8324905183312263,0.9287729196050776,0.8780000000000001,0.8511655708308428,0.8836487744337573,0.8671030598264575,no_group_visual,attention,512,42,yolo_sppf_no_group_visual_attention512_seed42,<RUN_ROOT>\outputs\controlled_comparison_runs\run_20260528_205727\neural_eval\yolo_sppf_no_group_visual_attention512_seed42,<RUN_ROOT>\outputs\controlled_comparison_runs\run_20260528_205727\neural_training\yolo_sppf_no_group_visual_attention512_seed42
10,0.3455870688555698,0.8752326834525326,0.3655608421514025,0.8655620597281476,0.8263835543349947,190.38845920562744,5e-05,5e-05,50.7,8.65,13.0,1.25,40.0,17.4,0.5555555555555556,0.8662613981762918,0.676959619952494,0.8978829389788294,0.8467410452143277,0.8715624055605924,0.8611481975967957,0.9097320169252467,0.8847736625514403,0.8686153846153846,0.8758920260626746,0.8722385292754519,no_group_visual,attention,512,42,yolo_sppf_no_group_visual_attention512_seed42,<RUN_ROOT>\outputs\controlled_comparison_runs\run_20260528_205727\neural_eval\yolo_sppf_no_group_visual_attention512_seed42,<RUN_ROOT>\outputs\controlled_comparison_runs\run_20260528_205727\neural_training\yolo_sppf_no_group_visual_attention512_seed42
1,0.5685365720619929,0.7865190555501127,0.4653477998195393,0.8287528524655223,0.7815173077848112,184.71859312057492,5e-05,5e-05,50.7,8.69,13.0,1.25,40.0,18.8,0.6363636363636364,0.5531914893617021,0.591869918699187,0.8937132519222072,0.7735368956743003,0.8292938831182457,0.8374035989717223,0.9188998589562763,0.8762609280430397,0.76435124508519,0.9047471300031028,0.8286445012787723,no_group_visual,attention,512,43,yolo_sppf_no_group_visual_attention512_seed43,<RUN_ROOT>\outputs\controlled_comparison_runs\run_20260528_205727\neural_eval\yolo_sppf_no_group_visual_attention512_seed43,<RUN_ROOT>\outputs\controlled_comparison_runs\run_20260528_205727\neural_training\yolo_sppf_no_group_visual_attention512_seed43
2,0.4478652981463177,0.8359459194670325,0.4144418445802691,0.8638753844627444,0.8004844113931378,186.30997014045715,5e-05,5e-05,50.6,8.74,14.0,1.25,40.0,17.1,0.7297297297297297,0.4924012158054711,0.5880217785843921,0.8413383702104695,0.9154433352906636,0.8768278965129359,0.9497528830313016,0.81311706629055,0.8761398176291793,0.8803501945525292,0.8423828730995967,0.860948152846044,no_group_visual,attention,512,43,yolo_sppf_no_group_visual_attention512_seed43,<RUN_ROOT>\outputs\controlled_comparison_runs\run_20260528_205727\neural_eval\yolo_sppf_no_group_visual_attention512_seed43,<RUN_ROOT>\outputs\controlled_comparison_runs\run_20260528_205727\neural_training\yolo_sppf_no_group_visual_attention512_seed43
3,0.4223969212958011,0.8446164396982463,0.3857003808581448,0.8673479511856335,0.8137332502496941,186.25198674201965,5e-05,5e-05,50.7,8.73,14.0,1.25,40.0,16.8,0.6633986928104575,0.6170212765957447,0.6393700787401575,0.8402765467115759,0.9277745155607752,0.8818604651162789,0.9460132890365448,0.8032440056417489,0.8688024408848206,0.9084699453551912,0.8253180266832144,0.8649000162575191,no_group_visual,attention,512,43,yolo_sppf_no_group_visual_attention512_seed43,<RUN_ROOT>\outputs\controlled_comparison_runs\run_20260528_205727\neural_eval\yolo_sppf_no_group_visual_attention512_seed43,<RUN_ROOT>\outputs\controlled_comparison_runs\run_20260528_205727\neural_training\yolo_sppf_no_group_visual_attention512_seed43
4,0.3963952980640703,0.8554913294797688,0.3715638672961393,0.8630816549260839,0.8241415481490494,187.4207215309143,5e-05,5e-05,50.7,8.72,14.0,1.25,40.0,17.8,0.6882716049382716,0.6778115501519757,0.6830015313935681,0.8910850319127033,0.8471325112546486,0.8685530804736102,0.8249075215782984,0.9435825105782792,0.8802631578947367,0.8577533577533577,0.8718585169097115,0.8647484228342822,no_group_visual,attention,512,43,yolo_sppf_no_group_visual_attention512_seed43,<RUN_ROOT>\outputs\controlled_comparison_runs\run_20260528_205727\neural_eval\yolo_sppf_no_group_visual_attention512_seed43,<RUN_ROOT>\outputs\controlled_comparison_runs\run_20260528_205727\neural_training\yolo_sppf_no_group_visual_attention512_seed43
5,0.3839504541376705,0.8561771333398648,0.3686955752790839,0.8727056255580911,0.8202114114840038,186.7724657058716,5e-05,5e-05,50.6,8.71,14.0,1.25,40.0,17.1,0.6090425531914894,0.6960486322188449,0.649645390070922,0.8507890961262554,0.9285574476414172,0.8879737950397754,0.9395424836601308,0.8110014104372355,0.8705526116578348,0.9207716155701,0.8293515358361775,0.8726738491674828,no_group_visual,attention,512,43,yolo_sppf_no_group_visual_attention512_seed43,<RUN_ROOT>\outputs\controlled_comparison_runs\run_20260528_205727\neural_eval\yolo_sppf_no_group_visual_attention512_seed43,<RUN_ROOT>\outputs\controlled_comparison_runs\run_20260528_205727\neural_training\yolo_sppf_no_group_visual_attention512_seed43
6,0.3708459348184258,0.8645537376310375,0.3837365458268554,0.8723087607897609,0.825762328293428,187.24702262878415,5e-05,5e-05,50.7,8.72,14.0,1.25,40.0,17.5,0.6147959183673469,0.7325227963525835,0.6685159500693482,0.8684409211023028,0.9005676257584655,0.8842125492457,0.9351481184947958,0.8236953455571228,0.8758905136857894,0.8859872611464968,0.8631709587340987,0.8744303001728745,no_group_visual,attention,512,43,yolo_sppf_no_group_visual_attention512_seed43,<RUN_ROOT>\outputs\controlled_comparison_runs\run_20260528_205727\neural_eval\yolo_sppf_no_group_visual_attention512_seed43,<RUN_ROOT>\outputs\controlled_comparison_runs\run_20260528_205727\neural_training\yolo_sppf_no_group_visual_attention512_seed43
7,0.367084327404939,0.8682766728715587,0.372591545489905,0.8713165988689354,0.8282153973201831,186.81255531311035,5e-05,5e-05,50.7,8.73,14.0,1.25,40.0,17.8,0.648936170212766,0.7416413373860182,0.6921985815602836,0.8503880166035012,0.9222939909962812,0.8848826291079812,0.9301380991064176,0.807475317348378,0.864477161192903,0.914704878880928,0.831833695314924,0.8713032174195646,no_group_visual,attention,512,43,yolo_sppf_no_group_visual_attention512_seed43,<RUN_ROOT>\outputs\controlled_comparison_runs\run_20260528_205727\neural_eval\yolo_sppf_no_group_visual_attention512_seed43,<RUN_ROOT>\outputs\controlled_comparison_runs\run_20260528_205727\neural_training\yolo_sppf_no_group_visual_attention512_seed43
8,0.3662536691970609,0.8697462525717645,0.3540326636209751,0.8756821113205675,0.8388286552119272,186.81780004501343,5e-05,5e-05,50.7,8.71,14.0,1.25,40.0,16.6,0.6622340425531915,0.756838905775076,0.7063829787234044,0.8742595069749666,0.8954785672342924,0.8847418294333784,0.9209932279909706,0.8631875881523272,0.8911539861667273,0.8844317096466093,0.8619298789947254,0.8730358265241986,no_group_visual,attention,512,43,yolo_sppf_no_group_visual_attention512_seed43,<RUN_ROOT>\outputs\controlled_comparison_runs\run_20260528_205727\neural_eval\yolo_sppf_no_group_visual_attention512_seed43,<RUN_ROOT>\outputs\controlled_comparison_runs\run_20260528_205727\neural_training\yolo_sppf_no_group_visual_attention512_seed43
9,0.3491240230806429,0.8703830704418536,0.4091071773133802,0.8483976584978669,0.8062573735445925,188.95867490768435,5e-05,5e-05,51.0,8.87,21.0,1.26,39.0,14.2,0.5764966740576497,0.790273556231003,0.6666666666666666,0.8803120509135701,0.8393031904482287,0.8593186372745492,0.9130434782608696,0.7849083215796897,0.844141069397042,0.8168456755228943,0.8966801116971765,0.8549031208401124,no_group_visual,attention,512,43,yolo_sppf_no_group_visual_attention512_seed43,<RUN_ROOT>\outputs\controlled_comparison_runs\run_20260528_205727\neural_eval\yolo_sppf_no_group_visual_attention512_seed43,<RUN_ROOT>\outputs\controlled_comparison_runs\run_20260528_205727\neural_training\yolo_sppf_no_group_visual_attention512_seed43
10,0.3408521015465633,0.8732732438522582,0.3751644853475718,0.8661573568806429,0.8291291462507901,189.16543102264404,5e-05,5e-05,50.9,8.88,14.0,1.26,39.0,12.0,0.6205250596658711,0.790273556231003,0.6951871657754011,0.8855482060533173,0.8647484830690938,0.8750247573776985,0.9300864100549884,0.8349788434414669,0.879970271274619,0.8440258975868158,0.8898541731306236,0.8663343905754418,no_group_visual,attention,512,43,yolo_sppf_no_group_visual_attention512_seed43,<RUN_ROOT>\outputs\controlled_comparison_runs\run_20260528_205727\neural_eval\yolo_sppf_no_group_visual_attention512_seed43,<RUN_ROOT>\outputs\controlled_comparison_runs\run_20260528_205727\neural_training\yolo_sppf_no_group_visual_attention512_seed43
1,0.5553212768973368,0.7950426178113059,0.5226039214527566,0.8251810695505506,0.7550522574332725,186.41561818122864,5e-05,5e-05,50.8,8.62,14.0,1.26,40.0,17.8,0.4430894308943089,0.662613981762918,0.5310596833130329,0.8423955870764381,0.8369543942063026,0.8396661757486501,0.9662027833001988,0.685472496473907,0.801980198019802,0.8134094151212553,0.8845795842382873,0.8475029726516052,no_group_visual,attention,512,44,yolo_sppf_no_group_visual_attention512_seed44,<RUN_ROOT>\outputs\controlled_comparison_runs\run_20260528_205727\neural_eval\yolo_sppf_no_group_visual_attention512_seed44,<RUN_ROOT>\outputs\controlled_comparison_runs\run_20260528_205727\neural_training\yolo_sppf_no_group_visual_attention512_seed44
2,0.4435481917007963,0.8361908494170667,0.3996562549060197,0.8688361940668717,0.8101479720442992,188.57748365402225,5e-05,5e-05,50.6,8.65,14.0,1.26,40.0,17.5,0.5964391691394659,0.6109422492401215,0.6036036036036037,0.8395561817541388,0.9330593071051086,0.8838416612589228,0.9231927710843374,0.8645980253878702,0.8929351784413694,0.9367690058479532,0.7952218430034129,0.8602114448733008,no_group_visual,attention,512,44,yolo_sppf_no_group_visual_attention512_seed44,<RUN_ROOT>\outputs\controlled_comparison_runs\run_20260528_205727\neural_eval\yolo_sppf_no_group_visual_attention512_seed44,<RUN_ROOT>\outputs\controlled_comparison_runs\run_20260528_205727\neural_training\yolo_sppf_no_group_visual_attention512_seed44
3,0.4202969992638428,0.8457921034584109,0.3990177861985146,0.8658597083043953,0.8086947009906119,188.8351573944092,5e-05,5e-05,50.6,8.65,13.0,1.26,40.0,16.4,0.4979838709677419,0.7507598784194529,0.5987878787878788,0.8652535957607873,0.8948913681738109,0.8798229577600308,0.8891242937853108,0.88787023977433,0.8884968242766408,0.918834547346514,0.8219050573999379,0.8676711431378971,no_group_visual,attention,512,44,yolo_sppf_no_group_visual_attention512_seed44,<RUN_ROOT>\outputs\controlled_comparison_runs\run_20260528_205727\neural_eval\yolo_sppf_no_group_visual_attention512_seed44,<RUN_ROOT>\outputs\controlled_comparison_runs\run_20260528_205727\neural_training\yolo_sppf_no_group_visual_attention512_seed44
4,0.3933178696293839,0.8538747918095425,0.4055602042669234,0.8522670899890862,0.8075931137408786,188.9923152923584,5e-05,5e-05,50.7,8.65,21.0,1.26,40.0,14.8,0.549889135254989,0.7537993920972644,0.635897435897436,0.8855183876999793,0.8342141319240556,0.8591009877040918,0.906367041198502,0.8533145275035261,0.8790410461314929,0.8247126436781609,0.8904747130003102,0.8563329852304937,no_group_visual,attention,512,44,yolo_sppf_no_group_visual_attention512_seed44,<RUN_ROOT>\outputs\controlled_comparison_runs\run_20260528_205727\neural_eval\yolo_sppf_no_group_visual_attention512_seed44,<RUN_ROOT>\outputs\controlled_comparison_runs\run_20260528_205727\neural_training\yolo_sppf_no_group_visual_attention512_seed44
5,0.3827428565007345,0.858871362790242,0.3890655595778731,0.8646691139994047,0.8156506508032223,190.33163046836853,5e-05,5e-05,50.7,8.64,22.0,1.26,41.0,18.5,0.5316973415132924,0.790273556231003,0.6356968215158924,0.8747802305137722,0.8764924642787238,0.8756355103637075,0.8807017543859649,0.885049365303244,0.8828702075272599,0.8936309914642153,0.8445547626434998,0.8684000638060297,no_group_visual,attention,512,44,yolo_sppf_no_group_visual_attention512_seed44,<RUN_ROOT>\outputs\controlled_comparison_runs\run_20260528_205727\neural_eval\yolo_sppf_no_group_visual_attention512_seed44,<RUN_ROOT>\outputs\controlled_comparison_runs\run_20260528_205727\neural_training\yolo_sppf_no_group_visual_attention512_seed44
6,0.3715678014118096,0.8625453120407564,0.3631691829129566,0.8697291397956146,0.8223704233883455,189.0644319057465,5e-05,5e-05,50.6,8.65,14.0,1.26,40.0,17.3,0.5435684647302904,0.7963525835866262,0.6461159062885327,0.8800860719874805,0.8806028577020943,0.880344389003033,0.9108983799705448,0.8723554301833568,0.8912103746397695,0.8851934761752478,0.8588271796462923,0.8718110236220472,no_group_visual,attention,512,44,yolo_sppf_no_group_visual_attention512_seed44,<RUN_ROOT>\outputs\controlled_comparison_runs\run_20260528_205727\neural_eval\yolo_sppf_no_group_visual_attention512_seed44,<RUN_ROOT>\outputs\controlled_comparison_runs\run_20260528_205727\neural_training\yolo_sppf_no_group_visual_attention512_seed44
7,0.3601106477048844,0.869942196531792,0.3542383033468107,0.8734001389026689,0.8266920779985741,192.9261054992676,5e-05,5e-05,50.7,8.65,22.0,1.26,40.0,18.1,0.5281954887218046,0.8541033434650456,0.6527293844367016,0.8821581612777561,0.8864748483069094,0.8843112369423021,0.8927311220889202,0.892101551480959,0.892416225749559,0.910547396528705,0.8464163822525598,0.8773114648657341,no_group_visual,attention,512,44,yolo_sppf_no_group_visual_attention512_seed44,<RUN_ROOT>\outputs\controlled_comparison_runs\run_20260528_205727\neural_eval\yolo_sppf_no_group_visual_attention512_seed44,<RUN_ROOT>\outputs\controlled_comparison_runs\run_20260528_205727\neural_training\yolo_sppf_no_group_visual_attention512_seed44
8,0.3474973369036512,0.8750367394925052,0.3398352511706651,0.8771703542018058,0.839087955323145,190.52024507522583,5e-05,5e-05,50.7,8.65,22.0,1.26,40.0,17.1,0.6561679790026247,0.7598784194528876,0.7042253521126761,0.8659985152190052,0.913290272068898,0.8890159093074212,0.9112903225806452,0.8765867418899859,0.8936017253774263,0.910386965376782,0.8321439652497673,0.8695088344950559,no_group_visual,attention,512,44,yolo_sppf_no_group_visual_attention512_seed44,<RUN_ROOT>\outputs\controlled_comparison_runs\run_20260528_205727\neural_eval\yolo_sppf_no_group_visual_attention512_seed44,<RUN_ROOT>\outputs\controlled_comparison_runs\run_20260528_205727\neural_training\yolo_sppf_no_group_visual_attention512_seed44
9,0.34897437180191,0.8745958655824434,0.4157287955062606,0.8552435757515626,0.7935443843296337,188.34216117858887,5e-05,5e-05,50.6,8.66,14.0,1.26,40.0,17.3,0.4179970972423802,0.8753799392097265,0.5658153241650294,0.8818108974358975,0.8616167547465258,0.8715968715968716,0.8964474678760394,0.8363892806770099,0.8653775994162716,0.8923577235772358,0.8513807012100527,0.8713877421403621,no_group_visual,attention,512,44,yolo_sppf_no_group_visual_attention512_seed44,<RUN_ROOT>\outputs\controlled_comparison_runs\run_20260528_205727\neural_eval\yolo_sppf_no_group_visual_attention512_seed44,<RUN_ROOT>\outputs\controlled_comparison_runs\run_20260528_205727\neural_training\yolo_sppf_no_group_visual_attention512_seed44
10,0.3423356543525726,0.8752326834525326,0.4696077266714542,0.8341105268379799,0.7671609025948142,190.8414134979248,5e-05,5e-05,51.0,8.68,20.0,1.26,40.0,17.2,0.3915343915343915,0.8996960486322189,0.5456221198156681,0.8795355587808418,0.8302994715208456,0.8542086186065243,0.9417840375586854,0.7073342736248237,0.8078936770036247,0.8343522561863174,0.889233633260937,0.8609191949534395,no_group_visual,attention,512,44,yolo_sppf_no_group_visual_attention512_seed44,<RUN_ROOT>\outputs\controlled_comparison_runs\run_20260528_205727\neural_eval\yolo_sppf_no_group_visual_attention512_seed44,<RUN_ROOT>\outputs\controlled_comparison_runs\run_20260528_205727\neural_training\yolo_sppf_no_group_visual_attention512_seed44
1,0.5614350926989345,0.7934260801410796,0.4105613337840565,0.8665542216489731,0.8003529629823523,196.6603112220764,5e-05,5e-05,50.8,8.68,25.0,1.35,42.0,20.0,0.6479400749063671,0.5258358662613982,0.580536912751678,0.8397095288699965,0.9279702485809356,0.8816364481636448,0.9422294548413344,0.8166431593794076,0.8749527767283717,0.906367041198502,0.825938566552901,0.8642857142857143,no_group_visual,attention,896,42,yolo_sppf_no_group_visual_attention896_seed42,<RUN_ROOT>\outputs\controlled_comparison_runs\run_20260528_205727\neural_eval\yolo_sppf_no_group_visual_attention896_seed42,<RUN_ROOT>\outputs\controlled_comparison_runs\run_20260528_205727\neural_training\yolo_sppf_no_group_visual_attention896_seed42
2,0.435169306782229,0.8404036445576565,0.4306897329742141,0.8487945232661971,0.7758523745033513,198.6375081539154,5e-05,5e-05,50.5,8.7,25.0,1.35,44.0,19.3,0.4857768052516411,0.6747720364741642,0.564885496183206,0.8250087935279634,0.9181835975729106,0.8691060676239,0.967098703888335,0.6840620592383639,0.8013217678645188,0.9110126150698944,0.8290412659013342,0.8680961663417803,no_group_visual,attention,896,42,yolo_sppf_no_group_visual_attention896_seed42,<RUN_ROOT>\outputs\controlled_comparison_runs\run_20260528_205727\neural_eval\yolo_sppf_no_group_visual_attention896_seed42,<RUN_ROOT>\outputs\controlled_comparison_runs\run_20260528_205727\neural_training\yolo_sppf_no_group_visual_attention896_seed42
3,0.4105632480257263,0.8469187812285687,0.4441870156823406,0.8457188213116381,0.7754160761809825,198.51238226890564,5e-05,5e-05,50.7,8.7,25.0,1.35,44.0,19.2,0.7044534412955465,0.5288753799392097,0.6041666666666666,0.8083361803894773,0.926208651399491,0.8632673538265072,0.9519331243469176,0.6424541607898449,0.7671578947368421,0.8960609069844422,0.8399007136208502,0.8670723894939141,no_group_visual,attention,896,42,yolo_sppf_no_group_visual_attention896_seed42,<RUN_ROOT>\outputs\controlled_comparison_runs\run_20260528_205727\neural_eval\yolo_sppf_no_group_visual_attention896_seed42,<RUN_ROOT>\outputs\controlled_comparison_runs\run_20260528_205727\neural_training\yolo_sppf_no_group_visual_attention896_seed42
4,0.3871751150268139,0.8590673067502694,0.4626991999255205,0.8470086318087112,0.7840396432509142,198.83237504959104,5e-05,5e-05,50.7,8.7,25.0,1.35,45.0,19.9,0.55119825708061,0.7689969604863222,0.6421319796954316,0.8304324421317064,0.905852417302799,0.8665043999251076,0.9647964796479648,0.6184767277856136,0.7537602062741727,0.8855959209687699,0.8622401489295687,0.8737619871089451,no_group_visual,attention,896,42,yolo_sppf_no_group_visual_attention896_seed42,<RUN_ROOT>\outputs\controlled_comparison_runs\run_20260528_205727\neural_eval\yolo_sppf_no_group_visual_attention896_seed42,<RUN_ROOT>\outputs\controlled_comparison_runs\run_20260528_205727\neural_training\yolo_sppf_no_group_visual_attention896_seed42
5,0.3669387384304677,0.8659743313412364,0.5408709793950298,0.8206171247147535,0.7254345207973527,198.5800487995148,5e-05,5e-05,50.7,8.7,25.0,1.35,45.0,19.6,0.3715046604527297,0.8480243161094225,0.5166666666666667,0.8334548104956269,0.8952828342141319,0.8632631876946306,0.9717741935483872,0.5098730606488011,0.6688251618871415,0.8704780361757106,0.8361774744027304,0.8529830669409717,no_group_visual,attention,896,42,yolo_sppf_no_group_visual_attention896_seed42,<RUN_ROOT>\outputs\controlled_comparison_runs\run_20260528_205727\neural_eval\yolo_sppf_no_group_visual_attention896_seed42,<RUN_ROOT>\outputs\controlled_comparison_runs\run_20260528_205727\neural_training\yolo_sppf_no_group_visual_attention896_seed42
6,0.3635051289776217,0.8684726168315862,0.4071731587020622,0.8657604921123128,0.8080511128989658,199.00005650520325,5e-05,5e-05,50.7,8.71,25.0,1.35,45.0,20.2,0.4734133790737564,0.8389057750759878,0.6052631578947367,0.8733423025177782,0.8894108436093169,0.8813033359193173,0.935720097640358,0.8110014104372355,0.8689081979599546,0.8994778067885117,0.8551039404281725,0.8767297598218546,no_group_visual,attention,896,42,yolo_sppf_no_group_visual_attention896_seed42,<RUN_ROOT>\outputs\controlled_comparison_runs\run_20260528_205727\neural_eval\yolo_sppf_no_group_visual_attention896_seed42,<RUN_ROOT>\outputs\controlled_comparison_runs\run_20260528_205727\neural_training\yolo_sppf_no_group_visual_attention896_seed42
7,0.3496719600025529,0.8727833839521897,0.4504009918080613,0.825974799087211,0.79145209796238,198.01904010772705,5e-05,5e-05,50.7,8.83,25.0,1.36,45.0,19.9,0.5165441176470589,0.8541033434650456,0.6437571592210768,0.9079740380157626,0.7666862399686827,0.8313700520004245,0.901840490797546,0.8293370944992948,0.8640705363703158,0.7533826908348226,0.9156065777226188,0.826610644257703,no_group_visual,attention,896,42,yolo_sppf_no_group_visual_attention896_seed42,<RUN_ROOT>\outputs\controlled_comparison_runs\run_20260528_205727\neural_eval\yolo_sppf_no_group_visual_attention896_seed42,<RUN_ROOT>\outputs\controlled_comparison_runs\run_20260528_205727\neural_training\yolo_sppf_no_group_visual_attention896_seed42
8,0.3496959401414289,0.8707259723719016,0.5363027199584018,0.8156563151106261,0.7282980160224561,199.1730341911316,5e-05,5e-05,50.6,8.82,25.0,1.36,45.0,19.6,0.3787680209698558,0.878419452887538,0.5293040293040293,0.8399613899613899,0.8516343707183401,0.8457576052094469,0.9536679536679536,0.5225669957686883,0.6751708428246013,0.8454897290860375,0.8811666149550108,0.8629595867517472,no_group_visual,attention,896,42,yolo_sppf_no_group_visual_attention896_seed42,<RUN_ROOT>\outputs\controlled_comparison_runs\run_20260528_205727\neural_eval\yolo_sppf_no_group_visual_attention896_seed42,<RUN_ROOT>\outputs\controlled_comparison_runs\run_20260528_205727\neural_training\yolo_sppf_no_group_visual_attention896_seed42
9,0.3377782550668139,0.8763593612226903,0.4145519305209976,0.8481992261137018,0.7863774724769583,199.44219541549683,5e-05,5e-05,50.7,8.63,25.0,1.36,45.0,19.5,0.3876478318002628,0.8966565349544073,0.5412844036697247,0.9008370895041854,0.8214914856136231,0.8593366093366093,0.8675034867503487,0.8772919605077574,0.8723702664796634,0.8722480620155039,0.8727893267142414,0.8725186104218362,no_group_visual,attention,896,42,yolo_sppf_no_group_visual_attention896_seed42,<RUN_ROOT>\outputs\controlled_comparison_runs\run_20260528_205727\neural_eval\yolo_sppf_no_group_visual_attention896_seed42,<RUN_ROOT>\outputs\controlled_comparison_runs\run_20260528_205727\neural_training\yolo_sppf_no_group_visual_attention896_seed42
10,0.3333642812625309,0.8790046046830606,0.3617386558532922,0.8724079769818435,0.8334341677556758,198.92228507995603,5e-05,5e-05,50.7,8.63,25.0,1.36,46.0,18.7,0.5807770961145194,0.8632218844984803,0.6943765281173594,0.8884470073573275,0.8745351340771188,0.8814361807062536,0.8710344827586207,0.890691114245416,0.8807531380753139,0.892960462873674,0.8619298789947254,0.8771708241237764,no_group_visual,attention,896,42,yolo_sppf_no_group_visual_attention896_seed42,<RUN_ROOT>\outputs\controlled_comparison_runs\run_20260528_205727\neural_eval\yolo_sppf_no_group_visual_attention896_seed42,<RUN_ROOT>\outputs\controlled_comparison_runs\run_20260528_205727\neural_training\yolo_sppf_no_group_visual_attention896_seed42
1,0.5587854176280921,0.7894582149505242,0.4462011909195488,0.843337632701657,0.7841205955029745,196.68792462348935,5e-05,5e-05,50.6,8.66,25.0,1.36,45.0,19.0,0.5154394299287411,0.6595744680851063,0.5786666666666667,0.8897671437726982,0.815228028968487,0.8508682328907049,0.7668006892590465,0.9414668547249648,0.8452041785375117,0.8600123609394313,0.863481228668942,0.8617433039170149,no_group_visual,attention,896,43,yolo_sppf_no_group_visual_attention896_seed43,<RUN_ROOT>\outputs\controlled_comparison_runs\run_20260528_205727\neural_eval\yolo_sppf_no_group_visual_attention896_seed43,<RUN_ROOT>\outputs\controlled_comparison_runs\run_20260528_205727\neural_training\yolo_sppf_no_group_visual_attention896_seed43
2,0.4430585059404466,0.8378563730772999,0.3887374982190117,0.864173033038992,0.8110886244497226,198.92444109916687,5e-05,5e-05,50.6,8.69,25.0,1.36,45.0,19.6,0.6151515151515151,0.6170212765957447,0.6160849772382397,0.863914373088685,0.8847132511254648,0.8741901170099603,0.9284082254379284,0.8596614950634697,0.8927132918344929,0.8639200998751561,0.8588271796462923,0.8613661117161974,no_group_visual,attention,896,43,yolo_sppf_no_group_visual_attention896_seed43,<RUN_ROOT>\outputs\controlled_comparison_runs\run_20260528_205727\neural_eval\yolo_sppf_no_group_visual_attention896_seed43,<RUN_ROOT>\outputs\controlled_comparison_runs\run_20260528_205727\neural_training\yolo_sppf_no_group_visual_attention896_seed43
3,0.4115445216662224,0.8501028705790143,0.3914535556384916,0.8620894930052585,0.8097695452999493,199.29316210746765,5e-05,5e-05,50.5,8.7,25.0,1.36,45.0,18.9,0.6467065868263473,0.6565349544072948,0.6515837104072397,0.8336563876651982,0.9260129183793306,0.8774109792284865,0.9630297565374212,0.7531734837799718,0.8452710724178869,0.9030732860520094,0.8296618057710208,0.8648124191461837,no_group_visual,attention,896,43,yolo_sppf_no_group_visual_attention896_seed43,<RUN_ROOT>\outputs\controlled_comparison_runs\run_20260528_205727\neural_eval\yolo_sppf_no_group_visual_attention896_seed43,<RUN_ROOT>\outputs\controlled_comparison_runs\run_20260528_205727\neural_training\yolo_sppf_no_group_visual_attention896_seed43
4,0.3852796939093631,0.8571078671499951,0.3607709827266276,0.8672487349935509,0.8359851890940637,199.67716073989868,5e-05,5e-05,50.7,8.72,25.0,1.36,45.0,19.8,0.7436708860759493,0.7142857142857143,0.7286821705426356,0.8896789922795612,0.8571148952828342,0.8730934104276743,0.8102719033232628,0.9456981664315938,0.8727627725349821,0.874450721908349,0.8644120384734719,0.8694024028709628,no_group_visual,attention,896,43,yolo_sppf_no_group_visual_attention896_seed43,<RUN_ROOT>\outputs\controlled_comparison_runs\run_20260528_205727\neural_eval\yolo_sppf_no_group_visual_attention896_seed43,<RUN_ROOT>\outputs\controlled_comparison_runs\run_20260528_205727\neural_training\yolo_sppf_no_group_visual_attention896_seed43
5,0.3688286304719115,0.8634270598608798,0.3626742547353921,0.8771703542018058,0.8348653660078053,200.6123492717743,5e-05,5e-05,50.3,8.72,25.0,1.36,45.0,19.3,0.6365914786967418,0.7720364741641338,0.6978021978021978,0.8760643330179754,0.90624388334312,0.8908985953434674,0.9191290824261276,0.8335684062059239,0.8742603550295859,0.8925699581859119,0.8609990691901954,0.8765003158559698,no_group_visual,attention,896,43,yolo_sppf_no_group_visual_attention896_seed43,<RUN_ROOT>\outputs\controlled_comparison_runs\run_20260528_205727\neural_eval\yolo_sppf_no_group_visual_attention896_seed43,<RUN_ROOT>\outputs\controlled_comparison_runs\run_20260528_205727\neural_training\yolo_sppf_no_group_visual_attention896_seed43
6,0.3604271505232375,0.869207406681689,0.3532782323597949,0.8767734894334756,0.8375746527760789,199.79915571212769,5e-05,5e-05,50.6,8.71,25.0,1.36,46.0,19.4,0.6211031175059952,0.7872340425531915,0.6943699731903485,0.8794367283950617,0.8923468389117244,0.8858447488584476,0.8881167477414872,0.9012693935119888,0.8946447322366119,0.9019414281013493,0.8504498914055229,0.8754391568189077,no_group_visual,attention,896,43,yolo_sppf_no_group_visual_attention896_seed43,<RUN_ROOT>\outputs\controlled_comparison_runs\run_20260528_205727\neural_eval\yolo_sppf_no_group_visual_attention896_seed43,<RUN_ROOT>\outputs\controlled_comparison_runs\run_20260528_205727\neural_training\yolo_sppf_no_group_visual_attention896_seed43
7,0.3558430591288685,0.8702850984618399,0.381878580984896,0.8629824387340014,0.8092402335648488,199.4040675163269,5e-05,5e-05,50.6,8.72,25.0,1.36,46.0,19.0,0.4946808510638298,0.8480243161094225,0.6248600223964166,0.8629930175504812,0.8950871011939714,0.8787471176018448,0.919329073482428,0.811706629055007,0.8621722846441946,0.9092442645074224,0.8361774744027304,0.8711815096169386,no_group_visual,attention,896,43,yolo_sppf_no_group_visual_attention896_seed43,<RUN_ROOT>\outputs\controlled_comparison_runs\run_20260528_205727\neural_eval\yolo_sppf_no_group_visual_attention896_seed43,<RUN_ROOT>\outputs\controlled_comparison_runs\run_20260528_205727\neural_training\yolo_sppf_no_group_visual_attention896_seed43
8,0.3539494060849928,0.8720975800920937,0.3614735116912809,0.8701260045639448,0.828663749209074,199.01491332054135,5e-05,5e-05,50.6,8.73,25.0,1.36,46.0,19.5,0.6083916083916084,0.7933130699088146,0.6886543535620053,0.8721732464545803,0.8907809747504404,0.8813789096543042,0.906392694063927,0.8399153737658674,0.8718887262079064,0.8874278383579217,0.858516909711449,0.8727330074120803,no_group_visual,attention,896,43,yolo_sppf_no_group_visual_attention896_seed43,<RUN_ROOT>\outputs\controlled_comparison_runs\run_20260528_205727\neural_eval\yolo_sppf_no_group_visual_attention896_seed43,<RUN_ROOT>\outputs\controlled_comparison_runs\run_20260528_205727\neural_training\yolo_sppf_no_group_visual_attention896_seed43
9,0.3436779718157079,0.8728813559322034,0.4143369349004691,0.8484968746899494,0.8092084281161418,199.1470308303833,5e-05,5e-05,50.7,8.7,26.0,1.36,46.0,19.6,0.5383141762452107,0.8541033434650456,0.6603995299647474,0.8974414104493658,0.8169896261499315,0.8553278688524591,0.8904619970193741,0.8427362482369535,0.8659420289855073,0.8142536475869809,0.9004033509152963,0.8551642846618536,no_group_visual,attention,896,43,yolo_sppf_no_group_visual_attention896_seed43,<RUN_ROOT>\outputs\controlled_comparison_runs\run_20260528_205727\neural_eval\yolo_sppf_no_group_visual_attention896_seed43,<RUN_ROOT>\outputs\controlled_comparison_runs\run_20260528_205727\neural_training\yolo_sppf_no_group_visual_attention896_seed43
10,0.3329339166679843,0.8767512491427452,0.3613274879298784,0.8704236531401924,0.8374675544568458,199.0115594863892,5e-05,5e-05,50.7,8.71,25.0,1.36,46.0,19.5,0.6693121693121693,0.7689969604863222,0.7157001414427158,0.8885548206053318,0.8676844783715013,0.8779956427015251,0.9049012435991222,0.8723554301833568,0.8883303411131059,0.852017937219731,0.884269314303444,0.8678440925700365,no_group_visual,attention,896,43,yolo_sppf_no_group_visual_attention896_seed43,<RUN_ROOT>\outputs\controlled_comparison_runs\run_20260528_205727\neural_eval\yolo_sppf_no_group_visual_attention896_seed43,<RUN_ROOT>\outputs\controlled_comparison_runs\run_20260528_205727\neural_training\yolo_sppf_no_group_visual_attention896_seed43
1,0.5433823517801059,0.8005780346820809,0.6376169946808081,0.794820914773291,0.7024629594700617,196.90867733955383,5e-05,5e-05,50.6,8.68,26.0,1.36,46.0,19.6,0.4456289978678038,0.6352583586626139,0.5238095238095238,0.7922509225092251,0.8404775885691916,0.8156520087377719,0.9832826747720363,0.4562764456981664,0.6233140655105973,0.8100226500566251,0.8876822835867204,0.8470762398223537,no_group_visual,attention,896,44,yolo_sppf_no_group_visual_attention896_seed44,<RUN_ROOT>\outputs\controlled_comparison_runs\run_20260528_205727\neural_eval\yolo_sppf_no_group_visual_attention896_seed44,<RUN_ROOT>\outputs\controlled_comparison_runs\run_20260528_205727\neural_training\yolo_sppf_no_group_visual_attention896_seed44
2,0.442633940000379,0.8407955324777113,0.4087212537595954,0.8630816549260839,0.8007959791311254,198.1853187084198,5e-05,5e-05,50.5,8.71,26.0,1.36,46.0,19.7,0.5890804597701149,0.6231003039513677,0.6056129985228952,0.8280144902535794,0.9395184967704052,0.8802494039977995,0.9643175735950044,0.7623413258110014,0.8515163450177236,0.9289015286171348,0.8107353397455787,0.8658051689860835,no_group_visual,attention,896,44,yolo_sppf_no_group_visual_attention896_seed44,<RUN_ROOT>\outputs\controlled_comparison_runs\run_20260528_205727\neural_eval\yolo_sppf_no_group_visual_attention896_seed44,<RUN_ROOT>\outputs\controlled_comparison_runs\run_20260528_205727\neural_training\yolo_sppf_no_group_visual_attention896_seed44
3,0.4102833726732381,0.8472616831586166,0.3909780543087335,0.861097331084433,0.8070378657165312,198.37036752700809,5e-05,5e-05,50.6,8.71,26.0,1.36,46.0,19.4,0.4923371647509578,0.7811550151975684,0.6039952996474736,0.8791077474606652,0.8639655509884517,0.8714708785784797,0.8974545454545455,0.8702397743300423,0.8836376655925529,0.877570389117368,0.8606887992553521,0.8690476190476191,no_group_visual,attention,896,44,yolo_sppf_no_group_visual_attention896_seed44,<RUN_ROOT>\outputs\controlled_comparison_runs\run_20260528_205727\neural_eval\yolo_sppf_no_group_visual_attention896_seed44,<RUN_ROOT>\outputs\controlled_comparison_runs\run_20260528_205727\neural_training\yolo_sppf_no_group_visual_attention896_seed44
4,0.3849834775417856,0.8586754188302146,0.4839186293263559,0.817640638952277,0.7623087839966458,198.87910294532776,5e-05,5e-05,50.7,8.84,27.0,1.36,46.0,20.1,0.4653979238754325,0.817629179331307,0.5931642778390298,0.8754838709677419,0.7968291250733999,0.8343067937288657,0.9385964912280702,0.6791255289139634,0.7880523731587562,0.7681045751633987,0.9115730685696556,0.8337116912599318,no_group_visual,attention,896,44,yolo_sppf_no_group_visual_attention896_seed44,<RUN_ROOT>\outputs\controlled_comparison_runs\run_20260528_205727\neural_eval\yolo_sppf_no_group_visual_attention896_seed44,<RUN_ROOT>\outputs\controlled_comparison_runs\run_20260528_205727\neural_training\yolo_sppf_no_group_visual_attention896_seed44
5,0.3736089930831685,0.8622513961007152,0.4004710417283358,0.8606012501240202,0.8053416563448663,198.45440673828125,5e-05,5e-05,50.7,8.67,26.0,1.36,46.0,20.9,0.4712837837837837,0.8480243161094225,0.6058631921824105,0.873828125,0.8757095321980818,0.8747678169909081,0.9111969111969112,0.8321579689703809,0.8698857353483229,0.8922526041666666,0.8504498914055229,0.8708498808578237,no_group_visual,attention,896,44,yolo_sppf_no_group_visual_attention896_seed44,<RUN_ROOT>\outputs\controlled_comparison_runs\run_20260528_205727\neural_eval\yolo_sppf_no_group_visual_attention896_seed44,<RUN_ROOT>\outputs\controlled_comparison_runs\run_20260528_205727\neural_training\yolo_sppf_no_group_visual_attention896_seed44
6,0.362009332842284,0.8678847849515039,0.3758656526254194,0.8615934120448457,0.8103101170683367,198.2608768939972,5e-05,5e-05,50.6,8.66,26.0,1.36,46.0,19.6,0.5009107468123861,0.8358662613981763,0.6264236902050113,0.8867469879518072,0.8643570170287728,0.8754088611358904,0.9134466769706336,0.8335684062059239,0.8716814159292037,0.8633292383292384,0.8721687868445548,0.8677265010032413,no_group_visual,attention,896,44,yolo_sppf_no_group_visual_attention896_seed44,<RUN_ROOT>\outputs\controlled_comparison_runs\run_20260528_205727\neural_eval\yolo_sppf_no_group_visual_attention896_seed44,<RUN_ROOT>\outputs\controlled_comparison_runs\run_20260528_205727\neural_training\yolo_sppf_no_group_visual_attention896_seed44
7,0.3524557361948569,0.8709219163319291,0.380236602486259,0.8650659787677349,0.8141778954888842,198.36573457717896,5e-05,5e-05,50.6,8.66,25.0,1.36,46.0,19.9,0.5210237659963437,0.8662613981762918,0.6506849315068494,0.850662311740156,0.917596398512429,0.8828625235404897,0.9293433083956776,0.7884344146685472,0.8531095001907668,0.9325762952448544,0.8153893887682283,0.8700546267174308,no_group_visual,attention,896,44,yolo_sppf_no_group_visual_attention896_seed44,<RUN_ROOT>\outputs\controlled_comparison_runs\run_20260528_205727\neural_eval\yolo_sppf_no_group_visual_attention896_seed44,<RUN_ROOT>\outputs\controlled_comparison_runs\run_20260528_205727\neural_training\yolo_sppf_no_group_visual_attention896_seed44
8,0.3383460593903233,0.8776329969628687,0.3608549915951684,0.8678440321460462,0.8249221243007023,198.9902539253235,5e-05,5e-05,50.6,8.66,25.0,1.36,46.0,20.7,0.6074766355140186,0.790273556231003,0.6869220607661822,0.8578830495928942,0.907418281464083,0.8819556739275183,0.9342105263157896,0.8011283497884344,0.8625664388762339,0.8957439788848565,0.8423828730995967,0.8682443236328751,no_group_visual,attention,896,44,yolo_sppf_no_group_visual_attention896_seed44,<RUN_ROOT>\outputs\controlled_comparison_runs\run_20260528_205727\neural_eval\yolo_sppf_no_group_visual_attention896_seed44,<RUN_ROOT>\outputs\controlled_comparison_runs\run_20260528_205727\neural_training\yolo_sppf_no_group_visual_attention896_seed44
9,0.3397788327146426,0.8755755853825806,0.4465820675485514,0.8429407679333267,0.7698362774777037,198.34481692314148,5e-05,5e-05,50.6,8.69,25.0,1.36,46.0,19.8,0.353437876960193,0.8905775075987842,0.5060449050086356,0.8744,0.8557447641417107,0.8649718073004253,0.918850380388842,0.7665726375176305,0.8358323721645521,0.8946853602869254,0.8513807012100527,0.8724960254372018,no_group_visual,attention,896,44,yolo_sppf_no_group_visual_attention896_seed44,<RUN_ROOT>\outputs\controlled_comparison_runs\run_20260528_205727\neural_eval\yolo_sppf_no_group_visual_attention896_seed44,<RUN_ROOT>\outputs\controlled_comparison_runs\run_20260528_205727\neural_training\yolo_sppf_no_group_visual_attention896_seed44
10,0.3356101193923655,0.8755755853825806,0.4782928587433378,0.8272646095842842,0.7615790628829688,198.5164794921875,5e-05,5e-05,50.6,8.66,25.0,1.36,47.0,20.1,0.4727272727272727,0.8693009118541033,0.6124197002141328,0.8561806656101426,0.8459581131336856,0.851038692527321,0.9489795918367347,0.5902679830747531,0.7278260869565218,0.8163092550790068,0.8976109215017065,0.8550317718338998,no_group_visual,attention,896,44,yolo_sppf_no_group_visual_attention896_seed44,<RUN_ROOT>\outputs\controlled_comparison_runs\run_20260528_205727\neural_eval\yolo_sppf_no_group_visual_attention896_seed44,<RUN_ROOT>\outputs\controlled_comparison_runs\run_20260528_205727\neural_training\yolo_sppf_no_group_visual_attention896_seed44
1,0.6566430912834818,0.7483099833447634,0.4602780517345915,0.8508780632999305,0.7582286779583398,177.71131944656372,5e-05,5e-05,50.9,10.51,9.0,1.51,38.0,15.3,0.7708333333333334,0.3373860182370821,0.4693446088794925,0.8105173876166243,0.935212370326874,0.8684114867320973,0.9472295514511874,0.7595204513399154,0.8430528375733854,0.8990699276610403,0.8098045299410487,0.852105778648384,no_group_visual,lstm,256,42,yolo_sppf_no_group_visual_lstm256_seed42,<RUN_ROOT>\outputs\controlled_comparison_runs\run_20260528_205727\neural_eval\yolo_sppf_no_group_visual_lstm256_seed42,<RUN_ROOT>\outputs\controlled_comparison_runs\run_20260528_205727\neural_training\yolo_sppf_no_group_visual_lstm256_seed42
2,0.4610703838084091,0.8359949054570393,0.4355918590415505,0.8573271157852962,0.7871807985290936,189.0479896068573,5e-05,5e-05,50.9,10.53,9.0,1.51,38.0,15.9,0.6070175438596491,0.5258358662613982,0.5635179153094463,0.8391115926327194,0.9095713446858484,0.8729219498450268,0.9526730937773884,0.7665726375176305,0.8495506057053537,0.8776886035313002,0.8482780018616196,0.8627327232565478,no_group_visual,lstm,256,42,yolo_sppf_no_group_visual_lstm256_seed42,<RUN_ROOT>\outputs\controlled_comparison_runs\run_20260528_205727\neural_eval\yolo_sppf_no_group_visual_lstm256_seed42,<RUN_ROOT>\outputs\controlled_comparison_runs\run_20260528_205727\neural_training\yolo_sppf_no_group_visual_lstm256_seed42
3,0.4443953760014993,0.8439306358381503,0.5078747658480314,0.836094850679631,0.7322280997479648,189.1762092113495,5e-05,5e-05,50.9,10.53,9.0,1.51,38.0,15.2,0.7862595419847328,0.3130699088145897,0.4478260869565217,0.8076113644335321,0.9013505578391074,0.8519100915733975,0.9587301587301588,0.6389280677009873,0.7668218366483285,0.8521660102999091,0.8727893267142414,0.8623543838136113,no_group_visual,lstm,256,42,yolo_sppf_no_group_visual_lstm256_seed42,<RUN_ROOT>\outputs\controlled_comparison_runs\run_20260528_205727\neural_eval\yolo_sppf_no_group_visual_lstm256_seed42,<RUN_ROOT>\outputs\controlled_comparison_runs\run_20260528_205727\neural_training\yolo_sppf_no_group_visual_lstm256_seed42
4,0.4252242064278654,0.8459390614284314,0.5185774883661892,0.839368985018355,0.7699647373954595,188.89237022399905,5e-05,5e-05,51.0,10.54,10.0,1.51,38.0,16.0,0.6485507246376812,0.5440729483282675,0.5917355371900826,0.8255326898561282,0.8872577803875514,0.8552830188679246,0.9681190223166845,0.6424541607898449,0.7723611699872828,0.8415900326312666,0.8802358051504809,0.8604792235365484,no_group_visual,lstm,256,42,yolo_sppf_no_group_visual_lstm256_seed42,<RUN_ROOT>\outputs\controlled_comparison_runs\run_20260528_205727\neural_eval\yolo_sppf_no_group_visual_lstm256_seed42,<RUN_ROOT>\outputs\controlled_comparison_runs\run_20260528_205727\neural_training\yolo_sppf_no_group_visual_lstm256_seed42
5,0.4051378406832421,0.8578916429901048,0.4714688567562945,0.8450243079670602,0.7720412253450291,188.9110465049744,5e-05,5e-05,50.9,10.53,9.0,1.51,37.0,15.2,0.5449871465295629,0.6443768996960486,0.5905292479108634,0.8080094228504122,0.939909962810726,0.8689829895041621,0.9647058823529412,0.6361071932299013,0.7666808329791756,0.9249644381223328,0.8070121005274589,0.8619718309859153,no_group_visual,lstm,256,42,yolo_sppf_no_group_visual_lstm256_seed42,<RUN_ROOT>\outputs\controlled_comparison_runs\run_20260528_205727\neural_eval\yolo_sppf_no_group_visual_lstm256_seed42,<RUN_ROOT>\outputs\controlled_comparison_runs\run_20260528_205727\neural_training\yolo_sppf_no_group_visual_lstm256_seed42
6,0.4006314340053377,0.8593122367003038,0.3886370892581042,0.8700267883718623,0.8197168045984531,189.25363063812256,5e-05,5e-05,50.9,10.56,9.0,1.51,37.0,14.7,0.5835411471321695,0.7112462006079028,0.641095890410959,0.8616763113683031,0.903503621060873,0.8820944009172559,0.935686274509804,0.8413258110014105,0.8860007426661716,0.8949441891004596,0.8457958423828731,0.8696761843994258,no_group_visual,lstm,256,42,yolo_sppf_no_group_visual_lstm256_seed42,<RUN_ROOT>\outputs\controlled_comparison_runs\run_20260528_205727\neural_eval\yolo_sppf_no_group_visual_lstm256_seed42,<RUN_ROOT>\outputs\controlled_comparison_runs\run_20260528_205727\neural_training\yolo_sppf_no_group_visual_lstm256_seed42
7,0.3755541836031272,0.8649946115410992,0.4571961434966411,0.8346066077983927,0.7923380030366108,189.2946150302887,5e-05,5e-05,50.9,10.54,10.0,1.51,37.0,15.0,0.5809768637532133,0.6869300911854104,0.6295264623955431,0.8733937223509585,0.8115091015854374,0.841314935064935,0.9446308724832216,0.7940761636107193,0.8628352490421456,0.7768595041322314,0.904126590133416,0.8356753656438198,no_group_visual,lstm,256,42,yolo_sppf_no_group_visual_lstm256_seed42,<RUN_ROOT>\outputs\controlled_comparison_runs\run_20260528_205727\neural_eval\yolo_sppf_no_group_visual_lstm256_seed42,<RUN_ROOT>\outputs\controlled_comparison_runs\run_20260528_205727\neural_training\yolo_sppf_no_group_visual_lstm256_seed42
8,0.3728358326187841,0.8635250318408935,0.5855441065808197,0.8105962893144161,0.7352986864716532,183.74130535125727,5e-05,5e-05,51.0,10.57,9.0,1.51,37.0,15.2,0.5032679738562091,0.7021276595744681,0.5862944162436549,0.8117537313432835,0.8516343707183401,0.8312159709618875,0.9825033647375504,0.5148095909732017,0.6756131420638594,0.8126243957918681,0.8867514737821905,0.8480712166172107,no_group_visual,lstm,256,42,yolo_sppf_no_group_visual_lstm256_seed42,<RUN_ROOT>\outputs\controlled_comparison_runs\run_20260528_205727\neural_eval\yolo_sppf_no_group_visual_lstm256_seed42,<RUN_ROOT>\outputs\controlled_comparison_runs\run_20260528_205727\neural_training\yolo_sppf_no_group_visual_lstm256_seed42
9,0.3592510186763463,0.8717056921720387,0.4079410156475321,0.857128683401131,0.8070072547259011,189.3757965564728,5e-05,5e-05,50.9,10.56,9.0,1.51,37.0,16.0,0.4892086330935252,0.8267477203647416,0.6146892655367232,0.902834008097166,0.829320806420043,0.8645174454193022,0.844559585492228,0.919605077574048,0.8804861580013504,0.8600121728545344,0.8768228358672044,0.8683361499462283,no_group_visual,lstm,256,42,yolo_sppf_no_group_visual_lstm256_seed42,<RUN_ROOT>\outputs\controlled_comparison_runs\run_20260528_205727\neural_eval\yolo_sppf_no_group_visual_lstm256_seed42,<RUN_ROOT>\outputs\controlled_comparison_runs\run_20260528_205727\neural_training\yolo_sppf_no_group_visual_lstm256_seed42
10,0.3598326981829648,0.8707259723719016,0.4012233010304737,0.8619902768131759,0.8134852735640883,189.45338916778564,5e-05,5e-05,51.0,10.47,10.0,1.51,37.0,14.8,0.6610169491525424,0.7112462006079028,0.6852122986822841,0.8425524222704266,0.9123116069680955,0.8760454844469504,0.9322493224932248,0.7277856135401974,0.8174257425742575,0.8946856772521062,0.856655290102389,0.875257568552861,no_group_visual,lstm,256,42,yolo_sppf_no_group_visual_lstm256_seed42,<RUN_ROOT>\outputs\controlled_comparison_runs\run_20260528_205727\neural_eval\yolo_sppf_no_group_visual_lstm256_seed42,<RUN_ROOT>\outputs\controlled_comparison_runs\run_20260528_205727\neural_training\yolo_sppf_no_group_visual_lstm256_seed42
1,0.6476472351688389,0.750514352895072,0.400521502507821,0.8575255481694612,0.7913911095114634,177.3091471195221,5e-05,5e-05,51.0,10.62,9.0,1.51,37.0,15.4,0.6680497925311203,0.4893617021276595,0.5649122807017544,0.8603223330775134,0.8776668623996868,0.8689080515453929,0.8373143963847643,0.9146685472496474,0.8742837883383889,0.8778030549236269,0.8380390940117902,0.8574603174603174,no_group_visual,lstm,256,43,yolo_sppf_no_group_visual_lstm256_seed43,<RUN_ROOT>\outputs\controlled_comparison_runs\run_20260528_205727\neural_eval\yolo_sppf_no_group_visual_lstm256_seed43,<RUN_ROOT>\outputs\controlled_comparison_runs\run_20260528_205727\neural_training\yolo_sppf_no_group_visual_lstm256_seed43
2,0.464978970342015,0.8331047320466347,0.4524552763295582,0.8544498462149023,0.775152800906787,189.0689549446106,5e-05,5e-05,50.8,10.62,9.0,1.51,37.0,14.3,0.7875,0.3829787234042553,0.5153374233128835,0.839010989010989,0.8966529653552554,0.8668748225943798,0.9483050847457628,0.7891396332863188,0.8614318706697459,0.8496492833180848,0.8644120384734719,0.8569670870501385,no_group_visual,lstm,256,43,yolo_sppf_no_group_visual_lstm256_seed43,<RUN_ROOT>\outputs\controlled_comparison_runs\run_20260528_205727\neural_eval\yolo_sppf_no_group_visual_lstm256_seed43,<RUN_ROOT>\outputs\controlled_comparison_runs\run_20260528_205727\neural_training\yolo_sppf_no_group_visual_lstm256_seed43
3,0.4433804455572348,0.8417262662878416,0.4167644889190024,0.8615934120448457,0.790543039864126,188.7167603969574,5e-05,5e-05,51.1,10.62,10.0,1.51,37.0,13.9,0.7447916666666666,0.4346504559270516,0.5489443378119002,0.8442174388909157,0.905852417302799,0.8739495798319327,0.9494290375203916,0.8208744710860366,0.880484114977307,0.8647373387857817,0.8529320508842693,0.8587941268353639,no_group_visual,lstm,256,43,yolo_sppf_no_group_visual_lstm256_seed43,<RUN_ROOT>\outputs\controlled_comparison_runs\run_20260528_205727\neural_eval\yolo_sppf_no_group_visual_lstm256_seed43,<RUN_ROOT>\outputs\controlled_comparison_runs\run_20260528_205727\neural_training\yolo_sppf_no_group_visual_lstm256_seed43
4,0.4181078596268328,0.8482903889487606,0.3870528628783566,0.8655620597281476,0.8110272886117089,188.2024745941162,5e-05,5e-05,50.9,10.6,9.0,1.51,37.0,14.2,0.70703125,0.5501519756838906,0.6188034188034188,0.8661432401378782,0.8853004501859464,0.8756170748233473,0.8940586972083036,0.8808180535966149,0.8873889875666074,0.864856429463171,0.8597579894508223,0.862299673253462,no_group_visual,lstm,256,43,yolo_sppf_no_group_visual_lstm256_seed43,<RUN_ROOT>\outputs\controlled_comparison_runs\run_20260528_205727\neural_eval\yolo_sppf_no_group_visual_lstm256_seed43,<RUN_ROOT>\outputs\controlled_comparison_runs\run_20260528_205727\neural_training\yolo_sppf_no_group_visual_lstm256_seed43
5,0.4096072020190169,0.8528460860193985,0.3966997472454779,0.868538545490624,0.805600392321738,188.98049759864807,5e-05,5e-05,51.0,10.62,9.0,1.51,37.0,15.1,0.667953667953668,0.5258358662613982,0.58843537414966,0.8633540372670807,0.8978273634762184,0.8802533103051237,0.9195751138088012,0.8547249647390691,0.8859649122807018,0.8723737848855441,0.8631709587340987,0.867747972551466,no_group_visual,lstm,256,43,yolo_sppf_no_group_visual_lstm256_seed43,<RUN_ROOT>\outputs\controlled_comparison_runs\run_20260528_205727\neural_eval\yolo_sppf_no_group_visual_lstm256_seed43,<RUN_ROOT>\outputs\controlled_comparison_runs\run_20260528_205727\neural_training\yolo_sppf_no_group_visual_lstm256_seed43
6,0.3883162537869942,0.8598510825903791,0.3988612333754269,0.8679432483381287,0.8130524479501415,189.00650191307068,5e-05,5e-05,51.0,10.64,9.0,1.51,37.0,13.8,0.6725352112676056,0.5805471124620061,0.6231647634584013,0.8590629083442225,0.900763358778626,0.8794190712784253,0.93125,0.840620592383639,0.8836174944403262,0.8749208359721342,0.8572758299720757,0.8660084626234132,no_group_visual,lstm,256,43,yolo_sppf_no_group_visual_lstm256_seed43,<RUN_ROOT>\outputs\controlled_comparison_runs\run_20260528_205727\neural_eval\yolo_sppf_no_group_visual_lstm256_seed43,<RUN_ROOT>\outputs\controlled_comparison_runs\run_20260528_205727\neural_training\yolo_sppf_no_group_visual_lstm256_seed43
7,0.384482854380211,0.8618595081806604,0.4056781145433585,0.861295763468598,0.8001869409486987,189.1252851486206,5e-05,5e-05,51.0,10.48,10.0,1.51,37.0,15.1,0.6607142857142857,0.5623100303951368,0.6075533661740559,0.8483900643974241,0.9025249559600704,0.8746206373292867,0.9379779099405268,0.7785613540197461,0.8508670520231215,0.8726074678380923,0.8628606887992554,0.8677067082683307,no_group_visual,lstm,256,43,yolo_sppf_no_group_visual_lstm256_seed43,<RUN_ROOT>\outputs\controlled_comparison_runs\run_20260528_205727\neural_eval\yolo_sppf_no_group_visual_lstm256_seed43,<RUN_ROOT>\outputs\controlled_comparison_runs\run_20260528_205727\neural_training\yolo_sppf_no_group_visual_lstm256_seed43
8,0.3745023733045801,0.8679337709415107,0.381473056411755,0.868538545490624,0.8190709731449475,189.13552498817444,5e-05,5e-05,51.0,10.49,9.0,1.51,37.0,14.4,0.7035714285714286,0.5987841945288754,0.6469622331691297,0.865614902109865,0.8913681738109219,0.8783027965284474,0.9285159285159286,0.8427362482369535,0.8835489833641405,0.8637342356198093,0.8712379770400248,0.8674698795180723,no_group_visual,lstm,256,43,yolo_sppf_no_group_visual_lstm256_seed43,<RUN_ROOT>\outputs\controlled_comparison_runs\run_20260528_205727\neural_eval\yolo_sppf_no_group_visual_lstm256_seed43,<RUN_ROOT>\outputs\controlled_comparison_runs\run_20260528_205727\neural_training\yolo_sppf_no_group_visual_lstm256_seed43
9,0.3651214300225661,0.8685216028215931,0.4556016147609741,0.8430399841254093,0.7924961291224655,187.77471923828125,5e-05,5e-05,51.3,10.57,9.0,1.51,37.0,14.5,0.6492307692307693,0.6413373860182371,0.6452599388379204,0.8465089440276976,0.8614210217263653,0.8538998835855646,0.9425393883225208,0.7172073342736248,0.8145774929915898,0.8250863060989643,0.8898541731306236,0.8562472010747872,no_group_visual,lstm,256,43,yolo_sppf_no_group_visual_lstm256_seed43,<RUN_ROOT>\outputs\controlled_comparison_runs\run_20260528_205727\neural_eval\yolo_sppf_no_group_visual_lstm256_seed43,<RUN_ROOT>\outputs\controlled_comparison_runs\run_20260528_205727\neural_training\yolo_sppf_no_group_visual_lstm256_seed43
10,0.3493790361084347,0.8722935240521211,0.3926962732426112,0.8651651949598175,0.8159503581575831,181.96497321128845,5e-05,5e-05,51.0,10.52,9.0,1.51,37.0,15.6,0.6985815602836879,0.5987841945288754,0.6448445171849427,0.8744131455399061,0.8749266001174398,0.8746697974757851,0.9198767334360556,0.842031029619182,0.8792341678939617,0.8441098317094774,0.8870617437170338,0.865052950075643,no_group_visual,lstm,256,43,yolo_sppf_no_group_visual_lstm256_seed43,<RUN_ROOT>\outputs\controlled_comparison_runs\run_20260528_205727\neural_eval\yolo_sppf_no_group_visual_lstm256_seed43,<RUN_ROOT>\outputs\controlled_comparison_runs\run_20260528_205727\neural_training\yolo_sppf_no_group_visual_lstm256_seed43
1,0.6491503018220204,0.755706867835799,0.6324077731027963,0.7626748685385455,0.7110918709435474,179.66713094711304,5e-05,5e-05,51.7,10.6,9.0,1.51,38.0,15.7,0.3870967741935484,0.6930091185410334,0.4967320261437908,0.8635125092890761,0.6823253082795068,0.7623004592171442,0.9561830574488802,0.692524682651622,0.8032719836400818,0.6757794848621781,0.9280173751163512,0.782063014773173,no_group_visual,lstm,256,44,yolo_sppf_no_group_visual_lstm256_seed44,<RUN_ROOT>\outputs\controlled_comparison_runs\run_20260528_205727\neural_eval\yolo_sppf_no_group_visual_lstm256_seed44,<RUN_ROOT>\outputs\controlled_comparison_runs\run_20260528_205727\neural_training\yolo_sppf_no_group_visual_lstm256_seed44
2,0.4643559748230963,0.8332516900166552,0.4085825539574707,0.8599067367794424,0.7973619194464721,190.14102339744568,5e-05,5e-05,50.9,10.61,10.0,1.51,37.0,14.8,0.6096774193548387,0.574468085106383,0.5915492957746479,0.8488329010744721,0.8968486983754159,0.8721804511278196,0.917401764234162,0.8067700987306065,0.8585365853658536,0.8809218950064021,0.8538628606887992,0.8671813455175672,no_group_visual,lstm,256,44,yolo_sppf_no_group_visual_lstm256_seed44,<RUN_ROOT>\outputs\controlled_comparison_runs\run_20260528_205727\neural_eval\yolo_sppf_no_group_visual_lstm256_seed44,<RUN_ROOT>\outputs\controlled_comparison_runs\run_20260528_205727\neural_training\yolo_sppf_no_group_visual_lstm256_seed44
3,0.4418736586017318,0.8399627706475948,0.4043441366060593,0.861097331084433,0.80353719821457,190.18938422203064,5e-05,5e-05,50.9,10.61,9.0,1.51,37.0,16.6,0.5757575757575758,0.6352583586626139,0.6040462427745664,0.8601518026565464,0.8872577803875514,0.8734945563156373,0.905918057663126,0.842031029619182,0.8728070175438598,0.8769181585677749,0.8510704312752094,0.8638009762242167,no_group_visual,lstm,256,44,yolo_sppf_no_group_visual_lstm256_seed44,<RUN_ROOT>\outputs\controlled_comparison_runs\run_20260528_205727\neural_eval\yolo_sppf_no_group_visual_lstm256_seed44,<RUN_ROOT>\outputs\controlled_comparison_runs\run_20260528_205727\neural_training\yolo_sppf_no_group_visual_lstm256_seed44
4,0.4179353884167291,0.8532379739394533,0.473484714866601,0.838277606905447,0.7824654118306342,190.32633090019223,5e-05,5e-05,50.9,10.63,9.0,1.51,37.0,16.5,0.6678445229681979,0.574468085106383,0.6176470588235294,0.8436595251881877,0.8555490311215502,0.8495626822157435,0.9464788732394366,0.7108603667136812,0.8119210632299637,0.8115492957746478,0.8938876822835867,0.8507308430532999,no_group_visual,lstm,256,44,yolo_sppf_no_group_visual_lstm256_seed44,<RUN_ROOT>\outputs\controlled_comparison_runs\run_20260528_205727\neural_eval\yolo_sppf_no_group_visual_lstm256_seed44,<RUN_ROOT>\outputs\controlled_comparison_runs\run_20260528_205727\neural_training\yolo_sppf_no_group_visual_lstm256_seed44
5,0.410842670603629,0.8537278338395219,0.4542143543221293,0.8483976584978669,0.7791425259468024,190.42848443984985,5e-05,5e-05,50.9,10.62,9.0,1.51,37.0,15.0,0.4751491053677932,0.7264437689969605,0.5745192307692308,0.8313360758361653,0.909767077706009,0.8687850467289719,0.9538017324350336,0.6988716502115656,0.8066748066748066,0.9073319755600816,0.8293515358361775,0.8665910196142,no_group_visual,lstm,256,44,yolo_sppf_no_group_visual_lstm256_seed44,<RUN_ROOT>\outputs\controlled_comparison_runs\run_20260528_205727\neural_eval\yolo_sppf_no_group_visual_lstm256_seed44,<RUN_ROOT>\outputs\controlled_comparison_runs\run_20260528_205727\neural_training\yolo_sppf_no_group_visual_lstm256_seed44
6,0.3998908794493791,0.8565200352699128,0.4319176079143607,0.8508780632999305,0.7939313322389986,190.4045548439026,5e-05,5e-05,50.9,10.62,10.0,1.51,37.0,14.9,0.5344036697247706,0.7082066869300911,0.6091503267973857,0.8603568657874321,0.8682716774319827,0.8642961519727228,0.9542600896860988,0.7503526093088858,0.8401105408606395,0.8431198102016607,0.8820974247595408,0.8621683093252465,no_group_visual,lstm,256,44,yolo_sppf_no_group_visual_lstm256_seed44,<RUN_ROOT>\outputs\controlled_comparison_runs\run_20260528_205727\neural_eval\yolo_sppf_no_group_visual_lstm256_seed44,<RUN_ROOT>\outputs\controlled_comparison_runs\run_20260528_205727\neural_training\yolo_sppf_no_group_visual_lstm256_seed44
7,0.3837072729281964,0.8626922700107769,0.39619060901718,0.861295763468598,0.8078814027405212,190.20544242858887,5e-05,5e-05,50.9,10.63,9.0,1.51,37.0,15.1,0.6246498599439776,0.6778115501519757,0.6501457725947521,0.8502308402585411,0.9011548248189468,0.8749524895477004,0.9297484822202948,0.7559943582510579,0.8339167639050954,0.8820545339251744,0.8631709587340987,0.8725105849145367,no_group_visual,lstm,256,44,yolo_sppf_no_group_visual_lstm256_seed44,<RUN_ROOT>\outputs\controlled_comparison_runs\run_20260528_205727\neural_eval\yolo_sppf_no_group_visual_lstm256_seed44,<RUN_ROOT>\outputs\controlled_comparison_runs\run_20260528_205727\neural_training\yolo_sppf_no_group_visual_lstm256_seed44
8,0.3653170791816632,0.8699911825217987,0.4340472934246506,0.8566326024407184,0.790777792919375,190.4101264476776,5e-05,5e-05,50.9,10.59,9.0,1.51,37.0,15.0,0.6357827476038339,0.6048632218844985,0.6199376947040498,0.8228699551569507,0.9338422391857506,0.8748510131108462,0.963855421686747,0.6770098730606487,0.7953603976801988,0.9098250336473755,0.8389699038163202,0.8729620661824052,no_group_visual,lstm,256,44,yolo_sppf_no_group_visual_lstm256_seed44,<RUN_ROOT>\outputs\controlled_comparison_runs\run_20260528_205727\neural_eval\yolo_sppf_no_group_visual_lstm256_seed44,<RUN_ROOT>\outputs\controlled_comparison_runs\run_20260528_205727\neural_training\yolo_sppf_no_group_visual_lstm256_seed44
9,0.3579272029769598,0.873371215832272,0.400284613472306,0.8650659787677349,0.8063419877227612,190.12551021575928,5e-05,5e-05,51.0,10.58,9.0,1.51,37.0,16.4,0.483271375464684,0.790273556231003,0.5997693194925029,0.8754841208365608,0.8849089841456254,0.880171322885233,0.8804034582132565,0.8617771509167842,0.8709907341411262,0.9086651053864168,0.84269314303444,0.8744365743721829,no_group_visual,lstm,256,44,yolo_sppf_no_group_visual_lstm256_seed44,<RUN_ROOT>\outputs\controlled_comparison_runs\run_20260528_205727\neural_eval\yolo_sppf_no_group_visual_lstm256_seed44,<RUN_ROOT>\outputs\controlled_comparison_runs\run_20260528_205727\neural_training\yolo_sppf_no_group_visual_lstm256_seed44
10,0.3545630949572733,0.8685705888115999,0.4563964599237171,0.8446274431987301,0.7895278392452123,189.15049695968628,5e-05,5e-05,51.1,10.7,9.0,1.51,37.0,15.3,0.5697115384615384,0.7203647416413373,0.636241610738255,0.8531738375458229,0.8655314151497357,0.8593082005441119,0.9453499520613614,0.6953455571227081,0.8013002844372206,0.8344486470759384,0.8898541731306236,0.8612612612612612,no_group_visual,lstm,256,44,yolo_sppf_no_group_visual_lstm256_seed44,<RUN_ROOT>\outputs\controlled_comparison_runs\run_20260528_205727\neural_eval\yolo_sppf_no_group_visual_lstm256_seed44,<RUN_ROOT>\outputs\controlled_comparison_runs\run_20260528_205727\neural_training\yolo_sppf_no_group_visual_lstm256_seed44
1,0.619055189168939,0.7688840991476438,0.4155511036518932,0.8615934120448457,0.7962172039845418,185.24252247810364,5e-05,5e-05,51.1,10.53,15.0,1.57,38.0,15.7,0.6340579710144928,0.5319148936170213,0.578512396694215,0.833245382585752,0.9271873165002936,0.877709838799333,0.899625468164794,0.8469675599435825,0.8725027243007628,0.9238232123607618,0.7977040024821594,0.8561438561438561,no_group_visual,lstm,512,42,yolo_sppf_no_group_visual_lstm512_seed42,<RUN_ROOT>\outputs\controlled_comparison_runs\run_20260528_205727\neural_eval\yolo_sppf_no_group_visual_lstm512_seed42,<RUN_ROOT>\outputs\controlled_comparison_runs\run_20260528_205727\neural_training\yolo_sppf_no_group_visual_lstm512_seed42
2,0.4536423952899709,0.838150289017341,0.4063230494085315,0.8633793035023316,0.7987972668635228,187.85469818115237,5e-05,5e-05,50.7,10.55,15.0,1.57,38.0,16.6,0.5761194029850746,0.5866261398176292,0.5813253012048193,0.8436147186147186,0.9154433352906636,0.8780625176006759,0.9337641357027464,0.8152327221438646,0.8704819277108433,0.9034436191762324,0.8302823456407075,0.8653193209377525,no_group_visual,lstm,512,42,yolo_sppf_no_group_visual_lstm512_seed42,<RUN_ROOT>\outputs\controlled_comparison_runs\run_20260528_205727\neural_eval\yolo_sppf_no_group_visual_lstm512_seed42,<RUN_ROOT>\outputs\controlled_comparison_runs\run_20260528_205727\neural_training\yolo_sppf_no_group_visual_lstm512_seed42
3,0.4306406786863846,0.845057313608308,0.4732254522745424,0.8441313622383173,0.7611565821351077,187.6730887889862,5e-05,5e-05,50.8,10.55,15.0,1.57,39.0,16.2,0.6857142857142857,0.4376899696048632,0.5343228200371057,0.8123589654573858,0.916030534351145,0.8610855565777369,0.947211155378486,0.6706629055007052,0.7853014037985135,0.8804768041237113,0.8479677319267763,0.8639165481270744,no_group_visual,lstm,512,42,yolo_sppf_no_group_visual_lstm512_seed42,<RUN_ROOT>\outputs\controlled_comparison_runs\run_20260528_205727\neural_eval\yolo_sppf_no_group_visual_lstm512_seed42,<RUN_ROOT>\outputs\controlled_comparison_runs\run_20260528_205727\neural_training\yolo_sppf_no_group_visual_lstm512_seed42
4,0.4115793913585312,0.8495150386989321,0.4572649149477319,0.8589145748586169,0.797645843306505,187.62226605415344,5e-05,5e-05,51.0,10.55,14.0,1.57,39.0,17.0,0.6047904191616766,0.6139817629179332,0.6093514328808446,0.8401010647897491,0.9111372088471326,0.8741784037558686,0.9652333028362304,0.7440056417489421,0.8403026682596574,0.8823529411764706,0.8516909711448961,0.8667508683296495,no_group_visual,lstm,512,42,yolo_sppf_no_group_visual_lstm512_seed42,<RUN_ROOT>\outputs\controlled_comparison_runs\run_20260528_205727\neural_eval\yolo_sppf_no_group_visual_lstm512_seed42,<RUN_ROOT>\outputs\controlled_comparison_runs\run_20260528_205727\neural_training\yolo_sppf_no_group_visual_lstm512_seed42
5,0.3920098957357502,0.8603899284804546,0.4462086674140116,0.8515725766445084,0.7781162324760947,187.8445463180542,5e-05,5e-05,50.9,10.55,15.0,1.57,39.0,16.5,0.4176570458404074,0.7477203647416414,0.5359477124183006,0.8464364437913299,0.901937756899589,0.873306168861935,0.9431616341030196,0.7489421720733427,0.8349056603773585,0.9133561643835616,0.8274899162271175,0.8683053882467849,no_group_visual,lstm,512,42,yolo_sppf_no_group_visual_lstm512_seed42,<RUN_ROOT>\outputs\controlled_comparison_runs\run_20260528_205727\neural_eval\yolo_sppf_no_group_visual_lstm512_seed42,<RUN_ROOT>\outputs\controlled_comparison_runs\run_20260528_205727\neural_training\yolo_sppf_no_group_visual_lstm512_seed42
6,0.377508188177449,0.8645537376310375,0.4092815780344175,0.8673479511856335,0.8145601860117283,187.6854441165924,5e-05,5e-05,50.8,10.56,15.0,1.57,39.0,14.7,0.4944029850746269,0.8054711246200608,0.6127167630057804,0.8714450422751729,0.8876492464278724,0.879472510423737,0.9236526946107784,0.8702397743300423,0.896151053013798,0.9017649017649018,0.8402109835556935,0.8699004176035979,no_group_visual,lstm,512,42,yolo_sppf_no_group_visual_lstm512_seed42,<RUN_ROOT>\outputs\controlled_comparison_runs\run_20260528_205727\neural_eval\yolo_sppf_no_group_visual_lstm512_seed42,<RUN_ROOT>\outputs\controlled_comparison_runs\run_20260528_205727\neural_training\yolo_sppf_no_group_visual_lstm512_seed42
7,0.356203174256489,0.8706280003918879,0.4328334552939937,0.8481992261137018,0.8046213938548061,187.78654623031616,5e-05,5e-05,50.8,10.57,15.0,1.57,39.0,14.8,0.5394456289978679,0.7689969604863222,0.6340852130325815,0.8836917936938818,0.8283421413192406,0.8551222469185694,0.9318541996830428,0.8293370944992948,0.8776119402985075,0.8114638943523461,0.89605957182749,0.8516661751695664,no_group_visual,lstm,512,42,yolo_sppf_no_group_visual_lstm512_seed42,<RUN_ROOT>\outputs\controlled_comparison_runs\run_20260528_205727\neural_eval\yolo_sppf_no_group_visual_lstm512_seed42,<RUN_ROOT>\outputs\controlled_comparison_runs\run_20260528_205727\neural_training\yolo_sppf_no_group_visual_lstm512_seed42
8,0.3594478221258388,0.866807093171353,0.4608898154203041,0.8469094156166286,0.7910021928668632,187.7276964187622,5e-05,5e-05,51.0,10.58,15.0,1.57,39.0,15.0,0.5154639175257731,0.7598784194528876,0.6142506142506142,0.8599609375,0.8618124877666863,0.8608857170788934,0.9556786703601108,0.729901269393512,0.8276689324270293,0.8398702447655558,0.8836487744337573,0.8612035077109162,no_group_visual,lstm,512,42,yolo_sppf_no_group_visual_lstm512_seed42,<RUN_ROOT>\outputs\controlled_comparison_runs\run_20260528_205727\neural_eval\yolo_sppf_no_group_visual_lstm512_seed42,<RUN_ROOT>\outputs\controlled_comparison_runs\run_20260528_205727\neural_training\yolo_sppf_no_group_visual_lstm512_seed42
9,0.3242236879175429,0.8790535906730675,0.4381358387202785,0.8526639547574164,0.7965211211505514,188.30146980285645,2.5e-05,2.5e-05,50.9,10.55,15.0,1.57,39.0,16.3,0.452892561983471,0.8328267477203647,0.5867237687366167,0.8877236273904997,0.8449794480328832,0.8658243080625752,0.9266932270916336,0.8201692524682651,0.8701833146277591,0.8462455303933254,0.8811666149550108,0.8633530931752547,no_group_visual,lstm,512,42,yolo_sppf_no_group_visual_lstm512_seed42,<RUN_ROOT>\outputs\controlled_comparison_runs\run_20260528_205727\neural_eval\yolo_sppf_no_group_visual_lstm512_seed42,<RUN_ROOT>\outputs\controlled_comparison_runs\run_20260528_205727\neural_training\yolo_sppf_no_group_visual_lstm512_seed42
10,0.3231463075270964,0.8816008621534241,0.4214255168801173,0.8624863577735886,0.8152308133502796,188.12146019935608,2.5e-05,2.5e-05,50.9,10.53,14.0,1.57,39.0,15.6,0.5899772209567198,0.7872340425531915,0.6744791666666667,0.8558322411533421,0.8946956351536505,0.8748325358851675,0.92399658411614,0.763046544428773,0.835843955195056,0.8890664961636828,0.8628606887992554,0.8757675956542278,no_group_visual,lstm,512,42,yolo_sppf_no_group_visual_lstm512_seed42,<RUN_ROOT>\outputs\controlled_comparison_runs\run_20260528_205727\neural_eval\yolo_sppf_no_group_visual_lstm512_seed42,<RUN_ROOT>\outputs\controlled_comparison_runs\run_20260528_205727\neural_training\yolo_sppf_no_group_visual_lstm512_seed42
1,0.6166435429551945,0.7681982952875478,0.4419592765315125,0.8436352812779045,0.7910173984960428,185.077073097229,5e-05,5e-05,50.9,10.58,15.0,1.57,39.0,16.2,0.6217948717948718,0.5896656534954408,0.6053042121684867,0.8762993762993763,0.825014679976512,0.8498840608932352,0.8280839895013123,0.8899858956276445,0.8579197824609109,0.8249344596562773,0.8786844554762644,0.8509615384615384,no_group_visual,lstm,512,43,yolo_sppf_no_group_visual_lstm512_seed43,<RUN_ROOT>\outputs\controlled_comparison_runs\run_20260528_205727\neural_eval\yolo_sppf_no_group_visual_lstm512_seed43,<RUN_ROOT>\outputs\controlled_comparison_runs\run_20260528_205727\neural_training\yolo_sppf_no_group_visual_lstm512_seed43
2,0.4649903878984173,0.8343293817968062,0.4682279343190159,0.8417501736283362,0.7851338739334833,187.92526626586917,5e-05,5e-05,50.8,10.59,14.0,1.57,39.0,15.7,0.703862660944206,0.4984802431610942,0.5836298932384342,0.853330697766357,0.8449794480328832,0.8491345397324942,0.9388429752066116,0.8011283497884344,0.8645357686453577,0.801509644953872,0.8895439031957804,0.8432352941176471,no_group_visual,lstm,512,43,yolo_sppf_no_group_visual_lstm512_seed43,<RUN_ROOT>\outputs\controlled_comparison_runs\run_20260528_205727\neural_eval\yolo_sppf_no_group_visual_lstm512_seed43,<RUN_ROOT>\outputs\controlled_comparison_runs\run_20260528_205727\neural_training\yolo_sppf_no_group_visual_lstm512_seed43
3,0.442595887219761,0.8423630841579308,0.4504957910752781,0.8542514138307372,0.767030404168418,187.69748783111567,5e-05,5e-05,50.9,10.64,15.0,1.57,39.0,15.7,0.785234899328859,0.3556231003039514,0.4895397489539749,0.8277945619335347,0.911724407907614,0.8677347242921013,0.9356477561388654,0.7792665726375176,0.850327048864948,0.874439461883408,0.8470369221222463,0.8605200945626478,no_group_visual,lstm,512,43,yolo_sppf_no_group_visual_lstm512_seed43,<RUN_ROOT>\outputs\controlled_comparison_runs\run_20260528_205727\neural_eval\yolo_sppf_no_group_visual_lstm512_seed43,<RUN_ROOT>\outputs\controlled_comparison_runs\run_20260528_205727\neural_training\yolo_sppf_no_group_visual_lstm512_seed43
4,0.4094035013208055,0.851621436269227,0.4144076037324137,0.8607996825081853,0.8073400123160581,187.6357457637787,5e-05,5e-05,50.9,10.63,15.0,1.57,39.0,17.0,0.7188755020080321,0.5440729483282675,0.6193771626297577,0.8666148162551041,0.8723820708553534,0.8694888802184941,0.8857958600999286,0.8751763046544428,0.8804540617240156,0.8517954960438223,0.868445547626435,0.8600399446919651,no_group_visual,lstm,512,43,yolo_sppf_no_group_visual_lstm512_seed43,<RUN_ROOT>\outputs\controlled_comparison_runs\run_20260528_205727\neural_eval\yolo_sppf_no_group_visual_lstm512_seed43,<RUN_ROOT>\outputs\controlled_comparison_runs\run_20260528_205727\neural_training\yolo_sppf_no_group_visual_lstm512_seed43
5,0.4017531561276942,0.8544626236896248,0.4095673066831844,0.8647683301914872,0.8096694067979836,187.86265349388125,5e-05,5e-05,50.8,10.63,14.0,1.57,39.0,14.9,0.592896174863388,0.6595744680851063,0.6244604316546764,0.8619909502262444,0.8948913681738109,0.8781331028522039,0.9292604501607716,0.8152327221438646,0.8685199098422239,0.8755134281200632,0.8597579894508223,0.8675641828428303,no_group_visual,lstm,512,43,yolo_sppf_no_group_visual_lstm512_seed43,<RUN_ROOT>\outputs\controlled_comparison_runs\run_20260528_205727\neural_eval\yolo_sppf_no_group_visual_lstm512_seed43,<RUN_ROOT>\outputs\controlled_comparison_runs\run_20260528_205727\neural_training\yolo_sppf_no_group_visual_lstm512_seed43
6,0.3773986365059303,0.8640638777309689,0.456565310230704,0.8603036015477726,0.8027362797530263,318.08589458465576,5e-05,5e-05,43.1,10.59,4.0,1.57,38.0,14.7,0.6633663366336634,0.6109422492401215,0.6360759493670886,0.8281032078103208,0.92973184576238,0.8759797141539879,0.9611470860314524,0.732722143864598,0.8315326130452181,0.9060493409935788,0.831833695314924,0.8673568424458105,no_group_visual,lstm,512,43,yolo_sppf_no_group_visual_lstm512_seed43,<RUN_ROOT>\outputs\controlled_comparison_runs\run_20260528_205727\neural_eval\yolo_sppf_no_group_visual_lstm512_seed43,<RUN_ROOT>\outputs\controlled_comparison_runs\run_20260528_205727\neural_training\yolo_sppf_no_group_visual_lstm512_seed43
7,0.377290406954828,0.8658273733712158,0.4326600202226213,0.8577239805536263,0.801219514820788,397.68462896347046,5e-05,5e-05,40.9,10.52,15.0,1.57,38.0,16.4,0.6467065868263473,0.6565349544072948,0.6515837104072397,0.8335408145118264,0.9174006654922684,0.8734625419306746,0.951242829827916,0.7016925246826516,0.8076298701298703,0.8930429128738622,0.8523115110145827,0.8722019368153675,no_group_visual,lstm,512,43,yolo_sppf_no_group_visual_lstm512_seed43,<RUN_ROOT>\outputs\controlled_comparison_runs\run_20260528_205727\neural_eval\yolo_sppf_no_group_visual_lstm512_seed43,<RUN_ROOT>\outputs\controlled_comparison_runs\run_20260528_205727\neural_training\yolo_sppf_no_group_visual_lstm512_seed43
8,0.3629789949310096,0.8699911825217987,0.4653011325016869,0.8457188213116381,0.7901048891006528,276.13998770713806,5e-05,5e-05,50.0,10.51,14.0,1.57,38.0,15.2,0.648876404494382,0.7021276595744681,0.6744525547445256,0.8207630878438332,0.9052652182423174,0.860945644080417,0.947481243301179,0.6234132581100141,0.7520204168438963,0.8824088748019018,0.8637914986037853,0.8730009407337724,no_group_visual,lstm,512,43,yolo_sppf_no_group_visual_lstm512_seed43,<RUN_ROOT>\outputs\controlled_comparison_runs\run_20260528_205727\neural_eval\yolo_sppf_no_group_visual_lstm512_seed43,<RUN_ROOT>\outputs\controlled_comparison_runs\run_20260528_205727\neural_training\yolo_sppf_no_group_visual_lstm512_seed43
9,0.3528151633641259,0.8709219163319291,0.4909348881694891,0.8341105268379799,0.7846253670506601,221.78839683532715,5e-05,5e-05,50.6,10.51,15.0,1.57,38.0,15.6,0.6166219839142091,0.6990881458966566,0.6552706552706552,0.8390206284943127,0.8518301037385007,0.8453768453768453,0.941699604743083,0.6720733427362482,0.7843621399176954,0.8189335614485315,0.8910952528699969,0.8534918276374442,no_group_visual,lstm,512,43,yolo_sppf_no_group_visual_lstm512_seed43,<RUN_ROOT>\outputs\controlled_comparison_runs\run_20260528_205727\neural_eval\yolo_sppf_no_group_visual_lstm512_seed43,<RUN_ROOT>\outputs\controlled_comparison_runs\run_20260528_205727\neural_training\yolo_sppf_no_group_visual_lstm512_seed43
10,0.3402619052438947,0.8751836974625257,0.4300722311900851,0.8487945232661971,0.8123009656654461,200.99959754943848,5e-05,5e-05,50.9,10.56,14.0,1.57,39.0,16.5,0.7034700315457413,0.6778115501519757,0.6904024767801857,0.8686807653575025,0.8441965159522411,0.856263648997419,0.9267886855241264,0.7856135401974612,0.850381679389313,0.808066759388039,0.9013341607198262,0.8521560574948666,no_group_visual,lstm,512,43,yolo_sppf_no_group_visual_lstm512_seed43,<RUN_ROOT>\outputs\controlled_comparison_runs\run_20260528_205727\neural_eval\yolo_sppf_no_group_visual_lstm512_seed43,<RUN_ROOT>\outputs\controlled_comparison_runs\run_20260528_205727\neural_training\yolo_sppf_no_group_visual_lstm512_seed43
1,0.5959471465208127,0.7752032918585284,0.5651687003261897,0.7993848596090882,0.7261661915994291,191.9017562866211,5e-05,5e-05,50.9,10.56,15.0,1.57,39.0,15.6,0.2972651605231867,0.7598784194528876,0.4273504273504274,0.883571099861942,0.7516147974163241,0.8122686409307245,0.9429590017825312,0.7461212976022567,0.8330708661417323,0.7716180371352785,0.9025752404591996,0.831974831974832,no_group_visual,lstm,512,44,yolo_sppf_no_group_visual_lstm512_seed44,<RUN_ROOT>\outputs\controlled_comparison_runs\run_20260528_205727\neural_eval\yolo_sppf_no_group_visual_lstm512_seed44,<RUN_ROOT>\outputs\controlled_comparison_runs\run_20260528_205727\neural_training\yolo_sppf_no_group_visual_lstm512_seed44
2,0.467439071818322,0.8332516900166552,0.4074782325679229,0.8607996825081853,0.8040764466735721,190.5998294353485,5e-05,5e-05,50.7,10.59,15.0,1.57,39.0,16.3,0.6727941176470589,0.5562310030395137,0.6089850249584027,0.8566836831159009,0.8868663143472304,0.8715137526447394,0.9165378670788252,0.8363892806770099,0.8746312684365781,0.8610421836228288,0.8613093391250388,0.861175740654568,no_group_visual,lstm,512,44,yolo_sppf_no_group_visual_lstm512_seed44,<RUN_ROOT>\outputs\controlled_comparison_runs\run_20260528_205727\neural_eval\yolo_sppf_no_group_visual_lstm512_seed44,<RUN_ROOT>\outputs\controlled_comparison_runs\run_20260528_205727\neural_training\yolo_sppf_no_group_visual_lstm512_seed44
3,0.4360992464887965,0.8422161261879103,0.405749434082111,0.8542514138307372,0.7913935363036432,188.6508026123047,5e-05,5e-05,50.9,10.61,14.0,1.57,39.0,16.0,0.4662698412698413,0.7142857142857143,0.5642256902761105,0.8669149353194826,0.8657271481698963,0.8663206346097346,0.8697806086341118,0.8667136812411848,0.8682444365948427,0.8898692810457516,0.8448650325783431,0.866783383733885,no_group_visual,lstm,512,44,yolo_sppf_no_group_visual_lstm512_seed44,<RUN_ROOT>\outputs\controlled_comparison_runs\run_20260528_205727\neural_eval\yolo_sppf_no_group_visual_lstm512_seed44,<RUN_ROOT>\outputs\controlled_comparison_runs\run_20260528_205727\neural_training\yolo_sppf_no_group_visual_lstm512_seed44
4,0.4075399635368403,0.8541687077495836,0.4578391945747185,0.8418493898204187,0.7913213653413639,188.0414776802063,5e-05,5e-05,50.9,10.62,15.0,1.57,39.0,17.7,0.6560509554140127,0.6261398176291794,0.640746500777605,0.8453251250480954,0.8600508905852418,0.8526244299990299,0.9413382218148488,0.7242595204513399,0.8186528497409327,0.8222094361334867,0.8867514737821905,0.8532616808478878,no_group_visual,lstm,512,44,yolo_sppf_no_group_visual_lstm512_seed44,<RUN_ROOT>\outputs\controlled_comparison_runs\run_20260528_205727\neural_eval\yolo_sppf_no_group_visual_lstm512_seed44,<RUN_ROOT>\outputs\controlled_comparison_runs\run_20260528_205727\neural_training\yolo_sppf_no_group_visual_lstm512_seed44
5,0.3948186405476031,0.8554913294797688,0.4779153853488553,0.8484968746899494,0.780035892916323,187.75593876838684,5e-05,5e-05,51.0,10.62,14.0,1.57,39.0,16.0,0.5292740046838408,0.6869300911854104,0.5978835978835979,0.8246045694200351,0.9183793305930712,0.8689693490137976,0.9593082400813836,0.6650211565585331,0.785506039150354,0.9033232628398792,0.8349363946633571,0.8677845856175428,no_group_visual,lstm,512,44,yolo_sppf_no_group_visual_lstm512_seed44,<RUN_ROOT>\outputs\controlled_comparison_runs\run_20260528_205727\neural_eval\yolo_sppf_no_group_visual_lstm512_seed44,<RUN_ROOT>\outputs\controlled_comparison_runs\run_20260528_205727\neural_training\yolo_sppf_no_group_visual_lstm512_seed44
6,0.3814497278466073,0.8586264328402077,0.4114765151248624,0.854052981446572,0.7933342867544135,187.1360785961151,5e-05,5e-05,51.0,10.66,14.0,1.57,38.0,16.1,0.4871794871794871,0.7507598784194529,0.5909090909090909,0.8635835913312694,0.8735564689763163,0.86854140313321,0.9305084745762712,0.7743300423131171,0.8452655889145496,0.8684863523573201,0.8687558175612783,0.8686210640608034,no_group_visual,lstm,512,44,yolo_sppf_no_group_visual_lstm512_seed44,<RUN_ROOT>\outputs\controlled_comparison_runs\run_20260528_205727\neural_eval\yolo_sppf_no_group_visual_lstm512_seed44,<RUN_ROOT>\outputs\controlled_comparison_runs\run_20260528_205727\neural_training\yolo_sppf_no_group_visual_lstm512_seed44
7,0.3679330503570973,0.8667091211913392,0.392652442351368,0.8620894930052585,0.8114510775923437,187.82619714736936,5e-05,5e-05,50.9,10.64,15.0,1.57,38.0,17.6,0.5454545454545454,0.7659574468085106,0.6371681415929202,0.870892475209022,0.8766881972988844,0.8737807257120563,0.9183835182250396,0.8173483779971791,0.8649253731343284,0.8714196762141968,0.868445547626435,0.8699300699300699,no_group_visual,lstm,512,44,yolo_sppf_no_group_visual_lstm512_seed44,<RUN_ROOT>\outputs\controlled_comparison_runs\run_20260528_205727\neural_eval\yolo_sppf_no_group_visual_lstm512_seed44,<RUN_ROOT>\outputs\controlled_comparison_runs\run_20260528_205727\neural_training\yolo_sppf_no_group_visual_lstm512_seed44
8,0.3479660745508688,0.8735671597922994,0.4903980649235318,0.8500843337632702,0.782526017171686,187.6062543392181,5e-05,5e-05,50.8,10.53,14.0,1.57,37.0,15.9,0.550351288056206,0.7142857142857143,0.6216931216931216,0.8176068376068376,0.9361910354276768,0.8728898622137057,0.9697297297297296,0.6325811001410437,0.765685019206146,0.9221411192214112,0.8231461371393112,0.8698360655737706,no_group_visual,lstm,512,44,yolo_sppf_no_group_visual_lstm512_seed44,<RUN_ROOT>\outputs\controlled_comparison_runs\run_20260528_205727\neural_eval\yolo_sppf_no_group_visual_lstm512_seed44,<RUN_ROOT>\outputs\controlled_comparison_runs\run_20260528_205727\neural_training\yolo_sppf_no_group_visual_lstm512_seed44
9,0.3428205162911533,0.8751836974625257,0.4373973951263848,0.8591130072427821,0.7926147123505839,187.1314058303833,5e-05,5e-05,51.0,10.48,15.0,1.57,37.0,15.3,0.4188163884673748,0.8389057750759878,0.5587044534412955,0.8768569194683347,0.8780583284400079,0.8774572127139365,0.8842975206611571,0.8300423131170663,0.8563113859585304,0.9149007736293306,0.8439342227738132,0.8779857972885733,no_group_visual,lstm,512,44,yolo_sppf_no_group_visual_lstm512_seed44,<RUN_ROOT>\outputs\controlled_comparison_runs\run_20260528_205727\neural_eval\yolo_sppf_no_group_visual_lstm512_seed44,<RUN_ROOT>\outputs\controlled_comparison_runs\run_20260528_205727\neural_training\yolo_sppf_no_group_visual_lstm512_seed44
10,0.3369128999729469,0.8761634172626629,0.5263367697493994,0.8161523960710388,0.7656899655666067,187.8236193656921,5e-05,5e-05,50.8,10.48,14.0,1.57,37.0,15.2,0.5364806866952789,0.7598784194528876,0.6289308176100629,0.8516517764388115,0.8023096496378939,0.8262447087280791,0.9530271398747392,0.6438645980253879,0.7685185185185185,0.77147319104633,0.9196400868755816,0.8390658174097664,no_group_visual,lstm,512,44,yolo_sppf_no_group_visual_lstm512_seed44,<RUN_ROOT>\outputs\controlled_comparison_runs\run_20260528_205727\neural_eval\yolo_sppf_no_group_visual_lstm512_seed44,<RUN_ROOT>\outputs\controlled_comparison_runs\run_20260528_205727\neural_training\yolo_sppf_no_group_visual_lstm512_seed44
1,0.6113351223856024,0.7717742725580484,0.4536242269465537,0.8548467109832325,0.782848037931545,191.9054455757141,5e-05,5e-05,50.8,10.52,28.0,1.68,41.0,18.8,0.6408163265306123,0.4772036474164133,0.5470383275261325,0.8358640636297903,0.905069485222157,0.8690912508222912,0.9263502454991815,0.7983074753173484,0.8575757575757575,0.8775974025974026,0.8386596338814769,0.857686815801999,no_group_visual,lstm,896,42,yolo_sppf_no_group_visual_lstm896_seed42,<RUN_ROOT>\outputs\controlled_comparison_runs\run_20260528_205727\neural_eval\yolo_sppf_no_group_visual_lstm896_seed42,<RUN_ROOT>\outputs\controlled_comparison_runs\run_20260528_205727\neural_training\yolo_sppf_no_group_visual_lstm896_seed42
2,0.4539124936501855,0.8388360928774371,0.4611906036647731,0.8504811985316003,0.7766407131546776,193.81570529937744,5e-05,5e-05,50.6,10.56,26.0,1.68,43.0,19.7,0.5391304347826087,0.5653495440729484,0.5519287833827894,0.8292291220556746,0.9095713446858484,0.8675441052926353,0.9595864661654137,0.7200282087447109,0.8227236099919419,0.8864970645792564,0.8433136829041266,0.8643663539513436,no_group_visual,lstm,896,42,yolo_sppf_no_group_visual_lstm896_seed42,<RUN_ROOT>\outputs\controlled_comparison_runs\run_20260528_205727\neural_eval\yolo_sppf_no_group_visual_lstm896_seed42,<RUN_ROOT>\outputs\controlled_comparison_runs\run_20260528_205727\neural_training\yolo_sppf_no_group_visual_lstm896_seed42
3,0.4222729591606038,0.8473106691486235,0.6331420256155691,0.8137712074610577,0.7093912049766367,193.58649849891663,5e-05,5e-05,50.8,10.57,27.0,1.68,44.0,19.4,0.7193877551020408,0.4285714285714285,0.5371428571428571,0.7691046244670384,0.91798786455275,0.8369768894440974,0.977635782747604,0.4315937940761636,0.598825831702544,0.873377651155429,0.8560347502327025,0.864619241617048,no_group_visual,lstm,896,42,yolo_sppf_no_group_visual_lstm896_seed42,<RUN_ROOT>\outputs\controlled_comparison_runs\run_20260528_205727\neural_eval\yolo_sppf_no_group_visual_lstm896_seed42,<RUN_ROOT>\outputs\controlled_comparison_runs\run_20260528_205727\neural_training\yolo_sppf_no_group_visual_lstm896_seed42
4,0.4046034923299189,0.8509846183991379,0.521040593691185,0.8429407679333267,0.7757973377077396,193.42302632331848,5e-05,5e-05,50.9,10.56,27.0,1.68,45.0,19.2,0.5675675675675675,0.6382978723404256,0.6008583690987124,0.8296323261740081,0.8921511058915639,0.8597566726398188,0.9734607218683652,0.6466854724964739,0.7771186440677967,0.8588450962419798,0.8721687868445548,0.8654556650246307,no_group_visual,lstm,896,42,yolo_sppf_no_group_visual_lstm896_seed42,<RUN_ROOT>\outputs\controlled_comparison_runs\run_20260528_205727\neural_eval\yolo_sppf_no_group_visual_lstm896_seed42,<RUN_ROOT>\outputs\controlled_comparison_runs\run_20260528_205727\neural_training\yolo_sppf_no_group_visual_lstm896_seed42
5,0.3859338159395563,0.860585872440482,0.4725950329754841,0.8552435757515626,0.7851300405763104,193.53994297981265,5e-05,5e-05,50.8,10.58,28.0,1.68,45.0,20.2,0.459047619047619,0.7325227963525835,0.5644028103044496,0.8324864201857368,0.9299275787825406,0.8785133136094675,0.9630655586334256,0.735543018335684,0.8340663734506197,0.9352387843704776,0.8020477815699659,0.8635376649407049,no_group_visual,lstm,896,42,yolo_sppf_no_group_visual_lstm896_seed42,<RUN_ROOT>\outputs\controlled_comparison_runs\run_20260528_205727\neural_eval\yolo_sppf_no_group_visual_lstm896_seed42,<RUN_ROOT>\outputs\controlled_comparison_runs\run_20260528_205727\neural_training\yolo_sppf_no_group_visual_lstm896_seed42
6,0.3748424428027578,0.8645047516410307,0.4271718293403013,0.8644706816152397,0.8068304907181029,195.1388077735901,5e-05,5e-05,50.9,10.59,29.0,1.68,46.0,19.5,0.4483306836248013,0.8571428571428571,0.5887265135699373,0.8739821636293137,0.8823644548835389,0.878153306710821,0.9369582348305752,0.8385049365303244,0.8850018608113137,0.9043996030433344,0.8482780018616196,0.8754402817803394,no_group_visual,lstm,896,42,yolo_sppf_no_group_visual_lstm896_seed42,<RUN_ROOT>\outputs\controlled_comparison_runs\run_20260528_205727\neural_eval\yolo_sppf_no_group_visual_lstm896_seed42,<RUN_ROOT>\outputs\controlled_comparison_runs\run_20260528_205727\neural_training\yolo_sppf_no_group_visual_lstm896_seed42
7,0.3518823533126249,0.871607720192025,0.5547864658611139,0.7798392697688262,0.7477590015293398,194.26023054122925,5e-05,5e-05,50.8,10.59,29.0,1.68,46.0,18.6,0.5308641975308642,0.78419452887538,0.6331288343558283,0.8513418903150525,0.714034057545508,0.7766659569938259,0.941468253968254,0.6692524682651622,0.7823577906018137,0.6988372093023256,0.9323611542041575,0.7988834241658913,no_group_visual,lstm,896,42,yolo_sppf_no_group_visual_lstm896_seed42,<RUN_ROOT>\outputs\controlled_comparison_runs\run_20260528_205727\neural_eval\yolo_sppf_no_group_visual_lstm896_seed42,<RUN_ROOT>\outputs\controlled_comparison_runs\run_20260528_205727\neural_training\yolo_sppf_no_group_visual_lstm896_seed42
8,0.3487634334105963,0.8713138042519839,0.567208926624892,0.8244865562059728,0.7420909598699645,193.71740913391116,5e-05,5e-05,50.8,10.42,27.0,1.68,46.0,20.0,0.4221183800623053,0.8237082066869301,0.5581874356333677,0.8275348837209302,0.8706204736739088,0.8485310950019077,0.9694267515923568,0.5366713681241185,0.6908760780753519,0.8635947512969179,0.8780639156065777,0.8707692307692307,no_group_visual,lstm,896,42,yolo_sppf_no_group_visual_lstm896_seed42,<RUN_ROOT>\outputs\controlled_comparison_runs\run_20260528_205727\neural_eval\yolo_sppf_no_group_visual_lstm896_seed42,<RUN_ROOT>\outputs\controlled_comparison_runs\run_20260528_205727\neural_training\yolo_sppf_no_group_visual_lstm896_seed42
9,0.3297553738844829,0.8791025766630743,0.4457499000315447,0.8445282270066475,0.7845565255266874,194.32630848884585,5e-05,5e-05,50.8,10.44,26.0,1.68,46.0,19.4,0.4211309523809524,0.8601823708206687,0.5654345654345655,0.8804370232941662,0.8359757291055001,0.8576305220883534,0.9326599326599326,0.7813822284908322,0.8503453568687644,0.8461995249406176,0.884269314303444,0.8648156577150661,no_group_visual,lstm,896,42,yolo_sppf_no_group_visual_lstm896_seed42,<RUN_ROOT>\outputs\controlled_comparison_runs\run_20260528_205727\neural_eval\yolo_sppf_no_group_visual_lstm896_seed42,<RUN_ROOT>\outputs\controlled_comparison_runs\run_20260528_205727\neural_training\yolo_sppf_no_group_visual_lstm896_seed42
10,0.3274444504684789,0.8796414225531498,0.3669365790946083,0.8744915170155769,0.8365472614786265,194.1328146457672,5e-05,5e-05,50.8,10.43,29.0,1.68,46.0,20.0,0.6291079812206573,0.8145896656534954,0.7099337748344371,0.8762728146013449,0.8927383049520454,0.8844289315493504,0.8937269372693727,0.8540197461212976,0.8734222863324919,0.8968638861946331,0.8606887992553521,0.8784040531982267,no_group_visual,lstm,896,42,yolo_sppf_no_group_visual_lstm896_seed42,<RUN_ROOT>\outputs\controlled_comparison_runs\run_20260528_205727\neural_eval\yolo_sppf_no_group_visual_lstm896_seed42,<RUN_ROOT>\outputs\controlled_comparison_runs\run_20260528_205727\neural_training\yolo_sppf_no_group_visual_lstm896_seed42
1,0.5990792149385922,0.7731948662682473,0.5752414868582809,0.7802361345371565,0.7288886134427099,192.31196522712708,5e-05,5e-05,50.7,10.45,29.0,1.68,45.0,20.2,0.3983333333333333,0.7264437689969605,0.5145317545748116,0.898588604286461,0.6729301233118027,0.7695579182988249,0.7767295597484277,0.8709449929478138,0.8211436170212767,0.7265567314792025,0.915916847657462,0.8103211638759265,no_group_visual,lstm,896,43,yolo_sppf_no_group_visual_lstm896_seed43,<RUN_ROOT>\outputs\controlled_comparison_runs\run_20260528_205727\neural_eval\yolo_sppf_no_group_visual_lstm896_seed43,<RUN_ROOT>\outputs\controlled_comparison_runs\run_20260528_205727\neural_training\yolo_sppf_no_group_visual_lstm896_seed43
2,0.4669928775784971,0.830949348486333,0.4771014621331622,0.8369877964083738,0.7860963106695118,193.217657327652,5e-05,5e-05,50.6,10.46,27.0,1.68,45.0,19.8,0.6163522012578616,0.5957446808510638,0.6058732612055642,0.8522727272727273,0.8367586611861421,0.8444444444444443,0.946551724137931,0.7743300423131171,0.851823118696664,0.799721059972106,0.8895439031957804,0.8422444183313748,no_group_visual,lstm,896,43,yolo_sppf_no_group_visual_lstm896_seed43,<RUN_ROOT>\outputs\controlled_comparison_runs\run_20260528_205727\neural_eval\yolo_sppf_no_group_visual_lstm896_seed43,<RUN_ROOT>\outputs\controlled_comparison_runs\run_20260528_205727\neural_training\yolo_sppf_no_group_visual_lstm896_seed43
3,0.430815663252925,0.8428039580679926,0.4724358362197462,0.849885901379105,0.7824376925103683,193.10796666145325,5e-05,5e-05,50.8,10.45,28.0,1.68,45.0,20.0,0.6628352490421456,0.5258358662613982,0.5864406779661018,0.8264595607927155,0.9060481503229596,0.8644257703081232,0.9546313799621928,0.7122708039492243,0.815831987075929,0.8717948717948718,0.8544834005584859,0.8630523346913194,no_group_visual,lstm,896,43,yolo_sppf_no_group_visual_lstm896_seed43,<RUN_ROOT>\outputs\controlled_comparison_runs\run_20260528_205727\neural_eval\yolo_sppf_no_group_visual_lstm896_seed43,<RUN_ROOT>\outputs\controlled_comparison_runs\run_20260528_205727\neural_training\yolo_sppf_no_group_visual_lstm896_seed43
4,0.4018548060833333,0.8515234642892133,0.4288075306726294,0.8513741442603433,0.8013782558877609,193.20579361915588,5e-05,5e-05,50.8,10.45,28.0,1.68,45.0,19.4,0.6698717948717948,0.6352583586626139,0.6521060842433696,0.8442361761949391,0.8815815228028968,0.8625047874377634,0.910472972972973,0.7602256699576869,0.8285933897002306,0.8589901477832512,0.8656531182128452,0.8623087621696801,no_group_visual,lstm,896,43,yolo_sppf_no_group_visual_lstm896_seed43,<RUN_ROOT>\outputs\controlled_comparison_runs\run_20260528_205727\neural_eval\yolo_sppf_no_group_visual_lstm896_seed43,<RUN_ROOT>\outputs\controlled_comparison_runs\run_20260528_205727\neural_training\yolo_sppf_no_group_visual_lstm896_seed43
5,0.3854572786336478,0.8588223768002351,0.4093890543027396,0.8606012501240202,0.8018815945065438,194.099139213562,5e-05,5e-05,50.8,10.48,29.0,1.68,45.0,19.4,0.5337995337995338,0.6960486322188449,0.604221635883905,0.8679607918508553,0.8839303190448229,0.8758727695888286,0.9297385620915032,0.8025387870239774,0.8614685844057532,0.8659633881476885,0.8659633881476885,0.8659633881476885,no_group_visual,lstm,896,43,yolo_sppf_no_group_visual_lstm896_seed43,<RUN_ROOT>\outputs\controlled_comparison_runs\run_20260528_205727\neural_eval\yolo_sppf_no_group_visual_lstm896_seed43,<RUN_ROOT>\outputs\controlled_comparison_runs\run_20260528_205727\neural_training\yolo_sppf_no_group_visual_lstm896_seed43
6,0.3663895102334574,0.8666601352013324,0.4714650233336244,0.8544498462149023,0.7943033895578827,194.01274275779724,5e-05,5e-05,50.7,10.46,29.0,1.68,46.0,20.0,0.5343347639484979,0.756838905775076,0.6264150943396226,0.83943457774556,0.906635349383441,0.8717417897807472,0.9637254901960784,0.6932299012693935,0.8063986874487284,0.8936585365853659,0.852621780949426,0.8726579866624325,no_group_visual,lstm,896,43,yolo_sppf_no_group_visual_lstm896_seed43,<RUN_ROOT>\outputs\controlled_comparison_runs\run_20260528_205727\neural_eval\yolo_sppf_no_group_visual_lstm896_seed43,<RUN_ROOT>\outputs\controlled_comparison_runs\run_20260528_205727\neural_training\yolo_sppf_no_group_visual_lstm896_seed43
7,0.3610063753788561,0.8702361124718331,0.4390409683147149,0.853854549062407,0.7960117691974944,193.07079315185547,5e-05,5e-05,50.8,10.48,26.0,1.68,46.0,19.4,0.6586102719033232,0.662613981762918,0.6606060606060605,0.823703962297085,0.9236641221374046,0.8708248754382728,0.9356435643564356,0.6664315937940761,0.7784184514003294,0.905284147557328,0.8451753025131865,0.8741976893453146,no_group_visual,lstm,896,43,yolo_sppf_no_group_visual_lstm896_seed43,<RUN_ROOT>\outputs\controlled_comparison_runs\run_20260528_205727\neural_eval\yolo_sppf_no_group_visual_lstm896_seed43,<RUN_ROOT>\outputs\controlled_comparison_runs\run_20260528_205727\neural_training\yolo_sppf_no_group_visual_lstm896_seed43
8,0.3503499623376374,0.8735671597922994,0.4080158378376389,0.8559380890961404,0.8190981010883931,194.50466537475583,5e-05,5e-05,50.8,10.49,26.0,1.68,46.0,20.1,0.752442996742671,0.7021276595744681,0.7264150943396226,0.8451360417443161,0.8876492464278724,0.865871121718377,0.9272890484739676,0.728490832157969,0.815955766192733,0.8590522478736331,0.8774433757368911,0.8681504221028397,no_group_visual,lstm,896,43,yolo_sppf_no_group_visual_lstm896_seed43,<RUN_ROOT>\outputs\controlled_comparison_runs\run_20260528_205727\neural_eval\yolo_sppf_no_group_visual_lstm896_seed43,<RUN_ROOT>\outputs\controlled_comparison_runs\run_20260528_205727\neural_training\yolo_sppf_no_group_visual_lstm896_seed43
9,0.3431966667885375,0.8728813559322034,0.5593800917381443,0.8135727750768925,0.7685494890250147,193.66771340370175,5e-05,5e-05,50.7,10.49,26.0,1.68,46.0,19.4,0.5825688073394495,0.7720364741641338,0.6640522875816992,0.8384537131230926,0.806615776081425,0.8222266560255387,0.9451612903225808,0.6198871650211566,0.7487223168654175,0.7756714060031595,0.914055228048402,0.8391966956274034,no_group_visual,lstm,896,43,yolo_sppf_no_group_visual_lstm896_seed43,<RUN_ROOT>\outputs\controlled_comparison_runs\run_20260528_205727\neural_eval\yolo_sppf_no_group_visual_lstm896_seed43,<RUN_ROOT>\outputs\controlled_comparison_runs\run_20260528_205727\neural_training\yolo_sppf_no_group_visual_lstm896_seed43
10,0.3230227538075029,0.8784657587929852,0.3861824921571598,0.8598075205873599,0.8278714452935829,193.49099731445312,5e-05,5e-05,50.8,10.49,28.0,1.68,46.0,19.6,0.7329192546583851,0.7173252279635258,0.7250384024577574,0.8733875769001787,0.8614210217263653,0.8673630271974773,0.8953040800615858,0.8201692524682651,0.8560912771439086,0.8382568002339865,0.889233633260937,0.8629930743751882,no_group_visual,lstm,896,43,yolo_sppf_no_group_visual_lstm896_seed43,<RUN_ROOT>\outputs\controlled_comparison_runs\run_20260528_205727\neural_eval\yolo_sppf_no_group_visual_lstm896_seed43,<RUN_ROOT>\outputs\controlled_comparison_runs\run_20260528_205727\neural_training\yolo_sppf_no_group_visual_lstm896_seed43
1,0.59625522918462,0.7796610169491526,0.5755786973155207,0.8052386149419585,0.7252408053101563,192.5715968608856,5e-05,5e-05,50.9,10.44,29.0,1.68,45.0,19.6,0.3356840620592383,0.723404255319149,0.4585741811175337,0.847650589939971,0.8015267175572519,0.823943661971831,0.9625779625779626,0.6530324400564175,0.7781512605042017,0.7987140061504053,0.8864412038473471,0.8402941176470587,no_group_visual,lstm,896,44,yolo_sppf_no_group_visual_lstm896_seed44,<RUN_ROOT>\outputs\controlled_comparison_runs\run_20260528_205727\neural_eval\yolo_sppf_no_group_visual_lstm896_seed44,<RUN_ROOT>\outputs\controlled_comparison_runs\run_20260528_205727\neural_training\yolo_sppf_no_group_visual_lstm896_seed44
2,0.4567550104169823,0.8367296953071421,0.4418519533719749,0.8547474947911499,0.7903119767426354,194.6362502574921,5e-05,5e-05,50.7,10.58,29.0,1.68,46.0,19.7,0.5833333333333334,0.574468085106383,0.5788667687595713,0.8424644899465044,0.8939127030730084,0.867426400759734,0.9306020066889632,0.7849083215796897,0.8515684774292274,0.8750796685787126,0.8520012410797394,0.863386260022009,no_group_visual,lstm,896,44,yolo_sppf_no_group_visual_lstm896_seed44,<RUN_ROOT>\outputs\controlled_comparison_runs\run_20260528_205727\neural_eval\yolo_sppf_no_group_visual_lstm896_seed44,<RUN_ROOT>\outputs\controlled_comparison_runs\run_20260528_205727\neural_training\yolo_sppf_no_group_visual_lstm896_seed44
3,0.4304576351549651,0.844371509748212,0.4367604504178632,0.8557396567119754,0.793335307908372,193.3075430393219,5e-05,5e-05,50.7,10.42,29.0,1.68,46.0,19.5,0.5022026431718062,0.6930091185410334,0.5823754789272032,0.8507574340751823,0.8903895087101193,0.8701224177505739,0.9160613397901534,0.8004231311706629,0.8543470079036507,0.8927278710102007,0.84176233322991,0.86649632705206,no_group_visual,lstm,896,44,yolo_sppf_no_group_visual_lstm896_seed44,<RUN_ROOT>\outputs\controlled_comparison_runs\run_20260528_205727\neural_eval\yolo_sppf_no_group_visual_lstm896_seed44,<RUN_ROOT>\outputs\controlled_comparison_runs\run_20260528_205727\neural_training\yolo_sppf_no_group_visual_lstm896_seed44
4,0.403136892349322,0.8560791613598511,0.5392795207993394,0.8131759103085624,0.7558024366389468,195.0755157470703,5e-05,5e-05,50.8,10.41,26.0,1.68,46.0,19.6,0.6363636363636364,0.6170212765957447,0.6265432098765432,0.8160368309994245,0.8326482677627716,0.8242588645611315,0.9598623853211008,0.5902679830747531,0.731004366812227,0.7896598639455782,0.9004033509152963,0.8414033053058857,no_group_visual,lstm,896,44,yolo_sppf_no_group_visual_lstm896_seed44,<RUN_ROOT>\outputs\controlled_comparison_runs\run_20260528_205727\neural_eval\yolo_sppf_no_group_visual_lstm896_seed44,<RUN_ROOT>\outputs\controlled_comparison_runs\run_20260528_205727\neural_training\yolo_sppf_no_group_visual_lstm896_seed44
5,0.3823466192358714,0.8592632507102969,0.6517478168998394,0.8080166683202699,0.7068883406413227,196.1395137310028,5e-05,5e-05,50.8,10.41,29.0,1.68,46.0,19.1,0.4450354609929078,0.7629179331306991,0.5621500559910414,0.7695293546821931,0.931297709923664,0.842720510095643,0.9875886524822696,0.3928067700987306,0.562058526740666,0.9313583815028902,0.7998758920260627,0.8606242697379403,no_group_visual,lstm,896,44,yolo_sppf_no_group_visual_lstm896_seed44,<RUN_ROOT>\outputs\controlled_comparison_runs\run_20260528_205727\neural_eval\yolo_sppf_no_group_visual_lstm896_seed44,<RUN_ROOT>\outputs\controlled_comparison_runs\run_20260528_205727\neural_training\yolo_sppf_no_group_visual_lstm896_seed44
6,0.370554879265414,0.8629371999608112,0.4936875232257917,0.8334160134934021,0.7595627099337304,195.79598355293277,5e-05,5e-05,50.8,10.42,29.0,1.68,46.0,19.8,0.4609929078014184,0.790273556231003,0.5823068309070548,0.8329621380846325,0.8784497944803288,0.8551014575593027,0.9642857142857144,0.5902679830747531,0.7322834645669292,0.8637618901503529,0.873409866583928,0.8685590867016352,no_group_visual,lstm,896,44,yolo_sppf_no_group_visual_lstm896_seed44,<RUN_ROOT>\outputs\controlled_comparison_runs\run_20260528_205727\neural_eval\yolo_sppf_no_group_visual_lstm896_seed44,<RUN_ROOT>\outputs\controlled_comparison_runs\run_20260528_205727\neural_training\yolo_sppf_no_group_visual_lstm896_seed44
7,0.3582123308062997,0.8684726168315862,0.4766154056350287,0.8383768230975295,0.7729829952626803,195.1893050670624,5e-05,5e-05,50.8,10.42,26.0,1.68,46.0,20.1,0.4537671232876712,0.8054711246200608,0.5805038335158818,0.8520100990483589,0.8586807594441183,0.8553324234743614,0.9441723800195886,0.6798307475317349,0.7904879048790489,0.8523308270676692,0.879304995345951,0.8656078191814294,no_group_visual,lstm,896,44,yolo_sppf_no_group_visual_lstm896_seed44,<RUN_ROOT>\outputs\controlled_comparison_runs\run_20260528_205727\neural_eval\yolo_sppf_no_group_visual_lstm896_seed44,<RUN_ROOT>\outputs\controlled_comparison_runs\run_20260528_205727\neural_training\yolo_sppf_no_group_visual_lstm896_seed44
8,0.3367748739749637,0.8791025766630743,0.5152119116372122,0.8388729040579422,0.7614222599995739,195.0158598423004,5e-05,5e-05,50.8,10.42,29.0,1.68,46.0,20.2,0.497005988023952,0.756838905775076,0.6,0.8041116496740766,0.9416715599921708,0.8674720519293184,0.9570405727923628,0.5655853314527504,0.7109929078014184,0.9405150525933986,0.8045299410487123,0.8672240802675586,no_group_visual,lstm,896,44,yolo_sppf_no_group_visual_lstm896_seed44,<RUN_ROOT>\outputs\controlled_comparison_runs\run_20260528_205727\neural_eval\yolo_sppf_no_group_visual_lstm896_seed44,<RUN_ROOT>\outputs\controlled_comparison_runs\run_20260528_205727\neural_training\yolo_sppf_no_group_visual_lstm896_seed44
9,0.3365482922634664,0.8786127167630058,0.4638751300486056,0.8560373052882231,0.7846452393133839,194.89590525627136,5e-05,5e-05,51.0,10.47,27.0,1.68,46.0,20.2,0.3966005665722379,0.851063829787234,0.5410628019323672,0.8723404255319149,0.8827559209238599,0.8775172682167527,0.9089417555373256,0.7813822284908322,0.8403488813045127,0.9148793565683646,0.8470369221222463,0.8796520057999034,no_group_visual,lstm,896,44,yolo_sppf_no_group_visual_lstm896_seed44,<RUN_ROOT>\outputs\controlled_comparison_runs\run_20260528_205727\neural_eval\yolo_sppf_no_group_visual_lstm896_seed44,<RUN_ROOT>\outputs\controlled_comparison_runs\run_20260528_205727\neural_training\yolo_sppf_no_group_visual_lstm896_seed44
10,0.3104778831915165,0.8852748114039385,0.4302166992621746,0.8470086318087112,0.8099336475463665,194.23030400276184,2.5e-05,2.5e-05,50.9,10.48,29.0,1.68,46.0,20.1,0.6124401913875598,0.7781155015197568,0.6854082998661312,0.884454659423318,0.8285378743394011,0.8555836280949974,0.914075286415712,0.7877291960507757,0.8462121212121211,0.8023542294004927,0.9094011790257523,0.8525305410122164,no_group_visual,lstm,896,44,yolo_sppf_no_group_visual_lstm896_seed44,<RUN_ROOT>\outputs\controlled_comparison_runs\run_20260528_205727\neural_eval\yolo_sppf_no_group_visual_lstm896_seed44,<RUN_ROOT>\outputs\controlled_comparison_runs\run_20260528_205727\neural_training\yolo_sppf_no_group_visual_lstm896_seed44
1,0.8410224502900364,0.6480846477907318,0.6093027462635839,0.7576148427423356,0.6875162752918129,183.75495433807373,5e-05,5e-05,50.7,8.71,13.0,1.21,43.0,16.3,0.5375939849624061,0.4346504559270516,0.480672268907563,0.7875224237592187,0.7733411626541398,0.7803673711238397,0.8690591658583899,0.6318758815232722,0.7317272356063699,0.7027888446215139,0.820974247595408,0.7572982255294791,no_relations,attention,256,42,yolo_sppf_no_relations_attention256_seed42,<RUN_ROOT>\outputs\controlled_comparison_runs\run_20260528_205727\neural_eval\yolo_sppf_no_relations_attention256_seed42,<RUN_ROOT>\outputs\controlled_comparison_runs\run_20260528_205727\neural_training\yolo_sppf_no_relations_attention256_seed42
2,0.5819719768768661,0.776085039678652,0.4961054318569718,0.8151602341502133,0.7570058470538227,195.108647108078,5e-05,5e-05,50.6,8.72,13.0,1.21,41.0,16.4,0.5051282051282051,0.5987841945288754,0.5479833101529903,0.8376662036118278,0.826189078097475,0.8318880567599526,0.8190921228304406,0.8653032440056417,0.8415637860082306,0.8156725888324873,0.7977040024821594,0.8065882352941176,no_relations,attention,256,42,yolo_sppf_no_relations_attention256_seed42,<RUN_ROOT>\outputs\controlled_comparison_runs\run_20260528_205727\neural_eval\yolo_sppf_no_relations_attention256_seed42,<RUN_ROOT>\outputs\controlled_comparison_runs\run_20260528_205727\neural_training\yolo_sppf_no_relations_attention256_seed42
3,0.5354003617919537,0.7931321642010385,0.504774326242743,0.8123821807719019,0.754455024278878,194.077041387558,5e-05,5e-05,50.7,8.71,13.0,1.21,40.0,16.6,0.6865079365079365,0.5258358662613982,0.5955249569707401,0.7918136908962597,0.8784497944803288,0.8328848473601188,0.9227799227799228,0.6741889985895627,0.7791361043194783,0.8232468780019212,0.7977040024821594,0.8102741884651748,no_relations,attention,256,42,yolo_sppf_no_relations_attention256_seed42,<RUN_ROOT>\outputs\controlled_comparison_runs\run_20260528_205727\neural_eval\yolo_sppf_no_relations_attention256_seed42,<RUN_ROOT>\outputs\controlled_comparison_runs\run_20260528_205727\neural_training\yolo_sppf_no_relations_attention256_seed42
4,0.510528036063321,0.8061624375428628,0.5233940979229316,0.8061315606707015,0.7411512423754605,194.0957419872284,5e-05,5e-05,50.7,8.72,14.0,1.21,39.0,16.5,0.6479400749063671,0.5258358662613982,0.580536912751678,0.7855392156862745,0.8782540614601684,0.8293133721467517,0.9329787234042554,0.6184767277856136,0.7438507209499577,0.8189873417721519,0.8029785913744958,0.8109039636534545,no_relations,attention,256,42,yolo_sppf_no_relations_attention256_seed42,<RUN_ROOT>\outputs\controlled_comparison_runs\run_20260528_205727\neural_eval\yolo_sppf_no_relations_attention256_seed42,<RUN_ROOT>\outputs\controlled_comparison_runs\run_20260528_205727\neural_training\yolo_sppf_no_relations_attention256_seed42
5,0.4847526818420446,0.8183109630645635,0.6194210428064542,0.7477924397261633,0.6808153228538745,194.4552206993103,5e-05,5e-05,50.7,8.72,13.0,1.21,39.0,16.2,0.288837744533947,0.7629179331306991,0.4190317195325542,0.8417587585233952,0.7007242121745939,0.7647938474684896,0.945945945945946,0.6417489421720733,0.7647058823529412,0.6998748435544431,0.867514737821905,0.774729842061513,no_relations,attention,256,42,yolo_sppf_no_relations_attention256_seed42,<RUN_ROOT>\outputs\controlled_comparison_runs\run_20260528_205727\neural_eval\yolo_sppf_no_relations_attention256_seed42,<RUN_ROOT>\outputs\controlled_comparison_runs\run_20260528_205727\neural_training\yolo_sppf_no_relations_attention256_seed42
6,0.490262077230855,0.8168413833643577,0.4927105083122908,0.8130766941164798,0.7787370833482584,194.3604872226715,5e-05,5e-05,50.7,8.71,13.0,1.21,39.0,17.2,0.58656330749354,0.6899696048632219,0.6340782122905028,0.8515494137353434,0.7960461929927579,0.8228629236216489,0.8976135488837568,0.8222849083215797,0.8582995951417005,0.7561515067735692,0.8485882717964629,0.7997076023391813,no_relations,attention,256,42,yolo_sppf_no_relations_attention256_seed42,<RUN_ROOT>\outputs\controlled_comparison_runs\run_20260528_205727\neural_eval\yolo_sppf_no_relations_attention256_seed42,<RUN_ROOT>\outputs\controlled_comparison_runs\run_20260528_205727\neural_training\yolo_sppf_no_relations_attention256_seed42
7,0.4624921282560661,0.8293328108161065,0.5304965678927681,0.785395376525449,0.7557578109044922,194.50879073143005,5e-05,5e-05,50.7,8.71,12.0,1.21,39.0,16.3,0.5181236673773987,0.7386018237082067,0.6090225563909775,0.8667447306791569,0.7244079076140145,0.7892099370935068,0.9015091342335186,0.8004231311706629,0.8479641389615241,0.6951727517765254,0.8802358051504809,0.7768346111719606,no_relations,attention,256,42,yolo_sppf_no_relations_attention256_seed42,<RUN_ROOT>\outputs\controlled_comparison_runs\run_20260528_205727\neural_eval\yolo_sppf_no_relations_attention256_seed42,<RUN_ROOT>\outputs\controlled_comparison_runs\run_20260528_205727\neural_training\yolo_sppf_no_relations_attention256_seed42
8,0.4595824697326436,0.8260017634956403,0.5572452586669002,0.7788471078480008,0.7320283919382008,194.20146679878235,5e-05,5e-05,50.7,8.72,14.0,1.21,39.0,17.4,0.4840637450199203,0.7386018237082067,0.5848375451263539,0.8256453660600931,0.7637502446662752,0.7934926283680731,0.9309644670050762,0.6466854724964739,0.7632126508531003,0.7211588204862908,0.8650325783431585,0.7865707434052757,no_relations,attention,256,42,yolo_sppf_no_relations_attention256_seed42,<RUN_ROOT>\outputs\controlled_comparison_runs\run_20260528_205727\neural_eval\yolo_sppf_no_relations_attention256_seed42,<RUN_ROOT>\outputs\controlled_comparison_runs\run_20260528_205727\neural_training\yolo_sppf_no_relations_attention256_seed42
9,0.4479370713788654,0.8325169001665523,0.6496241582705388,0.7211032840559579,0.7065232739776182,194.7783069610596,5e-05,5e-05,50.7,8.72,13.0,1.21,39.0,16.3,0.5241935483870968,0.790273556231003,0.6303030303030303,0.9058631921824104,0.5443335290663535,0.680034234013938,0.6256316031235646,0.9605077574047954,0.7577190542420028,0.6607472324723247,0.8889233633260937,0.7580367773515014,no_relations,attention,256,42,yolo_sppf_no_relations_attention256_seed42,<RUN_ROOT>\outputs\controlled_comparison_runs\run_20260528_205727\neural_eval\yolo_sppf_no_relations_attention256_seed42,<RUN_ROOT>\outputs\controlled_comparison_runs\run_20260528_205727\neural_training\yolo_sppf_no_relations_attention256_seed42
10,0.4471709774048024,0.833006760066621,0.4511204175813685,0.8233951780930648,0.798687287354521,194.47111988067627,5e-05,5e-05,50.8,8.72,13.0,1.21,39.0,16.2,0.7802197802197802,0.6474164133738601,0.707641196013289,0.8652904873377314,0.7958504599725974,0.8291190864600326,0.7635212888377445,0.9358251057827928,0.8409378960709758,0.7993469872365687,0.8355569345330437,0.8170509708737864,no_relations,attention,256,42,yolo_sppf_no_relations_attention256_seed42,<RUN_ROOT>\outputs\controlled_comparison_runs\run_20260528_205727\neural_eval\yolo_sppf_no_relations_attention256_seed42,<RUN_ROOT>\outputs\controlled_comparison_runs\run_20260528_205727\neural_training\yolo_sppf_no_relations_attention256_seed42
1,0.8496551780164429,0.643186048790046,0.633823894067771,0.7413433872407977,0.6774046613516134,183.5320403575897,5e-05,5e-05,50.8,8.7,13.0,1.21,40.0,15.9,0.3302752293577982,0.547112462006079,0.4118993135011441,0.8333738158853534,0.6715599921706792,0.7437676132668546,0.7973258268824771,0.7990126939351199,0.7981683691440649,0.6826826826826827,0.8464163822525598,0.7557833494943899,no_relations,attention,256,43,yolo_sppf_no_relations_attention256_seed43,<RUN_ROOT>\outputs\controlled_comparison_runs\run_20260528_205727\neural_eval\yolo_sppf_no_relations_attention256_seed43,<RUN_ROOT>\outputs\controlled_comparison_runs\run_20260528_205727\neural_training\yolo_sppf_no_relations_attention256_seed43
2,0.5785888782921349,0.7766728715587342,0.5463990658225995,0.7878757813275127,0.7332531856763844,194.46488618850708,5e-05,5e-05,50.7,8.66,13.0,1.21,40.0,16.4,0.6398305084745762,0.458966565349544,0.5345132743362832,0.81136638452237,0.7880211391661773,0.7995233839737861,0.8866995073891626,0.7616361071932299,0.8194233687405161,0.7327327327327328,0.8327645051194539,0.7795527156549521,no_relations,attention,256,43,yolo_sppf_no_relations_attention256_seed43,<RUN_ROOT>\outputs\controlled_comparison_runs\run_20260528_205727\neural_eval\yolo_sppf_no_relations_attention256_seed43,<RUN_ROOT>\outputs\controlled_comparison_runs\run_20260528_205727\neural_training\yolo_sppf_no_relations_attention256_seed43
3,0.5389404484774438,0.7922014303909082,0.4841693126759122,0.8185335846810199,0.7684262712216902,194.23797369003296,5e-05,5e-05,50.7,8.66,13.0,1.21,40.0,16.9,0.6862745098039216,0.5319148936170213,0.5993150684931506,0.8039747064137308,0.8710119397142297,0.836151822623074,0.8815276695245519,0.7976022566995769,0.8374676045908923,0.8296739853626082,0.7738132174992243,0.8007705891796436,no_relations,attention,256,43,yolo_sppf_no_relations_attention256_seed43,<RUN_ROOT>\outputs\controlled_comparison_runs\run_20260528_205727\neural_eval\yolo_sppf_no_relations_attention256_seed43,<RUN_ROOT>\outputs\controlled_comparison_runs\run_20260528_205727\neural_training\yolo_sppf_no_relations_attention256_seed43
4,0.5054889132259969,0.8048398158126776,0.47799702692363,0.8227998809405696,0.7737138207153161,194.0787000656128,5e-05,5e-05,50.6,8.65,13.0,1.21,39.0,15.6,0.6631944444444444,0.5805471124620061,0.6191247974068071,0.8091090546180366,0.8727735368956743,0.8397363465160076,0.8831168831168831,0.767277856135402,0.8211320754716981,0.838254593175853,0.7927396835246665,0.8148620634667516,no_relations,attention,256,43,yolo_sppf_no_relations_attention256_seed43,<RUN_ROOT>\outputs\controlled_comparison_runs\run_20260528_205727\neural_eval\yolo_sppf_no_relations_attention256_seed43,<RUN_ROOT>\outputs\controlled_comparison_runs\run_20260528_205727\neural_training\yolo_sppf_no_relations_attention256_seed43
5,0.492132990256092,0.8108161065935142,0.5623075070709641,0.7630717333068757,0.7460781496459918,193.8532795906067,5e-05,5e-05,50.7,8.66,13.0,1.21,39.0,15.8,0.6701030927835051,0.5927051671732523,0.6290322580645161,0.8583807873235949,0.6786063808964572,0.7579798863139485,0.8909657320872274,0.8067700987306065,0.846780162842339,0.6461366181410975,0.89512876202296,0.7505202913631634,no_relations,attention,256,43,yolo_sppf_no_relations_attention256_seed43,<RUN_ROOT>\outputs\controlled_comparison_runs\run_20260528_205727\neural_eval\yolo_sppf_no_relations_attention256_seed43,<RUN_ROOT>\outputs\controlled_comparison_runs\run_20260528_205727\neural_training\yolo_sppf_no_relations_attention256_seed43
6,0.4765117468960513,0.8230136181052219,0.463818961309476,0.825974799087211,0.7840579149754211,193.9917047023773,5e-05,5e-05,50.7,8.64,13.0,1.21,39.0,16.5,0.6055555555555555,0.662613981762918,0.6328011611030478,0.8438551355630318,0.8346055979643766,0.839204880928951,0.8493635077793493,0.8469675599435825,0.8481638418079095,0.8124231242312423,0.8197331678560348,0.8160617760617761,no_relations,attention,256,43,yolo_sppf_no_relations_attention256_seed43,<RUN_ROOT>\outputs\controlled_comparison_runs\run_20260528_205727\neural_eval\yolo_sppf_no_relations_attention256_seed43,<RUN_ROOT>\outputs\controlled_comparison_runs\run_20260528_205727\neural_training\yolo_sppf_no_relations_attention256_seed43
7,0.4727804523667899,0.8222298422651122,0.4878897121331344,0.8139696398452227,0.7654291413293669,194.09266924858093,5e-05,5e-05,50.8,8.69,13.0,1.21,39.0,15.6,0.5295508274231678,0.6808510638297872,0.5957446808510638,0.8401680336067213,0.8220786846741045,0.8310249307479224,0.9117147707979628,0.7574047954866009,0.8274268104776581,0.77780971543547,0.8395904436860068,0.8075201432408236,no_relations,attention,256,43,yolo_sppf_no_relations_attention256_seed43,<RUN_ROOT>\outputs\controlled_comparison_runs\run_20260528_205727\neural_eval\yolo_sppf_no_relations_attention256_seed43,<RUN_ROOT>\outputs\controlled_comparison_runs\run_20260528_205727\neural_training\yolo_sppf_no_relations_attention256_seed43
8,0.4633128547509635,0.8264916233957088,0.5143902988860473,0.7956146443099514,0.7682828422702335,194.3319838047028,5e-05,5e-05,50.7,8.67,12.0,1.21,39.0,15.9,0.641566265060241,0.6474164133738601,0.6444780635400906,0.8463717585530617,0.7602270503033862,0.800989894823675,0.8954041204437401,0.7968970380818053,0.8432835820895522,0.7166324435318275,0.8662736580825318,0.7843798286276163,no_relations,attention,256,43,yolo_sppf_no_relations_attention256_seed43,<RUN_ROOT>\outputs\controlled_comparison_runs\run_20260528_205727\neural_eval\yolo_sppf_no_relations_attention256_seed43,<RUN_ROOT>\outputs\controlled_comparison_runs\run_20260528_205727\neural_training\yolo_sppf_no_relations_attention256_seed43
9,0.4475109213262469,0.8338395218967375,0.4873898711129432,0.8037503720607203,0.7799718120265089,193.82124376297,5e-05,5e-05,50.7,8.66,13.0,1.21,39.0,16.1,0.6147757255936676,0.7082066869300911,0.6581920903954802,0.8736238532110092,0.7455470737913485,0.8045200126729326,0.8418945963975984,0.8899858956276445,0.8652725402811108,0.7281957823483468,0.8678250077567484,0.7919026047565119,no_relations,attention,256,43,yolo_sppf_no_relations_attention256_seed43,<RUN_ROOT>\outputs\controlled_comparison_runs\run_20260528_205727\neural_eval\yolo_sppf_no_relations_attention256_seed43,<RUN_ROOT>\outputs\controlled_comparison_runs\run_20260528_205727\neural_training\yolo_sppf_no_relations_attention256_seed43
10,0.447082820552807,0.8312432644263741,0.5508968311173487,0.7601944637364818,0.7616038270631752,194.17948865890503,5e-05,5e-05,50.8,8.67,13.0,1.21,39.0,15.9,0.7473309608540926,0.6382978723404256,0.6885245901639344,0.8854109961894393,0.63671951458211,0.7407491745417283,0.8481605351170568,0.8942172073342737,0.8705801579128047,0.6331821127673364,0.9094011790257523,0.7465613856342334,no_relations,attention,256,43,yolo_sppf_no_relations_attention256_seed43,<RUN_ROOT>\outputs\controlled_comparison_runs\run_20260528_205727\neural_eval\yolo_sppf_no_relations_attention256_seed43,<RUN_ROOT>\outputs\controlled_comparison_runs\run_20260528_205727\neural_training\yolo_sppf_no_relations_attention256_seed43
1,0.8401165416750321,0.6520035269912805,1.02429104494744,0.5691040777854945,0.4629343959690826,183.397408246994,5e-05,5e-05,50.7,8.7,13.0,1.21,39.0,16.3,0.1337271750805585,0.756838905775076,0.227293473299863,0.8008925506350841,0.456645136034449,0.581650461231613,0.970967741935484,0.2122708039492242,0.3483796296296296,0.5712855426511814,0.8852001241079739,0.6944140197152245,no_relations,attention,256,44,yolo_sppf_no_relations_attention256_seed44,<RUN_ROOT>\outputs\controlled_comparison_runs\run_20260528_205727\neural_eval\yolo_sppf_no_relations_attention256_seed44,<RUN_ROOT>\outputs\controlled_comparison_runs\run_20260528_205727\neural_training\yolo_sppf_no_relations_attention256_seed44
2,0.5954229663356811,0.7664837856373077,0.5297722507002098,0.8001785891457486,0.7402703099215011,194.39682149887085,5e-05,5e-05,50.7,8.72,13.0,1.21,39.0,16.7,0.5443037974683544,0.5227963525835866,0.5333333333333333,0.8087389804522805,0.8259933450773146,0.8172751040960589,0.8952221290863369,0.7531734837799718,0.8180773649942551,0.7771479713603818,0.8082531802668321,0.7923954372623574,no_relations,attention,256,44,yolo_sppf_no_relations_attention256_seed44,<RUN_ROOT>\outputs\controlled_comparison_runs\run_20260528_205727\neural_eval\yolo_sppf_no_relations_attention256_seed44,<RUN_ROOT>\outputs\controlled_comparison_runs\run_20260528_205727\neural_training\yolo_sppf_no_relations_attention256_seed44
3,0.5363790469775472,0.795728421671402,0.5667644773173841,0.7648576247643616,0.7210808953982477,194.35737895965576,5e-05,5e-05,50.8,8.71,13.0,1.21,39.0,16.9,0.4205426356589147,0.6595744680851063,0.5136094674556212,0.8643729743206183,0.6786063808964572,0.7603070175438595,0.8093689004554326,0.8772919605077574,0.8419627749576988,0.6926525529265255,0.8628606887992554,0.768444321635811,no_relations,attention,256,44,yolo_sppf_no_relations_attention256_seed44,<RUN_ROOT>\outputs\controlled_comparison_runs\run_20260528_205727\neural_eval\yolo_sppf_no_relations_attention256_seed44,<RUN_ROOT>\outputs\controlled_comparison_runs\run_20260528_205727\neural_training\yolo_sppf_no_relations_attention256_seed44
4,0.5094974696998219,0.8069462133829725,0.6836135398692614,0.7051294771306678,0.6690767155520743,194.4574966430664,5e-05,5e-05,50.9,8.72,14.0,1.21,39.0,16.3,0.4285714285714285,0.6930091185410334,0.5296167247386759,0.8170412963930999,0.6118614210217264,0.6997202014549525,0.9452054794520548,0.5839210155148096,0.7218831734960768,0.6037151702786377,0.9075395594166924,0.7250867625185919,no_relations,attention,256,44,yolo_sppf_no_relations_attention256_seed44,<RUN_ROOT>\outputs\controlled_comparison_runs\run_20260528_205727\neural_eval\yolo_sppf_no_relations_attention256_seed44,<RUN_ROOT>\outputs\controlled_comparison_runs\run_20260528_205727\neural_training\yolo_sppf_no_relations_attention256_seed44
5,0.4950012950442708,0.8130204761438229,0.4772791505332977,0.8123821807719019,0.7740835124308281,194.22548818588257,5e-05,5e-05,50.8,8.69,13.0,1.21,39.0,16.4,0.611764705882353,0.6322188449848024,0.6218236173393125,0.8393075356415478,0.806615776081425,0.8226369897195329,0.8821752265861027,0.8236953455571228,0.8519328956965718,0.7677603423680457,0.8349363946633571,0.7999405469678953,no_relations,attention,256,44,yolo_sppf_no_relations_attention256_seed44,<RUN_ROOT>\outputs\controlled_comparison_runs\run_20260528_205727\neural_eval\yolo_sppf_no_relations_attention256_seed44,<RUN_ROOT>\outputs\controlled_comparison_runs\run_20260528_205727\neural_training\yolo_sppf_no_relations_attention256_seed44
6,0.4849688578163475,0.8157636915842069,0.4615414443144959,0.8255779343188808,0.7896649484544078,194.1063153743744,5e-05,5e-05,50.7,8.71,12.0,1.21,39.0,16.4,0.7601626016260162,0.5683890577507599,0.6504347826086957,0.8337227414330218,0.8381287923272656,0.8359199609565642,0.9016141429669484,0.8272214386459803,0.8628172122103714,0.7888692579505301,0.8312131554452373,0.8094878380420003,no_relations,attention,256,44,yolo_sppf_no_relations_attention256_seed44,<RUN_ROOT>\outputs\controlled_comparison_runs\run_20260528_205727\neural_eval\yolo_sppf_no_relations_attention256_seed44,<RUN_ROOT>\outputs\controlled_comparison_runs\run_20260528_205727\neural_training\yolo_sppf_no_relations_attention256_seed44
7,0.4653763820338398,0.8260017634956403,0.4758904340566091,0.8226014485564044,0.7723791544475264,194.08919024467468,5e-05,5e-05,50.7,8.71,12.0,1.21,39.0,17.3,0.4910179640718562,0.7477203647416414,0.5927710843373494,0.8413385826771653,0.8365629281659817,0.8389439591716558,0.9070723684210528,0.7778561354019746,0.8375094912680334,0.8129189518586228,0.8278001861619609,0.820292083013067,no_relations,attention,256,44,yolo_sppf_no_relations_attention256_seed44,<RUN_ROOT>\outputs\controlled_comparison_runs\run_20260528_205727\neural_eval\yolo_sppf_no_relations_attention256_seed44,<RUN_ROOT>\outputs\controlled_comparison_runs\run_20260528_205727\neural_training\yolo_sppf_no_relations_attention256_seed44
8,0.4532955598267128,0.8323699421965318,0.4737279674319166,0.82905050104177,0.77258613799356,193.76405930519104,5e-05,5e-05,50.7,8.71,13.0,1.21,38.0,15.3,0.5612244897959183,0.668693009118541,0.6102635228848821,0.8017583175314601,0.9103542767664904,0.8526122823098075,0.9201451905626136,0.7150916784203103,0.8047619047619047,0.8875718390804598,0.7666770089978281,0.8227068420176461,no_relations,attention,256,44,yolo_sppf_no_relations_attention256_seed44,<RUN_ROOT>\outputs\controlled_comparison_runs\run_20260528_205727\neural_eval\yolo_sppf_no_relations_attention256_seed44,<RUN_ROOT>\outputs\controlled_comparison_runs\run_20260528_205727\neural_training\yolo_sppf_no_relations_attention256_seed44
9,0.4554176823174738,0.830900362496326,0.4883354444500236,0.8233951780930648,0.7631198902812869,194.20236134529117,5e-05,5e-05,50.7,8.7,14.0,1.21,39.0,16.1,0.4852071005917159,0.7477203647416414,0.5885167464114833,0.806998939554613,0.8937169700528479,0.8481471161883534,0.9261363636363636,0.689703808180536,0.7906224737267583,0.877886634009797,0.778467266521874,0.8251932247985528,no_relations,attention,256,44,yolo_sppf_no_relations_attention256_seed44,<RUN_ROOT>\outputs\controlled_comparison_runs\run_20260528_205727\neural_eval\yolo_sppf_no_relations_attention256_seed44,<RUN_ROOT>\outputs\controlled_comparison_runs\run_20260528_205727\neural_training\yolo_sppf_no_relations_attention256_seed44
10,0.453064816901723,0.832663858136573,0.5786884324503175,0.7695207857922413,0.7089620932515318,194.3243732452393,5e-05,5e-05,50.7,8.8,12.0,1.21,39.0,16.0,0.481335952848723,0.7446808510638298,0.5847255369928401,0.802536231884058,0.7803875513799178,0.7913069365882702,0.9566360052562418,0.5133991537376587,0.6681964203763194,0.7279354334808643,0.867514737821905,0.7916194790486976,no_relations,attention,256,44,yolo_sppf_no_relations_attention256_seed44,<RUN_ROOT>\outputs\controlled_comparison_runs\run_20260528_205727\neural_eval\yolo_sppf_no_relations_attention256_seed44,<RUN_ROOT>\outputs\controlled_comparison_runs\run_20260528_205727\neural_training\yolo_sppf_no_relations_attention256_seed44
1,0.8378274201365847,0.651464681101205,0.6023506605908984,0.7697192181764064,0.6985652183559419,184.34007334709167,5e-05,5e-05,50.7,8.6,14.0,1.21,39.0,16.4,0.4508196721311475,0.5015197568389058,0.4748201438848922,0.8007586344579757,0.7850851438637698,0.7928444356592212,0.8957528957528957,0.6544428772919605,0.756316218418908,0.7235550708833152,0.8234564070741545,0.770280075460746,no_relations,attention,512,42,yolo_sppf_no_relations_attention512_seed42,<RUN_ROOT>\outputs\controlled_comparison_runs\run_20260528_205727\neural_eval\yolo_sppf_no_relations_attention512_seed42,<RUN_ROOT>\outputs\controlled_comparison_runs\run_20260528_205727\neural_training\yolo_sppf_no_relations_attention512_seed42
2,0.5723467784522095,0.7826491623395709,0.4819151965221242,0.8235936104772299,0.7665875022821241,195.93038940429688,5e-05,5e-05,50.6,8.63,14.0,1.21,39.0,16.9,0.5625,0.574468085106383,0.5684210526315789,0.8228699551569507,0.8620082207868467,0.8419845139088041,0.852037169406719,0.840620592383639,0.8462903798367057,0.8409090909090909,0.7806391560657773,0.8096540627514078,no_relations,attention,512,42,yolo_sppf_no_relations_attention512_seed42,<RUN_ROOT>\outputs\controlled_comparison_runs\run_20260528_205727\neural_eval\yolo_sppf_no_relations_attention512_seed42,<RUN_ROOT>\outputs\controlled_comparison_runs\run_20260528_205727\neural_training\yolo_sppf_no_relations_attention512_seed42
3,0.5291407306132645,0.7942588419711962,0.5599308787017233,0.7714058934418097,0.7182518592322595,195.3942494392395,5e-05,5e-05,50.7,8.63,14.0,1.21,39.0,17.5,0.7571428571428571,0.4832826747720364,0.5899814471243042,0.7824744257865277,0.7935016637306713,0.787949465500486,0.9434832756632064,0.5768688293370945,0.7159737417943108,0.7181366134519759,0.8513807012100527,0.7791027825099374,no_relations,attention,512,42,yolo_sppf_no_relations_attention512_seed42,<RUN_ROOT>\outputs\controlled_comparison_runs\run_20260528_205727\neural_eval\yolo_sppf_no_relations_attention512_seed42,<RUN_ROOT>\outputs\controlled_comparison_runs\run_20260528_205727\neural_training\yolo_sppf_no_relations_attention512_seed42
4,0.5073739823689655,0.8070931713529931,0.5005339856954321,0.8138704236531402,0.7590291266597988,195.39898014068604,5e-05,5e-05,50.7,8.64,13.0,1.21,39.0,15.8,0.6017964071856288,0.6109422492401215,0.6063348416289592,0.8042807908579721,0.8678802113916618,0.8348710224063265,0.9249278152069298,0.6777150916784203,0.7822547822547823,0.8164735358596931,0.8088737201365188,0.8126558603491272,no_relations,attention,512,42,yolo_sppf_no_relations_attention512_seed42,<RUN_ROOT>\outputs\controlled_comparison_runs\run_20260528_205727\neural_eval\yolo_sppf_no_relations_attention512_seed42,<RUN_ROOT>\outputs\controlled_comparison_runs\run_20260528_205727\neural_training\yolo_sppf_no_relations_attention512_seed42
5,0.4785286820169573,0.8217889683550504,0.6904555441231452,0.705724774283163,0.6633924292322562,195.5327243804932,5e-05,5e-05,50.7,8.64,14.0,1.21,39.0,16.7,0.336551724137931,0.7416413373860182,0.4629981024667932,0.8538915425681372,0.5948326482677627,0.7011998154130133,0.9478079331941544,0.6403385049365303,0.7643097643097643,0.604093446351044,0.9066087496121624,0.7250620347394541,no_relations,attention,512,42,yolo_sppf_no_relations_attention512_seed42,<RUN_ROOT>\outputs\controlled_comparison_runs\run_20260528_205727\neural_eval\yolo_sppf_no_relations_attention512_seed42,<RUN_ROOT>\outputs\controlled_comparison_runs\run_20260528_205727\neural_training\yolo_sppf_no_relations_attention512_seed42
6,0.4807947154732006,0.8191437248946801,0.5074266707295523,0.803155074908225,0.7712693532969881,195.26192355155945,5e-05,5e-05,50.7,8.63,14.0,1.21,39.0,16.5,0.621301775147929,0.6382978723404256,0.6296851574212893,0.8491416309012876,0.7745155607751028,0.8101136247312928,0.9054373522458627,0.810296191819464,0.8552288797915891,0.7290136411332634,0.8622401489295687,0.7900497512437811,no_relations,attention,512,42,yolo_sppf_no_relations_attention512_seed42,<RUN_ROOT>\outputs\controlled_comparison_runs\run_20260528_205727\neural_eval\yolo_sppf_no_relations_attention512_seed42,<RUN_ROOT>\outputs\controlled_comparison_runs\run_20260528_205727\neural_training\yolo_sppf_no_relations_attention512_seed42
7,0.4590211582156978,0.8292348388360928,0.5980505597426571,0.7499751959519794,0.7129218167677418,195.61283349990845,5e-05,5e-05,50.7,8.64,14.0,1.21,39.0,17.7,0.4185667752442997,0.7811550151975684,0.545068928950159,0.853416149068323,0.6723429242513213,0.7521348806656448,0.9262371615312792,0.6995768688293371,0.7971072719967859,0.6580453192950332,0.8920260626745269,0.7573761854583774,no_relations,attention,512,42,yolo_sppf_no_relations_attention512_seed42,<RUN_ROOT>\outputs\controlled_comparison_runs\run_20260528_205727\neural_eval\yolo_sppf_no_relations_attention512_seed42,<RUN_ROOT>\outputs\controlled_comparison_runs\run_20260528_205727\neural_training\yolo_sppf_no_relations_attention512_seed42
8,0.4596591917418387,0.8270794552757911,0.557948064328807,0.7804345669213215,0.7225442861560205,195.86874914169312,5e-05,5e-05,50.8,8.65,14.0,1.21,40.0,17.0,0.3914373088685015,0.7781155015197568,0.5208545269582909,0.8382795698924731,0.7629673125856332,0.7988523414284251,0.9347826086956522,0.6671368124118476,0.7786008230452675,0.7350518203560988,0.8582066397766056,0.7918694531920984,no_relations,attention,512,42,yolo_sppf_no_relations_attention512_seed42,<RUN_ROOT>\outputs\controlled_comparison_runs\run_20260528_205727\neural_eval\yolo_sppf_no_relations_attention512_seed42,<RUN_ROOT>\outputs\controlled_comparison_runs\run_20260528_205727\neural_training\yolo_sppf_no_relations_attention512_seed42
9,0.4262747011150359,0.8409914764377389,0.5122087483989104,0.7935311042762179,0.7418169677345234,196.05210185050964,2.5e-05,2.5e-05,50.7,8.64,13.0,1.21,40.0,17.1,0.3854748603351955,0.8389057750759878,0.5282296650717704,0.8747967479674796,0.737130553924447,0.8000849798172933,0.7751225490196079,0.892101551480959,0.8295081967213114,0.7854640980735552,0.8349363946633571,0.8094450293277186,no_relations,attention,512,42,yolo_sppf_no_relations_attention512_seed42,<RUN_ROOT>\outputs\controlled_comparison_runs\run_20260528_205727\neural_eval\yolo_sppf_no_relations_attention512_seed42,<RUN_ROOT>\outputs\controlled_comparison_runs\run_20260528_205727\neural_training\yolo_sppf_no_relations_attention512_seed42
10,0.4300454217666135,0.8425100421279514,0.4546041729379563,0.8353011211429705,0.7837620283843384,195.8971712589264,2.5e-05,2.5e-05,50.7,8.63,14.0,1.21,40.0,16.3,0.5039525691699605,0.7750759878419453,0.6107784431137725,0.8377514570407971,0.8721863378351928,0.8546221710778673,0.8995951417004049,0.7834978843441467,0.8375424048247267,0.8602186154355747,0.8057710207880856,0.8321050945209869,no_relations,attention,512,42,yolo_sppf_no_relations_attention512_seed42,<RUN_ROOT>\outputs\controlled_comparison_runs\run_20260528_205727\neural_eval\yolo_sppf_no_relations_attention512_seed42,<RUN_ROOT>\outputs\controlled_comparison_runs\run_20260528_205727\neural_training\yolo_sppf_no_relations_attention512_seed42
1,0.842086094154226,0.649750171450965,0.6750576815907917,0.7155471772993353,0.6516616678651794,184.88988065719604,5e-05,5e-05,51.0,8.69,14.0,1.21,40.0,16.7,0.2385120350109409,0.662613981762918,0.3507642799678198,0.8491379310344828,0.6169504795458994,0.7146582020179119,0.8056975894813733,0.7778561354019746,0.7915321133835665,0.670666013712047,0.8498293515358362,0.7496920760914192,no_relations,attention,512,43,yolo_sppf_no_relations_attention512_seed43,<RUN_ROOT>\outputs\controlled_comparison_runs\run_20260528_205727\neural_eval\yolo_sppf_no_relations_attention512_seed43,<RUN_ROOT>\outputs\controlled_comparison_runs\run_20260528_205727\neural_training\yolo_sppf_no_relations_attention512_seed43
2,0.5696316918761098,0.777750563338885,0.5488582353418072,0.7818235936104773,0.7374748228934395,196.76672887802124,5e-05,5e-05,50.7,8.69,13.0,1.21,40.0,17.0,0.5833333333333334,0.5531914893617021,0.5678627145085804,0.820130279470477,0.7639459776864357,0.7910417511147142,0.8877805486284289,0.7531734837799718,0.8149561236169401,0.716688567674113,0.8461061123177164,0.776038702333523,no_relations,attention,512,43,yolo_sppf_no_relations_attention512_seed43,<RUN_ROOT>\outputs\controlled_comparison_runs\run_20260528_205727\neural_eval\yolo_sppf_no_relations_attention512_seed43,<RUN_ROOT>\outputs\controlled_comparison_runs\run_20260528_205727\neural_training\yolo_sppf_no_relations_attention512_seed43
3,0.5353145917416273,0.7956304496913883,0.4933076222885459,0.8164500446472864,0.7677151118370068,196.28386902809143,5e-05,5e-05,50.7,8.7,13.0,1.21,40.0,16.2,0.7341772151898734,0.5288753799392097,0.6148409893992932,0.7925886898489638,0.8833431199843413,0.8355086550032398,0.8863450531479967,0.764456981664316,0.8209011737978039,0.8403418803418803,0.762643499844865,0.7996096291476903,no_relations,attention,512,43,yolo_sppf_no_relations_attention512_seed43,<RUN_ROOT>\outputs\controlled_comparison_runs\run_20260528_205727\neural_eval\yolo_sppf_no_relations_attention512_seed43,<RUN_ROOT>\outputs\controlled_comparison_runs\run_20260528_205727\neural_training\yolo_sppf_no_relations_attention512_seed43
4,0.4990197609771382,0.8088566669932399,0.5274965480014328,0.8033535072923901,0.7452249745440358,196.75184035301208,5e-05,5e-05,50.7,8.7,14.0,1.21,40.0,17.2,0.7644444444444445,0.5227963525835866,0.6209386281588447,0.7725021349274125,0.8853004501859464,0.82506384531193,0.9312638580931264,0.5923836389280677,0.7241379310344828,0.827252179528576,0.7949115730685696,0.8107594936708861,no_relations,attention,512,43,yolo_sppf_no_relations_attention512_seed43,<RUN_ROOT>\outputs\controlled_comparison_runs\run_20260528_205727\neural_eval\yolo_sppf_no_relations_attention512_seed43,<RUN_ROOT>\outputs\controlled_comparison_runs\run_20260528_205727\neural_training\yolo_sppf_no_relations_attention512_seed43
5,0.4907202519371311,0.8123346722837268,0.5613635330143133,0.7677348943347554,0.7375609596774445,196.74524474143985,5e-05,5e-05,50.7,8.71,13.0,1.21,40.0,17.1,0.6480263157894737,0.5987841945288754,0.6224328593996841,0.8269613259668508,0.732432961440595,0.7768320531451111,0.9235849056603772,0.6904090267983075,0.7901533494753835,0.6730310262529833,0.8749612162581446,0.7608255766895994,no_relations,attention,512,43,yolo_sppf_no_relations_attention512_seed43,<RUN_ROOT>\outputs\controlled_comparison_runs\run_20260528_205727\neural_eval\yolo_sppf_no_relations_attention512_seed43,<RUN_ROOT>\outputs\controlled_comparison_runs\run_20260528_205727\neural_training\yolo_sppf_no_relations_attention512_seed43
6,0.4731452772364627,0.8269324973057706,0.47089058037049,0.8234943942851474,0.7821352429909784,196.48976397514343,5e-05,5e-05,50.8,8.69,13.0,1.21,39.0,16.5,0.5873015873015873,0.6747720364741642,0.628005657708628,0.8453381352541016,0.8269720101781171,0.8360542198476303,0.8597122302158273,0.8427362482369535,0.8511396011396011,0.8022939933594929,0.8246974868135277,0.8133414932680538,no_relations,attention,512,43,yolo_sppf_no_relations_attention512_seed43,<RUN_ROOT>\outputs\controlled_comparison_runs\run_20260528_205727\neural_eval\yolo_sppf_no_relations_attention512_seed43,<RUN_ROOT>\outputs\controlled_comparison_runs\run_20260528_205727\neural_training\yolo_sppf_no_relations_attention512_seed43
7,0.4655148178560887,0.8257568335456059,0.5139528388297925,0.8004762377219963,0.7516839876083578,196.2706153392792,5e-05,5e-05,50.7,8.7,14.0,1.21,39.0,17.2,0.5409429280397022,0.662613981762918,0.5956284153005464,0.8272963778266961,0.8091603053435115,0.8181278448446468,0.9316888045540797,0.692524682651622,0.7944983818770227,0.7542068965517241,0.8482780018616196,0.7984813084112149,no_relations,attention,512,43,yolo_sppf_no_relations_attention512_seed43,<RUN_ROOT>\outputs\controlled_comparison_runs\run_20260528_205727\neural_eval\yolo_sppf_no_relations_attention512_seed43,<RUN_ROOT>\outputs\controlled_comparison_runs\run_20260528_205727\neural_training\yolo_sppf_no_relations_attention512_seed43
8,0.4539944505447457,0.8305084745762712,0.5474260050478199,0.7740847306280385,0.7611264373438545,196.80135250091556,5e-05,5e-05,50.8,8.82,14.0,1.21,39.0,16.0,0.6719745222929936,0.6413373860182371,0.6562986003110419,0.8677665599606008,0.6897631630456058,0.7685932388222465,0.8833580980683506,0.8385049365303244,0.8603473227206947,0.6603946764570904,0.8929568724790568,0.7592665875214352,no_relations,attention,512,43,yolo_sppf_no_relations_attention512_seed43,<RUN_ROOT>\outputs\controlled_comparison_runs\run_20260528_205727\neural_eval\yolo_sppf_no_relations_attention512_seed43,<RUN_ROOT>\outputs\controlled_comparison_runs\run_20260528_205727\neural_training\yolo_sppf_no_relations_attention512_seed43
9,0.4404133492847175,0.8395708827275399,0.4791674556646733,0.8132751265006449,0.7845804487113207,196.68976306915283,5e-05,5e-05,50.7,8.8,13.0,1.21,39.0,16.2,0.6950819672131148,0.6443768996960486,0.668769716088328,0.8415233415233415,0.8044627128596594,0.8225758030621435,0.8955223880597015,0.8039492242595204,0.8472686733556298,0.7561515067735692,0.8485882717964629,0.7997076023391813,no_relations,attention,512,43,yolo_sppf_no_relations_attention512_seed43,<RUN_ROOT>\outputs\controlled_comparison_runs\run_20260528_205727\neural_eval\yolo_sppf_no_relations_attention512_seed43,<RUN_ROOT>\outputs\controlled_comparison_runs\run_20260528_205727\neural_training\yolo_sppf_no_relations_attention512_seed43
10,0.4433808048258661,0.834378367786813,0.4838284741229717,0.7976981843436849,0.7817936262599051,196.781222820282,5e-05,5e-05,50.7,8.63,14.0,1.21,39.0,17.3,0.7133550488599348,0.6656534954407295,0.6886792452830188,0.8786442284901635,0.7255823057349775,0.7948113207547169,0.8088694565896315,0.9132581100141044,0.8578999668764491,0.7133097165991903,0.8746509463233013,0.7857839721254355,no_relations,attention,512,43,yolo_sppf_no_relations_attention512_seed43,<RUN_ROOT>\outputs\controlled_comparison_runs\run_20260528_205727\neural_eval\yolo_sppf_no_relations_attention512_seed43,<RUN_ROOT>\outputs\controlled_comparison_runs\run_20260528_205727\neural_training\yolo_sppf_no_relations_attention512_seed43
1,0.8401327817978156,0.6518565690212599,0.8590454886770911,0.6699077289413632,0.5607771976743903,185.2134544849396,5e-05,5e-05,50.7,8.68,14.0,1.21,39.0,16.9,0.1455621301775148,0.7477203647416414,0.2436849925705795,0.7922559703222815,0.6688197298884322,0.7253237104648695,0.962671905697446,0.3455571227080395,0.508562532433835,0.728623493131483,0.8063915606577723,0.7655375552282769,no_relations,attention,512,44,yolo_sppf_no_relations_attention512_seed44,<RUN_ROOT>\outputs\controlled_comparison_runs\run_20260528_205727\neural_eval\yolo_sppf_no_relations_attention512_seed44,<RUN_ROOT>\outputs\controlled_comparison_runs\run_20260528_205727\neural_training\yolo_sppf_no_relations_attention512_seed44
2,0.5861945001461009,0.7754972077985696,0.5654871824433998,0.7702152991368191,0.7308736965401409,197.04389691352844,5e-05,5e-05,50.6,8.7,13.0,1.21,39.0,16.5,0.5666666666666667,0.5683890577507599,0.56752655538695,0.8244191144234985,0.7361518888236446,0.7777892668803641,0.9194690265486726,0.732722143864598,0.815541601255887,0.6842494454030071,0.8613093391250388,0.7626373626373627,no_relations,attention,512,44,yolo_sppf_no_relations_attention512_seed44,<RUN_ROOT>\outputs\controlled_comparison_runs\run_20260528_205727\neural_eval\yolo_sppf_no_relations_attention512_seed44,<RUN_ROOT>\outputs\controlled_comparison_runs\run_20260528_205727\neural_training\yolo_sppf_no_relations_attention512_seed44
3,0.5295503071646519,0.7971980013716077,0.5387572469714556,0.7783510268875881,0.7436338417491434,196.2738726139069,5e-05,5e-05,50.8,8.69,14.0,1.21,39.0,16.6,0.4988610478359909,0.6656534954407295,0.5703125,0.8643131604226705,0.7044431395576434,0.776232071605737,0.8336673346693386,0.8801128349788434,0.8562607204116638,0.6984166876099522,0.8622401489295687,0.7717300749791723,no_relations,attention,512,44,yolo_sppf_no_relations_attention512_seed44,<RUN_ROOT>\outputs\controlled_comparison_runs\run_20260528_205727\neural_eval\yolo_sppf_no_relations_attention512_seed44,<RUN_ROOT>\outputs\controlled_comparison_runs\run_20260528_205727\neural_training\yolo_sppf_no_relations_attention512_seed44
4,0.4983005426578854,0.8131184481238366,0.616158821224235,0.7403512253199722,0.7069471727443986,196.60468077659607,5e-05,5e-05,50.7,8.7,14.0,1.21,39.0,17.6,0.497787610619469,0.6838905775075987,0.5761843790012805,0.8220218319886095,0.6780191818359758,0.7431084414887912,0.9446185997910136,0.6375176304654443,0.7612631578947368,0.643850987432675,0.8901644430654669,0.7472327125927855,no_relations,attention,512,44,yolo_sppf_no_relations_attention512_seed44,<RUN_ROOT>\outputs\controlled_comparison_runs\run_20260528_205727\neural_eval\yolo_sppf_no_relations_attention512_seed44,<RUN_ROOT>\outputs\controlled_comparison_runs\run_20260528_205727\neural_training\yolo_sppf_no_relations_attention512_seed44
5,0.4890075522390278,0.8127265602037818,0.5023321314419191,0.8013691834507392,0.7621500843957822,196.21702575683597,5e-05,5e-05,50.7,8.71,14.0,1.21,39.0,16.3,0.6253687315634219,0.6443768996960486,0.6347305389221557,0.8153276131045242,0.818359757291055,0.816840871349028,0.9295644114921224,0.7073342736248237,0.803364036844213,0.7588451740730258,0.831833695314924,0.7936648904677324,no_relations,attention,512,44,yolo_sppf_no_relations_attention512_seed44,<RUN_ROOT>\outputs\controlled_comparison_runs\run_20260528_205727\neural_eval\yolo_sppf_no_relations_attention512_seed44,<RUN_ROOT>\outputs\controlled_comparison_runs\run_20260528_205727\neural_training\yolo_sppf_no_relations_attention512_seed44
6,0.484749916719045,0.8192906828647007,0.4867244245720997,0.8233951780930648,0.7701995309574384,196.5689387321472,5e-05,5e-05,50.7,8.7,14.0,1.21,39.0,16.2,0.7450980392156863,0.5775075987841946,0.6506849315068494,0.7798149983481996,0.9240555881777256,0.8458299740213204,0.9427083333333334,0.6382228490832158,0.7611438183347352,0.8836298932384342,0.7704002482159479,0.8231393999668489,no_relations,attention,512,44,yolo_sppf_no_relations_attention512_seed44,<RUN_ROOT>\outputs\controlled_comparison_runs\run_20260528_205727\neural_eval\yolo_sppf_no_relations_attention512_seed44,<RUN_ROOT>\outputs\controlled_comparison_runs\run_20260528_205727\neural_training\yolo_sppf_no_relations_attention512_seed44
7,0.462184360426001,0.826442637405702,0.49575649908049,0.8095049112015081,0.7616379435597833,196.30490732192996,5e-05,5e-05,50.6,8.7,13.0,1.21,39.0,17.3,0.4937238493723849,0.7173252279635258,0.5848822800495663,0.8428134556574923,0.8091603053435115,0.8256440982624326,0.92573402417962,0.7559943582510579,0.8322981366459627,0.7679479932165065,0.8430034129692833,0.8037272592811714,no_relations,attention,512,44,yolo_sppf_no_relations_attention512_seed44,<RUN_ROOT>\outputs\controlled_comparison_runs\run_20260528_205727\neural_eval\yolo_sppf_no_relations_attention512_seed44,<RUN_ROOT>\outputs\controlled_comparison_runs\run_20260528_205727\neural_training\yolo_sppf_no_relations_attention512_seed44
8,0.4471469385765469,0.8345253257568336,0.4631544085249068,0.8374838773687866,0.7874039359989354,196.7207899093628,5e-05,5e-05,50.7,8.69,14.0,1.21,39.0,16.0,0.6195965417867435,0.6534954407294833,0.636094674556213,0.8116474291710388,0.9083969465648856,0.8573011914657799,0.927320490367776,0.7468265162200282,0.8273437499999999,0.8795264623955432,0.7837418554142104,0.828876127973749,no_relations,attention,512,44,yolo_sppf_no_relations_attention512_seed44,<RUN_ROOT>\outputs\controlled_comparison_runs\run_20260528_205727\neural_eval\yolo_sppf_no_relations_attention512_seed44,<RUN_ROOT>\outputs\controlled_comparison_runs\run_20260528_205727\neural_training\yolo_sppf_no_relations_attention512_seed44
9,0.4558223163195211,0.8314392083864015,0.4808125565434614,0.8300426629625955,0.7682118181205068,196.4069104194641,5e-05,5e-05,50.6,8.7,14.0,1.21,39.0,16.4,0.4369747899159664,0.790273556231003,0.5627705627705627,0.831087317703526,0.8811900567625759,0.855405662169865,0.8961253091508656,0.7665726375176305,0.8263017863930066,0.8819201121233357,0.7809494260006206,0.828369261148593,no_relations,attention,512,44,yolo_sppf_no_relations_attention512_seed44,<RUN_ROOT>\outputs\controlled_comparison_runs\run_20260528_205727\neural_eval\yolo_sppf_no_relations_attention512_seed44,<RUN_ROOT>\outputs\controlled_comparison_runs\run_20260528_205727\neural_training\yolo_sppf_no_relations_attention512_seed44
10,0.448996497948762,0.8337905359067307,0.5769579362953895,0.767834110526838,0.7179726866609224,196.7300100326538,5e-05,5e-05,50.7,8.69,14.0,1.21,39.0,17.1,0.4858870967741935,0.7325227963525835,0.5842424242424243,0.8187234042553192,0.7531806615776081,0.7845855846671423,0.9421768707482994,0.5860366713681241,0.722608695652174,0.704573856535866,0.8746509463233013,0.780454042081949,no_relations,attention,512,44,yolo_sppf_no_relations_attention512_seed44,<RUN_ROOT>\outputs\controlled_comparison_runs\run_20260528_205727\neural_eval\yolo_sppf_no_relations_attention512_seed44,<RUN_ROOT>\outputs\controlled_comparison_runs\run_20260528_205727\neural_training\yolo_sppf_no_relations_attention512_seed44
1,0.8498578841935225,0.6448025864602723,0.5922189873894529,0.7779541621192578,0.692771004333642,186.6029405593872,5e-05,5e-05,50.7,8.67,15.0,1.21,39.0,16.7,0.5366795366795367,0.4224924012158054,0.4727891156462585,0.7606483876530437,0.8633783519279703,0.8087642097543088,0.8890063424947146,0.5930888575458392,0.7115059221658206,0.7967479674796748,0.7601613403661185,0.7780247697681802,no_relations,attention,896,42,yolo_sppf_no_relations_attention896_seed42,<RUN_ROOT>\outputs\controlled_comparison_runs\run_20260528_205727\neural_eval\yolo_sppf_no_relations_attention896_seed42,<RUN_ROOT>\outputs\controlled_comparison_runs\run_20260528_205727\neural_training\yolo_sppf_no_relations_attention896_seed42
2,0.5798657137818845,0.7817674145194474,0.5273842884493726,0.7949201309653735,0.7396920464622471,198.8450019359589,5e-05,5e-05,50.6,8.69,14.0,1.21,39.0,17.2,0.4211502782931354,0.6899696048632219,0.5230414746543779,0.852558542931483,0.7696222352710902,0.8089702705482975,0.8232462173314993,0.8441466854724965,0.8335654596100279,0.7645365572826712,0.8240769469438411,0.7931909810362848,no_relations,attention,896,42,yolo_sppf_no_relations_attention896_seed42,<RUN_ROOT>\outputs\controlled_comparison_runs\run_20260528_205727\neural_eval\yolo_sppf_no_relations_attention896_seed42,<RUN_ROOT>\outputs\controlled_comparison_runs\run_20260528_205727\neural_training\yolo_sppf_no_relations_attention896_seed42
3,0.53496091836789,0.7930831782110317,0.5378349726117911,0.7880742137116777,0.7359821894760132,198.75848960876465,5e-05,5e-05,50.7,8.7,15.0,1.21,39.0,16.8,0.6523297491039427,0.5531914893617021,0.5986842105263158,0.7915101427498121,0.8248189469563515,0.8078213361449247,0.9403620873269436,0.6227080394922426,0.7492575307594399,0.7531806615776081,0.8265591064225877,0.7881656804733727,no_relations,attention,896,42,yolo_sppf_no_relations_attention896_seed42,<RUN_ROOT>\outputs\controlled_comparison_runs\run_20260528_205727\neural_eval\yolo_sppf_no_relations_attention896_seed42,<RUN_ROOT>\outputs\controlled_comparison_runs\run_20260528_205727\neural_training\yolo_sppf_no_relations_attention896_seed42
4,0.5101203201601404,0.8073870872930342,0.5660538810068771,0.7841055660283758,0.7276833001770353,191.38779401779172,5e-05,5e-05,52.5,9.18,15.0,1.21,38.0,11.9,0.5906432748538012,0.6139817629179332,0.602086438152012,0.7930839002267573,0.8214914856136231,0.8070377848283818,0.9514218009478672,0.5662905500705219,0.7099911582670204,0.7500694251596779,0.8380390940117902,0.7916178194607268,no_relations,attention,896,42,yolo_sppf_no_relations_attention896_seed42,<RUN_ROOT>\outputs\controlled_comparison_runs\run_20260528_205727\neural_eval\yolo_sppf_no_relations_attention896_seed42,<RUN_ROOT>\outputs\controlled_comparison_runs\run_20260528_205727\neural_training\yolo_sppf_no_relations_attention896_seed42
5,0.4845235412911188,0.8178700891545018,0.6304356543395284,0.7404504415120547,0.681468923792881,193.92816758155823,5e-05,5e-05,51.7,9.02,15.0,1.21,38.0,11.0,0.2891832229580574,0.7963525835866262,0.4242914979757085,0.8514115898959881,0.6729301233118027,0.7517218760249261,0.935609756097561,0.6763046544428772,0.7851002865329513,0.6822384428223844,0.8699968973006516,0.7647620346379381,no_relations,attention,896,42,yolo_sppf_no_relations_attention896_seed42,<RUN_ROOT>\outputs\controlled_comparison_runs\run_20260528_205727\neural_eval\yolo_sppf_no_relations_attention896_seed42,<RUN_ROOT>\outputs\controlled_comparison_runs\run_20260528_205727\neural_training\yolo_sppf_no_relations_attention896_seed42
6,0.4845449027071085,0.8184089350445772,0.5149503931702514,0.7962099414624467,0.7653911009941833,191.45201778411865,5e-05,5e-05,50.8,8.99,14.0,1.21,37.0,14.7,0.621301775147929,0.6382978723404256,0.6296851574212893,0.8436692506459949,0.7668819729888432,0.803445093817287,0.8983320095313742,0.7976022566995769,0.844975719088532,0.7206878582595102,0.8582066397766056,0.7834584336496246,no_relations,attention,896,42,yolo_sppf_no_relations_attention896_seed42,<RUN_ROOT>\outputs\controlled_comparison_runs\run_20260528_205727\neural_eval\yolo_sppf_no_relations_attention896_seed42,<RUN_ROOT>\outputs\controlled_comparison_runs\run_20260528_205727\neural_training\yolo_sppf_no_relations_attention896_seed42
7,0.4605278950330559,0.8284510629959831,0.5987859038434672,0.7473955749578332,0.7205118177954051,199.7571198940277,5e-05,5e-05,50.9,9.0,15.0,1.21,38.0,18.1,0.4464285714285714,0.7598784194528876,0.562429696287964,0.8678749671657473,0.6467018986102956,0.7411395244504262,0.9151103565365024,0.7602256699576869,0.8305084745762712,0.6398323775915307,0.900093080980453,0.747969575866959,no_relations,attention,896,42,yolo_sppf_no_relations_attention896_seed42,<RUN_ROOT>\outputs\controlled_comparison_runs\run_20260528_205727\neural_eval\yolo_sppf_no_relations_attention896_seed42,<RUN_ROOT>\outputs\controlled_comparison_runs\run_20260528_205727\neural_training\yolo_sppf_no_relations_attention896_seed42
8,0.4590599874507484,0.8285490349759969,0.5304613962462763,0.7879749975195952,0.7412821570599023,198.0582535266876,5e-05,5e-05,50.7,8.98,15.0,1.21,38.0,17.5,0.4867617107942973,0.7264437689969605,0.5829268292682926,0.8304375130835252,0.7764728909767078,0.8025490592757435,0.9224952741020794,0.688293370944993,0.7883683360258481,0.7354116706634692,0.8563450201675458,0.7912844036697247,no_relations,attention,896,42,yolo_sppf_no_relations_attention896_seed42,<RUN_ROOT>\outputs\controlled_comparison_runs\run_20260528_205727\neural_eval\yolo_sppf_no_relations_attention896_seed42,<RUN_ROOT>\outputs\controlled_comparison_runs\run_20260528_205727\neural_training\yolo_sppf_no_relations_attention896_seed42
9,0.4475479935030205,0.8333496619966689,0.6062962935867882,0.7397559281674769,0.7109588453078046,198.33649492263797,5e-05,5e-05,50.7,8.96,15.0,1.21,38.0,17.6,0.4531516183986371,0.8085106382978723,0.5807860262008734,0.8982195845697329,0.5924838520258368,0.7139992923693831,0.6566147859922179,0.9520451339915372,0.7772020725388601,0.6918347270044269,0.8727893267142414,0.7718479901221017,no_relations,attention,896,42,yolo_sppf_no_relations_attention896_seed42,<RUN_ROOT>\outputs\controlled_comparison_runs\run_20260528_205727\neural_eval\yolo_sppf_no_relations_attention896_seed42,<RUN_ROOT>\outputs\controlled_comparison_runs\run_20260528_205727\neural_training\yolo_sppf_no_relations_attention896_seed42
10,0.4459271499490056,0.8355540315469776,0.4456269960702648,0.8282567715051097,0.8013799090393026,198.43999218940732,5e-05,5e-05,50.7,8.98,15.0,1.21,38.0,16.8,0.6869565217391305,0.7203647416413373,0.7032640949554897,0.8653403141361257,0.8087688393031904,0.8360987454471874,0.7729666471620831,0.9315937940761636,0.8448992644707387,0.8178461538461539,0.8246974868135277,0.8212575312837942,no_relations,attention,896,42,yolo_sppf_no_relations_attention896_seed42,<RUN_ROOT>\outputs\controlled_comparison_runs\run_20260528_205727\neural_eval\yolo_sppf_no_relations_attention896_seed42,<RUN_ROOT>\outputs\controlled_comparison_runs\run_20260528_205727\neural_training\yolo_sppf_no_relations_attention896_seed42
1,0.8436957021713911,0.6472518859606152,0.6339755839771695,0.7343982537950193,0.6791884354546367,187.32964658737183,5e-05,5e-05,50.8,9.01,15.0,1.21,39.0,17.7,0.4,0.5106382978723404,0.4485981308411215,0.8423076923076923,0.642982971227246,0.7292707292707292,0.7735215053763441,0.811706629055007,0.7921541637990365,0.6551158979161789,0.8681352776915917,0.7467307179076594,no_relations,attention,896,43,yolo_sppf_no_relations_attention896_seed43,<RUN_ROOT>\outputs\controlled_comparison_runs\run_20260528_205727\neural_eval\yolo_sppf_no_relations_attention896_seed43,<RUN_ROOT>\outputs\controlled_comparison_runs\run_20260528_205727\neural_training\yolo_sppf_no_relations_attention896_seed43
2,0.5739791019524807,0.78157147055942,0.5318556102997963,0.7936303204683004,0.7427742914931933,199.60287618637085,5e-05,5e-05,50.6,9.02,14.0,1.21,39.0,16.3,0.648,0.4924012158054711,0.5595854922279794,0.8172884075411151,0.7976120571540419,0.8073303615651313,0.9092465753424658,0.7489421720733427,0.8213457076566125,0.7346938775510204,0.8377288240769469,0.7828356045230502,no_relations,attention,896,43,yolo_sppf_no_relations_attention896_seed43,<RUN_ROOT>\outputs\controlled_comparison_runs\run_20260528_205727\neural_eval\yolo_sppf_no_relations_attention896_seed43,<RUN_ROOT>\outputs\controlled_comparison_runs\run_20260528_205727\neural_training\yolo_sppf_no_relations_attention896_seed43
3,0.5342307777310427,0.7971980013716077,0.5059653058648109,0.8081158845123524,0.7546816961508007,198.86526584625244,5e-05,5e-05,50.7,9.03,14.0,1.21,39.0,17.1,0.6595744680851063,0.5653495440729484,0.6088379705400983,0.7886107193229901,0.8755137991779213,0.8297931546238753,0.9209257473481196,0.6734837799717912,0.7780040733197556,0.8196243523316062,0.7852932050884269,0.802091586119474,no_relations,attention,896,43,yolo_sppf_no_relations_attention896_seed43,<RUN_ROOT>\outputs\controlled_comparison_runs\run_20260528_205727\neural_eval\yolo_sppf_no_relations_attention896_seed43,<RUN_ROOT>\outputs\controlled_comparison_runs\run_20260528_205727\neural_training\yolo_sppf_no_relations_attention896_seed43
4,0.4947530507550904,0.8110610365435486,0.4776483032881977,0.8235936104772299,0.7740780247179526,199.20878982543945,5e-05,5e-05,50.7,9.02,15.0,1.21,39.0,16.4,0.6943396226415094,0.5592705167173252,0.6195286195286195,0.8051089674883887,0.8821687218633784,0.8418791444849163,0.8961794019933554,0.7609308885754584,0.8230358504958047,0.8403054448871182,0.7852932050884269,0.8118684843624699,no_relations,attention,896,43,yolo_sppf_no_relations_attention896_seed43,<RUN_ROOT>\outputs\controlled_comparison_runs\run_20260528_205727\neural_eval\yolo_sppf_no_relations_attention896_seed43,<RUN_ROOT>\outputs\controlled_comparison_runs\run_20260528_205727\neural_training\yolo_sppf_no_relations_attention896_seed43
5,0.4847433114582001,0.8150778877241109,0.5569965681135063,0.7615834904256374,0.7421460381478038,199.19519472122192,5e-05,5e-05,50.6,9.03,14.0,1.21,39.0,17.9,0.6200607902735562,0.6200607902735562,0.6200607902735562,0.8588699728596102,0.6813466431787042,0.759877755948483,0.900726392251816,0.7870239774330042,0.8400451637184795,0.6449080305069538,0.8920260626745269,0.7486004426506965,no_relations,attention,896,43,yolo_sppf_no_relations_attention896_seed43,<RUN_ROOT>\outputs\controlled_comparison_runs\run_20260528_205727\neural_eval\yolo_sppf_no_relations_attention896_seed43,<RUN_ROOT>\outputs\controlled_comparison_runs\run_20260528_205727\neural_training\yolo_sppf_no_relations_attention896_seed43
6,0.4691284553682122,0.8254629176055648,0.4731895885282447,0.8267685286238714,0.7735688741066946,199.6738564968109,5e-05,5e-05,50.7,9.02,14.0,1.21,39.0,17.5,0.4968152866242038,0.7112462006079028,0.5850000000000001,0.8385356454720616,0.8518301037385007,0.8451305952034177,0.8716216216216216,0.8187588152327221,0.8443636363636363,0.8379779650032404,0.8023580515048092,0.8197812648597241,no_relations,attention,896,43,yolo_sppf_no_relations_attention896_seed43,<RUN_ROOT>\outputs\controlled_comparison_runs\run_20260528_205727\neural_eval\yolo_sppf_no_relations_attention896_seed43,<RUN_ROOT>\outputs\controlled_comparison_runs\run_20260528_205727\neural_training\yolo_sppf_no_relations_attention896_seed43
7,0.4633054509116658,0.8263936514156951,0.4836116570410215,0.8146641531898006,0.7659489977717227,201.06561136245728,5e-05,5e-05,50.6,8.92,14.0,1.21,39.0,16.5,0.543640897755611,0.662613981762918,0.5972602739726027,0.8356408227848101,0.8269720101781171,0.8312838170191834,0.9174548581255374,0.7524682651622003,0.8268113134444015,0.7808615206707141,0.8380390940117902,0.8084405866507033,no_relations,attention,896,43,yolo_sppf_no_relations_attention896_seed43,<RUN_ROOT>\outputs\controlled_comparison_runs\run_20260528_205727\neural_eval\yolo_sppf_no_relations_attention896_seed43,<RUN_ROOT>\outputs\controlled_comparison_runs\run_20260528_205727\neural_training\yolo_sppf_no_relations_attention896_seed43
8,0.4501468811306787,0.8314881943764083,0.4966175138152071,0.8011707510665741,0.7756958305345789,199.06620502471924,5e-05,5e-05,50.7,8.92,15.0,1.21,39.0,17.7,0.6306818181818182,0.6747720364741642,0.6519823788546256,0.8597777777777778,0.7572910550009787,0.8052867103756894,0.8669064748201439,0.8497884344146686,0.8582621082621082,0.7242637477195726,0.8622401489295687,0.7872521246458924,no_relations,attention,896,43,yolo_sppf_no_relations_attention896_seed43,<RUN_ROOT>\outputs\controlled_comparison_runs\run_20260528_205727\neural_eval\yolo_sppf_no_relations_attention896_seed43,<RUN_ROOT>\outputs\controlled_comparison_runs\run_20260528_205727\neural_training\yolo_sppf_no_relations_attention896_seed43
9,0.439700544972358,0.8355050455569707,0.4482245536173679,0.824883420974303,0.797177403481984,199.04054427146912,5e-05,5e-05,50.7,8.93,14.0,1.21,39.0,17.5,0.6628242074927954,0.6990881458966566,0.6804733727810651,0.8646537162162162,0.8015267175572519,0.8318943626206197,0.8296632124352331,0.9033850493653032,0.8649561107359891,0.7844727694090382,0.8402109835556935,0.8113857677902622,no_relations,attention,896,43,yolo_sppf_no_relations_attention896_seed43,<RUN_ROOT>\outputs\controlled_comparison_runs\run_20260528_205727\neural_eval\yolo_sppf_no_relations_attention896_seed43,<RUN_ROOT>\outputs\controlled_comparison_runs\run_20260528_205727\neural_training\yolo_sppf_no_relations_attention896_seed43
10,0.441478913600285,0.8352601156069365,0.5178598021951667,0.77725964877468,0.7663825705775775,199.6851065158844,5e-05,5e-05,50.7,8.93,15.0,1.21,39.0,16.2,0.653179190751445,0.6869300911854104,0.6696296296296296,0.8820096422227861,0.6803679780779017,0.7681767955801105,0.8432032301480484,0.883638928067701,0.8629476584022039,0.6686019507663725,0.8932671424139,0.7647761986983663,no_relations,attention,896,43,yolo_sppf_no_relations_attention896_seed43,<RUN_ROOT>\outputs\controlled_comparison_runs\run_20260528_205727\neural_eval\yolo_sppf_no_relations_attention896_seed43,<RUN_ROOT>\outputs\controlled_comparison_runs\run_20260528_205727\neural_training\yolo_sppf_no_relations_attention896_seed43
1,0.8400085844087843,0.6497011854609581,0.8604235214092547,0.6697092965571981,0.5479139078863475,187.2983605861664,5e-05,5e-05,50.8,9.08,15.0,1.21,39.0,16.6,0.1561728395061728,0.7689969604863222,0.2596203181118522,0.7751270156836757,0.6868271677431983,0.728310502283105,0.9637681159420288,0.2813822284908321,0.435589519650655,0.7359295054007959,0.8032888613093391,0.7681352914997774,no_relations,attention,896,44,yolo_sppf_no_relations_attention896_seed44,<RUN_ROOT>\outputs\controlled_comparison_runs\run_20260528_205727\neural_eval\yolo_sppf_no_relations_attention896_seed44,<RUN_ROOT>\outputs\controlled_comparison_runs\run_20260528_205727\neural_training\yolo_sppf_no_relations_attention896_seed44
2,0.5789423017853106,0.7784363671989811,0.5403396370746787,0.7910506994741542,0.7383402550441902,200.67507433891296,5e-05,5e-05,50.6,9.1,15.0,1.21,39.0,16.7,0.6197183098591549,0.5349544072948328,0.5742251223491027,0.8024357239512855,0.81248776668624,0.8074304609998056,0.93359375,0.6741889985895627,0.7829647829647829,0.7476375764313508,0.8346261247285138,0.7887406538630699,no_relations,attention,896,44,yolo_sppf_no_relations_attention896_seed44,<RUN_ROOT>\outputs\controlled_comparison_runs\run_20260528_205727\neural_eval\yolo_sppf_no_relations_attention896_seed44,<RUN_ROOT>\outputs\controlled_comparison_runs\run_20260528_205727\neural_training\yolo_sppf_no_relations_attention896_seed44
3,0.5286210387898463,0.8009699226021358,0.5180822862652205,0.8030558587161425,0.7528440054933754,199.9031822681427,5e-05,5e-05,50.6,9.1,14.0,1.21,39.0,17.5,0.4792122538293216,0.6656534954407295,0.5572519083969466,0.8386696963437307,0.7946760618516344,0.8160804020100504,0.8916139240506329,0.7947813822284908,0.8404175988068605,0.7642877452374183,0.8340055848588271,0.7976261127596439,no_relations,attention,896,44,yolo_sppf_no_relations_attention896_seed44,<RUN_ROOT>\outputs\controlled_comparison_runs\run_20260528_205727\neural_eval\yolo_sppf_no_relations_attention896_seed44,<RUN_ROOT>\outputs\controlled_comparison_runs\run_20260528_205727\neural_training\yolo_sppf_no_relations_attention896_seed44
4,0.5034421224754339,0.8128735181738023,0.6158374660201222,0.7407480900883024,0.7072527079775863,199.972149848938,5e-05,5e-05,50.7,9.09,15.0,1.21,40.0,16.2,0.5177304964539007,0.6656534954407295,0.5824468085106383,0.8198772426817753,0.6797807790174203,0.7432851792402355,0.93717277486911,0.6311706629055007,0.7543194268857986,0.6447928331466966,0.8932671424139,0.7489594172736733,no_relations,attention,896,44,yolo_sppf_no_relations_attention896_seed44,<RUN_ROOT>\outputs\controlled_comparison_runs\run_20260528_205727\neural_eval\yolo_sppf_no_relations_attention896_seed44,<RUN_ROOT>\outputs\controlled_comparison_runs\run_20260528_205727\neural_training\yolo_sppf_no_relations_attention896_seed44
5,0.4862045262324212,0.8154207896541589,0.461110031248499,0.8274630419684492,0.7870506080876867,199.8337132930756,5e-05,5e-05,50.8,9.11,14.0,1.21,39.0,16.4,0.6430769230769231,0.6352583586626139,0.6391437308868502,0.8339100346020761,0.8490898414562537,0.8414314809426826,0.8828828828828829,0.8293370944992948,0.8552727272727273,0.8127329192546584,0.8119764194849519,0.8123544932484867,no_relations,attention,896,44,yolo_sppf_no_relations_attention896_seed44,<RUN_ROOT>\outputs\controlled_comparison_runs\run_20260528_205727\neural_eval\yolo_sppf_no_relations_attention896_seed44,<RUN_ROOT>\outputs\controlled_comparison_runs\run_20260528_205727\neural_training\yolo_sppf_no_relations_attention896_seed44
6,0.4795592614335699,0.8183599490545704,0.4556840422903261,0.8355987697192182,0.7918481031873859,200.5602831840515,5e-05,5e-05,50.7,8.93,14.0,1.21,39.0,16.2,0.7519685039370079,0.5805471124620061,0.6552315608919382,0.7988397884320082,0.916422000391466,0.8536007292616227,0.909688013136289,0.7813822284908322,0.8406676783004552,0.8889293517844137,0.7573689109525287,0.8178924442955269,no_relations,attention,896,44,yolo_sppf_no_relations_attention896_seed44,<RUN_ROOT>\outputs\controlled_comparison_runs\run_20260528_205727\neural_eval\yolo_sppf_no_relations_attention896_seed44,<RUN_ROOT>\outputs\controlled_comparison_runs\run_20260528_205727\neural_training\yolo_sppf_no_relations_attention896_seed44
7,0.4611284976130275,0.828842950916038,0.5000241639070391,0.8041472368290505,0.7502934970263708,200.72583746910092,5e-05,5e-05,50.9,9.05,14.0,1.21,39.0,16.7,0.4392857142857143,0.7477203647416414,0.5534308211473566,0.8398038414384961,0.8044627128596594,0.8217534739578127,0.9181184668989548,0.7433004231311706,0.8215120810600155,0.7750934713833765,0.8361774744027304,0.8044776119402984,no_relations,attention,896,44,yolo_sppf_no_relations_attention896_seed44,<RUN_ROOT>\outputs\controlled_comparison_runs\run_20260528_205727\neural_eval\yolo_sppf_no_relations_attention896_seed44,<RUN_ROOT>\outputs\controlled_comparison_runs\run_20260528_205727\neural_training\yolo_sppf_no_relations_attention896_seed44
8,0.4479601088134706,0.8346722837268541,0.4639503549355718,0.833217581109237,0.7822962104301394,200.89843344688416,5e-05,5e-05,50.8,8.97,14.0,1.21,40.0,16.4,0.5972972972972973,0.6717325227963525,0.6323319027181687,0.8065300451545676,0.908984145625367,0.8546977086592435,0.9175438596491228,0.7376586741889986,0.8178264268960124,0.8847385272145144,0.7716413279553211,0.8243288034471328,no_relations,attention,896,44,yolo_sppf_no_relations_attention896_seed44,<RUN_ROOT>\outputs\controlled_comparison_runs\run_20260528_205727\neural_eval\yolo_sppf_no_relations_attention896_seed44,<RUN_ROOT>\outputs\controlled_comparison_runs\run_20260528_205727\neural_training\yolo_sppf_no_relations_attention896_seed44
9,0.4577911612855089,0.8319290682864701,0.5224107598900677,0.8113900188510765,0.7394683297620612,200.57853627204892,5e-05,5e-05,50.7,8.96,15.0,1.21,40.0,16.2,0.4332191780821918,0.7689969604863222,0.5542168674698795,0.7857984183072523,0.91407320414954,0.8450959102424901,0.9291005291005292,0.6191819464033851,0.7431231485399916,0.9117759877253548,0.7375116351225566,0.8154373927958835,no_relations,attention,896,44,yolo_sppf_no_relations_attention896_seed44,<RUN_ROOT>\outputs\controlled_comparison_runs\run_20260528_205727\neural_eval\yolo_sppf_no_relations_attention896_seed44,<RUN_ROOT>\outputs\controlled_comparison_runs\run_20260528_205727\neural_training\yolo_sppf_no_relations_attention896_seed44
10,0.4491831762073883,0.8317331243264426,0.5829621963254693,0.7569203293977577,0.7083229604164987,200.8505914211273,5e-05,5e-05,50.7,8.95,15.0,1.21,40.0,17.5,0.4409171075837742,0.7598784194528876,0.5580357142857143,0.8271521690267476,0.7202975141906439,0.7700355722954594,0.93551912568306,0.6036671368124118,0.7338191170167165,0.6853905496624879,0.8820974247595408,0.7714014380681047,no_relations,attention,896,44,yolo_sppf_no_relations_attention896_seed44,<RUN_ROOT>\outputs\controlled_comparison_runs\run_20260528_205727\neural_eval\yolo_sppf_no_relations_attention896_seed44,<RUN_ROOT>\outputs\controlled_comparison_runs\run_20260528_205727\neural_training\yolo_sppf_no_relations_attention896_seed44
1,0.8846414715261856,0.6224649750171452,0.5992657042448483,0.7713066772497271,0.6753714978353903,173.3452067375183,5e-05,5e-05,50.9,10.46,9.0,1.49,40.0,14.9,0.5132275132275133,0.2948328267477204,0.3745173745173745,0.7316488085718855,0.8954785672342924,0.805315965499032,0.8640533778148457,0.7306064880112835,0.7917462743599541,0.8474159146841673,0.6410176853862861,0.7299063769652006,no_relations,lstm,256,42,yolo_sppf_no_relations_lstm256_seed42,<RUN_ROOT>\outputs\controlled_comparison_runs\run_20260528_205727\neural_eval\yolo_sppf_no_relations_lstm256_seed42,<RUN_ROOT>\outputs\controlled_comparison_runs\run_20260528_205727\neural_training\yolo_sppf_no_relations_lstm256_seed42
2,0.6358196594778647,0.7518369746252572,0.5399811398770128,0.7971028871911896,0.7348104054019787,181.71388030052185,5e-05,5e-05,50.8,10.48,9.0,1.49,39.0,15.3,0.3971631205673759,0.6808510638297872,0.5016797312430011,0.8245754245754245,0.807790174202388,0.8160964999011272,0.8176795580110497,0.8349788434414669,0.826238660153524,0.8161332462442847,0.7753645671734409,0.7952267303102626,no_relations,lstm,256,42,yolo_sppf_no_relations_lstm256_seed42,<RUN_ROOT>\outputs\controlled_comparison_runs\run_20260528_205727\neural_eval\yolo_sppf_no_relations_lstm256_seed42,<RUN_ROOT>\outputs\controlled_comparison_runs\run_20260528_205727\neural_training\yolo_sppf_no_relations_lstm256_seed42
3,0.5798635819640746,0.7777015773488782,0.5679806548215094,0.7909514832820717,0.693905508643937,181.81383609771729,5e-05,5e-05,50.9,10.48,8.0,1.49,38.0,15.9,0.8031496062992126,0.3100303951367781,0.4473684210526316,0.7447490780824114,0.9091798786455276,0.8187907632645867,0.9404352806414662,0.578984485190409,0.7167175905718027,0.8458831808585503,0.7458889233633261,0.792745259686727,no_relations,lstm,256,42,yolo_sppf_no_relations_lstm256_seed42,<RUN_ROOT>\outputs\controlled_comparison_runs\run_20260528_205727\neural_eval\yolo_sppf_no_relations_lstm256_seed42,<RUN_ROOT>\outputs\controlled_comparison_runs\run_20260528_205727\neural_training\yolo_sppf_no_relations_lstm256_seed42
4,0.5459953805250715,0.791956500440874,0.5306781630578732,0.8054370473261236,0.7456462373290714,181.9108688831329,5e-05,5e-05,51.0,10.49,9.0,1.49,37.0,14.5,0.4951690821256038,0.6231003039513677,0.5518169582772544,0.8134016704631739,0.8387159913877471,0.8258648935145032,0.9236430542778288,0.7080394922425952,0.8015968063872255,0.7927492447129909,0.8141483090288552,0.8033062911373029,no_relations,lstm,256,42,yolo_sppf_no_relations_lstm256_seed42,<RUN_ROOT>\outputs\controlled_comparison_runs\run_20260528_205727\neural_eval\yolo_sppf_no_relations_lstm256_seed42,<RUN_ROOT>\outputs\controlled_comparison_runs\run_20260528_205727\neural_training\yolo_sppf_no_relations_lstm256_seed42
5,0.5097995493239884,0.8102772607034389,0.6356365658549799,0.7414426034328803,0.7008974946317006,182.0373251438141,5e-05,5e-05,50.9,10.49,9.0,1.49,37.0,14.8,0.6390041493775933,0.4680851063829787,0.5403508771929825,0.8115840893230984,0.6829125073399882,0.7417091836734693,0.9266862170087976,0.6685472496473907,0.7767308480131093,0.6381753764393269,0.89419795221843,0.7447990696472413,no_relations,lstm,256,42,yolo_sppf_no_relations_lstm256_seed42,<RUN_ROOT>\outputs\controlled_comparison_runs\run_20260528_205727\neural_eval\yolo_sppf_no_relations_lstm256_seed42,<RUN_ROOT>\outputs\controlled_comparison_runs\run_20260528_205727\neural_training\yolo_sppf_no_relations_lstm256_seed42
6,0.4992975378496613,0.8141471539139806,0.7925731506346474,0.712967556305189,0.6967462512749641,182.04621529579163,5e-05,5e-05,51.0,10.48,9.0,1.49,37.0,15.3,0.6923076923076923,0.5197568389057751,0.59375,0.8192046049188907,0.6128400861225288,0.7011532863061247,0.9336633663366336,0.6650211565585331,0.7767710049423394,0.5882,0.9125038783741856,0.7153107138513923,no_relations,lstm,256,42,yolo_sppf_no_relations_lstm256_seed42,<RUN_ROOT>\outputs\controlled_comparison_runs\run_20260528_205727\neural_eval\yolo_sppf_no_relations_lstm256_seed42,<RUN_ROOT>\outputs\controlled_comparison_runs\run_20260528_205727\neural_training\yolo_sppf_no_relations_lstm256_seed42
7,0.4798080896444875,0.8192416968746938,0.5117239544626384,0.8037503720607203,0.7484363159225182,182.225182056427,5e-05,5e-05,51.0,10.48,9.0,1.49,37.0,14.9,0.5051020408163265,0.601823708206687,0.549237170596394,0.8403447568233121,0.8015267175572519,0.820476858345021,0.8989229494614748,0.7651622002820875,0.8266666666666667,0.7549209869697809,0.8448650325783431,0.7973645680819912,no_relations,lstm,256,42,yolo_sppf_no_relations_lstm256_seed42,<RUN_ROOT>\outputs\controlled_comparison_runs\run_20260528_205727\neural_eval\yolo_sppf_no_relations_lstm256_seed42,<RUN_ROOT>\outputs\controlled_comparison_runs\run_20260528_205727\neural_training\yolo_sppf_no_relations_lstm256_seed42
8,0.4631546631595558,0.8225237582051533,0.598668313147648,0.7773588649667625,0.6968876500883132,182.25483393669128,5e-05,5e-05,50.9,10.47,9.0,1.49,36.0,14.6,0.3768595041322314,0.6930091185410334,0.4882226980728051,0.8092895099389884,0.8048541788999805,0.8070657507360158,0.926453143534994,0.5507757404795487,0.6908447589562141,0.7645070422535212,0.8420726031647533,0.801417392588218,no_relations,lstm,256,42,yolo_sppf_no_relations_lstm256_seed42,<RUN_ROOT>\outputs\controlled_comparison_runs\run_20260528_205727\neural_eval\yolo_sppf_no_relations_lstm256_seed42,<RUN_ROOT>\outputs\controlled_comparison_runs\run_20260528_205727\neural_training\yolo_sppf_no_relations_lstm256_seed42
9,0.4495699074919274,0.8312432644263741,0.6168309309830268,0.7378708205179085,0.7152410844270478,182.1000292301178,5e-05,5e-05,50.9,10.46,9.0,1.49,36.0,14.8,0.458955223880597,0.7477203647416414,0.56878612716763,0.883453237410072,0.6009003718927383,0.7152842497670083,0.7925736235595391,0.8730606488011283,0.8308724832214766,0.6398135818908123,0.8945082221532733,0.7460214775520766,no_relations,lstm,256,42,yolo_sppf_no_relations_lstm256_seed42,<RUN_ROOT>\outputs\controlled_comparison_runs\run_20260528_205727\neural_eval\yolo_sppf_no_relations_lstm256_seed42,<RUN_ROOT>\outputs\controlled_comparison_runs\run_20260528_205727\neural_training\yolo_sppf_no_relations_lstm256_seed42
10,0.4397425620807889,0.8380033310473205,0.4860215446534788,0.8130766941164798,0.7762667359394563,184.5268399715424,5e-05,5e-05,50.9,10.46,9.0,1.49,36.0,14.3,0.583743842364532,0.7203647416413373,0.6448979591836734,0.841279543602282,0.808181640242709,0.8243985225117302,0.8458702064896755,0.808885754583921,0.8269646719538571,0.7867409797594602,0.8321439652497673,0.8088057901085645,no_relations,lstm,256,42,yolo_sppf_no_relations_lstm256_seed42,<RUN_ROOT>\outputs\controlled_comparison_runs\run_20260528_205727\neural_eval\yolo_sppf_no_relations_lstm256_seed42,<RUN_ROOT>\outputs\controlled_comparison_runs\run_20260528_205727\neural_training\yolo_sppf_no_relations_lstm256_seed42
1,0.8963421603145084,0.6161457823062604,0.7217217628326681,0.6908423454707808,0.6336857569019027,173.42422342300415,5e-05,5e-05,50.9,10.54,9.0,1.49,37.0,12.9,0.153674832962138,0.8389057750759878,0.2597647058823529,0.8126112382405288,0.6255627324329615,0.7069232470692325,0.7945017182130584,0.8152327221438646,0.8047337278106508,0.8065630397236615,0.7244802978591375,0.7633213468453743,no_relations,lstm,256,43,yolo_sppf_no_relations_lstm256_seed43,<RUN_ROOT>\outputs\controlled_comparison_runs\run_20260528_205727\neural_eval\yolo_sppf_no_relations_lstm256_seed43,<RUN_ROOT>\outputs\controlled_comparison_runs\run_20260528_205727\neural_training\yolo_sppf_no_relations_lstm256_seed43
2,0.6221392833537256,0.7586460272362104,0.6043261743564573,0.7642623276118663,0.7004074178676752,331.3002030849457,5e-05,5e-05,42.7,10.48,3.0,1.49,36.0,13.7,0.3119658119658119,0.6656534954407295,0.4248302618816683,0.8281076273070936,0.728909767077706,0.7753487403706018,0.8580106302201974,0.7968970380818053,0.8263254113345521,0.7381420151557676,0.816009928637915,0.7751252578838786,no_relations,lstm,256,43,yolo_sppf_no_relations_lstm256_seed43,<RUN_ROOT>\outputs\controlled_comparison_runs\run_20260528_205727\neural_eval\yolo_sppf_no_relations_lstm256_seed43,<RUN_ROOT>\outputs\controlled_comparison_runs\run_20260528_205727\neural_training\yolo_sppf_no_relations_lstm256_seed43
3,0.5744900359103579,0.7791221710590771,0.5033487994430794,0.8167476932235341,0.7461936165193896,341.05623841285706,5e-05,5e-05,45.1,10.48,8.0,1.49,36.0,14.6,0.5427631578947368,0.5015197568389058,0.5213270142180095,0.7847631889431991,0.911332941867293,0.8433254845136751,0.9007506255212676,0.7616361071932299,0.8253725640045855,0.8819523269012486,0.7232392181197642,0.7947494033412887,no_relations,lstm,256,43,yolo_sppf_no_relations_lstm256_seed43,<RUN_ROOT>\outputs\controlled_comparison_runs\run_20260528_205727\neural_eval\yolo_sppf_no_relations_lstm256_seed43,<RUN_ROOT>\outputs\controlled_comparison_runs\run_20260528_205727\neural_training\yolo_sppf_no_relations_lstm256_seed43
4,0.5344886701016871,0.7969530714215735,0.6157562259643797,0.76168270661772,0.690450061519767,242.4115002155304,5e-05,5e-05,50.6,10.47,8.0,1.49,36.0,14.7,0.2619047619047619,0.8693009118541033,0.402533427163969,0.7721082258943164,0.8322568017224505,0.8010550113036925,0.8427672955974843,0.7559943582510579,0.7970260223048328,0.936141304347826,0.6413279553211294,0.7611857853065734,no_relations,lstm,256,43,yolo_sppf_no_relations_lstm256_seed43,<RUN_ROOT>\outputs\controlled_comparison_runs\run_20260528_205727\neural_eval\yolo_sppf_no_relations_lstm256_seed43,<RUN_ROOT>\outputs\controlled_comparison_runs\run_20260528_205727\neural_training\yolo_sppf_no_relations_lstm256_seed43
5,0.5186276109918345,0.8046438718526502,0.5146845577432523,0.809306478817343,0.7292022882368221,205.2751502990723,5e-05,5e-05,50.8,10.46,9.0,1.49,36.0,15.0,0.5058479532163743,0.5258358662613982,0.5156482861400895,0.7771314608608941,0.9152476022705032,0.8405536580981484,0.9307135470527405,0.6346967559943583,0.7547169811320755,0.8746821649110061,0.7471300031026994,0.8058902275769746,no_relations,lstm,256,43,yolo_sppf_no_relations_lstm256_seed43,<RUN_ROOT>\outputs\controlled_comparison_runs\run_20260528_205727\neural_eval\yolo_sppf_no_relations_lstm256_seed43,<RUN_ROOT>\outputs\controlled_comparison_runs\run_20260528_205727\neural_training\yolo_sppf_no_relations_lstm256_seed43
6,0.4952309375196742,0.8144410698540218,0.615374128378573,0.7844032146046235,0.6997709757464997,190.81692242622373,5e-05,5e-05,50.9,10.46,8.0,1.49,36.0,14.0,0.2860147213459516,0.8267477203647416,0.425,0.7941176470588235,0.8561362301820317,0.8239615710652727,0.9097435897435896,0.6255289139633287,0.7413288758880067,0.897164461247637,0.7362705553831834,0.8087934560327198,no_relations,lstm,256,43,yolo_sppf_no_relations_lstm256_seed43,<RUN_ROOT>\outputs\controlled_comparison_runs\run_20260528_205727\neural_eval\yolo_sppf_no_relations_lstm256_seed43,<RUN_ROOT>\outputs\controlled_comparison_runs\run_20260528_205727\neural_training\yolo_sppf_no_relations_lstm256_seed43
7,0.4856745105201734,0.8206622905848927,0.554584481151745,0.7873797003670999,0.7226868211256359,185.35180044174197,5e-05,5e-05,51.0,10.49,9.0,1.49,36.0,15.1,0.3705882352941176,0.7659574468085106,0.4995044598612488,0.8323615160349854,0.7823448815815228,0.8065785490868732,0.8911070780399274,0.692524682651622,0.7793650793650794,0.7739628040057225,0.8392801737511635,0.8052991961893421,no_relations,lstm,256,43,yolo_sppf_no_relations_lstm256_seed43,<RUN_ROOT>\outputs\controlled_comparison_runs\run_20260528_205727\neural_eval\yolo_sppf_no_relations_lstm256_seed43,<RUN_ROOT>\outputs\controlled_comparison_runs\run_20260528_205727\neural_training\yolo_sppf_no_relations_lstm256_seed43
8,0.4729901377029927,0.821593024395023,0.4572446628355436,0.8301418791546781,0.7732084610529921,183.0397927761078,5e-05,5e-05,51.1,10.45,8.0,1.49,36.0,14.6,0.5969696969696969,0.5987841945288754,0.5978755690440061,0.810772501771793,0.8956743002544529,0.8511113177717847,0.8364963503649635,0.8081805359661495,0.8220946915351507,0.8950639853747715,0.7595408004964319,0.8217522658610272,no_relations,lstm,256,43,yolo_sppf_no_relations_lstm256_seed43,<RUN_ROOT>\outputs\controlled_comparison_runs\run_20260528_205727\neural_eval\yolo_sppf_no_relations_lstm256_seed43,<RUN_ROOT>\outputs\controlled_comparison_runs\run_20260528_205727\neural_training\yolo_sppf_no_relations_lstm256_seed43
9,0.4527029293387848,0.8294307827961203,0.5588502826790015,0.7779541621192578,0.731157686356301,182.15341305732727,5e-05,5e-05,50.8,10.45,8.0,1.49,37.0,15.0,0.4044943820224719,0.7659574468085106,0.5294117647058825,0.8417298261257244,0.7390878841260521,0.7870766023970818,0.931095406360424,0.7433004231311706,0.8266666666666665,0.7188639916623242,0.8560347502327025,0.7814757116555728,no_relations,lstm,256,43,yolo_sppf_no_relations_lstm256_seed43,<RUN_ROOT>\outputs\controlled_comparison_runs\run_20260528_205727\neural_eval\yolo_sppf_no_relations_lstm256_seed43,<RUN_ROOT>\outputs\controlled_comparison_runs\run_20260528_205727\neural_training\yolo_sppf_no_relations_lstm256_seed43
10,0.4479269458588247,0.8323209562065249,0.4776658359175873,0.8203194761385058,0.7807506644373114,181.8301148414612,5e-05,5e-05,51.0,10.44,8.0,1.49,37.0,14.7,0.6190476190476191,0.6717325227963525,0.6443148688046647,0.8455202892728003,0.823840281855549,0.8345395062952315,0.8457059679767104,0.8194640338504936,0.8323782234957019,0.7940652818991097,0.8302823456407075,0.8117700591536477,no_relations,lstm,256,43,yolo_sppf_no_relations_lstm256_seed43,<RUN_ROOT>\outputs\controlled_comparison_runs\run_20260528_205727\neural_eval\yolo_sppf_no_relations_lstm256_seed43,<RUN_ROOT>\outputs\controlled_comparison_runs\run_20260528_205727\neural_training\yolo_sppf_no_relations_lstm256_seed43
1,0.8966671663765623,0.6224159890271382,0.8649832169865332,0.6112709594205774,0.5684259019594625,173.30921459197998,5e-05,5e-05,50.9,10.43,9.0,1.49,37.0,14.7,0.2232415902140672,0.6656534954407295,0.3343511450381679,0.8237720284964379,0.4300254452926209,0.5650720164609054,0.9327146171693736,0.5669957686882934,0.7052631578947368,0.5281019931765129,0.9125038783741856,0.6690172884440401,no_relations,lstm,256,44,yolo_sppf_no_relations_lstm256_seed44,<RUN_ROOT>\outputs\controlled_comparison_runs\run_20260528_205727\neural_eval\yolo_sppf_no_relations_lstm256_seed44,<RUN_ROOT>\outputs\controlled_comparison_runs\run_20260528_205727\neural_training\yolo_sppf_no_relations_lstm256_seed44
2,0.6457717024303716,0.7461056137944548,0.5580315365973446,0.7897608889770811,0.704034768797077,182.11700105667117,5e-05,5e-05,50.8,10.45,9.0,1.49,37.0,14.8,0.3507751937984496,0.5501519756838906,0.4284023668639054,0.7650521358896737,0.8903895087101193,0.8229760289461782,0.8572628043660789,0.7200282087447109,0.7826753545419701,0.9105523495465788,0.68538628606888,0.7820853248362541,no_relations,lstm,256,44,yolo_sppf_no_relations_lstm256_seed44,<RUN_ROOT>\outputs\controlled_comparison_runs\run_20260528_205727\neural_eval\yolo_sppf_no_relations_lstm256_seed44,<RUN_ROOT>\outputs\controlled_comparison_runs\run_20260528_205727\neural_training\yolo_sppf_no_relations_lstm256_seed44
3,0.5716101940499391,0.7821593024395023,0.5439366389154678,0.7847008631808711,0.7372110806496421,181.9694166183472,5e-05,5e-05,50.9,10.44,9.0,1.49,37.0,15.3,0.5794701986754967,0.5319148936170213,0.554675118858954,0.8236421725239617,0.7568995889606577,0.7888616891064872,0.7904699738903395,0.8540197461212976,0.8210169491525424,0.7481690140845071,0.8240769469438411,0.7842905654805847,no_relations,lstm,256,44,yolo_sppf_no_relations_lstm256_seed44,<RUN_ROOT>\outputs\controlled_comparison_runs\run_20260528_205727\neural_eval\yolo_sppf_no_relations_lstm256_seed44,<RUN_ROOT>\outputs\controlled_comparison_runs\run_20260528_205727\neural_training\yolo_sppf_no_relations_lstm256_seed44
4,0.542016983668679,0.7926423043009699,0.6189372417812664,0.7622780037702153,0.6961364941783299,181.68129920959475,5e-05,5e-05,50.9,10.48,9.0,1.49,36.0,14.9,0.5323076923076923,0.5258358662613982,0.5290519877675841,0.7772345002933698,0.7778430221178313,0.7775386421443944,0.9442424242424242,0.5493653032440057,0.6946054391440036,0.7224842767295597,0.8554142103630158,0.7833499076573377,no_relations,lstm,256,44,yolo_sppf_no_relations_lstm256_seed44,<RUN_ROOT>\outputs\controlled_comparison_runs\run_20260528_205727\neural_eval\yolo_sppf_no_relations_lstm256_seed44,<RUN_ROOT>\outputs\controlled_comparison_runs\run_20260528_205727\neural_training\yolo_sppf_no_relations_lstm256_seed44
5,0.5204106903223314,0.8030273341824238,0.5678696654056983,0.7809306478817343,0.7355234525884007,181.9527792930603,5e-05,5e-05,51.0,10.47,9.0,1.49,36.0,14.5,0.4144295302013422,0.7507598784194529,0.534054054054054,0.8581708449396471,0.7236249755333725,0.7851757459912924,0.8687405159332322,0.807475317348378,0.8369883040935673,0.7212859735545761,0.8631709587340987,0.7858757062146893,no_relations,lstm,256,44,yolo_sppf_no_relations_lstm256_seed44,<RUN_ROOT>\outputs\controlled_comparison_runs\run_20260528_205727\neural_eval\yolo_sppf_no_relations_lstm256_seed44,<RUN_ROOT>\outputs\controlled_comparison_runs\run_20260528_205727\neural_training\yolo_sppf_no_relations_lstm256_seed44
6,0.5084331434126651,0.8108161065935142,0.4748183204422867,0.82905050104177,0.7651601165154882,181.9757685661316,5e-05,5e-05,50.9,10.47,9.0,1.49,36.0,14.4,0.6736401673640168,0.4893617021276595,0.5669014084507042,0.8157181571815718,0.8837345860246624,0.8483652762119503,0.7699876998769988,0.8829337094499294,0.8226018396846255,0.9063083240014932,0.7533354017995656,0.8227719417146729,no_relations,lstm,256,44,yolo_sppf_no_relations_lstm256_seed44,<RUN_ROOT>\outputs\controlled_comparison_runs\run_20260528_205727\neural_eval\yolo_sppf_no_relations_lstm256_seed44,<RUN_ROOT>\outputs\controlled_comparison_runs\run_20260528_205727\neural_training\yolo_sppf_no_relations_lstm256_seed44
7,0.4748700884897787,0.8234544920152836,0.5450708407953027,0.7940271852366306,0.7368523019615463,181.84194898605347,5e-05,5e-05,50.9,10.48,9.0,1.49,36.0,14.8,0.4446680080482897,0.6717325227963525,0.5351089588377723,0.8356621480709072,0.7843022117831279,0.8091680129240713,0.8605962933118453,0.7531734837799718,0.8033095148552087,0.7633953750705019,0.8399007136208502,0.7998227212291328,no_relations,lstm,256,44,yolo_sppf_no_relations_lstm256_seed44,<RUN_ROOT>\outputs\controlled_comparison_runs\run_20260528_205727\neural_eval\yolo_sppf_no_relations_lstm256_seed44,<RUN_ROOT>\outputs\controlled_comparison_runs\run_20260528_205727\neural_training\yolo_sppf_no_relations_lstm256_seed44
8,0.4628044493513935,0.8289899088860586,0.5598254050911655,0.7942256176207957,0.7182463438413097,182.1755769252777,5e-05,5e-05,51.0,10.59,9.0,1.49,36.0,14.0,0.3391521197007481,0.8267477203647416,0.4809902740937223,0.7947125621007807,0.8766881972988844,0.8336900884132153,0.821078431372549,0.7087447108603667,0.7607872823618471,0.9304923458833264,0.6977970834626125,0.7975177304964539,no_relations,lstm,256,44,yolo_sppf_no_relations_lstm256_seed44,<RUN_ROOT>\outputs\controlled_comparison_runs\run_20260528_205727\neural_eval\yolo_sppf_no_relations_lstm256_seed44,<RUN_ROOT>\outputs\controlled_comparison_runs\run_20260528_205727\neural_training\yolo_sppf_no_relations_lstm256_seed44
9,0.4551750317472836,0.8340354658567649,0.5650821525647881,0.7944240500049609,0.7284958999271091,181.91357707977292,5e-05,5e-05,51.1,10.4,9.0,1.49,36.0,14.4,0.5080459770114942,0.6717325227963525,0.5785340314136125,0.7969270640503517,0.8426306517909571,0.8191418513937779,0.9317129629629628,0.5677009873060649,0.705521472392638,0.7921847246891652,0.8302823456407075,0.810786244508408,no_relations,lstm,256,44,yolo_sppf_no_relations_lstm256_seed44,<RUN_ROOT>\outputs\controlled_comparison_runs\run_20260528_205727\neural_eval\yolo_sppf_no_relations_lstm256_seed44,<RUN_ROOT>\outputs\controlled_comparison_runs\run_20260528_205727\neural_training\yolo_sppf_no_relations_lstm256_seed44
10,0.4485248603557344,0.8333006760066621,0.7046760432444336,0.7137612858418494,0.655479529973517,182.0063428878784,5e-05,5e-05,51.0,10.42,9.0,1.49,36.0,14.6,0.3543091655266758,0.7872340425531915,0.4886792452830188,0.791226835561811,0.6602074770013702,0.719803670507896,0.940026075619296,0.5084626234132581,0.659954233409611,0.657943492357573,0.8814768848898542,0.7534809706935419,no_relations,lstm,256,44,yolo_sppf_no_relations_lstm256_seed44,<RUN_ROOT>\outputs\controlled_comparison_runs\run_20260528_205727\neural_eval\yolo_sppf_no_relations_lstm256_seed44,<RUN_ROOT>\outputs\controlled_comparison_runs\run_20260528_205727\neural_training\yolo_sppf_no_relations_lstm256_seed44
1,0.8386504719950563,0.6497011854609581,0.5986575046022024,0.7760690544696894,0.6880891545652249,192.69017124176025,5e-05,5e-05,51.0,10.43,11.0,1.53,37.0,14.5,0.5021645021645021,0.3525835866261398,0.4142857142857142,0.7673169858600322,0.8391074574280681,0.8016080777860882,0.8777173913043478,0.6833568406205924,0.768437747819191,0.7760532150776053,0.7601613403661185,0.768025078369906,no_relations,lstm,512,42,yolo_sppf_no_relations_lstm512_seed42,<RUN_ROOT>\outputs\controlled_comparison_runs\run_20260528_205727\neural_eval\yolo_sppf_no_relations_lstm512_seed42,<RUN_ROOT>\outputs\controlled_comparison_runs\run_20260528_205727\neural_training\yolo_sppf_no_relations_lstm512_seed42
2,0.609381864343691,0.7654550798471638,0.4985948880631772,0.8124813969639845,0.7544572502171307,203.62217712402344,5e-05,5e-05,50.8,10.47,11.0,1.53,37.0,14.7,0.5664556962025317,0.5440729483282675,0.5550387596899224,0.8130385912326714,0.8494813074965747,0.8308605341246291,0.7946428571428571,0.8787023977433004,0.8345612860013396,0.8484424221211061,0.7520943220601923,0.7973684210526316,no_relations,lstm,512,42,yolo_sppf_no_relations_lstm512_seed42,<RUN_ROOT>\outputs\controlled_comparison_runs\run_20260528_205727\neural_eval\yolo_sppf_no_relations_lstm512_seed42,<RUN_ROOT>\outputs\controlled_comparison_runs\run_20260528_205727\neural_training\yolo_sppf_no_relations_lstm512_seed42
3,0.5607311410718484,0.7864700695601058,0.6744595025119091,0.7458081158845123,0.6873487143687196,203.14624762535092,5e-05,5e-05,50.9,10.47,11.0,1.53,37.0,14.5,0.7114427860696517,0.4346504559270516,0.539622641509434,0.7888635893189816,0.7459385398316696,0.766800804828974,0.969735182849937,0.5423131170662906,0.6956128448665764,0.6567936060178655,0.8668941979522184,0.7473585662698943,no_relations,lstm,512,42,yolo_sppf_no_relations_lstm512_seed42,<RUN_ROOT>\outputs\controlled_comparison_runs\run_20260528_205727\neural_eval\yolo_sppf_no_relations_lstm512_seed42,<RUN_ROOT>\outputs\controlled_comparison_runs\run_20260528_205727\neural_training\yolo_sppf_no_relations_lstm512_seed42
4,0.538844696208134,0.7940139120211619,0.6466344821289004,0.7648576247643616,0.6646360333058837,203.148962020874,5e-05,5e-05,50.9,10.48,11.0,1.53,37.0,14.6,0.3224967490247074,0.7537993920972644,0.4517304189435338,0.7918954743419807,0.8185554903112156,0.805004812319538,0.9418960244648318,0.4344146685472496,0.5945945945945945,0.7890370370370371,0.8262488364877444,0.8072143073658685,no_relations,lstm,512,42,yolo_sppf_no_relations_lstm512_seed42,<RUN_ROOT>\outputs\controlled_comparison_runs\run_20260528_205727\neural_eval\yolo_sppf_no_relations_lstm512_seed42,<RUN_ROOT>\outputs\controlled_comparison_runs\run_20260528_205727\neural_training\yolo_sppf_no_relations_lstm512_seed42
5,0.4935726746274479,0.8147349857940629,0.7853099307570134,0.6738763766246652,0.6517628153401832,203.4809844493866,5e-05,5e-05,50.9,10.47,11.0,1.53,37.0,14.7,0.5094850948509485,0.5714285714285714,0.5386819484240688,0.7993158494868872,0.548835388530045,0.6508065452013463,0.9657615112160568,0.5768688293370945,0.7222958057395144,0.5568627450980392,0.9252249457027614,0.6952669619958033,no_relations,lstm,512,42,yolo_sppf_no_relations_lstm512_seed42,<RUN_ROOT>\outputs\controlled_comparison_runs\run_20260528_205727\neural_eval\yolo_sppf_no_relations_lstm512_seed42,<RUN_ROOT>\outputs\controlled_comparison_runs\run_20260528_205727\neural_training\yolo_sppf_no_relations_lstm512_seed42
6,0.4883152114571916,0.8170373273243853,0.8174690755280031,0.7130667724972716,0.7096803822674136,203.4188938140869,5e-05,5e-05,51.0,10.44,11.0,1.53,37.0,14.8,0.7531914893617021,0.5379939209726444,0.6276595744680851,0.8439322410441544,0.5948326482677627,0.6978185993111365,0.9075704225352113,0.7270803949224259,0.8073610023492559,0.5756804386136675,0.9121936084393424,0.7058823529411765,no_relations,lstm,512,42,yolo_sppf_no_relations_lstm512_seed42,<RUN_ROOT>\outputs\controlled_comparison_runs\run_20260528_205727\neural_eval\yolo_sppf_no_relations_lstm512_seed42,<RUN_ROOT>\outputs\controlled_comparison_runs\run_20260528_205727\neural_training\yolo_sppf_no_relations_lstm512_seed42
7,0.4729607178330374,0.8223768002351327,0.5477691536573398,0.7860898898700268,0.7278700125342994,203.6806468963623,5e-05,5e-05,50.9,10.43,11.0,1.53,37.0,15.7,0.4929906542056075,0.6413373860182371,0.5574636723910171,0.8149480415667466,0.7981992562145234,0.8064867002867596,0.9308565531475748,0.6361071932299013,0.7557603686635944,0.7427949972811311,0.847657461991933,0.7917693087958267,no_relations,lstm,512,42,yolo_sppf_no_relations_lstm512_seed42,<RUN_ROOT>\outputs\controlled_comparison_runs\run_20260528_205727\neural_eval\yolo_sppf_no_relations_lstm512_seed42,<RUN_ROOT>\outputs\controlled_comparison_runs\run_20260528_205727\neural_training\yolo_sppf_no_relations_lstm512_seed42
8,0.4510474194039745,0.8285000489859901,0.5790268417706506,0.7874789165591825,0.7155760499605216,204.2012093067169,5e-05,5e-05,51.1,10.62,12.0,1.53,37.0,10.2,0.3060796645702306,0.8875379939209727,0.4551831644583008,0.8471458773784355,0.7843022117831279,0.8145136700884237,0.8514767932489451,0.7115655853314528,0.7752593161736457,0.8190031152647975,0.8156996587030717,0.8173480491217161,no_relations,lstm,512,42,yolo_sppf_no_relations_lstm512_seed42,<RUN_ROOT>\outputs\controlled_comparison_runs\run_20260528_205727\neural_eval\yolo_sppf_no_relations_lstm512_seed42,<RUN_ROOT>\outputs\controlled_comparison_runs\run_20260528_205727\neural_training\yolo_sppf_no_relations_lstm512_seed42
9,0.4067405007595669,0.846771823258548,0.5478095615785273,0.7869828355987697,0.7606714112297369,194.2244143486023,2.5e-05,2.5e-05,52.1,10.6,11.0,1.53,36.0,11.2,0.5229540918163673,0.7963525835866262,0.6313253012048193,0.8856015779092702,0.7030730084165199,0.7838516093835243,0.7909429280397022,0.8991537376586742,0.8415841584158417,0.7168797953964194,0.8696866273658083,0.7859245759147623,no_relations,lstm,512,42,yolo_sppf_no_relations_lstm512_seed42,<RUN_ROOT>\outputs\controlled_comparison_runs\run_20260528_205727\neural_eval\yolo_sppf_no_relations_lstm512_seed42,<RUN_ROOT>\outputs\controlled_comparison_runs\run_20260528_205727\neural_training\yolo_sppf_no_relations_lstm512_seed42
10,0.3989627053172891,0.8503967865190556,0.4469731632300416,0.8337136620696498,0.7996777961508921,196.73664927482605,2.5e-05,2.5e-05,51.1,10.64,11.0,1.53,35.0,10.1,0.6402116402116402,0.7355623100303952,0.6845827439886846,0.8425425038639877,0.8535917009199452,0.848031113271755,0.8571428571428571,0.8293370944992948,0.843010752688172,0.8322232794164288,0.8141483090288552,0.8230865746549563,no_relations,lstm,512,42,yolo_sppf_no_relations_lstm512_seed42,<RUN_ROOT>\outputs\controlled_comparison_runs\run_20260528_205727\neural_eval\yolo_sppf_no_relations_lstm512_seed42,<RUN_ROOT>\outputs\controlled_comparison_runs\run_20260528_205727\neural_training\yolo_sppf_no_relations_lstm512_seed42
1,0.8441855037544028,0.6467130400705399,0.8920276109010927,0.586566127592023,0.5534078090895845,192.21846532821652,5e-05,5e-05,51.0,10.41,12.0,1.53,36.0,15.8,0.1279418057338468,0.9088145896656536,0.2243060765191298,0.8552348125807842,0.3885300450185946,0.5343203230148048,0.9076923076923076,0.6241184767277856,0.739657333890514,0.6169590643274854,0.8510704312752094,0.7153475029338896,no_relations,lstm,512,43,yolo_sppf_no_relations_lstm512_seed43,<RUN_ROOT>\outputs\controlled_comparison_runs\run_20260528_205727\neural_eval\yolo_sppf_no_relations_lstm512_seed43,<RUN_ROOT>\outputs\controlled_comparison_runs\run_20260528_205727\neural_training\yolo_sppf_no_relations_lstm512_seed43
2,0.6081335073202662,0.7682962672675615,0.7259671102366632,0.6997718027582102,0.6665448707525754,195.6345794200897,5e-05,5e-05,50.8,10.45,12.0,1.53,37.0,15.5,0.3168044077134986,0.6990881458966566,0.4360189573459716,0.878001921229587,0.5366999412800939,0.6661807580174927,0.8584905660377359,0.8342736248236954,0.8462088698140201,0.5972794723825227,0.8991622711759231,0.7177708978328172,no_relations,lstm,512,43,yolo_sppf_no_relations_lstm512_seed43,<RUN_ROOT>\outputs\controlled_comparison_runs\run_20260528_205727\neural_eval\yolo_sppf_no_relations_lstm512_seed43,<RUN_ROOT>\outputs\controlled_comparison_runs\run_20260528_205727\neural_training\yolo_sppf_no_relations_lstm512_seed43
3,0.567586897933698,0.7867149995101401,0.4939039283328586,0.8194265304097629,0.747177725668161,203.64600920677185,5e-05,5e-05,50.9,10.45,11.0,1.53,37.0,15.8,0.7303370786516854,0.3951367781155015,0.5128205128205129,0.7827551364095655,0.909767077706009,0.8414954286231556,0.8322981366459627,0.8504936530324401,0.841297523543774,0.9049323786793954,0.7058641017685386,0.7930974376852014,no_relations,lstm,512,43,yolo_sppf_no_relations_lstm512_seed43,<RUN_ROOT>\outputs\controlled_comparison_runs\run_20260528_205727\neural_eval\yolo_sppf_no_relations_lstm512_seed43,<RUN_ROOT>\outputs\controlled_comparison_runs\run_20260528_205727\neural_training\yolo_sppf_no_relations_lstm512_seed43
4,0.5330600767486895,0.7972959733516214,0.6657636494331417,0.7655521381089394,0.6562441905544716,195.92383098602292,5e-05,5e-05,50.9,10.45,11.0,1.53,37.0,16.4,0.3614262560777957,0.6778115501519757,0.4714587737843552,0.7335743476894059,0.9134860050890584,0.8137041234417227,0.9509632224168126,0.3829337094499295,0.5460030165912519,0.9027283511269276,0.7083462612472852,0.7938108484005564,no_relations,lstm,512,43,yolo_sppf_no_relations_lstm512_seed43,<RUN_ROOT>\outputs\controlled_comparison_runs\run_20260528_205727\neural_eval\yolo_sppf_no_relations_lstm512_seed43,<RUN_ROOT>\outputs\controlled_comparison_runs\run_20260528_205727\neural_training\yolo_sppf_no_relations_lstm512_seed43
5,0.5113265555713992,0.8062114235328696,0.5462248097528659,0.8045441015973807,0.7135950671943724,195.28768968582156,5e-05,5e-05,50.9,10.45,11.0,1.53,37.0,15.5,0.3953934740882917,0.6261398176291794,0.4847058823529411,0.7891836031691354,0.8968486983754159,0.8395785616124599,0.9479289940828404,0.5648801128349789,0.7079098541758727,0.8668730650154799,0.7818802358051505,0.8221859706362155,no_relations,lstm,512,43,yolo_sppf_no_relations_lstm512_seed43,<RUN_ROOT>\outputs\controlled_comparison_runs\run_20260528_205727\neural_eval\yolo_sppf_no_relations_lstm512_seed43,<RUN_ROOT>\outputs\controlled_comparison_runs\run_20260528_205727\neural_training\yolo_sppf_no_relations_lstm512_seed43
6,0.4849890259862366,0.8197315567747624,0.5470571443645491,0.8049409663657109,0.7304320924028149,195.43421721458435,5e-05,5e-05,50.9,10.46,11.0,1.53,37.0,15.2,0.3546099290780142,0.7598784194528876,0.483558994197292,0.7870702924576706,0.900763358778626,0.8400876232201534,0.8694214876033057,0.7418899858956276,0.8006088280060882,0.9533880017263704,0.68538628606888,0.7974729241877256,no_relations,lstm,512,43,yolo_sppf_no_relations_lstm512_seed43,<RUN_ROOT>\outputs\controlled_comparison_runs\run_20260528_205727\neural_eval\yolo_sppf_no_relations_lstm512_seed43,<RUN_ROOT>\outputs\controlled_comparison_runs\run_20260528_205727\neural_training\yolo_sppf_no_relations_lstm512_seed43
7,0.4798137936098822,0.8221808562751053,0.5509961699438651,0.785395376525449,0.7428273298212938,197.4706254005432,5e-05,5e-05,51.1,10.46,11.0,1.53,37.0,15.2,0.5042918454935622,0.7142857142857143,0.5911949685534591,0.8423118865866958,0.7559209238598552,0.7967815143387662,0.8688387635756056,0.7334273624823695,0.7954110898661567,0.7253980683894544,0.8622401489295687,0.7879217465267933,no_relations,lstm,512,43,yolo_sppf_no_relations_lstm512_seed43,<RUN_ROOT>\outputs\controlled_comparison_runs\run_20260528_205727\neural_eval\yolo_sppf_no_relations_lstm512_seed43,<RUN_ROOT>\outputs\controlled_comparison_runs\run_20260528_205727\neural_training\yolo_sppf_no_relations_lstm512_seed43
8,0.4510504041147363,0.8314881943764083,0.4620444842148572,0.8250818533584681,0.7856497521919609,201.7750236988068,5e-05,5e-05,51.0,10.44,11.0,1.53,37.0,16.4,0.5637583892617449,0.7659574468085106,0.6494845360824743,0.8361901051811453,0.8402818555490311,0.8382309870155228,0.8966639544344996,0.7771509167842031,0.8326407253494522,0.8164576323034567,0.8281104560968042,0.8222427603203943,no_relations,lstm,512,43,yolo_sppf_no_relations_lstm512_seed43,<RUN_ROOT>\outputs\controlled_comparison_runs\run_20260528_205727\neural_eval\yolo_sppf_no_relations_lstm512_seed43,<RUN_ROOT>\outputs\controlled_comparison_runs\run_20260528_205727\neural_training\yolo_sppf_no_relations_lstm512_seed43
9,0.438571217925314,0.8351131576369158,0.5074735155761508,0.8005754539140788,0.7752662064068635,194.87981700897217,5e-05,5e-05,51.0,10.48,11.0,1.53,37.0,15.6,0.6386554621848739,0.6930091185410334,0.6647230320699707,0.8443588096767287,0.7719710315130163,0.8065439672801636,0.8818958818958819,0.8004231311706629,0.8391866913123844,0.7337938363443146,0.8569655600372323,0.7906111349649348,no_relations,lstm,512,43,yolo_sppf_no_relations_lstm512_seed43,<RUN_ROOT>\outputs\controlled_comparison_runs\run_20260528_205727\neural_eval\yolo_sppf_no_relations_lstm512_seed43,<RUN_ROOT>\outputs\controlled_comparison_runs\run_20260528_205727\neural_training\yolo_sppf_no_relations_lstm512_seed43
10,0.4267672511886186,0.8376114431272657,0.4881463141199053,0.8116876674273241,0.7770041062431441,197.2135980129242,5e-05,5e-05,51.0,10.45,11.0,1.53,38.0,16.7,0.7450980392156863,0.5775075987841946,0.6506849315068494,0.8411522633744856,0.8001565864161284,0.8201424415688635,0.8484626647144948,0.8173483779971791,0.8326149425287356,0.7626459143968871,0.8513807012100527,0.8045741093681278,no_relations,lstm,512,43,yolo_sppf_no_relations_lstm512_seed43,<RUN_ROOT>\outputs\controlled_comparison_runs\run_20260528_205727\neural_eval\yolo_sppf_no_relations_lstm512_seed43,<RUN_ROOT>\outputs\controlled_comparison_runs\run_20260528_205727\neural_training\yolo_sppf_no_relations_lstm512_seed43
1,0.8526313372808845,0.6479376898207113,0.8683197461571249,0.632205575949995,0.575738070152938,191.91933274269104,5e-05,5e-05,50.9,10.43,11.0,1.53,38.0,15.5,0.1192233009708737,0.933130699088146,0.2114325068870523,0.8113527252188647,0.5623409669211196,0.6642774566473988,0.9119496855345912,0.5112834978843441,0.6552191595119746,0.7787247474747475,0.7654359292584548,0.7720231575653262,no_relations,lstm,512,44,yolo_sppf_no_relations_lstm512_seed44,<RUN_ROOT>\outputs\controlled_comparison_runs\run_20260528_205727\neural_eval\yolo_sppf_no_relations_lstm512_seed44,<RUN_ROOT>\outputs\controlled_comparison_runs\run_20260528_205727\neural_training\yolo_sppf_no_relations_lstm512_seed44
2,0.6228616568945979,0.759478789066327,0.5802862627697842,0.77725964877468,0.704070256848336,197.65808749198916,5e-05,5e-05,50.8,10.44,11.0,1.53,38.0,15.2,0.3801065719360568,0.6504559270516718,0.4798206278026906,0.7774921975399303,0.8289293403797221,0.8023872679045093,0.9427645788336934,0.6156558533145275,0.7448805460750854,0.7992363983455297,0.779398076326404,0.7891925856110588,no_relations,lstm,512,44,yolo_sppf_no_relations_lstm512_seed44,<RUN_ROOT>\outputs\controlled_comparison_runs\run_20260528_205727\neural_eval\yolo_sppf_no_relations_lstm512_seed44,<RUN_ROOT>\outputs\controlled_comparison_runs\run_20260528_205727\neural_training\yolo_sppf_no_relations_lstm512_seed44
3,0.5686866107884339,0.786421083570099,0.4894392368753278,0.8169461256076992,0.754732968993622,199.14671325683597,5e-05,5e-05,51.0,10.46,11.0,1.53,38.0,14.3,0.6565217391304348,0.458966565349544,0.5402504472271914,0.8086715867158671,0.8578978273634762,0.8325576977870643,0.8298017771701982,0.8561354019746121,0.8427629295383547,0.8381658799730276,0.7713310580204779,0.8033608014218775,no_relations,lstm,512,44,yolo_sppf_no_relations_lstm512_seed44,<RUN_ROOT>\outputs\controlled_comparison_runs\run_20260528_205727\neural_eval\yolo_sppf_no_relations_lstm512_seed44,<RUN_ROOT>\outputs\controlled_comparison_runs\run_20260528_205727\neural_training\yolo_sppf_no_relations_lstm512_seed44
4,0.5249834049808381,0.7994023709219163,0.5936406577671213,0.7651552733406092,0.7153317412335038,195.7215597629547,5e-05,5e-05,50.9,10.41,11.0,1.53,38.0,14.8,0.4166666666666667,0.668693009118541,0.5134189031505251,0.8370658135283364,0.7169700528479155,0.772377438060095,0.9328358208955224,0.7052186177715092,0.8032128514056226,0.6894954911040702,0.8777536456717344,0.7723177723177723,no_relations,lstm,512,44,yolo_sppf_no_relations_lstm512_seed44,<RUN_ROOT>\outputs\controlled_comparison_runs\run_20260528_205727\neural_eval\yolo_sppf_no_relations_lstm512_seed44,<RUN_ROOT>\outputs\controlled_comparison_runs\run_20260528_205727\neural_training\yolo_sppf_no_relations_lstm512_seed44
5,0.5089895092768355,0.8077299892230821,0.6214945405928625,0.7541422760194464,0.7344915040443295,196.2583887577057,5e-05,5e-05,50.9,10.41,11.0,1.53,38.0,14.9,0.5176211453744494,0.7142857142857143,0.6002554278416348,0.8695426195426196,0.6549226854570366,0.7471251535112202,0.8879377431906614,0.8046544428772919,0.8442471328153902,0.6409171861086376,0.8932671424139,0.7463383020090731,no_relations,lstm,512,44,yolo_sppf_no_relations_lstm512_seed44,<RUN_ROOT>\outputs\controlled_comparison_runs\run_20260528_205727\neural_eval\yolo_sppf_no_relations_lstm512_seed44,<RUN_ROOT>\outputs\controlled_comparison_runs\run_20260528_205727\neural_training\yolo_sppf_no_relations_lstm512_seed44
6,0.4950537548333313,0.8146859998040561,0.5161483392392892,0.806230776862784,0.7507392081690814,201.60170340538025,5e-05,5e-05,51.0,10.5,11.0,1.53,37.0,16.3,0.746606334841629,0.5015197568389058,0.6,0.809640831758034,0.8383245253474261,0.8237330512549284,0.9088291746641076,0.6678420310296191,0.7699186991869917,0.7745320476460579,0.8473471920570896,0.8093050822344052,no_relations,lstm,512,44,yolo_sppf_no_relations_lstm512_seed44,<RUN_ROOT>\outputs\controlled_comparison_runs\run_20260528_205727\neural_eval\yolo_sppf_no_relations_lstm512_seed44,<RUN_ROOT>\outputs\controlled_comparison_runs\run_20260528_205727\neural_training\yolo_sppf_no_relations_lstm512_seed44
7,0.4670268387641746,0.8256588615655922,0.5263541941538394,0.8003770215299136,0.7400359475307051,200.35413885116577,5e-05,5e-05,51.1,10.53,11.0,1.53,37.0,15.2,0.4275092936802974,0.6990881458966566,0.5305651672433679,0.843308395677473,0.7942845958113134,0.8180626952928132,0.8701725554642563,0.7468265162200282,0.8037950664136622,0.7744874715261959,0.8439342227738132,0.807720861172977,no_relations,lstm,512,44,yolo_sppf_no_relations_lstm512_seed44,<RUN_ROOT>\outputs\controlled_comparison_runs\run_20260528_205727\neural_eval\yolo_sppf_no_relations_lstm512_seed44,<RUN_ROOT>\outputs\controlled_comparison_runs\run_20260528_205727\neural_training\yolo_sppf_no_relations_lstm512_seed44
8,0.4421464379053551,0.836092877437053,0.5100270389934026,0.8179382875285247,0.7577381025583996,195.92146801948547,5e-05,5e-05,51.0,10.52,11.0,1.53,37.0,14.9,0.4461538461538462,0.7933130699088146,0.5711159737417943,0.7972508591065293,0.908201213544725,0.8491170280904018,0.8404255319148937,0.7799717912552891,0.809070958302853,0.948685326547922,0.6940738442444927,0.8016484500985486,no_relations,lstm,512,44,yolo_sppf_no_relations_lstm512_seed44,<RUN_ROOT>\outputs\controlled_comparison_runs\run_20260528_205727\neural_eval\yolo_sppf_no_relations_lstm512_seed44,<RUN_ROOT>\outputs\controlled_comparison_runs\run_20260528_205727\neural_training\yolo_sppf_no_relations_lstm512_seed44
9,0.4372601641493858,0.8353091015969433,0.5011731245455199,0.8053378311340411,0.7648208112772666,206.03234124183652,5e-05,5e-05,52.4,10.68,11.0,1.53,37.0,16.0,0.615819209039548,0.662613981762918,0.6383601756954612,0.8319903303787268,0.8083773732628694,0.8200138985406532,0.9006211180124224,0.7157968970380818,0.7976424361493123,0.7578425976884975,0.8544834005584859,0.80326673472364,no_relations,lstm,512,44,yolo_sppf_no_relations_lstm512_seed44,<RUN_ROOT>\outputs\controlled_comparison_runs\run_20260528_205727\neural_eval\yolo_sppf_no_relations_lstm512_seed44,<RUN_ROOT>\outputs\controlled_comparison_runs\run_20260528_205727\neural_training\yolo_sppf_no_relations_lstm512_seed44
10,0.4003996589837076,0.8506907024590967,0.5802903904702462,0.7931342395078876,0.7194416874341178,195.2965342998505,2.5e-05,2.5e-05,51.0,10.63,10.0,1.53,38.0,16.3,0.4099378881987577,0.8024316109422492,0.5426515930113052,0.8124521072796935,0.8301037385006851,0.8211830767741312,0.9354066985645934,0.5514809590973202,0.6938775510204082,0.8011245930748743,0.8399007136208502,0.8200545289306271,no_relations,lstm,512,44,yolo_sppf_no_relations_lstm512_seed44,<RUN_ROOT>\outputs\controlled_comparison_runs\run_20260528_205727\neural_eval\yolo_sppf_no_relations_lstm512_seed44,<RUN_ROOT>\outputs\controlled_comparison_runs\run_20260528_205727\neural_training\yolo_sppf_no_relations_lstm512_seed44
1,0.8522496066380257,0.643235034780053,0.6298940828025695,0.76168270661772,0.6941560107655641,203.5112850666046,5e-05,5e-05,51.1,10.66,23.0,1.62,38.0,14.0,0.4596273291925465,0.4498480243161094,0.4546850998463902,0.8084161556354409,0.7482873360735957,0.777190485871112,0.8597816960537363,0.7221438645980254,0.7849750862399386,0.6989835809225958,0.8321439652497673,0.7597733711048159,no_relations,lstm,896,42,yolo_sppf_no_relations_lstm896_seed42,<RUN_ROOT>\outputs\controlled_comparison_runs\run_20260528_205727\neural_eval\yolo_sppf_no_relations_lstm896_seed42,<RUN_ROOT>\outputs\controlled_comparison_runs\run_20260528_205727\neural_training\yolo_sppf_no_relations_lstm896_seed42
2,0.6154202470223078,0.7643773880670128,0.5991988159102639,0.7549360055561067,0.7133402884973705,207.00704669952395,5e-05,5e-05,51.0,10.44,24.0,1.62,38.0,18.3,0.4063604240282685,0.6990881458966566,0.5139664804469274,0.8779706275033378,0.6435701702877276,0.7427151569911905,0.7745700245700246,0.889280677009873,0.8279711096520026,0.6835748792270532,0.8780639156065777,0.7687084068993617,no_relations,lstm,896,42,yolo_sppf_no_relations_lstm896_seed42,<RUN_ROOT>\outputs\controlled_comparison_runs\run_20260528_205727\neural_eval\yolo_sppf_no_relations_lstm896_seed42,<RUN_ROOT>\outputs\controlled_comparison_runs\run_20260528_205727\neural_training\yolo_sppf_no_relations_lstm896_seed42
3,0.5565996954573733,0.7858332516900166,0.5521529319267424,0.7981942653040976,0.7170203805844995,205.62250447273252,5e-05,5e-05,50.8,10.43,24.0,1.62,39.0,18.3,0.6590909090909091,0.4407294832826747,0.5282331511839709,0.7656276046007668,0.8990017615971815,0.8269715520345696,0.950354609929078,0.5669957686882934,0.7102473498233216,0.8304578633045786,0.7766056469128142,0.8026294692961359,no_relations,lstm,896,42,yolo_sppf_no_relations_lstm896_seed42,<RUN_ROOT>\outputs\controlled_comparison_runs\run_20260528_205727\neural_eval\yolo_sppf_no_relations_lstm896_seed42,<RUN_ROOT>\outputs\controlled_comparison_runs\run_20260528_205727\neural_training\yolo_sppf_no_relations_lstm896_seed42
4,0.5362096016228105,0.7970510434015872,0.6640760705861751,0.7459073320765949,0.656027186266245,205.63242363929749,5e-05,5e-05,50.8,10.41,24.0,1.62,39.0,19.0,0.433649289099526,0.5562310030395137,0.4873501997336883,0.7668853724430722,0.7778430221178313,0.7723253328150811,0.954983922829582,0.4188998589562764,0.5823529411764706,0.7181417077601868,0.858516909711449,0.78208027133974,no_relations,lstm,896,42,yolo_sppf_no_relations_lstm896_seed42,<RUN_ROOT>\outputs\controlled_comparison_runs\run_20260528_205727\neural_eval\yolo_sppf_no_relations_lstm896_seed42,<RUN_ROOT>\outputs\controlled_comparison_runs\run_20260528_205727\neural_training\yolo_sppf_no_relations_lstm896_seed42
5,0.4837430290801912,0.8162045654942687,0.7990132643922513,0.6604821906935212,0.6556871000341724,206.25958967208865,5e-05,5e-05,50.8,10.45,24.0,1.62,39.0,18.1,0.6680327868852459,0.4954407294832826,0.568935427574171,0.8332255979314803,0.5045997259737718,0.628550530293795,0.9487179487179488,0.6262341325811002,0.7544604927782498,0.521619293712317,0.9394973627055538,0.670801949490474,no_relations,lstm,896,42,yolo_sppf_no_relations_lstm896_seed42,<RUN_ROOT>\outputs\controlled_comparison_runs\run_20260528_205727\neural_eval\yolo_sppf_no_relations_lstm896_seed42,<RUN_ROOT>\outputs\controlled_comparison_runs\run_20260528_205727\neural_training\yolo_sppf_no_relations_lstm896_seed42
6,0.4737010594299735,0.8225237582051533,0.8940289576710683,0.6875682111320568,0.6401269780613987,206.20136046409607,5e-05,5e-05,50.8,10.43,24.0,1.62,40.0,18.6,0.5382165605095541,0.513677811550152,0.5256609642301712,0.7940584088620343,0.6173419455862204,0.6946371544984031,0.9378453038674032,0.4788434414668547,0.633986928104575,0.5776287236141251,0.9084703692212224,0.7062228654124457,no_relations,lstm,896,42,yolo_sppf_no_relations_lstm896_seed42,<RUN_ROOT>\outputs\controlled_comparison_runs\run_20260528_205727\neural_eval\yolo_sppf_no_relations_lstm896_seed42,<RUN_ROOT>\outputs\controlled_comparison_runs\run_20260528_205727\neural_training\yolo_sppf_no_relations_lstm896_seed42
7,0.4602063026652908,0.826442637405702,0.4966807435359067,0.80295664252406,0.7610094932552034,206.6692681312561,5e-05,5e-05,50.9,10.44,23.0,1.62,40.0,19.2,0.5771276595744681,0.6595744680851063,0.6156028368794326,0.8315746753246753,0.8021139166177335,0.8165786589618412,0.8936708860759494,0.7468265162200282,0.8136765270841336,0.7573816155988858,0.8436239528389698,0.7981799500954059,no_relations,lstm,896,42,yolo_sppf_no_relations_lstm896_seed42,<RUN_ROOT>\outputs\controlled_comparison_runs\run_20260528_205727\neural_eval\yolo_sppf_no_relations_lstm896_seed42,<RUN_ROOT>\outputs\controlled_comparison_runs\run_20260528_205727\neural_training\yolo_sppf_no_relations_lstm896_seed42
8,0.4464731782639755,0.8276183011658665,0.5570070420245876,0.7937295366603829,0.713380320193501,206.44156956672668,5e-05,5e-05,50.8,10.45,24.0,1.62,40.0,19.4,0.3847376788553259,0.7355623100303952,0.5052192066805846,0.8132598784194529,0.8379330593071052,0.825412127639063,0.8840425531914894,0.5860366713681241,0.7048346055979644,0.8151571164510166,0.820974247595408,0.818055340856392,no_relations,lstm,896,42,yolo_sppf_no_relations_lstm896_seed42,<RUN_ROOT>\outputs\controlled_comparison_runs\run_20260528_205727\neural_eval\yolo_sppf_no_relations_lstm896_seed42,<RUN_ROOT>\outputs\controlled_comparison_runs\run_20260528_205727\neural_training\yolo_sppf_no_relations_lstm896_seed42
9,0.428332578306171,0.8366807093171353,0.5645451686655482,0.7632701656910408,0.7469490893848976,206.5323886871338,5e-05,5e-05,50.8,10.45,24.0,1.62,40.0,17.8,0.7937219730941704,0.5379939209726444,0.6413043478260869,0.8711018711018711,0.6560970835779996,0.7484648877972536,0.7796610169491526,0.9083215796897038,0.8390879478827361,0.660238751147842,0.8923363326093702,0.7589391740335136,no_relations,lstm,896,42,yolo_sppf_no_relations_lstm896_seed42,<RUN_ROOT>\outputs\controlled_comparison_runs\run_20260528_205727\neural_eval\yolo_sppf_no_relations_lstm896_seed42,<RUN_ROOT>\outputs\controlled_comparison_runs\run_20260528_205727\neural_training\yolo_sppf_no_relations_lstm896_seed42
10,0.415909188107637,0.8437346918781229,0.4642649855412957,0.8219069352118266,0.784745323374984,205.34283185005188,5e-05,5e-05,51.1,10.48,22.0,1.62,41.0,17.7,0.5847255369928401,0.7446808510638298,0.6550802139037433,0.8450591300861896,0.8252104129966725,0.835016835016835,0.8517699115044248,0.814527503526093,0.832732516222062,0.8048265460030166,0.8278001861619609,0.8161517283572958,no_relations,lstm,896,42,yolo_sppf_no_relations_lstm896_seed42,<RUN_ROOT>\outputs\controlled_comparison_runs\run_20260528_205727\neural_eval\yolo_sppf_no_relations_lstm896_seed42,<RUN_ROOT>\outputs\controlled_comparison_runs\run_20260528_205727\neural_training\yolo_sppf_no_relations_lstm896_seed42
1,0.8512020554907364,0.6453414323503478,1.0639591322886566,0.5307074114495486,0.5341964971756965,203.36417984962463,5e-05,5e-05,51.0,10.48,22.0,1.62,40.0,17.8,0.0798714144411473,0.9817629179331308,0.1477246741367482,0.792212798766384,0.4022313564298297,0.5335583538880955,0.8834033613445378,0.5930888575458392,0.709704641350211,0.8557653676175171,0.6608749612162581,0.7457983193277312,no_relations,lstm,896,43,yolo_sppf_no_relations_lstm896_seed43,<RUN_ROOT>\outputs\controlled_comparison_runs\run_20260528_205727\neural_eval\yolo_sppf_no_relations_lstm896_seed43,<RUN_ROOT>\outputs\controlled_comparison_runs\run_20260528_205727\neural_training\yolo_sppf_no_relations_lstm896_seed43
2,0.6128343693841961,0.7660918977172528,0.6977677256608057,0.7237821212421868,0.6946001125650589,205.76376056671145,5e-05,5e-05,50.7,10.49,22.0,1.62,40.0,17.5,0.4110671936758893,0.6322188449848024,0.4982035928143713,0.8680677174547577,0.5821100019573302,0.6968951376684241,0.841313269493844,0.8674188998589563,0.8541666666666666,0.6153681963713981,0.8945082221532733,0.729135053110774,no_relations,lstm,896,43,yolo_sppf_no_relations_lstm896_seed43,<RUN_ROOT>\outputs\controlled_comparison_runs\run_20260528_205727\neural_eval\yolo_sppf_no_relations_lstm896_seed43,<RUN_ROOT>\outputs\controlled_comparison_runs\run_20260528_205727\neural_training\yolo_sppf_no_relations_lstm896_seed43
3,0.5682707534034424,0.7846086019398452,0.4906261515227102,0.8236928266693124,0.7616798071112149,205.11012983322144,5e-05,5e-05,50.7,10.51,22.0,1.62,40.0,19.0,0.7448979591836735,0.4437689969604863,0.5561904761904762,0.787643484132343,0.913290272068898,0.8458261578899664,0.8488857938718662,0.8596614950634697,0.854239663629993,0.9001189060642093,0.7046230220291654,0.790462930734424,no_relations,lstm,896,43,yolo_sppf_no_relations_lstm896_seed43,<RUN_ROOT>\outputs\controlled_comparison_runs\run_20260528_205727\neural_eval\yolo_sppf_no_relations_lstm896_seed43,<RUN_ROOT>\outputs\controlled_comparison_runs\run_20260528_205727\neural_training\yolo_sppf_no_relations_lstm896_seed43
4,0.5233344157579644,0.8009699226021358,0.6579512331279971,0.7651552733406092,0.6581159603550203,205.4504680633545,5e-05,5e-05,50.8,10.49,22.0,1.62,40.0,19.0,0.3603305785123967,0.662613981762918,0.4668094218415418,0.7359757072079272,0.9013505578391074,0.8103114552173148,0.9415692821368948,0.3977433004231311,0.5592464055528011,0.8880825057295646,0.7213775985107043,0.7960965588084233,no_relations,lstm,896,43,yolo_sppf_no_relations_lstm896_seed43,<RUN_ROOT>\outputs\controlled_comparison_runs\run_20260528_205727\neural_eval\yolo_sppf_no_relations_lstm896_seed43,<RUN_ROOT>\outputs\controlled_comparison_runs\run_20260528_205727\neural_training\yolo_sppf_no_relations_lstm896_seed43
5,0.5061933459498011,0.8053296757127462,0.5846673850494896,0.7755729735092767,0.7204333437436736,205.8594629764557,5e-05,5e-05,50.8,10.5,22.0,1.62,40.0,19.9,0.5150753768844221,0.6231003039513677,0.5639614855570838,0.8175619834710743,0.7745155607751028,0.7954568298321438,0.9260823653643084,0.6184767277856136,0.7416490486257928,0.7134052388289677,0.8619298789947254,0.780666010959674,no_relations,lstm,896,43,yolo_sppf_no_relations_lstm896_seed43,<RUN_ROOT>\outputs\controlled_comparison_runs\run_20260528_205727\neural_eval\yolo_sppf_no_relations_lstm896_seed43,<RUN_ROOT>\outputs\controlled_comparison_runs\run_20260528_205727\neural_training\yolo_sppf_no_relations_lstm896_seed43
6,0.4799334793687334,0.8224257862251396,0.6362679877983672,0.7747792439726163,0.6847145483220195,205.79386258125305,5e-05,5e-05,50.9,10.52,22.0,1.62,40.0,18.5,0.3128760529482551,0.790273556231003,0.4482758620689655,0.7600601102020371,0.8909767077706009,0.8203279870246891,0.8539205155746509,0.5606488011283498,0.6768837803320562,0.9458762886597938,0.6832143965249767,0.7933705638623673,no_relations,lstm,896,43,yolo_sppf_no_relations_lstm896_seed43,<RUN_ROOT>\outputs\controlled_comparison_runs\run_20260528_205727\neural_eval\yolo_sppf_no_relations_lstm896_seed43,<RUN_ROOT>\outputs\controlled_comparison_runs\run_20260528_205727\neural_training\yolo_sppf_no_relations_lstm896_seed43
7,0.4675821564350055,0.8255608895855785,0.4786476277302773,0.8205179085226709,0.7737491722289611,205.64249730110168,5e-05,5e-05,50.8,10.53,24.0,1.62,40.0,18.7,0.5010060362173038,0.756838905775076,0.6029055690072639,0.8474268415741675,0.821882951653944,0.8344594594594594,0.8645209580838323,0.814527503526093,0.8387799564270153,0.8103919781221514,0.8274899162271175,0.8188517040221062,no_relations,lstm,896,43,yolo_sppf_no_relations_lstm896_seed43,<RUN_ROOT>\outputs\controlled_comparison_runs\run_20260528_205727\neural_eval\yolo_sppf_no_relations_lstm896_seed43,<RUN_ROOT>\outputs\controlled_comparison_runs\run_20260528_205727\neural_training\yolo_sppf_no_relations_lstm896_seed43
8,0.4464614317842925,0.830557460566278,0.4516642687217672,0.8242881238218077,0.7942408578812064,206.20007395744324,5e-05,5e-05,50.7,10.63,22.0,1.62,40.0,19.8,0.688622754491018,0.6990881458966566,0.6938159879336351,0.8412572110602745,0.827754942258759,0.8344514601420678,0.827247191011236,0.8307475317348378,0.8289936664320902,0.8108682452944748,0.8287309959664908,0.8197023170170324,no_relations,lstm,896,43,yolo_sppf_no_relations_lstm896_seed43,<RUN_ROOT>\outputs\controlled_comparison_runs\run_20260528_205727\neural_eval\yolo_sppf_no_relations_lstm896_seed43,<RUN_ROOT>\outputs\controlled_comparison_runs\run_20260528_205727\neural_training\yolo_sppf_no_relations_lstm896_seed43
9,0.4348809390436846,0.8329577740766141,0.5003612460710832,0.8091080464331779,0.778827990995247,206.10216450691223,5e-05,5e-05,50.8,10.45,22.0,1.62,40.0,18.5,0.6239782016348774,0.6960486322188449,0.6580459770114941,0.8457836367440887,0.7911528674887454,0.8175566343042072,0.8939393939393939,0.7905500705218618,0.8390718562874251,0.751019298722479,0.8572758299720757,0.8006374963778616,no_relations,lstm,896,43,yolo_sppf_no_relations_lstm896_seed43,<RUN_ROOT>\outputs\controlled_comparison_runs\run_20260528_205727\neural_eval\yolo_sppf_no_relations_lstm896_seed43,<RUN_ROOT>\outputs\controlled_comparison_runs\run_20260528_205727\neural_training\yolo_sppf_no_relations_lstm896_seed43
10,0.4239341350605121,0.8397668266875673,0.5109527129560731,0.799880940569501,0.7737998103320818,206.1957929134369,5e-05,5e-05,50.8,10.46,23.0,1.62,40.0,17.3,0.7206896551724138,0.6352583586626139,0.6752827140549273,0.848177701099849,0.7698179682912507,0.8071003488610712,0.8379970544918999,0.8025387870239774,0.8198847262247838,0.7332630469161835,0.8631709587340987,0.7929314521875446,no_relations,lstm,896,43,yolo_sppf_no_relations_lstm896_seed43,<RUN_ROOT>\outputs\controlled_comparison_runs\run_20260528_205727\neural_eval\yolo_sppf_no_relations_lstm896_seed43,<RUN_ROOT>\outputs\controlled_comparison_runs\run_20260528_205727\neural_training\yolo_sppf_no_relations_lstm896_seed43
1,0.828378153456883,0.6575879298520623,0.8956099088067219,0.6156364718722095,0.540898444005223,203.0976567268372,5e-05,5e-05,51.0,10.48,24.0,1.62,40.0,19.9,0.17618719889883,0.7781155015197568,0.2873176206509539,0.7863167760074976,0.4926600117439812,0.6057761732851985,0.9874776386404294,0.389280677009873,0.5584218512898331,0.591861898890259,0.8935774123487434,0.7120781307949066,no_relations,lstm,896,44,yolo_sppf_no_relations_lstm896_seed44,<RUN_ROOT>\outputs\controlled_comparison_runs\run_20260528_205727\neural_eval\yolo_sppf_no_relations_lstm896_seed44,<RUN_ROOT>\outputs\controlled_comparison_runs\run_20260528_205727\neural_training\yolo_sppf_no_relations_lstm896_seed44
2,0.6224711016988306,0.7589889291662585,0.5902069641277194,0.7799384859609089,0.7039909236030796,205.2627363204956,5e-05,5e-05,50.7,10.53,22.0,1.62,40.0,18.7,0.4961636828644501,0.5896656534954408,0.5388888888888889,0.7562468128505865,0.8708162066940693,0.8094978165938865,0.9696569920844328,0.5183356840620592,0.6755514705882353,0.8148999015425008,0.7704002482159479,0.7920255183413079,no_relations,lstm,896,44,yolo_sppf_no_relations_lstm896_seed44,<RUN_ROOT>\outputs\controlled_comparison_runs\run_20260528_205727\neural_eval\yolo_sppf_no_relations_lstm896_seed44,<RUN_ROOT>\outputs\controlled_comparison_runs\run_20260528_205727\neural_training\yolo_sppf_no_relations_lstm896_seed44
3,0.5625644776281145,0.7860781816400509,0.5701997081305654,0.7742831630122036,0.7322082849381863,205.1555881500244,5e-05,5e-05,50.8,10.51,23.0,1.62,40.0,20.5,0.6235294117647059,0.4832826747720364,0.5445205479452055,0.8462078651685393,0.7075748678802114,0.7707067476814838,0.8286879673691366,0.8596614950634697,0.8438906195915541,0.6888017642734624,0.8721687868445548,0.7697152245345017,no_relations,lstm,896,44,yolo_sppf_no_relations_lstm896_seed44,<RUN_ROOT>\outputs\controlled_comparison_runs\run_20260528_205727\neural_eval\yolo_sppf_no_relations_lstm896_seed44,<RUN_ROOT>\outputs\controlled_comparison_runs\run_20260528_205727\neural_training\yolo_sppf_no_relations_lstm896_seed44
4,0.5233355671003881,0.8030763201724307,0.5821495979994772,0.7703145153289017,0.7188762503278754,204.74202704429624,5e-05,5e-05,50.7,10.49,24.0,1.62,40.0,18.2,0.5751445086705202,0.6048632218844985,0.5896296296296296,0.7936254980079681,0.7798003523194363,0.7866521867904038,0.9621301775147928,0.573342736248237,0.7185152452496685,0.7156153050672182,0.8588271796462923,0.7807079396417994,no_relations,lstm,896,44,yolo_sppf_no_relations_lstm896_seed44,<RUN_ROOT>\outputs\controlled_comparison_runs\run_20260528_205727\neural_eval\yolo_sppf_no_relations_lstm896_seed44,<RUN_ROOT>\outputs\controlled_comparison_runs\run_20260528_205727\neural_training\yolo_sppf_no_relations_lstm896_seed44
5,0.5037990650366466,0.8070931713529931,0.5003728047386551,0.8150610179581308,0.7769182192039792,205.52044248580933,5e-05,5e-05,50.9,10.49,22.0,1.62,40.0,19.0,0.7077464788732394,0.6109422492401215,0.6557911908646002,0.8242540904716074,0.8381287923272656,0.8311335403726707,0.9128160418483,0.7383638928067701,0.816374269005848,0.7775847089487402,0.8330747750542973,0.8043738765727981,no_relations,lstm,896,44,yolo_sppf_no_relations_lstm896_seed44,<RUN_ROOT>\outputs\controlled_comparison_runs\run_20260528_205727\neural_eval\yolo_sppf_no_relations_lstm896_seed44,<RUN_ROOT>\outputs\controlled_comparison_runs\run_20260528_205727\neural_training\yolo_sppf_no_relations_lstm896_seed44
6,0.4928279119634235,0.8164005094542961,0.4873977768992532,0.8213116380593313,0.7562471072539161,205.0784540176392,5e-05,5e-05,50.6,10.49,22.0,1.62,40.0,19.2,0.6277372262773723,0.5227963525835866,0.5704809286898838,0.7956597222222223,0.8970444313955764,0.8433158524243262,0.9110907424381302,0.7009873060648801,0.7923475488242326,0.8561272850372377,0.7846726652187404,0.8188440990772221,no_relations,lstm,896,44,yolo_sppf_no_relations_lstm896_seed44,<RUN_ROOT>\outputs\controlled_comparison_runs\run_20260528_205727\neural_eval\yolo_sppf_no_relations_lstm896_seed44,<RUN_ROOT>\outputs\controlled_comparison_runs\run_20260528_205727\neural_training\yolo_sppf_no_relations_lstm896_seed44
7,0.4542006701639733,0.8272753992358186,0.5621628584419672,0.7846016469887885,0.7380249912208795,205.579594373703,5e-05,5e-05,50.7,10.49,22.0,1.62,40.0,18.3,0.5010615711252654,0.7173252279635258,0.59,0.8239785390012382,0.7815619495008808,0.8022099447513812,0.9048067860508954,0.6770098730606487,0.7745058491327147,0.7346663064036747,0.8436239528389698,0.7853841709994223,no_relations,lstm,896,44,yolo_sppf_no_relations_lstm896_seed44,<RUN_ROOT>\outputs\controlled_comparison_runs\run_20260528_205727\neural_eval\yolo_sppf_no_relations_lstm896_seed44,<RUN_ROOT>\outputs\controlled_comparison_runs\run_20260528_205727\neural_training\yolo_sppf_no_relations_lstm896_seed44
8,0.4348145116961395,0.8373175271872244,0.5098907408747999,0.8139696398452227,0.7451494391013873,205.5203914642334,5e-05,5e-05,50.9,10.52,22.0,1.62,40.0,18.7,0.5558739255014327,0.5896656534954408,0.5722713864306785,0.7729554655870445,0.9342337052260716,0.8459766040411202,0.8357446808510638,0.692524682651622,0.757423833397609,0.9474789915966386,0.6996587030716723,0.8049259325361413,no_relations,lstm,896,44,yolo_sppf_no_relations_lstm896_seed44,<RUN_ROOT>\outputs\controlled_comparison_runs\run_20260528_205727\neural_eval\yolo_sppf_no_relations_lstm896_seed44,<RUN_ROOT>\outputs\controlled_comparison_runs\run_20260528_205727\neural_training\yolo_sppf_no_relations_lstm896_seed44
9,0.4288035572001413,0.840256686587636,0.4757916954886501,0.8226014485564044,0.7802120243649275,205.7375602722168,5e-05,5e-05,50.8,10.52,23.0,1.62,40.0,19.0,0.7926829268292683,0.5927051671732523,0.6782608695652174,0.8047858942065491,0.8755137991779213,0.8386612918346301,0.8582408198121264,0.7087447108603667,0.776361529548088,0.8434278350515464,0.8122866894197952,0.8275644065117749,no_relations,lstm,896,44,yolo_sppf_no_relations_lstm896_seed44,<RUN_ROOT>\outputs\controlled_comparison_runs\run_20260528_205727\neural_eval\yolo_sppf_no_relations_lstm896_seed44,<RUN_ROOT>\outputs\controlled_comparison_runs\run_20260528_205727\neural_training\yolo_sppf_no_relations_lstm896_seed44
10,0.4190119550998401,0.8443225237582052,0.724136939363107,0.7242782022025994,0.6778234032682477,205.5641024112701,5e-05,5e-05,50.7,10.53,22.0,1.62,40.0,19.5,0.4046920821114369,0.8389057750759878,0.5459940652818991,0.8113658070678128,0.6651008025053826,0.7309884909110467,0.929440389294404,0.538787023977433,0.6821428571428572,0.65238203783907,0.8879925535215638,0.752168199737188,no_relations,lstm,896,44,yolo_sppf_no_relations_lstm896_seed44,<RUN_ROOT>\outputs\controlled_comparison_runs\run_20260528_205727\neural_eval\yolo_sppf_no_relations_lstm896_seed44,<RUN_ROOT>\outputs\controlled_comparison_runs\run_20260528_205727\neural_training\yolo_sppf_no_relations_lstm896_seed44
1,0.6830046669139197,0.7449789360242971,0.4772875120293253,0.8462149022720508,0.7582361633129447,147.57236289978027,5e-05,5e-05,50.7,9.13,11.0,1.14,38.0,15.8,0.5785123966942148,0.425531914893617,0.4903677758318738,0.8190092770873446,0.9158348013309844,0.8647200147846978,0.924845269672856,0.7376586741889986,0.8207140054923499,0.8900768459739392,0.8265591064225877,0.8571428571428572,pose_relations_only,attention,256,42,yolo_sppf_pose_relations_only_attention256_seed42,<RUN_ROOT>\outputs\controlled_comparison_runs\run_20260528_205727\neural_eval\yolo_sppf_pose_relations_only_attention256_seed42,<RUN_ROOT>\outputs\controlled_comparison_runs\run_20260528_205727\neural_training\yolo_sppf_pose_relations_only_attention256_seed42
2,0.5260886326607398,0.8087586950132262,0.4782327886089675,0.8353011211429705,0.7585804249525232,155.71645855903623,5e-05,5e-05,50.6,9.16,11.0,1.14,38.0,14.9,0.4134199134199134,0.5805471124620061,0.4829329962073325,0.8701298701298701,0.826189078097475,0.847590361445783,0.8779940119760479,0.8272214386459803,0.851851851851852,0.8262390670553936,0.879304995345951,0.8519464903051255,pose_relations_only,attention,256,42,yolo_sppf_pose_relations_only_attention256_seed42,<RUN_ROOT>\outputs\controlled_comparison_runs\run_20260528_205727\neural_eval\yolo_sppf_pose_relations_only_attention256_seed42,<RUN_ROOT>\outputs\controlled_comparison_runs\run_20260528_205727\neural_training\yolo_sppf_pose_relations_only_attention256_seed42
3,0.5068958587710947,0.8185558930145979,0.4787831742942909,0.8427423355491617,0.7681753853948385,262.71493101119995,5e-05,5e-05,50.7,9.15,5.0,1.14,37.0,14.6,0.5833333333333334,0.5106382978723404,0.5445705024311183,0.829014598540146,0.8892151105891564,0.8580602512040798,0.9331501831501832,0.7186177715091678,0.8119521912350598,0.8586517552034794,0.857586099906919,0.8581185967090965,pose_relations_only,attention,256,42,yolo_sppf_pose_relations_only_attention256_seed42,<RUN_ROOT>\outputs\controlled_comparison_runs\run_20260528_205727\neural_eval\yolo_sppf_pose_relations_only_attention256_seed42,<RUN_ROOT>\outputs\controlled_comparison_runs\run_20260528_205727\neural_training\yolo_sppf_pose_relations_only_attention256_seed42
4,0.4857244488424081,0.8234544920152836,0.4700611010335186,0.8481992261137018,0.7749415708999272,209.67741417884827,5e-05,5e-05,50.7,9.15,11.0,1.14,38.0,15.7,0.470873786407767,0.5896656534954408,0.52361673414305,0.8608508977361436,0.8633783519279703,0.8621127724030098,0.9292845257903494,0.7877291960507757,0.8526717557251907,0.8461538461538461,0.8771331058020477,0.8613650213284582,pose_relations_only,attention,256,42,yolo_sppf_pose_relations_only_attention256_seed42,<RUN_ROOT>\outputs\controlled_comparison_runs\run_20260528_205727\neural_eval\yolo_sppf_pose_relations_only_attention256_seed42,<RUN_ROOT>\outputs\controlled_comparison_runs\run_20260528_205727\neural_training\yolo_sppf_pose_relations_only_attention256_seed42
5,0.4651974046071495,0.8342314098167924,0.5316705954659339,0.8274630419684492,0.7392816746400489,176.7391016483307,5e-05,5e-05,50.7,9.15,11.0,1.14,38.0,15.5,0.2885747938751472,0.7446808510638298,0.4159592529711375,0.8591521394611727,0.8488941084360931,0.8539923205670966,0.9444444444444444,0.731311706629055,0.8243243243243243,0.882295719844358,0.8442444927086565,0.8628508006976375,pose_relations_only,attention,256,42,yolo_sppf_pose_relations_only_attention256_seed42,<RUN_ROOT>\outputs\controlled_comparison_runs\run_20260528_205727\neural_eval\yolo_sppf_pose_relations_only_attention256_seed42,<RUN_ROOT>\outputs\controlled_comparison_runs\run_20260528_205727\neural_training\yolo_sppf_pose_relations_only_attention256_seed42
6,0.4571554289873817,0.8357989614970118,0.4334745908659118,0.8508780632999305,0.7819675955156242,164.23528242111206,5e-05,5e-05,50.7,9.16,12.0,1.14,38.0,14.6,0.4156305506216696,0.7112462006079028,0.5246636771300448,0.8763592428513894,0.8518301037385007,0.8639205955334988,0.9009752438109528,0.8469675599435825,0.8731370410759723,0.8669567920422754,0.8653428482780019,0.8661490683229813,pose_relations_only,attention,256,42,yolo_sppf_pose_relations_only_attention256_seed42,<RUN_ROOT>\outputs\controlled_comparison_runs\run_20260528_205727\neural_eval\yolo_sppf_pose_relations_only_attention256_seed42,<RUN_ROOT>\outputs\controlled_comparison_runs\run_20260528_205727\neural_training\yolo_sppf_pose_relations_only_attention256_seed42
7,0.4350388623149277,0.8425590281179582,0.4575195517248681,0.838277606905447,0.7760574544301612,159.8684983253479,5e-05,5e-05,50.7,9.15,11.0,1.14,38.0,16.1,0.4325842696629213,0.7021276595744681,0.5353418308227115,0.8973966309341501,0.8028968486983754,0.8475206611570248,0.9056316590563166,0.8392101551480959,0.8711566617862373,0.7994535519125683,0.9078498293515358,0.8502106639546708,pose_relations_only,attention,256,42,yolo_sppf_pose_relations_only_attention256_seed42,<RUN_ROOT>\outputs\controlled_comparison_runs\run_20260528_205727\neural_eval\yolo_sppf_pose_relations_only_attention256_seed42,<RUN_ROOT>\outputs\controlled_comparison_runs\run_20260528_205727\neural_training\yolo_sppf_pose_relations_only_attention256_seed42
8,0.4354784552177245,0.8431468599980405,0.4843727232494746,0.8322254191884115,0.7531370805513933,157.47707176208496,5e-05,5e-05,50.7,9.15,11.0,1.14,39.0,16.3,0.3570391872278665,0.7477203647416414,0.4833005893909626,0.8596211365902293,0.8438050499119202,0.8516396681153694,0.9545023696682464,0.7101551480959097,0.8143954710877477,0.8506024096385543,0.8762022959975179,0.8632125936114932,pose_relations_only,attention,256,42,yolo_sppf_pose_relations_only_attention256_seed42,<RUN_ROOT>\outputs\controlled_comparison_runs\run_20260528_205727\neural_eval\yolo_sppf_pose_relations_only_attention256_seed42,<RUN_ROOT>\outputs\controlled_comparison_runs\run_20260528_205727\neural_training\yolo_sppf_pose_relations_only_attention256_seed42
9,0.4151364694755279,0.8472616831586166,0.4670573569672544,0.8318285544200814,0.7618009505934574,156.92530822753906,5e-05,5e-05,50.7,9.15,11.0,1.14,38.0,16.6,0.3438735177865613,0.7933130699088146,0.4797794117647059,0.9026942774437764,0.7935016637306713,0.8445833333333334,0.912568306010929,0.8244005641748943,0.8662467580585402,0.8173618940248027,0.8997828110456096,0.8565942992172499,pose_relations_only,attention,256,42,yolo_sppf_pose_relations_only_attention256_seed42,<RUN_ROOT>\outputs\controlled_comparison_runs\run_20260528_205727\neural_eval\yolo_sppf_pose_relations_only_attention256_seed42,<RUN_ROOT>\outputs\controlled_comparison_runs\run_20260528_205727\neural_training\yolo_sppf_pose_relations_only_attention256_seed42
10,0.4153601004505606,0.8490741647888704,0.4133175796781119,0.8459172536958032,0.7821154596773076,156.1474747657776,5e-05,5e-05,50.7,9.15,11.0,1.14,38.0,16.5,0.40625,0.790273556231003,0.5366357069143447,0.8881192275398825,0.82814640829908,0.857084979236301,0.8854014598540146,0.8554301833568406,0.870157819225251,0.853857791225416,0.8755817561278312,0.8645833333333334,pose_relations_only,attention,256,42,yolo_sppf_pose_relations_only_attention256_seed42,<RUN_ROOT>\outputs\controlled_comparison_runs\run_20260528_205727\neural_eval\yolo_sppf_pose_relations_only_attention256_seed42,<RUN_ROOT>\outputs\controlled_comparison_runs\run_20260528_205727\neural_training\yolo_sppf_pose_relations_only_attention256_seed42
1,0.6924258362571928,0.7336631723327128,0.5300272163903592,0.8131759103085624,0.7469224671289535,147.85947036743164,5e-05,5e-05,50.7,9.13,11.0,1.14,38.0,15.4,0.46875,0.547112462006079,0.5049088359046282,0.8895833333333333,0.7522019964768056,0.8151447661469934,0.786783042394015,0.8899858956276445,0.8352084712111184,0.7719437814903208,0.903195780328886,0.8324277952530741,pose_relations_only,attention,256,43,yolo_sppf_pose_relations_only_attention256_seed43,<RUN_ROOT>\outputs\controlled_comparison_runs\run_20260528_205727\neural_eval\yolo_sppf_pose_relations_only_attention256_seed43,<RUN_ROOT>\outputs\controlled_comparison_runs\run_20260528_205727\neural_training\yolo_sppf_pose_relations_only_attention256_seed43
2,0.5372180371110249,0.8025374742823552,0.4758832612899058,0.8441313622383173,0.7699666158631618,156.26279711723328,5e-05,5e-05,50.5,9.15,11.0,1.14,38.0,16.2,0.5150602409638554,0.5197568389057751,0.5173978819969742,0.8488573074707125,0.8651399491094147,0.8569212873206669,0.911504424778761,0.7990126939351199,0.8515595640736565,0.8444040036396724,0.8637914986037853,0.8539877300613496,pose_relations_only,attention,256,43,yolo_sppf_pose_relations_only_attention256_seed43,<RUN_ROOT>\outputs\controlled_comparison_runs\run_20260528_205727\neural_eval\yolo_sppf_pose_relations_only_attention256_seed43,<RUN_ROOT>\outputs\controlled_comparison_runs\run_20260528_205727\neural_training\yolo_sppf_pose_relations_only_attention256_seed43
3,0.5137136647109888,0.8150778877241109,0.4721401608425252,0.8494890366107749,0.7672165496194177,156.54657697677612,5e-05,5e-05,50.7,9.16,11.0,1.14,38.0,15.7,0.6008230452674898,0.4437689969604863,0.5104895104895106,0.829944214504229,0.902720688980231,0.8648040502531409,0.938107869142352,0.7482369534555712,0.8324833267948214,0.8713468869123253,0.8510704312752094,0.8610893109401978,pose_relations_only,attention,256,43,yolo_sppf_pose_relations_only_attention256_seed43,<RUN_ROOT>\outputs\controlled_comparison_runs\run_20260528_205727\neural_eval\yolo_sppf_pose_relations_only_attention256_seed43,<RUN_ROOT>\outputs\controlled_comparison_runs\run_20260528_205727\neural_training\yolo_sppf_pose_relations_only_attention256_seed43
4,0.4895845361048104,0.8219849123150779,0.4469387965095747,0.8541521976386546,0.7855082301353853,158.68184566497803,5e-05,5e-05,51.8,9.3,12.0,1.14,37.0,10.2,0.6171003717472119,0.5045592705167173,0.5551839464882943,0.85605046836169,0.8764924642787238,0.8661508704061897,0.9130434782608696,0.814527503526093,0.8609765188222139,0.8479179239589619,0.8718585169097115,0.8597215848248432,pose_relations_only,attention,256,43,yolo_sppf_pose_relations_only_attention256_seed43,<RUN_ROOT>\outputs\controlled_comparison_runs\run_20260528_205727\neural_eval\yolo_sppf_pose_relations_only_attention256_seed43,<RUN_ROOT>\outputs\controlled_comparison_runs\run_20260528_205727\neural_training\yolo_sppf_pose_relations_only_attention256_seed43
5,0.4741955286820293,0.8268345253257569,0.4324715935557689,0.8539537652544895,0.7813145912582241,157.03385615348816,5e-05,5e-05,50.8,9.29,12.0,1.14,37.0,13.1,0.4651162790697674,0.60790273556231,0.5270092226613965,0.8659272231951741,0.8710119397142297,0.8684621389539422,0.9090909090909092,0.8251057827926658,0.8650646950092423,0.8647223084083152,0.8647223084083152,0.8647223084083152,pose_relations_only,attention,256,43,yolo_sppf_pose_relations_only_attention256_seed43,<RUN_ROOT>\outputs\controlled_comparison_runs\run_20260528_205727\neural_eval\yolo_sppf_pose_relations_only_attention256_seed43,<RUN_ROOT>\outputs\controlled_comparison_runs\run_20260528_205727\neural_training\yolo_sppf_pose_relations_only_attention256_seed43
6,0.4600678997984314,0.8341334378367787,0.484543157328153,0.8399642821708503,0.7664005956679301,157.29584765434265,5e-05,5e-05,51.1,9.14,11.0,1.14,38.0,17.1,0.4411177644710579,0.6717325227963525,0.5325301204819277,0.8456260720411664,0.8684674104521433,0.8568945538818076,0.9535984848484848,0.7101551480959097,0.8140662894098626,0.8552671755725191,0.8690660874961216,0.8621114188981225,pose_relations_only,attention,256,43,yolo_sppf_pose_relations_only_attention256_seed43,<RUN_ROOT>\outputs\controlled_comparison_runs\run_20260528_205727\neural_eval\yolo_sppf_pose_relations_only_attention256_seed43,<RUN_ROOT>\outputs\controlled_comparison_runs\run_20260528_205727\neural_training\yolo_sppf_pose_relations_only_attention256_seed43
7,0.4495342535471841,0.8377584010972862,0.4297475020122152,0.84968746899494,0.7825037130994437,156.55829286575317,5e-05,5e-05,50.7,9.12,11.0,1.14,38.0,16.1,0.4886877828054298,0.6565349544072948,0.5603112840466926,0.8495475113122172,0.8819729888432178,0.8654566407375397,0.9447852760736196,0.7602256699576869,0.8425166080500195,0.8659147869674185,0.857586099906919,0.861730319563523,pose_relations_only,attention,256,43,yolo_sppf_pose_relations_only_attention256_seed43,<RUN_ROOT>\outputs\controlled_comparison_runs\run_20260528_205727\neural_eval\yolo_sppf_pose_relations_only_attention256_seed43,<RUN_ROOT>\outputs\controlled_comparison_runs\run_20260528_205727\neural_training\yolo_sppf_pose_relations_only_attention256_seed43
8,0.4369876887386542,0.8404036445576565,0.4640233360667018,0.8388729040579422,0.7810557084340285,156.4383065700531,5e-05,5e-05,50.6,9.11,11.0,1.14,38.0,16.3,0.4627450980392157,0.7173252279635258,0.5625744934445769,0.8812486817127189,0.8177725582305735,0.8483248730964467,0.9417152373022482,0.7976022566995769,0.8636884306987399,0.8023159636062862,0.9028855103940427,0.8496350364963504,pose_relations_only,attention,256,43,yolo_sppf_pose_relations_only_attention256_seed43,<RUN_ROOT>\outputs\controlled_comparison_runs\run_20260528_205727\neural_eval\yolo_sppf_pose_relations_only_attention256_seed43,<RUN_ROOT>\outputs\controlled_comparison_runs\run_20260528_205727\neural_training\yolo_sppf_pose_relations_only_attention256_seed43
9,0.4283407732003534,0.8455471735083766,0.5356181699451843,0.8108939378906638,0.7553376641499464,156.13177609443665,5e-05,5e-05,50.7,9.12,11.0,1.14,38.0,15.8,0.4204152249134948,0.7386018237082067,0.535832414553473,0.8850022862368542,0.7576825210412996,0.8164083096066647,0.9431321084864392,0.7602256699576869,0.8418586489652481,0.7482429718875502,0.924914675767918,0.8272512834743999,pose_relations_only,attention,256,43,yolo_sppf_pose_relations_only_attention256_seed43,<RUN_ROOT>\outputs\controlled_comparison_runs\run_20260528_205727\neural_eval\yolo_sppf_pose_relations_only_attention256_seed43,<RUN_ROOT>\outputs\controlled_comparison_runs\run_20260528_205727\neural_training\yolo_sppf_pose_relations_only_attention256_seed43
10,0.4202989428698269,0.8466248652885274,0.497556978710077,0.8383768230975295,0.7726106859884103,156.62479257583618,5e-05,5e-05,50.8,9.1,11.0,1.14,38.0,16.5,0.5202020202020202,0.6261398176291794,0.5682758620689655,0.8586740770146883,0.8467410452143277,0.852665812555435,0.9425925925925924,0.7179125528913963,0.8150520416333065,0.8134642356241234,0.8997828110456096,0.854449027695934,pose_relations_only,attention,256,43,yolo_sppf_pose_relations_only_attention256_seed43,<RUN_ROOT>\outputs\controlled_comparison_runs\run_20260528_205727\neural_eval\yolo_sppf_pose_relations_only_attention256_seed43,<RUN_ROOT>\outputs\controlled_comparison_runs\run_20260528_205727\neural_training\yolo_sppf_pose_relations_only_attention256_seed43
1,0.6777913530698765,0.7421867345939062,0.6300912079578709,0.7841055660283758,0.7235664251616396,147.14031410217285,5e-05,5e-05,50.7,9.13,11.0,1.14,38.0,15.5,0.4899135446685879,0.5167173252279635,0.5029585798816568,0.8407217643127646,0.738696418085731,0.7864138362158782,0.94062205466541,0.7038081805359662,0.8051633723275515,0.7080344332855093,0.9187092770710518,0.7997299122214719,pose_relations_only,attention,256,44,yolo_sppf_pose_relations_only_attention256_seed44,<RUN_ROOT>\outputs\controlled_comparison_runs\run_20260528_205727\neural_eval\yolo_sppf_pose_relations_only_attention256_seed44,<RUN_ROOT>\outputs\controlled_comparison_runs\run_20260528_205727\neural_training\yolo_sppf_pose_relations_only_attention256_seed44
2,0.5387738893293195,0.8083668070931713,0.4952739598120503,0.8456196051195555,0.7563519011747315,155.44240641593933,5e-05,5e-05,50.5,9.15,11.0,1.14,38.0,15.6,0.6044444444444445,0.4133738601823708,0.4909747292418773,0.8147441457068517,0.9193579956938736,0.8638955306235055,0.9397031539888684,0.7143864598025388,0.811698717948718,0.8890733975423447,0.8305926155755508,0.8588386268848252,pose_relations_only,attention,256,44,yolo_sppf_pose_relations_only_attention256_seed44,<RUN_ROOT>\outputs\controlled_comparison_runs\run_20260528_205727\neural_eval\yolo_sppf_pose_relations_only_attention256_seed44,<RUN_ROOT>\outputs\controlled_comparison_runs\run_20260528_205727\neural_training\yolo_sppf_pose_relations_only_attention256_seed44
3,0.5163212574749811,0.8153228176741452,0.4721553339948138,0.8440321460462348,0.7703709768534841,156.4019103050232,5e-05,5e-05,51.0,9.18,4.0,1.14,38.0,15.0,0.5189504373177842,0.541033434650456,0.5297619047619048,0.8437972768532527,0.8733607359561558,0.858324516687506,0.9309153713298792,0.7602256699576869,0.8369565217391305,0.8477203647416414,0.8653428482780019,0.8564409642253954,pose_relations_only,attention,256,44,yolo_sppf_pose_relations_only_attention256_seed44,<RUN_ROOT>\outputs\controlled_comparison_runs\run_20260528_205727\neural_eval\yolo_sppf_pose_relations_only_attention256_seed44,<RUN_ROOT>\outputs\controlled_comparison_runs\run_20260528_205727\neural_training\yolo_sppf_pose_relations_only_attention256_seed44
4,0.4926171961582052,0.825413931615558,0.5542566951867821,0.8122829645798194,0.7585088899816713,151.2405412197113,5e-05,5e-05,51.5,9.35,11.0,1.14,37.0,11.1,0.525,0.574468085106383,0.548621190130624,0.8674167218177807,0.7696222352710902,0.8155984235635761,0.9304857621440537,0.7834978843441467,0.8506891271056661,0.7402304609218436,0.916847657461992,0.8191268191268192,pose_relations_only,attention,256,44,yolo_sppf_pose_relations_only_attention256_seed44,<RUN_ROOT>\outputs\controlled_comparison_runs\run_20260528_205727\neural_eval\yolo_sppf_pose_relations_only_attention256_seed44,<RUN_ROOT>\outputs\controlled_comparison_runs\run_20260528_205727\neural_training\yolo_sppf_pose_relations_only_attention256_seed44
5,0.472615206322186,0.8269814832957774,0.4581243458151307,0.8486953070741144,0.7757563373874207,163.05490946769714,5e-05,5e-05,55.4,10.79,15.0,1.51,38.0,12.9,0.428849902534113,0.668693009118541,0.5225653206650831,0.8559143894515574,0.8766881972988844,0.8661767549796944,0.931438127090301,0.7856135401974612,0.8523335883703137,0.8737647433854001,0.8504498914055229,0.8619496855345914,pose_relations_only,attention,256,44,yolo_sppf_pose_relations_only_attention256_seed44,<RUN_ROOT>\outputs\controlled_comparison_runs\run_20260528_205727\neural_eval\yolo_sppf_pose_relations_only_attention256_seed44,<RUN_ROOT>\outputs\controlled_comparison_runs\run_20260528_205727\neural_training\yolo_sppf_pose_relations_only_attention256_seed44
6,0.4562077443801497,0.8317821103164494,0.4446095765775276,0.8495882528028574,0.7814766683962335,157.5655860900879,5e-05,5e-05,53.6,10.83,28.0,1.43,37.0,13.1,0.4459724950884086,0.6899696048632219,0.5417661097852029,0.8688946015424165,0.8600508905852418,0.864450127877238,0.9247751430907604,0.7976022566995769,0.8564937523665279,0.8544072948328267,0.8721687868445548,0.8631966835559651,pose_relations_only,attention,256,44,yolo_sppf_pose_relations_only_attention256_seed44,<RUN_ROOT>\outputs\controlled_comparison_runs\run_20260528_205727\neural_eval\yolo_sppf_pose_relations_only_attention256_seed44,<RUN_ROOT>\outputs\controlled_comparison_runs\run_20260528_205727\neural_training\yolo_sppf_pose_relations_only_attention256_seed44
7,0.4456480891840841,0.8395218967375331,0.4204226239508624,0.854052981446572,0.7874310446939319,154.37660717964172,5e-05,5e-05,53.0,11.0,29.0,1.49,37.0,15.3,0.4827586206896552,0.6808510638297872,0.5649432534678436,0.8519490254872564,0.8898023096496379,0.8704643370033509,0.9377664109121908,0.7757404795486601,0.8490930142802007,0.8815196394075981,0.8495190816009929,0.8652235740243325,pose_relations_only,attention,256,44,yolo_sppf_pose_relations_only_attention256_seed44,<RUN_ROOT>\outputs\controlled_comparison_runs\run_20260528_205727\neural_eval\yolo_sppf_pose_relations_only_attention256_seed44,<RUN_ROOT>\outputs\controlled_comparison_runs\run_20260528_205727\neural_training\yolo_sppf_pose_relations_only_attention256_seed44
8,0.4271316156054038,0.8475555990986577,0.4425491739527344,0.8509772794920131,0.7859603823835462,155.2068305015564,5e-05,5e-05,52.9,11.1,32.0,1.7,38.0,19.6,0.5975232198142415,0.5866261398176292,0.5920245398773006,0.8386563876651982,0.8943041691133294,0.8655868144359193,0.9491682070240296,0.7242595204513399,0.8216,0.8642281463112214,0.8650325783431585,0.8646301752209645,pose_relations_only,attention,256,44,yolo_sppf_pose_relations_only_attention256_seed44,<RUN_ROOT>\outputs\controlled_comparison_runs\run_20260528_205727\neural_eval\yolo_sppf_pose_relations_only_attention256_seed44,<RUN_ROOT>\outputs\controlled_comparison_runs\run_20260528_205727\neural_training\yolo_sppf_pose_relations_only_attention256_seed44
9,0.4247388964968508,0.8480454589987264,0.4488090300299633,0.8429407679333267,0.7747120052297163,153.13377285003662,5e-05,5e-05,53.9,11.24,18.0,1.69,38.0,11.7,0.3990147783251231,0.7386018237082067,0.5181236673773988,0.8847839699436444,0.829712272460364,0.8563636363636363,0.9182539682539682,0.8159379407616361,0.8640776699029127,0.8356244515940333,0.8864412038473471,0.8602830472749171,pose_relations_only,attention,256,44,yolo_sppf_pose_relations_only_attention256_seed44,<RUN_ROOT>\outputs\controlled_comparison_runs\run_20260528_205727\neural_eval\yolo_sppf_pose_relations_only_attention256_seed44,<RUN_ROOT>\outputs\controlled_comparison_runs\run_20260528_205727\neural_training\yolo_sppf_pose_relations_only_attention256_seed44
10,0.4211536027129073,0.8466248652885274,0.5191785415179939,0.8286536362734398,0.7607471248724172,153.05668568611145,5e-05,5e-05,52.8,11.3,14.0,1.73,37.0,9.4,0.508235294117647,0.6565349544072948,0.572944297082228,0.8444488034523342,0.8426306517909571,0.8435387479180955,0.9582027168234064,0.6466854724964739,0.7722105263157895,0.8096693525979439,0.904126590133416,0.8542949281735562,pose_relations_only,attention,256,44,yolo_sppf_pose_relations_only_attention256_seed44,<RUN_ROOT>\outputs\controlled_comparison_runs\run_20260528_205727\neural_eval\yolo_sppf_pose_relations_only_attention256_seed44,<RUN_ROOT>\outputs\controlled_comparison_runs\run_20260528_205727\neural_training\yolo_sppf_pose_relations_only_attention256_seed44
1,0.6575891846574866,0.7541393161555795,0.4730518224657447,0.8461156860799682,0.7610472997206208,163.71441674232483,5e-05,5e-05,52.5,10.9,28.0,1.54,38.0,17.2,0.5778688524590164,0.4285714285714285,0.4921465968586387,0.8292374412721358,0.8982188295165394,0.8623508409283097,0.93205574912892,0.7545839210155149,0.8339828526890102,0.8652077386615922,0.8464163822525598,0.8557089084065245,pose_relations_only,attention,512,42,yolo_sppf_pose_relations_only_attention512_seed42,<RUN_ROOT>\outputs\controlled_comparison_runs\run_20260528_205727\neural_eval\yolo_sppf_pose_relations_only_attention512_seed42,<RUN_ROOT>\outputs\controlled_comparison_runs\run_20260528_205727\neural_training\yolo_sppf_pose_relations_only_attention512_seed42
2,0.5157762365123741,0.8096404428333497,0.4614644498085706,0.8445282270066475,0.7666265300180756,163.87475633621216,5e-05,5e-05,51.7,9.28,20.0,1.25,38.0,13.1,0.4043392504930966,0.6231003039513677,0.4904306220095694,0.8529694407072843,0.8686631434723038,0.8607447633824671,0.9238329238329238,0.7954866008462623,0.8548692686623721,0.8707115628970775,0.8504498914055229,0.8604614660178935,pose_relations_only,attention,512,42,yolo_sppf_pose_relations_only_attention512_seed42,<RUN_ROOT>\outputs\controlled_comparison_runs\run_20260528_205727\neural_eval\yolo_sppf_pose_relations_only_attention512_seed42,<RUN_ROOT>\outputs\controlled_comparison_runs\run_20260528_205727\neural_training\yolo_sppf_pose_relations_only_attention512_seed42
3,0.4886924406764649,0.8261977074556677,0.5445556930311132,0.8235936104772299,0.7427548925587035,165.7263867855072,5e-05,5e-05,51.6,9.26,19.0,1.25,38.0,14.3,0.5451807228915663,0.5501519756838906,0.5476550680786686,0.8080662585523947,0.8784497944803288,0.8417893650942512,0.9649122807017544,0.581805359661495,0.7259128904531456,0.8409227082085081,0.8709277071051815,0.8556622466087487,pose_relations_only,attention,512,42,yolo_sppf_pose_relations_only_attention512_seed42,<RUN_ROOT>\outputs\controlled_comparison_runs\run_20260528_205727\neural_eval\yolo_sppf_pose_relations_only_attention512_seed42,<RUN_ROOT>\outputs\controlled_comparison_runs\run_20260528_205727\neural_training\yolo_sppf_pose_relations_only_attention512_seed42
4,0.4686027536939444,0.8280591750759283,0.4867071475081574,0.8372854449846215,0.7617135960541689,162.81262612342834,5e-05,5e-05,51.1,8.83,18.0,1.25,38.0,13.1,0.4149908592321755,0.6899696048632219,0.5182648401826484,0.8484965304548959,0.8616167547465258,0.8550063125182091,0.9605009633911368,0.7031029619181947,0.8118892508143323,0.8508771929824561,0.8727893267142414,0.8616939807014857,pose_relations_only,attention,512,42,yolo_sppf_pose_relations_only_attention512_seed42,<RUN_ROOT>\outputs\controlled_comparison_runs\run_20260528_205727\neural_eval\yolo_sppf_pose_relations_only_attention512_seed42,<RUN_ROOT>\outputs\controlled_comparison_runs\run_20260528_205727\neural_training\yolo_sppf_pose_relations_only_attention512_seed42
5,0.4462276584553448,0.8395218967375331,0.5451132786410329,0.8157555313027086,0.7251976502875114,161.4833562374115,5e-05,5e-05,50.7,8.83,17.0,1.25,38.0,14.3,0.2687950566426365,0.7933130699088146,0.4015384615384616,0.858700040371417,0.8326482677627716,0.8454735168438836,0.958835341365462,0.6734837799717912,0.7912178956089478,0.8714376187460418,0.8538628606887992,0.8625607271587524,pose_relations_only,attention,512,42,yolo_sppf_pose_relations_only_attention512_seed42,<RUN_ROOT>\outputs\controlled_comparison_runs\run_20260528_205727\neural_eval\yolo_sppf_pose_relations_only_attention512_seed42,<RUN_ROOT>\outputs\controlled_comparison_runs\run_20260528_205727\neural_training\yolo_sppf_pose_relations_only_attention512_seed42
6,0.4357448953224293,0.8406975604976976,0.446715864479599,0.8520686576049211,0.787500611655588,161.87389850616455,5e-05,5e-05,51.0,8.67,17.0,1.25,39.0,16.6,0.4400715563506261,0.7477203647416414,0.5540540540540541,0.8687943262411347,0.8631826189078098,0.865979381443299,0.9278768233387358,0.807475317348378,0.8634992458521871,0.8682242990654205,0.8647223084083152,0.8664697652728119,pose_relations_only,attention,512,42,yolo_sppf_pose_relations_only_attention512_seed42,<RUN_ROOT>\outputs\controlled_comparison_runs\run_20260528_205727\neural_eval\yolo_sppf_pose_relations_only_attention512_seed42,<RUN_ROOT>\outputs\controlled_comparison_runs\run_20260528_205727\neural_training\yolo_sppf_pose_relations_only_attention512_seed42
7,0.4157175186519339,0.8488782208288429,0.5698096029244231,0.7930350233158051,0.7470372237168756,160.86407804489136,5e-05,5e-05,50.6,8.67,18.0,1.25,39.0,16.2,0.4619883040935672,0.7203647416413373,0.5629453681710214,0.9166038683747804,0.7142297905656684,0.8028602860286029,0.9153122326775022,0.7545839210155149,0.8272129880170082,0.6877264492753623,0.9422897921191437,0.7951302526508705,pose_relations_only,attention,512,42,yolo_sppf_pose_relations_only_attention512_seed42,<RUN_ROOT>\outputs\controlled_comparison_runs\run_20260528_205727\neural_eval\yolo_sppf_pose_relations_only_attention512_seed42,<RUN_ROOT>\outputs\controlled_comparison_runs\run_20260528_205727\neural_training\yolo_sppf_pose_relations_only_attention512_seed42
8,0.4145639306853954,0.8488782208288429,0.5640901843997805,0.8126798293481496,0.7304906071793532,161.1411416530609,5e-05,5e-05,50.7,8.68,17.0,1.25,40.0,18.2,0.3770491803278688,0.7689969604863222,0.5059999999999999,0.8602593126157646,0.8181640242708945,0.8386837881219905,0.9576659038901602,0.5902679830747531,0.7303664921465968,0.7948299319727891,0.9062984796773192,0.8469121484488257,pose_relations_only,attention,512,42,yolo_sppf_pose_relations_only_attention512_seed42,<RUN_ROOT>\outputs\controlled_comparison_runs\run_20260528_205727\neural_eval\yolo_sppf_pose_relations_only_attention512_seed42,<RUN_ROOT>\outputs\controlled_comparison_runs\run_20260528_205727\neural_training\yolo_sppf_pose_relations_only_attention512_seed42
9,0.3993635367088277,0.850935632409131,0.4979069710992339,0.817640638952277,0.7545316477048579,161.17030215263367,5e-05,5e-05,50.6,8.65,17.0,1.25,40.0,17.2,0.3587994542974079,0.7993920972644377,0.4952919020715631,0.9170430235322082,0.7551379917792131,0.82825246887076,0.9052466718872356,0.8152327221438646,0.8578849721706864,0.7674779906784049,0.9196400868755816,0.836697247706422,pose_relations_only,attention,512,42,yolo_sppf_pose_relations_only_attention512_seed42,<RUN_ROOT>\outputs\controlled_comparison_runs\run_20260528_205727\neural_eval\yolo_sppf_pose_relations_only_attention512_seed42,<RUN_ROOT>\outputs\controlled_comparison_runs\run_20260528_205727\neural_training\yolo_sppf_pose_relations_only_attention512_seed42
10,0.3970975740608353,0.8558832173998236,0.4450317220565574,0.8413533088600059,0.7874310574826306,160.93495059013367,5e-05,5e-05,50.7,8.65,17.0,1.25,41.0,16.5,0.4553264604810996,0.8054711246200608,0.5817782656421515,0.8938148788927336,0.808964572323351,0.8492756601253467,0.8921568627450981,0.8342736248236954,0.8622448979591838,0.817310403157598,0.8994725411107664,0.8564254062038406,pose_relations_only,attention,512,42,yolo_sppf_pose_relations_only_attention512_seed42,<RUN_ROOT>\outputs\controlled_comparison_runs\run_20260528_205727\neural_eval\yolo_sppf_pose_relations_only_attention512_seed42,<RUN_ROOT>\outputs\controlled_comparison_runs\run_20260528_205727\neural_training\yolo_sppf_pose_relations_only_attention512_seed42
1,0.6419723927799531,0.7582541393161556,0.5474752422530732,0.8099017759698383,0.7384593022163275,159.6061770915985,5e-05,5e-05,50.7,8.7,17.0,1.25,41.0,19.7,0.3667820069204152,0.6443768996960486,0.4674751929437706,0.8960150907804763,0.7437854766099041,0.8128342245989305,0.7734706238643246,0.9005641748942173,0.8321928967090257,0.7963424771404821,0.8917157927396835,0.8413348946135831,pose_relations_only,attention,512,43,yolo_sppf_pose_relations_only_attention512_seed43,<RUN_ROOT>\outputs\controlled_comparison_runs\run_20260528_205727\neural_eval\yolo_sppf_pose_relations_only_attention512_seed43,<RUN_ROOT>\outputs\controlled_comparison_runs\run_20260528_205727\neural_training\yolo_sppf_pose_relations_only_attention512_seed43
2,0.5198804673893511,0.8093465268933085,0.502904750951515,0.8294473658101003,0.7567146712052917,161.19334530830383,5e-05,5e-05,50.5,8.72,18.0,1.25,41.0,18.9,0.3658940397350993,0.6717325227963525,0.4737406216505895,0.872493139117585,0.808964572323351,0.8395287426366037,0.9041731066460588,0.8251057827926658,0.8628318584070797,0.8234610917537747,0.8799255352156377,0.8507574621268936,pose_relations_only,attention,512,43,yolo_sppf_pose_relations_only_attention512_seed43,<RUN_ROOT>\outputs\controlled_comparison_runs\run_20260528_205727\neural_eval\yolo_sppf_pose_relations_only_attention512_seed43,<RUN_ROOT>\outputs\controlled_comparison_runs\run_20260528_205727\neural_training\yolo_sppf_pose_relations_only_attention512_seed43
3,0.484742335922619,0.8214460664250024,0.4622595130156869,0.8456196051195555,0.7722805551523714,161.08814811706543,5e-05,5e-05,50.6,8.71,17.0,1.25,41.0,17.4,0.4738041002277904,0.6322188449848024,0.5416666666666666,0.8309833694866233,0.8997846936778234,0.864016539798891,0.9467401285583104,0.7270803949224259,0.8224970083765456,0.8900298111957602,0.8336953149239839,0.8609420057673822,pose_relations_only,attention,512,43,yolo_sppf_pose_relations_only_attention512_seed43,<RUN_ROOT>\outputs\controlled_comparison_runs\run_20260528_205727\neural_eval\yolo_sppf_pose_relations_only_attention512_seed43,<RUN_ROOT>\outputs\controlled_comparison_runs\run_20260528_205727\neural_training\yolo_sppf_pose_relations_only_attention512_seed43
4,0.4609499240913034,0.8317331243264426,0.4285871077724825,0.8479015775374541,0.7858562928207069,160.8421928882599,5e-05,5e-05,50.6,8.7,17.0,1.25,41.0,19.4,0.4556213017751479,0.7021276595744681,0.5526315789473684,0.8848396501457726,0.8316696026619691,0.8574311371203713,0.8883211678832117,0.8582510578279267,0.8730272596843616,0.8379411764705882,0.8839590443686007,0.8603351955307262,pose_relations_only,attention,512,43,yolo_sppf_pose_relations_only_attention512_seed43,<RUN_ROOT>\outputs\controlled_comparison_runs\run_20260528_205727\neural_eval\yolo_sppf_pose_relations_only_attention512_seed43,<RUN_ROOT>\outputs\controlled_comparison_runs\run_20260528_205727\neural_training\yolo_sppf_pose_relations_only_attention512_seed43
5,0.4464461758621854,0.8389830508474576,0.4368042613577378,0.8465125508482985,0.7748954164702834,161.46876001358032,5e-05,5e-05,50.6,8.7,17.0,1.25,41.0,19.5,0.3933333333333333,0.7173252279635258,0.5080731969860065,0.8866943866943867,0.8348013309845371,0.8599657223510435,0.9184481393507522,0.8180535966149506,0.8653487504662439,0.8429242513211979,0.8907849829351536,0.8661939960778398,pose_relations_only,attention,512,43,yolo_sppf_pose_relations_only_attention512_seed43,<RUN_ROOT>\outputs\controlled_comparison_runs\run_20260528_205727\neural_eval\yolo_sppf_pose_relations_only_attention512_seed43,<RUN_ROOT>\outputs\controlled_comparison_runs\run_20260528_205727\neural_training\yolo_sppf_pose_relations_only_attention512_seed43
6,0.4322346519988299,0.8434897619280886,0.4951411996271446,0.8318285544200814,0.7549502039835377,161.34784245491028,5e-05,5e-05,50.6,8.71,18.0,1.25,41.0,17.8,0.3435828877005347,0.7811550151975684,0.4772516248839369,0.8744051313883716,0.8271677431982776,0.8501307583987124,0.944995491433724,0.7390691114245416,0.8294420261179263,0.8418412511065211,0.8852001241079739,0.8629764065335754,pose_relations_only,attention,512,43,yolo_sppf_pose_relations_only_attention512_seed43,<RUN_ROOT>\outputs\controlled_comparison_runs\run_20260528_205727\neural_eval\yolo_sppf_pose_relations_only_attention512_seed43,<RUN_ROOT>\outputs\controlled_comparison_runs\run_20260528_205727\neural_training\yolo_sppf_pose_relations_only_attention512_seed43
7,0.4240313665620212,0.8434897619280886,0.4209844113692516,0.8481992261137018,0.7824396328777423,161.0165638923645,5e-05,5e-05,50.6,8.7,18.0,1.25,42.0,17.0,0.4357142857142857,0.7416413373860182,0.5489313835770528,0.875656035526847,0.8490898414562537,0.8621683394613932,0.9215044971381848,0.7947813822284908,0.8534645967436578,0.8497905445840814,0.8811666149550108,0.8651942117288652,pose_relations_only,attention,512,43,yolo_sppf_pose_relations_only_attention512_seed43,<RUN_ROOT>\outputs\controlled_comparison_runs\run_20260528_205727\neural_eval\yolo_sppf_pose_relations_only_attention512_seed43,<RUN_ROOT>\outputs\controlled_comparison_runs\run_20260528_205727\neural_training\yolo_sppf_pose_relations_only_attention512_seed43
8,0.4102838142427578,0.8527481140393848,0.4371050051929954,0.8418493898204187,0.7864197363042403,161.2933852672577,5e-05,5e-05,50.6,8.7,17.0,1.25,42.0,19.0,0.4342105263157895,0.8024316109422492,0.5635005336179296,0.9014951627088832,0.8025053826580544,0.8491249870560215,0.900593471810089,0.8561354019746121,0.8778018799710773,0.8131468531468532,0.9019547005895128,0.855251544571933,pose_relations_only,attention,512,43,yolo_sppf_pose_relations_only_attention512_seed43,<RUN_ROOT>\outputs\controlled_comparison_runs\run_20260528_205727\neural_eval\yolo_sppf_pose_relations_only_attention512_seed43,<RUN_ROOT>\outputs\controlled_comparison_runs\run_20260528_205727\neural_training\yolo_sppf_pose_relations_only_attention512_seed43
9,0.4038857980061988,0.8519153522092682,0.5974085422354013,0.7660482190693522,0.7372656335067602,161.44733214378357,5e-05,5e-05,50.6,8.7,17.0,1.25,41.0,17.1,0.4619565217391304,0.7750759878419453,0.5788876276958003,0.8991346673877771,0.6508122920336661,0.755081185420688,0.9275979557069848,0.7679830747531735,0.8402777777777778,0.6556390977443609,0.9469438411417932,0.7748159431327749,pose_relations_only,attention,512,43,yolo_sppf_pose_relations_only_attention512_seed43,<RUN_ROOT>\outputs\controlled_comparison_runs\run_20260528_205727\neural_eval\yolo_sppf_pose_relations_only_attention512_seed43,<RUN_ROOT>\outputs\controlled_comparison_runs\run_20260528_205727\neural_training\yolo_sppf_pose_relations_only_attention512_seed43
10,0.3969281179053843,0.8536298618595082,0.4720831274047437,0.8378807421371168,0.7695994986605537,160.88498401641846,5e-05,5e-05,50.7,8.73,18.0,1.25,41.0,18.0,0.4143094841930116,0.756838905775076,0.535483870967742,0.8822180529497603,0.8283421413192406,0.8544316575812638,0.928509154315606,0.7510578279266573,0.8304093567251463,0.8203169213355971,0.8994725411107664,0.8580731093680627,pose_relations_only,attention,512,43,yolo_sppf_pose_relations_only_attention512_seed43,<RUN_ROOT>\outputs\controlled_comparison_runs\run_20260528_205727\neural_eval\yolo_sppf_pose_relations_only_attention512_seed43,<RUN_ROOT>\outputs\controlled_comparison_runs\run_20260528_205727\neural_training\yolo_sppf_pose_relations_only_attention512_seed43
1,0.6364209566755822,0.7628588223768002,0.7195207747236256,0.7547375731719417,0.6866023584624198,159.14018940925598,5e-05,5e-05,50.7,8.69,17.0,1.25,41.0,18.4,0.2932628797886393,0.6747720364741642,0.4088397790055249,0.8524549716259561,0.6762575846545312,0.7542021392709015,0.9448818897637796,0.6770098730606487,0.7888249794576827,0.6983305901716436,0.9215017064846416,0.7945425361155699,pose_relations_only,attention,512,44,yolo_sppf_pose_relations_only_attention512_seed44,<RUN_ROOT>\outputs\controlled_comparison_runs\run_20260528_205727\neural_eval\yolo_sppf_pose_relations_only_attention512_seed44,<RUN_ROOT>\outputs\controlled_comparison_runs\run_20260528_205727\neural_training\yolo_sppf_pose_relations_only_attention512_seed44
2,0.5159903889095708,0.8144900558440286,0.4785685751100241,0.8421470383966664,0.7648678191639808,161.56141257286072,5e-05,5e-05,50.5,8.72,17.0,1.25,42.0,18.5,0.4809160305343511,0.574468085106383,0.5235457063711911,0.825750764251034,0.898806028577021,0.8607310215557638,0.9421487603305784,0.7235543018335684,0.8185081771041084,0.8830698287220027,0.831833695314924,0.8566863716248602,pose_relations_only,attention,512,44,yolo_sppf_pose_relations_only_attention512_seed44,<RUN_ROOT>\outputs\controlled_comparison_runs\run_20260528_205727\neural_eval\yolo_sppf_pose_relations_only_attention512_seed44,<RUN_ROOT>\outputs\controlled_comparison_runs\run_20260528_205727\neural_training\yolo_sppf_pose_relations_only_attention512_seed44
3,0.4899606235926755,0.824336239835407,0.4704519201285346,0.8315309058438337,0.7557921308967515,162.20252442359924,5e-05,5e-05,50.6,8.71,17.0,1.25,42.0,19.0,0.3221216041397154,0.756838905775076,0.4519056261343013,0.8709677419354839,0.8244274809160306,0.8470588235294118,0.9053846153846152,0.8300423131170663,0.8660779985283297,0.8652996845425868,0.8510704312752094,0.8581260753949632,pose_relations_only,attention,512,44,yolo_sppf_pose_relations_only_attention512_seed44,<RUN_ROOT>\outputs\controlled_comparison_runs\run_20260528_205727\neural_eval\yolo_sppf_pose_relations_only_attention512_seed44,<RUN_ROOT>\outputs\controlled_comparison_runs\run_20260528_205727\neural_training\yolo_sppf_pose_relations_only_attention512_seed44
4,0.4647233363147533,0.8333986479866758,0.595836541742929,0.794820914773291,0.7337463607472028,161.69130897521973,5e-05,5e-05,50.6,8.71,17.0,1.25,42.0,19.5,0.3735909822866344,0.7051671732522796,0.4884210526315789,0.8766963032288254,0.7334116265413976,0.7986784610465737,0.9442946990116802,0.7411847672778561,0.8305017779533781,0.7322525178088921,0.924914675767918,0.8173841513572799,pose_relations_only,attention,512,44,yolo_sppf_pose_relations_only_attention512_seed44,<RUN_ROOT>\outputs\controlled_comparison_runs\run_20260528_205727\neural_eval\yolo_sppf_pose_relations_only_attention512_seed44,<RUN_ROOT>\outputs\controlled_comparison_runs\run_20260528_205727\neural_training\yolo_sppf_pose_relations_only_attention512_seed44
5,0.4520644457356823,0.8355540315469776,0.5012217753109456,0.8225022323643219,0.7435278891615174,161.25058388710022,5e-05,5e-05,50.6,8.71,17.0,1.25,41.0,16.7,0.2766599597585513,0.8358662613981763,0.4157218442932728,0.8770370370370371,0.8111176355451165,0.8427903193003865,0.929225645295587,0.7870239774330042,0.852233676975945,0.8721114276669832,0.8547936704933292,0.8633657160764651,pose_relations_only,attention,512,44,yolo_sppf_pose_relations_only_attention512_seed44,<RUN_ROOT>\outputs\controlled_comparison_runs\run_20260528_205727\neural_eval\yolo_sppf_pose_relations_only_attention512_seed44,<RUN_ROOT>\outputs\controlled_comparison_runs\run_20260528_205727\neural_training\yolo_sppf_pose_relations_only_attention512_seed44
6,0.4340059232159421,0.8414813363378074,0.4567889019781317,0.8358964182954658,0.7629700734678032,161.58058047294617,5e-05,5e-05,50.7,8.71,17.0,1.25,41.0,18.3,0.3457943925233644,0.7872340425531915,0.4805194805194805,0.8874734607218684,0.8181640242708945,0.8514105306039311,0.9180064308681672,0.8053596614950634,0.8580015026296017,0.8424170616113744,0.8824076946943841,0.8619487801181998,pose_relations_only,attention,512,44,yolo_sppf_pose_relations_only_attention512_seed44,<RUN_ROOT>\outputs\controlled_comparison_runs\run_20260528_205727\neural_eval\yolo_sppf_pose_relations_only_attention512_seed44,<RUN_ROOT>\outputs\controlled_comparison_runs\run_20260528_205727\neural_training\yolo_sppf_pose_relations_only_attention512_seed44
7,0.4238549588324041,0.8460370334084452,0.4378873613271271,0.8438337136620696,0.7747105595967766,161.97157216072085,5e-05,5e-05,50.6,8.71,17.0,1.25,41.0,18.0,0.4153094462540717,0.7750759878419453,0.5408271474019088,0.8578621223857474,0.8670972793110198,0.8624549790713522,0.9287576020851434,0.7538787023977433,0.8322304398598677,0.8733333333333333,0.853552590753956,0.8633296720539777,pose_relations_only,attention,512,44,yolo_sppf_pose_relations_only_attention512_seed44,<RUN_ROOT>\outputs\controlled_comparison_runs\run_20260528_205727\neural_eval\yolo_sppf_pose_relations_only_attention512_seed44,<RUN_ROOT>\outputs\controlled_comparison_runs\run_20260528_205727\neural_training\yolo_sppf_pose_relations_only_attention512_seed44
8,0.4036467516602113,0.8554913294797688,0.4319128487223116,0.8506796309157655,0.7882163887771776,161.64517402648926,5e-05,5e-05,50.6,8.81,18.0,1.25,42.0,17.2,0.5525,0.6717325227963525,0.606310013717421,0.8415149843721272,0.8958700332746135,0.8678422449753508,0.944186046511628,0.7157968970380818,0.8142799839550742,0.8723538704581358,0.856655290102389,0.8644333124608641,pose_relations_only,attention,512,44,yolo_sppf_pose_relations_only_attention512_seed44,<RUN_ROOT>\outputs\controlled_comparison_runs\run_20260528_205727\neural_eval\yolo_sppf_pose_relations_only_attention512_seed44,<RUN_ROOT>\outputs\controlled_comparison_runs\run_20260528_205727\neural_training\yolo_sppf_pose_relations_only_attention512_seed44
9,0.399667793709703,0.8530910159694327,0.473691688070447,0.833217581109237,0.7620658712204298,161.59113144874573,5e-05,5e-05,50.5,8.8,18.0,1.25,42.0,18.9,0.3572377158034528,0.817629179331307,0.4972273567467652,0.8861217539378459,0.814836562928166,0.8489854185785664,0.9152119700748128,0.7764456981664316,0.8401373521556658,0.8364963503649635,0.8889233633260937,0.8619133574007221,pose_relations_only,attention,512,44,yolo_sppf_pose_relations_only_attention512_seed44,<RUN_ROOT>\outputs\controlled_comparison_runs\run_20260528_205727\neural_eval\yolo_sppf_pose_relations_only_attention512_seed44,<RUN_ROOT>\outputs\controlled_comparison_runs\run_20260528_205727\neural_training\yolo_sppf_pose_relations_only_attention512_seed44
10,0.3960519041252968,0.8551974135397277,0.5892246359756211,0.8107947216985812,0.7401452357759066,161.2496645450592,5e-05,5e-05,50.7,8.81,17.0,1.25,42.0,17.7,0.4480286738351254,0.7598784194528876,0.5636978579481399,0.8754516471838469,0.806224310041104,0.8394130833503158,0.9533029612756264,0.5902679830747531,0.7290940766550522,0.7531742001015744,0.9202606267452684,0.8283759251501188,pose_relations_only,attention,512,44,yolo_sppf_pose_relations_only_attention512_seed44,<RUN_ROOT>\outputs\controlled_comparison_runs\run_20260528_205727\neural_eval\yolo_sppf_pose_relations_only_attention512_seed44,<RUN_ROOT>\outputs\controlled_comparison_runs\run_20260528_205727\neural_training\yolo_sppf_pose_relations_only_attention512_seed44
1,0.6533441415879887,0.7575683354560596,0.4787862495442419,0.8457188213116381,0.7668851943333268,185.7038278579712,5e-05,5e-05,50.8,8.71,39.0,1.51,46.0,22.8,0.5991902834008097,0.4498480243161094,0.5138888888888888,0.8392324888226528,0.8817772558230573,0.859979001622602,0.9281437125748504,0.7651622002820875,0.8388094317742559,0.8455235204855842,0.8644120384734719,0.8548634550475606,pose_relations_only,attention,896,42,yolo_sppf_pose_relations_only_attention896_seed42,<RUN_ROOT>\outputs\controlled_comparison_runs\run_20260528_205727\neural_eval\yolo_sppf_pose_relations_only_attention896_seed42,<RUN_ROOT>\outputs\controlled_comparison_runs\run_20260528_205727\neural_training\yolo_sppf_pose_relations_only_attention896_seed42
2,0.5025704331392404,0.8175271872244538,0.4742318549158332,0.8376823097529517,0.7627015576308803,187.40578985214236,5e-05,5e-05,50.4,8.79,39.0,1.51,48.0,22.8,0.3752039151712887,0.6990881458966566,0.4883227176220807,0.8635454181672669,0.8447837150127226,0.854061541505887,0.9349662162162162,0.7806770098730607,0.8508839354342813,0.8495736906211937,0.8656531182128452,0.8575380359612725,pose_relations_only,attention,896,42,yolo_sppf_pose_relations_only_attention896_seed42,<RUN_ROOT>\outputs\controlled_comparison_runs\run_20260528_205727\neural_eval\yolo_sppf_pose_relations_only_attention896_seed42,<RUN_ROOT>\outputs\controlled_comparison_runs\run_20260528_205727\neural_training\yolo_sppf_pose_relations_only_attention896_seed42
3,0.4787902273558851,0.8289409228960517,0.5514752599126141,0.8160531798789562,0.7355695721141431,188.01756072044373,5e-05,5e-05,50.1,8.61,39.0,1.51,49.0,22.9,0.5072815533980582,0.6352583586626139,0.5641025641025641,0.8031013342949874,0.8717948717948718,0.8360394181135616,0.9642857142857144,0.5331452750352609,0.6866485013623979,0.8408750374587953,0.8706174371703382,0.8554878048780489,pose_relations_only,attention,896,42,yolo_sppf_pose_relations_only_attention896_seed42,<RUN_ROOT>\outputs\controlled_comparison_runs\run_20260528_205727\neural_eval\yolo_sppf_pose_relations_only_attention896_seed42,<RUN_ROOT>\outputs\controlled_comparison_runs\run_20260528_205727\neural_training\yolo_sppf_pose_relations_only_attention896_seed42
4,0.4564980928345253,0.8344763397668267,0.5919992110171791,0.814366504613553,0.7323435731768604,187.82938504219052,5e-05,5e-05,50.5,8.63,39.0,1.51,49.0,22.8,0.4159132007233273,0.6990881458966566,0.5215419501133787,0.8322304398598677,0.8369543942063026,0.8345857324094855,0.9689737470167064,0.5726375176304654,0.7198581560283689,0.8140845070422535,0.8966801116971765,0.8533884541562086,pose_relations_only,attention,896,42,yolo_sppf_pose_relations_only_attention896_seed42,<RUN_ROOT>\outputs\controlled_comparison_runs\run_20260528_205727\neural_eval\yolo_sppf_pose_relations_only_attention896_seed42,<RUN_ROOT>\outputs\controlled_comparison_runs\run_20260528_205727\neural_training\yolo_sppf_pose_relations_only_attention896_seed42
5,0.4320365717535295,0.845057313608308,0.6289582598509105,0.8038495882528028,0.7044417346506766,187.475581407547,5e-05,5e-05,50.5,8.62,38.0,1.51,50.0,22.8,0.2811501597444089,0.8024316109422492,0.416403785488959,0.8501707170114481,0.8285378743394011,0.8392149088025377,0.9714640198511166,0.5521861777150917,0.7041366906474821,0.8411326378539493,0.8755817561278312,0.8580115536637275,pose_relations_only,attention,896,42,yolo_sppf_pose_relations_only_attention896_seed42,<RUN_ROOT>\outputs\controlled_comparison_runs\run_20260528_205727\neural_eval\yolo_sppf_pose_relations_only_attention896_seed42,<RUN_ROOT>\outputs\controlled_comparison_runs\run_20260528_205727\neural_training\yolo_sppf_pose_relations_only_attention896_seed42
6,0.4245756044925474,0.8447633976682669,0.4434636376421882,0.8470086318087112,0.7773048508913672,187.94720029830933,5e-05,5e-05,50.5,8.59,39.0,1.51,50.0,23.4,0.3990610328638497,0.7750759878419453,0.5268595041322314,0.8674698795180723,0.8596594245449207,0.863546991742037,0.9335576114381834,0.7827926657263752,0.8515535097813579,0.8720200752823086,0.8625504188644121,0.8672593979098425,pose_relations_only,attention,896,42,yolo_sppf_pose_relations_only_attention896_seed42,<RUN_ROOT>\outputs\controlled_comparison_runs\run_20260528_205727\neural_eval\yolo_sppf_pose_relations_only_attention896_seed42,<RUN_ROOT>\outputs\controlled_comparison_runs\run_20260528_205727\neural_training\yolo_sppf_pose_relations_only_attention896_seed42
7,0.407414054743315,0.8520623101792887,0.6759644705911226,0.7003670999107054,0.6850086071553254,188.1748185157776,5e-05,5e-05,50.4,8.59,38.0,1.51,51.0,22.8,0.4773175542406311,0.7355623100303952,0.5789473684210527,0.920265780730897,0.542180465844588,0.6823500431087572,0.9282153539381854,0.656558533145275,0.7691036761668731,0.5605324698686814,0.9668011169717654,0.7096333409246184,pose_relations_only,attention,896,42,yolo_sppf_pose_relations_only_attention896_seed42,<RUN_ROOT>\outputs\controlled_comparison_runs\run_20260528_205727\neural_eval\yolo_sppf_pose_relations_only_attention896_seed42,<RUN_ROOT>\outputs\controlled_comparison_runs\run_20260528_205727\neural_training\yolo_sppf_pose_relations_only_attention896_seed42
8,0.4046253907460672,0.8511805623591653,0.7087838887709257,0.7714058934418097,0.673766871146688,188.12097358703613,5e-05,5e-05,50.5,8.62,38.0,1.51,51.0,22.7,0.3392857142857143,0.8085106382978723,0.4779874213836478,0.8536691272253583,0.7696222352710902,0.8094698919197119,0.9649122807017544,0.426657263751763,0.5916870415647922,0.7316592811422944,0.9221222463543284,0.8159231297185998,pose_relations_only,attention,896,42,yolo_sppf_pose_relations_only_attention896_seed42,<RUN_ROOT>\outputs\controlled_comparison_runs\run_20260528_205727\neural_eval\yolo_sppf_pose_relations_only_attention896_seed42,<RUN_ROOT>\outputs\controlled_comparison_runs\run_20260528_205727\neural_training\yolo_sppf_pose_relations_only_attention896_seed42
9,0.388732258678592,0.8574017830900362,0.4623149414653502,0.8300426629625955,0.778168167627462,187.9368088245392,5e-05,5e-05,50.6,8.62,39.0,1.51,51.0,23.7,0.4403361344537815,0.7963525835866262,0.5670995670995671,0.912333179935573,0.7760814249363868,0.8387096774193549,0.9052711993888464,0.8356840620592384,0.869086908690869,0.7714808043875686,0.9165373875271486,0.8377765173000568,pose_relations_only,attention,896,42,yolo_sppf_pose_relations_only_attention896_seed42,<RUN_ROOT>\outputs\controlled_comparison_runs\run_20260528_205727\neural_eval\yolo_sppf_pose_relations_only_attention896_seed42,<RUN_ROOT>\outputs\controlled_comparison_runs\run_20260528_205727\neural_training\yolo_sppf_pose_relations_only_attention896_seed42
10,0.3898711593728221,0.858185558930146,0.4165439930251552,0.8502827661474353,0.8023059738845193,187.6032288074493,5e-05,5e-05,50.5,8.6,39.0,1.51,51.0,24.3,0.512720156555773,0.7963525835866262,0.6238095238095238,0.8919375263824398,0.8271677431982776,0.8583324870518939,0.8824817518248175,0.8526093088857546,0.8672883787661405,0.8303468208092486,0.8914055228048402,0.8597935059105193,pose_relations_only,attention,896,42,yolo_sppf_pose_relations_only_attention896_seed42,<RUN_ROOT>\outputs\controlled_comparison_runs\run_20260528_205727\neural_eval\yolo_sppf_pose_relations_only_attention896_seed42,<RUN_ROOT>\outputs\controlled_comparison_runs\run_20260528_205727\neural_training\yolo_sppf_pose_relations_only_attention896_seed42
1,0.6357429740354886,0.7641324581169785,0.5479176042835221,0.8058339120944538,0.7331114960697478,184.14442133903503,5e-05,5e-05,50.7,8.61,38.0,1.51,50.0,22.3,0.3197755960729312,0.6930091185410334,0.437619961612284,0.8950602694398487,0.7412409473478175,0.8109207708779443,0.8103225806451613,0.8857545839210155,0.8463611859838275,0.795258019525802,0.8845795842382873,0.8375440658049353,pose_relations_only,attention,896,43,yolo_sppf_pose_relations_only_attention896_seed43,<RUN_ROOT>\outputs\controlled_comparison_runs\run_20260528_205727\neural_eval\yolo_sppf_pose_relations_only_attention896_seed43,<RUN_ROOT>\outputs\controlled_comparison_runs\run_20260528_205727\neural_training\yolo_sppf_pose_relations_only_attention896_seed43
2,0.5099608690060419,0.8169393553443716,0.4970778016430106,0.8256771505109634,0.7557603985837856,186.5405433177948,5e-05,5e-05,50.4,8.66,39.0,1.51,51.0,22.7,0.3432624113475177,0.7355623100303952,0.4680851063829787,0.87941878117545,0.7936973967508318,0.8343621399176954,0.9042553191489362,0.8392101551480959,0.8705193855157279,0.8224543080939948,0.8796152652807943,0.8500749625187406,pose_relations_only,attention,896,43,yolo_sppf_pose_relations_only_attention896_seed43,<RUN_ROOT>\outputs\controlled_comparison_runs\run_20260528_205727\neural_eval\yolo_sppf_pose_relations_only_attention896_seed43,<RUN_ROOT>\outputs\controlled_comparison_runs\run_20260528_205727\neural_training\yolo_sppf_pose_relations_only_attention896_seed43
3,0.4790181361115465,0.8248260997354756,0.4336105263751325,0.8510764956840956,0.7858867757064595,186.9268543720245,5e-05,5e-05,50.4,8.66,38.0,1.51,51.0,23.2,0.5234567901234568,0.6443768996960486,0.5776566757493188,0.8310060866451844,0.908592679585046,0.8680691912108461,0.9467613132209406,0.7524682651622003,0.838506876227898,0.8973319824383654,0.8243872168786844,0.8593143596377749,pose_relations_only,attention,896,43,yolo_sppf_pose_relations_only_attention896_seed43,<RUN_ROOT>\outputs\controlled_comparison_runs\run_20260528_205727\neural_eval\yolo_sppf_pose_relations_only_attention896_seed43,<RUN_ROOT>\outputs\controlled_comparison_runs\run_20260528_205727\neural_training\yolo_sppf_pose_relations_only_attention896_seed43
4,0.4526940682073792,0.8334966199666896,0.4017661404549255,0.8590137910506995,0.8071496788953992,186.34659934043884,5e-05,5e-05,50.4,8.68,38.0,1.51,52.0,22.9,0.5664160401002506,0.6869300911854104,0.6208791208791208,0.8697865674564323,0.8694460755529457,0.8696162881754111,0.9071698113207548,0.847672778561354,0.8764126868392271,0.8583743842364532,0.8650325783431585,0.8616906196878379,pose_relations_only,attention,896,43,yolo_sppf_pose_relations_only_attention896_seed43,<RUN_ROOT>\outputs\controlled_comparison_runs\run_20260528_205727\neural_eval\yolo_sppf_pose_relations_only_attention896_seed43,<RUN_ROOT>\outputs\controlled_comparison_runs\run_20260528_205727\neural_training\yolo_sppf_pose_relations_only_attention896_seed43
5,0.4377368506055827,0.8409914764377389,0.4618753246267766,0.8384760392896121,0.7668708461372895,186.9376392364502,5e-05,5e-05,50.4,8.69,39.0,1.51,52.0,22.9,0.3894230769230769,0.7386018237082067,0.5099685204616998,0.8854385228703315,0.8259933450773146,0.8546835443037976,0.940207972270364,0.7651622002820875,0.8437013996889581,0.8212164073550212,0.9007136208501396,0.8591299200947025,pose_relations_only,attention,896,43,yolo_sppf_pose_relations_only_attention896_seed43,<RUN_ROOT>\outputs\controlled_comparison_runs\run_20260528_205727\neural_eval\yolo_sppf_pose_relations_only_attention896_seed43,<RUN_ROOT>\outputs\controlled_comparison_runs\run_20260528_205727\neural_training\yolo_sppf_pose_relations_only_attention896_seed43
6,0.4231853786225322,0.8455471735083766,0.4473353333656661,0.8444290108145649,0.7788365979967464,187.5977787971497,5e-05,5e-05,50.7,8.81,39.0,1.51,52.0,23.1,0.417910447761194,0.7659574468085106,0.5407725321888411,0.8809866392600205,0.8389117244079076,0.8594345297774213,0.9310058187863676,0.7898448519040903,0.8546356352537199,0.8371478873239436,0.8852001241079739,0.8605036947670034,pose_relations_only,attention,896,43,yolo_sppf_pose_relations_only_attention896_seed43,<RUN_ROOT>\outputs\controlled_comparison_runs\run_20260528_205727\neural_eval\yolo_sppf_pose_relations_only_attention896_seed43,<RUN_ROOT>\outputs\controlled_comparison_runs\run_20260528_205727\neural_training\yolo_sppf_pose_relations_only_attention896_seed43
7,0.4156616860197792,0.8477025570686784,0.444100276696577,0.8448258755828951,0.7825453257483667,187.07937335968015,5e-05,5e-05,50.5,8.77,38.0,1.51,51.0,23.4,0.4510869565217391,0.756838905775076,0.5652667423382519,0.8791343405471621,0.8428263848111176,0.860597581692815,0.9329940627650553,0.7757404795486601,0.8471313053523296,0.8289855072463768,0.8873720136518771,0.8571856736100704,pose_relations_only,attention,896,43,yolo_sppf_pose_relations_only_attention896_seed43,<RUN_ROOT>\outputs\controlled_comparison_runs\run_20260528_205727\neural_eval\yolo_sppf_pose_relations_only_attention896_seed43,<RUN_ROOT>\outputs\controlled_comparison_runs\run_20260528_205727\neural_training\yolo_sppf_pose_relations_only_attention896_seed43
8,0.4010647964652125,0.8541197217595767,0.4607717000420153,0.8350034725667229,0.7817124032099615,187.5885136127472,5e-05,5e-05,50.7,8.83,38.0,1.51,51.0,22.6,0.4553571428571428,0.7750759878419453,0.5736782902137233,0.8973283285493486,0.7954589939322764,0.8433284913882548,0.9203187250996016,0.814527503526093,0.8641975308641976,0.7876840696117805,0.9128141483090288,0.8456453003736706,pose_relations_only,attention,896,43,yolo_sppf_pose_relations_only_attention896_seed43,<RUN_ROOT>\outputs\controlled_comparison_runs\run_20260528_205727\neural_eval\yolo_sppf_pose_relations_only_attention896_seed43,<RUN_ROOT>\outputs\controlled_comparison_runs\run_20260528_205727\neural_training\yolo_sppf_pose_relations_only_attention896_seed43
9,0.395783694573389,0.8562261193298717,0.6334480193607854,0.7333068756821113,0.7255546709837382,187.26192259788516,5e-05,5e-05,50.6,8.79,38.0,1.51,50.0,22.7,0.5048732943469786,0.7872340425531915,0.6152019002375297,0.9051139864448552,0.5750636132315522,0.7032914422501496,0.9213389121338912,0.7764456981664316,0.8427095292766935,0.6035121951219512,0.9596649084703692,0.7410158121705797,pose_relations_only,attention,896,43,yolo_sppf_pose_relations_only_attention896_seed43,<RUN_ROOT>\outputs\controlled_comparison_runs\run_20260528_205727\neural_eval\yolo_sppf_pose_relations_only_attention896_seed43,<RUN_ROOT>\outputs\controlled_comparison_runs\run_20260528_205727\neural_training\yolo_sppf_pose_relations_only_attention896_seed43
10,0.3868261885093554,0.8569609091799745,0.4853118469574809,0.8337136620696498,0.7796771021805391,186.77478122711184,5e-05,5e-05,50.5,8.79,38.0,1.51,50.0,23.4,0.5084745762711864,0.729483282674772,0.5992509363295879,0.8793322062552832,0.8144450968878449,0.8456457677065338,0.9273840769903762,0.7475317348377997,0.827801639984381,0.7883172561629154,0.9128141483090288,0.8460100647016535,pose_relations_only,attention,896,43,yolo_sppf_pose_relations_only_attention896_seed43,<RUN_ROOT>\outputs\controlled_comparison_runs\run_20260528_205727\neural_eval\yolo_sppf_pose_relations_only_attention896_seed43,<RUN_ROOT>\outputs\controlled_comparison_runs\run_20260528_205727\neural_training\yolo_sppf_pose_relations_only_attention896_seed43
1,0.6259400076218253,0.771578328598021,0.706370636341654,0.7767635678142673,0.6973966384831054,185.323344707489,5e-05,5e-05,50.6,8.72,39.0,1.51,49.0,22.5,0.2577873254564984,0.729483282674772,0.380952380952381,0.8624941833410888,0.7255823057349775,0.7881364941001382,0.9508357915437562,0.6819464033850494,0.7942505133470226,0.7605009131228803,0.9044368600682594,0.8262471655328798,pose_relations_only,attention,896,44,yolo_sppf_pose_relations_only_attention896_seed44,<RUN_ROOT>\outputs\controlled_comparison_runs\run_20260528_205727\neural_eval\yolo_sppf_pose_relations_only_attention896_seed44,<RUN_ROOT>\outputs\controlled_comparison_runs\run_20260528_205727\neural_training\yolo_sppf_pose_relations_only_attention896_seed44
2,0.5091733449725522,0.8184579210345841,0.4756099889688711,0.8459172536958032,0.7711812809103191,186.93499064445496,5e-05,5e-05,50.4,8.6,39.0,1.51,50.0,23.3,0.3975903614457831,0.7021276595744681,0.5076923076923077,0.8395084372707263,0.8958700332746135,0.8667739797367673,0.9359730412805392,0.7834978843441467,0.852975047984645,0.9118572927597062,0.8088737201365188,0.8572837882275567,pose_relations_only,attention,896,44,yolo_sppf_pose_relations_only_attention896_seed44,<RUN_ROOT>\outputs\controlled_comparison_runs\run_20260528_205727\neural_eval\yolo_sppf_pose_relations_only_attention896_seed44,<RUN_ROOT>\outputs\controlled_comparison_runs\run_20260528_205727\neural_training\yolo_sppf_pose_relations_only_attention896_seed44
3,0.4812342676809962,0.8265895953757225,0.5005674058410232,0.8287528524655223,0.7536926562639791,187.1420705318451,5e-05,5e-05,50.4,8.6,40.0,1.51,51.0,22.8,0.3359477124183007,0.7811550151975684,0.4698354661791591,0.8613138686131386,0.8314738696418086,0.8461308634598147,0.93071000855432,0.767277856135402,0.8411287205257054,0.8590102707749766,0.8563450201675458,0.8576755748912369,pose_relations_only,attention,896,44,yolo_sppf_pose_relations_only_attention896_seed44,<RUN_ROOT>\outputs\controlled_comparison_runs\run_20260528_205727\neural_eval\yolo_sppf_pose_relations_only_attention896_seed44,<RUN_ROOT>\outputs\controlled_comparison_runs\run_20260528_205727\neural_training\yolo_sppf_pose_relations_only_attention896_seed44
4,0.4585273207331712,0.8358479474870187,0.7181960540069249,0.7084036114693918,0.6889559481329306,187.1452558040619,5e-05,5e-05,50.5,8.63,39.0,1.51,51.0,23.7,0.4103448275862069,0.723404255319149,0.5236523652365237,0.8771537970644544,0.5380700724212174,0.6669901734805289,0.9391534391534392,0.7510578279266573,0.834639498432602,0.5903268973427643,0.9581135587961528,0.7305417553820676,pose_relations_only,attention,896,44,yolo_sppf_pose_relations_only_attention896_seed44,<RUN_ROOT>\outputs\controlled_comparison_runs\run_20260528_205727\neural_eval\yolo_sppf_pose_relations_only_attention896_seed44,<RUN_ROOT>\outputs\controlled_comparison_runs\run_20260528_205727\neural_training\yolo_sppf_pose_relations_only_attention896_seed44
5,0.4411562522230991,0.8368766532771628,0.46103396586707,0.8342097430300625,0.7593717188278166,186.6467924118042,5e-05,5e-05,50.2,8.63,38.0,1.51,51.0,23.0,0.3200468933177022,0.8297872340425532,0.4619289340101523,0.887240356083086,0.8193384223918575,0.8519385366846444,0.916,0.807475317348378,0.85832083958021,0.8606507059545734,0.8699968973006516,0.8652985650362598,pose_relations_only,attention,896,44,yolo_sppf_pose_relations_only_attention896_seed44,<RUN_ROOT>\outputs\controlled_comparison_runs\run_20260528_205727\neural_eval\yolo_sppf_pose_relations_only_attention896_seed44,<RUN_ROOT>\outputs\controlled_comparison_runs\run_20260528_205727\neural_training\yolo_sppf_pose_relations_only_attention896_seed44
6,0.4248395212765398,0.8421181542078966,0.473636509971148,0.8325230677646592,0.767762922219462,187.727685213089,5e-05,5e-05,50.4,8.63,39.0,1.51,51.0,23.2,0.403125,0.78419452887538,0.5325077399380805,0.8865780445969125,0.809356038363672,0.8462089430062417,0.9297343616109685,0.7651622002820875,0.8394584139264991,0.8073725055432373,0.9038163201985728,0.8528765920070268,pose_relations_only,attention,896,44,yolo_sppf_pose_relations_only_attention896_seed44,<RUN_ROOT>\outputs\controlled_comparison_runs\run_20260528_205727\neural_eval\yolo_sppf_pose_relations_only_attention896_seed44,<RUN_ROOT>\outputs\controlled_comparison_runs\run_20260528_205727\neural_training\yolo_sppf_pose_relations_only_attention896_seed44
7,0.4122488768172792,0.8495150386989321,0.4623794645313099,0.8434368488937395,0.779018785870913,187.02033853530884,5e-05,5e-05,50.5,8.61,40.0,1.51,50.0,23.5,0.4389830508474576,0.7872340425531915,0.5636561479869424,0.8701585390327112,0.8486983754159326,0.8592944906856916,0.9330396475770923,0.7468265162200282,0.8296122209165686,0.8445565114209433,0.883338504498914,0.8635122838944495,pose_relations_only,attention,896,44,yolo_sppf_pose_relations_only_attention896_seed44,<RUN_ROOT>\outputs\controlled_comparison_runs\run_20260528_205727\neural_eval\yolo_sppf_pose_relations_only_attention896_seed44,<RUN_ROOT>\outputs\controlled_comparison_runs\run_20260528_205727\neural_training\yolo_sppf_pose_relations_only_attention896_seed44
8,0.3906067536011058,0.8557852454198099,0.439592563057626,0.846810199424546,0.781702002197121,187.2479693889618,5e-05,5e-05,50.5,8.62,38.0,1.51,50.0,23.1,0.5261958997722096,0.7021276595744681,0.6015625,0.8423882811051363,0.8892151105891564,0.8651685393258427,0.9427740058195926,0.685472496473907,0.7937933850551245,0.867226368159204,0.8653428482780019,0.8662835844075167,pose_relations_only,attention,896,44,yolo_sppf_pose_relations_only_attention896_seed44,<RUN_ROOT>\outputs\controlled_comparison_runs\run_20260528_205727\neural_eval\yolo_sppf_pose_relations_only_attention896_seed44,<RUN_ROOT>\outputs\controlled_comparison_runs\run_20260528_205727\neural_training\yolo_sppf_pose_relations_only_attention896_seed44
9,0.3913384539536478,0.8575977270500637,0.5241975873530176,0.8144657208056355,0.7387000451368824,187.7986524105072,5e-05,5e-05,50.4,8.64,38.0,1.51,50.0,23.5,0.2826510721247563,0.8814589665653495,0.4280442804428044,0.8985672049124404,0.7733411626541398,0.8312644645487062,0.9164556962025316,0.765867418899859,0.8344218209757973,0.8303082685105158,0.89419795221843,0.8610696145802212,pose_relations_only,attention,896,44,yolo_sppf_pose_relations_only_attention896_seed44,<RUN_ROOT>\outputs\controlled_comparison_runs\run_20260528_205727\neural_eval\yolo_sppf_pose_relations_only_attention896_seed44,<RUN_ROOT>\outputs\controlled_comparison_runs\run_20260528_205727\neural_training\yolo_sppf_pose_relations_only_attention896_seed44
10,0.3815175228982836,0.8589693347702557,0.5811899089746028,0.809306478817343,0.7464805670069427,187.66971230506897,5e-05,5e-05,50.5,8.65,39.0,1.51,50.0,22.7,0.4724264705882353,0.7811550151975684,0.5887743413516608,0.8613400972310293,0.7976120571540419,0.8282520325203252,0.9538288288288288,0.5973201692524682,0.7346053772766695,0.7604698672114403,0.923983865963388,0.8342905168791147,pose_relations_only,attention,896,44,yolo_sppf_pose_relations_only_attention896_seed44,<RUN_ROOT>\outputs\controlled_comparison_runs\run_20260528_205727\neural_eval\yolo_sppf_pose_relations_only_attention896_seed44,<RUN_ROOT>\outputs\controlled_comparison_runs\run_20260528_205727\neural_training\yolo_sppf_pose_relations_only_attention896_seed44
1,0.7814299773576678,0.6962378759674733,0.4876941124428182,0.8422462545887489,0.7617178225721911,143.63126945495603,5e-05,5e-05,50.8,9.17,9.0,1.03,40.0,14.8,0.5823754789272031,0.4620060790273556,0.5152542372881357,0.8279120479738324,0.891759639851243,0.8586505842442518,0.8951342281879194,0.7524682651622003,0.8176245210727969,0.8690361831572206,0.8420726031647533,0.8553419476835801,pose_relations_only,lstm,256,42,yolo_sppf_pose_relations_only_lstm256_seed42,<RUN_ROOT>\outputs\controlled_comparison_runs\run_20260528_205727\neural_eval\yolo_sppf_pose_relations_only_lstm256_seed42,<RUN_ROOT>\outputs\controlled_comparison_runs\run_20260528_205727\neural_training\yolo_sppf_pose_relations_only_lstm256_seed42
2,0.535433054881223,0.8077789752130891,0.5307466614555331,0.8211132056751662,0.7534007318335569,152.4301950931549,5e-05,5e-05,50.7,9.18,9.0,1.03,40.0,15.3,0.4654731457800511,0.5531914893617021,0.5055555555555555,0.866923406076166,0.7931101976903504,0.8283757538587345,0.8875968992248062,0.807475317348378,0.845642540620384,0.7779269602577873,0.8988520012410798,0.8340290772995538,pose_relations_only,lstm,256,42,yolo_sppf_pose_relations_only_lstm256_seed42,<RUN_ROOT>\outputs\controlled_comparison_runs\run_20260528_205727\neural_eval\yolo_sppf_pose_relations_only_lstm256_seed42,<RUN_ROOT>\outputs\controlled_comparison_runs\run_20260528_205727\neural_training\yolo_sppf_pose_relations_only_lstm256_seed42
3,0.5140890425193739,0.8162045654942687,0.6368306060831639,0.7866851870225221,0.7155956028656973,152.21922159194946,5e-05,5e-05,50.8,9.19,9.0,1.03,39.0,15.9,0.5382059800664452,0.4924012158054711,0.5142857142857142,0.8183889003934562,0.7735368956743003,0.7953310525256592,0.9400871459694988,0.6086036671368125,0.7388698630136987,0.7323244852393946,0.915916847657462,0.813895781637717,pose_relations_only,lstm,256,42,yolo_sppf_pose_relations_only_lstm256_seed42,<RUN_ROOT>\outputs\controlled_comparison_runs\run_20260528_205727\neural_eval\yolo_sppf_pose_relations_only_lstm256_seed42,<RUN_ROOT>\outputs\controlled_comparison_runs\run_20260528_205727\neural_training\yolo_sppf_pose_relations_only_lstm256_seed42
4,0.5028654078728166,0.8199764867247967,0.6012014742404784,0.8114892350431591,0.7466837641522855,152.93952178955078,5e-05,5e-05,50.8,9.18,9.0,1.03,39.0,15.8,0.6303501945525292,0.4924012158054711,0.552901023890785,0.8318566250503423,0.8085731062830299,0.8200496277915632,0.9345063538611924,0.6741889985895627,0.7832855387136419,0.7644142968953822,0.9090909090909092,0.8304988662131519,pose_relations_only,lstm,256,42,yolo_sppf_pose_relations_only_lstm256_seed42,<RUN_ROOT>\outputs\controlled_comparison_runs\run_20260528_205727\neural_eval\yolo_sppf_pose_relations_only_lstm256_seed42,<RUN_ROOT>\outputs\controlled_comparison_runs\run_20260528_205727\neural_training\yolo_sppf_pose_relations_only_lstm256_seed42
5,0.4784978108369631,0.8294797687861272,0.4893135376485242,0.8318285544200814,0.7449972171960126,152.47167348861694,5e-05,5e-05,50.8,9.18,9.0,1.03,39.0,15.6,0.3374233128834356,0.668693009118541,0.4485219164118246,0.8492462311557789,0.8600508905852418,0.854614412136536,0.9281867145421904,0.7291960507757405,0.8167456556082148,0.8716151640649888,0.8488985417313062,0.8601068846274755,pose_relations_only,lstm,256,42,yolo_sppf_pose_relations_only_lstm256_seed42,<RUN_ROOT>\outputs\controlled_comparison_runs\run_20260528_205727\neural_eval\yolo_sppf_pose_relations_only_lstm256_seed42,<RUN_ROOT>\outputs\controlled_comparison_runs\run_20260528_205727\neural_training\yolo_sppf_pose_relations_only_lstm256_seed42
6,0.477845118375244,0.8296757127461546,0.4992647875525383,0.8317293382279988,0.7615114638619682,153.0747697353363,5e-05,5e-05,50.8,9.18,8.0,1.03,39.0,14.4,0.4481327800829875,0.6565349544072948,0.5326757090012331,0.844679186228482,0.8451751810530437,0.8449271108502104,0.934981684981685,0.7200282087447109,0.8135458167330678,0.8334806955496611,0.8774433757368911,0.8548972188633616,pose_relations_only,lstm,256,42,yolo_sppf_pose_relations_only_lstm256_seed42,<RUN_ROOT>\outputs\controlled_comparison_runs\run_20260528_205727\neural_eval\yolo_sppf_pose_relations_only_lstm256_seed42,<RUN_ROOT>\outputs\controlled_comparison_runs\run_20260528_205727\neural_training\yolo_sppf_pose_relations_only_lstm256_seed42
7,0.4586763283541443,0.8349172136768884,0.5274612486140714,0.8247842047822205,0.7529351731337967,153.2231364250183,5e-05,5e-05,50.8,9.18,9.0,1.03,39.0,15.2,0.4493392070484581,0.6200607902735562,0.5210727969348659,0.852136925258254,0.823448815815228,0.8375472825004977,0.933085501858736,0.7080394922425952,0.8051323175621492,0.8023255813953488,0.8991622711759231,0.8479882955376737,pose_relations_only,lstm,256,42,yolo_sppf_pose_relations_only_lstm256_seed42,<RUN_ROOT>\outputs\controlled_comparison_runs\run_20260528_205727\neural_eval\yolo_sppf_pose_relations_only_lstm256_seed42,<RUN_ROOT>\outputs\controlled_comparison_runs\run_20260528_205727\neural_training\yolo_sppf_pose_relations_only_lstm256_seed42
8,0.4439996667001922,0.8414813363378074,0.5029470966463643,0.8337136620696498,0.7560545586606022,153.29172158241272,2.5e-05,2.5e-05,50.8,9.18,9.0,1.03,39.0,14.5,0.4498933901918976,0.6413373860182371,0.5288220551378446,0.8358124646959142,0.8688588764924643,0.8520153550863724,0.9451097804391216,0.6678420310296191,0.7826446280991735,0.851076736427055,0.8706174371703382,0.8607361963190185,pose_relations_only,lstm,256,42,yolo_sppf_pose_relations_only_lstm256_seed42,<RUN_ROOT>\outputs\controlled_comparison_runs\run_20260528_205727\neural_eval\yolo_sppf_pose_relations_only_lstm256_seed42,<RUN_ROOT>\outputs\controlled_comparison_runs\run_20260528_205727\neural_training\yolo_sppf_pose_relations_only_lstm256_seed42
9,0.4262217030448833,0.8412364063877731,0.5742184373485442,0.8056354797102887,0.7365758597908759,153.0885887145996,2.5e-05,2.5e-05,50.9,9.18,9.0,1.03,39.0,15.4,0.404096834264432,0.6595744680851063,0.5011547344110855,0.8575737987502693,0.7790174202387943,0.8164102564102564,0.951219512195122,0.6875881523272215,0.7981989357347524,0.760577915376677,0.9146757679180888,0.8305395126074093,pose_relations_only,lstm,256,42,yolo_sppf_pose_relations_only_lstm256_seed42,<RUN_ROOT>\outputs\controlled_comparison_runs\run_20260528_205727\neural_eval\yolo_sppf_pose_relations_only_lstm256_seed42,<RUN_ROOT>\outputs\controlled_comparison_runs\run_20260528_205727\neural_training\yolo_sppf_pose_relations_only_lstm256_seed42
10,0.4269344591678684,0.8475066131086509,0.4617237140938255,0.8349042563746404,0.7649704709346268,153.20765805244446,2.5e-05,2.5e-05,50.9,9.18,9.0,1.03,38.0,15.2,0.3828125,0.7446808510638298,0.5056759545923633,0.865833674723474,0.8273634762184381,0.8461615453908519,0.8998410174880763,0.7983074753173484,0.8460388639760837,0.8520763867838739,0.8721687868445548,0.8620055197792087,pose_relations_only,lstm,256,42,yolo_sppf_pose_relations_only_lstm256_seed42,<RUN_ROOT>\outputs\controlled_comparison_runs\run_20260528_205727\neural_eval\yolo_sppf_pose_relations_only_lstm256_seed42,<RUN_ROOT>\outputs\controlled_comparison_runs\run_20260528_205727\neural_training\yolo_sppf_pose_relations_only_lstm256_seed42
1,0.7839989219631615,0.6908004310767121,0.5001732118213401,0.836094850679631,0.7580295407408654,144.86852860450745,5e-05,5e-05,50.8,9.14,8.0,1.03,38.0,14.9,0.495575221238938,0.5106382978723404,0.5029940119760479,0.8499804151978065,0.8494813074965747,0.8497307880567794,0.8736263736263736,0.7849083215796897,0.8268945022288261,0.8351190476190476,0.8706174371703382,0.8524988607018078,pose_relations_only,lstm,256,43,yolo_sppf_pose_relations_only_lstm256_seed43,<RUN_ROOT>\outputs\controlled_comparison_runs\run_20260528_205727\neural_eval\yolo_sppf_pose_relations_only_lstm256_seed43,<RUN_ROOT>\outputs\controlled_comparison_runs\run_20260528_205727\neural_training\yolo_sppf_pose_relations_only_lstm256_seed43
2,0.543375895554229,0.7998922308219849,0.5247432295096269,0.8147633693818831,0.7480065051058248,152.95507216453552,5e-05,5e-05,50.7,9.18,8.0,1.03,38.0,15.6,0.4569377990430622,0.5805471124620061,0.5113788487282463,0.8573253833049403,0.7880211391661773,0.8212136664966854,0.8756927949326999,0.7799717912552891,0.825065274151436,0.7803889789303079,0.8963698417623333,0.8343682310469314,pose_relations_only,lstm,256,43,yolo_sppf_pose_relations_only_lstm256_seed43,<RUN_ROOT>\outputs\controlled_comparison_runs\run_20260528_205727\neural_eval\yolo_sppf_pose_relations_only_lstm256_seed43,<RUN_ROOT>\outputs\controlled_comparison_runs\run_20260528_205727\neural_training\yolo_sppf_pose_relations_only_lstm256_seed43
3,0.5229832693338862,0.8124326442637406,0.5572335805666323,0.8130766941164798,0.7378587863530067,152.69592905044556,5e-05,5e-05,50.8,9.16,8.0,1.03,39.0,14.8,0.6023166023166023,0.4741641337386018,0.5306122448979592,0.8193050193050193,0.8306909375611665,0.8249586937506074,0.9282786885245902,0.6389280677009873,0.7568922305764412,0.7884825327510917,0.8963698417623333,0.838971976187019,pose_relations_only,lstm,256,43,yolo_sppf_pose_relations_only_lstm256_seed43,<RUN_ROOT>\outputs\controlled_comparison_runs\run_20260528_205727\neural_eval\yolo_sppf_pose_relations_only_lstm256_seed43,<RUN_ROOT>\outputs\controlled_comparison_runs\run_20260528_205727\neural_training\yolo_sppf_pose_relations_only_lstm256_seed43
4,0.5014122706402946,0.817821103164495,0.5424310862108888,0.8226014485564044,0.7492956517533418,153.05597114562988,5e-05,5e-05,50.8,9.17,8.0,1.03,39.0,14.8,0.6096654275092936,0.4984802431610942,0.548494983277592,0.8237759573252048,0.8463495791740067,0.8349102143270902,0.9198019801980198,0.655148095909732,0.7652388797364085,0.8093494790199943,0.8917157927396835,0.8485385296722763,pose_relations_only,lstm,256,43,yolo_sppf_pose_relations_only_lstm256_seed43,<RUN_ROOT>\outputs\controlled_comparison_runs\run_20260528_205727\neural_eval\yolo_sppf_pose_relations_only_lstm256_seed43,<RUN_ROOT>\outputs\controlled_comparison_runs\run_20260528_205727\neural_training\yolo_sppf_pose_relations_only_lstm256_seed43
5,0.4903278884749427,0.8231605760752425,0.4908528208958044,0.8337136620696498,0.7578632968432018,152.9273064136505,5e-05,5e-05,50.8,9.17,8.0,1.03,39.0,15.5,0.4298850574712644,0.5683890577507599,0.4895287958115183,0.8688389358630646,0.8246232139361911,0.8461538461538463,0.9093117408906882,0.7919605077574048,0.8465887674330945,0.8089887640449438,0.8935774123487434,0.8491817779743476,pose_relations_only,lstm,256,43,yolo_sppf_pose_relations_only_lstm256_seed43,<RUN_ROOT>\outputs\controlled_comparison_runs\run_20260528_205727\neural_eval\yolo_sppf_pose_relations_only_lstm256_seed43,<RUN_ROOT>\outputs\controlled_comparison_runs\run_20260528_205727\neural_training\yolo_sppf_pose_relations_only_lstm256_seed43
6,0.4750581797924721,0.8314392083864015,0.5939225032142113,0.8066276416311142,0.7226766419214583,153.202645778656,5e-05,5e-05,50.9,9.17,8.0,1.03,39.0,14.8,0.5027624309392266,0.5531914893617021,0.5267727930535456,0.810109806891329,0.8375415932667841,0.8235973438552594,0.953259532595326,0.5465444287729196,0.6947557149260422,0.7990060739922694,0.8979211914365498,0.8455807158509862,pose_relations_only,lstm,256,43,yolo_sppf_pose_relations_only_lstm256_seed43,<RUN_ROOT>\outputs\controlled_comparison_runs\run_20260528_205727\neural_eval\yolo_sppf_pose_relations_only_lstm256_seed43,<RUN_ROOT>\outputs\controlled_comparison_runs\run_20260528_205727\neural_training\yolo_sppf_pose_relations_only_lstm256_seed43
7,0.4691885480698093,0.8328108161065935,0.4884685695814412,0.827959122928862,0.7621205497172825,153.19668316841123,5e-05,5e-05,50.8,9.17,8.0,1.03,39.0,14.9,0.5575757575757576,0.5592705167173252,0.5584218512898331,0.8426877470355731,0.8346055979643766,0.838627200314682,0.9225159525979946,0.7136812411847673,0.8047713717693836,0.803173719376392,0.89512876202296,0.8466617754952311,pose_relations_only,lstm,256,43,yolo_sppf_pose_relations_only_lstm256_seed43,<RUN_ROOT>\outputs\controlled_comparison_runs\run_20260528_205727\neural_eval\yolo_sppf_pose_relations_only_lstm256_seed43,<RUN_ROOT>\outputs\controlled_comparison_runs\run_20260528_205727\neural_training\yolo_sppf_pose_relations_only_lstm256_seed43
8,0.4576530774302056,0.8356520035269913,0.45968225958151,0.8380791745212819,0.780316951347282,153.0298457145691,5e-05,5e-05,50.8,9.17,8.0,1.03,39.0,16.0,0.5426997245179064,0.5987841945288754,0.5693641618497111,0.8751309448983867,0.817576825210413,0.8453754300748836,0.9057632398753894,0.8201692524682651,0.8608438193930421,0.7952992620934681,0.9028855103940427,0.8456843940714908,pose_relations_only,lstm,256,43,yolo_sppf_pose_relations_only_lstm256_seed43,<RUN_ROOT>\outputs\controlled_comparison_runs\run_20260528_205727\neural_eval\yolo_sppf_pose_relations_only_lstm256_seed43,<RUN_ROOT>\outputs\controlled_comparison_runs\run_20260528_205727\neural_training\yolo_sppf_pose_relations_only_lstm256_seed43
9,0.4435402917118048,0.8406485745076908,0.4909629098043614,0.8267685286238714,0.7665550676318709,152.97835040092468,5e-05,5e-05,50.8,9.18,8.0,1.03,38.0,15.9,0.4727668845315904,0.6595744680851063,0.5507614213197969,0.8670752324598479,0.8030925817185359,0.8338583477288893,0.9169463087248322,0.7708039492242595,0.8375478927203065,0.79004329004329,0.905988209742476,0.844052608758491,pose_relations_only,lstm,256,43,yolo_sppf_pose_relations_only_lstm256_seed43,<RUN_ROOT>\outputs\controlled_comparison_runs\run_20260528_205727\neural_eval\yolo_sppf_pose_relations_only_lstm256_seed43,<RUN_ROOT>\outputs\controlled_comparison_runs\run_20260528_205727\neural_training\yolo_sppf_pose_relations_only_lstm256_seed43
10,0.4408887205689235,0.8375624571372587,0.5079456719368445,0.8275622581605317,0.7606367097131413,153.07549214363098,5e-05,5e-05,50.8,9.17,8.0,1.03,38.0,15.5,0.5281501340482574,0.5987841945288754,0.5612535612535612,0.8421466483192451,0.8385202583675866,0.8403295409964691,0.9373795761078998,0.6861777150916785,0.7923452768729643,0.8061993856464674,0.8957493018926466,0.8486184597295708,pose_relations_only,lstm,256,43,yolo_sppf_pose_relations_only_lstm256_seed43,<RUN_ROOT>\outputs\controlled_comparison_runs\run_20260528_205727\neural_eval\yolo_sppf_pose_relations_only_lstm256_seed43,<RUN_ROOT>\outputs\controlled_comparison_runs\run_20260528_205727\neural_training\yolo_sppf_pose_relations_only_lstm256_seed43
1,0.7666368373205482,0.7078965415891055,0.6291776123120346,0.7528524655223733,0.7050767673655,143.92200446128845,5e-05,5e-05,50.8,9.16,8.0,1.03,38.0,15.1,0.410752688172043,0.5805471124620061,0.4811083123425693,0.8485844287158746,0.6570757486788021,0.7406508549365692,0.925217391304348,0.7503526093088858,0.8286604361370717,0.6601597160603372,0.9233633260937016,0.7698874660457897,pose_relations_only,lstm,256,44,yolo_sppf_pose_relations_only_lstm256_seed44,<RUN_ROOT>\outputs\controlled_comparison_runs\run_20260528_205727\neural_eval\yolo_sppf_pose_relations_only_lstm256_seed44,<RUN_ROOT>\outputs\controlled_comparison_runs\run_20260528_205727\neural_training\yolo_sppf_pose_relations_only_lstm256_seed44
2,0.5481459814879962,0.8059175075928284,0.481910235997999,0.8399642821708503,0.7601555290775079,152.31547212600708,5e-05,5e-05,50.7,9.17,8.0,1.03,38.0,15.1,0.4861111111111111,0.5319148936170213,0.5079825834542815,0.8245392121431153,0.8931297709923665,0.8574650004697923,0.9209833187006146,0.7397743300423131,0.8204927649589362,0.8795141168745896,0.8312131554452373,0.8546817674270218,pose_relations_only,lstm,256,44,yolo_sppf_pose_relations_only_lstm256_seed44,<RUN_ROOT>\outputs\controlled_comparison_runs\run_20260528_205727\neural_eval\yolo_sppf_pose_relations_only_lstm256_seed44,<RUN_ROOT>\outputs\controlled_comparison_runs\run_20260528_205727\neural_training\yolo_sppf_pose_relations_only_lstm256_seed44
3,0.5269976936304084,0.8114039384735966,0.5066694098665186,0.8314316896517512,0.7535471618512736,152.86265897750854,5e-05,5e-05,51.0,9.2,8.0,1.03,39.0,14.6,0.4865591397849462,0.5501519756838906,0.5164051355206847,0.827109783420463,0.8670972793110198,0.846631629240325,0.9221501390176088,0.7016925246826516,0.7969563476171406,0.847799511002445,0.8606887992553521,0.8541955350269438,pose_relations_only,lstm,256,44,yolo_sppf_pose_relations_only_lstm256_seed44,<RUN_ROOT>\outputs\controlled_comparison_runs\run_20260528_205727\neural_eval\yolo_sppf_pose_relations_only_lstm256_seed44,<RUN_ROOT>\outputs\controlled_comparison_runs\run_20260528_205727\neural_training\yolo_sppf_pose_relations_only_lstm256_seed44
4,0.5079466396633266,0.821250122464975,0.7170946672436825,0.7391606310149816,0.6796380652368967,152.7026183605194,5e-05,5e-05,50.8,9.19,8.0,1.03,39.0,15.4,0.5992647058823529,0.4954407294832826,0.5424292845257903,0.7800522648083623,0.7011156782149148,0.7384805690135037,0.9435695538057742,0.5070521861777151,0.6596330275229358,0.6705591735908376,0.9264660254421346,0.7780093798853569,pose_relations_only,lstm,256,44,yolo_sppf_pose_relations_only_lstm256_seed44,<RUN_ROOT>\outputs\controlled_comparison_runs\run_20260528_205727\neural_eval\yolo_sppf_pose_relations_only_lstm256_seed44,<RUN_ROOT>\outputs\controlled_comparison_runs\run_20260528_205727\neural_training\yolo_sppf_pose_relations_only_lstm256_seed44
5,0.4942507173422268,0.824385225825414,0.5000261248170679,0.8255779343188808,0.7392696315574554,152.47458386421204,5e-05,5e-05,50.8,9.17,8.0,1.03,39.0,15.6,0.3249299719887955,0.7051671732522796,0.4448705656759347,0.8348188886781718,0.8616167547465258,0.8480061645155076,0.9337068160597572,0.7052186177715092,0.8035355564483729,0.8894405825885469,0.8336953149239839,0.8606662395900064,pose_relations_only,lstm,256,44,yolo_sppf_pose_relations_only_lstm256_seed44,<RUN_ROOT>\outputs\controlled_comparison_runs\run_20260528_205727\neural_eval\yolo_sppf_pose_relations_only_lstm256_seed44,<RUN_ROOT>\outputs\controlled_comparison_runs\run_20260528_205727\neural_training\yolo_sppf_pose_relations_only_lstm256_seed44
6,0.4796678402218792,0.8260017634956403,0.5055446620457732,0.8233951780930648,0.7602795371963764,149.2724049091339,5e-05,5e-05,50.9,9.17,8.0,1.03,39.0,14.9,0.4937655860349127,0.601823708206687,0.5424657534246575,0.8565208376529131,0.8085731062830299,0.8318566250503423,0.9242819843342036,0.7489421720733427,0.8274250097389948,0.7846735024284943,0.9022649705243562,0.839370760571511,pose_relations_only,lstm,256,44,yolo_sppf_pose_relations_only_lstm256_seed44,<RUN_ROOT>\outputs\controlled_comparison_runs\run_20260528_205727\neural_eval\yolo_sppf_pose_relations_only_lstm256_seed44,<RUN_ROOT>\outputs\controlled_comparison_runs\run_20260528_205727\neural_training\yolo_sppf_pose_relations_only_lstm256_seed44
7,0.4691749081033103,0.8307044185362986,0.5039549719752922,0.8334160134934021,0.7622391211367702,153.00020909309387,5e-05,5e-05,50.8,9.17,8.0,1.03,38.0,14.3,0.5338983050847458,0.574468085106383,0.5534407027818448,0.8371870819797439,0.8575063613231552,0.8472249081415586,0.929724596391263,0.6904090267983075,0.792391744233104,0.8290200639720849,0.8845795842382873,0.8558991293905733,pose_relations_only,lstm,256,44,yolo_sppf_pose_relations_only_lstm256_seed44,<RUN_ROOT>\outputs\controlled_comparison_runs\run_20260528_205727\neural_eval\yolo_sppf_pose_relations_only_lstm256_seed44,<RUN_ROOT>\outputs\controlled_comparison_runs\run_20260528_205727\neural_training\yolo_sppf_pose_relations_only_lstm256_seed44
8,0.4474795668657437,0.8410404624277457,0.5360119733116812,0.824684988590138,0.7418984423678323,152.92664289474487,5e-05,5e-05,50.9,9.17,8.0,1.03,38.0,14.8,0.5427728613569321,0.5592705167173252,0.5508982035928144,0.8087971274685817,0.8817772558230573,0.8437119580485063,0.9505882352941176,0.5698166431593794,0.712522045855379,0.8478915662650602,0.873409866583928,0.8604615619746294,pose_relations_only,lstm,256,44,yolo_sppf_pose_relations_only_lstm256_seed44,<RUN_ROOT>\outputs\controlled_comparison_runs\run_20260528_205727\neural_eval\yolo_sppf_pose_relations_only_lstm256_seed44,<RUN_ROOT>\outputs\controlled_comparison_runs\run_20260528_205727\neural_training\yolo_sppf_pose_relations_only_lstm256_seed44
9,0.4298052597136987,0.8467228372685413,0.5237915437193661,0.8161523960710388,0.7435189094440822,152.91175627708435,2.5e-05,2.5e-05,50.8,9.17,8.0,1.03,38.0,15.0,0.3688394276629571,0.7051671732522796,0.4843423799582463,0.8665526090675791,0.7931101976903504,0.8282064384261625,0.925,0.7306064880112835,0.8163908589440505,0.7952928297755884,0.9016444306546696,0.8451359604478698,pose_relations_only,lstm,256,44,yolo_sppf_pose_relations_only_lstm256_seed44,<RUN_ROOT>\outputs\controlled_comparison_runs\run_20260528_205727\neural_eval\yolo_sppf_pose_relations_only_lstm256_seed44,<RUN_ROOT>\outputs\controlled_comparison_runs\run_20260528_205727\neural_training\yolo_sppf_pose_relations_only_lstm256_seed44
10,0.4282743558316815,0.84471441167826,0.5493978365409439,0.8135727750768925,0.7502451598763857,152.96910095214844,2.5e-05,2.5e-05,50.8,9.17,8.0,1.03,38.0,14.5,0.4826789838337182,0.6352583586626139,0.5485564304461943,0.8504166666666667,0.7989821882951654,0.823897466949238,0.9419167473378508,0.6861777150916785,0.7939616483068136,0.7699973773931288,0.910952528699969,0.8345650938032974,pose_relations_only,lstm,256,44,yolo_sppf_pose_relations_only_lstm256_seed44,<RUN_ROOT>\outputs\controlled_comparison_runs\run_20260528_205727\neural_eval\yolo_sppf_pose_relations_only_lstm256_seed44,<RUN_ROOT>\outputs\controlled_comparison_runs\run_20260528_205727\neural_training\yolo_sppf_pose_relations_only_lstm256_seed44
1,0.6900382226093622,0.7404722249436662,0.5907585458149985,0.8206171247147535,0.7296865869620106,155.4934196472168,5e-05,5e-05,50.7,9.15,13.0,1.09,39.0,17.0,0.6594594594594595,0.3708206686930091,0.4747081712062257,0.815499533146592,0.8547660990409082,0.8346712538226299,0.944041450777202,0.6424541607898449,0.7645824590851867,0.8033016228315613,0.8907849829351536,0.8447844637340003,pose_relations_only,lstm,512,42,yolo_sppf_pose_relations_only_lstm512_seed42,<RUN_ROOT>\outputs\controlled_comparison_runs\run_20260528_205727\neural_eval\yolo_sppf_pose_relations_only_lstm512_seed42,<RUN_ROOT>\outputs\controlled_comparison_runs\run_20260528_205727\neural_training\yolo_sppf_pose_relations_only_lstm512_seed42
2,0.5172426934269342,0.8149309297540903,0.5010374590309175,0.8376823097529517,0.7635211046399503,157.80610513687134,5e-05,5e-05,50.6,9.19,14.0,1.09,39.0,16.8,0.4835164835164835,0.5349544072948328,0.5079365079365079,0.8560606060606061,0.8404775885691916,0.8481975308641976,0.9138638228055784,0.7856135401974612,0.844899507015548,0.821551724137931,0.8870617437170338,0.8530508727435477,pose_relations_only,lstm,512,42,yolo_sppf_pose_relations_only_lstm512_seed42,<RUN_ROOT>\outputs\controlled_comparison_runs\run_20260528_205727\neural_eval\yolo_sppf_pose_relations_only_lstm512_seed42,<RUN_ROOT>\outputs\controlled_comparison_runs\run_20260528_205727\neural_training\yolo_sppf_pose_relations_only_lstm512_seed42
3,0.505412754255309,0.8207602625649064,0.741497944181578,0.7648576247643616,0.6567915323394184,158.581134557724,5e-05,5e-05,50.8,9.18,14.0,1.09,40.0,14.2,0.6424870466321243,0.3768996960486322,0.475095785440613,0.7602144573858384,0.8048541788999805,0.781897699182354,0.956217162872154,0.385049365303244,0.5490196078431373,0.7493599590373784,0.9081600992863792,0.8211530368915696,pose_relations_only,lstm,512,42,yolo_sppf_pose_relations_only_lstm512_seed42,<RUN_ROOT>\outputs\controlled_comparison_runs\run_20260528_205727\neural_eval\yolo_sppf_pose_relations_only_lstm512_seed42,<RUN_ROOT>\outputs\controlled_comparison_runs\run_20260528_205727\neural_training\yolo_sppf_pose_relations_only_lstm512_seed42
4,0.4937146124035867,0.8221808562751053,0.7145384800476244,0.7515626550253002,0.6925363704008349,158.7871778011322,5e-05,5e-05,50.8,9.17,14.0,1.09,40.0,14.8,0.4958217270194986,0.541033434650456,0.5174418604651162,0.8058797127468582,0.7028772753963594,0.7508625196027182,0.9643705463182898,0.5726375176304654,0.71858407079646,0.6770691994572592,0.9289481849208812,0.7832570307390452,pose_relations_only,lstm,512,42,yolo_sppf_pose_relations_only_lstm512_seed42,<RUN_ROOT>\outputs\controlled_comparison_runs\run_20260528_205727\neural_eval\yolo_sppf_pose_relations_only_lstm512_seed42,<RUN_ROOT>\outputs\controlled_comparison_runs\run_20260528_205727\neural_training\yolo_sppf_pose_relations_only_lstm512_seed42
5,0.464035600257401,0.8327128441265798,0.4759564071450205,0.8343089592221451,0.7480478196583271,158.35991668701172,5e-05,5e-05,50.8,9.17,14.0,1.09,40.0,17.5,0.3180555555555555,0.6960486322188449,0.4366062917063869,0.8528331077161091,0.8631826189078098,0.857976653696498,0.919627749576988,0.7665726375176305,0.8361538461538462,0.8925482368596142,0.8324542351846106,0.8614544870765773,pose_relations_only,lstm,512,42,yolo_sppf_pose_relations_only_lstm512_seed42,<RUN_ROOT>\outputs\controlled_comparison_runs\run_20260528_205727\neural_eval\yolo_sppf_pose_relations_only_lstm512_seed42,<RUN_ROOT>\outputs\controlled_comparison_runs\run_20260528_205727\neural_training\yolo_sppf_pose_relations_only_lstm512_seed42
6,0.4548710063275031,0.8366317233271284,0.4639659047110139,0.8417501736283362,0.7743737525754805,159.25375485420227,5e-05,5e-05,50.7,9.16,14.0,1.09,40.0,16.6,0.4213483146067415,0.6838905775075987,0.5214368482039397,0.8759305210918115,0.8291250733998825,0.8518853695324284,0.9072642967542504,0.8279266572637518,0.8657817109144543,0.8342606149341142,0.8839590443686007,0.8583910816510997,pose_relations_only,lstm,512,42,yolo_sppf_pose_relations_only_lstm512_seed42,<RUN_ROOT>\outputs\controlled_comparison_runs\run_20260528_205727\neural_eval\yolo_sppf_pose_relations_only_lstm512_seed42,<RUN_ROOT>\outputs\controlled_comparison_runs\run_20260528_205727\neural_training\yolo_sppf_pose_relations_only_lstm512_seed42
7,0.4355848170992069,0.8402077005976291,0.5389647541780187,0.8191288818335152,0.750859426270198,159.0696737766266,5e-05,5e-05,50.7,9.16,14.0,1.09,40.0,15.7,0.4210526315789473,0.6565349544072948,0.5130641330166271,0.8661584074544685,0.8005480524564494,0.8320618451836029,0.9457720588235294,0.7256699576868829,0.8212290502793296,0.777689030883919,0.9062984796773192,0.8370826766012323,pose_relations_only,lstm,512,42,yolo_sppf_pose_relations_only_lstm512_seed42,<RUN_ROOT>\outputs\controlled_comparison_runs\run_20260528_205727\neural_eval\yolo_sppf_pose_relations_only_lstm512_seed42,<RUN_ROOT>\outputs\controlled_comparison_runs\run_20260528_205727\neural_training\yolo_sppf_pose_relations_only_lstm512_seed42
8,0.427394152362028,0.845057313608308,0.6949743711796131,0.7503720607203096,0.6882568997298477,158.8506588935852,5e-05,5e-05,50.7,9.16,14.0,1.09,40.0,17.1,0.3430232558139535,0.7173252279635258,0.464110127826942,0.8465867384389528,0.6772362497553337,0.7525010874293172,0.9624724061810156,0.614950634696756,0.7504302925989673,0.6809913597089586,0.9292584548557244,0.7859860910641647,pose_relations_only,lstm,512,42,yolo_sppf_pose_relations_only_lstm512_seed42,<RUN_ROOT>\outputs\controlled_comparison_runs\run_20260528_205727\neural_eval\yolo_sppf_pose_relations_only_lstm512_seed42,<RUN_ROOT>\outputs\controlled_comparison_runs\run_20260528_205727\neural_training\yolo_sppf_pose_relations_only_lstm512_seed42
9,0.4094733936671272,0.8475555990986577,0.559311333308754,0.7932334556999703,0.7431137499600187,158.27938795089722,5e-05,5e-05,50.8,9.16,14.0,1.09,40.0,17.1,0.4444444444444444,0.6808510638297872,0.5378151260504203,0.8754414881092536,0.727735368956743,0.7947840957674219,0.9503610108303248,0.7425952045133991,0.833729216152019,0.7109004739336493,0.930809804529941,0.8061265618702136,pose_relations_only,lstm,512,42,yolo_sppf_pose_relations_only_lstm512_seed42,<RUN_ROOT>\outputs\controlled_comparison_runs\run_20260528_205727\neural_eval\yolo_sppf_pose_relations_only_lstm512_seed42,<RUN_ROOT>\outputs\controlled_comparison_runs\run_20260528_205727\neural_training\yolo_sppf_pose_relations_only_lstm512_seed42
10,0.4100863711943494,0.850935632409131,0.4401547982917345,0.8432384165095743,0.7758122067253606,159.5997133255005,5e-05,5e-05,50.8,9.17,14.0,1.09,40.0,17.1,0.3896499238964992,0.7781155015197568,0.5192697768762676,0.8686868686868687,0.8416519866901546,0.8549557610100408,0.9093041438623924,0.8201692524682651,0.8624397478680015,0.8706545568430942,0.8625504188644121,0.8665835411471322,pose_relations_only,lstm,512,42,yolo_sppf_pose_relations_only_lstm512_seed42,<RUN_ROOT>\outputs\controlled_comparison_runs\run_20260528_205727\neural_eval\yolo_sppf_pose_relations_only_lstm512_seed42,<RUN_ROOT>\outputs\controlled_comparison_runs\run_20260528_205727\neural_training\yolo_sppf_pose_relations_only_lstm512_seed42
1,0.7051224140829894,0.7301361810522191,0.4904271398582274,0.8272646095842842,0.756530662937664,156.4702959060669,5e-05,5e-05,50.8,9.14,14.0,1.09,40.0,16.3,0.4861111111111111,0.5319148936170213,0.5079825834542815,0.8714559795352803,0.8001565864161284,0.8342857142857143,0.825494205862304,0.8540197461212976,0.8395147313691508,0.8042684639146307,0.8886130933912504,0.8443396226415094,pose_relations_only,lstm,512,43,yolo_sppf_pose_relations_only_lstm512_seed43,<RUN_ROOT>\outputs\controlled_comparison_runs\run_20260528_205727\neural_eval\yolo_sppf_pose_relations_only_lstm512_seed43,<RUN_ROOT>\outputs\controlled_comparison_runs\run_20260528_205727\neural_training\yolo_sppf_pose_relations_only_lstm512_seed43
2,0.5301366653234981,0.8089546389732537,0.4849717329119494,0.8286536362734398,0.7588015843179527,158.4006748199463,5e-05,5e-05,50.6,9.17,14.0,1.09,40.0,17.7,0.4116504854368932,0.6443768996960486,0.5023696682464455,0.8627287853577371,0.8119005676257585,0.8365433094685892,0.8836671802773498,0.808885754583921,0.8446244477172313,0.8227299016772701,0.8827179646292275,0.851668911839545,pose_relations_only,lstm,512,43,yolo_sppf_pose_relations_only_lstm512_seed43,<RUN_ROOT>\outputs\controlled_comparison_runs\run_20260528_205727\neural_eval\yolo_sppf_pose_relations_only_lstm512_seed43,<RUN_ROOT>\outputs\controlled_comparison_runs\run_20260528_205727\neural_training\yolo_sppf_pose_relations_only_lstm512_seed43
3,0.5039506589637655,0.8192906828647007,0.4792839487654246,0.8439329298541522,0.7656878180245861,158.5626368522644,5e-05,5e-05,50.8,9.17,14.0,1.09,40.0,14.5,0.6296296296296297,0.4650455927051671,0.5349650349650349,0.8276112624886467,0.891759639851243,0.8584887883926889,0.9221719457013576,0.7186177715091678,0.8077685295283392,0.861128332300062,0.8619298789947254,0.861528919212281,pose_relations_only,lstm,512,43,yolo_sppf_pose_relations_only_lstm512_seed43,<RUN_ROOT>\outputs\controlled_comparison_runs\run_20260528_205727\neural_eval\yolo_sppf_pose_relations_only_lstm512_seed43,<RUN_ROOT>\outputs\controlled_comparison_runs\run_20260528_205727\neural_training\yolo_sppf_pose_relations_only_lstm512_seed43
4,0.4830785485533384,0.8237973939453316,0.5278543410334914,0.8334160134934021,0.7604720556138356,159.46243286132812,5e-05,5e-05,51.9,9.43,2.0,1.24,42.0,41.1,0.5951557093425606,0.5227963525835866,0.5566343042071197,0.8229109020475927,0.8731650029359953,0.8472934472934472,0.9230769230769232,0.6770098730606487,0.7811228641171684,0.8431961550015019,0.8709277071051815,0.8568376068376068,pose_relations_only,lstm,512,43,yolo_sppf_pose_relations_only_lstm512_seed43,<RUN_ROOT>\outputs\controlled_comparison_runs\run_20260528_205727\neural_eval\yolo_sppf_pose_relations_only_lstm512_seed43,<RUN_ROOT>\outputs\controlled_comparison_runs\run_20260528_205727\neural_training\yolo_sppf_pose_relations_only_lstm512_seed43
5,0.4644497878335673,0.8339374938767512,0.4751531511219957,0.8384760392896121,0.7650646536184427,161.2218737602234,5e-05,5e-05,53.8,10.88,21.0,1.24,40.0,15.3,0.4268041237113402,0.6291793313069909,0.5085995085995086,0.8688658114436978,0.835192797024858,0.8516966067864271,0.90056134723336,0.7919605077574048,0.8427767354596623,0.8306169965075669,0.8855103940428173,0.8571857636281724,pose_relations_only,lstm,512,43,yolo_sppf_pose_relations_only_lstm512_seed43,<RUN_ROOT>\outputs\controlled_comparison_runs\run_20260528_205727\neural_eval\yolo_sppf_pose_relations_only_lstm512_seed43,<RUN_ROOT>\outputs\controlled_comparison_runs\run_20260528_205727\neural_training\yolo_sppf_pose_relations_only_lstm512_seed43
6,0.4503400290595093,0.8370236112471833,0.4743792896787266,0.8376823097529517,0.760564614498968,175.32796573638916,5e-05,5e-05,60.0,11.13,18.0,1.24,40.0,14.6,0.3607305936073059,0.7203647416413373,0.4807302231237322,0.8493044822256569,0.8604423566255628,0.8548371414681577,0.9378774805867128,0.7665726375176305,0.843616608459449,0.8820861678004536,0.8448650325783431,0.8630744849445324,pose_relations_only,lstm,512,43,yolo_sppf_pose_relations_only_lstm512_seed43,<RUN_ROOT>\outputs\controlled_comparison_runs\run_20260528_205727\neural_eval\yolo_sppf_pose_relations_only_lstm512_seed43,<RUN_ROOT>\outputs\controlled_comparison_runs\run_20260528_205727\neural_training\yolo_sppf_pose_relations_only_lstm512_seed43
7,0.4443762696181719,0.8381013030273342,0.4471697316719367,0.846810199424546,0.7844039444597812,167.14641857147217,5e-05,5e-05,55.5,9.13,15.0,1.11,40.0,16.0,0.5392670157068062,0.6261398176291794,0.579465541490858,0.8573940222699746,0.8590722254844392,0.8582323034806414,0.9171548117154812,0.7729196050775741,0.8388825105243016,0.8406739580254212,0.8824076946943841,0.8610354223433242,pose_relations_only,lstm,512,43,yolo_sppf_pose_relations_only_lstm512_seed43,<RUN_ROOT>\outputs\controlled_comparison_runs\run_20260528_205727\neural_eval\yolo_sppf_pose_relations_only_lstm512_seed43,<RUN_ROOT>\outputs\controlled_comparison_runs\run_20260528_205727\neural_training\yolo_sppf_pose_relations_only_lstm512_seed43
8,0.4269096662573586,0.8449103556382874,0.4938203504259166,0.8205179085226709,0.7794292345039491,160.0506842136383,5e-05,5e-05,51.2,9.17,13.0,1.11,40.0,15.5,0.5595854922279793,0.6565349544072948,0.6041958041958041,0.8822337311416347,0.7668819729888432,0.820523560209424,0.9258373205741628,0.8187588152327221,0.8690119760479041,0.7441220610305153,0.9230530561588582,0.8239855975626643,pose_relations_only,lstm,512,43,yolo_sppf_pose_relations_only_lstm512_seed43,<RUN_ROOT>\outputs\controlled_comparison_runs\run_20260528_205727\neural_eval\yolo_sppf_pose_relations_only_lstm512_seed43,<RUN_ROOT>\outputs\controlled_comparison_runs\run_20260528_205727\neural_training\yolo_sppf_pose_relations_only_lstm512_seed43
9,0.4181240876716179,0.846820809248555,0.497968364296396,0.8219069352118266,0.762694703330224,160.33482217788696,5e-05,5e-05,50.9,9.17,2.0,1.11,41.0,40.8,0.4234234234234234,0.7142857142857143,0.5316742081447964,0.8773584905660378,0.7827363476218439,0.8273507810075514,0.9284525790349416,0.7870239774330042,0.8519083969465648,0.779489904357067,0.9103319888302824,0.8398454272219837,pose_relations_only,lstm,512,43,yolo_sppf_pose_relations_only_lstm512_seed43,<RUN_ROOT>\outputs\controlled_comparison_runs\run_20260528_205727\neural_eval\yolo_sppf_pose_relations_only_lstm512_seed43,<RUN_ROOT>\outputs\controlled_comparison_runs\run_20260528_205727\neural_training\yolo_sppf_pose_relations_only_lstm512_seed43
10,0.4111911196328793,0.846771823258548,0.4611240691815813,0.8353011211429705,0.769710324385207,165.36659789085388,5e-05,5e-05,56.8,11.31,4.0,1.24,42.0,23.6,0.4563492063492063,0.6990881458966566,0.5522208883553421,0.8608080808080808,0.8340183989038951,0.8472015110846008,0.929652715939448,0.7362482369534555,0.8217237308146398,0.8235294117647058,0.8948184920881167,0.8576951672862454,pose_relations_only,lstm,512,43,yolo_sppf_pose_relations_only_lstm512_seed43,<RUN_ROOT>\outputs\controlled_comparison_runs\run_20260528_205727\neural_eval\yolo_sppf_pose_relations_only_lstm512_seed43,<RUN_ROOT>\outputs\controlled_comparison_runs\run_20260528_205727\neural_training\yolo_sppf_pose_relations_only_lstm512_seed43
1,0.6774846614574938,0.7468893896345645,0.8819032007798789,0.6605814068856037,0.6118145922592455,168.94898414611816,5e-05,5e-05,58.8,9.35,18.0,1.11,40.0,11.7,0.2898351648351648,0.6413373860182371,0.3992431409649953,0.7978175204607457,0.5151693090624389,0.6260704091341579,0.948870392390012,0.5627644569816643,0.7065073041168659,0.5789675686048743,0.9360843934222772,0.7154375148209627,pose_relations_only,lstm,512,44,yolo_sppf_pose_relations_only_lstm512_seed44,<RUN_ROOT>\outputs\controlled_comparison_runs\run_20260528_205727\neural_eval\yolo_sppf_pose_relations_only_lstm512_seed44,<RUN_ROOT>\outputs\controlled_comparison_runs\run_20260528_205727\neural_training\yolo_sppf_pose_relations_only_lstm512_seed44
2,0.5292184140976974,0.8128245321837955,0.513902757011561,0.8318285544200814,0.7524490000142181,158.05434107780457,5e-05,5e-05,50.9,9.35,14.0,1.11,40.0,15.8,0.5627240143369175,0.4772036474164133,0.5164473684210527,0.8258604651162791,0.8688588764924643,0.8468141930560855,0.9252336448598132,0.6981664315937941,0.7958199356913183,0.8339791356184799,0.8681352776915917,0.850714502888416,pose_relations_only,lstm,512,44,yolo_sppf_pose_relations_only_lstm512_seed44,<RUN_ROOT>\outputs\controlled_comparison_runs\run_20260528_205727\neural_eval\yolo_sppf_pose_relations_only_lstm512_seed44,<RUN_ROOT>\outputs\controlled_comparison_runs\run_20260528_205727\neural_training\yolo_sppf_pose_relations_only_lstm512_seed44
3,0.508720647642932,0.8175271872244538,0.5567205661246257,0.8191288818335152,0.7383182058775135,159.64247584342957,5e-05,5e-05,50.8,9.34,14.0,1.11,39.0,14.6,0.4465116279069767,0.5835866261398176,0.5059288537549407,0.8211920529801324,0.8494813074965747,0.8350971714450645,0.9243951612903226,0.6466854724964739,0.7609958506224065,0.8324436536180309,0.8709277071051815,0.8512509476876422,pose_relations_only,lstm,512,44,yolo_sppf_pose_relations_only_lstm512_seed44,<RUN_ROOT>\outputs\controlled_comparison_runs\run_20260528_205727\neural_eval\yolo_sppf_pose_relations_only_lstm512_seed44,<RUN_ROOT>\outputs\controlled_comparison_runs\run_20260528_205727\neural_training\yolo_sppf_pose_relations_only_lstm512_seed44
4,0.4936776657042832,0.8227686881551877,0.7398760408044808,0.7337037404504415,0.6666488678483987,158.49569725990295,5e-05,5e-05,50.8,9.34,14.0,1.11,40.0,16.4,0.5894736842105263,0.5106382978723404,0.5472312703583061,0.7665179519864033,0.7062047367390879,0.7351263243683782,0.9427710843373494,0.4414668547249647,0.6013448607108549,0.6766900293918156,0.928637914986038,0.7828930159560555,pose_relations_only,lstm,512,44,yolo_sppf_pose_relations_only_lstm512_seed44,<RUN_ROOT>\outputs\controlled_comparison_runs\run_20260528_205727\neural_eval\yolo_sppf_pose_relations_only_lstm512_seed44,<RUN_ROOT>\outputs\controlled_comparison_runs\run_20260528_205727\neural_training\yolo_sppf_pose_relations_only_lstm512_seed44
5,0.4744753188929494,0.8320760262564907,0.4895460108433673,0.8317293382279988,0.749051964769371,158.8720622062683,5e-05,5e-05,50.9,9.32,13.0,1.11,40.0,16.9,0.3854351687388987,0.6595744680851063,0.4865470852017937,0.8349642453895371,0.8684674104521433,0.8513863570948863,0.9370829361296472,0.6932299012693935,0.7969193352249697,0.8709165873771012,0.8520012410797394,0.8613550815558343,pose_relations_only,lstm,512,44,yolo_sppf_pose_relations_only_lstm512_seed44,<RUN_ROOT>\outputs\controlled_comparison_runs\run_20260528_205727\neural_eval\yolo_sppf_pose_relations_only_lstm512_seed44,<RUN_ROOT>\outputs\controlled_comparison_runs\run_20260528_205727\neural_training\yolo_sppf_pose_relations_only_lstm512_seed44
6,0.4556021732117595,0.8346232977368473,0.5781058089316098,0.7942256176207957,0.7221559590590586,159.63371205329895,5e-05,5e-05,50.7,9.31,14.0,1.11,40.0,17.0,0.3989361702127659,0.6838905775075987,0.503919372900336,0.8337531486146096,0.7774515560775103,0.8046186569431784,0.929769392033543,0.6255289139633287,0.7478920741989883,0.7692915459573347,0.9062984796773192,0.8321937321937322,pose_relations_only,lstm,512,44,yolo_sppf_pose_relations_only_lstm512_seed44,<RUN_ROOT>\outputs\controlled_comparison_runs\run_20260528_205727\neural_eval\yolo_sppf_pose_relations_only_lstm512_seed44,<RUN_ROOT>\outputs\controlled_comparison_runs\run_20260528_205727\neural_training\yolo_sppf_pose_relations_only_lstm512_seed44
7,0.4427972596670066,0.8401097286176153,0.4850583878889059,0.8364917154479611,0.7676254699812227,159.58434891700745,5e-05,5e-05,50.8,9.31,14.0,1.11,40.0,15.9,0.5177664974619289,0.6200607902735562,0.5643153526970954,0.837473923762564,0.8643570170287728,0.8507031400500867,0.9277673545966229,0.6974612129760226,0.7962962962962963,0.8433950986252241,0.8755817561278312,0.8591870908814127,pose_relations_only,lstm,512,44,yolo_sppf_pose_relations_only_lstm512_seed44,<RUN_ROOT>\outputs\controlled_comparison_runs\run_20260528_205727\neural_eval\yolo_sppf_pose_relations_only_lstm512_seed44,<RUN_ROOT>\outputs\controlled_comparison_runs\run_20260528_205727\neural_training\yolo_sppf_pose_relations_only_lstm512_seed44
8,0.4188062658308652,0.8487802488488292,0.6170211347431639,0.8142672884214703,0.7169080021948051,159.67462515830994,5e-05,5e-05,50.7,9.31,14.0,1.11,40.0,17.5,0.5318559556786704,0.5835866261398176,0.5565217391304348,0.7796610169491526,0.909375611665688,0.8395374051319119,0.974960876369327,0.4393511988716502,0.6057365094798249,0.8801282051282051,0.8520012410797394,0.8658363550370488,pose_relations_only,lstm,512,44,yolo_sppf_pose_relations_only_lstm512_seed44,<RUN_ROOT>\outputs\controlled_comparison_runs\run_20260528_205727\neural_eval\yolo_sppf_pose_relations_only_lstm512_seed44,<RUN_ROOT>\outputs\controlled_comparison_runs\run_20260528_205727\neural_training\yolo_sppf_pose_relations_only_lstm512_seed44
9,0.415730532690836,0.8499069266189869,0.4884934366401654,0.8202202599464232,0.749739249125042,159.1701762676239,5e-05,5e-05,50.8,9.31,14.0,1.11,40.0,17.9,0.3613569321533923,0.7446808510638298,0.4865938430983118,0.8726801899007337,0.7915443335290664,0.8301344555065175,0.9059117402164862,0.767277856135402,0.8308514700267279,0.8104318564217611,0.8966801116971765,0.8513772278686109,pose_relations_only,lstm,512,44,yolo_sppf_pose_relations_only_lstm512_seed44,<RUN_ROOT>\outputs\controlled_comparison_runs\run_20260528_205727\neural_eval\yolo_sppf_pose_relations_only_lstm512_seed44,<RUN_ROOT>\outputs\controlled_comparison_runs\run_20260528_205727\neural_training\yolo_sppf_pose_relations_only_lstm512_seed44
10,0.4032795650294768,0.8499069266189869,0.5766334892376253,0.8063299930548665,0.7366665532925004,158.83813381195068,5e-05,5e-05,50.8,9.31,14.0,1.11,40.0,17.0,0.4444444444444444,0.6808510638297872,0.5378151260504203,0.8469387755102041,0.7960461929927579,0.8207042679850671,0.9689234184239732,0.6156558533145275,0.7529107373868047,0.7652376033057852,0.9193298169407385,0.8352360817477097,pose_relations_only,lstm,512,44,yolo_sppf_pose_relations_only_lstm512_seed44,<RUN_ROOT>\outputs\controlled_comparison_runs\run_20260528_205727\neural_eval\yolo_sppf_pose_relations_only_lstm512_seed44,<RUN_ROOT>\outputs\controlled_comparison_runs\run_20260528_205727\neural_training\yolo_sppf_pose_relations_only_lstm512_seed44
1,0.6774505818128399,0.7445380621142353,0.5811991777494624,0.8113900188510765,0.7382783148410613,167.236083984375,5e-05,5e-05,51.0,9.29,32.0,1.3,43.0,18.9,0.6401869158878505,0.4164133738601823,0.5046040515653775,0.8294589178356714,0.8101389704443139,0.8196851173383504,0.9411764705882352,0.6995768688293371,0.8025889967637542,0.7615807380266946,0.9028855103940427,0.8262350936967633,pose_relations_only,lstm,896,42,yolo_sppf_pose_relations_only_lstm896_seed42,<RUN_ROOT>\outputs\controlled_comparison_runs\run_20260528_205727\neural_eval\yolo_sppf_pose_relations_only_lstm896_seed42,<RUN_ROOT>\outputs\controlled_comparison_runs\run_20260528_205727\neural_training\yolo_sppf_pose_relations_only_lstm896_seed42
2,0.5208825633706391,0.8135593220338984,0.5220542301312976,0.8235936104772299,0.7571618844328183,170.567312002182,5e-05,5e-05,52.2,9.52,31.0,1.3,44.0,23.2,0.5042735042735043,0.5379939209726444,0.5205882352941176,0.8581264343834759,0.805049911920141,0.8307412643910321,0.9117889530090684,0.7799717912552891,0.8407449638920562,0.7804943578721117,0.9013341607198262,0.8365730741540676,pose_relations_only,lstm,896,42,yolo_sppf_pose_relations_only_lstm896_seed42,<RUN_ROOT>\outputs\controlled_comparison_runs\run_20260528_205727\neural_eval\yolo_sppf_pose_relations_only_lstm896_seed42,<RUN_ROOT>\outputs\controlled_comparison_runs\run_20260528_205727\neural_training\yolo_sppf_pose_relations_only_lstm896_seed42
3,0.4991868346707667,0.8218379543450574,0.6459403055679378,0.7991864272249231,0.7047273278890608,165.15405178070068,5e-05,5e-05,51.4,9.56,34.0,1.33,46.0,12.2,0.5842696629213483,0.4741641337386018,0.5234899328859061,0.7833631484794276,0.8571148952828342,0.8185811758108236,0.9464033850493652,0.4732016925246826,0.6309355900329102,0.8109877597495019,0.8839590443686007,0.8459026128266034,pose_relations_only,lstm,896,42,yolo_sppf_pose_relations_only_lstm896_seed42,<RUN_ROOT>\outputs\controlled_comparison_runs\run_20260528_205727\neural_eval\yolo_sppf_pose_relations_only_lstm896_seed42,<RUN_ROOT>\outputs\controlled_comparison_runs\run_20260528_205727\neural_training\yolo_sppf_pose_relations_only_lstm896_seed42
4,0.4771429032531091,0.826442637405702,0.6049302848067046,0.7914475642424844,0.7300241364477953,168.44764232635498,5e-05,5e-05,50.7,9.5,34.0,1.33,47.0,16.5,0.4785714285714286,0.6109422492401215,0.5367156208277704,0.8339388758281684,0.7637502446662752,0.7973028197793215,0.9426229508196722,0.6488011283497884,0.7685881370091896,0.7377622377622378,0.9165373875271486,0.8174899681748997,pose_relations_only,lstm,896,42,yolo_sppf_pose_relations_only_lstm896_seed42,<RUN_ROOT>\outputs\controlled_comparison_runs\run_20260528_205727\neural_eval\yolo_sppf_pose_relations_only_lstm896_seed42,<RUN_ROOT>\outputs\controlled_comparison_runs\run_20260528_205727\neural_training\yolo_sppf_pose_relations_only_lstm896_seed42
5,0.4452017834731217,0.8407955324777113,0.5020925025045428,0.8325230677646592,0.7488371027277735,167.44987034797668,5e-05,5e-05,50.9,9.42,33.0,1.3,48.0,21.0,0.3445635528330781,0.6838905775075987,0.4582484725050916,0.8634185303514377,0.8463495791740067,0.854798853415044,0.9396396396396396,0.735543018335684,0.8251582278481012,0.846130592503023,0.868445547626435,0.8571428571428573,pose_relations_only,lstm,896,42,yolo_sppf_pose_relations_only_lstm896_seed42,<RUN_ROOT>\outputs\controlled_comparison_runs\run_20260528_205727\neural_eval\yolo_sppf_pose_relations_only_lstm896_seed42,<RUN_ROOT>\outputs\controlled_comparison_runs\run_20260528_205727\neural_training\yolo_sppf_pose_relations_only_lstm896_seed42
6,0.438131246242824,0.8388850788674439,0.449793615638988,0.8384760392896121,0.7801873961619683,167.46542096138,5e-05,5e-05,50.6,9.38,34.0,1.3,49.0,22.9,0.4369287020109689,0.7264437689969605,0.545662100456621,0.8916213275299238,0.8019181835975729,0.8443940643033802,0.8914616497829233,0.8688293370944993,0.88,0.810970464135021,0.8945082221532733,0.8506934198878724,pose_relations_only,lstm,896,42,yolo_sppf_pose_relations_only_lstm896_seed42,<RUN_ROOT>\outputs\controlled_comparison_runs\run_20260528_205727\neural_eval\yolo_sppf_pose_relations_only_lstm896_seed42,<RUN_ROOT>\outputs\controlled_comparison_runs\run_20260528_205727\neural_training\yolo_sppf_pose_relations_only_lstm896_seed42
7,0.4172330260755593,0.847457627118644,0.5699859927772426,0.7984919138803452,0.7408379844473071,167.87340879440308,5e-05,5e-05,50.5,9.36,33.0,1.3,49.0,22.3,0.4666666666666667,0.6808510638297872,0.553770086526576,0.8516507384882711,0.7674691720493247,0.8073715638834551,0.9362119725220804,0.6727785613540197,0.7829298317603611,0.7417002012072434,0.914986037852932,0.8192804556188359,pose_relations_only,lstm,896,42,yolo_sppf_pose_relations_only_lstm896_seed42,<RUN_ROOT>\outputs\controlled_comparison_runs\run_20260528_205727\neural_eval\yolo_sppf_pose_relations_only_lstm896_seed42,<RUN_ROOT>\outputs\controlled_comparison_runs\run_20260528_205727\neural_training\yolo_sppf_pose_relations_only_lstm896_seed42
8,0.4105312308357871,0.8497109826589595,0.8596763687172262,0.6670304593709694,0.6319194137183003,233.16924929618835,5e-05,5e-05,51.4,9.39,18.0,1.3,47.0,15.4,0.3350785340314136,0.7781155015197568,0.4684354986276304,0.8180100755667506,0.5085143863769818,0.6271575135787568,0.9685230024213076,0.5641748942172073,0.7130124777183601,0.577639751552795,0.9522184300341296,0.7190721649484536,pose_relations_only,lstm,896,42,yolo_sppf_pose_relations_only_lstm896_seed42,<RUN_ROOT>\outputs\controlled_comparison_runs\run_20260528_205727\neural_eval\yolo_sppf_pose_relations_only_lstm896_seed42,<RUN_ROOT>\outputs\controlled_comparison_runs\run_20260528_205727\neural_training\yolo_sppf_pose_relations_only_lstm896_seed42
9,0.3896416169985381,0.8527971000293916,0.539908561115532,0.8157555313027086,0.7492651992528452,280.9611597061157,5e-05,5e-05,49.7,9.38,32.0,1.3,45.0,20.2,0.3943894389438944,0.7264437689969605,0.5112299465240642,0.8838238548351405,0.7817576825210413,0.8296634815122559,0.952513966480447,0.7214386459802539,0.8210272873194222,0.7644329896907216,0.9202606267452684,0.8351400816556385,pose_relations_only,lstm,896,42,yolo_sppf_pose_relations_only_lstm896_seed42,<RUN_ROOT>\outputs\controlled_comparison_runs\run_20260528_205727\neural_eval\yolo_sppf_pose_relations_only_lstm896_seed42,<RUN_ROOT>\outputs\controlled_comparison_runs\run_20260528_205727\neural_training\yolo_sppf_pose_relations_only_lstm896_seed42
10,0.3910453818434832,0.8574017830900362,0.4223616103796909,0.8514733604524258,0.7872921405015422,202.59107398986816,5e-05,5e-05,51.2,9.47,35.0,1.3,46.0,17.5,0.406441717791411,0.8054711246200608,0.5402650356778798,0.8842040312628547,0.8414562536699941,0.862300671948651,0.9074355083459787,0.843441466854725,0.8742690058479533,0.8691099476439791,0.8755817561278312,0.8723338485316847,pose_relations_only,lstm,896,42,yolo_sppf_pose_relations_only_lstm896_seed42,<RUN_ROOT>\outputs\controlled_comparison_runs\run_20260528_205727\neural_eval\yolo_sppf_pose_relations_only_lstm896_seed42,<RUN_ROOT>\outputs\controlled_comparison_runs\run_20260528_205727\neural_training\yolo_sppf_pose_relations_only_lstm896_seed42
1,0.6844042967946552,0.7400803370236112,0.5974351645820581,0.7909514832820717,0.7213237649575992,179.82437133789062,5e-05,5e-05,50.9,9.14,33.0,1.3,46.0,19.9,0.3794392523364486,0.6170212765957447,0.4699074074074074,0.8971214017521902,0.7015071442552359,0.7873462214411248,0.7015167930660888,0.9132581100141044,0.7935049019607844,0.7804482851741831,0.8966801116971765,0.8345365290210801,pose_relations_only,lstm,896,43,yolo_sppf_pose_relations_only_lstm896_seed43,<RUN_ROOT>\outputs\controlled_comparison_runs\run_20260528_205727\neural_eval\yolo_sppf_pose_relations_only_lstm896_seed43,<RUN_ROOT>\outputs\controlled_comparison_runs\run_20260528_205727\neural_training\yolo_sppf_pose_relations_only_lstm896_seed43
2,0.5318056590049338,0.8113549524835897,0.6141763898738039,0.7722988391705526,0.7299888977402114,172.90740370750427,5e-05,5e-05,50.5,9.19,33.0,1.3,47.0,20.2,0.471563981042654,0.6048632218844985,0.5299600532623169,0.861889412348128,0.6803679780779017,0.76044629183986,0.8874223602484472,0.806064880112835,0.844789356984479,0.684040590405904,0.9202606267452684,0.7847598888741896,pose_relations_only,lstm,896,43,yolo_sppf_pose_relations_only_lstm896_seed43,<RUN_ROOT>\outputs\controlled_comparison_runs\run_20260528_205727\neural_eval\yolo_sppf_pose_relations_only_lstm896_seed43,<RUN_ROOT>\outputs\controlled_comparison_runs\run_20260528_205727\neural_training\yolo_sppf_pose_relations_only_lstm896_seed43
3,0.5016117911832553,0.8182129910845498,0.4746962149882511,0.838277606905447,0.7649826792720593,170.56220698356628,5e-05,5e-05,50.6,9.18,32.0,1.3,48.0,20.4,0.521613832853026,0.5501519756838906,0.5355029585798816,0.8364459535936616,0.8678802113916618,0.8518731988472622,0.9225978647686832,0.731311706629055,0.8158929976396538,0.8457816752343513,0.8678250077567484,0.8566615620214395,pose_relations_only,lstm,896,43,yolo_sppf_pose_relations_only_lstm896_seed43,<RUN_ROOT>\outputs\controlled_comparison_runs\run_20260528_205727\neural_eval\yolo_sppf_pose_relations_only_lstm896_seed43,<RUN_ROOT>\outputs\controlled_comparison_runs\run_20260528_205727\neural_training\yolo_sppf_pose_relations_only_lstm896_seed43
4,0.4782190862254803,0.8270794552757911,0.4770655827661458,0.8437344974699871,0.7763556963361368,169.34381222724917,5e-05,5e-05,50.5,9.18,32.0,1.3,49.0,20.6,0.5764331210191083,0.5501519756838906,0.5629860031104199,0.8387824126268321,0.8737522019964769,0.8559102674719586,0.9206896551724136,0.7531734837799718,0.8285492629945694,0.8501370697532744,0.8659633881476885,0.8579772517675991,pose_relations_only,lstm,896,43,yolo_sppf_pose_relations_only_lstm896_seed43,<RUN_ROOT>\outputs\controlled_comparison_runs\run_20260528_205727\neural_eval\yolo_sppf_pose_relations_only_lstm896_seed43,<RUN_ROOT>\outputs\controlled_comparison_runs\run_20260528_205727\neural_training\yolo_sppf_pose_relations_only_lstm896_seed43
5,0.4582467501089677,0.8355050455569707,0.5355793228491195,0.8120845321956544,0.748577398935926,168.52439069747925,5e-05,5e-05,50.6,9.18,32.0,1.3,49.0,22.4,0.435244161358811,0.6231003039513677,0.5125000000000001,0.8755832037325039,0.7713838324525347,0.8201873048907388,0.9269131556319864,0.7602256699576869,0.8353351414180551,0.7507606490872211,0.9187092770710518,0.82628714943491,pose_relations_only,lstm,896,43,yolo_sppf_pose_relations_only_lstm896_seed43,<RUN_ROOT>\outputs\controlled_comparison_runs\run_20260528_205727\neural_eval\yolo_sppf_pose_relations_only_lstm896_seed43,<RUN_ROOT>\outputs\controlled_comparison_runs\run_20260528_205727\neural_training\yolo_sppf_pose_relations_only_lstm896_seed43
6,0.4391756274220665,0.8426080141079652,0.535585051761674,0.8212124218672487,0.7385007825867891,168.41184091567993,5e-05,5e-05,50.6,9.18,33.0,1.3,49.0,20.1,0.3010752688172043,0.7659574468085106,0.4322469982847342,0.8620760534429599,0.8209042865531415,0.8409865650691799,0.9593572778827976,0.7157968970380818,0.8198707592891761,0.8484483278095812,0.8737201365187713,0.860898807704066,pose_relations_only,lstm,896,43,yolo_sppf_pose_relations_only_lstm896_seed43,<RUN_ROOT>\outputs\controlled_comparison_runs\run_20260528_205727\neural_eval\yolo_sppf_pose_relations_only_lstm896_seed43,<RUN_ROOT>\outputs\controlled_comparison_runs\run_20260528_205727\neural_training\yolo_sppf_pose_relations_only_lstm896_seed43
7,0.4309750869052724,0.8439796218281571,0.4632155204650073,0.8291497172338526,0.7746694561426682,168.80418491363525,5e-05,5e-05,50.7,9.33,36.0,1.3,48.0,15.8,0.559228650137741,0.6170212765957447,0.5867052023121386,0.8639583333333334,0.811704834605598,0.8370168533656273,0.915126050420168,0.7679830747531735,0.8351226993865032,0.7831454643048846,0.9053676698727892,0.8398330695064039,pose_relations_only,lstm,896,43,yolo_sppf_pose_relations_only_lstm896_seed43,<RUN_ROOT>\outputs\controlled_comparison_runs\run_20260528_205727\neural_eval\yolo_sppf_pose_relations_only_lstm896_seed43,<RUN_ROOT>\outputs\controlled_comparison_runs\run_20260528_205727\neural_training\yolo_sppf_pose_relations_only_lstm896_seed43
8,0.4173503316541824,0.8491721367688841,0.4222031575750508,0.8473062803849588,0.8027848864581935,169.2760763168335,5e-05,5e-05,51.3,9.37,35.0,1.31,48.0,21.8,0.6242424242424243,0.6261398176291794,0.6251896813353566,0.8847450484618626,0.821882951653944,0.8521562658548959,0.9219105382865808,0.8575458392101551,0.8885641213006943,0.7923452768729642,0.9056779398076328,0.8452294773418272,pose_relations_only,lstm,896,43,yolo_sppf_pose_relations_only_lstm896_seed43,<RUN_ROOT>\outputs\controlled_comparison_runs\run_20260528_205727\neural_eval\yolo_sppf_pose_relations_only_lstm896_seed43,<RUN_ROOT>\outputs\controlled_comparison_runs\run_20260528_205727\neural_training\yolo_sppf_pose_relations_only_lstm896_seed43
9,0.4073971304283433,0.8502988145390419,0.4589428460334949,0.8275622581605317,0.7798765856009184,170.46733927726746,5e-05,5e-05,52.7,9.37,34.0,1.4,48.0,16.0,0.4877049180327868,0.723404255319149,0.5826193390452876,0.8947368421052632,0.7752984928557448,0.8307466442953021,0.9088820826952528,0.8370944992947814,0.8715124816446403,0.7659409020217729,0.916847657461992,0.8346278774184437,pose_relations_only,lstm,896,43,yolo_sppf_pose_relations_only_lstm896_seed43,<RUN_ROOT>\outputs\controlled_comparison_runs\run_20260528_205727\neural_eval\yolo_sppf_pose_relations_only_lstm896_seed43,<RUN_ROOT>\outputs\controlled_comparison_runs\run_20260528_205727\neural_training\yolo_sppf_pose_relations_only_lstm896_seed43
10,0.3988935038926179,0.851964338199275,0.5062694925266976,0.8170453417997817,0.7492420739310388,173.4046311378479,5e-05,5e-05,51.8,9.42,36.0,1.4,48.0,19.3,0.4398496240601504,0.7112462006079028,0.5435540069686411,0.8574707846410684,0.8042669798394989,0.83001716998283,0.9241245136186772,0.6699576868829337,0.776778413736713,0.7893748323048028,0.9128141483090288,0.8466187050359713,pose_relations_only,lstm,896,43,yolo_sppf_pose_relations_only_lstm896_seed43,<RUN_ROOT>\outputs\controlled_comparison_runs\run_20260528_205727\neural_eval\yolo_sppf_pose_relations_only_lstm896_seed43,<RUN_ROOT>\outputs\controlled_comparison_runs\run_20260528_205727\neural_training\yolo_sppf_pose_relations_only_lstm896_seed43
1,0.6542633837234918,0.7573234055060253,0.8570464191913959,0.6879650759003869,0.6373208688694502,167.00848650932312,5e-05,5e-05,52.6,9.42,21.0,1.4,48.0,17.9,0.3053545586107091,0.6413373860182371,0.4137254901960784,0.8106425134446645,0.560579369739675,0.6628095348299003,0.9500554938956716,0.6036671368124118,0.7382492453643813,0.6061768268066209,0.931740614334471,0.7344992050874404,pose_relations_only,lstm,896,44,yolo_sppf_pose_relations_only_lstm896_seed44,<RUN_ROOT>\outputs\controlled_comparison_runs\run_20260528_205727\neural_eval\yolo_sppf_pose_relations_only_lstm896_seed44,<RUN_ROOT>\outputs\controlled_comparison_runs\run_20260528_205727\neural_training\yolo_sppf_pose_relations_only_lstm896_seed44
2,0.532909151654235,0.8093955128833153,0.445797877435735,0.8479015775374541,0.7765287475636102,170.32733726501465,5e-05,5e-05,53.3,9.58,38.0,1.41,48.0,18.2,0.5053763440860215,0.5714285714285714,0.536376604850214,0.842203548085901,0.8827559209238599,0.8620030581039756,0.8815489749430524,0.8187588152327221,0.8489945155393053,0.885337726523888,0.8336953149239839,0.858740811760946,pose_relations_only,lstm,896,44,yolo_sppf_pose_relations_only_lstm896_seed44,<RUN_ROOT>\outputs\controlled_comparison_runs\run_20260528_205727\neural_eval\yolo_sppf_pose_relations_only_lstm896_seed44,<RUN_ROOT>\outputs\controlled_comparison_runs\run_20260528_205727\neural_training\yolo_sppf_pose_relations_only_lstm896_seed44
3,0.5037137028705737,0.8190457529146664,0.5740232668737585,0.8112908026589939,0.7313850436227285,168.82232356071472,5e-05,5e-05,52.9,9.6,37.0,1.41,49.0,10.7,0.3939393939393939,0.6322188449848024,0.4854142357059509,0.8337325349301398,0.817576825210413,0.8255756497677635,0.9334006054490414,0.652327221438646,0.7679535076795351,0.8076056338028169,0.8895439031957804,0.8465967813376644,pose_relations_only,lstm,896,44,yolo_sppf_pose_relations_only_lstm896_seed44,<RUN_ROOT>\outputs\controlled_comparison_runs\run_20260528_205727\neural_eval\yolo_sppf_pose_relations_only_lstm896_seed44,<RUN_ROOT>\outputs\controlled_comparison_runs\run_20260528_205727\neural_training\yolo_sppf_pose_relations_only_lstm896_seed44
4,0.4849631098335533,0.8273733712158323,0.8307055370994874,0.648675463835698,0.6043957399396599,293.9528524875641,5e-05,5e-05,52.6,10.44,3.0,1.76,47.0,25.2,0.5222222222222223,0.5714285714285714,0.5457184325108853,0.7196042697214267,0.541006067723625,0.6176536312849162,0.9551971326164874,0.3758815232722144,0.5394736842105263,0.5738721804511279,0.9472541110766368,0.7147372117523119,pose_relations_only,lstm,896,44,yolo_sppf_pose_relations_only_lstm896_seed44,<RUN_ROOT>\outputs\controlled_comparison_runs\run_20260528_205727\neural_eval\yolo_sppf_pose_relations_only_lstm896_seed44,<RUN_ROOT>\outputs\controlled_comparison_runs\run_20260528_205727\neural_training\yolo_sppf_pose_relations_only_lstm896_seed44
5,0.4643917119299823,0.8325169001665523,0.559263760205968,0.8114892350431591,0.7187131094292982,270.22653007507324,5e-05,5e-05,52.4,9.93,33.0,1.47,46.0,21.0,0.290763968072976,0.7750759878419453,0.4228855721393035,0.8380432664198012,0.8416519866901546,0.83984375,0.949244060475162,0.6198871650211566,0.7500000000000001,0.8728139904610492,0.8516909711448961,0.8621231155778895,pose_relations_only,lstm,896,44,yolo_sppf_pose_relations_only_lstm896_seed44,<RUN_ROOT>\outputs\controlled_comparison_runs\run_20260528_205727\neural_eval\yolo_sppf_pose_relations_only_lstm896_seed44,<RUN_ROOT>\outputs\controlled_comparison_runs\run_20260528_205727\neural_training\yolo_sppf_pose_relations_only_lstm896_seed44
6,0.4417348406262999,0.8388360928774371,0.5117237458402838,0.8108939378906638,0.7416616304833491,196.04901576042172,5e-05,5e-05,51.9,10.01,34.0,1.47,47.0,21.7,0.4041811846689895,0.7051671732522796,0.5138427464008859,0.8521867115222876,0.7933059307105108,0.8216928535225544,0.9242424242424242,0.688293370944993,0.7890056588520614,0.7885188193880314,0.9035060502637294,0.8421052631578948,pose_relations_only,lstm,896,44,yolo_sppf_pose_relations_only_lstm896_seed44,<RUN_ROOT>\outputs\controlled_comparison_runs\run_20260528_205727\neural_eval\yolo_sppf_pose_relations_only_lstm896_seed44,<RUN_ROOT>\outputs\controlled_comparison_runs\run_20260528_205727\neural_training\yolo_sppf_pose_relations_only_lstm896_seed44
7,0.4263594417999203,0.8432448319780542,0.4625912739721585,0.8375830935608691,0.7752162621299405,180.58979558944705,5e-05,5e-05,53.8,11.22,35.0,1.57,48.0,16.1,0.4932126696832579,0.662613981762918,0.5654993514915694,0.857969279872332,0.8418477197103151,0.8498320490021735,0.9214346712211784,0.7609308885754584,0.8335264580919274,0.8236316246741964,0.8824076946943841,0.8520071899340922,pose_relations_only,lstm,896,44,yolo_sppf_pose_relations_only_lstm896_seed44,<RUN_ROOT>\outputs\controlled_comparison_runs\run_20260528_205727\neural_eval\yolo_sppf_pose_relations_only_lstm896_seed44,<RUN_ROOT>\outputs\controlled_comparison_runs\run_20260528_205727\neural_training\yolo_sppf_pose_relations_only_lstm896_seed44
8,0.4019147858569591,0.8568629371999608,0.5720466860463761,0.8258755828951285,0.739532268829802,175.88708877563477,5e-05,5e-05,52.0,11.14,37.0,1.59,48.0,16.9,0.4988399071925754,0.6534954407294833,0.5657894736842106,0.7939086294416243,0.9183793305930712,0.8516199292131772,0.9696969696969696,0.5190409026798307,0.6761598530087275,0.8999664316884861,0.831833695314924,0.8645598194130926,pose_relations_only,lstm,896,44,yolo_sppf_pose_relations_only_lstm896_seed44,<RUN_ROOT>\outputs\controlled_comparison_runs\run_20260528_205727\neural_eval\yolo_sppf_pose_relations_only_lstm896_seed44,<RUN_ROOT>\outputs\controlled_comparison_runs\run_20260528_205727\neural_training\yolo_sppf_pose_relations_only_lstm896_seed44
9,0.3852219117782006,0.8581365729401391,0.4805884073718011,0.8224030161722393,0.766808968131037,170.4261565208435,2.5e-05,2.5e-05,52.8,10.85,32.0,1.6,49.0,16.2,0.4094616639477977,0.7629179331306991,0.5329087048832273,0.8989595375722543,0.7610099823840282,0.824252702989188,0.8936802973977696,0.847672778561354,0.8700687658342381,0.7766069546891464,0.9146757679180888,0.8400056988174953,pose_relations_only,lstm,896,44,yolo_sppf_pose_relations_only_lstm896_seed44,<RUN_ROOT>\outputs\controlled_comparison_runs\run_20260528_205727\neural_eval\yolo_sppf_pose_relations_only_lstm896_seed44,<RUN_ROOT>\outputs\controlled_comparison_runs\run_20260528_205727\neural_training\yolo_sppf_pose_relations_only_lstm896_seed44
10,0.3764454114534031,0.858871362790242,0.5505217453423289,0.8007738862982439,0.7495876185899285,171.69015550613403,2.5e-05,2.5e-05,51.3,10.78,34.0,1.6,49.0,16.3,0.4597701149425287,0.729483282674772,0.564042303172738,0.8681890119828171,0.7516147974163241,0.8057070919009652,0.9479659413434248,0.7066290550070522,0.8096969696969697,0.7331371106205543,0.9273968352466646,0.8189041095890413,pose_relations_only,lstm,896,44,yolo_sppf_pose_relations_only_lstm896_seed44,<RUN_ROOT>\outputs\controlled_comparison_runs\run_20260528_205727\neural_eval\yolo_sppf_pose_relations_only_lstm896_seed44,<RUN_ROOT>\outputs\controlled_comparison_runs\run_20260528_205727\neural_training\yolo_sppf_pose_relations_only_lstm896_seed44
1,0.8434411929949511,0.6455863623003821,0.6101586894043499,0.7613850580414724,0.683715963787835,338.91183280944824,5e-05,5e-05,50.4,8.67,6.0,1.2,42.0,13.5,0.5088967971530249,0.4346504559270516,0.4688524590163934,0.7766401213500189,0.8017224505774124,0.7889819897910044,0.8729674796747967,0.6057827926657263,0.7152373022481265,0.727683615819209,0.799255352156376,0.7617921040958155,visual_only,attention,256,42,yolo_sppf_visual_only_attention256_seed42,<RUN_ROOT>\outputs\controlled_comparison_runs\run_20260528_205727\neural_eval\yolo_sppf_visual_only_attention256_seed42,<RUN_ROOT>\outputs\controlled_comparison_runs\run_20260528_205727\neural_training\yolo_sppf_visual_only_attention256_seed42
2,0.587233343614166,0.7725580483981581,0.5124694577462616,0.8048417501736284,0.7474469975698378,226.62862181663516,5e-05,5e-05,50.6,8.72,13.0,1.2,41.0,15.4,0.5013262599469496,0.574468085106383,0.5354107648725213,0.8382352941176471,0.8032883147386964,0.8203898050974513,0.8187919463087249,0.8603667136812412,0.8390646492434665,0.7837756332931243,0.8063915606577723,0.7949227710659122,visual_only,attention,256,42,yolo_sppf_visual_only_attention256_seed42,<RUN_ROOT>\outputs\controlled_comparison_runs\run_20260528_205727\neural_eval\yolo_sppf_visual_only_attention256_seed42,<RUN_ROOT>\outputs\controlled_comparison_runs\run_20260528_205727\neural_training\yolo_sppf_visual_only_attention256_seed42
3,0.5428590571980771,0.7882335652003527,0.5294662175212232,0.7980950491120151,0.7326819828562137,205.42628407478333,5e-05,5e-05,50.6,8.71,13.0,1.2,40.0,16.0,0.5603715170278638,0.5501519756838906,0.5552147239263804,0.7854337736522671,0.8612252887062047,0.8215852861544206,0.9251282051282051,0.6361071932299013,0.7538654408692018,0.8055992450456119,0.7946013031337263,0.8000624804748517,visual_only,attention,256,42,yolo_sppf_visual_only_attention256_seed42,<RUN_ROOT>\outputs\controlled_comparison_runs\run_20260528_205727\neural_eval\yolo_sppf_visual_only_attention256_seed42,<RUN_ROOT>\outputs\controlled_comparison_runs\run_20260528_205727\neural_training\yolo_sppf_visual_only_attention256_seed42
4,0.5191551033337382,0.8000391887920055,0.5216225990419469,0.8067268578231968,0.7383487979634528,197.84149360656735,5e-05,5e-05,50.8,8.8,13.0,1.2,40.0,16.8,0.5773195876288659,0.5106382978723404,0.5419354838709677,0.7933632286995516,0.8657271481698963,0.8279670535380007,0.9136276391554704,0.6713681241184767,0.7739837398373983,0.816146326080101,0.8029785913744958,0.8095089146074445,visual_only,attention,256,42,yolo_sppf_visual_only_attention256_seed42,<RUN_ROOT>\outputs\controlled_comparison_runs\run_20260528_205727\neural_eval\yolo_sppf_visual_only_attention256_seed42,<RUN_ROOT>\outputs\controlled_comparison_runs\run_20260528_205727\neural_training\yolo_sppf_visual_only_attention256_seed42
5,0.4954166901020514,0.8138532379739395,0.6399414251351522,0.7385653338624864,0.6677648477141302,194.79438257217407,5e-05,5e-05,50.7,8.8,13.0,1.2,40.0,16.3,0.2765957446808511,0.7507598784194529,0.4042553191489362,0.8252984389348026,0.7036602074770014,0.7596407818277866,0.9324034334763948,0.6128349788434415,0.7395744680851064,0.7011287839917907,0.8479677319267763,0.7675888217946918,visual_only,attention,256,42,yolo_sppf_visual_only_attention256_seed42,<RUN_ROOT>\outputs\controlled_comparison_runs\run_20260528_205727\neural_eval\yolo_sppf_visual_only_attention256_seed42,<RUN_ROOT>\outputs\controlled_comparison_runs\run_20260528_205727\neural_training\yolo_sppf_visual_only_attention256_seed42
6,0.500524561081467,0.8094934848633291,0.4910967340752009,0.8156563151106261,0.7680186778443409,193.77715826034543,5e-05,5e-05,50.8,8.81,13.0,1.2,39.0,16.6,0.5310173697270472,0.6504559270516718,0.5846994535519126,0.8408080808080808,0.8146408299080055,0.8275176458892534,0.8791291291291291,0.8258110014104373,0.8516363636363636,0.7878609310548026,0.8296618057710208,0.8082212482998337,visual_only,attention,256,42,yolo_sppf_visual_only_attention256_seed42,<RUN_ROOT>\outputs\controlled_comparison_runs\run_20260528_205727\neural_eval\yolo_sppf_visual_only_attention256_seed42,<RUN_ROOT>\outputs\controlled_comparison_runs\run_20260528_205727\neural_training\yolo_sppf_visual_only_attention256_seed42
7,0.4764900491587514,0.8188987949446458,0.542344065522036,0.7848000793729537,0.7273171750045034,193.31857562065125,5e-05,5e-05,50.7,8.81,13.0,1.2,39.0,16.3,0.405,0.7386018237082067,0.5231431646932185,0.829242710299979,0.7737326286944608,0.8005265289590927,0.906764168190128,0.6995768688293371,0.7898089171974523,0.7523493642896628,0.8445547626434998,0.7957900891682503,visual_only,attention,256,42,yolo_sppf_visual_only_attention256_seed42,<RUN_ROOT>\outputs\controlled_comparison_runs\run_20260528_205727\neural_eval\yolo_sppf_visual_only_attention256_seed42,<RUN_ROOT>\outputs\controlled_comparison_runs\run_20260528_205727\neural_training\yolo_sppf_visual_only_attention256_seed42
8,0.4742545088443636,0.8179680611345155,0.5805807534546134,0.773092568707213,0.7013893579740298,192.91127681732175,5e-05,5e-05,50.7,8.8,13.0,1.2,39.0,16.4,0.3838862559241706,0.7386018237082067,0.5051975051975053,0.8002380480063479,0.7895870033274613,0.7948768472906403,0.9262672811059908,0.5669957686882934,0.7034120734908137,0.7664687588351711,0.8411417933602234,0.8020710059171597,visual_only,attention,256,42,yolo_sppf_visual_only_attention256_seed42,<RUN_ROOT>\outputs\controlled_comparison_runs\run_20260528_205727\neural_eval\yolo_sppf_visual_only_attention256_seed42,<RUN_ROOT>\outputs\controlled_comparison_runs\run_20260528_205727\neural_training\yolo_sppf_visual_only_attention256_seed42
9,0.4630989618424244,0.8242872538454002,0.6067896875360655,0.7498759797598968,0.710019583315931,192.6895282268524,5e-05,5e-05,50.7,8.65,13.0,1.2,39.0,16.6,0.4353741496598639,0.7781155015197568,0.5583424209378408,0.8957983193277311,0.6259541984732825,0.7369512616660906,0.6257471264367817,0.959802538787024,0.75758419148344,0.7322477309129738,0.8510704312752094,0.7872004591763524,visual_only,attention,256,42,yolo_sppf_visual_only_attention256_seed42,<RUN_ROOT>\outputs\controlled_comparison_runs\run_20260528_205727\neural_eval\yolo_sppf_visual_only_attention256_seed42,<RUN_ROOT>\outputs\controlled_comparison_runs\run_20260528_205727\neural_training\yolo_sppf_visual_only_attention256_seed42
10,0.4620361799245764,0.8239933379053591,0.4588918873899808,0.8235936104772299,0.7839893583137049,192.70396614074707,5e-05,5e-05,50.7,8.64,13.0,1.2,39.0,15.5,0.6858108108108109,0.6170212765957447,0.6496000000000001,0.8526466380543634,0.8165981601096105,0.8342331533693261,0.7587006960556845,0.922425952045134,0.8325907065563336,0.8269109286165508,0.8122866894197952,0.8195335733291594,visual_only,attention,256,42,yolo_sppf_visual_only_attention256_seed42,<RUN_ROOT>\outputs\controlled_comparison_runs\run_20260528_205727\neural_eval\yolo_sppf_visual_only_attention256_seed42,<RUN_ROOT>\outputs\controlled_comparison_runs\run_20260528_205727\neural_training\yolo_sppf_visual_only_attention256_seed42
1,0.8499802350647584,0.6443127265602038,0.6346221391259441,0.7407480900883024,0.6770834104219972,182.9107129573822,5e-05,5e-05,51.0,8.69,13.0,1.2,39.0,15.7,0.3403846153846154,0.5379939209726444,0.4169611307420495,0.8290454436162539,0.6748874535134077,0.7440656020716444,0.7888501742160279,0.7983074753173484,0.7935506484402383,0.6832282471626734,0.8405212534905367,0.7537562604340569,visual_only,attention,256,43,yolo_sppf_visual_only_attention256_seed43,<RUN_ROOT>\outputs\controlled_comparison_runs\run_20260528_205727\neural_eval\yolo_sppf_visual_only_attention256_seed43,<RUN_ROOT>\outputs\controlled_comparison_runs\run_20260528_205727\neural_training\yolo_sppf_visual_only_attention256_seed43
2,0.5821838534691117,0.776085039678652,0.5588392942463831,0.7813275126500645,0.7272468457177615,188.75055813789368,5e-05,5e-05,50.7,8.71,13.0,1.2,39.0,15.3,0.6147540983606558,0.4559270516717325,0.5235602094240839,0.813871635610766,0.7694265022509297,0.7910252540497033,0.8785197103781175,0.770098730606488,0.8207440811724915,0.7182349813928761,0.8383493639466336,0.7736578382247673,visual_only,attention,256,43,yolo_sppf_visual_only_attention256_seed43,<RUN_ROOT>\outputs\controlled_comparison_runs\run_20260528_205727\neural_eval\yolo_sppf_visual_only_attention256_seed43,<RUN_ROOT>\outputs\controlled_comparison_runs\run_20260528_205727\neural_training\yolo_sppf_visual_only_attention256_seed43
3,0.5465590848841451,0.7883315371803664,0.4971161674235075,0.8110923702748288,0.753681527425774,193.34208607673645,5e-05,5e-05,50.7,8.7,14.0,1.2,39.0,15.8,0.6708333333333333,0.4893617021276595,0.5659050966608083,0.7907675981605943,0.8751223331376004,0.8308092539254854,0.8706896551724138,0.7834978843441467,0.8247958426132145,0.8360261258164318,0.7545764815389389,0.7932159165035878,visual_only,attention,256,43,yolo_sppf_visual_only_attention256_seed43,<RUN_ROOT>\outputs\controlled_comparison_runs\run_20260528_205727\neural_eval\yolo_sppf_visual_only_attention256_seed43,<RUN_ROOT>\outputs\controlled_comparison_runs\run_20260528_205727\neural_training\yolo_sppf_visual_only_attention256_seed43
4,0.513318458128265,0.8015087684922112,0.4971085991119108,0.8169461256076992,0.7582356540440378,193.1049039363861,5e-05,5e-05,50.6,8.69,13.0,1.2,39.0,16.2,0.6627906976744186,0.5197568389057751,0.5826235093696763,0.7898663890334895,0.8909767077706009,0.8373804267844003,0.8788638262322472,0.7418899858956276,0.8045889101338431,0.859489688919958,0.7629537697797083,0.8083497698882314,visual_only,attention,256,43,yolo_sppf_visual_only_attention256_seed43,<RUN_ROOT>\outputs\controlled_comparison_runs\run_20260528_205727\neural_eval\yolo_sppf_visual_only_attention256_seed43,<RUN_ROOT>\outputs\controlled_comparison_runs\run_20260528_205727\neural_training\yolo_sppf_visual_only_attention256_seed43
5,0.5012144702880827,0.8065543254629176,0.550530743431152,0.7754737573171941,0.7438340890826193,193.35814666748047,5e-05,5e-05,50.7,8.7,12.0,1.2,39.0,15.5,0.6323024054982818,0.5592705167173252,0.5935483870967743,0.8444546709618039,0.718340183989039,0.7763088313061872,0.8794435857805255,0.8025387870239774,0.8392330383480826,0.6808100289296046,0.8762022959975179,0.766246099579433,visual_only,attention,256,43,yolo_sppf_visual_only_attention256_seed43,<RUN_ROOT>\outputs\controlled_comparison_runs\run_20260528_205727\neural_eval\yolo_sppf_visual_only_attention256_seed43,<RUN_ROOT>\outputs\controlled_comparison_runs\run_20260528_205727\neural_training\yolo_sppf_visual_only_attention256_seed43
6,0.4859784698890387,0.8158126775742138,0.4772748834453523,0.8217085028276615,0.7684973189324784,193.24890279769895,5e-05,5e-05,50.8,8.69,12.0,1.2,38.0,16.2,0.5726744186046512,0.5987841945288754,0.5854383358098069,0.8274014542671259,0.8463495791740067,0.8367682631833575,0.8591654247391952,0.81311706629055,0.8355072463768115,0.8234922639722134,0.8091839900713621,0.8162754303599374,visual_only,attention,256,43,yolo_sppf_visual_only_attention256_seed43,<RUN_ROOT>\outputs\controlled_comparison_runs\run_20260528_205727\neural_eval\yolo_sppf_visual_only_attention256_seed43,<RUN_ROOT>\outputs\controlled_comparison_runs\run_20260528_205727\neural_training\yolo_sppf_visual_only_attention256_seed43
7,0.4810752063861181,0.8199275007347898,0.4920040545452918,0.8137712074610577,0.754896078882655,193.06694054603577,5e-05,5e-05,50.6,8.69,13.0,1.2,38.0,16.6,0.5060240963855421,0.6382978723404256,0.5645161290322581,0.8182848507744617,0.8479154433352907,0.832836681726425,0.905511811023622,0.729901269393512,0.8082780163998436,0.8134490238611713,0.8144585789636984,0.813953488372093,visual_only,attention,256,43,yolo_sppf_visual_only_attention256_seed43,<RUN_ROOT>\outputs\controlled_comparison_runs\run_20260528_205727\neural_eval\yolo_sppf_visual_only_attention256_seed43,<RUN_ROOT>\outputs\controlled_comparison_runs\run_20260528_205727\neural_training\yolo_sppf_visual_only_attention256_seed43
8,0.4740953299400855,0.8192906828647007,0.5007605379011245,0.8059331282865364,0.7597174113306406,193.2305760383606,5e-05,5e-05,50.7,8.69,12.0,1.2,37.0,15.0,0.550531914893617,0.6291793313069909,0.5872340425531914,0.840432162892167,0.7917400665492269,0.8153598064906268,0.8657513348588863,0.8004231311706629,0.8318065225357274,0.7644593461860855,0.8488985417313062,0.8044692737430166,visual_only,attention,256,43,yolo_sppf_visual_only_attention256_seed43,<RUN_ROOT>\outputs\controlled_comparison_runs\run_20260528_205727\neural_eval\yolo_sppf_visual_only_attention256_seed43,<RUN_ROOT>\outputs\controlled_comparison_runs\run_20260528_205727\neural_training\yolo_sppf_visual_only_attention256_seed43
9,0.4624252917367649,0.8231605760752425,0.484579409014744,0.8102986407381685,0.7667457246705471,193.47435975074768,5e-05,5e-05,50.7,8.62,13.0,1.2,36.0,16.5,0.5260663507109005,0.6747720364741642,0.5912117177097205,0.8557384056422312,0.7837150127226463,0.8181446669391093,0.8432320441988951,0.8610719322990127,0.8520586182833217,0.7705382436260623,0.8439342227738132,0.805567895750037,visual_only,attention,256,43,yolo_sppf_visual_only_attention256_seed43,<RUN_ROOT>\outputs\controlled_comparison_runs\run_20260528_205727\neural_eval\yolo_sppf_visual_only_attention256_seed43,<RUN_ROOT>\outputs\controlled_comparison_runs\run_20260528_205727\neural_training\yolo_sppf_visual_only_attention256_seed43
10,0.4609923286240863,0.8237484079553248,0.5377593969272095,0.776168270661772,0.7549914070549169,193.43640565872192,5e-05,5e-05,50.7,8.64,12.0,1.2,36.0,15.4,0.722007722007722,0.5683890577507599,0.6360544217687075,0.873173148377508,0.6899588960657663,0.7708287776076973,0.8327645051194539,0.8603667136812412,0.8463406174124175,0.6695229272811487,0.8969903816320198,0.7667418114308447,visual_only,attention,256,43,yolo_sppf_visual_only_attention256_seed43,<RUN_ROOT>\outputs\controlled_comparison_runs\run_20260528_205727\neural_eval\yolo_sppf_visual_only_attention256_seed43,<RUN_ROOT>\outputs\controlled_comparison_runs\run_20260528_205727\neural_training\yolo_sppf_visual_only_attention256_seed43
1,0.8397654873730621,0.6520525129812873,0.9961532290832744,0.5877567218970136,0.4791020557588829,182.11845517158508,5e-05,5e-05,50.7,8.64,14.0,1.2,37.0,15.2,0.1330102315562735,0.7507598784194529,0.2259835315645013,0.7974921630094044,0.4979448032883147,0.613085913965538,0.9640718562874252,0.2270803949224259,0.3675799086757991,0.5983397190293742,0.8721687868445548,0.7097588688296932,visual_only,attention,256,44,yolo_sppf_visual_only_attention256_seed44,<RUN_ROOT>\outputs\controlled_comparison_runs\run_20260528_205727\neural_eval\yolo_sppf_visual_only_attention256_seed44,<RUN_ROOT>\outputs\controlled_comparison_runs\run_20260528_205727\neural_training\yolo_sppf_visual_only_attention256_seed44
2,0.5975854100490158,0.7655040658371706,0.532936680000571,0.7956146443099514,0.7326697179368021,193.23984599113464,5e-05,5e-05,50.7,8.78,13.0,1.2,36.0,15.9,0.495702005730659,0.5258358662613982,0.5103244837758113,0.8041276514427671,0.8236445488353885,0.8137690968864824,0.8790322580645161,0.768688293370945,0.8201655379984951,0.7823150138163955,0.7905677939807633,0.7864197530864198,visual_only,attention,256,44,yolo_sppf_visual_only_attention256_seed44,<RUN_ROOT>\outputs\controlled_comparison_runs\run_20260528_205727\neural_eval\yolo_sppf_visual_only_attention256_seed44,<RUN_ROOT>\outputs\controlled_comparison_runs\run_20260528_205727\neural_training\yolo_sppf_visual_only_attention256_seed44
3,0.5410374750654713,0.7928382482609974,0.5870506397685007,0.7558289512848497,0.703610981972766,192.5244195461273,5e-05,5e-05,50.7,8.76,14.0,1.2,37.0,15.7,0.3606010016694491,0.6565349544072948,0.4655172413793103,0.8668032786885246,0.6623605402231356,0.7509153445023854,0.7782581840642372,0.8885754583921015,0.8297662166611788,0.6969926712155673,0.8557244802978592,0.7682451253481895,visual_only,attention,256,44,yolo_sppf_visual_only_attention256_seed44,<RUN_ROOT>\outputs\controlled_comparison_runs\run_20260528_205727\neural_eval\yolo_sppf_visual_only_attention256_seed44,<RUN_ROOT>\outputs\controlled_comparison_runs\run_20260528_205727\neural_training\yolo_sppf_visual_only_attention256_seed44
4,0.5145029432102337,0.8023415303223278,0.6533805380630795,0.7243774183946821,0.6825882053494515,193.1083631515503,5e-05,5e-05,50.9,8.8,13.0,1.2,37.0,16.2,0.4018518518518518,0.6595744680851063,0.4994246260069044,0.8298469387755102,0.63671951458211,0.7205670616901096,0.916504854368932,0.6657263751763046,0.7712418300653594,0.6291130965351929,0.8957493018926466,0.7391193036354328,visual_only,attention,256,44,yolo_sppf_visual_only_attention256_seed44,<RUN_ROOT>\outputs\controlled_comparison_runs\run_20260528_205727\neural_eval\yolo_sppf_visual_only_attention256_seed44,<RUN_ROOT>\outputs\controlled_comparison_runs\run_20260528_205727\neural_training\yolo_sppf_visual_only_attention256_seed44
5,0.5046295574910028,0.8075340452630547,0.4950098702018814,0.8030558587161425,0.7592658138701964,193.0793309211731,5e-05,5e-05,50.7,8.77,13.0,1.2,37.0,16.4,0.5564738292011019,0.6139817629179332,0.583815028901734,0.831630568042501,0.7966333920532394,0.8137558732380287,0.8731343283582089,0.8251057827926658,0.8484408992023205,0.7616312464101092,0.8228358672044679,0.7910514541387025,visual_only,attention,256,44,yolo_sppf_visual_only_attention256_seed44,<RUN_ROOT>\outputs\controlled_comparison_runs\run_20260528_205727\neural_eval\yolo_sppf_visual_only_attention256_seed44,<RUN_ROOT>\outputs\controlled_comparison_runs\run_20260528_205727\neural_training\yolo_sppf_visual_only_attention256_seed44
6,0.4957295872072534,0.8110610365435486,0.4624544636849018,0.8229983133247346,0.7782150964292476,192.4748675823212,5e-05,5e-05,50.7,8.78,13.0,1.2,37.0,15.9,0.6714801444043321,0.5653495440729484,0.6138613861386139,0.827321565617805,0.8440007829320807,0.835577947873268,0.8517482517482518,0.8589562764456982,0.8553370786516854,0.8161392405063291,0.800186161960906,0.8080839730534232,visual_only,attention,256,44,yolo_sppf_visual_only_attention256_seed44,<RUN_ROOT>\outputs\controlled_comparison_runs\run_20260528_205727\neural_eval\yolo_sppf_visual_only_attention256_seed44,<RUN_ROOT>\outputs\controlled_comparison_runs\run_20260528_205727\neural_training\yolo_sppf_visual_only_attention256_seed44
7,0.4752342562486058,0.8195845988047419,0.4796131049681987,0.820716340906836,0.7582705645558278,192.97041749954224,5e-05,5e-05,50.7,8.61,13.0,1.2,37.0,14.8,0.447265625,0.6960486322188449,0.544589774078478,0.8290451686678102,0.8514386376981797,0.8400926998841252,0.8843977364591754,0.771509167842031,0.824105461393597,0.8430100551410963,0.8063915606577723,0.8242943228671108,visual_only,attention,256,44,yolo_sppf_visual_only_attention256_seed44,<RUN_ROOT>\outputs\controlled_comparison_runs\run_20260528_205727\neural_eval\yolo_sppf_visual_only_attention256_seed44,<RUN_ROOT>\outputs\controlled_comparison_runs\run_20260528_205727\neural_training\yolo_sppf_visual_only_attention256_seed44
8,0.4672228045189362,0.8247281277554619,0.4976231202424045,0.8169461256076992,0.7465993021499882,192.807532787323,5e-05,5e-05,50.7,8.62,13.0,1.2,37.0,15.0,0.4691629955947136,0.6474164133738601,0.5440613026819923,0.78946474086661,0.909375611665688,0.8451882845188283,0.9149338374291116,0.6826516220028209,0.7819063004846527,0.8974645786726324,0.746819733167856,0.8152413209144792,visual_only,attention,256,44,yolo_sppf_visual_only_attention256_seed44,<RUN_ROOT>\outputs\controlled_comparison_runs\run_20260528_205727\neural_eval\yolo_sppf_visual_only_attention256_seed44,<RUN_ROOT>\outputs\controlled_comparison_runs\run_20260528_205727\neural_training\yolo_sppf_visual_only_attention256_seed44
9,0.4684026919591436,0.8235034780052904,0.4972813112690808,0.8159539636868737,0.7486765838687727,192.7250773906708,5e-05,5e-05,50.7,8.61,13.0,1.2,37.0,15.4,0.3949044585987261,0.7537993920972644,0.5182863113897597,0.8192236598890943,0.8674887453513408,0.842665652628577,0.8716108452950558,0.7708039492242595,0.8181137724550899,0.8794402583423035,0.7604716103009619,0.815640599001664,visual_only,attention,256,44,yolo_sppf_visual_only_attention256_seed44,<RUN_ROOT>\outputs\controlled_comparison_runs\run_20260528_205727\neural_eval\yolo_sppf_visual_only_attention256_seed44,<RUN_ROOT>\outputs\controlled_comparison_runs\run_20260528_205727\neural_training\yolo_sppf_visual_only_attention256_seed44
10,0.4643825780320036,0.8246301557754482,0.5889879232998716,0.7617819228098026,0.6996487631041195,193.12161350250244,5e-05,5e-05,50.7,8.61,13.0,1.2,37.0,16.6,0.4816414686825054,0.6778115501519757,0.5631313131313131,0.7853455123113582,0.7741240947347817,0.779694430754066,0.9422336328626444,0.5176304654442877,0.6681838871187984,0.7277032359905288,0.8582066397766056,0.7875854214123007,visual_only,attention,256,44,yolo_sppf_visual_only_attention256_seed44,<RUN_ROOT>\outputs\controlled_comparison_runs\run_20260528_205727\neural_eval\yolo_sppf_visual_only_attention256_seed44,<RUN_ROOT>\outputs\controlled_comparison_runs\run_20260528_205727\neural_training\yolo_sppf_visual_only_attention256_seed44
1,0.8427636749388469,0.6489174096208484,0.6042331016740747,0.7688262724476634,0.697151037856011,183.8687839508057,5e-05,5e-05,50.7,8.66,14.0,1.21,37.0,16.2,0.433420365535248,0.5045592705167173,0.4662921348314606,0.7960474308300395,0.7884126052064984,0.7922116235618055,0.8669064748201439,0.6798307475317349,0.7620553359683795,0.735244040862656,0.8039094011790258,0.7680450570623981,visual_only,attention,512,42,yolo_sppf_visual_only_attention512_seed42,<RUN_ROOT>\outputs\controlled_comparison_runs\run_20260528_205727\neural_eval\yolo_sppf_visual_only_attention512_seed42,<RUN_ROOT>\outputs\controlled_comparison_runs\run_20260528_205727\neural_training\yolo_sppf_visual_only_attention512_seed42
2,0.5812008799138394,0.775350249828549,0.5086490951330652,0.8052386149419585,0.7489796493794376,194.93483805656436,5e-05,5e-05,50.6,8.67,13.0,1.21,37.0,16.4,0.5181058495821727,0.5653495440729484,0.5406976744186046,0.832226916113458,0.8097475044039929,0.8208333333333333,0.8447293447293447,0.8363892806770099,0.8405386250885896,0.7793721973094171,0.8088737201365188,0.793848964677223,visual_only,attention,512,42,yolo_sppf_visual_only_attention512_seed42,<RUN_ROOT>\outputs\controlled_comparison_runs\run_20260528_205727\neural_eval\yolo_sppf_visual_only_attention512_seed42,<RUN_ROOT>\outputs\controlled_comparison_runs\run_20260528_205727\neural_training\yolo_sppf_visual_only_attention512_seed42
3,0.5400280987429301,0.7873518173802293,0.5734639791136105,0.7644607599960314,0.7093154850567589,194.69095396995544,5e-05,5e-05,50.6,8.68,14.0,1.21,37.0,15.8,0.6447876447876448,0.5075987841945289,0.5680272108843537,0.7792942093975433,0.7823448815815228,0.7808165657354952,0.924022346368715,0.5832157968970381,0.7150886294855167,0.7149631190727082,0.8420726031647533,0.7733295341216698,visual_only,attention,512,42,yolo_sppf_visual_only_attention512_seed42,<RUN_ROOT>\outputs\controlled_comparison_runs\run_20260528_205727\neural_eval\yolo_sppf_visual_only_attention512_seed42,<RUN_ROOT>\outputs\controlled_comparison_runs\run_20260528_205727\neural_training\yolo_sppf_visual_only_attention512_seed42
4,0.5207195741863087,0.7981777211717449,0.5116156194092972,0.8072229387836095,0.7384719857386451,194.6957654953003,5e-05,5e-05,50.7,8.67,14.0,1.21,37.0,15.1,0.5569620253164557,0.5349544072948328,0.5457364341085271,0.7863262808183249,0.8802113916617733,0.8306243073513113,0.9094412331406552,0.6657263751763046,0.7687296416938111,0.8379906852960746,0.7815699658703071,0.8087975598009313,visual_only,attention,512,42,yolo_sppf_visual_only_attention512_seed42,<RUN_ROOT>\outputs\controlled_comparison_runs\run_20260528_205727\neural_eval\yolo_sppf_visual_only_attention512_seed42,<RUN_ROOT>\outputs\controlled_comparison_runs\run_20260528_205727\neural_training\yolo_sppf_visual_only_attention512_seed42
5,0.4923473020262292,0.8124326442637406,0.7195008792707489,0.6981843436848894,0.6390380916014202,194.87029194831848,5e-05,5e-05,50.7,8.68,13.0,1.21,37.0,15.4,0.2835294117647058,0.7325227963525835,0.4088210347752332,0.8345864661654135,0.6083382266588373,0.7037246688554284,0.9347079037800688,0.5754583921015515,0.712352684417285,0.6200345423143351,0.8910952528699969,0.7312539783577339,visual_only,attention,512,42,yolo_sppf_visual_only_attention512_seed42,<RUN_ROOT>\outputs\controlled_comparison_runs\run_20260528_205727\neural_eval\yolo_sppf_visual_only_attention512_seed42,<RUN_ROOT>\outputs\controlled_comparison_runs\run_20260528_205727\neural_training\yolo_sppf_visual_only_attention512_seed42
6,0.4947794826035636,0.811942784363672,0.5235046884207617,0.7975989681516024,0.7499970150261415,195.0864381790161,5e-05,5e-05,50.7,8.68,13.0,1.21,37.0,15.8,0.5355191256830601,0.5957446808510638,0.5640287769784171,0.8367690366007573,0.7786259541984732,0.8066511203487784,0.8888006354249405,0.7891396332863188,0.8360104594695555,0.7421621621621621,0.8520012410797394,0.7932977033078145,visual_only,attention,512,42,yolo_sppf_visual_only_attention512_seed42,<RUN_ROOT>\outputs\controlled_comparison_runs\run_20260528_205727\neural_eval\yolo_sppf_visual_only_attention512_seed42,<RUN_ROOT>\outputs\controlled_comparison_runs\run_20260528_205727\neural_training\yolo_sppf_visual_only_attention512_seed42
7,0.4768829425055311,0.8187028509846184,0.6141235037780707,0.7490822502232364,0.6812305188779326,195.2893686294556,5e-05,5e-05,50.7,8.67,14.0,1.21,37.0,15.5,0.3311258278145695,0.7598784194528876,0.4612546125461256,0.8156966490299824,0.724212174593854,0.7672369103162261,0.9304152637485972,0.5846262341325811,0.7180597661325249,0.7110597895817296,0.8597579894508223,0.778370786516854,visual_only,attention,512,42,yolo_sppf_visual_only_attention512_seed42,<RUN_ROOT>\outputs\controlled_comparison_runs\run_20260528_205727\neural_eval\yolo_sppf_visual_only_attention512_seed42,<RUN_ROOT>\outputs\controlled_comparison_runs\run_20260528_205727\neural_training\yolo_sppf_visual_only_attention512_seed42
8,0.475181417674013,0.8191437248946801,0.585885274869996,0.7703145153289017,0.6944874822449345,379.87307476997375,5e-05,5e-05,41.0,8.75,5.0,1.21,36.0,14.7,0.3689759036144578,0.7446808510638298,0.4934541792547834,0.8016315161161958,0.7886083382266589,0.7950666008880118,0.927120669056153,0.5472496473906912,0.6882483370288247,0.7640765765765766,0.8420726031647533,0.8011808118081181,visual_only,attention,512,42,yolo_sppf_visual_only_attention512_seed42,<RUN_ROOT>\outputs\controlled_comparison_runs\run_20260528_205727\neural_eval\yolo_sppf_visual_only_attention512_seed42,<RUN_ROOT>\outputs\controlled_comparison_runs\run_20260528_205727\neural_training\yolo_sppf_visual_only_attention512_seed42
9,0.4471189053262056,0.8273733712158323,0.5143726013327342,0.79283659093164,0.7424956361620778,334.7966241836548,2.5e-05,2.5e-05,45.8,8.87,14.0,1.21,36.0,16.4,0.4215851602023608,0.7598784194528876,0.5422993492407809,0.8710422925814653,0.7377177529849286,0.7988554472233997,0.7491369390103567,0.918194640338505,0.8250950570342205,0.7804735457468577,0.8284207260316475,0.8037326911499096,visual_only,attention,512,42,yolo_sppf_visual_only_attention512_seed42,<RUN_ROOT>\outputs\controlled_comparison_runs\run_20260528_205727\neural_eval\yolo_sppf_visual_only_attention512_seed42,<RUN_ROOT>\outputs\controlled_comparison_runs\run_20260528_205727\neural_training\yolo_sppf_visual_only_attention512_seed42
10,0.4452579884547565,0.831978054276477,0.4715713910544143,0.8230975295168171,0.7642821885719462,249.5729386806488,2.5e-05,2.5e-05,50.5,8.61,14.0,1.21,36.0,16.0,0.4616858237547893,0.7325227963525835,0.5663924794359578,0.8237376560462083,0.8653356821295752,0.8440244368079419,0.8773885350318471,0.7771509167842031,0.824233358264772,0.8629856850715747,0.7856034750232702,0.8224784797791133,visual_only,attention,512,42,yolo_sppf_visual_only_attention512_seed42,<RUN_ROOT>\outputs\controlled_comparison_runs\run_20260528_205727\neural_eval\yolo_sppf_visual_only_attention512_seed42,<RUN_ROOT>\outputs\controlled_comparison_runs\run_20260528_205727\neural_training\yolo_sppf_visual_only_attention512_seed42
1,0.8451332223826441,0.6473988439306358,0.6640689015625015,0.7284452822700664,0.6597505406787021,204.21153569221497,5e-05,5e-05,50.6,8.68,13.0,1.21,36.0,15.4,0.2474226804123711,0.6565349544072948,0.3594009983361065,0.8355588526211671,0.6613818751223332,0.7383371572162132,0.8010279001468429,0.7693935119887165,0.7848920863309352,0.6989473684210527,0.8240769469438411,0.7563719208315535,visual_only,attention,512,43,yolo_sppf_visual_only_attention512_seed43,<RUN_ROOT>\outputs\controlled_comparison_runs\run_20260528_205727\neural_eval\yolo_sppf_visual_only_attention512_seed43,<RUN_ROOT>\outputs\controlled_comparison_runs\run_20260528_205727\neural_training\yolo_sppf_visual_only_attention512_seed43
2,0.576514812040385,0.7734397962182815,0.5540924735515127,0.7836094850679631,0.7276709207523748,203.07276892662048,5e-05,5e-05,50.6,8.7,14.0,1.21,36.0,16.9,0.5290519877675841,0.5258358662613982,0.5274390243902439,0.8102366983613191,0.7839107457428068,0.7968563469956227,0.8792672772689425,0.7447108603667136,0.8064146620847652,0.738359201773836,0.8265591064225877,0.779973649538867,visual_only,attention,512,43,yolo_sppf_visual_only_attention512_seed43,<RUN_ROOT>\outputs\controlled_comparison_runs\run_20260528_205727\neural_eval\yolo_sppf_visual_only_attention512_seed43,<RUN_ROOT>\outputs\controlled_comparison_runs\run_20260528_205727\neural_training\yolo_sppf_visual_only_attention512_seed43
3,0.5473985548268385,0.7889683550504556,0.507760748687008,0.8067268578231968,0.7503104132957453,197.94517612457275,5e-05,5e-05,50.7,8.71,14.0,1.21,36.0,16.1,0.668,0.5075987841945289,0.5768566493955096,0.7766774799385351,0.8903895087101193,0.8296552981944191,0.8589540412044374,0.764456981664316,0.8089552238805969,0.8601476014760148,0.7232392181197642,0.7857744817124558,visual_only,attention,512,43,yolo_sppf_visual_only_attention512_seed43,<RUN_ROOT>\outputs\controlled_comparison_runs\run_20260528_205727\neural_eval\yolo_sppf_visual_only_attention512_seed43,<RUN_ROOT>\outputs\controlled_comparison_runs\run_20260528_205727\neural_training\yolo_sppf_visual_only_attention512_seed43
4,0.5121120688882087,0.8015577544822181,0.5377982452807445,0.7990872110328405,0.728657915804365,195.9978244304657,5e-05,5e-05,50.7,8.69,14.0,1.21,36.0,16.8,0.607773851590106,0.5227963525835866,0.5620915032679737,0.7551579626047711,0.9170091994519476,0.8282506850525944,0.9073684210526316,0.607898448519041,0.7280405405405407,0.8838001514004542,0.7244802978591375,0.7962489343563512,visual_only,attention,512,43,yolo_sppf_visual_only_attention512_seed43,<RUN_ROOT>\outputs\controlled_comparison_runs\run_20260528_205727\neural_eval\yolo_sppf_visual_only_attention512_seed43,<RUN_ROOT>\outputs\controlled_comparison_runs\run_20260528_205727\neural_training\yolo_sppf_visual_only_attention512_seed43
5,0.5038830190838598,0.8043009699226021,0.5319552706724535,0.790653834705824,0.7424606620650221,195.2109181880951,5e-05,5e-05,50.7,8.7,13.0,1.21,37.0,15.7,0.5645645645645646,0.5714285714285714,0.56797583081571,0.8223089564502876,0.7835192797024858,0.8024456249373559,0.8887029288702929,0.7489421720733427,0.8128587830080366,0.7374423024708119,0.84269314303444,0.7865624094989864,visual_only,attention,512,43,yolo_sppf_visual_only_attention512_seed43,<RUN_ROOT>\outputs\controlled_comparison_runs\run_20260528_205727\neural_eval\yolo_sppf_visual_only_attention512_seed43,<RUN_ROOT>\outputs\controlled_comparison_runs\run_20260528_205727\neural_training\yolo_sppf_visual_only_attention512_seed43
6,0.4862480712587417,0.8176251592044675,0.496090529292881,0.8149618017660483,0.7613861193465599,195.12538504600525,5e-05,5e-05,50.7,8.7,13.0,1.21,36.0,16.1,0.5328083989501312,0.6170212765957447,0.571830985915493,0.829712272460364,0.829712272460364,0.829712272460364,0.8620949510173324,0.8067700987306065,0.8335154826958106,0.8056407112201104,0.8153893887682283,0.810485736314572,visual_only,attention,512,43,yolo_sppf_visual_only_attention512_seed43,<RUN_ROOT>\outputs\controlled_comparison_runs\run_20260528_205727\neural_eval\yolo_sppf_visual_only_attention512_seed43,<RUN_ROOT>\outputs\controlled_comparison_runs\run_20260528_205727\neural_training\yolo_sppf_visual_only_attention512_seed43
7,0.4821111885159273,0.8158616635642206,0.5099641419378006,0.8061315606707015,0.7448670587879046,194.5067217350006,5e-05,5e-05,50.7,8.7,13.0,1.21,36.0,15.8,0.507537688442211,0.6139817629179332,0.5557083906464926,0.8114707552526973,0.8391074574280681,0.8250577367205543,0.9048490393412626,0.6974612129760226,0.7877339705296695,0.8009077155824509,0.8212845175302513,0.8109681372549021,visual_only,attention,512,43,yolo_sppf_visual_only_attention512_seed43,<RUN_ROOT>\outputs\controlled_comparison_runs\run_20260528_205727\neural_eval\yolo_sppf_visual_only_attention512_seed43,<RUN_ROOT>\outputs\controlled_comparison_runs\run_20260528_205727\neural_training\yolo_sppf_visual_only_attention512_seed43
8,0.4704835429600787,0.8214460664250024,0.5554293878043869,0.7779541621192578,0.7468407536882973,194.64099431037903,5e-05,5e-05,50.7,8.7,14.0,1.21,36.0,15.1,0.5555555555555556,0.6382978723404256,0.594059405940594,0.8654264315051945,0.7011156782149148,0.7746539792387543,0.8392484342379958,0.8504936530324401,0.8448336252189141,0.6892121212121212,0.8820974247595408,0.7738160043549264,visual_only,attention,512,43,yolo_sppf_visual_only_attention512_seed43,<RUN_ROOT>\outputs\controlled_comparison_runs\run_20260528_205727\neural_eval\yolo_sppf_visual_only_attention512_seed43,<RUN_ROOT>\outputs\controlled_comparison_runs\run_20260528_205727\neural_training\yolo_sppf_visual_only_attention512_seed43
9,0.4601393880696272,0.826099735475654,0.5002767088324097,0.8036511558686378,0.7640831089482306,194.6474814414978,5e-05,5e-05,50.7,8.7,14.0,1.21,36.0,16.4,0.6099071207430341,0.5987841945288754,0.6042944785276074,0.8405127127547805,0.7829320806420043,0.8107012565869476,0.8684992570579495,0.8244005641748943,0.8458755426917512,0.7488359353601753,0.8482780018616196,0.7954611579866161,visual_only,attention,512,43,yolo_sppf_visual_only_attention512_seed43,<RUN_ROOT>\outputs\controlled_comparison_runs\run_20260528_205727\neural_eval\yolo_sppf_visual_only_attention512_seed43,<RUN_ROOT>\outputs\controlled_comparison_runs\run_20260528_205727\neural_training\yolo_sppf_visual_only_attention512_seed43
10,0.4617695400672366,0.8232095620652493,0.4869888867968545,0.8078182359361048,0.770131720765873,194.68087887763977,5e-05,5e-05,50.7,8.7,13.0,1.21,36.0,16.2,0.6542372881355932,0.5866261398176292,0.6185897435897436,0.8594465025059926,0.7719710315130163,0.8133635801196123,0.8199737187910644,0.8801128349788434,0.8489795918367347,0.7506125782738906,0.8554142103630158,0.7995939675174014,visual_only,attention,512,43,yolo_sppf_visual_only_attention512_seed43,<RUN_ROOT>\outputs\controlled_comparison_runs\run_20260528_205727\neural_eval\yolo_sppf_visual_only_attention512_seed43,<RUN_ROOT>\outputs\controlled_comparison_runs\run_20260528_205727\neural_training\yolo_sppf_visual_only_attention512_seed43
1,0.8406266739948136,0.6511217791711571,0.8686931604238611,0.6612759202301816,0.5495341729953735,183.2236669063568,5e-05,5e-05,50.7,8.59,14.0,1.21,37.0,15.5,0.1453453453453453,0.7355623100303952,0.2427281845536609,0.7862470862470863,0.6602074770013702,0.7177359293541867,0.9561586638830898,0.3229901269393512,0.4828676858197153,0.7111111111111111,0.804219671113869,0.7548048922539313,visual_only,attention,512,44,yolo_sppf_visual_only_attention512_seed44,<RUN_ROOT>\outputs\controlled_comparison_runs\run_20260528_205727\neural_eval\yolo_sppf_visual_only_attention512_seed44,<RUN_ROOT>\outputs\controlled_comparison_runs\run_20260528_205727\neural_training\yolo_sppf_visual_only_attention512_seed44
2,0.5936088358522116,0.7706965807778975,0.5625406553865306,0.7759698382776069,0.7246033156506525,195.05814743041992,5e-05,5e-05,50.7,8.61,14.0,1.21,36.0,15.8,0.4933333333333333,0.5623100303951368,0.5255681818181819,0.8207145895363676,0.7553337247993737,0.7866680256854552,0.8883333333333333,0.7517630465444288,0.8143621084797555,0.7130457653866387,0.8411417933602234,0.7718149466192171,visual_only,attention,512,44,yolo_sppf_visual_only_attention512_seed44,<RUN_ROOT>\outputs\controlled_comparison_runs\run_20260528_205727\neural_eval\yolo_sppf_visual_only_attention512_seed44,<RUN_ROOT>\outputs\controlled_comparison_runs\run_20260528_205727\neural_training\yolo_sppf_visual_only_attention512_seed44
3,0.538117839508109,0.7942588419711962,0.5667483258046329,0.7665443000297648,0.7226871333975675,194.72804975509644,5e-05,5e-05,50.7,8.61,13.0,1.21,36.0,15.8,0.424901185770751,0.6534954407294833,0.5149700598802396,0.8644235526966848,0.6838911724407908,0.763632389902743,0.8107582631237849,0.8822284908321579,0.8449848024316109,0.6935807422266801,0.8582066397766056,0.7671612813756761,visual_only,attention,512,44,yolo_sppf_visual_only_attention512_seed44,<RUN_ROOT>\outputs\controlled_comparison_runs\run_20260528_205727\neural_eval\yolo_sppf_visual_only_attention512_seed44,<RUN_ROOT>\outputs\controlled_comparison_runs\run_20260528_205727\neural_training\yolo_sppf_visual_only_attention512_seed44
4,0.5079645887542761,0.8059175075928284,0.6472210201508706,0.7288421470383967,0.6847267933353783,194.3960018157959,5e-05,5e-05,50.7,8.63,14.0,1.21,36.0,15.8,0.4144486692015209,0.662613981762918,0.5099415204678361,0.8226915520628684,0.6557056175376786,0.7297679991286351,0.9345114345114344,0.6339915373765868,0.7554621848739496,0.6370878512945342,0.8932671424139,0.7437354688710928,visual_only,attention,512,44,yolo_sppf_visual_only_attention512_seed44,<RUN_ROOT>\outputs\controlled_comparison_runs\run_20260528_205727\neural_eval\yolo_sppf_visual_only_attention512_seed44,<RUN_ROOT>\outputs\controlled_comparison_runs\run_20260528_205727\neural_training\yolo_sppf_visual_only_attention512_seed44
5,0.5039056180728173,0.8039090820025473,0.5119947723807796,0.7958130766941165,0.7483896255627002,194.71792817115784,5e-05,5e-05,50.8,8.63,14.0,1.21,36.0,15.4,0.5209876543209877,0.6413373860182371,0.5749318801089919,0.8147343472249654,0.8073987081620669,0.8110499410145497,0.908311910882605,0.7475317348377997,0.8201160541586073,0.7621951219512195,0.8144585789636984,0.7874606269686516,visual_only,attention,512,44,yolo_sppf_visual_only_attention512_seed44,<RUN_ROOT>\outputs\controlled_comparison_runs\run_20260528_205727\neural_eval\yolo_sppf_visual_only_attention512_seed44,<RUN_ROOT>\outputs\controlled_comparison_runs\run_20260528_205727\neural_training\yolo_sppf_visual_only_attention512_seed44
6,0.4986530036306399,0.8111590085235623,0.4743761494282692,0.8255779343188808,0.767380582605304,194.43365955352783,5e-05,5e-05,50.7,8.73,14.0,1.21,36.0,15.5,0.6385964912280702,0.5531914893617021,0.5928338762214984,0.7950523964954476,0.905852417302799,0.8468435498627631,0.9043927648578812,0.7404795486600846,0.81426909654905,0.8751778093883357,0.763574309649395,0.815575807787904,visual_only,attention,512,44,yolo_sppf_visual_only_attention512_seed44,<RUN_ROOT>\outputs\controlled_comparison_runs\run_20260528_205727\neural_eval\yolo_sppf_visual_only_attention512_seed44,<RUN_ROOT>\outputs\controlled_comparison_runs\run_20260528_205727\neural_training\yolo_sppf_visual_only_attention512_seed44
7,0.4761344194237061,0.818164005094543,0.4945848943776495,0.8133743426927275,0.748449018902601,194.3657786846161,5e-05,5e-05,50.7,8.72,14.0,1.21,36.0,15.8,0.4220183486238532,0.6990881458966566,0.5263157894736843,0.8261621206300422,0.8418477197103151,0.8339311682016481,0.9051724137931034,0.7404795486600846,0.8145849495733126,0.8260732323232324,0.8119764194849519,0.8189641683617587,visual_only,attention,512,44,yolo_sppf_visual_only_attention512_seed44,<RUN_ROOT>\outputs\controlled_comparison_runs\run_20260528_205727\neural_eval\yolo_sppf_visual_only_attention512_seed44,<RUN_ROOT>\outputs\controlled_comparison_runs\run_20260528_205727\neural_training\yolo_sppf_visual_only_attention512_seed44
8,0.4649097231511598,0.8227686881551877,0.4947081412366103,0.8231967457088997,0.7549621303503964,194.98937249183652,5e-05,5e-05,50.8,8.73,14.0,1.21,36.0,15.6,0.4652173913043478,0.6504559270516718,0.5424588086185045,0.7958731241473397,0.9134860050890584,0.8506333728242049,0.9106830122591943,0.7334273624823695,0.8124999999999999,0.9092996555683124,0.7372013651877133,0.8142563399588759,visual_only,attention,512,44,yolo_sppf_visual_only_attention512_seed44,<RUN_ROOT>\outputs\controlled_comparison_runs\run_20260528_205727\neural_eval\yolo_sppf_visual_only_attention512_seed44,<RUN_ROOT>\outputs\controlled_comparison_runs\run_20260528_205727\neural_training\yolo_sppf_visual_only_attention512_seed44
9,0.4719108408112604,0.8208092485549133,0.5108533041270834,0.8180375037206072,0.7468845650904637,194.41897106170651,5e-05,5e-05,50.8,8.72,14.0,1.21,36.0,16.9,0.3636363636363636,0.7781155015197568,0.4956437560503388,0.8218369605311693,0.8721863378351928,0.8462634127813122,0.8743083003952569,0.7799717912552891,0.8244502422661201,0.9029017857142856,0.7530251318647223,0.8211808492640839,visual_only,attention,512,44,yolo_sppf_visual_only_attention512_seed44,<RUN_ROOT>\outputs\controlled_comparison_runs\run_20260528_205727\neural_eval\yolo_sppf_visual_only_attention512_seed44,<RUN_ROOT>\outputs\controlled_comparison_runs\run_20260528_205727\neural_training\yolo_sppf_visual_only_attention512_seed44
10,0.4660109207851572,0.8224257862251396,0.6032866015682914,0.7583093560869134,0.6986373849897979,194.67421340942383,5e-05,5e-05,50.8,8.73,14.0,1.21,36.0,15.4,0.4694323144104803,0.6534954407294833,0.5463786531130876,0.7973421926910299,0.7516147974163241,0.7738035264483628,0.9408926417370326,0.5500705218617772,0.6942590120160214,0.7062374245472837,0.8712379770400248,0.7801083483817196,visual_only,attention,512,44,yolo_sppf_visual_only_attention512_seed44,<RUN_ROOT>\outputs\controlled_comparison_runs\run_20260528_205727\neural_eval\yolo_sppf_visual_only_attention512_seed44,<RUN_ROOT>\outputs\controlled_comparison_runs\run_20260528_205727\neural_training\yolo_sppf_visual_only_attention512_seed44
1,0.8546557245268063,0.6413735671597923,0.6059080196514962,0.7727949201309654,0.6799427465116257,185.65330934524536,5e-05,5e-05,50.7,8.75,15.0,1.21,37.0,15.8,0.5222672064777328,0.39209726443769,0.4479166666666667,0.7413595413595414,0.8858876492464278,0.8072052791153914,0.858480749219563,0.581805359661495,0.6935687263556116,0.8347794649313087,0.7164132795532113,0.7710803139088328,visual_only,attention,896,42,yolo_sppf_visual_only_attention896_seed42,<RUN_ROOT>\outputs\controlled_comparison_runs\run_20260528_205727\neural_eval\yolo_sppf_visual_only_attention896_seed42,<RUN_ROOT>\outputs\controlled_comparison_runs\run_20260528_205727\neural_training\yolo_sppf_visual_only_attention896_seed42
2,0.5887033661015822,0.7759870676986382,0.5551672104480011,0.7747792439726163,0.7191906145959618,197.40484189987183,5e-05,5e-05,50.6,8.61,15.0,1.21,37.0,16.6,0.3929889298892989,0.6474164133738601,0.4890929965556831,0.8531516970676518,0.7232335094930514,0.7828389830508473,0.7960912052117264,0.8617771509167842,0.8276329156789706,0.7297739035685099,0.8312131554452373,0.7771975630983464,visual_only,attention,896,42,yolo_sppf_visual_only_attention896_seed42,<RUN_ROOT>\outputs\controlled_comparison_runs\run_20260528_205727\neural_eval\yolo_sppf_visual_only_attention896_seed42,<RUN_ROOT>\outputs\controlled_comparison_runs\run_20260528_205727\neural_training\yolo_sppf_visual_only_attention896_seed42
3,0.5473081827116985,0.7867149995101401,0.5513380822784726,0.7827165393392201,0.7245274224266358,197.41037034988403,5e-05,5e-05,50.6,8.61,14.0,1.21,36.0,15.7,0.569620253164557,0.547112462006079,0.5581395348837209,0.7890047393364928,0.8146408299080055,0.8016178736517718,0.919551934826884,0.6368124118476728,0.7525000000000001,0.7541357672561323,0.8203537077257214,0.7858522811710507,visual_only,attention,896,42,yolo_sppf_visual_only_attention896_seed42,<RUN_ROOT>\outputs\controlled_comparison_runs\run_20260528_205727\neural_eval\yolo_sppf_visual_only_attention896_seed42,<RUN_ROOT>\outputs\controlled_comparison_runs\run_20260528_205727\neural_training\yolo_sppf_visual_only_attention896_seed42
4,0.5229114942065788,0.7997942588419712,0.5735796074552965,0.7816251612263121,0.7099790832354416,197.74168419837952,5e-05,5e-05,50.7,8.61,15.0,1.21,36.0,16.2,0.5279329608938548,0.574468085106383,0.5502183406113538,0.78039430449069,0.8367586611861421,0.8075942193255878,0.9288299155609168,0.5430183356840621,0.6853582554517135,0.7744581136496778,0.8203537077257214,0.7967455175531113,visual_only,attention,896,42,yolo_sppf_visual_only_attention896_seed42,<RUN_ROOT>\outputs\controlled_comparison_runs\run_20260528_205727\neural_eval\yolo_sppf_visual_only_attention896_seed42,<RUN_ROOT>\outputs\controlled_comparison_runs\run_20260528_205727\neural_training\yolo_sppf_visual_only_attention896_seed42
5,0.4985266747449446,0.8097874008033702,0.6584606261506293,0.7219962297847009,0.6617045849065983,197.1879925727844,5e-05,5e-05,50.8,8.64,14.0,1.21,37.0,16.1,0.2821387940841866,0.7537993920972644,0.4105960264900662,0.8383761976802824,0.6508122920336661,0.7327823691460055,0.9103585657370518,0.6445698166431594,0.7547481420313791,0.6595744680851063,0.8656531182128452,0.7486918019589426,visual_only,attention,896,42,yolo_sppf_visual_only_attention896_seed42,<RUN_ROOT>\outputs\controlled_comparison_runs\run_20260528_205727\neural_eval\yolo_sppf_visual_only_attention896_seed42,<RUN_ROOT>\outputs\controlled_comparison_runs\run_20260528_205727\neural_training\yolo_sppf_visual_only_attention896_seed42
6,0.4984705008064224,0.8130694621338297,0.531428026257541,0.792638158547475,0.7507258782738124,197.73905777931213,5e-05,5e-05,50.7,8.62,14.0,1.21,37.0,15.7,0.5425531914893617,0.6200607902735562,0.578723404255319,0.8398277717976319,0.7635545116461147,0.7998769735493131,0.878482972136223,0.8004231311706629,0.8376383763837639,0.7299522039298991,0.8529320508842693,0.7866647589068536,visual_only,attention,896,42,yolo_sppf_visual_only_attention896_seed42,<RUN_ROOT>\outputs\controlled_comparison_runs\run_20260528_205727\neural_eval\yolo_sppf_visual_only_attention896_seed42,<RUN_ROOT>\outputs\controlled_comparison_runs\run_20260528_205727\neural_training\yolo_sppf_visual_only_attention896_seed42
7,0.4800010233428504,0.8192416968746938,0.6076797866399237,0.749181466415319,0.7005531941219175,197.86158442497253,5e-05,5e-05,50.7,8.63,14.0,1.21,36.0,17.0,0.361890694239291,0.7446808510638298,0.4870775347912525,0.8464180569185475,0.6752789195537288,0.7512248230811105,0.9000884173297966,0.7179125528913963,0.7987446057277363,0.6765196662693683,0.8805460750853242,0.7651658128875708,visual_only,attention,896,42,yolo_sppf_visual_only_attention896_seed42,<RUN_ROOT>\outputs\controlled_comparison_runs\run_20260528_205727\neural_eval\yolo_sppf_visual_only_attention896_seed42,<RUN_ROOT>\outputs\controlled_comparison_runs\run_20260528_205727\neural_training\yolo_sppf_visual_only_attention896_seed42
8,0.4745935042006282,0.8180660331145292,0.5490188917887974,0.7842047822204584,0.7299916927839541,197.6479659080505,5e-05,5e-05,50.7,8.64,15.0,1.21,36.0,15.9,0.4497153700189753,0.7203647416413373,0.5537383177570093,0.8208462332301342,0.7784302211783127,0.799075748442837,0.9082217973231358,0.6699576868829337,0.7711038961038961,0.7484293908768096,0.8501396214706795,0.7960488088320742,visual_only,attention,896,42,yolo_sppf_visual_only_attention896_seed42,<RUN_ROOT>\outputs\controlled_comparison_runs\run_20260528_205727\neural_eval\yolo_sppf_visual_only_attention896_seed42,<RUN_ROOT>\outputs\controlled_comparison_runs\run_20260528_205727\neural_training\yolo_sppf_visual_only_attention896_seed42
9,0.4682402262248122,0.8235524639952974,0.6073573194606792,0.7462049806528426,0.7106046050351512,197.5135555267334,5e-05,5e-05,50.7,8.64,14.0,1.21,37.0,16.7,0.4739884393063583,0.7477203647416414,0.5801886792452831,0.8894486425972572,0.6220395380700724,0.7320893803271137,0.6068111455108359,0.9675599435825106,0.745854851861919,0.7313472893183038,0.8454855724480298,0.7842855087062887,visual_only,attention,896,42,yolo_sppf_visual_only_attention896_seed42,<RUN_ROOT>\outputs\controlled_comparison_runs\run_20260528_205727\neural_eval\yolo_sppf_visual_only_attention896_seed42,<RUN_ROOT>\outputs\controlled_comparison_runs\run_20260528_205727\neural_training\yolo_sppf_visual_only_attention896_seed42
10,0.4627036919531216,0.8240423238953659,0.4655690008937012,0.8208155570989185,0.7819704859614192,198.1795620918274,5e-05,5e-05,50.8,8.61,15.0,1.21,36.0,15.4,0.6352941176470588,0.6565349544072948,0.6457399103139013,0.8596858638743455,0.803484047758857,0.830635370295427,0.756896551724138,0.9287729196050776,0.8340721975934136,0.8173076923076923,0.8175612783121315,0.8174344656429348,visual_only,attention,896,42,yolo_sppf_visual_only_attention896_seed42,<RUN_ROOT>\outputs\controlled_comparison_runs\run_20260528_205727\neural_eval\yolo_sppf_visual_only_attention896_seed42,<RUN_ROOT>\outputs\controlled_comparison_runs\run_20260528_205727\neural_training\yolo_sppf_visual_only_attention896_seed42
1,0.8485123546075858,0.6438228666601352,0.6542305797101959,0.7249727155471773,0.6697960274361472,185.7141425609589,5e-05,5e-05,50.8,8.66,15.0,1.21,37.0,17.3,0.3875598086124402,0.4924012158054711,0.4337349397590361,0.8380152270937253,0.6247798003523194,0.7158555729984301,0.7631233595800525,0.8201692524682651,0.7906186267845005,0.6446395563770795,0.8656531182128452,0.7389749702026222,visual_only,attention,896,43,yolo_sppf_visual_only_attention896_seed43,<RUN_ROOT>\outputs\controlled_comparison_runs\run_20260528_205727\neural_eval\yolo_sppf_visual_only_attention896_seed43,<RUN_ROOT>\outputs\controlled_comparison_runs\run_20260528_205727\neural_training\yolo_sppf_visual_only_attention896_seed43
2,0.5838743354541287,0.7775546193788576,0.5381044726109221,0.7897608889770811,0.7326199575309645,197.58497524261475,5e-05,5e-05,50.6,8.69,14.0,1.21,36.0,16.7,0.5842696629213483,0.4741641337386018,0.5234899328859061,0.8146056082307848,0.7903699354081033,0.8023047883965824,0.86796875,0.7834978843441467,0.8235730170496663,0.7426573426573426,0.8237666770089979,0.7811120917917034,visual_only,attention,896,43,yolo_sppf_visual_only_attention896_seed43,<RUN_ROOT>\outputs\controlled_comparison_runs\run_20260528_205727\neural_eval\yolo_sppf_visual_only_attention896_seed43,<RUN_ROOT>\outputs\controlled_comparison_runs\run_20260528_205727\neural_training\yolo_sppf_visual_only_attention896_seed43
3,0.5480324317960997,0.7906828647006956,0.5182827165439016,0.8006746701061613,0.7378195466319504,197.364643573761,5e-05,5e-05,50.7,8.69,15.0,1.21,37.0,15.8,0.5505952380952381,0.5623100303951368,0.5563909774436091,0.7852337110481586,0.8680759444118222,0.8245793436831831,0.8953703703703704,0.6819464033850494,0.7742193755004003,0.8235489220563847,0.7704002482159479,0.7960884899006092,visual_only,attention,896,43,yolo_sppf_visual_only_attention896_seed43,<RUN_ROOT>\outputs\controlled_comparison_runs\run_20260528_205727\neural_eval\yolo_sppf_visual_only_attention896_seed43,<RUN_ROOT>\outputs\controlled_comparison_runs\run_20260528_205727\neural_training\yolo_sppf_visual_only_attention896_seed43
4,0.5092289645668575,0.803321250122465,0.4963269864194213,0.8178390713364421,0.7579536922281249,197.58866953849792,5e-05,5e-05,50.7,8.78,14.0,1.21,36.0,16.2,0.6137931034482759,0.541033434650456,0.5751211631663975,0.7870449495812681,0.9013505578391074,0.8403284671532846,0.860410094637224,0.7693935119887165,0.8123603871928519,0.8872659176029962,0.7350294756438102,0.804004751399966,visual_only,attention,896,43,yolo_sppf_visual_only_attention896_seed43,<RUN_ROOT>\outputs\controlled_comparison_runs\run_20260528_205727\neural_eval\yolo_sppf_visual_only_attention896_seed43,<RUN_ROOT>\outputs\controlled_comparison_runs\run_20260528_205727\neural_training\yolo_sppf_visual_only_attention896_seed43
5,0.5015640570942698,0.8064563534829039,0.5376341006459875,0.784303998412541,0.7423437298819804,197.7578012943268,5e-05,5e-05,50.8,8.82,15.0,1.21,37.0,15.9,0.5763239875389408,0.5623100303951368,0.5692307692307692,0.8387167655460338,0.7471129379526326,0.7902691511387163,0.8872901678657075,0.7827926657263752,0.83177219932559,0.7060161779575329,0.8665839280173752,0.7781027998328459,visual_only,attention,896,43,yolo_sppf_visual_only_attention896_seed43,<RUN_ROOT>\outputs\controlled_comparison_runs\run_20260528_205727\neural_eval\yolo_sppf_visual_only_attention896_seed43,<RUN_ROOT>\outputs\controlled_comparison_runs\run_20260528_205727\neural_training\yolo_sppf_visual_only_attention896_seed43
6,0.4825055126486153,0.8179190751445087,0.4935749864087455,0.8185335846810199,0.7559792587038427,197.4723002910614,5e-05,5e-05,50.9,8.83,15.0,1.21,36.0,17.0,0.4752252252252252,0.6413373860182371,0.5459249676584734,0.8160813308687616,0.8641612840086123,0.8394334062173211,0.8710691823899371,0.7813822284908322,0.8237918215613383,0.8520149001015916,0.7806391560657773,0.8147668393782384,visual_only,attention,896,43,yolo_sppf_visual_only_attention896_seed43,<RUN_ROOT>\outputs\controlled_comparison_runs\run_20260528_205727\neural_eval\yolo_sppf_visual_only_attention896_seed43,<RUN_ROOT>\outputs\controlled_comparison_runs\run_20260528_205727\neural_training\yolo_sppf_visual_only_attention896_seed43
7,0.4801748099044946,0.8162045654942687,0.5025863152788212,0.8057346959023712,0.7480760826648927,197.63602018356323,5e-05,5e-05,50.7,8.65,15.0,1.21,36.0,16.0,0.5,0.6200607902735562,0.55359565807327,0.8265770219497726,0.8181640242708945,0.8223490064922291,0.8949615713065756,0.7390691114245416,0.809578988026265,0.7810049375544583,0.8343158547936705,0.8067806780678067,visual_only,attention,896,43,yolo_sppf_visual_only_attention896_seed43,<RUN_ROOT>\outputs\controlled_comparison_runs\run_20260528_205727\neural_eval\yolo_sppf_visual_only_attention896_seed43,<RUN_ROOT>\outputs\controlled_comparison_runs\run_20260528_205727\neural_training\yolo_sppf_visual_only_attention896_seed43
8,0.4686259540924831,0.824385225825414,0.514428151902994,0.7996825081853358,0.7553954013316053,197.823029756546,5e-05,5e-05,50.8,8.65,14.0,1.21,36.0,17.2,0.5093896713615024,0.6595744680851063,0.5748344370860926,0.860511679644049,0.7570953219808182,0.8054977092877967,0.8337931034482758,0.8526093088857546,0.8430962343096233,0.7459546925566343,0.8582066397766056,0.7981532246429086,visual_only,attention,896,43,yolo_sppf_visual_only_attention896_seed43,<RUN_ROOT>\outputs\controlled_comparison_runs\run_20260528_205727\neural_eval\yolo_sppf_visual_only_attention896_seed43,<RUN_ROOT>\outputs\controlled_comparison_runs\run_20260528_205727\neural_training\yolo_sppf_visual_only_attention896_seed43
9,0.4605015448928113,0.8253159596355443,0.4660222152218459,0.8183351522968548,0.7723833388508812,197.58447003364563,5e-05,5e-05,50.7,8.65,15.0,1.21,36.0,15.8,0.5414634146341464,0.6747720364741642,0.6008119079837619,0.8476132190942472,0.813270698766882,0.8300869044051544,0.8187211601845749,0.8758815232722144,0.8463373083475298,0.808923076923077,0.8156996587030717,0.8122972346670786,visual_only,attention,896,43,yolo_sppf_visual_only_attention896_seed43,<RUN_ROOT>\outputs\controlled_comparison_runs\run_20260528_205727\neural_eval\yolo_sppf_visual_only_attention896_seed43,<RUN_ROOT>\outputs\controlled_comparison_runs\run_20260528_205727\neural_training\yolo_sppf_visual_only_attention896_seed43
10,0.4620495023363529,0.8246791417654551,0.5126114521600631,0.7921420775870622,0.7606712140593496,197.7019674777985,5e-05,5e-05,50.6,8.65,14.0,1.21,36.0,16.0,0.6713780918727915,0.5775075987841946,0.6209150326797386,0.8691479400749064,0.7267567038559405,0.7916000426393774,0.8109161793372319,0.8801128349788434,0.8440987487318228,0.7109159347553325,0.8789947254111077,0.7860710321864595,visual_only,attention,896,43,yolo_sppf_visual_only_attention896_seed43,<RUN_ROOT>\outputs\controlled_comparison_runs\run_20260528_205727\neural_eval\yolo_sppf_visual_only_attention896_seed43,<RUN_ROOT>\outputs\controlled_comparison_runs\run_20260528_205727\neural_training\yolo_sppf_visual_only_attention896_seed43
1,0.841784578353914,0.649407269520917,0.8624552187642881,0.6668320269868042,0.5435741795359799,185.48042345047,5e-05,5e-05,51.2,8.69,14.0,1.21,37.0,17.6,0.1631342324983943,0.7720364741641338,0.2693531283138918,0.7695004382120947,0.6874143668036797,0.726144939522382,0.9621212121212122,0.268688293370945,0.4200661521499448,0.7226277372262774,0.7986348122866894,0.7587324981577007,visual_only,attention,896,44,yolo_sppf_visual_only_attention896_seed44,<RUN_ROOT>\outputs\controlled_comparison_runs\run_20260528_205727\neural_eval\yolo_sppf_visual_only_attention896_seed44,<RUN_ROOT>\outputs\controlled_comparison_runs\run_20260528_205727\neural_training\yolo_sppf_visual_only_attention896_seed44
2,0.5882441723269636,0.7727050063681787,0.5354296065822598,0.7911499156662367,0.7342871605227781,198.3450398445129,5e-05,5e-05,50.7,8.69,15.0,1.21,37.0,16.2,0.5138888888888888,0.5623100303951368,0.5370101596516691,0.8073610023492561,0.8072029751419064,0.8072819810120386,0.8921232876712328,0.7348377997179125,0.805877803557618,0.7618356084809759,0.8138380390940118,0.786978697869787,visual_only,attention,896,44,yolo_sppf_visual_only_attention896_seed44,<RUN_ROOT>\outputs\controlled_comparison_runs\run_20260528_205727\neural_eval\yolo_sppf_visual_only_attention896_seed44,<RUN_ROOT>\outputs\controlled_comparison_runs\run_20260528_205727\neural_training\yolo_sppf_visual_only_attention896_seed44
3,0.5412450650105469,0.7932791221710591,0.5290088062218967,0.7912491318583192,0.7390313307153973,197.74691581726077,5e-05,5e-05,50.6,8.69,15.0,1.21,37.0,15.2,0.4647887323943662,0.601823708206687,0.5245033112582782,0.8418775686783474,0.7617929144646702,0.7998355939169749,0.8477337110481586,0.8441466854724965,0.8459363957597172,0.7429519071310116,0.8340055848588271,0.7858500219266188,visual_only,attention,896,44,yolo_sppf_visual_only_attention896_seed44,<RUN_ROOT>\outputs\controlled_comparison_runs\run_20260528_205727\neural_eval\yolo_sppf_visual_only_attention896_seed44,<RUN_ROOT>\outputs\controlled_comparison_runs\run_20260528_205727\neural_training\yolo_sppf_visual_only_attention896_seed44
4,0.5132378132015373,0.8074850592730479,0.6555086501205104,0.7258656612759202,0.6887620848637908,197.4799172878265,5e-05,5e-05,50.6,8.69,15.0,1.21,36.0,16.5,0.4878048780487805,0.60790273556231,0.5412719891745603,0.8175525339925834,0.647289097670777,0.7225256718374481,0.9186164801627672,0.6368124118476728,0.7521865889212829,0.6261581555699203,0.9016444306546696,0.7390640895218717,visual_only,attention,896,44,yolo_sppf_visual_only_attention896_seed44,<RUN_ROOT>\outputs\controlled_comparison_runs\run_20260528_205727\neural_eval\yolo_sppf_visual_only_attention896_seed44,<RUN_ROOT>\outputs\controlled_comparison_runs\run_20260528_205727\neural_training\yolo_sppf_visual_only_attention896_seed44
5,0.5025852075062669,0.8068972273929657,0.4816510309243486,0.817640638952277,0.7659710722785263,197.98306584358212,5e-05,5e-05,50.6,8.68,15.0,1.21,36.0,15.9,0.5418848167539267,0.6291793313069909,0.5822784810126582,0.8196381454956653,0.8512429046780192,0.8351416226596255,0.861890694239291,0.8229901269393513,0.8419913419913421,0.8291076720447811,0.7812596959354638,0.8044728434504792,visual_only,attention,896,44,yolo_sppf_visual_only_attention896_seed44,<RUN_ROOT>\outputs\controlled_comparison_runs\run_20260528_205727\neural_eval\yolo_sppf_visual_only_attention896_seed44,<RUN_ROOT>\outputs\controlled_comparison_runs\run_20260528_205727\neural_training\yolo_sppf_visual_only_attention896_seed44
6,0.4988534395001992,0.8084157930831782,0.4598477469786765,0.831034824883421,0.7779681206791194,198.4467349052429,5e-05,5e-05,50.6,8.7,15.0,1.21,36.0,15.8,0.6433566433566433,0.5592705167173252,0.5983739837398374,0.8218094887826407,0.8747308670972793,0.847444771024936,0.8313008130081301,0.8653032440056417,0.8479612992398066,0.8669676971170546,0.774433757368911,0.8180924287118978,visual_only,attention,896,44,yolo_sppf_visual_only_attention896_seed44,<RUN_ROOT>\outputs\controlled_comparison_runs\run_20260528_205727\neural_eval\yolo_sppf_visual_only_attention896_seed44,<RUN_ROOT>\outputs\controlled_comparison_runs\run_20260528_205727\neural_training\yolo_sppf_visual_only_attention896_seed44
7,0.4793741123482211,0.8174782012344469,0.5092035699391826,0.8035519396765552,0.7403384046873384,198.7807192802429,5e-05,5e-05,50.7,8.69,15.0,1.21,36.0,16.0,0.3795731707317073,0.756838905775076,0.5055837563451776,0.8371810449574727,0.8091603053435115,0.8229322185727083,0.8890714872637634,0.763046544428773,0.8212523719165086,0.8059975520195839,0.8172510083772883,0.8115852719149591,visual_only,attention,896,44,yolo_sppf_visual_only_attention896_seed44,<RUN_ROOT>\outputs\controlled_comparison_runs\run_20260528_205727\neural_eval\yolo_sppf_visual_only_attention896_seed44,<RUN_ROOT>\outputs\controlled_comparison_runs\run_20260528_205727\neural_training\yolo_sppf_visual_only_attention896_seed44
8,0.4673442637261739,0.823307534045263,0.4932430139151476,0.8213116380593313,0.7550375028012914,197.7692458629608,5e-05,5e-05,50.7,8.69,15.0,1.21,36.0,15.9,0.4769230769230769,0.6595744680851063,0.5535714285714286,0.7979955071712459,0.903895087101194,0.8476505139500734,0.8986013986013986,0.7249647390691114,0.8024980483996879,0.8967694021537319,0.7493018926466025,0.8164300202839756,visual_only,attention,896,44,yolo_sppf_visual_only_attention896_seed44,<RUN_ROOT>\outputs\controlled_comparison_runs\run_20260528_205727\neural_eval\yolo_sppf_visual_only_attention896_seed44,<RUN_ROOT>\outputs\controlled_comparison_runs\run_20260528_205727\neural_training\yolo_sppf_visual_only_attention896_seed44
9,0.4762267395386875,0.8198295287547761,0.5290006754372919,0.8098025597777557,0.7321963129508516,198.30804014205933,5e-05,5e-05,50.7,8.68,14.0,1.21,36.0,18.0,0.3556187766714082,0.7598784194528876,0.4844961240310077,0.8053128899982172,0.8841260520649834,0.8428811345400261,0.9025735294117648,0.692524682651622,0.7837190742218676,0.900709219858156,0.7486813527769159,0.817688919010505,visual_only,attention,896,44,yolo_sppf_visual_only_attention896_seed44,<RUN_ROOT>\outputs\controlled_comparison_runs\run_20260528_205727\neural_eval\yolo_sppf_visual_only_attention896_seed44,<RUN_ROOT>\outputs\controlled_comparison_runs\run_20260528_205727\neural_training\yolo_sppf_visual_only_attention896_seed44
10,0.4681217369351968,0.8235524639952974,0.5938924599930437,0.7572179779740054,0.7001729255385636,198.91565990448,5e-05,5e-05,50.7,8.68,15.0,1.21,36.0,16.3,0.4783549783549783,0.6717325227963525,0.5587863463969658,0.7970863683662851,0.7496574672147192,0.7726447448053259,0.9295942720763724,0.5493653032440057,0.6906028368794326,0.7050830397584298,0.869376357430965,0.7786577740725302,visual_only,attention,896,44,yolo_sppf_visual_only_attention896_seed44,<RUN_ROOT>\outputs\controlled_comparison_runs\run_20260528_205727\neural_eval\yolo_sppf_visual_only_attention896_seed44,<RUN_ROOT>\outputs\controlled_comparison_runs\run_20260528_205727\neural_training\yolo_sppf_visual_only_attention896_seed44
1,0.8882248188984992,0.6205055354168708,0.6081602820150909,0.7644607599960314,0.6881407362832208,328.35650086402893,5e-05,5e-05,50.9,10.81,4.0,1.36,39.0,8.0,0.3793103448275862,0.5015197568389058,0.4319371727748691,0.7438168449197861,0.8712076727343903,0.8024880555305146,0.8073654390934845,0.8039492242595204,0.8056537102473498,0.8669928825622776,0.6047161030096184,0.7124840065801499,visual_only,lstm,256,42,yolo_sppf_visual_only_lstm256_seed42,<RUN_ROOT>\outputs\controlled_comparison_runs\run_20260528_205727\neural_eval\yolo_sppf_visual_only_lstm256_seed42,<RUN_ROOT>\outputs\controlled_comparison_runs\run_20260528_205727\neural_training\yolo_sppf_visual_only_lstm256_seed42
2,0.640424307424073,0.7492897031449005,0.5700316077246079,0.7721996229784701,0.7212969222591556,213.8500771522522,5e-05,5e-05,53.1,11.02,11.0,1.5,38.0,9.7,0.437636761487965,0.60790273556231,0.5089058524173029,0.8358410060633281,0.728518301037385,0.7784982221292617,0.7820112429731418,0.8829337094499294,0.8294137131500496,0.7312219730941704,0.8094942600062054,0.7683699013400088,visual_only,lstm,256,42,yolo_sppf_visual_only_lstm256_seed42,<RUN_ROOT>\outputs\controlled_comparison_runs\run_20260528_205727\neural_eval\yolo_sppf_visual_only_lstm256_seed42,<RUN_ROOT>\outputs\controlled_comparison_runs\run_20260528_205727\neural_training\yolo_sppf_visual_only_lstm256_seed42
3,0.5837969622022959,0.771578328598021,0.6639838917417422,0.7568211132056751,0.6632439919273158,195.69232773780823,5e-05,5e-05,53.5,10.93,15.0,1.45,38.0,12.5,0.5910780669144982,0.4832826747720364,0.5317725752508361,0.727063465965143,0.8655314151497357,0.7902779018854436,0.9746835443037974,0.3801128349788434,0.5469304921359717,0.7899212598425197,0.7781569965870307,0.7839949984370116,visual_only,lstm,256,42,yolo_sppf_visual_only_lstm256_seed42,<RUN_ROOT>\outputs\controlled_comparison_runs\run_20260528_205727\neural_eval\yolo_sppf_visual_only_lstm256_seed42,<RUN_ROOT>\outputs\controlled_comparison_runs\run_20260528_205727\neural_training\yolo_sppf_visual_only_lstm256_seed42
4,0.5577833661605198,0.7861271676300579,0.5435187655545416,0.7925389423553924,0.7255342701171127,188.11071300506592,5e-05,5e-05,53.5,11.12,15.0,1.64,38.0,12.7,0.4866310160427807,0.5531914893617021,0.5177809388335703,0.7931162790697674,0.8344098649442161,0.8132392216711181,0.8873751135331517,0.6889985895627645,0.775704644700278,0.7946732734592753,0.7961526528079429,0.7954122752634842,visual_only,lstm,256,42,yolo_sppf_visual_only_lstm256_seed42,<RUN_ROOT>\outputs\controlled_comparison_runs\run_20260528_205727\neural_eval\yolo_sppf_visual_only_lstm256_seed42,<RUN_ROOT>\outputs\controlled_comparison_runs\run_20260528_205727\neural_training\yolo_sppf_visual_only_lstm256_seed42
5,0.5245103434802596,0.8024884882923484,0.6287391804143905,0.7519595197936303,0.7018010603092846,194.59885478019717,5e-05,5e-05,52.9,11.11,15.0,1.64,37.0,12.4,0.5212121212121212,0.5227963525835866,0.5220030349013657,0.8056226663738194,0.717948717948718,0.7592630925274271,0.9194499017681728,0.6600846262341326,0.7684729064039408,0.6708951651507898,0.8696866273658083,0.7574652074044048,visual_only,lstm,256,42,yolo_sppf_visual_only_lstm256_seed42,<RUN_ROOT>\outputs\controlled_comparison_runs\run_20260528_205727\neural_eval\yolo_sppf_visual_only_lstm256_seed42,<RUN_ROOT>\outputs\controlled_comparison_runs\run_20260528_205727\neural_training\yolo_sppf_visual_only_lstm256_seed42
6,0.5190435667233221,0.8015087684922112,0.5776592048202892,0.7863875384462744,0.7151994922433411,985.1414711475372,5e-05,5e-05,34.2,10.91,3.0,1.58,36.0,8.6,0.3864915572232645,0.6261398176291794,0.4779582366589327,0.807307012374779,0.8044627128596594,0.8058823529411764,0.8935779816513761,0.68688293370945,0.7767145135566188,0.7833580980683507,0.8178715482469748,0.8002428658166363,visual_only,lstm,256,42,yolo_sppf_visual_only_lstm256_seed42,<RUN_ROOT>\outputs\controlled_comparison_runs\run_20260528_205727\neural_eval\yolo_sppf_visual_only_lstm256_seed42,<RUN_ROOT>\outputs\controlled_comparison_runs\run_20260528_205727\neural_training\yolo_sppf_visual_only_lstm256_seed42
7,0.4989317471984785,0.8113059664935829,0.6003092699270282,0.7789463240400833,0.6813848074381451,731.9215564727783,5e-05,5e-05,33.9,9.99,3.0,1.59,34.0,8.1,0.3307692307692307,0.6534954407294833,0.439223697650664,0.7780344766305314,0.8569191622626737,0.8155737704918032,0.9341085271317828,0.5098730606488011,0.6596715328467153,0.8371862615587847,0.7865342848278002,0.811070228763398,visual_only,lstm,256,42,yolo_sppf_visual_only_lstm256_seed42,<RUN_ROOT>\outputs\controlled_comparison_runs\run_20260528_205727\neural_eval\yolo_sppf_visual_only_lstm256_seed42,<RUN_ROOT>\outputs\controlled_comparison_runs\run_20260528_205727\neural_training\yolo_sppf_visual_only_lstm256_seed42
8,0.4881115449084477,0.8111590085235623,0.5701995609357716,0.7828157555313027,0.6995292198080265,261.29797101020813,5e-05,5e-05,50.0,10.12,12.0,1.59,35.0,10.4,0.3357558139534883,0.7021276595744681,0.4542772861356932,0.8009127210496292,0.8244274809160306,0.8125,0.909967845659164,0.5987306064880112,0.7222458528285836,0.8121287902469522,0.806081290722929,0.8090937402678293,visual_only,lstm,256,42,yolo_sppf_visual_only_lstm256_seed42,<RUN_ROOT>\outputs\controlled_comparison_runs\run_20260528_205727\neural_eval\yolo_sppf_visual_only_lstm256_seed42,<RUN_ROOT>\outputs\controlled_comparison_runs\run_20260528_205727\neural_training\yolo_sppf_visual_only_lstm256_seed42
9,0.4750298358394901,0.8183109630645635,0.5760427560834658,0.7779541621192578,0.7110409096392138,214.7189264297485,5e-05,5e-05,52.8,10.29,21.0,1.6,36.0,13.7,0.2968917470525187,0.8419452887537994,0.438985736925515,0.8575011399908801,0.7361518888236446,0.7922064244339125,0.7119955776672194,0.9083215796897038,0.7982646420824295,0.8522534733988478,0.7803288861309339,0.8147068351149983,visual_only,lstm,256,42,yolo_sppf_visual_only_lstm256_seed42,<RUN_ROOT>\outputs\controlled_comparison_runs\run_20260528_205727\neural_eval\yolo_sppf_visual_only_lstm256_seed42,<RUN_ROOT>\outputs\controlled_comparison_runs\run_20260528_205727\neural_training\yolo_sppf_visual_only_lstm256_seed42
10,0.4698493669632834,0.8214950524150093,0.4999512214346656,0.8088103978569302,0.7396454064471228,199.02963757514956,5e-05,5e-05,53.5,10.29,22.0,1.6,37.0,11.4,0.3572433192686357,0.7720364741641338,0.4884615384615384,0.8284437536428988,0.8346055979643766,0.8315132605304213,0.8504958047292144,0.7863187588152327,0.8171491388787102,0.8656357388316152,0.7815699658703071,0.8214576879178216,visual_only,lstm,256,42,yolo_sppf_visual_only_lstm256_seed42,<RUN_ROOT>\outputs\controlled_comparison_runs\run_20260528_205727\neural_eval\yolo_sppf_visual_only_lstm256_seed42,<RUN_ROOT>\outputs\controlled_comparison_runs\run_20260528_205727\neural_training\yolo_sppf_visual_only_lstm256_seed42
1,0.8973895037739441,0.6164396982463015,0.687674239029487,0.7132652048814366,0.639582988692983,182.1790988445282,5e-05,5e-05,52.9,10.3,9.0,1.6,38.0,15.3,0.158273381294964,0.668693009118541,0.2559627690517743,0.7867663222686304,0.7005284791544334,0.7411472354524746,0.7877358490566038,0.8244005641748943,0.8056512749827707,0.8362198795180723,0.6891095252869996,0.7555706752849124,visual_only,lstm,256,43,yolo_sppf_visual_only_lstm256_seed43,<RUN_ROOT>\outputs\controlled_comparison_runs\run_20260528_205727\neural_eval\yolo_sppf_visual_only_lstm256_seed43,<RUN_ROOT>\outputs\controlled_comparison_runs\run_20260528_205727\neural_training\yolo_sppf_visual_only_lstm256_seed43
2,0.6284092669740179,0.7571274615459979,0.5920869271197017,0.7693223534080762,0.7058846459996846,183.96296048164368,5e-05,5e-05,50.8,10.32,9.0,1.6,38.0,15.7,0.362453531598513,0.5927051671732523,0.4498269896193771,0.8139830508474576,0.7520062634566451,0.7817682368501373,0.8682965299684543,0.7764456981664316,0.8198064035740878,0.7362792006754855,0.8116661495501086,0.7721369539551357,visual_only,lstm,256,43,yolo_sppf_visual_only_lstm256_seed43,<RUN_ROOT>\outputs\controlled_comparison_runs\run_20260528_205727\neural_eval\yolo_sppf_visual_only_lstm256_seed43,<RUN_ROOT>\outputs\controlled_comparison_runs\run_20260528_205727\neural_training\yolo_sppf_visual_only_lstm256_seed43
3,0.5821047780165292,0.7751053198785147,0.5368940930562242,0.8014683996428217,0.7305935820088512,182.11873364448547,5e-05,5e-05,50.9,10.31,9.0,1.6,38.0,15.5,0.5579710144927537,0.4680851063829787,0.5090909090909091,0.7835938872299315,0.8731650029359953,0.8259581558970562,0.9106498194945848,0.7115655853314528,0.79889152810768,0.8174550299800133,0.7614024201054918,0.788433734939759,visual_only,lstm,256,43,yolo_sppf_visual_only_lstm256_seed43,<RUN_ROOT>\outputs\controlled_comparison_runs\run_20260528_205727\neural_eval\yolo_sppf_visual_only_lstm256_seed43,<RUN_ROOT>\outputs\controlled_comparison_runs\run_20260528_205727\neural_training\yolo_sppf_visual_only_lstm256_seed43
4,0.5454028432423885,0.7910747526207504,0.5489672940874857,0.7876773489433475,0.7144516646139007,181.7415497303009,5e-05,5e-05,50.9,10.13,9.0,1.6,38.0,15.1,0.3278008298755187,0.7203647416413373,0.4505703422053231,0.7899817850637523,0.8488941084360931,0.8183790923672044,0.8509463722397477,0.7609308885754584,0.8034251675353686,0.8799076212471132,0.709277071051815,0.7854320563477065,visual_only,lstm,256,43,yolo_sppf_visual_only_lstm256_seed43,<RUN_ROOT>\outputs\controlled_comparison_runs\run_20260528_205727\neural_eval\yolo_sppf_visual_only_lstm256_seed43,<RUN_ROOT>\outputs\controlled_comparison_runs\run_20260528_205727\neural_training\yolo_sppf_visual_only_lstm256_seed43
5,0.5326899963147869,0.7985696090917997,0.522551678264484,0.8067268578231968,0.7242550886525437,181.92409944534305,5e-05,5e-05,50.9,10.14,9.0,1.6,38.0,15.0,0.4602739726027397,0.5106382978723404,0.4841498559077809,0.7727949693860665,0.91407320414954,0.8375179340028693,0.9173076923076924,0.6727785613540197,0.7762408462164361,0.8890155834283542,0.7257213775985107,0.7991117184830885,visual_only,lstm,256,43,yolo_sppf_visual_only_lstm256_seed43,<RUN_ROOT>\outputs\controlled_comparison_runs\run_20260528_205727\neural_eval\yolo_sppf_visual_only_lstm256_seed43,<RUN_ROOT>\outputs\controlled_comparison_runs\run_20260528_205727\neural_training\yolo_sppf_visual_only_lstm256_seed43
6,0.5111631658220179,0.805721563632801,0.5574837375373122,0.795713860502034,0.7160736541637589,181.7227020263672,5e-05,5e-05,50.9,10.14,9.0,1.6,38.0,15.0,0.3745928338762215,0.6990881458966566,0.4878048780487805,0.7685690653432589,0.909375611665688,0.8330643715259101,0.9105527638190954,0.6389280677009873,0.7509324492333196,0.9228865979381444,0.694384114179336,0.7924929178470255,visual_only,lstm,256,43,yolo_sppf_visual_only_lstm256_seed43,<RUN_ROOT>\outputs\controlled_comparison_runs\run_20260528_205727\neural_eval\yolo_sppf_visual_only_lstm256_seed43,<RUN_ROOT>\outputs\controlled_comparison_runs\run_20260528_205727\neural_training\yolo_sppf_visual_only_lstm256_seed43
7,0.5012853128140716,0.81057117664348,0.5140121503082651,0.8024605615636472,0.7415750473019932,182.0590395927429,5e-05,5e-05,51.0,10.13,9.0,1.6,38.0,15.8,0.4738095238095238,0.6048632218844985,0.5313751668891856,0.8278541542139869,0.813270698766882,0.8204976303317536,0.8564742589703588,0.7743300423131171,0.8133333333333334,0.7849910661107802,0.8178715482469748,0.8010940586537,visual_only,lstm,256,43,yolo_sppf_visual_only_lstm256_seed43,<RUN_ROOT>\outputs\controlled_comparison_runs\run_20260528_205727\neural_eval\yolo_sppf_visual_only_lstm256_seed43,<RUN_ROOT>\outputs\controlled_comparison_runs\run_20260528_205727\neural_training\yolo_sppf_visual_only_lstm256_seed43
8,0.4951264719802851,0.8116488684236308,0.5047816557647099,0.8042464530211331,0.7443791724681439,181.3352973461151,5e-05,5e-05,50.9,10.15,9.0,1.6,39.0,15.1,0.3855606758832565,0.7629179331306991,0.5122448979591837,0.8413412390104273,0.8054413779604619,0.8230000000000001,0.8282758620689655,0.8469675599435825,0.8375174337517434,0.8224813735017816,0.7877753645671735,0.8047543581616482,visual_only,lstm,256,43,yolo_sppf_visual_only_lstm256_seed43,<RUN_ROOT>\outputs\controlled_comparison_runs\run_20260528_205727\neural_eval\yolo_sppf_visual_only_lstm256_seed43,<RUN_ROOT>\outputs\controlled_comparison_runs\run_20260528_205727\neural_training\yolo_sppf_visual_only_lstm256_seed43
9,0.4761384115977721,0.818164005094543,0.5389415216610013,0.7887687270562556,0.7314420265891222,180.1498703956604,5e-05,5e-05,51.1,10.31,9.0,1.6,38.0,10.6,0.3675595238095238,0.7507598784194529,0.4935064935064935,0.8431754272117673,0.7629673125856332,0.8010686395396631,0.8846761453396524,0.7898448519040903,0.834575260804769,0.7632177373507675,0.8330747750542973,0.7966177125055631,visual_only,lstm,256,43,yolo_sppf_visual_only_lstm256_seed43,<RUN_ROOT>\outputs\controlled_comparison_runs\run_20260528_205727\neural_eval\yolo_sppf_visual_only_lstm256_seed43,<RUN_ROOT>\outputs\controlled_comparison_runs\run_20260528_205727\neural_training\yolo_sppf_visual_only_lstm256_seed43
10,0.4736576805410901,0.8207112765748996,0.5421981239314413,0.7907530508979065,0.7367154575421296,175.794903755188,5e-05,5e-05,51.1,10.31,9.0,1.6,37.0,10.9,0.6651376146788991,0.4407294832826747,0.5301645338208409,0.8318754000426712,0.7631630456057937,0.796039199673336,0.8446531791907514,0.8244005641748943,0.8344039971448964,0.7274406332453826,0.8554142103630158,0.7862540995294452,visual_only,lstm,256,43,yolo_sppf_visual_only_lstm256_seed43,<RUN_ROOT>\outputs\controlled_comparison_runs\run_20260528_205727\neural_eval\yolo_sppf_visual_only_lstm256_seed43,<RUN_ROOT>\outputs\controlled_comparison_runs\run_20260528_205727\neural_training\yolo_sppf_visual_only_lstm256_seed43
1,0.8959552693096074,0.624228470657392,0.8276162494092234,0.6309157654529219,0.5865556344489886,172.38200879096985,5e-05,5e-05,50.9,10.3,8.0,1.6,38.0,15.4,0.2599179206566347,0.5775075987841946,0.3584905660377359,0.8135994587280109,0.4707379134860051,0.5964042157470552,0.9187705817782656,0.5902679830747531,0.7187634177758695,0.5340266374749133,0.9081600992863792,0.6725643382352942,visual_only,lstm,256,44,yolo_sppf_visual_only_lstm256_seed44,<RUN_ROOT>\outputs\controlled_comparison_runs\run_20260528_205727\neural_eval\yolo_sppf_visual_only_lstm256_seed44,<RUN_ROOT>\outputs\controlled_comparison_runs\run_20260528_205727\neural_training\yolo_sppf_visual_only_lstm256_seed44
2,0.6490308854460343,0.7462035857744685,0.553419982074272,0.7934318880841353,0.7094069992307741,177.3697965145111,5e-05,5e-05,51.2,10.3,9.0,1.6,36.0,10.3,0.3946731234866828,0.4954407294832826,0.4393530997304582,0.770659396830806,0.8853004501859464,0.8240116596830023,0.8176382660687593,0.771509167842031,0.7939042089985485,0.9015860105734038,0.6878684455476264,0.7803590285110876,visual_only,lstm,256,44,yolo_sppf_visual_only_lstm256_seed44,<RUN_ROOT>\outputs\controlled_comparison_runs\run_20260528_205727\neural_eval\yolo_sppf_visual_only_lstm256_seed44,<RUN_ROOT>\outputs\controlled_comparison_runs\run_20260528_205727\neural_training\yolo_sppf_visual_only_lstm256_seed44
3,0.5827719887666007,0.7773586754188302,0.6012080110934755,0.7592023018156563,0.7168893719389431,186.13933396339417,5e-05,5e-05,53.7,10.36,8.0,1.6,37.0,9.2,0.5910780669144982,0.4832826747720364,0.5317725752508361,0.842529296875,0.6754746525738892,0.749809885931559,0.7570921985815603,0.9033850493653032,0.8237942122186495,0.6864743908503232,0.856655290102389,0.7621808143547273,visual_only,lstm,256,44,yolo_sppf_visual_only_lstm256_seed44,<RUN_ROOT>\outputs\controlled_comparison_runs\run_20260528_205727\neural_eval\yolo_sppf_visual_only_lstm256_seed44,<RUN_ROOT>\outputs\controlled_comparison_runs\run_20260528_205727\neural_training\yolo_sppf_visual_only_lstm256_seed44
4,0.5532749210335431,0.7884295091603801,0.597739719781315,0.7736878658597083,0.6936935400752317,181.0030832290649,5e-05,5e-05,51.4,10.37,23.0,1.6,36.0,13.5,0.5919282511210763,0.4012158054711246,0.4782608695652174,0.7674375917767988,0.818359757291055,0.7920810836411859,0.9152915291529152,0.5867418899858956,0.7150837988826816,0.7582166333238068,0.8231461371393112,0.7893484082118417,visual_only,lstm,256,44,yolo_sppf_visual_only_lstm256_seed44,<RUN_ROOT>\outputs\controlled_comparison_runs\run_20260528_205727\neural_eval\yolo_sppf_visual_only_lstm256_seed44,<RUN_ROOT>\outputs\controlled_comparison_runs\run_20260528_205727\neural_training\yolo_sppf_visual_only_lstm256_seed44
5,0.5354269398931052,0.7946507298912511,0.5297753613338703,0.7952177795416212,0.7418574016027397,185.4687192440033,5e-05,5e-05,53.5,10.21,22.0,1.6,37.0,12.4,0.450207468879668,0.6595744680851063,0.5351418002466092,0.8440189328743546,0.7678606380896458,0.8041406169929282,0.8306165839829908,0.8265162200282088,0.8285613290915518,0.7639909553420011,0.8386596338814769,0.7995858600798698,visual_only,lstm,256,44,yolo_sppf_visual_only_lstm256_seed44,<RUN_ROOT>\outputs\controlled_comparison_runs\run_20260528_205727\neural_eval\yolo_sppf_visual_only_lstm256_seed44,<RUN_ROOT>\outputs\controlled_comparison_runs\run_20260528_205727\neural_training\yolo_sppf_visual_only_lstm256_seed44
6,0.5265974640425843,0.8017047124522386,0.513027672760839,0.8120845321956544,0.7164743747047299,186.31221413612369,5e-05,5e-05,54.9,10.95,7.0,1.61,37.0,9.0,0.6756756756756757,0.303951367781155,0.4192872117400419,0.7771196479945846,0.898806028577021,0.8335451080050826,0.8524332810047096,0.765867418899859,0.8068350668647846,0.8759097525473072,0.746819733167856,0.8062301122090102,visual_only,lstm,256,44,yolo_sppf_visual_only_lstm256_seed44,<RUN_ROOT>\outputs\controlled_comparison_runs\run_20260528_205727\neural_eval\yolo_sppf_visual_only_lstm256_seed44,<RUN_ROOT>\outputs\controlled_comparison_runs\run_20260528_205727\neural_training\yolo_sppf_visual_only_lstm256_seed44
7,0.4987534795709678,0.8116488684236308,0.5375196245957226,0.7974997519595198,0.7340064937271028,177.97047424316406,5e-05,5e-05,52.0,10.86,12.0,1.58,37.0,8.9,0.4522821576763485,0.662613981762918,0.5376078914919853,0.8022598870056498,0.8338226658837345,0.8177368269507631,0.8900091659028414,0.6847672778561354,0.7740135512156238,0.8100750938673341,0.8032888613093391,0.806667705250039,visual_only,lstm,256,44,yolo_sppf_visual_only_lstm256_seed44,<RUN_ROOT>\outputs\controlled_comparison_runs\run_20260528_205727\neural_eval\yolo_sppf_visual_only_lstm256_seed44,<RUN_ROOT>\outputs\controlled_comparison_runs\run_20260528_205727\neural_training\yolo_sppf_visual_only_lstm256_seed44
8,0.4862529366134102,0.8148329577740766,0.5418484961081829,0.7967060224228594,0.7210565252933346,180.41991353034973,5e-05,5e-05,52.0,10.96,14.0,1.57,37.0,10.0,0.3733333333333333,0.6808510638297872,0.4822389666307858,0.7962596655277828,0.8667058132706987,0.8299906279287723,0.8171206225680934,0.7404795486600846,0.7769145394006659,0.8841625522218002,0.7223084083152342,0.7950819672131147,visual_only,lstm,256,44,yolo_sppf_visual_only_lstm256_seed44,<RUN_ROOT>\outputs\controlled_comparison_runs\run_20260528_205727\neural_eval\yolo_sppf_visual_only_lstm256_seed44,<RUN_ROOT>\outputs\controlled_comparison_runs\run_20260528_205727\neural_training\yolo_sppf_visual_only_lstm256_seed44
9,0.4828350919074026,0.8174782012344469,0.6023633922232197,0.7668419486060125,0.7029742559733357,183.9266095161438,5e-05,5e-05,53.1,11.31,7.0,1.64,38.0,10.8,0.3485064011379801,0.7446808510638298,0.4748062015503876,0.8284153005464481,0.7418281464082991,0.7827344072697232,0.9008579599618683,0.6664315937940761,0.7661126874746657,0.7326759061833689,0.8529320508842693,0.7882437275985663,visual_only,lstm,256,44,yolo_sppf_visual_only_lstm256_seed44,<RUN_ROOT>\outputs\controlled_comparison_runs\run_20260528_205727\neural_eval\yolo_sppf_visual_only_lstm256_seed44,<RUN_ROOT>\outputs\controlled_comparison_runs\run_20260528_205727\neural_training\yolo_sppf_visual_only_lstm256_seed44
10,0.4776819604609547,0.8187028509846184,0.6941712823027508,0.7227899593213613,0.6526697325683939,184.83198595047,5e-05,5e-05,52.3,10.68,24.0,1.4,37.0,14.3,0.3433908045977011,0.7264437689969605,0.4663414634146341,0.7799867461895295,0.6911332941867293,0.7328767123287672,0.903846153846154,0.4971791255289139,0.6414922656960874,0.6894013738959764,0.8718585169097115,0.7699684888340868,visual_only,lstm,256,44,yolo_sppf_visual_only_lstm256_seed44,<RUN_ROOT>\outputs\controlled_comparison_runs\run_20260528_205727\neural_eval\yolo_sppf_visual_only_lstm256_seed44,<RUN_ROOT>\outputs\controlled_comparison_runs\run_20260528_205727\neural_training\yolo_sppf_visual_only_lstm256_seed44
1,0.8446910467617751,0.6460762222004507,0.6000311959327923,0.7752753249330291,0.6890951244406198,191.37326169013977,5e-05,5e-05,54.3,10.94,14.0,1.48,37.0,11.4,0.5317073170731708,0.331306990881459,0.4082397003745319,0.7657286252016491,0.8361714621256606,0.7994011976047904,0.8871252204585538,0.7094499294781382,0.7884012539184954,0.7677950015817779,0.7530251318647223,0.7603383458646618,visual_only,lstm,512,42,yolo_sppf_visual_only_lstm512_seed42,<RUN_ROOT>\outputs\controlled_comparison_runs\run_20260528_205727\neural_eval\yolo_sppf_visual_only_lstm512_seed42,<RUN_ROOT>\outputs\controlled_comparison_runs\run_20260528_205727\neural_training\yolo_sppf_visual_only_lstm512_seed42
2,0.618502316465105,0.7588909571862448,0.5321618940814266,0.79789661672785,0.7387668599831136,196.4488444328308,5e-05,5e-05,52.5,11.01,12.0,1.51,38.0,11.1,0.4475374732334047,0.6352583586626139,0.5251256281407035,0.8265224358974359,0.8075944411822275,0.816948816948817,0.7745341614906832,0.8794076163610719,0.8236459709379128,0.8172757475083057,0.7632640397145517,0.7893470239050215,visual_only,lstm,512,42,yolo_sppf_visual_only_lstm512_seed42,<RUN_ROOT>\outputs\controlled_comparison_runs\run_20260528_205727\neural_eval\yolo_sppf_visual_only_lstm512_seed42,<RUN_ROOT>\outputs\controlled_comparison_runs\run_20260528_205727\neural_training\yolo_sppf_visual_only_lstm512_seed42
3,0.5760026080796617,0.777113745468796,0.6903276551840087,0.7475940073419982,0.6525367589204996,191.63105273246765,5e-05,5e-05,53.3,10.76,11.0,1.55,38.0,9.9,0.5252225519287834,0.5379939209726444,0.5315315315315315,0.7386324192988546,0.8330397338030926,0.7830006439150033,0.9803536345776032,0.3519040902679831,0.5179034769071095,0.7499279746470757,0.8076326403971456,0.7777113833283538,visual_only,lstm,512,42,yolo_sppf_visual_only_lstm512_seed42,<RUN_ROOT>\outputs\controlled_comparison_runs\run_20260528_205727\neural_eval\yolo_sppf_visual_only_lstm512_seed42,<RUN_ROOT>\outputs\controlled_comparison_runs\run_20260528_205727\neural_training\yolo_sppf_visual_only_lstm512_seed42
4,0.5521692973342622,0.7856862937199961,0.5634704910152193,0.7899593213612461,0.7029023175072309,199.6112685203552,5e-05,5e-05,51.3,10.74,11.0,1.55,38.0,15.8,0.3159379407616361,0.6808510638297872,0.4315992292870905,0.8006999447412047,0.8508514386376982,0.825014234200038,0.8875968992248062,0.6459802538787024,0.7477551020408162,0.8508078377449295,0.7679180887372014,0.8072407045009785,visual_only,lstm,512,42,yolo_sppf_visual_only_lstm512_seed42,<RUN_ROOT>\outputs\controlled_comparison_runs\run_20260528_205727\neural_eval\yolo_sppf_visual_only_lstm512_seed42,<RUN_ROOT>\outputs\controlled_comparison_runs\run_20260528_205727\neural_training\yolo_sppf_visual_only_lstm512_seed42
5,0.5159964876243593,0.8029293622024101,0.798566002029896,0.6694116479809505,0.6453058178047022,206.7975444793701,5e-05,5e-05,51.1,10.72,11.0,1.55,38.0,14.9,0.5475285171102662,0.4376899696048632,0.4864864864864864,0.8028335301062574,0.5323938148365629,0.6402259621042721,0.9553014553014552,0.6480959097320169,0.7722689075630254,0.5422612513721186,0.9196400868755816,0.6822419150650249,visual_only,lstm,512,42,yolo_sppf_visual_only_lstm512_seed42,<RUN_ROOT>\outputs\controlled_comparison_runs\run_20260528_205727\neural_eval\yolo_sppf_visual_only_lstm512_seed42,<RUN_ROOT>\outputs\controlled_comparison_runs\run_20260528_205727\neural_training\yolo_sppf_visual_only_lstm512_seed42
6,0.5188127025862612,0.8032232781424513,0.5844296454481545,0.7842047822204584,0.7343638220733044,206.57757306098935,5e-05,5e-05,51.0,10.75,11.0,1.55,39.0,15.8,0.4797136038186158,0.6109422492401215,0.5374331550802138,0.8302939283415576,0.7574867880211391,0.7922210849539406,0.8968386023294509,0.7602256699576869,0.8229007633587787,0.7255728206478799,0.8547936704933292,0.7849002849002849,visual_only,lstm,512,42,yolo_sppf_visual_only_lstm512_seed42,<RUN_ROOT>\outputs\controlled_comparison_runs\run_20260528_205727\neural_eval\yolo_sppf_visual_only_lstm512_seed42,<RUN_ROOT>\outputs\controlled_comparison_runs\run_20260528_205727\neural_training\yolo_sppf_visual_only_lstm512_seed42
7,0.4921525261046651,0.8104242186734594,0.5314863243517244,0.8003770215299136,0.7496878312048654,206.91331481933597,5e-05,5e-05,51.0,10.71,11.0,1.55,39.0,15.6,0.4488636363636363,0.7203647416413373,0.5530921820303384,0.8458121827411168,0.7827363476218439,0.8130527599878012,0.9004934210526315,0.7722143864598026,0.8314350797266514,0.7585250901025783,0.8488985417313062,0.8011713030746705,visual_only,lstm,512,42,yolo_sppf_visual_only_lstm512_seed42,<RUN_ROOT>\outputs\controlled_comparison_runs\run_20260528_205727\neural_eval\yolo_sppf_visual_only_lstm512_seed42,<RUN_ROOT>\outputs\controlled_comparison_runs\run_20260528_205727\neural_training\yolo_sppf_visual_only_lstm512_seed42
8,0.4818407322767666,0.81400019594396,0.5841840011370738,0.788669510864173,0.7043282623084601,206.63449096679688,5e-05,5e-05,51.0,10.74,11.0,1.55,39.0,15.1,0.3307593307593308,0.7811550151975684,0.4647377938517179,0.7969841853622656,0.8483069093756117,0.8218450744287474,0.9052287581699346,0.5860366713681241,0.711472602739726,0.8577732518669382,0.7840521253490537,0.819257578213649,visual_only,lstm,512,42,yolo_sppf_visual_only_lstm512_seed42,<RUN_ROOT>\outputs\controlled_comparison_runs\run_20260528_205727\neural_eval\yolo_sppf_visual_only_lstm512_seed42,<RUN_ROOT>\outputs\controlled_comparison_runs\run_20260528_205727\neural_training\yolo_sppf_visual_only_lstm512_seed42
9,0.4731926956625661,0.8195845988047419,0.6038768624742737,0.7599960313523167,0.7053676948662962,206.7273421287537,5e-05,5e-05,51.0,10.74,11.0,1.55,39.0,15.5,0.3349937733499377,0.817629179331307,0.4752650176678445,0.8819371727748692,0.6594245449207281,0.754619778250644,0.6833248342682305,0.9449929478138224,0.7931340633323468,0.7673819742489271,0.8321439652497673,0.7984519202143495,visual_only,lstm,512,42,yolo_sppf_visual_only_lstm512_seed42,<RUN_ROOT>\outputs\controlled_comparison_runs\run_20260528_205727\neural_eval\yolo_sppf_visual_only_lstm512_seed42,<RUN_ROOT>\outputs\controlled_comparison_runs\run_20260528_205727\neural_training\yolo_sppf_visual_only_lstm512_seed42
10,0.4709073080065248,0.8197805427647693,0.5587538522180348,0.7861891060621093,0.7158069364230976,206.8722674846649,5e-05,5e-05,51.1,10.74,10.0,1.55,38.0,16.4,0.2732394366197183,0.8844984802431611,0.4175035868005739,0.8606611936986909,0.7592483852025836,0.8067803660565723,0.8019060585432267,0.8307475317348378,0.8160720471077243,0.847926267281106,0.799255352156376,0.8228717457275195,visual_only,lstm,512,42,yolo_sppf_visual_only_lstm512_seed42,<RUN_ROOT>\outputs\controlled_comparison_runs\run_20260528_205727\neural_eval\yolo_sppf_visual_only_lstm512_seed42,<RUN_ROOT>\outputs\controlled_comparison_runs\run_20260528_205727\neural_training\yolo_sppf_visual_only_lstm512_seed42
1,0.8467767222150927,0.6457823062604096,0.9292442121202984,0.5749578331183649,0.5450028896154501,195.81830763816836,5e-05,5e-05,51.1,10.78,10.0,1.55,39.0,14.7,0.1208133971291866,0.9209726443768996,0.2136059217483256,0.8458188153310104,0.3801135251516931,0.524510465901418,0.9069037656903766,0.6114245416078985,0.7304128053917438,0.6212086131048854,0.8324542351846106,0.711482365420313,visual_only,lstm,512,43,yolo_sppf_visual_only_lstm512_seed43,<RUN_ROOT>\outputs\controlled_comparison_runs\run_20260528_205727\neural_eval\yolo_sppf_visual_only_lstm512_seed43,<RUN_ROOT>\outputs\controlled_comparison_runs\run_20260528_205727\neural_training\yolo_sppf_visual_only_lstm512_seed43
2,0.612910501886638,0.7646223180170472,0.7914601145873941,0.6815160234150214,0.646887411967786,206.991144657135,5e-05,5e-05,50.9,10.78,11.0,1.55,39.0,15.4,0.2966887417218543,0.6808510638297872,0.4132841328413284,0.8869875222816399,0.4869837541593266,0.6287591609805407,0.7864746399499061,0.8857545839210155,0.8331674958540629,0.5893945550589191,0.900093080980453,0.7123388581952118,visual_only,lstm,512,43,yolo_sppf_visual_only_lstm512_seed43,<RUN_ROOT>\outputs\controlled_comparison_runs\run_20260528_205727\neural_eval\yolo_sppf_visual_only_lstm512_seed43,<RUN_ROOT>\outputs\controlled_comparison_runs\run_20260528_205727\neural_training\yolo_sppf_visual_only_lstm512_seed43
3,0.5786306540011705,0.7780444792789263,0.5041690080382285,0.8119853160035718,0.7441118362189281,207.50447845458984,5e-05,5e-05,51.0,10.78,10.0,1.55,39.0,15.9,0.5772058823529411,0.4772036474164133,0.5224625623960066,0.7840109795848345,0.89449990213349,0.8356189431340282,0.8496296296296296,0.808885754583921,0.8287572254335259,0.8789954337899544,0.7167235494880546,0.7896086139121519,visual_only,lstm,512,43,yolo_sppf_visual_only_lstm512_seed43,<RUN_ROOT>\outputs\controlled_comparison_runs\run_20260528_205727\neural_eval\yolo_sppf_visual_only_lstm512_seed43,<RUN_ROOT>\outputs\controlled_comparison_runs\run_20260528_205727\neural_training\yolo_sppf_visual_only_lstm512_seed43
4,0.5452971017180845,0.7886254531204075,0.6705768308439661,0.7573171941660879,0.6453490567291457,207.1176564693451,5e-05,5e-05,50.9,10.81,10.0,1.55,39.0,16.3,0.352253756260434,0.6413373860182371,0.4547413793103448,0.737275811924382,0.8931297709923665,0.8077535847052577,0.9482142857142856,0.3744710860366713,0.5369059656218402,0.8524350054924936,0.7223084083152342,0.7819952972791401,visual_only,lstm,512,43,yolo_sppf_visual_only_lstm512_seed43,<RUN_ROOT>\outputs\controlled_comparison_runs\run_20260528_205727\neural_eval\yolo_sppf_visual_only_lstm512_seed43,<RUN_ROOT>\outputs\controlled_comparison_runs\run_20260528_205727\neural_training\yolo_sppf_visual_only_lstm512_seed43
5,0.5285185596914407,0.799157440971882,0.5455274626450052,0.7888679432483381,0.7181333299963196,208.01186084747317,5e-05,5e-05,51.1,10.8,10.0,1.55,39.0,15.6,0.4004149377593361,0.5866261398176292,0.4759556103575832,0.813612979817966,0.8048541788999805,0.8092098789727443,0.908098271155596,0.7038081805359662,0.7930075486690505,0.7688734030197445,0.8215947874650946,0.7943602819859007,visual_only,lstm,512,43,yolo_sppf_visual_only_lstm512_seed43,<RUN_ROOT>\outputs\controlled_comparison_runs\run_20260528_205727\neural_eval\yolo_sppf_visual_only_lstm512_seed43,<RUN_ROOT>\outputs\controlled_comparison_runs\run_20260528_205727\neural_training\yolo_sppf_visual_only_lstm512_seed43
6,0.5051518423091562,0.8089546389732537,0.5753015723596845,0.7857922412937791,0.7042784733970496,205.5593953132629,5e-05,5e-05,51.0,10.6,11.0,1.55,39.0,15.5,0.2601214574898785,0.7811550151975684,0.3902809415337889,0.8042337954289996,0.8402818555490311,0.821862735713602,0.8576025744167337,0.7517630465444288,0.8012025554302895,0.9179282868525896,0.7148619298789948,0.803767660910518,visual_only,lstm,512,43,yolo_sppf_visual_only_lstm512_seed43,<RUN_ROOT>\outputs\controlled_comparison_runs\run_20260528_205727\neural_eval\yolo_sppf_visual_only_lstm512_seed43,<RUN_ROOT>\outputs\controlled_comparison_runs\run_20260528_205727\neural_training\yolo_sppf_visual_only_lstm512_seed43
7,0.5059267898677005,0.8089056529832468,0.5570695066151934,0.7790455402321659,0.7187855303415385,203.54467344284055,5e-05,5e-05,50.9,10.61,11.0,1.55,39.0,14.4,0.44,0.5683890577507599,0.4960212201591512,0.832323669407183,0.7529849285574477,0.79066899599219,0.867862969004894,0.7503526093088858,0.8048411497730712,0.7235943247503941,0.8544834005584859,0.7836107554417413,visual_only,lstm,512,43,yolo_sppf_visual_only_lstm512_seed43,<RUN_ROOT>\outputs\controlled_comparison_runs\run_20260528_205727\neural_eval\yolo_sppf_visual_only_lstm512_seed43,<RUN_ROOT>\outputs\controlled_comparison_runs\run_20260528_205727\neural_training\yolo_sppf_visual_only_lstm512_seed43
8,0.4872102042263064,0.8142451258939943,0.516290949783214,0.8007738862982439,0.7361159268521035,203.46252036094663,5e-05,5e-05,50.9,10.59,10.0,1.55,39.0,16.1,0.3548795944233207,0.851063829787234,0.5008944543828265,0.819672131147541,0.8318653356821296,0.8257237225568292,0.8403361344537815,0.7757404795486601,0.8067473414008067,0.873032904148784,0.7573689109525287,0.8110981890679515,visual_only,lstm,512,43,yolo_sppf_visual_only_lstm512_seed43,<RUN_ROOT>\outputs\controlled_comparison_runs\run_20260528_205727\neural_eval\yolo_sppf_visual_only_lstm512_seed43,<RUN_ROOT>\outputs\controlled_comparison_runs\run_20260528_205727\neural_training\yolo_sppf_visual_only_lstm512_seed43
9,0.4744136989624662,0.8188008229646321,0.5074724908637267,0.8002778053378311,0.73222221732902,203.5151722431183,5e-05,5e-05,51.0,10.71,11.0,1.55,39.0,15.7,0.4277456647398844,0.6747720364741642,0.5235849056603774,0.7971439033321128,0.8522215697788217,0.8237631255321162,0.8949814126394052,0.6791255289139634,0.7722534081796312,0.8362011912640636,0.7840521253490537,0.8092874299439552,visual_only,lstm,512,43,yolo_sppf_visual_only_lstm512_seed43,<RUN_ROOT>\outputs\controlled_comparison_runs\run_20260528_205727\neural_eval\yolo_sppf_visual_only_lstm512_seed43,<RUN_ROOT>\outputs\controlled_comparison_runs\run_20260528_205727\neural_training\yolo_sppf_visual_only_lstm512_seed43
10,0.4337328411054835,0.8346722837268541,0.4998617115702169,0.8148625855739656,0.75560592010295,203.55509519577024,2.5e-05,2.5e-05,50.9,10.64,10.0,1.55,39.0,16.5,0.5579268292682927,0.5562310030395137,0.5570776255707763,0.8324420677361853,0.822665883734586,0.8275251033668044,0.8429319371727748,0.7947813822284908,0.8181488203266787,0.8023774145616642,0.8377288240769469,0.819672131147541,visual_only,lstm,512,43,yolo_sppf_visual_only_lstm512_seed43,<RUN_ROOT>\outputs\controlled_comparison_runs\run_20260528_205727\neural_eval\yolo_sppf_visual_only_lstm512_seed43,<RUN_ROOT>\outputs\controlled_comparison_runs\run_20260528_205727\neural_training\yolo_sppf_visual_only_lstm512_seed43
1,0.8556085583581633,0.6425492309199569,1.0656280839815735,0.5232661970433575,0.4537958791386951,191.15832805633545,5e-05,5e-05,51.2,10.44,11.0,1.55,39.0,15.7,0.1205920766216804,0.8419452887537994,0.2109672505712109,0.804031879981247,0.3356821295752593,0.4736260701463683,0.9588100686498856,0.2954866008462623,0.4517520215633423,0.5493092862624712,0.8883028234564071,0.678838174273859,visual_only,lstm,512,44,yolo_sppf_visual_only_lstm512_seed44,<RUN_ROOT>\outputs\controlled_comparison_runs\run_20260528_205727\neural_eval\yolo_sppf_visual_only_lstm512_seed44,<RUN_ROOT>\outputs\controlled_comparison_runs\run_20260528_205727\neural_training\yolo_sppf_visual_only_lstm512_seed44
2,0.6288008888523594,0.7547271480356618,0.6032984553422365,0.7623772199622978,0.6775827107570669,202.56761932373047,5e-05,5e-05,50.8,10.47,11.0,1.55,39.0,15.5,0.3015006821282401,0.6717325227963525,0.4161958568738229,0.7644101274914706,0.8332354668232531,0.7973403259037273,0.9315375982042648,0.5853314527503526,0.7189259419662192,0.8232848232848233,0.7372013651877133,0.7778687182844982,visual_only,lstm,512,44,yolo_sppf_visual_only_lstm512_seed44,<RUN_ROOT>\outputs\controlled_comparison_runs\run_20260528_205727\neural_eval\yolo_sppf_visual_only_lstm512_seed44,<RUN_ROOT>\outputs\controlled_comparison_runs\run_20260528_205727\neural_training\yolo_sppf_visual_only_lstm512_seed44
3,0.5841739152712881,0.7786812971490154,0.5716028505256252,0.7675364619505903,0.7181241401570937,202.28953194618225,5e-05,5e-05,50.9,10.49,9.0,1.56,39.0,16.6,0.5346534653465347,0.4924012158054711,0.5126582278481013,0.8533462188934525,0.6913290272068898,0.763840830449827,0.7511494252873563,0.9217207334273624,0.8277390753641545,0.701821914293046,0.8485882717964629,0.7682584269662921,visual_only,lstm,512,44,yolo_sppf_visual_only_lstm512_seed44,<RUN_ROOT>\outputs\controlled_comparison_runs\run_20260528_205727\neural_eval\yolo_sppf_visual_only_lstm512_seed44,<RUN_ROOT>\outputs\controlled_comparison_runs\run_20260528_205727\neural_training\yolo_sppf_visual_only_lstm512_seed44
4,0.538519139346144,0.791564612520819,0.6425439583196763,0.7369778747891655,0.670359615513823,198.83017754554749,5e-05,5e-05,51.8,10.67,12.0,1.54,38.0,10.0,0.3918669131238447,0.6443768996960486,0.4873563218390804,0.7877612583494936,0.715599921706792,0.7499487179487181,0.9479034307496824,0.5260930888575458,0.6766439909297052,0.6846715328467153,0.8730995966490847,0.767489431337788,visual_only,lstm,512,44,yolo_sppf_visual_only_lstm512_seed44,<RUN_ROOT>\outputs\controlled_comparison_runs\run_20260528_205727\neural_eval\yolo_sppf_visual_only_lstm512_seed44,<RUN_ROOT>\outputs\controlled_comparison_runs\run_20260528_205727\neural_training\yolo_sppf_visual_only_lstm512_seed44
5,0.5269506942235564,0.7973449593416283,0.5168751619401433,0.7999801567615835,0.7615038135660761,200.75570392608645,5e-05,5e-05,51.9,10.67,12.0,1.54,37.0,10.0,0.5783475783475783,0.6170212765957447,0.5970588235294118,0.8471323846485554,0.7690350362106088,0.8061967784959474,0.8596993557623479,0.8469675599435825,0.8532859680284193,0.7392363931762794,0.8470369221222463,0.7894736842105263,visual_only,lstm,512,44,yolo_sppf_visual_only_lstm512_seed44,<RUN_ROOT>\outputs\controlled_comparison_runs\run_20260528_205727\neural_eval\yolo_sppf_visual_only_lstm512_seed44,<RUN_ROOT>\outputs\controlled_comparison_runs\run_20260528_205727\neural_training\yolo_sppf_visual_only_lstm512_seed44
6,0.517573657886455,0.8033702361124718,0.5258659542948451,0.795713860502034,0.7408283360218859,201.75725269317627,5e-05,5e-05,51.3,10.66,24.0,1.54,37.0,14.5,0.4934725848563969,0.574468085106383,0.5308988764044944,0.8386822529224229,0.7723624975533373,0.8041573262685959,0.8592927012791572,0.8053596614950634,0.8314524936294139,0.7490442381212452,0.8510704312752094,0.7968046477850398,visual_only,lstm,512,44,yolo_sppf_visual_only_lstm512_seed44,<RUN_ROOT>\outputs\controlled_comparison_runs\run_20260528_205727\neural_eval\yolo_sppf_visual_only_lstm512_seed44,<RUN_ROOT>\outputs\controlled_comparison_runs\run_20260528_205727\neural_training\yolo_sppf_visual_only_lstm512_seed44
7,0.4882097966752969,0.8142941118840011,0.5565060549788916,0.784502430796706,0.7273356114312056,197.9541380405426,5e-05,5e-05,51.5,10.65,12.0,1.54,36.0,10.2,0.4446564885496183,0.7082066869300911,0.5463071512309496,0.8170706864941943,0.7850851438637698,0.8007586344579757,0.8981921979067554,0.6657263751763046,0.7646820575131631,0.7563282336578582,0.8436239528389698,0.797594602522734,visual_only,lstm,512,44,yolo_sppf_visual_only_lstm512_seed44,<RUN_ROOT>\outputs\controlled_comparison_runs\run_20260528_205727\neural_eval\yolo_sppf_visual_only_lstm512_seed44,<RUN_ROOT>\outputs\controlled_comparison_runs\run_20260528_205727\neural_training\yolo_sppf_visual_only_lstm512_seed44
8,0.4760545052815707,0.8209562065249338,0.5524679631903945,0.7982934814961802,0.7143199872246102,201.181205034256,5e-05,5e-05,51.3,10.66,11.0,1.54,37.0,15.5,0.366306027820711,0.7203647416413373,0.485655737704918,0.7800808897876643,0.9060481503229596,0.8383591415376256,0.8518867924528302,0.6368124118476728,0.7288135593220338,0.9339622641509434,0.7064846416382252,0.8044515103338633,visual_only,lstm,512,44,yolo_sppf_visual_only_lstm512_seed44,<RUN_ROOT>\outputs\controlled_comparison_runs\run_20260528_205727\neural_eval\yolo_sppf_visual_only_lstm512_seed44,<RUN_ROOT>\outputs\controlled_comparison_runs\run_20260528_205727\neural_training\yolo_sppf_visual_only_lstm512_seed44
9,0.4720508981157433,0.8194866268247282,0.5527986186985222,0.7868836194066872,0.7127531983994526,203.7006230354309,5e-05,5e-05,51.0,10.67,11.0,1.54,37.0,14.8,0.3303457106274007,0.78419452887538,0.4648648648648648,0.8261750405186385,0.7981992562145234,0.8119462419113986,0.8920454545454546,0.6643159379407616,0.761519805982215,0.8024803387779794,0.8231461371393112,0.8126818808393322,visual_only,lstm,512,44,yolo_sppf_visual_only_lstm512_seed44,<RUN_ROOT>\outputs\controlled_comparison_runs\run_20260528_205727\neural_eval\yolo_sppf_visual_only_lstm512_seed44,<RUN_ROOT>\outputs\controlled_comparison_runs\run_20260528_205727\neural_training\yolo_sppf_visual_only_lstm512_seed44
10,0.4675145820892623,0.8249240717154893,0.6090617854079778,0.7591030856235738,0.6851559091761266,201.5208842754364,5e-05,5e-05,51.1,10.54,11.0,1.54,38.0,16.0,0.5,0.5258358662613982,0.5125925925925926,0.7758654410326619,0.7764728909767078,0.776169047153199,0.8895486935866983,0.5282087447108603,0.6628318584070796,0.7310746426680783,0.8569655600372323,0.7890301385516354,visual_only,lstm,512,44,yolo_sppf_visual_only_lstm512_seed44,<RUN_ROOT>\outputs\controlled_comparison_runs\run_20260528_205727\neural_eval\yolo_sppf_visual_only_lstm512_seed44,<RUN_ROOT>\outputs\controlled_comparison_runs\run_20260528_205727\neural_training\yolo_sppf_visual_only_lstm512_seed44
1,0.8473829460508397,0.6465170961105124,0.6345357617466814,0.7460065482686774,0.6789356163587213,209.3772542476654,5e-05,5e-05,52.1,10.72,22.0,1.62,40.0,18.7,0.3863636363636363,0.4650455927051671,0.4220689655172413,0.8247953216374269,0.6901546290859268,0.7514919011082694,0.7663551401869159,0.8095909732016925,0.7873799725651578,0.6884910485933504,0.8352466645982004,0.754801626244217,visual_only,lstm,896,42,yolo_sppf_visual_only_lstm896_seed42,<RUN_ROOT>\outputs\controlled_comparison_runs\run_20260528_205727\neural_eval\yolo_sppf_visual_only_lstm896_seed42,<RUN_ROOT>\outputs\controlled_comparison_runs\run_20260528_205727\neural_training\yolo_sppf_visual_only_lstm896_seed42
2,0.6196414549604385,0.7595767610463408,0.6181604252425983,0.75116579025697,0.6999013116364745,210.20284056663516,5e-05,5e-05,50.8,10.72,22.0,1.62,40.0,19.3,0.3445850914205344,0.7446808510638298,0.4711538461538461,0.876796168174561,0.6449403014288511,0.7432051426638097,0.7307911212293683,0.9055007052186178,0.8088188976377954,0.7129509473137815,0.8523115110145827,0.7764273600904465,visual_only,lstm,896,42,yolo_sppf_visual_only_lstm896_seed42,<RUN_ROOT>\outputs\controlled_comparison_runs\run_20260528_205727\neural_eval\yolo_sppf_visual_only_lstm896_seed42,<RUN_ROOT>\outputs\controlled_comparison_runs\run_20260528_205727\neural_training\yolo_sppf_visual_only_lstm896_seed42
3,0.571469509933249,0.7736847261683159,0.7679671905040445,0.7043357475940073,0.6391749926987564,210.0659167766571,5e-05,5e-05,50.9,10.67,23.0,1.62,40.0,17.7,0.6565656565656566,0.3951367781155015,0.4933586337760911,0.7797416723317471,0.6735173223722842,0.7227473219911783,0.965925925925926,0.459802538787024,0.6230291447682752,0.600041727519299,0.8923363326093702,0.717564870259481,visual_only,lstm,896,42,yolo_sppf_visual_only_lstm896_seed42,<RUN_ROOT>\outputs\controlled_comparison_runs\run_20260528_205727\neural_eval\yolo_sppf_visual_only_lstm896_seed42,<RUN_ROOT>\outputs\controlled_comparison_runs\run_20260528_205727\neural_training\yolo_sppf_visual_only_lstm896_seed42
4,0.5543953503181335,0.7848535318898795,0.6045478956086472,0.7677348943347554,0.6706200584224493,209.84040451049805,5e-05,5e-05,51.0,10.65,24.0,1.62,40.0,18.0,0.3700361010830325,0.6231003039513677,0.4643261608154019,0.7622241835834069,0.8451751810530437,0.8015593094486727,0.936231884057971,0.4555712270803949,0.6129032258064516,0.810410094637224,0.7970834626124729,0.8036915376192711,visual_only,lstm,896,42,yolo_sppf_visual_only_lstm896_seed42,<RUN_ROOT>\outputs\controlled_comparison_runs\run_20260528_205727\neural_eval\yolo_sppf_visual_only_lstm896_seed42,<RUN_ROOT>\outputs\controlled_comparison_runs\run_20260528_205727\neural_training\yolo_sppf_visual_only_lstm896_seed42
5,0.5128147191540294,0.8039580679925541,0.7037180384672764,0.7026490723286041,0.670006973881055,210.12247610092163,5e-05,5e-05,51.0,10.62,22.0,1.62,41.0,19.4,0.5421245421245421,0.4498480243161094,0.4916943521594684,0.834733893557423,0.5832844000782932,0.6867150593386334,0.9046762589928058,0.7094499294781382,0.7952569169960475,0.5753317720530835,0.9146757679180888,0.7063615670300707,visual_only,lstm,896,42,yolo_sppf_visual_only_lstm896_seed42,<RUN_ROOT>\outputs\controlled_comparison_runs\run_20260528_205727\neural_eval\yolo_sppf_visual_only_lstm896_seed42,<RUN_ROOT>\outputs\controlled_comparison_runs\run_20260528_205727\neural_training\yolo_sppf_visual_only_lstm896_seed42
6,0.5090979226517454,0.805035759772705,0.5606121578052389,0.7909514832820717,0.7209775614889377,210.580096244812,5e-05,5e-05,50.9,10.64,22.0,1.62,41.0,18.1,0.4128256513026052,0.6261398176291794,0.497584541062802,0.8122907228678353,0.8072029751419064,0.8097388572550559,0.8953271028037383,0.6755994358251057,0.770096463022508,0.7818234780075736,0.8327645051194539,0.8064903846153845,visual_only,lstm,896,42,yolo_sppf_visual_only_lstm896_seed42,<RUN_ROOT>\outputs\controlled_comparison_runs\run_20260528_205727\neural_eval\yolo_sppf_visual_only_lstm896_seed42,<RUN_ROOT>\outputs\controlled_comparison_runs\run_20260528_205727\neural_training\yolo_sppf_visual_only_lstm896_seed42
7,0.4909615932692274,0.8115019104536103,0.544762019780908,0.7888679432483381,0.7210450465038162,212.14303374290463,5e-05,5e-05,50.6,10.62,22.0,1.62,41.0,17.9,0.3793677204658902,0.6930091185410334,0.4903225806451612,0.8229908443540183,0.7917400665492269,0.8070630486831605,0.8905967450271248,0.6946403385049366,0.7805071315372425,0.7789991321955453,0.8355569345330437,0.8062874251497005,visual_only,lstm,896,42,yolo_sppf_visual_only_lstm896_seed42,<RUN_ROOT>\outputs\controlled_comparison_runs\run_20260528_205727\neural_eval\yolo_sppf_visual_only_lstm896_seed42,<RUN_ROOT>\outputs\controlled_comparison_runs\run_20260528_205727\neural_training\yolo_sppf_visual_only_lstm896_seed42
8,0.4778582025757263,0.8139022239639463,0.5490873882362235,0.7940271852366306,0.7112748494351643,210.59761214256287,5e-05,5e-05,51.0,10.63,22.0,1.62,42.0,19.0,0.3629402756508422,0.7203647416413373,0.4826883910386965,0.7906726457399104,0.8627911528674888,0.8251591164357919,0.8784473953013279,0.6064880112834978,0.7175636211931581,0.8697771587743732,0.7750542972385975,0.8196882690730106,visual_only,lstm,896,42,yolo_sppf_visual_only_lstm896_seed42,<RUN_ROOT>\outputs\controlled_comparison_runs\run_20260528_205727\neural_eval\yolo_sppf_visual_only_lstm896_seed42,<RUN_ROOT>\outputs\controlled_comparison_runs\run_20260528_205727\neural_training\yolo_sppf_visual_only_lstm896_seed42
9,0.4698235220465587,0.818164005094543,0.5624118360986431,0.7860898898700268,0.721351436764325,210.96541285514832,5e-05,5e-05,51.0,10.66,22.0,1.62,42.0,16.7,0.3713405238828968,0.7325227963525835,0.492842535787321,0.8493512205850011,0.7559209238598552,0.7999171499585751,0.6649874055415617,0.930888575458392,0.7757860711137232,0.862663906142167,0.7756748371082842,0.8168599901976801,visual_only,lstm,896,42,yolo_sppf_visual_only_lstm896_seed42,<RUN_ROOT>\outputs\controlled_comparison_runs\run_20260528_205727\neural_eval\yolo_sppf_visual_only_lstm896_seed42,<RUN_ROOT>\outputs\controlled_comparison_runs\run_20260528_205727\neural_training\yolo_sppf_visual_only_lstm896_seed42
10,0.4694033327941611,0.8187028509846184,0.516838686524092,0.7996825081853358,0.7362063320459132,205.72464299201965,5e-05,5e-05,51.5,10.59,24.0,1.62,41.0,13.6,0.3705357142857143,0.756838905775076,0.4975024975024974,0.8399916770703287,0.7901742023879429,0.8143217347453354,0.8253968253968254,0.8067700987306065,0.8159771754636235,0.8180404354587869,0.816009928637915,0.8170239204721964,visual_only,lstm,896,42,yolo_sppf_visual_only_lstm896_seed42,<RUN_ROOT>\outputs\controlled_comparison_runs\run_20260528_205727\neural_eval\yolo_sppf_visual_only_lstm896_seed42,<RUN_ROOT>\outputs\controlled_comparison_runs\run_20260528_205727\neural_training\yolo_sppf_visual_only_lstm896_seed42
1,0.8489650419116207,0.647006956010581,0.9602593458035872,0.5743625359658696,0.5383396495315348,202.68336462974548,5e-05,5e-05,51.0,10.43,24.0,1.62,41.0,18.2,0.1037705446342249,0.9787234042553192,0.1876456876456876,0.7680973734785393,0.4693677823448816,0.5826752520957357,0.925925925925926,0.4760225669957686,0.6287843502561714,0.76608,0.7427862240148929,0.7542533081285444,visual_only,lstm,896,43,yolo_sppf_visual_only_lstm896_seed43,<RUN_ROOT>\outputs\controlled_comparison_runs\run_20260528_205727\neural_eval\yolo_sppf_visual_only_lstm896_seed43,<RUN_ROOT>\outputs\controlled_comparison_runs\run_20260528_205727\neural_training\yolo_sppf_visual_only_lstm896_seed43
2,0.6222254198371523,0.757764279416087,0.6197580450325317,0.7456096835003473,0.6950081340030068,203.9489233493805,5e-05,5e-05,50.7,10.46,24.0,1.62,41.0,17.1,0.3627992633517495,0.5987841945288754,0.4518348623853211,0.8544747081712062,0.6447445684086905,0.7349397590361446,0.7891453524641298,0.892101551480959,0.837471036080768,0.6765571358509073,0.8560347502327025,0.7557868785097932,visual_only,lstm,896,43,yolo_sppf_visual_only_lstm896_seed43,<RUN_ROOT>\outputs\controlled_comparison_runs\run_20260528_205727\neural_eval\yolo_sppf_visual_only_lstm896_seed43,<RUN_ROOT>\outputs\controlled_comparison_runs\run_20260528_205727\neural_training\yolo_sppf_visual_only_lstm896_seed43
3,0.5766066909537046,0.7775056333888508,0.5326678173660877,0.8114892350431591,0.6987786387157516,204.2259747982025,5e-05,5e-05,51.0,10.57,22.0,1.62,42.0,17.7,0.8607594936708861,0.2066869300911854,0.3333333333333333,0.7698896392686543,0.914856136230182,0.8361359570661896,0.8206485771012575,0.8744710860366713,0.8467053601911916,0.9086021505376344,0.6816630468507602,0.7789399042722921,visual_only,lstm,896,43,yolo_sppf_visual_only_lstm896_seed43,<RUN_ROOT>\outputs\controlled_comparison_runs\run_20260528_205727\neural_eval\yolo_sppf_visual_only_lstm896_seed43,<RUN_ROOT>\outputs\controlled_comparison_runs\run_20260528_205727\neural_training\yolo_sppf_visual_only_lstm896_seed43
4,0.54481308312275,0.7869599294601743,0.6738558275196406,0.7456096835003473,0.6235330876067676,203.131133556366,5e-05,5e-05,50.8,10.56,22.0,1.62,42.0,17.2,0.3196605374823196,0.6869300911854104,0.4362934362934363,0.7163208423660576,0.905460951262478,0.7998616754560387,0.9416666666666668,0.3187588152327221,0.476290832455216,0.908381265406738,0.6860068259385665,0.7816864062223794,visual_only,lstm,896,43,yolo_sppf_visual_only_lstm896_seed43,<RUN_ROOT>\outputs\controlled_comparison_runs\run_20260528_205727\neural_eval\yolo_sppf_visual_only_lstm896_seed43,<RUN_ROOT>\outputs\controlled_comparison_runs\run_20260528_205727\neural_training\yolo_sppf_visual_only_lstm896_seed43
5,0.5280502962888595,0.7970020574115803,0.5569755374254393,0.7819228098025598,0.7210463864870452,204.92575240135196,5e-05,5e-05,50.9,10.54,24.0,1.62,42.0,17.7,0.4051383399209486,0.6231003039513677,0.4910179640718562,0.8323314727350795,0.7588569191622627,0.7938978191870585,0.8709415584415584,0.7566995768688294,0.8098113207547168,0.7401574803149606,0.8457958423828731,0.7894584419345496,visual_only,lstm,896,43,yolo_sppf_visual_only_lstm896_seed43,<RUN_ROOT>\outputs\controlled_comparison_runs\run_20260528_205727\neural_eval\yolo_sppf_visual_only_lstm896_seed43,<RUN_ROOT>\outputs\controlled_comparison_runs\run_20260528_205727\neural_training\yolo_sppf_visual_only_lstm896_seed43
6,0.5049189250408248,0.8083668070931713,0.5593876463871095,0.7885702946720905,0.7160700931616493,204.56596422195437,5e-05,5e-05,50.8,10.54,22.0,1.62,42.0,17.2,0.2760364004044489,0.8297872340425532,0.4142640364188164,0.8375908618899273,0.7893912703073008,0.8127771060056428,0.8531415594246783,0.7947813822284908,0.8229280759401242,0.8513879485443466,0.7803288861309339,0.814311154282014,visual_only,lstm,896,43,yolo_sppf_visual_only_lstm896_seed43,<RUN_ROOT>\outputs\controlled_comparison_runs\run_20260528_205727\neural_eval\yolo_sppf_visual_only_lstm896_seed43,<RUN_ROOT>\outputs\controlled_comparison_runs\run_20260528_205727\neural_training\yolo_sppf_visual_only_lstm896_seed43
7,0.5014740008230213,0.8082198491231508,0.5300871506540312,0.799880940569501,0.7340350721430511,204.49918150901797,5e-05,5e-05,50.8,10.54,22.0,1.62,42.0,18.3,0.4582338902147971,0.5835866261398176,0.5133689839572192,0.825991628463225,0.8111176355451165,0.8184870630061228,0.8569131832797428,0.7517630465444288,0.8009015777610818,0.7825831126802001,0.8253180266832144,0.8033826638477801,visual_only,lstm,896,43,yolo_sppf_visual_only_lstm896_seed43,<RUN_ROOT>\outputs\controlled_comparison_runs\run_20260528_205727\neural_eval\yolo_sppf_visual_only_lstm896_seed43,<RUN_ROOT>\outputs\controlled_comparison_runs\run_20260528_205727\neural_training\yolo_sppf_visual_only_lstm896_seed43
8,0.4831820133559663,0.8163025374742824,0.5024917198733116,0.8046433177894632,0.7400785860607422,204.69722509384155,5e-05,5e-05,50.7,10.51,24.0,1.62,42.0,17.5,0.4103852596314908,0.7446808510638298,0.5291576673866091,0.8121578251840664,0.8420434527304757,0.8268306746108015,0.8501628664495114,0.7362482369534555,0.7891156462585033,0.8518769022658099,0.7815699658703071,0.815210355987055,visual_only,lstm,896,43,yolo_sppf_visual_only_lstm896_seed43,<RUN_ROOT>\outputs\controlled_comparison_runs\run_20260528_205727\neural_eval\yolo_sppf_visual_only_lstm896_seed43,<RUN_ROOT>\outputs\controlled_comparison_runs\run_20260528_205727\neural_training\yolo_sppf_visual_only_lstm896_seed43
9,0.4758916899334161,0.8174292152444401,0.5736353175775591,0.7836094850679631,0.7040781434994035,204.66621351242063,5e-05,5e-05,50.8,10.52,23.0,1.62,42.0,19.1,0.3793706293706294,0.6595744680851063,0.4816870144284129,0.7877771566983417,0.8275592092385986,0.8071783123329515,0.9301014656144306,0.581805359661495,0.7158351409978309,0.807869658776514,0.8153893887682283,0.8116121062384186,visual_only,lstm,896,43,yolo_sppf_visual_only_lstm896_seed43,<RUN_ROOT>\outputs\controlled_comparison_runs\run_20260528_205727\neural_eval\yolo_sppf_visual_only_lstm896_seed43,<RUN_ROOT>\outputs\controlled_comparison_runs\run_20260528_205727\neural_training\yolo_sppf_visual_only_lstm896_seed43
10,0.4665483358348238,0.8225237582051533,0.5457429090191404,0.7953169957337037,0.7384003728856026,204.85106492042544,5e-05,5e-05,50.8,10.51,23.0,1.62,42.0,18.2,0.7135416666666666,0.4164133738601823,0.5259117082533589,0.835572616762636,0.7668819729888432,0.799755052051439,0.8319327731092437,0.8377997179125529,0.8348559381588194,0.7355437665782494,0.8603785293205088,0.7930787930787931,visual_only,lstm,896,43,yolo_sppf_visual_only_lstm896_seed43,<RUN_ROOT>\outputs\controlled_comparison_runs\run_20260528_205727\neural_eval\yolo_sppf_visual_only_lstm896_seed43,<RUN_ROOT>\outputs\controlled_comparison_runs\run_20260528_205727\neural_training\yolo_sppf_visual_only_lstm896_seed43
1,0.8309844609548492,0.6538160086215342,0.9158367281572686,0.6727849985117571,0.5439756100930206,203.4206919670105,5e-05,5e-05,50.6,10.48,22.0,1.62,42.0,17.1,0.162214983713355,0.756838905775076,0.2671673819742489,0.7399919935948759,0.7236249755333725,0.7317169717961406,0.9809782608695652,0.2545839210155148,0.4042553191489362,0.7779874213836478,0.7676078188023581,0.7727627674527566,visual_only,lstm,896,44,yolo_sppf_visual_only_lstm896_seed44,<RUN_ROOT>\outputs\controlled_comparison_runs\run_20260528_205727\neural_eval\yolo_sppf_visual_only_lstm896_seed44,<RUN_ROOT>\outputs\controlled_comparison_runs\run_20260528_205727\neural_training\yolo_sppf_visual_only_lstm896_seed44
2,0.6300741091288836,0.7507102968550995,0.6040211104743537,0.7661474352614347,0.6809390411331638,204.37162113189697,5e-05,5e-05,50.6,10.52,22.0,1.62,42.0,17.6,0.3253373313343328,0.6595744680851063,0.4357429718875502,0.7412302170011421,0.8892151105891564,0.808506851752981,0.918122270742358,0.5930888575458392,0.7206512425021422,0.8960709759188846,0.6580825318026683,0.7588550983899821,visual_only,lstm,896,44,yolo_sppf_visual_only_lstm896_seed44,<RUN_ROOT>\outputs\controlled_comparison_runs\run_20260528_205727\neural_eval\yolo_sppf_visual_only_lstm896_seed44,<RUN_ROOT>\outputs\controlled_comparison_runs\run_20260528_205727\neural_training\yolo_sppf_visual_only_lstm896_seed44
3,0.5751799639828247,0.7799059468991868,0.6512761029196785,0.7271554717729933,0.6836807659331022,202.99415826797485,5e-05,5e-05,51.2,10.49,25.0,1.62,42.0,13.9,0.58,0.4407294832826747,0.5008635578583764,0.8585227272727273,0.5915051869250343,0.7004287866496698,0.6706766917293233,0.9435825105782792,0.784060943451509,0.6546128882707464,0.8762022959975179,0.7493697757728538,visual_only,lstm,896,44,yolo_sppf_visual_only_lstm896_seed44,<RUN_ROOT>\outputs\controlled_comparison_runs\run_20260528_205727\neural_eval\yolo_sppf_visual_only_lstm896_seed44,<RUN_ROOT>\outputs\controlled_comparison_runs\run_20260528_205727\neural_training\yolo_sppf_visual_only_lstm896_seed44
4,0.5399083392023106,0.7916135985108259,0.6992870219391845,0.7052286933227503,0.6503546589438004,204.18342399597168,5e-05,5e-05,50.8,10.51,22.0,1.62,41.0,16.0,0.3925233644859813,0.6382978723404256,0.4861111111111111,0.7968369829683698,0.6410256410256411,0.7104892070723505,0.9607329842931938,0.5176304654442877,0.6727772685609533,0.6186295503211992,0.8963698417623333,0.7320410490307868,visual_only,lstm,896,44,yolo_sppf_visual_only_lstm896_seed44,<RUN_ROOT>\outputs\controlled_comparison_runs\run_20260528_205727\neural_eval\yolo_sppf_visual_only_lstm896_seed44,<RUN_ROOT>\outputs\controlled_comparison_runs\run_20260528_205727\neural_training\yolo_sppf_visual_only_lstm896_seed44
5,0.5286886383630452,0.7949446458312922,0.4909832822949818,0.8109931540827463,0.7581782320102403,204.8695569038391,5e-05,5e-05,51.1,10.51,24.0,1.62,41.0,17.6,0.4442379182156133,0.7264437689969605,0.5513264129181085,0.8418585693906664,0.8085731062830299,0.8248801916932907,0.8531717747683535,0.8441466854724965,0.8486352357320099,0.8068709377901578,0.8088737201365188,0.807871087697552,visual_only,lstm,896,44,yolo_sppf_visual_only_lstm896_seed44,<RUN_ROOT>\outputs\controlled_comparison_runs\run_20260528_205727\neural_eval\yolo_sppf_visual_only_lstm896_seed44,<RUN_ROOT>\outputs\controlled_comparison_runs\run_20260528_205727\neural_training\yolo_sppf_visual_only_lstm896_seed44
6,0.5217873502966472,0.800235132752033,0.4875026909309247,0.8151602341502133,0.7470811626452296,204.66135096549988,5e-05,5e-05,50.7,10.5,22.0,1.62,41.0,17.9,0.4805825242718446,0.601823708206687,0.534412955465587,0.8014994644769725,0.8788412605206498,0.838390439734852,0.8701406120760959,0.7418899858956276,0.800913589645984,0.8669467787114846,0.7682283586720446,0.8146076657344957,visual_only,lstm,896,44,yolo_sppf_visual_only_lstm896_seed44,<RUN_ROOT>\outputs\controlled_comparison_runs\run_20260528_205727\neural_eval\yolo_sppf_visual_only_lstm896_seed44,<RUN_ROOT>\outputs\controlled_comparison_runs\run_20260528_205727\neural_training\yolo_sppf_visual_only_lstm896_seed44
7,0.4897564552245562,0.8123836582737337,0.5974306147431009,0.76168270661772,0.720101746792235,204.77866983413696,5e-05,5e-05,50.7,10.52,24.0,1.62,40.0,18.2,0.4527472527472527,0.6261398176291794,0.5255102040816326,0.8398104265402844,0.6936778234488158,0.7597813270446993,0.8949511400651465,0.7750352609308886,0.8306878306878306,0.6772030651340997,0.8774433757368911,0.7644276253547777,visual_only,lstm,896,44,yolo_sppf_visual_only_lstm896_seed44,<RUN_ROOT>\outputs\controlled_comparison_runs\run_20260528_205727\neural_eval\yolo_sppf_visual_only_lstm896_seed44,<RUN_ROOT>\outputs\controlled_comparison_runs\run_20260528_205727\neural_training\yolo_sppf_visual_only_lstm896_seed44
8,0.4832830565126151,0.8164984814343098,0.5682978135814506,0.7856930251016966,0.6896196711011584,204.2332468032837,5e-05,5e-05,50.8,10.51,23.0,1.62,40.0,18.2,0.3389830508474576,0.668693009118541,0.4498977505112474,0.7616631199869046,0.9107457428068116,0.8295596362988055,0.8733333333333333,0.5543018335684062,0.6781708369283865,0.9334985543163982,0.7012100527458889,0.8008504606661943,visual_only,lstm,896,44,yolo_sppf_visual_only_lstm896_seed44,<RUN_ROOT>\outputs\controlled_comparison_runs\run_20260528_205727\neural_eval\yolo_sppf_visual_only_lstm896_seed44,<RUN_ROOT>\outputs\controlled_comparison_runs\run_20260528_205727\neural_training\yolo_sppf_visual_only_lstm896_seed44
9,0.4760410092759375,0.8176741451944743,0.5045702837827054,0.807322154975692,0.7420450033581647,204.39189791679385,5e-05,5e-05,50.8,10.5,22.0,1.62,40.0,17.6,0.438877755511022,0.6656534954407295,0.5289855072463767,0.8177659168890583,0.8396946564885496,0.8285852245292128,0.8828058169375534,0.7277856135401974,0.7978353304986471,0.8202211690363349,0.8054607508532423,0.8127739511584221,visual_only,lstm,896,44,yolo_sppf_visual_only_lstm896_seed44,<RUN_ROOT>\outputs\controlled_comparison_runs\run_20260528_205727\neural_eval\yolo_sppf_visual_only_lstm896_seed44,<RUN_ROOT>\outputs\controlled_comparison_runs\run_20260528_205727\neural_training\yolo_sppf_visual_only_lstm896_seed44
10,0.4747831970278092,0.8203193886548447,0.625943962229778,0.7402520091278897,0.7027398650069459,204.5134642124176,5e-05,5e-05,50.8,10.48,20.0,1.62,40.0,17.8,0.4834123222748815,0.6200607902735562,0.5432756324900132,0.8221189136285785,0.6576629477392836,0.7307525010874294,0.8330658105939005,0.7320169252468265,0.7792792792792794,0.6611933395004626,0.8870617437170338,0.7576520471710614,visual_only,lstm,896,44,yolo_sppf_visual_only_lstm896_seed44,<RUN_ROOT>\outputs\controlled_comparison_runs\run_20260528_205727\neural_eval\yolo_sppf_visual_only_lstm896_seed44,<RUN_ROOT>\outputs\controlled_comparison_runs\run_20260528_205727\neural_training\yolo_sppf_visual_only_lstm896_seed44
