relative_path,size_bytes,sha256
commands/00_configure_paths.ps1,8936,a6d985b0c23deab0074707b8caa7d024649085a5b55029a71d012e6fe3c3ba59
commands/00_render_all_manuscript_figures_from_upstream_outputs_template.ps1,4751,e3724fa79bff18fe86acfbf66a14b7a655d24d47b7d29abbe5ff6fb905f2197b
commands/01_mars_yolo_sppf_command_template.txt,357463,7b0e6be0daab69d66131a41470c26dd1aced2941860d286b958a2e28b84a5787
commands/03_mobilenetv3_backbone_command_template.txt,42738,6c95df321b52296ce5bdeb78e9f049d9d39826bfeabda46178be47bc51f5cf94
commands/04_dlc_hrnet_topdown_command_template.txt,9038,8452d02c0a90e501ce6343320f120b83423dd62f906515f18848f60f8fe5619b
commands/06_fly_v_fly_command_template.txt,5308,7fbd17cfaabadb809725f441ccbf464b2cafa7fdabf14582d1700916b77ad9d8
commands/reproducibility_paths.template.yml,1340,e7d27678a452a0f6c65e6581678b539be59c9b0c8ec29f1691636102bd5f19ab
figures/production/classical_baselines/fig7_yolo_classical_baselines.pdf,26866,7fce5681da0880c18a77b7a005a73389d903d1d801e007f9627d4aa888e446c3
figures/production/classical_baselines/fig7_yolo_classical_baselines.png,1066286,125e39c93e142f066186b1b2b2e273bb4ce5f118ad292efe8d8764e1ab73b3b5
figures/production/descriptor_provenance/fig_descriptor_behavior_structure.png,77309,f1ba75d59eadb11e18f562cb0282153d950890171653fb92468dd76acf50901c
figures/production/descriptor_provenance/fig_descriptor_behavior_vs_video_probe.png,74539,aa950ae4c8c1ff24e3fe13a3a59d71f5d1b2f9d5d0bfc00e9695febfce69a686
figures/production/descriptor_provenance/fig_descriptor_effective_dimensionality.png,60178,156c33b72ee3561380f4158a70fb3c41f9f846bea0aea9aa32effae6c1d0ef5e
figures/production/descriptor_provenance/fig_descriptor_group_animal_probe.png,77608,81d135018ceb91d46427119f2351f3c3d69e0b9e33e3755d9a68370359ff37fa
figures/production/descriptor_provenance/fig_descriptor_provenance_multiplot.pdf,24629,b7f85ddf1bdf04b8026b41e1ac112931fcaf29c555d5095c8917baf9ef0a541e
figures/production/descriptor_provenance/fig_descriptor_provenance_multiplot.png,339737,4d0c1bd5d312c89464dbfac12ed5e878280d125ace7405e98a42d8855e8eb6b3
figures/production/dlc_superanimal_topdown/dlc_heldout_confusion_recall_raw.pdf,20631,ffcb96878bace3eca63d0feeee264a8d59519b77d8764212bfd9930f9aa84579
figures/production/dlc_superanimal_topdown/dlc_heldout_confusion_recall_raw.png,284965,394c24ada474d4401c47a431eb092922be0a3892dc98c8190aacf85e329e1566
figures/production/dlc_superanimal_topdown/dlc_heldout_metric_summary.pdf,19595,cea8e545035f5bf2f7981f6a865ce43ac0417c0b46b7be25e472cfe63ebbb658
figures/production/dlc_superanimal_topdown/dlc_heldout_metric_summary.png,209064,b177d4a4be4f0e55021166c7e3e9790e9ed48839cbcb4e21d4af898270dd5707
figures/production/dlc_superanimal_topdown/dlc_heldout_per_class_scores.pdf,13198,a2bbd47456a3e558496dce1d3ccfbf4bef56e2ed2627c04263afdd5175967e12
figures/production/dlc_superanimal_topdown/dlc_heldout_per_class_scores.png,173077,0478b772f3b2490f77a239cb3fc88b6b16a107aa9839a816df62f0ab893587fe
figures/production/dlc_superanimal_topdown/dlc_heldout_summary_multiplot.pdf,25042,c0e02fee9c753b4d740edbeb2969c27f70eda337845ff9a04cd65bc799d247e5
figures/production/dlc_superanimal_topdown/dlc_heldout_summary_multiplot.png,683753,501e76f0a18403b3dd08fd1892960e4fb1ca3abec7590f517b3c15ff5da310f4
figures/production/dlc_superanimal_topdown/dlc_pipeline_evidence_map.pdf,26246,fac91f584dd8441e7e0803188e4cd873261f1cb0d4eb89c33fd169bc728a5c32
figures/production/dlc_superanimal_topdown/dlc_pipeline_evidence_map.png,267149,4ae2ff900c0e4a3d4c842b5e76abb25c7c0c06a760cc67b5381d24e30bf24681
figures/production/dlc_superanimal_topdown/dlc_vs_yolo_mobilenet_metric_comparison.pdf,20919,aa38c2efed9c4b039086196c01896ea7594d781303b38c71bbd2c1bef3e8ff5d
figures/production/dlc_superanimal_topdown/dlc_vs_yolo_mobilenet_metric_comparison.png,341980,d98681070287749ac1535d3162dc8e5684dbcb3486239ff3df1d9dca49b2f33e
figures/production/dlc_superanimal_topdown/dlc_vs_yolo_raw_per_video_delta.pdf,21472,8b81a5c64a77961280500f745caf5594a4273ee9fa6e0b063a5ce8a23ac79ca2
figures/production/dlc_superanimal_topdown/dlc_vs_yolo_raw_per_video_delta.png,423323,7eb3d30db17eff0447158aa4e3c4fe9e53317a6b8adfdda4068b68942776c8cb
figures/production/fly_v_fly/fig_fly_v_fly_ethogram_examples.pdf,92075,4dec0e7390949e318a18b046b44b89ffc4fe42832549b04ca41cc867ecd196ab
figures/production/fly_v_fly/fig_fly_v_fly_ethogram_examples.png,387244,886ee9778d932b6e4a79e8be867135e02611a7ab3794c647a0c867531762f57c
figures/production/fly_v_fly/fig_fly_v_fly_pose_profile.pdf,51764,4c9e6fd083fa004af2faa62ec3d2b4e61c9101847f3f3b3f1534f9fb3c898b68
figures/production/fly_v_fly/fig_fly_v_fly_pose_profile.png,765397,3cff53e9e4f48cac9244cff9759dfd5ba33ce79328d628a7b4cb56e2ed6fa024
figures/production/fly_v_fly/fig_fly_v_fly_short_bout_adaptation.pdf,33651,ac127d6f5462f0b84e2ae7fbabb8f2f92ce91b9dd77b65ca36e86234f6222881
figures/production/fly_v_fly/fig_fly_v_fly_short_bout_adaptation.png,1077618,6dfdd56e14c641ddf33f8abcc9ddc4634adfeb4274fcc2b280339ebdce7bddf0
figures/production/GUI_Sreenshots/01_annotate_tutorial_annotated.png,181574,e45711c3795f74ed6c2ac28abb7b62a69aa208572c7a8863ceea08973962387b
figures/production/GUI_Sreenshots/02_prepare_full_video_annotated.png,173718,48d039a917da2e7349a8c4d6f288c8cb26bc85dc70236239e12b286e0124f3b6
figures/production/GUI_Sreenshots/03_feature_cache_annotated.png,144030,8ba6cbc2f6d66adfc4a7b811d9e552fa85b649216a96116c6e78dfaf13738ba5
figures/production/GUI_Sreenshots/04_train_annotated.png,160959,7be6de991a6831c704049c8dcd59d05d6ee51a8af24971fe4ec6e585d6fda9cb
figures/production/GUI_Sreenshots/05_inference_annotated.png,206320,2d75f8d1a2b89e57871f10efeaff280a8a3fdb8950b57a956940f4e2390536d6
figures/production/GUI_Sreenshots/06_batch_annotated.png,173482,e0dab18f988dbe6306962a0ff0be4b8747f0cabdb2e746dc81a8b82ae503c12a
figures/production/mobilenet_portability/fig_mobilenet_ethogram_bout_detail.pdf,33477,0108c2517c7bf6e45ef9e1a99624dee35b7c8b0f98c3cddf639a8d1887419db0
figures/production/mobilenet_portability/fig_mobilenet_ethogram_bout_detail.png,896389,49c931bc1faa3a81450083a18e695d136e0bfee603214c3964adc47f4c812109
figures/production/mobilenet_portability/fig_mobilenet_portability.pdf,29162,b367f47b24d8770b0f22b374520a4f563b99de851d3f938ab0271b679f298e45
figures/production/mobilenet_portability/fig_mobilenet_portability.png,1029619,510901c6cf17e7bbb1ec74b4e43cbb0e21950728d2c9bbac894e6bb0e2fa27b5
figures/production/mobilenet_portability/fig_mobilenet_portability_training_footprint.pdf,18765,1aa243f9881292b2237bfa34a913ea75e27e0b463c1509e9717b3e196560ab57
figures/production/mobilenet_portability/fig_mobilenet_portability_training_footprint.png,225644,43d798983fa6a21979d8078e2b1b027c195bc9c1e7a907df0a969d3924274158
figures/production/mobilenet_portability/fig_mobilenet_portability_training_qc.pdf,23106,5078a941be39b0ef0cce7000e048d5b2a7c5f76f48ab4bea54042920c0aa4d2b
figures/production/mobilenet_portability/fig_mobilenet_portability_training_qc.png,1251995,f73cb6d83a69f0af8879851dd771314cf1b07f1062025e40426f9284e39f10f7
figures/production/production_figure_manifest.csv,11549,6bf156010e76bdb4dafb7985bede7b802b55b651ceb69024320b7b07d8608173
figures/production/README.md,778,e41caf2b681e5852d649f16ecda9df850a43130363117bbb2edfa7e6bd5f0479
figures/production/source_assets/fly_pose_model_training_curves.png,224162,75d80160bc15102dbe578c2adbf4562061b218e2f201df20b174ed7ca5b107d5
figures/production/source_assets/input_stream_decomposition_mouse061.png,1500697,ae1ac48ed921e83c054da2aab1dbf82339104b63a9112bf16b73da37ac6c0909
figures/production/source_assets/keypoint_accuracy.png,239842,881be2f283c2e6557b0a70f9ac693ec4412b8ba23163b5f6b81b692b34ea6846
figures/production/source_assets/pose_model_training_curves.png,205418,d0ed4c4cc5cd0829a0f189f4a10962175f368e983d33959b0da07a617c08ff65
figures/production/supplement/supp_end_to_end_benchmark_stage_timing.pdf,15896,c6e8108a03a562f523d0a403c395d11c84d2066e48b6078df03d3b9918e93e41
figures/production/supplement/supp_end_to_end_benchmark_stage_timing.png,238635,98f94c28b7485511028d1db5fcbe8edbec7e152973f9fa2442d3262b3abd40c9
figures/production/supplement/supp_end_to_end_benchmark_throughput.pdf,17202,46b67584465dff56feafd1ed23a1f9978ed49ee88a260de1650b0010deb11e22
figures/production/supplement/supp_end_to_end_benchmark_throughput.png,336064,2f8099159cebb3d68ca0b0fd544128a21e8948808dd5f70119de325bd8a6b9ac
figures/production/supplement/supp_fly_v_fly_annotation_reference.pdf,22184,46bbaf20fd71432bf9d07699ae393385fd175b73d7270e98ed6d5e0a26a99d13
figures/production/supplement/supp_fly_v_fly_annotation_reference.png,572480,74ebb743d06f984f220ec4b5f7f34da9d77bd13501f20611b9ff69e36fffa85d
figures/production/supplement/supp_fly_v_fly_sequence_structure.pdf,62921,b2d6ca6b3e1efc0e25d21171f9754f7d3aae582206f8112d981b325297f9cc74
figures/production/supplement/supp_fly_v_fly_sequence_structure.png,1144764,73fb722b29390da1f6810c4c792cff7786565e5028c15d88b08db81517ece2d2
figures/production/supplement/supp_fly_v_fly_sequence_structure_smoothed.pdf,62921,ea7ea3f7902e723d20baf7bbba2aa9d8eb5b15386da6925b78c73ec1d83e340f
figures/production/supplement/supp_fly_v_fly_sequence_structure_smoothed.png,1144764,73fb722b29390da1f6810c4c792cff7786565e5028c15d88b08db81517ece2d2
figures/production/supplement/supp_mars_model_type_ethograms.pdf,27112,bf8bef83e90ac554db27f38c9293dc0465e74aaf690b50a0d8fe62f5c09dd921
figures/production/supplement/supp_mars_model_type_ethograms.png,302729,6423cd0c077bbb4c34dbc309161ec07a11ec7ffe4ddbb6ff48a8a0589a4bf513
figures/production/supplement/supp_yolo_bout_fragmentation_audit.pdf,18346,eae6caf9d8590a70a09bb054ee80e44c965a28f20fee1855d85329f8fa2b2593
figures/production/supplement/supp_yolo_bout_fragmentation_audit.png,618309,85e6333b78830bad873d738813f0ae3060c487b463de7b2e70a6b432924a8b77
figures/production/supplement/supp_yolo_bout_fragmentation_audit_all_capacities.pdf,26470,95caae077d5a0d45c0f8d26c8ec0afa49f1d818e883c2f53c85a34b57532e40a
figures/production/supplement/supp_yolo_bout_fragmentation_audit_all_capacities.png,1403661,23aae50bbe655729c8f814d6d0afe78355e51bfc703522e92b906c797cc6c7db
figures/production/supplement/supp_yolo_bout_sequence_ngram_audit.pdf,22524,05ca0ad01cbcf465cf26b33a47d21c72f5510290f1819d375b67c69d8b53bcc1
figures/production/supplement/supp_yolo_bout_sequence_ngram_audit.png,908511,082b9dbd5daae8ddd05872bf5c3e2053415d8f6ee6707933895307dac96c50ae
figures/production/supplement/supp_yolo_full_ablation_matrix.pdf,59138,d36201e99ac7862f281a89af9b4423b988f1f6ece4e87cef8b9d416f6e85a7ef
figures/production/supplement/supp_yolo_full_ablation_matrix.png,1868897,40d6bf8db1e964257003a53ddeae4746d083814e20aad0a3c17be69278452385
figures/production/supplement/supp_yolo_training_throughput.pdf,27376,4a7b9f984a6aebc3af502746f88a501b7911b52ce4b99d1eb94cf0ffc2426b9d
figures/production/supplement/supp_yolo_training_throughput.png,762611,646bf713da85aeca996e882136acc99d49bdc7027ac1912b50876945ff5bb40c
figures/production/yolo_sppf_main/fig10_yolo_ethogram_sequence_structure.pdf,27013,7e0efaa46058df20e941cd2d6a4e9bcdc948b1b026a8463284ccb94e4635cef1
figures/production/yolo_sppf_main/fig10_yolo_ethogram_sequence_structure.png,928601,0dc656ff64e9c5b34bca9496f0ea26d0983cac8527f905f7b41861f67dbc1bbb
figures/production/yolo_sppf_main/fig11_yolo_operating_envelope.pdf,25268,deee0a7814c77b2603c1f1e10898a03e4e45302f04ed7beb6e84dc8818aec343
figures/production/yolo_sppf_main/fig11_yolo_operating_envelope.png,1481294,87701f758d6322ca0fdad273f04c7eba27c637676df1e8e4e1ef3a868caccf46
figures/production/yolo_sppf_main/fig1_framework_streams.pdf,2523718,eada24bfcc5375e47bcda6b4b8bf7a2829c43f2feb94fb3810e2838b5690d7d7
figures/production/yolo_sppf_main/fig1_framework_streams.png,2682075,fe3ccad1710515e37ba2320d4101d7f169fa33f2de7e97ee5357721e8f27d211
figures/production/yolo_sppf_main/fig2_yolo_pose_quality.pdf,1286866,4d5c5ab33040372779485c511c31c119d1fb6e8047c813190810a8d732981aa1
figures/production/yolo_sppf_main/fig2_yolo_pose_quality.png,1365522,d069769485d715b1e66b2c7eb0f7aa8178bb1a8eda34282f6471352aa3733c61
figures/production/yolo_sppf_main/fig3_yolo_neural_training_stability.pdf,19982,4b7e9b8673842f2f7f9cfbb116f91b8d6989196a7177b0296d71b881091ab41f
figures/production/yolo_sppf_main/fig3_yolo_neural_training_stability.png,1704887,e6577e37d0b715d7d285d0854019e75b0cf0a83cef6724ee6fd6ddebf7348038
figures/production/yolo_sppf_main/fig4_yolo_stream_ablation_headline.pdf,16925,a7a631226ebc3ea353f7bb4c134c16a77dcd5a5eb2df030d9017841440df7977
figures/production/yolo_sppf_main/fig4_yolo_stream_ablation_headline.png,275330,0041689cc61576ef98938a9f500db0f89a07d2bcd5713b357a595b2ce9f427ab
figures/production/yolo_sppf_main/fig5_yolo_ethogram_bout_examples.pdf,9405100,8ef00e95e060419c60dfdc47e14406635dd9b1d5a2ddda001ec652296a9501a4
figures/production/yolo_sppf_main/fig5_yolo_ethogram_bout_examples.png,6898775,824b58a1d43d47cd1af30654c9c075d84ec04d24e908a15d3e1c36723854b314
figures/production/yolo_sppf_main/fig6_yolo_temporal_head_capacity_full_stream.pdf,15287,740c31d6a2431f0bb250e169465760bee920702617060a5781e932633f29f297
figures/production/yolo_sppf_main/fig6_yolo_temporal_head_capacity_full_stream.png,471713,671b975b09945ae611358ceba631d723691642aa9226b7427228c453b199974b
figures/production/yolo_sppf_main/fig7_yolo_per_video_paired_effects.pdf,26998,90edfafe0549b27d931ad05a214516e2ca5e9c416ad52217fc4001a7f2202ab1
figures/production/yolo_sppf_main/fig7_yolo_per_video_paired_effects.png,898359,ed26a3e86cb9301fa5e925365ccbbb5d2cdd3ce30da14c676c1661edff4ec6e9
figures/production/yolo_sppf_main/fig8_yolo_full_video_ethogram_lstm_attention.pdf,25475,dd68f84129549ea5ebe96deb13dcd6a42ce1b2e8c25e75432a71aa73ca8bbe4b
figures/production/yolo_sppf_main/fig8_yolo_full_video_ethogram_lstm_attention.png,286268,7b0cf30b9935ec63a870b558c8699b444a9ffef624934ab3f1ac255ab8296d2c
figures/production/yolo_sppf_main/fig9_yolo_bout_undersegmentation_merge_audit.pdf,26502,4a81ad326faee0027238a6656c6a9954f789f2028a9f0e80c7e300d430664da0
figures/production/yolo_sppf_main/fig9_yolo_bout_undersegmentation_merge_audit.png,1795420,83f6d27473c7b37c634fce089c1aef66b9807ce8fb2037c80266f31f30edbc23
figures/production/yolo_sppf_main/schematic_pose_reuse_framework.pdf,27715,3630cf51c414947f60d901506c751daafbc0a305646f5d36f1cef381477206d6
figures/production/yolo_sppf_main/schematic_pose_reuse_framework.png,849074,50af1ee5aa9d32e33b2f5b04c7c5262cf236b9aaf7efb5f5aab9949df6811b76
figures/production/yolo_sppf_main/schematic_stream_ablation_design.pdf,26667,6a5d2fe3501bac49188caac3eae3825eb4f2290439c00dc2dc94a892efa238d8
figures/production/yolo_sppf_main/schematic_stream_ablation_design.png,577496,1ad8b959edab27d028ec8e7b6d79117942e25682a80c370aea221ccb41e7e8fa
figures/production/yolo_sppf_main/supp_yolo_bout_boundary_head_comparison.pdf,19499,1380a6b5b7a74f297ee6cb3d313409ba61f19eafa4f7f7e6c898321407a56483
figures/production/yolo_sppf_main/supp_yolo_bout_boundary_head_comparison.png,1006927,5bedc30b2d1dea4541cd66659aafc9aa08d70e25cfa89404c8f7d12d1026e1d5
figures/production/yolo_sppf_main/supp_yolo_stream_confusion_fingerprints.pdf,57637,a9b6459bd2cc4d29763753e46d122bc68c9f6816cfcc4524318d55ae147ea495
figures/production/yolo_sppf_main/supp_yolo_stream_confusion_fingerprints.png,668345,9a4177778ca3eba90dc5de8a1b302b0d74923d706559fb8cf022ceadb068b3da
GRAPH_REPRODUCTION.md,2443,1377bd42a79921f062b725463804b5e30d5c6cafa78fa9392145bab7b8d52cc9
GRAPH_REPRODUCTION_STATUS.csv,11374,e74380a30d5352468ed383d09cab0c2f8e433ee4bcd792b3bc326c3a06d5f4ef
MANUSCRIPT_FIGURE_TABLE_MAP.csv,4508,e593e51520e97a1b4765ebab77728d66b1258e75d51e178310dad4f67c733eee
MANUSCRIPT_REPRODUCTION_INPUTS.md,6845,a440621354e8b9092cd5fda88f1a1aa50218bc4f4b2f20d035541c3f86580e4e
metadata/github_packaging_adjustments.json,4115,9be1006c081ab786f8083f4c25db4f78199194358eca799110c1a301b0bbb687
metadata/v4_build_summary.json,2353,357ff56fab91c052d5336ba67ccb6f0657be5d4b40ba40adfaa6914602ef3a86
PATH_AND_REPRODUCTION_POLICY.md,2840,2163e8e1ae08bc42aa48a21d17fbc7b60ba9f06fc6ef33effd3f1df7fd382682
PROVENANCE_MAP.md,4707,acb10fab6d73bfb700b35d3e7fe9468bd338f79cd0b4736f9ae7789de63ba45c
README.md,7264,80b2d0af3b367c2f4fccd7703a53d0a847929252be767a616c69cff540bb3954
REPORTED_EXPERIMENTS.csv,4331,ac2eb7f4ee7559a7580a102c192304d0a1fce429b9b89d83f2d138a7cedf7717
requirements-optional-dlc.txt,102,e6ce42ac7d24fd8c484981bce0f2b6563938f7288b7b2cf9e8128687b141a353
requirements-optional-gui.txt,69,4a4156dae18a2950ed040bab16c2f4ea9e80ca4e249131972d45bb1fbb192e3a
requirements.txt,639,e5ad70192528ca7a10ae43c1cbd7ed2d61ba65ea16ed8eab84e0f7366b0cf9d9
scripts_by_experiment/00_figure_table_rendering/current_analysis/behaviorscope_figure_style.py,4774,f31d7ac9b24aa66dde037217129feb7dae3f057477c069eaa0ccb92215e792a0
scripts_by_experiment/00_figure_table_rendering/production_analysis/analyze_yolo_bout_sequence_ngrams.py,11276,956dd53307ea16b1422f24d070e177f788fa1a51007c4aafcd06284164a3c13b
scripts_by_experiment/00_figure_table_rendering/production_analysis/analyze_yolo_sppf_lstm_attention.py,22024,d600c31a69bdeb245684b0f4d3b8b5cf6154f19e511ca2c5374cffb070035744
scripts_by_experiment/00_figure_table_rendering/production_analysis/audit_fly_cache_crop_containment.py,6029,1b479a110e717e8a23e20062a69f6906e784c9601e941b9fc11905cf2ffb0df5
scripts_by_experiment/00_figure_table_rendering/production_analysis/audit_fly_pose_keypoints_outside_bbox.py,4802,795b586071f769d1a8d2cd81cb1d88bc62118bb13a41630a4f91e3a3546f8040
scripts_by_experiment/00_figure_table_rendering/production_analysis/audit_yolo_bout_fragmentation.py,22959,7e7bdbe5d324339304d2dba0294ebbc8eadc0f2d19e75a17d8fdfd82735d8143
scripts_by_experiment/00_figure_table_rendering/production_analysis/audit_yolo_undersegmentation_merges.py,12540,84543121b862e2046322c5fda363ff6c88f99126883e9dd20aa8e0409ac16d5b
scripts_by_experiment/00_figure_table_rendering/production_analysis/behaviorscope_figure_style.py,4774,f31d7ac9b24aa66dde037217129feb7dae3f057477c069eaa0ccb92215e792a0
scripts_by_experiment/00_figure_table_rendering/production_analysis/explore_integrapose_style_fly_yolo_labels.py,15774,314abcb6dd90110ab18bd944f2d65f97fdb676d6e867b76cf4639f30911e2139
scripts_by_experiment/00_figure_table_rendering/production_analysis/internal_qc/end_to_end_benchmark/end_to_end_benchmark_pairwise_video_delta.csv,3953,5d1e47fc7e9380f81fdcb3370ce7d52247931a14831e2751dd7ed7f54200f0b2
scripts_by_experiment/00_figure_table_rendering/production_analysis/internal_qc/end_to_end_benchmark/end_to_end_benchmark_run_level.csv,9657,c7b481093b61de1902931fb030dfc84bd04c9c64631b325e8ab4b8649732df85
scripts_by_experiment/00_figure_table_rendering/production_analysis/internal_qc/end_to_end_benchmark/end_to_end_benchmark_stage_timing.csv,1974,9c8bc7bba4934e75bcf89523e5c7a192b35451557128ebe9019e35054f31cc76
scripts_by_experiment/00_figure_table_rendering/production_analysis/internal_qc/end_to_end_benchmark/end_to_end_benchmark_summary.csv,1338,864e5fc67eb131559081f5309afafebb5ad7320ecf21ab4928ed5e5daec5ffe2
scripts_by_experiment/00_figure_table_rendering/production_analysis/plot_fly_v_fly_ethogram_examples.py,8781,425bb0bfb777f6707b0df5ad8857c260720d9ecf3f994584e7c82ceb54c85df9
scripts_by_experiment/00_figure_table_rendering/production_analysis/plot_fly_v_fly_focused_results.py,28015,11b0abbab3df4b45795cfc288b0ef76e8b55d4cc04d6da7025dba1205f26d758
scripts_by_experiment/00_figure_table_rendering/production_analysis/plot_fly_v_fly_pose_validation_profile.py,14466,4d4e5a4de5d4dde0f2d0000d43ef50a2618b6d77c11848c64a5097f5b06c051a
scripts_by_experiment/00_figure_table_rendering/production_analysis/plot_fly_v_fly_sequence_structure.py,21185,6047190b85ab63eac190554e8ead75278eb2d481027806e92aaf24eaf0a2c8dd
scripts_by_experiment/00_figure_table_rendering/production_analysis/plot_framework_stream_schematics.py,14703,cc2b1cc6a0d4bef6c3b757c71184418d46df1f3263afab5f298b73c95a185d71
scripts_by_experiment/00_figure_table_rendering/production_analysis/plot_mars_model_type_ethograms.py,7018,b86a1a3f1f12b003757b3db30b10efdb67fcf578ca1bee7d0dbc32a364a96cd0
scripts_by_experiment/00_figure_table_rendering/production_analysis/plot_mobilenet_ethogram_bout_detail.py,25111,1c79424a35409fcb284edfe0d57691ea0bcdef018bd85950cfc7153fd5dc2b61
scripts_by_experiment/00_figure_table_rendering/production_analysis/plot_mobilenet_portability.py,22483,555e6bf687f025463a4ec77e3104a1063ff9b401854e025ff983303b346c66c1
scripts_by_experiment/00_figure_table_rendering/production_analysis/plot_yolo_bout_boundary_agreement.py,14708,6d31255616c8557a74e0ab10988412f7f90245c3922f7551c683bd48236892f2
scripts_by_experiment/00_figure_table_rendering/production_analysis/plot_yolo_classical_baselines.py,10931,fb5806fa1e27f2d0e9332faa2e98ad9dff3f2636811f8e4134c501b1ac0c28b2
scripts_by_experiment/00_figure_table_rendering/production_analysis/plot_yolo_ethogram_bout_examples.py,13415,5c0cb0f6befc8d84efde74e0e46adb2313eb85a80aaa220624c3e2357d8a742c
scripts_by_experiment/00_figure_table_rendering/production_analysis/plot_yolo_ethogram_sequence_structure.py,27342,f6bcb6dc9f0fd0180a38b9eb789569837071c620f8d38019e3954af04e424304
scripts_by_experiment/00_figure_table_rendering/production_analysis/plot_yolo_full_ablation_matrix.py,10527,ba87c7d8bec49b7a57f2ac488df6aa9bb73b238c3642674e748015d4275eca52
scripts_by_experiment/00_figure_table_rendering/production_analysis/plot_yolo_full_video_ethogram_comparison.py,15524,57dd656bb1b4bb70e7f94cc4809fcc2be7974c0935749ba63496ba867de93002
scripts_by_experiment/00_figure_table_rendering/production_analysis/plot_yolo_operating_envelope.py,15398,f827c003eded20071839beaebcb07b61d2d7b723901d8a74572fdf1b8b735d17
scripts_by_experiment/00_figure_table_rendering/production_analysis/plot_yolo_per_video_paired_effects.py,12971,f22220991196f78377e8874ff7df70f2f2e17ec7a6a3f1a1966e28545f122d15
scripts_by_experiment/00_figure_table_rendering/production_analysis/plot_yolo_training_throughput.py,4152,115511f6976d1275d617a94c0159cc6023298cfc651c96fa8da3e7c12e09f972
scripts_by_experiment/00_figure_table_rendering/production_analysis/promote_foundation_figures.py,6162,bebefa92c74d79f78d2dff34fa14f7a966fca511e95919a5330ad01eb9d6903c
scripts_by_experiment/00_figure_table_rendering/production_analysis/README.md,590,a2968959d71cdbb2fe1dd367949ee8c42fccea86fbb193a410d7906a3735d749
scripts_by_experiment/00_figure_table_rendering/production_analysis/summarize_end_to_end_benchmarks.py,18127,b10147d145890720e7d01f7fd355d2d5c4e958b23819ee661e777de4b463fbd9
scripts_by_experiment/00_figure_table_rendering/production_analysis/summarize_fly_annotation_surface.py,17284,136830209ee31528c1e83c64f0be6426ee57eca32c766982d7eaaf87f9b0fe04
scripts_by_experiment/00_figure_table_rendering/production_analysis/sync_fly_eval_results_to_tables.py,2013,9c64986b5e7e30ab93b707ef9fedc33f3cb34dd7bf9bb4f9cd101279a5f465ec
scripts_by_experiment/00_figure_table_rendering/render_table_backed_figures.py,7911,c4c72d2a6db2519517b96fdd827cc01cba6a5b4d74bc65f61b53a0624e2b958d
scripts_by_experiment/00_shared_and_entrypoints/release_scripts_root/README.md,1631,8a7db2eafc1247a337580b4ace88b7f57a76ca6f774ef02d6a91ce6df5712e2b
scripts_by_experiment/00_shared_and_entrypoints/supporting_scripts/pose_baseline_rf/audit_mars_annotation_provenance.py,2905,fc53ea8bd51bd35c8a4431a6644e017fb986365cabb3aa908bd1adbfd217e93e
scripts_by_experiment/00_shared_and_entrypoints/supporting_scripts/pose_baseline_rf/build_controlled_matrices.py,11592,a831c1af5d76a14ea0c51f4079f6707177dd0183da2606cddec0d1da07622df2
scripts_by_experiment/00_shared_and_entrypoints/supporting_scripts/pose_baseline_rf/controlled_common.py,6794,aa7bd7ecb9b59f6f2fa5ec6baf66cc5f03c0923adb8dd0bfcb97e58757104465
scripts_by_experiment/00_shared_and_entrypoints/supporting_scripts/pose_baseline_rf/evaluate_controlled_classical_mars.py,9967,3be9ca30879c04b6efa2828699ed4f29970a133c6dc6fa44591a26d9bcdb9d2a
scripts_by_experiment/00_shared_and_entrypoints/supporting_scripts/pose_baseline_rf/train_controlled_classical.py,9641,5027f3b946d2d0e1df75e138377b5b664770d7aa3fdce20c151449ae58151817
scripts_by_experiment/00_shared_and_entrypoints/supporting_scripts/README.md,1300,275b54b394602737dd8dfbb803f99c62bbe575cd89bd4981bb93f45486455be4
scripts_by_experiment/00_shared_and_entrypoints/supporting_scripts/run_controlled_comparison_suite.py,68696,f845a655a1ae86569f7b1d109731da8e1e66ad97cf31828bd2852e9048f0bb06
scripts_by_experiment/00_shared_and_entrypoints/supporting_scripts/run_fly_v_fly_adaptation_suite.py,19276,90150edcfeb435d809e4a44b702843bc80c6b2fe41d7850f7bac59f264bc4c5b
scripts_by_experiment/00_shared_and_entrypoints/supporting_scripts/shared_scripts/fly_run_cached_eval.py,24450,228ec2beee7376c4f84baff743f4af2bfd08cf1f3280e4da475129cf6cfaa070
scripts_by_experiment/00_shared_and_entrypoints/supporting_scripts/shared_scripts/fly_to_behaviorscope_npz_full.py,37465,0833947615e9b72c9ecdce975ba371e9080cf683585d5f0a65b0e04f29c0f4ab
scripts_by_experiment/00_shared_and_entrypoints/supporting_scripts/shared_scripts/scripts/annotate_y.py,11202,b77bf98b35c44f96ee5a323e79135d4ba1f91bd273138288c1c0165bf7901a28
scripts_by_experiment/00_shared_and_entrypoints/supporting_scripts/shared_scripts/scripts/annotation_app/__init__.py,56,aafa84e2dd9df68d5f06d9f48edb139720c18f17410fa7db70b4d14298bd4a39
scripts_by_experiment/00_shared_and_entrypoints/supporting_scripts/shared_scripts/scripts/annotation_app/extractor.py,24456,035d064d5e2080f3fc7f03dd1758e4cd9c28e90204ba07954216e034f32c7731
scripts_by_experiment/00_shared_and_entrypoints/supporting_scripts/shared_scripts/scripts/annotation_app/main_window.py,139895,3a4831337124df99fd57cf12ce063b9ec33185c5e587a2056655c7135d2a38a8
scripts_by_experiment/00_shared_and_entrypoints/supporting_scripts/shared_scripts/scripts/annotation_app/models.py,1940,b8b7dcdeb6fe581553cfa7f142a10bb56b21d32b0d35027362188bf91f8c133b
scripts_by_experiment/00_shared_and_entrypoints/supporting_scripts/shared_scripts/scripts/annotation_app/state.py,2639,6855113ed7455a3ea9495e8b7c71189c8a879f5b9b6b4c198c9d215690b16219
scripts_by_experiment/00_shared_and_entrypoints/supporting_scripts/shared_scripts/scripts/annotation_app/store.py,50463,e288d2b23b7a11e98e1ef64157e77a032b2573c1793d51840b0283ae621e8200
scripts_by_experiment/00_shared_and_entrypoints/supporting_scripts/shared_scripts/scripts/annotation_app/timeline.py,29401,497ff556e9e4f914f4c38d8502d21f042aaa646647e16f61b4a130bda78b5a1b
scripts_by_experiment/00_shared_and_entrypoints/supporting_scripts/shared_scripts/scripts/annotation_app/workflow_panels.py,49796,2266ff0ccbe2b356ec78791afaf32ba502b71079258d8cc690a6744d791407ef
scripts_by_experiment/00_shared_and_entrypoints/supporting_scripts/shared_scripts/scripts/batch_infer_eval.py,45200,9d3fed77c2cea4f4e81a748165c6e5208690097ce91e15e6d9fefd34e5caf717
scripts_by_experiment/00_shared_and_entrypoints/supporting_scripts/shared_scripts/scripts/behaviorscope_y_qt.py,2621,d19418380a9ac0fecda3e0e7eb171fe30a4d51eed4362789d048ab5396ab19f2
scripts_by_experiment/00_shared_and_entrypoints/supporting_scripts/shared_scripts/scripts/config.py,3909,66c101ff83232caa07e74b53d3eb5824aa36ecb18d8cded2917e904e7d571959
scripts_by_experiment/00_shared_and_entrypoints/supporting_scripts/shared_scripts/scripts/cropping.py,11381,adcdfcfa49fc7e8de5900c292fffe110b72912712ca2b1cc1700f91883d589dc
scripts_by_experiment/00_shared_and_entrypoints/supporting_scripts/shared_scripts/scripts/cropping_y.py,18099,b710bc6aa348f3d6745d40a9c1dbf6a31710d5095e0e13dbef5999a9b1d599c2
scripts_by_experiment/00_shared_and_entrypoints/supporting_scripts/shared_scripts/scripts/data_y.py,26736,a0050fed238f609cce21d6f19587d59769ab846c7037d36d2a7228d7809d0cac
scripts_by_experiment/00_shared_and_entrypoints/supporting_scripts/shared_scripts/scripts/eval_manifest_classifier_y.py,14331,1724abc6b358ebace083c9f59150d31bf411cb3206d5944ccda699718d221fa0
scripts_by_experiment/00_shared_and_entrypoints/supporting_scripts/shared_scripts/scripts/infer_y.py,98094,7d1bc2238980cf576a051a662abcddab3c7b137fd599c2fe403e57cc769add5c
scripts_by_experiment/00_shared_and_entrypoints/supporting_scripts/shared_scripts/scripts/mars_to_yolo_pose.py,37847,f63105e9d4d13ce23027be1aa3daa18c95236ec55106cec791190364c9c56a87
scripts_by_experiment/00_shared_and_entrypoints/supporting_scripts/shared_scripts/scripts/model.py,46064,1f1047ab9b21098fa6bf9d07c1f0579326e5fe5fc9b3e20a24fd1280c8e07278
scripts_by_experiment/00_shared_and_entrypoints/supporting_scripts/shared_scripts/scripts/model_y.py,35199,e9e4a97a25ab95ada656af202876a7cbed3eee7901e9572d81dbc5d360960b86
scripts_by_experiment/00_shared_and_entrypoints/supporting_scripts/shared_scripts/scripts/package_single_model_y.py,2929,880b9fa21e26fcb8d225fb40f4c5fe60a9ff4a9091d265ded695d7fbc06ce117
scripts_by_experiment/00_shared_and_entrypoints/supporting_scripts/shared_scripts/scripts/precompute_mobilenetv3_features_y.py,12535,4efdf06d6c569fa52aa2fb569504a832fa0086bc4f57dd2c03f4caf235d81286
scripts_by_experiment/00_shared_and_entrypoints/supporting_scripts/shared_scripts/scripts/precompute_visual_features_y.py,11455,440f22f2bd75cdcae4d9841805099e1fc9bab4f9c8366ca74b6ee59f7ad8ea7c
scripts_by_experiment/00_shared_and_entrypoints/supporting_scripts/shared_scripts/scripts/prepare_full_video_npz.py,54314,33e4232e5cac7ceba2ddd9e2528fb566ae3289eedbf5a62da5c54c2e63af0662
scripts_by_experiment/00_shared_and_entrypoints/supporting_scripts/shared_scripts/scripts/train_y.py,108515,ec53a7e73dc746491bebcb2b6c2e984fbbb2f1aebc2b3064e7cf6968c477de62
scripts_by_experiment/00_shared_and_entrypoints/supporting_scripts/shared_scripts/scripts/tutorial_data/BehaviorScope-Y_tutorial/class_names.txt,33,df3dd40fc9445a6e2a56307443d902d74a6938b9bc4ce81a341722a5ad83efc8
scripts_by_experiment/00_shared_and_entrypoints/supporting_scripts/shared_scripts/scripts/tutorial_data/BehaviorScope-Y_tutorial/provenance.json,6937,71a62ee1264d97ac69bd516c32e21b6f47dbd8c1076a72abfe088d41b19c7891
scripts_by_experiment/00_shared_and_entrypoints/supporting_scripts/shared_scripts/scripts/tutorial_data/BehaviorScope-Y_tutorial/README.md,2811,1fd42f8df0f81e3fe7aba61ba2104f44dd0cdeb51a328962ca22c3f3125ee7c0
scripts_by_experiment/00_shared_and_entrypoints/supporting_scripts/shared_scripts/scripts/tutorial_data/BehaviorScope-Y_tutorial/source_manifest.csv,1191,6557533e5a02adafabfd058f8b3243681641c1f66bb7f1e5291b3b07d04500aa
scripts_by_experiment/00_shared_and_entrypoints/supporting_scripts/shared_scripts/scripts/tutorial_data/BehaviorScope-Y_tutorial/videos/README.md,510,7a8bb64ed0975a2f255bfda1b9d18605a8220686e7aadf30b6667d0f6d8fcb91
scripts_by_experiment/00_shared_and_entrypoints/supporting_scripts/shared_scripts/scripts/tutorial_data/README.md,2189,04409b4a0a60cabef6a887202b16b6a89a0aa82e3e26beb6e9174d658175932d
scripts_by_experiment/00_shared_and_entrypoints/supporting_scripts/shared_scripts/scripts/utils/__init__.py,0,e3b0c44298fc1c149afbf4c8996fb92427ae41e4649b934ca495991b7852b855
scripts_by_experiment/00_shared_and_entrypoints/supporting_scripts/shared_scripts/scripts/utils/config_loader.py,4324,a332fb66f5c7adb3d6cce0ed1481473c45e337c7f7b8dd6620f330f84e668a57
scripts_by_experiment/00_shared_and_entrypoints/supporting_scripts/shared_scripts/scripts/utils/inference_metrics.py,18918,deec47b75b54180d4965bc2cd8800bdf856aa84c3a3f7f1eba35358a6c1b6454
scripts_by_experiment/00_shared_and_entrypoints/supporting_scripts/shared_scripts/scripts/utils/logging_utils.py,1354,038f807254239546e630ed00f76d17f22182410b7b9eab65e5dfda654eb0676d
scripts_by_experiment/00_shared_and_entrypoints/supporting_scripts/shared_scripts/scripts/utils/pose_features.py,3735,4d9bd462f8ead23e8a5e0969fd50e8806be3c80bc7299e1a2a9ad94cef9ffd7f
scripts_by_experiment/00_shared_and_entrypoints/supporting_scripts/shared_scripts/scripts/utils/pose_features_y.py,13915,1eb5e6b1668982e7e6a8f550c20c7ca398797b4362266b4b32903628ed507390
scripts_by_experiment/00_shared_and_entrypoints/supporting_scripts/shared_scripts/scripts/utils/temporal_splitter.py,25140,7191c3b75ac2c5320dd305826e79f1942a1423ba70b365709599753af19d3c41
scripts_by_experiment/00_shared_and_entrypoints/supporting_scripts/shared_scripts/scripts/utils/training_utils.py,596,3400fb4700223706cf97919af1254de5c407378331e7d247a38c6531222438e6
scripts_by_experiment/00_shared_and_entrypoints/supporting_scripts/shared_scripts/scripts/utils/v25_splitter.py,903,c6b73310068a6771682ba4ffd776fe67e4a430a8bb387eb7a3bbd795a6de2fd2
scripts_by_experiment/00_shared_and_entrypoints/supporting_scripts/summarize_controlled_comparison_results.py,15940,ad83f626612f74e079390790c620f8b2044b0c81c6ce3c975f03a61b2d327cb0
scripts_by_experiment/01_mars_yolo_sppf/controlled_suite_config.filtered.json,24763,69db8cddf5df0a6f048d754676afe0f126ddbdec69cf86f9c029fd07659f6298
scripts_by_experiment/01_mars_yolo_sppf/final_config.json,1639,7d3ccb7d13b57066ff8f64c88844defa7a412fd169020b20b6ef437eec697547
scripts_by_experiment/01_mars_yolo_sppf/pose_baseline_rf_config.yolo_sppf.frozen.yaml,1773,36910a9e0eca1ba6cb4e277414ba62155c607a82d3e0497bd729293510f5328c
scripts_by_experiment/01_mars_yolo_sppf/README.md,1206,79310b911d78d591631ff9223b734555ddf06a716b9f453fb086714037b592dd
scripts_by_experiment/01_mars_yolo_sppf/release_command_plan.json,569526,ef5a7a4db4fc77976d1288b4dfd8f0608d12cec801372aea3ad9b7580f27d694
scripts_by_experiment/01_mars_yolo_sppf/release_command_plan.txt,352326,3707ac8dcc9214915d74d155bbb768252b12475b9227379685692398064922e3
scripts_by_experiment/01_mars_yolo_sppf/run_mars_yolo_sppf_ablation.py,13042,8e44184956a33832793e46f5e668143fa5e987f6e379fa9bafa50aa93236faaa
scripts_by_experiment/02_classical_baselines/pose_baseline_rf/audit_mars_annotation_provenance.py,2905,fc53ea8bd51bd35c8a4431a6644e017fb986365cabb3aa908bd1adbfd217e93e
scripts_by_experiment/02_classical_baselines/pose_baseline_rf/build_controlled_matrices.py,11592,a831c1af5d76a14ea0c51f4079f6707177dd0183da2606cddec0d1da07622df2
scripts_by_experiment/02_classical_baselines/pose_baseline_rf/compute_bootstrap_ci.py,9287,93cbd1a0e7df07fd9a178afb6bab646b0ddcebef30f1465fc76c89cfac0b7389
scripts_by_experiment/02_classical_baselines/pose_baseline_rf/config.yaml,1711,21fe2fc12f3da0c14cf95bc79343b6c856024b0418a41a55c887a0b539335e04
scripts_by_experiment/02_classical_baselines/pose_baseline_rf/controlled_common.py,6794,aa7bd7ecb9b59f6f2fa5ec6baf66cc5f03c0923adb8dd0bfcb97e58757104465
scripts_by_experiment/02_classical_baselines/pose_baseline_rf/evaluate_controlled_classical_mars.py,9967,3be9ca30879c04b6efa2828699ed4f29970a133c6dc6fa44591a26d9bcdb9d2a
scripts_by_experiment/02_classical_baselines/pose_baseline_rf/evaluate_heldout.py,18326,0dcdf3c3d90d2cd6d5da2e203a3741a79954b3b2147cb05be3e192f5e6c57e09
scripts_by_experiment/02_classical_baselines/pose_baseline_rf/evaluate_heldout_visual.py,19317,b1a583cafa230faa61f1cb1e7ea2800d1fa0a46becada854f880a3906df32970
scripts_by_experiment/02_classical_baselines/pose_baseline_rf/extract_features.py,10661,5c2ac67526fbe03b7112791e6921528d5aad6d604ec3bd996781193df1d737bf
scripts_by_experiment/02_classical_baselines/pose_baseline_rf/extract_features_visual.py,14921,9cfb4e3e8b20ae9786137e49e5925b522296cb24fc9ff7a7a6c4dc98256caf28
scripts_by_experiment/02_classical_baselines/pose_baseline_rf/NOTES.md,26656,1243993b094d047121dc3b6bb3ff5fff96169c6ee9fc0b6c57bbcbfd289b631b
scripts_by_experiment/02_classical_baselines/pose_baseline_rf/render_visual_baseline_figure.py,10468,fb0bbc9b51b901e349f93f51b7744f7538523de452e1548819fd29443a9b80a6
scripts_by_experiment/02_classical_baselines/pose_baseline_rf/train_baseline.py,11970,793401d21e5c74749bce4c897adbce9dd79336e6118eb8ad5cc50f90476b705f
scripts_by_experiment/02_classical_baselines/pose_baseline_rf/train_baseline_visual.py,8690,1862164c311766c7ac999acd03e8d1c551943875650b64482960aa8fc6f85209
scripts_by_experiment/02_classical_baselines/pose_baseline_rf/train_controlled_classical.py,9641,5027f3b946d2d0e1df75e138377b5b664770d7aa3fdce20c151449ae58151817
scripts_by_experiment/03_mobilenetv3_backbone/controlled_suite_config.filtered.json,15933,5d08459a23cc43ae8db831605918de8439fb45908c09c288186db5c0f9fe18eb
scripts_by_experiment/03_mobilenetv3_backbone/final_config.json,1412,9b89140be7619df916d55d156d02580ceb5ab6cf3fb6877f7fa3db94bf40aeb6
scripts_by_experiment/03_mobilenetv3_backbone/pose_baseline_rf_config.mobilenetv3_native.frozen.yaml,1905,3520fb274aaa74eca812dab1269432b930e51469a81e9d661b4e457f165309df
scripts_by_experiment/03_mobilenetv3_backbone/README.md,986,2ed66c0a986f037534dbfed2e488a33c5151925832ca85b63da69caac7be773a
scripts_by_experiment/03_mobilenetv3_backbone/release_command_plan.json,70284,0eb6bdb9f9ed6e0a661930e8ddaeb6427620bc51401f8afe6aca7cd4a2ec2f87
scripts_by_experiment/03_mobilenetv3_backbone/release_command_plan.txt,40149,a9452988da207c680ff38ae3739896039f51c81323b578b09bb86be8f9405a55
scripts_by_experiment/03_mobilenetv3_backbone/run_mobilenetv3_backbone.py,11249,7b486c8df8fc1385390ab95d614e0a1911d2632d766c4bbd0304e939cff933ec
scripts_by_experiment/04_dlc_hrnet_topdown/analyze_dlc_heldout_eval.py,27896,01f6ad0b1f3fb77bef9c4374e057853af9993a4b0f017141dcdec4d3d747cd9a
scripts_by_experiment/04_dlc_hrnet_topdown/configs/mars_to_superanimal_conversion_table.csv,116,fc1af6d46bde045ecf180d02585d79a24b4764cdc900f83ff3ac82c878801675
scripts_by_experiment/04_dlc_hrnet_topdown/docs/DLC_HRNet32_VISUAL_FEATURE_TAP.md,12491,d9e10d470f14d3157f0da7fcc27ea48ef1de41d511d527f9aa03f5f420b30635
scripts_by_experiment/04_dlc_hrnet_topdown/docs/DLC_TOPDOWN_BEHAVIOR_NEXT_STEP.md,2971,cd0f4ee4ee86035f387ecec987ac98f0631dfe5862b25c2a9704176724017e80
scripts_by_experiment/04_dlc_hrnet_topdown/final_config.json,6717,ac7ed59a0c88e5286ea8b704934e51aa87ded77ec39ed986ad96dd38194dc894
scripts_by_experiment/04_dlc_hrnet_topdown/make_dlc_heldout_summary_figure.py,6202,b974e465b5b7dc063f128c4f91b7b9e16497c16a73ab7c471aa5857c2ae8945e
scripts_by_experiment/04_dlc_hrnet_topdown/provenance_templates/expected_outputs.md,1332,a349cb58b3b5e36b54e0cf57b6aeeb36f9d4171a3ca1bf96d8cd2442e0fcd32e
scripts_by_experiment/04_dlc_hrnet_topdown/README.md,3176,3a21f4128d4716fd6652d462881dd2ba630a82165b37f746f186543d2a333d93
scripts_by_experiment/04_dlc_hrnet_topdown/release_command_plan.json,12302,f98923cc6d23ca5fef1618381c032aeedd21bc92945d0ab3467e868818991224
scripts_by_experiment/04_dlc_hrnet_topdown/release_command_plan.txt,7251,5c93c2a1f31d985f3886d4a1e0d620736e910004af82a9ddeb2d1aa775cc9a41
scripts_by_experiment/04_dlc_hrnet_topdown/run_dlc_superanimal_topdown.py,14226,5a56b0d64e7a2456e49f8d088ba0ed628d3dedc785451696d727879b8cedc688
scripts_by_experiment/04_dlc_hrnet_topdown/SCRIPT_MANIFEST.csv,1984,4bbf24543c3badc3d884ef778a53b6d12f8ded431f2cc42912be606c3a56e35c
scripts_by_experiment/04_dlc_hrnet_topdown/supporting_scripts/dlc_feature_cache_adapter.py,26709,fbb944f583ed43ded24bdaf944a583878d41c4c158a43f2ff51973e7ebd9fd9c
scripts_by_experiment/04_dlc_hrnet_topdown/supporting_scripts/dlc_superanimal_train_mars.py,24333,805f32ede5dad965e8999ea8d34b3d651f330f5c5965990ebd79ea19d3d915e3
scripts_by_experiment/04_dlc_hrnet_topdown/supporting_scripts/dlc_topdown_full_video_npz.py,36363,2ca2fc5a7e3140318cbc71edde05e4711e07f0853a8af7c37c6cf26c340f7258
scripts_by_experiment/04_dlc_hrnet_topdown/supporting_scripts/localize_project_paths.py,4922,cef0c33597717e5eefe3d5b5685001f9d4c3c53a1ae39248d134f4712d47eb89
scripts_by_experiment/04_dlc_hrnet_topdown/supporting_scripts/prepare_mars_heldout_mp4_manifest.py,6442,7e198ff69c23eab5eaf4e8a0957bbb112e27a6dad76b29674ff8b768657d062b
scripts_by_experiment/05_descriptor_provenance/addon_metadata.json,743,f24ece3966f0797aff9080380e542b34ddb422faf0bf4038a728ebd1197bc402
scripts_by_experiment/05_descriptor_provenance/analysis_metadata.json,1121,21e0de420f5d81384c415f19f7ba3ca4ab2c450dfe8b2991c171501705fd087e
scripts_by_experiment/05_descriptor_provenance/dlc_hrnet_animal_pair_behavior_probe_confusion.csv,124,b196968ab989eb06cc167d0901877d3569dc3018ab3803185b3199e855d8a80b
scripts_by_experiment/05_descriptor_provenance/dlc_hrnet_combined_behavior_probe_confusion.csv,122,7cc11ea03098236db39ff8faa87f880d2562c9e9d92f6d876f0a7197d781a93e
scripts_by_experiment/05_descriptor_provenance/dlc_hrnet_frame_position_variance.csv,846,f0284f1f6c00d4681706c17a98a98a25340d877d78700afba50c9b275a6a5dd0
scripts_by_experiment/05_descriptor_provenance/dlc_hrnet_group_behavior_probe_confusion.csv,124,3b19c1fffa66dd85b1ba478946c12a35d7d1469bbdb791edd88618aec115766c
scripts_by_experiment/05_descriptor_provenance/dlc_hrnet_pca2_embedding_balanced.csv,199658,f5370372e2d6188ea1bab4f048504ddd6e007357dc32eeab3e42bc323d087fef
scripts_by_experiment/05_descriptor_provenance/dlc_hrnet_top_behavior_separating_channels.csv,987,95259650bd41c0da54fbd69d0d1e9d71256e0e6ce67ec1d899c68656127bd625
scripts_by_experiment/05_descriptor_provenance/dlc_hrnet_top_window_leverage.csv,10495,bc4d39435df034bed89245a0778b8f33b31ef86bc734b8c3d00ae82ff1d07bf8
scripts_by_experiment/05_descriptor_provenance/dlc_hrnet_video_leverage.csv,1619,8205a6f8c21a1ec8c6b4f571d48eb6c3c9b2a66d191e6ef0bcefce7b8c89703a
scripts_by_experiment/05_descriptor_provenance/inspect_visual_feature_cache_schemas.py,859,109d936a3237293b8d8225b4a13e307051c106bac149e7e39cc8f21a20586f58
scripts_by_experiment/05_descriptor_provenance/make_descriptor_provenance_figure.py,6846,a27bb2c3a1afa2072ec2597dbd04c18d8f7a0d91bd1734cb250a3a4e72f5a0ce
scripts_by_experiment/05_descriptor_provenance/mobilenetv3_animal_pair_behavior_probe_confusion.csv,123,108e752bb87167e064f95d824d569a080744b9a99fc0e79efb08b58868e8d39e
scripts_by_experiment/05_descriptor_provenance/mobilenetv3_combined_behavior_probe_confusion.csv,120,87b558c2074c0e1780945cdaa28284e2037dabe3158a8b16de71aecee559d03e
scripts_by_experiment/05_descriptor_provenance/mobilenetv3_frame_position_variance.csv,905,604a6a13d2fd0e959f539e78f4af9e21bd9358d9cbb5094bb750d08c3fb69fb3
scripts_by_experiment/05_descriptor_provenance/mobilenetv3_group_behavior_probe_confusion.csv,123,69f92b07e06fcef5711ce54652b1d4c98ae7f0282874ccbcfcbca155ae89d8ae
scripts_by_experiment/05_descriptor_provenance/mobilenetv3_pca2_embedding_balanced.csv,199291,6edd8ff79ed8a03db0cf2deadc8df3c85051b7da87f15b20cdad2b37c93189fb
scripts_by_experiment/05_descriptor_provenance/mobilenetv3_top_behavior_separating_channels.csv,975,e4d35e255783a770549f8f76b883e78c2a363ee08888eb630c3003b6ee751726
scripts_by_experiment/05_descriptor_provenance/mobilenetv3_top_window_leverage.csv,8978,72cd7eefc56821c1afdee2ce550c622bff8a9f98a5d35643a113d21fb8b9a527
scripts_by_experiment/05_descriptor_provenance/mobilenetv3_video_leverage.csv,1626,894b2dcbc89565f6f715d9ca2146a04da05338d1aa55df73b03190d97edf6f13
scripts_by_experiment/05_descriptor_provenance/per_video_fisher_delta_correlations.csv,669,40dd5dfb8c2cd1c0d33db00719c1a8a8661ddb02f352af19d6e07d6486c19097
scripts_by_experiment/05_descriptor_provenance/per_video_visual_fisher_long.csv,3548,83e65b41de1bc40ed7c6093a9b4c77321e053c93080b582a11047126c108c17c
scripts_by_experiment/05_descriptor_provenance/per_video_visual_fisher_vs_mobilenet_delta.csv,4684,005c36ac82b50dceabeb52109d175d58069e4cbd44dba2c33ad67c9f74966a62
scripts_by_experiment/05_descriptor_provenance/README_addon_diagnostics.md,4043,784d8056ab6aabdff8be7c10340f4b859de79dc497d6a1f7ef4bb2521400de78
scripts_by_experiment/05_descriptor_provenance/README_visual_descriptor_analysis.md,3509,796f341ea25c9ba6067df072e49e6256ac6367f0b84b54571e9678238db7a18a
scripts_by_experiment/05_descriptor_provenance/visual_component_class_metrics.csv,3202,8f32a8b67848947552cf76cfd99a15aa564d729f70a3421671d01234e79a76b1
scripts_by_experiment/05_descriptor_provenance/visual_component_probe_summary.csv,2019,637001decf7821a91aaab9c9643de392f1ccd4112e5baeebb1577ea941076fb6
scripts_by_experiment/05_descriptor_provenance/visual_descriptor_addon_diagnostics.py,17171,63df5004f4e29127cc12d3f1d955b7436466d764d770094376b5f5b9c57355c5
scripts_by_experiment/05_descriptor_provenance/visual_descriptor_fast_analysis.py,13483,2bf186cf0cefb74d4ca5343abd6cd75692b5dd8861371bb12ba254a7896b1868
scripts_by_experiment/05_descriptor_provenance/visual_descriptor_linear_cka.csv,410,66afe5e013dcc89d75871397afd659f47cd5b7c611494cea152a9e1679f87fe8
scripts_by_experiment/05_descriptor_provenance/visual_descriptor_summary.csv,1006,41a20a5e2c6380ee9c38183995cd50f5dc1733c5791677cb149974122cf3f7ac
scripts_by_experiment/05_descriptor_provenance/visual_temporal_smoothness_by_class.csv,2699,fb688fa8e75c36b8d2a2dc4dc8fb4ac26e003429423bc8094eb071fc6b3a7a5e
scripts_by_experiment/05_descriptor_provenance/yolo_sppf_animal_pair_behavior_probe_confusion.csv,119,31f873a2016804174dbaabeb503243907a6966acacb24bc044dbea18bdbfa097
scripts_by_experiment/05_descriptor_provenance/yolo_sppf_combined_behavior_probe_confusion.csv,119,5794c6493f96a4d4bd9ca40ef37acc9b74b2e7f99711a0aeccc9411629bc0369
scripts_by_experiment/05_descriptor_provenance/yolo_sppf_frame_position_variance.csv,880,017c397271de4acaab04ba6db2a3deac03b414c26091ef4e60ecc570fed0f9e1
scripts_by_experiment/05_descriptor_provenance/yolo_sppf_group_behavior_probe_confusion.csv,124,269c9bc0feb8379af8f7f9c07ccdae88790584a965a565724b7e253dbbceec02
scripts_by_experiment/05_descriptor_provenance/yolo_sppf_pca2_embedding_balanced.csv,199386,6720f01912ef9543b7f1addbf02b7dbf96c37d3dba584cba47b2f93000d2091b
scripts_by_experiment/05_descriptor_provenance/yolo_sppf_top_behavior_separating_channels.csv,955,e658a6fa1df269f54303881cb05069c5dafb835af0753e80310a03f78d9e9509
scripts_by_experiment/05_descriptor_provenance/yolo_sppf_top_window_leverage.csv,9260,b6466371ddc2177a5b8736e7773b12b46e3d0c8c81534002f4aba4c84c279c86
scripts_by_experiment/05_descriptor_provenance/yolo_sppf_video_leverage.csv,1612,44b45f883cc194b83f6c347f8d76a238122a36e31a819e055d68a7d818e2174a
scripts_by_experiment/06_fly_v_fly/final_config.json,936,be5856b423f75efbd04c0a9b35359f57bb74ecef6929242017ee8d1e08d1d682
scripts_by_experiment/06_fly_v_fly/fly_adaptation_suite_config.frozen.json,3751,0e8c2dbb64ac56c495145bb1270c1f687104b3ea9cc3e40b4d9f8498a9c5a11f
scripts_by_experiment/06_fly_v_fly/README.md,733,6a7ede669cb0f27d400efb2eac149cd7e15ac08c8dc2e6d99ec3e177f432d8ce
scripts_by_experiment/06_fly_v_fly/release_command.txt,582,a183a7f8d0ac55cc00e5af7a3dcf5c92470c35fd956228f52cca653f99f02ff3
scripts_by_experiment/06_fly_v_fly/release_command_plan.json,7075,33dbdc0b198517bafb7264f9a1be49b1b0b1e245dc93e4d5aa1506f109ec4124
scripts_by_experiment/06_fly_v_fly/release_command_plan.txt,3228,ecaa5de66f508d6342431c26270f5634180fa4a1c296df4e329d29503b7ebf6c
scripts_by_experiment/06_fly_v_fly/run_fly_v_fly_adaptation.py,3182,ff5641486f6a8917e81e76de603f3b860b5576de1c6b201a0b12a02047796a52
scripts_by_experiment/07_deployment_and_gui/gui_application/annotation_app/__init__.py,56,aafa84e2dd9df68d5f06d9f48edb139720c18f17410fa7db70b4d14298bd4a39
scripts_by_experiment/07_deployment_and_gui/gui_application/annotation_app/extractor.py,24456,035d064d5e2080f3fc7f03dd1758e4cd9c28e90204ba07954216e034f32c7731
scripts_by_experiment/07_deployment_and_gui/gui_application/annotation_app/main_window.py,139895,3a4831337124df99fd57cf12ce063b9ec33185c5e587a2056655c7135d2a38a8
scripts_by_experiment/07_deployment_and_gui/gui_application/annotation_app/models.py,1940,b8b7dcdeb6fe581553cfa7f142a10bb56b21d32b0d35027362188bf91f8c133b
scripts_by_experiment/07_deployment_and_gui/gui_application/annotation_app/state.py,2639,6855113ed7455a3ea9495e8b7c71189c8a879f5b9b6b4c198c9d215690b16219
scripts_by_experiment/07_deployment_and_gui/gui_application/annotation_app/store.py,50463,e288d2b23b7a11e98e1ef64157e77a032b2573c1793d51840b0283ae621e8200
scripts_by_experiment/07_deployment_and_gui/gui_application/annotation_app/timeline.py,29401,497ff556e9e4f914f4c38d8502d21f042aaa646647e16f61b4a130bda78b5a1b
scripts_by_experiment/07_deployment_and_gui/gui_application/annotation_app/workflow_panels.py,49946,e447e8b56682bc6cd8c25f9701ff70f80b55b325f40771530b8ee9d6cd62d52a
scripts_by_experiment/07_deployment_and_gui/gui_application/behaviorscope_y_qt.py,2621,d19418380a9ac0fecda3e0e7eb171fe30a4d51eed4362789d048ab5396ab19f2
scripts_by_experiment/07_deployment_and_gui/gui_application/launch_behaviorscope_y_qt.py,1108,443a05ecf1591888ea8038c0fc333f07d36d7c68cf97fe84608583c3a2b51c27
scripts_by_experiment/07_deployment_and_gui/gui_application/package_single_model_y.py,2929,880b9fa21e26fcb8d225fb40f4c5fe60a9ff4a9091d265ded695d7fbc06ce117
scripts_by_experiment/07_deployment_and_gui/gui_application/README.md,2333,4f7277fc18f7b30cc07402fed76dec87379e53260ac73f3e4821ce98b4c38d10
scripts_by_experiment/07_deployment_and_gui/gui_application/tutorial_data/BehaviorScope-Y_tutorial/class_names.txt,33,df3dd40fc9445a6e2a56307443d902d74a6938b9bc4ce81a341722a5ad83efc8
scripts_by_experiment/07_deployment_and_gui/gui_application/tutorial_data/BehaviorScope-Y_tutorial/provenance.json,6937,71a62ee1264d97ac69bd516c32e21b6f47dbd8c1076a72abfe088d41b19c7891
scripts_by_experiment/07_deployment_and_gui/gui_application/tutorial_data/BehaviorScope-Y_tutorial/README.md,2811,1fd42f8df0f81e3fe7aba61ba2104f44dd0cdeb51a328962ca22c3f3125ee7c0
scripts_by_experiment/07_deployment_and_gui/gui_application/tutorial_data/BehaviorScope-Y_tutorial/source_manifest.csv,1191,6557533e5a02adafabfd058f8b3243681641c1f66bb7f1e5291b3b07d04500aa
scripts_by_experiment/07_deployment_and_gui/gui_application/tutorial_data/BehaviorScope-Y_tutorial/videos/README.md,510,7a8bb64ed0975a2f255bfda1b9d18605a8220686e7aadf30b6667d0f6d8fcb91
scripts_by_experiment/07_deployment_and_gui/gui_application/tutorial_data/README.md,2189,04409b4a0a60cabef6a887202b16b6a89a0aa82e3e26beb6e9174d658175932d
tables/production/classical_baselines/fig7_yolo_classical_baselines_summary.csv,1757,b0f41e025dbe9b159c542fce4eeac7e2a50fefed2388608e5dd9e9d7ecb32baa
tables/production/classical_baselines/fig7_yolo_classical_bout_window_deltas.csv,280,27052ba4e6cb87174b346683bdd293633354e2b3e5396fc76cebf72ae00d5f2b
tables/production/classical_baselines/fig7_yolo_classical_feature_deltas.csv,242,f0d5d42505d90612dc4df6ed0c585d62df13e41f1bd5cf614211f282b5facc9a
tables/production/classical_baselines/fig7_yolo_classical_pca_provenance.csv,294,4d2ef76f77de91236aa7340007b27c1b2656af567e826fbfeddc28abb0f2159f
tables/production/descriptor_provenance/visual_component_class_metrics.csv,3202,8f32a8b67848947552cf76cfd99a15aa564d729f70a3421671d01234e79a76b1
tables/production/descriptor_provenance/visual_component_probe_summary.csv,2019,637001decf7821a91aaab9c9643de392f1ccd4112e5baeebb1577ea941076fb6
tables/production/descriptor_provenance/visual_descriptor_linear_cka.csv,410,66afe5e013dcc89d75871397afd659f47cd5b7c611494cea152a9e1679f87fe8
tables/production/descriptor_provenance/visual_descriptor_summary.csv,1006,41a20a5e2c6380ee9c38183995cd50f5dc1733c5791677cb149974122cf3f7ac
tables/production/descriptor_provenance/visual_temporal_smoothness_by_class.csv,2699,fb688fa8e75c36b8d2a2dc4dc8fb4ac26e003429423bc8094eb071fc6b3a7a5e
tables/production/dlc_superanimal_topdown/dlc_heldout_confusion_counts_raw.csv,154,ff5b3adb28adf50ff5bb167507110309c4e316887b94ceab1d500db6d06af269
tables/production/dlc_superanimal_topdown/dlc_heldout_confusion_recall_raw.csv,394,ec283c8e39d9eeda6daa2e0b6d1a377864c12d5541d0f88555e0c119bb14b3ea
tables/production/dlc_superanimal_topdown/dlc_heldout_per_class_summary.csv,4529,ded510a37d95ca96496ae48e88b299d20d4a74e593162326fedc1072f9d9e3d0
tables/production/dlc_superanimal_topdown/dlc_heldout_per_video_summary.csv,3036,bfc1fc8ae4728eff16dd0a900eb21e9733a0e5a49b8692a33b3839c413adc9ec
tables/production/dlc_superanimal_topdown/dlc_yolo_mobilenet_metric_comparison_summary.csv,1430,4dd522e598a238d970378fc82d78202977c3a3035923b2fc0da8601547c6ddd1
tables/production/dlc_superanimal_topdown/dlc_yolo_mobilenet_per_video_comparison_long.csv,25197,5b8563b6deb99fda44f31e1709335c397dc9b303e4de2141e3f18f12d26d3729
tables/production/fly_v_fly/fig_fly_v_fly_ethogram_examples_zoom_windows.csv,160,b3e4ecb4fd805081e73ea1ae599a090837c86c6bacffebb7e822f2637986b450
tables/production/fly_v_fly/fly_cache_crop_keypoint_containment.csv,9497,1f7900bd80494ecdf2d35cda7847332c78d7f622a390cc7a791843a63b549df7
tables/production/fly_v_fly/fly_collar_event_metrics_by_video.csv,252908,1f056d1cd643824f3a6be5b1d742564c28a9a8b0368777b1331758a699290d5f
tables/production/fly_v_fly/fly_collar_event_metrics_summary.csv,8635,0cb7b1f36bfd7d4ceeef2ca2c7a57e6be711758cb6dd62a6046f7ec5f123c3a7
tables/production/fly_v_fly/fly_collar_event_sweep_landmarks.csv,702,34c284314c6df8186b356a84933402db95aacc935230f10436712a5b731f79be
tables/production/fly_v_fly/fly_focused_eval_annotation_mode_summary.csv,2639,e94d96e5af0a6c5719381a84966c58ab3ae411c93d337737e0b671a6b1fe202e
tables/production/fly_v_fly/fly_focused_eval_best_primary_runs_by_metric.csv,423,3114848c92c7700b63f01e4f749ba6fddf4647921463d7b76a6f763354b7261d
tables/production/fly_v_fly/fly_focused_eval_cross_run_summary.csv,5371,8e7c6df90e91930b48f1b99e2a08370d934b2d2076de1d51c7777280cf40e258
tables/production/fly_v_fly/fly_focused_eval_failures.csv,0,e3b0c44298fc1c149afbf4c8996fb92427ae41e4649b934ca495991b7852b855
tables/production/fly_v_fly/fly_focused_eval_human_human_agreement.csv,6193,4badbc53a6adeeeb9ac46dd46125ddc1f2c0593ac5f25d64f6a491a34054ab60
tables/production/fly_v_fly/fly_focused_eval_per_video_metrics.csv,41676,72526b36062beb695ab740571a8d15f9a4b30c34b1333fa06042c61f8612b71e
tables/production/fly_v_fly/fly_focused_eval_primary_class_precision_recall.csv,427,13e7be782c2a730b3a20cd5a22f531684af6fd095942e07b49c765d2c24371e9
tables/production/fly_v_fly/fly_focused_eval_primary_summary_by_config.csv,741,136e3e3d04caffbf53b02a9c93744b0c76cee6fa40c26dcfbf3ca0a8d88abfaa
tables/production/fly_v_fly/fly_focused_eval_summary.json,15172,09323dc99074fc02ee4af4b47c774ddfe3d0b3aa246490b7118bd1b75e26be60
tables/production/fly_v_fly/fly_gt_bout_distribution_by_video_class.csv,2240,ccc8790e4cbdcb1a64b68522ab11b717118ee091477aaeba67771be62a39891a
tables/production/fly_v_fly/fly_human_human_eval_metrics_by_video.csv,1456,05c7ec9126bcc83e92ac0d54e0105dda04262bc55e06eeb3b6ef4701dd0f95dd
tables/production/fly_v_fly/fly_interannotator_class_agreement_by_video.csv,3806,a1380cd514d927ce1a780acdd69efe0ecb079dff9b65d04a46cc6e4bbbd5abdb
tables/production/fly_v_fly/fly_interannotator_frame_agreement_by_video.csv,1108,387414e1f7b1dbd2134ca2e6489b78d6fb6e963237b9c4a07e5703b855052eb7
tables/production/fly_v_fly/fly_original_thesis_human_benchmark.csv,445,84e2077102dc2877478d4b66aef58905f952042bd76ba62f646603cdb1e05b0f
tables/production/fly_v_fly/fly_pose_keypoints_outside_bbox_by_keypoint.csv,1238,60b2d90d4adf4b429429574c006bfce3c5975bca25a811c5095a84c09d4d4efc
tables/production/fly_v_fly/fly_pose_keypoints_outside_bbox_summary.csv,392,564c79cbdf6a5bd14cefc21b0e6bcde28eca6f278ac6245ca1d393672a5eb932
tables/production/fly_v_fly/fly_pose_track_class_keypoint_pck10.csv,890,b07945e50888f85711d93beb7cd69a7036439036f8d8e4f6f7b714fea5fa9700
tables/production/fly_v_fly/fly_pose_track_keypoint_eval_raw.csv,28554889,bbf133e0673662b1c4adceb78b637ebce1dce8a9a3acd10b6c64c6768ec3b2c3
tables/production/fly_v_fly/fly_pose_track_keypoint_summary.csv,502,46aedbae01f67cf7dde3ab0f21ba695e7a5d4e28d5d827421549410d05c55935
tables/production/fly_v_fly/fly_pose_track_overall_summary.csv,190,5bf747628c7b29a280c9fdaa4fabe420cd982d443848bea5dda1888cb13bdfec
tables/production/fly_v_fly/fly_reproduction_table_manifest.csv,2933,7bb10ae4630f354c9fc3d4dcb82715254f09ec8dbec57055d0d46502bfead73e
tables/production/fly_v_fly/fly_secondary_annotation_availability.csv,1349,7a684f608cd7489fab92db3d4fa6d252031a70ead9e861ec525c3ea885b6a64c
tables/production/fly_v_fly/fly_video_annotation_surface_all.csv,2055,923277f91217cfcf132cd2752c667f58711efe23857690a5cb3ca4587278ebd4
tables/production/fly_v_fly/fly_video_annotation_surface_heldout.csv,1241,bf1c35b8b547a9acfcb437f353af62b3e049aee592c92ef222c3248bc23ee466
tables/production/fly_v_fly/supp_fly_v_fly_sequence_structure_bigram_transition_table.csv,6577,eca01a08c1e02b7b964c80bef95ec738132cdbdeec1efb06f7f09b01a5ef85c9
tables/production/fly_v_fly/supp_fly_v_fly_sequence_structure_smoothed_bigram_transition_table.csv,6577,eca01a08c1e02b7b964c80bef95ec738132cdbdeec1efb06f7f09b01a5ef85c9
tables/production/fly_v_fly/supp_fly_v_fly_sequence_structure_smoothed_summary.csv,4527,732fecc4bee9d7a027dd0c0d98721790da1c16295208bdec56fbd03b7ee12c44
tables/production/fly_v_fly/supp_fly_v_fly_sequence_structure_smoothed_video_level_and_nulls.csv,10544597,3d119fff37979def6147f0238b1578940ce68f76c31b33959b337eb7a68828a8
tables/production/fly_v_fly/supp_fly_v_fly_sequence_structure_summary.csv,4527,732fecc4bee9d7a027dd0c0d98721790da1c16295208bdec56fbd03b7ee12c44
tables/production/fly_v_fly/supp_fly_v_fly_sequence_structure_video_level_and_nulls.csv,10244397,7e0f32c7f497ae44f17474356b3fb54569ddaeb8b34c783ca48fea1ae0b3aee2
tables/production/mobilenet_portability/mobilenet_cross_backbone_boundary_model_summary.csv,6967,a55990d6528a7c51b10b8613cb90ceacd2ee058cf18f78f1da0c5a4aeb329534
tables/production/mobilenet_portability/mobilenet_cross_backbone_boundary_seed_summary.csv,10451,14dc1a454a49729869a45a35ec7d5b530809c5fd7d43f0d8978c28c06b92ec10
tables/production/mobilenet_portability/mobilenet_cross_backbone_bout_detail_summary.csv,4075,11f7da0b1cf9c95e35a080e72a43f2b6517c743a372d519c882d51b2124c2752
tables/production/mobilenet_portability/mobilenet_cross_backbone_bout_matches.csv,6969441,08517a2622f4538c9f22a60fc9a8a743c83c3909ec79bd4964606c2cf557c642
tables/production/mobilenet_portability/mobilenet_cross_backbone_ethogram_per_video.csv,192008,6fdae9a36af1ded9e74d1d4333e5d50d1d7e0da00da3e74728e3bc7b5152a0d1
tables/production/mobilenet_portability/mobilenet_cross_backbone_ground_truth_bouts.csv,358369,9bb84e576e5c6fbaf6c0dba579156511062075b3db8e4ce329603cafb805bddc
tables/production/mobilenet_portability/mobilenet_cross_backbone_ngram_summary.csv,7049,2013ece85fa177ea2092ff3432f4900cf973cf0061a5acd9f8c7fda1351b013d
tables/production/mobilenet_portability/mobilenet_cross_backbone_predicted_bout_overlap_detail.csv,3128002,7d8c3789976fabdfd4ebd76d2ca409f9f9fbba0c81c5380b50f31802f609b46d
tables/production/mobilenet_portability/mobilenet_cross_backbone_predicted_bouts.csv,2947735,4c0e9bec03731b7de82dede21c78926e60e9ee084b950dd84688465c3a8597d2
tables/production/mobilenet_portability/mobilenet_cross_backbone_transition_counts.csv,8068,35805fce7b803302b51aa7364218bc48567ae3f46b41f6f8162d8b92fd394966
tables/production/mobilenet_portability/mobilenet_cross_backbone_transition_probabilities.csv,10305,1746328d7ac99ac89ed817cf88a685e790d6d5ef8ac4d436c5fd3b7842a95083
tables/production/mobilenet_portability/mobilenet_portability_model_summary.csv,1058,8914f1edcfb6153064eab018b1bcb09185df9a9aaf8bd5eec86634634858f7f0
tables/production/mobilenet_portability/mobilenet_portability_paired_effects.csv,1135,9cfdf9d0248fef68248d3021b02fca6027efac6ed0de81dbbe39d03e9616928c
tables/production/mobilenet_portability/mobilenet_portability_paired_video_deltas.csv,19588,92a9be70a895c5062a64ff89cd7b2a0124ec927cacf1d1407dc54596f8abb251
tables/production/mobilenet_portability/mobilenet_portability_per_video_long.csv,259795,90afbdf4fc8680fc21c37416a8aa5ba7949520e2beb31327850db57b9b4e7e71
tables/production/mobilenet_portability/mobilenet_portability_pose_backbone_provenance.csv,1454,ebf60beffb5dc6ad5d23d6a6d1c7b9af47d1c7e447cf417a74734bedd1cb11fa
tables/production/mobilenet_portability/mobilenet_portability_seed_summary.csv,1784,ce6284aea90a7fc0ddad34b80ed14a2722c03bac6861bdb7eca32415488be607
tables/production/mobilenet_portability/mobilenet_portability_training_epoch_long.csv,53808,2caa95534571131c51f1f6c65d33f31a2fd5ac8378f04cf2082a8006e2bdf372
tables/production/mobilenet_portability/mobilenet_portability_training_resource_summary.csv,2053,f84dfe411ccf9b99fe6df3507dfdfe420c8e3487aecc7e91e2cd2e3f92a725fb
tables/production/model_parameters/model_parameter_counts_by_configuration.csv,21387,6e8a9e8d8380f348f196d1daea47e59b10f5c38c1f7ea32fc43e1349ce559ed0
tables/production/model_parameters/model_parameter_counts_by_seed.csv,34511,4342d80517f35aa5c887a1d157f88e4d946d1019ba3907173ff2d5361c21ecd5
tables/production/model_parameters/model_parameter_counts_family_summary.csv,727,612620a45ebb8d9b32c32cda8c39f93ee9d2f22e58f9053b32d5570ae5d6d387
tables/production/model_parameters/model_parameter_counts_manuscript_family_summary.csv,723,4effec9abe2bf6b30c29140212459943177a321ead802ac2ce8faf413e3438ae
tables/production/supplement/supp_end_to_end_benchmark_pairwise_video_delta.csv,3953,5d1e47fc7e9380f81fdcb3370ce7d52247931a14831e2751dd7ed7f54200f0b2
tables/production/supplement/supp_end_to_end_benchmark_run_level.csv,9657,c7b481093b61de1902931fb030dfc84bd04c9c64631b325e8ab4b8649732df85
tables/production/supplement/supp_end_to_end_benchmark_stage_timing.csv,1974,9c8bc7bba4934e75bcf89523e5c7a192b35451557128ebe9019e35054f31cc76
tables/production/supplement/supp_end_to_end_benchmark_summary.csv,1338,864e5fc67eb131559081f5309afafebb5ad7320ecf21ab4928ed5e5daec5ffe2
tables/production/supplement/supp_mars_model_type_ethograms_track_summary.csv,1210,96ad01b43d980a301e9b353f83c95e548fcf416fe2687c23dc799047e506c82c
tables/production/supplement/supp_yolo_full_ablation_matrix_mean_sd.csv,9098,d347a31d5bf3236ecb158d23a66fc5649f4a6d33c0319902e4a74b4493582a4f
tables/production/supplement/supp_yolo_full_ablation_matrix_seed_level.csv,21098,00c7b78f4b702cd2ddc1c1e27fdac4c664ac1c1a74fcc2226b8f62a746c7b852
tables/production/supplement/supp_yolo_full_ablation_matrix_validation_mean_sd.csv,2535,b92867c120d894930b928b104c483a2d6e8d3dbfb3def1045c2edf98e4924cc6
tables/production/supplement/supp_yolo_training_throughput_per_run.csv,27303,8c1a1a5a6c305db92b930779f07dd88b6209d71763ccabaa2f8dd1bf5368f55f
tables/production/supplement/supp_yolo_training_throughput_summary.csv,775,e6bba2b53a2be74095ad41b75687dfe275237a79433c174f33964d4ac358ed19
tables/production/yolo_sppf_main/fig10_yolo_ethogram_sequence_structure_bigram_edge_table.csv,920,38e3b20b216907b189ebcfa5b882876867d05ae53fe2502ba2a3229ef136e935
tables/production/yolo_sppf_main/fig10_yolo_ethogram_sequence_structure_rare_motif_recall_long.csv,123928,99fdc15d2f1a1dae058b61538518e62ab6c05d2d879ff6034a7cd1d083a059d5
tables/production/yolo_sppf_main/fig10_yolo_ethogram_sequence_structure_rare_motif_recall_summary.csv,2021,fd14dde95f70ffc8f24723f7ff4bc37f12c47a38493e90c20c692b6cdfe37415
tables/production/yolo_sppf_main/fig10_yolo_ethogram_sequence_structure_summary.csv,6043,199407522d28f61665e8406690fa0da3694b863e94bb9cc9c5772cfbce1287df
tables/production/yolo_sppf_main/fig10_yolo_ethogram_sequence_structure_video_level_and_nulls.csv,8207201,0b304351ac4f956e519d9c5f3f82b8fb97ebebbcf58894d9e4726bb539a10a2d
tables/production/yolo_sppf_main/fig11_yolo_operating_envelope_class_recall_summary.csv,2742,303b5f6dfb8c34126fc6ec2df8f6ddb8fb4688262dfb103b8b285767db4f47f2
tables/production/yolo_sppf_main/fig11_yolo_operating_envelope_duration_bin_model_summary.csv,18519,6d266c89f73bc68a156140ff4df63ee842d2c1d2fe248a61a3bc0019a58a9c7e
tables/production/yolo_sppf_main/fig11_yolo_operating_envelope_duration_bin_seed_summary.csv,41719,96adaa41ff6d913f0b9ba90aa6702d9169c1e0a19ef69ab8ce36eb95feb29ee5
tables/production/yolo_sppf_main/fig11_yolo_operating_envelope_gt_bout_level.csv,8266855,8775144011557315dbf71580771644c12f30b742ff62cce200ae40d45395d3c2
tables/production/yolo_sppf_main/fig11_yolo_operating_envelope_reliable_duration_summary.csv,1474,5fabf37f0f7e4b807150e4efa751574f6e7513699d6b15e69ec715eaa55f0080
tables/production/yolo_sppf_main/fig1_framework_streams_source_metadata.csv,322,f1bf6faf89769cf7a6a12189df80be30e274ae0878ae12596d2fff662f35288a
tables/production/yolo_sppf_main/fig2_yolo_feature_provenance.csv,494,5c4a9b93dad932475bf53b3665d466db0ce336e19fad733b39065215e1bbc2ca
tables/production/yolo_sppf_main/fig2_yolo_pose_quality_metrics.csv,339,a7e8a08a77db232d735466dd201864a98b44a1d862e70133311b763b619edce3
tables/production/yolo_sppf_main/fig5_yolo_ethogram_bout_examples_selected_examples.csv,850,b114faa56cf054049753036c58804b94625685566f4c84301beea4d33b8964c3
tables/production/yolo_sppf_main/fig7_yolo_per_video_paired_effects_bout_count_bootstrap_summary.csv,607,9bcf50869a45650bd1cf9f341534bba7d08a3a70f89f5df92e42b0764e2207f9
tables/production/yolo_sppf_main/fig7_yolo_per_video_paired_effects_f1_bootstrap_summary.csv,1873,2dcfcec96aa1d4d4c61c073ce5689644a0a6c56d2002f5f94900d03b067fd3fe
tables/production/yolo_sppf_main/fig7_yolo_per_video_paired_effects_full_vs_pose_relations_per_video.csv,47296,4b880e71f9729b469ec9021853be1d7beb803ef1c144e64cd7176147f73ef318
tables/production/yolo_sppf_main/fig8_yolo_full_video_ethogram_lstm_attention_bout_transition_counts_all_videos.csv,1069,f7ef420305213ddbcd5d47783493cdf2b36c0cd7368c9968a76a5d45be6228c8
tables/production/yolo_sppf_main/fig8_yolo_full_video_ethogram_lstm_attention_bout_transition_differences_all_videos.csv,1744,93e6c308412955b0218db6045c0cca3949604ff97a27566f432413fbbd982332
tables/production/yolo_sppf_main/fig8_yolo_full_video_ethogram_lstm_attention_bout_transition_probabilities_all_videos.csv,1458,aa8ac1e4a97b3f3861cd3ad69403b5f5cd42c334e97839369abae13e1d2e0aea
tables/production/yolo_sppf_main/fig8_yolo_full_video_ethogram_lstm_attention_track_summary.csv,249,36a8fc39ac7ffd0352e89c341861aa3e4f2a293a8cb427b9080ef9bd20a22b35
tables/production/yolo_sppf_main/fig8_yolo_full_video_ethogram_lstm_attention_transition_counts_all_videos.csv,1779,0ea7ecfa47d2f7bf47d760b4b82c2beffc24aa999561d1fe841e4aa008dc6e24
tables/production/yolo_sppf_main/fig8_yolo_full_video_ethogram_lstm_attention_transition_differences_all_videos.csv,2657,9d6acce2917e25dd2dff90637f1b5ca850d33d60cf62fc6c3e5c039dc5560c80
tables/production/yolo_sppf_main/fig8_yolo_full_video_ethogram_lstm_attention_transition_probabilities_all_videos.csv,2355,fbbc629966d2387f87e51f2ae4eb3e309b829232f99f6be8c53f5427d8790583
tables/production/yolo_sppf_main/fig9_yolo_bout_undersegmentation_merge_audit_model_summary.csv,11044,60cfaee38678c27de4719b773ab01b0b096e44b56dd12ad12914ae29854f573a
tables/production/yolo_sppf_main/fig9_yolo_bout_undersegmentation_merge_audit_prediction_overlap_detail.csv,7414503,78f9361aeb7b18ad125f600ad2618b2c25f16c6da66fe72c7932a5ce110436b2
tables/production/yolo_sppf_main/fig9_yolo_bout_undersegmentation_merge_audit_seed_summary.csv,18294,5bf1c89720ce909ed8342650f96f8542c9890ea005ab7fff4b3e1160550e10f7
tables/production/yolo_sppf_main/schematic_framework_stream_metadata.csv,401,7abef2b2073cdac8ca9b70c600c2b079b65d06ad2dabfa56d0f5033f5b124aab
tables/production/yolo_sppf_main/schematic_stream_ablation_design.csv,1142,2e3c4825e2d219bb1b41af1b5ff1a395e6eb073dd0a6dff05dd322941e5c7d73
tables/production/yolo_sppf_main/supp_yolo_bout_fragmentation_audit_all_capacities_all_bouts_long.csv,3737736,cb40c06e50e2dba7f3cf4c4418a200dd1bc8281a62000267ce8e26e7041a40d5
tables/production/yolo_sppf_main/supp_yolo_bout_fragmentation_audit_all_capacities_bout_model.csv,3256,4b57e84dd673e7e3790548722e462efe8276214d98764a34f5d7444b6f1f0dc1
tables/production/yolo_sppf_main/supp_yolo_bout_fragmentation_audit_all_capacities_bout_seed.csv,4028,9db113155387a8a4397acfcfebe0718d6dfe9587edf2637594ee217f6e687ea5
tables/production/yolo_sppf_main/supp_yolo_bout_fragmentation_audit_all_capacities_consecutive_bout_transitions_long.csv,3852645,f9e69ad054f98b73723157f4b845857baeb7f0429e88e950675f9dba2bcac3d1
tables/production/yolo_sppf_main/supp_yolo_bout_fragmentation_audit_all_capacities_gt_overlap_detail_long.csv,4934270,8c4862b2290a10dea1a7e0849ea3b15074fe102f78e95cf7e4445424eedc577f
tables/production/yolo_sppf_main/supp_yolo_bout_fragmentation_audit_all_capacities_overlap_model.csv,3541,4889babe93af117ece315bf0f031e7d7f162bf16bc9108ec6e57d254bcb0ee7d
tables/production/yolo_sppf_main/supp_yolo_bout_fragmentation_audit_all_capacities_overlap_seed.csv,4805,9d5ed050da8fa10dcffd72ff15448462bed5ffafa19a85778e7f77111446f4eb
tables/production/yolo_sppf_main/supp_yolo_bout_fragmentation_audit_all_capacities_raw_windows_all_bouts_long.csv,3379911,eedec36aab7196b60c1a6b3de6deaae428ed0dfcd7563c564573d87368facef4
tables/production/yolo_sppf_main/supp_yolo_bout_fragmentation_audit_all_capacities_raw_windows_consecutive_bout_transitions_long.csv,3572795,a856cbc7150e660849d72b3c9d2d8ee44909aafb1d3f0e07709751192bc3a548
tables/production/yolo_sppf_main/supp_yolo_bout_fragmentation_audit_all_capacities_raw_windows_gt_overlap_detail_long.csv,2,7eb70257593da06f682a3ddda54a9d260d4fc514f645237f5ca74b08f8da61a6
tables/production/yolo_sppf_main/supp_yolo_bout_fragmentation_audit_all_capacities_same_model.csv,3100,98dd13d6ddf29cf19522b1dd1e9eda4468d8fe31cc8fa61d6053f4267a750ade
tables/production/yolo_sppf_main/supp_yolo_bout_fragmentation_audit_all_capacities_same_seed.csv,3468,b4b723c38d3bb6c72e919136dc0b491933569932f392fa16ed194998e477bc57
tables/production/yolo_sppf_main/supp_yolo_bout_fragmentation_audit_all_capacities_transition_model.csv,3352,ddd59ac21862aeb625b3d2777072f09d762f671a5247eeace85ea0edb86b88d5
tables/production/yolo_sppf_main/supp_yolo_bout_fragmentation_audit_all_capacities_transition_seed.csv,3897,b60a563c3ab1dd2d2a48586a16c146420d2d5a29385bb9bc7a112b6e59ee13af
tables/production/yolo_sppf_main/supp_yolo_bout_fragmentation_audit_bout_counts_by_class.csv,602,240630cc5ec8e407341d275b70ab9f900bc1c1d87803cd2452c68088903af37e
tables/production/yolo_sppf_main/supp_yolo_bout_fragmentation_audit_consecutive_bout_transitions.csv,486623,eea9a30305f6483df25ecc13d385423c68e139c4d4bbb6a323ae028a037a71ae
tables/production/yolo_sppf_main/supp_yolo_bout_fragmentation_audit_gt_overlap_detail.csv,378557,8c1d07bb58dfa678fe025e8a81452fd50b86de7a37d772f86f431fb566a532b1
tables/production/yolo_sppf_main/supp_yolo_bout_fragmentation_audit_gt_overlap_summary.csv,653,651f8520ec34419e634ddc12e571b0670256762354d5baf7fada3b671ded0b92
tables/production/yolo_sppf_main/supp_yolo_bout_fragmentation_audit_same_class_gap_summary.csv,680,80e952dbfe057b0472fa9ff2ecdaeb6344346c2f4d4c88b7164de86db2dc6ac4
tables/production/yolo_sppf_main/supp_yolo_bout_fragmentation_audit_transition_summary.csv,624,26b7a82f485edcaa0dfef21a07f5daa9107f4f545ab9dacd1a3a58f1093f3c3f
tables/production/yolo_sppf_main/supp_yolo_bout_sequence_ngram_audit_summary.csv,5670,2eb82bdd4cc3bdc575552d450e6f867b5708f8f49b81e66576f7c3776d14e13f
tables/production/yolo_sppf_main/supp_yolo_bout_sequence_ngram_audit_video_level.csv,400230,ea6d160e4ef2ee0df3cef852da7d1a638ea8019537321de72f7e1494870ba7fb
tables/production/yolo_sppf_main/supp_yolo_bout_undersegmentation_merge_audit_model_summary.csv,5491,5946d05ed55d50e248b8eaef8beb7583cee2a35486886800112ccbe8fda14910
tables/production/yolo_sppf_main/supp_yolo_bout_undersegmentation_merge_audit_prediction_overlap_detail.csv,3359516,dc4c329cfcf87d595ef5a790e2076ef430fdfe525d6a5d257e707687c4d15f34
tables/production/yolo_sppf_main/supp_yolo_bout_undersegmentation_merge_audit_seed_summary.csv,8534,3f3121edec8a92d35fec5a6692529c23fbc4fafa89ae6b6bb0b15f6ef65fda35
tables/production/yolo_sppf_main/yolo_bout_boundary_counts_by_seed.csv,113394,f0d418d954f144dd9c7660a70441455acd93b03088ce3d697764d9bc49c5c00c
tables/production/yolo_sppf_main/yolo_bout_boundary_counts_seed_summary.csv,66398,79b54599d05548979b1a8e1b5c1516c965eb68719ba1410850a4161c53a7e992
tables/production/yolo_sppf_main/yolo_bout_boundary_full256_lstm_attention_class_summary.csv,3434,fd9c4e3378382676bd8b31ee8d8c97b41c7d54fc2369582bea1f150a6150dc9a
tables/production/yolo_sppf_main/yolo_bout_boundary_match_seed_summary.csv,98304,e8a9b9c1bf4d9c89a0e453bb07a5a3ded67248bb5a36ec7cfecc730dc28689b8
tables/production/yolo_sppf_main/yolo_bout_boundary_matches_by_seed.csv,118297,fc9108e6786637eecb79e39135d48adbade8d026742d8269a6838223564fb768
tables/production/yolo_sppf_main/yolo_full_attention256_per_class_seed_mean.csv,223,fcf4bcddbbf5cd2e176971db47383e3876d0a2719865db0ddf1710b2cb092ffc
tables/production/yolo_sppf_main/yolo_gt_bout_duration_gap_summary.csv,674,18b428fe9ec7e8e1c0898078d6d0124e99b79cf880539097835b0317fe80ac34
tables/production/yolo_sppf_main/yolo_lstm_attention_best_capacity_by_stream_head.csv,3374,ef050b7d5762ec7e3c58d3720c4ddb6dc78ab72dafa17fd0c401926cc80160bb
tables/production/yolo_sppf_main/yolo_lstm_attention_best_stream_deltas_vs_full.csv,1280,8dfa800aaec535b650f67be5a835cf71f4a58b10e5f91faea562b5fb5eb29aa9
tables/production/yolo_sppf_main/yolo_lstm_attention_bout_matches_long.csv.gz,7498877,d8cea2665b377a2cc8d43f814cbc3bd5af087bd503ef9d70eebe39f699403c6c
tables/production/yolo_sppf_main/yolo_lstm_attention_confusion_fingerprints.csv,146085,687d080f8bfc4c074484e5146d36af6897fd38834aaa4867ba4bf9a772dd6026
tables/production/yolo_sppf_main/yolo_lstm_attention_ground_truth_bouts_long.csv.gz,2341515,e316869d7ccdcd1c8845361f0b57caa1a19f5ca89e5b817663db8291b5417239
tables/production/yolo_sppf_main/yolo_lstm_attention_model_summary.csv,87344,84f22ff3c6ed29058482f7bf535db88378f08b4d8d22c14d5516b69d67516db3
tables/production/yolo_sppf_main/yolo_lstm_attention_per_class_long.csv,13266543,af2b67c5422c84638648a4289bfe971588797359cd5e1358f858c742cd36d535
tables/production/yolo_sppf_main/yolo_lstm_attention_per_class_summary.csv,176070,a1dea731e39a7298259e053b1c1dd2b993710ea7f482efe7ea88a043a33cfb70
tables/production/yolo_sppf_main/yolo_lstm_attention_per_video_long.csv,4811386,d54eb81e17034596168436ec97c32b000a0952821dfbe5d7bf47ff7010a65b15
tables/production/yolo_sppf_main/yolo_lstm_attention_predicted_bouts_long.csv.gz,2781317,00c26ca0e534cbe01486ca191061bba7cd019b0dd03e23637d9437772e9a4fb4
tables/production/yolo_sppf_main/yolo_lstm_attention_raw_vs_smoothed_model_deltas.csv,23352,177bb1d01723ace6c079578e221b56198eeed97e87d2f95bf128cd24db0c93a1
tables/production/yolo_sppf_main/yolo_lstm_attention_run_inventory.csv,45319,c58c516e72ce4b741c5378db69bf5403bf3728b12ea655726b1850ca8c6ca3c7
tables/production/yolo_sppf_main/yolo_lstm_attention_seed_summary.csv,18348,d09f1ebd15bae519d1c460ff4c99c9faadf31df4787dc5b12d1c2f6680b2f629
tables/production/yolo_sppf_main/yolo_lstm_attention_training_logs_long.csv,753506,15b157fe39080af7f0e7ff7c528c58cc2fc2cbe1e1756b52b43b65592c371455
UPSTREAM_OUTPUT_PATHS.md,2771,97ab735fe48af04731f903d4cfb0e4290807ee22ec4d21b0181b1c689ad96787
verification_files/by_experiment/00_manuscript_tables/classical_baselines/fig7_yolo_classical_baselines_summary.csv,1757,b0f41e025dbe9b159c542fce4eeac7e2a50fefed2388608e5dd9e9d7ecb32baa
verification_files/by_experiment/00_manuscript_tables/classical_baselines/fig7_yolo_classical_bout_window_deltas.csv,280,27052ba4e6cb87174b346683bdd293633354e2b3e5396fc76cebf72ae00d5f2b
verification_files/by_experiment/00_manuscript_tables/classical_baselines/fig7_yolo_classical_feature_deltas.csv,242,f0d5d42505d90612dc4df6ed0c585d62df13e41f1bd5cf614211f282b5facc9a
verification_files/by_experiment/00_manuscript_tables/classical_baselines/fig7_yolo_classical_pca_provenance.csv,294,4d2ef76f77de91236aa7340007b27c1b2656af567e826fbfeddc28abb0f2159f
verification_files/by_experiment/00_manuscript_tables/descriptor_provenance/visual_component_class_metrics.csv,3202,8f32a8b67848947552cf76cfd99a15aa564d729f70a3421671d01234e79a76b1
verification_files/by_experiment/00_manuscript_tables/descriptor_provenance/visual_component_probe_summary.csv,2019,637001decf7821a91aaab9c9643de392f1ccd4112e5baeebb1577ea941076fb6
verification_files/by_experiment/00_manuscript_tables/descriptor_provenance/visual_descriptor_linear_cka.csv,410,66afe5e013dcc89d75871397afd659f47cd5b7c611494cea152a9e1679f87fe8
verification_files/by_experiment/00_manuscript_tables/descriptor_provenance/visual_descriptor_summary.csv,1006,41a20a5e2c6380ee9c38183995cd50f5dc1733c5791677cb149974122cf3f7ac
verification_files/by_experiment/00_manuscript_tables/descriptor_provenance/visual_temporal_smoothness_by_class.csv,2699,fb688fa8e75c36b8d2a2dc4dc8fb4ac26e003429423bc8094eb071fc6b3a7a5e
verification_files/by_experiment/00_manuscript_tables/dlc_superanimal_topdown/dlc_heldout_confusion_counts_raw.csv,154,ff5b3adb28adf50ff5bb167507110309c4e316887b94ceab1d500db6d06af269
verification_files/by_experiment/00_manuscript_tables/dlc_superanimal_topdown/dlc_heldout_confusion_recall_raw.csv,394,ec283c8e39d9eeda6daa2e0b6d1a377864c12d5541d0f88555e0c119bb14b3ea
verification_files/by_experiment/00_manuscript_tables/dlc_superanimal_topdown/dlc_heldout_per_class_summary.csv,4529,ded510a37d95ca96496ae48e88b299d20d4a74e593162326fedc1072f9d9e3d0
verification_files/by_experiment/00_manuscript_tables/dlc_superanimal_topdown/dlc_heldout_per_video_summary.csv,3036,bfc1fc8ae4728eff16dd0a900eb21e9733a0e5a49b8692a33b3839c413adc9ec
verification_files/by_experiment/00_manuscript_tables/dlc_superanimal_topdown/dlc_yolo_mobilenet_metric_comparison_summary.csv,1430,4dd522e598a238d970378fc82d78202977c3a3035923b2fc0da8601547c6ddd1
verification_files/by_experiment/00_manuscript_tables/dlc_superanimal_topdown/dlc_yolo_mobilenet_per_video_comparison_long.csv,25197,5b8563b6deb99fda44f31e1709335c397dc9b303e4de2141e3f18f12d26d3729
verification_files/by_experiment/00_manuscript_tables/fly_v_fly/fig_fly_v_fly_ethogram_examples_zoom_windows.csv,160,b3e4ecb4fd805081e73ea1ae599a090837c86c6bacffebb7e822f2637986b450
verification_files/by_experiment/00_manuscript_tables/fly_v_fly/fly_cache_crop_keypoint_containment.csv,9497,1f7900bd80494ecdf2d35cda7847332c78d7f622a390cc7a791843a63b549df7
verification_files/by_experiment/00_manuscript_tables/fly_v_fly/fly_collar_event_metrics_by_video.csv,252908,1f056d1cd643824f3a6be5b1d742564c28a9a8b0368777b1331758a699290d5f
verification_files/by_experiment/00_manuscript_tables/fly_v_fly/fly_collar_event_metrics_summary.csv,8635,0cb7b1f36bfd7d4ceeef2ca2c7a57e6be711758cb6dd62a6046f7ec5f123c3a7
verification_files/by_experiment/00_manuscript_tables/fly_v_fly/fly_collar_event_sweep_landmarks.csv,702,34c284314c6df8186b356a84933402db95aacc935230f10436712a5b731f79be
verification_files/by_experiment/00_manuscript_tables/fly_v_fly/fly_focused_eval_annotation_mode_summary.csv,2639,e94d96e5af0a6c5719381a84966c58ab3ae411c93d337737e0b671a6b1fe202e
verification_files/by_experiment/00_manuscript_tables/fly_v_fly/fly_focused_eval_best_primary_runs_by_metric.csv,423,3114848c92c7700b63f01e4f749ba6fddf4647921463d7b76a6f763354b7261d
verification_files/by_experiment/00_manuscript_tables/fly_v_fly/fly_focused_eval_cross_run_summary.csv,5371,8e7c6df90e91930b48f1b99e2a08370d934b2d2076de1d51c7777280cf40e258
verification_files/by_experiment/00_manuscript_tables/fly_v_fly/fly_focused_eval_failures.csv,0,e3b0c44298fc1c149afbf4c8996fb92427ae41e4649b934ca495991b7852b855
verification_files/by_experiment/00_manuscript_tables/fly_v_fly/fly_focused_eval_human_human_agreement.csv,6193,4badbc53a6adeeeb9ac46dd46125ddc1f2c0593ac5f25d64f6a491a34054ab60
verification_files/by_experiment/00_manuscript_tables/fly_v_fly/fly_focused_eval_per_video_metrics.csv,41676,72526b36062beb695ab740571a8d15f9a4b30c34b1333fa06042c61f8612b71e
verification_files/by_experiment/00_manuscript_tables/fly_v_fly/fly_focused_eval_primary_class_precision_recall.csv,427,13e7be782c2a730b3a20cd5a22f531684af6fd095942e07b49c765d2c24371e9
verification_files/by_experiment/00_manuscript_tables/fly_v_fly/fly_focused_eval_primary_summary_by_config.csv,741,136e3e3d04caffbf53b02a9c93744b0c76cee6fa40c26dcfbf3ca0a8d88abfaa
verification_files/by_experiment/00_manuscript_tables/fly_v_fly/fly_focused_eval_summary.json,15172,09323dc99074fc02ee4af4b47c774ddfe3d0b3aa246490b7118bd1b75e26be60
verification_files/by_experiment/00_manuscript_tables/fly_v_fly/fly_gt_bout_distribution_by_video_class.csv,2240,ccc8790e4cbdcb1a64b68522ab11b717118ee091477aaeba67771be62a39891a
verification_files/by_experiment/00_manuscript_tables/fly_v_fly/fly_human_human_eval_metrics_by_video.csv,1456,05c7ec9126bcc83e92ac0d54e0105dda04262bc55e06eeb3b6ef4701dd0f95dd
verification_files/by_experiment/00_manuscript_tables/fly_v_fly/fly_interannotator_class_agreement_by_video.csv,3806,a1380cd514d927ce1a780acdd69efe0ecb079dff9b65d04a46cc6e4bbbd5abdb
verification_files/by_experiment/00_manuscript_tables/fly_v_fly/fly_interannotator_frame_agreement_by_video.csv,1108,387414e1f7b1dbd2134ca2e6489b78d6fb6e963237b9c4a07e5703b855052eb7
verification_files/by_experiment/00_manuscript_tables/fly_v_fly/fly_original_thesis_human_benchmark.csv,445,84e2077102dc2877478d4b66aef58905f952042bd76ba62f646603cdb1e05b0f
verification_files/by_experiment/00_manuscript_tables/fly_v_fly/fly_pose_keypoints_outside_bbox_by_keypoint.csv,1238,60b2d90d4adf4b429429574c006bfce3c5975bca25a811c5095a84c09d4d4efc
verification_files/by_experiment/00_manuscript_tables/fly_v_fly/fly_pose_keypoints_outside_bbox_summary.csv,392,564c79cbdf6a5bd14cefc21b0e6bcde28eca6f278ac6245ca1d393672a5eb932
verification_files/by_experiment/00_manuscript_tables/fly_v_fly/fly_pose_track_class_keypoint_pck10.csv,890,b07945e50888f85711d93beb7cd69a7036439036f8d8e4f6f7b714fea5fa9700
verification_files/by_experiment/00_manuscript_tables/fly_v_fly/fly_pose_track_keypoint_eval_raw.csv,28554889,bbf133e0673662b1c4adceb78b637ebce1dce8a9a3acd10b6c64c6768ec3b2c3
verification_files/by_experiment/00_manuscript_tables/fly_v_fly/fly_pose_track_keypoint_summary.csv,502,46aedbae01f67cf7dde3ab0f21ba695e7a5d4e28d5d827421549410d05c55935
verification_files/by_experiment/00_manuscript_tables/fly_v_fly/fly_pose_track_overall_summary.csv,190,5bf747628c7b29a280c9fdaa4fabe420cd982d443848bea5dda1888cb13bdfec
verification_files/by_experiment/00_manuscript_tables/fly_v_fly/fly_reproduction_table_manifest.csv,2933,7bb10ae4630f354c9fc3d4dcb82715254f09ec8dbec57055d0d46502bfead73e
verification_files/by_experiment/00_manuscript_tables/fly_v_fly/fly_secondary_annotation_availability.csv,1349,7a684f608cd7489fab92db3d4fa6d252031a70ead9e861ec525c3ea885b6a64c
verification_files/by_experiment/00_manuscript_tables/fly_v_fly/fly_video_annotation_surface_all.csv,2055,923277f91217cfcf132cd2752c667f58711efe23857690a5cb3ca4587278ebd4
verification_files/by_experiment/00_manuscript_tables/fly_v_fly/fly_video_annotation_surface_heldout.csv,1241,bf1c35b8b547a9acfcb437f353af62b3e049aee592c92ef222c3248bc23ee466
verification_files/by_experiment/00_manuscript_tables/fly_v_fly/supp_fly_v_fly_sequence_structure_bigram_transition_table.csv,6577,eca01a08c1e02b7b964c80bef95ec738132cdbdeec1efb06f7f09b01a5ef85c9
verification_files/by_experiment/00_manuscript_tables/fly_v_fly/supp_fly_v_fly_sequence_structure_smoothed_bigram_transition_table.csv,6577,eca01a08c1e02b7b964c80bef95ec738132cdbdeec1efb06f7f09b01a5ef85c9
verification_files/by_experiment/00_manuscript_tables/fly_v_fly/supp_fly_v_fly_sequence_structure_smoothed_summary.csv,4527,732fecc4bee9d7a027dd0c0d98721790da1c16295208bdec56fbd03b7ee12c44
verification_files/by_experiment/00_manuscript_tables/fly_v_fly/supp_fly_v_fly_sequence_structure_smoothed_video_level_and_nulls.csv,10544597,3d119fff37979def6147f0238b1578940ce68f76c31b33959b337eb7a68828a8
verification_files/by_experiment/00_manuscript_tables/fly_v_fly/supp_fly_v_fly_sequence_structure_summary.csv,4527,732fecc4bee9d7a027dd0c0d98721790da1c16295208bdec56fbd03b7ee12c44
verification_files/by_experiment/00_manuscript_tables/fly_v_fly/supp_fly_v_fly_sequence_structure_video_level_and_nulls.csv,10244397,7e0f32c7f497ae44f17474356b3fb54569ddaeb8b34c783ca48fea1ae0b3aee2
verification_files/by_experiment/00_manuscript_tables/mobilenet_portability/mobilenet_cross_backbone_boundary_model_summary.csv,6967,a55990d6528a7c51b10b8613cb90ceacd2ee058cf18f78f1da0c5a4aeb329534
verification_files/by_experiment/00_manuscript_tables/mobilenet_portability/mobilenet_cross_backbone_boundary_seed_summary.csv,10451,14dc1a454a49729869a45a35ec7d5b530809c5fd7d43f0d8978c28c06b92ec10
verification_files/by_experiment/00_manuscript_tables/mobilenet_portability/mobilenet_cross_backbone_bout_detail_summary.csv,4075,11f7da0b1cf9c95e35a080e72a43f2b6517c743a372d519c882d51b2124c2752
verification_files/by_experiment/00_manuscript_tables/mobilenet_portability/mobilenet_cross_backbone_bout_matches.csv,6969441,08517a2622f4538c9f22a60fc9a8a743c83c3909ec79bd4964606c2cf557c642
verification_files/by_experiment/00_manuscript_tables/mobilenet_portability/mobilenet_cross_backbone_ethogram_per_video.csv,192008,6fdae9a36af1ded9e74d1d4333e5d50d1d7e0da00da3e74728e3bc7b5152a0d1
verification_files/by_experiment/00_manuscript_tables/mobilenet_portability/mobilenet_cross_backbone_ground_truth_bouts.csv,358369,9bb84e576e5c6fbaf6c0dba579156511062075b3db8e4ce329603cafb805bddc
verification_files/by_experiment/00_manuscript_tables/mobilenet_portability/mobilenet_cross_backbone_ngram_summary.csv,7049,2013ece85fa177ea2092ff3432f4900cf973cf0061a5acd9f8c7fda1351b013d
verification_files/by_experiment/00_manuscript_tables/mobilenet_portability/mobilenet_cross_backbone_predicted_bout_overlap_detail.csv,3128002,7d8c3789976fabdfd4ebd76d2ca409f9f9fbba0c81c5380b50f31802f609b46d
verification_files/by_experiment/00_manuscript_tables/mobilenet_portability/mobilenet_cross_backbone_predicted_bouts.csv,2947735,4c0e9bec03731b7de82dede21c78926e60e9ee084b950dd84688465c3a8597d2
verification_files/by_experiment/00_manuscript_tables/mobilenet_portability/mobilenet_cross_backbone_transition_counts.csv,8068,35805fce7b803302b51aa7364218bc48567ae3f46b41f6f8162d8b92fd394966
verification_files/by_experiment/00_manuscript_tables/mobilenet_portability/mobilenet_cross_backbone_transition_probabilities.csv,10305,1746328d7ac99ac89ed817cf88a685e790d6d5ef8ac4d436c5fd3b7842a95083
verification_files/by_experiment/00_manuscript_tables/mobilenet_portability/mobilenet_portability_model_summary.csv,1058,8914f1edcfb6153064eab018b1bcb09185df9a9aaf8bd5eec86634634858f7f0
verification_files/by_experiment/00_manuscript_tables/mobilenet_portability/mobilenet_portability_paired_effects.csv,1135,9cfdf9d0248fef68248d3021b02fca6027efac6ed0de81dbbe39d03e9616928c
verification_files/by_experiment/00_manuscript_tables/mobilenet_portability/mobilenet_portability_paired_video_deltas.csv,19588,92a9be70a895c5062a64ff89cd7b2a0124ec927cacf1d1407dc54596f8abb251
verification_files/by_experiment/00_manuscript_tables/mobilenet_portability/mobilenet_portability_per_video_long.csv,259795,90afbdf4fc8680fc21c37416a8aa5ba7949520e2beb31327850db57b9b4e7e71
verification_files/by_experiment/00_manuscript_tables/mobilenet_portability/mobilenet_portability_pose_backbone_provenance.csv,1454,ebf60beffb5dc6ad5d23d6a6d1c7b9af47d1c7e447cf417a74734bedd1cb11fa
verification_files/by_experiment/00_manuscript_tables/mobilenet_portability/mobilenet_portability_seed_summary.csv,1784,ce6284aea90a7fc0ddad34b80ed14a2722c03bac6861bdb7eca32415488be607
verification_files/by_experiment/00_manuscript_tables/mobilenet_portability/mobilenet_portability_training_epoch_long.csv,53808,2caa95534571131c51f1f6c65d33f31a2fd5ac8378f04cf2082a8006e2bdf372
verification_files/by_experiment/00_manuscript_tables/mobilenet_portability/mobilenet_portability_training_resource_summary.csv,2053,f84dfe411ccf9b99fe6df3507dfdfe420c8e3487aecc7e91e2cd2e3f92a725fb
verification_files/by_experiment/00_manuscript_tables/model_parameters/model_parameter_counts_by_configuration.csv,21387,6e8a9e8d8380f348f196d1daea47e59b10f5c38c1f7ea32fc43e1349ce559ed0
verification_files/by_experiment/00_manuscript_tables/model_parameters/model_parameter_counts_by_seed.csv,34511,4342d80517f35aa5c887a1d157f88e4d946d1019ba3907173ff2d5361c21ecd5
verification_files/by_experiment/00_manuscript_tables/model_parameters/model_parameter_counts_family_summary.csv,727,612620a45ebb8d9b32c32cda8c39f93ee9d2f22e58f9053b32d5570ae5d6d387
verification_files/by_experiment/00_manuscript_tables/model_parameters/model_parameter_counts_manuscript_family_summary.csv,723,4effec9abe2bf6b30c29140212459943177a321ead802ac2ce8faf413e3438ae
verification_files/by_experiment/00_manuscript_tables/supplement/supp_end_to_end_benchmark_pairwise_video_delta.csv,3953,5d1e47fc7e9380f81fdcb3370ce7d52247931a14831e2751dd7ed7f54200f0b2
verification_files/by_experiment/00_manuscript_tables/supplement/supp_end_to_end_benchmark_run_level.csv,9657,c7b481093b61de1902931fb030dfc84bd04c9c64631b325e8ab4b8649732df85
verification_files/by_experiment/00_manuscript_tables/supplement/supp_end_to_end_benchmark_stage_timing.csv,1974,9c8bc7bba4934e75bcf89523e5c7a192b35451557128ebe9019e35054f31cc76
verification_files/by_experiment/00_manuscript_tables/supplement/supp_end_to_end_benchmark_summary.csv,1338,864e5fc67eb131559081f5309afafebb5ad7320ecf21ab4928ed5e5daec5ffe2
verification_files/by_experiment/00_manuscript_tables/supplement/supp_mars_model_type_ethograms_track_summary.csv,1210,96ad01b43d980a301e9b353f83c95e548fcf416fe2687c23dc799047e506c82c
verification_files/by_experiment/00_manuscript_tables/supplement/supp_yolo_full_ablation_matrix_mean_sd.csv,9098,d347a31d5bf3236ecb158d23a66fc5649f4a6d33c0319902e4a74b4493582a4f
verification_files/by_experiment/00_manuscript_tables/supplement/supp_yolo_full_ablation_matrix_seed_level.csv,21098,00c7b78f4b702cd2ddc1c1e27fdac4c664ac1c1a74fcc2226b8f62a746c7b852
verification_files/by_experiment/00_manuscript_tables/supplement/supp_yolo_full_ablation_matrix_validation_mean_sd.csv,2535,b92867c120d894930b928b104c483a2d6e8d3dbfb3def1045c2edf98e4924cc6
verification_files/by_experiment/00_manuscript_tables/supplement/supp_yolo_training_throughput_per_run.csv,27303,8c1a1a5a6c305db92b930779f07dd88b6209d71763ccabaa2f8dd1bf5368f55f
verification_files/by_experiment/00_manuscript_tables/supplement/supp_yolo_training_throughput_summary.csv,775,e6bba2b53a2be74095ad41b75687dfe275237a79433c174f33964d4ac358ed19
verification_files/by_experiment/00_manuscript_tables/yolo_sppf_main/fig10_yolo_ethogram_sequence_structure_bigram_edge_table.csv,920,38e3b20b216907b189ebcfa5b882876867d05ae53fe2502ba2a3229ef136e935
verification_files/by_experiment/00_manuscript_tables/yolo_sppf_main/fig10_yolo_ethogram_sequence_structure_rare_motif_recall_long.csv,123928,99fdc15d2f1a1dae058b61538518e62ab6c05d2d879ff6034a7cd1d083a059d5
verification_files/by_experiment/00_manuscript_tables/yolo_sppf_main/fig10_yolo_ethogram_sequence_structure_rare_motif_recall_summary.csv,2021,fd14dde95f70ffc8f24723f7ff4bc37f12c47a38493e90c20c692b6cdfe37415
verification_files/by_experiment/00_manuscript_tables/yolo_sppf_main/fig10_yolo_ethogram_sequence_structure_summary.csv,6043,199407522d28f61665e8406690fa0da3694b863e94bb9cc9c5772cfbce1287df
verification_files/by_experiment/00_manuscript_tables/yolo_sppf_main/fig10_yolo_ethogram_sequence_structure_video_level_and_nulls.csv,8207201,0b304351ac4f956e519d9c5f3f82b8fb97ebebbcf58894d9e4726bb539a10a2d
verification_files/by_experiment/00_manuscript_tables/yolo_sppf_main/fig11_yolo_operating_envelope_class_recall_summary.csv,2742,303b5f6dfb8c34126fc6ec2df8f6ddb8fb4688262dfb103b8b285767db4f47f2
verification_files/by_experiment/00_manuscript_tables/yolo_sppf_main/fig11_yolo_operating_envelope_duration_bin_model_summary.csv,18519,6d266c89f73bc68a156140ff4df63ee842d2c1d2fe248a61a3bc0019a58a9c7e
verification_files/by_experiment/00_manuscript_tables/yolo_sppf_main/fig11_yolo_operating_envelope_duration_bin_seed_summary.csv,41719,96adaa41ff6d913f0b9ba90aa6702d9169c1e0a19ef69ab8ce36eb95feb29ee5
verification_files/by_experiment/00_manuscript_tables/yolo_sppf_main/fig11_yolo_operating_envelope_gt_bout_level.csv,8266855,8775144011557315dbf71580771644c12f30b742ff62cce200ae40d45395d3c2
verification_files/by_experiment/00_manuscript_tables/yolo_sppf_main/fig11_yolo_operating_envelope_reliable_duration_summary.csv,1474,5fabf37f0f7e4b807150e4efa751574f6e7513699d6b15e69ec715eaa55f0080
verification_files/by_experiment/00_manuscript_tables/yolo_sppf_main/fig1_framework_streams_source_metadata.csv,322,f1bf6faf89769cf7a6a12189df80be30e274ae0878ae12596d2fff662f35288a
verification_files/by_experiment/00_manuscript_tables/yolo_sppf_main/fig2_yolo_feature_provenance.csv,494,5c4a9b93dad932475bf53b3665d466db0ce336e19fad733b39065215e1bbc2ca
verification_files/by_experiment/00_manuscript_tables/yolo_sppf_main/fig2_yolo_pose_quality_metrics.csv,339,a7e8a08a77db232d735466dd201864a98b44a1d862e70133311b763b619edce3
verification_files/by_experiment/00_manuscript_tables/yolo_sppf_main/fig5_yolo_ethogram_bout_examples_selected_examples.csv,850,b114faa56cf054049753036c58804b94625685566f4c84301beea4d33b8964c3
verification_files/by_experiment/00_manuscript_tables/yolo_sppf_main/fig7_yolo_per_video_paired_effects_bout_count_bootstrap_summary.csv,607,9bcf50869a45650bd1cf9f341534bba7d08a3a70f89f5df92e42b0764e2207f9
verification_files/by_experiment/00_manuscript_tables/yolo_sppf_main/fig7_yolo_per_video_paired_effects_f1_bootstrap_summary.csv,1873,2dcfcec96aa1d4d4c61c073ce5689644a0a6c56d2002f5f94900d03b067fd3fe
verification_files/by_experiment/00_manuscript_tables/yolo_sppf_main/fig7_yolo_per_video_paired_effects_full_vs_pose_relations_per_video.csv,47296,4b880e71f9729b469ec9021853be1d7beb803ef1c144e64cd7176147f73ef318
verification_files/by_experiment/00_manuscript_tables/yolo_sppf_main/fig8_yolo_full_video_ethogram_lstm_attention_bout_transition_counts_all_videos.csv,1069,f7ef420305213ddbcd5d47783493cdf2b36c0cd7368c9968a76a5d45be6228c8
verification_files/by_experiment/00_manuscript_tables/yolo_sppf_main/fig8_yolo_full_video_ethogram_lstm_attention_bout_transition_differences_all_videos.csv,1744,93e6c308412955b0218db6045c0cca3949604ff97a27566f432413fbbd982332
verification_files/by_experiment/00_manuscript_tables/yolo_sppf_main/fig8_yolo_full_video_ethogram_lstm_attention_bout_transition_probabilities_all_videos.csv,1458,aa8ac1e4a97b3f3861cd3ad69403b5f5cd42c334e97839369abae13e1d2e0aea
verification_files/by_experiment/00_manuscript_tables/yolo_sppf_main/fig8_yolo_full_video_ethogram_lstm_attention_track_summary.csv,249,36a8fc39ac7ffd0352e89c341861aa3e4f2a293a8cb427b9080ef9bd20a22b35
verification_files/by_experiment/00_manuscript_tables/yolo_sppf_main/fig8_yolo_full_video_ethogram_lstm_attention_transition_counts_all_videos.csv,1779,0ea7ecfa47d2f7bf47d760b4b82c2beffc24aa999561d1fe841e4aa008dc6e24
verification_files/by_experiment/00_manuscript_tables/yolo_sppf_main/fig8_yolo_full_video_ethogram_lstm_attention_transition_differences_all_videos.csv,2657,9d6acce2917e25dd2dff90637f1b5ca850d33d60cf62fc6c3e5c039dc5560c80
verification_files/by_experiment/00_manuscript_tables/yolo_sppf_main/fig8_yolo_full_video_ethogram_lstm_attention_transition_probabilities_all_videos.csv,2355,fbbc629966d2387f87e51f2ae4eb3e309b829232f99f6be8c53f5427d8790583
verification_files/by_experiment/00_manuscript_tables/yolo_sppf_main/fig9_yolo_bout_undersegmentation_merge_audit_model_summary.csv,11044,60cfaee38678c27de4719b773ab01b0b096e44b56dd12ad12914ae29854f573a
verification_files/by_experiment/00_manuscript_tables/yolo_sppf_main/fig9_yolo_bout_undersegmentation_merge_audit_prediction_overlap_detail.csv,7414503,78f9361aeb7b18ad125f600ad2618b2c25f16c6da66fe72c7932a5ce110436b2
verification_files/by_experiment/00_manuscript_tables/yolo_sppf_main/fig9_yolo_bout_undersegmentation_merge_audit_seed_summary.csv,18294,5bf1c89720ce909ed8342650f96f8542c9890ea005ab7fff4b3e1160550e10f7
verification_files/by_experiment/00_manuscript_tables/yolo_sppf_main/schematic_framework_stream_metadata.csv,401,7abef2b2073cdac8ca9b70c600c2b079b65d06ad2dabfa56d0f5033f5b124aab
verification_files/by_experiment/00_manuscript_tables/yolo_sppf_main/schematic_stream_ablation_design.csv,1142,2e3c4825e2d219bb1b41af1b5ff1a395e6eb073dd0a6dff05dd322941e5c7d73
verification_files/by_experiment/00_manuscript_tables/yolo_sppf_main/supp_yolo_bout_fragmentation_audit_all_capacities_all_bouts_long.csv,3737736,cb40c06e50e2dba7f3cf4c4418a200dd1bc8281a62000267ce8e26e7041a40d5
verification_files/by_experiment/00_manuscript_tables/yolo_sppf_main/supp_yolo_bout_fragmentation_audit_all_capacities_bout_model.csv,3256,4b57e84dd673e7e3790548722e462efe8276214d98764a34f5d7444b6f1f0dc1
verification_files/by_experiment/00_manuscript_tables/yolo_sppf_main/supp_yolo_bout_fragmentation_audit_all_capacities_bout_seed.csv,4028,9db113155387a8a4397acfcfebe0718d6dfe9587edf2637594ee217f6e687ea5
verification_files/by_experiment/00_manuscript_tables/yolo_sppf_main/supp_yolo_bout_fragmentation_audit_all_capacities_consecutive_bout_transitions_long.csv,3852645,f9e69ad054f98b73723157f4b845857baeb7f0429e88e950675f9dba2bcac3d1
verification_files/by_experiment/00_manuscript_tables/yolo_sppf_main/supp_yolo_bout_fragmentation_audit_all_capacities_gt_overlap_detail_long.csv,4934270,8c4862b2290a10dea1a7e0849ea3b15074fe102f78e95cf7e4445424eedc577f
verification_files/by_experiment/00_manuscript_tables/yolo_sppf_main/supp_yolo_bout_fragmentation_audit_all_capacities_overlap_model.csv,3541,4889babe93af117ece315bf0f031e7d7f162bf16bc9108ec6e57d254bcb0ee7d
verification_files/by_experiment/00_manuscript_tables/yolo_sppf_main/supp_yolo_bout_fragmentation_audit_all_capacities_overlap_seed.csv,4805,9d5ed050da8fa10dcffd72ff15448462bed5ffafa19a85778e7f77111446f4eb
verification_files/by_experiment/00_manuscript_tables/yolo_sppf_main/supp_yolo_bout_fragmentation_audit_all_capacities_raw_windows_all_bouts_long.csv,3379911,eedec36aab7196b60c1a6b3de6deaae428ed0dfcd7563c564573d87368facef4
verification_files/by_experiment/00_manuscript_tables/yolo_sppf_main/supp_yolo_bout_fragmentation_audit_all_capacities_raw_windows_consecutive_bout_transitions_long.csv,3572795,a856cbc7150e660849d72b3c9d2d8ee44909aafb1d3f0e07709751192bc3a548
verification_files/by_experiment/00_manuscript_tables/yolo_sppf_main/supp_yolo_bout_fragmentation_audit_all_capacities_raw_windows_gt_overlap_detail_long.csv,2,7eb70257593da06f682a3ddda54a9d260d4fc514f645237f5ca74b08f8da61a6
verification_files/by_experiment/00_manuscript_tables/yolo_sppf_main/supp_yolo_bout_fragmentation_audit_all_capacities_same_model.csv,3100,98dd13d6ddf29cf19522b1dd1e9eda4468d8fe31cc8fa61d6053f4267a750ade
verification_files/by_experiment/00_manuscript_tables/yolo_sppf_main/supp_yolo_bout_fragmentation_audit_all_capacities_same_seed.csv,3468,b4b723c38d3bb6c72e919136dc0b491933569932f392fa16ed194998e477bc57
verification_files/by_experiment/00_manuscript_tables/yolo_sppf_main/supp_yolo_bout_fragmentation_audit_all_capacities_transition_model.csv,3352,ddd59ac21862aeb625b3d2777072f09d762f671a5247eeace85ea0edb86b88d5
verification_files/by_experiment/00_manuscript_tables/yolo_sppf_main/supp_yolo_bout_fragmentation_audit_all_capacities_transition_seed.csv,3897,b60a563c3ab1dd2d2a48586a16c146420d2d5a29385bb9bc7a112b6e59ee13af
verification_files/by_experiment/00_manuscript_tables/yolo_sppf_main/supp_yolo_bout_fragmentation_audit_bout_counts_by_class.csv,602,240630cc5ec8e407341d275b70ab9f900bc1c1d87803cd2452c68088903af37e
verification_files/by_experiment/00_manuscript_tables/yolo_sppf_main/supp_yolo_bout_fragmentation_audit_consecutive_bout_transitions.csv,486623,eea9a30305f6483df25ecc13d385423c68e139c4d4bbb6a323ae028a037a71ae
verification_files/by_experiment/00_manuscript_tables/yolo_sppf_main/supp_yolo_bout_fragmentation_audit_gt_overlap_detail.csv,378557,8c1d07bb58dfa678fe025e8a81452fd50b86de7a37d772f86f431fb566a532b1
verification_files/by_experiment/00_manuscript_tables/yolo_sppf_main/supp_yolo_bout_fragmentation_audit_gt_overlap_summary.csv,653,651f8520ec34419e634ddc12e571b0670256762354d5baf7fada3b671ded0b92
verification_files/by_experiment/00_manuscript_tables/yolo_sppf_main/supp_yolo_bout_fragmentation_audit_same_class_gap_summary.csv,680,80e952dbfe057b0472fa9ff2ecdaeb6344346c2f4d4c88b7164de86db2dc6ac4
verification_files/by_experiment/00_manuscript_tables/yolo_sppf_main/supp_yolo_bout_fragmentation_audit_transition_summary.csv,624,26b7a82f485edcaa0dfef21a07f5daa9107f4f545ab9dacd1a3a58f1093f3c3f
verification_files/by_experiment/00_manuscript_tables/yolo_sppf_main/supp_yolo_bout_sequence_ngram_audit_summary.csv,5670,2eb82bdd4cc3bdc575552d450e6f867b5708f8f49b81e66576f7c3776d14e13f
verification_files/by_experiment/00_manuscript_tables/yolo_sppf_main/supp_yolo_bout_sequence_ngram_audit_video_level.csv,400230,ea6d160e4ef2ee0df3cef852da7d1a638ea8019537321de72f7e1494870ba7fb
verification_files/by_experiment/00_manuscript_tables/yolo_sppf_main/supp_yolo_bout_undersegmentation_merge_audit_model_summary.csv,5491,5946d05ed55d50e248b8eaef8beb7583cee2a35486886800112ccbe8fda14910
verification_files/by_experiment/00_manuscript_tables/yolo_sppf_main/supp_yolo_bout_undersegmentation_merge_audit_prediction_overlap_detail.csv,3359516,dc4c329cfcf87d595ef5a790e2076ef430fdfe525d6a5d257e707687c4d15f34
verification_files/by_experiment/00_manuscript_tables/yolo_sppf_main/supp_yolo_bout_undersegmentation_merge_audit_seed_summary.csv,8534,3f3121edec8a92d35fec5a6692529c23fbc4fafa89ae6b6bb0b15f6ef65fda35
verification_files/by_experiment/00_manuscript_tables/yolo_sppf_main/yolo_bout_boundary_counts_by_seed.csv,113394,f0d418d954f144dd9c7660a70441455acd93b03088ce3d697764d9bc49c5c00c
verification_files/by_experiment/00_manuscript_tables/yolo_sppf_main/yolo_bout_boundary_counts_seed_summary.csv,66398,79b54599d05548979b1a8e1b5c1516c965eb68719ba1410850a4161c53a7e992
verification_files/by_experiment/00_manuscript_tables/yolo_sppf_main/yolo_bout_boundary_full256_lstm_attention_class_summary.csv,3434,fd9c4e3378382676bd8b31ee8d8c97b41c7d54fc2369582bea1f150a6150dc9a
verification_files/by_experiment/00_manuscript_tables/yolo_sppf_main/yolo_bout_boundary_match_seed_summary.csv,98304,e8a9b9c1bf4d9c89a0e453bb07a5a3ded67248bb5a36ec7cfecc730dc28689b8
verification_files/by_experiment/00_manuscript_tables/yolo_sppf_main/yolo_bout_boundary_matches_by_seed.csv,118297,fc9108e6786637eecb79e39135d48adbade8d026742d8269a6838223564fb768
verification_files/by_experiment/00_manuscript_tables/yolo_sppf_main/yolo_full_attention256_per_class_seed_mean.csv,223,fcf4bcddbbf5cd2e176971db47383e3876d0a2719865db0ddf1710b2cb092ffc
verification_files/by_experiment/00_manuscript_tables/yolo_sppf_main/yolo_gt_bout_duration_gap_summary.csv,674,18b428fe9ec7e8e1c0898078d6d0124e99b79cf880539097835b0317fe80ac34
verification_files/by_experiment/00_manuscript_tables/yolo_sppf_main/yolo_lstm_attention_best_capacity_by_stream_head.csv,3374,ef050b7d5762ec7e3c58d3720c4ddb6dc78ab72dafa17fd0c401926cc80160bb
verification_files/by_experiment/00_manuscript_tables/yolo_sppf_main/yolo_lstm_attention_best_stream_deltas_vs_full.csv,1280,8dfa800aaec535b650f67be5a835cf71f4a58b10e5f91faea562b5fb5eb29aa9
verification_files/by_experiment/00_manuscript_tables/yolo_sppf_main/yolo_lstm_attention_bout_matches_long.csv.gz,7498877,11b53bc85e0d0aee598202aba05baeb6f19bbc0c3337353945038b3fb93616b8
verification_files/by_experiment/00_manuscript_tables/yolo_sppf_main/yolo_lstm_attention_confusion_fingerprints.csv,146085,687d080f8bfc4c074484e5146d36af6897fd38834aaa4867ba4bf9a772dd6026
verification_files/by_experiment/00_manuscript_tables/yolo_sppf_main/yolo_lstm_attention_ground_truth_bouts_long.csv.gz,2341515,c3f1a267a490618e198cc1de35b64c6663109166fb448234dccc4b86c04ad00d
verification_files/by_experiment/00_manuscript_tables/yolo_sppf_main/yolo_lstm_attention_model_summary.csv,87344,84f22ff3c6ed29058482f7bf535db88378f08b4d8d22c14d5516b69d67516db3
verification_files/by_experiment/00_manuscript_tables/yolo_sppf_main/yolo_lstm_attention_per_class_long.csv,13266543,af2b67c5422c84638648a4289bfe971588797359cd5e1358f858c742cd36d535
verification_files/by_experiment/00_manuscript_tables/yolo_sppf_main/yolo_lstm_attention_per_class_summary.csv,176070,a1dea731e39a7298259e053b1c1dd2b993710ea7f482efe7ea88a043a33cfb70
verification_files/by_experiment/00_manuscript_tables/yolo_sppf_main/yolo_lstm_attention_per_video_long.csv,4811386,d54eb81e17034596168436ec97c32b000a0952821dfbe5d7bf47ff7010a65b15
verification_files/by_experiment/00_manuscript_tables/yolo_sppf_main/yolo_lstm_attention_predicted_bouts_long.csv.gz,2781317,4f1fef91ea85b62c7296d424b1d7724ec49e7edf7df42e3369fb3fcaedcc0ac7
verification_files/by_experiment/00_manuscript_tables/yolo_sppf_main/yolo_lstm_attention_raw_vs_smoothed_model_deltas.csv,23352,177bb1d01723ace6c079578e221b56198eeed97e87d2f95bf128cd24db0c93a1
verification_files/by_experiment/00_manuscript_tables/yolo_sppf_main/yolo_lstm_attention_run_inventory.csv,45319,c58c516e72ce4b741c5378db69bf5403bf3728b12ea655726b1850ca8c6ca3c7
verification_files/by_experiment/00_manuscript_tables/yolo_sppf_main/yolo_lstm_attention_seed_summary.csv,18348,d09f1ebd15bae519d1c460ff4c99c9faadf31df4787dc5b12d1c2f6680b2f629
verification_files/by_experiment/00_manuscript_tables/yolo_sppf_main/yolo_lstm_attention_training_logs_long.csv,753506,15b157fe39080af7f0e7ff7c528c58cc2fc2cbe1e1756b52b43b65592c371455
verification_files/by_experiment/01_mars_yolo_sppf/eval_feature_cache_mars_stride16_manifests_only/cache_manifest.json,590,8679fc36a75880bc1b099cf3fe21e1101842a54a49b84864e5f6a4430fc5b2be
verification_files/by_experiment/01_mars_yolo_sppf/npz_cache_mars_full_video_manifests_only/build_state/completed_videos/Mouse-Esr1-cre_6_20180808_15-47-18_00536-18624.json,304681,b3eed597dd72a2be4bbf8bc1b16a5903990d5de41064fce04d707229e0e010a3
verification_files/by_experiment/01_mars_yolo_sppf/npz_cache_mars_full_video_manifests_only/build_state/completed_videos/Mouse-Esr1-cre_6_20180810_14-41-50_00694-27215.json,420374,42e29c605360ecd2fb2791a320b5427cad9ec05781f08b837d05c30532999f1e
verification_files/by_experiment/01_mars_yolo_sppf/npz_cache_mars_full_video_manifests_only/build_state/completed_videos/Mouse-Inter_2_20180629_11-29-14_00903-36725.json,429798,d54a5432597242d16c32f1df4395d7a98505305ceb3c5f76d69a60dced64f726
verification_files/by_experiment/01_mars_yolo_sppf/npz_cache_mars_full_video_manifests_only/build_state/completed_videos/Mouse-Inter_3_20180629_11-58-11_01202-18127.json,277026,f4b3bd8d5539c1853e308c2fc0b358fb7e524f05ce05c49497d773caaf9ad9a7
verification_files/by_experiment/01_mars_yolo_sppf/npz_cache_mars_full_video_manifests_only/build_state/completed_videos/Mouse-Inter_5_20180628_11-59-11_00292-36345.json,556336,0abcf2f7f85c02410776dba74761d01e871cef46e0a1afd16a99e05a06c2ae2e
verification_files/by_experiment/01_mars_yolo_sppf/npz_cache_mars_full_video_manifests_only/build_state/completed_videos/Mouse-Inter_8_20180628_13-14-30_00743-18190.json,282090,e86c41d93022c50edca059e554ed3fcea33ba36100f75e642dcfcbd2dcf04376
verification_files/by_experiment/01_mars_yolo_sppf/npz_cache_mars_full_video_manifests_only/build_state/completed_videos/Mouse-Inter_9_20180627_17-36-18_01128-36446.json,747619,f146958c3f6a85bd46e341a213f383d275047b2465ab7712f7b1d0950250c381
verification_files/by_experiment/01_mars_yolo_sppf/npz_cache_mars_full_video_manifests_only/build_state/completed_videos/Mouse059_20160526_17-54-59.json,342574,0561d89b026fbfd22b455a03ceffc5c79b0ee9f143c5d58ce29f3021c2ea8c0d
verification_files/by_experiment/01_mars_yolo_sppf/npz_cache_mars_full_video_manifests_only/build_state/completed_videos/Mouse076_20160709_17-46-10.json,247919,def623bace1d4c9e43c6b84d78c8635fdec09b84f4ea8c41f3ccf55d1fa8b4bf
verification_files/by_experiment/01_mars_yolo_sppf/npz_cache_mars_full_video_manifests_only/build_state/completed_videos/Mouse1210_20181105_20-43-27_004405-018154.json,192189,e9fe7611f66a4df0324654860301a510609580cd44b2b91e0b08befbeed8ac4b
verification_files/by_experiment/01_mars_yolo_sppf/npz_cache_mars_full_video_manifests_only/build_state/completed_videos/Mouse1210_20181105_20-43-27_019196-027274.json,102787,508621cfef7b58f7afab2e5dc5b6ce273dbe1eec82917a987f67f14066db74c1
verification_files/by_experiment/01_mars_yolo_sppf/npz_cache_mars_full_video_manifests_only/build_state/completed_videos/Mouse1210_20181105_21-16-19_001378-007475.json,74663,f0d1ca00b0a1ff439a677c019607f5974a873c5f9d09a61967a357777f221e2b
verification_files/by_experiment/01_mars_yolo_sppf/npz_cache_mars_full_video_manifests_only/build_state/completed_videos/Mouse1210_20181105_21-16-19_008114-011655.json,69771,cbe1c0255627dacd010dc833ae611dc88616c403818745e3688ea105a57a9933
verification_files/by_experiment/01_mars_yolo_sppf/npz_cache_mars_full_video_manifests_only/build_state/completed_videos/Mouse1210_20181105_21-16-19_012514-023004.json,155906,56a151e85843a8f658a3e90428f8216d64e9dc869fa1c5c7a234870e99b44388
verification_files/by_experiment/01_mars_yolo_sppf/npz_cache_mars_full_video_manifests_only/build_state/completed_videos/Mouse1210_20181105_21-16-19_024198-036120.json,172772,de94491ca5ac8611bc2e604c1c93c11f8f0e9ce9577b4138d963d61878114ce9
verification_files/by_experiment/01_mars_yolo_sppf/npz_cache_mars_full_video_manifests_only/build_state/completed_videos/Mouse1213_20181105_19-32-25_005196-014263.json,159577,35223f3e050dfa45d3026f9272de2d61bf8389f5c61bcd1697e2b4e1b8c5e31e
verification_files/by_experiment/01_mars_yolo_sppf/npz_cache_mars_full_video_manifests_only/build_state/completed_videos/Mouse1213_20181105_19-32-25_014350-023687.json,154309,c2b3ac868c98ef879a0e6d9d78761d696754d58210d10d69aabdac0b9adf832d
verification_files/by_experiment/01_mars_yolo_sppf/npz_cache_mars_full_video_manifests_only/build_state/completed_videos/Mouse1213_20181105_19-32-25_023783-028728.json,77937,659db3ce581b00afe1d46446ef78e529ae28c0158c86721819e1de6ff71ce1c1
verification_files/by_experiment/01_mars_yolo_sppf/npz_cache_mars_full_video_manifests_only/build_state/completed_videos/Mouse1213_20181105_19-32-25_028814-036561.json,105230,f1c8367f7d8ac2238e60b94bc70cc1e7adc7633dabc89e7641dc6623d5677d34
verification_files/by_experiment/01_mars_yolo_sppf/npz_cache_mars_full_video_manifests_only/build_state/completed_videos/Mouse1213_20181105_19-32-25_039831-042569.json,45391,4b592207914f07bb1ba1ccce4ec3d029b107c90e86437dc5c52fac6bb0a7829c
verification_files/by_experiment/01_mars_yolo_sppf/npz_cache_mars_full_video_manifests_only/build_state/completed_videos/Mouse1213_20181105_19-32-25_042676-052204.json,117362,4c00433108369ff8e658e746165a28f5fdd824d92f06a39d7465d15d2f6b9e23
verification_files/by_experiment/01_mars_yolo_sppf/npz_cache_mars_full_video_manifests_only/build_state/completed_videos/Mouse1213_20181105_19-32-25_052371-060352.json,110389,bfb35e74e185dc8d7d51196e5cc6331eb475f3312340929b995e2e9e2f1da47e
verification_files/by_experiment/01_mars_yolo_sppf/npz_cache_mars_full_video_manifests_only/build_state/completed_videos/Mouse1213_20181105_19-32-25_060513-064760.json,69274,a3f0187bb6529a71f38372eb33b8ddf7b2095345f4a7ec7316328b15a1db9bb4
verification_files/by_experiment/01_mars_yolo_sppf/npz_cache_mars_full_video_manifests_only/build_state/completed_videos/Mouse1213_20181105_19-32-25_064981-071731.json,85181,52d398f21895210325f70128d6600cb4ee05afd60dbc4e154a37a67a0552c9e9
verification_files/by_experiment/01_mars_yolo_sppf/npz_cache_mars_full_video_manifests_only/build_state/completed_videos/Mouse1213_20181105_20-12-56_000640-007367.json,118169,7f9b4134e2b88355ee17a6f8f97065c6df23be3e3286c5525e721ec91478c840
verification_files/by_experiment/01_mars_yolo_sppf/npz_cache_mars_full_video_manifests_only/build_state/completed_videos/Mouse1213_20181105_20-12-56_007452-012449.json,55412,4f936439d4a39fa40b16e8c81061da3ca16f95b3a9f2c4388482f539b4fc1f48
verification_files/by_experiment/01_mars_yolo_sppf/npz_cache_mars_full_video_manifests_only/build_state/completed_videos/Mouse1213_20181105_20-12-56_012550-016760.json,36742,b5f3aa4b96d902f6a856a20f67ffb0527412e886d726fa7664e4481cec3dde66
verification_files/by_experiment/01_mars_yolo_sppf/npz_cache_mars_full_video_manifests_only/build_state/completed_videos/Mouse1213_20181105_20-12-56_016823-028759.json,181202,40f76f7ec0b2bc63a5426978a51f482a26754285292f6ce213dcaf375c49f7ad
verification_files/by_experiment/01_mars_yolo_sppf/npz_cache_mars_full_video_manifests_only/build_state/completed_videos/Mouse1213_20181105_20-12-56_028845-039252.json,169094,1ece36e5fe553c21404e6909a5ccf8466fd74b561082dd87d19e4a94edf76628
verification_files/by_experiment/01_mars_yolo_sppf/npz_cache_mars_full_video_manifests_only/build_state/completed_videos/Mouse1213_20181105_20-12-56_039362-041753.json,45581,e9b3fde952f70d02b3d8da4384a180c23c1878956130ca11950a20382cbc2712
verification_files/by_experiment/01_mars_yolo_sppf/npz_cache_mars_full_video_manifests_only/build_state/completed_videos/Mouse1213_20181105_20-12-56_041843-051307.json,149561,58acc3bd992fa7eabeacbafa9c5e60647770e24054000ef7986c866028eaa62b
verification_files/by_experiment/01_mars_yolo_sppf/npz_cache_mars_full_video_manifests_only/build_state/completed_videos/Mouse1242_20190105_21-03-23_005405-009943.json,92437,ed1b5373a9feaa139e9d9e5d459d8aa3f146a7026236d5075de4b5acc5814c10
verification_files/by_experiment/01_mars_yolo_sppf/npz_cache_mars_full_video_manifests_only/build_state/completed_videos/Mouse1242_20190105_21-03-23_012212-016346.json,71497,9d85f4178328de331059d6a1fc46af6bed35347fde12c589e0a65fe9f627089b
verification_files/by_experiment/01_mars_yolo_sppf/npz_cache_mars_full_video_manifests_only/build_state/completed_videos/Mouse1242_20190105_21-03-23_017630-020077.json,36158,7d46a72f71e73b6fa463f83f10e5b246e99db7514734bb83d5b357b2c7dfbed4
verification_files/by_experiment/01_mars_yolo_sppf/npz_cache_mars_full_video_manifests_only/build_state/completed_videos/Mouse1242_20190105_21-03-23_021428-022924.json,29059,69d1213390bd9e6ed62f4f77b240c5fa47270f13a50364664523d981ac8a72b2
verification_files/by_experiment/01_mars_yolo_sppf/npz_cache_mars_full_video_manifests_only/build_state/completed_videos/Mouse1242_20190105_21-03-23_023686-027242.json,48635,eeb68b28cc2a74e6e8fba1fa4c4df087c59536caf9da63bf630c4cf3a33b8a91
verification_files/by_experiment/01_mars_yolo_sppf/npz_cache_mars_full_video_manifests_only/build_state/completed_videos/Mouse1242_20190105_21-03-23_028160-030235.json,46196,d4fb84aae08141e11a190e80969c6254183251e46d23b7323fe4e3efea5ad106
verification_files/by_experiment/01_mars_yolo_sppf/npz_cache_mars_full_video_manifests_only/build_state/completed_videos/Mouse1242_20190105_21-03-23_031352-036978.json,85579,120b01b9e95127b9c161be931397d7e2a62ffa2a7a660d99346ff738d85f8919
verification_files/by_experiment/01_mars_yolo_sppf/npz_cache_mars_full_video_manifests_only/build_state/completed_videos/Mouse1243_20190102_16-35-49_006212-012541.json,98469,8c73ede2f8c7d648dabdbbf52250ca127da4927498ed24af9127d16cbca2b8e5
verification_files/by_experiment/01_mars_yolo_sppf/npz_cache_mars_full_video_manifests_only/build_state/completed_videos/Mouse1243_20190102_16-35-49_013317-016369.json,55540,271aef976bee9060611993a6d184c0b2f4b6d9ae590de46de2a60705a0bfc9e3
verification_files/by_experiment/01_mars_yolo_sppf/npz_cache_mars_full_video_manifests_only/build_state/completed_videos/Mouse1243_20190102_16-35-49_018434-020102.json,43752,2c3101cb2c8a31ee965b6cd99f9397e7c868c61eeeff80610493fed5f01decf7
verification_files/by_experiment/01_mars_yolo_sppf/npz_cache_mars_full_video_manifests_only/build_state/completed_videos/Mouse1243_20190102_16-35-49_022569-027993.json,58730,861634d2a112588f34f64f1cc0506f85d0de130889783d638ca835258547fcdf
verification_files/by_experiment/01_mars_yolo_sppf/npz_cache_mars_full_video_manifests_only/build_state/completed_videos/Mouse1243_20190102_16-35-49_029183-029758.json,13166,6e358c9391b383b752304eb2dfee332a1f54515110d1669d75d1814b49cc704f
verification_files/by_experiment/01_mars_yolo_sppf/npz_cache_mars_full_video_manifests_only/build_state/completed_videos/Mouse1243_20190102_16-35-49_033096-038787.json,55360,52d24d66d6eb4ec6e8c788e63e9b0120b19f86f33cc0ef2523e74f9bde8c04c7
verification_files/by_experiment/01_mars_yolo_sppf/npz_cache_mars_full_video_manifests_only/build_state/completed_videos/Mouse1243_20190102_16-35-49_039329-042646.json,47969,c6302bdd3bd48f9aba1ba459a5e5826f2438784c6ee6375f46ff7b4bd0ff6410
verification_files/by_experiment/01_mars_yolo_sppf/npz_cache_mars_full_video_manifests_only/build_state/completed_videos/Mouse1254_20190203_19-38-41_005732-009406.json,73939,fe992d20a967016c703d52d3c91a85db520a678e7533faa5a6c9252add01133f
verification_files/by_experiment/01_mars_yolo_sppf/npz_cache_mars_full_video_manifests_only/build_state/completed_videos/Mouse1254_20190203_19-38-41_010888-014159.json,47319,67ae0a88893afe69d4931ef1d3349a5e74d05da8f99165102561c10a1e14ca0e
verification_files/by_experiment/01_mars_yolo_sppf/npz_cache_mars_full_video_manifests_only/build_state/completed_videos/Mouse1254_20190203_19-38-41_014330-016290.json,44831,fec35a9d851a8d3d133696905856cd2483220bfc115e3dc68b2ab3414be3b172
verification_files/by_experiment/01_mars_yolo_sppf/npz_cache_mars_full_video_manifests_only/build_state/completed_videos/Mouse1254_20190203_19-38-41_017650-021478.json,60186,64d86c4ed4b412a6ac503f7fe25bb49a8e06c79c2f475c33a30c5411c53326a5
verification_files/by_experiment/01_mars_yolo_sppf/npz_cache_mars_full_video_manifests_only/build_state/completed_videos/Mouse1254_20190203_19-38-41_022438-023908.json,21742,3355029f5b82130b75339dc799229ab6fcb7fbefce95120ab45a028bf3e3d9b4
verification_files/by_experiment/01_mars_yolo_sppf/npz_cache_mars_full_video_manifests_only/build_state/completed_videos/Mouse1254_20190203_19-38-41_024787-028705.json,59171,a5f19f6e2cdf00145af807173c800a337d7c3bbde4e367087501e7ed85946eb8
verification_files/by_experiment/01_mars_yolo_sppf/npz_cache_mars_full_video_manifests_only/build_state/completed_videos/Mouse1254_20190203_19-38-41_029787-032990.json,73456,9a6a10d9ceadc157bc039ee296208c9110f9c99444370fbdb966ac677fd236da
verification_files/by_experiment/01_mars_yolo_sppf/npz_cache_mars_full_video_manifests_only/build_state/completed_videos/Mouse1254_20190205_14-58-15_005858-011659.json,120179,5fe223861531eaf2d5d53c46849ee66a41182d5662144f846da8dd2dc005a31a
verification_files/by_experiment/01_mars_yolo_sppf/npz_cache_mars_full_video_manifests_only/build_state/completed_videos/Mouse1254_20190205_14-58-15_012691-015996.json,62777,09dccb8e9d843fc8b3bfb96e0dbad847282a047029f62145fa75173f318c486b
verification_files/by_experiment/01_mars_yolo_sppf/npz_cache_mars_full_video_manifests_only/build_state/completed_videos/Mouse1254_20190205_14-58-15_016923-018587.json,37124,1e2444f39e3d580da095f806c5a2514aef2d30b4d1166fe4443255c3c93bc05c
verification_files/by_experiment/01_mars_yolo_sppf/npz_cache_mars_full_video_manifests_only/build_state/completed_videos/Mouse1254_20190205_14-58-15_020117-023619.json,55613,3bfd19526678262dad77317bd6ebe5333c7e806287cbf1befd1650872586d993
verification_files/by_experiment/01_mars_yolo_sppf/npz_cache_mars_full_video_manifests_only/build_state/completed_videos/Mouse1254_20190205_14-58-15_024894-026692.json,41347,1e401b3dd4ac5f7c84d690adb81918fe35b20628b9bf0ceb9602c1b695ab2ada
verification_files/by_experiment/01_mars_yolo_sppf/npz_cache_mars_full_video_manifests_only/build_state/completed_videos/Mouse156_20161017_17-09-39.json,254064,30fe818375acaf551cd1bd2ab931dea7fbf127f1216d208d9dea1e9bce6d4841
verification_files/by_experiment/01_mars_yolo_sppf/npz_cache_mars_full_video_manifests_only/build_state/completed_videos/Mouse157_20161017_17-36-12.json,278794,5a36ea22512c8188ef8c1fd4fd6799e7d6359b01aed0e4dbf67ab9bd76294f99
verification_files/by_experiment/01_mars_yolo_sppf/npz_cache_mars_full_video_manifests_only/build_state/completed_videos/Mouse158_20161017_18-02-32.json,247344,492c13f9f21a8a69a13646fc556f46e84a63f27a76c95456f3a89d9b25017118
verification_files/by_experiment/01_mars_yolo_sppf/npz_cache_mars_full_video_manifests_only/build_state/completed_videos/Mouse158_20161018_15-46-30.json,264422,94444dc5725d7d5b457ece2c744bf379e5c89e1e545f963f16c2d367f7ffbb26
verification_files/by_experiment/01_mars_yolo_sppf/npz_cache_mars_full_video_manifests_only/build_state/completed_videos/Mouse159_20161017_18-28-46.json,243015,a457b280d177a8fd7d8a928ebfcf1687ba5ad4a5f487e4a066a0494938e1498d
verification_files/by_experiment/01_mars_yolo_sppf/npz_cache_mars_full_video_manifests_only/build_state/completed_videos/Mouse159_20161018_16-21-18.json,327348,875b6571a989e24dffac90ebe25735120bb0f077e7b34961c40a63b747a59a58
verification_files/by_experiment/01_mars_yolo_sppf/npz_cache_mars_full_video_manifests_only/build_state/completed_videos/Mouse160_20161017_18-57-00.json,202232,400dc7de4bed387306a977d8dbb92cb466ca2c45055a4d238260f576b82e04b1
verification_files/by_experiment/01_mars_yolo_sppf/npz_cache_mars_full_video_manifests_only/build_state/completed_videos/Mouse160_20161018_18-59-18.json,212722,18bb0a84616e885a5e15fd904a7880a961e13072eb585cdcd4dbae6b091a827e
verification_files/by_experiment/01_mars_yolo_sppf/npz_cache_mars_full_video_manifests_only/build_state/completed_videos/Mouse161_20161017_19-30-58.json,258733,0528ace5ed486dea1b18257ce79cf5328adade5316cfe50e285e1015d1aa7ab9
verification_files/by_experiment/01_mars_yolo_sppf/npz_cache_mars_full_video_manifests_only/build_state/completed_videos/Mouse161_20161018_19-29-26.json,340125,851ec2e3603a8c445d2bd335b45ba430d9b86624728420348963d156c5ec473b
verification_files/by_experiment/01_mars_yolo_sppf/npz_cache_mars_full_video_manifests_only/build_state/completed_videos/Mouse204_20170224_18-07-32_006250-012196.json,98692,f63adb22296cbb68fcc9de56d7a532fcc3c6d3e51173366c6abfdff498e2e52b
verification_files/by_experiment/01_mars_yolo_sppf/npz_cache_mars_full_video_manifests_only/build_state/completed_videos/Mouse204_20170224_18-07-32_013375-018581.json,78859,dd51f5f40f851d6b9504f81e87398dc379bd0576ddb2dd8f7393f5ce142e94f1
verification_files/by_experiment/01_mars_yolo_sppf/npz_cache_mars_full_video_manifests_only/build_state/completed_videos/Mouse204_20170224_18-07-32_019350-023797.json,72144,b096bffeb4ffb4b9f4ff0424262f3e0386e7431038e0ab00207aee81e913863a
verification_files/by_experiment/01_mars_yolo_sppf/npz_cache_mars_full_video_manifests_only/build_state/completed_videos/Mouse204_20170224_18-07-32_024650-032855.json,121380,f0351dbb897c973765af1aad0a1f50c520e4696b18ba754b3726309fbf741811
verification_files/by_experiment/01_mars_yolo_sppf/npz_cache_mars_full_video_manifests_only/build_state/completed_videos/Mouse204_20170224_18-07-32_033675-047296.json,140918,588f8787a46c67736991d88a21b1c943aa51d48648d8f65335dd6165290c0bb9
verification_files/by_experiment/01_mars_yolo_sppf/npz_cache_mars_full_video_manifests_only/build_state/completed_videos/Mouse204_20170224_18-07-32_048064-055665.json,126172,efb1b17aee4aa3dbf7cfcc213f4f8bedae4cdf46970255d41a5c5a8f54253523
verification_files/by_experiment/01_mars_yolo_sppf/npz_cache_mars_full_video_manifests_only/build_state/completed_videos/Mouse204_20170224_18-07-32_056260-064814.json,102555,ab0333de295284912d4713590ba1f8ca13c07bfa6984ceca13a47dd1d41e3e98
verification_files/by_experiment/01_mars_yolo_sppf/npz_cache_mars_full_video_manifests_only/build_state/completed_videos/Mouse204_20170224_18-07-32_065425-073288.json,118004,f6bd591af738d5c262dddb0642fce255ee0cfb81e809f03302c9f93cefc4a10b
verification_files/by_experiment/01_mars_yolo_sppf/npz_cache_mars_full_video_manifests_only/build_state/completed_videos/Mouse206_20170216_22-29-43_001005_008075.json,121778,a9bf2e5338c144d6afae2dbbeb4090a2bfbdb6826e97efbc546222f47a81e311
verification_files/by_experiment/01_mars_yolo_sppf/npz_cache_mars_full_video_manifests_only/build_state/completed_videos/Mouse206_20170224_19-58-42_027309_037147.json,220752,bee4bece8753b9a7bcc89c58e291619528e5a2de3285c6aac1bbe34b7e0a04af
verification_files/by_experiment/01_mars_yolo_sppf/npz_cache_mars_full_video_manifests_only/build_state/completed_videos/Mouse519_20180415_22-57-26_11985-17769.json,82538,44d3ffbec5c5ae1a75d5c44a34e1fe6bb7e59ca90d984b18e3a7b38aba8e3479
verification_files/by_experiment/01_mars_yolo_sppf/npz_cache_mars_full_video_manifests_only/build_state/completed_videos/Mouse519_20180415_22-57-26_18324-23261.json,65557,770601106e78e64bc630dbe8fc4e28bdcb2f8ec57eda8c618f55d3c45533b6df
verification_files/by_experiment/01_mars_yolo_sppf/npz_cache_mars_full_video_manifests_only/build_state/completed_videos/Mouse519_20180415_22-57-26_25523-29905.json,71044,3d8bd4cd50e91939dda6ed7e2346fafe5bb2f7c483bb58e082cab4d338a7d361
verification_files/by_experiment/01_mars_yolo_sppf/npz_cache_mars_full_video_manifests_only/build_state/completed_videos/Mouse626_20181018_18-54-39_01991-10997.json,147822,81b64ba5bfae39fd772d3d0cfd53904c748f87762b56e75d3c3a2b72712635c1
verification_files/by_experiment/01_mars_yolo_sppf/npz_cache_mars_full_video_manifests_only/build_state/completed_videos/Mouse626_20181018_18-54-39_11701-17993.json,97814,51c77ba3e8e16fcfebf21c86b35b6ee6136dfd9fe869933475d4de7489cbf7b7
verification_files/by_experiment/01_mars_yolo_sppf/npz_cache_mars_full_video_manifests_only/build_state/completed_videos/Mouse626_20181018_19-20-28_01546-26157.json,412926,a334d0e336800fd8565f480c668ee4844d1d85344749ed4801d78dc9e750807b
verification_files/by_experiment/01_mars_yolo_sppf/npz_cache_mars_full_video_manifests_only/build_state/completed_videos/Mouse629_20181025_17-20-00_02297-30084.json,397333,413979e7008a1561c3dc141a58d665d37a73eff1673c16e1e9e8e193795375e6
verification_files/by_experiment/01_mars_yolo_sppf/npz_cache_mars_full_video_manifests_only/build_state/completed_videos/Mouse631_20181002_18-18-01_01656-09795.json,137216,e36a05d262271f8d8550687bfe12519f65bb8710bedf5feac8afc1da6f0fc903
verification_files/by_experiment/01_mars_yolo_sppf/npz_cache_mars_full_video_manifests_only/build_state/completed_videos/Mouse631_20181002_18-18-01_10583-14955.json,89827,7fbd9836da7a491a0090f4c58e3df4ad9284214276a82096a268c06f996b4e29
verification_files/by_experiment/01_mars_yolo_sppf/npz_cache_mars_full_video_manifests_only/build_state/completed_videos/Mouse631_20181025_20-40-42_02227-08176.json,106324,06cd7532231286d72a639b6eddcd405b462bbb333890603b0ab2b68357c3a6a3
verification_files/by_experiment/01_mars_yolo_sppf/npz_cache_mars_full_video_manifests_only/build_state/completed_videos/Mouse631_20181025_20-40-42_08889-13029.json,82769,b96f504d88e6118594093ebb1a1c5e7919b0be70f75d69a472a9ef0d717b16c9
verification_files/by_experiment/01_mars_yolo_sppf/npz_cache_mars_full_video_manifests_only/build_state/completed_videos/Mouse634_20181028_20-55-52_09018-30959.json,310114,1255ef80b66ce09879db3533245bc155f931058352526d3432d7de0fce0e6b8e
verification_files/by_experiment/01_mars_yolo_sppf/npz_cache_mars_full_video_manifests_only/build_state/completed_videos/Mouse634_20181028_22-16-56_27907-44055.json,168580,78e8322a66452acc0d2d260dd670461153de0fc42e0a0d00e6c3281ad4998eb2
verification_files/by_experiment/01_mars_yolo_sppf/npz_cache_mars_full_video_manifests_only/per_video_build_summary.csv,5886,f5d93f860be50e7004ebbc7716d508aa963b126fc7b823de25891fe00bc35482
verification_files/by_experiment/01_mars_yolo_sppf/npz_cache_mars_full_video_manifests_only/prepare_full_video_npz.log,126814,ebe40251f4288068b9a8d9eb2d56c0aa9fa6535da5c73191bfc9ff6370f44967
verification_files/by_experiment/01_mars_yolo_sppf/npz_cache_mars_full_video_manifests_only/prepare_full_video_npz_summary.json,598,a68783404d21d985a761ea64ab205271099de57b94d2357a8a47f5494e7fef63
verification_files/by_experiment/01_mars_yolo_sppf/npz_cache_mars_full_video_manifests_only/sequence_manifest.json,14151271,3a1b6b30cdb7e6896160350e4bd526d055842e9a73052478ffd7a0fd729e3f2b
verification_files/by_experiment/01_mars_yolo_sppf/npz_cache_mars_full_video_manifests_only/yolo_feature_cache/cache_manifest.json,588,49d393e793f0ce778c5e1aea6f50613615c9588fb8acad6817c7eb542667535f
verification_files/by_experiment/01_mars_yolo_sppf/release_mars_yolo_sppf_ablation/provenance/pose_baseline_rf_config.mobilenetv3_native.frozen.yaml,1914,84f04c0a66fad1ee3d4c21d107f83b47939718f2929e19e02748b566f53091dc
verification_files/by_experiment/01_mars_yolo_sppf/release_mars_yolo_sppf_ablation/provenance/pose_baseline_rf_config.yolo_sppf.frozen.yaml,1773,36910a9e0eca1ba6cb4e277414ba62155c607a82d3e0497bd729293510f5328c
verification_files/by_experiment/01_mars_yolo_sppf/test_eval/animal_visual_only_lstm256/aggregate_summary.json,481,511e21b8588b2b8c4cd5a79bfa8645be9d04989c6b36f2d1a0135bbc8d668173
verification_files/by_experiment/01_mars_yolo_sppf/test_eval/animal_visual_only_lstm256/bout_matches.csv,361256,0485f14eaee099abbea7b55211c91f762122fdf3b0796d68bae08fe025676c24
verification_files/by_experiment/01_mars_yolo_sppf/test_eval/animal_visual_only_lstm256/failures.csv,0,e3b0c44298fc1c149afbf4c8996fb92427ae41e4649b934ca495991b7852b855
verification_files/by_experiment/01_mars_yolo_sppf/test_eval/animal_visual_only_lstm256/ground_truth_bouts.csv,195809,03735b4ce8e09bfb9fcc2076cb812885220e94b59c8d97357af6907a849dc7ec
verification_files/by_experiment/01_mars_yolo_sppf/test_eval/animal_visual_only_lstm256/manifest.csv,13491,e99ead270c9bd82bc6fff25a22a6cc30dae7dac3ccfc91c1abbc7e45f772fc10
verification_files/by_experiment/01_mars_yolo_sppf/test_eval/animal_visual_only_lstm256/per_class_metrics.csv,48891,0fc709abd592437352dae044ccf2b0afefc31f6e4ba3ae35f1d015cc294cc354
verification_files/by_experiment/01_mars_yolo_sppf/test_eval/animal_visual_only_lstm256/per_video_summary.csv,24528,e90403c4c9ebc280e10e8687fe38514e73e3b8917f8c1d5244ab12bccf6dd0dd
verification_files/by_experiment/01_mars_yolo_sppf/test_eval/animal_visual_only_lstm256/predicted_bouts.csv,323183,d1e8c9112e8a4359376012ad0d81ae7b1cf6521b2be5e47912a09a83312141fa
verification_files/by_experiment/01_mars_yolo_sppf/test_eval/animal_visual_only_lstm512/aggregate_summary.json,481,3cee25ded7becb7534e165c8be4230fc9113800730b15239178e4b047dd1e78d
verification_files/by_experiment/01_mars_yolo_sppf/test_eval/animal_visual_only_lstm512/bout_matches.csv,378350,df6ea89c6961d544af167906abdf5f9bcabc09413d4819bd419426c8f1ae1539
verification_files/by_experiment/01_mars_yolo_sppf/test_eval/animal_visual_only_lstm512/failures.csv,0,e3b0c44298fc1c149afbf4c8996fb92427ae41e4649b934ca495991b7852b855
verification_files/by_experiment/01_mars_yolo_sppf/test_eval/animal_visual_only_lstm512/ground_truth_bouts.csv,195809,03735b4ce8e09bfb9fcc2076cb812885220e94b59c8d97357af6907a849dc7ec
verification_files/by_experiment/01_mars_yolo_sppf/test_eval/animal_visual_only_lstm512/manifest.csv,13491,d2b56724c6924b5d52f22936bfeb6e8a420871223b6bab21c2f500065ef0c6ea
verification_files/by_experiment/01_mars_yolo_sppf/test_eval/animal_visual_only_lstm512/per_class_metrics.csv,48499,7512881fcfd4c990d95489553fa790e49d162366e266d05643668985b4f807e6
verification_files/by_experiment/01_mars_yolo_sppf/test_eval/animal_visual_only_lstm512/per_video_summary.csv,24503,9ba6a6b7d6a855e464e5421989875dd040fe31a07c58851e47d976303484c9d2
verification_files/by_experiment/01_mars_yolo_sppf/test_eval/animal_visual_only_lstm512/predicted_bouts.csv,319291,567f0e65cc1ca1a06b3abc40835d1ef3198703526eb41664dc64f7c942c4d67b
verification_files/by_experiment/01_mars_yolo_sppf/test_eval/animal_visual_only_lstm896/aggregate_summary.json,481,0f3182b83d343ba34e8d46dfd1d118325729e6700d6d10d076969824b790000f
verification_files/by_experiment/01_mars_yolo_sppf/test_eval/animal_visual_only_lstm896/bout_matches.csv,383939,9c315b7c6a915a43d9a73a10b6a89e61153afbc052bcbed5999c7b0f96e68486
verification_files/by_experiment/01_mars_yolo_sppf/test_eval/animal_visual_only_lstm896/failures.csv,0,e3b0c44298fc1c149afbf4c8996fb92427ae41e4649b934ca495991b7852b855
verification_files/by_experiment/01_mars_yolo_sppf/test_eval/animal_visual_only_lstm896/ground_truth_bouts.csv,195809,03735b4ce8e09bfb9fcc2076cb812885220e94b59c8d97357af6907a849dc7ec
verification_files/by_experiment/01_mars_yolo_sppf/test_eval/animal_visual_only_lstm896/manifest.csv,13491,8598f613b118d7df633fb2e8aa41d131ade2b32c687ee815d3368602127b87b6
verification_files/by_experiment/01_mars_yolo_sppf/test_eval/animal_visual_only_lstm896/per_class_metrics.csv,48540,c92ca3ec68ab02d9c3adcc1a30911264cd77334e80b79aae02c6414ace4f107b
verification_files/by_experiment/01_mars_yolo_sppf/test_eval/animal_visual_only_lstm896/per_video_summary.csv,24593,340c07f1a3a2e8071ac530fafcfdf6da14ba6d55933a140d25b8c0ca6ef1aeed
verification_files/by_experiment/01_mars_yolo_sppf/test_eval/animal_visual_only_lstm896/predicted_bouts.csv,309208,0eaadfef6b710342d21b0c8cd70490d6420986f37f3edbec1692965c5d34acf4
verification_files/by_experiment/01_mars_yolo_sppf/test_eval/full_lstm256/aggregate_summary.json,466,faa35d913d2d866559311d58915067959ab91747d597080efeb557f598a46b22
verification_files/by_experiment/01_mars_yolo_sppf/test_eval/full_lstm256/bout_matches.csv,432962,43bbb1f685eb16d326a8ac96b36f8aa4734c5e91f306ecc5fd1e21af4715efd5
verification_files/by_experiment/01_mars_yolo_sppf/test_eval/full_lstm256/failures.csv,0,e3b0c44298fc1c149afbf4c8996fb92427ae41e4649b934ca495991b7852b855
verification_files/by_experiment/01_mars_yolo_sppf/test_eval/full_lstm256/ground_truth_bouts.csv,195809,03735b4ce8e09bfb9fcc2076cb812885220e94b59c8d97357af6907a849dc7ec
verification_files/by_experiment/01_mars_yolo_sppf/test_eval/full_lstm256/manifest.csv,12651,8dbcd99572415e6822ab4f54a0dba7e19037e887d7253636cbaf36dab3827ec9
verification_files/by_experiment/01_mars_yolo_sppf/test_eval/full_lstm256/per_class_metrics.csv,47781,aca725653522f8d8d8c09f5d1d070c753bd0e23a1480c2a44b0df82c21c60fb0
verification_files/by_experiment/01_mars_yolo_sppf/test_eval/full_lstm256/per_video_summary.csv,23583,dd8be10839fb8080fe1785e607470722e176f5f2834475a6ddbbb41d943d29ec
verification_files/by_experiment/01_mars_yolo_sppf/test_eval/full_lstm256/predicted_bouts.csv,260406,a43e3ba06e1fcd00dfc8f8e8df94b8a75e060b920d16773eaa362380a657d931
verification_files/by_experiment/01_mars_yolo_sppf/test_eval/full_lstm512/aggregate_summary.json,467,f86503374b53505d9b0f36e5c9fbc78d1325d1da0f60471ef006ea4dae1376ca
verification_files/by_experiment/01_mars_yolo_sppf/test_eval/full_lstm512/bout_matches.csv,420829,4e70f09b837cb2a8663990cc91fb1f62aaac16ec2e5a2887ddd8e11d3ea3b3c1
verification_files/by_experiment/01_mars_yolo_sppf/test_eval/full_lstm512/failures.csv,0,e3b0c44298fc1c149afbf4c8996fb92427ae41e4649b934ca495991b7852b855
verification_files/by_experiment/01_mars_yolo_sppf/test_eval/full_lstm512/ground_truth_bouts.csv,195809,03735b4ce8e09bfb9fcc2076cb812885220e94b59c8d97357af6907a849dc7ec
verification_files/by_experiment/01_mars_yolo_sppf/test_eval/full_lstm512/manifest.csv,12651,a35d1dd1683066cfaf69d4eb93b4d937cb171175941c036067e2ad87b4885914
verification_files/by_experiment/01_mars_yolo_sppf/test_eval/full_lstm512/per_class_metrics.csv,48070,c2c7c19010fb0b826d8f4d5182d12472e6d164484706afcb988891e2776a5f09
verification_files/by_experiment/01_mars_yolo_sppf/test_eval/full_lstm512/per_video_summary.csv,23658,a1d1dab243dc39f86cd788f8329fa6b70551831f833c4159d24e9ab70a7f9419
verification_files/by_experiment/01_mars_yolo_sppf/test_eval/full_lstm512/predicted_bouts.csv,265650,16249aef58578ac276fa08c01012b7db89d304693fa042f2d8563c14a905c870
verification_files/by_experiment/01_mars_yolo_sppf/test_eval/full_lstm896/aggregate_summary.json,467,8da32a016415b08c1bbeb8b50152bd0a03212be6e5c22770ccf413bcfa99b352
verification_files/by_experiment/01_mars_yolo_sppf/test_eval/full_lstm896/bout_matches.csv,417821,01885c2325dd03ba267238f74d056b44529c0fa81566e2f3fdda7f8b9b20c380
verification_files/by_experiment/01_mars_yolo_sppf/test_eval/full_lstm896/failures.csv,0,e3b0c44298fc1c149afbf4c8996fb92427ae41e4649b934ca495991b7852b855
verification_files/by_experiment/01_mars_yolo_sppf/test_eval/full_lstm896/ground_truth_bouts.csv,195809,03735b4ce8e09bfb9fcc2076cb812885220e94b59c8d97357af6907a849dc7ec
verification_files/by_experiment/01_mars_yolo_sppf/test_eval/full_lstm896/manifest.csv,12651,16ffd0e977fb64fe3164b089f50aebeef39c3666bb159562a94e9894f3ba3e2e
verification_files/by_experiment/01_mars_yolo_sppf/test_eval/full_lstm896/per_class_metrics.csv,48101,0ab77a09b1f041d54a2795844a8854f6327d0a398bdf12242710d629534b476f
verification_files/by_experiment/01_mars_yolo_sppf/test_eval/full_lstm896/per_video_summary.csv,23699,e44db8a6892e976324f8efb5f68867d563b6258bff160582b02882a2f7fbad5d
verification_files/by_experiment/01_mars_yolo_sppf/test_eval/full_lstm896/predicted_bouts.csv,265716,422b60cf544a5e9ef4f8e5db22e7cce1a8766fd734dbb92657dbb2c0fd3f1fe7
verification_files/by_experiment/01_mars_yolo_sppf/test_eval/no_group_visual_lstm256/aggregate_summary.json,478,14d4a11628e476b9a96406b9336fcb9384ad2bdeeb474d0be513409924579054
verification_files/by_experiment/01_mars_yolo_sppf/test_eval/no_group_visual_lstm256/bout_matches.csv,420064,74e942083110ba6277fd8098863acf802a187485230433b89c0bf94d0d8155ab
verification_files/by_experiment/01_mars_yolo_sppf/test_eval/no_group_visual_lstm256/failures.csv,0,e3b0c44298fc1c149afbf4c8996fb92427ae41e4649b934ca495991b7852b855
verification_files/by_experiment/01_mars_yolo_sppf/test_eval/no_group_visual_lstm256/ground_truth_bouts.csv,195809,03735b4ce8e09bfb9fcc2076cb812885220e94b59c8d97357af6907a849dc7ec
verification_files/by_experiment/01_mars_yolo_sppf/test_eval/no_group_visual_lstm256/manifest.csv,13311,a6f20a3b97fdb90490f1727b780f3b9e04def02bb2deeeb25fa1ec05d1bfe519
verification_files/by_experiment/01_mars_yolo_sppf/test_eval/no_group_visual_lstm256/per_class_metrics.csv,48320,512608db78e8c49581c3dc3895c537ce4edd61e315d88d3bdaf802caf3320c0c
verification_files/by_experiment/01_mars_yolo_sppf/test_eval/no_group_visual_lstm256/per_video_summary.csv,24313,cd826c4a241d2ccac7d7a21e328adacee598a8c2c74b413e83d026d9f2221f5a
verification_files/by_experiment/01_mars_yolo_sppf/test_eval/no_group_visual_lstm256/predicted_bouts.csv,271801,a3a61aa49e20402eff2dff01f236816f97a02bad3b053ebdba24dc9414e285c2
verification_files/by_experiment/01_mars_yolo_sppf/test_eval/no_group_visual_lstm512/aggregate_summary.json,478,1f076baf82a8eeb2ba235733a500d249b3769e7d3ce5f10cb9b6469960d8c504
verification_files/by_experiment/01_mars_yolo_sppf/test_eval/no_group_visual_lstm512/bout_matches.csv,420145,f3adf2944dfdafbf2e696bb9720a53ec791201e64c4699686a3d7dae60772f9d
verification_files/by_experiment/01_mars_yolo_sppf/test_eval/no_group_visual_lstm512/failures.csv,0,e3b0c44298fc1c149afbf4c8996fb92427ae41e4649b934ca495991b7852b855
verification_files/by_experiment/01_mars_yolo_sppf/test_eval/no_group_visual_lstm512/ground_truth_bouts.csv,195809,03735b4ce8e09bfb9fcc2076cb812885220e94b59c8d97357af6907a849dc7ec
verification_files/by_experiment/01_mars_yolo_sppf/test_eval/no_group_visual_lstm512/manifest.csv,13311,354b48a58ef3b570dac7b74adc3c5934c0aac860b2759c24ffe7532cf2e6fe61
verification_files/by_experiment/01_mars_yolo_sppf/test_eval/no_group_visual_lstm512/per_class_metrics.csv,48052,170cc2ffd7ed03dc9c7b14fef1e983f433e2a3b326296588306da8a7b383c23c
verification_files/by_experiment/01_mars_yolo_sppf/test_eval/no_group_visual_lstm512/per_video_summary.csv,24326,e28e2a1ffd0af09ead6753ed66a3e75888092cad81aad73133cf62b1d0403bdf
verification_files/by_experiment/01_mars_yolo_sppf/test_eval/no_group_visual_lstm512/predicted_bouts.csv,261849,b1cdfbe45c5bb93075ad8ac404ca82f5c045a9f002e7885b8240cdf98b7f7a97
verification_files/by_experiment/01_mars_yolo_sppf/test_eval/no_group_visual_lstm896/aggregate_summary.json,478,28128773947505fccc4a50483eece618668bd2db2741cc943f6763e40a115f51
verification_files/by_experiment/01_mars_yolo_sppf/test_eval/no_group_visual_lstm896/bout_matches.csv,399733,1f48ea6b422e63f4375373c43476fadcef7fb3110ec22a07bb2aa4770883d348
verification_files/by_experiment/01_mars_yolo_sppf/test_eval/no_group_visual_lstm896/failures.csv,0,e3b0c44298fc1c149afbf4c8996fb92427ae41e4649b934ca495991b7852b855
verification_files/by_experiment/01_mars_yolo_sppf/test_eval/no_group_visual_lstm896/ground_truth_bouts.csv,195809,03735b4ce8e09bfb9fcc2076cb812885220e94b59c8d97357af6907a849dc7ec
verification_files/by_experiment/01_mars_yolo_sppf/test_eval/no_group_visual_lstm896/manifest.csv,13311,75c1c4cfab7578c5fee18a221ece2a506dab99224a6dc09105f44232ef3289cc
verification_files/by_experiment/01_mars_yolo_sppf/test_eval/no_group_visual_lstm896/per_class_metrics.csv,48269,c51b46eebf075985d0c58eab5f6242523919b7184d196845aa5dbb9c63bc3fde
verification_files/by_experiment/01_mars_yolo_sppf/test_eval/no_group_visual_lstm896/per_video_summary.csv,24309,3eb27a0c6ad871aaaad33d5536a611016a1e74f7b51ce0bdc458c5aee03f1a2b
verification_files/by_experiment/01_mars_yolo_sppf/test_eval/no_group_visual_lstm896/predicted_bouts.csv,262936,61effc62076596f78cc31db135d2b44a32909886e93c9aabf04be40e6ed6ec1a
verification_files/by_experiment/01_mars_yolo_sppf/test_eval/no_relations_lstm256/aggregate_summary.json,475,8debdb4d7a71e0e2b1b159c1d44934f98985900f4ce61eec9716f7cc7baf5cab
verification_files/by_experiment/01_mars_yolo_sppf/test_eval/no_relations_lstm256/bout_matches.csv,398431,4b2fbe09f6f5362d54c825ca5b0a81abd1be06389f0867cc118a20b608c2fd8c
verification_files/by_experiment/01_mars_yolo_sppf/test_eval/no_relations_lstm256/failures.csv,0,e3b0c44298fc1c149afbf4c8996fb92427ae41e4649b934ca495991b7852b855
verification_files/by_experiment/01_mars_yolo_sppf/test_eval/no_relations_lstm256/ground_truth_bouts.csv,195809,03735b4ce8e09bfb9fcc2076cb812885220e94b59c8d97357af6907a849dc7ec
verification_files/by_experiment/01_mars_yolo_sppf/test_eval/no_relations_lstm256/manifest.csv,13131,3b43a6bde0ecf5ec6e67083f5b060ea1090873954ba1254fa607d0b8d86652cc
verification_files/by_experiment/01_mars_yolo_sppf/test_eval/no_relations_lstm256/per_class_metrics.csv,48247,bbd0b01f4358b2a63fd8d141c19566999b80265cefe0d1a7cac5162ad57909a5
verification_files/by_experiment/01_mars_yolo_sppf/test_eval/no_relations_lstm256/per_video_summary.csv,24145,ccc253a2d8a1e191e785dc6e3a9a59ccd35bf382a68a80a3d2ced00480d629d4
verification_files/by_experiment/01_mars_yolo_sppf/test_eval/no_relations_lstm256/predicted_bouts.csv,285330,b1aa6b2bc71e8a79b16c83e6a736a53ab31b496d4aea57463914a2278191ce94
verification_files/by_experiment/01_mars_yolo_sppf/test_eval/no_relations_lstm512/aggregate_summary.json,474,1f4ff30052647759c5c0ead68d1f6e407ff4703a5a8e5e45985245f7eb408018
verification_files/by_experiment/01_mars_yolo_sppf/test_eval/no_relations_lstm512/bout_matches.csv,401426,101ca1c4b90e16513abead46369e03d3caf9d411b2df07729453ea4dc85169ed
verification_files/by_experiment/01_mars_yolo_sppf/test_eval/no_relations_lstm512/failures.csv,0,e3b0c44298fc1c149afbf4c8996fb92427ae41e4649b934ca495991b7852b855
verification_files/by_experiment/01_mars_yolo_sppf/test_eval/no_relations_lstm512/ground_truth_bouts.csv,195809,03735b4ce8e09bfb9fcc2076cb812885220e94b59c8d97357af6907a849dc7ec
verification_files/by_experiment/01_mars_yolo_sppf/test_eval/no_relations_lstm512/manifest.csv,13131,fd02b4b29cf7638a9b9608b40dac1d4e5f4fcb9b89c82d046fce8f1a6b9573bb
verification_files/by_experiment/01_mars_yolo_sppf/test_eval/no_relations_lstm512/per_class_metrics.csv,48048,ff2e7b18bc38ae371566994ba165f3b197e8e3a45426898e564c017d0cd86058
verification_files/by_experiment/01_mars_yolo_sppf/test_eval/no_relations_lstm512/per_video_summary.csv,24206,ba494e33871eb69f158383842913b0d6c6ab9382441de8d698c0fe3fee321579
verification_files/by_experiment/01_mars_yolo_sppf/test_eval/no_relations_lstm512/predicted_bouts.csv,287590,f3d57bc20aa183c7a73d04208c6cf4503c539149e3c43b7d100a4d200c6b11c1
verification_files/by_experiment/01_mars_yolo_sppf/test_eval/no_relations_lstm896/aggregate_summary.json,474,23c10fc08a8ae19b41409d4863a30eacf537a4c45e419f04a415d5f05c321ecd
verification_files/by_experiment/01_mars_yolo_sppf/test_eval/no_relations_lstm896/bout_matches.csv,393424,daeeaaceb4d017fcb5412f593e7ddc36fcd79a43ee455f1126a95a62d6e58a92
verification_files/by_experiment/01_mars_yolo_sppf/test_eval/no_relations_lstm896/failures.csv,0,e3b0c44298fc1c149afbf4c8996fb92427ae41e4649b934ca495991b7852b855
verification_files/by_experiment/01_mars_yolo_sppf/test_eval/no_relations_lstm896/ground_truth_bouts.csv,195809,03735b4ce8e09bfb9fcc2076cb812885220e94b59c8d97357af6907a849dc7ec
verification_files/by_experiment/01_mars_yolo_sppf/test_eval/no_relations_lstm896/manifest.csv,13131,b4561d87022a3b791a30bc691ca9e60c37f1071ed35ca3ec06450d990325efb9
verification_files/by_experiment/01_mars_yolo_sppf/test_eval/no_relations_lstm896/per_class_metrics.csv,48447,7ce3b7f6bf20e20c700576dd6e3c26e1c212f05af02c6493bba880922204d357
verification_files/by_experiment/01_mars_yolo_sppf/test_eval/no_relations_lstm896/per_video_summary.csv,24195,4b465261e8a4e28a09fdfa8a960d597d21e7e81635016adc54d939fcb177b1a6
verification_files/by_experiment/01_mars_yolo_sppf/test_eval/no_relations_lstm896/predicted_bouts.csv,274774,bdf295ccb669f8d647f9c03b93f8bc5d19e0413170a35c80396ea28706181aaa
verification_files/by_experiment/01_mars_yolo_sppf/test_eval/pose_relations_only_lstm256/aggregate_summary.json,481,31c2b997a766da07c7a8ba79014aa17891d0f875015399e8192f5d488b1ad70d
verification_files/by_experiment/01_mars_yolo_sppf/test_eval/pose_relations_only_lstm256/bout_matches.csv,418407,e552dde559413908e2f411be79da057790554527dbbe8b1d1d43650ebbd9fea8
verification_files/by_experiment/01_mars_yolo_sppf/test_eval/pose_relations_only_lstm256/failures.csv,0,e3b0c44298fc1c149afbf4c8996fb92427ae41e4649b934ca495991b7852b855
verification_files/by_experiment/01_mars_yolo_sppf/test_eval/pose_relations_only_lstm256/ground_truth_bouts.csv,195809,03735b4ce8e09bfb9fcc2076cb812885220e94b59c8d97357af6907a849dc7ec
verification_files/by_experiment/01_mars_yolo_sppf/test_eval/pose_relations_only_lstm256/manifest.csv,13551,25f3efa91340b031c9c4d22215bf40540c6d47672a1c7ff63ba4bac9524daaf8
verification_files/by_experiment/01_mars_yolo_sppf/test_eval/pose_relations_only_lstm256/per_class_metrics.csv,48337,d49866a03a5b5982dcb7b27897d30eabc987c4aff68b61f51136f9d951625b84
verification_files/by_experiment/01_mars_yolo_sppf/test_eval/pose_relations_only_lstm256/per_video_summary.csv,24613,befccbf37c6ee52691f43d99e5782d700be1ee8d41c244c286b1a501de40113b
verification_files/by_experiment/01_mars_yolo_sppf/test_eval/pose_relations_only_lstm256/predicted_bouts.csv,277319,94ab4a78ff471716cfa16ca87d3f64d57a7e44b67f74ca49ead47e641156c7a5
verification_files/by_experiment/01_mars_yolo_sppf/test_eval/pose_relations_only_lstm512/aggregate_summary.json,482,ea6faf39c80acdd688e7e317f7266c0387866804bbca2fc5d520105af430d378
verification_files/by_experiment/01_mars_yolo_sppf/test_eval/pose_relations_only_lstm512/bout_matches.csv,399146,20003be415112ed80c17c5a055c8403024a5e4d68a69ee780a97841765ac989e
verification_files/by_experiment/01_mars_yolo_sppf/test_eval/pose_relations_only_lstm512/failures.csv,0,e3b0c44298fc1c149afbf4c8996fb92427ae41e4649b934ca495991b7852b855
verification_files/by_experiment/01_mars_yolo_sppf/test_eval/pose_relations_only_lstm512/ground_truth_bouts.csv,195809,03735b4ce8e09bfb9fcc2076cb812885220e94b59c8d97357af6907a849dc7ec
verification_files/by_experiment/01_mars_yolo_sppf/test_eval/pose_relations_only_lstm512/manifest.csv,13551,b769b7c432230b82eb01908060dff0fb2d0ff0d1be917a9898b984e5ce728222
verification_files/by_experiment/01_mars_yolo_sppf/test_eval/pose_relations_only_lstm512/per_class_metrics.csv,47825,0dc0317510310299c14c8d83220ae8c0152b272acdf922c6276e4bb7873cccc5
verification_files/by_experiment/01_mars_yolo_sppf/test_eval/pose_relations_only_lstm512/per_video_summary.csv,24464,19fefd3e04259c6dd753d7715dad7be82e5d595961d17491c8193726669cdc48
verification_files/by_experiment/01_mars_yolo_sppf/test_eval/pose_relations_only_lstm512/predicted_bouts.csv,269626,a9fbda0622ae11a810555ae51d30cfb8aabb1051adab8af652bee10ef7e489ee
verification_files/by_experiment/01_mars_yolo_sppf/test_eval/pose_relations_only_lstm896/aggregate_summary.json,482,44ab57e92b5ddf626e89f3dd106e541fca39ad2176f34c693e59a87f5033d810
verification_files/by_experiment/01_mars_yolo_sppf/test_eval/pose_relations_only_lstm896/bout_matches.csv,402631,bcdcaf943c50e387a7e93386b7c5900f91fc0e67d5ef5a83fa5fb8d248fc7619
verification_files/by_experiment/01_mars_yolo_sppf/test_eval/pose_relations_only_lstm896/failures.csv,0,e3b0c44298fc1c149afbf4c8996fb92427ae41e4649b934ca495991b7852b855
verification_files/by_experiment/01_mars_yolo_sppf/test_eval/pose_relations_only_lstm896/ground_truth_bouts.csv,195809,03735b4ce8e09bfb9fcc2076cb812885220e94b59c8d97357af6907a849dc7ec
verification_files/by_experiment/01_mars_yolo_sppf/test_eval/pose_relations_only_lstm896/manifest.csv,13551,4f0996e0bc29263cb13d35ea05d8214500cee15bb9bdd8671fbfe2e6ef480d6c
verification_files/by_experiment/01_mars_yolo_sppf/test_eval/pose_relations_only_lstm896/per_class_metrics.csv,48202,88218fe5ee85d9af29b2ee0a408425036dfaefb304603279db4274fbdfa5e0bb
verification_files/by_experiment/01_mars_yolo_sppf/test_eval/pose_relations_only_lstm896/per_video_summary.csv,24530,71c4691353296bb39375d9a888731c6dbcf69fa611e5469ff613c7cbd03d2181
verification_files/by_experiment/01_mars_yolo_sppf/test_eval/pose_relations_only_lstm896/predicted_bouts.csv,268162,26e8ec93afc28067cfcee197375375b36a72320fcf4539957ffe9e8e85606182
verification_files/by_experiment/01_mars_yolo_sppf/test_eval/visual_only_lstm256/aggregate_summary.json,474,03bd7e118491d27495f1f567de5ef4949d87c17a2737f0f1c1d0ca73235afc7e
verification_files/by_experiment/01_mars_yolo_sppf/test_eval/visual_only_lstm256/bout_matches.csv,381497,3bffcc6bd0f94894b100cd3b2bac8aa042ae65319c8136dde63ecc08428709e6
verification_files/by_experiment/01_mars_yolo_sppf/test_eval/visual_only_lstm256/failures.csv,0,e3b0c44298fc1c149afbf4c8996fb92427ae41e4649b934ca495991b7852b855
verification_files/by_experiment/01_mars_yolo_sppf/test_eval/visual_only_lstm256/ground_truth_bouts.csv,195809,03735b4ce8e09bfb9fcc2076cb812885220e94b59c8d97357af6907a849dc7ec
verification_files/by_experiment/01_mars_yolo_sppf/test_eval/visual_only_lstm256/manifest.csv,13071,1340f638eb2b671ca82a0e2bb55013867ccbbd007c14d869f14ae6fd5c481fcd
verification_files/by_experiment/01_mars_yolo_sppf/test_eval/visual_only_lstm256/per_class_metrics.csv,48749,098f3137e68026e96c0d5d0f44ac3d03759540d52dbee29eb0a7c98ed36a804c
verification_files/by_experiment/01_mars_yolo_sppf/test_eval/visual_only_lstm256/per_video_summary.csv,24128,97779b2e004e44e9496f84230acf386b57541a55f7bd5a4e36b116a1930c8f31
verification_files/by_experiment/01_mars_yolo_sppf/test_eval/visual_only_lstm256/predicted_bouts.csv,293592,15d8d63e425decaba8443c37048b326bda4edfc8e65597821f121e871062fbf9
verification_files/by_experiment/01_mars_yolo_sppf/test_eval/visual_only_lstm512/aggregate_summary.json,474,afd833b1a1aa5220d20b17d5d1e77f6d0b271c32d64eed22a59c44d41fce0f3e
verification_files/by_experiment/01_mars_yolo_sppf/test_eval/visual_only_lstm512/bout_matches.csv,369506,d0f67804d78a123c4e877a4779a0f892ed0961a1d6fab1bc4085d28c6ef8699a
verification_files/by_experiment/01_mars_yolo_sppf/test_eval/visual_only_lstm512/failures.csv,0,e3b0c44298fc1c149afbf4c8996fb92427ae41e4649b934ca495991b7852b855
verification_files/by_experiment/01_mars_yolo_sppf/test_eval/visual_only_lstm512/ground_truth_bouts.csv,195809,03735b4ce8e09bfb9fcc2076cb812885220e94b59c8d97357af6907a849dc7ec
verification_files/by_experiment/01_mars_yolo_sppf/test_eval/visual_only_lstm512/manifest.csv,13071,5e26ecdad7806093c22bc56893ed45552ce6ad4c1e0cf1f1d0e1032f8dfe30f8
verification_files/by_experiment/01_mars_yolo_sppf/test_eval/visual_only_lstm512/per_class_metrics.csv,48289,392a8e034b14d1eee28c3fa19373be4200f4c047d3d7094c7616c66cd42b91d7
verification_files/by_experiment/01_mars_yolo_sppf/test_eval/visual_only_lstm512/per_video_summary.csv,24139,e05a3a4df4df0f4e77a167957c922d5ba2e222386501196f792007774c4abe24
verification_files/by_experiment/01_mars_yolo_sppf/test_eval/visual_only_lstm512/predicted_bouts.csv,287336,c38f991db074aa39d31b77733f5b0384095c389154fd6d0810c2488f8ab992aa
verification_files/by_experiment/01_mars_yolo_sppf/test_eval/visual_only_lstm896/aggregate_summary.json,474,13f64e6c3246350ec2d02b1cff5114741211be1ea67eaf4cadec40818308704e
verification_files/by_experiment/01_mars_yolo_sppf/test_eval/visual_only_lstm896/bout_matches.csv,378725,4d000629da295d039c45f27746bed5fa124bf2fd98c6de2413f5f3d955f4c083
verification_files/by_experiment/01_mars_yolo_sppf/test_eval/visual_only_lstm896/failures.csv,0,e3b0c44298fc1c149afbf4c8996fb92427ae41e4649b934ca495991b7852b855
verification_files/by_experiment/01_mars_yolo_sppf/test_eval/visual_only_lstm896/ground_truth_bouts.csv,195809,03735b4ce8e09bfb9fcc2076cb812885220e94b59c8d97357af6907a849dc7ec
verification_files/by_experiment/01_mars_yolo_sppf/test_eval/visual_only_lstm896/manifest.csv,13071,ac01ae5efddaece2111f226298f773c680e18aa468fe78479de939979648b19b
verification_files/by_experiment/01_mars_yolo_sppf/test_eval/visual_only_lstm896/per_class_metrics.csv,48245,65f7124e921f1ca47d1f3e363382efeab495f256fe6bd4a23dce650b4e41972d
verification_files/by_experiment/01_mars_yolo_sppf/test_eval/visual_only_lstm896/per_video_summary.csv,24155,9bf79affd7a59bd85121630be2080978d12a6f86b3aa31646e1d432c17d61dfd
verification_files/by_experiment/01_mars_yolo_sppf/test_eval/visual_only_lstm896/predicted_bouts.csv,297260,650274a1154c26f5e9a8cbc926046815ef5083bef6bf223970235287d63f3331
verification_files/by_experiment/01_mars_yolo_sppf/training_runs/animal_visual_only_lstm256/config.json,22165,4891ecc12a0600015366a02b6e27004efc791ebf7283b9723eb1810401626ba6
verification_files/by_experiment/01_mars_yolo_sppf/training_runs/animal_visual_only_lstm256/confusion_matrices.txt,8871,81acc0bab38dc397e51c9f4eac2fee7b194a6edbfbb7aeddb499018474a5a5aa
verification_files/by_experiment/01_mars_yolo_sppf/training_runs/animal_visual_only_lstm256/history.json,9687,def4e1a6db446ab993cbf6333a182ac67430310ea5ddbd91b79e8bd75802b918
verification_files/by_experiment/01_mars_yolo_sppf/training_runs/animal_visual_only_lstm256/threshold_diagnostics/confusion_matrices_raw_vs_threshold.txt,1793,2bcf199464e342c1de31e07690111679f7eb369e45b8f3fe132efe4cc09fdff8
verification_files/by_experiment/01_mars_yolo_sppf/training_runs/animal_visual_only_lstm256/threshold_diagnostics/confusion_matrix_raw_argmax.csv,63,f171096a0b650c83bb829e14e0d9de8bb4ac40832fdd5e8a240c22d370c575a7
verification_files/by_experiment/01_mars_yolo_sppf/training_runs/animal_visual_only_lstm256/threshold_diagnostics/confusion_matrix_threshold_decoded.csv,62,067beed931d0e951cbb5047c0d742ed146f503193a01a03d8cdb8c3811ab7b31
verification_files/by_experiment/01_mars_yolo_sppf/training_runs/animal_visual_only_lstm256/threshold_diagnostics/raw_vs_threshold_metrics.csv,665,c127a640eb31c4210ca44827429fb4c3b2078d827480d23621a2b361b0f0f2e2
verification_files/by_experiment/01_mars_yolo_sppf/training_runs/animal_visual_only_lstm256/threshold_diagnostics/threshold_sweep.csv,4486,134b9d26e015571bb058084d3497dbf1939b17289633a36d23d7b1e6143e2f52
verification_files/by_experiment/01_mars_yolo_sppf/training_runs/animal_visual_only_lstm256/training_log.csv,4159,8b77940536c1373761a0a2df009a5214b780f24cc0f12e445a9e866e45ea66ee
verification_files/by_experiment/01_mars_yolo_sppf/training_runs/animal_visual_only_lstm512/config.json,22247,f53eca46367c3d6a3351458ea34bcb1b43f047a69c52424c39efeddf1e709597
verification_files/by_experiment/01_mars_yolo_sppf/training_runs/animal_visual_only_lstm512/confusion_matrices.txt,8871,e91684b366f73d00e412ccdce5ce71d161b814351a4aec7f5e92ebf0b457110e
verification_files/by_experiment/01_mars_yolo_sppf/training_runs/animal_visual_only_lstm512/history.json,9695,ff5eb30d31c12d74728bf83d9d290873ecf78d611af3d65758a1835e3f6da4fb
verification_files/by_experiment/01_mars_yolo_sppf/training_runs/animal_visual_only_lstm512/threshold_diagnostics/confusion_matrices_raw_vs_threshold.txt,1793,a2024482f7f8495ea497bd4f70d956d66eee451a680dde71f2aa48915dbbdc3a
verification_files/by_experiment/01_mars_yolo_sppf/training_runs/animal_visual_only_lstm512/threshold_diagnostics/confusion_matrix_raw_argmax.csv,63,a3601f904943976dbf90befdb0b5f803253ebe2e8704139d9f6b8a81e0bd4c23
verification_files/by_experiment/01_mars_yolo_sppf/training_runs/animal_visual_only_lstm512/threshold_diagnostics/confusion_matrix_threshold_decoded.csv,61,734146f893dac6c633aa476c88667bd9390190ad20fc00ef2bc12b138ede5027
verification_files/by_experiment/01_mars_yolo_sppf/training_runs/animal_visual_only_lstm512/threshold_diagnostics/raw_vs_threshold_metrics.csv,657,75c5b248f652041ace37a11eb3616df5911b032d5492c57576809816d8c7713c
verification_files/by_experiment/01_mars_yolo_sppf/training_runs/animal_visual_only_lstm512/threshold_diagnostics/threshold_sweep.csv,4498,9a93165eb8da345ae0c42ddd9de80831474ff34a887a3129fdf1fe0bcc1e5739
verification_files/by_experiment/01_mars_yolo_sppf/training_runs/animal_visual_only_lstm512/training_log.csv,4167,6837e32c5247d1316522aeddac4ad26a0430db2ea76a0b5545fbb1f3d7c98622
verification_files/by_experiment/01_mars_yolo_sppf/training_runs/animal_visual_only_lstm896/config.json,22137,f00c5b9516b5204c2bf71f12a6e04722fe0558c1f3f4e05dfac045231def4986
verification_files/by_experiment/01_mars_yolo_sppf/training_runs/animal_visual_only_lstm896/confusion_matrices.txt,8871,b02d685f0558cc96d4cb2b3fa35c8321ea2f767071c9ebc7f26f6beecba8bd6e
verification_files/by_experiment/01_mars_yolo_sppf/training_runs/animal_visual_only_lstm896/history.json,9680,1229f233bf377228857af68034fcaa7b85782e9161d79c9751e248bd0b084a69
verification_files/by_experiment/01_mars_yolo_sppf/training_runs/animal_visual_only_lstm896/threshold_diagnostics/confusion_matrices_raw_vs_threshold.txt,1793,fad8fde146409e3c196ac5924906a201a2469ff2f18b26293fbdaba2ccc6fee2
verification_files/by_experiment/01_mars_yolo_sppf/training_runs/animal_visual_only_lstm896/threshold_diagnostics/confusion_matrix_raw_argmax.csv,64,cfd6a03bba583dfbbce6921f9db6dc5a11af4c2f935f5eb850b2e8e5964d3a31
verification_files/by_experiment/01_mars_yolo_sppf/training_runs/animal_visual_only_lstm896/threshold_diagnostics/confusion_matrix_threshold_decoded.csv,64,4bcdd13e8954ba8ffa980e5070b3612557af59970f41ad5a74046d8f3142bb10
verification_files/by_experiment/01_mars_yolo_sppf/training_runs/animal_visual_only_lstm896/threshold_diagnostics/raw_vs_threshold_metrics.csv,660,12dd1d5547c81e74d8bf608c20dd5c2ae7bb9e252fdacc1298c4381fffe5fcbb
verification_files/by_experiment/01_mars_yolo_sppf/training_runs/animal_visual_only_lstm896/threshold_diagnostics/threshold_sweep.csv,4522,d41de345dc6569e2eb6f8f373df7b35a76ddb93680aea5fd3b7055f7518f7d09
verification_files/by_experiment/01_mars_yolo_sppf/training_runs/animal_visual_only_lstm896/training_log.csv,4152,4b389fb8627d081fd98df731b5b12622b8b7e75821a7bc37c267a23cb7ad58ef
verification_files/by_experiment/01_mars_yolo_sppf/training_runs/full_lstm256/config.json,22298,59fae0a3e8911bf034e6be7acfd893966fbcb57ed5becb2bef678579f83ee9c7
verification_files/by_experiment/01_mars_yolo_sppf/training_runs/full_lstm256/confusion_matrices.txt,8871,2c73f8ca8cb5eb826780ef97f6785ec7265262eaed6da9ce24b2f5e7b94b9572
verification_files/by_experiment/01_mars_yolo_sppf/training_runs/full_lstm256/history.json,9690,9fa14bad7360c4cbc73ff2ee9323f2c900de0330e4a412d48a99eaa473dd5f40
verification_files/by_experiment/01_mars_yolo_sppf/training_runs/full_lstm256/threshold_diagnostics/confusion_matrices_raw_vs_threshold.txt,1793,c572e2aedda2091fe531116510124c1eaeaa05a4eb1e0e247c1b10b392dfd15e
verification_files/by_experiment/01_mars_yolo_sppf/training_runs/full_lstm256/threshold_diagnostics/confusion_matrix_raw_argmax.csv,59,4b9c28941304b225fce002cf9a33f31d787a21419a82c9edc09907cd1f1495d3
verification_files/by_experiment/01_mars_yolo_sppf/training_runs/full_lstm256/threshold_diagnostics/confusion_matrix_threshold_decoded.csv,60,649de4ea7cbb41fdbebae6ef80ef1eb053992a54a7a3cb7c93a059f370a78d20
verification_files/by_experiment/01_mars_yolo_sppf/training_runs/full_lstm256/threshold_diagnostics/raw_vs_threshold_metrics.csv,675,32f251c9385e026540bfba083d0713b9da69b5db5cb8a85de6c6463cfc82400f
verification_files/by_experiment/01_mars_yolo_sppf/training_runs/full_lstm256/threshold_diagnostics/threshold_sweep.csv,4488,569937de64252a820a8469daed313e48fc0b1402be9896b3b8d481b2be1d8c59
verification_files/by_experiment/01_mars_yolo_sppf/training_runs/full_lstm256/training_log.csv,4162,e9ce96fe6e9c9223c7438ed0a64c5cb5fb3a76b353d8dd9e3933ec325975be93
verification_files/by_experiment/01_mars_yolo_sppf/training_runs/full_lstm512/config.json,22146,30bc054e642080dca72a2b8dfab7e78b8142b5a5824179b0c43b6f7c64333789
verification_files/by_experiment/01_mars_yolo_sppf/training_runs/full_lstm512/confusion_matrices.txt,8871,2e70e83e38357ccc076fc29554099f688cc56c2f920f92e674a2fcd398a2588a
verification_files/by_experiment/01_mars_yolo_sppf/training_runs/full_lstm512/history.json,9666,96d0d74b9294c7614af44a086bbcb1f1d5a4f4ffcdeca7e95ddbd4ab7df05e56
verification_files/by_experiment/01_mars_yolo_sppf/training_runs/full_lstm512/threshold_diagnostics/confusion_matrices_raw_vs_threshold.txt,1793,b77710ca1df96a56b5eb73b4f39a245472c60439e115e7f1dc253adab9e7717e
verification_files/by_experiment/01_mars_yolo_sppf/training_runs/full_lstm512/threshold_diagnostics/confusion_matrix_raw_argmax.csv,61,8264161b314e2b0c75e8735d6caaa689bff9bf04f0bb5b373e5c9aaf317869c8
verification_files/by_experiment/01_mars_yolo_sppf/training_runs/full_lstm512/threshold_diagnostics/confusion_matrix_threshold_decoded.csv,60,5fbed0c1922d866764ac7ef212cd0202e0aa6eb0391bb99c96a45b44eac37665
verification_files/by_experiment/01_mars_yolo_sppf/training_runs/full_lstm512/threshold_diagnostics/raw_vs_threshold_metrics.csv,661,9aee7769be35f0ecb76cfb327ccd5838616cd20dd2681970b5cf23556bf1842b
verification_files/by_experiment/01_mars_yolo_sppf/training_runs/full_lstm512/threshold_diagnostics/threshold_sweep.csv,4508,4aabda3c56267b2f55f52aedc8b8d599fd9f2b8aae66b3d3ce2de743fd32f7d0
verification_files/by_experiment/01_mars_yolo_sppf/training_runs/full_lstm512/training_log.csv,4138,d5194a0064d1920980e8e521c587f86e9a8b01cd0f40e1f5bc843bb45017ce9a
verification_files/by_experiment/01_mars_yolo_sppf/training_runs/full_lstm896/config.json,22235,23ec6855b9ef46189af7293ad25205d8869fff4e0998db834d5464daa81fe445
verification_files/by_experiment/01_mars_yolo_sppf/training_runs/full_lstm896/confusion_matrices.txt,8871,a2b616da71fb5594fa4aa1532d8785b51fe8769e93ff56e0be9d9f9f0624e257
verification_files/by_experiment/01_mars_yolo_sppf/training_runs/full_lstm896/history.json,9663,0b4dc08b51790ceb1555f0424f040aac624ec4b2b503525f73fa08fb342eaed6
verification_files/by_experiment/01_mars_yolo_sppf/training_runs/full_lstm896/threshold_diagnostics/confusion_matrices_raw_vs_threshold.txt,1793,65395f36251e26b761dcd16b5a9031098133bcd1eb3bdd35cc91917bd774b883
verification_files/by_experiment/01_mars_yolo_sppf/training_runs/full_lstm896/threshold_diagnostics/confusion_matrix_raw_argmax.csv,59,06a562a9847eb51c39eba718baa35218a4028deb8574f09f9318b0e62c057042
verification_files/by_experiment/01_mars_yolo_sppf/training_runs/full_lstm896/threshold_diagnostics/confusion_matrix_threshold_decoded.csv,60,94f4cd4ab39cf1dfa5cba60369b8315fc65602ab63e1daf7ca58427c65747019
verification_files/by_experiment/01_mars_yolo_sppf/training_runs/full_lstm896/threshold_diagnostics/raw_vs_threshold_metrics.csv,649,2d59b236e69bc38e1622fb1c06c8b02cedb076146656eb0a0ad400f4beaa804f
verification_files/by_experiment/01_mars_yolo_sppf/training_runs/full_lstm896/threshold_diagnostics/threshold_sweep.csv,4508,b10fab82fd7d9f50bcfcf83c5ac9d89e1d1892bd45b8be907f48922f9aa9bf9f
verification_files/by_experiment/01_mars_yolo_sppf/training_runs/full_lstm896/training_log.csv,4135,234d887d8945e5155070c0bb4dd5e08cd4e46a05770a4c36e512bf92edbcd1a1
verification_files/by_experiment/01_mars_yolo_sppf/training_runs/no_group_visual_lstm256/config.json,22286,1bacc427a1a3b3825815195119b00e83b688bab0d60218508b1be4c8785cc48b
verification_files/by_experiment/01_mars_yolo_sppf/training_runs/no_group_visual_lstm256/confusion_matrices.txt,8871,2a9427edbb3e8512b55bfc7f5e40c5b7ae783c3655636216d407d274293b39cd
verification_files/by_experiment/01_mars_yolo_sppf/training_runs/no_group_visual_lstm256/history.json,9683,55283768f96ad8433b1717606fb07119f7c4887e99d007ba7d2d1847871670b2
verification_files/by_experiment/01_mars_yolo_sppf/training_runs/no_group_visual_lstm256/threshold_diagnostics/confusion_matrices_raw_vs_threshold.txt,1793,6a242c293204ad48e800b99c6263c6118d778dc7526c2469cc4d423b069c2243
verification_files/by_experiment/01_mars_yolo_sppf/training_runs/no_group_visual_lstm256/threshold_diagnostics/confusion_matrix_raw_argmax.csv,62,513ccf947639f500565378a0a58bfb53d551e703d4eadd2e977f5db57ca3f99d
verification_files/by_experiment/01_mars_yolo_sppf/training_runs/no_group_visual_lstm256/threshold_diagnostics/confusion_matrix_threshold_decoded.csv,61,73060559102cda59bc1d61835490e1fd7fedc64c00151287ff443da7333dab56
verification_files/by_experiment/01_mars_yolo_sppf/training_runs/no_group_visual_lstm256/threshold_diagnostics/raw_vs_threshold_metrics.csv,676,2a95803c2e7b748ba5debc5a81d0cd6996ad29149f18b47db67e2d3a4bbcb908
verification_files/by_experiment/01_mars_yolo_sppf/training_runs/no_group_visual_lstm256/threshold_diagnostics/threshold_sweep.csv,4509,61f50eb9d757dd0ed4e20f869c9f470e2d2b6da9a7ba8421065a34d673ab27ce
verification_files/by_experiment/01_mars_yolo_sppf/training_runs/no_group_visual_lstm256/training_log.csv,4155,08df3e386c92f72d925c796401f995d2a32c1f09cc0e40ab9a3d2f1adf1cf2b4
verification_files/by_experiment/01_mars_yolo_sppf/training_runs/no_group_visual_lstm512/config.json,22240,eafea3360fed295bcbd713646e49ce996cc12c4f54577455d2638023c3d4a45b
verification_files/by_experiment/01_mars_yolo_sppf/training_runs/no_group_visual_lstm512/confusion_matrices.txt,8871,878823b03ca332c22309543f8ce60f533474f189b3083114bb09e02839ff92cb
verification_files/by_experiment/01_mars_yolo_sppf/training_runs/no_group_visual_lstm512/history.json,9651,b498472f909164105fe60b45e27a8c2725c05fbaebd6e0891117bf15e17423a3
verification_files/by_experiment/01_mars_yolo_sppf/training_runs/no_group_visual_lstm512/threshold_diagnostics/confusion_matrices_raw_vs_threshold.txt,1793,4ded450f15711c70e50461b46d60954510c0f897477f6c97e84dfe935a139461
verification_files/by_experiment/01_mars_yolo_sppf/training_runs/no_group_visual_lstm512/threshold_diagnostics/confusion_matrix_raw_argmax.csv,61,ad2d80b08d5fc47807a82f4abfc7465f5e79d8252e921df94bae4c7ab63409d6
verification_files/by_experiment/01_mars_yolo_sppf/training_runs/no_group_visual_lstm512/threshold_diagnostics/confusion_matrix_threshold_decoded.csv,60,35d847b138ed23c571079a51563e89d687a4b4b1d56fac85b833d2ceb5f2f909
verification_files/by_experiment/01_mars_yolo_sppf/training_runs/no_group_visual_lstm512/threshold_diagnostics/raw_vs_threshold_metrics.csv,648,9a41c97dc0d2f682b90b7828f2ed0dd3560802cb17128a5dd06059bd56582512
verification_files/by_experiment/01_mars_yolo_sppf/training_runs/no_group_visual_lstm512/threshold_diagnostics/threshold_sweep.csv,4511,6e8d362250f035225c81e8ad12cc704e673c9decd377d15ab365d403e160e19d
verification_files/by_experiment/01_mars_yolo_sppf/training_runs/no_group_visual_lstm512/training_log.csv,4123,fccb767743ad7fd42fad463e46d9c72f581f49f5ace5958a3b6e1bf0fec63cbc
verification_files/by_experiment/01_mars_yolo_sppf/training_runs/no_group_visual_lstm896/config.json,22146,8a65fbe15b43b95036d3229c847c5bae780c9496e5837c38f55b3203755049d3
verification_files/by_experiment/01_mars_yolo_sppf/training_runs/no_group_visual_lstm896/confusion_matrices.txt,8871,f286b9d070ea83abe6e4416f806efe01af1f0b09d1337a13de071d6f84421abd
verification_files/by_experiment/01_mars_yolo_sppf/training_runs/no_group_visual_lstm896/history.json,9671,9738ef6fa6646534a585ee05213fb7cf8e3025ccd8042ed59642df3b5b456e2d
verification_files/by_experiment/01_mars_yolo_sppf/training_runs/no_group_visual_lstm896/threshold_diagnostics/confusion_matrices_raw_vs_threshold.txt,1793,2fd968c03dc0df8358f1fbd01a42fe51d5f8574287c3aa13b35fcda5f1172534
verification_files/by_experiment/01_mars_yolo_sppf/training_runs/no_group_visual_lstm896/threshold_diagnostics/confusion_matrix_raw_argmax.csv,61,5c87c9b6129918b931893355b7fa0ce1e69b422096749169a292c3be5bee3c18
verification_files/by_experiment/01_mars_yolo_sppf/training_runs/no_group_visual_lstm896/threshold_diagnostics/confusion_matrix_threshold_decoded.csv,60,013c5f410cfa8c950444599098018750a19cb980827d367c9b28c3a1775dc74e
verification_files/by_experiment/01_mars_yolo_sppf/training_runs/no_group_visual_lstm896/threshold_diagnostics/raw_vs_threshold_metrics.csv,660,e9add156c8660b2da2a9cdae56a48df5e2955451d24bd2819217aedccc386e62
verification_files/by_experiment/01_mars_yolo_sppf/training_runs/no_group_visual_lstm896/threshold_diagnostics/threshold_sweep.csv,4509,f0be7c2da9e2407e25cda110f126ea2ace34136cf89870e51e533e881f28f3c3
verification_files/by_experiment/01_mars_yolo_sppf/training_runs/no_group_visual_lstm896/training_log.csv,4143,8842a29355152e40c4b9c3e37fe00e9973023ea4af1678fe9b93cdb10f5ebbc8
verification_files/by_experiment/01_mars_yolo_sppf/training_runs/no_relations_lstm256/config.json,22244,e1ec335cf926fcd1c0a498ae0953260380c118ea56898a8366903c6b2a01b4cf
verification_files/by_experiment/01_mars_yolo_sppf/training_runs/no_relations_lstm256/confusion_matrices.txt,8871,1c8a70c9eb1ade35374cd261a3168a11c6d78de51e0d5ed711d2e18efbfa42c3
verification_files/by_experiment/01_mars_yolo_sppf/training_runs/no_relations_lstm256/history.json,9657,12c692499021f005c910bf4bd0264cd7dff2dcb5bd471e01bd708ce7a1c9740d
verification_files/by_experiment/01_mars_yolo_sppf/training_runs/no_relations_lstm256/threshold_diagnostics/confusion_matrices_raw_vs_threshold.txt,1793,7a0bf2d81d593064102caa513756b51185d965ccf432bd731d6ac231a874052e
verification_files/by_experiment/01_mars_yolo_sppf/training_runs/no_relations_lstm256/threshold_diagnostics/confusion_matrix_raw_argmax.csv,62,47a646880b1fc53709ad6fc77f8ce033e6f0a5063a00fb7cebc6055fddfd6fb4
verification_files/by_experiment/01_mars_yolo_sppf/training_runs/no_relations_lstm256/threshold_diagnostics/confusion_matrix_threshold_decoded.csv,61,787415197901d4a7437adc23ba3fb52ca79ef6667db33dc3306aead58a3b6ecd
verification_files/by_experiment/01_mars_yolo_sppf/training_runs/no_relations_lstm256/threshold_diagnostics/raw_vs_threshold_metrics.csv,660,db946fe4ae14c595b9c6c0d3f9961dc5e632830e0a217da35b22df44fbb29806
verification_files/by_experiment/01_mars_yolo_sppf/training_runs/no_relations_lstm256/threshold_diagnostics/threshold_sweep.csv,4487,06e50747926a9609635a843c9af77bcc8f6cfbf7a827e5382554661b11e96b8e
verification_files/by_experiment/01_mars_yolo_sppf/training_runs/no_relations_lstm256/training_log.csv,4129,74eb8f9157958d957c5d88bfc05b77825957df10d83d474d0314ba2defb7d72e
verification_files/by_experiment/01_mars_yolo_sppf/training_runs/no_relations_lstm512/config.json,22203,1dad57f32e71e187b48134e92780b20eff968e109b84ba70fd04ab7c719c27a0
verification_files/by_experiment/01_mars_yolo_sppf/training_runs/no_relations_lstm512/confusion_matrices.txt,8871,c0110bcefd1a4c8b2acaf4274bceaa5b65aa69d3ee208b8e4363ec12bedd43f0
verification_files/by_experiment/01_mars_yolo_sppf/training_runs/no_relations_lstm512/history.json,9676,c13ac3a97d814336e4127fca9b868c1d28cb65a5786be95a783828036e8986b4
verification_files/by_experiment/01_mars_yolo_sppf/training_runs/no_relations_lstm512/threshold_diagnostics/confusion_matrices_raw_vs_threshold.txt,1793,e0394079044e07be059a34f68efad4a6f00b887579b6120eb4902138a81428ef
verification_files/by_experiment/01_mars_yolo_sppf/training_runs/no_relations_lstm512/threshold_diagnostics/confusion_matrix_raw_argmax.csv,62,b19a540cbb3ce6115b23b2ada5902523013ccdd9a3c39a851718fb211a4f87de
verification_files/by_experiment/01_mars_yolo_sppf/training_runs/no_relations_lstm512/threshold_diagnostics/confusion_matrix_threshold_decoded.csv,61,a61859f74c815aee7d10168b0fa368d6b1c44aa9d6086914fef950f261ff01f8
verification_files/by_experiment/01_mars_yolo_sppf/training_runs/no_relations_lstm512/threshold_diagnostics/raw_vs_threshold_metrics.csv,663,b98abb97e9054b7faa601a5ac4707e949f532cb1c77b3f09c2d5b6ecfa134252
verification_files/by_experiment/01_mars_yolo_sppf/training_runs/no_relations_lstm512/threshold_diagnostics/threshold_sweep.csv,4507,b7fcfece9d85a1be4a5b414dc7d4f7040f87b2ab2ed3c2efdac45e208b1cf470
verification_files/by_experiment/01_mars_yolo_sppf/training_runs/no_relations_lstm512/training_log.csv,4148,08ac49878fad9031cd7d31fbae0ae05361ac83eb0b9e533991620057b773ce09
verification_files/by_experiment/01_mars_yolo_sppf/training_runs/no_relations_lstm896/config.json,22186,fb89da423b72f1c6c220dd2baf089726230f637a6959f12eb324721c36b9951d
verification_files/by_experiment/01_mars_yolo_sppf/training_runs/no_relations_lstm896/confusion_matrices.txt,8871,d996775e598d4a1e2d5e0efc1016abbe57c314a28dd0c8276d1804b34339175d
verification_files/by_experiment/01_mars_yolo_sppf/training_runs/no_relations_lstm896/history.json,9669,88240034ae96e5e553b69417a036da8dc7c32daa11298728d2a88da78b91180e
verification_files/by_experiment/01_mars_yolo_sppf/training_runs/no_relations_lstm896/threshold_diagnostics/confusion_matrices_raw_vs_threshold.txt,1793,2c6b5f3d08db702653e525764476292dfc65ef82adb056ca29988feefb6c1c7f
verification_files/by_experiment/01_mars_yolo_sppf/training_runs/no_relations_lstm896/threshold_diagnostics/confusion_matrix_raw_argmax.csv,62,3596c0ac01dfd20f9b87306dec8b4c44eb04657dbc44af6e61e1f397f687ffb2
verification_files/by_experiment/01_mars_yolo_sppf/training_runs/no_relations_lstm896/threshold_diagnostics/confusion_matrix_threshold_decoded.csv,60,457085c24b0db92c372f4cff3090b4601e27d118488e6f54f575ca758c2a5527
verification_files/by_experiment/01_mars_yolo_sppf/training_runs/no_relations_lstm896/threshold_diagnostics/raw_vs_threshold_metrics.csv,662,cbd213f8534a5c30d816ee99c4f9b15658f5414478af38906f372e1d57e4f118
verification_files/by_experiment/01_mars_yolo_sppf/training_runs/no_relations_lstm896/threshold_diagnostics/threshold_sweep.csv,4484,71681464ae879d7fbdaf6983a5a85246d3a0f09d47d898757059d7f35357f3ee
verification_files/by_experiment/01_mars_yolo_sppf/training_runs/no_relations_lstm896/training_log.csv,4141,86627aafd09ffd9c0b476d07547295fba4defdc67f0b817b83dec899e7190bac
verification_files/by_experiment/01_mars_yolo_sppf/training_runs/pose_relations_only_lstm256/config.json,22130,2f45089f2a196ad3223dc468afadc98d64df20af3f1fbddc2b291a5dc2831a2d
verification_files/by_experiment/01_mars_yolo_sppf/training_runs/pose_relations_only_lstm256/confusion_matrices.txt,8871,ccdafd1ffb9cc5e0ad0ba25cb8e0e6127de97bbb3cdd9dcda4c2b53ed313d875
verification_files/by_experiment/01_mars_yolo_sppf/training_runs/pose_relations_only_lstm256/history.json,9699,691dc7c378fe66acd63db3827c258ef139343adb16c829de3240cd1993246ab4
verification_files/by_experiment/01_mars_yolo_sppf/training_runs/pose_relations_only_lstm256/threshold_diagnostics/confusion_matrices_raw_vs_threshold.txt,1793,aa7803805a63553312de7247ac80ea503296e6facf5d22714359d38ef45cfce4
verification_files/by_experiment/01_mars_yolo_sppf/training_runs/pose_relations_only_lstm256/threshold_diagnostics/confusion_matrix_raw_argmax.csv,61,3a7949fcc22a7e16090b23999e8f013cf9d44f764085be831e1deaebbafd8edf
verification_files/by_experiment/01_mars_yolo_sppf/training_runs/pose_relations_only_lstm256/threshold_diagnostics/confusion_matrix_threshold_decoded.csv,61,83c1930d1264bc2228f80461dfd3ea0314ca5cc74bba65a111e3b8cfafdede60
verification_files/by_experiment/01_mars_yolo_sppf/training_runs/pose_relations_only_lstm256/threshold_diagnostics/raw_vs_threshold_metrics.csv,663,afe4c3871e34051594e1d37afffcb2b9c700b9ec9b6b5fa3fca61840c7ee4601
verification_files/by_experiment/01_mars_yolo_sppf/training_runs/pose_relations_only_lstm256/threshold_diagnostics/threshold_sweep.csv,4503,a887692c54ebfb6bf88f22a4a6719eb4e4b5602409c0eee6a3261270e7770b9b
verification_files/by_experiment/01_mars_yolo_sppf/training_runs/pose_relations_only_lstm256/training_log.csv,4171,6745f80a11f8ba120d840f297c229030abfa8d6ef26bf7c95bb4492216ef6c48
verification_files/by_experiment/01_mars_yolo_sppf/training_runs/pose_relations_only_lstm512/config.json,22108,ec19b04427719172551186c8b048f99be6dc4bac3a5f23726503828ab9bde4d3
verification_files/by_experiment/01_mars_yolo_sppf/training_runs/pose_relations_only_lstm512/confusion_matrices.txt,8871,7d944add75a2d89db6edd8e38a486ac7ce6e3f72ed677897af5ff0e45d600a6b
verification_files/by_experiment/01_mars_yolo_sppf/training_runs/pose_relations_only_lstm512/history.json,9691,0591a10653b0b5dbfc547c33502285d80c450aa4d895737f0aebb4c98ea293f3
verification_files/by_experiment/01_mars_yolo_sppf/training_runs/pose_relations_only_lstm512/threshold_diagnostics/confusion_matrices_raw_vs_threshold.txt,1793,ca993eed761b7dbe1ccbf402b94939de72c2b2fdc8b8d8cc6c98ba67b3cc411a
verification_files/by_experiment/01_mars_yolo_sppf/training_runs/pose_relations_only_lstm512/threshold_diagnostics/confusion_matrix_raw_argmax.csv,61,72598a4e6d3c68f0f0722e8f3ceaa1250460eb81916fb842caf341e0da7c0943
verification_files/by_experiment/01_mars_yolo_sppf/training_runs/pose_relations_only_lstm512/threshold_diagnostics/confusion_matrix_threshold_decoded.csv,60,1972485b3e01878b6f23cefb8251e4d7754ac5aec07fac368cd97b743606c691
verification_files/by_experiment/01_mars_yolo_sppf/training_runs/pose_relations_only_lstm512/threshold_diagnostics/raw_vs_threshold_metrics.csv,663,7acd2d0be92f4f8f3b38619b2c4255b7da397be94921903c7e09021c8e3f4a09
verification_files/by_experiment/01_mars_yolo_sppf/training_runs/pose_relations_only_lstm512/threshold_diagnostics/threshold_sweep.csv,4501,51f5180857cac5b745e7aa0bd8ca9c4121d4ae04f02d8319b0b5c27598100c19
verification_files/by_experiment/01_mars_yolo_sppf/training_runs/pose_relations_only_lstm512/training_log.csv,4163,206ec10807cab75b5f71e41baf9a406c513a17e14d263da2314c0ff6d738b17e
verification_files/by_experiment/01_mars_yolo_sppf/training_runs/pose_relations_only_lstm896/config.json,22152,2aa149d3bcea27497b85aed2bdd5467dec10665816a1a0ec8665ef2e13180b14
verification_files/by_experiment/01_mars_yolo_sppf/training_runs/pose_relations_only_lstm896/confusion_matrices.txt,8871,a743293c2bccd425328dbb3892b1e20ea9027f231852206a405921d789e54be1
verification_files/by_experiment/01_mars_yolo_sppf/training_runs/pose_relations_only_lstm896/history.json,9671,0f923f6fb5637d931e3093a722afff10b0c45a6773875b1c021de219c11ed551
verification_files/by_experiment/01_mars_yolo_sppf/training_runs/pose_relations_only_lstm896/threshold_diagnostics/confusion_matrices_raw_vs_threshold.txt,1793,01feb8266ad62e24fedb6cfe4a0e56c4655de17b46b69b319334f80840accad0
verification_files/by_experiment/01_mars_yolo_sppf/training_runs/pose_relations_only_lstm896/threshold_diagnostics/confusion_matrix_raw_argmax.csv,60,b8a532d185ad0b08e3aca421b437ba98ac4f061c528a115091a0aca7c2b26f66
verification_files/by_experiment/01_mars_yolo_sppf/training_runs/pose_relations_only_lstm896/threshold_diagnostics/confusion_matrix_threshold_decoded.csv,59,f27fa6657138fedfa323aa8cc8a8638a0fff4f315a54e0dd80a2c6643df46103
verification_files/by_experiment/01_mars_yolo_sppf/training_runs/pose_relations_only_lstm896/threshold_diagnostics/raw_vs_threshold_metrics.csv,675,4cd72de5bd7a8fd3f871452954775f50bebe26005c5473c4f8c57b45d6d59aa5
verification_files/by_experiment/01_mars_yolo_sppf/training_runs/pose_relations_only_lstm896/threshold_diagnostics/threshold_sweep.csv,4532,d3b9f530a8ddd16e75e6c04dac36f00fa5abf38adb5c7b75fda284982b582e51
verification_files/by_experiment/01_mars_yolo_sppf/training_runs/pose_relations_only_lstm896/training_log.csv,4143,044aa4add438b82a26edfbcabea1c6ce6fe61383f366a3c99664fb5cd2a780d9
verification_files/by_experiment/01_mars_yolo_sppf/training_runs/visual_only_lstm256/config.json,22112,a25c0974c9906366aec67bfbe423226a4dea8f63b45dc9b4c46b0d42b745bce7
verification_files/by_experiment/01_mars_yolo_sppf/training_runs/visual_only_lstm256/confusion_matrices.txt,8871,3f43cf7d718d9b6549657337e5c10cb1025f290298d1b3859c1607c50b8dda1f
verification_files/by_experiment/01_mars_yolo_sppf/training_runs/visual_only_lstm256/history.json,9685,ab5a0593474b0f6516f54c26a5e839af14246135a40277b4557219e3b3a6d503
verification_files/by_experiment/01_mars_yolo_sppf/training_runs/visual_only_lstm256/threshold_diagnostics/confusion_matrices_raw_vs_threshold.txt,1793,bad8d5840b3162e47b9a7451a13700dfaeffebd7bd02a1ededf55763bee1c7dc
verification_files/by_experiment/01_mars_yolo_sppf/training_runs/visual_only_lstm256/threshold_diagnostics/confusion_matrix_raw_argmax.csv,64,0a7471881c517ed0951b936990fa9847ca611a4d21a737f116b510c1e301d75d
verification_files/by_experiment/01_mars_yolo_sppf/training_runs/visual_only_lstm256/threshold_diagnostics/confusion_matrix_threshold_decoded.csv,63,d805d01b05fc695acd125694547cfd3817dabc0403953eadcdf9c519f5555771
verification_files/by_experiment/01_mars_yolo_sppf/training_runs/visual_only_lstm256/threshold_diagnostics/raw_vs_threshold_metrics.csv,661,25f78b15efc1379b0526f3a3acc5f76bd3eeddff5c302e313a666f4dbed28787
verification_files/by_experiment/01_mars_yolo_sppf/training_runs/visual_only_lstm256/threshold_diagnostics/threshold_sweep.csv,4478,d27170236eedf88fcbd059118e1ca0e3b16e67d3f9dc939143ef379656f71834
verification_files/by_experiment/01_mars_yolo_sppf/training_runs/visual_only_lstm256/training_log.csv,4157,436d90dd57e6d67839adea7f843e1bd8afd8dfb017d7e688f9d6d487b70b62e6
verification_files/by_experiment/01_mars_yolo_sppf/training_runs/visual_only_lstm512/config.json,22254,461f583417f75e0633a4fa3df5fe7a7189c38072fa5973087dcc104be3ab3189
verification_files/by_experiment/01_mars_yolo_sppf/training_runs/visual_only_lstm512/confusion_matrices.txt,8871,54c9e0487812cf367589140204df2c6b368cdda09eb50ac9fb4cc22e13045c76
verification_files/by_experiment/01_mars_yolo_sppf/training_runs/visual_only_lstm512/history.json,9686,c72ea61d7d8fee6b473b1d828e2090ccf0da76fe898f1cd784a183812d8d31ff
verification_files/by_experiment/01_mars_yolo_sppf/training_runs/visual_only_lstm512/threshold_diagnostics/confusion_matrices_raw_vs_threshold.txt,1793,550b99e997b15a2586fe13351cc4a8915c0f2163efe67ed7b011c73cead92843
verification_files/by_experiment/01_mars_yolo_sppf/training_runs/visual_only_lstm512/threshold_diagnostics/confusion_matrix_raw_argmax.csv,62,c99c956effcd1212cbfafc59dd9ff5e00308d43560eeb3c76b8b33092bdd1603
verification_files/by_experiment/01_mars_yolo_sppf/training_runs/visual_only_lstm512/threshold_diagnostics/confusion_matrix_threshold_decoded.csv,61,790aedcbd41fdfc07bb50da141e6345fdec24f6949bbde296fb6a18f1f774735
verification_files/by_experiment/01_mars_yolo_sppf/training_runs/visual_only_lstm512/threshold_diagnostics/raw_vs_threshold_metrics.csv,663,a945580830ed0de54c7140d6896a70332f9b3c0c4e1da9364e3ede44b15b8cd6
verification_files/by_experiment/01_mars_yolo_sppf/training_runs/visual_only_lstm512/threshold_diagnostics/threshold_sweep.csv,4535,81fba39a6bf626624b47fe189cff07b29cad5ff9169431573bef29d3002b62cf
verification_files/by_experiment/01_mars_yolo_sppf/training_runs/visual_only_lstm512/training_log.csv,4158,e39393ebb6041d1b9d4e3a53b8284f1509938b98dc6cbd7946f3f0314e102c94
verification_files/by_experiment/01_mars_yolo_sppf/training_runs/visual_only_lstm896/config.json,22289,99d2a64d1b56e8e5ae4ee6c7b4ee0e14c0023ba607d70beccdb6e96f0be9ce99
verification_files/by_experiment/01_mars_yolo_sppf/training_runs/visual_only_lstm896/confusion_matrices.txt,8871,5f091b533f91fec324e14924bfb64059332dc56ce705e2f66c6571f507ed0db8
verification_files/by_experiment/01_mars_yolo_sppf/training_runs/visual_only_lstm896/history.json,9663,177164e9c499e747ab54bc36daaf305aeecdf092cc0949110193f69f74c8a79b
verification_files/by_experiment/01_mars_yolo_sppf/training_runs/visual_only_lstm896/threshold_diagnostics/confusion_matrices_raw_vs_threshold.txt,1793,17f0942576284bf55b74fc0ceb712bc664a25207007d47158c76a8b5e7c99b38
verification_files/by_experiment/01_mars_yolo_sppf/training_runs/visual_only_lstm896/threshold_diagnostics/confusion_matrix_raw_argmax.csv,64,7a5e89d678add782bec2d8abf84c631e1fd5231af8b46cf193779a9350f90cb3
verification_files/by_experiment/01_mars_yolo_sppf/training_runs/visual_only_lstm896/threshold_diagnostics/confusion_matrix_threshold_decoded.csv,63,880df692e7fcc4b62e209f68860a21c0871025e9ffd487bda5bb4ec43ec6a8a1
verification_files/by_experiment/01_mars_yolo_sppf/training_runs/visual_only_lstm896/threshold_diagnostics/raw_vs_threshold_metrics.csv,677,78e8f5a8899a89969a69a9d1a25b860b4e2e72bf0a2daaab082634d3939c0571
verification_files/by_experiment/01_mars_yolo_sppf/training_runs/visual_only_lstm896/threshold_diagnostics/threshold_sweep.csv,4507,11fbf274a737896a35477e8becf12078deee216897fff27819a6a0f02ef55593
verification_files/by_experiment/01_mars_yolo_sppf/training_runs/visual_only_lstm896/training_log.csv,4135,be97d66499985853eba36b2323f7fca4c209b4b80e022732d6dff694236f0086
verification_files/by_experiment/02_classical_baselines/pose_baseline_rf_controlled/audits/mars_annotation_provenance.csv,6522,c2a3b47462792760ea1d906e47cb878587e3d88d1073f39cc67c9f4ab4ed0748
verification_files/by_experiment/02_classical_baselines/pose_baseline_rf_controlled/matrices_smoke/mars/matrix_build_summary.json,1320,4015bbccd7bbe9abfc16ce29260129b4ad88e32112684441a82c8093dae622aa
verification_files/by_experiment/02_classical_baselines/pose_baseline_rf_controlled/matrices_smoke/mars/pose_frame/heldout_metadata.json,920,a5c12caaf58c860feb7ad4219cc10744e4c29fe2666cd50992fa451cee3707a4
verification_files/by_experiment/02_classical_baselines/pose_baseline_rf_controlled/matrices_smoke/mars/pose_frame/train_metadata.json,1013,a20edee651159eec162f8d6f45cf25e95d01464b41382fae690e439a3981c101
verification_files/by_experiment/02_classical_baselines/pose_baseline_rf_controlled/matrices_smoke/mars/pose_frame/val_metadata.json,944,95b5a931e074dc58bff31379cb23ac1379bd00af50475eb7036c1f2ac652c153
verification_files/by_experiment/02_classical_baselines/pose_baseline_rf_controlled/matrices_smoke/mars/pose_window/heldout_metadata.json,920,a5c12caaf58c860feb7ad4219cc10744e4c29fe2666cd50992fa451cee3707a4
verification_files/by_experiment/02_classical_baselines/pose_baseline_rf_controlled/matrices_smoke/mars/pose_window/train_metadata.json,1013,a20edee651159eec162f8d6f45cf25e95d01464b41382fae690e439a3981c101
verification_files/by_experiment/02_classical_baselines/pose_baseline_rf_controlled/matrices_smoke/mars/pose_window/val_metadata.json,944,95b5a931e074dc58bff31379cb23ac1379bd00af50475eb7036c1f2ac652c153
verification_files/by_experiment/03_mobilenetv3_backbone/pose_training_logs/best_pose_map50.json,735,5fc9ec7ca932de352a69949d2ef69b39ff7b2b7432197dbe283d518a6de25e3c
verification_files/by_experiment/03_mobilenetv3_backbone/pose_training_logs/best_pose_map5095.json,733,a7c9cd881deb28c77f2b27c7135ef9849cce7165c0b781e8fba7eabdd8016638
verification_files/by_experiment/03_mobilenetv3_backbone/pose_training_logs/best_val_loss.json,734,ab859dcf0bff623002d72f16b1a0471a423ff1b5305a54bdc3626579a82d1ad3
verification_files/by_experiment/03_mobilenetv3_backbone/pose_training_logs/candidate_subset_pose_map5095.json,736,40f42d9581a86de33804cdd4c1a21656095a592f7f1348b785f3bc64f0d04dd3
verification_files/by_experiment/03_mobilenetv3_backbone/pose_training_logs/latest.json,733,a7c9cd881deb28c77f2b27c7135ef9849cce7165c0b781e8fba7eabdd8016638
verification_files/by_experiment/03_mobilenetv3_backbone/pose_training_logs/resolved_config.json,3626,e44ab879cd210125bff8fa3927f49de05ff2384a8a8bfd6fc0e5196f78eedde7
verification_files/by_experiment/03_mobilenetv3_backbone/pose_training_logs/training_log.csv,6997,dba968d04de171f2f213ee386c9bd328c429eec070f00b3adf26f68f57b16619
verification_files/by_experiment/03_mobilenetv3_backbone/release_mobilenetv3_backbone/provenance/pose_baseline_rf_config.mobilenetv3_native.frozen.yaml,1905,3520fb274aaa74eca812dab1269432b930e51469a81e9d661b4e457f165309df
verification_files/by_experiment/03_mobilenetv3_backbone/release_mobilenetv3_backbone/provenance/pose_baseline_rf_config.yolo_sppf.frozen.yaml,1770,a226713f71f5ce7674f697619ae4a9a4d98f7dffdb9206a3e5e24550f6f4cfaa
verification_files/by_experiment/04_dlc_hrnet_topdown/classifier_training/config.json,24963,583e45327996ee8a302562ea6f75d02569ff4a7a51b3e7dd27387a08b0cbd5e2
verification_files/by_experiment/04_dlc_hrnet_topdown/classifier_training/confusion_matrices.txt,8871,5e47de31fe1c96ad93eb665b4b4ad927d521796c6c1b5ff37d9d697ce73039ee
verification_files/by_experiment/04_dlc_hrnet_topdown/classifier_training/history.json,9652,7f6e5a3711ace4c77e480ea428b7b6e04e2b4296b7cb1755e6b5097e46ca7b8d
verification_files/by_experiment/04_dlc_hrnet_topdown/classifier_training/training_complete.json,840,60f67ac415f864ae199cc3917b29cc8c53415b644bbe91ecb16fa07f649759b5
verification_files/by_experiment/04_dlc_hrnet_topdown/classifier_training/training_log.csv,4124,f329311edc85e7da55bb5e3b02124a91955303871d71e309292860b00f84c5d3
verification_files/by_experiment/04_dlc_hrnet_topdown/heldout_eval/aggregate_summary.json,874,8cbdf609722a0a5a1f8d998cbddd60d890d68cf93f083d4377bfe1fa1a1fd110
verification_files/by_experiment/04_dlc_hrnet_topdown/heldout_eval/analysis_20260608/analysis_provenance.json,4807,61f87e4d9705f33584396ac64674ef556afcea532e626b937ffd7b50f20483cc
verification_files/by_experiment/04_dlc_hrnet_topdown/heldout_eval/analysis_20260608/DLC_HELDOUT_ANALYSIS_SUMMARY.md,2267,fdea3abc6250218d39c8f499e5b01199d8a2ffbaa80afe4f230c6605a39de53f
verification_files/by_experiment/04_dlc_hrnet_topdown/heldout_eval/analysis_20260608/tables/dlc_heldout_confusion_counts_raw.csv,154,ff5b3adb28adf50ff5bb167507110309c4e316887b94ceab1d500db6d06af269
verification_files/by_experiment/04_dlc_hrnet_topdown/heldout_eval/analysis_20260608/tables/dlc_heldout_confusion_recall_raw.csv,394,ec283c8e39d9eeda6daa2e0b6d1a377864c12d5541d0f88555e0c119bb14b3ea
verification_files/by_experiment/04_dlc_hrnet_topdown/heldout_eval/analysis_20260608/tables/dlc_heldout_per_class_summary.csv,4529,ded510a37d95ca96496ae48e88b299d20d4a74e593162326fedc1072f9d9e3d0
verification_files/by_experiment/04_dlc_hrnet_topdown/heldout_eval/analysis_20260608/tables/dlc_heldout_per_video_summary.csv,3036,bfc1fc8ae4728eff16dd0a900eb21e9733a0e5a49b8692a33b3839c413adc9ec
verification_files/by_experiment/04_dlc_hrnet_topdown/heldout_eval/analysis_20260608/tables/dlc_yolo_mobilenet_metric_comparison_summary.csv,1430,4dd522e598a238d970378fc82d78202977c3a3035923b2fc0da8601547c6ddd1
verification_files/by_experiment/04_dlc_hrnet_topdown/heldout_eval/analysis_20260608/tables/dlc_yolo_mobilenet_per_video_comparison_long.csv,25197,5b8563b6deb99fda44f31e1709335c397dc9b303e4de2141e3f18f12d26d3729
verification_files/by_experiment/04_dlc_hrnet_topdown/heldout_eval/bout_matches.csv,675882,140e70f05401dc80dc601f430951254d7fd1e4b0098339454d8af1de510773c3
verification_files/by_experiment/04_dlc_hrnet_topdown/heldout_eval/failures.csv,0,e3b0c44298fc1c149afbf4c8996fb92427ae41e4649b934ca495991b7852b855
verification_files/by_experiment/04_dlc_hrnet_topdown/heldout_eval/ground_truth_bouts.csv,191698,e44ecabbb50de8c6f0ff5aac430aa0b51d6434179c9190deefb1cf7cb6b8fa66
verification_files/by_experiment/04_dlc_hrnet_topdown/heldout_eval/manifest.csv,15357,a299eb0c931a534d19f87183249792c8076374b23b13f532ab668d0925a7cb67
verification_files/by_experiment/04_dlc_hrnet_topdown/heldout_eval/per_class_metrics.csv,54074,df34b371c8dc315c62746cad9ee6d028334f768ea88d3a3d11a1a8603eaf7cb9
verification_files/by_experiment/04_dlc_hrnet_topdown/heldout_eval/per_video_summary.csv,26881,570cb99e2104d233793273fe4cdaa26f2d32e61a64fd411c8b2fbfb99f2158ad
verification_files/by_experiment/04_dlc_hrnet_topdown/heldout_eval/predicted_bouts.csv,438633,dce51a098935ed36447a0e0821296f2e9ebb05fd0627a6c55c787d3cdf85bd56
verification_files/by_experiment/04_dlc_hrnet_topdown/logs/20260606_230204_00_localize_project_paths.log,178,931e33a1dcd7c199d01a5cbc60047d31f08b205dd7dc031e256f30d6f96af25a
verification_files/by_experiment/04_dlc_hrnet_topdown/logs/20260606_230205_01_dlc_superanimal_train.log,13766,6718f126327e709fe2009049b4933441dc6475bd4c9fef91fb857a9c4ca5ba83
verification_files/by_experiment/04_dlc_hrnet_topdown/logs/20260606_232530_00_localize_project_paths.log,178,931e33a1dcd7c199d01a5cbc60047d31f08b205dd7dc031e256f30d6f96af25a
verification_files/by_experiment/04_dlc_hrnet_topdown/logs/20260606_232530_01_dlc_superanimal_train.log,8600,591e5ba86d0f6fa989dc96ae90f51ce343de1b4cc1eae4e99260859443425e3b
verification_files/by_experiment/04_dlc_hrnet_topdown/logs/20260606_232753_00_localize_project_paths.log,178,931e33a1dcd7c199d01a5cbc60047d31f08b205dd7dc031e256f30d6f96af25a
verification_files/by_experiment/04_dlc_hrnet_topdown/logs/20260606_232844_00_localize_project_paths.log,178,931e33a1dcd7c199d01a5cbc60047d31f08b205dd7dc031e256f30d6f96af25a
verification_files/by_experiment/04_dlc_hrnet_topdown/logs/20260606_232844_01_dlc_superanimal_train.log,8998,a347436148e5ef8b065489010d2457b5bfd6f3cf0b8db629499788699c018be5
verification_files/by_experiment/04_dlc_hrnet_topdown/logs/20260606_233059_00_localize_project_paths.log,178,931e33a1dcd7c199d01a5cbc60047d31f08b205dd7dc031e256f30d6f96af25a
verification_files/by_experiment/04_dlc_hrnet_topdown/logs/20260606_233059_01_dlc_superanimal_train.log,423198,66b97bff8f6252bd1b7431b489e615d12d0fd19aa8643cc3ea7a9cd8dabfdd7e
verification_files/by_experiment/04_dlc_hrnet_topdown/logs/20260607_064250_00_localize_project_paths.log,178,931e33a1dcd7c199d01a5cbc60047d31f08b205dd7dc031e256f30d6f96af25a
verification_files/by_experiment/04_dlc_hrnet_topdown/logs/20260607_064250_01_dlc_superanimal_train.log,258684,5a0270835637f74c4d9f14d77d2b23612ada7066b959faedef7242e0af385382
verification_files/by_experiment/04_dlc_hrnet_topdown/logs/20260607_095547_dlc_topdown_npz.err.log,0,e3b0c44298fc1c149afbf4c8996fb92427ae41e4649b934ca495991b7852b855
verification_files/by_experiment/04_dlc_hrnet_topdown/logs/20260607_095547_dlc_topdown_npz.out.log,0,e3b0c44298fc1c149afbf4c8996fb92427ae41e4649b934ca495991b7852b855
verification_files/by_experiment/04_dlc_hrnet_topdown/logs/20260607_095618_dlc_topdown_npz.err.log,0,e3b0c44298fc1c149afbf4c8996fb92427ae41e4649b934ca495991b7852b855
verification_files/by_experiment/04_dlc_hrnet_topdown/logs/20260607_095618_dlc_topdown_npz.out.log,0,e3b0c44298fc1c149afbf4c8996fb92427ae41e4649b934ca495991b7852b855
verification_files/by_experiment/04_dlc_hrnet_topdown/logs/20260607_204156_02_dlc_topdown_hrnet_feature_cache.log,23992,b398a0411a809540326d35592581c41c80647f6c2dd16f7d0590e235e6a930b0
verification_files/by_experiment/04_dlc_hrnet_topdown/logs/20260607_230335_03_train_attention256.log,13782,7570ee5583037354e25ba61ecb04f528196033e49a3a74d794d7053d07394431
verification_files/by_experiment/04_dlc_hrnet_topdown/logs/20260607_233756_04_dlc_heldout_topdown_npz.log,100724,7bd153f748a31ef69863b94bc519ea868ffafde4fd5979af26560b39c59dabe5
verification_files/by_experiment/04_dlc_hrnet_topdown/logs/20260608_031756_05_dlc_heldout_hrnet_feature_cache.log,9602,992f402de6358e3682fca21f16490d92ff992f1ef11c2e3c74128ecd6a816da4
verification_files/by_experiment/04_dlc_hrnet_topdown/logs/20260608_041801_06_dlc_heldout_eval.log,533,5986b52fe8fdb3899ff6126e33a93875a37c98f07f1d02120f3a2f4990380bd4
verification_files/by_experiment/04_dlc_hrnet_topdown/metadata/build_summary.json,37761,ebb773cef59c6d55505b453c4c524855bdd9d6a2065061ed6e5123f12b39ef72
verification_files/by_experiment/04_dlc_hrnet_topdown/metadata/build_summary.original.json,37705,dd04d07a78475f60fad5e9b774e6df1fcdd2805b4161d083e08a72b8c12e9072
verification_files/by_experiment/04_dlc_hrnet_topdown/metadata/frame_manifest.csv,8034777,7befae0d4fb38b02d36e18e8202937b0909d609df67087f81da582baa3b555a2
verification_files/by_experiment/04_dlc_hrnet_topdown/pipeline_state/dlc_training/base_dataset.json,233,4f1839ffa54c3569522d602cf0635cc4c108eea8ad00848bf3bb84d084e46dcd
verification_files/by_experiment/04_dlc_hrnet_topdown/pipeline_state/dlc_training/convert.json,145,069e188a16df14a2641e3a5e7438ef4fefafebcac980673a4ba4cb21f8720485
verification_files/by_experiment/04_dlc_hrnet_topdown/pipeline_state/dlc_training/detector_train.json,2030,b66e7bf4fa80acb6d2ca891e79fcefc00daa91e537f07134c9f14b22e19faf45
verification_files/by_experiment/04_dlc_hrnet_topdown/pipeline_state/dlc_training/finetune_dataset.json,386,1eb18bd561098750cc67edf60d4b35643d0c529070f060dd1f826e41923f1c4a
verification_files/by_experiment/04_dlc_hrnet_topdown/pipeline_state/dlc_training/train.json,498,1fb8a3b10f4514f89997f7d3816504a4ca9704136b1236e8eebd633dffe57ab5
verification_files/by_experiment/04_dlc_hrnet_topdown/pipeline_state/dlc_training/train_progress.json,520,5b9be01a7eca812cdeacce225eeab4a89dac810333a1acc7dae2404c00f20cc0
verification_files/by_experiment/04_dlc_hrnet_topdown/reproducibility/README.md,2877,ea61123c7fe08adf0b16825035a5b26747a6170ad9404e3f4e6693c0f9b7973e
verification_files/by_experiment/05_descriptor_provenance/tables/visual_component_class_metrics.csv,3202,8f32a8b67848947552cf76cfd99a15aa564d729f70a3421671d01234e79a76b1
verification_files/by_experiment/05_descriptor_provenance/tables/visual_component_probe_summary.csv,2019,637001decf7821a91aaab9c9643de392f1ccd4112e5baeebb1577ea941076fb6
verification_files/by_experiment/05_descriptor_provenance/tables/visual_descriptor_linear_cka.csv,410,66afe5e013dcc89d75871397afd659f47cd5b7c611494cea152a9e1679f87fe8
verification_files/by_experiment/05_descriptor_provenance/tables/visual_descriptor_summary.csv,1006,41a20a5e2c6380ee9c38183995cd50f5dc1733c5791677cb149974122cf3f7ac
verification_files/by_experiment/05_descriptor_provenance/tables/visual_temporal_smoothness_by_class.csv,2699,fb688fa8e75c36b8d2a2dc4dc8fb4ac26e003429423bc8094eb071fc6b3a7a5e
verification_files/by_experiment/06_fly_v_fly/release_fly_v_fly_attention256_cw12_seed42/fly_adaptation_command_plan.json,7075,33dbdc0b198517bafb7264f9a1be49b1b0b1e245dc93e4d5aa1506f109ec4124
verification_files/by_experiment/06_fly_v_fly/release_fly_v_fly_attention256_cw12_seed42/fly_adaptation_command_plan.txt,3228,ecaa5de66f508d6342431c26270f5634180fa4a1c296df4e329d29503b7ebf6c
verification_files/by_experiment/06_fly_v_fly/release_fly_v_fly_attention256_cw12_seed42/fly_adaptation_suite_config.frozen.json,3751,0e8c2dbb64ac56c495145bb1270c1f687104b3ea9cc3e40b4d9f8498a9c5a11f
verification_files/by_experiment/07_deployment_and_gui/benchmarks/full_lstm256/rep01/aggregate_summary.json,926,22f7e479f49d310bc52f841d3914f6a67d17b3eb8059d969e7dc23bf0db5acac
verification_files/by_experiment/07_deployment_and_gui/benchmarks/full_lstm256/rep01/bout_matches.csv,112160,06f44e0a5815334ea2a27a0b34bd5525030440123e338c1d0bbaa8a05b7768f2
verification_files/by_experiment/07_deployment_and_gui/benchmarks/full_lstm256/rep01/failures.csv,0,e3b0c44298fc1c149afbf4c8996fb92427ae41e4649b934ca495991b7852b855
verification_files/by_experiment/07_deployment_and_gui/benchmarks/full_lstm256/rep01/ground_truth_bouts.csv,42517,bcc6e04a0495af69df6076cd323941bb76c23d1021dd2af8ad4c04287c85cb8b
verification_files/by_experiment/07_deployment_and_gui/benchmarks/full_lstm256/rep01/manifest.csv,4043,214e88ef0fbe52a54b61d66c21232ccc506c8b54e91ae834fa953cef69d14371
verification_files/by_experiment/07_deployment_and_gui/benchmarks/full_lstm256/rep01/per_class_metrics.csv,8222,2c49f538bef1a4096f10a8aaf413c4e16d6873517b8fdf6fb1a15c300f756d1e
verification_files/by_experiment/07_deployment_and_gui/benchmarks/full_lstm256/rep01/per_video_summary.csv,3909,b7cc4ff44d580272c3b54f2b7fe3b0c588c75d1fe9e5c7024b2180faf796ccd1
verification_files/by_experiment/07_deployment_and_gui/benchmarks/full_lstm256/rep01/predicted_bouts.csv,62092,4ddd537880e39cc8db266b80bcf512625a9f56103cffed78a40db4cd35d8fa97
verification_files/by_experiment/07_deployment_and_gui/benchmarks/full_lstm256/rep01/test_1/Mouse060_20160526_18-16-27/Mouse060_20160526_18-16-27.behavior.infer_meta.json,20737,262726210de4682f56238a8017ae73eee93ac5ac720784fdc52874a02acd9250
verification_files/by_experiment/07_deployment_and_gui/benchmarks/full_lstm256/rep01/test_1/Mouse060_20160526_18-16-27/Mouse060_20160526_18-16-27.behavior_metrics.csv,11723,4bb9ba80cecfbb51f2a9e92b8cafab0e77ae5af4f0ac7c0b3b310a5840e8919e
verification_files/by_experiment/07_deployment_and_gui/benchmarks/full_lstm256/rep01/test_1/Mouse061_20160526_18-38-49/Mouse061_20160526_18-38-49.behavior.infer_meta.json,20737,024f2b9356106b3a6250dbfa49a816174159e3a963e4808c6e3393c9ff4bcf61
verification_files/by_experiment/07_deployment_and_gui/benchmarks/full_lstm256/rep01/test_1/Mouse061_20160526_18-38-49/Mouse061_20160526_18-38-49.behavior_metrics.csv,9037,f26d65904ec9a16d536463aa98c0949e47e10675d0d674fb7e7dbd6341f31652
verification_files/by_experiment/07_deployment_and_gui/benchmarks/full_lstm256/rep01/test_1/Mouse062_20160526_18-56-26/Mouse062_20160526_18-56-26.behavior.infer_meta.json,20737,ca4d0b987666b2799e4bca4805bbdb3410f353e14f0671e8d445f655ddf6b2f5
verification_files/by_experiment/07_deployment_and_gui/benchmarks/full_lstm256/rep01/test_1/Mouse062_20160526_18-56-26/Mouse062_20160526_18-56-26.behavior_metrics.csv,9472,0d48a4ae7b54dd589d587e759570a40fcb46cedc4a4339677c6a5a1ab2154979
verification_files/by_experiment/07_deployment_and_gui/benchmarks/full_lstm256/rep01/test_1/Mouse063_20160526_19-14-46/Mouse063_20160526_19-14-46.behavior.infer_meta.json,20737,ea9ffd26a734c126dbdaa5da10a8089a1916bf01b05ad2b6ea8cd7276368d458
verification_files/by_experiment/07_deployment_and_gui/benchmarks/full_lstm256/rep01/test_1/Mouse063_20160526_19-14-46/Mouse063_20160526_19-14-46.behavior_metrics.csv,9476,20e7d71ce4182db4e42dda989a0280af59135f5792dabf80d1e02f6e4bcd3808
verification_files/by_experiment/07_deployment_and_gui/benchmarks/full_lstm256/rep01/test_1/Mouse069_20160709_16-02-03/Mouse069_20160709_16-02-03.behavior.infer_meta.json,20737,7561919d7d346dcb9d02d3bd7d88ae3017f8e01deaabfeca067e657f1d452804
verification_files/by_experiment/07_deployment_and_gui/benchmarks/full_lstm256/rep01/test_1/Mouse069_20160709_16-02-03/Mouse069_20160709_16-02-03.behavior_metrics.csv,9036,6870d28d8668452e89b1e6cc8e5b1e1bf135df363d13f5f65ae8ff74042688cd
verification_files/by_experiment/07_deployment_and_gui/benchmarks/full_lstm256/rep02/aggregate_summary.json,926,9d6a4113b9d01aff2f8a84d07c51b2b5b281004ef5addb03cf03113e9d178ef7
verification_files/by_experiment/07_deployment_and_gui/benchmarks/full_lstm256/rep02/bout_matches.csv,112160,06f44e0a5815334ea2a27a0b34bd5525030440123e338c1d0bbaa8a05b7768f2
verification_files/by_experiment/07_deployment_and_gui/benchmarks/full_lstm256/rep02/failures.csv,0,e3b0c44298fc1c149afbf4c8996fb92427ae41e4649b934ca495991b7852b855
verification_files/by_experiment/07_deployment_and_gui/benchmarks/full_lstm256/rep02/ground_truth_bouts.csv,42517,bcc6e04a0495af69df6076cd323941bb76c23d1021dd2af8ad4c04287c85cb8b
verification_files/by_experiment/07_deployment_and_gui/benchmarks/full_lstm256/rep02/manifest.csv,4043,a0696ee325fe857a081c9dd9fa05010d99e97ea069c14570f391e331f01a75db
verification_files/by_experiment/07_deployment_and_gui/benchmarks/full_lstm256/rep02/per_class_metrics.csv,8222,2c49f538bef1a4096f10a8aaf413c4e16d6873517b8fdf6fb1a15c300f756d1e
verification_files/by_experiment/07_deployment_and_gui/benchmarks/full_lstm256/rep02/per_video_summary.csv,3909,bd7463a94d3418fddd1742e25a5e73f22a1e1b5a346aa2da14a18b3ed581eaf6
verification_files/by_experiment/07_deployment_and_gui/benchmarks/full_lstm256/rep02/predicted_bouts.csv,62092,4ddd537880e39cc8db266b80bcf512625a9f56103cffed78a40db4cd35d8fa97
verification_files/by_experiment/07_deployment_and_gui/benchmarks/full_lstm256/rep02/test_1/Mouse060_20160526_18-16-27/Mouse060_20160526_18-16-27.behavior.infer_meta.json,20737,a77afdd95933fce0576c7ebc5b377c9b9b2077774b5bdc607b82c730176f81eb
verification_files/by_experiment/07_deployment_and_gui/benchmarks/full_lstm256/rep02/test_1/Mouse060_20160526_18-16-27/Mouse060_20160526_18-16-27.behavior_metrics.csv,11719,6878ab19e1574fb33d8a211937240aad11379a34caa1609674d487dc988bc09e
verification_files/by_experiment/07_deployment_and_gui/benchmarks/full_lstm256/rep02/test_1/Mouse061_20160526_18-38-49/Mouse061_20160526_18-38-49.behavior.infer_meta.json,20737,1fdc0f84b9bf7b90fc5f11fd0e20bce541814541a59934f1166b2be92da5fc3b
verification_files/by_experiment/07_deployment_and_gui/benchmarks/full_lstm256/rep02/test_1/Mouse061_20160526_18-38-49/Mouse061_20160526_18-38-49.behavior_metrics.csv,9033,4a31c29359be20ded9ab18b3da72020d205f08216b4db614d4a048634e67e888
verification_files/by_experiment/07_deployment_and_gui/benchmarks/full_lstm256/rep02/test_1/Mouse062_20160526_18-56-26/Mouse062_20160526_18-56-26.behavior.infer_meta.json,20737,45a1300e3968723102e73fbf07fed39d43696a90b2b454d75efe8c5f6dba9aa0
verification_files/by_experiment/07_deployment_and_gui/benchmarks/full_lstm256/rep02/test_1/Mouse062_20160526_18-56-26/Mouse062_20160526_18-56-26.behavior_metrics.csv,9473,6383e990400118cbc27173b6b195baa1b6a410efc264d5f9c8e35ca55857c648
verification_files/by_experiment/07_deployment_and_gui/benchmarks/full_lstm256/rep02/test_1/Mouse063_20160526_19-14-46/Mouse063_20160526_19-14-46.behavior.infer_meta.json,20737,d6668a481b149474ad1fe95b82c82e549730f18f7e00b4003c650ff99192b7d6
verification_files/by_experiment/07_deployment_and_gui/benchmarks/full_lstm256/rep02/test_1/Mouse063_20160526_19-14-46/Mouse063_20160526_19-14-46.behavior_metrics.csv,9487,39f7e890bdc1173538c1a4c37ec202c9ea3dd1e6be50bc22db5083e63477a58a
verification_files/by_experiment/07_deployment_and_gui/benchmarks/full_lstm256/rep02/test_1/Mouse069_20160709_16-02-03/Mouse069_20160709_16-02-03.behavior.infer_meta.json,20737,2f7926d249181c6b1fec38eb48aa0d0a3f4fd286eb53291a7dbd3473915b9bd6
verification_files/by_experiment/07_deployment_and_gui/benchmarks/full_lstm256/rep02/test_1/Mouse069_20160709_16-02-03/Mouse069_20160709_16-02-03.behavior_metrics.csv,9030,df15ec82bca57b174ca6efef29433d16a8f984e4d027e31419e47185840d800b
verification_files/by_experiment/07_deployment_and_gui/benchmarks/full_lstm256/rep03/aggregate_summary.json,926,bbf766ed7ca74d1c62d46f640e068b9b32c3935cba8953ac1a626034446fa526
verification_files/by_experiment/07_deployment_and_gui/benchmarks/full_lstm256/rep03/bout_matches.csv,112160,06f44e0a5815334ea2a27a0b34bd5525030440123e338c1d0bbaa8a05b7768f2
verification_files/by_experiment/07_deployment_and_gui/benchmarks/full_lstm256/rep03/failures.csv,0,e3b0c44298fc1c149afbf4c8996fb92427ae41e4649b934ca495991b7852b855
verification_files/by_experiment/07_deployment_and_gui/benchmarks/full_lstm256/rep03/ground_truth_bouts.csv,42517,bcc6e04a0495af69df6076cd323941bb76c23d1021dd2af8ad4c04287c85cb8b
verification_files/by_experiment/07_deployment_and_gui/benchmarks/full_lstm256/rep03/manifest.csv,4043,0c8d032b7bfe30b88063b81a9d3812548a62962066918fbcf533203296e569ae
verification_files/by_experiment/07_deployment_and_gui/benchmarks/full_lstm256/rep03/per_class_metrics.csv,8222,2c49f538bef1a4096f10a8aaf413c4e16d6873517b8fdf6fb1a15c300f756d1e
verification_files/by_experiment/07_deployment_and_gui/benchmarks/full_lstm256/rep03/per_video_summary.csv,3909,05e9b1fef5ecc5fe618327b31a2f1d0cff4ff5442092ec98e028926eb595edb3
verification_files/by_experiment/07_deployment_and_gui/benchmarks/full_lstm256/rep03/predicted_bouts.csv,62092,4ddd537880e39cc8db266b80bcf512625a9f56103cffed78a40db4cd35d8fa97
verification_files/by_experiment/07_deployment_and_gui/benchmarks/full_lstm256/rep03/test_1/Mouse060_20160526_18-16-27/Mouse060_20160526_18-16-27.behavior.infer_meta.json,20737,92507947171f58b6447b669d1d4cc653b22ecb92ae6b058fd67601626293af45
verification_files/by_experiment/07_deployment_and_gui/benchmarks/full_lstm256/rep03/test_1/Mouse060_20160526_18-16-27/Mouse060_20160526_18-16-27.behavior_metrics.csv,11723,6b1a6b0fb5f5b8c09326b4fb57e2c36ec9b06a8e2165c8e6f0e2aa398a17d3bb
verification_files/by_experiment/07_deployment_and_gui/benchmarks/full_lstm256/rep03/test_1/Mouse061_20160526_18-38-49/Mouse061_20160526_18-38-49.behavior.infer_meta.json,20737,f6956ad7f0c0a3e705ad92c112497e822976807f0d732ccb4a4bfafe6559413b
verification_files/by_experiment/07_deployment_and_gui/benchmarks/full_lstm256/rep03/test_1/Mouse061_20160526_18-38-49/Mouse061_20160526_18-38-49.behavior_metrics.csv,9035,6038bdeb769ebe42c658d54b6d2604752391750af7636c46e2c09933653e6317
verification_files/by_experiment/07_deployment_and_gui/benchmarks/full_lstm256/rep03/test_1/Mouse062_20160526_18-56-26/Mouse062_20160526_18-56-26.behavior.infer_meta.json,20737,7a4ddb3e5efdbf6a019fb8fdd5a7eb7b07121bd61507640ca028c0b97bde1324
verification_files/by_experiment/07_deployment_and_gui/benchmarks/full_lstm256/rep03/test_1/Mouse062_20160526_18-56-26/Mouse062_20160526_18-56-26.behavior_metrics.csv,9482,77c2012a1e558f92ea62da0d139ded0a14ecff7b11947cfc791411a8b4fcdf8a
verification_files/by_experiment/07_deployment_and_gui/benchmarks/full_lstm256/rep03/test_1/Mouse063_20160526_19-14-46/Mouse063_20160526_19-14-46.behavior.infer_meta.json,20737,58ad7aacafe02ccc543d8b46301b73a99e24e85baefcfe47eb9084e642df4d16
verification_files/by_experiment/07_deployment_and_gui/benchmarks/full_lstm256/rep03/test_1/Mouse063_20160526_19-14-46/Mouse063_20160526_19-14-46.behavior_metrics.csv,9474,ee8993b926bd16ed040d53333ed802b3c89c837cfabe8a722526bea1ba438bda
verification_files/by_experiment/07_deployment_and_gui/benchmarks/full_lstm256/rep03/test_1/Mouse069_20160709_16-02-03/Mouse069_20160709_16-02-03.behavior.infer_meta.json,20737,232b44436642eee61758ce3f169ffe2e1b1424c7430fa4918be365283c4710e9
verification_files/by_experiment/07_deployment_and_gui/benchmarks/full_lstm256/rep03/test_1/Mouse069_20160709_16-02-03/Mouse069_20160709_16-02-03.behavior_metrics.csv,9023,6c869dc07d46f611af5f889cd0667e921745e8ba8fed0093f9a22302a9f9d9f2
verification_files/by_experiment/07_deployment_and_gui/benchmarks/full_lstm896/rep01/aggregate_summary.json,926,f5776c8c7082b7e01edc7b86f100784a68a9038806cab042ad2f6ed4a6abb9db
verification_files/by_experiment/07_deployment_and_gui/benchmarks/full_lstm896/rep01/bout_matches.csv,107897,d5ed6e1b37d6653331ad1ceee02d3f3f27f76b03a659cdb9b623dde9b9cb366d
verification_files/by_experiment/07_deployment_and_gui/benchmarks/full_lstm896/rep01/failures.csv,0,e3b0c44298fc1c149afbf4c8996fb92427ae41e4649b934ca495991b7852b855
verification_files/by_experiment/07_deployment_and_gui/benchmarks/full_lstm896/rep01/ground_truth_bouts.csv,42517,bcc6e04a0495af69df6076cd323941bb76c23d1021dd2af8ad4c04287c85cb8b
verification_files/by_experiment/07_deployment_and_gui/benchmarks/full_lstm896/rep01/manifest.csv,4043,bd84647b6674168caa6d92ad859d2e877136c90a11de61cb1cf291281bb89a67
verification_files/by_experiment/07_deployment_and_gui/benchmarks/full_lstm896/rep01/per_class_metrics.csv,8335,dff3f9c79231a73f45859e1805c68f5376e640ac52c60a2875e7a15395b2cba2
verification_files/by_experiment/07_deployment_and_gui/benchmarks/full_lstm896/rep01/per_video_summary.csv,3910,abc57325e9026f8c8d2accff4c5688ad0c4ecb999fefc38dd70f7feffc1dd599
verification_files/by_experiment/07_deployment_and_gui/benchmarks/full_lstm896/rep01/predicted_bouts.csv,67994,c90dfdf5c66ae5fd3d3c413b8b6465fe83ef275574b5f5bcbfdb23116e9eb591
verification_files/by_experiment/07_deployment_and_gui/benchmarks/full_lstm896/rep01/test_1/Mouse060_20160526_18-16-27/Mouse060_20160526_18-16-27.behavior.infer_meta.json,20674,abd63eba4720d536fb54ca65d3b1de3899fa169cd2b3c3d348d8963b0cc898b0
verification_files/by_experiment/07_deployment_and_gui/benchmarks/full_lstm896/rep01/test_1/Mouse060_20160526_18-16-27/Mouse060_20160526_18-16-27.behavior_metrics.csv,11720,19e0c5eb260be2ac5908dcfdad9d1126ceb20ffb51ef5c1781a794ca2ca9ae9e
verification_files/by_experiment/07_deployment_and_gui/benchmarks/full_lstm896/rep01/test_1/Mouse061_20160526_18-38-49/Mouse061_20160526_18-38-49.behavior.infer_meta.json,20674,32f5edc1db5311f7f236a87841867dce0853bd3f4f813bc3347621ba283705c9
verification_files/by_experiment/07_deployment_and_gui/benchmarks/full_lstm896/rep01/test_1/Mouse061_20160526_18-38-49/Mouse061_20160526_18-38-49.behavior_metrics.csv,9021,4bee7552b5689dfec856d71cd4afdd201de9909fd518ccb9345a0d145bb4c3b7
verification_files/by_experiment/07_deployment_and_gui/benchmarks/full_lstm896/rep01/test_1/Mouse062_20160526_18-56-26/Mouse062_20160526_18-56-26.behavior.infer_meta.json,20674,52cb9d0185c5b561f9dc240773d00a3843b51c3d51ff8b4780c4de23adfd30ff
verification_files/by_experiment/07_deployment_and_gui/benchmarks/full_lstm896/rep01/test_1/Mouse062_20160526_18-56-26/Mouse062_20160526_18-56-26.behavior_metrics.csv,9482,f38f929dab179451995640ee5d3509b3fdbf876186338c40610e8a9bedba297e
verification_files/by_experiment/07_deployment_and_gui/benchmarks/full_lstm896/rep01/test_1/Mouse063_20160526_19-14-46/Mouse063_20160526_19-14-46.behavior.infer_meta.json,20674,c99a6eda17dc8b83f0da3f9bbcc4074fd6316f7483aa5a72b0d1a6bfad16bdab
verification_files/by_experiment/07_deployment_and_gui/benchmarks/full_lstm896/rep01/test_1/Mouse063_20160526_19-14-46/Mouse063_20160526_19-14-46.behavior_metrics.csv,9480,c959c88d2d5adc65915ca4d83702f91f53d7841573a450c8e8627cb802194de6
verification_files/by_experiment/07_deployment_and_gui/benchmarks/full_lstm896/rep01/test_1/Mouse069_20160709_16-02-03/Mouse069_20160709_16-02-03.behavior.infer_meta.json,20674,235c5a68c9b5b465f08038d187ac1f128e9edce5573788195f974ab16b5b953c
verification_files/by_experiment/07_deployment_and_gui/benchmarks/full_lstm896/rep01/test_1/Mouse069_20160709_16-02-03/Mouse069_20160709_16-02-03.behavior_metrics.csv,9030,1abc984b22f185ffe16e23416bfaaca9ab47e3eff3ca0efb8e9b062f41eb7dd1
verification_files/by_experiment/07_deployment_and_gui/benchmarks/full_lstm896/rep02/aggregate_summary.json,926,f74f679ef8fba546c21f41429afb5494809fd719b31bb9ecc0c29fb2cfbf22f7
verification_files/by_experiment/07_deployment_and_gui/benchmarks/full_lstm896/rep02/bout_matches.csv,107897,d5ed6e1b37d6653331ad1ceee02d3f3f27f76b03a659cdb9b623dde9b9cb366d
verification_files/by_experiment/07_deployment_and_gui/benchmarks/full_lstm896/rep02/failures.csv,0,e3b0c44298fc1c149afbf4c8996fb92427ae41e4649b934ca495991b7852b855
verification_files/by_experiment/07_deployment_and_gui/benchmarks/full_lstm896/rep02/ground_truth_bouts.csv,42517,bcc6e04a0495af69df6076cd323941bb76c23d1021dd2af8ad4c04287c85cb8b
verification_files/by_experiment/07_deployment_and_gui/benchmarks/full_lstm896/rep02/manifest.csv,4043,015bd622c12def4e33f7754133b1a9b84b98dd1469f87339c96fd6d843ed4c32
verification_files/by_experiment/07_deployment_and_gui/benchmarks/full_lstm896/rep02/per_class_metrics.csv,8335,dff3f9c79231a73f45859e1805c68f5376e640ac52c60a2875e7a15395b2cba2
verification_files/by_experiment/07_deployment_and_gui/benchmarks/full_lstm896/rep02/per_video_summary.csv,3910,bc4b0ba049724a3d5bd830ff8401b7dc5e06fbccb1622365d80fc468b37ffb6f
verification_files/by_experiment/07_deployment_and_gui/benchmarks/full_lstm896/rep02/predicted_bouts.csv,67994,c90dfdf5c66ae5fd3d3c413b8b6465fe83ef275574b5f5bcbfdb23116e9eb591
verification_files/by_experiment/07_deployment_and_gui/benchmarks/full_lstm896/rep02/test_1/Mouse060_20160526_18-16-27/Mouse060_20160526_18-16-27.behavior.infer_meta.json,20674,79c5096e7850cd582ee78cc038ef3ae43a3800b79438eb2f517d409e9ccea3f2
verification_files/by_experiment/07_deployment_and_gui/benchmarks/full_lstm896/rep02/test_1/Mouse060_20160526_18-16-27/Mouse060_20160526_18-16-27.behavior_metrics.csv,11717,e119ed4a590092d837e27c651d4b698162cbbfb20b936e1b5373f5ee2121804d
verification_files/by_experiment/07_deployment_and_gui/benchmarks/full_lstm896/rep02/test_1/Mouse061_20160526_18-38-49/Mouse061_20160526_18-38-49.behavior.infer_meta.json,20674,e30a9174774bc3bbccdc24b44de2c2cf5aaa0679d15bcc45ca02653964782f5a
verification_files/by_experiment/07_deployment_and_gui/benchmarks/full_lstm896/rep02/test_1/Mouse061_20160526_18-38-49/Mouse061_20160526_18-38-49.behavior_metrics.csv,9027,562f055b174a16f6294e7f74c3bc9b9956e789e7d0d16a11264e81e4b2701499
verification_files/by_experiment/07_deployment_and_gui/benchmarks/full_lstm896/rep02/test_1/Mouse062_20160526_18-56-26/Mouse062_20160526_18-56-26.behavior.infer_meta.json,20674,410d04954517346686f32c3aaaf53622f85c01a4688e5b5dcbf62e1bbcf13f05
verification_files/by_experiment/07_deployment_and_gui/benchmarks/full_lstm896/rep02/test_1/Mouse062_20160526_18-56-26/Mouse062_20160526_18-56-26.behavior_metrics.csv,9473,3689b7540be4caa1f062e5663ead118063cc82c006f5a9580d4c3e24d80d9bde
verification_files/by_experiment/07_deployment_and_gui/benchmarks/full_lstm896/rep02/test_1/Mouse063_20160526_19-14-46/Mouse063_20160526_19-14-46.behavior.infer_meta.json,20674,2311239f8a86772a3e91cf030a8c5ef40d05cb65985898ef97a6b16bb524207c
verification_files/by_experiment/07_deployment_and_gui/benchmarks/full_lstm896/rep02/test_1/Mouse063_20160526_19-14-46/Mouse063_20160526_19-14-46.behavior_metrics.csv,9477,54eb3fb2f6a1770c43bd16a0f7a5fdf380bb89a01182909bc09d89735364f40c
verification_files/by_experiment/07_deployment_and_gui/benchmarks/full_lstm896/rep02/test_1/Mouse069_20160709_16-02-03/Mouse069_20160709_16-02-03.behavior.infer_meta.json,20674,d7f485ee451955c004d0e07eff12fc3ba506c8b6728578d6fd226a86fefe291f
verification_files/by_experiment/07_deployment_and_gui/benchmarks/full_lstm896/rep02/test_1/Mouse069_20160709_16-02-03/Mouse069_20160709_16-02-03.behavior_metrics.csv,9027,c2f5e67f7d3d57fcb64d0472dd2dd4714c8fe604da487a39104656872ec5bf85
verification_files/by_experiment/07_deployment_and_gui/benchmarks/full_lstm896/rep03/aggregate_summary.json,926,528e158c88b89613e670da5d752a5a41147f66ec434fcc1838c9866ed1f47524
verification_files/by_experiment/07_deployment_and_gui/benchmarks/full_lstm896/rep03/bout_matches.csv,107897,d5ed6e1b37d6653331ad1ceee02d3f3f27f76b03a659cdb9b623dde9b9cb366d
verification_files/by_experiment/07_deployment_and_gui/benchmarks/full_lstm896/rep03/failures.csv,0,e3b0c44298fc1c149afbf4c8996fb92427ae41e4649b934ca495991b7852b855
verification_files/by_experiment/07_deployment_and_gui/benchmarks/full_lstm896/rep03/ground_truth_bouts.csv,42517,bcc6e04a0495af69df6076cd323941bb76c23d1021dd2af8ad4c04287c85cb8b
verification_files/by_experiment/07_deployment_and_gui/benchmarks/full_lstm896/rep03/manifest.csv,4043,7959fde37b6a33bb71c9b83aa9c2e0ea611726131b12f0195772b58213af894e
verification_files/by_experiment/07_deployment_and_gui/benchmarks/full_lstm896/rep03/per_class_metrics.csv,8335,dff3f9c79231a73f45859e1805c68f5376e640ac52c60a2875e7a15395b2cba2
verification_files/by_experiment/07_deployment_and_gui/benchmarks/full_lstm896/rep03/per_video_summary.csv,3910,f945f0e6eee01ef9d58086f5fae07fdc3eea2c5c88bfc424102f66b50135483e
verification_files/by_experiment/07_deployment_and_gui/benchmarks/full_lstm896/rep03/predicted_bouts.csv,67994,c90dfdf5c66ae5fd3d3c413b8b6465fe83ef275574b5f5bcbfdb23116e9eb591
verification_files/by_experiment/07_deployment_and_gui/benchmarks/full_lstm896/rep03/test_1/Mouse060_20160526_18-16-27/Mouse060_20160526_18-16-27.behavior.infer_meta.json,20674,90a3c174bfa9313080badc98e8c6f8ebaae436460424b096d4e68d4a87977217
verification_files/by_experiment/07_deployment_and_gui/benchmarks/full_lstm896/rep03/test_1/Mouse060_20160526_18-16-27/Mouse060_20160526_18-16-27.behavior_metrics.csv,11724,228cd522ff350015f78e38dedd448100630837ada14b3515c0624df6d77e24fc
verification_files/by_experiment/07_deployment_and_gui/benchmarks/full_lstm896/rep03/test_1/Mouse061_20160526_18-38-49/Mouse061_20160526_18-38-49.behavior.infer_meta.json,20674,19a1d3aada16e3fbe62c76da62901271e52b75867755e7c423ee9173f079f6e7
verification_files/by_experiment/07_deployment_and_gui/benchmarks/full_lstm896/rep03/test_1/Mouse061_20160526_18-38-49/Mouse061_20160526_18-38-49.behavior_metrics.csv,9025,05b136d5557e86eca7929af86191c2b55982ca767478c2977a89656f17732998
verification_files/by_experiment/07_deployment_and_gui/benchmarks/full_lstm896/rep03/test_1/Mouse062_20160526_18-56-26/Mouse062_20160526_18-56-26.behavior.infer_meta.json,20674,db58c3c457b40ea53972012c67c7a79214b7b0f05dda2538b5180cd75284a10d
verification_files/by_experiment/07_deployment_and_gui/benchmarks/full_lstm896/rep03/test_1/Mouse062_20160526_18-56-26/Mouse062_20160526_18-56-26.behavior_metrics.csv,9479,60a60f6b96290a2abfa23c2c6d244eb90bfa3aaecd4280178391225d651d05e2
verification_files/by_experiment/07_deployment_and_gui/benchmarks/full_lstm896/rep03/test_1/Mouse063_20160526_19-14-46/Mouse063_20160526_19-14-46.behavior.infer_meta.json,20674,88c25f6f9811fd88f007efa0acf1065f9fa4c402c3f18984e40947d17dfd3397
verification_files/by_experiment/07_deployment_and_gui/benchmarks/full_lstm896/rep03/test_1/Mouse063_20160526_19-14-46/Mouse063_20160526_19-14-46.behavior_metrics.csv,9475,de2ba1a9ce1c85d21af56f013998137d39db0bcc2c798eafa59ee2573db99ac3
verification_files/by_experiment/07_deployment_and_gui/benchmarks/full_lstm896/rep03/test_1/Mouse069_20160709_16-02-03/Mouse069_20160709_16-02-03.behavior.infer_meta.json,20674,9f457f071fb4a16b61c5c2672d8b38927b8e96e2d419664e14de5c142073b4b2
verification_files/by_experiment/07_deployment_and_gui/benchmarks/full_lstm896/rep03/test_1/Mouse069_20160709_16-02-03/Mouse069_20160709_16-02-03.behavior_metrics.csv,9036,2eda1f6ddd29785ef5fc085cb6da40b7da097830146fc64b6fe683c56eeeb4a9
verification_files/by_experiment/07_deployment_and_gui/benchmarks/GPU_UTILIZATION_NOTE.txt,640,1d20ae691a98e229ac88d352ef607fbcf273fb3ed0fe808742387e574d757d77
verification_files/by_experiment/07_deployment_and_gui/benchmarks/no_group_visual_lstm512/rep01/aggregate_summary.json,1003,e453ad81d8dd02fca181bf8cb85ed755d0c52c59967733b497951abc99b8ee17
verification_files/by_experiment/07_deployment_and_gui/benchmarks/no_group_visual_lstm512/rep01/bout_matches.csv,109337,57ea100379ae71bb1f54373e7f40d8862e2fc971657dbf0503b484a18d29dd67
verification_files/by_experiment/07_deployment_and_gui/benchmarks/no_group_visual_lstm512/rep01/failures.csv,0,e3b0c44298fc1c149afbf4c8996fb92427ae41e4649b934ca495991b7852b855
verification_files/by_experiment/07_deployment_and_gui/benchmarks/no_group_visual_lstm512/rep01/ground_truth_bouts.csv,42517,bcc6e04a0495af69df6076cd323941bb76c23d1021dd2af8ad4c04287c85cb8b
verification_files/by_experiment/07_deployment_and_gui/benchmarks/no_group_visual_lstm512/rep01/manifest.csv,4263,bb7362d4feae7dd879ab4efb10b34ff25026d64f6497fe16af9fdb4e64632693
verification_files/by_experiment/07_deployment_and_gui/benchmarks/no_group_visual_lstm512/rep01/per_class_metrics.csv,8441,d34fe900bad6be846f42f9857f7e356be2365502d999a110c2138687ae50bfaf
verification_files/by_experiment/07_deployment_and_gui/benchmarks/no_group_visual_lstm512/rep01/per_video_summary.csv,4003,823b1e376fd6a099acffddab388332276f866f39d4c4ccb437bc902b2ccc89e1
verification_files/by_experiment/07_deployment_and_gui/benchmarks/no_group_visual_lstm512/rep01/predicted_bouts.csv,63779,6f7327ddbcd52287bebcce03da413eef9938c10608296451f0b298595912b7a6
verification_files/by_experiment/07_deployment_and_gui/benchmarks/no_group_visual_lstm512/rep01/test_1/Mouse060_20160526_18-16-27/Mouse060_20160526_18-16-27.behavior.infer_meta.json,20702,bfc16e30476776109cf1c9aa8aa8e847ff199ad98f762ffdf2c271e32ad900a6
verification_files/by_experiment/07_deployment_and_gui/benchmarks/no_group_visual_lstm512/rep01/test_1/Mouse060_20160526_18-16-27/Mouse060_20160526_18-16-27.behavior_metrics.csv,12290,b471710faabfe64aa50c4478ef0cc7dafeb613277ad2bf8e2527114b4be1c37b
verification_files/by_experiment/07_deployment_and_gui/benchmarks/no_group_visual_lstm512/rep01/test_1/Mouse061_20160526_18-38-49/Mouse061_20160526_18-38-49.behavior.infer_meta.json,20702,90962b57af82fce13be3a047a62d84a4910f670e5d014c4e2dace3f921734e43
verification_files/by_experiment/07_deployment_and_gui/benchmarks/no_group_visual_lstm512/rep01/test_1/Mouse061_20160526_18-38-49/Mouse061_20160526_18-38-49.behavior_metrics.csv,9463,4a6aac0d6a38e306dcdc9df03d8f99012df16f39c3ec8d6b2bf04f73ae6d4fa1
verification_files/by_experiment/07_deployment_and_gui/benchmarks/no_group_visual_lstm512/rep01/test_1/Mouse062_20160526_18-56-26/Mouse062_20160526_18-56-26.behavior.infer_meta.json,20702,475a9fc1d286f2c2eb36e4888e8d741eed0fcfdc12861ecf9cb2ed56efe18267
verification_files/by_experiment/07_deployment_and_gui/benchmarks/no_group_visual_lstm512/rep01/test_1/Mouse062_20160526_18-56-26/Mouse062_20160526_18-56-26.behavior_metrics.csv,9932,2868b22a27043d6dc2b8a778ca23758c1ef0fe90dd328e45f2d421cbeed6d8e3
verification_files/by_experiment/07_deployment_and_gui/benchmarks/no_group_visual_lstm512/rep01/test_1/Mouse063_20160526_19-14-46/Mouse063_20160526_19-14-46.behavior.infer_meta.json,20702,ed07230a94d1affb0105cd041ad4f9f6fc5926a4a0ce721acdb7e48e9f0395a3
verification_files/by_experiment/07_deployment_and_gui/benchmarks/no_group_visual_lstm512/rep01/test_1/Mouse063_20160526_19-14-46/Mouse063_20160526_19-14-46.behavior_metrics.csv,9933,3a60fc4615b6e25f812bfec8b09fe843aaa5e767e6058805c6beef6fd72701a1
verification_files/by_experiment/07_deployment_and_gui/benchmarks/no_group_visual_lstm512/rep01/test_1/Mouse069_20160709_16-02-03/Mouse069_20160709_16-02-03.behavior.infer_meta.json,20702,e741b16942c2a2b36fb7c810aa8ceeb4e23f1ebd8c702bfc6732857b1764738c
verification_files/by_experiment/07_deployment_and_gui/benchmarks/no_group_visual_lstm512/rep01/test_1/Mouse069_20160709_16-02-03/Mouse069_20160709_16-02-03.behavior_metrics.csv,9454,d3bddffb2294d619c37553cd59e61689753ed96b2944c8f98d775d3361b5bb02
verification_files/by_experiment/07_deployment_and_gui/benchmarks/no_group_visual_lstm512/rep02/aggregate_summary.json,1003,a318411b0db0d94c6dc51f7864e5c72e85d00424c75736c09316f999dd1f1f6f
verification_files/by_experiment/07_deployment_and_gui/benchmarks/no_group_visual_lstm512/rep02/bout_matches.csv,109337,57ea100379ae71bb1f54373e7f40d8862e2fc971657dbf0503b484a18d29dd67
verification_files/by_experiment/07_deployment_and_gui/benchmarks/no_group_visual_lstm512/rep02/failures.csv,0,e3b0c44298fc1c149afbf4c8996fb92427ae41e4649b934ca495991b7852b855
verification_files/by_experiment/07_deployment_and_gui/benchmarks/no_group_visual_lstm512/rep02/ground_truth_bouts.csv,42517,bcc6e04a0495af69df6076cd323941bb76c23d1021dd2af8ad4c04287c85cb8b
verification_files/by_experiment/07_deployment_and_gui/benchmarks/no_group_visual_lstm512/rep02/manifest.csv,4263,afec76b76e64141585e94e6df0ff0d333657419779e7997c3769b30e18a22696
verification_files/by_experiment/07_deployment_and_gui/benchmarks/no_group_visual_lstm512/rep02/per_class_metrics.csv,8441,d34fe900bad6be846f42f9857f7e356be2365502d999a110c2138687ae50bfaf
verification_files/by_experiment/07_deployment_and_gui/benchmarks/no_group_visual_lstm512/rep02/per_video_summary.csv,4003,93462d61dca1dba13da550a6aed0a3ce198b409f549c5bbb99425098a786753e
verification_files/by_experiment/07_deployment_and_gui/benchmarks/no_group_visual_lstm512/rep02/predicted_bouts.csv,63779,6f7327ddbcd52287bebcce03da413eef9938c10608296451f0b298595912b7a6
verification_files/by_experiment/07_deployment_and_gui/benchmarks/no_group_visual_lstm512/rep02/test_1/Mouse060_20160526_18-16-27/Mouse060_20160526_18-16-27.behavior.infer_meta.json,20702,f50f5546691f00d854dfdf5e255d4960e4b6d49fb09ec9f244b3b553e97f559a
verification_files/by_experiment/07_deployment_and_gui/benchmarks/no_group_visual_lstm512/rep02/test_1/Mouse060_20160526_18-16-27/Mouse060_20160526_18-16-27.behavior_metrics.csv,12283,ff0de83f4acd33bdede1ed75e338b35faae2cd50c8f17601cea2223402b33f80
verification_files/by_experiment/07_deployment_and_gui/benchmarks/no_group_visual_lstm512/rep02/test_1/Mouse061_20160526_18-38-49/Mouse061_20160526_18-38-49.behavior.infer_meta.json,20702,992842625258bfab03400142d06d8a038e97564bd0af95d71c9cd645198553a8
verification_files/by_experiment/07_deployment_and_gui/benchmarks/no_group_visual_lstm512/rep02/test_1/Mouse061_20160526_18-38-49/Mouse061_20160526_18-38-49.behavior_metrics.csv,9451,49c45dcf8b2f464bbc69e44f72463eb231fb033f000103d8f0ced67176b079ff
verification_files/by_experiment/07_deployment_and_gui/benchmarks/no_group_visual_lstm512/rep02/test_1/Mouse062_20160526_18-56-26/Mouse062_20160526_18-56-26.behavior.infer_meta.json,20702,94c00e3b8b475ff5a5a90398c1312be45bb3e0a1dd751d43bed2e1a60c016dc7
verification_files/by_experiment/07_deployment_and_gui/benchmarks/no_group_visual_lstm512/rep02/test_1/Mouse062_20160526_18-56-26/Mouse062_20160526_18-56-26.behavior_metrics.csv,9921,7137802dcee596111427f2bdbcca53bf0789bc1cdd6696cd0663a436dd19efc8
verification_files/by_experiment/07_deployment_and_gui/benchmarks/no_group_visual_lstm512/rep02/test_1/Mouse063_20160526_19-14-46/Mouse063_20160526_19-14-46.behavior.infer_meta.json,20702,4116ecc4fee887aa3b6810c91b22e52406e0c3c65cdffb752383874f81eba654
verification_files/by_experiment/07_deployment_and_gui/benchmarks/no_group_visual_lstm512/rep02/test_1/Mouse063_20160526_19-14-46/Mouse063_20160526_19-14-46.behavior_metrics.csv,9932,f65c107d094f9d2b234b40cd01eceeebfb30e1a91c5239f426eddea82e4c9d2f
verification_files/by_experiment/07_deployment_and_gui/benchmarks/no_group_visual_lstm512/rep02/test_1/Mouse069_20160709_16-02-03/Mouse069_20160709_16-02-03.behavior.infer_meta.json,20702,9079b58f95c3e431ed50a7fee5fe360fac69108cf53f7c31b6ab1c9f967c6d56
verification_files/by_experiment/07_deployment_and_gui/benchmarks/no_group_visual_lstm512/rep02/test_1/Mouse069_20160709_16-02-03/Mouse069_20160709_16-02-03.behavior_metrics.csv,9455,0303df6845403a3f791857235418382fea4d2b42823f01c9b316fb7ce01aec78
verification_files/by_experiment/07_deployment_and_gui/benchmarks/no_group_visual_lstm512/rep03/aggregate_summary.json,1003,b38a11ddd885719f1c82cc0445239ff1319ae2bf9486a560c73cd43f35436b0d
verification_files/by_experiment/07_deployment_and_gui/benchmarks/no_group_visual_lstm512/rep03/bout_matches.csv,109337,57ea100379ae71bb1f54373e7f40d8862e2fc971657dbf0503b484a18d29dd67
verification_files/by_experiment/07_deployment_and_gui/benchmarks/no_group_visual_lstm512/rep03/failures.csv,0,e3b0c44298fc1c149afbf4c8996fb92427ae41e4649b934ca495991b7852b855
verification_files/by_experiment/07_deployment_and_gui/benchmarks/no_group_visual_lstm512/rep03/ground_truth_bouts.csv,42517,bcc6e04a0495af69df6076cd323941bb76c23d1021dd2af8ad4c04287c85cb8b
verification_files/by_experiment/07_deployment_and_gui/benchmarks/no_group_visual_lstm512/rep03/manifest.csv,4263,00beb26318ed4087320b02b8058b2fde0a85ebe9c0efadb61062c2d3e73685d2
verification_files/by_experiment/07_deployment_and_gui/benchmarks/no_group_visual_lstm512/rep03/per_class_metrics.csv,8441,d34fe900bad6be846f42f9857f7e356be2365502d999a110c2138687ae50bfaf
verification_files/by_experiment/07_deployment_and_gui/benchmarks/no_group_visual_lstm512/rep03/per_video_summary.csv,4003,9b7cdd72c68b56330cf39e6b8c8d5ae785c79990fffbc377cf72df5c94e88eed
verification_files/by_experiment/07_deployment_and_gui/benchmarks/no_group_visual_lstm512/rep03/predicted_bouts.csv,63779,6f7327ddbcd52287bebcce03da413eef9938c10608296451f0b298595912b7a6
verification_files/by_experiment/07_deployment_and_gui/benchmarks/no_group_visual_lstm512/rep03/test_1/Mouse060_20160526_18-16-27/Mouse060_20160526_18-16-27.behavior.infer_meta.json,20702,2151a8b4f1411ba0ea2dc2dc44fbd7e681740475b10874ea27696469e22617a0
verification_files/by_experiment/07_deployment_and_gui/benchmarks/no_group_visual_lstm512/rep03/test_1/Mouse060_20160526_18-16-27/Mouse060_20160526_18-16-27.behavior_metrics.csv,12273,fa3e1f8d4b9deace0b15f27208293ede131ed8ebd4b66fcfe6a1dd7051dfff8c
verification_files/by_experiment/07_deployment_and_gui/benchmarks/no_group_visual_lstm512/rep03/test_1/Mouse061_20160526_18-38-49/Mouse061_20160526_18-38-49.behavior.infer_meta.json,20702,5da8547aaa2efe9fe4a55b8073100fc281d649e0da738b9ea6ae6a4fac349628
verification_files/by_experiment/07_deployment_and_gui/benchmarks/no_group_visual_lstm512/rep03/test_1/Mouse061_20160526_18-38-49/Mouse061_20160526_18-38-49.behavior_metrics.csv,9456,61dbf75bd1d154bd281cb483d65e5c3b9df3f034aa4973e663973f21e5e97d1a
verification_files/by_experiment/07_deployment_and_gui/benchmarks/no_group_visual_lstm512/rep03/test_1/Mouse062_20160526_18-56-26/Mouse062_20160526_18-56-26.behavior.infer_meta.json,20702,8f55b06cb330d6034b0974eff0de12fe8cd32586296af5bd983fdd3e545b6ecc
verification_files/by_experiment/07_deployment_and_gui/benchmarks/no_group_visual_lstm512/rep03/test_1/Mouse062_20160526_18-56-26/Mouse062_20160526_18-56-26.behavior_metrics.csv,9928,948b17f4d8958bdbe8b490fd9758b607d75d42c9d63ca1f5c0a4100503285080
verification_files/by_experiment/07_deployment_and_gui/benchmarks/no_group_visual_lstm512/rep03/test_1/Mouse063_20160526_19-14-46/Mouse063_20160526_19-14-46.behavior.infer_meta.json,20702,4122a40cf94bd84437bc316f232e12d3d797d2877d956eb33eaff64a4ef7fb9e
verification_files/by_experiment/07_deployment_and_gui/benchmarks/no_group_visual_lstm512/rep03/test_1/Mouse063_20160526_19-14-46/Mouse063_20160526_19-14-46.behavior_metrics.csv,9931,c67b6571c93909c7758e52b0d63ba6ec936a0d4448f1617c9c8e5d03b0a2f459
verification_files/by_experiment/07_deployment_and_gui/benchmarks/no_group_visual_lstm512/rep03/test_1/Mouse069_20160709_16-02-03/Mouse069_20160709_16-02-03.behavior.infer_meta.json,20702,ddd12588001ab63d547d6b9de6fcfcefbe839e44bb765ab16aaa2e377095d1c1
verification_files/by_experiment/07_deployment_and_gui/benchmarks/no_group_visual_lstm512/rep03/test_1/Mouse069_20160709_16-02-03/Mouse069_20160709_16-02-03.behavior_metrics.csv,9462,733d562d1ba937b90e0a228761c1e693b911a6d1f7c6faa248dbb36b11813e92
verification_files/by_experiment/07_deployment_and_gui/end_to_end_pipeline_benchmark/CMD.txt,3445,127fe8f8c7ca500c853d65587152b9aea1735f009102edaa493689c0723c1060
verification_files/by_experiment/07_deployment_and_gui/end_to_end_pipeline_benchmark/models/full_attention256/config.json,21095,dacd0537a190df106f4f8838b72e08d5b79747b1e4f4acc1e4afc4a86370e081
verification_files/by_experiment/07_deployment_and_gui/end_to_end_pipeline_benchmark/models/full_lstm256/config.json,21200,1bf6d0fdc51b91e6fea115dab5427db5a2f6d7c58f9c4227f38b279eecfed78c
verification_files/by_experiment/07_deployment_and_gui/end_to_end_pipeline_benchmark/outputs/baseline_mps_vs_rtx4080_old_stack.md,7209,1dd2e7872986496ca0af27305a6b7e2ee8aabef1ff0ba27fb13a48add6aec6c4
verification_files/by_experiment/07_deployment_and_gui/end_to_end_pipeline_benchmark/outputs/benchmarks/benchmark_plan.json,2336,36516562ce65c5117f7bd3baf3a92ca9df239c534d94cff30457bfa8e141dc30
verification_files/by_experiment/07_deployment_and_gui/end_to_end_pipeline_benchmark/outputs/benchmarks/benchmark_summary.csv,7036,3577ae0ba9e2861ff592d09a0e4c75d95a4846363df9db05270365d92313fdc0
verification_files/by_experiment/07_deployment_and_gui/end_to_end_pipeline_benchmark/outputs/benchmarks/full_attention256/rep01/test_1/Mouse060_20160526_18-16-27/command.json,1642,933d7933afc6df496075162d31fed52c484c9d5b27ab25680e507afe5bdbe666
verification_files/by_experiment/07_deployment_and_gui/end_to_end_pipeline_benchmark/outputs/benchmarks/full_attention256/rep01/test_1/Mouse060_20160526_18-16-27/infer_stderr.log,0,e3b0c44298fc1c149afbf4c8996fb92427ae41e4649b934ca495991b7852b855
verification_files/by_experiment/07_deployment_and_gui/end_to_end_pipeline_benchmark/outputs/benchmarks/full_attention256/rep01/test_1/Mouse060_20160526_18-16-27/infer_stdout.log,20765,82c27d1edd1164e0e07d9340882f05bffb1178c5880147d92402840485b6b1e4
verification_files/by_experiment/07_deployment_and_gui/end_to_end_pipeline_benchmark/outputs/benchmarks/full_attention256/rep01/test_1/Mouse060_20160526_18-16-27/Mouse060_20160526_18-16-27.behavior.infer_meta.json,18568,80718418a87c66700a64532ca4d40f3479e700ad3613b74cdaf15c482fa05a41
verification_files/by_experiment/07_deployment_and_gui/end_to_end_pipeline_benchmark/outputs/benchmarks/full_attention256/rep01/test_1/Mouse060_20160526_18-16-27/Mouse060_20160526_18-16-27.metrics.csv,13537,d20e8e748cbfcc1b60652e05bdb9ececc44e349f0ebb120f498cd3bc840592f2
verification_files/by_experiment/07_deployment_and_gui/end_to_end_pipeline_benchmark/outputs/benchmarks/full_attention256/rep01/test_1/Mouse061_20160526_18-38-49/command.json,1642,dfbb473438921c997311c769f224599a172db153b2f0e58fe2d90252604e6dc2
verification_files/by_experiment/07_deployment_and_gui/end_to_end_pipeline_benchmark/outputs/benchmarks/full_attention256/rep01/test_1/Mouse061_20160526_18-38-49/infer_stderr.log,0,e3b0c44298fc1c149afbf4c8996fb92427ae41e4649b934ca495991b7852b855
verification_files/by_experiment/07_deployment_and_gui/end_to_end_pipeline_benchmark/outputs/benchmarks/full_attention256/rep01/test_1/Mouse061_20160526_18-38-49/infer_stdout.log,15944,b1b53d5a8fba9184f8e6d4872be446c190778d1510b307b8878c6dba2f81a1ff
verification_files/by_experiment/07_deployment_and_gui/end_to_end_pipeline_benchmark/outputs/benchmarks/full_attention256/rep01/test_1/Mouse061_20160526_18-38-49/Mouse061_20160526_18-38-49.behavior.infer_meta.json,18568,5ff9da8241d528b87d15bb62bb1a5c44421dfe7083157de661d8eaee64de720d
verification_files/by_experiment/07_deployment_and_gui/end_to_end_pipeline_benchmark/outputs/benchmarks/full_attention256/rep01/test_1/Mouse061_20160526_18-38-49/Mouse061_20160526_18-38-49.metrics.csv,10496,8d296bd1e5a927f00c0c550745dd60821ad38f24d839a1768bb9e3943e2952e0
verification_files/by_experiment/07_deployment_and_gui/end_to_end_pipeline_benchmark/outputs/benchmarks/full_attention256/rep01/test_1/Mouse062_20160526_18-56-26/command.json,1642,83c610498f5ac6d3058169bc44d8e84b694b4923d527803da52443e9129806cb
verification_files/by_experiment/07_deployment_and_gui/end_to_end_pipeline_benchmark/outputs/benchmarks/full_attention256/rep01/test_1/Mouse062_20160526_18-56-26/infer_stderr.log,0,e3b0c44298fc1c149afbf4c8996fb92427ae41e4649b934ca495991b7852b855
verification_files/by_experiment/07_deployment_and_gui/end_to_end_pipeline_benchmark/outputs/benchmarks/full_attention256/rep01/test_1/Mouse062_20160526_18-56-26/infer_stdout.log,16959,411f10ba8d4e5e888ed5406538bf42cb010335c17d1fefda4865a0d3ffb169fe
verification_files/by_experiment/07_deployment_and_gui/end_to_end_pipeline_benchmark/outputs/benchmarks/full_attention256/rep01/test_1/Mouse062_20160526_18-56-26/Mouse062_20160526_18-56-26.behavior.infer_meta.json,18568,36b43e3015c53b415b5e888f54ee6d671f9de4b0e8298bac282bd637344edf3a
verification_files/by_experiment/07_deployment_and_gui/end_to_end_pipeline_benchmark/outputs/benchmarks/full_attention256/rep01/test_1/Mouse062_20160526_18-56-26/Mouse062_20160526_18-56-26.metrics.csv,11004,c5814e20e22451e332d5f891d22a6e83622888e0d171982918c6e1545d485ee0
verification_files/by_experiment/07_deployment_and_gui/end_to_end_pipeline_benchmark/outputs/benchmarks/full_lstm256/rep01/test_1/Mouse060_20160526_18-16-27/command.json,1622,293a486430933a1f3731b778820c8df915429fbdd20d2780add5d0057989c05c
verification_files/by_experiment/07_deployment_and_gui/end_to_end_pipeline_benchmark/outputs/benchmarks/full_lstm256/rep01/test_1/Mouse060_20160526_18-16-27/infer_stderr.log,0,e3b0c44298fc1c149afbf4c8996fb92427ae41e4649b934ca495991b7852b855
verification_files/by_experiment/07_deployment_and_gui/end_to_end_pipeline_benchmark/outputs/benchmarks/full_lstm256/rep01/test_1/Mouse060_20160526_18-16-27/infer_stdout.log,20519,1c38ebd3388a24641911c13792cc5b8fe48bcd159f96156576811457635e0a48
verification_files/by_experiment/07_deployment_and_gui/end_to_end_pipeline_benchmark/outputs/benchmarks/full_lstm256/rep01/test_1/Mouse060_20160526_18-16-27/Mouse060_20160526_18-16-27.behavior.infer_meta.json,18662,dccab5c16400ba502e803a46a667e4c53aee06497df2c794f95c51bda2891002
verification_files/by_experiment/07_deployment_and_gui/end_to_end_pipeline_benchmark/outputs/benchmarks/full_lstm256/rep01/test_1/Mouse060_20160526_18-16-27/Mouse060_20160526_18-16-27.metrics.csv,13534,520ed32692610c3b7fa7ecf06d0e3b7a78a48ab716348ce4de7e9c87f026d1cb
verification_files/by_experiment/07_deployment_and_gui/end_to_end_pipeline_benchmark/outputs/benchmarks/full_lstm256/rep01/test_1/Mouse061_20160526_18-38-49/command.json,1622,1ee39e96962d38b6b33b5b7be1402da9d1aa795202f404e8e82bf4056dfc6bff
verification_files/by_experiment/07_deployment_and_gui/end_to_end_pipeline_benchmark/outputs/benchmarks/full_lstm256/rep01/test_1/Mouse061_20160526_18-38-49/infer_stderr.log,0,e3b0c44298fc1c149afbf4c8996fb92427ae41e4649b934ca495991b7852b855
verification_files/by_experiment/07_deployment_and_gui/end_to_end_pipeline_benchmark/outputs/benchmarks/full_lstm256/rep01/test_1/Mouse061_20160526_18-38-49/infer_stdout.log,17662,70ed3319bd864669561fa8e2271a6029e4076f6afe207fb9c91d4d85918c73dc
verification_files/by_experiment/07_deployment_and_gui/end_to_end_pipeline_benchmark/outputs/benchmarks/full_lstm256/rep01/test_1/Mouse061_20160526_18-38-49/Mouse061_20160526_18-38-49.behavior.infer_meta.json,18662,5b38c9ac486b71f7df0667bb70888ff924253874c3463d63c90af7b9306ca233
verification_files/by_experiment/07_deployment_and_gui/end_to_end_pipeline_benchmark/outputs/benchmarks/full_lstm256/rep01/test_1/Mouse061_20160526_18-38-49/Mouse061_20160526_18-38-49.metrics.csv,10492,2ed34824050b69f239ae581efd328417a29c4b081d025e2413e4f4db9cf05011
verification_files/by_experiment/07_deployment_and_gui/end_to_end_pipeline_benchmark/outputs/benchmarks/full_lstm256/rep01/test_1/Mouse062_20160526_18-56-26/command.json,1622,ffcccc383ff1de0372017a56f67ad9aefb1c9538cb5e4d9fb8ccf95e892c1555
verification_files/by_experiment/07_deployment_and_gui/end_to_end_pipeline_benchmark/outputs/benchmarks/full_lstm256/rep01/test_1/Mouse062_20160526_18-56-26/infer_stderr.log,0,e3b0c44298fc1c149afbf4c8996fb92427ae41e4649b934ca495991b7852b855
verification_files/by_experiment/07_deployment_and_gui/end_to_end_pipeline_benchmark/outputs/benchmarks/full_lstm256/rep01/test_1/Mouse062_20160526_18-56-26/infer_stdout.log,17462,121496ec2c087a4076296f1bb6d53b7987cb0b383c651ccef7d8d28a0b0360ee
verification_files/by_experiment/07_deployment_and_gui/end_to_end_pipeline_benchmark/outputs/benchmarks/full_lstm256/rep01/test_1/Mouse062_20160526_18-56-26/Mouse062_20160526_18-56-26.behavior.infer_meta.json,18662,b9df628c1672e7e04cbda4ba8d72846da335c937723135a03c9f511300adb742
verification_files/by_experiment/07_deployment_and_gui/end_to_end_pipeline_benchmark/outputs/benchmarks/full_lstm256/rep01/test_1/Mouse062_20160526_18-56-26/Mouse062_20160526_18-56-26.metrics.csv,11005,0d47eba025a65ed1cac2a71d4dde2c454a4bf367c1cc1b20edf195f2dd23cf76
verification_files/by_experiment/07_deployment_and_gui/end_to_end_pipeline_benchmark/outputs/benchmarks_mps/benchmark_plan.json,722,08f97c84602f610c7dc0fcfc41e612683aaf138898bb4997164a30f7c0800182
verification_files/by_experiment/07_deployment_and_gui/end_to_end_pipeline_benchmark/outputs/benchmarks_mps/benchmark_summary.csv,5077,1b21f91d66dcec736369a88bf38d0fd516cbb6a4ad85bbb8fdc0b70b49c8ab03
verification_files/by_experiment/07_deployment_and_gui/end_to_end_pipeline_benchmark/outputs/benchmarks_mps/full_attention256/rep01/test_1/Mouse060_20160526_18-16-27/command.json,1584,c7c3cafbd491a90e0d550f961411a1eb277aca66fcf5d99d54e475dfdcd49f1a
verification_files/by_experiment/07_deployment_and_gui/end_to_end_pipeline_benchmark/outputs/benchmarks_mps/full_attention256/rep01/test_1/Mouse060_20160526_18-16-27/infer_stderr.log,0,e3b0c44298fc1c149afbf4c8996fb92427ae41e4649b934ca495991b7852b855
verification_files/by_experiment/07_deployment_and_gui/end_to_end_pipeline_benchmark/outputs/benchmarks_mps/full_attention256/rep01/test_1/Mouse060_20160526_18-16-27/infer_stdout.log,9745,d27a955e71315666e60881b6787267df90f7b1accc9c82355be31ed48f2918db
verification_files/by_experiment/07_deployment_and_gui/end_to_end_pipeline_benchmark/outputs/benchmarks_mps/full_attention256/rep01/test_1/Mouse060_20160526_18-16-27/Mouse060_20160526_18-16-27.behavior.infer_meta.json,18050,1d8f85425d0aa1911ccc8e566c39f87fe369ab4a12a7c1457e31279a1f8c2547
verification_files/by_experiment/07_deployment_and_gui/end_to_end_pipeline_benchmark/outputs/benchmarks_mps/full_attention256/rep01/test_1/Mouse060_20160526_18-16-27/Mouse060_20160526_18-16-27.metrics.csv,11196,82d6ea1e686fb554fe88d30555723bcd57120c3a033ad50514df3090c5275a31
verification_files/by_experiment/07_deployment_and_gui/end_to_end_pipeline_benchmark/outputs/benchmarks_mps/full_attention256/rep01/test_1/Mouse061_20160526_18-38-49/command.json,1584,13ce2eebfcaa207de63e4ef669ac1dda40be9f34ffddf16ee13860a51392ec5c
verification_files/by_experiment/07_deployment_and_gui/end_to_end_pipeline_benchmark/outputs/benchmarks_mps/full_attention256/rep01/test_1/Mouse061_20160526_18-38-49/infer_stderr.log,0,e3b0c44298fc1c149afbf4c8996fb92427ae41e4649b934ca495991b7852b855
verification_files/by_experiment/07_deployment_and_gui/end_to_end_pipeline_benchmark/outputs/benchmarks_mps/full_attention256/rep01/test_1/Mouse061_20160526_18-38-49/infer_stdout.log,7807,1bd6f15651c23fc6364e8c9cb1163daa904315fc315a70a4780fe04a8d57f13e
verification_files/by_experiment/07_deployment_and_gui/end_to_end_pipeline_benchmark/outputs/benchmarks_mps/full_attention256/rep01/test_1/Mouse061_20160526_18-38-49/Mouse061_20160526_18-38-49.behavior.infer_meta.json,18050,7642529b8f964c6cb7698318818d5d3ecbcea7cc82b1c9187a175a07e7fdebd3
verification_files/by_experiment/07_deployment_and_gui/end_to_end_pipeline_benchmark/outputs/benchmarks_mps/full_attention256/rep01/test_1/Mouse061_20160526_18-38-49/Mouse061_20160526_18-38-49.metrics.csv,8622,1dfd3eb8700fb3bb329981d3d6411498ed1881eb003399f790e55d0f54b1f2bb
verification_files/by_experiment/07_deployment_and_gui/end_to_end_pipeline_benchmark/outputs/benchmarks_mps/full_attention256/rep01/test_1/Mouse062_20160526_18-56-26/command.json,1584,30c2a343fb43b6e148804267d6fc1dc8a29c2cbe1465440ed69a644cccbc4b1d
verification_files/by_experiment/07_deployment_and_gui/end_to_end_pipeline_benchmark/outputs/benchmarks_mps/full_attention256/rep01/test_1/Mouse062_20160526_18-56-26/infer_stderr.log,0,e3b0c44298fc1c149afbf4c8996fb92427ae41e4649b934ca495991b7852b855
verification_files/by_experiment/07_deployment_and_gui/end_to_end_pipeline_benchmark/outputs/benchmarks_mps/full_attention256/rep01/test_1/Mouse062_20160526_18-56-26/infer_stdout.log,8191,1f7052adda3bb1bf7c7656b719e2e507b80acfd4000c5b523336346729a247a0
verification_files/by_experiment/07_deployment_and_gui/end_to_end_pipeline_benchmark/outputs/benchmarks_mps/full_attention256/rep01/test_1/Mouse062_20160526_18-56-26/Mouse062_20160526_18-56-26.behavior.infer_meta.json,18050,c5ba4888eee5749a1cf08d7ab07f02292c11d7a99f8c496fe5e176fc392925e0
verification_files/by_experiment/07_deployment_and_gui/end_to_end_pipeline_benchmark/outputs/benchmarks_mps/full_attention256/rep01/test_1/Mouse062_20160526_18-56-26/Mouse062_20160526_18-56-26.metrics.csv,9052,d2653fe67defb93e88a254e728973c37abd22ab01b0c80cdfcb1dc20af1e4791
verification_files/by_experiment/07_deployment_and_gui/end_to_end_pipeline_benchmark/outputs/benchmarks_mps/full_lstm256/rep01/test_1/Mouse060_20160526_18-16-27/command.json,1564,17d64a9e5cf2f95cab409c7cb5acf3f9341ea2aabcd16c306a2fc7bbff4dd202
verification_files/by_experiment/07_deployment_and_gui/end_to_end_pipeline_benchmark/outputs/benchmarks_mps/full_lstm256/rep01/test_1/Mouse060_20160526_18-16-27/infer_stderr.log,0,e3b0c44298fc1c149afbf4c8996fb92427ae41e4649b934ca495991b7852b855
verification_files/by_experiment/07_deployment_and_gui/end_to_end_pipeline_benchmark/outputs/benchmarks_mps/full_lstm256/rep01/test_1/Mouse060_20160526_18-16-27/infer_stdout.log,9684,3271ac72d4202a3205d75b0e056473987b8986081c739269b4856c12a78d1eab
verification_files/by_experiment/07_deployment_and_gui/end_to_end_pipeline_benchmark/outputs/benchmarks_mps/full_lstm256/rep01/test_1/Mouse060_20160526_18-16-27/Mouse060_20160526_18-16-27.behavior.infer_meta.json,18146,a95aeee103217a8aafbeb9e11bfd8d61584ae2cb8fd1966421b37e8959cde850
verification_files/by_experiment/07_deployment_and_gui/end_to_end_pipeline_benchmark/outputs/benchmarks_mps/full_lstm256/rep01/test_1/Mouse060_20160526_18-16-27/Mouse060_20160526_18-16-27.metrics.csv,11203,ea0a7ac216ca81e69f2a15dcb2a455cb104dd185bcc1e37ba3884f186f0df457
verification_files/by_experiment/07_deployment_and_gui/end_to_end_pipeline_benchmark/outputs/benchmarks_mps/full_lstm256/rep01/test_1/Mouse061_20160526_18-38-49/command.json,1564,909b8eca517c10bb37672769430a4196dbc1e2f0a39155b5990b805d745c838a
verification_files/by_experiment/07_deployment_and_gui/end_to_end_pipeline_benchmark/outputs/benchmarks_mps/full_lstm256/rep01/test_1/Mouse061_20160526_18-38-49/infer_stderr.log,0,e3b0c44298fc1c149afbf4c8996fb92427ae41e4649b934ca495991b7852b855
verification_files/by_experiment/07_deployment_and_gui/end_to_end_pipeline_benchmark/outputs/benchmarks_mps/full_lstm256/rep01/test_1/Mouse061_20160526_18-38-49/infer_stdout.log,7810,e4e7fb6355c138ecc5f06e1c752c5456f76026a8dd8b105826d25e9b44c7d3c5
verification_files/by_experiment/07_deployment_and_gui/end_to_end_pipeline_benchmark/outputs/benchmarks_mps/full_lstm256/rep01/test_1/Mouse061_20160526_18-38-49/Mouse061_20160526_18-38-49.behavior.infer_meta.json,18146,d14ba90f5b28704d42285eab4404e3aaccc766c6da427017fa69fe85ee01adcd
verification_files/by_experiment/07_deployment_and_gui/end_to_end_pipeline_benchmark/outputs/benchmarks_mps/full_lstm256/rep01/test_1/Mouse061_20160526_18-38-49/Mouse061_20160526_18-38-49.metrics.csv,8616,875aa6aaa0aaf1bfdd4c9a15290e05df6cc1f35c18551edbee75991ac66eb99e
verification_files/by_experiment/07_deployment_and_gui/end_to_end_pipeline_benchmark/outputs/benchmarks_mps/full_lstm256/rep01/test_1/Mouse062_20160526_18-56-26/command.json,1564,393408ca95e1c6f272cee431fc5734df38d466b382d974b2dcd58c8b12221c2d
verification_files/by_experiment/07_deployment_and_gui/end_to_end_pipeline_benchmark/outputs/benchmarks_mps/full_lstm256/rep01/test_1/Mouse062_20160526_18-56-26/infer_stderr.log,0,e3b0c44298fc1c149afbf4c8996fb92427ae41e4649b934ca495991b7852b855
verification_files/by_experiment/07_deployment_and_gui/end_to_end_pipeline_benchmark/outputs/benchmarks_mps/full_lstm256/rep01/test_1/Mouse062_20160526_18-56-26/infer_stdout.log,8133,b6963c7f7e188636a5853df2ec038146bf905f477d3783deb65a14e4c2971c94
verification_files/by_experiment/07_deployment_and_gui/end_to_end_pipeline_benchmark/outputs/benchmarks_mps/full_lstm256/rep01/test_1/Mouse062_20160526_18-56-26/Mouse062_20160526_18-56-26.behavior.infer_meta.json,18146,4da6d90ff344d92077164d0996335557360abaf44734e8aae373b8deb865b1ba
verification_files/by_experiment/07_deployment_and_gui/end_to_end_pipeline_benchmark/outputs/benchmarks_mps/full_lstm256/rep01/test_1/Mouse062_20160526_18-56-26/Mouse062_20160526_18-56-26.metrics.csv,9057,65f40f3f48ef777fec25459814d1c6972bcc59076f778f29ba61740e52ae4bd7
verification_files/by_experiment/07_deployment_and_gui/end_to_end_pipeline_benchmark/outputs/benchmarks_RTX4080/benchmark_plan.json,771,6388fd0d1a065760a9cda9929086648a507632f6e9a8f1e73e3d2fb92b58cfa5
verification_files/by_experiment/07_deployment_and_gui/end_to_end_pipeline_benchmark/outputs/benchmarks_RTX4080/benchmark_summary.csv,5223,9133187712f66ae3a74363e6546bb9a91e8e6e5b2124c3bb6f7d2c030899cf67
verification_files/by_experiment/07_deployment_and_gui/end_to_end_pipeline_benchmark/outputs/benchmarks_RTX4080/full_attention256/rep01/test_1/Mouse060_20160526_18-16-27/command.json,1765,59c53659f045371165edbfb9b9772c1e4e7d13a8d898a60ed250d78ad55e99e4
verification_files/by_experiment/07_deployment_and_gui/end_to_end_pipeline_benchmark/outputs/benchmarks_RTX4080/full_attention256/rep01/test_1/Mouse060_20160526_18-16-27/infer_stderr.log,0,e3b0c44298fc1c149afbf4c8996fb92427ae41e4649b934ca495991b7852b855
verification_files/by_experiment/07_deployment_and_gui/end_to_end_pipeline_benchmark/outputs/benchmarks_RTX4080/full_attention256/rep01/test_1/Mouse060_20160526_18-16-27/infer_stdout.log,15678,3f9f3c4b6a115a5b91b16bade2c7831716fc461fc50146668eb7cfed66826ddb
verification_files/by_experiment/07_deployment_and_gui/end_to_end_pipeline_benchmark/outputs/benchmarks_RTX4080/full_attention256/rep01/test_1/Mouse060_20160526_18-16-27/Mouse060_20160526_18-16-27.behavior.infer_meta.json,18696,187cb78cdcd5646374d91aac7fc3129683daacbe91c022985863aa4e31aa3ff3
verification_files/by_experiment/07_deployment_and_gui/end_to_end_pipeline_benchmark/outputs/benchmarks_RTX4080/full_attention256/rep01/test_1/Mouse060_20160526_18-16-27/Mouse060_20160526_18-16-27.metrics.csv,11888,2b87a0bdb0378ea4a2bdd11765faa58f554492bcf0de8b5c776c2f4351217f62
verification_files/by_experiment/07_deployment_and_gui/end_to_end_pipeline_benchmark/outputs/benchmarks_RTX4080/full_attention256/rep01/test_1/Mouse061_20160526_18-38-49/command.json,1765,e9fbccdd62290d24606d443a8280dbe44dce1d9039cf269302b655a587890318
verification_files/by_experiment/07_deployment_and_gui/end_to_end_pipeline_benchmark/outputs/benchmarks_RTX4080/full_attention256/rep01/test_1/Mouse061_20160526_18-38-49/infer_stderr.log,0,e3b0c44298fc1c149afbf4c8996fb92427ae41e4649b934ca495991b7852b855
verification_files/by_experiment/07_deployment_and_gui/end_to_end_pipeline_benchmark/outputs/benchmarks_RTX4080/full_attention256/rep01/test_1/Mouse061_20160526_18-38-49/infer_stdout.log,12329,2bc53cafb8bbec7b98808d0a860a4c2e22ce743f11dc05d4c123ceb061e81a2f
verification_files/by_experiment/07_deployment_and_gui/end_to_end_pipeline_benchmark/outputs/benchmarks_RTX4080/full_attention256/rep01/test_1/Mouse061_20160526_18-38-49/Mouse061_20160526_18-38-49.behavior.infer_meta.json,18696,1fad22c62830b9442c3a43d75e46da6b978d4a2b1bd7c40b2becc5634331e6d1
verification_files/by_experiment/07_deployment_and_gui/end_to_end_pipeline_benchmark/outputs/benchmarks_RTX4080/full_attention256/rep01/test_1/Mouse061_20160526_18-38-49/Mouse061_20160526_18-38-49.metrics.csv,9151,4785fae0c804926f209e623f8dd3e2a592217310eae4f99b4684e2a65961f64d
verification_files/by_experiment/07_deployment_and_gui/end_to_end_pipeline_benchmark/outputs/benchmarks_RTX4080/full_attention256/rep01/test_1/Mouse062_20160526_18-56-26/command.json,1765,768b491ee8a6e55983ac32960aa236f2d17a3240cd823ad300210386fccf9e66
verification_files/by_experiment/07_deployment_and_gui/end_to_end_pipeline_benchmark/outputs/benchmarks_RTX4080/full_attention256/rep01/test_1/Mouse062_20160526_18-56-26/infer_stderr.log,0,e3b0c44298fc1c149afbf4c8996fb92427ae41e4649b934ca495991b7852b855
verification_files/by_experiment/07_deployment_and_gui/end_to_end_pipeline_benchmark/outputs/benchmarks_RTX4080/full_attention256/rep01/test_1/Mouse062_20160526_18-56-26/infer_stdout.log,13014,58a2baff6de490a82bbf640d51f125caf739633f9336de99d47baaa9a1fc231b
verification_files/by_experiment/07_deployment_and_gui/end_to_end_pipeline_benchmark/outputs/benchmarks_RTX4080/full_attention256/rep01/test_1/Mouse062_20160526_18-56-26/Mouse062_20160526_18-56-26.behavior.infer_meta.json,18696,8bbd39edb48b8a28a9147f1da94f747bc1f03cbe3d6d545afd875bd5cbddb33a
verification_files/by_experiment/07_deployment_and_gui/end_to_end_pipeline_benchmark/outputs/benchmarks_RTX4080/full_attention256/rep01/test_1/Mouse062_20160526_18-56-26/Mouse062_20160526_18-56-26.metrics.csv,9629,87172cc31a05b28a76591cbd03b2e3cee71ac5378b45ee0df639911d19ec63cb
verification_files/by_experiment/07_deployment_and_gui/end_to_end_pipeline_benchmark/outputs/benchmarks_RTX4080/full_lstm256/rep01/test_1/Mouse060_20160526_18-16-27/command.json,1745,21c57e5779d055dd9d4f4974a2389d772e6037729ed4b2e66ac05d5a92141b95
verification_files/by_experiment/07_deployment_and_gui/end_to_end_pipeline_benchmark/outputs/benchmarks_RTX4080/full_lstm256/rep01/test_1/Mouse060_20160526_18-16-27/infer_stderr.log,0,e3b0c44298fc1c149afbf4c8996fb92427ae41e4649b934ca495991b7852b855
verification_files/by_experiment/07_deployment_and_gui/end_to_end_pipeline_benchmark/outputs/benchmarks_RTX4080/full_lstm256/rep01/test_1/Mouse060_20160526_18-16-27/infer_stdout.log,15426,f936da24e477a3f1220ff1e48dcaeeb5af55e9603337aac8f70f85f241aeaa49
verification_files/by_experiment/07_deployment_and_gui/end_to_end_pipeline_benchmark/outputs/benchmarks_RTX4080/full_lstm256/rep01/test_1/Mouse060_20160526_18-16-27/Mouse060_20160526_18-16-27.behavior.infer_meta.json,18790,650b5c9ec5237134273919a4d6dad94603bdcface98fdf057e7f17cbed077c59
verification_files/by_experiment/07_deployment_and_gui/end_to_end_pipeline_benchmark/outputs/benchmarks_RTX4080/full_lstm256/rep01/test_1/Mouse060_20160526_18-16-27/Mouse060_20160526_18-16-27.metrics.csv,11890,c6f3a516f89f1af72044104f327d5fb29556b68accf5f6fc0d4249113024e93a
verification_files/by_experiment/07_deployment_and_gui/end_to_end_pipeline_benchmark/outputs/benchmarks_RTX4080/full_lstm256/rep01/test_1/Mouse061_20160526_18-38-49/command.json,1745,70a63ea2cd3e5029049f3014b068d0c0a23045bc3802205d376fcdfd2eb1b553
verification_files/by_experiment/07_deployment_and_gui/end_to_end_pipeline_benchmark/outputs/benchmarks_RTX4080/full_lstm256/rep01/test_1/Mouse061_20160526_18-38-49/infer_stderr.log,0,e3b0c44298fc1c149afbf4c8996fb92427ae41e4649b934ca495991b7852b855
verification_files/by_experiment/07_deployment_and_gui/end_to_end_pipeline_benchmark/outputs/benchmarks_RTX4080/full_lstm256/rep01/test_1/Mouse061_20160526_18-38-49/infer_stdout.log,12275,dc58b49429cab4df1b9e9e0883d24af08c1acbb5b9d319f7d2fa88c4a883341e
verification_files/by_experiment/07_deployment_and_gui/end_to_end_pipeline_benchmark/outputs/benchmarks_RTX4080/full_lstm256/rep01/test_1/Mouse061_20160526_18-38-49/Mouse061_20160526_18-38-49.behavior.infer_meta.json,18790,44a535819ed0ec6b63a7974dbaf101fb0206e1f546866723ec3bd4a61c577faa
verification_files/by_experiment/07_deployment_and_gui/end_to_end_pipeline_benchmark/outputs/benchmarks_RTX4080/full_lstm256/rep01/test_1/Mouse061_20160526_18-38-49/Mouse061_20160526_18-38-49.metrics.csv,9156,38d08feda7efd1e21378ae364d43acfe76b02cdf1f0e38ebfe937fc9efba306b
verification_files/by_experiment/07_deployment_and_gui/end_to_end_pipeline_benchmark/outputs/benchmarks_RTX4080/full_lstm256/rep01/test_1/Mouse062_20160526_18-56-26/command.json,1745,b5494cf8e354a0ea137f07d678386c600ef98d750070ee4b45a493d08b131fd3
verification_files/by_experiment/07_deployment_and_gui/end_to_end_pipeline_benchmark/outputs/benchmarks_RTX4080/full_lstm256/rep01/test_1/Mouse062_20160526_18-56-26/infer_stderr.log,0,e3b0c44298fc1c149afbf4c8996fb92427ae41e4649b934ca495991b7852b855
verification_files/by_experiment/07_deployment_and_gui/end_to_end_pipeline_benchmark/outputs/benchmarks_RTX4080/full_lstm256/rep01/test_1/Mouse062_20160526_18-56-26/infer_stdout.log,12946,93affdb3821b2f0f79036fb27576a6d72d5db0e8108b05aabce863dd52493fcd
verification_files/by_experiment/07_deployment_and_gui/end_to_end_pipeline_benchmark/outputs/benchmarks_RTX4080/full_lstm256/rep01/test_1/Mouse062_20160526_18-56-26/Mouse062_20160526_18-56-26.behavior.infer_meta.json,18790,ef001e665fb3e26237fc024b7017cd37cfd776ddc610545f1987fdfe1056657d
verification_files/by_experiment/07_deployment_and_gui/end_to_end_pipeline_benchmark/outputs/benchmarks_RTX4080/full_lstm256/rep01/test_1/Mouse062_20160526_18-56-26/Mouse062_20160526_18-56-26.metrics.csv,9612,fafaa35658da6926e8eea1514db62b47666d9a49424861b4863bff5e8eca4d3e
verification_files/by_experiment/07_deployment_and_gui/end_to_end_pipeline_benchmark/outputs/benchmarks_RTX4080_new_stack/benchmark_plan.json,2963,2e8ecfc83fce8de6bcb8b7ec6eb33b5225483096b6e9a0eb3a6463415eaf6357
verification_files/by_experiment/07_deployment_and_gui/end_to_end_pipeline_benchmark/outputs/benchmarks_RTX4080_new_stack/benchmark_summary.csv,7425,32fe85d6440ad869a6845b2b0988b3bdb682ff3f3d54abd7ab0a966d24dbfe3b
verification_files/by_experiment/07_deployment_and_gui/end_to_end_pipeline_benchmark/outputs/benchmarks_RTX4080_new_stack/full_attention256/rep01/test_1/Mouse060_20160526_18-16-27/command.json,1756,7c840704f7c1e0a49f73b0cc08a3ed0c387c3b83661398ca54bc0ba385316be7
verification_files/by_experiment/07_deployment_and_gui/end_to_end_pipeline_benchmark/outputs/benchmarks_RTX4080_new_stack/full_attention256/rep01/test_1/Mouse060_20160526_18-16-27/infer_stderr.log,0,e3b0c44298fc1c149afbf4c8996fb92427ae41e4649b934ca495991b7852b855
verification_files/by_experiment/07_deployment_and_gui/end_to_end_pipeline_benchmark/outputs/benchmarks_RTX4080_new_stack/full_attention256/rep01/test_1/Mouse060_20160526_18-16-27/infer_stdout.log,17992,75d7f14112d4a48182d565085381098d9e22ccfc89c2dde23f9fca03e73bd0af
verification_files/by_experiment/07_deployment_and_gui/end_to_end_pipeline_benchmark/outputs/benchmarks_RTX4080_new_stack/full_attention256/rep01/test_1/Mouse060_20160526_18-16-27/Mouse060_20160526_18-16-27.behavior.infer_meta.json,18607,c759f68c1756b1ea9e126973b3dce6ccfe1ca4c829011edc1ea8000ddecdb8bd
verification_files/by_experiment/07_deployment_and_gui/end_to_end_pipeline_benchmark/outputs/benchmarks_RTX4080_new_stack/full_attention256/rep01/test_1/Mouse060_20160526_18-16-27/Mouse060_20160526_18-16-27.metrics.csv,15400,5a5d0519bc4fbca351165fbc3c4cb0837d583be6951f18041af0538a581d691d
verification_files/by_experiment/07_deployment_and_gui/end_to_end_pipeline_benchmark/outputs/benchmarks_RTX4080_new_stack/full_attention256/rep01/test_1/Mouse061_20160526_18-38-49/command.json,1756,d60fa8351e4635b56f5353b793f184c4c2024ffa4fa806b889aa57e3345272fe
verification_files/by_experiment/07_deployment_and_gui/end_to_end_pipeline_benchmark/outputs/benchmarks_RTX4080_new_stack/full_attention256/rep01/test_1/Mouse061_20160526_18-38-49/infer_stderr.log,0,e3b0c44298fc1c149afbf4c8996fb92427ae41e4649b934ca495991b7852b855
verification_files/by_experiment/07_deployment_and_gui/end_to_end_pipeline_benchmark/outputs/benchmarks_RTX4080_new_stack/full_attention256/rep01/test_1/Mouse061_20160526_18-38-49/infer_stdout.log,14003,2d75248d7640ea07837899854ec8f85518e3bda74aa5ac4daa58b9906721b56e
verification_files/by_experiment/07_deployment_and_gui/end_to_end_pipeline_benchmark/outputs/benchmarks_RTX4080_new_stack/full_attention256/rep01/test_1/Mouse061_20160526_18-38-49/Mouse061_20160526_18-38-49.behavior.infer_meta.json,18607,a72ff2c13e3983432337dd007337c75bf78f2ed6c6111cd797f02782369c28bb
verification_files/by_experiment/07_deployment_and_gui/end_to_end_pipeline_benchmark/outputs/benchmarks_RTX4080_new_stack/full_attention256/rep01/test_1/Mouse061_20160526_18-38-49/Mouse061_20160526_18-38-49.metrics.csv,11912,99c27d2665b4acc7316e1a9e634fe64d5579b627f97e0e2a8127897c10f7edbc
verification_files/by_experiment/07_deployment_and_gui/end_to_end_pipeline_benchmark/outputs/benchmarks_RTX4080_new_stack/full_attention256/rep01/test_1/Mouse062_20160526_18-56-26/command.json,1756,7e3b8c0e385e331643990218c3d9106eba1b13f54cd3fd9426d6cf481442a329
verification_files/by_experiment/07_deployment_and_gui/end_to_end_pipeline_benchmark/outputs/benchmarks_RTX4080_new_stack/full_attention256/rep01/test_1/Mouse062_20160526_18-56-26/infer_stderr.log,0,e3b0c44298fc1c149afbf4c8996fb92427ae41e4649b934ca495991b7852b855
verification_files/by_experiment/07_deployment_and_gui/end_to_end_pipeline_benchmark/outputs/benchmarks_RTX4080_new_stack/full_attention256/rep01/test_1/Mouse062_20160526_18-56-26/infer_stdout.log,14770,f964b94459cd16ce1490db10f0d24bb4cd89ca358b4a6898f780e8c15a782d81
verification_files/by_experiment/07_deployment_and_gui/end_to_end_pipeline_benchmark/outputs/benchmarks_RTX4080_new_stack/full_attention256/rep01/test_1/Mouse062_20160526_18-56-26/Mouse062_20160526_18-56-26.behavior.infer_meta.json,18607,83d21cc35c7619f0f7d2ccceede52fed04a7ccca425a05b14c82b174b2118c6a
verification_files/by_experiment/07_deployment_and_gui/end_to_end_pipeline_benchmark/outputs/benchmarks_RTX4080_new_stack/full_attention256/rep01/test_1/Mouse062_20160526_18-56-26/Mouse062_20160526_18-56-26.metrics.csv,12512,23535bfe676f7cd4838989949e954607333b7f40f654aa3899798e9154f19e5d
verification_files/by_experiment/07_deployment_and_gui/end_to_end_pipeline_benchmark/outputs/benchmarks_RTX4080_new_stack/full_lstm256/rep01/test_1/Mouse060_20160526_18-16-27/command.json,1736,9523aa12207da5c326b785ce2dba8c2f21786104394ec5854946720c889a631a
verification_files/by_experiment/07_deployment_and_gui/end_to_end_pipeline_benchmark/outputs/benchmarks_RTX4080_new_stack/full_lstm256/rep01/test_1/Mouse060_20160526_18-16-27/infer_stderr.log,0,e3b0c44298fc1c149afbf4c8996fb92427ae41e4649b934ca495991b7852b855
verification_files/by_experiment/07_deployment_and_gui/end_to_end_pipeline_benchmark/outputs/benchmarks_RTX4080_new_stack/full_lstm256/rep01/test_1/Mouse060_20160526_18-16-27/infer_stdout.log,17876,b1804e3c7b0837011d1e164b8a45959e898eb06c4a0743a5caa5c461594b00ea
verification_files/by_experiment/07_deployment_and_gui/end_to_end_pipeline_benchmark/outputs/benchmarks_RTX4080_new_stack/full_lstm256/rep01/test_1/Mouse060_20160526_18-16-27/Mouse060_20160526_18-16-27.behavior.infer_meta.json,18701,2b0d277970b17ce257444cbd879ef94e74b3046779554ce4cd0d30af4bd1cd8a
verification_files/by_experiment/07_deployment_and_gui/end_to_end_pipeline_benchmark/outputs/benchmarks_RTX4080_new_stack/full_lstm256/rep01/test_1/Mouse060_20160526_18-16-27/Mouse060_20160526_18-16-27.metrics.csv,15388,f6ac5160a5e7bb8868413b5d7adc8233fcfd236594a284f06caa717bb44a1498
verification_files/by_experiment/07_deployment_and_gui/end_to_end_pipeline_benchmark/outputs/benchmarks_RTX4080_new_stack/full_lstm256/rep01/test_1/Mouse061_20160526_18-38-49/command.json,1736,3998803847f1ab1fa9eb2128c85dd6b49bbdc15a00a3f9b4c2cdb62a46f91722
verification_files/by_experiment/07_deployment_and_gui/end_to_end_pipeline_benchmark/outputs/benchmarks_RTX4080_new_stack/full_lstm256/rep01/test_1/Mouse061_20160526_18-38-49/infer_stderr.log,0,e3b0c44298fc1c149afbf4c8996fb92427ae41e4649b934ca495991b7852b855
verification_files/by_experiment/07_deployment_and_gui/end_to_end_pipeline_benchmark/outputs/benchmarks_RTX4080_new_stack/full_lstm256/rep01/test_1/Mouse061_20160526_18-38-49/infer_stdout.log,13952,81abbe44bb7c07bd2effad815699772e96f314bb4b635650feaacf50bb68edc8
verification_files/by_experiment/07_deployment_and_gui/end_to_end_pipeline_benchmark/outputs/benchmarks_RTX4080_new_stack/full_lstm256/rep01/test_1/Mouse061_20160526_18-38-49/Mouse061_20160526_18-38-49.behavior.infer_meta.json,18701,add0137b728e2bbabb93d44aa4bc33366811388e27f73dec2ad6028cf2907e43
verification_files/by_experiment/07_deployment_and_gui/end_to_end_pipeline_benchmark/outputs/benchmarks_RTX4080_new_stack/full_lstm256/rep01/test_1/Mouse061_20160526_18-38-49/Mouse061_20160526_18-38-49.metrics.csv,11924,e27f5fbffa507f5ba91e8dff63472d733e756b286c0132a0d25c46083239f77e
verification_files/by_experiment/07_deployment_and_gui/end_to_end_pipeline_benchmark/outputs/benchmarks_RTX4080_new_stack/full_lstm256/rep01/test_1/Mouse062_20160526_18-56-26/command.json,1736,0bc36e72753c5fdbd2a10c1e6abab6c2290f69d82d717516461b22c0a1ec97de
verification_files/by_experiment/07_deployment_and_gui/end_to_end_pipeline_benchmark/outputs/benchmarks_RTX4080_new_stack/full_lstm256/rep01/test_1/Mouse062_20160526_18-56-26/infer_stderr.log,0,e3b0c44298fc1c149afbf4c8996fb92427ae41e4649b934ca495991b7852b855
verification_files/by_experiment/07_deployment_and_gui/end_to_end_pipeline_benchmark/outputs/benchmarks_RTX4080_new_stack/full_lstm256/rep01/test_1/Mouse062_20160526_18-56-26/infer_stdout.log,14774,470a27fdc47fcb637d2190af7d6d2518d12c5b0d3dc06f1aff7af2a2d04e5277
verification_files/by_experiment/07_deployment_and_gui/end_to_end_pipeline_benchmark/outputs/benchmarks_RTX4080_new_stack/full_lstm256/rep01/test_1/Mouse062_20160526_18-56-26/Mouse062_20160526_18-56-26.behavior.infer_meta.json,18701,d1e799b7f4c8b31edc24411996f391a9fec603e5c5c34a16de80a0dbb038651e
verification_files/by_experiment/07_deployment_and_gui/end_to_end_pipeline_benchmark/outputs/benchmarks_RTX4080_new_stack/full_lstm256/rep01/test_1/Mouse062_20160526_18-56-26/Mouse062_20160526_18-56-26.metrics.csv,12500,8ecc26609e9b95516371fc4ae2d13e1c4a51589e0bbd3ceeff5ae157c330ace4
verification_files/by_experiment/07_deployment_and_gui/end_to_end_pipeline_benchmark/README.md,4197,09381f0e8d9b87ae18dd7c0409ed05417954079270428611b970bad1707acf80
