run,window,movie_id,collar_frames,collar_seconds,heldout_median_bout_frames,gt_bouts_total,pred_bouts_total,present_classes,macro_precision,macro_recall,macro_f1,per_class_json
fly_yolo_sppf_full_attention256_w16s8_seed42,w16s8,6,0,0.0,4.0,699,213,lunge;wing_threat;charge;hold;tussle,0.0,0.0,0.0,"{""charge"": {""f1"": 0.0, ""fn"": 12, ""fp"": 13, ""precision"": 0.0, ""recall"": 0.0, ""tp"": 0}, ""hold"": {""f1"": 0.0, ""fn"": 21, ""fp"": 7, ""precision"": 0.0, ""recall"": 0.0, ""tp"": 0}, ""lunge"": {""f1"": 0.0, ""fn"": 580, ""fp"": 158, ""precision"": 0.0, ""recall"": 0.0, ""tp"": 0}, ""tussle"": {""f1"": 0.0, ""fn"": 57, ""fp"": 20, ""precision"": 0.0, ""recall"": 0.0, ""tp"": 0}, ""wing_threat"": {""f1"": 0.0, ""fn"": 29, ""fp"": 15, ""precision"": 0.0, ""recall"": 0.0, ""tp"": 0}}"
fly_yolo_sppf_full_attention256_w16s8_seed42,w16s8,6,1,0.033333,4.0,699,213,lunge;wing_threat;charge;hold;tussle,0.0,0.0,0.0,"{""charge"": {""f1"": 0.0, ""fn"": 12, ""fp"": 13, ""precision"": 0.0, ""recall"": 0.0, ""tp"": 0}, ""hold"": {""f1"": 0.0, ""fn"": 21, ""fp"": 7, ""precision"": 0.0, ""recall"": 0.0, ""tp"": 0}, ""lunge"": {""f1"": 0.0, ""fn"": 580, ""fp"": 158, ""precision"": 0.0, ""recall"": 0.0, ""tp"": 0}, ""tussle"": {""f1"": 0.0, ""fn"": 57, ""fp"": 20, ""precision"": 0.0, ""recall"": 0.0, ""tp"": 0}, ""wing_threat"": {""f1"": 0.0, ""fn"": 29, ""fp"": 15, ""precision"": 0.0, ""recall"": 0.0, ""tp"": 0}}"
fly_yolo_sppf_full_attention256_w16s8_seed42,w16s8,6,2,0.066667,4.0,699,213,lunge;wing_threat;charge;hold;tussle,0.0,0.0,0.0,"{""charge"": {""f1"": 0.0, ""fn"": 12, ""fp"": 13, ""precision"": 0.0, ""recall"": 0.0, ""tp"": 0}, ""hold"": {""f1"": 0.0, ""fn"": 21, ""fp"": 7, ""precision"": 0.0, ""recall"": 0.0, ""tp"": 0}, ""lunge"": {""f1"": 0.0, ""fn"": 580, ""fp"": 158, ""precision"": 0.0, ""recall"": 0.0, ""tp"": 0}, ""tussle"": {""f1"": 0.0, ""fn"": 57, ""fp"": 20, ""precision"": 0.0, ""recall"": 0.0, ""tp"": 0}, ""wing_threat"": {""f1"": 0.0, ""fn"": 29, ""fp"": 15, ""precision"": 0.0, ""recall"": 0.0, ""tp"": 0}}"
fly_yolo_sppf_full_attention256_w16s8_seed42,w16s8,6,3,0.1,4.0,699,213,lunge;wing_threat;charge;hold;tussle,0.015384615384615385,0.016666666666666666,0.016,"{""charge"": {""f1"": 0.08, ""fn"": 11, ""fp"": 12, ""precision"": 0.07692307692307693, ""recall"": 0.08333333333333333, ""tp"": 1}, ""hold"": {""f1"": 0.0, ""fn"": 21, ""fp"": 7, ""precision"": 0.0, ""recall"": 0.0, ""tp"": 0}, ""lunge"": {""f1"": 0.0, ""fn"": 580, ""fp"": 158, ""precision"": 0.0, ""recall"": 0.0, ""tp"": 0}, ""tussle"": {""f1"": 0.0, ""fn"": 57, ""fp"": 20, ""precision"": 0.0, ""recall"": 0.0, ""tp"": 0}, ""wing_threat"": {""f1"": 0.0, ""fn"": 29, ""fp"": 15, ""precision"": 0.0, ""recall"": 0.0, ""tp"": 0}}"
fly_yolo_sppf_full_attention256_w16s8_seed42,w16s8,6,4,0.133333,4.0,699,213,lunge;wing_threat;charge;hold;tussle,0.06458292762090231,0.038166969147005445,0.04565543941153698,"{""charge"": {""f1"": 0.08, ""fn"": 11, ""fp"": 12, ""precision"": 0.07692307692307693, ""recall"": 0.08333333333333333, ""tp"": 1}, ""hold"": {""f1"": 0.0, ""fn"": 21, ""fp"": 7, ""precision"": 0.0, ""recall"": 0.0, ""tp"": 0}, ""lunge"": {""f1"": 0.005420054200542006, ""fn"": 578, ""fp"": 156, ""precision"": 0.012658227848101266, ""recall"": 0.0034482758620689655, ""tp"": 2}, ""tussle"": {""f1"": 0.051948051948051945, ""fn"": 55, ""fp"": 18, ""precision"": 0.1, ""recall"": 0.03508771929824561, ""tp"": 2}, ""wing_threat"": {""f1"": 0.09090909090909091, ""fn"": 27, ""fp"": 13, ""precision"": 0.13333333333333333, ""recall"": 0.06896551724137931, ""tp"": 2}}"
fly_yolo_sppf_full_attention256_w16s8_seed42,w16s8,6,5,0.166667,4.0,699,213,lunge;wing_threat;charge;hold;tussle,0.19234849538647006,0.09719816783337655,0.12269440045049802,"{""charge"": {""f1"": 0.16, ""fn"": 10, ""fp"": 11, ""precision"": 0.15384615384615385, ""recall"": 0.16666666666666666, ""tp"": 2}, ""hold"": {""f1"": 0.21428571428571427, ""fn"": 18, ""fp"": 4, ""precision"": 0.42857142857142855, ""recall"": 0.14285714285714285, ""tp"": 3}, ""lunge"": {""f1"": 0.005420054200542006, ""fn"": 578, ""fp"": 156, ""precision"": 0.012658227848101266, ""recall"": 0.0034482758620689655, ""tp"": 2}, ""tussle"": {""f1"": 0.051948051948051945, ""fn"": 55, ""fp"": 18, ""precision"": 0.1, ""recall"": 0.03508771929824561, ""tp"": 2}, ""wing_threat"": {""f1"": 0.18181818181818182, ""fn"": 25, ""fp"": 11, ""precision"": 0.26666666666666666, ""recall"": 0.13793103448275862, ""tp"": 4}}"
fly_yolo_sppf_full_attention256_w16s8_seed42,w16s8,6,6,0.2,4.0,699,213,lunge;wing_threat;charge;hold;tussle,0.2635818611767979,0.148867859303431,0.179697040087284,"{""charge"": {""f1"": 0.32, ""fn"": 8, ""fp"": 9, ""precision"": 0.3076923076923077, ""recall"": 0.3333333333333333, ""tp"": 4}, ""hold"": {""f1"": 0.21428571428571427, ""fn"": 18, ""fp"": 4, ""precision"": 0.42857142857142855, ""recall"": 0.14285714285714285, ""tp"": 3}, ""lunge"": {""f1"": 0.013550135501355013, ""fn"": 575, ""fp"": 153, ""precision"": 0.03164556962025317, ""recall"": 0.008620689655172414, ""tp"": 5}, ""tussle"": {""f1"": 0.0779220779220779, ""fn"": 54, ""fp"": 17, ""precision"": 0.15, ""recall"": 0.05263157894736842, ""tp"": 3}, ""wing_threat"": {""f1"": 0.2727272727272727, ""fn"": 23, ""fp"": 9, ""precision"": 0.4, ""recall"": 0.20689655172413793, ""tp"": 6}}"
fly_yolo_sppf_full_attention256_w16s8_seed42,w16s8,6,7,0.233333,4.0,699,213,lunge;wing_threat;charge;hold;tussle,0.3645221866740854,0.18298504882896896,0.23067370569809595,"{""charge"": {""f1"": 0.32, ""fn"": 8, ""fp"": 9, ""precision"": 0.3076923076923077, ""recall"": 0.3333333333333333, ""tp"": 4}, ""hold"": {""f1"": 0.35714285714285715, ""fn"": 16, ""fp"": 2, ""precision"": 0.7142857142857143, ""recall"": 0.23809523809523808, ""tp"": 5}, ""lunge"": {""f1"": 0.021680216802168025, ""fn"": 572, ""fp"": 150, ""precision"": 0.05063291139240506, ""recall"": 0.013793103448275862, ""tp"": 8}, ""tussle"": {""f1"": 0.1818181818181818, ""fn"": 50, ""fp"": 13, ""precision"": 0.35, ""recall"": 0.12280701754385964, ""tp"": 7}, ""wing_threat"": {""f1"": 0.2727272727272727, ""fn"": 23, ""fp"": 9, ""precision"": 0.4, ""recall"": 0.20689655172413793, ""tp"": 6}}"
fly_yolo_sppf_full_attention256_w16s8_seed42,w16s8,6,8,0.266667,4.0,699,213,lunge;wing_threat;charge;hold;tussle,0.40243844762832104,0.20735891452769856,0.2581473269278148,"{""charge"": {""f1"": 0.4, ""fn"": 7, ""fp"": 8, ""precision"": 0.38461538461538464, ""recall"": 0.4166666666666667, ""tp"": 5}, ""hold"": {""f1"": 0.35714285714285715, ""fn"": 16, ""fp"": 2, ""precision"": 0.7142857142857143, ""recall"": 0.23809523809523808, ""tp"": 5}, ""lunge"": {""f1"": 0.027100271002710025, ""fn"": 570, ""fp"": 148, ""precision"": 0.06329113924050633, ""recall"": 0.017241379310344827, ""tp"": 10}, ""tussle"": {""f1"": 0.23376623376623376, ""fn"": 48, ""fp"": 11, ""precision"": 0.45, ""recall"": 0.15789473684210525, ""tp"": 9}, ""wing_threat"": {""f1"": 0.2727272727272727, ""fn"": 23, ""fp"": 9, ""precision"": 0.4, ""recall"": 0.20689655172413793, ""tp"": 6}}"
fly_yolo_sppf_full_attention256_w16s8_seed42,w16s8,6,9,0.3,4.0,699,213,lunge;wing_threat;charge;hold;tussle,0.40370427041313117,0.20770374211390547,0.25868933234786895,"{""charge"": {""f1"": 0.4, ""fn"": 7, ""fp"": 8, ""precision"": 0.38461538461538464, ""recall"": 0.4166666666666667, ""tp"": 5}, ""hold"": {""f1"": 0.35714285714285715, ""fn"": 16, ""fp"": 2, ""precision"": 0.7142857142857143, ""recall"": 0.23809523809523808, ""tp"": 5}, ""lunge"": {""f1"": 0.029810298102981032, ""fn"": 569, ""fp"": 147, ""precision"": 0.06962025316455696, ""recall"": 0.01896551724137931, ""tp"": 11}, ""tussle"": {""f1"": 0.23376623376623376, ""fn"": 48, ""fp"": 11, ""precision"": 0.45, ""recall"": 0.15789473684210525, ""tp"": 9}, ""wing_threat"": {""f1"": 0.2727272727272727, ""fn"": 23, ""fp"": 9, ""precision"": 0.4, ""recall"": 0.20689655172413793, ""tp"": 6}}"
fly_yolo_sppf_full_attention256_w16s8_seed42,w16s8,6,10,0.333333,4.0,699,213,lunge;wing_threat;charge;hold;tussle,0.44210089488570503,0.22299714804252008,0.2803378735086052,"{""charge"": {""f1"": 0.4, ""fn"": 7, ""fp"": 8, ""precision"": 0.38461538461538464, ""recall"": 0.4166666666666667, ""tp"": 5}, ""hold"": {""f1"": 0.35714285714285715, ""fn"": 16, ""fp"": 2, ""precision"": 0.7142857142857143, ""recall"": 0.23809523809523808, ""tp"": 5}, ""lunge"": {""f1"": 0.04065040650406504, ""fn"": 565, ""fp"": 143, ""precision"": 0.0949367088607595, ""recall"": 0.02586206896551724, ""tp"": 15}, ""tussle"": {""f1"": 0.2857142857142857, ""fn"": 46, ""fp"": 9, ""precision"": 0.55, ""recall"": 0.19298245614035087, ""tp"": 11}, ""wing_threat"": {""f1"": 0.3181818181818182, ""fn"": 22, ""fp"": 8, ""precision"": 0.4666666666666667, ""recall"": 0.2413793103448276, ""tp"": 7}}"
fly_yolo_sppf_full_attention256_w16s8_seed42,w16s8,6,11,0.366667,4.0,699,213,lunge;wing_threat;charge;hold;tussle,0.47461631195808424,0.24759484919194538,0.3070547988596769,"{""charge"": {""f1"": 0.48000000000000004, ""fn"": 6, ""fp"": 7, ""precision"": 0.46153846153846156, ""recall"": 0.5, ""tp"": 6}, ""hold"": {""f1"": 0.35714285714285715, ""fn"": 16, ""fp"": 2, ""precision"": 0.7142857142857143, ""recall"": 0.23809523809523808, ""tp"": 5}, ""lunge"": {""f1"": 0.048780487804878044, ""fn"": 562, ""fp"": 140, ""precision"": 0.11392405063291139, ""recall"": 0.03103448275862069, ""tp"": 18}, ""tussle"": {""f1"": 0.2857142857142857, ""fn"": 46, ""fp"": 9, ""precision"": 0.55, ""recall"": 0.19298245614035087, ""tp"": 11}, ""wing_threat"": {""f1"": 0.36363636363636365, ""fn"": 21, ""fp"": 7, ""precision"": 0.5333333333333333, ""recall"": 0.27586206896551724, ""tp"": 8}}"
fly_yolo_sppf_full_attention256_w16s8_seed42,w16s8,6,12,0.4,4.0,699,213,lunge;wing_threat;charge;hold;tussle,0.5544373348170816,0.2883890761386224,0.3579050434660191,"{""charge"": {""f1"": 0.5599999999999999, ""fn"": 5, ""fp"": 6, ""precision"": 0.5384615384615384, ""recall"": 0.5833333333333334, ""tp"": 7}, ""hold"": {""f1"": 0.42857142857142855, ""fn"": 15, ""fp"": 1, ""precision"": 0.8571428571428571, ""recall"": 0.2857142857142857, ""tp"": 6}, ""lunge"": {""f1"": 0.05420054200542005, ""fn"": 560, ""fp"": 138, ""precision"": 0.12658227848101267, ""recall"": 0.034482758620689655, ""tp"": 20}, ""tussle"": {""f1"": 0.33766233766233766, ""fn"": 44, ""fp"": 7, ""precision"": 0.65, ""recall"": 0.22807017543859648, ""tp"": 13}, ""wing_threat"": {""f1"": 0.4090909090909091, ""fn"": 20, ""fp"": 6, ""precision"": 0.6, ""recall"": 0.3103448275862069, ""tp"": 9}}"
fly_yolo_sppf_full_attention256_w16s8_seed42,w16s8,6,13,0.433333,4.0,699,213,lunge;wing_threat;charge;hold;tussle,0.5682348031715121,0.29293233082706766,0.36472586492098685,"{""charge"": {""f1"": 0.5599999999999999, ""fn"": 5, ""fp"": 6, ""precision"": 0.5384615384615384, ""recall"": 0.5833333333333334, ""tp"": 7}, ""hold"": {""f1"": 0.42857142857142855, ""fn"": 15, ""fp"": 1, ""precision"": 0.8571428571428571, ""recall"": 0.2857142857142857, ""tp"": 6}, ""lunge"": {""f1"": 0.06233062330623307, ""fn"": 557, ""fp"": 135, ""precision"": 0.14556962025316456, ""recall"": 0.039655172413793106, ""tp"": 23}, ""tussle"": {""f1"": 0.3636363636363636, ""fn"": 43, ""fp"": 6, ""precision"": 0.7, ""recall"": 0.24561403508771928, ""tp"": 14}, ""wing_threat"": {""f1"": 0.4090909090909091, ""fn"": 20, ""fp"": 6, ""precision"": 0.6, ""recall"": 0.3103448275862069, ""tp"": 9}}"
fly_yolo_sppf_full_attention256_w16s8_seed42,w16s8,6,14,0.466667,4.0,699,213,lunge;wing_threat;charge;hold;tussle,0.5732980943107526,0.29431164117189523,0.36689388660120364,"{""charge"": {""f1"": 0.5599999999999999, ""fn"": 5, ""fp"": 6, ""precision"": 0.5384615384615384, ""recall"": 0.5833333333333334, ""tp"": 7}, ""hold"": {""f1"": 0.42857142857142855, ""fn"": 15, ""fp"": 1, ""precision"": 0.8571428571428571, ""recall"": 0.2857142857142857, ""tp"": 6}, ""lunge"": {""f1"": 0.07317073170731708, ""fn"": 553, ""fp"": 131, ""precision"": 0.17088607594936708, ""recall"": 0.04655172413793104, ""tp"": 27}, ""tussle"": {""f1"": 0.3636363636363636, ""fn"": 43, ""fp"": 6, ""precision"": 0.7, ""recall"": 0.24561403508771928, ""tp"": 14}, ""wing_threat"": {""f1"": 0.4090909090909091, ""fn"": 20, ""fp"": 6, ""precision"": 0.6, ""recall"": 0.3103448275862069, ""tp"": 9}}"
fly_yolo_sppf_full_attention256_w16s8_seed42,w16s8,6,15,0.5,4.0,699,213,lunge;wing_threat;charge;hold;tussle,0.5745639170955628,0.2946564687581021,0.36743589202125787,"{""charge"": {""f1"": 0.5599999999999999, ""fn"": 5, ""fp"": 6, ""precision"": 0.5384615384615384, ""recall"": 0.5833333333333334, ""tp"": 7}, ""hold"": {""f1"": 0.42857142857142855, ""fn"": 15, ""fp"": 1, ""precision"": 0.8571428571428571, ""recall"": 0.2857142857142857, ""tp"": 6}, ""lunge"": {""f1"": 0.07588075880758807, ""fn"": 552, ""fp"": 130, ""precision"": 0.17721518987341772, ""recall"": 0.04827586206896552, ""tp"": 28}, ""tussle"": {""f1"": 0.3636363636363636, ""fn"": 43, ""fp"": 6, ""precision"": 0.7, ""recall"": 0.24561403508771928, ""tp"": 14}, ""wing_threat"": {""f1"": 0.4090909090909091, ""fn"": 20, ""fp"": 6, ""precision"": 0.6, ""recall"": 0.3103448275862069, ""tp"": 9}}"
fly_yolo_sppf_full_attention256_w16s8_seed42,w16s8,6,16,0.533333,4.0,699,213,lunge;wing_threat;charge;hold;tussle,0.5870955626651829,0.29885489586034053,0.37371470805617146,"{""charge"": {""f1"": 0.5599999999999999, ""fn"": 5, ""fp"": 6, ""precision"": 0.5384615384615384, ""recall"": 0.5833333333333334, ""tp"": 7}, ""hold"": {""f1"": 0.42857142857142855, ""fn"": 15, ""fp"": 1, ""precision"": 0.8571428571428571, ""recall"": 0.2857142857142857, ""tp"": 6}, ""lunge"": {""f1"": 0.08130081300813008, ""fn"": 550, ""fp"": 128, ""precision"": 0.189873417721519, ""recall"": 0.05172413793103448, ""tp"": 30}, ""tussle"": {""f1"": 0.38961038961038963, ""fn"": 42, ""fp"": 5, ""precision"": 0.75, ""recall"": 0.2631578947368421, ""tp"": 15}, ""wing_threat"": {""f1"": 0.4090909090909091, ""fn"": 20, ""fp"": 6, ""precision"": 0.6, ""recall"": 0.3103448275862069, ""tp"": 9}}"
fly_yolo_sppf_full_attention256_w16s8_seed42,w16s8,6,17,0.566667,4.0,699,213,lunge;wing_threat;charge;hold;tussle,0.5983613854499931,0.302708495376372,0.3794515186710309,"{""charge"": {""f1"": 0.5599999999999999, ""fn"": 5, ""fp"": 6, ""precision"": 0.5384615384615384, ""recall"": 0.5833333333333334, ""tp"": 7}, ""hold"": {""f1"": 0.42857142857142855, ""fn"": 15, ""fp"": 1, ""precision"": 0.8571428571428571, ""recall"": 0.2857142857142857, ""tp"": 6}, ""lunge"": {""f1"": 0.08401084010840108, ""fn"": 549, ""fp"": 127, ""precision"": 0.1962025316455696, ""recall"": 0.05344827586206897, ""tp"": 31}, ""tussle"": {""f1"": 0.41558441558441556, ""fn"": 41, ""fp"": 4, ""precision"": 0.8, ""recall"": 0.2807017543859649, ""tp"": 16}, ""wing_threat"": {""f1"": 0.4090909090909091, ""fn"": 20, ""fp"": 6, ""precision"": 0.6, ""recall"": 0.3103448275862069, ""tp"": 9}}"
fly_yolo_sppf_full_attention256_w16s8_seed42,w16s8,6,18,0.6,4.0,699,213,lunge;wing_threat;charge;hold;tussle,0.6021588538044235,0.3037429781349926,0.38107753493119345,"{""charge"": {""f1"": 0.5599999999999999, ""fn"": 5, ""fp"": 6, ""precision"": 0.5384615384615384, ""recall"": 0.5833333333333334, ""tp"": 7}, ""hold"": {""f1"": 0.42857142857142855, ""fn"": 15, ""fp"": 1, ""precision"": 0.8571428571428571, ""recall"": 0.2857142857142857, ""tp"": 6}, ""lunge"": {""f1"": 0.0921409214092141, ""fn"": 546, ""fp"": 124, ""precision"": 0.21518987341772153, ""recall"": 0.05862068965517241, ""tp"": 34}, ""tussle"": {""f1"": 0.41558441558441556, ""fn"": 41, ""fp"": 4, ""precision"": 0.8, ""recall"": 0.2807017543859649, ""tp"": 16}, ""wing_threat"": {""f1"": 0.4090909090909091, ""fn"": 20, ""fp"": 6, ""precision"": 0.6, ""recall"": 0.3103448275862069, ""tp"": 9}}"
fly_yolo_sppf_full_attention256_w16s8_seed42,w16s8,6,19,0.633333,4.0,699,213,lunge;wing_threat;charge;hold;tussle,0.6059563221588539,0.30477746089361335,0.3827035511913561,"{""charge"": {""f1"": 0.5599999999999999, ""fn"": 5, ""fp"": 6, ""precision"": 0.5384615384615384, ""recall"": 0.5833333333333334, ""tp"": 7}, ""hold"": {""f1"": 0.42857142857142855, ""fn"": 15, ""fp"": 1, ""precision"": 0.8571428571428571, ""recall"": 0.2857142857142857, ""tp"": 6}, ""lunge"": {""f1"": 0.1002710027100271, ""fn"": 543, ""fp"": 121, ""precision"": 0.23417721518987342, ""recall"": 0.06379310344827586, ""tp"": 37}, ""tussle"": {""f1"": 0.41558441558441556, ""fn"": 41, ""fp"": 4, ""precision"": 0.8, ""recall"": 0.2807017543859649, ""tp"": 16}, ""wing_threat"": {""f1"": 0.4090909090909091, ""fn"": 20, ""fp"": 6, ""precision"": 0.6, ""recall"": 0.3103448275862069, ""tp"": 9}}"
fly_yolo_sppf_full_attention256_w16s8_seed42,w16s8,6,20,0.666667,4.0,699,213,lunge;wing_threat;charge;hold;tussle,0.628487967728474,0.3124846599256763,0.39417717242107486,"{""charge"": {""f1"": 0.5599999999999999, ""fn"": 5, ""fp"": 6, ""precision"": 0.5384615384615384, ""recall"": 0.5833333333333334, ""tp"": 7}, ""hold"": {""f1"": 0.42857142857142855, ""fn"": 15, ""fp"": 1, ""precision"": 0.8571428571428571, ""recall"": 0.2857142857142857, ""tp"": 6}, ""lunge"": {""f1"": 0.1056910569105691, ""fn"": 541, ""fp"": 119, ""precision"": 0.2468354430379747, ""recall"": 0.06724137931034482, ""tp"": 39}, ""tussle"": {""f1"": 0.4675324675324675, ""fn"": 39, ""fp"": 2, ""precision"": 0.9, ""recall"": 0.3157894736842105, ""tp"": 18}, ""wing_threat"": {""f1"": 0.4090909090909091, ""fn"": 20, ""fp"": 6, ""precision"": 0.6, ""recall"": 0.3103448275862069, ""tp"": 9}}"
fly_yolo_sppf_full_attention256_w16s8_seed42,w16s8,6,21,0.7,4.0,699,213,lunge;wing_threat;charge;hold;tussle,0.6297537905132842,0.3128294875118832,0.39471917784112903,"{""charge"": {""f1"": 0.5599999999999999, ""fn"": 5, ""fp"": 6, ""precision"": 0.5384615384615384, ""recall"": 0.5833333333333334, ""tp"": 7}, ""hold"": {""f1"": 0.42857142857142855, ""fn"": 15, ""fp"": 1, ""precision"": 0.8571428571428571, ""recall"": 0.2857142857142857, ""tp"": 6}, ""lunge"": {""f1"": 0.1084010840108401, ""fn"": 540, ""fp"": 118, ""precision"": 0.25316455696202533, ""recall"": 0.06896551724137931, ""tp"": 40}, ""tussle"": {""f1"": 0.4675324675324675, ""fn"": 39, ""fp"": 2, ""precision"": 0.9, ""recall"": 0.3157894736842105, ""tp"": 18}, ""wing_threat"": {""f1"": 0.4090909090909091, ""fn"": 20, ""fp"": 6, ""precision"": 0.6, ""recall"": 0.3103448275862069, ""tp"": 9}}"
fly_yolo_sppf_full_attention256_w16s8_seed42,w16s8,6,22,0.733333,4.0,699,213,lunge;wing_threat;charge;hold;tussle,0.6348170816525247,0.31420879785671074,0.3968871995213458,"{""charge"": {""f1"": 0.5599999999999999, ""fn"": 5, ""fp"": 6, ""precision"": 0.5384615384615384, ""recall"": 0.5833333333333334, ""tp"": 7}, ""hold"": {""f1"": 0.42857142857142855, ""fn"": 15, ""fp"": 1, ""precision"": 0.8571428571428571, ""recall"": 0.2857142857142857, ""tp"": 6}, ""lunge"": {""f1"": 0.11924119241192413, ""fn"": 536, ""fp"": 114, ""precision"": 0.27848101265822783, ""recall"": 0.07586206896551724, ""tp"": 44}, ""tussle"": {""f1"": 0.4675324675324675, ""fn"": 39, ""fp"": 2, ""precision"": 0.9, ""recall"": 0.3157894736842105, ""tp"": 18}, ""wing_threat"": {""f1"": 0.4090909090909091, ""fn"": 20, ""fp"": 6, ""precision"": 0.6, ""recall"": 0.3103448275862069, ""tp"": 9}}"
fly_yolo_sppf_full_attention256_w16s8_seed42,w16s8,6,23,0.766667,4.0,699,213,lunge;wing_threat;charge;hold;tussle,0.6519478833402884,0.3221398323394694,0.40760412487241754,"{""charge"": {""f1"": 0.5599999999999999, ""fn"": 5, ""fp"": 6, ""precision"": 0.5384615384615384, ""recall"": 0.5833333333333334, ""tp"": 7}, ""hold"": {""f1"": 0.42857142857142855, ""fn"": 15, ""fp"": 1, ""precision"": 0.8571428571428571, ""recall"": 0.2857142857142857, ""tp"": 6}, ""lunge"": {""f1"": 0.1273712737127371, ""fn"": 533, ""fp"": 111, ""precision"": 0.2974683544303797, ""recall"": 0.08103448275862069, ""tp"": 47}, ""tussle"": {""f1"": 0.4675324675324675, ""fn"": 39, ""fp"": 2, ""precision"": 0.9, ""recall"": 0.3157894736842105, ""tp"": 18}, ""wing_threat"": {""f1"": 0.4545454545454545, ""fn"": 19, ""fp"": 5, ""precision"": 0.6666666666666666, ""recall"": 0.3448275862068966, ""tp"": 10}}"
fly_yolo_sppf_full_attention256_w16s8_seed42,w16s8,6,24,0.8,4.0,699,213,lunge;wing_threat;charge;hold;tussle,0.657011174479529,0.32351914268429693,0.4097721465526344,"{""charge"": {""f1"": 0.5599999999999999, ""fn"": 5, ""fp"": 6, ""precision"": 0.5384615384615384, ""recall"": 0.5833333333333334, ""tp"": 7}, ""hold"": {""f1"": 0.42857142857142855, ""fn"": 15, ""fp"": 1, ""precision"": 0.8571428571428571, ""recall"": 0.2857142857142857, ""tp"": 6}, ""lunge"": {""f1"": 0.13821138211382114, ""fn"": 529, ""fp"": 107, ""precision"": 0.3227848101265823, ""recall"": 0.08793103448275862, ""tp"": 51}, ""tussle"": {""f1"": 0.4675324675324675, ""fn"": 39, ""fp"": 2, ""precision"": 0.9, ""recall"": 0.3157894736842105, ""tp"": 18}, ""wing_threat"": {""f1"": 0.4545454545454545, ""fn"": 19, ""fp"": 5, ""precision"": 0.6666666666666666, ""recall"": 0.3448275862068966, ""tp"": 10}}"
fly_yolo_sppf_full_attention256_w16s8_seed42,w16s8,6,25,0.833333,4.0,699,213,lunge;wing_threat;charge;hold;tussle,0.6671377567580099,0.3262777633739521,0.4141081899130679,"{""charge"": {""f1"": 0.5599999999999999, ""fn"": 5, ""fp"": 6, ""precision"": 0.5384615384615384, ""recall"": 0.5833333333333334, ""tp"": 7}, ""hold"": {""f1"": 0.42857142857142855, ""fn"": 15, ""fp"": 1, ""precision"": 0.8571428571428571, ""recall"": 0.2857142857142857, ""tp"": 6}, ""lunge"": {""f1"": 0.15989159891598917, ""fn"": 521, ""fp"": 99, ""precision"": 0.37341772151898733, ""recall"": 0.10172413793103448, ""tp"": 59}, ""tussle"": {""f1"": 0.4675324675324675, ""fn"": 39, ""fp"": 2, ""precision"": 0.9, ""recall"": 0.3157894736842105, ""tp"": 18}, ""wing_threat"": {""f1"": 0.4545454545454545, ""fn"": 19, ""fp"": 5, ""precision"": 0.6666666666666666, ""recall"": 0.3448275862068966, ""tp"": 10}}"
fly_yolo_sppf_full_attention256_w16s8_seed42,w16s8,6,26,0.866667,4.0,699,213,lunge;wing_threat;charge;hold;tussle,0.6722010478972504,0.3276570737187797,0.4162762115932847,"{""charge"": {""f1"": 0.5599999999999999, ""fn"": 5, ""fp"": 6, ""precision"": 0.5384615384615384, ""recall"": 0.5833333333333334, ""tp"": 7}, ""hold"": {""f1"": 0.42857142857142855, ""fn"": 15, ""fp"": 1, ""precision"": 0.8571428571428571, ""recall"": 0.2857142857142857, ""tp"": 6}, ""lunge"": {""f1"": 0.17073170731707318, ""fn"": 517, ""fp"": 95, ""precision"": 0.3987341772151899, ""recall"": 0.10862068965517241, ""tp"": 63}, ""tussle"": {""f1"": 0.4675324675324675, ""fn"": 39, ""fp"": 2, ""precision"": 0.9, ""recall"": 0.3157894736842105, ""tp"": 18}, ""wing_threat"": {""f1"": 0.4545454545454545, ""fn"": 19, ""fp"": 5, ""precision"": 0.6666666666666666, ""recall"": 0.3448275862068966, ""tp"": 10}}"
fly_yolo_sppf_full_attention256_w16s8_seed42,w16s8,6,27,0.9,4.0,699,213,lunge;wing_threat;charge;hold;tussle,0.6759985162516807,0.3286915564774004,0.41790222785344733,"{""charge"": {""f1"": 0.5599999999999999, ""fn"": 5, ""fp"": 6, ""precision"": 0.5384615384615384, ""recall"": 0.5833333333333334, ""tp"": 7}, ""hold"": {""f1"": 0.42857142857142855, ""fn"": 15, ""fp"": 1, ""precision"": 0.8571428571428571, ""recall"": 0.2857142857142857, ""tp"": 6}, ""lunge"": {""f1"": 0.1788617886178862, ""fn"": 514, ""fp"": 92, ""precision"": 0.4177215189873418, ""recall"": 0.11379310344827587, ""tp"": 66}, ""tussle"": {""f1"": 0.4675324675324675, ""fn"": 39, ""fp"": 2, ""precision"": 0.9, ""recall"": 0.3157894736842105, ""tp"": 18}, ""wing_threat"": {""f1"": 0.4545454545454545, ""fn"": 19, ""fp"": 5, ""precision"": 0.6666666666666666, ""recall"": 0.3448275862068966, ""tp"": 10}}"
fly_yolo_sppf_full_attention256_w16s8_seed42,w16s8,6,28,0.933333,4.0,699,213,lunge;wing_threat;charge;hold;tussle,0.678530161821301,0.32938121164981415,0.4189862386935557,"{""charge"": {""f1"": 0.5599999999999999, ""fn"": 5, ""fp"": 6, ""precision"": 0.5384615384615384, ""recall"": 0.5833333333333334, ""tp"": 7}, ""hold"": {""f1"": 0.42857142857142855, ""fn"": 15, ""fp"": 1, ""precision"": 0.8571428571428571, ""recall"": 0.2857142857142857, ""tp"": 6}, ""lunge"": {""f1"": 0.1842818428184282, ""fn"": 512, ""fp"": 90, ""precision"": 0.43037974683544306, ""recall"": 0.11724137931034483, ""tp"": 68}, ""tussle"": {""f1"": 0.4675324675324675, ""fn"": 39, ""fp"": 2, ""precision"": 0.9, ""recall"": 0.3157894736842105, ""tp"": 18}, ""wing_threat"": {""f1"": 0.4545454545454545, ""fn"": 19, ""fp"": 5, ""precision"": 0.6666666666666666, ""recall"": 0.3448275862068966, ""tp"": 10}}"
fly_yolo_sppf_full_attention256_w16s8_seed42,w16s8,6,29,0.966667,4.0,699,213,lunge;wing_threat;charge;hold;tussle,0.6810618073909213,0.330070866822228,0.4200702495336642,"{""charge"": {""f1"": 0.5599999999999999, ""fn"": 5, ""fp"": 6, ""precision"": 0.5384615384615384, ""recall"": 0.5833333333333334, ""tp"": 7}, ""hold"": {""f1"": 0.42857142857142855, ""fn"": 15, ""fp"": 1, ""precision"": 0.8571428571428571, ""recall"": 0.2857142857142857, ""tp"": 6}, ""lunge"": {""f1"": 0.1897018970189702, ""fn"": 510, ""fp"": 88, ""precision"": 0.4430379746835443, ""recall"": 0.1206896551724138, ""tp"": 70}, ""tussle"": {""f1"": 0.4675324675324675, ""fn"": 39, ""fp"": 2, ""precision"": 0.9, ""recall"": 0.3157894736842105, ""tp"": 18}, ""wing_threat"": {""f1"": 0.4545454545454545, ""fn"": 19, ""fp"": 5, ""precision"": 0.6666666666666666, ""recall"": 0.3448275862068966, ""tp"": 10}}"
fly_yolo_sppf_full_attention256_w16s8_seed42,w16s8,6,30,1.0,4.0,699,213,lunge;wing_threat;charge;hold;tussle,0.6835934529605415,0.3307605219946418,0.4211542603737725,"{""charge"": {""f1"": 0.5599999999999999, ""fn"": 5, ""fp"": 6, ""precision"": 0.5384615384615384, ""recall"": 0.5833333333333334, ""tp"": 7}, ""hold"": {""f1"": 0.42857142857142855, ""fn"": 15, ""fp"": 1, ""precision"": 0.8571428571428571, ""recall"": 0.2857142857142857, ""tp"": 6}, ""lunge"": {""f1"": 0.19512195121951217, ""fn"": 508, ""fp"": 86, ""precision"": 0.45569620253164556, ""recall"": 0.12413793103448276, ""tp"": 72}, ""tussle"": {""f1"": 0.4675324675324675, ""fn"": 39, ""fp"": 2, ""precision"": 0.9, ""recall"": 0.3157894736842105, ""tp"": 18}, ""wing_threat"": {""f1"": 0.4545454545454545, ""fn"": 19, ""fp"": 5, ""precision"": 0.6666666666666666, ""recall"": 0.3448275862068966, ""tp"": 10}}"
fly_yolo_sppf_full_attention256_w16s8_seed42,w16s8,7,0,0.0,4.0,424,182,lunge;wing_threat;charge;hold;tussle,0.0,0.0,0.0,"{""charge"": {""f1"": 0.0, ""fn"": 1, ""fp"": 7, ""precision"": 0.0, ""recall"": 0.0, ""tp"": 0}, ""hold"": {""f1"": 0.0, ""fn"": 9, ""fp"": 5, ""precision"": 0.0, ""recall"": 0.0, ""tp"": 0}, ""lunge"": {""f1"": 0.0, ""fn"": 335, ""fp"": 107, ""precision"": 0.0, ""recall"": 0.0, ""tp"": 0}, ""tussle"": {""f1"": 0.0, ""fn"": 75, ""fp"": 25, ""precision"": 0.0, ""recall"": 0.0, ""tp"": 0}, ""wing_threat"": {""f1"": 0.0, ""fn"": 4, ""fp"": 38, ""precision"": 0.0, ""recall"": 0.0, ""tp"": 0}}"
fly_yolo_sppf_full_attention256_w16s8_seed42,w16s8,7,1,0.033333,4.0,424,182,lunge;wing_threat;charge;hold;tussle,0.017869158878504675,0.005930348258706468,0.008904977375565611,"{""charge"": {""f1"": 0.0, ""fn"": 1, ""fp"": 7, ""precision"": 0.0, ""recall"": 0.0, ""tp"": 0}, ""hold"": {""f1"": 0.0, ""fn"": 9, ""fp"": 5, ""precision"": 0.0, ""recall"": 0.0, ""tp"": 0}, ""lunge"": {""f1"": 0.004524886877828055, ""fn"": 334, ""fp"": 106, ""precision"": 0.009345794392523364, ""recall"": 0.0029850746268656717, ""tp"": 1}, ""tussle"": {""f1"": 0.04, ""fn"": 73, ""fp"": 23, ""precision"": 0.08, ""recall"": 0.02666666666666667, ""tp"": 2}, ""wing_threat"": {""f1"": 0.0, ""fn"": 4, ""fp"": 38, ""precision"": 0.0, ""recall"": 0.0, ""tp"": 0}}"
fly_yolo_sppf_full_attention256_w16s8_seed42,w16s8,7,2,0.066667,4.0,424,182,lunge;wing_threat;charge;hold;tussle,0.027738317757009346,0.009194029850746268,0.01380995475113122,"{""charge"": {""f1"": 0.0, ""fn"": 1, ""fp"": 7, ""precision"": 0.0, ""recall"": 0.0, ""tp"": 0}, ""hold"": {""f1"": 0.0, ""fn"": 9, ""fp"": 5, ""precision"": 0.0, ""recall"": 0.0, ""tp"": 0}, ""lunge"": {""f1"": 0.00904977375565611, ""fn"": 333, ""fp"": 105, ""precision"": 0.018691588785046728, ""recall"": 0.005970149253731343, ""tp"": 2}, ""tussle"": {""f1"": 0.05999999999999999, ""fn"": 72, ""fp"": 22, ""precision"": 0.12, ""recall"": 0.04, ""tp"": 3}, ""wing_threat"": {""f1"": 0.0, ""fn"": 4, ""fp"": 38, ""precision"": 0.0, ""recall"": 0.0, ""tp"": 0}}"
fly_yolo_sppf_full_attention256_w16s8_seed42,w16s8,7,3,0.1,4.0,424,182,lunge;wing_threat;charge;hold;tussle,0.027738317757009346,0.009194029850746268,0.01380995475113122,"{""charge"": {""f1"": 0.0, ""fn"": 1, ""fp"": 7, ""precision"": 0.0, ""recall"": 0.0, ""tp"": 0}, ""hold"": {""f1"": 0.0, ""fn"": 9, ""fp"": 5, ""precision"": 0.0, ""recall"": 0.0, ""tp"": 0}, ""lunge"": {""f1"": 0.00904977375565611, ""fn"": 333, ""fp"": 105, ""precision"": 0.018691588785046728, ""recall"": 0.005970149253731343, ""tp"": 2}, ""tussle"": {""f1"": 0.05999999999999999, ""fn"": 72, ""fp"": 22, ""precision"": 0.12, ""recall"": 0.04, ""tp"": 3}, ""wing_threat"": {""f1"": 0.0, ""fn"": 4, ""fp"": 38, ""precision"": 0.0, ""recall"": 0.0, ""tp"": 0}}"
fly_yolo_sppf_full_attention256_w16s8_seed42,w16s8,7,4,0.133333,4.0,424,182,lunge;wing_threat;charge;hold;tussle,0.10073979340875554,0.09061028192371476,0.06571514759750054,"{""charge"": {""f1"": 0.0, ""fn"": 1, ""fp"": 7, ""precision"": 0.0, ""recall"": 0.0, ""tp"": 0}, ""hold"": {""f1"": 0.14285714285714285, ""fn"": 8, ""fp"": 4, ""precision"": 0.2, ""recall"": 0.1111111111111111, ""tp"": 1}, ""lunge"": {""f1"": 0.01809954751131222, ""fn"": 331, ""fp"": 103, ""precision"": 0.037383177570093455, ""recall"": 0.011940298507462687, ""tp"": 4}, ""tussle"": {""f1"": 0.11999999999999998, ""fn"": 69, ""fp"": 19, ""precision"": 0.24, ""recall"": 0.08, ""tp"": 6}, ""wing_threat"": {""f1"": 0.04761904761904762, ""fn"": 3, ""fp"": 37, ""precision"": 0.02631578947368421, ""recall"": 0.25, ""tp"": 1}}"
fly_yolo_sppf_full_attention256_w16s8_seed42,w16s8,7,5,0.166667,4.0,424,182,lunge;wing_threat;charge;hold;tussle,0.1124781111657649,0.0944709784411277,0.07152510234863177,"{""charge"": {""f1"": 0.0, ""fn"": 1, ""fp"": 7, ""precision"": 0.0, ""recall"": 0.0, ""tp"": 0}, ""hold"": {""f1"": 0.14285714285714285, ""fn"": 8, ""fp"": 4, ""precision"": 0.2, ""recall"": 0.1111111111111111, ""tp"": 1}, ""lunge"": {""f1"": 0.027149321266968326, ""fn"": 329, ""fp"": 101, ""precision"": 0.056074766355140186, ""recall"": 0.01791044776119403, ""tp"": 6}, ""tussle"": {""f1"": 0.14, ""fn"": 68, ""fp"": 18, ""precision"": 0.28, ""recall"": 0.09333333333333334, ""tp"": 7}, ""wing_threat"": {""f1"": 0.04761904761904762, ""fn"": 3, ""fp"": 37, ""precision"": 0.02631578947368421, ""recall"": 0.25, ""tp"": 1}}"
fly_yolo_sppf_full_attention256_w16s8_seed42,w16s8,7,6,0.2,4.0,424,182,lunge;wing_threat;charge;hold;tussle,0.11621642892277424,0.09566500829187397,0.07333505709976298,"{""charge"": {""f1"": 0.0, ""fn"": 1, ""fp"": 7, ""precision"": 0.0, ""recall"": 0.0, ""tp"": 0}, ""hold"": {""f1"": 0.14285714285714285, ""fn"": 8, ""fp"": 4, ""precision"": 0.2, ""recall"": 0.1111111111111111, ""tp"": 1}, ""lunge"": {""f1"": 0.03619909502262444, ""fn"": 327, ""fp"": 99, ""precision"": 0.07476635514018691, ""recall"": 0.023880597014925373, ""tp"": 8}, ""tussle"": {""f1"": 0.14, ""fn"": 68, ""fp"": 18, ""precision"": 0.28, ""recall"": 0.09333333333333334, ""tp"": 7}, ""wing_threat"": {""f1"": 0.04761904761904762, ""fn"": 3, ""fp"": 37, ""precision"": 0.02631578947368421, ""recall"": 0.25, ""tp"": 1}}"
fly_yolo_sppf_full_attention256_w16s8_seed42,w16s8,7,7,0.233333,4.0,424,182,lunge;wing_threat;charge;hold;tussle,0.1340855878012789,0.10159535655058043,0.0822400344753286,"{""charge"": {""f1"": 0.0, ""fn"": 1, ""fp"": 7, ""precision"": 0.0, ""recall"": 0.0, ""tp"": 0}, ""hold"": {""f1"": 0.14285714285714285, ""fn"": 8, ""fp"": 4, ""precision"": 0.2, ""recall"": 0.1111111111111111, ""tp"": 1}, ""lunge"": {""f1"": 0.04072398190045249, ""fn"": 326, ""fp"": 98, ""precision"": 0.08411214953271028, ""recall"": 0.026865671641791045, ""tp"": 9}, ""tussle"": {""f1"": 0.18, ""fn"": 66, ""fp"": 16, ""precision"": 0.36, ""recall"": 0.12, ""tp"": 9}, ""wing_threat"": {""f1"": 0.04761904761904762, ""fn"": 3, ""fp"": 37, ""precision"": 0.02631578947368421, ""recall"": 0.25, ""tp"": 1}}"
fly_yolo_sppf_full_attention256_w16s8_seed42,w16s8,7,8,0.266667,4.0,424,182,lunge;wing_threat;charge;hold;tussle,0.15995474667978357,0.11019237147595355,0.09514501185089419,"{""charge"": {""f1"": 0.0, ""fn"": 1, ""fp"": 7, ""precision"": 0.0, ""recall"": 0.0, ""tp"": 0}, ""hold"": {""f1"": 0.14285714285714285, ""fn"": 8, ""fp"": 4, ""precision"": 0.2, ""recall"": 0.1111111111111111, ""tp"": 1}, ""lunge"": {""f1"": 0.04524886877828054, ""fn"": 325, ""fp"": 97, ""precision"": 0.09345794392523364, ""recall"": 0.029850746268656716, ""tp"": 10}, ""tussle"": {""f1"": 0.23999999999999996, ""fn"": 63, ""fp"": 13, ""precision"": 0.48, ""recall"": 0.16, ""tp"": 12}, ""wing_threat"": {""f1"": 0.04761904761904762, ""fn"": 3, ""fp"": 37, ""precision"": 0.02631578947368421, ""recall"": 0.25, ""tp"": 1}}"
fly_yolo_sppf_full_attention256_w16s8_seed42,w16s8,7,9,0.3,4.0,424,182,lunge;wing_threat;charge;hold;tussle,0.16182390555828824,0.1107893864013267,0.0960499892264598,"{""charge"": {""f1"": 0.0, ""fn"": 1, ""fp"": 7, ""precision"": 0.0, ""recall"": 0.0, ""tp"": 0}, ""hold"": {""f1"": 0.14285714285714285, ""fn"": 8, ""fp"": 4, ""precision"": 0.2, ""recall"": 0.1111111111111111, ""tp"": 1}, ""lunge"": {""f1"": 0.049773755656108594, ""fn"": 324, ""fp"": 96, ""precision"": 0.102803738317757, ""recall"": 0.03283582089552239, ""tp"": 11}, ""tussle"": {""f1"": 0.23999999999999996, ""fn"": 63, ""fp"": 13, ""precision"": 0.48, ""recall"": 0.16, ""tp"": 12}, ""wing_threat"": {""f1"": 0.04761904761904762, ""fn"": 3, ""fp"": 37, ""precision"": 0.02631578947368421, ""recall"": 0.25, ""tp"": 1}}"
fly_yolo_sppf_full_attention256_w16s8_seed42,w16s8,7,10,0.333333,4.0,424,182,lunge;wing_threat;charge;hold;tussle,0.16556222331529757,0.11198341625207298,0.09785994397759104,"{""charge"": {""f1"": 0.0, ""fn"": 1, ""fp"": 7, ""precision"": 0.0, ""recall"": 0.0, ""tp"": 0}, ""hold"": {""f1"": 0.14285714285714285, ""fn"": 8, ""fp"": 4, ""precision"": 0.2, ""recall"": 0.1111111111111111, ""tp"": 1}, ""lunge"": {""f1"": 0.058823529411764705, ""fn"": 322, ""fp"": 94, ""precision"": 0.12149532710280374, ""recall"": 0.03880597014925373, ""tp"": 13}, ""tussle"": {""f1"": 0.23999999999999996, ""fn"": 63, ""fp"": 13, ""precision"": 0.48, ""recall"": 0.16, ""tp"": 12}, ""wing_threat"": {""f1"": 0.04761904761904762, ""fn"": 3, ""fp"": 37, ""precision"": 0.02631578947368421, ""recall"": 0.25, ""tp"": 1}}"
fly_yolo_sppf_full_attention256_w16s8_seed42,w16s8,7,11,0.366667,4.0,424,182,lunge;wing_threat;charge;hold;tussle,0.16556222331529757,0.11198341625207298,0.09785994397759104,"{""charge"": {""f1"": 0.0, ""fn"": 1, ""fp"": 7, ""precision"": 0.0, ""recall"": 0.0, ""tp"": 0}, ""hold"": {""f1"": 0.14285714285714285, ""fn"": 8, ""fp"": 4, ""precision"": 0.2, ""recall"": 0.1111111111111111, ""tp"": 1}, ""lunge"": {""f1"": 0.058823529411764705, ""fn"": 322, ""fp"": 94, ""precision"": 0.12149532710280374, ""recall"": 0.03880597014925373, ""tp"": 13}, ""tussle"": {""f1"": 0.23999999999999996, ""fn"": 63, ""fp"": 13, ""precision"": 0.48, ""recall"": 0.16, ""tp"": 12}, ""wing_threat"": {""f1"": 0.04761904761904762, ""fn"": 3, ""fp"": 37, ""precision"": 0.02631578947368421, ""recall"": 0.25, ""tp"": 1}}"
fly_yolo_sppf_full_attention256_w16s8_seed42,w16s8,7,12,0.4,4.0,424,182,lunge;wing_threat;charge;hold;tussle,0.26343138219380224,0.16235820895522385,0.1639077784960138,"{""charge"": {""f1"": 0.0, ""fn"": 1, ""fp"": 7, ""precision"": 0.0, ""recall"": 0.0, ""tp"": 0}, ""hold"": {""f1"": 0.42857142857142855, ""fn"": 6, ""fp"": 2, ""precision"": 0.6, ""recall"": 0.3333333333333333, ""tp"": 3}, ""lunge"": {""f1"": 0.06334841628959276, ""fn"": 321, ""fp"": 93, ""precision"": 0.1308411214953271, ""recall"": 0.041791044776119404, ""tp"": 14}, ""tussle"": {""f1"": 0.28, ""fn"": 61, ""fp"": 11, ""precision"": 0.56, ""recall"": 0.18666666666666668, ""tp"": 14}, ""wing_threat"": {""f1"": 0.04761904761904762, ""fn"": 3, ""fp"": 37, ""precision"": 0.02631578947368421, ""recall"": 0.25, ""tp"": 1}}"
fly_yolo_sppf_full_attention256_w16s8_seed42,w16s8,7,13,0.433333,4.0,424,182,lunge;wing_threat;charge;hold;tussle,0.2727771765863256,0.16534328358208955,0.16843266537384186,"{""charge"": {""f1"": 0.0, ""fn"": 1, ""fp"": 7, ""precision"": 0.0, ""recall"": 0.0, ""tp"": 0}, ""hold"": {""f1"": 0.42857142857142855, ""fn"": 6, ""fp"": 2, ""precision"": 0.6, ""recall"": 0.3333333333333333, ""tp"": 3}, ""lunge"": {""f1"": 0.08597285067873303, ""fn"": 316, ""fp"": 88, ""precision"": 0.17757009345794392, ""recall"": 0.056716417910447764, ""tp"": 19}, ""tussle"": {""f1"": 0.28, ""fn"": 61, ""fp"": 11, ""precision"": 0.56, ""recall"": 0.18666666666666668, ""tp"": 14}, ""wing_threat"": {""f1"": 0.04761904761904762, ""fn"": 3, ""fp"": 37, ""precision"": 0.02631578947368421, ""recall"": 0.25, ""tp"": 1}}"
fly_yolo_sppf_full_attention256_w16s8_seed42,w16s8,7,14,0.466667,4.0,424,182,lunge;wing_threat;charge;hold;tussle,0.2746463354648303,0.16594029850746267,0.16933764274940746,"{""charge"": {""f1"": 0.0, ""fn"": 1, ""fp"": 7, ""precision"": 0.0, ""recall"": 0.0, ""tp"": 0}, ""hold"": {""f1"": 0.42857142857142855, ""fn"": 6, ""fp"": 2, ""precision"": 0.6, ""recall"": 0.3333333333333333, ""tp"": 3}, ""lunge"": {""f1"": 0.09049773755656108, ""fn"": 315, ""fp"": 87, ""precision"": 0.18691588785046728, ""recall"": 0.05970149253731343, ""tp"": 20}, ""tussle"": {""f1"": 0.28, ""fn"": 61, ""fp"": 11, ""precision"": 0.56, ""recall"": 0.18666666666666668, ""tp"": 14}, ""wing_threat"": {""f1"": 0.04761904761904762, ""fn"": 3, ""fp"": 37, ""precision"": 0.02631578947368421, ""recall"": 0.25, ""tp"": 1}}"
fly_yolo_sppf_full_attention256_w16s8_seed42,w16s8,7,15,0.5,4.0,424,182,lunge;wing_threat;charge;hold;tussle,0.29251549434333496,0.17187064676616917,0.17824262012497308,"{""charge"": {""f1"": 0.0, ""fn"": 1, ""fp"": 7, ""precision"": 0.0, ""recall"": 0.0, ""tp"": 0}, ""hold"": {""f1"": 0.42857142857142855, ""fn"": 6, ""fp"": 2, ""precision"": 0.6, ""recall"": 0.3333333333333333, ""tp"": 3}, ""lunge"": {""f1"": 0.09502262443438912, ""fn"": 314, ""fp"": 86, ""precision"": 0.19626168224299065, ""recall"": 0.0626865671641791, ""tp"": 21}, ""tussle"": {""f1"": 0.32, ""fn"": 59, ""fp"": 9, ""precision"": 0.64, ""recall"": 0.21333333333333335, ""tp"": 16}, ""wing_threat"": {""f1"": 0.04761904761904762, ""fn"": 3, ""fp"": 37, ""precision"": 0.02631578947368421, ""recall"": 0.25, ""tp"": 1}}"
fly_yolo_sppf_full_attention256_w16s8_seed42,w16s8,7,16,0.533333,4.0,424,182,lunge;wing_threat;charge;hold;tussle,0.2943846532218396,0.1724676616915423,0.17914759750053869,"{""charge"": {""f1"": 0.0, ""fn"": 1, ""fp"": 7, ""precision"": 0.0, ""recall"": 0.0, ""tp"": 0}, ""hold"": {""f1"": 0.42857142857142855, ""fn"": 6, ""fp"": 2, ""precision"": 0.6, ""recall"": 0.3333333333333333, ""tp"": 3}, ""lunge"": {""f1"": 0.09954751131221719, ""fn"": 313, ""fp"": 85, ""precision"": 0.205607476635514, ""recall"": 0.06567164179104477, ""tp"": 22}, ""tussle"": {""f1"": 0.32, ""fn"": 59, ""fp"": 9, ""precision"": 0.64, ""recall"": 0.21333333333333335, ""tp"": 16}, ""wing_threat"": {""f1"": 0.04761904761904762, ""fn"": 3, ""fp"": 37, ""precision"": 0.02631578947368421, ""recall"": 0.25, ""tp"": 1}}"
fly_yolo_sppf_full_attention256_w16s8_seed42,w16s8,7,17,0.566667,4.0,424,182,lunge;wing_threat;charge;hold;tussle,0.3042538121003443,0.1757313432835821,0.1840525748761043,"{""charge"": {""f1"": 0.0, ""fn"": 1, ""fp"": 7, ""precision"": 0.0, ""recall"": 0.0, ""tp"": 0}, ""hold"": {""f1"": 0.42857142857142855, ""fn"": 6, ""fp"": 2, ""precision"": 0.6, ""recall"": 0.3333333333333333, ""tp"": 3}, ""lunge"": {""f1"": 0.10407239819004524, ""fn"": 312, ""fp"": 84, ""precision"": 0.21495327102803738, ""recall"": 0.06865671641791045, ""tp"": 23}, ""tussle"": {""f1"": 0.34, ""fn"": 58, ""fp"": 8, ""precision"": 0.68, ""recall"": 0.22666666666666666, ""tp"": 17}, ""wing_threat"": {""f1"": 0.04761904761904762, ""fn"": 3, ""fp"": 37, ""precision"": 0.02631578947368421, ""recall"": 0.25, ""tp"": 1}}"
fly_yolo_sppf_full_attention256_w16s8_seed42,w16s8,7,18,0.6,4.0,424,182,lunge;wing_threat;charge;hold;tussle,0.31599212985735364,0.179592039800995,0.1898625296272355,"{""charge"": {""f1"": 0.0, ""fn"": 1, ""fp"": 7, ""precision"": 0.0, ""recall"": 0.0, ""tp"": 0}, ""hold"": {""f1"": 0.42857142857142855, ""fn"": 6, ""fp"": 2, ""precision"": 0.6, ""recall"": 0.3333333333333333, ""tp"": 3}, ""lunge"": {""f1"": 0.11312217194570134, ""fn"": 310, ""fp"": 82, ""precision"": 0.2336448598130841, ""recall"": 0.07462686567164178, ""tp"": 25}, ""tussle"": {""f1"": 0.36, ""fn"": 57, ""fp"": 7, ""precision"": 0.72, ""recall"": 0.24, ""tp"": 18}, ""wing_threat"": {""f1"": 0.04761904761904762, ""fn"": 3, ""fp"": 37, ""precision"": 0.02631578947368421, ""recall"": 0.25, ""tp"": 1}}"
fly_yolo_sppf_full_attention256_w16s8_seed42,w16s8,7,19,0.633333,4.0,424,182,lunge;wing_threat;charge;hold;tussle,0.31599212985735364,0.179592039800995,0.1898625296272355,"{""charge"": {""f1"": 0.0, ""fn"": 1, ""fp"": 7, ""precision"": 0.0, ""recall"": 0.0, ""tp"": 0}, ""hold"": {""f1"": 0.42857142857142855, ""fn"": 6, ""fp"": 2, ""precision"": 0.6, ""recall"": 0.3333333333333333, ""tp"": 3}, ""lunge"": {""f1"": 0.11312217194570134, ""fn"": 310, ""fp"": 82, ""precision"": 0.2336448598130841, ""recall"": 0.07462686567164178, ""tp"": 25}, ""tussle"": {""f1"": 0.36, ""fn"": 57, ""fp"": 7, ""precision"": 0.72, ""recall"": 0.24, ""tp"": 18}, ""wing_threat"": {""f1"": 0.04761904761904762, ""fn"": 3, ""fp"": 37, ""precision"": 0.02631578947368421, ""recall"": 0.25, ""tp"": 1}}"
fly_yolo_sppf_full_attention256_w16s8_seed42,w16s8,7,20,0.666667,4.0,424,182,lunge;wing_threat;charge;hold;tussle,0.31786128873585834,0.18018905472636818,0.19076750700280112,"{""charge"": {""f1"": 0.0, ""fn"": 1, ""fp"": 7, ""precision"": 0.0, ""recall"": 0.0, ""tp"": 0}, ""hold"": {""f1"": 0.42857142857142855, ""fn"": 6, ""fp"": 2, ""precision"": 0.6, ""recall"": 0.3333333333333333, ""tp"": 3}, ""lunge"": {""f1"": 0.11764705882352941, ""fn"": 309, ""fp"": 81, ""precision"": 0.24299065420560748, ""recall"": 0.07761194029850746, ""tp"": 26}, ""tussle"": {""f1"": 0.36, ""fn"": 57, ""fp"": 7, ""precision"": 0.72, ""recall"": 0.24, ""tp"": 18}, ""wing_threat"": {""f1"": 0.04761904761904762, ""fn"": 3, ""fp"": 37, ""precision"": 0.02631578947368421, ""recall"": 0.25, ""tp"": 1}}"
fly_yolo_sppf_full_attention256_w16s8_seed42,w16s8,7,21,0.7,4.0,424,182,lunge;wing_threat;charge;hold;tussle,0.31973044761436303,0.1807860696517413,0.19167248437836673,"{""charge"": {""f1"": 0.0, ""fn"": 1, ""fp"": 7, ""precision"": 0.0, ""recall"": 0.0, ""tp"": 0}, ""hold"": {""f1"": 0.42857142857142855, ""fn"": 6, ""fp"": 2, ""precision"": 0.6, ""recall"": 0.3333333333333333, ""tp"": 3}, ""lunge"": {""f1"": 0.12217194570135745, ""fn"": 308, ""fp"": 80, ""precision"": 0.2523364485981308, ""recall"": 0.08059701492537313, ""tp"": 27}, ""tussle"": {""f1"": 0.36, ""fn"": 57, ""fp"": 7, ""precision"": 0.72, ""recall"": 0.24, ""tp"": 18}, ""wing_threat"": {""f1"": 0.04761904761904762, ""fn"": 3, ""fp"": 37, ""precision"": 0.02631578947368421, ""recall"": 0.25, ""tp"": 1}}"
fly_yolo_sppf_full_attention256_w16s8_seed42,w16s8,7,22,0.733333,4.0,424,182,lunge;wing_threat;charge;hold;tussle,0.333337924249877,0.18524378109452738,0.19838741650506356,"{""charge"": {""f1"": 0.0, ""fn"": 1, ""fp"": 7, ""precision"": 0.0, ""recall"": 0.0, ""tp"": 0}, ""hold"": {""f1"": 0.42857142857142855, ""fn"": 6, ""fp"": 2, ""precision"": 0.6, ""recall"": 0.3333333333333333, ""tp"": 3}, ""lunge"": {""f1"": 0.13574660633484162, ""fn"": 305, ""fp"": 77, ""precision"": 0.2803738317757009, ""recall"": 0.08955223880597014, ""tp"": 30}, ""tussle"": {""f1"": 0.38, ""fn"": 56, ""fp"": 6, ""precision"": 0.76, ""recall"": 0.25333333333333335, ""tp"": 19}, ""wing_threat"": {""f1"": 0.04761904761904762, ""fn"": 3, ""fp"": 37, ""precision"": 0.02631578947368421, ""recall"": 0.25, ""tp"": 1}}"
fly_yolo_sppf_full_attention256_w16s8_seed42,w16s8,7,23,0.766667,4.0,424,182,lunge;wing_threat;charge;hold;tussle,0.33707624200688635,0.18643781094527365,0.20019737125619477,"{""charge"": {""f1"": 0.0, ""fn"": 1, ""fp"": 7, ""precision"": 0.0, ""recall"": 0.0, ""tp"": 0}, ""hold"": {""f1"": 0.42857142857142855, ""fn"": 6, ""fp"": 2, ""precision"": 0.6, ""recall"": 0.3333333333333333, ""tp"": 3}, ""lunge"": {""f1"": 0.14479638009049775, ""fn"": 303, ""fp"": 75, ""precision"": 0.29906542056074764, ""recall"": 0.0955223880597015, ""tp"": 32}, ""tussle"": {""f1"": 0.38, ""fn"": 56, ""fp"": 6, ""precision"": 0.76, ""recall"": 0.25333333333333335, ""tp"": 19}, ""wing_threat"": {""f1"": 0.04761904761904762, ""fn"": 3, ""fp"": 37, ""precision"": 0.02631578947368421, ""recall"": 0.25, ""tp"": 1}}"
fly_yolo_sppf_full_attention256_w16s8_seed42,w16s8,7,24,0.8,4.0,424,182,lunge;wing_threat;charge;hold;tussle,0.33894540088539105,0.18703482587064676,0.20110234863176038,"{""charge"": {""f1"": 0.0, ""fn"": 1, ""fp"": 7, ""precision"": 0.0, ""recall"": 0.0, ""tp"": 0}, ""hold"": {""f1"": 0.42857142857142855, ""fn"": 6, ""fp"": 2, ""precision"": 0.6, ""recall"": 0.3333333333333333, ""tp"": 3}, ""lunge"": {""f1"": 0.1493212669683258, ""fn"": 302, ""fp"": 74, ""precision"": 0.308411214953271, ""recall"": 0.09850746268656717, ""tp"": 33}, ""tussle"": {""f1"": 0.38, ""fn"": 56, ""fp"": 6, ""precision"": 0.76, ""recall"": 0.25333333333333335, ""tp"": 19}, ""wing_threat"": {""f1"": 0.04761904761904762, ""fn"": 3, ""fp"": 37, ""precision"": 0.02631578947368421, ""recall"": 0.25, ""tp"": 1}}"
fly_yolo_sppf_full_attention256_w16s8_seed42,w16s8,7,25,0.833333,4.0,424,182,lunge;wing_threat;charge;hold;tussle,0.33894540088539105,0.18703482587064676,0.20110234863176038,"{""charge"": {""f1"": 0.0, ""fn"": 1, ""fp"": 7, ""precision"": 0.0, ""recall"": 0.0, ""tp"": 0}, ""hold"": {""f1"": 0.42857142857142855, ""fn"": 6, ""fp"": 2, ""precision"": 0.6, ""recall"": 0.3333333333333333, ""tp"": 3}, ""lunge"": {""f1"": 0.1493212669683258, ""fn"": 302, ""fp"": 74, ""precision"": 0.308411214953271, ""recall"": 0.09850746268656717, ""tp"": 33}, ""tussle"": {""f1"": 0.38, ""fn"": 56, ""fp"": 6, ""precision"": 0.76, ""recall"": 0.25333333333333335, ""tp"": 19}, ""wing_threat"": {""f1"": 0.04761904761904762, ""fn"": 3, ""fp"": 37, ""precision"": 0.02631578947368421, ""recall"": 0.25, ""tp"": 1}}"
fly_yolo_sppf_full_attention256_w16s8_seed42,w16s8,7,26,0.866667,4.0,424,182,lunge;wing_threat;charge;hold;tussle,0.33894540088539105,0.18703482587064676,0.20110234863176038,"{""charge"": {""f1"": 0.0, ""fn"": 1, ""fp"": 7, ""precision"": 0.0, ""recall"": 0.0, ""tp"": 0}, ""hold"": {""f1"": 0.42857142857142855, ""fn"": 6, ""fp"": 2, ""precision"": 0.6, ""recall"": 0.3333333333333333, ""tp"": 3}, ""lunge"": {""f1"": 0.1493212669683258, ""fn"": 302, ""fp"": 74, ""precision"": 0.308411214953271, ""recall"": 0.09850746268656717, ""tp"": 33}, ""tussle"": {""f1"": 0.38, ""fn"": 56, ""fp"": 6, ""precision"": 0.76, ""recall"": 0.25333333333333335, ""tp"": 19}, ""wing_threat"": {""f1"": 0.04761904761904762, ""fn"": 3, ""fp"": 37, ""precision"": 0.02631578947368421, ""recall"": 0.25, ""tp"": 1}}"
fly_yolo_sppf_full_attention256_w16s8_seed42,w16s8,7,27,0.9,4.0,424,182,lunge;wing_threat;charge;hold;tussle,0.34268371864240044,0.18822885572139306,0.2029123033828916,"{""charge"": {""f1"": 0.0, ""fn"": 1, ""fp"": 7, ""precision"": 0.0, ""recall"": 0.0, ""tp"": 0}, ""hold"": {""f1"": 0.42857142857142855, ""fn"": 6, ""fp"": 2, ""precision"": 0.6, ""recall"": 0.3333333333333333, ""tp"": 3}, ""lunge"": {""f1"": 0.15837104072398187, ""fn"": 300, ""fp"": 72, ""precision"": 0.32710280373831774, ""recall"": 0.1044776119402985, ""tp"": 35}, ""tussle"": {""f1"": 0.38, ""fn"": 56, ""fp"": 6, ""precision"": 0.76, ""recall"": 0.25333333333333335, ""tp"": 19}, ""wing_threat"": {""f1"": 0.04761904761904762, ""fn"": 3, ""fp"": 37, ""precision"": 0.02631578947368421, ""recall"": 0.25, ""tp"": 1}}"
fly_yolo_sppf_full_attention256_w16s8_seed42,w16s8,7,28,0.933333,4.0,424,182,lunge;wing_threat;charge;hold;tussle,0.3501603541564191,0.19061691542288556,0.20653221288515405,"{""charge"": {""f1"": 0.0, ""fn"": 1, ""fp"": 7, ""precision"": 0.0, ""recall"": 0.0, ""tp"": 0}, ""hold"": {""f1"": 0.42857142857142855, ""fn"": 6, ""fp"": 2, ""precision"": 0.6, ""recall"": 0.3333333333333333, ""tp"": 3}, ""lunge"": {""f1"": 0.17647058823529413, ""fn"": 296, ""fp"": 68, ""precision"": 0.3644859813084112, ""recall"": 0.11641791044776119, ""tp"": 39}, ""tussle"": {""f1"": 0.38, ""fn"": 56, ""fp"": 6, ""precision"": 0.76, ""recall"": 0.25333333333333335, ""tp"": 19}, ""wing_threat"": {""f1"": 0.04761904761904762, ""fn"": 3, ""fp"": 37, ""precision"": 0.02631578947368421, ""recall"": 0.25, ""tp"": 1}}"
fly_yolo_sppf_full_attention256_w16s8_seed42,w16s8,7,29,0.966667,4.0,424,182,lunge;wing_threat;charge;hold;tussle,0.36189867191342845,0.1944776119402985,0.21234216763628527,"{""charge"": {""f1"": 0.0, ""fn"": 1, ""fp"": 7, ""precision"": 0.0, ""recall"": 0.0, ""tp"": 0}, ""hold"": {""f1"": 0.42857142857142855, ""fn"": 6, ""fp"": 2, ""precision"": 0.6, ""recall"": 0.3333333333333333, ""tp"": 3}, ""lunge"": {""f1"": 0.18552036199095023, ""fn"": 294, ""fp"": 66, ""precision"": 0.38317757009345793, ""recall"": 0.12238805970149254, ""tp"": 41}, ""tussle"": {""f1"": 0.4, ""fn"": 55, ""fp"": 5, ""precision"": 0.8, ""recall"": 0.26666666666666666, ""tp"": 20}, ""wing_threat"": {""f1"": 0.04761904761904762, ""fn"": 3, ""fp"": 37, ""precision"": 0.02631578947368421, ""recall"": 0.25, ""tp"": 1}}"
fly_yolo_sppf_full_attention256_w16s8_seed42,w16s8,7,30,1.0,4.0,424,182,lunge;wing_threat;charge;hold;tussle,0.3637678307919331,0.19507462686567162,0.21324714501185088,"{""charge"": {""f1"": 0.0, ""fn"": 1, ""fp"": 7, ""precision"": 0.0, ""recall"": 0.0, ""tp"": 0}, ""hold"": {""f1"": 0.42857142857142855, ""fn"": 6, ""fp"": 2, ""precision"": 0.6, ""recall"": 0.3333333333333333, ""tp"": 3}, ""lunge"": {""f1"": 0.19004524886877824, ""fn"": 293, ""fp"": 65, ""precision"": 0.3925233644859813, ""recall"": 0.1253731343283582, ""tp"": 42}, ""tussle"": {""f1"": 0.4, ""fn"": 55, ""fp"": 5, ""precision"": 0.8, ""recall"": 0.26666666666666666, ""tp"": 20}, ""wing_threat"": {""f1"": 0.04761904761904762, ""fn"": 3, ""fp"": 37, ""precision"": 0.02631578947368421, ""recall"": 0.25, ""tp"": 1}}"
fly_yolo_sppf_full_attention256_w16s8_seed42,w16s8,8,0,0.0,4.0,626,316,lunge;wing_threat;charge;hold;tussle,0.0,0.0,0.0,"{""charge"": {""f1"": 0.0, ""fn"": 37, ""fp"": 22, ""precision"": 0.0, ""recall"": 0.0, ""tp"": 0}, ""hold"": {""f1"": 0.0, ""fn"": 9, ""fp"": 10, ""precision"": 0.0, ""recall"": 0.0, ""tp"": 0}, ""lunge"": {""f1"": 0.0, ""fn"": 478, ""fp"": 208, ""precision"": 0.0, ""recall"": 0.0, ""tp"": 0}, ""tussle"": {""f1"": 0.0, ""fn"": 3, ""fp"": 2, ""precision"": 0.0, ""recall"": 0.0, ""tp"": 0}, ""wing_threat"": {""f1"": 0.0, ""fn"": 99, ""fp"": 74, ""precision"": 0.0, ""recall"": 0.0, ""tp"": 0}}"
fly_yolo_sppf_full_attention256_w16s8_seed42,w16s8,8,1,0.033333,4.0,626,316,lunge;wing_threat;charge;hold;tussle,0.02,0.02222222222222222,0.02105263157894737,"{""charge"": {""f1"": 0.0, ""fn"": 37, ""fp"": 22, ""precision"": 0.0, ""recall"": 0.0, ""tp"": 0}, ""hold"": {""f1"": 0.10526315789473685, ""fn"": 8, ""fp"": 9, ""precision"": 0.1, ""recall"": 0.1111111111111111, ""tp"": 1}, ""lunge"": {""f1"": 0.0, ""fn"": 478, ""fp"": 208, ""precision"": 0.0, ""recall"": 0.0, ""tp"": 0}, ""tussle"": {""f1"": 0.0, ""fn"": 3, ""fp"": 2, ""precision"": 0.0, ""recall"": 0.0, ""tp"": 0}, ""wing_threat"": {""f1"": 0.0, ""fn"": 99, ""fp"": 74, ""precision"": 0.0, ""recall"": 0.0, ""tp"": 0}}"
fly_yolo_sppf_full_attention256_w16s8_seed42,w16s8,8,2,0.066667,4.0,626,316,lunge;wing_threat;charge;hold;tussle,0.030810810810810812,0.030303030303030304,0.030301186492242164,"{""charge"": {""f1"": 0.0, ""fn"": 37, ""fp"": 22, ""precision"": 0.0, ""recall"": 0.0, ""tp"": 0}, ""hold"": {""f1"": 0.10526315789473685, ""fn"": 8, ""fp"": 9, ""precision"": 0.1, ""recall"": 0.1111111111111111, ""tp"": 1}, ""lunge"": {""f1"": 0.0, ""fn"": 478, ""fp"": 208, ""precision"": 0.0, ""recall"": 0.0, ""tp"": 0}, ""tussle"": {""f1"": 0.0, ""fn"": 3, ""fp"": 2, ""precision"": 0.0, ""recall"": 0.0, ""tp"": 0}, ""wing_threat"": {""f1"": 0.046242774566473986, ""fn"": 95, ""fp"": 70, ""precision"": 0.05405405405405406, ""recall"": 0.04040404040404041, ""tp"": 4}}"
fly_yolo_sppf_full_attention256_w16s8_seed42,w16s8,8,3,0.1,4.0,626,316,lunge;wing_threat;charge;hold;tussle,0.030810810810810812,0.030303030303030304,0.030301186492242164,"{""charge"": {""f1"": 0.0, ""fn"": 37, ""fp"": 22, ""precision"": 0.0, ""recall"": 0.0, ""tp"": 0}, ""hold"": {""f1"": 0.10526315789473685, ""fn"": 8, ""fp"": 9, ""precision"": 0.1, ""recall"": 0.1111111111111111, ""tp"": 1}, ""lunge"": {""f1"": 0.0, ""fn"": 478, ""fp"": 208, ""precision"": 0.0, ""recall"": 0.0, ""tp"": 0}, ""tussle"": {""f1"": 0.0, ""fn"": 3, ""fp"": 2, ""precision"": 0.0, ""recall"": 0.0, ""tp"": 0}, ""wing_threat"": {""f1"": 0.046242774566473986, ""fn"": 95, ""fp"": 70, ""precision"": 0.05405405405405406, ""recall"": 0.04040404040404041, ""tp"": 4}}"
fly_yolo_sppf_full_attention256_w16s8_seed42,w16s8,8,4,0.133333,4.0,626,316,lunge;wing_threat;charge;hold;tussle,0.04162162162162163,0.03838383838383839,0.039549741405536964,"{""charge"": {""f1"": 0.0, ""fn"": 37, ""fp"": 22, ""precision"": 0.0, ""recall"": 0.0, ""tp"": 0}, ""hold"": {""f1"": 0.10526315789473685, ""fn"": 8, ""fp"": 9, ""precision"": 0.1, ""recall"": 0.1111111111111111, ""tp"": 1}, ""lunge"": {""f1"": 0.0, ""fn"": 478, ""fp"": 208, ""precision"": 0.0, ""recall"": 0.0, ""tp"": 0}, ""tussle"": {""f1"": 0.0, ""fn"": 3, ""fp"": 2, ""precision"": 0.0, ""recall"": 0.0, ""tp"": 0}, ""wing_threat"": {""f1"": 0.09248554913294797, ""fn"": 91, ""fp"": 66, ""precision"": 0.10810810810810811, ""recall"": 0.08080808080808081, ""tp"": 8}}"
fly_yolo_sppf_full_attention256_w16s8_seed42,w16s8,8,5,0.166667,4.0,626,316,lunge;wing_threat;charge;hold;tussle,0.05801975051975052,0.049740078610371496,0.0528597061841817,"{""charge"": {""f1"": 0.0, ""fn"": 37, ""fp"": 22, ""precision"": 0.0, ""recall"": 0.0, ""tp"": 0}, ""hold"": {""f1"": 0.10526315789473685, ""fn"": 8, ""fp"": 9, ""precision"": 0.1, ""recall"": 0.1111111111111111, ""tp"": 1}, ""lunge"": {""f1"": 0.008746355685131196, ""fn"": 475, ""fp"": 205, ""precision"": 0.014423076923076924, ""recall"": 0.006276150627615063, ""tp"": 3}, ""tussle"": {""f1"": 0.0, ""fn"": 3, ""fp"": 2, ""precision"": 0.0, ""recall"": 0.0, ""tp"": 0}, ""wing_threat"": {""f1"": 0.15028901734104047, ""fn"": 86, ""fp"": 61, ""precision"": 0.17567567567567569, ""recall"": 0.13131313131313133, ""tp"": 13}}"
fly_yolo_sppf_full_attention256_w16s8_seed42,w16s8,8,6,0.2,4.0,626,316,lunge;wing_threat;charge;hold;tussle,0.1035087885087885,0.08872394646453223,0.09400196355872296,"{""charge"": {""f1"": 0.03389830508474577, ""fn"": 36, ""fp"": 21, ""precision"": 0.045454545454545456, ""recall"": 0.02702702702702703, ""tp"": 1}, ""hold"": {""f1"": 0.2105263157894737, ""fn"": 7, ""fp"": 8, ""precision"": 0.2, ""recall"": 0.2222222222222222, ""tp"": 2}, ""lunge"": {""f1"": 0.01749271137026239, ""fn"": 472, ""fp"": 202, ""precision"": 0.028846153846153848, ""recall"": 0.012552301255230125, ""tp"": 6}, ""tussle"": {""f1"": 0.0, ""fn"": 3, ""fp"": 2, ""precision"": 0.0, ""recall"": 0.0, ""tp"": 0}, ""wing_threat"": {""f1"": 0.20809248554913296, ""fn"": 81, ""fp"": 56, ""precision"": 0.24324324324324326, ""recall"": 0.18181818181818182, ""tp"": 18}}"
fly_yolo_sppf_full_attention256_w16s8_seed42,w16s8,8,7,0.233333,4.0,626,316,lunge;wing_threat;charge;hold;tussle,0.17895199395199396,0.14701784325215286,0.15853518825946605,"{""charge"": {""f1"": 0.13559322033898308, ""fn"": 33, ""fp"": 18, ""precision"": 0.18181818181818182, ""recall"": 0.10810810810810811, ""tp"": 4}, ""hold"": {""f1"": 0.3157894736842105, ""fn"": 6, ""fp"": 7, ""precision"": 0.3, ""recall"": 0.3333333333333333, ""tp"": 3}, ""lunge"": {""f1"": 0.02915451895043732, ""fn"": 468, ""fp"": 198, ""precision"": 0.04807692307692308, ""recall"": 0.02092050209205021, ""tp"": 10}, ""tussle"": {""f1"": 0.0, ""fn"": 3, ""fp"": 2, ""precision"": 0.0, ""recall"": 0.0, ""tp"": 0}, ""wing_threat"": {""f1"": 0.3121387283236994, ""fn"": 72, ""fp"": 47, ""precision"": 0.36486486486486486, ""recall"": 0.2727272727272727, ""tp"": 27}}"
fly_yolo_sppf_full_attention256_w16s8_seed42,w16s8,8,8,0.266667,4.0,626,316,lunge;wing_threat;charge;hold;tussle,0.23527310527310527,0.19300890849008004,0.2081861550002714,"{""charge"": {""f1"": 0.20338983050847456, ""fn"": 31, ""fp"": 16, ""precision"": 0.2727272727272727, ""recall"": 0.16216216216216217, ""tp"": 6}, ""hold"": {""f1"": 0.4210526315789474, ""fn"": 5, ""fp"": 6, ""precision"": 0.4, ""recall"": 0.4444444444444444, ""tp"": 4}, ""lunge"": {""f1"": 0.03498542274052478, ""fn"": 466, ""fp"": 196, ""precision"": 0.057692307692307696, ""recall"": 0.02510460251046025, ""tp"": 12}, ""tussle"": {""f1"": 0.0, ""fn"": 3, ""fp"": 2, ""precision"": 0.0, ""recall"": 0.0, ""tp"": 0}, ""wing_threat"": {""f1"": 0.3815028901734103, ""fn"": 66, ""fp"": 41, ""precision"": 0.44594594594594594, ""recall"": 0.3333333333333333, ""tp"": 33}}"
fly_yolo_sppf_full_attention256_w16s8_seed42,w16s8,8,9,0.3,4.0,626,316,lunge;wing_threat;charge;hold;tussle,0.2510735210735211,0.20241679488541414,0.21978729421731252,"{""charge"": {""f1"": 0.20338983050847456, ""fn"": 31, ""fp"": 16, ""precision"": 0.2727272727272727, ""recall"": 0.16216216216216217, ""tp"": 6}, ""hold"": {""f1"": 0.4210526315789474, ""fn"": 5, ""fp"": 6, ""precision"": 0.4, ""recall"": 0.4444444444444444, ""tp"": 4}, ""lunge"": {""f1"": 0.05830903790087464, ""fn"": 458, ""fp"": 188, ""precision"": 0.09615384615384616, ""recall"": 0.04184100418410042, ""tp"": 20}, ""tussle"": {""f1"": 0.0, ""fn"": 3, ""fp"": 2, ""precision"": 0.0, ""recall"": 0.0, ""tp"": 0}, ""wing_threat"": {""f1"": 0.4161849710982659, ""fn"": 63, ""fp"": 38, ""precision"": 0.4864864864864865, ""recall"": 0.36363636363636365, ""tp"": 36}}"
fly_yolo_sppf_full_attention256_w16s8_seed42,w16s8,8,10,0.333333,4.0,626,316,lunge;wing_threat;charge;hold;tussle,0.39484265734265733,0.30539192673083887,0.3384606576955081,"{""charge"": {""f1"": 0.27118644067796616, ""fn"": 29, ""fp"": 14, ""precision"": 0.36363636363636365, ""recall"": 0.21621621621621623, ""tp"": 8}, ""hold"": {""f1"": 0.5263157894736842, ""fn"": 4, ""fp"": 5, ""precision"": 0.5, ""recall"": 0.5555555555555556, ""tp"": 5}, ""lunge"": {""f1"": 0.06705539358600583, ""fn"": 455, ""fp"": 185, ""precision"": 0.11057692307692307, ""recall"": 0.04811715481171548, ""tp"": 23}, ""tussle"": {""f1"": 0.4, ""fn"": 2, ""fp"": 1, ""precision"": 0.5, ""recall"": 0.3333333333333333, ""tp"": 1}, ""wing_threat"": {""f1"": 0.42774566473988446, ""fn"": 62, ""fp"": 37, ""precision"": 0.5, ""recall"": 0.37373737373737376, ""tp"": 37}}"
fly_yolo_sppf_full_attention256_w16s8_seed42,w16s8,8,11,0.366667,4.0,626,316,lunge;wing_threat;charge;hold;tussle,0.40601729351729354,0.31194279102228895,0.34658347742620793,"{""charge"": {""f1"": 0.27118644067796616, ""fn"": 29, ""fp"": 14, ""precision"": 0.36363636363636365, ""recall"": 0.21621621621621623, ""tp"": 8}, ""hold"": {""f1"": 0.5263157894736842, ""fn"": 4, ""fp"": 5, ""precision"": 0.5, ""recall"": 0.5555555555555556, ""tp"": 5}, ""lunge"": {""f1"": 0.08454810495626822, ""fn"": 449, ""fp"": 179, ""precision"": 0.13942307692307693, ""recall"": 0.060669456066945605, ""tp"": 29}, ""tussle"": {""f1"": 0.4, ""fn"": 2, ""fp"": 1, ""precision"": 0.5, ""recall"": 0.3333333333333333, ""tp"": 1}, ""wing_threat"": {""f1"": 0.45086705202312133, ""fn"": 60, ""fp"": 35, ""precision"": 0.527027027027027, ""recall"": 0.3939393939393939, ""tp"": 39}}"
fly_yolo_sppf_full_attention256_w16s8_seed42,w16s8,8,12,0.4,4.0,626,316,lunge;wing_threat;charge;hold;tussle,0.4290068040068039,0.32484565204230476,0.36305825135514996,"{""charge"": {""f1"": 0.33898305084745767, ""fn"": 27, ""fp"": 12, ""precision"": 0.45454545454545453, ""recall"": 0.2702702702702703, ""tp"": 10}, ""hold"": {""f1"": 0.5263157894736842, ""fn"": 4, ""fp"": 5, ""precision"": 0.5, ""recall"": 0.5555555555555556, ""tp"": 5}, ""lunge"": {""f1"": 0.0991253644314869, ""fn"": 444, ""fp"": 174, ""precision"": 0.16346153846153846, ""recall"": 0.07112970711297072, ""tp"": 34}, ""tussle"": {""f1"": 0.4, ""fn"": 2, ""fp"": 1, ""precision"": 0.5, ""recall"": 0.3333333333333333, ""tp"": 1}, ""wing_threat"": {""f1"": 0.45086705202312133, ""fn"": 60, ""fp"": 35, ""precision"": 0.527027027027027, ""recall"": 0.3939393939393939, ""tp"": 39}}"
fly_yolo_sppf_full_attention256_w16s8_seed42,w16s8,8,13,0.433333,4.0,626,316,lunge;wing_threat;charge;hold;tussle,0.44753118503118505,0.3352001297607992,0.3762316837534841,"{""charge"": {""f1"": 0.3728813559322034, ""fn"": 26, ""fp"": 11, ""precision"": 0.5, ""recall"": 0.2972972972972973, ""tp"": 11}, ""hold"": {""f1"": 0.5263157894736842, ""fn"": 4, ""fp"": 5, ""precision"": 0.5, ""recall"": 0.5555555555555556, ""tp"": 5}, ""lunge"": {""f1"": 0.119533527696793, ""fn"": 437, ""fp"": 167, ""precision"": 0.1971153846153846, ""recall"": 0.08577405857740586, ""tp"": 41}, ""tussle"": {""f1"": 0.4, ""fn"": 2, ""fp"": 1, ""precision"": 0.5, ""recall"": 0.3333333333333333, ""tp"": 1}, ""wing_threat"": {""f1"": 0.46242774566473993, ""fn"": 59, ""fp"": 34, ""precision"": 0.5405405405405406, ""recall"": 0.40404040404040403, ""tp"": 40}}"
fly_yolo_sppf_full_attention256_w16s8_seed42,w16s8,8,14,0.466667,4.0,626,316,lunge;wing_threat;charge;hold;tussle,0.4633528633528634,0.34353440545909164,0.38709297742349447,"{""charge"": {""f1"": 0.4067796610169491, ""fn"": 25, ""fp"": 10, ""precision"": 0.5454545454545454, ""recall"": 0.32432432432432434, ""tp"": 12}, ""hold"": {""f1"": 0.5263157894736842, ""fn"": 4, ""fp"": 5, ""precision"": 0.5, ""recall"": 0.5555555555555556, ""tp"": 5}, ""lunge"": {""f1"": 0.13994169096209913, ""fn"": 430, ""fp"": 160, ""precision"": 0.23076923076923078, ""recall"": 0.100418410041841, ""tp"": 48}, ""tussle"": {""f1"": 0.4, ""fn"": 2, ""fp"": 1, ""precision"": 0.5, ""recall"": 0.3333333333333333, ""tp"": 1}, ""wing_threat"": {""f1"": 0.46242774566473993, ""fn"": 59, ""fp"": 34, ""precision"": 0.5405405405405406, ""recall"": 0.40404040404040403, ""tp"": 40}}"
fly_yolo_sppf_full_attention256_w16s8_seed42,w16s8,8,15,0.5,4.0,626,316,lunge;wing_threat;charge;hold;tussle,0.47899262899262907,0.35263365305206307,0.3985171386848023,"{""charge"": {""f1"": 0.4406779661016949, ""fn"": 24, ""fp"": 9, ""precision"": 0.5909090909090909, ""recall"": 0.35135135135135137, ""tp"": 13}, ""hold"": {""f1"": 0.5263157894736842, ""fn"": 4, ""fp"": 5, ""precision"": 0.5, ""recall"": 0.5555555555555556, ""tp"": 5}, ""lunge"": {""f1"": 0.15160349854227406, ""fn"": 426, ""fp"": 156, ""precision"": 0.25, ""recall"": 0.1087866108786611, ""tp"": 52}, ""tussle"": {""f1"": 0.4, ""fn"": 2, ""fp"": 1, ""precision"": 0.5, ""recall"": 0.3333333333333333, ""tp"": 1}, ""wing_threat"": {""f1"": 0.47398843930635837, ""fn"": 58, ""fp"": 33, ""precision"": 0.5540540540540541, ""recall"": 0.41414141414141414, ""tp"": 41}}"
fly_yolo_sppf_full_attention256_w16s8_seed42,w16s8,8,16,0.533333,4.0,626,316,lunge;wing_threat;charge;hold;tussle,0.48824418824418825,0.3583476972598311,0.40547377765748466,"{""charge"": {""f1"": 0.4406779661016949, ""fn"": 24, ""fp"": 9, ""precision"": 0.5909090909090909, ""recall"": 0.35135135135135137, ""tp"": 13}, ""hold"": {""f1"": 0.5263157894736842, ""fn"": 4, ""fp"": 5, ""precision"": 0.5, ""recall"": 0.5555555555555556, ""tp"": 5}, ""lunge"": {""f1"": 0.16326530612244897, ""fn"": 422, ""fp"": 152, ""precision"": 0.2692307692307692, ""recall"": 0.11715481171548117, ""tp"": 56}, ""tussle"": {""f1"": 0.4, ""fn"": 2, ""fp"": 1, ""precision"": 0.5, ""recall"": 0.3333333333333333, ""tp"": 1}, ""wing_threat"": {""f1"": 0.49710982658959535, ""fn"": 56, ""fp"": 31, ""precision"": 0.581081081081081, ""recall"": 0.43434343434343436, ""tp"": 43}}"
fly_yolo_sppf_full_attention256_w16s8_seed42,w16s8,8,17,0.566667,4.0,626,316,lunge;wing_threat;charge;hold;tussle,0.49286996786996784,0.3612047193637152,0.4089520971438258,"{""charge"": {""f1"": 0.4406779661016949, ""fn"": 24, ""fp"": 9, ""precision"": 0.5909090909090909, ""recall"": 0.35135135135135137, ""tp"": 13}, ""hold"": {""f1"": 0.5263157894736842, ""fn"": 4, ""fp"": 5, ""precision"": 0.5, ""recall"": 0.5555555555555556, ""tp"": 5}, ""lunge"": {""f1"": 0.16909620991253643, ""fn"": 420, ""fp"": 150, ""precision"": 0.27884615384615385, ""recall"": 0.12133891213389121, ""tp"": 58}, ""tussle"": {""f1"": 0.4, ""fn"": 2, ""fp"": 1, ""precision"": 0.5, ""recall"": 0.3333333333333333, ""tp"": 1}, ""wing_threat"": {""f1"": 0.5086705202312138, ""fn"": 55, ""fp"": 30, ""precision"": 0.5945945945945946, ""recall"": 0.4444444444444444, ""tp"": 44}}"
fly_yolo_sppf_full_attention256_w16s8_seed42,w16s8,8,18,0.6,4.0,626,316,lunge;wing_threat;charge;hold;tussle,0.4982753732753733,0.36524512340411924,0.41357637460047325,"{""charge"": {""f1"": 0.4406779661016949, ""fn"": 24, ""fp"": 9, ""precision"": 0.5909090909090909, ""recall"": 0.35135135135135137, ""tp"": 13}, ""hold"": {""f1"": 0.5263157894736842, ""fn"": 4, ""fp"": 5, ""precision"": 0.5, ""recall"": 0.5555555555555556, ""tp"": 5}, ""lunge"": {""f1"": 0.16909620991253643, ""fn"": 420, ""fp"": 150, ""precision"": 0.27884615384615385, ""recall"": 0.12133891213389121, ""tp"": 58}, ""tussle"": {""f1"": 0.4, ""fn"": 2, ""fp"": 1, ""precision"": 0.5, ""recall"": 0.3333333333333333, ""tp"": 1}, ""wing_threat"": {""f1"": 0.5317919075144508, ""fn"": 53, ""fp"": 28, ""precision"": 0.6216216216216216, ""recall"": 0.46464646464646464, ""tp"": 46}}"
fly_yolo_sppf_full_attention256_w16s8_seed42,w16s8,8,19,0.633333,4.0,626,316,lunge;wing_threat;charge;hold;tussle,0.5021215271215271,0.36691876357148323,0.41590873611650825,"{""charge"": {""f1"": 0.4406779661016949, ""fn"": 24, ""fp"": 9, ""precision"": 0.5909090909090909, ""recall"": 0.35135135135135137, ""tp"": 13}, ""hold"": {""f1"": 0.5263157894736842, ""fn"": 4, ""fp"": 5, ""precision"": 0.5, ""recall"": 0.5555555555555556, ""tp"": 5}, ""lunge"": {""f1"": 0.18075801749271136, ""fn"": 416, ""fp"": 146, ""precision"": 0.2980769230769231, ""recall"": 0.1297071129707113, ""tp"": 62}, ""tussle"": {""f1"": 0.4, ""fn"": 2, ""fp"": 1, ""precision"": 0.5, ""recall"": 0.3333333333333333, ""tp"": 1}, ""wing_threat"": {""f1"": 0.5317919075144508, ""fn"": 53, ""fp"": 28, ""precision"": 0.6216216216216216, ""recall"": 0.46464646464646464, ""tp"": 46}}"
fly_yolo_sppf_full_attention256_w16s8_seed42,w16s8,8,20,0.666667,4.0,626,316,lunge;wing_threat;charge;hold;tussle,0.504044604044604,0.36775558365516525,0.41707491687452575,"{""charge"": {""f1"": 0.4406779661016949, ""fn"": 24, ""fp"": 9, ""precision"": 0.5909090909090909, ""recall"": 0.35135135135135137, ""tp"": 13}, ""hold"": {""f1"": 0.5263157894736842, ""fn"": 4, ""fp"": 5, ""precision"": 0.5, ""recall"": 0.5555555555555556, ""tp"": 5}, ""lunge"": {""f1"": 0.1865889212827988, ""fn"": 414, ""fp"": 144, ""precision"": 0.3076923076923077, ""recall"": 0.13389121338912133, ""tp"": 64}, ""tussle"": {""f1"": 0.4, ""fn"": 2, ""fp"": 1, ""precision"": 0.5, ""recall"": 0.3333333333333333, ""tp"": 1}, ""wing_threat"": {""f1"": 0.5317919075144508, ""fn"": 53, ""fp"": 28, ""precision"": 0.6216216216216216, ""recall"": 0.46464646464646464, ""tp"": 46}}"
fly_yolo_sppf_full_attention256_w16s8_seed42,w16s8,8,21,0.7,4.0,626,316,lunge;wing_threat;charge;hold;tussle,0.5086703836703836,0.37061260575904925,0.42055323636086694,"{""charge"": {""f1"": 0.4406779661016949, ""fn"": 24, ""fp"": 9, ""precision"": 0.5909090909090909, ""recall"": 0.35135135135135137, ""tp"": 13}, ""hold"": {""f1"": 0.5263157894736842, ""fn"": 4, ""fp"": 5, ""precision"": 0.5, ""recall"": 0.5555555555555556, ""tp"": 5}, ""lunge"": {""f1"": 0.1924198250728863, ""fn"": 412, ""fp"": 142, ""precision"": 0.3173076923076923, ""recall"": 0.13807531380753138, ""tp"": 66}, ""tussle"": {""f1"": 0.4, ""fn"": 2, ""fp"": 1, ""precision"": 0.5, ""recall"": 0.3333333333333333, ""tp"": 1}, ""wing_threat"": {""f1"": 0.5433526011560694, ""fn"": 52, ""fp"": 27, ""precision"": 0.6351351351351351, ""recall"": 0.47474747474747475, ""tp"": 47}}"
fly_yolo_sppf_full_attention256_w16s8_seed42,w16s8,8,22,0.733333,4.0,626,316,lunge;wing_threat;charge;hold;tussle,0.5142577017577017,0.3738880379047743,0.42461464622621686,"{""charge"": {""f1"": 0.4406779661016949, ""fn"": 24, ""fp"": 9, ""precision"": 0.5909090909090909, ""recall"": 0.35135135135135137, ""tp"": 13}, ""hold"": {""f1"": 0.5263157894736842, ""fn"": 4, ""fp"": 5, ""precision"": 0.5, ""recall"": 0.5555555555555556, ""tp"": 5}, ""lunge"": {""f1"": 0.2011661807580175, ""fn"": 409, ""fp"": 139, ""precision"": 0.3317307692307692, ""recall"": 0.14435146443514643, ""tp"": 69}, ""tussle"": {""f1"": 0.4, ""fn"": 2, ""fp"": 1, ""precision"": 0.5, ""recall"": 0.3333333333333333, ""tp"": 1}, ""wing_threat"": {""f1"": 0.5549132947976879, ""fn"": 51, ""fp"": 26, ""precision"": 0.6486486486486487, ""recall"": 0.48484848484848486, ""tp"": 48}}"
fly_yolo_sppf_full_attention256_w16s8_seed42,w16s8,8,23,0.766667,4.0,626,316,lunge;wing_threat;charge;hold;tussle,0.5190653940653941,0.3759800881139793,0.4275300981212606,"{""charge"": {""f1"": 0.4406779661016949, ""fn"": 24, ""fp"": 9, ""precision"": 0.5909090909090909, ""recall"": 0.35135135135135137, ""tp"": 13}, ""hold"": {""f1"": 0.5263157894736842, ""fn"": 4, ""fp"": 5, ""precision"": 0.5, ""recall"": 0.5555555555555556, ""tp"": 5}, ""lunge"": {""f1"": 0.21574344023323616, ""fn"": 404, ""fp"": 134, ""precision"": 0.3557692307692308, ""recall"": 0.15481171548117154, ""tp"": 74}, ""tussle"": {""f1"": 0.4, ""fn"": 2, ""fp"": 1, ""precision"": 0.5, ""recall"": 0.3333333333333333, ""tp"": 1}, ""wing_threat"": {""f1"": 0.5549132947976879, ""fn"": 51, ""fp"": 26, ""precision"": 0.6486486486486487, ""recall"": 0.48484848484848486, ""tp"": 48}}"
fly_yolo_sppf_full_attention256_w16s8_seed42,w16s8,8,24,0.8,4.0,626,316,lunge;wing_threat;charge;hold;tussle,0.5257961632961633,0.37890895840686634,0.43161173077432186,"{""charge"": {""f1"": 0.4406779661016949, ""fn"": 24, ""fp"": 9, ""precision"": 0.5909090909090909, ""recall"": 0.35135135135135137, ""tp"": 13}, ""hold"": {""f1"": 0.5263157894736842, ""fn"": 4, ""fp"": 5, ""precision"": 0.5, ""recall"": 0.5555555555555556, ""tp"": 5}, ""lunge"": {""f1"": 0.23615160349854225, ""fn"": 397, ""fp"": 127, ""precision"": 0.3894230769230769, ""recall"": 0.1694560669456067, ""tp"": 81}, ""tussle"": {""f1"": 0.4, ""fn"": 2, ""fp"": 1, ""precision"": 0.5, ""recall"": 0.3333333333333333, ""tp"": 1}, ""wing_threat"": {""f1"": 0.5549132947976879, ""fn"": 51, ""fp"": 26, ""precision"": 0.6486486486486487, ""recall"": 0.48484848484848486, ""tp"": 48}}"
fly_yolo_sppf_full_attention256_w16s8_seed42,w16s8,8,25,0.833333,4.0,626,316,lunge;wing_threat;charge;hold;tussle,0.531565394065394,0.3814194186579124,0.4351102730483743,"{""charge"": {""f1"": 0.4406779661016949, ""fn"": 24, ""fp"": 9, ""precision"": 0.5909090909090909, ""recall"": 0.35135135135135137, ""tp"": 13}, ""hold"": {""f1"": 0.5263157894736842, ""fn"": 4, ""fp"": 5, ""precision"": 0.5, ""recall"": 0.5555555555555556, ""tp"": 5}, ""lunge"": {""f1"": 0.2536443148688047, ""fn"": 391, ""fp"": 121, ""precision"": 0.4182692307692308, ""recall"": 0.18200836820083682, ""tp"": 87}, ""tussle"": {""f1"": 0.4, ""fn"": 2, ""fp"": 1, ""precision"": 0.5, ""recall"": 0.3333333333333333, ""tp"": 1}, ""wing_threat"": {""f1"": 0.5549132947976879, ""fn"": 51, ""fp"": 26, ""precision"": 0.6486486486486487, ""recall"": 0.48484848484848486, ""tp"": 48}}"
fly_yolo_sppf_full_attention256_w16s8_seed42,w16s8,8,26,0.866667,4.0,626,316,lunge;wing_threat;charge;hold;tussle,0.5354115479115479,0.3830930588252764,0.43744263456440924,"{""charge"": {""f1"": 0.4406779661016949, ""fn"": 24, ""fp"": 9, ""precision"": 0.5909090909090909, ""recall"": 0.35135135135135137, ""tp"": 13}, ""hold"": {""f1"": 0.5263157894736842, ""fn"": 4, ""fp"": 5, ""precision"": 0.5, ""recall"": 0.5555555555555556, ""tp"": 5}, ""lunge"": {""f1"": 0.2653061224489796, ""fn"": 387, ""fp"": 117, ""precision"": 0.4375, ""recall"": 0.1903765690376569, ""tp"": 91}, ""tussle"": {""f1"": 0.4, ""fn"": 2, ""fp"": 1, ""precision"": 0.5, ""recall"": 0.3333333333333333, ""tp"": 1}, ""wing_threat"": {""f1"": 0.5549132947976879, ""fn"": 51, ""fp"": 26, ""precision"": 0.6486486486486487, ""recall"": 0.48484848484848486, ""tp"": 48}}"
fly_yolo_sppf_full_attention256_w16s8_seed42,w16s8,8,27,0.9,4.0,626,316,lunge;wing_threat;charge;hold;tussle,0.5402192402192403,0.38518510903448144,0.440358086459453,"{""charge"": {""f1"": 0.4406779661016949, ""fn"": 24, ""fp"": 9, ""precision"": 0.5909090909090909, ""recall"": 0.35135135135135137, ""tp"": 13}, ""hold"": {""f1"": 0.5263157894736842, ""fn"": 4, ""fp"": 5, ""precision"": 0.5, ""recall"": 0.5555555555555556, ""tp"": 5}, ""lunge"": {""f1"": 0.27988338192419826, ""fn"": 382, ""fp"": 112, ""precision"": 0.46153846153846156, ""recall"": 0.200836820083682, ""tp"": 96}, ""tussle"": {""f1"": 0.4, ""fn"": 2, ""fp"": 1, ""precision"": 0.5, ""recall"": 0.3333333333333333, ""tp"": 1}, ""wing_threat"": {""f1"": 0.5549132947976879, ""fn"": 51, ""fp"": 26, ""precision"": 0.6486486486486487, ""recall"": 0.48484848484848486, ""tp"": 48}}"
fly_yolo_sppf_full_attention256_w16s8_seed42,w16s8,8,28,0.933333,4.0,626,316,lunge;wing_threat;charge;hold;tussle,0.5431038556038555,0.3864403391600044,0.4421073575964793,"{""charge"": {""f1"": 0.4406779661016949, ""fn"": 24, ""fp"": 9, ""precision"": 0.5909090909090909, ""recall"": 0.35135135135135137, ""tp"": 13}, ""hold"": {""f1"": 0.5263157894736842, ""fn"": 4, ""fp"": 5, ""precision"": 0.5, ""recall"": 0.5555555555555556, ""tp"": 5}, ""lunge"": {""f1"": 0.2886297376093295, ""fn"": 379, ""fp"": 109, ""precision"": 0.47596153846153844, ""recall"": 0.20711297071129708, ""tp"": 99}, ""tussle"": {""f1"": 0.4, ""fn"": 2, ""fp"": 1, ""precision"": 0.5, ""recall"": 0.3333333333333333, ""tp"": 1}, ""wing_threat"": {""f1"": 0.5549132947976879, ""fn"": 51, ""fp"": 26, ""precision"": 0.6486486486486487, ""recall"": 0.48484848484848486, ""tp"": 48}}"
fly_yolo_sppf_full_attention256_w16s8_seed42,w16s8,8,29,0.966667,4.0,626,316,lunge;wing_threat;charge;hold;tussle,0.5469500094500095,0.38811397932736846,0.4444397191125143,"{""charge"": {""f1"": 0.4406779661016949, ""fn"": 24, ""fp"": 9, ""precision"": 0.5909090909090909, ""recall"": 0.35135135135135137, ""tp"": 13}, ""hold"": {""f1"": 0.5263157894736842, ""fn"": 4, ""fp"": 5, ""precision"": 0.5, ""recall"": 0.5555555555555556, ""tp"": 5}, ""lunge"": {""f1"": 0.3002915451895044, ""fn"": 375, ""fp"": 105, ""precision"": 0.4951923076923077, ""recall"": 0.21548117154811716, ""tp"": 103}, ""tussle"": {""f1"": 0.4, ""fn"": 2, ""fp"": 1, ""precision"": 0.5, ""recall"": 0.3333333333333333, ""tp"": 1}, ""wing_threat"": {""f1"": 0.5549132947976879, ""fn"": 51, ""fp"": 26, ""precision"": 0.6486486486486487, ""recall"": 0.48484848484848486, ""tp"": 48}}"
fly_yolo_sppf_full_attention256_w16s8_seed42,w16s8,8,30,1.0,4.0,626,316,lunge;wing_threat;charge;hold;tussle,0.5506142506142506,0.39055259138941145,0.44733494821984665,"{""charge"": {""f1"": 0.4406779661016949, ""fn"": 24, ""fp"": 9, ""precision"": 0.5909090909090909, ""recall"": 0.35135135135135137, ""tp"": 13}, ""hold"": {""f1"": 0.5263157894736842, ""fn"": 4, ""fp"": 5, ""precision"": 0.5, ""recall"": 0.5555555555555556, ""tp"": 5}, ""lunge"": {""f1"": 0.3032069970845481, ""fn"": 374, ""fp"": 104, ""precision"": 0.5, ""recall"": 0.2175732217573222, ""tp"": 104}, ""tussle"": {""f1"": 0.4, ""fn"": 2, ""fp"": 1, ""precision"": 0.5, ""recall"": 0.3333333333333333, ""tp"": 1}, ""wing_threat"": {""f1"": 0.5664739884393064, ""fn"": 50, ""fp"": 25, ""precision"": 0.6621621621621622, ""recall"": 0.494949494949495, ""tp"": 49}}"
fly_yolo_sppf_full_attention256_w16s8_seed42,w16s8,9,0,0.0,4.0,64,39,lunge;hold;tussle,0.0,0.0,0.0,"{""charge"": {""f1"": 0.0, ""fn"": 0, ""fp"": 0, ""precision"": 0.0, ""recall"": 0.0, ""tp"": 0}, ""hold"": {""f1"": 0.0, ""fn"": 6, ""fp"": 3, ""precision"": 0.0, ""recall"": 0.0, ""tp"": 0}, ""lunge"": {""f1"": 0.0, ""fn"": 57, ""fp"": 35, ""precision"": 0.0, ""recall"": 0.0, ""tp"": 0}, ""tussle"": {""f1"": 0.0, ""fn"": 1, ""fp"": 0, ""precision"": 0.0, ""recall"": 0.0, ""tp"": 0}, ""wing_threat"": {""f1"": 0.0, ""fn"": 0, ""fp"": 1, ""precision"": 0.0, ""recall"": 0.0, ""tp"": 0}}"
fly_yolo_sppf_full_attention256_w16s8_seed42,w16s8,9,1,0.033333,4.0,64,39,lunge;hold;tussle,0.0,0.0,0.0,"{""charge"": {""f1"": 0.0, ""fn"": 0, ""fp"": 0, ""precision"": 0.0, ""recall"": 0.0, ""tp"": 0}, ""hold"": {""f1"": 0.0, ""fn"": 6, ""fp"": 3, ""precision"": 0.0, ""recall"": 0.0, ""tp"": 0}, ""lunge"": {""f1"": 0.0, ""fn"": 57, ""fp"": 35, ""precision"": 0.0, ""recall"": 0.0, ""tp"": 0}, ""tussle"": {""f1"": 0.0, ""fn"": 1, ""fp"": 0, ""precision"": 0.0, ""recall"": 0.0, ""tp"": 0}, ""wing_threat"": {""f1"": 0.0, ""fn"": 0, ""fp"": 1, ""precision"": 0.0, ""recall"": 0.0, ""tp"": 0}}"
fly_yolo_sppf_full_attention256_w16s8_seed42,w16s8,9,2,0.066667,4.0,64,39,lunge;hold;tussle,0.0,0.0,0.0,"{""charge"": {""f1"": 0.0, ""fn"": 0, ""fp"": 0, ""precision"": 0.0, ""recall"": 0.0, ""tp"": 0}, ""hold"": {""f1"": 0.0, ""fn"": 6, ""fp"": 3, ""precision"": 0.0, ""recall"": 0.0, ""tp"": 0}, ""lunge"": {""f1"": 0.0, ""fn"": 57, ""fp"": 35, ""precision"": 0.0, ""recall"": 0.0, ""tp"": 0}, ""tussle"": {""f1"": 0.0, ""fn"": 1, ""fp"": 0, ""precision"": 0.0, ""recall"": 0.0, ""tp"": 0}, ""wing_threat"": {""f1"": 0.0, ""fn"": 0, ""fp"": 1, ""precision"": 0.0, ""recall"": 0.0, ""tp"": 0}}"
fly_yolo_sppf_full_attention256_w16s8_seed42,w16s8,9,3,0.1,4.0,64,39,lunge;hold;tussle,0.009523809523809523,0.005847953216374269,0.007246376811594204,"{""charge"": {""f1"": 0.0, ""fn"": 0, ""fp"": 0, ""precision"": 0.0, ""recall"": 0.0, ""tp"": 0}, ""hold"": {""f1"": 0.0, ""fn"": 6, ""fp"": 3, ""precision"": 0.0, ""recall"": 0.0, ""tp"": 0}, ""lunge"": {""f1"": 0.02173913043478261, ""fn"": 56, ""fp"": 34, ""precision"": 0.02857142857142857, ""recall"": 0.017543859649122806, ""tp"": 1}, ""tussle"": {""f1"": 0.0, ""fn"": 1, ""fp"": 0, ""precision"": 0.0, ""recall"": 0.0, ""tp"": 0}, ""wing_threat"": {""f1"": 0.0, ""fn"": 0, ""fp"": 1, ""precision"": 0.0, ""recall"": 0.0, ""tp"": 0}}"
fly_yolo_sppf_full_attention256_w16s8_seed42,w16s8,9,4,0.133333,4.0,64,39,lunge;hold;tussle,0.12063492063492064,0.06140350877192982,0.08132045088566828,"{""charge"": {""f1"": 0.0, ""fn"": 0, ""fp"": 0, ""precision"": 0.0, ""recall"": 0.0, ""tp"": 0}, ""hold"": {""f1"": 0.2222222222222222, ""fn"": 5, ""fp"": 2, ""precision"": 0.3333333333333333, ""recall"": 0.16666666666666666, ""tp"": 1}, ""lunge"": {""f1"": 0.02173913043478261, ""fn"": 56, ""fp"": 34, ""precision"": 0.02857142857142857, ""recall"": 0.017543859649122806, ""tp"": 1}, ""tussle"": {""f1"": 0.0, ""fn"": 1, ""fp"": 0, ""precision"": 0.0, ""recall"": 0.0, ""tp"": 0}, ""wing_threat"": {""f1"": 0.0, ""fn"": 0, ""fp"": 1, ""precision"": 0.0, ""recall"": 0.0, ""tp"": 0}}"
fly_yolo_sppf_full_attention256_w16s8_seed42,w16s8,9,5,0.166667,4.0,64,39,lunge;hold;tussle,0.13015873015873017,0.06725146198830409,0.08856682769726248,"{""charge"": {""f1"": 0.0, ""fn"": 0, ""fp"": 0, ""precision"": 0.0, ""recall"": 0.0, ""tp"": 0}, ""hold"": {""f1"": 0.2222222222222222, ""fn"": 5, ""fp"": 2, ""precision"": 0.3333333333333333, ""recall"": 0.16666666666666666, ""tp"": 1}, ""lunge"": {""f1"": 0.04347826086956522, ""fn"": 55, ""fp"": 33, ""precision"": 0.05714285714285714, ""recall"": 0.03508771929824561, ""tp"": 2}, ""tussle"": {""f1"": 0.0, ""fn"": 1, ""fp"": 0, ""precision"": 0.0, ""recall"": 0.0, ""tp"": 0}, ""wing_threat"": {""f1"": 0.0, ""fn"": 0, ""fp"": 1, ""precision"": 0.0, ""recall"": 0.0, ""tp"": 0}}"
fly_yolo_sppf_full_attention256_w16s8_seed42,w16s8,9,6,0.2,4.0,64,39,lunge;hold;tussle,0.13015873015873017,0.06725146198830409,0.08856682769726248,"{""charge"": {""f1"": 0.0, ""fn"": 0, ""fp"": 0, ""precision"": 0.0, ""recall"": 0.0, ""tp"": 0}, ""hold"": {""f1"": 0.2222222222222222, ""fn"": 5, ""fp"": 2, ""precision"": 0.3333333333333333, ""recall"": 0.16666666666666666, ""tp"": 1}, ""lunge"": {""f1"": 0.04347826086956522, ""fn"": 55, ""fp"": 33, ""precision"": 0.05714285714285714, ""recall"": 0.03508771929824561, ""tp"": 2}, ""tussle"": {""f1"": 0.0, ""fn"": 1, ""fp"": 0, ""precision"": 0.0, ""recall"": 0.0, ""tp"": 0}, ""wing_threat"": {""f1"": 0.0, ""fn"": 0, ""fp"": 1, ""precision"": 0.0, ""recall"": 0.0, ""tp"": 0}}"
fly_yolo_sppf_full_attention256_w16s8_seed42,w16s8,9,7,0.233333,4.0,64,39,lunge;hold;tussle,0.13968253968253966,0.07309941520467836,0.09581320450885668,"{""charge"": {""f1"": 0.0, ""fn"": 0, ""fp"": 0, ""precision"": 0.0, ""recall"": 0.0, ""tp"": 0}, ""hold"": {""f1"": 0.2222222222222222, ""fn"": 5, ""fp"": 2, ""precision"": 0.3333333333333333, ""recall"": 0.16666666666666666, ""tp"": 1}, ""lunge"": {""f1"": 0.06521739130434782, ""fn"": 54, ""fp"": 32, ""precision"": 0.08571428571428572, ""recall"": 0.05263157894736842, ""tp"": 3}, ""tussle"": {""f1"": 0.0, ""fn"": 1, ""fp"": 0, ""precision"": 0.0, ""recall"": 0.0, ""tp"": 0}, ""wing_threat"": {""f1"": 0.0, ""fn"": 0, ""fp"": 1, ""precision"": 0.0, ""recall"": 0.0, ""tp"": 0}}"
fly_yolo_sppf_full_attention256_w16s8_seed42,w16s8,9,8,0.266667,4.0,64,39,lunge;hold;tussle,0.26031746031746034,0.13450292397660818,0.17713365539452497,"{""charge"": {""f1"": 0.0, ""fn"": 0, ""fp"": 0, ""precision"": 0.0, ""recall"": 0.0, ""tp"": 0}, ""hold"": {""f1"": 0.4444444444444444, ""fn"": 4, ""fp"": 1, ""precision"": 0.6666666666666666, ""recall"": 0.3333333333333333, ""tp"": 2}, ""lunge"": {""f1"": 0.08695652173913045, ""fn"": 53, ""fp"": 31, ""precision"": 0.11428571428571428, ""recall"": 0.07017543859649122, ""tp"": 4}, ""tussle"": {""f1"": 0.0, ""fn"": 1, ""fp"": 0, ""precision"": 0.0, ""recall"": 0.0, ""tp"": 0}, ""wing_threat"": {""f1"": 0.0, ""fn"": 0, ""fp"": 1, ""precision"": 0.0, ""recall"": 0.0, ""tp"": 0}}"
fly_yolo_sppf_full_attention256_w16s8_seed42,w16s8,9,9,0.3,4.0,64,39,lunge;hold;tussle,0.2888888888888889,0.15204678362573099,0.19887278582930756,"{""charge"": {""f1"": 0.0, ""fn"": 0, ""fp"": 0, ""precision"": 0.0, ""recall"": 0.0, ""tp"": 0}, ""hold"": {""f1"": 0.4444444444444444, ""fn"": 4, ""fp"": 1, ""precision"": 0.6666666666666666, ""recall"": 0.3333333333333333, ""tp"": 2}, ""lunge"": {""f1"": 0.15217391304347827, ""fn"": 50, ""fp"": 28, ""precision"": 0.2, ""recall"": 0.12280701754385964, ""tp"": 7}, ""tussle"": {""f1"": 0.0, ""fn"": 1, ""fp"": 0, ""precision"": 0.0, ""recall"": 0.0, ""tp"": 0}, ""wing_threat"": {""f1"": 0.0, ""fn"": 0, ""fp"": 1, ""precision"": 0.0, ""recall"": 0.0, ""tp"": 0}}"
fly_yolo_sppf_full_attention256_w16s8_seed42,w16s8,9,10,0.333333,4.0,64,39,lunge;hold;tussle,0.3079365079365079,0.16374269005847952,0.21336553945249595,"{""charge"": {""f1"": 0.0, ""fn"": 0, ""fp"": 0, ""precision"": 0.0, ""recall"": 0.0, ""tp"": 0}, ""hold"": {""f1"": 0.4444444444444444, ""fn"": 4, ""fp"": 1, ""precision"": 0.6666666666666666, ""recall"": 0.3333333333333333, ""tp"": 2}, ""lunge"": {""f1"": 0.1956521739130435, ""fn"": 48, ""fp"": 26, ""precision"": 0.2571428571428571, ""recall"": 0.15789473684210525, ""tp"": 9}, ""tussle"": {""f1"": 0.0, ""fn"": 1, ""fp"": 0, ""precision"": 0.0, ""recall"": 0.0, ""tp"": 0}, ""wing_threat"": {""f1"": 0.0, ""fn"": 0, ""fp"": 1, ""precision"": 0.0, ""recall"": 0.0, ""tp"": 0}}"
fly_yolo_sppf_full_attention256_w16s8_seed42,w16s8,9,11,0.366667,4.0,64,39,lunge;hold;tussle,0.31746031746031744,0.16959064327485382,0.22061191626409016,"{""charge"": {""f1"": 0.0, ""fn"": 0, ""fp"": 0, ""precision"": 0.0, ""recall"": 0.0, ""tp"": 0}, ""hold"": {""f1"": 0.4444444444444444, ""fn"": 4, ""fp"": 1, ""precision"": 0.6666666666666666, ""recall"": 0.3333333333333333, ""tp"": 2}, ""lunge"": {""f1"": 0.21739130434782608, ""fn"": 47, ""fp"": 25, ""precision"": 0.2857142857142857, ""recall"": 0.17543859649122806, ""tp"": 10}, ""tussle"": {""f1"": 0.0, ""fn"": 1, ""fp"": 0, ""precision"": 0.0, ""recall"": 0.0, ""tp"": 0}, ""wing_threat"": {""f1"": 0.0, ""fn"": 0, ""fp"": 1, ""precision"": 0.0, ""recall"": 0.0, ""tp"": 0}}"
fly_yolo_sppf_full_attention256_w16s8_seed42,w16s8,9,12,0.4,4.0,64,39,lunge;hold;tussle,0.31746031746031744,0.16959064327485382,0.22061191626409016,"{""charge"": {""f1"": 0.0, ""fn"": 0, ""fp"": 0, ""precision"": 0.0, ""recall"": 0.0, ""tp"": 0}, ""hold"": {""f1"": 0.4444444444444444, ""fn"": 4, ""fp"": 1, ""precision"": 0.6666666666666666, ""recall"": 0.3333333333333333, ""tp"": 2}, ""lunge"": {""f1"": 0.21739130434782608, ""fn"": 47, ""fp"": 25, ""precision"": 0.2857142857142857, ""recall"": 0.17543859649122806, ""tp"": 10}, ""tussle"": {""f1"": 0.0, ""fn"": 1, ""fp"": 0, ""precision"": 0.0, ""recall"": 0.0, ""tp"": 0}, ""wing_threat"": {""f1"": 0.0, ""fn"": 0, ""fp"": 1, ""precision"": 0.0, ""recall"": 0.0, ""tp"": 0}}"
fly_yolo_sppf_full_attention256_w16s8_seed42,w16s8,9,13,0.433333,4.0,64,39,lunge;hold;tussle,0.31746031746031744,0.16959064327485382,0.22061191626409016,"{""charge"": {""f1"": 0.0, ""fn"": 0, ""fp"": 0, ""precision"": 0.0, ""recall"": 0.0, ""tp"": 0}, ""hold"": {""f1"": 0.4444444444444444, ""fn"": 4, ""fp"": 1, ""precision"": 0.6666666666666666, ""recall"": 0.3333333333333333, ""tp"": 2}, ""lunge"": {""f1"": 0.21739130434782608, ""fn"": 47, ""fp"": 25, ""precision"": 0.2857142857142857, ""recall"": 0.17543859649122806, ""tp"": 10}, ""tussle"": {""f1"": 0.0, ""fn"": 1, ""fp"": 0, ""precision"": 0.0, ""recall"": 0.0, ""tp"": 0}, ""wing_threat"": {""f1"": 0.0, ""fn"": 0, ""fp"": 1, ""precision"": 0.0, ""recall"": 0.0, ""tp"": 0}}"
fly_yolo_sppf_full_attention256_w16s8_seed42,w16s8,9,14,0.466667,4.0,64,39,lunge;hold;tussle,0.31746031746031744,0.16959064327485382,0.22061191626409016,"{""charge"": {""f1"": 0.0, ""fn"": 0, ""fp"": 0, ""precision"": 0.0, ""recall"": 0.0, ""tp"": 0}, ""hold"": {""f1"": 0.4444444444444444, ""fn"": 4, ""fp"": 1, ""precision"": 0.6666666666666666, ""recall"": 0.3333333333333333, ""tp"": 2}, ""lunge"": {""f1"": 0.21739130434782608, ""fn"": 47, ""fp"": 25, ""precision"": 0.2857142857142857, ""recall"": 0.17543859649122806, ""tp"": 10}, ""tussle"": {""f1"": 0.0, ""fn"": 1, ""fp"": 0, ""precision"": 0.0, ""recall"": 0.0, ""tp"": 0}, ""wing_threat"": {""f1"": 0.0, ""fn"": 0, ""fp"": 1, ""precision"": 0.0, ""recall"": 0.0, ""tp"": 0}}"
fly_yolo_sppf_full_attention256_w16s8_seed42,w16s8,9,15,0.5,4.0,64,39,lunge;hold;tussle,0.3365079365079365,0.1812865497076023,0.2351046698872786,"{""charge"": {""f1"": 0.0, ""fn"": 0, ""fp"": 0, ""precision"": 0.0, ""recall"": 0.0, ""tp"": 0}, ""hold"": {""f1"": 0.4444444444444444, ""fn"": 4, ""fp"": 1, ""precision"": 0.6666666666666666, ""recall"": 0.3333333333333333, ""tp"": 2}, ""lunge"": {""f1"": 0.2608695652173913, ""fn"": 45, ""fp"": 23, ""precision"": 0.34285714285714286, ""recall"": 0.21052631578947367, ""tp"": 12}, ""tussle"": {""f1"": 0.0, ""fn"": 1, ""fp"": 0, ""precision"": 0.0, ""recall"": 0.0, ""tp"": 0}, ""wing_threat"": {""f1"": 0.0, ""fn"": 0, ""fp"": 1, ""precision"": 0.0, ""recall"": 0.0, ""tp"": 0}}"
fly_yolo_sppf_full_attention256_w16s8_seed42,w16s8,9,16,0.533333,4.0,64,39,lunge;hold;tussle,0.3365079365079365,0.1812865497076023,0.2351046698872786,"{""charge"": {""f1"": 0.0, ""fn"": 0, ""fp"": 0, ""precision"": 0.0, ""recall"": 0.0, ""tp"": 0}, ""hold"": {""f1"": 0.4444444444444444, ""fn"": 4, ""fp"": 1, ""precision"": 0.6666666666666666, ""recall"": 0.3333333333333333, ""tp"": 2}, ""lunge"": {""f1"": 0.2608695652173913, ""fn"": 45, ""fp"": 23, ""precision"": 0.34285714285714286, ""recall"": 0.21052631578947367, ""tp"": 12}, ""tussle"": {""f1"": 0.0, ""fn"": 1, ""fp"": 0, ""precision"": 0.0, ""recall"": 0.0, ""tp"": 0}, ""wing_threat"": {""f1"": 0.0, ""fn"": 0, ""fp"": 1, ""precision"": 0.0, ""recall"": 0.0, ""tp"": 0}}"
fly_yolo_sppf_full_attention256_w16s8_seed42,w16s8,9,17,0.566667,4.0,64,39,lunge;hold;tussle,0.34603174603174597,0.1871345029239766,0.24235104669887275,"{""charge"": {""f1"": 0.0, ""fn"": 0, ""fp"": 0, ""precision"": 0.0, ""recall"": 0.0, ""tp"": 0}, ""hold"": {""f1"": 0.4444444444444444, ""fn"": 4, ""fp"": 1, ""precision"": 0.6666666666666666, ""recall"": 0.3333333333333333, ""tp"": 2}, ""lunge"": {""f1"": 0.2826086956521739, ""fn"": 44, ""fp"": 22, ""precision"": 0.37142857142857144, ""recall"": 0.22807017543859648, ""tp"": 13}, ""tussle"": {""f1"": 0.0, ""fn"": 1, ""fp"": 0, ""precision"": 0.0, ""recall"": 0.0, ""tp"": 0}, ""wing_threat"": {""f1"": 0.0, ""fn"": 0, ""fp"": 1, ""precision"": 0.0, ""recall"": 0.0, ""tp"": 0}}"
fly_yolo_sppf_full_attention256_w16s8_seed42,w16s8,9,18,0.6,4.0,64,39,lunge;hold;tussle,0.34603174603174597,0.1871345029239766,0.24235104669887275,"{""charge"": {""f1"": 0.0, ""fn"": 0, ""fp"": 0, ""precision"": 0.0, ""recall"": 0.0, ""tp"": 0}, ""hold"": {""f1"": 0.4444444444444444, ""fn"": 4, ""fp"": 1, ""precision"": 0.6666666666666666, ""recall"": 0.3333333333333333, ""tp"": 2}, ""lunge"": {""f1"": 0.2826086956521739, ""fn"": 44, ""fp"": 22, ""precision"": 0.37142857142857144, ""recall"": 0.22807017543859648, ""tp"": 13}, ""tussle"": {""f1"": 0.0, ""fn"": 1, ""fp"": 0, ""precision"": 0.0, ""recall"": 0.0, ""tp"": 0}, ""wing_threat"": {""f1"": 0.0, ""fn"": 0, ""fp"": 1, ""precision"": 0.0, ""recall"": 0.0, ""tp"": 0}}"
fly_yolo_sppf_full_attention256_w16s8_seed42,w16s8,9,19,0.633333,4.0,64,39,lunge;hold;tussle,0.34603174603174597,0.1871345029239766,0.24235104669887275,"{""charge"": {""f1"": 0.0, ""fn"": 0, ""fp"": 0, ""precision"": 0.0, ""recall"": 0.0, ""tp"": 0}, ""hold"": {""f1"": 0.4444444444444444, ""fn"": 4, ""fp"": 1, ""precision"": 0.6666666666666666, ""recall"": 0.3333333333333333, ""tp"": 2}, ""lunge"": {""f1"": 0.2826086956521739, ""fn"": 44, ""fp"": 22, ""precision"": 0.37142857142857144, ""recall"": 0.22807017543859648, ""tp"": 13}, ""tussle"": {""f1"": 0.0, ""fn"": 1, ""fp"": 0, ""precision"": 0.0, ""recall"": 0.0, ""tp"": 0}, ""wing_threat"": {""f1"": 0.0, ""fn"": 0, ""fp"": 1, ""precision"": 0.0, ""recall"": 0.0, ""tp"": 0}}"
fly_yolo_sppf_full_attention256_w16s8_seed42,w16s8,9,20,0.666667,4.0,64,39,lunge;hold;tussle,0.3746031746031746,0.20467836257309938,0.2640901771336554,"{""charge"": {""f1"": 0.0, ""fn"": 0, ""fp"": 0, ""precision"": 0.0, ""recall"": 0.0, ""tp"": 0}, ""hold"": {""f1"": 0.4444444444444444, ""fn"": 4, ""fp"": 1, ""precision"": 0.6666666666666666, ""recall"": 0.3333333333333333, ""tp"": 2}, ""lunge"": {""f1"": 0.3478260869565218, ""fn"": 41, ""fp"": 19, ""precision"": 0.45714285714285713, ""recall"": 0.2807017543859649, ""tp"": 16}, ""tussle"": {""f1"": 0.0, ""fn"": 1, ""fp"": 0, ""precision"": 0.0, ""recall"": 0.0, ""tp"": 0}, ""wing_threat"": {""f1"": 0.0, ""fn"": 0, ""fp"": 1, ""precision"": 0.0, ""recall"": 0.0, ""tp"": 0}}"
fly_yolo_sppf_full_attention256_w16s8_seed42,w16s8,9,21,0.7,4.0,64,39,lunge;hold;tussle,0.3746031746031746,0.20467836257309938,0.2640901771336554,"{""charge"": {""f1"": 0.0, ""fn"": 0, ""fp"": 0, ""precision"": 0.0, ""recall"": 0.0, ""tp"": 0}, ""hold"": {""f1"": 0.4444444444444444, ""fn"": 4, ""fp"": 1, ""precision"": 0.6666666666666666, ""recall"": 0.3333333333333333, ""tp"": 2}, ""lunge"": {""f1"": 0.3478260869565218, ""fn"": 41, ""fp"": 19, ""precision"": 0.45714285714285713, ""recall"": 0.2807017543859649, ""tp"": 16}, ""tussle"": {""f1"": 0.0, ""fn"": 1, ""fp"": 0, ""precision"": 0.0, ""recall"": 0.0, ""tp"": 0}, ""wing_threat"": {""f1"": 0.0, ""fn"": 0, ""fp"": 1, ""precision"": 0.0, ""recall"": 0.0, ""tp"": 0}}"
fly_yolo_sppf_full_attention256_w16s8_seed42,w16s8,9,22,0.733333,4.0,64,39,lunge;hold;tussle,0.3841269841269841,0.21052631578947367,0.2713365539452496,"{""charge"": {""f1"": 0.0, ""fn"": 0, ""fp"": 0, ""precision"": 0.0, ""recall"": 0.0, ""tp"": 0}, ""hold"": {""f1"": 0.4444444444444444, ""fn"": 4, ""fp"": 1, ""precision"": 0.6666666666666666, ""recall"": 0.3333333333333333, ""tp"": 2}, ""lunge"": {""f1"": 0.3695652173913043, ""fn"": 40, ""fp"": 18, ""precision"": 0.4857142857142857, ""recall"": 0.2982456140350877, ""tp"": 17}, ""tussle"": {""f1"": 0.0, ""fn"": 1, ""fp"": 0, ""precision"": 0.0, ""recall"": 0.0, ""tp"": 0}, ""wing_threat"": {""f1"": 0.0, ""fn"": 0, ""fp"": 1, ""precision"": 0.0, ""recall"": 0.0, ""tp"": 0}}"
fly_yolo_sppf_full_attention256_w16s8_seed42,w16s8,9,23,0.766667,4.0,64,39,lunge;hold;tussle,0.3841269841269841,0.21052631578947367,0.2713365539452496,"{""charge"": {""f1"": 0.0, ""fn"": 0, ""fp"": 0, ""precision"": 0.0, ""recall"": 0.0, ""tp"": 0}, ""hold"": {""f1"": 0.4444444444444444, ""fn"": 4, ""fp"": 1, ""precision"": 0.6666666666666666, ""recall"": 0.3333333333333333, ""tp"": 2}, ""lunge"": {""f1"": 0.3695652173913043, ""fn"": 40, ""fp"": 18, ""precision"": 0.4857142857142857, ""recall"": 0.2982456140350877, ""tp"": 17}, ""tussle"": {""f1"": 0.0, ""fn"": 1, ""fp"": 0, ""precision"": 0.0, ""recall"": 0.0, ""tp"": 0}, ""wing_threat"": {""f1"": 0.0, ""fn"": 0, ""fp"": 1, ""precision"": 0.0, ""recall"": 0.0, ""tp"": 0}}"
fly_yolo_sppf_full_attention256_w16s8_seed42,w16s8,9,24,0.8,4.0,64,39,lunge;hold;tussle,0.3936507936507936,0.21637426900584797,0.27858293075684376,"{""charge"": {""f1"": 0.0, ""fn"": 0, ""fp"": 0, ""precision"": 0.0, ""recall"": 0.0, ""tp"": 0}, ""hold"": {""f1"": 0.4444444444444444, ""fn"": 4, ""fp"": 1, ""precision"": 0.6666666666666666, ""recall"": 0.3333333333333333, ""tp"": 2}, ""lunge"": {""f1"": 0.391304347826087, ""fn"": 39, ""fp"": 17, ""precision"": 0.5142857142857142, ""recall"": 0.3157894736842105, ""tp"": 18}, ""tussle"": {""f1"": 0.0, ""fn"": 1, ""fp"": 0, ""precision"": 0.0, ""recall"": 0.0, ""tp"": 0}, ""wing_threat"": {""f1"": 0.0, ""fn"": 0, ""fp"": 1, ""precision"": 0.0, ""recall"": 0.0, ""tp"": 0}}"
fly_yolo_sppf_full_attention256_w16s8_seed42,w16s8,9,25,0.833333,4.0,64,39,lunge;hold;tussle,0.3936507936507936,0.21637426900584797,0.27858293075684376,"{""charge"": {""f1"": 0.0, ""fn"": 0, ""fp"": 0, ""precision"": 0.0, ""recall"": 0.0, ""tp"": 0}, ""hold"": {""f1"": 0.4444444444444444, ""fn"": 4, ""fp"": 1, ""precision"": 0.6666666666666666, ""recall"": 0.3333333333333333, ""tp"": 2}, ""lunge"": {""f1"": 0.391304347826087, ""fn"": 39, ""fp"": 17, ""precision"": 0.5142857142857142, ""recall"": 0.3157894736842105, ""tp"": 18}, ""tussle"": {""f1"": 0.0, ""fn"": 1, ""fp"": 0, ""precision"": 0.0, ""recall"": 0.0, ""tp"": 0}, ""wing_threat"": {""f1"": 0.0, ""fn"": 0, ""fp"": 1, ""precision"": 0.0, ""recall"": 0.0, ""tp"": 0}}"
fly_yolo_sppf_full_attention256_w16s8_seed42,w16s8,9,26,0.866667,4.0,64,39,lunge;hold;tussle,0.40317460317460313,0.2222222222222222,0.285829307568438,"{""charge"": {""f1"": 0.0, ""fn"": 0, ""fp"": 0, ""precision"": 0.0, ""recall"": 0.0, ""tp"": 0}, ""hold"": {""f1"": 0.4444444444444444, ""fn"": 4, ""fp"": 1, ""precision"": 0.6666666666666666, ""recall"": 0.3333333333333333, ""tp"": 2}, ""lunge"": {""f1"": 0.4130434782608695, ""fn"": 38, ""fp"": 16, ""precision"": 0.5428571428571428, ""recall"": 0.3333333333333333, ""tp"": 19}, ""tussle"": {""f1"": 0.0, ""fn"": 1, ""fp"": 0, ""precision"": 0.0, ""recall"": 0.0, ""tp"": 0}, ""wing_threat"": {""f1"": 0.0, ""fn"": 0, ""fp"": 1, ""precision"": 0.0, ""recall"": 0.0, ""tp"": 0}}"
fly_yolo_sppf_full_attention256_w16s8_seed42,w16s8,9,27,0.9,4.0,64,39,lunge;hold;tussle,0.4222222222222222,0.23391812865497075,0.3003220611916264,"{""charge"": {""f1"": 0.0, ""fn"": 0, ""fp"": 0, ""precision"": 0.0, ""recall"": 0.0, ""tp"": 0}, ""hold"": {""f1"": 0.4444444444444444, ""fn"": 4, ""fp"": 1, ""precision"": 0.6666666666666666, ""recall"": 0.3333333333333333, ""tp"": 2}, ""lunge"": {""f1"": 0.4565217391304348, ""fn"": 36, ""fp"": 14, ""precision"": 0.6, ""recall"": 0.3684210526315789, ""tp"": 21}, ""tussle"": {""f1"": 0.0, ""fn"": 1, ""fp"": 0, ""precision"": 0.0, ""recall"": 0.0, ""tp"": 0}, ""wing_threat"": {""f1"": 0.0, ""fn"": 0, ""fp"": 1, ""precision"": 0.0, ""recall"": 0.0, ""tp"": 0}}"
fly_yolo_sppf_full_attention256_w16s8_seed42,w16s8,9,28,0.933333,4.0,64,39,lunge;hold;tussle,0.4222222222222222,0.23391812865497075,0.3003220611916264,"{""charge"": {""f1"": 0.0, ""fn"": 0, ""fp"": 0, ""precision"": 0.0, ""recall"": 0.0, ""tp"": 0}, ""hold"": {""f1"": 0.4444444444444444, ""fn"": 4, ""fp"": 1, ""precision"": 0.6666666666666666, ""recall"": 0.3333333333333333, ""tp"": 2}, ""lunge"": {""f1"": 0.4565217391304348, ""fn"": 36, ""fp"": 14, ""precision"": 0.6, ""recall"": 0.3684210526315789, ""tp"": 21}, ""tussle"": {""f1"": 0.0, ""fn"": 1, ""fp"": 0, ""precision"": 0.0, ""recall"": 0.0, ""tp"": 0}, ""wing_threat"": {""f1"": 0.0, ""fn"": 0, ""fp"": 1, ""precision"": 0.0, ""recall"": 0.0, ""tp"": 0}}"
fly_yolo_sppf_full_attention256_w16s8_seed42,w16s8,9,29,0.966667,4.0,64,39,lunge;hold;tussle,0.4222222222222222,0.23391812865497075,0.3003220611916264,"{""charge"": {""f1"": 0.0, ""fn"": 0, ""fp"": 0, ""precision"": 0.0, ""recall"": 0.0, ""tp"": 0}, ""hold"": {""f1"": 0.4444444444444444, ""fn"": 4, ""fp"": 1, ""precision"": 0.6666666666666666, ""recall"": 0.3333333333333333, ""tp"": 2}, ""lunge"": {""f1"": 0.4565217391304348, ""fn"": 36, ""fp"": 14, ""precision"": 0.6, ""recall"": 0.3684210526315789, ""tp"": 21}, ""tussle"": {""f1"": 0.0, ""fn"": 1, ""fp"": 0, ""precision"": 0.0, ""recall"": 0.0, ""tp"": 0}, ""wing_threat"": {""f1"": 0.0, ""fn"": 0, ""fp"": 1, ""precision"": 0.0, ""recall"": 0.0, ""tp"": 0}}"
fly_yolo_sppf_full_attention256_w16s8_seed42,w16s8,9,30,1.0,4.0,64,39,lunge;hold;tussle,0.4222222222222222,0.23391812865497075,0.3003220611916264,"{""charge"": {""f1"": 0.0, ""fn"": 0, ""fp"": 0, ""precision"": 0.0, ""recall"": 0.0, ""tp"": 0}, ""hold"": {""f1"": 0.4444444444444444, ""fn"": 4, ""fp"": 1, ""precision"": 0.6666666666666666, ""recall"": 0.3333333333333333, ""tp"": 2}, ""lunge"": {""f1"": 0.4565217391304348, ""fn"": 36, ""fp"": 14, ""precision"": 0.6, ""recall"": 0.3684210526315789, ""tp"": 21}, ""tussle"": {""f1"": 0.0, ""fn"": 1, ""fp"": 0, ""precision"": 0.0, ""recall"": 0.0, ""tp"": 0}, ""wing_threat"": {""f1"": 0.0, ""fn"": 0, ""fp"": 1, ""precision"": 0.0, ""recall"": 0.0, ""tp"": 0}}"
fly_yolo_sppf_full_attention256_w16s8_seed42,w16s8,10,0,0.0,4.0,193,151,lunge;wing_threat;charge;hold;tussle,0.0,0.0,0.0,"{""charge"": {""f1"": 0.0, ""fn"": 7, ""fp"": 15, ""precision"": 0.0, ""recall"": 0.0, ""tp"": 0}, ""hold"": {""f1"": 0.0, ""fn"": 5, ""fp"": 7, ""precision"": 0.0, ""recall"": 0.0, ""tp"": 0}, ""lunge"": {""f1"": 0.0, ""fn"": 140, ""fp"": 95, ""precision"": 0.0, ""recall"": 0.0, ""tp"": 0}, ""tussle"": {""f1"": 0.0, ""fn"": 19, ""fp"": 11, ""precision"": 0.0, ""recall"": 0.0, ""tp"": 0}, ""wing_threat"": {""f1"": 0.0, ""fn"": 22, ""fp"": 23, ""precision"": 0.0, ""recall"": 0.0, ""tp"": 0}}"
fly_yolo_sppf_full_attention256_w16s8_seed42,w16s8,10,1,0.033333,4.0,193,151,lunge;wing_threat;charge;hold;tussle,0.0,0.0,0.0,"{""charge"": {""f1"": 0.0, ""fn"": 7, ""fp"": 15, ""precision"": 0.0, ""recall"": 0.0, ""tp"": 0}, ""hold"": {""f1"": 0.0, ""fn"": 5, ""fp"": 7, ""precision"": 0.0, ""recall"": 0.0, ""tp"": 0}, ""lunge"": {""f1"": 0.0, ""fn"": 140, ""fp"": 95, ""precision"": 0.0, ""recall"": 0.0, ""tp"": 0}, ""tussle"": {""f1"": 0.0, ""fn"": 19, ""fp"": 11, ""precision"": 0.0, ""recall"": 0.0, ""tp"": 0}, ""wing_threat"": {""f1"": 0.0, ""fn"": 22, ""fp"": 23, ""precision"": 0.0, ""recall"": 0.0, ""tp"": 0}}"
fly_yolo_sppf_full_attention256_w16s8_seed42,w16s8,10,2,0.066667,4.0,193,151,lunge;wing_threat;charge;hold;tussle,0.0,0.0,0.0,"{""charge"": {""f1"": 0.0, ""fn"": 7, ""fp"": 15, ""precision"": 0.0, ""recall"": 0.0, ""tp"": 0}, ""hold"": {""f1"": 0.0, ""fn"": 5, ""fp"": 7, ""precision"": 0.0, ""recall"": 0.0, ""tp"": 0}, ""lunge"": {""f1"": 0.0, ""fn"": 140, ""fp"": 95, ""precision"": 0.0, ""recall"": 0.0, ""tp"": 0}, ""tussle"": {""f1"": 0.0, ""fn"": 19, ""fp"": 11, ""precision"": 0.0, ""recall"": 0.0, ""tp"": 0}, ""wing_threat"": {""f1"": 0.0, ""fn"": 22, ""fp"": 23, ""precision"": 0.0, ""recall"": 0.0, ""tp"": 0}}"
fly_yolo_sppf_full_attention256_w16s8_seed42,w16s8,10,3,0.1,4.0,193,151,lunge;wing_threat;charge;hold;tussle,0.02857142857142857,0.04,0.03333333333333333,"{""charge"": {""f1"": 0.0, ""fn"": 7, ""fp"": 15, ""precision"": 0.0, ""recall"": 0.0, ""tp"": 0}, ""hold"": {""f1"": 0.16666666666666666, ""fn"": 4, ""fp"": 6, ""precision"": 0.14285714285714285, ""recall"": 0.2, ""tp"": 1}, ""lunge"": {""f1"": 0.0, ""fn"": 140, ""fp"": 95, ""precision"": 0.0, ""recall"": 0.0, ""tp"": 0}, ""tussle"": {""f1"": 0.0, ""fn"": 19, ""fp"": 11, ""precision"": 0.0, ""recall"": 0.0, ""tp"": 0}, ""wing_threat"": {""f1"": 0.0, ""fn"": 22, ""fp"": 23, ""precision"": 0.0, ""recall"": 0.0, ""tp"": 0}}"
fly_yolo_sppf_full_attention256_w16s8_seed42,w16s8,10,4,0.133333,4.0,193,151,lunge;wing_threat;charge;hold;tussle,0.0554488989271598,0.05961722488038278,0.055555555555555546,"{""charge"": {""f1"": 0.0, ""fn"": 7, ""fp"": 15, ""precision"": 0.0, ""recall"": 0.0, ""tp"": 0}, ""hold"": {""f1"": 0.16666666666666666, ""fn"": 4, ""fp"": 6, ""precision"": 0.14285714285714285, ""recall"": 0.2, ""tp"": 1}, ""lunge"": {""f1"": 0.0, ""fn"": 140, ""fp"": 95, ""precision"": 0.0, ""recall"": 0.0, ""tp"": 0}, ""tussle"": {""f1"": 0.06666666666666667, ""fn"": 18, ""fp"": 10, ""precision"": 0.09090909090909091, ""recall"": 0.05263157894736842, ""tp"": 1}, ""wing_threat"": {""f1"": 0.04444444444444444, ""fn"": 21, ""fp"": 22, ""precision"": 0.043478260869565216, ""recall"": 0.045454545454545456, ""tp"": 1}}"
fly_yolo_sppf_full_attention256_w16s8_seed42,w16s8,10,5,0.166667,4.0,193,151,lunge;wing_threat;charge;hold;tussle,0.12907961603613777,0.12976076555023924,0.12444444444444443,"{""charge"": {""f1"": 0.0, ""fn"": 7, ""fp"": 15, ""precision"": 0.0, ""recall"": 0.0, ""tp"": 0}, ""hold"": {""f1"": 0.3333333333333333, ""fn"": 3, ""fp"": 5, ""precision"": 0.2857142857142857, ""recall"": 0.4, ""tp"": 2}, ""lunge"": {""f1"": 0.0, ""fn"": 140, ""fp"": 95, ""precision"": 0.0, ""recall"": 0.0, ""tp"": 0}, ""tussle"": {""f1"": 0.19999999999999998, ""fn"": 16, ""fp"": 8, ""precision"": 0.2727272727272727, ""recall"": 0.15789473684210525, ""tp"": 3}, ""wing_threat"": {""f1"": 0.08888888888888888, ""fn"": 20, ""fp"": 21, ""precision"": 0.08695652173913043, ""recall"": 0.09090909090909091, ""tp"": 2}}"
fly_yolo_sppf_full_attention256_w16s8_seed42,w16s8,10,6,0.2,4.0,193,151,lunge;wing_threat;charge;hold;tussle,0.17060516904910497,0.18703349282296652,0.17099505695250375,"{""charge"": {""f1"": 0.09090909090909091, ""fn"": 6, ""fp"": 14, ""precision"": 0.06666666666666667, ""recall"": 0.14285714285714285, ""tp"": 1}, ""hold"": {""f1"": 0.3333333333333333, ""fn"": 3, ""fp"": 5, ""precision"": 0.2857142857142857, ""recall"": 0.4, ""tp"": 2}, ""lunge"": {""f1"": 0.00851063829787234, ""fn"": 139, ""fp"": 94, ""precision"": 0.010526315789473684, ""recall"": 0.007142857142857143, ""tp"": 1}, ""tussle"": {""f1"": 0.19999999999999998, ""fn"": 16, ""fp"": 8, ""precision"": 0.2727272727272727, ""recall"": 0.15789473684210525, ""tp"": 3}, ""wing_threat"": {""f1"": 0.22222222222222224, ""fn"": 17, ""fp"": 18, ""precision"": 0.21739130434782608, ""recall"": 0.22727272727272727, ""tp"": 5}}"
fly_yolo_sppf_full_attention256_w16s8_seed42,w16s8,10,7,0.233333,4.0,193,151,lunge;wing_threat;charge;hold;tussle,0.17271043220699972,0.18846206425153794,0.17269718461207823,"{""charge"": {""f1"": 0.09090909090909091, ""fn"": 6, ""fp"": 14, ""precision"": 0.06666666666666667, ""recall"": 0.14285714285714285, ""tp"": 1}, ""hold"": {""f1"": 0.3333333333333333, ""fn"": 3, ""fp"": 5, ""precision"": 0.2857142857142857, ""recall"": 0.4, ""tp"": 2}, ""lunge"": {""f1"": 0.01702127659574468, ""fn"": 138, ""fp"": 93, ""precision"": 0.021052631578947368, ""recall"": 0.014285714285714285, ""tp"": 2}, ""tussle"": {""f1"": 0.19999999999999998, ""fn"": 16, ""fp"": 8, ""precision"": 0.2727272727272727, ""recall"": 0.15789473684210525, ""tp"": 3}, ""wing_threat"": {""f1"": 0.22222222222222224, ""fn"": 17, ""fp"": 18, ""precision"": 0.21739130434782608, ""recall"": 0.22727272727272727, ""tp"": 5}}"
fly_yolo_sppf_full_attention256_w16s8_seed42,w16s8,10,8,0.266667,4.0,193,151,lunge;wing_threat;charge;hold;tussle,0.17271043220699972,0.18846206425153794,0.17269718461207823,"{""charge"": {""f1"": 0.09090909090909091, ""fn"": 6, ""fp"": 14, ""precision"": 0.06666666666666667, ""recall"": 0.14285714285714285, ""tp"": 1}, ""hold"": {""f1"": 0.3333333333333333, ""fn"": 3, ""fp"": 5, ""precision"": 0.2857142857142857, ""recall"": 0.4, ""tp"": 2}, ""lunge"": {""f1"": 0.01702127659574468, ""fn"": 138, ""fp"": 93, ""precision"": 0.021052631578947368, ""recall"": 0.014285714285714285, ""tp"": 2}, ""tussle"": {""f1"": 0.19999999999999998, ""fn"": 16, ""fp"": 8, ""precision"": 0.2727272727272727, ""recall"": 0.15789473684210525, ""tp"": 3}, ""wing_threat"": {""f1"": 0.22222222222222224, ""fn"": 17, ""fp"": 18, ""precision"": 0.21739130434782608, ""recall"": 0.22727272727272727, ""tp"": 5}}"
fly_yolo_sppf_full_attention256_w16s8_seed42,w16s8,10,9,0.3,4.0,193,151,lunge;wing_threat;charge;hold;tussle,0.18140608438091274,0.19755297334244704,0.18158607350096712,"{""charge"": {""f1"": 0.09090909090909091, ""fn"": 6, ""fp"": 14, ""precision"": 0.06666666666666667, ""recall"": 0.14285714285714285, ""tp"": 1}, ""hold"": {""f1"": 0.3333333333333333, ""fn"": 3, ""fp"": 5, ""precision"": 0.2857142857142857, ""recall"": 0.4, ""tp"": 2}, ""lunge"": {""f1"": 0.01702127659574468, ""fn"": 138, ""fp"": 93, ""precision"": 0.021052631578947368, ""recall"": 0.014285714285714285, ""tp"": 2}, ""tussle"": {""f1"": 0.19999999999999998, ""fn"": 16, ""fp"": 8, ""precision"": 0.2727272727272727, ""recall"": 0.15789473684210525, ""tp"": 3}, ""wing_threat"": {""f1"": 0.2666666666666666, ""fn"": 16, ""fp"": 17, ""precision"": 0.2608695652173913, ""recall"": 0.2727272727272727, ""tp"": 6}}"
fly_yolo_sppf_full_attention256_w16s8_seed42,w16s8,10,10,0.333333,4.0,193,151,lunge;wing_threat;charge;hold;tussle,0.21208277611023604,0.23898154477101846,0.2166215344938749,"{""charge"": {""f1"": 0.09090909090909091, ""fn"": 6, ""fp"": 14, ""precision"": 0.06666666666666667, ""recall"": 0.14285714285714285, ""tp"": 1}, ""hold"": {""f1"": 0.5, ""fn"": 2, ""fp"": 4, ""precision"": 0.42857142857142855, ""recall"": 0.6, ""tp"": 3}, ""lunge"": {""f1"": 0.025531914893617023, ""fn"": 137, ""fp"": 92, ""precision"": 0.031578947368421054, ""recall"": 0.02142857142857143, ""tp"": 3}, ""tussle"": {""f1"": 0.19999999999999998, ""fn"": 16, ""fp"": 8, ""precision"": 0.2727272727272727, ""recall"": 0.15789473684210525, ""tp"": 3}, ""wing_threat"": {""f1"": 0.2666666666666666, ""fn"": 16, ""fp"": 17, ""precision"": 0.2608695652173913, ""recall"": 0.2727272727272727, ""tp"": 6}}"
fly_yolo_sppf_full_attention256_w16s8_seed42,w16s8,10,11,0.366667,4.0,193,151,lunge;wing_threat;charge;hold;tussle,0.22288369144204384,0.249501025290499,0.2272125510423383,"{""charge"": {""f1"": 0.09090909090909091, ""fn"": 6, ""fp"": 14, ""precision"": 0.06666666666666667, ""recall"": 0.14285714285714285, ""tp"": 1}, ""hold"": {""f1"": 0.5, ""fn"": 2, ""fp"": 4, ""precision"": 0.42857142857142855, ""recall"": 0.6, ""tp"": 3}, ""lunge"": {""f1"": 0.03404255319148936, ""fn"": 136, ""fp"": 91, ""precision"": 0.042105263157894736, ""recall"": 0.02857142857142857, ""tp"": 4}, ""tussle"": {""f1"": 0.19999999999999998, ""fn"": 16, ""fp"": 8, ""precision"": 0.2727272727272727, ""recall"": 0.15789473684210525, ""tp"": 3}, ""wing_threat"": {""f1"": 0.31111111111111117, ""fn"": 15, ""fp"": 16, ""precision"": 0.30434782608695654, ""recall"": 0.3181818181818182, ""tp"": 7}}"
fly_yolo_sppf_full_attention256_w16s8_seed42,w16s8,10,12,0.4,4.0,193,151,lunge;wing_threat;charge;hold;tussle,0.22498895459993856,0.25092959671907045,0.2289146787019128,"{""charge"": {""f1"": 0.09090909090909091, ""fn"": 6, ""fp"": 14, ""precision"": 0.06666666666666667, ""recall"": 0.14285714285714285, ""tp"": 1}, ""hold"": {""f1"": 0.5, ""fn"": 2, ""fp"": 4, ""precision"": 0.42857142857142855, ""recall"": 0.6, ""tp"": 3}, ""lunge"": {""f1"": 0.0425531914893617, ""fn"": 135, ""fp"": 90, ""precision"": 0.05263157894736842, ""recall"": 0.03571428571428571, ""tp"": 5}, ""tussle"": {""f1"": 0.19999999999999998, ""fn"": 16, ""fp"": 8, ""precision"": 0.2727272727272727, ""recall"": 0.15789473684210525, ""tp"": 3}, ""wing_threat"": {""f1"": 0.31111111111111117, ""fn"": 15, ""fp"": 16, ""precision"": 0.30434782608695654, ""recall"": 0.3181818181818182, ""tp"": 7}}"
fly_yolo_sppf_full_attention256_w16s8_seed42,w16s8,10,13,0.433333,4.0,193,151,lunge;wing_threat;charge;hold;tussle,0.22498895459993856,0.25092959671907045,0.2289146787019128,"{""charge"": {""f1"": 0.09090909090909091, ""fn"": 6, ""fp"": 14, ""precision"": 0.06666666666666667, ""recall"": 0.14285714285714285, ""tp"": 1}, ""hold"": {""f1"": 0.5, ""fn"": 2, ""fp"": 4, ""precision"": 0.42857142857142855, ""recall"": 0.6, ""tp"": 3}, ""lunge"": {""f1"": 0.0425531914893617, ""fn"": 135, ""fp"": 90, ""precision"": 0.05263157894736842, ""recall"": 0.03571428571428571, ""tp"": 5}, ""tussle"": {""f1"": 0.19999999999999998, ""fn"": 16, ""fp"": 8, ""precision"": 0.2727272727272727, ""recall"": 0.15789473684210525, ""tp"": 3}, ""wing_threat"": {""f1"": 0.31111111111111117, ""fn"": 15, ""fp"": 16, ""precision"": 0.30434782608695654, ""recall"": 0.3181818181818182, ""tp"": 7}}"
fly_yolo_sppf_full_attention256_w16s8_seed42,w16s8,10,14,0.466667,4.0,193,151,lunge;wing_threat;charge;hold;tussle,0.25987617264505136,0.2952153110047847,0.2673543950139695,"{""charge"": {""f1"": 0.09090909090909091, ""fn"": 6, ""fp"": 14, ""precision"": 0.06666666666666667, ""recall"": 0.14285714285714285, ""tp"": 1}, ""hold"": {""f1"": 0.6666666666666666, ""fn"": 1, ""fp"": 3, ""precision"": 0.5714285714285714, ""recall"": 0.8, ""tp"": 4}, ""lunge"": {""f1"": 0.06808510638297872, ""fn"": 132, ""fp"": 87, ""precision"": 0.08421052631578947, ""recall"": 0.05714285714285714, ""tp"": 8}, ""tussle"": {""f1"": 0.19999999999999998, ""fn"": 16, ""fp"": 8, ""precision"": 0.2727272727272727, ""recall"": 0.15789473684210525, ""tp"": 3}, ""wing_threat"": {""f1"": 0.31111111111111117, ""fn"": 15, ""fp"": 16, ""precision"": 0.30434782608695654, ""recall"": 0.3181818181818182, ""tp"": 7}}"
fly_yolo_sppf_full_attention256_w16s8_seed42,w16s8,10,15,0.5,4.0,193,151,lunge;wing_threat;charge;hold;tussle,0.25987617264505136,0.2952153110047847,0.2673543950139695,"{""charge"": {""f1"": 0.09090909090909091, ""fn"": 6, ""fp"": 14, ""precision"": 0.06666666666666667, ""recall"": 0.14285714285714285, ""tp"": 1}, ""hold"": {""f1"": 0.6666666666666666, ""fn"": 1, ""fp"": 3, ""precision"": 0.5714285714285714, ""recall"": 0.8, ""tp"": 4}, ""lunge"": {""f1"": 0.06808510638297872, ""fn"": 132, ""fp"": 87, ""precision"": 0.08421052631578947, ""recall"": 0.05714285714285714, ""tp"": 8}, ""tussle"": {""f1"": 0.19999999999999998, ""fn"": 16, ""fp"": 8, ""precision"": 0.2727272727272727, ""recall"": 0.15789473684210525, ""tp"": 3}, ""wing_threat"": {""f1"": 0.31111111111111117, ""fn"": 15, ""fp"": 16, ""precision"": 0.30434782608695654, ""recall"": 0.3181818181818182, ""tp"": 7}}"
fly_yolo_sppf_full_attention256_w16s8_seed42,w16s8,10,16,0.533333,4.0,193,151,lunge;wing_threat;charge;hold;tussle,0.28016325398476427,0.3071701982228298,0.28238985600687727,"{""charge"": {""f1"": 0.09090909090909091, ""fn"": 6, ""fp"": 14, ""precision"": 0.06666666666666667, ""recall"": 0.14285714285714285, ""tp"": 1}, ""hold"": {""f1"": 0.6666666666666666, ""fn"": 1, ""fp"": 3, ""precision"": 0.5714285714285714, ""recall"": 0.8, ""tp"": 4}, ""lunge"": {""f1"": 0.07659574468085105, ""fn"": 131, ""fp"": 86, ""precision"": 0.09473684210526316, ""recall"": 0.06428571428571428, ""tp"": 9}, ""tussle"": {""f1"": 0.26666666666666666, ""fn"": 15, ""fp"": 7, ""precision"": 0.36363636363636365, ""recall"": 0.21052631578947367, ""tp"": 4}, ""wing_threat"": {""f1"": 0.31111111111111117, ""fn"": 15, ""fp"": 16, ""precision"": 0.30434782608695654, ""recall"": 0.3181818181818182, ""tp"": 7}}"
fly_yolo_sppf_full_attention256_w16s8_seed42,w16s8,10,17,0.566667,4.0,193,151,lunge;wing_threat;charge;hold;tussle,0.282268517142659,0.30859876965140126,0.2840919836664518,"{""charge"": {""f1"": 0.09090909090909091, ""fn"": 6, ""fp"": 14, ""precision"": 0.06666666666666667, ""recall"": 0.14285714285714285, ""tp"": 1}, ""hold"": {""f1"": 0.6666666666666666, ""fn"": 1, ""fp"": 3, ""precision"": 0.5714285714285714, ""recall"": 0.8, ""tp"": 4}, ""lunge"": {""f1"": 0.0851063829787234, ""fn"": 130, ""fp"": 85, ""precision"": 0.10526315789473684, ""recall"": 0.07142857142857142, ""tp"": 10}, ""tussle"": {""f1"": 0.26666666666666666, ""fn"": 15, ""fp"": 7, ""precision"": 0.36363636363636365, ""recall"": 0.21052631578947367, ""tp"": 4}, ""wing_threat"": {""f1"": 0.31111111111111117, ""fn"": 15, ""fp"": 16, ""precision"": 0.30434782608695654, ""recall"": 0.3181818181818182, ""tp"": 7}}"
fly_yolo_sppf_full_attention256_w16s8_seed42,w16s8,10,18,0.6,4.0,193,151,lunge;wing_threat;charge;hold;tussle,0.28858430661634327,0.31288448393711554,0.2891983666451751,"{""charge"": {""f1"": 0.09090909090909091, ""fn"": 6, ""fp"": 14, ""precision"": 0.06666666666666667, ""recall"": 0.14285714285714285, ""tp"": 1}, ""hold"": {""f1"": 0.6666666666666666, ""fn"": 1, ""fp"": 3, ""precision"": 0.5714285714285714, ""recall"": 0.8, ""tp"": 4}, ""lunge"": {""f1"": 0.11063829787234043, ""fn"": 127, ""fp"": 82, ""precision"": 0.1368421052631579, ""recall"": 0.09285714285714286, ""tp"": 13}, ""tussle"": {""f1"": 0.26666666666666666, ""fn"": 15, ""fp"": 7, ""precision"": 0.36363636363636365, ""recall"": 0.21052631578947367, ""tp"": 4}, ""wing_threat"": {""f1"": 0.31111111111111117, ""fn"": 15, ""fp"": 16, ""precision"": 0.30434782608695654, ""recall"": 0.3181818181818182, ""tp"": 7}}"
fly_yolo_sppf_full_attention256_w16s8_seed42,w16s8,10,19,0.633333,4.0,193,151,lunge;wing_threat;charge;hold;tussle,0.3067661247981614,0.3234107997265892,0.3025316999785085,"{""charge"": {""f1"": 0.09090909090909091, ""fn"": 6, ""fp"": 14, ""precision"": 0.06666666666666667, ""recall"": 0.14285714285714285, ""tp"": 1}, ""hold"": {""f1"": 0.6666666666666666, ""fn"": 1, ""fp"": 3, ""precision"": 0.5714285714285714, ""recall"": 0.8, ""tp"": 4}, ""lunge"": {""f1"": 0.11063829787234043, ""fn"": 127, ""fp"": 82, ""precision"": 0.1368421052631579, ""recall"": 0.09285714285714286, ""tp"": 13}, ""tussle"": {""f1"": 0.3333333333333333, ""fn"": 14, ""fp"": 6, ""precision"": 0.45454545454545453, ""recall"": 0.2631578947368421, ""tp"": 5}, ""wing_threat"": {""f1"": 0.31111111111111117, ""fn"": 15, ""fp"": 16, ""precision"": 0.30434782608695654, ""recall"": 0.3181818181818182, ""tp"": 7}}"
fly_yolo_sppf_full_attention256_w16s8_seed42,w16s8,10,20,0.666667,4.0,193,151,lunge;wing_threat;charge;hold;tussle,0.3109766511139509,0.32626794258373204,0.3059359552976574,"{""charge"": {""f1"": 0.09090909090909091, ""fn"": 6, ""fp"": 14, ""precision"": 0.06666666666666667, ""recall"": 0.14285714285714285, ""tp"": 1}, ""hold"": {""f1"": 0.6666666666666666, ""fn"": 1, ""fp"": 3, ""precision"": 0.5714285714285714, ""recall"": 0.8, ""tp"": 4}, ""lunge"": {""f1"": 0.1276595744680851, ""fn"": 125, ""fp"": 80, ""precision"": 0.15789473684210525, ""recall"": 0.10714285714285714, ""tp"": 15}, ""tussle"": {""f1"": 0.3333333333333333, ""fn"": 14, ""fp"": 6, ""precision"": 0.45454545454545453, ""recall"": 0.2631578947368421, ""tp"": 5}, ""wing_threat"": {""f1"": 0.31111111111111117, ""fn"": 15, ""fp"": 16, ""precision"": 0.30434782608695654, ""recall"": 0.3181818181818182, ""tp"": 7}}"
fly_yolo_sppf_full_attention256_w16s8_seed42,w16s8,10,21,0.7,4.0,193,151,lunge;wing_threat;charge;hold;tussle,0.3130819142718456,0.3276965140123035,0.30763808295723194,"{""charge"": {""f1"": 0.09090909090909091, ""fn"": 6, ""fp"": 14, ""precision"": 0.06666666666666667, ""recall"": 0.14285714285714285, ""tp"": 1}, ""hold"": {""f1"": 0.6666666666666666, ""fn"": 1, ""fp"": 3, ""precision"": 0.5714285714285714, ""recall"": 0.8, ""tp"": 4}, ""lunge"": {""f1"": 0.13617021276595745, ""fn"": 124, ""fp"": 79, ""precision"": 0.16842105263157894, ""recall"": 0.11428571428571428, ""tp"": 16}, ""tussle"": {""f1"": 0.3333333333333333, ""fn"": 14, ""fp"": 6, ""precision"": 0.45454545454545453, ""recall"": 0.2631578947368421, ""tp"": 5}, ""wing_threat"": {""f1"": 0.31111111111111117, ""fn"": 15, ""fp"": 16, ""precision"": 0.30434782608695654, ""recall"": 0.3181818181818182, ""tp"": 7}}"
fly_yolo_sppf_full_attention256_w16s8_seed42,w16s8,10,22,0.733333,4.0,193,151,lunge;wing_threat;charge;hold;tussle,0.3151871774297404,0.3291250854408749,0.30934021061680633,"{""charge"": {""f1"": 0.09090909090909091, ""fn"": 6, ""fp"": 14, ""precision"": 0.06666666666666667, ""recall"": 0.14285714285714285, ""tp"": 1}, ""hold"": {""f1"": 0.6666666666666666, ""fn"": 1, ""fp"": 3, ""precision"": 0.5714285714285714, ""recall"": 0.8, ""tp"": 4}, ""lunge"": {""f1"": 0.1446808510638298, ""fn"": 123, ""fp"": 78, ""precision"": 0.17894736842105263, ""recall"": 0.12142857142857143, ""tp"": 17}, ""tussle"": {""f1"": 0.3333333333333333, ""fn"": 14, ""fp"": 6, ""precision"": 0.45454545454545453, ""recall"": 0.2631578947368421, ""tp"": 5}, ""wing_threat"": {""f1"": 0.31111111111111117, ""fn"": 15, ""fp"": 16, ""precision"": 0.30434782608695654, ""recall"": 0.3181818181818182, ""tp"": 7}}"
fly_yolo_sppf_full_attention256_w16s8_seed42,w16s8,10,23,0.766667,4.0,193,151,lunge;wing_threat;charge;hold;tussle,0.31939770374552984,0.33198222829801777,0.3127444659359553,"{""charge"": {""f1"": 0.09090909090909091, ""fn"": 6, ""fp"": 14, ""precision"": 0.06666666666666667, ""recall"": 0.14285714285714285, ""tp"": 1}, ""hold"": {""f1"": 0.6666666666666666, ""fn"": 1, ""fp"": 3, ""precision"": 0.5714285714285714, ""recall"": 0.8, ""tp"": 4}, ""lunge"": {""f1"": 0.16170212765957445, ""fn"": 121, ""fp"": 76, ""precision"": 0.2, ""recall"": 0.1357142857142857, ""tp"": 19}, ""tussle"": {""f1"": 0.3333333333333333, ""fn"": 14, ""fp"": 6, ""precision"": 0.45454545454545453, ""recall"": 0.2631578947368421, ""tp"": 5}, ""wing_threat"": {""f1"": 0.31111111111111117, ""fn"": 15, ""fp"": 16, ""precision"": 0.30434782608695654, ""recall"": 0.3181818181818182, ""tp"": 7}}"
fly_yolo_sppf_full_attention256_w16s8_seed42,w16s8,10,24,0.8,4.0,193,151,lunge;wing_threat;charge;hold;tussle,0.3301986190773376,0.3425017088174983,0.3233354824844187,"{""charge"": {""f1"": 0.09090909090909091, ""fn"": 6, ""fp"": 14, ""precision"": 0.06666666666666667, ""recall"": 0.14285714285714285, ""tp"": 1}, ""hold"": {""f1"": 0.6666666666666666, ""fn"": 1, ""fp"": 3, ""precision"": 0.5714285714285714, ""recall"": 0.8, ""tp"": 4}, ""lunge"": {""f1"": 0.1702127659574468, ""fn"": 120, ""fp"": 75, ""precision"": 0.21052631578947367, ""recall"": 0.14285714285714285, ""tp"": 20}, ""tussle"": {""f1"": 0.3333333333333333, ""fn"": 14, ""fp"": 6, ""precision"": 0.45454545454545453, ""recall"": 0.2631578947368421, ""tp"": 5}, ""wing_threat"": {""f1"": 0.3555555555555555, ""fn"": 14, ""fp"": 15, ""precision"": 0.34782608695652173, ""recall"": 0.36363636363636365, ""tp"": 8}}"
fly_yolo_sppf_full_attention256_w16s8_seed42,w16s8,10,25,0.833333,4.0,193,151,lunge;wing_threat;charge;hold;tussle,0.3344091453931271,0.34535885167464114,0.3267397378035676,"{""charge"": {""f1"": 0.09090909090909091, ""fn"": 6, ""fp"": 14, ""precision"": 0.06666666666666667, ""recall"": 0.14285714285714285, ""tp"": 1}, ""hold"": {""f1"": 0.6666666666666666, ""fn"": 1, ""fp"": 3, ""precision"": 0.5714285714285714, ""recall"": 0.8, ""tp"": 4}, ""lunge"": {""f1"": 0.18723404255319148, ""fn"": 118, ""fp"": 73, ""precision"": 0.23157894736842105, ""recall"": 0.15714285714285714, ""tp"": 22}, ""tussle"": {""f1"": 0.3333333333333333, ""fn"": 14, ""fp"": 6, ""precision"": 0.45454545454545453, ""recall"": 0.2631578947368421, ""tp"": 5}, ""wing_threat"": {""f1"": 0.3555555555555555, ""fn"": 14, ""fp"": 15, ""precision"": 0.34782608695652173, ""recall"": 0.36363636363636365, ""tp"": 8}}"
fly_yolo_sppf_full_attention256_w16s8_seed42,w16s8,10,26,0.866667,4.0,193,151,lunge;wing_threat;charge;hold;tussle,0.3365144085510218,0.34678742310321253,0.328441865463142,"{""charge"": {""f1"": 0.09090909090909091, ""fn"": 6, ""fp"": 14, ""precision"": 0.06666666666666667, ""recall"": 0.14285714285714285, ""tp"": 1}, ""hold"": {""f1"": 0.6666666666666666, ""fn"": 1, ""fp"": 3, ""precision"": 0.5714285714285714, ""recall"": 0.8, ""tp"": 4}, ""lunge"": {""f1"": 0.19574468085106383, ""fn"": 117, ""fp"": 72, ""precision"": 0.24210526315789474, ""recall"": 0.16428571428571428, ""tp"": 23}, ""tussle"": {""f1"": 0.3333333333333333, ""fn"": 14, ""fp"": 6, ""precision"": 0.45454545454545453, ""recall"": 0.2631578947368421, ""tp"": 5}, ""wing_threat"": {""f1"": 0.3555555555555555, ""fn"": 14, ""fp"": 15, ""precision"": 0.34782608695652173, ""recall"": 0.36363636363636365, ""tp"": 8}}"
fly_yolo_sppf_full_attention256_w16s8_seed42,w16s8,10,27,0.9,4.0,193,151,lunge;wing_threat;charge;hold;tussle,0.3365144085510218,0.34678742310321253,0.328441865463142,"{""charge"": {""f1"": 0.09090909090909091, ""fn"": 6, ""fp"": 14, ""precision"": 0.06666666666666667, ""recall"": 0.14285714285714285, ""tp"": 1}, ""hold"": {""f1"": 0.6666666666666666, ""fn"": 1, ""fp"": 3, ""precision"": 0.5714285714285714, ""recall"": 0.8, ""tp"": 4}, ""lunge"": {""f1"": 0.19574468085106383, ""fn"": 117, ""fp"": 72, ""precision"": 0.24210526315789474, ""recall"": 0.16428571428571428, ""tp"": 23}, ""tussle"": {""f1"": 0.3333333333333333, ""fn"": 14, ""fp"": 6, ""precision"": 0.45454545454545453, ""recall"": 0.2631578947368421, ""tp"": 5}, ""wing_threat"": {""f1"": 0.3555555555555555, ""fn"": 14, ""fp"": 15, ""precision"": 0.34782608695652173, ""recall"": 0.36363636363636365, ""tp"": 8}}"
fly_yolo_sppf_full_attention256_w16s8_seed42,w16s8,10,28,0.933333,4.0,193,151,lunge;wing_threat;charge;hold;tussle,0.3365144085510218,0.34678742310321253,0.328441865463142,"{""charge"": {""f1"": 0.09090909090909091, ""fn"": 6, ""fp"": 14, ""precision"": 0.06666666666666667, ""recall"": 0.14285714285714285, ""tp"": 1}, ""hold"": {""f1"": 0.6666666666666666, ""fn"": 1, ""fp"": 3, ""precision"": 0.5714285714285714, ""recall"": 0.8, ""tp"": 4}, ""lunge"": {""f1"": 0.19574468085106383, ""fn"": 117, ""fp"": 72, ""precision"": 0.24210526315789474, ""recall"": 0.16428571428571428, ""tp"": 23}, ""tussle"": {""f1"": 0.3333333333333333, ""fn"": 14, ""fp"": 6, ""precision"": 0.45454545454545453, ""recall"": 0.2631578947368421, ""tp"": 5}, ""wing_threat"": {""f1"": 0.3555555555555555, ""fn"": 14, ""fp"": 15, ""precision"": 0.34782608695652173, ""recall"": 0.36363636363636365, ""tp"": 8}}"
fly_yolo_sppf_full_attention256_w16s8_seed42,w16s8,10,29,0.966667,4.0,193,151,lunge;wing_threat;charge;hold;tussle,0.35680148989073474,0.35874231032125764,0.34347732645604984,"{""charge"": {""f1"": 0.09090909090909091, ""fn"": 6, ""fp"": 14, ""precision"": 0.06666666666666667, ""recall"": 0.14285714285714285, ""tp"": 1}, ""hold"": {""f1"": 0.6666666666666666, ""fn"": 1, ""fp"": 3, ""precision"": 0.5714285714285714, ""recall"": 0.8, ""tp"": 4}, ""lunge"": {""f1"": 0.2042553191489362, ""fn"": 116, ""fp"": 71, ""precision"": 0.25263157894736843, ""recall"": 0.17142857142857143, ""tp"": 24}, ""tussle"": {""f1"": 0.39999999999999997, ""fn"": 13, ""fp"": 5, ""precision"": 0.5454545454545454, ""recall"": 0.3157894736842105, ""tp"": 6}, ""wing_threat"": {""f1"": 0.3555555555555555, ""fn"": 14, ""fp"": 15, ""precision"": 0.34782608695652173, ""recall"": 0.36363636363636365, ""tp"": 8}}"
fly_yolo_sppf_full_attention256_w16s8_seed42,w16s8,10,30,1.0,4.0,193,151,lunge;wing_threat;charge;hold;tussle,0.3791938343883424,0.37212576896787425,0.3602149151085321,"{""charge"": {""f1"": 0.09090909090909091, ""fn"": 6, ""fp"": 14, ""precision"": 0.06666666666666667, ""recall"": 0.14285714285714285, ""tp"": 1}, ""hold"": {""f1"": 0.6666666666666666, ""fn"": 1, ""fp"": 3, ""precision"": 0.5714285714285714, ""recall"": 0.8, ""tp"": 4}, ""lunge"": {""f1"": 0.22127659574468087, ""fn"": 114, ""fp"": 69, ""precision"": 0.2736842105263158, ""recall"": 0.18571428571428572, ""tp"": 26}, ""tussle"": {""f1"": 0.4666666666666667, ""fn"": 12, ""fp"": 4, ""precision"": 0.6363636363636364, ""recall"": 0.3684210526315789, ""tp"": 7}, ""wing_threat"": {""f1"": 0.3555555555555555, ""fn"": 14, ""fp"": 15, ""precision"": 0.34782608695652173, ""recall"": 0.36363636363636365, ""tp"": 8}}"
fly_yolo_sppf_full_attention256_w8s4_seed42,w8s4,6,0,0.0,4.0,699,402,lunge;wing_threat;charge;hold;tussle,0.017104116222760292,0.014756719384668568,0.01532919254658385,"{""charge"": {""f1"": 0.0, ""fn"": 12, ""fp"": 22, ""precision"": 0.0, ""recall"": 0.0, ""tp"": 0}, ""hold"": {""f1"": 0.043478260869565216, ""fn"": 20, ""fp"": 24, ""precision"": 0.04, ""recall"": 0.047619047619047616, ""tp"": 1}, ""lunge"": {""f1"": 0.011428571428571429, ""fn"": 575, ""fp"": 290, ""precision"": 0.01694915254237288, ""recall"": 0.008620689655172414, ""tp"": 5}, ""tussle"": {""f1"": 0.02173913043478261, ""fn"": 56, ""fp"": 34, ""precision"": 0.02857142857142857, ""recall"": 0.017543859649122806, ""tp"": 1}, ""wing_threat"": {""f1"": 0.0, ""fn"": 29, ""fp"": 25, ""precision"": 0.0, ""recall"": 0.0, ""tp"": 0}}"
fly_yolo_sppf_full_attention256_w8s4_seed42,w8s4,6,1,0.033333,4.0,699,402,lunge;wing_threat;charge;hold;tussle,0.0766550737398195,0.0797104831043125,0.07554349585244727,"{""charge"": {""f1"": 0.05882352941176471, ""fn"": 11, ""fp"": 21, ""precision"": 0.045454545454545456, ""recall"": 0.08333333333333333, ""tp"": 1}, ""hold"": {""f1"": 0.17391304347826086, ""fn"": 17, ""fp"": 21, ""precision"": 0.16, ""recall"": 0.19047619047619047, ""tp"": 4}, ""lunge"": {""f1"": 0.02742857142857143, ""fn"": 568, ""fp"": 283, ""precision"": 0.04067796610169491, ""recall"": 0.020689655172413793, ""tp"": 12}, ""tussle"": {""f1"": 0.04347826086956522, ""fn"": 55, ""fp"": 33, ""precision"": 0.05714285714285714, ""recall"": 0.03508771929824561, ""tp"": 2}, ""wing_threat"": {""f1"": 0.07407407407407408, ""fn"": 27, ""fp"": 23, ""precision"": 0.08, ""recall"": 0.06896551724137931, ""tp"": 2}}"
fly_yolo_sppf_full_attention256_w8s4_seed42,w8s4,6,2,0.066667,4.0,699,402,lunge;wing_threat;charge;hold;tussle,0.1448452564384768,0.13833290121856362,0.13544107498071695,"{""charge"": {""f1"": 0.11764705882352942, ""fn"": 10, ""fp"": 20, ""precision"": 0.09090909090909091, ""recall"": 0.16666666666666666, ""tp"": 2}, ""hold"": {""f1"": 0.21739130434782608, ""fn"": 16, ""fp"": 20, ""precision"": 0.2, ""recall"": 0.23809523809523808, ""tp"": 5}, ""lunge"": {""f1"": 0.05714285714285714, ""fn"": 555, ""fp"": 270, ""precision"": 0.0847457627118644, ""recall"": 0.04310344827586207, ""tp"": 25}, ""tussle"": {""f1"": 0.1739130434782609, ""fn"": 49, ""fp"": 27, ""precision"": 0.22857142857142856, ""recall"": 0.14035087719298245, ""tp"": 8}, ""wing_threat"": {""f1"": 0.11111111111111112, ""fn"": 26, ""fp"": 22, ""precision"": 0.12, ""recall"": 0.10344827586206896, ""tp"": 3}}"
fly_yolo_sppf_full_attention256_w8s4_seed42,w8s4,6,3,0.1,4.0,699,402,lunge;wing_threat;charge;hold;tussle,0.22284305524983491,0.22753953850142597,0.2157417772906264,"{""charge"": {""f1"": 0.23529411764705885, ""fn"": 8, ""fp"": 18, ""precision"": 0.18181818181818182, ""recall"": 0.3333333333333333, ""tp"": 4}, ""hold"": {""f1"": 0.34782608695652173, ""fn"": 13, ""fp"": 17, ""precision"": 0.32, ""recall"": 0.38095238095238093, ""tp"": 8}, ""lunge"": {""f1"": 0.07771428571428571, ""fn"": 546, ""fp"": 261, ""precision"": 0.1152542372881356, ""recall"": 0.05862068965517241, ""tp"": 34}, ""tussle"": {""f1"": 0.1956521739130435, ""fn"": 48, ""fp"": 26, ""precision"": 0.2571428571428571, ""recall"": 0.15789473684210525, ""tp"": 9}, ""wing_threat"": {""f1"": 0.22222222222222224, ""fn"": 23, ""fp"": 19, ""precision"": 0.24, ""recall"": 0.20689655172413793, ""tp"": 6}}"
fly_yolo_sppf_full_attention256_w8s4_seed42,w8s4,6,4,0.133333,4.0,699,402,lunge;wing_threat;charge;hold;tussle,0.31201760950913493,0.3214104226082447,0.3030499790254266,"{""charge"": {""f1"": 0.3529411764705882, ""fn"": 6, ""fp"": 16, ""precision"": 0.2727272727272727, ""recall"": 0.5, ""tp"": 6}, ""hold"": {""f1"": 0.4782608695652174, ""fn"": 10, ""fp"": 14, ""precision"": 0.44, ""recall"": 0.5238095238095238, ""tp"": 11}, ""lunge"": {""f1"": 0.10514285714285714, ""fn"": 534, ""fp"": 249, ""precision"": 0.15593220338983052, ""recall"": 0.07931034482758621, ""tp"": 46}, ""tussle"": {""f1"": 0.2826086956521739, ""fn"": 44, ""fp"": 22, ""precision"": 0.37142857142857144, ""recall"": 0.22807017543859648, ""tp"": 13}, ""wing_threat"": {""f1"": 0.29629629629629634, ""fn"": 21, ""fp"": 17, ""precision"": 0.32, ""recall"": 0.27586206896551724, ""tp"": 8}}"
fly_yolo_sppf_full_attention256_w8s4_seed42,w8s4,6,5,0.166667,4.0,699,402,lunge;wing_threat;charge;hold;tussle,0.3505454545454546,0.3553461239305159,0.3381393740104738,"{""charge"": {""f1"": 0.3529411764705882, ""fn"": 6, ""fp"": 16, ""precision"": 0.2727272727272727, ""recall"": 0.5, ""tp"": 6}, ""hold"": {""f1"": 0.5652173913043478, ""fn"": 8, ""fp"": 12, ""precision"": 0.52, ""recall"": 0.6190476190476191, ""tp"": 13}, ""lunge"": {""f1"": 0.13485714285714287, ""fn"": 521, ""fp"": 236, ""precision"": 0.2, ""recall"": 0.10172413793103448, ""tp"": 59}, ""tussle"": {""f1"": 0.30434782608695654, ""fn"": 43, ""fp"": 21, ""precision"": 0.4, ""recall"": 0.24561403508771928, ""tp"": 14}, ""wing_threat"": {""f1"": 0.3333333333333333, ""fn"": 20, ""fp"": 16, ""precision"": 0.36, ""recall"": 0.3103448275862069, ""tp"": 9}}"
fly_yolo_sppf_full_attention256_w8s4_seed42,w8s4,6,6,0.2,4.0,699,402,lunge;wing_threat;charge;hold;tussle,0.38720052828527407,0.392692075015124,0.3727810985263671,"{""charge"": {""f1"": 0.4117647058823529, ""fn"": 5, ""fp"": 15, ""precision"": 0.3181818181818182, ""recall"": 0.5833333333333334, ""tp"": 7}, ""hold"": {""f1"": 0.6086956521739131, ""fn"": 7, ""fp"": 11, ""precision"": 0.56, ""recall"": 0.6666666666666666, ""tp"": 14}, ""lunge"": {""f1"": 0.16228571428571428, ""fn"": 509, ""fp"": 224, ""precision"": 0.24067796610169492, ""recall"": 0.12241379310344827, ""tp"": 71}, ""tussle"": {""f1"": 0.3478260869565218, ""fn"": 41, ""fp"": 19, ""precision"": 0.45714285714285713, ""recall"": 0.2807017543859649, ""tp"": 16}, ""wing_threat"": {""f1"": 0.3333333333333333, ""fn"": 20, ""fp"": 16, ""precision"": 0.36, ""recall"": 0.3103448275862069, ""tp"": 9}}"
fly_yolo_sppf_full_attention256_w8s4_seed42,w8s4,6,7,0.233333,4.0,699,402,lunge;wing_threat;charge;hold;tussle,0.40172837332159367,0.40068360556563826,0.38307178175618073,"{""charge"": {""f1"": 0.4117647058823529, ""fn"": 5, ""fp"": 15, ""precision"": 0.3181818181818182, ""recall"": 0.5833333333333334, ""tp"": 7}, ""hold"": {""f1"": 0.6086956521739131, ""fn"": 7, ""fp"": 11, ""precision"": 0.56, ""recall"": 0.6666666666666666, ""tp"": 14}, ""lunge"": {""f1"": 0.192, ""fn"": 496, ""fp"": 211, ""precision"": 0.2847457627118644, ""recall"": 0.14482758620689656, ""tp"": 84}, ""tussle"": {""f1"": 0.3695652173913043, ""fn"": 40, ""fp"": 18, ""precision"": 0.4857142857142857, ""recall"": 0.2982456140350877, ""tp"": 17}, ""wing_threat"": {""f1"": 0.3333333333333333, ""fn"": 20, ""fp"": 16, ""precision"": 0.36, ""recall"": 0.3103448275862069, ""tp"": 9}}"
fly_yolo_sppf_full_attention256_w8s4_seed42,w8s4,6,8,0.266667,4.0,699,402,lunge;wing_threat;charge;hold;tussle,0.4192586396654193,0.41080459770114947,0.3958817196443795,"{""charge"": {""f1"": 0.4117647058823529, ""fn"": 5, ""fp"": 15, ""precision"": 0.3181818181818182, ""recall"": 0.5833333333333334, ""tp"": 7}, ""hold"": {""f1"": 0.6086956521739131, ""fn"": 7, ""fp"": 11, ""precision"": 0.56, ""recall"": 0.6666666666666666, ""tp"": 14}, ""lunge"": {""f1"": 0.21257142857142855, ""fn"": 487, ""fp"": 202, ""precision"": 0.3152542372881356, ""recall"": 0.16034482758620688, ""tp"": 93}, ""tussle"": {""f1"": 0.4130434782608695, ""fn"": 38, ""fp"": 16, ""precision"": 0.5428571428571428, ""recall"": 0.3333333333333333, ""tp"": 19}, ""wing_threat"": {""f1"": 0.3333333333333333, ""fn"": 20, ""fp"": 16, ""precision"": 0.36, ""recall"": 0.3103448275862069, ""tp"": 9}}"
fly_yolo_sppf_full_attention256_w8s4_seed42,w8s4,6,9,0.3,4.0,699,402,lunge;wing_threat;charge;hold;tussle,0.42468236847897867,0.4135632183908046,0.3995388625015224,"{""charge"": {""f1"": 0.4117647058823529, ""fn"": 5, ""fp"": 15, ""precision"": 0.3181818181818182, ""recall"": 0.5833333333333334, ""tp"": 7}, ""hold"": {""f1"": 0.6086956521739131, ""fn"": 7, ""fp"": 11, ""precision"": 0.56, ""recall"": 0.6666666666666666, ""tp"": 14}, ""lunge"": {""f1"": 0.23085714285714284, ""fn"": 479, ""fp"": 194, ""precision"": 0.3423728813559322, ""recall"": 0.17413793103448275, ""tp"": 101}, ""tussle"": {""f1"": 0.4130434782608695, ""fn"": 38, ""fp"": 16, ""precision"": 0.5428571428571428, ""recall"": 0.3333333333333333, ""tp"": 19}, ""wing_threat"": {""f1"": 0.3333333333333333, ""fn"": 20, ""fp"": 16, ""precision"": 0.36, ""recall"": 0.3103448275862069, ""tp"": 9}}"
fly_yolo_sppf_full_attention256_w8s4_seed42,w8s4,6,10,0.333333,4.0,699,402,lunge;wing_threat;charge;hold;tussle,0.43649834910851854,0.42017543859649126,0.4080009743027646,"{""charge"": {""f1"": 0.4117647058823529, ""fn"": 5, ""fp"": 15, ""precision"": 0.3181818181818182, ""recall"": 0.5833333333333334, ""tp"": 7}, ""hold"": {""f1"": 0.6086956521739131, ""fn"": 7, ""fp"": 11, ""precision"": 0.56, ""recall"": 0.6666666666666666, ""tp"": 14}, ""lunge"": {""f1"": 0.25142857142857145, ""fn"": 470, ""fp"": 185, ""precision"": 0.3728813559322034, ""recall"": 0.1896551724137931, ""tp"": 110}, ""tussle"": {""f1"": 0.43478260869565216, ""fn"": 37, ""fp"": 15, ""precision"": 0.5714285714285714, ""recall"": 0.3508771929824561, ""tp"": 20}, ""wing_threat"": {""f1"": 0.3333333333333333, ""fn"": 20, ""fp"": 16, ""precision"": 0.36, ""recall"": 0.3103448275862069, ""tp"": 9}}"
fly_yolo_sppf_full_attention256_w8s4_seed42,w8s4,6,11,0.366667,4.0,699,402,lunge;wing_threat;charge;hold;tussle,0.45808320493066257,0.4437991530550514,0.4286849348435027,"{""charge"": {""f1"": 0.4705882352941177, ""fn"": 4, ""fp"": 14, ""precision"": 0.36363636363636365, ""recall"": 0.6666666666666666, ""tp"": 8}, ""hold"": {""f1"": 0.6086956521739131, ""fn"": 7, ""fp"": 11, ""precision"": 0.56, ""recall"": 0.6666666666666666, ""tp"": 14}, ""lunge"": {""f1"": 0.2742857142857143, ""fn"": 460, ""fp"": 175, ""precision"": 0.4067796610169492, ""recall"": 0.20689655172413793, ""tp"": 120}, ""tussle"": {""f1"": 0.4565217391304348, ""fn"": 36, ""fp"": 14, ""precision"": 0.6, ""recall"": 0.3684210526315789, ""tp"": 21}, ""wing_threat"": {""f1"": 0.3333333333333333, ""fn"": 20, ""fp"": 16, ""precision"": 0.36, ""recall"": 0.3103448275862069, ""tp"": 9}}"
fly_yolo_sppf_full_attention256_w8s4_seed42,w8s4,6,12,0.4,4.0,699,402,lunge;wing_threat;charge;hold;tussle,0.48568611049966987,0.4602480338777979,0.44927623919132864,"{""charge"": {""f1"": 0.4705882352941177, ""fn"": 4, ""fp"": 14, ""precision"": 0.36363636363636365, ""recall"": 0.6666666666666666, ""tp"": 8}, ""hold"": {""f1"": 0.6086956521739131, ""fn"": 7, ""fp"": 11, ""precision"": 0.56, ""recall"": 0.6666666666666666, ""tp"": 14}, ""lunge"": {""f1"": 0.29028571428571426, ""fn"": 453, ""fp"": 168, ""precision"": 0.43050847457627117, ""recall"": 0.2189655172413793, ""tp"": 127}, ""tussle"": {""f1"": 0.5434782608695652, ""fn"": 32, ""fp"": 10, ""precision"": 0.7142857142857143, ""recall"": 0.43859649122807015, ""tp"": 25}, ""wing_threat"": {""f1"": 0.3333333333333333, ""fn"": 20, ""fp"": 16, ""precision"": 0.36, ""recall"": 0.3103448275862069, ""tp"": 9}}"
fly_yolo_sppf_full_attention256_w8s4_seed42,w8s4,6,13,0.433333,4.0,699,402,lunge;wing_threat;charge;hold;tussle,0.495468192824125,0.46582577132486386,0.45636692242114235,"{""charge"": {""f1"": 0.4705882352941177, ""fn"": 4, ""fp"": 14, ""precision"": 0.36363636363636365, ""recall"": 0.6666666666666666, ""tp"": 8}, ""hold"": {""f1"": 0.6086956521739131, ""fn"": 7, ""fp"": 11, ""precision"": 0.56, ""recall"": 0.6666666666666666, ""tp"": 14}, ""lunge"": {""f1"": 0.304, ""fn"": 447, ""fp"": 162, ""precision"": 0.45084745762711864, ""recall"": 0.2293103448275862, ""tp"": 133}, ""tussle"": {""f1"": 0.5652173913043478, ""fn"": 31, ""fp"": 9, ""precision"": 0.7428571428571429, ""recall"": 0.45614035087719296, ""tp"": 26}, ""wing_threat"": {""f1"": 0.3333333333333333, ""fn"": 20, ""fp"": 16, ""precision"": 0.36, ""recall"": 0.3103448275862069, ""tp"": 9}}"
fly_yolo_sppf_full_attention256_w8s4_seed42,w8s4,6,14,0.466667,4.0,699,402,lunge;wing_threat;charge;hold;tussle,0.5059282412502751,0.47174833635813673,0.4639147485080989,"{""charge"": {""f1"": 0.4705882352941177, ""fn"": 4, ""fp"": 14, ""precision"": 0.36363636363636365, ""recall"": 0.6666666666666666, ""tp"": 8}, ""hold"": {""f1"": 0.6086956521739131, ""fn"": 7, ""fp"": 11, ""precision"": 0.56, ""recall"": 0.6666666666666666, ""tp"": 14}, ""lunge"": {""f1"": 0.32000000000000006, ""fn"": 440, ""fp"": 155, ""precision"": 0.4745762711864407, ""recall"": 0.2413793103448276, ""tp"": 140}, ""tussle"": {""f1"": 0.5869565217391304, ""fn"": 30, ""fp"": 8, ""precision"": 0.7714285714285715, ""recall"": 0.47368421052631576, ""tp"": 27}, ""wing_threat"": {""f1"": 0.3333333333333333, ""fn"": 20, ""fp"": 16, ""precision"": 0.36, ""recall"": 0.3103448275862069, ""tp"": 9}}"
fly_yolo_sppf_full_attention256_w8s4_seed42,w8s4,6,15,0.5,4.0,699,402,lunge;wing_threat;charge;hold;tussle,0.5170662557781203,0.47801572897761646,0.4719197174521983,"{""charge"": {""f1"": 0.4705882352941177, ""fn"": 4, ""fp"": 14, ""precision"": 0.36363636363636365, ""recall"": 0.6666666666666666, ""tp"": 8}, ""hold"": {""f1"": 0.6086956521739131, ""fn"": 7, ""fp"": 11, ""precision"": 0.56, ""recall"": 0.6666666666666666, ""tp"": 14}, ""lunge"": {""f1"": 0.3382857142857143, ""fn"": 432, ""fp"": 147, ""precision"": 0.5016949152542373, ""recall"": 0.25517241379310346, ""tp"": 148}, ""tussle"": {""f1"": 0.6086956521739131, ""fn"": 29, ""fp"": 7, ""precision"": 0.8, ""recall"": 0.49122807017543857, ""tp"": 28}, ""wing_threat"": {""f1"": 0.3333333333333333, ""fn"": 20, ""fp"": 16, ""precision"": 0.36, ""recall"": 0.3103448275862069, ""tp"": 9}}"
fly_yolo_sppf_full_attention256_w8s4_seed42,w8s4,6,16,0.533333,4.0,699,402,lunge;wing_threat;charge;hold;tussle,0.519100154083205,0.4790502117362371,0.4732911460236268,"{""charge"": {""f1"": 0.4705882352941177, ""fn"": 4, ""fp"": 14, ""precision"": 0.36363636363636365, ""recall"": 0.6666666666666666, ""tp"": 8}, ""hold"": {""f1"": 0.6086956521739131, ""fn"": 7, ""fp"": 11, ""precision"": 0.56, ""recall"": 0.6666666666666666, ""tp"": 14}, ""lunge"": {""f1"": 0.34514285714285714, ""fn"": 429, ""fp"": 144, ""precision"": 0.511864406779661, ""recall"": 0.2603448275862069, ""tp"": 151}, ""tussle"": {""f1"": 0.6086956521739131, ""fn"": 29, ""fp"": 7, ""precision"": 0.8, ""recall"": 0.49122807017543857, ""tp"": 28}, ""wing_threat"": {""f1"": 0.3333333333333333, ""fn"": 20, ""fp"": 16, ""precision"": 0.36, ""recall"": 0.3103448275862069, ""tp"": 9}}"
fly_yolo_sppf_full_attention256_w8s4_seed42,w8s4,6,17,0.566667,4.0,699,402,lunge;wing_threat;charge;hold;tussle,0.5311679506933744,0.48801572897761647,0.48344141057389145,"{""charge"": {""f1"": 0.4705882352941177, ""fn"": 4, ""fp"": 14, ""precision"": 0.36363636363636365, ""recall"": 0.6666666666666666, ""tp"": 8}, ""hold"": {""f1"": 0.6086956521739131, ""fn"": 7, ""fp"": 11, ""precision"": 0.56, ""recall"": 0.6666666666666666, ""tp"": 14}, ""lunge"": {""f1"": 0.3588571428571429, ""fn"": 423, ""fp"": 138, ""precision"": 0.5322033898305085, ""recall"": 0.2706896551724138, ""tp"": 157}, ""tussle"": {""f1"": 0.6086956521739131, ""fn"": 29, ""fp"": 7, ""precision"": 0.8, ""recall"": 0.49122807017543857, ""tp"": 28}, ""wing_threat"": {""f1"": 0.3703703703703704, ""fn"": 19, ""fp"": 15, ""precision"": 0.4, ""recall"": 0.3448275862068966, ""tp"": 10}}"
fly_yolo_sppf_full_attention256_w8s4_seed42,w8s4,6,18,0.6,4.0,699,402,lunge;wing_threat;charge;hold;tussle,0.543913713405239,0.49732607380520266,0.4940488179812988,"{""charge"": {""f1"": 0.4705882352941177, ""fn"": 4, ""fp"": 14, ""precision"": 0.36363636363636365, ""recall"": 0.6666666666666666, ""tp"": 8}, ""hold"": {""f1"": 0.6086956521739131, ""fn"": 7, ""fp"": 11, ""precision"": 0.56, ""recall"": 0.6666666666666666, ""tp"": 14}, ""lunge"": {""f1"": 0.37485714285714283, ""fn"": 416, ""fp"": 131, ""precision"": 0.5559322033898305, ""recall"": 0.2827586206896552, ""tp"": 164}, ""tussle"": {""f1"": 0.6086956521739131, ""fn"": 29, ""fp"": 7, ""precision"": 0.8, ""recall"": 0.49122807017543857, ""tp"": 28}, ""wing_threat"": {""f1"": 0.4074074074074074, ""fn"": 18, ""fp"": 14, ""precision"": 0.44, ""recall"": 0.3793103448275862, ""tp"": 11}}"
fly_yolo_sppf_full_attention256_w8s4_seed42,w8s4,6,19,0.633333,4.0,699,402,lunge;wing_threat;charge;hold;tussle,0.5486594761171032,0.4997398669086509,0.4972488179812988,"{""charge"": {""f1"": 0.4705882352941177, ""fn"": 4, ""fp"": 14, ""precision"": 0.36363636363636365, ""recall"": 0.6666666666666666, ""tp"": 8}, ""hold"": {""f1"": 0.6086956521739131, ""fn"": 7, ""fp"": 11, ""precision"": 0.56, ""recall"": 0.6666666666666666, ""tp"": 14}, ""lunge"": {""f1"": 0.39085714285714285, ""fn"": 409, ""fp"": 124, ""precision"": 0.5796610169491525, ""recall"": 0.29482758620689653, ""tp"": 171}, ""tussle"": {""f1"": 0.6086956521739131, ""fn"": 29, ""fp"": 7, ""precision"": 0.8, ""recall"": 0.49122807017543857, ""tp"": 28}, ""wing_threat"": {""f1"": 0.4074074074074074, ""fn"": 18, ""fp"": 14, ""precision"": 0.44, ""recall"": 0.3793103448275862, ""tp"": 11}}"
fly_yolo_sppf_full_attention256_w8s4_seed42,w8s4,6,20,0.666667,4.0,699,402,lunge;wing_threat;charge;hold;tussle,0.5721171032357473,0.5199533316048743,0.5183804489911907,"{""charge"": {""f1"": 0.4705882352941177, ""fn"": 4, ""fp"": 14, ""precision"": 0.36363636363636365, ""recall"": 0.6666666666666666, ""tp"": 8}, ""hold"": {""f1"": 0.6521739130434783, ""fn"": 6, ""fp"": 10, ""precision"": 0.6, ""recall"": 0.7142857142857143, ""tp"": 15}, ""lunge"": {""f1"": 0.416, ""fn"": 398, ""fp"": 113, ""precision"": 0.6169491525423729, ""recall"": 0.3137931034482759, ""tp"": 182}, ""tussle"": {""f1"": 0.6086956521739131, ""fn"": 29, ""fp"": 7, ""precision"": 0.8, ""recall"": 0.49122807017543857, ""tp"": 28}, ""wing_threat"": {""f1"": 0.4444444444444445, ""fn"": 17, ""fp"": 13, ""precision"": 0.48, ""recall"": 0.41379310344827586, ""tp"": 12}}"
fly_yolo_sppf_full_attention256_w8s4_seed42,w8s4,6,21,0.7,4.0,699,402,lunge;wing_threat;charge;hold;tussle,0.5768628659476118,0.5223671247083225,0.5215804489911907,"{""charge"": {""f1"": 0.4705882352941177, ""fn"": 4, ""fp"": 14, ""precision"": 0.36363636363636365, ""recall"": 0.6666666666666666, ""tp"": 8}, ""hold"": {""f1"": 0.6521739130434783, ""fn"": 6, ""fp"": 10, ""precision"": 0.6, ""recall"": 0.7142857142857143, ""tp"": 15}, ""lunge"": {""f1"": 0.432, ""fn"": 391, ""fp"": 106, ""precision"": 0.6406779661016949, ""recall"": 0.3258620689655172, ""tp"": 189}, ""tussle"": {""f1"": 0.6086956521739131, ""fn"": 29, ""fp"": 7, ""precision"": 0.8, ""recall"": 0.49122807017543857, ""tp"": 28}, ""wing_threat"": {""f1"": 0.4444444444444445, ""fn"": 17, ""fp"": 13, ""precision"": 0.48, ""recall"": 0.41379310344827586, ""tp"": 12}}"
fly_yolo_sppf_full_attention256_w8s4_seed42,w8s4,6,22,0.733333,4.0,699,402,lunge;wing_threat;charge;hold;tussle,0.5809306625577813,0.5244360902255639,0.5243233061340479,"{""charge"": {""f1"": 0.4705882352941177, ""fn"": 4, ""fp"": 14, ""precision"": 0.36363636363636365, ""recall"": 0.6666666666666666, ""tp"": 8}, ""hold"": {""f1"": 0.6521739130434783, ""fn"": 6, ""fp"": 10, ""precision"": 0.6, ""recall"": 0.7142857142857143, ""tp"": 15}, ""lunge"": {""f1"": 0.44571428571428573, ""fn"": 385, ""fp"": 100, ""precision"": 0.6610169491525424, ""recall"": 0.33620689655172414, ""tp"": 195}, ""tussle"": {""f1"": 0.6086956521739131, ""fn"": 29, ""fp"": 7, ""precision"": 0.8, ""recall"": 0.49122807017543857, ""tp"": 28}, ""wing_threat"": {""f1"": 0.4444444444444445, ""fn"": 17, ""fp"": 13, ""precision"": 0.48, ""recall"": 0.41379310344827586, ""tp"": 12}}"
fly_yolo_sppf_full_attention256_w8s4_seed42,w8s4,6,23,0.766667,4.0,699,402,lunge;wing_threat;charge;hold;tussle,0.598964560862866,0.5418909342321321,0.5417977942867969,"{""charge"": {""f1"": 0.4705882352941177, ""fn"": 4, ""fp"": 14, ""precision"": 0.36363636363636365, ""recall"": 0.6666666666666666, ""tp"": 8}, ""hold"": {""f1"": 0.6956521739130435, ""fn"": 5, ""fp"": 9, ""precision"": 0.64, ""recall"": 0.7619047619047619, ""tp"": 16}, ""lunge"": {""f1"": 0.4525714285714286, ""fn"": 382, ""fp"": 97, ""precision"": 0.6711864406779661, ""recall"": 0.3413793103448276, ""tp"": 198}, ""tussle"": {""f1"": 0.6086956521739131, ""fn"": 29, ""fp"": 7, ""precision"": 0.8, ""recall"": 0.49122807017543857, ""tp"": 28}, ""wing_threat"": {""f1"": 0.48148148148148145, ""fn"": 16, ""fp"": 12, ""precision"": 0.52, ""recall"": 0.4482758620689655, ""tp"": 13}}"
fly_yolo_sppf_full_attention256_w8s4_seed42,w8s4,6,24,0.8,4.0,699,402,lunge;wing_threat;charge;hold;tussle,0.6009984591679508,0.5429254169907527,0.5431692228582254,"{""charge"": {""f1"": 0.4705882352941177, ""fn"": 4, ""fp"": 14, ""precision"": 0.36363636363636365, ""recall"": 0.6666666666666666, ""tp"": 8}, ""hold"": {""f1"": 0.6956521739130435, ""fn"": 5, ""fp"": 9, ""precision"": 0.64, ""recall"": 0.7619047619047619, ""tp"": 16}, ""lunge"": {""f1"": 0.45942857142857146, ""fn"": 379, ""fp"": 94, ""precision"": 0.6813559322033899, ""recall"": 0.34655172413793106, ""tp"": 201}, ""tussle"": {""f1"": 0.6086956521739131, ""fn"": 29, ""fp"": 7, ""precision"": 0.8, ""recall"": 0.49122807017543857, ""tp"": 28}, ""wing_threat"": {""f1"": 0.48148148148148145, ""fn"": 16, ""fp"": 12, ""precision"": 0.52, ""recall"": 0.4482758620689655, ""tp"": 13}}"
fly_yolo_sppf_full_attention256_w8s4_seed42,w8s4,6,25,0.833333,4.0,699,402,lunge;wing_threat;charge;hold;tussle,0.6030323574730355,0.5439598997493734,0.544540651429654,"{""charge"": {""f1"": 0.4705882352941177, ""fn"": 4, ""fp"": 14, ""precision"": 0.36363636363636365, ""recall"": 0.6666666666666666, ""tp"": 8}, ""hold"": {""f1"": 0.6956521739130435, ""fn"": 5, ""fp"": 9, ""precision"": 0.64, ""recall"": 0.7619047619047619, ""tp"": 16}, ""lunge"": {""f1"": 0.46628571428571425, ""fn"": 376, ""fp"": 91, ""precision"": 0.6915254237288135, ""recall"": 0.35172413793103446, ""tp"": 204}, ""tussle"": {""f1"": 0.6086956521739131, ""fn"": 29, ""fp"": 7, ""precision"": 0.8, ""recall"": 0.49122807017543857, ""tp"": 28}, ""wing_threat"": {""f1"": 0.48148148148148145, ""fn"": 16, ""fp"": 12, ""precision"": 0.52, ""recall"": 0.4482758620689655, ""tp"": 13}}"
fly_yolo_sppf_full_attention256_w8s4_seed42,w8s4,6,26,0.866667,4.0,699,402,lunge;wing_threat;charge;hold;tussle,0.6114585075941009,0.5488479820240256,0.550717048945182,"{""charge"": {""f1"": 0.4705882352941177, ""fn"": 4, ""fp"": 14, ""precision"": 0.36363636363636365, ""recall"": 0.6666666666666666, ""tp"": 8}, ""hold"": {""f1"": 0.6956521739130435, ""fn"": 5, ""fp"": 9, ""precision"": 0.64, ""recall"": 0.7619047619047619, ""tp"": 16}, ""lunge"": {""f1"": 0.4754285714285714, ""fn"": 372, ""fp"": 87, ""precision"": 0.7050847457627119, ""recall"": 0.3586206896551724, ""tp"": 208}, ""tussle"": {""f1"": 0.6304347826086958, ""fn"": 28, ""fp"": 6, ""precision"": 0.8285714285714286, ""recall"": 0.5087719298245614, ""tp"": 29}, ""wing_threat"": {""f1"": 0.48148148148148145, ""fn"": 16, ""fp"": 12, ""precision"": 0.52, ""recall"": 0.4482758620689655, ""tp"": 13}}"
fly_yolo_sppf_full_attention256_w8s4_seed42,w8s4,6,27,0.9,4.0,699,402,lunge;wing_threat;charge;hold;tussle,0.6134924058991856,0.5498824647826464,0.5520884775166105,"{""charge"": {""f1"": 0.4705882352941177, ""fn"": 4, ""fp"": 14, ""precision"": 0.36363636363636365, ""recall"": 0.6666666666666666, ""tp"": 8}, ""hold"": {""f1"": 0.6956521739130435, ""fn"": 5, ""fp"": 9, ""precision"": 0.64, ""recall"": 0.7619047619047619, ""tp"": 16}, ""lunge"": {""f1"": 0.4822857142857142, ""fn"": 369, ""fp"": 84, ""precision"": 0.7152542372881356, ""recall"": 0.36379310344827587, ""tp"": 211}, ""tussle"": {""f1"": 0.6304347826086958, ""fn"": 28, ""fp"": 6, ""precision"": 0.8285714285714286, ""recall"": 0.5087719298245614, ""tp"": 29}, ""wing_threat"": {""f1"": 0.48148148148148145, ""fn"": 16, ""fp"": 12, ""precision"": 0.52, ""recall"": 0.4482758620689655, ""tp"": 13}}"
fly_yolo_sppf_full_attention256_w8s4_seed42,w8s4,6,28,0.933333,4.0,699,402,lunge;wing_threat;charge;hold;tussle,0.6134924058991856,0.5498824647826464,0.5520884775166105,"{""charge"": {""f1"": 0.4705882352941177, ""fn"": 4, ""fp"": 14, ""precision"": 0.36363636363636365, ""recall"": 0.6666666666666666, ""tp"": 8}, ""hold"": {""f1"": 0.6956521739130435, ""fn"": 5, ""fp"": 9, ""precision"": 0.64, ""recall"": 0.7619047619047619, ""tp"": 16}, ""lunge"": {""f1"": 0.4822857142857142, ""fn"": 369, ""fp"": 84, ""precision"": 0.7152542372881356, ""recall"": 0.36379310344827587, ""tp"": 211}, ""tussle"": {""f1"": 0.6304347826086958, ""fn"": 28, ""fp"": 6, ""precision"": 0.8285714285714286, ""recall"": 0.5087719298245614, ""tp"": 29}, ""wing_threat"": {""f1"": 0.48148148148148145, ""fn"": 16, ""fp"": 12, ""precision"": 0.52, ""recall"": 0.4482758620689655, ""tp"": 13}}"
fly_yolo_sppf_full_attention256_w8s4_seed42,w8s4,6,29,0.966667,4.0,699,402,lunge;wing_threat;charge;hold;tussle,0.6141703720008805,0.5502272923688531,0.5525456203737534,"{""charge"": {""f1"": 0.4705882352941177, ""fn"": 4, ""fp"": 14, ""precision"": 0.36363636363636365, ""recall"": 0.6666666666666666, ""tp"": 8}, ""hold"": {""f1"": 0.6956521739130435, ""fn"": 5, ""fp"": 9, ""precision"": 0.64, ""recall"": 0.7619047619047619, ""tp"": 16}, ""lunge"": {""f1"": 0.4845714285714286, ""fn"": 368, ""fp"": 83, ""precision"": 0.7186440677966102, ""recall"": 0.36551724137931035, ""tp"": 212}, ""tussle"": {""f1"": 0.6304347826086958, ""fn"": 28, ""fp"": 6, ""precision"": 0.8285714285714286, ""recall"": 0.5087719298245614, ""tp"": 29}, ""wing_threat"": {""f1"": 0.48148148148148145, ""fn"": 16, ""fp"": 12, ""precision"": 0.52, ""recall"": 0.4482758620689655, ""tp"": 13}}"
fly_yolo_sppf_full_attention256_w8s4_seed42,w8s4,6,30,1.0,4.0,699,402,lunge;wing_threat;charge;hold;tussle,0.6205626238168611,0.5540808918848846,0.5573505893178528,"{""charge"": {""f1"": 0.4705882352941177, ""fn"": 4, ""fp"": 14, ""precision"": 0.36363636363636365, ""recall"": 0.6666666666666666, ""tp"": 8}, ""hold"": {""f1"": 0.6956521739130435, ""fn"": 5, ""fp"": 9, ""precision"": 0.64, ""recall"": 0.7619047619047619, ""tp"": 16}, ""lunge"": {""f1"": 0.48685714285714293, ""fn"": 367, ""fp"": 82, ""precision"": 0.7220338983050848, ""recall"": 0.36724137931034484, ""tp"": 213}, ""tussle"": {""f1"": 0.6521739130434783, ""fn"": 27, ""fp"": 5, ""precision"": 0.8571428571428571, ""recall"": 0.5263157894736842, ""tp"": 30}, ""wing_threat"": {""f1"": 0.48148148148148145, ""fn"": 16, ""fp"": 12, ""precision"": 0.52, ""recall"": 0.4482758620689655, ""tp"": 13}}"
fly_yolo_sppf_full_attention256_w8s4_seed42,w8s4,7,0,0.0,4.0,424,348,lunge;wing_threat;charge;hold;tussle,0.003940886699507389,0.0023880597014925373,0.002973977695167286,"{""charge"": {""f1"": 0.0, ""fn"": 1, ""fp"": 21, ""precision"": 0.0, ""recall"": 0.0, ""tp"": 0}, ""hold"": {""f1"": 0.0, ""fn"": 9, ""fp"": 14, ""precision"": 0.0, ""recall"": 0.0, ""tp"": 0}, ""lunge"": {""f1"": 0.01486988847583643, ""fn"": 331, ""fp"": 199, ""precision"": 0.019704433497536946, ""recall"": 0.011940298507462687, ""tp"": 4}, ""tussle"": {""f1"": 0.0, ""fn"": 75, ""fp"": 48, ""precision"": 0.0, ""recall"": 0.0, ""tp"": 0}, ""wing_threat"": {""f1"": 0.0, ""fn"": 4, ""fp"": 62, ""precision"": 0.0, ""recall"": 0.0, ""tp"": 0}}"
fly_yolo_sppf_full_attention256_w8s4_seed42,w8s4,7,1,0.033333,4.0,424,348,lunge;wing_threat;charge;hold;tussle,0.02459280152550453,0.0633731343283582,0.022508153435708063,"{""charge"": {""f1"": 0.0, ""fn"": 1, ""fp"": 21, ""precision"": 0.0, ""recall"": 0.0, ""tp"": 0}, ""hold"": {""f1"": 0.0, ""fn"": 9, ""fp"": 14, ""precision"": 0.0, ""recall"": 0.0, ""tp"": 0}, ""lunge"": {""f1"": 0.03345724907063197, ""fn"": 326, ""fp"": 194, ""precision"": 0.04433497536945813, ""recall"": 0.026865671641791045, ""tp"": 9}, ""tussle"": {""f1"": 0.048780487804878044, ""fn"": 72, ""fp"": 45, ""precision"": 0.0625, ""recall"": 0.04, ""tp"": 3}, ""wing_threat"": {""f1"": 0.030303030303030304, ""fn"": 3, ""fp"": 61, ""precision"": 0.016129032258064516, ""recall"": 0.25, ""tp"": 1}}"
fly_yolo_sppf_full_attention256_w8s4_seed42,w8s4,7,2,0.066667,4.0,424,348,lunge;wing_threat;charge;hold;tussle,0.06777835160760634,0.09067661691542289,0.05595935783622791,"{""charge"": {""f1"": 0.0, ""fn"": 1, ""fp"": 21, ""precision"": 0.0, ""recall"": 0.0, ""tp"": 0}, ""hold"": {""f1"": 0.0, ""fn"": 9, ""fp"": 14, ""precision"": 0.0, ""recall"": 0.0, ""tp"": 0}, ""lunge"": {""f1"": 0.07063197026022305, ""fn"": 316, ""fp"": 184, ""precision"": 0.09359605911330049, ""recall"": 0.056716417910447764, ""tp"": 19}, ""tussle"": {""f1"": 0.17886178861788618, ""fn"": 64, ""fp"": 37, ""precision"": 0.22916666666666666, ""recall"": 0.14666666666666667, ""tp"": 11}, ""wing_threat"": {""f1"": 0.030303030303030304, ""fn"": 3, ""fp"": 61, ""precision"": 0.016129032258064516, ""recall"": 0.25, ""tp"": 1}}"
fly_yolo_sppf_full_attention256_w8s4_seed42,w8s4,7,3,0.1,4.0,424,348,lunge;wing_threat;charge;hold;tussle,0.11714206260924838,0.13514759535655058,0.10057585636908133,"{""charge"": {""f1"": 0.0, ""fn"": 1, ""fp"": 21, ""precision"": 0.0, ""recall"": 0.0, ""tp"": 0}, ""hold"": {""f1"": 0.08695652173913043, ""fn"": 8, ""fp"": 13, ""precision"": 0.07142857142857142, ""recall"": 0.1111111111111111, ""tp"": 1}, ""lunge"": {""f1"": 0.09293680297397768, ""fn"": 310, ""fp"": 178, ""precision"": 0.12315270935960591, ""recall"": 0.07462686567164178, ""tp"": 25}, ""tussle"": {""f1"": 0.2926829268292683, ""fn"": 57, ""fp"": 30, ""precision"": 0.375, ""recall"": 0.24, ""tp"": 18}, ""wing_threat"": {""f1"": 0.030303030303030304, ""fn"": 3, ""fp"": 61, ""precision"": 0.016129032258064516, ""recall"": 0.25, ""tp"": 1}}"
fly_yolo_sppf_full_attention256_w8s4_seed42,w8s4,7,4,0.133333,4.0,424,348,lunge;wing_threat;charge;hold;tussle,0.19292534032522907,0.27052072968490876,0.18176198788891806,"{""charge"": {""f1"": 0.0, ""fn"": 1, ""fp"": 21, ""precision"": 0.0, ""recall"": 0.0, ""tp"": 0}, ""hold"": {""f1"": 0.34782608695652173, ""fn"": 5, ""fp"": 10, ""precision"": 0.2857142857142857, ""recall"": 0.4444444444444444, ""tp"": 4}, ""lunge"": {""f1"": 0.12639405204460966, ""fn"": 301, ""fp"": 169, ""precision"": 0.16748768472906403, ""recall"": 0.10149253731343283, ""tp"": 34}, ""tussle"": {""f1"": 0.3739837398373983, ""fn"": 52, ""fp"": 25, ""precision"": 0.4791666666666667, ""recall"": 0.30666666666666664, ""tp"": 23}, ""wing_threat"": {""f1"": 0.06060606060606061, ""fn"": 2, ""fp"": 60, ""precision"": 0.03225806451612903, ""recall"": 0.5, ""tp"": 2}}"
fly_yolo_sppf_full_attention256_w8s4_seed42,w8s4,7,5,0.166667,4.0,424,348,lunge;wing_threat;charge;hold;tussle,0.22956327135971186,0.30671310116086237,0.21634433403563796,"{""charge"": {""f1"": 0.0, ""fn"": 1, ""fp"": 21, ""precision"": 0.0, ""recall"": 0.0, ""tp"": 0}, ""hold"": {""f1"": 0.43478260869565216, ""fn"": 4, ""fp"": 9, ""precision"": 0.35714285714285715, ""recall"": 0.5555555555555556, ""tp"": 5}, ""lunge"": {""f1"": 0.16356877323420077, ""fn"": 291, ""fp"": 159, ""precision"": 0.21674876847290642, ""recall"": 0.13134328358208955, ""tp"": 44}, ""tussle"": {""f1"": 0.4227642276422764, ""fn"": 49, ""fp"": 22, ""precision"": 0.5416666666666666, ""recall"": 0.3466666666666667, ""tp"": 26}, ""wing_threat"": {""f1"": 0.06060606060606061, ""fn"": 2, ""fp"": 60, ""precision"": 0.03225806451612903, ""recall"": 0.5, ""tp"": 2}}"
fly_yolo_sppf_full_attention256_w8s4_seed42,w8s4,7,6,0.2,4.0,424,348,lunge;wing_threat;charge;hold;tussle,0.24895982308384976,0.3188922056384743,0.23130489256315637,"{""charge"": {""f1"": 0.0, ""fn"": 1, ""fp"": 21, ""precision"": 0.0, ""recall"": 0.0, ""tp"": 0}, ""hold"": {""f1"": 0.43478260869565216, ""fn"": 4, ""fp"": 9, ""precision"": 0.35714285714285715, ""recall"": 0.5555555555555556, ""tp"": 5}, ""lunge"": {""f1"": 0.1895910780669145, ""fn"": 284, ""fp"": 152, ""precision"": 0.2512315270935961, ""recall"": 0.15223880597014924, ""tp"": 51}, ""tussle"": {""f1"": 0.4715447154471545, ""fn"": 46, ""fp"": 19, ""precision"": 0.6041666666666666, ""recall"": 0.38666666666666666, ""tp"": 29}, ""wing_threat"": {""f1"": 0.06060606060606061, ""fn"": 2, ""fp"": 60, ""precision"": 0.03225806451612903, ""recall"": 0.5, ""tp"": 2}}"
fly_yolo_sppf_full_attention256_w8s4_seed42,w8s4,7,7,0.233333,4.0,424,348,lunge;wing_threat;charge;hold;tussle,0.2787045129508978,0.3855290215588723,0.25780857294298143,"{""charge"": {""f1"": 0.0, ""fn"": 1, ""fp"": 21, ""precision"": 0.0, ""recall"": 0.0, ""tp"": 0}, ""hold"": {""f1"": 0.43478260869565216, ""fn"": 4, ""fp"": 9, ""precision"": 0.35714285714285715, ""recall"": 0.5555555555555556, ""tp"": 5}, ""lunge"": {""f1"": 0.22676579925650558, ""fn"": 274, ""fp"": 142, ""precision"": 0.30049261083743845, ""recall"": 0.18208955223880596, ""tp"": 61}, ""tussle"": {""f1"": 0.5365853658536586, ""fn"": 42, ""fp"": 15, ""precision"": 0.6875, ""recall"": 0.44, ""tp"": 33}, ""wing_threat"": {""f1"": 0.0909090909090909, ""fn"": 1, ""fp"": 59, ""precision"": 0.04838709677419355, ""recall"": 0.75, ""tp"": 3}}"
fly_yolo_sppf_full_attention256_w8s4_seed42,w8s4,7,8,0.266667,4.0,424,348,lunge;wing_threat;charge;hold;tussle,0.310190555643837,0.4184577114427861,0.2883953921455843,"{""charge"": {""f1"": 0.0, ""fn"": 1, ""fp"": 21, ""precision"": 0.0, ""recall"": 0.0, ""tp"": 0}, ""hold"": {""f1"": 0.5217391304347826, ""fn"": 3, ""fp"": 8, ""precision"": 0.42857142857142855, ""recall"": 0.6666666666666666, ""tp"": 6}, ""lunge"": {""f1"": 0.2602230483271376, ""fn"": 265, ""fp"": 133, ""precision"": 0.3448275862068966, ""recall"": 0.208955223880597, ""tp"": 70}, ""tussle"": {""f1"": 0.5691056910569106, ""fn"": 40, ""fp"": 13, ""precision"": 0.7291666666666666, ""recall"": 0.4666666666666667, ""tp"": 35}, ""wing_threat"": {""f1"": 0.0909090909090909, ""fn"": 1, ""fp"": 59, ""precision"": 0.04838709677419355, ""recall"": 0.75, ""tp"": 3}}"
fly_yolo_sppf_full_attention256_w8s4_seed42,w8s4,7,9,0.3,4.0,424,348,lunge;wing_threat;charge;hold;tussle,0.31731288733513424,0.42291542288557216,0.29387790793728497,"{""charge"": {""f1"": 0.0, ""fn"": 1, ""fp"": 21, ""precision"": 0.0, ""recall"": 0.0, ""tp"": 0}, ""hold"": {""f1"": 0.5217391304347826, ""fn"": 3, ""fp"": 8, ""precision"": 0.42857142857142855, ""recall"": 0.6666666666666666, ""tp"": 6}, ""lunge"": {""f1"": 0.27137546468401486, ""fn"": 262, ""fp"": 130, ""precision"": 0.35960591133004927, ""recall"": 0.21791044776119403, ""tp"": 73}, ""tussle"": {""f1"": 0.5853658536585366, ""fn"": 39, ""fp"": 12, ""precision"": 0.75, ""recall"": 0.48, ""tp"": 36}, ""wing_threat"": {""f1"": 0.0909090909090909, ""fn"": 1, ""fp"": 59, ""precision"": 0.04838709677419355, ""recall"": 0.75, ""tp"": 3}}"
fly_yolo_sppf_full_attention256_w8s4_seed42,w8s4,7,10,0.333333,4.0,424,348,lunge;wing_threat;charge;hold;tussle,0.3222389957095185,0.42590049751243775,0.2975953800562441,"{""charge"": {""f1"": 0.0, ""fn"": 1, ""fp"": 21, ""precision"": 0.0, ""recall"": 0.0, ""tp"": 0}, ""hold"": {""f1"": 0.5217391304347826, ""fn"": 3, ""fp"": 8, ""precision"": 0.42857142857142855, ""recall"": 0.6666666666666666, ""tp"": 6}, ""lunge"": {""f1"": 0.2899628252788104, ""fn"": 257, ""fp"": 125, ""precision"": 0.3842364532019704, ""recall"": 0.23283582089552238, ""tp"": 78}, ""tussle"": {""f1"": 0.5853658536585366, ""fn"": 39, ""fp"": 12, ""precision"": 0.75, ""recall"": 0.48, ""tp"": 36}, ""wing_threat"": {""f1"": 0.0909090909090909, ""fn"": 1, ""fp"": 59, ""precision"": 0.04838709677419355, ""recall"": 0.75, ""tp"": 3}}"
fly_yolo_sppf_full_attention256_w8s4_seed42,w8s4,7,11,0.366667,4.0,424,348,lunge;wing_threat;charge;hold;tussle,0.3242094390592722,0.4270945273631841,0.2990823689038277,"{""charge"": {""f1"": 0.0, ""fn"": 1, ""fp"": 21, ""precision"": 0.0, ""recall"": 0.0, ""tp"": 0}, ""hold"": {""f1"": 0.5217391304347826, ""fn"": 3, ""fp"": 8, ""precision"": 0.42857142857142855, ""recall"": 0.6666666666666666, ""tp"": 6}, ""lunge"": {""f1"": 0.29739776951672864, ""fn"": 255, ""fp"": 123, ""precision"": 0.39408866995073893, ""recall"": 0.23880597014925373, ""tp"": 80}, ""tussle"": {""f1"": 0.5853658536585366, ""fn"": 39, ""fp"": 12, ""precision"": 0.75, ""recall"": 0.48, ""tp"": 36}, ""wing_threat"": {""f1"": 0.0909090909090909, ""fn"": 1, ""fp"": 59, ""precision"": 0.04838709677419355, ""recall"": 0.75, ""tp"": 3}}"
fly_yolo_sppf_full_attention256_w8s4_seed42,w8s4,7,12,0.4,4.0,424,348,lunge;wing_threat;charge;hold;tussle,0.3364836590921129,0.4348159203980099,0.3085604116396454,"{""charge"": {""f1"": 0.0, ""fn"": 1, ""fp"": 21, ""precision"": 0.0, ""recall"": 0.0, ""tp"": 0}, ""hold"": {""f1"": 0.5217391304347826, ""fn"": 3, ""fp"": 8, ""precision"": 0.42857142857142855, ""recall"": 0.6666666666666666, ""tp"": 6}, ""lunge"": {""f1"": 0.31226765799256506, ""fn"": 251, ""fp"": 119, ""precision"": 0.41379310344827586, ""recall"": 0.2507462686567164, ""tp"": 84}, ""tussle"": {""f1"": 0.6178861788617886, ""fn"": 37, ""fp"": 10, ""precision"": 0.7916666666666666, ""recall"": 0.5066666666666667, ""tp"": 38}, ""wing_threat"": {""f1"": 0.0909090909090909, ""fn"": 1, ""fp"": 59, ""precision"": 0.04838709677419355, ""recall"": 0.75, ""tp"": 3}}"
fly_yolo_sppf_full_attention256_w8s4_seed42,w8s4,7,13,0.433333,4.0,424,348,lunge;wing_threat;charge;hold;tussle,0.3485320991577944,0.4422587064676617,0.3177603995503052,"{""charge"": {""f1"": 0.0, ""fn"": 1, ""fp"": 21, ""precision"": 0.0, ""recall"": 0.0, ""tp"": 0}, ""hold"": {""f1"": 0.5217391304347826, ""fn"": 3, ""fp"": 8, ""precision"": 0.42857142857142855, ""recall"": 0.6666666666666666, ""tp"": 6}, ""lunge"": {""f1"": 0.34200743494423785, ""fn"": 243, ""fp"": 111, ""precision"": 0.45320197044334976, ""recall"": 0.2746268656716418, ""tp"": 92}, ""tussle"": {""f1"": 0.6341463414634146, ""fn"": 36, ""fp"": 9, ""precision"": 0.8125, ""recall"": 0.52, ""tp"": 39}, ""wing_threat"": {""f1"": 0.0909090909090909, ""fn"": 1, ""fp"": 59, ""precision"": 0.04838709677419355, ""recall"": 0.75, ""tp"": 3}}"
fly_yolo_sppf_full_attention256_w8s4_seed42,w8s4,7,14,0.466667,4.0,424,348,lunge;wing_threat;charge;hold;tussle,0.35444342920705546,0.4458407960199005,0.3222213660930562,"{""charge"": {""f1"": 0.0, ""fn"": 1, ""fp"": 21, ""precision"": 0.0, ""recall"": 0.0, ""tp"": 0}, ""hold"": {""f1"": 0.5217391304347826, ""fn"": 3, ""fp"": 8, ""precision"": 0.42857142857142855, ""recall"": 0.6666666666666666, ""tp"": 6}, ""lunge"": {""f1"": 0.36431226765799263, ""fn"": 237, ""fp"": 105, ""precision"": 0.4827586206896552, ""recall"": 0.29253731343283584, ""tp"": 98}, ""tussle"": {""f1"": 0.6341463414634146, ""fn"": 36, ""fp"": 9, ""precision"": 0.8125, ""recall"": 0.52, ""tp"": 39}, ""wing_threat"": {""f1"": 0.0909090909090909, ""fn"": 1, ""fp"": 59, ""precision"": 0.04838709677419355, ""recall"": 0.75, ""tp"": 3}}"
fly_yolo_sppf_full_attention256_w8s4_seed42,w8s4,7,15,0.5,4.0,424,348,lunge;wing_threat;charge;hold;tussle,0.36035475925631655,0.4494228855721393,0.3266823326358071,"{""charge"": {""f1"": 0.0, ""fn"": 1, ""fp"": 21, ""precision"": 0.0, ""recall"": 0.0, ""tp"": 0}, ""hold"": {""f1"": 0.5217391304347826, ""fn"": 3, ""fp"": 8, ""precision"": 0.42857142857142855, ""recall"": 0.6666666666666666, ""tp"": 6}, ""lunge"": {""f1"": 0.3866171003717472, ""fn"": 231, ""fp"": 99, ""precision"": 0.5123152709359606, ""recall"": 0.31044776119402984, ""tp"": 104}, ""tussle"": {""f1"": 0.6341463414634146, ""fn"": 36, ""fp"": 9, ""precision"": 0.8125, ""recall"": 0.52, ""tp"": 39}, ""wing_threat"": {""f1"": 0.0909090909090909, ""fn"": 1, ""fp"": 59, ""precision"": 0.04838709677419355, ""recall"": 0.75, ""tp"": 3}}"
fly_yolo_sppf_full_attention256_w8s4_seed42,w8s4,7,16,0.533333,4.0,424,348,lunge;wing_threat;charge;hold;tussle,0.36944753429736743,0.45507462686567157,0.33365183727509135,"{""charge"": {""f1"": 0.0, ""fn"": 1, ""fp"": 21, ""precision"": 0.0, ""recall"": 0.0, ""tp"": 0}, ""hold"": {""f1"": 0.5217391304347826, ""fn"": 3, ""fp"": 8, ""precision"": 0.42857142857142855, ""recall"": 0.6666666666666666, ""tp"": 6}, ""lunge"": {""f1"": 0.4052044609665427, ""fn"": 226, ""fp"": 94, ""precision"": 0.5369458128078818, ""recall"": 0.3253731343283582, ""tp"": 109}, ""tussle"": {""f1"": 0.6504065040650406, ""fn"": 35, ""fp"": 8, ""precision"": 0.8333333333333334, ""recall"": 0.5333333333333333, ""tp"": 40}, ""wing_threat"": {""f1"": 0.0909090909090909, ""fn"": 1, ""fp"": 59, ""precision"": 0.04838709677419355, ""recall"": 0.75, ""tp"": 3}}"
fly_yolo_sppf_full_attention256_w8s4_seed42,w8s4,7,17,0.566667,4.0,424,348,lunge;wing_threat;charge;hold;tussle,0.37437364267175166,0.4580597014925373,0.3373693093940505,"{""charge"": {""f1"": 0.0, ""fn"": 1, ""fp"": 21, ""precision"": 0.0, ""recall"": 0.0, ""tp"": 0}, ""hold"": {""f1"": 0.5217391304347826, ""fn"": 3, ""fp"": 8, ""precision"": 0.42857142857142855, ""recall"": 0.6666666666666666, ""tp"": 6}, ""lunge"": {""f1"": 0.4237918215613383, ""fn"": 221, ""fp"": 89, ""precision"": 0.5615763546798029, ""recall"": 0.3402985074626866, ""tp"": 114}, ""tussle"": {""f1"": 0.6504065040650406, ""fn"": 35, ""fp"": 8, ""precision"": 0.8333333333333334, ""recall"": 0.5333333333333333, ""tp"": 40}, ""wing_threat"": {""f1"": 0.0909090909090909, ""fn"": 1, ""fp"": 59, ""precision"": 0.04838709677419355, ""recall"": 0.75, ""tp"": 3}}"
fly_yolo_sppf_full_attention256_w8s4_seed42,w8s4,7,18,0.6,4.0,424,348,lunge;wing_threat;charge;hold;tussle,0.38248119603792574,0.4631144278606964,0.3435953196095429,"{""charge"": {""f1"": 0.0, ""fn"": 1, ""fp"": 21, ""precision"": 0.0, ""recall"": 0.0, ""tp"": 0}, ""hold"": {""f1"": 0.5217391304347826, ""fn"": 3, ""fp"": 8, ""precision"": 0.42857142857142855, ""recall"": 0.6666666666666666, ""tp"": 6}, ""lunge"": {""f1"": 0.4386617100371747, ""fn"": 217, ""fp"": 85, ""precision"": 0.5812807881773399, ""recall"": 0.3522388059701492, ""tp"": 118}, ""tussle"": {""f1"": 0.6666666666666665, ""fn"": 34, ""fp"": 7, ""precision"": 0.8541666666666666, ""recall"": 0.5466666666666666, ""tp"": 41}, ""wing_threat"": {""f1"": 0.0909090909090909, ""fn"": 1, ""fp"": 59, ""precision"": 0.04838709677419355, ""recall"": 0.75, ""tp"": 3}}"
fly_yolo_sppf_full_attention256_w8s4_seed42,w8s4,7,19,0.633333,4.0,424,348,lunge;wing_threat;charge;hold;tussle,0.38740730441230997,0.46609950248756216,0.34731279172850205,"{""charge"": {""f1"": 0.0, ""fn"": 1, ""fp"": 21, ""precision"": 0.0, ""recall"": 0.0, ""tp"": 0}, ""hold"": {""f1"": 0.5217391304347826, ""fn"": 3, ""fp"": 8, ""precision"": 0.42857142857142855, ""recall"": 0.6666666666666666, ""tp"": 6}, ""lunge"": {""f1"": 0.4572490706319703, ""fn"": 212, ""fp"": 80, ""precision"": 0.6059113300492611, ""recall"": 0.36716417910447763, ""tp"": 123}, ""tussle"": {""f1"": 0.6666666666666665, ""fn"": 34, ""fp"": 7, ""precision"": 0.8541666666666666, ""recall"": 0.5466666666666666, ""tp"": 41}, ""wing_threat"": {""f1"": 0.0909090909090909, ""fn"": 1, ""fp"": 59, ""precision"": 0.04838709677419355, ""recall"": 0.75, ""tp"": 3}}"
fly_yolo_sppf_full_attention256_w8s4_seed42,w8s4,7,20,0.666667,4.0,424,348,lunge;wing_threat;charge;hold;tussle,0.393318634461571,0.4696815920398009,0.351773758271253,"{""charge"": {""f1"": 0.0, ""fn"": 1, ""fp"": 21, ""precision"": 0.0, ""recall"": 0.0, ""tp"": 0}, ""hold"": {""f1"": 0.5217391304347826, ""fn"": 3, ""fp"": 8, ""precision"": 0.42857142857142855, ""recall"": 0.6666666666666666, ""tp"": 6}, ""lunge"": {""f1"": 0.47955390334572495, ""fn"": 206, ""fp"": 74, ""precision"": 0.6354679802955665, ""recall"": 0.3850746268656716, ""tp"": 129}, ""tussle"": {""f1"": 0.6666666666666665, ""fn"": 34, ""fp"": 7, ""precision"": 0.8541666666666666, ""recall"": 0.5466666666666666, ""tp"": 41}, ""wing_threat"": {""f1"": 0.0909090909090909, ""fn"": 1, ""fp"": 59, ""precision"": 0.04838709677419355, ""recall"": 0.75, ""tp"": 3}}"
fly_yolo_sppf_full_attention256_w8s4_seed42,w8s4,7,21,0.7,4.0,424,348,lunge;wing_threat;charge;hold;tussle,0.3952890778113248,0.47087562189054727,0.3532607471188366,"{""charge"": {""f1"": 0.0, ""fn"": 1, ""fp"": 21, ""precision"": 0.0, ""recall"": 0.0, ""tp"": 0}, ""hold"": {""f1"": 0.5217391304347826, ""fn"": 3, ""fp"": 8, ""precision"": 0.42857142857142855, ""recall"": 0.6666666666666666, ""tp"": 6}, ""lunge"": {""f1"": 0.4869888475836432, ""fn"": 204, ""fp"": 72, ""precision"": 0.645320197044335, ""recall"": 0.39104477611940297, ""tp"": 131}, ""tussle"": {""f1"": 0.6666666666666665, ""fn"": 34, ""fp"": 7, ""precision"": 0.8541666666666666, ""recall"": 0.5466666666666666, ""tp"": 41}, ""wing_threat"": {""f1"": 0.0909090909090909, ""fn"": 1, ""fp"": 59, ""precision"": 0.04838709677419355, ""recall"": 0.75, ""tp"": 3}}"
fly_yolo_sppf_full_attention256_w8s4_seed42,w8s4,7,22,0.733333,4.0,424,348,lunge;wing_threat;charge;hold;tussle,0.4012004078605858,0.47445771144278603,0.35772171366158756,"{""charge"": {""f1"": 0.0, ""fn"": 1, ""fp"": 21, ""precision"": 0.0, ""recall"": 0.0, ""tp"": 0}, ""hold"": {""f1"": 0.5217391304347826, ""fn"": 3, ""fp"": 8, ""precision"": 0.42857142857142855, ""recall"": 0.6666666666666666, ""tp"": 6}, ""lunge"": {""f1"": 0.5092936802973977, ""fn"": 198, ""fp"": 66, ""precision"": 0.6748768472906403, ""recall"": 0.408955223880597, ""tp"": 137}, ""tussle"": {""f1"": 0.6666666666666665, ""fn"": 34, ""fp"": 7, ""precision"": 0.8541666666666666, ""recall"": 0.5466666666666666, ""tp"": 41}, ""wing_threat"": {""f1"": 0.0909090909090909, ""fn"": 1, ""fp"": 59, ""precision"": 0.04838709677419355, ""recall"": 0.75, ""tp"": 3}}"
fly_yolo_sppf_full_attention256_w8s4_seed42,w8s4,7,23,0.766667,4.0,424,348,lunge;wing_threat;charge;hold;tussle,0.40612651623497004,0.4774427860696518,0.3614391857805467,"{""charge"": {""f1"": 0.0, ""fn"": 1, ""fp"": 21, ""precision"": 0.0, ""recall"": 0.0, ""tp"": 0}, ""hold"": {""f1"": 0.5217391304347826, ""fn"": 3, ""fp"": 8, ""precision"": 0.42857142857142855, ""recall"": 0.6666666666666666, ""tp"": 6}, ""lunge"": {""f1"": 0.5278810408921933, ""fn"": 193, ""fp"": 61, ""precision"": 0.6995073891625616, ""recall"": 0.42388059701492536, ""tp"": 142}, ""tussle"": {""f1"": 0.6666666666666665, ""fn"": 34, ""fp"": 7, ""precision"": 0.8541666666666666, ""recall"": 0.5466666666666666, ""tp"": 41}, ""wing_threat"": {""f1"": 0.0909090909090909, ""fn"": 1, ""fp"": 59, ""precision"": 0.04838709677419355, ""recall"": 0.75, ""tp"": 3}}"
fly_yolo_sppf_full_attention256_w8s4_seed42,w8s4,7,24,0.8,4.0,424,348,lunge;wing_threat;charge;hold;tussle,0.4071117379098469,0.47803980099502486,0.3621826802043385,"{""charge"": {""f1"": 0.0, ""fn"": 1, ""fp"": 21, ""precision"": 0.0, ""recall"": 0.0, ""tp"": 0}, ""hold"": {""f1"": 0.5217391304347826, ""fn"": 3, ""fp"": 8, ""precision"": 0.42857142857142855, ""recall"": 0.6666666666666666, ""tp"": 6}, ""lunge"": {""f1"": 0.5315985130111525, ""fn"": 192, ""fp"": 60, ""precision"": 0.7044334975369458, ""recall"": 0.42686567164179107, ""tp"": 143}, ""tussle"": {""f1"": 0.6666666666666665, ""fn"": 34, ""fp"": 7, ""precision"": 0.8541666666666666, ""recall"": 0.5466666666666666, ""tp"": 41}, ""wing_threat"": {""f1"": 0.0909090909090909, ""fn"": 1, ""fp"": 59, ""precision"": 0.04838709677419355, ""recall"": 0.75, ""tp"": 3}}"
fly_yolo_sppf_full_attention256_w8s4_seed42,w8s4,7,25,0.833333,4.0,424,348,lunge;wing_threat;charge;hold;tussle,0.4100674029344774,0.47983084577114427,0.36441316347571395,"{""charge"": {""f1"": 0.0, ""fn"": 1, ""fp"": 21, ""precision"": 0.0, ""recall"": 0.0, ""tp"": 0}, ""hold"": {""f1"": 0.5217391304347826, ""fn"": 3, ""fp"": 8, ""precision"": 0.42857142857142855, ""recall"": 0.6666666666666666, ""tp"": 6}, ""lunge"": {""f1"": 0.5427509293680297, ""fn"": 189, ""fp"": 57, ""precision"": 0.7192118226600985, ""recall"": 0.43582089552238806, ""tp"": 146}, ""tussle"": {""f1"": 0.6666666666666665, ""fn"": 34, ""fp"": 7, ""precision"": 0.8541666666666666, ""recall"": 0.5466666666666666, ""tp"": 41}, ""wing_threat"": {""f1"": 0.0909090909090909, ""fn"": 1, ""fp"": 59, ""precision"": 0.04838709677419355, ""recall"": 0.75, ""tp"": 3}}"
fly_yolo_sppf_full_attention256_w8s4_seed42,w8s4,7,26,0.866667,4.0,424,348,lunge;wing_threat;charge;hold;tussle,0.41400828963398484,0.48221890547263674,0.3673871411708812,"{""charge"": {""f1"": 0.0, ""fn"": 1, ""fp"": 21, ""precision"": 0.0, ""recall"": 0.0, ""tp"": 0}, ""hold"": {""f1"": 0.5217391304347826, ""fn"": 3, ""fp"": 8, ""precision"": 0.42857142857142855, ""recall"": 0.6666666666666666, ""tp"": 6}, ""lunge"": {""f1"": 0.5576208178438662, ""fn"": 185, ""fp"": 53, ""precision"": 0.7389162561576355, ""recall"": 0.44776119402985076, ""tp"": 150}, ""tussle"": {""f1"": 0.6666666666666665, ""fn"": 34, ""fp"": 7, ""precision"": 0.8541666666666666, ""recall"": 0.5466666666666666, ""tp"": 41}, ""wing_threat"": {""f1"": 0.0909090909090909, ""fn"": 1, ""fp"": 59, ""precision"": 0.04838709677419355, ""recall"": 0.75, ""tp"": 3}}"
fly_yolo_sppf_full_attention256_w8s4_seed42,w8s4,7,27,0.9,4.0,424,348,lunge;wing_threat;charge;hold;tussle,0.4191601779755283,0.4854825870646766,0.37138266811499826,"{""charge"": {""f1"": 0.0, ""fn"": 1, ""fp"": 21, ""precision"": 0.0, ""recall"": 0.0, ""tp"": 0}, ""hold"": {""f1"": 0.5217391304347826, ""fn"": 3, ""fp"": 8, ""precision"": 0.42857142857142855, ""recall"": 0.6666666666666666, ""tp"": 6}, ""lunge"": {""f1"": 0.5613382899628252, ""fn"": 184, ""fp"": 52, ""precision"": 0.7438423645320197, ""recall"": 0.4507462686567164, ""tp"": 151}, ""tussle"": {""f1"": 0.6829268292682927, ""fn"": 33, ""fp"": 6, ""precision"": 0.875, ""recall"": 0.56, ""tp"": 42}, ""wing_threat"": {""f1"": 0.0909090909090909, ""fn"": 1, ""fp"": 59, ""precision"": 0.04838709677419355, ""recall"": 0.75, ""tp"": 3}}"
fly_yolo_sppf_full_attention256_w8s4_seed42,w8s4,7,28,0.933333,4.0,424,348,lunge;wing_threat;charge;hold;tussle,0.421130621325282,0.48667661691542285,0.37286965696258195,"{""charge"": {""f1"": 0.0, ""fn"": 1, ""fp"": 21, ""precision"": 0.0, ""recall"": 0.0, ""tp"": 0}, ""hold"": {""f1"": 0.5217391304347826, ""fn"": 3, ""fp"": 8, ""precision"": 0.42857142857142855, ""recall"": 0.6666666666666666, ""tp"": 6}, ""lunge"": {""f1"": 0.5687732342007434, ""fn"": 182, ""fp"": 50, ""precision"": 0.7536945812807881, ""recall"": 0.45671641791044776, ""tp"": 153}, ""tussle"": {""f1"": 0.6829268292682927, ""fn"": 33, ""fp"": 6, ""precision"": 0.875, ""recall"": 0.56, ""tp"": 42}, ""wing_threat"": {""f1"": 0.0909090909090909, ""fn"": 1, ""fp"": 59, ""precision"": 0.04838709677419355, ""recall"": 0.75, ""tp"": 3}}"
fly_yolo_sppf_full_attention256_w8s4_seed42,w8s4,7,29,0.966667,4.0,424,348,lunge;wing_threat;charge;hold;tussle,0.421130621325282,0.48667661691542285,0.37286965696258195,"{""charge"": {""f1"": 0.0, ""fn"": 1, ""fp"": 21, ""precision"": 0.0, ""recall"": 0.0, ""tp"": 0}, ""hold"": {""f1"": 0.5217391304347826, ""fn"": 3, ""fp"": 8, ""precision"": 0.42857142857142855, ""recall"": 0.6666666666666666, ""tp"": 6}, ""lunge"": {""f1"": 0.5687732342007434, ""fn"": 182, ""fp"": 50, ""precision"": 0.7536945812807881, ""recall"": 0.45671641791044776, ""tp"": 153}, ""tussle"": {""f1"": 0.6829268292682927, ""fn"": 33, ""fp"": 6, ""precision"": 0.875, ""recall"": 0.56, ""tp"": 42}, ""wing_threat"": {""f1"": 0.0909090909090909, ""fn"": 1, ""fp"": 59, ""precision"": 0.04838709677419355, ""recall"": 0.75, ""tp"": 3}}"
fly_yolo_sppf_full_attention256_w8s4_seed42,w8s4,7,30,1.0,4.0,424,348,lunge;wing_threat;charge;hold;tussle,0.42628250966682557,0.4899402985074627,0.37686518390669893,"{""charge"": {""f1"": 0.0, ""fn"": 1, ""fp"": 21, ""precision"": 0.0, ""recall"": 0.0, ""tp"": 0}, ""hold"": {""f1"": 0.5217391304347826, ""fn"": 3, ""fp"": 8, ""precision"": 0.42857142857142855, ""recall"": 0.6666666666666666, ""tp"": 6}, ""lunge"": {""f1"": 0.5724907063197026, ""fn"": 181, ""fp"": 49, ""precision"": 0.7586206896551724, ""recall"": 0.4597014925373134, ""tp"": 154}, ""tussle"": {""f1"": 0.6991869918699187, ""fn"": 32, ""fp"": 5, ""precision"": 0.8958333333333334, ""recall"": 0.5733333333333334, ""tp"": 43}, ""wing_threat"": {""f1"": 0.0909090909090909, ""fn"": 1, ""fp"": 59, ""precision"": 0.04838709677419355, ""recall"": 0.75, ""tp"": 3}}"
fly_yolo_sppf_full_attention256_w8s4_seed42,w8s4,8,0,0.0,4.0,626,476,lunge;wing_threat;charge;hold;tussle,0.0028414172686618507,0.0024386120620430245,0.0026157778966767733,"{""charge"": {""f1"": 0.0, ""fn"": 37, ""fp"": 44, ""precision"": 0.0, ""recall"": 0.0, ""tp"": 0}, ""hold"": {""f1"": 0.0, ""fn"": 9, ""fp"": 17, ""precision"": 0.0, ""recall"": 0.0, ""tp"": 0}, ""lunge"": {""f1"": 0.002496878901373284, ""fn"": 477, ""fp"": 322, ""precision"": 0.0030959752321981426, ""recall"": 0.0020920502092050207, ""tp"": 1}, ""tussle"": {""f1"": 0.0, ""fn"": 3, ""fp"": 2, ""precision"": 0.0, ""recall"": 0.0, ""tp"": 0}, ""wing_threat"": {""f1"": 0.010582010582010583, ""fn"": 98, ""fp"": 89, ""precision"": 0.011111111111111112, ""recall"": 0.010101010101010102, ""tp"": 1}}"
fly_yolo_sppf_full_attention256_w8s4_seed42,w8s4,8,1,0.033333,4.0,626,476,lunge;wing_threat;charge;hold;tussle,0.04296775807611721,0.05212351948753622,0.04568800598763145,"{""charge"": {""f1"": 0.04938271604938272, ""fn"": 35, ""fp"": 42, ""precision"": 0.045454545454545456, ""recall"": 0.05405405405405406, ""tp"": 2}, ""hold"": {""f1"": 0.07692307692307691, ""fn"": 8, ""fp"": 16, ""precision"": 0.058823529411764705, ""recall"": 0.1111111111111111, ""tp"": 1}, ""lunge"": {""f1"": 0.017478152309612985, ""fn"": 471, ""fp"": 316, ""precision"": 0.021671826625386997, ""recall"": 0.014644351464435146, ""tp"": 7}, ""tussle"": {""f1"": 0.0, ""fn"": 3, ""fp"": 2, ""precision"": 0.0, ""recall"": 0.0, ""tp"": 0}, ""wing_threat"": {""f1"": 0.08465608465608467, ""fn"": 91, ""fp"": 82, ""precision"": 0.08888888888888889, ""recall"": 0.08080808080808081, ""tp"": 8}}"
fly_yolo_sppf_full_attention256_w8s4_seed42,w8s4,8,2,0.066667,4.0,626,476,lunge;wing_threat;charge;hold;tussle,0.08698595865778529,0.09509262019722271,0.08889590088091961,"{""charge"": {""f1"": 0.12345679012345678, ""fn"": 32, ""fp"": 39, ""precision"": 0.11363636363636363, ""recall"": 0.13513513513513514, ""tp"": 5}, ""hold"": {""f1"": 0.07692307692307691, ""fn"": 8, ""fp"": 16, ""precision"": 0.058823529411764705, ""recall"": 0.1111111111111111, ""tp"": 1}, ""lunge"": {""f1"": 0.03245942571785268, ""fn"": 465, ""fp"": 310, ""precision"": 0.04024767801857585, ""recall"": 0.027196652719665274, ""tp"": 13}, ""tussle"": {""f1"": 0.0, ""fn"": 3, ""fp"": 2, ""precision"": 0.0, ""recall"": 0.0, ""tp"": 0}, ""wing_threat"": {""f1"": 0.21164021164021166, ""fn"": 79, ""fp"": 70, ""precision"": 0.2222222222222222, ""recall"": 0.20202020202020202, ""tp"": 20}}"
fly_yolo_sppf_full_attention256_w8s4_seed42,w8s4,8,3,0.1,4.0,626,476,lunge;wing_threat;charge;hold;tussle,0.1457022234731213,0.16434102417366014,0.15077795002888633,"{""charge"": {""f1"": 0.24691358024691357, ""fn"": 27, ""fp"": 34, ""precision"": 0.22727272727272727, ""recall"": 0.2702702702702703, ""tp"": 10}, ""hold"": {""f1"": 0.15384615384615383, ""fn"": 7, ""fp"": 15, ""precision"": 0.11764705882352941, ""recall"": 0.2222222222222222, ""tp"": 2}, ""lunge"": {""f1"": 0.06741573033707865, ""fn"": 451, ""fp"": 296, ""precision"": 0.08359133126934984, ""recall"": 0.056485355648535567, ""tp"": 27}, ""tussle"": {""f1"": 0.0, ""fn"": 3, ""fp"": 2, ""precision"": 0.0, ""recall"": 0.0, ""tp"": 0}, ""wing_threat"": {""f1"": 0.28571428571428564, ""fn"": 72, ""fp"": 63, ""precision"": 0.3, ""recall"": 0.2727272727272727, ""tp"": 27}}"
fly_yolo_sppf_full_attention256_w8s4_seed42,w8s4,8,4,0.133333,4.0,626,476,lunge;wing_threat;charge;hold;tussle,0.2165134315289114,0.2448738201876277,0.2243596603147165,"{""charge"": {""f1"": 0.37037037037037035, ""fn"": 22, ""fp"": 29, ""precision"": 0.3409090909090909, ""recall"": 0.40540540540540543, ""tp"": 15}, ""hold"": {""f1"": 0.23076923076923078, ""fn"": 6, ""fp"": 14, ""precision"": 0.17647058823529413, ""recall"": 0.3333333333333333, ""tp"": 3}, ""lunge"": {""f1"": 0.09737827715355805, ""fn"": 439, ""fp"": 284, ""precision"": 0.12074303405572756, ""recall"": 0.08158995815899582, ""tp"": 39}, ""tussle"": {""f1"": 0.0, ""fn"": 3, ""fp"": 2, ""precision"": 0.0, ""recall"": 0.0, ""tp"": 0}, ""wing_threat"": {""f1"": 0.4232804232804233, ""fn"": 59, ""fp"": 50, ""precision"": 0.4444444444444444, ""recall"": 0.40404040404040403, ""tp"": 40}}"
fly_yolo_sppf_full_attention256_w8s4_seed42,w8s4,8,5,0.166667,4.0,626,476,lunge;wing_threat;charge;hold;tussle,0.37143384307470995,0.38160503599834145,0.363014668782459,"{""charge"": {""f1"": 0.39506172839506176, ""fn"": 21, ""fp"": 28, ""precision"": 0.36363636363636365, ""recall"": 0.43243243243243246, ""tp"": 16}, ""hold"": {""f1"": 0.3846153846153846, ""fn"": 4, ""fp"": 12, ""precision"": 0.29411764705882354, ""recall"": 0.5555555555555556, ""tp"": 5}, ""lunge"": {""f1"": 0.16978776529338324, ""fn"": 410, ""fp"": 255, ""precision"": 0.21052631578947367, ""recall"": 0.14225941422594143, ""tp"": 68}, ""tussle"": {""f1"": 0.4, ""fn"": 2, ""fp"": 1, ""precision"": 0.5, ""recall"": 0.3333333333333333, ""tp"": 1}, ""wing_threat"": {""f1"": 0.4656084656084655, ""fn"": 55, ""fp"": 46, ""precision"": 0.4888888888888889, ""recall"": 0.4444444444444444, ""tp"": 44}}"
fly_yolo_sppf_full_attention256_w8s4_seed42,w8s4,8,6,0.2,4.0,626,476,lunge;wing_threat;charge;hold;tussle,0.5030794008193389,0.48781767693901584,0.47667802304506424,"{""charge"": {""f1"": 0.41975308641975306, ""fn"": 20, ""fp"": 27, ""precision"": 0.38636363636363635, ""recall"": 0.4594594594594595, ""tp"": 17}, ""hold"": {""f1"": 0.46153846153846156, ""fn"": 3, ""fp"": 11, ""precision"": 0.35294117647058826, ""recall"": 0.6666666666666666, ""tp"": 6}, ""lunge"": {""f1"": 0.20474406991260924, ""fn"": 396, ""fp"": 241, ""precision"": 0.25386996904024767, ""recall"": 0.17154811715481172, ""tp"": 82}, ""tussle"": {""f1"": 0.8, ""fn"": 1, ""fp"": 0, ""precision"": 1.0, ""recall"": 0.6666666666666666, ""tp"": 2}, ""wing_threat"": {""f1"": 0.4973544973544973, ""fn"": 52, ""fp"": 43, ""precision"": 0.5222222222222223, ""recall"": 0.47474747474747475, ""tp"": 47}}"
fly_yolo_sppf_full_attention256_w8s4_seed42,w8s4,8,7,0.233333,4.0,626,476,lunge;wing_threat;charge;hold;tussle,0.540763361165838,0.5332593148492729,0.5161595014778536,"{""charge"": {""f1"": 0.46913580246913583, ""fn"": 18, ""fp"": 25, ""precision"": 0.4318181818181818, ""recall"": 0.5135135135135135, ""tp"": 19}, ""hold"": {""f1"": 0.5384615384615384, ""fn"": 2, ""fp"": 10, ""precision"": 0.4117647058823529, ""recall"": 0.7777777777777778, ""tp"": 7}, ""lunge"": {""f1"": 0.2546816479400749, ""fn"": 376, ""fp"": 221, ""precision"": 0.3157894736842105, ""recall"": 0.21338912133891214, ""tp"": 102}, ""tussle"": {""f1"": 0.8, ""fn"": 1, ""fp"": 0, ""precision"": 1.0, ""recall"": 0.6666666666666666, ""tp"": 2}, ""wing_threat"": {""f1"": 0.5185185185185185, ""fn"": 50, ""fp"": 41, ""precision"": 0.5444444444444444, ""recall"": 0.494949494949495, ""tp"": 49}}"
fly_yolo_sppf_full_attention256_w8s4_seed42,w8s4,8,8,0.266667,4.0,626,476,lunge;wing_threat;charge;hold;tussle,0.5444785314444757,0.535769775100319,0.5191557561595015,"{""charge"": {""f1"": 0.46913580246913583, ""fn"": 18, ""fp"": 25, ""precision"": 0.4318181818181818, ""recall"": 0.5135135135135135, ""tp"": 19}, ""hold"": {""f1"": 0.5384615384615384, ""fn"": 2, ""fp"": 10, ""precision"": 0.4117647058823529, ""recall"": 0.7777777777777778, ""tp"": 7}, ""lunge"": {""f1"": 0.2696629213483146, ""fn"": 370, ""fp"": 215, ""precision"": 0.33436532507739936, ""recall"": 0.22594142259414227, ""tp"": 108}, ""tussle"": {""f1"": 0.8, ""fn"": 1, ""fp"": 0, ""precision"": 1.0, ""recall"": 0.6666666666666666, ""tp"": 2}, ""wing_threat"": {""f1"": 0.5185185185185185, ""fn"": 50, ""fp"": 41, ""precision"": 0.5444444444444444, ""recall"": 0.494949494949495, ""tp"": 49}}"
fly_yolo_sppf_full_attention256_w8s4_seed42,w8s4,8,9,0.3,4.0,626,476,lunge;wing_threat;charge;hold;tussle,0.5549613784907903,0.5457058427769724,0.5292066845624899,"{""charge"": {""f1"": 0.49382716049382713, ""fn"": 17, ""fp"": 24, ""precision"": 0.45454545454545453, ""recall"": 0.5405405405405406, ""tp"": 20}, ""hold"": {""f1"": 0.5384615384615384, ""fn"": 2, ""fp"": 10, ""precision"": 0.4117647058823529, ""recall"": 0.7777777777777778, ""tp"": 7}, ""lunge"": {""f1"": 0.28464419475655434, ""fn"": 364, ""fp"": 209, ""precision"": 0.35294117647058826, ""recall"": 0.2384937238493724, ""tp"": 114}, ""tussle"": {""f1"": 0.8, ""fn"": 1, ""fp"": 0, ""precision"": 1.0, ""recall"": 0.6666666666666666, ""tp"": 2}, ""wing_threat"": {""f1"": 0.5291005291005292, ""fn"": 49, ""fp"": 40, ""precision"": 0.5555555555555556, ""recall"": 0.5050505050505051, ""tp"": 50}}"
fly_yolo_sppf_full_attention256_w8s4_seed42,w8s4,8,10,0.333333,4.0,626,476,lunge;wing_threat;charge;hold;tussle,0.5623917190480658,0.5507267632790646,0.5351991939257857,"{""charge"": {""f1"": 0.49382716049382713, ""fn"": 17, ""fp"": 24, ""precision"": 0.45454545454545453, ""recall"": 0.5405405405405406, ""tp"": 20}, ""hold"": {""f1"": 0.5384615384615384, ""fn"": 2, ""fp"": 10, ""precision"": 0.4117647058823529, ""recall"": 0.7777777777777778, ""tp"": 7}, ""lunge"": {""f1"": 0.31460674157303375, ""fn"": 352, ""fp"": 197, ""precision"": 0.39009287925696595, ""recall"": 0.26359832635983266, ""tp"": 126}, ""tussle"": {""f1"": 0.8, ""fn"": 1, ""fp"": 0, ""precision"": 1.0, ""recall"": 0.6666666666666666, ""tp"": 2}, ""wing_threat"": {""f1"": 0.5291005291005292, ""fn"": 49, ""fp"": 40, ""precision"": 0.5555555555555556, ""recall"": 0.5050505050505051, ""tp"": 50}}"
fly_yolo_sppf_full_attention256_w8s4_seed42,w8s4,8,11,0.366667,4.0,626,476,lunge;wing_threat;charge;hold;tussle,0.5736473090033462,0.5593696777797196,0.5449251317416112,"{""charge"": {""f1"": 0.49382716049382713, ""fn"": 17, ""fp"": 24, ""precision"": 0.45454545454545453, ""recall"": 0.5405405405405406, ""tp"": 20}, ""hold"": {""f1"": 0.5384615384615384, ""fn"": 2, ""fp"": 10, ""precision"": 0.4117647058823529, ""recall"": 0.7777777777777778, ""tp"": 7}, ""lunge"": {""f1"": 0.34207240948813983, ""fn"": 341, ""fp"": 186, ""precision"": 0.4241486068111455, ""recall"": 0.28661087866108786, ""tp"": 137}, ""tussle"": {""f1"": 0.8, ""fn"": 1, ""fp"": 0, ""precision"": 1.0, ""recall"": 0.6666666666666666, ""tp"": 2}, ""wing_threat"": {""f1"": 0.5502645502645503, ""fn"": 47, ""fp"": 38, ""precision"": 0.5777777777777777, ""recall"": 0.5252525252525253, ""tp"": 52}}"
fly_yolo_sppf_full_attention256_w8s4_seed42,w8s4,8,12,0.4,4.0,626,476,lunge;wing_threat;charge;hold;tussle,0.600295837633299,0.5841190372571126,0.5702585443409414,"{""charge"": {""f1"": 0.5432098765432098, ""fn"": 15, ""fp"": 22, ""precision"": 0.5, ""recall"": 0.5945945945945946, ""tp"": 22}, ""hold"": {""f1"": 0.5384615384615384, ""fn"": 2, ""fp"": 10, ""precision"": 0.4117647058823529, ""recall"": 0.7777777777777778, ""tp"": 7}, ""lunge"": {""f1"": 0.3770287141073658, ""fn"": 327, ""fp"": 172, ""precision"": 0.4674922600619195, ""recall"": 0.3158995815899582, ""tp"": 151}, ""tussle"": {""f1"": 0.8, ""fn"": 1, ""fp"": 0, ""precision"": 1.0, ""recall"": 0.6666666666666666, ""tp"": 2}, ""wing_threat"": {""f1"": 0.5925925925925926, ""fn"": 43, ""fp"": 34, ""precision"": 0.6222222222222222, ""recall"": 0.5656565656565656, ""tp"": 56}}"
fly_yolo_sppf_full_attention256_w8s4_seed42,w8s4,8,13,0.433333,4.0,626,476,lunge;wing_threat;charge;hold;tussle,0.6046302029583763,0.5870479075499995,0.5737541748028641,"{""charge"": {""f1"": 0.5432098765432098, ""fn"": 15, ""fp"": 22, ""precision"": 0.5, ""recall"": 0.5945945945945946, ""tp"": 22}, ""hold"": {""f1"": 0.5384615384615384, ""fn"": 2, ""fp"": 10, ""precision"": 0.4117647058823529, ""recall"": 0.7777777777777778, ""tp"": 7}, ""lunge"": {""f1"": 0.3945068664169788, ""fn"": 320, ""fp"": 165, ""precision"": 0.4891640866873065, ""recall"": 0.3305439330543933, ""tp"": 158}, ""tussle"": {""f1"": 0.8, ""fn"": 1, ""fp"": 0, ""precision"": 1.0, ""recall"": 0.6666666666666666, ""tp"": 2}, ""wing_threat"": {""f1"": 0.5925925925925926, ""fn"": 43, ""fp"": 34, ""precision"": 0.6222222222222222, ""recall"": 0.5656565656565656, ""tp"": 56}}"
fly_yolo_sppf_full_attention256_w8s4_seed42,w8s4,8,14,0.466667,4.0,626,476,lunge;wing_threat;charge;hold;tussle,0.6111867905056759,0.5919969798630886,0.5793662073811887,"{""charge"": {""f1"": 0.5432098765432098, ""fn"": 15, ""fp"": 22, ""precision"": 0.5, ""recall"": 0.5945945945945946, ""tp"": 22}, ""hold"": {""f1"": 0.5384615384615384, ""fn"": 2, ""fp"": 10, ""precision"": 0.4117647058823529, ""recall"": 0.7777777777777778, ""tp"": 7}, ""lunge"": {""f1"": 0.41198501872659177, ""fn"": 313, ""fp"": 158, ""precision"": 0.5108359133126935, ""recall"": 0.34518828451882844, ""tp"": 165}, ""tussle"": {""f1"": 0.8, ""fn"": 1, ""fp"": 0, ""precision"": 1.0, ""recall"": 0.6666666666666666, ""tp"": 2}, ""wing_threat"": {""f1"": 0.6031746031746033, ""fn"": 42, ""fp"": 33, ""precision"": 0.6333333333333333, ""recall"": 0.5757575757575758, ""tp"": 57}}"
fly_yolo_sppf_full_attention256_w8s4_seed42,w8s4,8,15,0.5,4.0,626,476,lunge;wing_threat;charge;hold;tussle,0.6192363261093912,0.5974363104070217,0.5858580925247592,"{""charge"": {""f1"": 0.5432098765432098, ""fn"": 15, ""fp"": 22, ""precision"": 0.5, ""recall"": 0.5945945945945946, ""tp"": 22}, ""hold"": {""f1"": 0.5384615384615384, ""fn"": 2, ""fp"": 10, ""precision"": 0.4117647058823529, ""recall"": 0.7777777777777778, ""tp"": 7}, ""lunge"": {""f1"": 0.4444444444444444, ""fn"": 300, ""fp"": 145, ""precision"": 0.5510835913312694, ""recall"": 0.3723849372384937, ""tp"": 178}, ""tussle"": {""f1"": 0.8, ""fn"": 1, ""fp"": 0, ""precision"": 1.0, ""recall"": 0.6666666666666666, ""tp"": 2}, ""wing_threat"": {""f1"": 0.6031746031746033, ""fn"": 42, ""fp"": 33, ""precision"": 0.6333333333333333, ""recall"": 0.5757575757575758, ""tp"": 57}}"
fly_yolo_sppf_full_attention256_w8s4_seed42,w8s4,8,16,0.533333,4.0,626,476,lunge;wing_threat;charge;hold;tussle,0.6229514963880288,0.5999467706580677,0.5888543472064072,"{""charge"": {""f1"": 0.5432098765432098, ""fn"": 15, ""fp"": 22, ""precision"": 0.5, ""recall"": 0.5945945945945946, ""tp"": 22}, ""hold"": {""f1"": 0.5384615384615384, ""fn"": 2, ""fp"": 10, ""precision"": 0.4117647058823529, ""recall"": 0.7777777777777778, ""tp"": 7}, ""lunge"": {""f1"": 0.45942571785268416, ""fn"": 294, ""fp"": 139, ""precision"": 0.5696594427244582, ""recall"": 0.38493723849372385, ""tp"": 184}, ""tussle"": {""f1"": 0.8, ""fn"": 1, ""fp"": 0, ""precision"": 1.0, ""recall"": 0.6666666666666666, ""tp"": 2}, ""wing_threat"": {""f1"": 0.6031746031746033, ""fn"": 42, ""fp"": 33, ""precision"": 0.6333333333333333, ""recall"": 0.5757575757575758, ""tp"": 57}}"
fly_yolo_sppf_full_attention256_w8s4_seed42,w8s4,8,17,0.566667,4.0,626,476,lunge;wing_threat;charge;hold;tussle,0.6301272789817681,0.6053142530129978,0.5949657555650065,"{""charge"": {""f1"": 0.5432098765432098, ""fn"": 15, ""fp"": 22, ""precision"": 0.5, ""recall"": 0.5945945945945946, ""tp"": 22}, ""hold"": {""f1"": 0.5384615384615384, ""fn"": 2, ""fp"": 10, ""precision"": 0.4117647058823529, ""recall"": 0.7777777777777778, ""tp"": 7}, ""lunge"": {""f1"": 0.4794007490636704, ""fn"": 286, ""fp"": 131, ""precision"": 0.5944272445820433, ""recall"": 0.401673640167364, ""tp"": 192}, ""tussle"": {""f1"": 0.8, ""fn"": 1, ""fp"": 0, ""precision"": 1.0, ""recall"": 0.6666666666666666, ""tp"": 2}, ""wing_threat"": {""f1"": 0.6137566137566137, ""fn"": 41, ""fp"": 32, ""precision"": 0.6444444444444445, ""recall"": 0.5858585858585859, ""tp"": 58}}"
fly_yolo_sppf_full_attention256_w8s4_seed42,w8s4,8,18,0.6,4.0,626,476,lunge;wing_threat;charge;hold;tussle,0.6366838665290677,0.6102633253260868,0.6005777881433312,"{""charge"": {""f1"": 0.5432098765432098, ""fn"": 15, ""fp"": 22, ""precision"": 0.5, ""recall"": 0.5945945945945946, ""tp"": 22}, ""hold"": {""f1"": 0.5384615384615384, ""fn"": 2, ""fp"": 10, ""precision"": 0.4117647058823529, ""recall"": 0.7777777777777778, ""tp"": 7}, ""lunge"": {""f1"": 0.49687890137328344, ""fn"": 279, ""fp"": 124, ""precision"": 0.6160990712074303, ""recall"": 0.41631799163179917, ""tp"": 199}, ""tussle"": {""f1"": 0.8, ""fn"": 1, ""fp"": 0, ""precision"": 1.0, ""recall"": 0.6666666666666666, ""tp"": 2}, ""wing_threat"": {""f1"": 0.6243386243386243, ""fn"": 40, ""fp"": 31, ""precision"": 0.6555555555555556, ""recall"": 0.5959595959595959, ""tp"": 59}}"
fly_yolo_sppf_full_attention256_w8s4_seed42,w8s4,8,19,0.633333,4.0,626,476,lunge;wing_threat;charge;hold;tussle,0.6391606467148263,0.6119369654934508,0.6025752912644299,"{""charge"": {""f1"": 0.5432098765432098, ""fn"": 15, ""fp"": 22, ""precision"": 0.5, ""recall"": 0.5945945945945946, ""tp"": 22}, ""hold"": {""f1"": 0.5384615384615384, ""fn"": 2, ""fp"": 10, ""precision"": 0.4117647058823529, ""recall"": 0.7777777777777778, ""tp"": 7}, ""lunge"": {""f1"": 0.5068664169787765, ""fn"": 275, ""fp"": 120, ""precision"": 0.628482972136223, ""recall"": 0.4246861924686193, ""tp"": 203}, ""tussle"": {""f1"": 0.8, ""fn"": 1, ""fp"": 0, ""precision"": 1.0, ""recall"": 0.6666666666666666, ""tp"": 2}, ""wing_threat"": {""f1"": 0.6243386243386243, ""fn"": 40, ""fp"": 31, ""precision"": 0.6555555555555556, ""recall"": 0.5959595959595959, ""tp"": 59}}"
fly_yolo_sppf_full_attention256_w8s4_seed42,w8s4,8,20,0.666667,4.0,626,476,lunge;wing_threat;charge;hold;tussle,0.6469556243550051,0.6177228578902219,0.6091860754033039,"{""charge"": {""f1"": 0.5432098765432098, ""fn"": 15, ""fp"": 22, ""precision"": 0.5, ""recall"": 0.5945945945945946, ""tp"": 22}, ""hold"": {""f1"": 0.5384615384615384, ""fn"": 2, ""fp"": 10, ""precision"": 0.4117647058823529, ""recall"": 0.7777777777777778, ""tp"": 7}, ""lunge"": {""f1"": 0.5293383270911362, ""fn"": 266, ""fp"": 111, ""precision"": 0.6563467492260062, ""recall"": 0.4435146443514644, ""tp"": 212}, ""tussle"": {""f1"": 0.8, ""fn"": 1, ""fp"": 0, ""precision"": 1.0, ""recall"": 0.6666666666666666, ""tp"": 2}, ""wing_threat"": {""f1"": 0.6349206349206349, ""fn"": 39, ""fp"": 30, ""precision"": 0.6666666666666666, ""recall"": 0.6060606060606061, ""tp"": 60}}"
fly_yolo_sppf_full_attention256_w8s4_seed42,w8s4,8,21,0.7,4.0,626,476,lunge;wing_threat;charge;hold;tussle,0.6512899896800826,0.6206517281831089,0.6126817058652264,"{""charge"": {""f1"": 0.5432098765432098, ""fn"": 15, ""fp"": 22, ""precision"": 0.5, ""recall"": 0.5945945945945946, ""tp"": 22}, ""hold"": {""f1"": 0.5384615384615384, ""fn"": 2, ""fp"": 10, ""precision"": 0.4117647058823529, ""recall"": 0.7777777777777778, ""tp"": 7}, ""lunge"": {""f1"": 0.5468164794007491, ""fn"": 259, ""fp"": 104, ""precision"": 0.6780185758513931, ""recall"": 0.4581589958158996, ""tp"": 219}, ""tussle"": {""f1"": 0.8, ""fn"": 1, ""fp"": 0, ""precision"": 1.0, ""recall"": 0.6666666666666666, ""tp"": 2}, ""wing_threat"": {""f1"": 0.6349206349206349, ""fn"": 39, ""fp"": 30, ""precision"": 0.6666666666666666, ""recall"": 0.6060606060606061, ""tp"": 60}}"
fly_yolo_sppf_full_attention256_w8s4_seed42,w8s4,8,22,0.733333,4.0,626,476,lunge;wing_threat;charge;hold;tussle,0.6550051599587203,0.6231621884341549,0.6156779605468744,"{""charge"": {""f1"": 0.5432098765432098, ""fn"": 15, ""fp"": 22, ""precision"": 0.5, ""recall"": 0.5945945945945946, ""tp"": 22}, ""hold"": {""f1"": 0.5384615384615384, ""fn"": 2, ""fp"": 10, ""precision"": 0.4117647058823529, ""recall"": 0.7777777777777778, ""tp"": 7}, ""lunge"": {""f1"": 0.5617977528089888, ""fn"": 253, ""fp"": 98, ""precision"": 0.6965944272445821, ""recall"": 0.4707112970711297, ""tp"": 225}, ""tussle"": {""f1"": 0.8, ""fn"": 1, ""fp"": 0, ""precision"": 1.0, ""recall"": 0.6666666666666666, ""tp"": 2}, ""wing_threat"": {""f1"": 0.6349206349206349, ""fn"": 39, ""fp"": 30, ""precision"": 0.6666666666666666, ""recall"": 0.6060606060606061, ""tp"": 60}}"
fly_yolo_sppf_full_attention256_w8s4_seed42,w8s4,8,23,0.766667,4.0,626,476,lunge;wing_threat;charge;hold;tussle,0.6581011351909185,0.6252542386433599,0.6181748394482478,"{""charge"": {""f1"": 0.5432098765432098, ""fn"": 15, ""fp"": 22, ""precision"": 0.5, ""recall"": 0.5945945945945946, ""tp"": 22}, ""hold"": {""f1"": 0.5384615384615384, ""fn"": 2, ""fp"": 10, ""precision"": 0.4117647058823529, ""recall"": 0.7777777777777778, ""tp"": 7}, ""lunge"": {""f1"": 0.5742821473158551, ""fn"": 248, ""fp"": 93, ""precision"": 0.7120743034055728, ""recall"": 0.4811715481171548, ""tp"": 230}, ""tussle"": {""f1"": 0.8, ""fn"": 1, ""fp"": 0, ""precision"": 1.0, ""recall"": 0.6666666666666666, ""tp"": 2}, ""wing_threat"": {""f1"": 0.6349206349206349, ""fn"": 39, ""fp"": 30, ""precision"": 0.6666666666666666, ""recall"": 0.6060606060606061, ""tp"": 60}}"
fly_yolo_sppf_full_attention256_w8s4_seed42,w8s4,8,24,0.8,4.0,626,476,lunge;wing_threat;charge;hold;tussle,0.6618163054695562,0.627764698894406,0.6211710941298957,"{""charge"": {""f1"": 0.5432098765432098, ""fn"": 15, ""fp"": 22, ""precision"": 0.5, ""recall"": 0.5945945945945946, ""tp"": 22}, ""hold"": {""f1"": 0.5384615384615384, ""fn"": 2, ""fp"": 10, ""precision"": 0.4117647058823529, ""recall"": 0.7777777777777778, ""tp"": 7}, ""lunge"": {""f1"": 0.5892634207240949, ""fn"": 242, ""fp"": 87, ""precision"": 0.7306501547987616, ""recall"": 0.49372384937238495, ""tp"": 236}, ""tussle"": {""f1"": 0.8, ""fn"": 1, ""fp"": 0, ""precision"": 1.0, ""recall"": 0.6666666666666666, ""tp"": 2}, ""wing_threat"": {""f1"": 0.6349206349206349, ""fn"": 39, ""fp"": 30, ""precision"": 0.6666666666666666, ""recall"": 0.6060606060606061, ""tp"": 60}}"
fly_yolo_sppf_full_attention256_w8s4_seed42,w8s4,8,25,0.833333,4.0,626,476,lunge;wing_threat;charge;hold;tussle,0.666515307877537,0.631458541081972,0.6252849993673963,"{""charge"": {""f1"": 0.5432098765432098, ""fn"": 15, ""fp"": 22, ""precision"": 0.5, ""recall"": 0.5945945945945946, ""tp"": 22}, ""hold"": {""f1"": 0.5384615384615384, ""fn"": 2, ""fp"": 10, ""precision"": 0.4117647058823529, ""recall"": 0.7777777777777778, ""tp"": 7}, ""lunge"": {""f1"": 0.5992509363295879, ""fn"": 238, ""fp"": 83, ""precision"": 0.7430340557275542, ""recall"": 0.502092050209205, ""tp"": 240}, ""tussle"": {""f1"": 0.8, ""fn"": 1, ""fp"": 0, ""precision"": 1.0, ""recall"": 0.6666666666666666, ""tp"": 2}, ""wing_threat"": {""f1"": 0.6455026455026455, ""fn"": 38, ""fp"": 29, ""precision"": 0.6777777777777778, ""recall"": 0.6161616161616161, ""tp"": 61}}"
fly_yolo_sppf_full_attention256_w8s4_seed42,w8s4,8,26,0.866667,4.0,626,476,lunge;wing_threat;charge;hold;tussle,0.6689920880632955,0.633132181249336,0.627282502488495,"{""charge"": {""f1"": 0.5432098765432098, ""fn"": 15, ""fp"": 22, ""precision"": 0.5, ""recall"": 0.5945945945945946, ""tp"": 22}, ""hold"": {""f1"": 0.5384615384615384, ""fn"": 2, ""fp"": 10, ""precision"": 0.4117647058823529, ""recall"": 0.7777777777777778, ""tp"": 7}, ""lunge"": {""f1"": 0.6092384519350811, ""fn"": 234, ""fp"": 79, ""precision"": 0.7554179566563467, ""recall"": 0.5104602510460251, ""tp"": 244}, ""tussle"": {""f1"": 0.8, ""fn"": 1, ""fp"": 0, ""precision"": 1.0, ""recall"": 0.6666666666666666, ""tp"": 2}, ""wing_threat"": {""f1"": 0.6455026455026455, ""fn"": 38, ""fp"": 29, ""precision"": 0.6777777777777778, ""recall"": 0.6161616161616161, ""tp"": 61}}"
fly_yolo_sppf_full_attention256_w8s4_seed42,w8s4,8,27,0.9,4.0,626,476,lunge;wing_threat;charge;hold;tussle,0.6708496732026143,0.6343874113748591,0.6287806298293189,"{""charge"": {""f1"": 0.5432098765432098, ""fn"": 15, ""fp"": 22, ""precision"": 0.5, ""recall"": 0.5945945945945946, ""tp"": 22}, ""hold"": {""f1"": 0.5384615384615384, ""fn"": 2, ""fp"": 10, ""precision"": 0.4117647058823529, ""recall"": 0.7777777777777778, ""tp"": 7}, ""lunge"": {""f1"": 0.6167290886392011, ""fn"": 231, ""fp"": 76, ""precision"": 0.7647058823529411, ""recall"": 0.5167364016736402, ""tp"": 247}, ""tussle"": {""f1"": 0.8, ""fn"": 1, ""fp"": 0, ""precision"": 1.0, ""recall"": 0.6666666666666666, ""tp"": 2}, ""wing_threat"": {""f1"": 0.6455026455026455, ""fn"": 38, ""fp"": 29, ""precision"": 0.6777777777777778, ""recall"": 0.6161616161616161, ""tp"": 61}}"
fly_yolo_sppf_full_attention256_w8s4_seed42,w8s4,8,28,0.933333,4.0,626,476,lunge;wing_threat;charge;hold;tussle,0.6761678706570347,0.6384996636042661,0.6333939108470943,"{""charge"": {""f1"": 0.5432098765432098, ""fn"": 15, ""fp"": 22, ""precision"": 0.5, ""recall"": 0.5945945945945946, ""tp"": 22}, ""hold"": {""f1"": 0.5384615384615384, ""fn"": 2, ""fp"": 10, ""precision"": 0.4117647058823529, ""recall"": 0.7777777777777778, ""tp"": 7}, ""lunge"": {""f1"": 0.6292134831460675, ""fn"": 226, ""fp"": 71, ""precision"": 0.7801857585139319, ""recall"": 0.5271966527196653, ""tp"": 252}, ""tussle"": {""f1"": 0.8, ""fn"": 1, ""fp"": 0, ""precision"": 1.0, ""recall"": 0.6666666666666666, ""tp"": 2}, ""wing_threat"": {""f1"": 0.6560846560846562, ""fn"": 37, ""fp"": 28, ""precision"": 0.6888888888888889, ""recall"": 0.6262626262626263, ""tp"": 62}}"
fly_yolo_sppf_full_attention256_w8s4_seed42,w8s4,8,29,0.966667,4.0,626,476,lunge;wing_threat;charge;hold;tussle,0.6780254557963536,0.6397548937297891,0.6348920381879184,"{""charge"": {""f1"": 0.5432098765432098, ""fn"": 15, ""fp"": 22, ""precision"": 0.5, ""recall"": 0.5945945945945946, ""tp"": 22}, ""hold"": {""f1"": 0.5384615384615384, ""fn"": 2, ""fp"": 10, ""precision"": 0.4117647058823529, ""recall"": 0.7777777777777778, ""tp"": 7}, ""lunge"": {""f1"": 0.6367041198501874, ""fn"": 223, ""fp"": 68, ""precision"": 0.7894736842105263, ""recall"": 0.5334728033472803, ""tp"": 255}, ""tussle"": {""f1"": 0.8, ""fn"": 1, ""fp"": 0, ""precision"": 1.0, ""recall"": 0.6666666666666666, ""tp"": 2}, ""wing_threat"": {""f1"": 0.6560846560846562, ""fn"": 37, ""fp"": 28, ""precision"": 0.6888888888888889, ""recall"": 0.6262626262626263, ""tp"": 62}}"
fly_yolo_sppf_full_attention256_w8s4_seed42,w8s4,8,30,1.0,4.0,626,476,lunge;wing_threat;charge;hold;tussle,0.6798830409356725,0.6410101238553121,0.6363901655287423,"{""charge"": {""f1"": 0.5432098765432098, ""fn"": 15, ""fp"": 22, ""precision"": 0.5, ""recall"": 0.5945945945945946, ""tp"": 22}, ""hold"": {""f1"": 0.5384615384615384, ""fn"": 2, ""fp"": 10, ""precision"": 0.4117647058823529, ""recall"": 0.7777777777777778, ""tp"": 7}, ""lunge"": {""f1"": 0.6441947565543071, ""fn"": 220, ""fp"": 65, ""precision"": 0.7987616099071208, ""recall"": 0.5397489539748954, ""tp"": 258}, ""tussle"": {""f1"": 0.8, ""fn"": 1, ""fp"": 0, ""precision"": 1.0, ""recall"": 0.6666666666666666, ""tp"": 2}, ""wing_threat"": {""f1"": 0.6560846560846562, ""fn"": 37, ""fp"": 28, ""precision"": 0.6888888888888889, ""recall"": 0.6262626262626263, ""tp"": 62}}"
fly_yolo_sppf_full_attention256_w8s4_seed42,w8s4,9,0,0.0,4.0,64,58,lunge;hold;tussle,0.006535947712418301,0.005847953216374269,0.006172839506172839,"{""charge"": {""f1"": 0.0, ""fn"": 0, ""fp"": 0, ""precision"": 0.0, ""recall"": 0.0, ""tp"": 0}, ""hold"": {""f1"": 0.0, ""fn"": 6, ""fp"": 7, ""precision"": 0.0, ""recall"": 0.0, ""tp"": 0}, ""lunge"": {""f1"": 0.018518518518518517, ""fn"": 56, ""fp"": 50, ""precision"": 0.0196078431372549, ""recall"": 0.017543859649122806, ""tp"": 1}, ""tussle"": {""f1"": 0.0, ""fn"": 1, ""fp"": 0, ""precision"": 0.0, ""recall"": 0.0, ""tp"": 0}, ""wing_threat"": {""f1"": 0.0, ""fn"": 0, ""fp"": 0, ""precision"": 0.0, ""recall"": 0.0, ""tp"": 0}}"
fly_yolo_sppf_full_attention256_w8s4_seed42,w8s4,9,1,0.033333,4.0,64,58,lunge;hold;tussle,0.006535947712418301,0.005847953216374269,0.006172839506172839,"{""charge"": {""f1"": 0.0, ""fn"": 0, ""fp"": 0, ""precision"": 0.0, ""recall"": 0.0, ""tp"": 0}, ""hold"": {""f1"": 0.0, ""fn"": 6, ""fp"": 7, ""precision"": 0.0, ""recall"": 0.0, ""tp"": 0}, ""lunge"": {""f1"": 0.018518518518518517, ""fn"": 56, ""fp"": 50, ""precision"": 0.0196078431372549, ""recall"": 0.017543859649122806, ""tp"": 1}, ""tussle"": {""f1"": 0.0, ""fn"": 1, ""fp"": 0, ""precision"": 0.0, ""recall"": 0.0, ""tp"": 0}, ""wing_threat"": {""f1"": 0.0, ""fn"": 0, ""fp"": 0, ""precision"": 0.0, ""recall"": 0.0, ""tp"": 0}}"
fly_yolo_sppf_full_attention256_w8s4_seed42,w8s4,9,2,0.066667,4.0,64,58,lunge;hold;tussle,0.06722689075630252,0.07309941520467836,0.0698005698005698,"{""charge"": {""f1"": 0.0, ""fn"": 0, ""fp"": 0, ""precision"": 0.0, ""recall"": 0.0, ""tp"": 0}, ""hold"": {""f1"": 0.15384615384615383, ""fn"": 5, ""fp"": 6, ""precision"": 0.14285714285714285, ""recall"": 0.16666666666666666, ""tp"": 1}, ""lunge"": {""f1"": 0.05555555555555555, ""fn"": 54, ""fp"": 48, ""precision"": 0.058823529411764705, ""recall"": 0.05263157894736842, ""tp"": 3}, ""tussle"": {""f1"": 0.0, ""fn"": 1, ""fp"": 0, ""precision"": 0.0, ""recall"": 0.0, ""tp"": 0}, ""wing_threat"": {""f1"": 0.0, ""fn"": 0, ""fp"": 0, ""precision"": 0.0, ""recall"": 0.0, ""tp"": 0}}"
fly_yolo_sppf_full_attention256_w8s4_seed42,w8s4,9,3,0.1,4.0,64,58,lunge;hold;tussle,0.12791783380018673,0.14035087719298245,0.13342830009496676,"{""charge"": {""f1"": 0.0, ""fn"": 0, ""fp"": 0, ""precision"": 0.0, ""recall"": 0.0, ""tp"": 0}, ""hold"": {""f1"": 0.30769230769230765, ""fn"": 4, ""fp"": 5, ""precision"": 0.2857142857142857, ""recall"": 0.3333333333333333, ""tp"": 2}, ""lunge"": {""f1"": 0.0925925925925926, ""fn"": 52, ""fp"": 46, ""precision"": 0.09803921568627451, ""recall"": 0.08771929824561403, ""tp"": 5}, ""tussle"": {""f1"": 0.0, ""fn"": 1, ""fp"": 0, ""precision"": 0.0, ""recall"": 0.0, ""tp"": 0}, ""wing_threat"": {""f1"": 0.0, ""fn"": 0, ""fp"": 0, ""precision"": 0.0, ""recall"": 0.0, ""tp"": 0}}"
fly_yolo_sppf_full_attention256_w8s4_seed42,w8s4,9,4,0.133333,4.0,64,58,lunge;hold;tussle,0.14098972922502334,0.15204678362573099,0.1457739791073124,"{""charge"": {""f1"": 0.0, ""fn"": 0, ""fp"": 0, ""precision"": 0.0, ""recall"": 0.0, ""tp"": 0}, ""hold"": {""f1"": 0.30769230769230765, ""fn"": 4, ""fp"": 5, ""precision"": 0.2857142857142857, ""recall"": 0.3333333333333333, ""tp"": 2}, ""lunge"": {""f1"": 0.12962962962962962, ""fn"": 50, ""fp"": 44, ""precision"": 0.13725490196078433, ""recall"": 0.12280701754385964, ""tp"": 7}, ""tussle"": {""f1"": 0.0, ""fn"": 1, ""fp"": 0, ""precision"": 0.0, ""recall"": 0.0, ""tp"": 0}, ""wing_threat"": {""f1"": 0.0, ""fn"": 0, ""fp"": 0, ""precision"": 0.0, ""recall"": 0.0, ""tp"": 0}}"
fly_yolo_sppf_full_attention256_w8s4_seed42,w8s4,9,5,0.166667,4.0,64,58,lunge;hold;tussle,0.27544351073762835,0.2982456140350877,0.285375118708452,"{""charge"": {""f1"": 0.0, ""fn"": 0, ""fp"": 0, ""precision"": 0.0, ""recall"": 0.0, ""tp"": 0}, ""hold"": {""f1"": 0.6153846153846153, ""fn"": 2, ""fp"": 3, ""precision"": 0.5714285714285714, ""recall"": 0.6666666666666666, ""tp"": 4}, ""lunge"": {""f1"": 0.24074074074074073, ""fn"": 44, ""fp"": 38, ""precision"": 0.2549019607843137, ""recall"": 0.22807017543859648, ""tp"": 13}, ""tussle"": {""f1"": 0.0, ""fn"": 1, ""fp"": 0, ""precision"": 0.0, ""recall"": 0.0, ""tp"": 0}, ""wing_threat"": {""f1"": 0.0, ""fn"": 0, ""fp"": 0, ""precision"": 0.0, ""recall"": 0.0, ""tp"": 0}}"
fly_yolo_sppf_full_attention256_w8s4_seed42,w8s4,9,6,0.2,4.0,64,58,lunge;hold;tussle,0.34267040149393085,0.37134502923976614,0.3551756885090218,"{""charge"": {""f1"": 0.0, ""fn"": 0, ""fp"": 0, ""precision"": 0.0, ""recall"": 0.0, ""tp"": 0}, ""hold"": {""f1"": 0.7692307692307692, ""fn"": 1, ""fp"": 2, ""precision"": 0.7142857142857143, ""recall"": 0.8333333333333334, ""tp"": 5}, ""lunge"": {""f1"": 0.2962962962962963, ""fn"": 41, ""fp"": 35, ""precision"": 0.3137254901960784, ""recall"": 0.2807017543859649, ""tp"": 16}, ""tussle"": {""f1"": 0.0, ""fn"": 1, ""fp"": 0, ""precision"": 0.0, ""recall"": 0.0, ""tp"": 0}, ""wing_threat"": {""f1"": 0.0, ""fn"": 0, ""fp"": 0, ""precision"": 0.0, ""recall"": 0.0, ""tp"": 0}}"
fly_yolo_sppf_full_attention256_w8s4_seed42,w8s4,9,7,0.233333,4.0,64,58,lunge;hold;tussle,0.36227824463118585,0.3888888888888889,0.37369420702754036,"{""charge"": {""f1"": 0.0, ""fn"": 0, ""fp"": 0, ""precision"": 0.0, ""recall"": 0.0, ""tp"": 0}, ""hold"": {""f1"": 0.7692307692307692, ""fn"": 1, ""fp"": 2, ""precision"": 0.7142857142857143, ""recall"": 0.8333333333333334, ""tp"": 5}, ""lunge"": {""f1"": 0.3518518518518519, ""fn"": 38, ""fp"": 32, ""precision"": 0.37254901960784315, ""recall"": 0.3333333333333333, ""tp"": 19}, ""tussle"": {""f1"": 0.0, ""fn"": 1, ""fp"": 0, ""precision"": 0.0, ""recall"": 0.0, ""tp"": 0}, ""wing_threat"": {""f1"": 0.0, ""fn"": 0, ""fp"": 0, ""precision"": 0.0, ""recall"": 0.0, ""tp"": 0}}"
fly_yolo_sppf_full_attention256_w8s4_seed42,w8s4,9,8,0.266667,4.0,64,58,lunge;hold;tussle,0.36227824463118585,0.3888888888888889,0.37369420702754036,"{""charge"": {""f1"": 0.0, ""fn"": 0, ""fp"": 0, ""precision"": 0.0, ""recall"": 0.0, ""tp"": 0}, ""hold"": {""f1"": 0.7692307692307692, ""fn"": 1, ""fp"": 2, ""precision"": 0.7142857142857143, ""recall"": 0.8333333333333334, ""tp"": 5}, ""lunge"": {""f1"": 0.3518518518518519, ""fn"": 38, ""fp"": 32, ""precision"": 0.37254901960784315, ""recall"": 0.3333333333333333, ""tp"": 19}, ""tussle"": {""f1"": 0.0, ""fn"": 1, ""fp"": 0, ""precision"": 0.0, ""recall"": 0.0, ""tp"": 0}, ""wing_threat"": {""f1"": 0.0, ""fn"": 0, ""fp"": 0, ""precision"": 0.0, ""recall"": 0.0, ""tp"": 0}}"
fly_yolo_sppf_full_attention256_w8s4_seed42,w8s4,9,9,0.3,4.0,64,58,lunge;hold;tussle,0.36227824463118585,0.3888888888888889,0.37369420702754036,"{""charge"": {""f1"": 0.0, ""fn"": 0, ""fp"": 0, ""precision"": 0.0, ""recall"": 0.0, ""tp"": 0}, ""hold"": {""f1"": 0.7692307692307692, ""fn"": 1, ""fp"": 2, ""precision"": 0.7142857142857143, ""recall"": 0.8333333333333334, ""tp"": 5}, ""lunge"": {""f1"": 0.3518518518518519, ""fn"": 38, ""fp"": 32, ""precision"": 0.37254901960784315, ""recall"": 0.3333333333333333, ""tp"": 19}, ""tussle"": {""f1"": 0.0, ""fn"": 1, ""fp"": 0, ""precision"": 0.0, ""recall"": 0.0, ""tp"": 0}, ""wing_threat"": {""f1"": 0.0, ""fn"": 0, ""fp"": 0, ""precision"": 0.0, ""recall"": 0.0, ""tp"": 0}}"
fly_yolo_sppf_full_attention256_w8s4_seed42,w8s4,9,10,0.333333,4.0,64,58,lunge;hold;tussle,0.36227824463118585,0.3888888888888889,0.37369420702754036,"{""charge"": {""f1"": 0.0, ""fn"": 0, ""fp"": 0, ""precision"": 0.0, ""recall"": 0.0, ""tp"": 0}, ""hold"": {""f1"": 0.7692307692307692, ""fn"": 1, ""fp"": 2, ""precision"": 0.7142857142857143, ""recall"": 0.8333333333333334, ""tp"": 5}, ""lunge"": {""f1"": 0.3518518518518519, ""fn"": 38, ""fp"": 32, ""precision"": 0.37254901960784315, ""recall"": 0.3333333333333333, ""tp"": 19}, ""tussle"": {""f1"": 0.0, ""fn"": 1, ""fp"": 0, ""precision"": 0.0, ""recall"": 0.0, ""tp"": 0}, ""wing_threat"": {""f1"": 0.0, ""fn"": 0, ""fp"": 0, ""precision"": 0.0, ""recall"": 0.0, ""tp"": 0}}"
fly_yolo_sppf_full_attention256_w8s4_seed42,w8s4,9,11,0.366667,4.0,64,58,lunge;hold;tussle,0.3753501400560224,0.40058479532163743,0.386039886039886,"{""charge"": {""f1"": 0.0, ""fn"": 0, ""fp"": 0, ""precision"": 0.0, ""recall"": 0.0, ""tp"": 0}, ""hold"": {""f1"": 0.7692307692307692, ""fn"": 1, ""fp"": 2, ""precision"": 0.7142857142857143, ""recall"": 0.8333333333333334, ""tp"": 5}, ""lunge"": {""f1"": 0.3888888888888889, ""fn"": 36, ""fp"": 30, ""precision"": 0.4117647058823529, ""recall"": 0.3684210526315789, ""tp"": 21}, ""tussle"": {""f1"": 0.0, ""fn"": 1, ""fp"": 0, ""precision"": 0.0, ""recall"": 0.0, ""tp"": 0}, ""wing_threat"": {""f1"": 0.0, ""fn"": 0, ""fp"": 0, ""precision"": 0.0, ""recall"": 0.0, ""tp"": 0}}"
fly_yolo_sppf_full_attention256_w8s4_seed42,w8s4,9,12,0.4,4.0,64,58,lunge;hold;tussle,0.3818860877684407,0.4064327485380117,0.39221272554605885,"{""charge"": {""f1"": 0.0, ""fn"": 0, ""fp"": 0, ""precision"": 0.0, ""recall"": 0.0, ""tp"": 0}, ""hold"": {""f1"": 0.7692307692307692, ""fn"": 1, ""fp"": 2, ""precision"": 0.7142857142857143, ""recall"": 0.8333333333333334, ""tp"": 5}, ""lunge"": {""f1"": 0.40740740740740744, ""fn"": 35, ""fp"": 29, ""precision"": 0.43137254901960786, ""recall"": 0.38596491228070173, ""tp"": 22}, ""tussle"": {""f1"": 0.0, ""fn"": 1, ""fp"": 0, ""precision"": 0.0, ""recall"": 0.0, ""tp"": 0}, ""wing_threat"": {""f1"": 0.0, ""fn"": 0, ""fp"": 0, ""precision"": 0.0, ""recall"": 0.0, ""tp"": 0}}"
fly_yolo_sppf_full_attention256_w8s4_seed42,w8s4,9,13,0.433333,4.0,64,58,lunge;hold;tussle,0.388422035480859,0.41228070175438597,0.3983855650522317,"{""charge"": {""f1"": 0.0, ""fn"": 0, ""fp"": 0, ""precision"": 0.0, ""recall"": 0.0, ""tp"": 0}, ""hold"": {""f1"": 0.7692307692307692, ""fn"": 1, ""fp"": 2, ""precision"": 0.7142857142857143, ""recall"": 0.8333333333333334, ""tp"": 5}, ""lunge"": {""f1"": 0.42592592592592593, ""fn"": 34, ""fp"": 28, ""precision"": 0.45098039215686275, ""recall"": 0.40350877192982454, ""tp"": 23}, ""tussle"": {""f1"": 0.0, ""fn"": 1, ""fp"": 0, ""precision"": 0.0, ""recall"": 0.0, ""tp"": 0}, ""wing_threat"": {""f1"": 0.0, ""fn"": 0, ""fp"": 0, ""precision"": 0.0, ""recall"": 0.0, ""tp"": 0}}"
fly_yolo_sppf_full_attention256_w8s4_seed42,w8s4,9,14,0.466667,4.0,64,58,lunge;hold;tussle,0.3949579831932773,0.4181286549707603,0.4045584045584045,"{""charge"": {""f1"": 0.0, ""fn"": 0, ""fp"": 0, ""precision"": 0.0, ""recall"": 0.0, ""tp"": 0}, ""hold"": {""f1"": 0.7692307692307692, ""fn"": 1, ""fp"": 2, ""precision"": 0.7142857142857143, ""recall"": 0.8333333333333334, ""tp"": 5}, ""lunge"": {""f1"": 0.4444444444444444, ""fn"": 33, ""fp"": 27, ""precision"": 0.47058823529411764, ""recall"": 0.42105263157894735, ""tp"": 24}, ""tussle"": {""f1"": 0.0, ""fn"": 1, ""fp"": 0, ""precision"": 0.0, ""recall"": 0.0, ""tp"": 0}, ""wing_threat"": {""f1"": 0.0, ""fn"": 0, ""fp"": 0, ""precision"": 0.0, ""recall"": 0.0, ""tp"": 0}}"
fly_yolo_sppf_full_attention256_w8s4_seed42,w8s4,9,15,0.5,4.0,64,58,lunge;hold;tussle,0.4014939309056956,0.4239766081871345,0.4107312440645774,"{""charge"": {""f1"": 0.0, ""fn"": 0, ""fp"": 0, ""precision"": 0.0, ""recall"": 0.0, ""tp"": 0}, ""hold"": {""f1"": 0.7692307692307692, ""fn"": 1, ""fp"": 2, ""precision"": 0.7142857142857143, ""recall"": 0.8333333333333334, ""tp"": 5}, ""lunge"": {""f1"": 0.46296296296296297, ""fn"": 32, ""fp"": 26, ""precision"": 0.49019607843137253, ""recall"": 0.43859649122807015, ""tp"": 25}, ""tussle"": {""f1"": 0.0, ""fn"": 1, ""fp"": 0, ""precision"": 0.0, ""recall"": 0.0, ""tp"": 0}, ""wing_threat"": {""f1"": 0.0, ""fn"": 0, ""fp"": 0, ""precision"": 0.0, ""recall"": 0.0, ""tp"": 0}}"
fly_yolo_sppf_full_attention256_w8s4_seed42,w8s4,9,16,0.533333,4.0,64,58,lunge;hold;tussle,0.41456582633053224,0.43567251461988304,0.4230769230769231,"{""charge"": {""f1"": 0.0, ""fn"": 0, ""fp"": 0, ""precision"": 0.0, ""recall"": 0.0, ""tp"": 0}, ""hold"": {""f1"": 0.7692307692307692, ""fn"": 1, ""fp"": 2, ""precision"": 0.7142857142857143, ""recall"": 0.8333333333333334, ""tp"": 5}, ""lunge"": {""f1"": 0.5, ""fn"": 30, ""fp"": 24, ""precision"": 0.5294117647058824, ""recall"": 0.47368421052631576, ""tp"": 27}, ""tussle"": {""f1"": 0.0, ""fn"": 1, ""fp"": 0, ""precision"": 0.0, ""recall"": 0.0, ""tp"": 0}, ""wing_threat"": {""f1"": 0.0, ""fn"": 0, ""fp"": 0, ""precision"": 0.0, ""recall"": 0.0, ""tp"": 0}}"
fly_yolo_sppf_full_attention256_w8s4_seed42,w8s4,9,17,0.566667,4.0,64,58,lunge;hold;tussle,0.41456582633053224,0.43567251461988304,0.4230769230769231,"{""charge"": {""f1"": 0.0, ""fn"": 0, ""fp"": 0, ""precision"": 0.0, ""recall"": 0.0, ""tp"": 0}, ""hold"": {""f1"": 0.7692307692307692, ""fn"": 1, ""fp"": 2, ""precision"": 0.7142857142857143, ""recall"": 0.8333333333333334, ""tp"": 5}, ""lunge"": {""f1"": 0.5, ""fn"": 30, ""fp"": 24, ""precision"": 0.5294117647058824, ""recall"": 0.47368421052631576, ""tp"": 27}, ""tussle"": {""f1"": 0.0, ""fn"": 1, ""fp"": 0, ""precision"": 0.0, ""recall"": 0.0, ""tp"": 0}, ""wing_threat"": {""f1"": 0.0, ""fn"": 0, ""fp"": 0, ""precision"": 0.0, ""recall"": 0.0, ""tp"": 0}}"
fly_yolo_sppf_full_attention256_w8s4_seed42,w8s4,9,18,0.6,4.0,64,58,lunge;hold;tussle,0.4211017740429505,0.44152046783625726,0.42924976258309594,"{""charge"": {""f1"": 0.0, ""fn"": 0, ""fp"": 0, ""precision"": 0.0, ""recall"": 0.0, ""tp"": 0}, ""hold"": {""f1"": 0.7692307692307692, ""fn"": 1, ""fp"": 2, ""precision"": 0.7142857142857143, ""recall"": 0.8333333333333334, ""tp"": 5}, ""lunge"": {""f1"": 0.5185185185185185, ""fn"": 29, ""fp"": 23, ""precision"": 0.5490196078431373, ""recall"": 0.49122807017543857, ""tp"": 28}, ""tussle"": {""f1"": 0.0, ""fn"": 1, ""fp"": 0, ""precision"": 0.0, ""recall"": 0.0, ""tp"": 0}, ""wing_threat"": {""f1"": 0.0, ""fn"": 0, ""fp"": 0, ""precision"": 0.0, ""recall"": 0.0, ""tp"": 0}}"
fly_yolo_sppf_full_attention256_w8s4_seed42,w8s4,9,19,0.633333,4.0,64,58,lunge;hold;tussle,0.4211017740429505,0.44152046783625726,0.42924976258309594,"{""charge"": {""f1"": 0.0, ""fn"": 0, ""fp"": 0, ""precision"": 0.0, ""recall"": 0.0, ""tp"": 0}, ""hold"": {""f1"": 0.7692307692307692, ""fn"": 1, ""fp"": 2, ""precision"": 0.7142857142857143, ""recall"": 0.8333333333333334, ""tp"": 5}, ""lunge"": {""f1"": 0.5185185185185185, ""fn"": 29, ""fp"": 23, ""precision"": 0.5490196078431373, ""recall"": 0.49122807017543857, ""tp"": 28}, ""tussle"": {""f1"": 0.0, ""fn"": 1, ""fp"": 0, ""precision"": 0.0, ""recall"": 0.0, ""tp"": 0}, ""wing_threat"": {""f1"": 0.0, ""fn"": 0, ""fp"": 0, ""precision"": 0.0, ""recall"": 0.0, ""tp"": 0}}"
fly_yolo_sppf_full_attention256_w8s4_seed42,w8s4,9,20,0.666667,4.0,64,58,lunge;hold;tussle,0.44724556489262374,0.46491228070175444,0.45394112060778724,"{""charge"": {""f1"": 0.0, ""fn"": 0, ""fp"": 0, ""precision"": 0.0, ""recall"": 0.0, ""tp"": 0}, ""hold"": {""f1"": 0.7692307692307692, ""fn"": 1, ""fp"": 2, ""precision"": 0.7142857142857143, ""recall"": 0.8333333333333334, ""tp"": 5}, ""lunge"": {""f1"": 0.5925925925925926, ""fn"": 25, ""fp"": 19, ""precision"": 0.6274509803921569, ""recall"": 0.5614035087719298, ""tp"": 32}, ""tussle"": {""f1"": 0.0, ""fn"": 1, ""fp"": 0, ""precision"": 0.0, ""recall"": 0.0, ""tp"": 0}, ""wing_threat"": {""f1"": 0.0, ""fn"": 0, ""fp"": 0, ""precision"": 0.0, ""recall"": 0.0, ""tp"": 0}}"
fly_yolo_sppf_full_attention256_w8s4_seed42,w8s4,9,21,0.7,4.0,64,58,lunge;hold;tussle,0.44724556489262374,0.46491228070175444,0.45394112060778724,"{""charge"": {""f1"": 0.0, ""fn"": 0, ""fp"": 0, ""precision"": 0.0, ""recall"": 0.0, ""tp"": 0}, ""hold"": {""f1"": 0.7692307692307692, ""fn"": 1, ""fp"": 2, ""precision"": 0.7142857142857143, ""recall"": 0.8333333333333334, ""tp"": 5}, ""lunge"": {""f1"": 0.5925925925925926, ""fn"": 25, ""fp"": 19, ""precision"": 0.6274509803921569, ""recall"": 0.5614035087719298, ""tp"": 32}, ""tussle"": {""f1"": 0.0, ""fn"": 1, ""fp"": 0, ""precision"": 0.0, ""recall"": 0.0, ""tp"": 0}, ""wing_threat"": {""f1"": 0.0, ""fn"": 0, ""fp"": 0, ""precision"": 0.0, ""recall"": 0.0, ""tp"": 0}}"
fly_yolo_sppf_full_attention256_w8s4_seed42,w8s4,9,22,0.733333,4.0,64,58,lunge;hold;tussle,0.44724556489262374,0.46491228070175444,0.45394112060778724,"{""charge"": {""f1"": 0.0, ""fn"": 0, ""fp"": 0, ""precision"": 0.0, ""recall"": 0.0, ""tp"": 0}, ""hold"": {""f1"": 0.7692307692307692, ""fn"": 1, ""fp"": 2, ""precision"": 0.7142857142857143, ""recall"": 0.8333333333333334, ""tp"": 5}, ""lunge"": {""f1"": 0.5925925925925926, ""fn"": 25, ""fp"": 19, ""precision"": 0.6274509803921569, ""recall"": 0.5614035087719298, ""tp"": 32}, ""tussle"": {""f1"": 0.0, ""fn"": 1, ""fp"": 0, ""precision"": 0.0, ""recall"": 0.0, ""tp"": 0}, ""wing_threat"": {""f1"": 0.0, ""fn"": 0, ""fp"": 0, ""precision"": 0.0, ""recall"": 0.0, ""tp"": 0}}"
fly_yolo_sppf_full_attention256_w8s4_seed42,w8s4,9,23,0.766667,4.0,64,58,lunge;hold;tussle,0.44724556489262374,0.46491228070175444,0.45394112060778724,"{""charge"": {""f1"": 0.0, ""fn"": 0, ""fp"": 0, ""precision"": 0.0, ""recall"": 0.0, ""tp"": 0}, ""hold"": {""f1"": 0.7692307692307692, ""fn"": 1, ""fp"": 2, ""precision"": 0.7142857142857143, ""recall"": 0.8333333333333334, ""tp"": 5}, ""lunge"": {""f1"": 0.5925925925925926, ""fn"": 25, ""fp"": 19, ""precision"": 0.6274509803921569, ""recall"": 0.5614035087719298, ""tp"": 32}, ""tussle"": {""f1"": 0.0, ""fn"": 1, ""fp"": 0, ""precision"": 0.0, ""recall"": 0.0, ""tp"": 0}, ""wing_threat"": {""f1"": 0.0, ""fn"": 0, ""fp"": 0, ""precision"": 0.0, ""recall"": 0.0, ""tp"": 0}}"
fly_yolo_sppf_full_attention256_w8s4_seed42,w8s4,9,24,0.8,4.0,64,58,lunge;hold;tussle,0.453781512605042,0.4707602339181287,0.4601139601139601,"{""charge"": {""f1"": 0.0, ""fn"": 0, ""fp"": 0, ""precision"": 0.0, ""recall"": 0.0, ""tp"": 0}, ""hold"": {""f1"": 0.7692307692307692, ""fn"": 1, ""fp"": 2, ""precision"": 0.7142857142857143, ""recall"": 0.8333333333333334, ""tp"": 5}, ""lunge"": {""f1"": 0.6111111111111113, ""fn"": 24, ""fp"": 18, ""precision"": 0.6470588235294118, ""recall"": 0.5789473684210527, ""tp"": 33}, ""tussle"": {""f1"": 0.0, ""fn"": 1, ""fp"": 0, ""precision"": 0.0, ""recall"": 0.0, ""tp"": 0}, ""wing_threat"": {""f1"": 0.0, ""fn"": 0, ""fp"": 0, ""precision"": 0.0, ""recall"": 0.0, ""tp"": 0}}"
fly_yolo_sppf_full_attention256_w8s4_seed42,w8s4,9,25,0.833333,4.0,64,58,lunge;hold;tussle,0.453781512605042,0.4707602339181287,0.4601139601139601,"{""charge"": {""f1"": 0.0, ""fn"": 0, ""fp"": 0, ""precision"": 0.0, ""recall"": 0.0, ""tp"": 0}, ""hold"": {""f1"": 0.7692307692307692, ""fn"": 1, ""fp"": 2, ""precision"": 0.7142857142857143, ""recall"": 0.8333333333333334, ""tp"": 5}, ""lunge"": {""f1"": 0.6111111111111113, ""fn"": 24, ""fp"": 18, ""precision"": 0.6470588235294118, ""recall"": 0.5789473684210527, ""tp"": 33}, ""tussle"": {""f1"": 0.0, ""fn"": 1, ""fp"": 0, ""precision"": 0.0, ""recall"": 0.0, ""tp"": 0}, ""wing_threat"": {""f1"": 0.0, ""fn"": 0, ""fp"": 0, ""precision"": 0.0, ""recall"": 0.0, ""tp"": 0}}"
fly_yolo_sppf_full_attention256_w8s4_seed42,w8s4,9,26,0.866667,4.0,64,58,lunge;hold;tussle,0.453781512605042,0.4707602339181287,0.4601139601139601,"{""charge"": {""f1"": 0.0, ""fn"": 0, ""fp"": 0, ""precision"": 0.0, ""recall"": 0.0, ""tp"": 0}, ""hold"": {""f1"": 0.7692307692307692, ""fn"": 1, ""fp"": 2, ""precision"": 0.7142857142857143, ""recall"": 0.8333333333333334, ""tp"": 5}, ""lunge"": {""f1"": 0.6111111111111113, ""fn"": 24, ""fp"": 18, ""precision"": 0.6470588235294118, ""recall"": 0.5789473684210527, ""tp"": 33}, ""tussle"": {""f1"": 0.0, ""fn"": 1, ""fp"": 0, ""precision"": 0.0, ""recall"": 0.0, ""tp"": 0}, ""wing_threat"": {""f1"": 0.0, ""fn"": 0, ""fp"": 0, ""precision"": 0.0, ""recall"": 0.0, ""tp"": 0}}"
fly_yolo_sppf_full_attention256_w8s4_seed42,w8s4,9,27,0.9,4.0,64,58,lunge;hold;tussle,0.4603174603174603,0.4766081871345029,0.466286799620133,"{""charge"": {""f1"": 0.0, ""fn"": 0, ""fp"": 0, ""precision"": 0.0, ""recall"": 0.0, ""tp"": 0}, ""hold"": {""f1"": 0.7692307692307692, ""fn"": 1, ""fp"": 2, ""precision"": 0.7142857142857143, ""recall"": 0.8333333333333334, ""tp"": 5}, ""lunge"": {""f1"": 0.6296296296296297, ""fn"": 23, ""fp"": 17, ""precision"": 0.6666666666666666, ""recall"": 0.5964912280701754, ""tp"": 34}, ""tussle"": {""f1"": 0.0, ""fn"": 1, ""fp"": 0, ""precision"": 0.0, ""recall"": 0.0, ""tp"": 0}, ""wing_threat"": {""f1"": 0.0, ""fn"": 0, ""fp"": 0, ""precision"": 0.0, ""recall"": 0.0, ""tp"": 0}}"
fly_yolo_sppf_full_attention256_w8s4_seed42,w8s4,9,28,0.933333,4.0,64,58,lunge;hold;tussle,0.4603174603174603,0.4766081871345029,0.466286799620133,"{""charge"": {""f1"": 0.0, ""fn"": 0, ""fp"": 0, ""precision"": 0.0, ""recall"": 0.0, ""tp"": 0}, ""hold"": {""f1"": 0.7692307692307692, ""fn"": 1, ""fp"": 2, ""precision"": 0.7142857142857143, ""recall"": 0.8333333333333334, ""tp"": 5}, ""lunge"": {""f1"": 0.6296296296296297, ""fn"": 23, ""fp"": 17, ""precision"": 0.6666666666666666, ""recall"": 0.5964912280701754, ""tp"": 34}, ""tussle"": {""f1"": 0.0, ""fn"": 1, ""fp"": 0, ""precision"": 0.0, ""recall"": 0.0, ""tp"": 0}, ""wing_threat"": {""f1"": 0.0, ""fn"": 0, ""fp"": 0, ""precision"": 0.0, ""recall"": 0.0, ""tp"": 0}}"
fly_yolo_sppf_full_attention256_w8s4_seed42,w8s4,9,29,0.966667,4.0,64,58,lunge;hold;tussle,0.4603174603174603,0.4766081871345029,0.466286799620133,"{""charge"": {""f1"": 0.0, ""fn"": 0, ""fp"": 0, ""precision"": 0.0, ""recall"": 0.0, ""tp"": 0}, ""hold"": {""f1"": 0.7692307692307692, ""fn"": 1, ""fp"": 2, ""precision"": 0.7142857142857143, ""recall"": 0.8333333333333334, ""tp"": 5}, ""lunge"": {""f1"": 0.6296296296296297, ""fn"": 23, ""fp"": 17, ""precision"": 0.6666666666666666, ""recall"": 0.5964912280701754, ""tp"": 34}, ""tussle"": {""f1"": 0.0, ""fn"": 1, ""fp"": 0, ""precision"": 0.0, ""recall"": 0.0, ""tp"": 0}, ""wing_threat"": {""f1"": 0.0, ""fn"": 0, ""fp"": 0, ""precision"": 0.0, ""recall"": 0.0, ""tp"": 0}}"
fly_yolo_sppf_full_attention256_w8s4_seed42,w8s4,9,30,1.0,4.0,64,58,lunge;hold;tussle,0.4603174603174603,0.4766081871345029,0.466286799620133,"{""charge"": {""f1"": 0.0, ""fn"": 0, ""fp"": 0, ""precision"": 0.0, ""recall"": 0.0, ""tp"": 0}, ""hold"": {""f1"": 0.7692307692307692, ""fn"": 1, ""fp"": 2, ""precision"": 0.7142857142857143, ""recall"": 0.8333333333333334, ""tp"": 5}, ""lunge"": {""f1"": 0.6296296296296297, ""fn"": 23, ""fp"": 17, ""precision"": 0.6666666666666666, ""recall"": 0.5964912280701754, ""tp"": 34}, ""tussle"": {""f1"": 0.0, ""fn"": 1, ""fp"": 0, ""precision"": 0.0, ""recall"": 0.0, ""tp"": 0}, ""wing_threat"": {""f1"": 0.0, ""fn"": 0, ""fp"": 0, ""precision"": 0.0, ""recall"": 0.0, ""tp"": 0}}"
fly_yolo_sppf_full_attention256_w8s4_seed42,w8s4,10,0,0.0,4.0,193,240,lunge;wing_threat;charge;hold;tussle,0.0,0.0,0.0,"{""charge"": {""f1"": 0.0, ""fn"": 7, ""fp"": 27, ""precision"": 0.0, ""recall"": 0.0, ""tp"": 0}, ""hold"": {""f1"": 0.0, ""fn"": 5, ""fp"": 21, ""precision"": 0.0, ""recall"": 0.0, ""tp"": 0}, ""lunge"": {""f1"": 0.0, ""fn"": 140, ""fp"": 142, ""precision"": 0.0, ""recall"": 0.0, ""tp"": 0}, ""tussle"": {""f1"": 0.0, ""fn"": 19, ""fp"": 15, ""precision"": 0.0, ""recall"": 0.0, ""tp"": 0}, ""wing_threat"": {""f1"": 0.0, ""fn"": 22, ""fp"": 35, ""precision"": 0.0, ""recall"": 0.0, ""tp"": 0}}"
fly_yolo_sppf_full_attention256_w8s4_seed42,w8s4,10,1,0.033333,4.0,193,240,lunge;wing_threat;charge;hold;tussle,0.007122736418511066,0.01051948051948052,0.008435983575961179,"{""charge"": {""f1"": 0.0, ""fn"": 7, ""fp"": 27, ""precision"": 0.0, ""recall"": 0.0, ""tp"": 0}, ""hold"": {""f1"": 0.0, ""fn"": 5, ""fp"": 21, ""precision"": 0.0, ""recall"": 0.0, ""tp"": 0}, ""lunge"": {""f1"": 0.0070921985815602835, ""fn"": 139, ""fp"": 141, ""precision"": 0.007042253521126761, ""recall"": 0.007142857142857143, ""tp"": 1}, ""tussle"": {""f1"": 0.0, ""fn"": 19, ""fp"": 15, ""precision"": 0.0, ""recall"": 0.0, ""tp"": 0}, ""wing_threat"": {""f1"": 0.03508771929824561, ""fn"": 21, ""fp"": 34, ""precision"": 0.02857142857142857, ""recall"": 0.045454545454545456, ""tp"": 1}}"
fly_yolo_sppf_full_attention256_w8s4_seed42,w8s4,10,2,0.066667,4.0,193,240,lunge;wing_threat;charge;hold;tussle,0.04479469409046873,0.11818865345181133,0.059114716607635384,"{""charge"": {""f1"": 0.11764705882352941, ""fn"": 5, ""fp"": 25, ""precision"": 0.07407407407407407, ""recall"": 0.2857142857142857, ""tp"": 2}, ""hold"": {""f1"": 0.07692307692307693, ""fn"": 4, ""fp"": 20, ""precision"": 0.047619047619047616, ""recall"": 0.2, ""tp"": 1}, ""lunge"": {""f1"": 0.0070921985815602835, ""fn"": 139, ""fp"": 141, ""precision"": 0.007042253521126761, ""recall"": 0.007142857142857143, ""tp"": 1}, ""tussle"": {""f1"": 0.058823529411764705, ""fn"": 18, ""fp"": 14, ""precision"": 0.06666666666666667, ""recall"": 0.05263157894736842, ""tp"": 1}, ""wing_threat"": {""f1"": 0.03508771929824561, ""fn"": 21, ""fp"": 34, ""precision"": 0.02857142857142857, ""recall"": 0.045454545454545456, ""tp"": 1}}"
fly_yolo_sppf_full_attention256_w8s4_seed42,w8s4,10,3,0.1,4.0,193,240,lunge;wing_threat;charge;hold;tussle,0.0490200462031448,0.1224743677375256,0.06337003575657156,"{""charge"": {""f1"": 0.11764705882352941, ""fn"": 5, ""fp"": 25, ""precision"": 0.07407407407407407, ""recall"": 0.2857142857142857, ""tp"": 2}, ""hold"": {""f1"": 0.07692307692307693, ""fn"": 4, ""fp"": 20, ""precision"": 0.047619047619047616, ""recall"": 0.2, ""tp"": 1}, ""lunge"": {""f1"": 0.028368794326241134, ""fn"": 136, ""fp"": 138, ""precision"": 0.028169014084507043, ""recall"": 0.02857142857142857, ""tp"": 4}, ""tussle"": {""f1"": 0.058823529411764705, ""fn"": 18, ""fp"": 14, ""precision"": 0.06666666666666667, ""recall"": 0.05263157894736842, ""tp"": 1}, ""wing_threat"": {""f1"": 0.03508771929824561, ""fn"": 21, ""fp"": 34, ""precision"": 0.02857142857142857, ""recall"": 0.045454545454545456, ""tp"": 1}}"
fly_yolo_sppf_full_attention256_w8s4_seed42,w8s4,10,4,0.133333,4.0,193,240,lunge;wing_threat;charge;hold;tussle,0.06939563305760488,0.14014354066985646,0.08222694022048478,"{""charge"": {""f1"": 0.11764705882352941, ""fn"": 5, ""fp"": 25, ""precision"": 0.07407407407407407, ""recall"": 0.2857142857142857, ""tp"": 2}, ""hold"": {""f1"": 0.07692307692307693, ""fn"": 4, ""fp"": 20, ""precision"": 0.047619047619047616, ""recall"": 0.2, ""tp"": 1}, ""lunge"": {""f1"": 0.06382978723404255, ""fn"": 131, ""fp"": 133, ""precision"": 0.06338028169014084, ""recall"": 0.06428571428571428, ""tp"": 9}, ""tussle"": {""f1"": 0.11764705882352941, ""fn"": 17, ""fp"": 13, ""precision"": 0.13333333333333333, ""recall"": 0.10526315789473684, ""tp"": 2}, ""wing_threat"": {""f1"": 0.03508771929824561, ""fn"": 21, ""fp"": 34, ""precision"": 0.02857142857142857, ""recall"": 0.045454545454545456, ""tp"": 1}}"
fly_yolo_sppf_full_attention256_w8s4_seed42,w8s4,10,5,0.166667,4.0,193,240,lunge;wing_threat;charge;hold;tussle,0.095565988523735,0.17028024606971975,0.10944517353844803,"{""charge"": {""f1"": 0.11764705882352941, ""fn"": 5, ""fp"": 25, ""precision"": 0.07407407407407407, ""recall"": 0.2857142857142857, ""tp"": 2}, ""hold"": {""f1"": 0.07692307692307693, ""fn"": 4, ""fp"": 20, ""precision"": 0.047619047619047616, ""recall"": 0.2, ""tp"": 1}, ""lunge"": {""f1"": 0.07092198581560284, ""fn"": 130, ""fp"": 132, ""precision"": 0.07042253521126761, ""recall"": 0.07142857142857142, ""tp"": 10}, ""tussle"": {""f1"": 0.17647058823529413, ""fn"": 16, ""fp"": 12, ""precision"": 0.2, ""recall"": 0.15789473684210525, ""tp"": 3}, ""wing_threat"": {""f1"": 0.10526315789473684, ""fn"": 19, ""fp"": 32, ""precision"": 0.08571428571428572, ""recall"": 0.13636363636363635, ""tp"": 3}}"
fly_yolo_sppf_full_attention256_w8s4_seed42,w8s4,10,6,0.2,4.0,193,240,lunge;wing_threat;charge;hold;tussle,0.15544526417765855,0.22861244019138754,0.16728501720267744,"{""charge"": {""f1"": 0.11764705882352941, ""fn"": 5, ""fp"": 25, ""precision"": 0.07407407407407407, ""recall"": 0.2857142857142857, ""tp"": 2}, ""hold"": {""f1"": 0.07692307692307693, ""fn"": 4, ""fp"": 20, ""precision"": 0.047619047619047616, ""recall"": 0.2, ""tp"": 1}, ""lunge"": {""f1"": 0.11347517730496454, ""fn"": 124, ""fp"": 126, ""precision"": 0.11267605633802817, ""recall"": 0.11428571428571428, ""tp"": 16}, ""tussle"": {""f1"": 0.35294117647058826, ""fn"": 13, ""fp"": 9, ""precision"": 0.4, ""recall"": 0.3157894736842105, ""tp"": 6}, ""wing_threat"": {""f1"": 0.17543859649122806, ""fn"": 17, ""fp"": 30, ""precision"": 0.14285714285714285, ""recall"": 0.22727272727272727, ""tp"": 5}}"
fly_yolo_sppf_full_attention256_w8s4_seed42,w8s4,10,7,0.233333,4.0,193,240,lunge;wing_threat;charge;hold;tussle,0.18062299724271555,0.29107997265892005,0.20096003945552723,"{""charge"": {""f1"": 0.11764705882352941, ""fn"": 5, ""fp"": 25, ""precision"": 0.07407407407407407, ""recall"": 0.2857142857142857, ""tp"": 2}, ""hold"": {""f1"": 0.15384615384615385, ""fn"": 3, ""fp"": 19, ""precision"": 0.09523809523809523, ""recall"": 0.4, ""tp"": 2}, ""lunge"": {""f1"": 0.13475177304964536, ""fn"": 121, ""fp"": 123, ""precision"": 0.13380281690140844, ""recall"": 0.1357142857142857, ""tp"": 19}, ""tussle"": {""f1"": 0.35294117647058826, ""fn"": 13, ""fp"": 9, ""precision"": 0.4, ""recall"": 0.3157894736842105, ""tp"": 6}, ""wing_threat"": {""f1"": 0.2456140350877193, ""fn"": 15, ""fp"": 28, ""precision"": 0.2, ""recall"": 0.3181818181818182, ""tp"": 7}}"
fly_yolo_sppf_full_attention256_w8s4_seed42,w8s4,10,8,0.266667,4.0,193,240,lunge;wing_threat;charge;hold;tussle,0.18915418436545198,0.303028024606972,0.2108144627478005,"{""charge"": {""f1"": 0.11764705882352941, ""fn"": 5, ""fp"": 25, ""precision"": 0.07407407407407407, ""recall"": 0.2857142857142857, ""tp"": 2}, ""hold"": {""f1"": 0.15384615384615385, ""fn"": 3, ""fp"": 19, ""precision"": 0.09523809523809523, ""recall"": 0.4, ""tp"": 2}, ""lunge"": {""f1"": 0.14893617021276595, ""fn"": 119, ""fp"": 121, ""precision"": 0.14788732394366197, ""recall"": 0.15, ""tp"": 21}, ""tussle"": {""f1"": 0.35294117647058826, ""fn"": 13, ""fp"": 9, ""precision"": 0.4, ""recall"": 0.3157894736842105, ""tp"": 6}, ""wing_threat"": {""f1"": 0.2807017543859649, ""fn"": 14, ""fp"": 27, ""precision"": 0.22857142857142856, ""recall"": 0.36363636363636365, ""tp"": 8}}"
fly_yolo_sppf_full_attention256_w8s4_seed42,w8s4,10,9,0.3,4.0,193,240,lunge;wing_threat;charge;hold;tussle,0.236276920783963,0.3451264524948735,0.2545445639708205,"{""charge"": {""f1"": 0.11764705882352941, ""fn"": 5, ""fp"": 25, ""precision"": 0.07407407407407407, ""recall"": 0.2857142857142857, ""tp"": 2}, ""hold"": {""f1"": 0.15384615384615385, ""fn"": 3, ""fp"": 19, ""precision"": 0.09523809523809523, ""recall"": 0.4, ""tp"": 2}, ""lunge"": {""f1"": 0.15602836879432622, ""fn"": 118, ""fp"": 120, ""precision"": 0.15492957746478872, ""recall"": 0.15714285714285714, ""tp"": 22}, ""tussle"": {""f1"": 0.5294117647058824, ""fn"": 10, ""fp"": 6, ""precision"": 0.6, ""recall"": 0.47368421052631576, ""tp"": 9}, ""wing_threat"": {""f1"": 0.31578947368421045, ""fn"": 13, ""fp"": 26, ""precision"": 0.2571428571428571, ""recall"": 0.4090909090909091, ""tp"": 9}}"
fly_yolo_sppf_full_attention256_w8s4_seed42,w8s4,10,10,0.333333,4.0,193,240,lunge;wing_threat;charge;hold;tussle,0.24613607571354051,0.3551264524948735,0.2644736419850049,"{""charge"": {""f1"": 0.11764705882352941, ""fn"": 5, ""fp"": 25, ""precision"": 0.07407407407407407, ""recall"": 0.2857142857142857, ""tp"": 2}, ""hold"": {""f1"": 0.15384615384615385, ""fn"": 3, ""fp"": 19, ""precision"": 0.09523809523809523, ""recall"": 0.4, ""tp"": 2}, ""lunge"": {""f1"": 0.20567375886524825, ""fn"": 111, ""fp"": 113, ""precision"": 0.20422535211267606, ""recall"": 0.20714285714285716, ""tp"": 29}, ""tussle"": {""f1"": 0.5294117647058824, ""fn"": 10, ""fp"": 6, ""precision"": 0.6, ""recall"": 0.47368421052631576, ""tp"": 9}, ""wing_threat"": {""f1"": 0.31578947368421045, ""fn"": 13, ""fp"": 26, ""precision"": 0.2571428571428571, ""recall"": 0.4090909090909091, ""tp"": 9}}"
fly_yolo_sppf_full_attention256_w8s4_seed42,w8s4,10,11,0.366667,4.0,193,240,lunge;wing_threat;charge;hold;tussle,0.24895297712199121,0.3579835953520164,0.26731052141762895,"{""charge"": {""f1"": 0.11764705882352941, ""fn"": 5, ""fp"": 25, ""precision"": 0.07407407407407407, ""recall"": 0.2857142857142857, ""tp"": 2}, ""hold"": {""f1"": 0.15384615384615385, ""fn"": 3, ""fp"": 19, ""precision"": 0.09523809523809523, ""recall"": 0.4, ""tp"": 2}, ""lunge"": {""f1"": 0.21985815602836878, ""fn"": 109, ""fp"": 111, ""precision"": 0.21830985915492956, ""recall"": 0.22142857142857142, ""tp"": 31}, ""tussle"": {""f1"": 0.5294117647058824, ""fn"": 10, ""fp"": 6, ""precision"": 0.6, ""recall"": 0.47368421052631576, ""tp"": 9}, ""wing_threat"": {""f1"": 0.31578947368421045, ""fn"": 13, ""fp"": 26, ""precision"": 0.2571428571428571, ""recall"": 0.4090909090909091, ""tp"": 9}}"
fly_yolo_sppf_full_attention256_w8s4_seed42,w8s4,10,12,0.4,4.0,193,240,lunge;wing_threat;charge;hold;tussle,0.2517698785304419,0.36084073820915924,0.27014740085025307,"{""charge"": {""f1"": 0.11764705882352941, ""fn"": 5, ""fp"": 25, ""precision"": 0.07407407407407407, ""recall"": 0.2857142857142857, ""tp"": 2}, ""hold"": {""f1"": 0.15384615384615385, ""fn"": 3, ""fp"": 19, ""precision"": 0.09523809523809523, ""recall"": 0.4, ""tp"": 2}, ""lunge"": {""f1"": 0.23404255319148937, ""fn"": 107, ""fp"": 109, ""precision"": 0.2323943661971831, ""recall"": 0.2357142857142857, ""tp"": 33}, ""tussle"": {""f1"": 0.5294117647058824, ""fn"": 10, ""fp"": 6, ""precision"": 0.6, ""recall"": 0.47368421052631576, ""tp"": 9}, ""wing_threat"": {""f1"": 0.31578947368421045, ""fn"": 13, ""fp"": 26, ""precision"": 0.2571428571428571, ""recall"": 0.4090909090909091, ""tp"": 9}}"
fly_yolo_sppf_full_attention256_w8s4_seed42,w8s4,10,13,0.433333,4.0,193,240,lunge;wing_threat;charge;hold;tussle,0.26058573664207463,0.3908407382091592,0.2833305464489181,"{""charge"": {""f1"": 0.17647058823529413, ""fn"": 4, ""fp"": 24, ""precision"": 0.1111111111111111, ""recall"": 0.42857142857142855, ""tp"": 3}, ""hold"": {""f1"": 0.15384615384615385, ""fn"": 3, ""fp"": 19, ""precision"": 0.09523809523809523, ""recall"": 0.4, ""tp"": 2}, ""lunge"": {""f1"": 0.24113475177304963, ""fn"": 106, ""fp"": 108, ""precision"": 0.23943661971830985, ""recall"": 0.24285714285714285, ""tp"": 34}, ""tussle"": {""f1"": 0.5294117647058824, ""fn"": 10, ""fp"": 6, ""precision"": 0.6, ""recall"": 0.47368421052631576, ""tp"": 9}, ""wing_threat"": {""f1"": 0.31578947368421045, ""fn"": 13, ""fp"": 26, ""precision"": 0.2571428571428571, ""recall"": 0.4090909090909091, ""tp"": 9}}"
fly_yolo_sppf_full_attention256_w8s4_seed42,w8s4,10,14,0.466667,4.0,193,240,lunge;wing_threat;charge;hold;tussle,0.26762799016320143,0.39798359535201644,0.2904227450304784,"{""charge"": {""f1"": 0.17647058823529413, ""fn"": 4, ""fp"": 24, ""precision"": 0.1111111111111111, ""recall"": 0.42857142857142855, ""tp"": 3}, ""hold"": {""f1"": 0.15384615384615385, ""fn"": 3, ""fp"": 19, ""precision"": 0.09523809523809523, ""recall"": 0.4, ""tp"": 2}, ""lunge"": {""f1"": 0.2765957446808511, ""fn"": 101, ""fp"": 103, ""precision"": 0.2746478873239437, ""recall"": 0.2785714285714286, ""tp"": 39}, ""tussle"": {""f1"": 0.5294117647058824, ""fn"": 10, ""fp"": 6, ""precision"": 0.6, ""recall"": 0.47368421052631576, ""tp"": 9}, ""wing_threat"": {""f1"": 0.31578947368421045, ""fn"": 13, ""fp"": 26, ""precision"": 0.2571428571428571, ""recall"": 0.4090909090909091, ""tp"": 9}}"
fly_yolo_sppf_full_attention256_w8s4_seed42,w8s4,10,15,0.5,4.0,193,240,lunge;wing_threat;charge;hold;tussle,0.2837782249049855,0.41136705399863294,0.30502433034545545,"{""charge"": {""f1"": 0.17647058823529413, ""fn"": 4, ""fp"": 24, ""precision"": 0.1111111111111111, ""recall"": 0.42857142857142855, ""tp"": 3}, ""hold"": {""f1"": 0.15384615384615385, ""fn"": 3, ""fp"": 19, ""precision"": 0.09523809523809523, ""recall"": 0.4, ""tp"": 2}, ""lunge"": {""f1"": 0.29078014184397166, ""fn"": 99, ""fp"": 101, ""precision"": 0.2887323943661972, ""recall"": 0.29285714285714287, ""tp"": 41}, ""tussle"": {""f1"": 0.5882352941176471, ""fn"": 9, ""fp"": 5, ""precision"": 0.6666666666666666, ""recall"": 0.5263157894736842, ""tp"": 10}, ""wing_threat"": {""f1"": 0.31578947368421045, ""fn"": 13, ""fp"": 26, ""precision"": 0.2571428571428571, ""recall"": 0.4090909090909091, ""tp"": 9}}"
fly_yolo_sppf_full_attention256_w8s4_seed42,w8s4,10,16,0.533333,4.0,193,240,lunge;wing_threat;charge;hold;tussle,0.28518667560921085,0.4127956254272044,0.30644277006176746,"{""charge"": {""f1"": 0.17647058823529413, ""fn"": 4, ""fp"": 24, ""precision"": 0.1111111111111111, ""recall"": 0.42857142857142855, ""tp"": 3}, ""hold"": {""f1"": 0.15384615384615385, ""fn"": 3, ""fp"": 19, ""precision"": 0.09523809523809523, ""recall"": 0.4, ""tp"": 2}, ""lunge"": {""f1"": 0.2978723404255319, ""fn"": 98, ""fp"": 100, ""precision"": 0.29577464788732394, ""recall"": 0.3, ""tp"": 42}, ""tussle"": {""f1"": 0.5882352941176471, ""fn"": 9, ""fp"": 5, ""precision"": 0.6666666666666666, ""recall"": 0.5263157894736842, ""tp"": 10}, ""wing_threat"": {""f1"": 0.31578947368421045, ""fn"": 13, ""fp"": 26, ""precision"": 0.2571428571428571, ""recall"": 0.4090909090909091, ""tp"": 9}}"
fly_yolo_sppf_full_attention256_w8s4_seed42,w8s4,10,17,0.566667,4.0,193,240,lunge;wing_threat;charge;hold;tussle,0.28800357701766155,0.4156527682843472,0.3092796494943916,"{""charge"": {""f1"": 0.17647058823529413, ""fn"": 4, ""fp"": 24, ""precision"": 0.1111111111111111, ""recall"": 0.42857142857142855, ""tp"": 3}, ""hold"": {""f1"": 0.15384615384615385, ""fn"": 3, ""fp"": 19, ""precision"": 0.09523809523809523, ""recall"": 0.4, ""tp"": 2}, ""lunge"": {""f1"": 0.31205673758865243, ""fn"": 96, ""fp"": 98, ""precision"": 0.30985915492957744, ""recall"": 0.3142857142857143, ""tp"": 44}, ""tussle"": {""f1"": 0.5882352941176471, ""fn"": 9, ""fp"": 5, ""precision"": 0.6666666666666666, ""recall"": 0.5263157894736842, ""tp"": 10}, ""wing_threat"": {""f1"": 0.31578947368421045, ""fn"": 13, ""fp"": 26, ""precision"": 0.2571428571428571, ""recall"": 0.4090909090909091, ""tp"": 9}}"
fly_yolo_sppf_full_attention256_w8s4_seed42,w8s4,10,18,0.6,4.0,193,240,lunge;wing_threat;charge;hold;tussle,0.2894120277218869,0.4170813397129186,0.3106980892107037,"{""charge"": {""f1"": 0.17647058823529413, ""fn"": 4, ""fp"": 24, ""precision"": 0.1111111111111111, ""recall"": 0.42857142857142855, ""tp"": 3}, ""hold"": {""f1"": 0.15384615384615385, ""fn"": 3, ""fp"": 19, ""precision"": 0.09523809523809523, ""recall"": 0.4, ""tp"": 2}, ""lunge"": {""f1"": 0.31914893617021284, ""fn"": 95, ""fp"": 97, ""precision"": 0.31690140845070425, ""recall"": 0.32142857142857145, ""tp"": 45}, ""tussle"": {""f1"": 0.5882352941176471, ""fn"": 9, ""fp"": 5, ""precision"": 0.6666666666666666, ""recall"": 0.5263157894736842, ""tp"": 10}, ""wing_threat"": {""f1"": 0.31578947368421045, ""fn"": 13, ""fp"": 26, ""precision"": 0.2571428571428571, ""recall"": 0.4090909090909091, ""tp"": 9}}"
fly_yolo_sppf_full_attention256_w8s4_seed42,w8s4,10,19,0.633333,4.0,193,240,lunge;wing_threat;charge;hold;tussle,0.2922289291303376,0.4199384825700615,0.3135349686433278,"{""charge"": {""f1"": 0.17647058823529413, ""fn"": 4, ""fp"": 24, ""precision"": 0.1111111111111111, ""recall"": 0.42857142857142855, ""tp"": 3}, ""hold"": {""f1"": 0.15384615384615385, ""fn"": 3, ""fp"": 19, ""precision"": 0.09523809523809523, ""recall"": 0.4, ""tp"": 2}, ""lunge"": {""f1"": 0.3333333333333333, ""fn"": 93, ""fp"": 95, ""precision"": 0.33098591549295775, ""recall"": 0.3357142857142857, ""tp"": 47}, ""tussle"": {""f1"": 0.5882352941176471, ""fn"": 9, ""fp"": 5, ""precision"": 0.6666666666666666, ""recall"": 0.5263157894736842, ""tp"": 10}, ""wing_threat"": {""f1"": 0.31578947368421045, ""fn"": 13, ""fp"": 26, ""precision"": 0.2571428571428571, ""recall"": 0.4090909090909091, ""tp"": 9}}"
fly_yolo_sppf_full_attention256_w8s4_seed42,w8s4,10,20,0.666667,4.0,193,240,lunge;wing_threat;charge;hold;tussle,0.2950458305387883,0.42279562542720434,0.31637184807595187,"{""charge"": {""f1"": 0.17647058823529413, ""fn"": 4, ""fp"": 24, ""precision"": 0.1111111111111111, ""recall"": 0.42857142857142855, ""tp"": 3}, ""hold"": {""f1"": 0.15384615384615385, ""fn"": 3, ""fp"": 19, ""precision"": 0.09523809523809523, ""recall"": 0.4, ""tp"": 2}, ""lunge"": {""f1"": 0.3475177304964539, ""fn"": 91, ""fp"": 93, ""precision"": 0.34507042253521125, ""recall"": 0.35, ""tp"": 49}, ""tussle"": {""f1"": 0.5882352941176471, ""fn"": 9, ""fp"": 5, ""precision"": 0.6666666666666666, ""recall"": 0.5263157894736842, ""tp"": 10}, ""wing_threat"": {""f1"": 0.31578947368421045, ""fn"": 13, ""fp"": 26, ""precision"": 0.2571428571428571, ""recall"": 0.4090909090909091, ""tp"": 9}}"
fly_yolo_sppf_full_attention256_w8s4_seed42,w8s4,10,21,0.7,4.0,193,240,lunge;wing_threat;charge;hold;tussle,0.2950458305387883,0.42279562542720434,0.31637184807595187,"{""charge"": {""f1"": 0.17647058823529413, ""fn"": 4, ""fp"": 24, ""precision"": 0.1111111111111111, ""recall"": 0.42857142857142855, ""tp"": 3}, ""hold"": {""f1"": 0.15384615384615385, ""fn"": 3, ""fp"": 19, ""precision"": 0.09523809523809523, ""recall"": 0.4, ""tp"": 2}, ""lunge"": {""f1"": 0.3475177304964539, ""fn"": 91, ""fp"": 93, ""precision"": 0.34507042253521125, ""recall"": 0.35, ""tp"": 49}, ""tussle"": {""f1"": 0.5882352941176471, ""fn"": 9, ""fp"": 5, ""precision"": 0.6666666666666666, ""recall"": 0.5263157894736842, ""tp"": 10}, ""wing_threat"": {""f1"": 0.31578947368421045, ""fn"": 13, ""fp"": 26, ""precision"": 0.2571428571428571, ""recall"": 0.4090909090909091, ""tp"": 9}}"
fly_yolo_sppf_full_attention256_w8s4_seed42,w8s4,10,22,0.733333,4.0,193,240,lunge;wing_threat;charge;hold;tussle,0.297862731947239,0.42565276828434717,0.31920872750857604,"{""charge"": {""f1"": 0.17647058823529413, ""fn"": 4, ""fp"": 24, ""precision"": 0.1111111111111111, ""recall"": 0.42857142857142855, ""tp"": 3}, ""hold"": {""f1"": 0.15384615384615385, ""fn"": 3, ""fp"": 19, ""precision"": 0.09523809523809523, ""recall"": 0.4, ""tp"": 2}, ""lunge"": {""f1"": 0.36170212765957444, ""fn"": 89, ""fp"": 91, ""precision"": 0.3591549295774648, ""recall"": 0.36428571428571427, ""tp"": 51}, ""tussle"": {""f1"": 0.5882352941176471, ""fn"": 9, ""fp"": 5, ""precision"": 0.6666666666666666, ""recall"": 0.5263157894736842, ""tp"": 10}, ""wing_threat"": {""f1"": 0.31578947368421045, ""fn"": 13, ""fp"": 26, ""precision"": 0.2571428571428571, ""recall"": 0.4090909090909091, ""tp"": 9}}"
fly_yolo_sppf_full_attention256_w8s4_seed42,w8s4,10,23,0.766667,4.0,193,240,lunge;wing_threat;charge;hold;tussle,0.3006796333556897,0.4285099111414901,0.3220456069412001,"{""charge"": {""f1"": 0.17647058823529413, ""fn"": 4, ""fp"": 24, ""precision"": 0.1111111111111111, ""recall"": 0.42857142857142855, ""tp"": 3}, ""hold"": {""f1"": 0.15384615384615385, ""fn"": 3, ""fp"": 19, ""precision"": 0.09523809523809523, ""recall"": 0.4, ""tp"": 2}, ""lunge"": {""f1"": 0.375886524822695, ""fn"": 87, ""fp"": 89, ""precision"": 0.3732394366197183, ""recall"": 0.37857142857142856, ""tp"": 53}, ""tussle"": {""f1"": 0.5882352941176471, ""fn"": 9, ""fp"": 5, ""precision"": 0.6666666666666666, ""recall"": 0.5263157894736842, ""tp"": 10}, ""wing_threat"": {""f1"": 0.31578947368421045, ""fn"": 13, ""fp"": 26, ""precision"": 0.2571428571428571, ""recall"": 0.4090909090909091, ""tp"": 9}}"
fly_yolo_sppf_full_attention256_w8s4_seed42,w8s4,10,24,0.8,4.0,193,240,lunge;wing_threat;charge;hold;tussle,0.30490498546836575,0.4327956254272044,0.3263009260901363,"{""charge"": {""f1"": 0.17647058823529413, ""fn"": 4, ""fp"": 24, ""precision"": 0.1111111111111111, ""recall"": 0.42857142857142855, ""tp"": 3}, ""hold"": {""f1"": 0.15384615384615385, ""fn"": 3, ""fp"": 19, ""precision"": 0.09523809523809523, ""recall"": 0.4, ""tp"": 2}, ""lunge"": {""f1"": 0.3971631205673759, ""fn"": 84, ""fp"": 86, ""precision"": 0.39436619718309857, ""recall"": 0.4, ""tp"": 56}, ""tussle"": {""f1"": 0.5882352941176471, ""fn"": 9, ""fp"": 5, ""precision"": 0.6666666666666666, ""recall"": 0.5263157894736842, ""tp"": 10}, ""wing_threat"": {""f1"": 0.31578947368421045, ""fn"": 13, ""fp"": 26, ""precision"": 0.2571428571428571, ""recall"": 0.4090909090909091, ""tp"": 9}}"
fly_yolo_sppf_full_attention256_w8s4_seed42,w8s4,10,25,0.833333,4.0,193,240,lunge;wing_threat;charge;hold;tussle,0.30772188687681645,0.43565276828434724,0.32913780552276045,"{""charge"": {""f1"": 0.17647058823529413, ""fn"": 4, ""fp"": 24, ""precision"": 0.1111111111111111, ""recall"": 0.42857142857142855, ""tp"": 3}, ""hold"": {""f1"": 0.15384615384615385, ""fn"": 3, ""fp"": 19, ""precision"": 0.09523809523809523, ""recall"": 0.4, ""tp"": 2}, ""lunge"": {""f1"": 0.4113475177304965, ""fn"": 82, ""fp"": 84, ""precision"": 0.4084507042253521, ""recall"": 0.4142857142857143, ""tp"": 58}, ""tussle"": {""f1"": 0.5882352941176471, ""fn"": 9, ""fp"": 5, ""precision"": 0.6666666666666666, ""recall"": 0.5263157894736842, ""tp"": 10}, ""wing_threat"": {""f1"": 0.31578947368421045, ""fn"": 13, ""fp"": 26, ""precision"": 0.2571428571428571, ""recall"": 0.4090909090909091, ""tp"": 9}}"
fly_yolo_sppf_full_attention256_w8s4_seed42,w8s4,10,26,0.866667,4.0,193,240,lunge;wing_threat;charge;hold;tussle,0.3091303375810418,0.4370813397129186,0.3305562452390725,"{""charge"": {""f1"": 0.17647058823529413, ""fn"": 4, ""fp"": 24, ""precision"": 0.1111111111111111, ""recall"": 0.42857142857142855, ""tp"": 3}, ""hold"": {""f1"": 0.15384615384615385, ""fn"": 3, ""fp"": 19, ""precision"": 0.09523809523809523, ""recall"": 0.4, ""tp"": 2}, ""lunge"": {""f1"": 0.4184397163120568, ""fn"": 81, ""fp"": 83, ""precision"": 0.4154929577464789, ""recall"": 0.42142857142857143, ""tp"": 59}, ""tussle"": {""f1"": 0.5882352941176471, ""fn"": 9, ""fp"": 5, ""precision"": 0.6666666666666666, ""recall"": 0.5263157894736842, ""tp"": 10}, ""wing_threat"": {""f1"": 0.31578947368421045, ""fn"": 13, ""fp"": 26, ""precision"": 0.2571428571428571, ""recall"": 0.4090909090909091, ""tp"": 9}}"
fly_yolo_sppf_full_attention256_w8s4_seed42,w8s4,10,27,0.9,4.0,193,240,lunge;wing_threat;charge;hold;tussle,0.324368432819137,0.4861722488038277,0.352958404483337,"{""charge"": {""f1"": 0.17647058823529413, ""fn"": 4, ""fp"": 24, ""precision"": 0.1111111111111111, ""recall"": 0.42857142857142855, ""tp"": 3}, ""hold"": {""f1"": 0.23076923076923073, ""fn"": 2, ""fp"": 18, ""precision"": 0.14285714285714285, ""recall"": 0.6, ""tp"": 3}, ""lunge"": {""f1"": 0.4184397163120568, ""fn"": 81, ""fp"": 83, ""precision"": 0.4154929577464789, ""recall"": 0.42142857142857143, ""tp"": 59}, ""tussle"": {""f1"": 0.5882352941176471, ""fn"": 9, ""fp"": 5, ""precision"": 0.6666666666666666, ""recall"": 0.5263157894736842, ""tp"": 10}, ""wing_threat"": {""f1"": 0.3508771929824561, ""fn"": 12, ""fp"": 25, ""precision"": 0.2857142857142857, ""recall"": 0.45454545454545453, ""tp"": 10}}"
fly_yolo_sppf_full_attention256_w8s4_seed42,w8s4,10,28,0.933333,4.0,193,240,lunge;wing_threat;charge;hold;tussle,0.3328996199418734,0.4981203007518797,0.3628128277756102,"{""charge"": {""f1"": 0.17647058823529413, ""fn"": 4, ""fp"": 24, ""precision"": 0.1111111111111111, ""recall"": 0.42857142857142855, ""tp"": 3}, ""hold"": {""f1"": 0.23076923076923073, ""fn"": 2, ""fp"": 18, ""precision"": 0.14285714285714285, ""recall"": 0.6, ""tp"": 3}, ""lunge"": {""f1"": 0.4326241134751773, ""fn"": 79, ""fp"": 81, ""precision"": 0.4295774647887324, ""recall"": 0.4357142857142857, ""tp"": 61}, ""tussle"": {""f1"": 0.5882352941176471, ""fn"": 9, ""fp"": 5, ""precision"": 0.6666666666666666, ""recall"": 0.5263157894736842, ""tp"": 10}, ""wing_threat"": {""f1"": 0.38596491228070173, ""fn"": 11, ""fp"": 24, ""precision"": 0.3142857142857143, ""recall"": 0.5, ""tp"": 11}}"
fly_yolo_sppf_full_attention256_w8s4_seed42,w8s4,10,29,0.966667,4.0,193,240,lunge;wing_threat;charge;hold;tussle,0.35716521350324165,0.5500751879699248,0.39138058875889054,"{""charge"": {""f1"": 0.17647058823529413, ""fn"": 4, ""fp"": 24, ""precision"": 0.1111111111111111, ""recall"": 0.42857142857142855, ""tp"": 3}, ""hold"": {""f1"": 0.3076923076923077, ""fn"": 1, ""fp"": 17, ""precision"": 0.19047619047619047, ""recall"": 0.8, ""tp"": 4}, ""lunge"": {""f1"": 0.43971631205673756, ""fn"": 78, ""fp"": 80, ""precision"": 0.43661971830985913, ""recall"": 0.44285714285714284, ""tp"": 62}, ""tussle"": {""f1"": 0.6470588235294117, ""fn"": 8, ""fp"": 4, ""precision"": 0.7333333333333333, ""recall"": 0.5789473684210527, ""tp"": 11}, ""wing_threat"": {""f1"": 0.38596491228070173, ""fn"": 11, ""fp"": 24, ""precision"": 0.3142857142857143, ""recall"": 0.5, ""tp"": 11}}"
fly_yolo_sppf_full_attention256_w8s4_seed42,w8s4,10,30,1.0,4.0,193,240,lunge;wing_threat;charge;hold;tussle,0.35716521350324165,0.5500751879699248,0.39138058875889054,"{""charge"": {""f1"": 0.17647058823529413, ""fn"": 4, ""fp"": 24, ""precision"": 0.1111111111111111, ""recall"": 0.42857142857142855, ""tp"": 3}, ""hold"": {""f1"": 0.3076923076923077, ""fn"": 1, ""fp"": 17, ""precision"": 0.19047619047619047, ""recall"": 0.8, ""tp"": 4}, ""lunge"": {""f1"": 0.43971631205673756, ""fn"": 78, ""fp"": 80, ""precision"": 0.43661971830985913, ""recall"": 0.44285714285714284, ""tp"": 62}, ""tussle"": {""f1"": 0.6470588235294117, ""fn"": 8, ""fp"": 4, ""precision"": 0.7333333333333333, ""recall"": 0.5789473684210527, ""tp"": 11}, ""wing_threat"": {""f1"": 0.38596491228070173, ""fn"": 11, ""fp"": 24, ""precision"": 0.3142857142857143, ""recall"": 0.5, ""tp"": 11}}"
